symbol,name,sector,score,signal,trend,momentum,money,value,close,lastDate,ret5,ret20,ret60,rs60,vsSma20,vsSma50,vsSma200,rsi,lockedDays20,sellQueueDays5,macdAboveSignal,adx,atrPct,cloud,fromHigh52,volRatio,support1,resistance1,netReal5B,netReal20B,power5,smt5B,liquidityB,eps,pe,sectorPE,peVsSector,entryLow,stop,target1,target2,rr,flags
فتوسا,تولید و توسعه سرب روی ایرانیان,فلزات اساسی,87.3,پرریسک؛ صفی/رشد عمودی,100,85,89,72,7630,20261006,9,25.3,79.7,25.8,9.6,28,113.1,73.2,8,0,true,50.1,3.02,above,0,0.81,7350,,6.75,19.49,4.35,44.78,19.04,1389,5.49,8.05,-31.8,7400,7235,8321,8782,1.75,سهم صفی: 8 روز از ۲۰ روز در صف (ریسک نقدشوندگی و اجرای حد ضرر) | 113٪ بالای MA200
ثبهساز,بهساز کاشانه تهران,انبوه سازی، املاک و مستغلات,87.2,قوی ولی پرریسک؛ فعلاً ورود نه,100,65,96.9,80,2154,20261006,12.7,9,30.2,-23.7,11.1,14.6,63.6,70.6,1,0,true,20.3,3.12,above,-0.6,1.72,2033,,30.71,59.63,1.54,84.24,38.02,655,3.29,6.61,-50.2,2087,1999,2356,2490,1.3,64٪ بالای MA200 | حد ضرر دور (7.2٪)
خیمن,ایمن خودرو شرق,خودرو و ساخت قطعات,87,قوی ولی پرشده؛ منتظر پولبک,100,85,79.8,80,5710,20261006,7.7,12.4,69.9,16,12.7,16.3,67.3,76,0,0,true,32.7,3.42,above,-0.2,1.15,5650,,18.81,52.79,1.29,0.69,28.42,1533,3.72,5.87,-36.5,5650,5552,6296,6687,3.72,67٪ بالای MA200
الکتروماد,صنایع الکترونیک مادیران,ماشین آلات و تجهیزات,86.9,پرریسک؛ صفی/رشد عمودی,100,85,87.5,72,5590,20261006,14.1,18.2,114.4,60.5,12.6,26,105.6,74.6,5,0,true,44.7,2.79,above,-0.2,1.43,5370,,17.86,16.06,19.45,77.03,21.6,957,5.84,9.66,-39.5,5434,5292,6059,6371,1.57,واگرایی منفی RSI | رشد عمودی (114٪ در ۶۰ روز، 26٪ بالای MA50) | 106٪ بالای MA200 | واگرایی منفی
ثباغ,شهر سازی و خانه سازی باغمیشه,انبوه سازی، املاک و مستغلات,85.9,قوی ولی پرریسک؛ فعلاً ورود نه,100,65,99.5,72,8330,20261006,9.5,9.6,39.5,-14.4,9.6,20.3,64.4,71.1,2,0,true,41.2,3.26,above,0,1.74,7957,,70.2,80.05,9.58,66.31,10.92,1129,7.38,23.59,-68.7,8059,7821,9144,9687,1.6,64٪ بالای MA200
حآفرین,ریل پرداز نو آفرین,حمل ونقل، انبارداری و ارتباطات,85.5,پرریسک؛ صفی/رشد عمودی,95,75,78,90,2947,20261006,7,6,78,24,0.7,24.7,85.1,62.1,9,0,false,41.8,3.33,above,-14.3,0.86,2881,3440,27.63,16.79,4.24,39.91,40.08,704,4.19,7.68,-45.5,2881,2832,3440,3636,4.29,سهم صفی: 9 روز از ۲۰ روز در صف (ریسک نقدشوندگی و اجرای حد ضرر) | توزیع: ورود حقیقی با سرانه خرید ضعیف (0.90 در ۲۰ روز) | 85٪ بالای MA200
ولبهمن,شرکت بهمن لیزینگ,سایر واسطه گریهای مالی,85.1,قوی ولی پرریسک؛ فعلاً ورود نه,100,85,84.5,68,3580,20261006,12.7,11.1,71.8,17.9,11.2,28.9,71.6,74,5,0,true,39.2,3.21,above,-0.6,1.54,2810,,22.66,66.47,2.08,-20.05,21.62,776,4.61,5.8,-20.5,3465,3350,3925,4155,1.5,توزیع: ورود حقیقی با سرانه خرید ضعیف (0.84 در ۲۰ روز) | 72٪ بالای MA200
ثاخت,بین‌المللی‌توسعه‌ساختمان,انبوه سازی، املاک و مستغلات,85,پرریسک؛ صفی/رشد عمودی,100,70,84,80,867,20261006,0.9,11.7,37.6,-16.3,9,17.1,62.1,65,6,1,true,35.9,3.04,above,-4.7,1.76,808,910,26.83,53.77,3.02,-132.34,43.18,199,4.36,6.61,-34.1,841,801,910,963,0.65,سهم صفی: 6 روز از ۲۰ روز در صف (ریسک نقدشوندگی و اجرای حد ضرر) | توزیع: ورود حقیقی با سرانه خرید ضعیف (0.71 در ۲۰ روز) | 62٪ بالای MA200 | حد ضرر دور (7.6٪) | صف فروش در ۵ روز اخیر
ولساپا,لیزینگ رایان‌ سایپا,سایر واسطه گریهای مالی,84.5,پرریسک؛ صفی/رشد عمودی,100,70,90,72,1850,20261006,15.7,70.3,113,59.1,28.2,62.6,131.3,94.8,15,0,true,71.3,2.36,above,0,0.82,1076,,34.89,122.56,7.33,94.68,26.29,335,5.52,9.94,-44.4,1806,1763,1981,2068,1.5,اشباع خرید | فاصله زیاد از MA20 | سهم صفی: 15 روز از ۲۰ روز در صف (ریسک نقدشوندگی و اجرای حد ضرر) | رشد عمودی (113٪ در ۶۰ روز، 63٪ بالای MA50) | 131٪ بالای MA200
داترا,آترا زیست آرای,مواد و محصولات دارویی,84.3,قوی ولی پرشده؛ منتظر پولبک,100,85,99,50,8200,20261006,14.7,20.6,77.2,23.3,16.6,28.9,,78.1,5,0,true,36.5,2.98,above,0,1.58,7265,,83.44,88.73,25.45,94.63,37.68,777,10.55,12.91,-18.3,7956,7712,8932,9420,1.5,اشباع خرید | فاصله زیاد از MA20 | 218٪ بالای کف ۵۲ هفته
سمگا,گروه سرمایه گذاری میراث فرهنگی,هتل و رستوران,83.7,قوی؛ نزدیک مقاومت، منتظر شکست یا پولبک,100,78,97.5,55,4260,20261006,3.1,12.4,45.9,-8,6.7,17.7,58.2,65.3,3,0,true,38.5,3.16,above,-2.5,1.51,4090,4370,72.8,275.81,1.68,33.07,74.13,1002,4.25,4.69,-9.3,4125,4023,4370,4639,0.46,58٪ بالای MA200
کرازی,کارخانجات‌تولیدی‌شیشه‌رازی‌,سایر محصولات کانی غیرفلزی,83.4,پرریسک؛ صفی/رشد عمودی,100,100,83.5,50,2029,20261006,6.8,7.6,78.7,24.8,7.5,18.9,75.1,67.4,6,0,true,25.2,3.33,above,-0.4,1.84,1839,,46.04,104.03,2.22,-24.28,29.68,221,9.18,12.75,-28,1961,1860,2232,2367,1.2,سهم صفی: 6 روز از ۲۰ روز در صف (ریسک نقدشوندگی و اجرای حد ضرر) | توزیع: ورود حقیقی با سرانه خرید ضعیف (0.81 در ۲۰ روز) | 75٪ بالای MA200 | حد ضرر دور (8.3٪)
البرز,بیمه البرز,بیمه وصندوق بازنشستگی به جزتامین اجتماعی,82.5,پرریسک؛ صفی/رشد عمودی,100,70,99,55,3510,20261006,13.9,50.8,65.5,11.6,21.6,50.5,79.2,91.9,9,0,true,67.6,2.68,above,0,1.31,2896,,56.28,144.45,6.93,0.94,34.61,758,4.63,4.59,0.9,3416,3322,3793,3981,1.5,اشباع خرید | فاصله زیاد از MA20 | سهم صفی: 9 روز از ۲۰ روز در صف (ریسک نقدشوندگی و اجرای حد ضرر) | رشد عمودی (66٪ در ۶۰ روز، 51٪ بالای MA50) | 79٪ بالای MA200 | شناوری کم (13٪)
تماوند,تامین سرمایه دماوند,فعالیتهای کمکی به نهادهای مالی واسط,82.4,قوی؛ نزدیک مقاومت، منتظر شکست یا پولبک,100,70,93.5,60,2559,20261006,2,10.1,19.4,-34.5,4.5,11.1,14.1,63.7,1,0,true,21.5,3.41,above,-4.1,2.05,2446,2594,75.85,85.49,1.52,63.97,10.87,337,7.59,9.46,-19.7,2472,2402,2594,2669,0.22,
بخاور,بیمه زندگی خاورمیانه,بیمه وصندوق بازنشستگی به جزتامین اجتماعی,82,پرریسک؛ صفی/رشد عمودی,100,58,99.5,62,8380,20261006,15.6,30.1,53,-0.9,18.8,30.9,93.6,85.8,9,0,true,40.5,2.47,above,0,1.55,7010,,29.12,19.19,13.34,27.83,4.68,813,10.31,18.13,-43.1,8173,7966,9001,9414,1.5,اشباع خرید | فاصله زیاد از MA20 | سهم صفی: 9 روز از ۲۰ روز در صف (ریسک نقدشوندگی و اجرای حد ضرر) | رشد عمودی (53٪ در ۶۰ روز، 31٪ بالای MA50) | 94٪ بالای MA200 | نقدشوندگی کمتر از ۱۰ میلیارد تومان
شجم,صنایع پتروشیمی تخت جمشید,محصولات شیمیایی,81.1,پرریسک؛ صفی/رشد عمودی,100,58,98,60,13110,20261006,15.6,21.3,52.6,-1.3,19.3,33.4,45.7,81.8,6,0,true,42.4,2.79,above,0,1.22,11050,,5.33,21.37,2.99,22.48,12.56,1969,6.66,8.01,-16.9,12744,12378,14207,14939,1.5,واگرایی منفی RSI | اشباع خرید | فاصله زیاد از MA20 | سهم صفی: 6 روز از ۲۰ روز در صف (ریسک نقدشوندگی و اجرای حد ضرر) | رشد عمودی (53٪ در ۶۰ روز، 33٪ بالای MA50) | واگرایی منفی
کپرسپولیس,مجتمع کاشی و سنگ پرسپولیس یزد,کاشی و سرامیک,81,قوی ولی پرریسک؛ فعلاً ورود نه,100,100,87,37,9510,20261006,5.8,12.3,54.6,0.7,8.1,17.1,,68.6,4,0,true,43.8,3.07,above,-2.9,1.27,9180,,22.64,6.67,16.24,83.66,18.48,966,9.84,9.26,6.3,9218,9034,10387,10972,1.84,واگرایی منفی RSI | واگرایی منفی
داتام,گروه مالی داتام,سرمایه گذاریها,81,قوی؛ نزدیک مقاومت، منتظر شکست یا پولبک,100,45,88,80,3830,20261006,2.4,0.3,23.1,-30.8,2.3,12.8,44.6,59.4,2,1,false,31.5,3.28,above,-5,0.74,3428,3936,0.54,11.99,2.86,9.77,4.72,1405,2.73,7.13,-61.8,3704,3579,3936,4034,0.42,214٪ بالای کف ۵۲ هفته | نقدشوندگی کمتر از ۱۰ میلیارد تومان | شناوری کم (5٪) | صف فروش در ۵ روز اخیر
فاما,صنعتی‌ آما,ساخت محصولات فلزی,80.8,پرریسک؛ صفی/رشد عمودی,100,85,88,47,7290,20261006,7.8,21.1,95.3,41.4,8,24.6,109.7,72,8,0,true,47.2,3.32,above,-0.7,1,6160,,3,17.07,1.97,5.18,12.26,922,7.91,7.54,4.9,7048,6806,8016,8499,1.5,سهم صفی: 8 روز از ۲۰ روز در صف (ریسک نقدشوندگی و اجرای حد ضرر) | 110٪ بالای MA200
کهمدا,شیشه‌ همدان‌,سایر محصولات کانی غیرفلزی,80.5,قوی ولی پرشده؛ منتظر پولبک,100,85,62,72,6770,20261006,12.5,14,76.3,22.4,12.9,25.8,131,77.1,5,0,true,39.9,3.2,above,-0.1,0.95,6370,,-13.02,31.02,2.36,21.59,23.81,981,6.9,12.75,-45.9,6553,6262,7421,7855,1.28,131٪ بالای MA200 | حد ضرر دور (7.5٪)
تنوین,تامین سرمایه نوین,فعالیتهای کمکی به نهادهای مالی واسط,80.4,قوی ولی پرشده؛ منتظر پولبک,100,85,86.5,47,3249,20261006,12.1,18.8,92.1,38.2,12.9,27.8,100.4,75.6,4,0,true,39.5,3.05,above,-1.7,1.57,2964,,38.33,2.02,5.7,23.74,14.54,605,5.37,5.92,-9.3,3150,3001,3547,3745,1.2,واگرایی منفی RSI | 100٪ بالای MA200 | واگرایی منفی | حد ضرر دور (7.6٪)
آسیا,بیمه آسیا,بیمه وصندوق بازنشستگی به جزتامین اجتماعی,80,قوی؛ نزدیک مقاومت، منتظر شکست یا پولبک,100,55,75.9,80,4110,20261006,1.7,-0.2,56.2,2.3,3.8,12.5,87.2,60,4,0,false,25.6,3.41,above,-3.7,0.94,3550,4170,5.07,63.02,1.13,11.95,22.85,1869,2.2,4.59,-52.1,3970,3829,4170,4270,0.21,87٪ بالای MA200 | شناوری کم (14٪)
شدوص,دوده‌ صنعتی‌ پارس‌,محصولات شیمیایی,79.9,پرریسک؛ صفی/رشد عمودی,95,85,97.5,60,8120,20261005,14,5.9,63.4,9.5,11.5,20.3,71,70.8,6,0,true,42.3,3.11,above,-1.2,2.26,7890,,22.12,62.36,5.07,5.77,20.04,1044,7.78,9.63,-19.2,7890,7764,8878,9384,2.13,سهم صفی: 6 روز از ۲۰ روز در صف (ریسک نقدشوندگی و اجرای حد ضرر) | توزیع: ورود حقیقی با سرانه خرید ضعیف (0.75 در ۲۰ روز) | 71٪ بالای MA200 | آخرین معامله 20261005 (متوقف یا کم‌معامله)
وسبحان,سرمایه گذاری سبحان,سرمایه گذاریها,79.9,پرریسک؛ صفی/رشد عمودی,100,70,83.5,80,4050,20261005,14.1,26.2,95.7,41.8,15.3,30,106.8,81.7,2,0,true,53.6,2.74,above,-0.2,2.18,3550,,62.75,64.72,1.63,-0.18,12.38,956,4.24,8.73,-51.5,3939,3828,4384,4606,1.5,واگرایی منفی RSI | اشباع خرید | فاصله زیاد از MA20 | رشد عمودی (96٪ در ۶۰ روز، 30٪ بالای MA50) | 107٪ بالای MA200 | واگرایی منفی | آخرین معامله 20261005 (متوقف یا کم‌معامله)
بترانس,ایران‌ ترانسفو,ماشین آلات و دستگاه‌های برقی,79.8,قوی ولی پرریسک؛ فعلاً ورود نه,100,65,87,60,3940,20261006,8.5,18.3,43.2,-10.7,10.7,20.7,55.7,73.1,3,0,true,27.5,3.08,above,0,0.65,3570,,55.05,234.64,4.2,110.02,107.14,747,5.27,6.15,-14.2,3819,3697,4304,4547,1.5,56٪ بالای MA200
خلنت,لنت‌ ترمزایران‌,خودرو و ساخت قطعات,79.6,پرریسک؛ صفی/رشد عمودی,100,85,88.5,42,6930,20261006,14.5,20.3,70.8,16.9,18.5,26.5,78.4,79.9,7,0,true,37.4,2.73,above,0,1.09,6000,,7.05,29.53,4.33,12.64,8.78,1027,6.75,,,6741,6552,7497,7875,1.5,اشباع خرید | فاصله زیاد از MA20 | سهم صفی: 7 روز از ۲۰ روز در صف (ریسک نقدشوندگی و اجرای حد ضرر) | 78٪ بالای MA200 | نقدشوندگی کمتر از ۱۰ میلیارد تومان
ثامید,توسعه و عمران امید,انبوه سازی، املاک و مستغلات,79.3,قوی؛ نزدیک مقاومت، منتظر شکست یا پولبک,100,80,53,80,1962,20261006,7.2,6.1,33.8,-20.1,5.4,13.1,49.5,66,0,0,true,21,3.1,above,-1.9,0.96,1836,2001,-5.79,8.66,4.43,38.45,12.86,547,3.59,6.61,-45.7,1901,1810,2001,2123,0.26,واگرایی منفی RSI | 159٪ بالای کف ۵۲ هفته | واگرایی منفی | حد ضرر دور (7.7٪) | شناوری کم (13٪)
درازک,دارویی‌ رازک‌,مواد و محصولات دارویی,78.6,پرریسک؛ صفی/رشد عمودی,100,100,64.5,50,5190,20261006,4.2,5.5,193.7,139.8,9.6,25.6,148.8,69.8,4,0,true,39.1,3.05,above,0,1.12,5040,,14.52,24.81,2.45,-12.37,54.32,453,11.46,12.91,-11.3,5040,4961,5666,5983,2.07,رشد عمودی (194٪ در ۶۰ روز، 26٪ بالای MA50) | توزیع: ورود حقیقی با سرانه خرید ضعیف (0.77 در ۲۰ روز) | 149٪ بالای MA200
نیان,نیان الکترونیک,تولید محصولات کامپیوتری الکترونیکی ونوری,78.5,قوی؛ نزدیک مقاومت، منتظر شکست یا پولبک,100,88,63.5,60,4040,20261006,6.3,8.3,44.8,-9.1,10.2,18.8,35.8,68.5,2,0,true,30.5,3.09,above,-4,0.94,3900,4185,4.16,-2.61,5.32,24.72,10.76,678,5.96,7.98,-25.3,3915,3837,4185,4473,0.71,واگرایی منفی RSI | واگرایی منفی
غدشت,دشت‌ مرغاب‌,محصولات غذایی و آشامیدنی به جز قند و شکر,78.5,پرریسک؛ صفی/رشد عمودی,100,73,88.5,47,4640,20261006,15.4,18.4,45.9,-8,14.7,25.3,60.6,75.3,6,0,true,22.9,2.84,above,0,0.99,4290,,12.27,11.62,9.94,23.16,9.59,591,7.85,8.53,-8,4508,4310,5035,5299,1.2,سهم صفی: 6 روز از ۲۰ روز در صف (ریسک نقدشوندگی و اجرای حد ضرر) | 61٪ بالای MA200 | حد ضرر دور (7.1٪) | نقدشوندگی کمتر از ۱۰ میلیارد تومان
توریل,توکاریل,حمل ونقل، انبارداری و ارتباطات,78.3,قوی؛ نزدیک مقاومت، منتظر شکست یا پولبک,100,55,89,60,3570,20261006,7.9,5.6,31.4,-22.5,3.9,14.3,32,61.3,1,0,false,31.9,3.29,above,-3,1.11,3530,3680,16.36,56.13,4.41,28.55,12.22,616,5.8,7.68,-24.5,3530,3471,3680,3915,1.11,واگرایی منفی RSI | واگرایی منفی
شغدیر,پتروشیمی غدیر,محصولات شیمیایی,78.1,پرریسک؛ صفی/رشد عمودی,100,90,60.5,60,87010,20261006,3.7,11.7,185.6,131.7,8.8,26.2,113.6,70,1,0,true,62,3.16,above,-2.9,0.89,82210,,15.6,111.37,1.12,-62.07,66.9,12273,7.09,9.63,-26.4,84257,80834,95268,100774,1.34,واگرایی منفی RSI | رشد عمودی (186٪ در ۶۰ روز، 26٪ بالای MA50) | توزیع: ورود حقیقی با سرانه خرید ضعیف (0.83 در ۲۰ روز) | 114٪ بالای MA200 | واگرایی منفی | حد ضرر دور (7.1٪)
غدیس,پاکدیس,محصولات غذایی و آشامیدنی به جز قند و شکر,77.8,قوی ولی پرشده؛ منتظر پولبک,100,85,99,24,14750,20261006,14.2,21.5,88,34.1,14.3,19.1,92.1,74.5,4,0,true,21.3,3.08,above,0,1.51,14290,,42.04,50.07,1.93,43.55,14.37,1819,8.11,7.05,15,14296,14063,16113,17022,1.98,92٪ بالای MA200
وصنعت,سرمایه گذاری توسعه صنعت وتجارت,سرمایه گذاریها,77.7,قوی؛ نزدیک مقاومت، منتظر شکست یا پولبک,100,53,68.3,80,2961,20261006,0.8,7.1,45.2,-8.7,1.8,12.6,51.9,61.1,2,0,false,30.2,3.19,above,-6.3,0.89,2765,3000,0.68,1.84,1.21,2.14,4.37,884,3.35,7.13,-53,2867,2725,3000,3159,0.17,52٪ بالای MA200 | حد ضرر دور (8.0٪) | نقدشوندگی کمتر از ۱۰ میلیارد تومان | شناوری کم (13٪)
خموتور,موتورسازان‌تراکتورسازی‌ایران‌,خودرو و ساخت قطعات,77.5,قوی؛ نزدیک مقاومت، منتظر شکست یا پولبک,100,100,68.2,42,2612,20261006,8,13.3,56.8,2.9,10.5,16.5,38.5,68.7,2,0,true,45.6,3.53,above,-2.6,1.84,2440,2681,5.67,48.01,0.99,-10.91,16.01,385,6.78,,,2520,2394,2681,2865,0.31,حد ضرر دور (8.4٪)
شفارس,صنایع‌ شیمیایی‌ فارس‌,محصولات شیمیایی,77.5,قوی؛ نزدیک مقاومت، منتظر شکست یا پولبک,100,88,82.7,37,2440,20261006,8.6,13.3,48,-6,7.5,21.8,48.9,69.6,0,0,true,35.3,3.49,above,-1.5,1.26,2157,2477,1.82,1.81,1.45,14.26,11.13,231,10.56,9.63,9.7,2355,2270,2477,2647,0.22,واگرایی منفی RSI | واگرایی منفی
فولاد,فولاد مبارکه اصفهان,فلزات اساسی,77.4,پرریسک؛ صفی/رشد عمودی,100,50,77.5,72,3880,20261006,10.2,38.4,43.3,-10.6,15.5,35.5,59.4,81.8,3,0,true,58.7,3.08,above,0,0.9,3409,,754.85,933.7,6.49,680.53,1383.33,518,7.49,13.48,-44.4,3761,3641,4238,4477,1.5,اشباع خرید | فاصله زیاد از MA20 | رشد عمودی (43٪ در ۶۰ روز، 35٪ بالای MA50) | 59٪ بالای MA200
وسرمد,بیمه  سرمد,بیمه وصندوق بازنشستگی به جزتامین اجتماعی,77.3,قوی؛ نزدیک مقاومت، منتظر شکست یا پولبک,95,80,89,42,1641,20261006,6.3,0.2,36.6,-17.3,5,7.7,42.3,62.2,3,0,true,24.3,3.38,above,-5.4,0.89,1558,1736,4.25,21.4,2.38,4.21,4.06,317,5.18,,,1586,1531,1736,1846,0.86,واگرایی منفی RSI | واگرایی منفی | نقدشوندگی کمتر از ۱۰ میلیارد تومان
ومدیر,گ.مدیریت ارزش سرمایه ص ب کشوری,سرمایه گذاریها,77,قوی؛ نزدیک مقاومت، منتظر شکست یا پولبک,100,88,37.5,80,3190,20261006,5,13.6,46.9,-7.1,5.7,16.6,44.3,67.1,3,0,true,31.8,2.89,above,-1.2,0.88,2830,3229,-3.71,-7.57,7.72,15.33,6.45,904,3.53,7.13,-50.5,3098,3006,3229,3413,0.21,خروج مستمر پول حقیقی | نقدشوندگی کمتر از ۱۰ میلیارد تومان
کگهر,معدنی و صنعتی گهرزمین,استخراج کانه های فلزی,76.9,قوی؛ نزدیک مقاومت، منتظر شکست یا پولبک,95,53,89,62,7720,20261006,5.5,-0.5,52.9,-1.1,0.3,9.8,46.5,57.3,2,0,false,25.2,3.29,above,-9.6,1.2,7140,7870,45.45,140.95,7.12,34.28,54.65,870,8.87,14.44,-38.5,7466,7084,7870,8540,0.24,واگرایی منفی RSI | توزیع: ورود حقیقی با سرانه خرید ضعیف (0.75 در ۲۰ روز) | واگرایی منفی | حد ضرر دور (8.2٪)
فایرا,آلومینیوم‌ایران‌,فلزات اساسی,76.8,قوی؛ نزدیک مقاومت، منتظر شکست یا پولبک,100,90,43,72,15880,20261006,0.5,5.7,66.6,12.6,4.7,12,106.2,60.7,1,0,true,31.9,3.35,above,-5,1.06,15050,16220,27.92,56.26,0.74,-69.1,76.1,2419,6.56,13.48,-51.3,15348,14784,16220,16720,0.31,واگرایی منفی RSI | توزیع: ورود حقیقی با سرانه خرید ضعیف (0.63 در ۲۰ روز) | 106٪ بالای MA200 | سرانه خرید ضعیف (0.74) | واگرایی منفی
بشهاب,لامپ‌  پارس‌ شهاب‌,ماشین آلات و دستگاه‌های برقی,76.6,پرریسک؛ صفی/رشد عمودی,95,75,98.5,34,9200,20261006,8.6,5.6,70.3,16.4,5.1,15.7,72.5,65.9,12,0,false,32.7,3.29,above,-6,1.48,9066,9787,6.24,15.35,2.41,2.07,9.58,1212,7.59,6.15,23.4,9066,8915,9787,10391,2.06,سهم صفی: 12 روز از ۲۰ روز در صف (ریسک نقدشوندگی و اجرای حد ضرر) | 72٪ بالای MA200 | نقدشوندگی کمتر از ۱۰ میلیارد تومان | شناوری کم (11٪)
کیمیا,ص. معدنی کیمیای زنجان گستران,فلزات اساسی,76.5,پرریسک؛ صفی/رشد عمودی,100,65,62,72,6590,20261006,0.3,11.3,106.3,52.4,2.2,20.5,119,63,5,0,false,58,3.21,above,-5.9,1.07,5980,7000,21.65,6.78,1.73,-1.49,21.8,949,6.94,13.48,-48.5,6378,6060,7000,7424,0.77,رشد عمودی (106٪ در ۶۰ روز، 21٪ بالای MA50) | توزیع: ورود حقیقی با سرانه خرید ضعیف (0.80 در ۲۰ روز) | 119٪ بالای MA200 | حد ضرر دور (8.0٪)
کیمیاتک,آریان کیمیا تک,محصولات شیمیایی,76,پرریسک؛ صفی/رشد عمودی,100,85,99,17,23710,20261006,11.6,27.1,74.1,20.2,12.2,28.3,138.2,77.3,6,0,true,50.3,2.82,above,-1.5,1.63,22210,,155.76,158.26,11.83,106.81,35.43,1968,12.05,9.63,25.1,23042,22041,25713,27048,1.2,سهم صفی: 6 روز از ۲۰ روز در صف (ریسک نقدشوندگی و اجرای حد ضرر) | 138٪ بالای MA200 | حد ضرر دور (7.0٪)
ولکار,لیزینگ کارآفرین,سایر واسطه گریهای مالی,75.9,قوی؛ نزدیک مقاومت، منتظر شکست یا پولبک,75,80,99.5,50,5340,20261006,1.1,1.9,28.7,-25.2,2.8,6.4,49,56.8,2,1,true,18.6,3.74,above,-7.9,1.24,5230,5430,14.48,21.47,29.02,31.32,6.14,641,8.33,9.94,-16.2,5230,5130,5430,5650,0.43,نقدشوندگی کمتر از ۱۰ میلیارد تومان | صف فروش در ۵ روز اخیر | واگرایی مثبت RSI
کلوند,کاشی‌ الوند,کاشی و سرامیک,75.6,قوی ولی پرشده؛ منتظر پولبک,100,85,98.5,16,8510,20261006,13.5,13.9,68.7,14.8,15.8,28.2,89.7,79.7,5,0,true,40.6,2.98,above,0,1.33,7640,,6.76,42.77,3.77,11.51,15.26,820,10.38,7.65,35.7,8256,8003,9271,9779,1.5,واگرایی منفی RSI | اشباع خرید | فاصله زیاد از MA20 | 90٪ بالای MA200 | واگرایی منفی
مدیریت,س. و خدمات مدیریت صند. ب کشوری,سرمایه گذاریها,75.5,قوی ولی پرریسک؛ فعلاً ورود نه,100,65,98,72,5120,20261006,10.5,19.6,39.1,-14.9,8.1,18.8,55.5,71.8,4,0,true,35.7,3.07,above,-0.2,1.25,5068,,5.55,7.34,25,11.45,2,955,5.36,8.73,-38.6,5068,4989,5592,5906,3.6,نقدشوندگی پایین | واگرایی منفی RSI | 56٪ بالای MA200 | واگرایی منفی | نقدشوندگی کمتر از ۱۰ میلیارد تومان
فجر,فولاد امیرکبیرکاشان,فلزات اساسی,75.4,پرریسک؛ صفی/رشد عمودی,100,70,63.5,62,9000,20261006,15.7,34.7,162.4,108.5,19,45.1,169.8,84.7,13,0,true,63.6,2.64,above,0,0.66,7800,,62.19,-15.67,4.12,71.58,65.73,1065,8.45,13.48,-37.3,8762,8524,9714,10190,1.5,اشباع خرید | فاصله زیاد از MA20 | سهم صفی: 13 روز از ۲۰ روز در صف (ریسک نقدشوندگی و اجرای حد ضرر) | رشد عمودی (162٪ در ۶۰ روز، 45٪ بالای MA50) | 170٪ بالای MA200
شپاس,نفت پاسارگاد,فراورده های نفتی، کک و سوخت هسته ای,75.4,قوی؛ نزدیک مقاومت، منتظر شکست یا پولبک,100,70,88.5,37,51370,20261006,3.4,3.2,38.2,-15.7,6.7,19.7,33.2,65.5,3,0,true,32.4,3.18,above,-2.5,0.97,50385,52700,1.77,23.03,1.69,10.46,17.11,6293,8.16,8.12,0.5,50385,49567,52700,55971,0.74,
خکار,ایرکا پارت صنعت,خودرو و ساخت قطعات,75.4,قوی ولی پرشده؛ منتظر پولبک,100,73,73,50,2143,20261006,13.3,13.2,47.3,-6.6,12.1,20.5,61.2,71.8,5,0,true,28.6,3.18,above,0,1.36,2047,,9.61,-1.63,5.27,34.29,11.75,504,4.25,,,2075,2013,2347,2484,1.57,واگرایی منفی RSI | 61٪ بالای MA200 | واگرایی منفی
کفپارس,فرآورده‌های‌ نسوز پارس‌,سایر محصولات کانی غیرفلزی,75.3,پرریسک؛ صفی/رشد عمودی,100,85,63,50,6880,20261006,15.2,18.4,75.5,21.6,12.3,26.6,99.8,74.2,8,0,true,41.2,2.83,above,0,0.58,6620,,2.87,-4.93,11.98,26.74,12.13,722,9.53,12.75,-25.3,6685,6523,7464,7853,1.63,سهم صفی: 8 روز از ۲۰ روز در صف (ریسک نقدشوندگی و اجرای حد ضرر) | 100٪ بالای MA200
وبهمن,سرمایه‌گذاری‌بهمن‌,سرمایه گذاریها,75.1,قوی؛ نزدیک مقاومت، منتظر شکست یا پولبک,73,45,86.6,90,2175,20261006,1.1,-2.6,30,-23.9,-1.4,5.4,18.8,52.5,2,0,false,19.2,3.21,above,-10.4,1.36,2080,2215,89.76,172.56,1.1,10.06,29.88,710,3.06,7.13,-57,2105,2045,2215,2260,0.31,توزیع: ورود حقیقی با سرانه خرید ضعیف (0.77 در ۲۰ روز)
وبوعلی,سرمایه‌گذاری‌بوعلی‌,سرمایه گذاریها,75,قوی؛ نزدیک مقاومت، منتظر شکست یا پولبک,100,65,48,80,3820,20261006,-0.8,13.7,64.7,10.8,4.6,22.7,75,64.7,3,1,false,52.7,3.44,above,-4.3,0.54,3740,3990,-0.92,17.99,2.05,-3.03,6.47,1066,3.58,7.13,-49.7,3740,3674,3990,4253,1.17,واگرایی منفی RSI | 75٪ بالای MA200 | واگرایی منفی | نقدشوندگی کمتر از ۱۰ میلیارد تومان | صف فروش در ۵ روز اخیر
اپال,فرآوری معدنی اپال کانی پارس,استخراج کانه های فلزی,75,قوی ولی پرریسک؛ فعلاً ورود نه,95,45,90,60,14790,20261006,4.9,-5.4,39.8,-14.1,1.4,12,45,59.2,1,0,false,25.4,3.19,above,-10.9,0.87,14170,16600,18.02,57.3,8.39,29.14,10.19,1442,10.26,13.76,-25.5,14318,13934,16600,17544,2.11,شناوری کم (9٪)
شسپا,نفت سپاهان,فراورده های نفتی، کک و سوخت هسته ای,74.9,پرریسک؛ صفی/رشد عمودی,100,70,89.5,34,26040,20261006,15.8,28.1,72.8,18.8,16.2,32,137.5,81,8,0,true,47.4,2.94,above,0,0.45,23390,,170.1,210,7.81,187,94.06,3704,7.03,6.26,12.3,25275,24511,28334,29863,1.5,اشباع خرید | فاصله زیاد از MA20 | سهم صفی: 8 روز از ۲۰ روز در صف (ریسک نقدشوندگی و اجرای حد ضرر) | رشد عمودی (73٪ در ۶۰ روز، 32٪ بالای MA50) | توزیع: ورود حقیقی با سرانه خرید ضعیف (0.68 در ۲۰ روز) | 137٪ بالای MA200
سرچشمه,سرمایه گذاری مس سرچشمه,سرمایه گذاریها,74.8,پرریسک؛ صفی/رشد عمودی,100,50,79,60,8540,20261006,7,31.4,127.9,73.9,9,35.4,101.2,78.7,8,0,false,71.7,3.16,above,0,0.71,8340,,89.1,17.4,3.06,48.04,78.38,1231,6.94,8.73,-20.5,8340,8205,9350,9890,2.42,اشباع خرید | سهم صفی: 8 روز از ۲۰ روز در صف (ریسک نقدشوندگی و اجرای حد ضرر) | رشد عمودی (128٪ در ۶۰ روز، 35٪ بالای MA50) | توزیع: ورود حقیقی با سرانه خرید ضعیف (0.71 در ۲۰ روز) | 101٪ بالای MA200
اخابر,مخابرات ایران,مخابرات,74.8,قوی؛ نزدیک مقاومت، منتظر شکست یا پولبک,95,75,88,37,1062,20261006,7.2,4.1,60.2,6.3,2.5,14.3,80.2,61.2,4,0,false,30.4,3.52,above,-7.7,1.14,962,1150,208.27,249.1,5.28,228.13,126.61,124,8.56,8.37,2.3,1025,968,1150,1225,0.94,واگرایی منفی RSI | توزیع: ورود حقیقی با سرانه خرید ضعیف (0.78 در ۲۰ روز) | 80٪ بالای MA200 | واگرایی منفی | حد ضرر دور (8.8٪)
وکادو,تکادو,سرمایه گذاریها,74.6,پرریسک؛ صفی/رشد عمودی,100,60,88.5,42,4990,20261006,13.4,77.2,161.3,107.4,21.5,58.8,119.5,80.7,7,0,true,49.4,3.6,above,0,0.75,4940,,40.69,54.32,11.67,37.59,15.1,668,7.47,,,4940,4850,5529,5889,3.86,اشباع خرید | فاصله زیاد از MA20 | سهم صفی: 7 روز از ۲۰ روز در صف (ریسک نقدشوندگی و اجرای حد ضرر) | رشد عمودی (161٪ در ۶۰ روز، 59٪ بالای MA50) | 119٪ بالای MA200
وپایا,سرمایه گذاری پایا تدبیرپارسا,سرمایه گذاریها,74.6,پرریسک؛ صفی/رشد عمودی,100,70,98.5,24,2365,20261006,15.3,26.4,83.1,29.2,18.4,33.9,82.1,83.7,6,0,true,51,2.83,above,0,1.6,2017,,14.84,9.24,303.89,30.66,4.52,235,10.06,8.73,15.3,2298,2231,2566,2700,1.5,واگرایی منفی RSI | اشباع خرید | فاصله زیاد از MA20 | سهم صفی: 6 روز از ۲۰ روز در صف (ریسک نقدشوندگی و اجرای حد ضرر) | رشد عمودی (83٪ در ۶۰ روز، 34٪ بالای MA50) | 82٪ بالای MA200 | واگرایی منفی | نقدشوندگی کمتر از ۱۰ میلیارد تومان
کپرور,فرآوری زغال سنگ پروده طبس,استخراج زغال سنگ,74.6,پرریسک؛ صفی/رشد عمودی,100,85,48.3,62,23310,20261006,15.2,21,72.5,18.6,16.3,30.7,104.2,79,3,0,true,45.6,2.97,above,0,0.94,20910,,11.78,-12.4,1.59,-15.35,19.99,2597,8.98,15.48,-42,22618,21926,25386,26770,1.5,واگرایی منفی RSI | اشباع خرید | فاصله زیاد از MA20 | رشد عمودی (72٪ در ۶۰ روز، 31٪ بالای MA50) | 104٪ بالای MA200 | واگرایی منفی
فسبزوار,پارس فولاد سبزوار,فلزات اساسی,74.4,قوی ولی پرشده؛ منتظر پولبک,100,85,37.5,72,90880,20261006,14,22.5,55.9,2,15.1,24.6,87.6,76.7,2,0,true,32.3,2.83,above,0,0.86,74940,,-13.86,-97.82,13.97,66.79,60.77,14489,6.27,13.48,-53.5,88311,85742,98587,103725,1.5,واگرایی منفی RSI | فاصله زیاد از MA20 | خروج مستمر پول حقیقی | 88٪ بالای MA200 | واگرایی منفی
فجام,جام‌دارو,ساخت محصولات فلزی,74.4,قوی ولی پرریسک؛ فعلاً ورود نه,100,100,73.5,24,19870,20261006,5.5,8.2,93.3,39.4,7.3,21.6,105.6,67.1,3,0,true,38.3,3.06,above,-1.6,1.07,19400,,2.78,14.91,3.56,-0.95,6.64,2172,9.15,7.54,21.3,19400,19096,21697,22915,2.36,واگرایی منفی RSI | توزیع: ورود حقیقی با سرانه خرید ضعیف (0.90 در ۲۰ روز) | 106٪ بالای MA200 | واگرایی منفی | نقدشوندگی کمتر از ۱۰ میلیارد تومان
خشرق,الکتریک‌ خودرو شرق‌,خودرو و ساخت قطعات,74.3,پرریسک؛ صفی/رشد عمودی,100,85,89,20,3350,20261006,10.7,13.4,67.5,13.6,12.5,31,66,78.8,6,0,true,53.2,3.3,above,0,0.71,3110,,6.21,12.27,1.78,11.33,9.71,137,24.45,,,3239,3073,3682,3903,1.2,اشباع خرید | سهم صفی: 6 روز از ۲۰ روز در صف (ریسک نقدشوندگی و اجرای حد ضرر) | رشد عمودی (68٪ در ۶۰ روز، 31٪ بالای MA50) | 66٪ بالای MA200 | حد ضرر دور (8.3٪) | نقدشوندگی کمتر از ۱۰ میلیارد تومان
ورازی,بیمه رازی,بیمه وصندوق بازنشستگی به جزتامین اجتماعی,74,زیر نظر,100,85,88,20,1848,20261006,10.5,42.5,88.4,34.5,13.5,37.2,84.3,79.7,9,0,true,55.6,3.16,above,0,0.9,1797,,8.01,32.76,3.84,20.11,9.43,18,102.67,,,1797,1768,2023,2140,2.18,اشباع خرید | سهم صفی: 9 روز از ۲۰ روز در صف (ریسک نقدشوندگی و اجرای حد ضرر) | رشد عمودی (88٪ در ۶۰ روز، 37٪ بالای MA50) | P/E بالا (103) | 84٪ بالای MA200 | نقدشوندگی کمتر از ۱۰ میلیارد تومان
بزندگی,بیمه زندگی آگاه,بیمه وصندوق بازنشستگی به جزتامین اجتماعی,74,پرریسک؛ صفی/رشد عمودی,100,70,100,20,7170,20261006,15.3,61.1,158.4,104.5,26.8,54.5,158,96.7,9,0,true,80.7,2.26,above,0,1.5,4704,,23.94,60.08,9.68,35.79,5.27,328,21.86,,,7008,6846,7656,7980,1.5,اشباع خرید | فاصله زیاد از MA20 | سهم صفی: 9 روز از ۲۰ روز در صف (ریسک نقدشوندگی و اجرای حد ضرر) | رشد عمودی (158٪ در ۶۰ روز، 55٪ بالای MA50) | 158٪ بالای MA200 | نقدشوندگی کمتر از ۱۰ میلیارد تومان
ولپارس,لیزینگ پارسیان,سایر واسطه گریهای مالی,73.9,پرریسک؛ صفی/رشد عمودی,100,85,98.5,9,4400,20261006,13.7,12.5,60.1,6.1,10.4,22.3,55.1,72.8,6,0,true,42.5,3.09,above,0,1.75,4300,,30.71,32.44,127.25,44.5,5.19,307,14.33,9.94,44.2,4300,4232,4808,5079,2.43,سهم صفی: 6 روز از ۲۰ روز در صف (ریسک نقدشوندگی و اجرای حد ضرر) | 55٪ بالای MA200 | نقدشوندگی کمتر از ۱۰ میلیارد تومان
توسن,توسعه سامانه ی نرم افزاری نگین,رایانه و فعالیت‌های وابسته به آن,73.8,پرریسک؛ صفی/رشد عمودی,100,70,59.4,60,15260,20261006,15.2,21.8,125,71.1,19,36.6,183.6,84.6,6,0,true,55,2.88,above,0,0.76,13265,,8.88,-25.31,1.41,40.73,46.59,2242,6.81,8.89,-23.4,14820,14381,16579,17458,1.5,اشباع خرید | فاصله زیاد از MA20 | سهم صفی: 6 روز از ۲۰ روز در صف (ریسک نقدشوندگی و اجرای حد ضرر) | رشد عمودی (125٪ در ۶۰ روز، 37٪ بالای MA50) | 184٪ بالای MA200
فن افزار,توسعه فن افزار توسن,رایانه و فعالیت‌های وابسته به آن,73.6,پرریسک؛ صفی/رشد عمودی,100,65,62.5,60,10820,20261006,-1.4,-2.6,113.4,59.5,0.8,17.1,143.1,59.9,1,0,false,48.5,3.36,above,-7.9,1.45,9850,11440,29.49,-3.39,3.43,56.67,26.35,1478,7.32,8.89,-17.7,10456,9910,11440,11750,0.68,رشد عمودی (113٪ در ۶۰ روز، 17٪ بالای MA50) | 143٪ بالای MA200 | حد ضرر دور (8.4٪)
خنصیر,مهندسی‌نصیرماشین‌,خودرو و ساخت قطعات,73.6,قوی؛ نزدیک مقاومت، منتظر شکست یا پولبک,95,88,78,32,4790,20261006,13.2,3.9,44.7,-9.2,7.6,15.7,49,68.1,3,0,true,30.6,3.1,above,-2.8,1.13,4490,4930,2.11,2.13,1.61,8.88,5.45,485,9.88,,,4642,4419,4930,5227,0.38,واگرایی منفی RSI | واگرایی منفی | حد ضرر دور (7.7٪) | نقدشوندگی کمتر از ۱۰ میلیارد تومان
قاسم,قاسم ایران,خرده فروشی،باستثنای وسایل نقلیه موتوری,73.5,پرریسک؛ صفی/رشد عمودی,100,85,90,16,2772,20261006,15.8,14.2,56.1,2.2,17.4,24.1,113.3,76.2,10,0,true,27.6,2.88,above,0,1.07,2458,,65.69,119.01,10.5,64.1,14.36,345,8.03,6.17,30.2,2692,2612,3011,3171,1.5,فاصله زیاد از MA20 | سهم صفی: 10 روز از ۲۰ روز در صف (ریسک نقدشوندگی و اجرای حد ضرر) | 113٪ بالای MA200
خکرمان,سرمایه گذاری آرمان گستر پاریز,خودرو و ساخت قطعات,73.4,پرریسک؛ صفی/رشد عمودی,100,50,53.5,80,11750,20261006,-0.5,23.9,87,33.1,7.1,30.8,108.3,70.5,3,0,false,49.8,3.49,above,-2,1.02,10880,11990,45.69,161.49,0.74,-46.09,44.03,4303,2.73,5.87,-53.5,11340,10725,11990,12810,0.23,واگرایی منفی RSI | رشد عمودی (87٪ در ۶۰ روز، 31٪ بالای MA50) | توزیع: ورود حقیقی با سرانه خرید ضعیف (0.60 در ۲۰ روز) | 108٪ بالای MA200 | سرانه خرید ضعیف (0.74) | واگرایی منفی | حد ضرر دور (8.7٪)
لبوتان,گروه‌صنعتی‌بوتان‌,ماشین آلات و تجهیزات,73.3,قوی ولی پرریسک؛ فعلاً ورود نه,100,80,82.3,47,4650,20261005,3.8,4.3,31.2,-22.7,5.5,10.7,48.1,62,1,0,true,37.2,3.57,above,-5.1,1.17,4580,,1.43,27.15,1.35,1.15,7.6,849,5.48,5.15,6.4,4580,4497,5148,5480,3.26,نقدشوندگی کمتر از ۱۰ میلیارد تومان | آخرین معامله 20261005 (متوقف یا کم‌معامله)
فگستر,گسترش صنایع روی ایرانیان,فلزات اساسی,73.3,پرریسک؛ صفی/رشد عمودی,100,50,73,60,12900,20261006,5.7,22.7,157.9,104,9.5,35.3,186.6,74.5,11,0,false,61.3,2.88,above,-2.1,1.21,12520,,2.13,14.53,5.52,-19.02,36.74,1905,6.77,8.05,-15.9,12528,12334,14016,14760,1.97,سهم صفی: 11 روز از ۲۰ روز در صف (ریسک نقدشوندگی و اجرای حد ضرر) | رشد عمودی (158٪ در ۶۰ روز، 35٪ بالای MA50) | 187٪ بالای MA200
دی,بانک دی,بانکها و موسسات اعتباری,73.1,پرریسک؛ صفی/رشد عمودی,100,75,62.5,50,1785,20261006,2.8,24,75.3,21.4,12.5,30.9,88.8,70.4,10,0,true,30.3,2.96,above,-3,1.42,1525,1841,-144.48,27.6,2.74,181.34,158.47,414,4.31,,,1732,1679,1841,1947,0.53,سهم صفی: 10 روز از ۲۰ روز در صف (ریسک نقدشوندگی و اجرای حد ضرر) | رشد عمودی (75٪ در ۶۰ روز، 31٪ بالای MA50) | 89٪ بالای MA200
فرود,فولاد شاهرود,فلزات اساسی,73.1,پرریسک؛ صفی/رشد عمودی,100,85,88.5,16,10450,20261006,14.6,17.8,112.8,58.9,12.6,35.5,130.1,76.9,9,0,true,51.3,2.99,above,0,1.17,10050,,17.64,17.14,17.57,35.98,13.44,910,11.48,8.05,42.7,10138,9894,11387,12011,1.68,سهم صفی: 9 روز از ۲۰ روز در صف (ریسک نقدشوندگی و اجرای حد ضرر) | رشد عمودی (113٪ در ۶۰ روز، 35٪ بالای MA50) | 130٪ بالای MA200
پی پاد,پرداخت الکترونیک پاسارگاد,رایانه و فعالیت‌های وابسته به آن,73.1,قوی ولی پرریسک؛ فعلاً ورود نه,65,55,88.5,82,7290,20261006,-4.2,-10.2,95.4,41.5,-2.9,11.3,82.3,52.4,5,2,false,37.9,3.6,above,-12.7,1.26,7190,7830,31.17,63,2.1,66.24,33.63,1006,7.25,18.19,-60.2,7190,7059,7830,8350,2.33,82٪ بالای MA200 | شناوری کم (12٪) | صف فروش در ۵ روز اخیر
وپویا,سرمایه گذاری پویا,سرمایه گذاریها,73.1,قوی؛ نزدیک مقاومت، منتظر شکست یا پولبک,100,63,62,80,2734,20260926,11.6,15.7,53.2,-0.8,8.3,25.4,58.8,69.9,2,0,false,43.7,3.41,above,-1.3,1.06,2434,2770,2.06,-3.6,35.11,30.95,8.13,654,4.18,8.73,-52.1,2641,2547,2770,2957,0.19,واگرایی منفی RSI | 59٪ بالای MA200 | واگرایی منفی | نقدشوندگی کمتر از ۱۰ میلیارد تومان | آخرین معامله 20260926 (متوقف یا کم‌معامله)
خکمک,کمک‌فنرایندامین‌,خودرو و ساخت قطعات,73,زیر نظر,100,55,98,30,3044,20261006,13.4,7.3,38.6,-15.3,5,19.7,30.2,65.2,4,0,false,28.3,3.21,above,-11.5,1.24,2950,3250,7.89,18.11,1.63,14.55,11.8,47,64.77,,,2950,2901,3250,3439,1.44,P/E بالا (65) | توزیع: ورود حقیقی با سرانه خرید ضعیف (0.89 در ۲۰ روز)
مهرمام,مهرمام میهن,سلامت انسان و مددکاری اجتماعی,73,پرریسک؛ صفی/رشد عمودی,100,75,88,24,4710,20261006,4.7,32.7,75.7,21.7,10,27.9,62.6,76.5,6,0,true,61.7,3.3,above,-2.1,0.97,4520,,8.68,53.84,5.79,84.3,31.71,403,11.69,10.3,13.5,4555,4442,5176,5487,1.74,سهم صفی: 6 روز از ۲۰ روز در صف (ریسک نقدشوندگی و اجرای حد ضرر) | 63٪ بالای MA200
زملارد,کشاورزی و دامپروری ملارد شیر,زراعت و خدمات وابسته,73,قوی؛ نزدیک مقاومت، منتظر شکست یا پولبک,100,70,79,37,1538,20261006,-0.3,2.8,41.9,-12,2.9,10,57.8,58.8,3,0,true,33.6,3.73,above,-4.9,1.34,1388,1604,18.15,9.34,1.81,54.24,19.78,183,8.4,8.07,4.1,1481,1395,1604,1719,0.46,58٪ بالای MA200 | حد ضرر دور (9.3٪)
بتهران,بیمه اتکایی تهران رواک,بیمه وصندوق بازنشستگی به جزتامین اجتماعی,72.9,پرریسک؛ صفی/رشد عمودی,100,70,53.5,62,10400,20261006,13.2,51.4,218.2,164.3,24.2,57.4,,91.2,9,0,true,77.8,2.6,above,0,1.16,7710,,40.4,89.19,0.65,-8.3,16.5,956,10.88,18.13,-40,10130,9860,11210,11750,1.5,واگرایی منفی RSI | اشباع خرید | فاصله زیاد از MA20 | سهم صفی: 9 روز از ۲۰ روز در صف (ریسک نقدشوندگی و اجرای حد ضرر) | رشد عمودی (218٪ در ۶۰ روز، 57٪ بالای MA50) | 436٪ بالای کف ۵۲ هفته | سرانه خرید ضعیف (0.65) | واگرایی منفی
رافزا,رایان هم افزا,رایانه و فعالیت‌های وابسته به آن,72.9,پرریسک؛ صفی/رشد عمودی,100,75,71.5,60,20970,20261003,6.2,14.1,64,10.1,1.4,23.5,104.4,62.2,13,0,false,42.3,3.11,above,-9.7,1.31,19157,23225,3.94,-9.06,62.93,18.6,13.24,2957,7.09,8.89,-20.2,20318,19339,23225,24530,1.38,سهم صفی: 13 روز از ۲۰ روز در صف (ریسک نقدشوندگی و اجرای حد ضرر) | 104٪ بالای MA200 | حد ضرر دور (7.8٪) | آخرین معامله 20261003 (متوقف یا کم‌معامله)
شفارا,پتروشیمی فارابی,محصولات شیمیایی,72.9,پرریسک؛ صفی/رشد عمودی,100,85,78.5,25,2013,20261006,15.8,18.2,68.3,14.3,14.7,32.9,65.5,79.1,8,0,true,46.8,3.04,above,0,0.37,1838,,2.99,1.34,5.4,13.08,9.93,126,15.98,,,1952,1860,2196,2319,1.2,واگرایی منفی RSI | اشباع خرید | سهم صفی: 8 روز از ۲۰ روز در صف (ریسک نقدشوندگی و اجرای حد ضرر) | رشد عمودی (68٪ در ۶۰ روز، 33٪ بالای MA50) | توزیع: ورود حقیقی با سرانه خرید ضعیف (0.69 در ۲۰ روز) | 66٪ بالای MA200 | واگرایی منفی | حد ضرر دور (7.6٪) | نقدشوندگی کمتر از ۱۰ میلیارد تومان
کنور,توسعه معدنی و صنعتی صبانور,استخراج کانه های فلزی,72.7,پرریسک؛ صفی/رشد عمودی,100,85,40.9,62,6960,20261006,8.1,14.7,98.3,44.4,10.1,30.7,104.7,76.2,4,0,true,47.4,3.24,above,-0.3,0.92,6500,,0.9,-79,1.35,-2.32,22.25,738,9.43,13.76,-31.5,6734,6396,7637,8088,1.2,واگرایی منفی RSI | خروج مستمر پول حقیقی | رشد عمودی (98٪ در ۶۰ روز، 31٪ بالای MA50) | 105٪ بالای MA200 | واگرایی منفی | حد ضرر دور (8.1٪) | شناوری کم (9٪)
پخش,پخش البرز,مواد و محصولات دارویی,72.6,قوی؛ نزدیک مقاومت، منتظر شکست یا پولبک,100,70,54.5,60,14880,20261006,-0.1,11.3,28.8,-25.1,5.6,14.8,80.1,63.2,3,0,true,35.8,3.57,above,-5.2,1.31,14450,15700,81.87,208.96,0.68,-102.65,68.43,2029,7.33,8.86,-17.2,14450,14184,15700,16763,1.18,توزیع: ورود حقیقی با سرانه خرید ضعیف (0.67 در ۲۰ روز) | 80٪ بالای MA200 | سرانه خرید ضعیف (0.68)
خرینگ,رینگ‌سازی‌مشهد,خودرو و ساخت قطعات,72.6,پرریسک؛ صفی/رشد عمودی,100,70,89.5,25,21360,20261006,15.6,39.8,102.7,48.8,19.7,41.4,85.9,86,4,0,true,73.4,2.87,above,0,0.69,18290,,8.82,22.82,3.64,27.97,15.33,1668,12.81,,,20747,20134,23199,24425,1.5,واگرایی منفی RSI | اشباع خرید | فاصله زیاد از MA20 | رشد عمودی (103٪ در ۶۰ روز، 41٪ بالای MA50) | 86٪ بالای MA200 | واگرایی منفی
رتاپ,تجارت الکترونیک  پارسیان,رایانه و فعالیت‌های وابسته به آن,72.6,قوی ولی پرریسک؛ فعلاً ورود نه,100,100,35.5,55,10020,20261006,12.6,20.6,71,17.1,7.5,14.6,115.1,67.9,2,0,true,40.6,2.89,above,-0.5,0.53,9765,,-17.32,-127.14,1.94,12.36,17.68,806,12.43,18.19,-31.7,9765,9620,10889,11468,2.17,واگرایی منفی RSI | خروج مستمر پول حقیقی | 115٪ بالای MA200 | واگرایی منفی
معین,بیمه ایران - معین,بیمه وصندوق بازنشستگی به جزتامین اجتماعی,72.6,پرریسک؛ صفی/رشد عمودی,100,75,38.5,72,3490,20261006,3.6,17.7,68,14.1,10.6,30.2,65.9,76.4,3,0,true,63.2,3.2,above,-4.4,1.12,3130,,-7.22,-5.37,3,32.32,13.21,644,5.42,18.13,-70.1,3378,3267,3825,4048,1.5,رشد عمودی (68٪ در ۶۰ روز، 30٪ بالای MA50) | 66٪ بالای MA200
فپنتا,سپنتا,فلزات اساسی,72.6,پرریسک؛ صفی/رشد عمودی,100,85,72.5,30,53780,20261006,15.3,22.8,73.9,20,10.5,34.2,47.7,73.8,13,0,true,47,2.72,above,-5,1.22,52467,56622,-7.85,92.9,3.19,34.19,30.48,4100,13.12,13.48,-2.7,52467,51737,56622,59543,1.39,سهم صفی: 13 روز از ۲۰ روز در صف (ریسک نقدشوندگی و اجرای حد ضرر) | رشد عمودی (74٪ در ۶۰ روز، 34٪ بالای MA50) | توزیع: ورود حقیقی با سرانه خرید ضعیف (0.88 در ۲۰ روز)
فزرین,زرین معدن آسیا,فلزات اساسی,72.5,پرریسک؛ صفی/رشد عمودی,90,65,73,57,9460,20261006,-0.1,1.6,96.6,42.7,-4.1,17,119.2,55.2,12,1,false,52.5,3.23,above,-14.6,1.92,9190,10040,44,66.76,2.22,-30.64,34.51,1184,7.99,8.05,-0.7,9190,9037,10040,11080,1.37,سهم صفی: 12 روز از ۲۰ روز در صف (ریسک نقدشوندگی و اجرای حد ضرر) | توزیع: ورود حقیقی با سرانه خرید ضعیف (0.64 در ۲۰ روز) | 119٪ بالای MA200 | صف فروش در ۵ روز اخیر
دزاگرس,دارویی و نهاده های زاگرس دارو,مواد و محصولات دارویی,72.5,پرریسک؛ صفی/رشد عمودی,100,70,90,24,31350,20261006,15.9,23.5,73.9,20,22.1,30.3,133.4,80.7,8,0,true,49.9,2.65,above,0,0.28,26970,,58.54,169.58,8.37,105.63,77.06,3000,10.45,8.86,17.9,30519,29689,33842,35504,1.5,اشباع خرید | فاصله زیاد از MA20 | سهم صفی: 8 روز از ۲۰ روز در صف (ریسک نقدشوندگی و اجرای حد ضرر) | رشد عمودی (74٪ در ۶۰ روز، 30٪ بالای MA50) | 133٪ بالای MA200
ثپهران,توسعه ساختمان سپهر تهران,انبوه سازی، املاک و مستغلات,72.5,پرریسک؛ صفی/رشد عمودی,100,70,90,24,6100,20261006,12.3,51,69.9,16,25.2,45.6,,92.7,6,0,true,56.5,2.54,above,0,1.13,4326,,26.86,86.04,11.52,122.22,25.02,721,8.46,6.61,28,5945,5790,6564,6874,1.5,واگرایی منفی RSI | اشباع خرید | فاصله زیاد از MA20 | سهم صفی: 6 روز از ۲۰ روز در صف (ریسک نقدشوندگی و اجرای حد ضرر) | رشد عمودی (70٪ در ۶۰ روز، 46٪ بالای MA50) | واگرایی منفی | شناوری کم (11٪)
اسیاتک,انتقال داده های آسیاتک,اطلاعات و ارتباطات,72.4,پرریسک؛ صفی/رشد عمودی,100,85,21.5,80,4920,20261006,10.3,12.8,121.2,67.3,13.3,31,91,78.8,3,0,true,42.2,3.07,above,0,1.11,4470,,-29.15,-32.97,2.33,-51.28,42.18,1000,4.92,7.97,-38.3,4769,4542,5373,5675,1.2,واگرایی منفی RSI | اشباع خرید | رشد عمودی (121٪ در ۶۰ روز، 31٪ بالای MA50) | 91٪ بالای MA200 | واگرایی منفی | حد ضرر دور (7.7٪)
دتوزیع,توزیع دارو پخش,مواد و محصولات دارویی,72.4,پرریسک؛ صفی/رشد عمودی,100,70,89.5,24,7800,20261006,15.6,22.3,77.7,23.8,19.5,31.1,135,80.3,9,0,true,44.8,2.76,above,0,0.29,6790,,16.36,46.54,7.06,26.72,21.6,739,10.55,8.86,19.1,7585,7370,8445,8874,1.5,واگرایی منفی RSI | اشباع خرید | فاصله زیاد از MA20 | سهم صفی: 9 روز از ۲۰ روز در صف (ریسک نقدشوندگی و اجرای حد ضرر) | رشد عمودی (78٪ در ۶۰ روز، 31٪ بالای MA50) | 135٪ بالای MA200 | واگرایی منفی
شگل,گلتاش‌,محصولات شیمیایی,72.3,پرریسک؛ صفی/رشد عمودی,100,75,72.3,37,3400,20261006,1.8,10.8,92.3,38.3,4.7,18.8,88.1,64.6,9,0,false,33.3,3.27,above,-3.1,1.32,2933,3441,6.79,5.63,1.57,-3.49,11.34,339,10.03,9.63,4.1,3289,3177,3441,3510,0.18,سهم صفی: 9 روز از ۲۰ روز در صف (ریسک نقدشوندگی و اجرای حد ضرر) | 88٪ بالای MA200
محتشم,نساجی هدیه البرز مشهد,منسوجات,72.1,پرریسک؛ صفی/رشد عمودی,100,70,88.5,24,19240,20261006,14.9,53.3,96.5,42.6,20.6,46.6,98.8,84.9,11,0,true,52,2.61,above,0,0.51,16030,,16.57,101.5,8.21,80.54,59.05,1926,9.99,7.72,29.4,18738,18236,20746,21750,1.5,واگرایی منفی RSI | اشباع خرید | فاصله زیاد از MA20 | سهم صفی: 11 روز از ۲۰ روز در صف (ریسک نقدشوندگی و اجرای حد ضرر) | رشد عمودی (97٪ در ۶۰ روز، 47٪ بالای MA50) | 99٪ بالای MA200 | واگرایی منفی
ریشمک,تولید و صادرات ریشمک,مواد و محصولات دارویی,72.1,پرریسک؛ صفی/رشد عمودی,100,85,63.5,37,19320,20261006,14.6,16.5,90.7,36.8,15.6,36.3,98.1,78.7,7,0,true,41.8,2.68,above,0,1.02,17940,,1.84,-8.02,2.14,27.99,25.31,2342,8.25,8.86,-6.9,18801,18023,20876,21914,1.2,اشباع خرید | فاصله زیاد از MA20 | سهم صفی: 7 روز از ۲۰ روز در صف (ریسک نقدشوندگی و اجرای حد ضرر) | رشد عمودی (91٪ در ۶۰ روز، 36٪ بالای MA50) | 98٪ بالای MA200
کوچین,تولیدی کوچین,محصولات غذایی و آشامیدنی به جز قند و شکر,72,پرریسک؛ صفی/رشد عمودی,95,80,63,47,18650,20261006,10.5,3.3,41.9,-12,7.8,15.3,,67.8,6,0,true,25.6,3.21,above,-2.6,0.87,17250,19140,17.13,-95.35,3.71,79.77,42.73,2530,7.37,7.05,4.6,18052,17155,19140,20336,0.33,خروج مستمر پول حقیقی | سهم صفی: 6 روز از ۲۰ روز در صف (ریسک نقدشوندگی و اجرای حد ضرر) | 349٪ بالای کف ۵۲ هفته | حد ضرر دور (8.0٪)
زپارس,ملی کشت و صنعت و دامپروری پارس,زراعت و خدمات وابسته,72,پرریسک؛ صفی/رشد عمودی,100,85,84,16,49470,20261006,15.5,25.7,78,24.1,18.7,34.3,91.5,79.2,7,0,true,36.7,2.79,above,0,1.75,43190,,14.78,13.35,1.75,-1.87,12.4,4640,10.66,6.33,68.4,48091,46712,53606,56364,1.5,واگرایی منفی RSI | اشباع خرید | فاصله زیاد از MA20 | سهم صفی: 7 روز از ۲۰ روز در صف (ریسک نقدشوندگی و اجرای حد ضرر) | رشد عمودی (78٪ در ۶۰ روز، 34٪ بالای MA50) | 92٪ بالای MA200 | واگرایی منفی | شناوری کم (13٪)
خپویش,سازه‌ پویش‌,خودرو و ساخت قطعات,72,زیر نظر,100,60,100,20,6250,20261006,11.2,65.3,96.3,42.4,23.7,57.5,102.2,92.4,16,0,true,72.4,2.57,above,-3.5,1.64,4001,,16.35,54.66,7.26,5.21,10.11,196,31.89,,,6089,5929,6732,7054,1.5,اشباع خرید | فاصله زیاد از MA20 | سهم صفی: 16 روز از ۲۰ روز در صف (ریسک نقدشوندگی و اجرای حد ضرر) | رشد عمودی (96٪ در ۶۰ روز، 58٪ بالای MA50) | P/E بالا (32) | 102٪ بالای MA200
قچار,فراوردههای غذایی وقند چهارمحال,قند و شکر,71.9,قوی ولی پرشده؛ منتظر پولبک,100,85,62.5,37,6130,20261006,9.5,26,73.8,19.8,9.4,24,92,76.7,2,0,true,64.5,3.41,above,0,0.77,5865,,2.48,-4.63,1.78,10.63,35.46,655,9.36,9.57,-2.2,5921,5760,6758,7177,1.7,واگرایی منفی RSI | 92٪ بالای MA200 | واگرایی منفی
شفام,تولیدی و صنعتی گوهرفام,محصولات شیمیایی,71.9,پرریسک؛ صفی/رشد عمودی,95,73,99,16,3134,20261006,15.9,14.3,45.3,-8.6,11.9,20.7,50.3,70.9,7,0,true,28.6,2.98,above,0,1.32,3079,,14.92,17.33,127.2,27.23,5.32,282,11.11,8.01,38.7,3079,3032,3414,3600,2.75,سهم صفی: 7 روز از ۲۰ روز در صف (ریسک نقدشوندگی و اجرای حد ضرر) | 50٪ بالای MA200 | نقدشوندگی کمتر از ۱۰ میلیارد تومان
عالیس,بهار رز عالیس چناران,محصولات غذایی و آشامیدنی به جز قند و شکر,71.8,قوی؛ نزدیک مقاومت، منتظر شکست یا پولبک,95,45,77,60,6090,20261006,0.8,-3.6,31.6,-22.3,0.1,6.3,53.9,56.2,0,0,false,22,3.65,above,-8.4,0.96,5870,6220,62.17,271,1.12,6.7,46.3,1000,6.09,7.05,-13.6,5870,5759,6220,6650,0.39,توزیع: ورود حقیقی با سرانه خرید ضعیف (0.77 در ۲۰ روز) | 54٪ بالای MA200
غگلستا,شیر پاستوریزه پگاه گلستان,محصولات غذایی و آشامیدنی به جز قند و شکر,71.8,پرریسک؛ صفی/رشد عمودی,100,85,83,16,18990,20261006,14.5,12.5,77.3,23.4,11.1,27.8,84.8,73.7,7,0,true,38.1,3.06,above,0,1.47,18590,,11.03,18.02,2.99,-7.41,12.36,1656,11.47,7.05,62.7,18590,18300,20732,21894,2.52,سهم صفی: 7 روز از ۲۰ روز در صف (ریسک نقدشوندگی و اجرای حد ضرر) | 85٪ بالای MA200
خودکفا,اقتصادی و خودکفایی آزادگان,محصولات غذایی و آشامیدنی به جز قند و شکر,71.8,پرریسک؛ صفی/رشد عمودی,95,85,73,32,17650,20261006,14.8,12.6,118.7,64.8,12.9,19,101.5,74.1,7,0,true,43.4,3.09,above,0,1.36,16830,,6.97,-33.3,3.03,44.96,18.17,1687,10.46,,,17105,16557,19286,20377,1.5,خروج مستمر پول حقیقی | سهم صفی: 7 روز از ۲۰ روز در صف (ریسک نقدشوندگی و اجرای حد ضرر) | رشد عمودی (119٪ در ۶۰ روز، 19٪ بالای MA50) | 102٪ بالای MA200
آردینه,نشاسته و گلوکز آردینه,محصولات غذایی و آشامیدنی به جز قند و شکر,71.6,قوی ولی پرریسک؛ فعلاً ورود نه,100,100,52.5,34,37330,20261006,12.2,13.5,55.9,1.9,9.1,17.5,84.8,69.8,4,0,true,21.1,3.36,above,-0.1,0.58,33080,,-3.17,18.73,7.07,23.24,25.98,4668,8,7.05,13.4,36077,34824,41090,43596,1.5,85٪ بالای MA200
سنوین,سرمایه گذاری اقتصاد نوین,سرمایه گذاریها,71.6,قوی؛ نزدیک مقاومت، منتظر شکست یا پولبک,100,45,88.5,42,3600,20261006,0.6,4.7,35.7,-18.2,4.2,13,42.7,62.4,3,0,false,26.2,3.37,above,-3,0.61,3500,3710,3.59,10.86,2.67,3.5,3.44,612,5.88,,,3500,3439,3710,3952,0.68,واگرایی منفی RSI | واگرایی منفی | نقدشوندگی کمتر از ۱۰ میلیارد تومان
غگل,گلوکوزان‌,محصولات غذایی و آشامیدنی به جز قند و شکر,71.5,قوی ولی پرریسک؛ فعلاً ورود نه,83,80,98.5,24,7490,20261006,12.6,9.3,14.2,-39.7,9.7,11.2,49.9,66.7,1,0,true,18.9,3.1,above,-0.1,1.41,7241,,17.03,23.78,2.59,68.24,17.13,706,10.61,8.53,24.4,7257,7124,8188,8653,1.91,واگرایی منفی RSI | واگرایی منفی
فسپا,گروه‌صنعتی‌سپاهان‌,فلزات اساسی,71.5,پرریسک؛ صفی/رشد عمودی,100,70,48,62,10320,20261006,14.4,53.6,206.7,152.8,22.5,57.9,217.6,94.1,13,0,true,75.3,2.65,above,0,0.88,6130,,25.38,-25.71,7.68,-38.81,50.96,1216,8.49,13.48,-37,10046,9772,11141,11689,1.5,اشباع خرید | فاصله زیاد از MA20 | سهم صفی: 13 روز از ۲۰ روز در صف (ریسک نقدشوندگی و اجرای حد ضرر) | رشد عمودی (207٪ در ۶۰ روز، 58٪ بالای MA50) | 218٪ بالای MA200
وحکمت,بیمه حکمت صبا,بیمه وصندوق بازنشستگی به جزتامین اجتماعی,71.5,ورود پله‌ای,100,70,78,32,1635,20261006,-2.1,12.1,33.5,-20.5,4.5,12.2,29.5,59.5,1,0,true,27.9,3.65,above,-7,1.14,1589,1758,2.47,11.15,2.4,24.95,11.79,199,8.22,,,1589,1559,1758,1877,1.61,
چکارن,کارتن‌ ایران‌,محصولات کاغذی,71.5,قوی؛ نزدیک مقاومت، منتظر شکست یا پولبک,95,80,86,62,5230,20261006,9.4,7.7,38.3,-15.6,5.7,14.1,49.1,65.5,1,0,true,23.4,3.1,above,-2.4,1.26,5040,5359,0.21,0.2,4.44,8.95,2.61,476,10.99,16.48,-33.3,5068,4959,5359,5684,0.48,نقدشوندگی پایین | واگرایی منفی RSI | واگرایی منفی | نقدشوندگی کمتر از ۱۰ میلیارد تومان
کمینا,شیشه سازی مینا,سایر محصولات کانی غیرفلزی,71.5,زیر نظر,100,60,98,20,19050,20261006,10.1,43,115.9,62,23,53.6,133,88.7,8,0,true,75.1,2.92,above,-1.3,1.39,13770,,3.87,31.2,2.17,13.62,6.74,259,73.55,,,18495,17939,20716,21827,1.5,اشباع خرید | فاصله زیاد از MA20 | سهم صفی: 8 روز از ۲۰ روز در صف (ریسک نقدشوندگی و اجرای حد ضرر) | رشد عمودی (116٪ در ۶۰ روز، 54٪ بالای MA50) | P/E بالا (74) | 133٪ بالای MA200 | نقدشوندگی کمتر از ۱۰ میلیارد تومان
چافست,افست‌,انتشار، چاپ و تکثیر,71.4,پرریسک؛ صفی/رشد عمودی,100,85,63.5,34,27060,20261006,15.8,17.7,95,41,16,24.4,97.3,77.2,8,0,true,43.9,3.03,above,0,0.1,25200,,1.28,-5.42,19.42,3.61,7.16,4380,6.18,5.01,23.3,26241,25012,29517,31155,1.2,فاصله زیاد از MA20 | سهم صفی: 8 روز از ۲۰ روز در صف (ریسک نقدشوندگی و اجرای حد ضرر) | 97٪ بالای MA200 | حد ضرر دور (7.6٪) | نقدشوندگی کمتر از ۱۰ میلیارد تومان
پترول,گ.س.وت.ص.پتروشیمی خلیج فارس,محصولات شیمیایی,71.3,ورود پله‌ای,85,45,57.3,90,2441,20261006,-2.2,1.5,38.5,-15.4,-3.8,5.5,46.4,50.4,2,0,false,27.3,3.53,above,-13.6,0.83,2406,2580,6.89,51.64,1.37,-14.31,65.26,729,3.35,9.63,-65.2,2406,2363,2580,2825,1.78,
زفارس,کشت وصنعت و دامپروری پگاه فارس,زراعت و خدمات وابسته,71.1,قوی ولی پرریسک؛ فعلاً ورود نه,95,55,89.5,37,25270,20261006,3.4,7.3,37.9,-16.1,3.4,14.9,,63,4,0,false,35,3.2,above,-6.3,1.07,24440,26970,1.77,20.1,2.62,22.15,10.52,2916,8.67,8.07,7.4,24460,24035,26970,28590,1.38,واگرایی منفی RSI | 187٪ بالای کف ۵۲ هفته | واگرایی منفی
شمس,تولید انرژی برق شمس پاسارگاد,عرضه برق، گاز، بخاروآب گرم,71,قوی؛ نزدیک مقاومت، منتظر شکست یا پولبک,100,70,99,9,12370,20261006,2.4,10,42.5,-11.4,3.5,6.1,89.9,58.1,0,0,true,30.1,3.6,above,-4.3,1.25,11270,12873,40.34,90.18,4.52,63.93,16.18,887,13.95,10.04,38.9,11925,11257,12873,13763,0.45,90٪ بالای MA200 | حد ضرر دور (9.0٪)
دیران,ایران‌دارو,مواد و محصولات دارویی,71,پرریسک؛ صفی/رشد عمودی,100,70,78,30,21190,20261006,10.1,21.9,262.2,208.3,14.6,44.3,204.6,81.7,15,0,true,69.2,2.75,above,-0.2,1.1,19400,,15.9,12.01,2.7,76.51,36.16,1532,13.83,12.91,7.1,20606,20023,22941,24108,1.5,اشباع خرید | سهم صفی: 15 روز از ۲۰ روز در صف (ریسک نقدشوندگی و اجرای حد ضرر) | رشد عمودی (262٪ در ۶۰ روز، 44٪ بالای MA50) | توزیع: ورود حقیقی با سرانه خرید ضعیف (0.90 در ۲۰ روز) | 205٪ بالای MA200
پاسا,ایران‌یاساتایرورابر,لاستیک و پلاستیک,71,قوی ولی پرشده؛ منتظر پولبک,100,85,36,60,12180,20261006,11.8,15.9,91.8,37.9,13,28.9,90.3,78.3,0,0,true,53.6,3.1,above,-0.1,1.01,11120,,-19.45,-13.57,1.56,31.49,31.03,2053,5.93,8.21,-27.7,11802,11235,13314,14070,1.2,واگرایی منفی RSI | اشباع خرید | 90٪ بالای MA200 | واگرایی منفی | حد ضرر دور (7.8٪)
جم,پتروشیمی جم,محصولات شیمیایی,70.9,پرریسک؛ صفی/رشد عمودی,100,70,98.5,9,81230,20261006,13.2,36.1,149.9,96,18.7,46.4,81,88.4,3,0,true,66.2,2.83,above,-1,1.29,67480,,89.5,145.52,2.72,71.26,45.22,4968,16.35,9.63,69.8,78930,76630,88130,92730,1.5,اشباع خرید | فاصله زیاد از MA20 | رشد عمودی (150٪ در ۶۰ روز، 46٪ بالای MA50) | 81٪ بالای MA200
کگاز,شیشه‌ و گاز,سایر محصولات کانی غیرفلزی,70.9,قوی ولی پرریسک؛ فعلاً ورود نه,90,55,71.5,60,51170,20261006,1.9,8,31.9,-22,-1.2,13.1,52.3,56.8,4,0,false,31,3.68,above,-11.7,0.56,47264,57980,4.34,91.39,4.59,-3.15,17.79,5055,10.12,12.75,-20.6,49286,46461,57980,61748,1.45,توزیع: ورود حقیقی با سرانه خرید ضعیف (0.65 در ۲۰ روز) | 52٪ بالای MA200 | حد ضرر دور (9.2٪)
فنفت,صنایع تجهیزات نفت,فلزات اساسی,70.8,قوی ولی پرریسک؛ فعلاً ورود نه,100,100,59.2,24,5430,20261006,13.6,6.9,58.1,4.1,9,14,50.5,67.4,2,0,true,23.6,2.97,above,-0.5,1.19,5310,,2.1,-3.58,1.49,11.77,7.22,529,10.26,8.05,27.5,5310,5229,5914,6237,2.41,50٪ بالای MA200 | نقدشوندگی کمتر از ۱۰ میلیارد تومان
ناما,تولیدی مخازن گازطبیعی آسیاناما,خودرو و ساخت قطعات,70.8,قوی؛ نزدیک مقاومت، منتظر شکست یا پولبک,95,80,89,16,4740,20261006,14.5,9,13.9,-40,11.2,13.7,35.3,67.8,3,0,true,20.6,3.15,above,-1,1.08,4610,4790,15.83,8.39,13.81,26.58,8.29,583,8.13,5.87,38.5,4610,4535,4790,5089,0.24,توزیع: ورود حقیقی با سرانه خرید ضعیف (0.73 در ۲۰ روز) | نقدشوندگی کمتر از ۱۰ میلیارد تومان
شیفته,کشت و صنعت شیفته آرای شرق,محصولات غذایی و آشامیدنی به جز قند و شکر,70.6,قوی ولی پرریسک؛ فعلاً ورود نه,100,85,78.5,16,16420,20261006,6.6,16.1,68.6,14.7,10,21.1,,71,1,0,true,52.4,3.3,above,-2,0.88,15100,,10.87,6.88,34.18,75.91,20.9,1559,10.53,7.05,49.4,15878,15064,18047,19132,1.2,حد ضرر دور (8.3٪)
تبرک,گروه کارخانجات صنعتی تبرک,محصولات غذایی و آشامیدنی به جز قند و شکر,70.6,پرریسک؛ صفی/رشد عمودی,95,80,88.5,16,22470,20261006,8.3,6.1,34.4,-19.6,5.4,17.2,54.9,64.1,6,0,true,25.1,3.38,above,-3.7,0.88,19612,23340,0.59,15.07,4.7,3.31,4.58,2192,10.25,7.05,45.4,21710,20950,23340,24860,0.57,سهم صفی: 6 روز از ۲۰ روز در صف (ریسک نقدشوندگی و اجرای حد ضرر) | 55٪ بالای MA200 | نقدشوندگی کمتر از ۱۰ میلیارد تومان
نمرینو,ایران‌ مرینوس‌,منسوجات,70.6,پرریسک؛ صفی/رشد عمودی,100,70,82.3,24,9470,20261006,11.5,39.2,79.6,25.7,19.3,36.4,62.1,86.2,5,0,true,53,2.93,above,-0.2,1.57,7200,,4.22,10.42,1.51,-7.33,5.38,953,9.94,7.72,28.7,9193,8916,10302,10856,1.5,واگرایی منفی RSI | اشباع خرید | فاصله زیاد از MA20 | رشد عمودی (80٪ در ۶۰ روز، 36٪ بالای MA50) | توزیع: ورود حقیقی با سرانه خرید ضعیف (0.88 در ۲۰ روز) | 62٪ بالای MA200 | واگرایی منفی | نقدشوندگی کمتر از ۱۰ میلیارد تومان
وبانک,سرمایه گذاری گروه توسعه ملی,شرکتهای چند رشته ای صنعتی,70.1,پرریسک؛ صفی/رشد عمودی,100,70,32.5,72,14630,20261006,10.4,24.1,87.4,33.5,15.5,37.8,93.8,81.4,6,0,true,63,2.92,above,0,1.17,12545,,325.31,-28.61,0.94,-175.99,193.68,2109,6.94,10.88,-36.2,14203,13776,15911,16764,1.5,واگرایی منفی RSI | اشباع خرید | فاصله زیاد از MA20 | سهم صفی: 6 روز از ۲۰ روز در صف (ریسک نقدشوندگی و اجرای حد ضرر) | رشد عمودی (87٪ در ۶۰ روز، 38٪ بالای MA50) | 94٪ بالای MA200 | واگرایی منفی
وهور,گروه س.انرژی امید  تابان هور,عرضه برق، گاز، بخاروآب گرم,70.1,پرریسک؛ صفی/رشد عمودی,100,65,99.5,9,3035,20261006,13,15,39.9,-14,16.6,22.7,62.8,75.1,8,0,true,27.5,3.03,above,0,1.97,2889,,42.07,66.94,4.48,113.6,39.79,230,13.2,10.04,31.4,2943,2843,3311,3495,1.44,فاصله زیاد از MA20 | سهم صفی: 8 روز از ۲۰ روز در صف (ریسک نقدشوندگی و اجرای حد ضرر) | 63٪ بالای MA200
ولنوین,لیزینگ اقتصاد نوین,سایر واسطه گریهای مالی,70.1,قوی ولی پرشده؛ منتظر پولبک,100,73,78,24,3490,20261006,14.7,19.1,45.3,-8.7,13.6,28.1,66.6,76.4,2,0,true,43.3,3.06,above,0,0.63,3211,,7.19,0.69,29.8,13.72,5.39,294,11.87,9.94,19.4,3383,3223,3810,4023,1.2,67٪ بالای MA200 | حد ضرر دور (7.6٪) | نقدشوندگی کمتر از ۱۰ میلیارد تومان | شناوری کم (14٪)
شگستر,گسترش سوخت سبززاگرس(سهامی عام),محصولات شیمیایی,70,زیر نظر,100,70,100,4,2503,20261006,12.6,40.9,163,109.1,21,58.8,124.3,90.6,11,0,true,69.6,2.64,above,0,1.76,1998,,232.66,318.85,5.58,20.44,92.99,36,69.53,9.63,622,2437,2371,2701,2833,1.5,اشباع خرید | فاصله زیاد از MA20 | سهم صفی: 11 روز از ۲۰ روز در صف (ریسک نقدشوندگی و اجرای حد ضرر) | رشد عمودی (163٪ در ۶۰ روز، 59٪ بالای MA50) | P/E بالا (70) | 124٪ بالای MA200
ودی,بیمه  دی,بیمه وصندوق بازنشستگی به جزتامین اجتماعی,69.9,زیر نظر,100,75,27.6,72,7120,20261006,2.9,16.7,70.7,16.8,10.4,23.8,60.7,70.4,1,0,true,43.9,2.99,above,-0.1,1.14,6410,,-2.41,2.71,1.16,-2.66,3.32,1197,5.95,18.13,-67.2,6907,6694,7759,8184,1.5,واگرایی منفی RSI | 61٪ بالای MA200 | واگرایی منفی | نقدشوندگی کمتر از ۱۰ میلیارد تومان
بازرگام,پست پیشگامان,اطلاعات و ارتباطات,69.9,زیر نظر,100,70,78.5,25,6140,20261006,9.8,48.3,86,32.1,19.7,43.8,67.3,91,5,0,true,60,2.71,above,0,0.73,5660,,20.19,117.35,1.16,8.31,28.03,341,18.01,,,5973,5723,6640,6973,1.2,اشباع خرید | فاصله زیاد از MA20 | رشد عمودی (86٪ در ۶۰ روز، 44٪ بالای MA50) | 67٪ بالای MA200
آباد,توریستی ورفاهی آبادگران ایران,هتل و رستوران,69.9,زیر نظر,100,73,89,12,1169,20261006,15.7,11.2,53.2,-0.7,13,31.9,39.5,76.3,9,0,true,34.1,2.95,above,-8.9,0.79,1147,1283,11.84,12.69,7.26,26.36,8.81,3,389.67,307,26.9,1147,1130,1283,1352,2.89,سهم صفی: 9 روز از ۲۰ روز در صف (ریسک نقدشوندگی و اجرای حد ضرر) | رشد عمودی (53٪ در ۶۰ روز، 32٪ بالای MA50) | P/E بالا (390) | توزیع: ورود حقیقی با سرانه خرید ضعیف (0.90 در ۲۰ روز) | نقدشوندگی کمتر از ۱۰ میلیارد تومان
غمایه,شرکت خمیرمایه رضوی,محصولات غذایی و آشامیدنی به جز قند و شکر,69.8,زیر نظر,100,100,63,16,26640,20261006,10.2,11.8,61.5,7.6,8.1,19.1,96.3,67.5,5,0,true,26.8,3.16,above,0,1.18,23500,,15.61,-5.46,9.33,17.07,7.3,2821,9.44,7.05,33.9,25799,24958,29163,30845,1.5,96٪ بالای MA200 | نقدشوندگی کمتر از ۱۰ میلیارد تومان
وپخش,داروپخش‌ (هلدینگ‌,مواد و محصولات دارویی,69.7,زیر نظر,100,73,83.5,17,59770,20261006,9.3,24.9,44,-10,16.3,25.4,104,75.3,7,0,true,31.1,3.14,above,0,1.33,52180,,57.13,149.6,3.13,-56.06,45.11,3800,15.73,12.91,21.8,57890,56010,65409,69169,1.5,واگرایی منفی RSI | فاصله زیاد از MA20 | سهم صفی: 7 روز از ۲۰ روز در صف (ریسک نقدشوندگی و اجرای حد ضرر) | توزیع: ورود حقیقی با سرانه خرید ضعیف (0.66 در ۲۰ روز) | 104٪ بالای MA200 | واگرایی منفی | شناوری کم (11٪)
سفانو,سیمان فارس نو,سیمان، آهک و گچ,69.7,زیر نظر,95,80,53.9,47,62740,20261006,10.5,4,40.7,-13.2,8.3,13.6,68.2,68.3,3,0,true,23.9,3.5,above,-2.7,1.38,56415,64480,2.68,5.83,0.83,-16.15,12.21,8458,7.42,7.14,3.9,60542,57245,64480,68876,0.32,توزیع: ورود حقیقی با سرانه خرید ضعیف (0.56 در ۲۰ روز) | 68٪ بالای MA200 | حد ضرر دور (8.8٪)
خگستر,گسترش‌سرمایه‌گذاری‌ایران‌خودرو,خودرو و ساخت قطعات,69.6,زیر نظر,95,70,88.5,20,4310,20261006,10.8,-0.7,36.8,-17.1,5.3,15.1,41.8,64.7,3,0,true,27.6,3.42,above,-4,1.26,4170,4490,154.84,107.09,3.47,482.2,206.02,88,48.98,,,4170,4096,4490,4785,0.84,واگرایی منفی RSI | P/E بالا (49) | واگرایی منفی
وتوکا,سرمایه‌گذاری‌توکافولاد(هلدینگ,فلزات اساسی,69.6,زیر نظر,95,75,32.5,72,3930,20261006,7.1,5.4,83.5,29.6,6.2,23,56.3,66.7,4,0,false,36.3,3.25,above,-2,1.33,3590,4010,-27.4,-26.84,2.99,-6.24,34.83,724,5.43,13.48,-59.7,3802,3610,4010,4266,0.25,واگرایی منفی RSI | 56٪ بالای MA200 | واگرایی منفی | حد ضرر دور (8.1٪)
وسپهر,گروه سرمایه گذاری سپهر صادرات,شرکتهای چند رشته ای صنعتی,69.6,زیر نظر,95,45,73.5,55,4870,20261006,3.2,-3.2,37.6,-16.4,1.6,10.5,34.7,57.8,0,0,false,38.2,3.4,above,-5.4,1.21,4790,5150,17.42,-27.6,6.96,64.38,15.17,1149,4.24,4.03,5.2,4790,4707,5150,5481,1.72,واگرایی منفی RSI | خروج مستمر پول حقیقی | واگرایی منفی
ثنور,سرمایه گذاری کوه نور,انبوه سازی، املاک و مستغلات,69.5,زیر نظر,100,75,78,20,7240,20261006,3,5.1,64.1,10.1,2.8,16.2,83.5,61.8,1,0,false,43.9,3.19,above,-4,0.87,6640,7540,0.19,0.59,2.99,5.76,3.16,26,278.46,,,7009,6663,7540,8002,0.52,P/E بالا (278) | 84٪ بالای MA200 | حد ضرر دور (8.0٪) | نقدشوندگی کمتر از ۱۰ میلیارد تومان
شتوکا,توکا رنگ فولاد سپاهان,محصولات شیمیایی,69.4,زیر نظر,100,70,77.6,24,14650,20261006,14,69,113.9,59.9,26.9,65.4,131.1,96.4,16,0,true,79.8,2.57,above,0,1.53,7760,,7.82,29.97,1.35,-13.2,18.36,1545,9.48,8.01,18.4,14273,13896,15781,16534,1.5,اشباع خرید | فاصله زیاد از MA20 | سهم صفی: 16 روز از ۲۰ روز در صف (ریسک نقدشوندگی و اجرای حد ضرر) | رشد عمودی (114٪ در ۶۰ روز، 65٪ بالای MA50) | 131٪ بالای MA200
فنورد,نوردوقطعات‌ فولادی‌,فلزات اساسی,69.4,زیر نظر,100,65,43.6,62,12920,20261006,0.3,10.5,94.5,40.6,3.6,21.8,125.8,64.2,3,0,false,47.6,3.51,above,-3.6,1.33,11770,13400,-9.97,13.06,1.4,-8.88,20.6,1550,8.34,13.48,-38.2,12466,11785,13400,14308,0.42,واگرایی منفی RSI | توزیع: ورود حقیقی با سرانه خرید ضعیف (0.73 در ۲۰ روز) | 126٪ بالای MA200 | واگرایی منفی | حد ضرر دور (8.8٪)
لابسا,آبسال‌,ماشین آلات و تجهیزات,69.3,زیر نظر,100,85,80,9,6540,20261006,14.5,19.8,77.7,23.8,17,25.6,62.9,79.7,4,0,true,26.8,2.95,above,0,0.74,5705,,1.33,0.99,4.57,9,3.18,484,13.51,5.15,162.4,6347,6154,7119,7505,1.5,اشباع خرید | فاصله زیاد از MA20 | 63٪ بالای MA200 | نقدشوندگی کمتر از ۱۰ میلیارد تومان
مادیرا,صنایع مادیران,تولید محصولات کامپیوتری الکترونیکی ونوری,69.1,زیر نظر,100,73,89,9,3370,20261006,12.3,15.6,52,-1.9,9.9,18,25,70.4,2,0,true,36.5,3.02,above,-6.6,0.91,3288,3454,21.08,59.72,1.99,56.7,31.14,252,13.37,7.98,67.6,3288,3237,3454,3609,0.63,واگرایی منفی RSI | واگرایی منفی
فروی,ذوب روی اصفهان,فلزات اساسی,69.1,زیر نظر,100,73,89,9,3071,20261006,11.5,19.7,52.9,-1.1,7.6,23.2,68.3,71,10,0,true,43.1,3.08,above,-2.5,1.17,2642,3150,3.03,30.35,1.85,27.66,13.01,186,16.51,8.05,105.1,2977,2882,3150,3339,0.42,سهم صفی: 10 روز از ۲۰ روز در صف (ریسک نقدشوندگی و اجرای حد ضرر) | 68٪ بالای MA200
پیزد,مجتمع صنایع لاستیک یزد,لاستیک و پلاستیک,69,زیر نظر,100,70,63,37,14490,20261006,14.5,42.8,246.9,192.9,18,59.9,195,88.4,7,0,true,78.5,2.53,above,0,0.42,12620,,20.9,-162.1,15.05,33.04,69.41,1599,9.06,9.84,-7.9,14124,13758,15588,16320,1.5,اشباع خرید | فاصله زیاد از MA20 | خروج مستمر پول حقیقی | سهم صفی: 7 روز از ۲۰ روز در صف (ریسک نقدشوندگی و اجرای حد ضرر) | رشد عمودی (247٪ در ۶۰ روز، 60٪ بالای MA50) | 195٪ بالای MA200
جم پیلن,پتروشیمی جم پیلن,محصولات شیمیایی,69,زیر نظر,100,70,63,37,367800,20261006,15.5,27.2,103.3,49.4,16.7,37.9,99.4,84.3,3,0,true,50.4,2.68,above,0,0.75,318000,,26.84,-101.02,8.62,36.91,28.45,41853,8.79,9.63,-8.7,357952,348103,397345,417041,1.5,واگرایی منفی RSI | اشباع خرید | فاصله زیاد از MA20 | خروج مستمر پول حقیقی | رشد عمودی (103٪ در ۶۰ روز، 38٪ بالای MA50) | 99٪ بالای MA200 | واگرایی منفی | شناوری کم (11٪)
تپسی,پیشگامان فن آوری و دانش آرامیس,رایانه و فعالیت‌های وابسته به آن,69,زیر نظر,100,70,90,10,27270,20261006,6,26.4,100.4,46.4,11.5,31.3,56.6,99.8,20,0,true,96.3,1.01,above,0,0.59,22600,,11.48,64.78,13.94,11.48,4.22,,,8.89,,26993,26717,28100,28653,1.5,اشباع خرید | بدون EPS مثبت | سهم صفی: 20 روز از ۲۰ روز در صف (ریسک نقدشوندگی و اجرای حد ضرر) | رشد عمودی (100٪ در ۶۰ روز، 31٪ بالای MA50) | 57٪ بالای MA200 | نقدشوندگی کمتر از ۱۰ میلیارد تومان
ومعادن,توسعه‌معادن‌وفلزات‌,استخراج کانه های فلزی,68.9,زیر نظر,100,65,53.8,50,3690,20261006,3.1,24.1,82.3,28.4,5.5,25.5,76.6,69,6,0,false,39.4,3.54,above,-2.4,0.81,2965,3760,28.26,338.68,1.23,-588.81,377.14,318,11.6,13.76,-15.7,3559,3429,3760,4021,0.27,سهم صفی: 6 روز از ۲۰ روز در صف (ریسک نقدشوندگی و اجرای حد ضرر) | توزیع: ورود حقیقی با سرانه خرید ضعیف (0.48 در ۲۰ روز) | 77٪ بالای MA200 | حد ضرر دور (7.1٪)
تفارس,تامین سرمایه خلیج فارس,فعالیتهای کمکی به نهادهای مالی واسط,68.9,زیر نظر,95,65,37.6,72,1862,20261006,3.3,-3.8,96.3,42.4,0.6,17.9,87.8,59.7,0,0,false,30.9,3.55,above,-8.7,0.56,1834,1893,0.02,-0.57,1.22,-0.37,6.29,329,5.66,9.46,-40.2,1834,1801,1893,2035,0.5,88٪ بالای MA200 | نقدشوندگی کمتر از ۱۰ میلیارد تومان
کمنگنز,معادن‌منگنزایران‌,استخراج کانه های فلزی,68.9,زیر نظر,100,75,33.5,62,10800,20261006,1.7,18.7,102.5,48.6,10.7,25.4,106.9,71.1,8,0,true,52.4,3.08,above,-1.2,1.31,9730,10930,-34.06,-48.86,2.81,-90.08,25.82,1317,8.2,13.76,-40.4,10468,10135,10930,11595,0.2,خروج مستمر پول حقیقی | سهم صفی: 8 روز از ۲۰ روز در صف (ریسک نقدشوندگی و اجرای حد ضرر) | رشد عمودی (103٪ در ۶۰ روز، 25٪ بالای MA50) | 107٪ بالای MA200
ثتران,سرمایه گذاری مسکن تهران,انبوه سازی، املاک و مستغلات,68.9,زیر نظر,100,85,77.5,10,9650,20261006,15.4,13.7,74.5,20.6,15.7,27.3,74.3,78.4,3,0,true,47.8,3.03,above,0,0.91,8720,,0.88,1.74,2.13,13.79,7.92,,,23.59,,9358,9065,10527,11111,1.5,واگرایی منفی RSI | اشباع خرید | فاصله زیاد از MA20 | بدون EPS مثبت | 74٪ بالای MA200 | واگرایی منفی | نقدشوندگی کمتر از ۱۰ میلیارد تومان
چکاوه,صنایع‌کاغذسازی‌کاوه‌,محصولات کاغذی,68.9,زیر نظر,100,70,89.5,10,16630,20261006,15.8,63,126,72,27.6,56.6,115.9,93.8,15,0,true,64.2,2.45,above,0,1.01,12250,,50.45,103.81,5.06,45.99,17.24,,,16.48,,16222,15815,17853,18669,1.5,اشباع خرید | فاصله زیاد از MA20 | بدون EPS مثبت | سهم صفی: 15 روز از ۲۰ روز در صف (ریسک نقدشوندگی و اجرای حد ضرر) | رشد عمودی (126٪ در ۶۰ روز، 57٪ بالای MA50) | 116٪ بالای MA200
مارون,پتروشیمی مارون,محصولات شیمیایی,68.8,زیر نظر,100,75,58,37,30170,20261006,2.6,59.2,58.7,4.7,17.6,45,57.3,79.7,16,0,true,65.6,2.52,above,-3.3,2.57,23679,31190,-67.96,204.85,2.42,-132.97,53.57,3493,8.64,8.01,7.8,29410,28650,31190,32710,0.67,اشباع خرید | فاصله زیاد از MA20 | سهم صفی: 16 روز از ۲۰ روز در صف (ریسک نقدشوندگی و اجرای حد ضرر) | رشد عمودی (59٪ در ۶۰ روز، 45٪ بالای MA50) | 57٪ بالای MA200
کخاک,صنایع‌خاک‌چینی‌ایران‌,سایر محصولات کانی غیرفلزی,68.8,زیر نظر,100,70,90,9,78460,20261006,15.9,48.2,128.3,74.4,25,50.7,156.2,91.1,11,0,true,70.9,2.62,above,0,0.15,58890,,12.36,79.21,7.82,14.03,17.93,4037,19.44,12.75,52.4,76402,74344,84635,88751,1.5,اشباع خرید | فاصله زیاد از MA20 | سهم صفی: 11 روز از ۲۰ روز در صف (ریسک نقدشوندگی و اجرای حد ضرر) | رشد عمودی (128٪ در ۶۰ روز، 51٪ بالای MA50) | توزیع: ورود حقیقی با سرانه خرید ضعیف (0.81 در ۲۰ روز) | 156٪ بالای MA200
خوساز,محورسازان‌ایران‌خودرو,خودرو و ساخت قطعات,68.8,زیر نظر,95,80,87,10,20310,20261006,7.5,5.3,26.3,-27.6,5.7,15.4,30.1,64.5,0,0,true,26.3,3.35,above,-3.1,1.38,19350,20950,3.35,4.01,1.66,11.39,5.15,,,,,19630,19010,20950,22311,0.49,بدون EPS مثبت | نقدشوندگی کمتر از ۱۰ میلیارد تومان
غچین,کشت‌ و صنعت‌ چین‌ چین,محصولات غذایی و آشامیدنی به جز قند و شکر,68.6,زیر نظر,100,73,59.2,37,5520,20261006,11.1,8.4,52.9,-1,12.2,25.6,75.6,75.5,4,0,true,38.1,3.06,above,-0.2,0.92,5240,,4.51,-6.03,1.43,10.19,9.69,682,8.09,8.53,-5.1,5351,5156,6026,6364,1.39,76٪ بالای MA200 | نقدشوندگی کمتر از ۱۰ میلیارد تومان
غشاذر,پگاه‌آذربایجان‌غربی‌,محصولات غذایی و آشامیدنی به جز قند و شکر,68.6,زیر نظر,100,73,49,47,22160,20261006,7.4,11,50.5,-3.4,11.2,19.9,85.8,72.9,4,0,true,25.4,3.39,above,0,1.1,20600,,-3.93,42.96,1.8,-9.96,13.36,2810,7.89,8.53,-7.5,21409,20283,24412,25914,1.2,واگرایی منفی RSI | 86٪ بالای MA200 | واگرایی منفی | حد ضرر دور (8.5٪)
سدبیر,س. تدبیرگران فارس وخوزستان,سرمایه گذاریها,68.6,زیر نظر,95,45,42.2,82,39180,20261006,-3.5,0.2,36.3,-17.7,0,5.9,13.1,52.8,0,0,false,25.4,3.56,above,-20.6,0.79,38461,40263,2.03,5,0.81,-6.23,9.22,7407,5.29,8.73,-39.4,38461,37762,40263,41614,0.76,توزیع: ورود حقیقی با سرانه خرید ضعیف (0.84 در ۲۰ روز) | نقدشوندگی کمتر از ۱۰ میلیارد تومان
وکغدیر,بین المللی توسعه ص. معادن غدیر,شرکتهای چند رشته ای صنعتی,68.5,زیر نظر,100,70,89,9,8020,20261006,14.1,37.1,160.4,106.5,16.1,46.7,117.2,83.6,7,0,true,68.6,2.68,above,0,0.98,7160,,281.53,532.46,21.99,90.47,162.29,563,14.25,10.88,30.9,7805,7591,8664,9094,1.5,اشباع خرید | فاصله زیاد از MA20 | سهم صفی: 7 روز از ۲۰ روز در صف (ریسک نقدشوندگی و اجرای حد ضرر) | رشد عمودی (160٪ در ۶۰ روز، 47٪ بالای MA50) | توزیع: ورود حقیقی با سرانه خرید ضعیف (0.88 در ۲۰ روز) | 117٪ بالای MA200 | شناوری کم (10٪)
حپارسا,توسعه حمل و نقل ریلی پارسیان,حمل ونقل، انبارداری و ارتباطات,68.5,زیر نظر,100,90,58,24,22800,20261006,2.7,9.2,58.9,5,4.2,13.2,109,61.2,5,1,true,30.1,3.52,above,-3.1,1.21,21200,23370,2.12,-3.32,7.04,-1.19,6.51,2511,9.08,7.68,18.2,21997,20798,23370,24977,0.28,واگرایی منفی RSI | 109٪ بالای MA200 | واگرایی منفی | حد ضرر دور (8.8٪) | نقدشوندگی کمتر از ۱۰ میلیارد تومان | صف فروش در ۵ روز اخیر
فنر,پارس فنر,خودرو و ساخت قطعات,68.4,زیر نظر,100,70,88.5,9,8980,20261006,14.8,40.8,128.5,74.5,24,47.5,139.7,93.5,1,0,true,64.9,2.78,above,-0.1,0.87,6690,,11.94,11.75,6.06,27.5,8.51,636,14.12,5.87,140.5,8730,8480,9729,10229,1.5,اشباع خرید | فاصله زیاد از MA20 | رشد عمودی (128٪ در ۶۰ روز، 48٪ بالای MA50) | 140٪ بالای MA200 | نقدشوندگی کمتر از ۱۰ میلیارد تومان
دعبید,لابراتوارداروسازی‌  دکترعبیدی‌,مواد و محصولات دارویی,68.3,زیر نظر,100,75,84,9,29880,20261006,5.5,29,68.1,14.2,13.8,32.6,126.7,77.3,8,0,true,56,2.9,above,-3,1.57,25440,,60.47,179.12,2.38,-477.02,144.75,1503,19.88,12.91,54,29015,28149,32476,34207,1.5,سهم صفی: 8 روز از ۲۰ روز در صف (ریسک نقدشوندگی و اجرای حد ضرر) | رشد عمودی (68٪ در ۶۰ روز، 33٪ بالای MA50) | توزیع: ورود حقیقی با سرانه خرید ضعیف (0.68 در ۲۰ روز) | 127٪ بالای MA200
کویر,تولیدی فولاد سپید فراب کویر,فلزات اساسی,68.1,زیر نظر,100,50,62.5,50,2806,20261006,0.1,35.1,80.3,26.3,8.2,34.4,84.4,71,14,1,false,56.4,2.9,above,-2.8,0.75,2570,2888,30.34,58.82,2.54,-4.61,81.82,292,9.61,13.48,-28.7,2725,2603,2888,3051,0.4,واگرایی منفی RSI | سهم صفی: 14 روز از ۲۰ روز در صف (ریسک نقدشوندگی و اجرای حد ضرر) | رشد عمودی (80٪ در ۶۰ روز، 34٪ بالای MA50) | 84٪ بالای MA200 | واگرایی منفی | حد ضرر دور (7.2٪) | شناوری کم (10٪) | صف فروش در ۵ روز اخیر
شبریز,پالایش نفت تبریز,فراورده های نفتی، کک و سوخت هسته ای,68.1,زیر نظر,90,55,83.4,57,56390,20261003,4.6,6.4,40.2,-13.7,-2.5,13.3,78.5,55.3,2,0,false,40.7,3.68,above,-13.4,1.28,53180,65100,296.3,29.02,1.42,55.68,168.91,9661,5.84,6.26,-6.8,54314,52142,65100,69252,2.05,توزیع: ورود حقیقی با سرانه خرید ضعیف (0.66 در ۲۰ روز) | 78٪ بالای MA200 | حد ضرر دور (7.5٪) | آخرین معامله 20261003 (متوقف یا کم‌معامله)
نماد,گروه مالی نماد غدیر,سرمایه گذاریها,68,زیر نظر,100,45,36,80,4130,20261006,-2.8,0.5,38.1,-15.8,0.7,10.2,,57,0,0,false,33.2,3.15,above,-4.4,0.82,3927,4240,-25.21,-96.78,3.56,46.67,31.6,995,4.15,7.13,-41.8,4000,3862,4240,4320,0.41,خروج مستمر پول حقیقی | شناوری کم (9٪)
درپاد,گروه صنعتی درپاد تبریز,فلزات اساسی,68,زیر نظر,100,60,100,4,5050,20261006,6.2,62.9,111.1,57.2,21,66.5,,96.9,16,0,true,76.4,2.63,above,0,2.37,3100,,23.76,63.95,80.82,106.58,10.61,24,210.42,8.05,2513.9,4917,4784,5449,5714,1.5,اشباع خرید | فاصله زیاد از MA20 | سهم صفی: 16 روز از ۲۰ روز در صف (ریسک نقدشوندگی و اجرای حد ضرر) | رشد عمودی (111٪ در ۶۰ روز، 67٪ بالای MA50) | P/E بالا (210) | 169٪ بالای کف ۵۲ هفته
چخزر,صنایع چوب خزر کاسپین,محصولات چوبی,68,زیر نظر,100,70,80,16,242800,20261006,15.7,30.5,115.3,61.4,21.5,30.2,164.4,83.6,9,0,true,40.1,2.74,above,0,0.38,203400,,8.36,0.8,43.13,18.09,8.69,20671,11.75,9.03,30.1,236136,229472,262793,276121,1.5,اشباع خرید | فاصله زیاد از MA20 | سهم صفی: 9 روز از ۲۰ روز در صف (ریسک نقدشوندگی و اجرای حد ضرر) | رشد عمودی (115٪ در ۶۰ روز، 30٪ بالای MA50) | 164٪ بالای MA200 | نقدشوندگی کمتر از ۱۰ میلیارد تومان
ممسنی,پتروشیمی ممسنی,محصولات شیمیایی,68,زیر نظر,100,70,86,10,17050,20261006,15.7,52.8,110.4,56.5,26.9,56.1,78.8,99,20,0,true,83.1,2.24,above,-0.5,0.67,15160,,1.4,49.28,1.83,2.06,3.97,,,,,16668,16286,18196,18960,1.5,اشباع خرید | فاصله زیاد از MA20 | بدون EPS مثبت | سهم صفی: 20 روز از ۲۰ روز در صف (ریسک نقدشوندگی و اجرای حد ضرر) | رشد عمودی (110٪ در ۶۰ روز، 56٪ بالای MA50) | 79٪ بالای MA200 | نقدشوندگی کمتر از ۱۰ میلیارد تومان | واگرایی مثبت RSI
لپارس,پارس‌ الکتریک‌,ساخت دستگاه‌ها و وسایل ارتباطی,68,زیر نظر,100,85,72,12,37100,20261006,6.8,14.2,75.7,21.8,10.7,27.5,81.9,75.1,3,0,true,55.5,3.34,above,0,1.04,34410,,9.72,10.27,1.36,19.86,13.34,1544,24.03,20.28,18.5,35860,34001,40819,43298,1.2,واگرایی منفی RSI | 82٪ بالای MA200 | واگرایی منفی | حد ضرر دور (8.4٪)
وکبهمن,مدیریت سرمایه گذاری کوثربهمن,سرمایه گذاریها,67.9,زیر نظر,100,70,35.5,60,4570,20261006,12.6,28,60.7,6.8,15.6,31.1,85.8,84.6,3,0,true,53,2.89,above,0,1.09,3980,,-12.8,-50.84,13.49,8.91,5.44,671,6.81,8.73,-22,4438,4306,4966,5229,1.5,اشباع خرید | فاصله زیاد از MA20 | خروج مستمر پول حقیقی | رشد عمودی (61٪ در ۶۰ روز، 31٪ بالای MA50) | 86٪ بالای MA200 | نقدشوندگی کمتر از ۱۰ میلیارد تومان
کچاد,معدنی‌وصنعتی‌چادرملو,استخراج کانه های فلزی,67.8,زیر نظر,95,55,63,50,3060,20261006,1.9,3.4,37.1,-16.8,2.5,13,35.1,60.1,4,0,false,27.9,3.32,above,-5.3,1.11,2840,3120,84.31,77.53,11.14,-64.72,124.96,277,11.05,13.76,-19.7,2959,2806,3120,3230,0.24,توزیع: ورود حقیقی با سرانه خرید ضعیف (0.63 در ۲۰ روز) | حد ضرر دور (8.3٪)
فنوال,نورد آلومینیوم‌,فلزات اساسی,67.6,زیر نظر,100,85,32.5,50,15420,20261006,15.7,13.3,56,2.1,16.1,22.1,99.5,75.6,8,0,true,37.5,2.9,above,0,1.66,14170,,-20.81,-40.49,4.74,-10.4,10.67,1597,9.66,13.48,-28.4,14972,14301,16763,17658,1.2,واگرایی منفی RSI | فاصله زیاد از MA20 | خروج مستمر پول حقیقی | سهم صفی: 8 روز از ۲۰ روز در صف (ریسک نقدشوندگی و اجرای حد ضرر) | 100٪ بالای MA200 | واگرایی منفی | حد ضرر دور (7.3٪)
ولغدر,لیزینگ‌خودروغدیر,سایر واسطه گریهای مالی,67.5,زیر نظر,100,60,98,4,4050,20261006,13.4,10.7,94.7,40.8,8.5,25.3,62.1,72,6,0,false,56.8,3.34,above,0,1.71,3960,,32.87,36.76,5.61,18.07,9.02,80,50.63,9.94,409.3,3960,3892,4456,4727,2.58,سهم صفی: 6 روز از ۲۰ روز در صف (ریسک نقدشوندگی و اجرای حد ضرر) | P/E بالا (51) | 62٪ بالای MA200 | نقدشوندگی کمتر از ۱۰ میلیارد تومان
ولملت,واسپاری ملت,سایر واسطه گریهای مالی,67.5,زیر نظر,100,70,90,4,27860,20261006,15.6,59.4,189.5,135.6,28.6,52,213,91.6,15,0,true,55.8,2.36,above,0,0.55,18538,,15.56,46.23,2.76,4.41,17.08,824,33.81,9.94,240.1,27203,26545,29832,31147,1.5,واگرایی منفی RSI | اشباع خرید | فاصله زیاد از MA20 | سهم صفی: 15 روز از ۲۰ روز در صف (ریسک نقدشوندگی و اجرای حد ضرر) | رشد عمودی (190٪ در ۶۰ روز، 52٪ بالای MA50) | P/E بالا (34) | 213٪ بالای MA200 | واگرایی منفی
فغدیر,آهن و فولاد غدیر ایرانیان,فلزات اساسی,67.5,زیر نظر,100,70,90,24,9470,20261005,15.6,77.7,172.6,118.6,29.8,75.2,128.9,98,20,0,true,77.6,2.15,above,0,0.98,5056,,44.06,155.04,4.79,32.25,11.47,974,9.72,8.05,20.8,9267,9063,10080,10487,1.5,واگرایی منفی RSI | اشباع خرید | فاصله زیاد از MA20 | سهم صفی: 20 روز از ۲۰ روز در صف (ریسک نقدشوندگی و اجرای حد ضرر) | رشد عمودی (173٪ در ۶۰ روز، 75٪ بالای MA50) | 129٪ بالای MA200 | واگرایی منفی | آخرین معامله 20261005 (متوقف یا کم‌معامله)
فزر,پویا زرکان آق دره,استخراج کانه های فلزی,67.4,زیر نظر,100,70,89.5,4,372000,20261006,15.9,51.4,188.4,134.5,22,57.6,186.2,92.4,10,0,true,80.4,2.59,above,0,0.13,309800,,222.19,1627.4,2.61,336.73,729.04,9504,39.14,14.44,171.1,362351,352702,400947,420245,1.5,واگرایی منفی RSI | اشباع خرید | فاصله زیاد از MA20 | سهم صفی: 10 روز از ۲۰ روز در صف (ریسک نقدشوندگی و اجرای حد ضرر) | رشد عمودی (188٪ در ۶۰ روز، 58٪ بالای MA50) | P/E بالا (39) | توزیع: ورود حقیقی با سرانه خرید ضعیف (0.53 در ۲۰ روز) | 186٪ بالای MA200 | واگرایی منفی
کسعدی,کاشی‌ سعدی‌,کاشی و سرامیک,67.4,زیر نظر,100,70,89.5,4,31990,20261006,15.8,79.6,225.1,171.2,30.3,69.5,221.8,97.1,16,0,true,78,2.25,above,0,0.81,16500,,6.28,44.83,2.33,34.45,12.73,1590,20.12,7.65,163,31271,30552,34147,35585,1.5,واگرایی منفی RSI | اشباع خرید | فاصله زیاد از MA20 | سهم صفی: 16 روز از ۲۰ روز در صف (ریسک نقدشوندگی و اجرای حد ضرر) | رشد عمودی (225٪ در ۶۰ روز، 69٪ بالای MA50) | 222٪ بالای MA200 | واگرایی منفی
داوه,داروسازی آوه سینا,مواد و محصولات دارویی,67.4,زیر نظر,100,70,89.5,4,16930,20261006,15.7,35.1,243.3,189.4,20.9,56.7,204.4,88.4,14,0,true,73.3,2.51,above,0,0.26,13840,,31.94,52.74,7.21,38.6,32.17,760,22.28,8.86,151.4,16506,16081,18203,19052,1.5,اشباع خرید | فاصله زیاد از MA20 | سهم صفی: 14 روز از ۲۰ روز در صف (ریسک نقدشوندگی و اجرای حد ضرر) | رشد عمودی (243٪ در ۶۰ روز، 57٪ بالای MA50) | 204٪ بالای MA200
فلامی,لامیران‌,ساخت محصولات فلزی,67.4,زیر نظر,100,70,89.5,4,12790,20261006,12.7,40.4,99.8,45.9,19,37.3,82.9,86.5,9,0,true,43.3,2.91,above,0,0.9,10840,,4.22,14.24,2.89,4.35,3.8,586,21.83,7.54,189.5,12418,12046,13907,14651,1.5,اشباع خرید | فاصله زیاد از MA20 | سهم صفی: 9 روز از ۲۰ روز در صف (ریسک نقدشوندگی و اجرای حد ضرر) | رشد عمودی (100٪ در ۶۰ روز، 37٪ بالای MA50) | 83٪ بالای MA200 | نقدشوندگی کمتر از ۱۰ میلیارد تومان
دکیمی,کیمیدارو,مواد و محصولات دارویی,67.4,زیر نظر,100,70,89.5,4,86030,20261006,15.6,37.9,168,114.1,22.9,45.9,187.9,85.9,11,0,true,57.5,2.67,above,0,1.09,70170,,24.11,44.15,2.18,3.26,9.95,4266,20.17,12.91,56.2,83731,81432,92927,97525,1.5,واگرایی منفی RSI | اشباع خرید | فاصله زیاد از MA20 | سهم صفی: 11 روز از ۲۰ روز در صف (ریسک نقدشوندگی و اجرای حد ضرر) | رشد عمودی (168٪ در ۶۰ روز، 46٪ بالای MA50) | 188٪ بالای MA200 | واگرایی منفی | نقدشوندگی کمتر از ۱۰ میلیارد تومان
غگیلا,شیرپاستوریزه پگاه گیلان,محصولات غذایی و آشامیدنی به جز قند و شکر,67.4,زیر نظر,100,70,89.5,4,43920,20261006,15.6,68.3,153.9,100,28.6,62.8,152.4,96.9,12,0,true,83.5,2.52,above,-0.2,1,24500,,9.1,17.02,47.74,13.17,5.06,1291,34.02,7.05,382.6,42813,41706,47241,49455,1.5,واگرایی منفی RSI | اشباع خرید | فاصله زیاد از MA20 | سهم صفی: 12 روز از ۲۰ روز در صف (ریسک نقدشوندگی و اجرای حد ضرر) | رشد عمودی (154٪ در ۶۰ روز، 63٪ بالای MA50) | P/E بالا (34) | 152٪ بالای MA200 | واگرایی منفی | نقدشوندگی کمتر از ۱۰ میلیارد تومان
پارسان,گسترش نفت و گاز پارسیان,محصولات شیمیایی,67.3,زیر نظر,100,55,81.2,24,37230,20261006,4,4.1,30.5,-23.4,5,18,51.2,65.4,0,0,false,34.5,3.41,above,-1.7,0.9,33870,37660,31.27,189.6,1.35,30.3,139.31,3483,10.69,9.63,11,35962,34059,37660,40197,0.14,توزیع: ورود حقیقی با سرانه خرید ضعیف (0.81 در ۲۰ روز) | 51٪ بالای MA200 | حد ضرر دور (8.5٪)
آلومینا,آلومینای ایران,فلزات اساسی,67.3,زیر نظر,100,85,64,17,272600,20261006,15.8,16.1,98.7,44.8,15,32.9,91,79,5,0,true,43,2.91,above,0,1.11,256100,,49.16,-50.92,15.74,99.9,30.9,16822,16.2,13.48,20.2,264654,252735,296438,312329,1.2,اشباع خرید | خروج مستمر پول حقیقی | رشد عمودی (99٪ در ۶۰ روز، 33٪ بالای MA50) | 91٪ بالای MA200 | حد ضرر دور (7.3٪) | شناوری کم (6٪)
غویتا,ویتانا,محصولات غذایی و آشامیدنی به جز قند و شکر,67.3,زیر نظر,100,85,21,60,7370,20261006,15.2,23.7,71,17.1,14.2,28.8,108.9,76.8,11,0,true,36.9,2.76,above,0,0.89,6870,,-13.89,-82.93,2.64,-4.92,28.81,1338,5.51,7.05,-21.9,7167,6862,7979,8386,1.2,خروج مستمر پول حقیقی | سهم صفی: 11 روز از ۲۰ روز در صف (ریسک نقدشوندگی و اجرای حد ضرر) | 109٪ بالای MA200
ولیز,لیزینگ ایران,سایر واسطه گریهای مالی,67.3,زیر نظر,100,50,77,32,4430,20261006,0.5,36.3,108.8,54.8,10,40.9,76.7,78.3,6,0,false,79.2,3.03,above,-3.1,0.98,3260,4570,2.32,2.21,2.3,15.99,6.69,458,9.67,,,4296,4162,4570,4838,0.52,واگرایی منفی RSI | اشباع خرید | سهم صفی: 6 روز از ۲۰ روز در صف (ریسک نقدشوندگی و اجرای حد ضرر) | رشد عمودی (109٪ در ۶۰ روز، 41٪ بالای MA50) | 77٪ بالای MA200 | واگرایی منفی | نقدشوندگی کمتر از ۱۰ میلیارد تومان
کاما,باما,استخراج کانه های فلزی,67.1,زیر نظر,95,55,38.5,72,5630,20261006,0.5,-3.1,89.6,35.6,1.2,15.2,95.8,58.5,6,0,false,43.5,3.32,above,-9.5,1.33,5300,5920,-20.76,133.76,0.78,-189.16,127.34,786,7.16,13.76,-47.9,5443,5207,5920,6220,0.69,سهم صفی: 6 روز از ۲۰ روز در صف (ریسک نقدشوندگی و اجرای حد ضرر) | توزیع: ورود حقیقی با سرانه خرید ضعیف (0.68 در ۲۰ روز) | 96٪ بالای MA200 | سرانه خرید ضعیف (0.78) | حد ضرر دور (7.5٪)
ثالوند,سرمایه گذاری مسکن الوند,انبوه سازی، املاک و مستغلات,67.1,زیر نظر,100,70,88.5,4,13370,20261006,15.6,78.5,216.8,162.9,29.8,79.4,165.7,98.7,19,0,true,88,2.17,above,0,0.69,6370,,11.93,39.14,1.79,11.35,6.07,230,58.13,23.59,146.4,13080,12791,14239,14818,1.5,اشباع خرید | فاصله زیاد از MA20 | سهم صفی: 19 روز از ۲۰ روز در صف (ریسک نقدشوندگی و اجرای حد ضرر) | رشد عمودی (217٪ در ۶۰ روز، 79٪ بالای MA50) | P/E بالا (58) | 166٪ بالای MA200 | نقدشوندگی کمتر از ۱۰ میلیارد تومان
ثقزوی,شرکت عمران و سازندگی قزوین,انبوه سازی، املاک و مستغلات,67.1,زیر نظر,90,65,78.4,30,2665,20261006,-3.9,10,75.6,21.6,-3.9,19,42.2,55.2,9,1,false,48.9,3.4,above,-16,1.87,2372,3172,0.29,4.7,1.29,4.06,3.14,35,76.14,,,2575,2484,3172,3353,2.8,سهم صفی: 9 روز از ۲۰ روز در صف (ریسک نقدشوندگی و اجرای حد ضرر) | P/E بالا (76) | نقدشوندگی کمتر از ۱۰ میلیارد تومان | صف فروش در ۵ روز اخیر
فروسیل,فروسیلیسیم خمین,فلزات اساسی,67,زیر نظر,100,75,64,24,16140,20261006,5,7.4,86.8,32.9,5.7,23.1,76.7,67.9,7,0,false,41.9,3.21,above,-1.9,0.84,13910,16340,9.37,-8.53,4.07,2.16,10.07,1620,9.96,8.05,23.8,15622,15104,16340,17376,0.19,سهم صفی: 7 روز از ۲۰ روز در صف (ریسک نقدشوندگی و اجرای حد ضرر) | 77٪ بالای MA200
خچرخش,چرخشگر,خودرو و ساخت قطعات,67,زیر نظر,100,73,97.5,32,25030,20261006,8.1,15.5,50.8,-3.1,8,20.7,50.8,78,2,0,true,50,3.11,above,-0.6,1.35,24266,,3.06,3.39,1.99,6.47,1.69,2337,10.71,,,24266,23876,27368,28926,2.03,نقدشوندگی پایین | 51٪ بالای MA200 | نقدشوندگی کمتر از ۱۰ میلیارد تومان
پاکشو,گروه صنعتی پاکشو,محصولات شیمیایی,66.9,زیر نظر,100,85,70.6,9,14160,20261006,9.8,29.1,90.3,36.4,13.2,25.8,116.1,73.2,10,0,true,36.7,3.02,above,-2.3,1.14,12800,,5.83,30.19,1.5,-1.35,10.88,1090,12.99,9.63,34.9,13732,13304,15444,16300,1.5,واگرایی منفی RSI | سهم صفی: 10 روز از ۲۰ روز در صف (ریسک نقدشوندگی و اجرای حد ضرر) | 116٪ بالای MA200 | واگرایی منفی | شناوری کم (10٪)
فسازان,غلتک سازان سپاهان,فلزات اساسی,66.9,زیر نظر,95,75,21.5,72,14380,20261006,3.8,6.4,76,22.1,1.5,15.9,134.2,60.8,6,0,false,42,3.09,above,-9.9,1.08,12930,15960,-24.88,-119.11,2.13,-69.61,45.81,2578,5.58,13.48,-58.6,13936,13492,15960,16848,1.78,خروج مستمر پول حقیقی | سهم صفی: 6 روز از ۲۰ روز در صف (ریسک نقدشوندگی و اجرای حد ضرر) | 134٪ بالای MA200
کایزد,فرانسوز یزد,سایر محصولات کانی غیرفلزی,66.9,زیر نظر,100,50,98.5,9,3740,20261006,1.1,41.6,125.5,71.5,9.2,42.5,80.4,76,14,0,false,77.3,3.04,above,-4.6,1.73,2636,3920,22.97,32.49,3.17,20.8,15.63,263,14.22,10.33,37.7,3626,3512,3920,4148,0.79,سهم صفی: 14 روز از ۲۰ روز در صف (ریسک نقدشوندگی و اجرای حد ضرر) | رشد عمودی (125٪ در ۶۰ روز، 43٪ بالای MA50) | 80٪ بالای MA200
پتایر,ایران‌ تایر,لاستیک و پلاستیک,66.8,زیر نظر,95,65,41.2,60,2853,20261006,2.6,-1.1,72.5,18.5,2,12.6,52.9,59,2,0,false,27.5,3.73,above,-5.4,0.96,2630,2954,6.92,-12.22,1.33,-4.65,23.79,392,7.28,8.21,-11.4,2747,2587,2954,3015,0.38,53٪ بالای MA200 | حد ضرر دور (9.3٪)
وشهر,بانک شهر,بانکها و موسسات اعتباری,66.8,زیر نظر,100,65,73,42,3490,20261004,12.6,16.2,29.8,-24.1,13.1,17,38.4,76.9,4,0,true,30.2,2.66,above,0,1.59,3125,,42.31,-14.04,3.06,39.18,14.76,533,6.55,,,3397,3305,3768,3954,1.5,واگرایی منفی RSI | 230٪ بالای کف ۵۲ هفته | واگرایی منفی | آخرین معامله 20261004 (متوقف یا کم‌معامله)
غانیزان,فرآورده های دامی ولبنی دالاهو,محصولات غذایی و آشامیدنی به جز قند و شکر,66.7,زیر نظر,100,73,79.5,9,10310,20261006,15.7,11.9,51,-2.9,11.7,26.9,64.5,73.5,7,0,true,22.9,3.13,above,0,0.29,9760,,8.85,2.69,126.96,12.88,10.16,797,12.94,8.53,51.7,9987,9599,11278,11923,1.36,سهم صفی: 7 روز از ۲۰ روز در صف (ریسک نقدشوندگی و اجرای حد ضرر) | 64٪ بالای MA200
غدانه,پنبه و دانه های روغنی خراسان,محصولات غذایی و آشامیدنی به جز قند و شکر,66.7,زیر نظر,100,85,18.7,60,21180,20261006,8.6,18.3,72.8,18.8,11.5,17.9,81,73.3,5,0,true,40.3,3.38,above,0,1.14,19950,,-13.14,34.52,0.85,-51.24,47.18,3417,6.2,7.05,-12.1,20465,19592,23326,24757,1.35,واگرایی منفی RSI | توزیع: ورود حقیقی با سرانه خرید ضعیف (0.82 در ۲۰ روز) | 81٪ بالای MA200 | واگرایی منفی | حد ضرر دور (7.5٪)
کترام,تولیدی‌ کاشی‌ تکسرام‌,کاشی و سرامیک,66.6,زیر نظر,95,88,78,4,3740,20261006,9,0.8,47.4,-6.6,5.6,12.8,54,66,2,0,true,25.1,3.59,above,-3.9,0.83,3650,3890,2.92,2.46,2.67,11.26,5.29,18,207.78,7.65,2616,3650,3583,3890,4159,0.95,واگرایی منفی RSI | P/E بالا (208) | 54٪ بالای MA200 | واگرایی منفی | نقدشوندگی کمتر از ۱۰ میلیارد تومان
سغدیر,توسعه سرمایه و صنعت غدیر,سیمان، آهک و گچ,66.5,زیر نظر,95,53,83.7,26,23970,20261006,2.3,0.5,44.7,-9.3,1.3,10.7,54,57.4,0,0,false,26.8,3.45,above,-10.3,1.68,23570,24620,29.38,6.86,1.43,17.37,19.09,2624,9.13,6.69,36.5,23570,23156,24620,26720,0.8,توزیع: ورود حقیقی با سرانه خرید ضعیف (0.72 در ۲۰ روز) | 54٪ بالای MA200
غگلپا,شیر پاستوریزه پگاه گلپایگان,محصولات غذایی و آشامیدنی به جز قند و شکر,66.5,زیر نظر,100,85,62,16,27910,20261006,9.7,24.3,101.8,47.9,14.1,30.5,107,79.5,2,0,true,61.7,3.02,above,-0.2,1.4,24560,,11.01,-13.52,1.2,7.48,10.03,2729,10.23,7.05,45.1,27068,26226,30436,32121,1.5,اشباع خرید | خروج مستمر پول حقیقی | رشد عمودی (102٪ در ۶۰ روز، 30٪ بالای MA50) | 107٪ بالای MA200
دفارا,داروسازی‌ فارابی‌,مواد و محصولات دارویی,66.5,زیر نظر,100,53,53.5,50,19030,20261006,-4.1,6.1,51.1,-2.8,3.9,15.4,107.2,58.7,7,2,false,44.6,3.38,above,-9.6,1.64,18590,21040,86.3,189.44,0.46,-244.16,100.32,1956,9.73,12.91,-24.6,18590,18268,21040,22326,2.64,سهم صفی: 7 روز از ۲۰ روز در صف (ریسک نقدشوندگی و اجرای حد ضرر) | توزیع: ورود حقیقی با سرانه خرید ضعیف (0.71 در ۲۰ روز) | 107٪ بالای MA200 | سرانه خرید ضعیف (0.46) | صف فروش در ۵ روز اخیر
ومشان,سرمایه گذاری مشانیر,سرمایه گذاریها,66.4,زیر نظر,100,70,69.8,20,40420,20261006,14.9,60.7,75,21.1,29.2,48.8,131,92,13,0,true,53.5,2.69,above,0,0.75,26683,,1.71,24.66,1.43,-3.48,5.84,143,282.66,,,39332,38245,43683,45858,1.5,اشباع خرید | فاصله زیاد از MA20 | سهم صفی: 13 روز از ۲۰ روز در صف (ریسک نقدشوندگی و اجرای حد ضرر) | رشد عمودی (75٪ در ۶۰ روز، 49٪ بالای MA50) | P/E بالا (283) | 131٪ بالای MA200 | نقدشوندگی کمتر از ۱۰ میلیارد تومان
غبهار,کشت وصنعت بهاران گلبهار خراسان,محصولات غذایی و آشامیدنی به جز قند و شکر,66.4,زیر نظر,100,85,35.5,42,5560,20261006,14.7,20.1,147.7,93.8,11.3,30,86.2,75.2,9,0,true,44.1,2.98,above,0,0.65,4651,,-7.32,-7.55,4.9,11.83,8.51,798,6.97,,,5394,5228,6058,6389,1.5,واگرایی منفی RSI | سهم صفی: 9 روز از ۲۰ روز در صف (ریسک نقدشوندگی و اجرای حد ضرر) | رشد عمودی (148٪ در ۶۰ روز، 30٪ بالای MA50) | 86٪ بالای MA200 | واگرایی منفی | نقدشوندگی کمتر از ۱۰ میلیارد تومان
دسینا,داروسازی‌ سینا,مواد و محصولات دارویی,66.4,زیر نظر,100,78,33,50,97350,20261006,1.2,6.8,45.5,-8.4,7.4,15.3,82.4,62.4,7,0,true,32.4,2.98,above,-4,1.42,95740,101430,-30.73,-38.66,4.23,-41.85,11.72,9289,10.48,12.91,-18.8,95740,94287,101430,107240,1.33,خروج مستمر پول حقیقی | سهم صفی: 7 روز از ۲۰ روز در صف (ریسک نقدشوندگی و اجرای حد ضرر) | 82٪ بالای MA200
تاصیکو,سرمایه گذاری صدرتامین,استخراج کانه های فلزی,66.3,زیر نظر,100,70,85,4,40060,20261006,15.5,74.1,185,131.1,29.1,68.3,202.8,96.7,14,0,true,79.6,2.58,above,0,1.75,29400,,2646.34,3782.19,1.88,-461.93,455.61,560,71.54,13.76,419.9,39026,37992,43162,45231,1.5,اشباع خرید | فاصله زیاد از MA20 | سهم صفی: 14 روز از ۲۰ روز در صف (ریسک نقدشوندگی و اجرای حد ضرر) | رشد عمودی (185٪ در ۶۰ روز، 68٪ بالای MA50) | P/E بالا (72) | توزیع: ورود حقیقی با سرانه خرید ضعیف (0.73 در ۲۰ روز) | 203٪ بالای MA200
فوکا,فولاد کاویان,فلزات اساسی,66.1,زیر نظر,100,70,64.5,24,7860,20261006,15.6,28,152.6,98.7,14.9,46.1,,82.6,15,0,true,63.1,2.74,above,0,0.16,7300,,1.83,-23.18,7.62,5.27,7.83,817,9.62,8.05,19.5,7645,7321,8506,8937,1.2,اشباع خرید | خروج مستمر پول حقیقی | سهم صفی: 15 روز از ۲۰ روز در صف (ریسک نقدشوندگی و اجرای حد ضرر) | رشد عمودی (153٪ در ۶۰ روز، 46٪ بالای MA50) | 283٪ بالای کف ۵۲ هفته | نقدشوندگی کمتر از ۱۰ میلیارد تومان
چکاپا,گروه صنایع کاغذ پارس,محصولات کاغذی,66.1,زیر نظر,100,70,78.5,10,2742,20261006,15.8,58.2,112.6,58.6,23.3,51.8,103.5,90.1,10,0,true,70.1,2.55,above,0,0.37,1699,,29.31,26.72,10.07,59.24,32.17,,,16.48,,2672,2602,2952,3091,1.5,اشباع خرید | فاصله زیاد از MA20 | بدون EPS مثبت | سهم صفی: 10 روز از ۲۰ روز در صف (ریسک نقدشوندگی و اجرای حد ضرر) | رشد عمودی (113٪ در ۶۰ روز، 52٪ بالای MA50) | 103٪ بالای MA200
دقاضی,داروسازی شهید قاضی,مواد و محصولات دارویی,66,زیر نظر,100,90,48,24,24750,20261006,2.4,10.9,56.8,2.9,8.6,13.4,110.4,64.4,6,0,true,31.6,3.35,above,-4.1,1.61,23880,,-25.75,6.24,2.09,-92.48,31.45,2413,10.26,8.86,15.8,23920,23465,27239,28898,1.94,سهم صفی: 6 روز از ۲۰ روز در صف (ریسک نقدشوندگی و اجرای حد ضرر) | توزیع: ورود حقیقی با سرانه خرید ضعیف (0.80 در ۲۰ روز) | 110٪ بالای MA200
نبابک,نساجی بابکان,منسوجات,66,زیر نظر,95,80,62,24,8760,20261006,5.4,5.2,26.4,-27.5,3.7,12.7,17,61.6,1,0,true,22.9,3.61,above,-27.5,0.68,8536,9049,3.39,-15.93,6.86,17.29,6.83,351,24.96,14.29,74.6,8536,8378,9049,9206,0.76,واگرایی منفی RSI | خروج مستمر پول حقیقی | واگرایی منفی | نقدشوندگی کمتر از ۱۰ میلیارد تومان
وفتخار,سرمایه گذاری افتخار سهام,سرمایه گذاریها,66,زیر نظر,100,58,47.4,50,2229,20261006,6.4,38.1,51.7,-2.2,12.9,31.6,46.6,81.6,6,0,true,55,3.17,above,-0.6,0.72,2078,,0.4,1.25,1.04,-0.41,5.25,531,4.2,,,2158,2052,2441,2583,1.2,اشباع خرید | سهم صفی: 6 روز از ۲۰ روز در صف (ریسک نقدشوندگی و اجرای حد ضرر) | رشد عمودی (52٪ در ۶۰ روز، 32٪ بالای MA50) | توزیع: ورود حقیقی با سرانه خرید ضعیف (0.88 در ۲۰ روز) | حد ضرر دور (7.9٪) | نقدشوندگی کمتر از ۱۰ میلیارد تومان
بکابل,سیم و کابل ابهر,ماشین آلات و دستگاه‌های برقی,65.9,زیر نظر,83,55,73,47,5840,20261006,2.6,3.2,18,-35.9,0.8,5.8,28.6,54.3,2,0,false,17.4,3.44,above,-9.7,0.8,5461,6240,3.62,22.95,2.5,-4.09,13.63,1041,5.61,5.95,-5.7,5639,5361,6240,6470,0.83,توزیع: ورود حقیقی با سرانه خرید ضعیف (0.76 در ۲۰ روز) | حد ضرر دور (8.2٪)
آواپارس,بیمه اتکایی آوای پارس,بیمه وصندوق بازنشستگی به جزتامین اجتماعی,65.9,زیر نظر,100,70,97.5,50,5140,20261003,14.2,45.2,111.5,57.6,22.8,52,153.9,98.8,20,0,true,88.9,2.26,above,-0.4,1.47,2583,,0.48,1.84,4.9,2.92,0.74,1471,3.49,,,5024,4908,5489,5721,1.5,نقدشوندگی پایین | اشباع خرید | فاصله زیاد از MA20 | سهم صفی: 20 روز از ۲۰ روز در صف (ریسک نقدشوندگی و اجرای حد ضرر) | رشد عمودی (112٪ در ۶۰ روز، 52٪ بالای MA50) | 154٪ بالای MA200 | نقدشوندگی کمتر از ۱۰ میلیارد تومان | آخرین معامله 20261003 (متوقف یا کم‌معامله)
شبصیر,تولیدات پتروشیمی قائد بصیر,محصولات شیمیایی,65.8,زیر نظر,100,65,31.2,60,16480,20261006,-2.4,17.6,69,15.1,4.5,23.4,73,65.4,2,0,false,53.7,3.21,above,-5.2,1.12,16000,17380,-1.78,35.37,0.93,-37.84,31.64,2884,5.71,8.01,-28.7,16000,15735,17380,18439,1.21,73٪ بالای MA200
کساوه,صنایع‌ کاشی‌ و سرامیک‌ سینا,کاشی و سرامیک,65.8,زیر نظر,100,85,38,37,35750,20261006,13.5,30.2,70.6,16.7,15.6,30.8,115.9,76.9,11,0,true,42.9,3.12,above,0,0.99,32800,,-8.34,3.83,3.32,-4.28,24.4,4425,8.08,7.65,5.6,34634,32960,39098,41330,1.2,فاصله زیاد از MA20 | سهم صفی: 11 روز از ۲۰ روز در صف (ریسک نقدشوندگی و اجرای حد ضرر) | رشد عمودی (71٪ در ۶۰ روز، 31٪ بالای MA50) | 116٪ بالای MA200 | حد ضرر دور (7.8٪)
زشگزا,شیر و گوشت زاگرس شهرکرد,زراعت و خدمات وابسته,65.8,زیر نظر,100,70,27,60,34740,20261006,-0.3,4.5,15.6,-38.3,6.6,10.9,67.6,62.5,3,0,true,24.8,3.27,above,-2.4,0.95,34115,35600,-19.92,31.98,0.62,-37.88,22.91,4812,7.22,8.07,-10.5,34115,33547,35600,37873,0.72,توزیع: ورود حقیقی با سرانه خرید ضعیف (0.82 در ۲۰ روز) | 68٪ بالای MA200 | سرانه خرید ضعیف (0.62)
دابور,داروسازی‌ ابوریحان‌,مواد و محصولات دارویی,65.6,زیر نظر,100,65,40.4,50,70670,20261006,-2.7,16.5,71.9,18,5.7,21.8,101,64.3,3,1,false,50.9,3.5,above,-5.5,0.99,67740,74820,-13.45,76.96,1.32,-4.09,39.92,6272,11.27,12.91,-12.7,68197,66504,74820,79766,1,توزیع: ورود حقیقی با سرانه خرید ضعیف (0.87 در ۲۰ روز) | 101٪ بالای MA200 | صف فروش در ۵ روز اخیر
بانیان,نیان باتری خاوران,ماشین آلات و دستگاه‌های برقی,65.5,زیر نظر,100,80,62,16,19240,20261006,6.8,7.7,42.9,-11,7.3,14.5,,66.2,0,0,true,29.4,3.06,above,-2.6,0.88,18600,19760,4.95,-5.46,7.36,41.84,13.71,1652,11.65,5.95,95.7,18652,18306,19760,20937,0.56,
غمینو,شرکت صنایع غذایی مینو شرق,محصولات غذایی و آشامیدنی به جز قند و شکر,65.5,زیر نظر,100,88,47.5,24,9850,20261006,8.4,22.2,47.2,-6.7,9.7,17.4,105.8,68.9,4,0,true,35.4,3.21,above,-0.7,1.02,9500,,-6.34,96.98,2.35,-7.64,31.2,1231,8,7.05,13.5,9534,9342,10799,11431,1.87,106٪ بالای MA200
قثابت,قند ثابت‌ خراسان‌,قند و شکر,65.4,زیر نظر,95,80,79.5,4,4410,20261006,13.4,10.8,35.3,-18.6,10.1,10.5,68.1,68.3,1,0,true,26.5,3.35,above,-1.3,1.03,4265,4470,3.7,6.88,3.01,31.89,10.28,150,29.4,9.8,200,4265,4191,4470,4766,0.27,واگرایی منفی RSI | 68٪ بالای MA200 | واگرایی منفی
نخریس,نخریسی و نساجی خسروی خراسان,منسوجات,65.4,زیر نظر,100,60,63.5,30,26920,20261006,5.9,31.3,126.4,72.5,15.1,37,101.1,80.2,4,0,true,56.6,2.92,above,0,0.9,23570,,-1.8,33.56,23.83,23.62,10.98,2027,13.28,14.29,-7.1,26133,25346,29282,30856,1.5,واگرایی منفی RSI | اشباع خرید | فاصله زیاد از MA20 | رشد عمودی (126٪ در ۶۰ روز، 37٪ بالای MA50) | 101٪ بالای MA200 | واگرایی منفی
کاسپین,داروسازی کاسپین تامین,مواد و محصولات دارویی,65.4,زیر نظر,100,78,55,24,39240,20261006,0.7,10.7,49.4,-4.5,5.8,14.7,108.9,63.5,3,0,true,34.4,3.34,above,-2.2,1.37,38060,40130,24.47,9.89,0.86,-53.29,37.54,3831,10.24,8.86,15.6,38060,37405,40130,42748,0.49,واگرایی منفی RSI | توزیع: ورود حقیقی با سرانه خرید ضعیف (0.59 در ۲۰ روز) | 109٪ بالای MA200 | واگرایی منفی
شپارس,بین‌ المللی‌ محصولات‌  پارس‌,محصولات شیمیایی,65.3,زیر نظر,100,85,23,50,3096,20261006,18.5,23.2,138.3,84.4,14.3,39,134.1,77.8,10,0,true,52.6,3.07,above,0,1.1,2948,,-30.38,-48.9,5.73,-11.63,18.67,370,8.37,9.63,-13.1,3001,2900,3381,3572,1.46,خروج مستمر پول حقیقی | سهم صفی: 10 روز از ۲۰ روز در صف (ریسک نقدشوندگی و اجرای حد ضرر) | رشد عمودی (138٪ در ۶۰ روز، 39٪ بالای MA50) | 134٪ بالای MA200
ختوقا,قطعات‌ اتومبیل‌ ایران‌,خودرو و ساخت قطعات,65.3,زیر نظر,95,80,63,20,5900,20261006,9.3,0.3,37.9,-16,7.5,14.5,43.1,67.2,1,0,true,35.4,3.79,above,-2.6,0.97,5820,6060,5.67,-7.81,2.35,25.99,13.29,127,46.46,,,5820,5708,6060,6508,0.83,واگرایی منفی RSI | P/E بالا (46) | واگرایی منفی
شلعاب,لعابیران‌,محصولات شیمیایی,65.2,زیر نظر,100,73,78.5,4,1496,20261006,11.5,14.8,50.6,-3.3,12.5,21.8,60.3,75.5,2,0,true,36.3,3.23,above,0,1.08,1401,,5.13,6.46,2.09,8.41,7.54,70,21.37,9.63,121.9,1448,1377,1641,1737,1.22,واگرایی منفی RSI | 60٪ بالای MA200 | واگرایی منفی | حد ضرر دور (8.0٪) | نقدشوندگی کمتر از ۱۰ میلیارد تومان
فطلوع,طلوع فولاد پارس,فلزات اساسی,65.1,زیر نظر,100,70,64.5,20,7310,20261006,14,41.1,147.5,93.5,19.2,53.4,,87.8,16,0,true,74,2.56,above,0,0.93,6320,,7.72,16.94,2.84,-4.58,17.89,34,215,,,7123,6936,7870,8244,1.5,اشباع خرید | فاصله زیاد از MA20 | سهم صفی: 16 روز از ۲۰ روز در صف (ریسک نقدشوندگی و اجرای حد ضرر) | رشد عمودی (147٪ در ۶۰ روز، 53٪ بالای MA50) | P/E بالا (215) | 292٪ بالای کف ۵۲ هفته
سمایه,بانک سرمایه,بانکها و موسسات اعتباری,65.1,زیر نظر,100,65,78.5,10,6100,20261006,14.2,21.5,15.1,-38.8,14.5,25.2,41.3,78.7,5,0,true,33.3,3.15,above,0,0.55,5600,,3.71,3.68,6.89,7.83,3.7,,,,,5908,5619,6677,7061,1.2,واگرایی منفی RSI | اشباع خرید | بدون EPS مثبت | واگرایی منفی | حد ضرر دور (7.9٪) | نقدشوندگی کمتر از ۱۰ میلیارد تومان
اردستان,سیمان اردستان,سیمان، آهک و گچ,65.1,زیر نظر,90,35,64.5,60,30350,20261006,-3.6,-1.4,22.8,-31.1,-1.9,7.1,33.9,52.9,1,0,false,20.9,3.54,above,-9.3,1.27,29783,32030,11.5,-35.66,1.72,3.44,20.07,5074,5.98,7.14,-16.2,29783,29246,32030,33470,1.52,خروج مستمر پول حقیقی
دزهراوی,داروسازی‌زهراوی‌,مواد و محصولات دارویی,65.1,زیر نظر,100,90,18.5,50,5280,20261006,3.5,16.6,81,27.1,9.5,18.4,119.6,68.4,3,0,true,37.5,3.42,above,-0.4,1.3,5010,,-21.69,-53.19,1.12,-15.69,23.17,492,10.73,12.91,-16.9,5100,4920,5821,6182,1.5,واگرایی منفی RSI | خروج مستمر پول حقیقی | 120٪ بالای MA200 | واگرایی منفی
حخزر,کشتیرانی دریای خزر,حمل و نقل آبی,65,زیر نظر,100,70,75,9,13540,20261006,15.2,58.2,196.8,142.9,24.4,62,225.9,95,8,0,true,86.9,2.5,above,-0.2,1.09,6430,,46.66,93.62,2.04,-17.08,27.49,944,14.34,10.36,38.4,13202,12863,14555,15232,1.5,واگرایی منفی RSI | اشباع خرید | فاصله زیاد از MA20 | سهم صفی: 8 روز از ۲۰ روز در صف (ریسک نقدشوندگی و اجرای حد ضرر) | رشد عمودی (197٪ در ۶۰ روز، 62٪ بالای MA50) | 226٪ بالای MA200 | واگرایی منفی
ثغرب,شرکت سرمایه گذاری مسکن شمالغرب,انبوه سازی، املاک و مستغلات,65,زیر نظر,100,60,88,4,20090,20261006,9.1,59.3,285.6,231.7,20.2,65.2,231,87,16,1,true,81.7,2.35,above,0,0.65,18980,,7.56,37.66,2.79,16.42,9.37,415,48.41,23.59,105.2,19618,18910,21506,22450,1.2,اشباع خرید | فاصله زیاد از MA20 | سهم صفی: 16 روز از ۲۰ روز در صف (ریسک نقدشوندگی و اجرای حد ضرر) | رشد عمودی (286٪ در ۶۰ روز، 65٪ بالای MA50) | P/E بالا (48) | 231٪ بالای MA200 | نقدشوندگی کمتر از ۱۰ میلیارد تومان | صف فروش در ۵ روز اخیر
نان,صنایع غذایی رضوی,محصولات غذایی و آشامیدنی به جز قند و شکر,64.8,زیر نظر,73,45,88.5,47,6460,20261006,5.6,-4,10,-44,-0.2,4.1,45.7,53.5,1,0,false,16.6,3.2,above,-9.4,1.12,6360,6630,22.13,52,2.08,59.05,24.48,929,6.95,7.05,-1.4,6360,6256,6630,7130,0.84,
ونیکی,سرمایه‌گذاری‌ ملی‌ایران‌,شرکتهای چند رشته ای صنعتی,64.8,زیر نظر,100,45,53,50,5720,20261006,-1.2,21.7,36.5,-17.4,3.7,24.6,61,63.4,7,0,false,48.6,2.98,above,-4,0.88,5360,5870,24.75,79.95,0.46,-56.58,37.93,692,8.27,10.88,-24,5549,5294,5870,5960,0.35,واگرایی منفی RSI | سهم صفی: 7 روز از ۲۰ روز در صف (ریسک نقدشوندگی و اجرای حد ضرر) | توزیع: ورود حقیقی با سرانه خرید ضعیف (0.48 در ۲۰ روز) | 61٪ بالای MA200 | سرانه خرید ضعیف (0.46) | واگرایی منفی | حد ضرر دور (7.5٪) | شناوری کم (13٪)
بکاب,صنایع‌جوشکاب‌یزد,ماشین آلات و دستگاه‌های برقی,64.6,زیر نظر,95,55,81.6,19,13330,20261006,9.4,9.2,36.3,-17.6,2.2,15.7,46.2,62.8,4,0,false,29.3,3.51,above,-10.1,1.04,13050,13510,1.76,8.25,1.34,5.74,8.04,1077,12.38,6.15,101.3,13050,12816,13510,14820,0.35,171٪ بالای کف ۵۲ هفته | نقدشوندگی کمتر از ۱۰ میلیارد تومان
خبرنا,تولیدی برنا باطری,خودرو و ساخت قطعات,64.5,زیر نظر,100,43,87.7,16,8840,20261006,-0.9,-1.4,47.7,-6.2,3.8,16,35.2,60.5,0,0,false,37.1,3.34,above,-6,0.88,7690,9200,3.21,54.66,1.55,34.56,29,1058,8.36,5.87,42.3,8545,8250,9200,9400,0.61,واگرایی منفی RSI | واگرایی منفی
وهامون,سرمایه گذاری هامون صبا,سرمایه گذاریها,64.5,زیر نظر,88,45,36.5,80,1680,20261006,-0.1,2.4,21,-33,0.8,7.8,29.9,56.7,0,0,false,19.1,2.76,above,-4.5,0.9,1623,1726,-1.89,-3.77,2,5.92,5.09,427,3.93,8.73,-54.9,1634,1600,1726,1760,0.57,نقدشوندگی کمتر از ۱۰ میلیارد تومان
پکرمان,گروه‌ صنعتی‌ بارز,لاستیک و پلاستیک,64.5,زیر نظر,100,80,37,37,8280,20261006,8.1,16.5,41.1,-12.9,8.7,18.2,26.5,68.2,4,0,true,35.4,2.9,above,-0.6,0.9,7878,,-27.92,-89.01,3.44,1.5,26.84,953,8.69,8.21,5.8,8040,7758,9000,9480,1.38,واگرایی منفی RSI | خروج مستمر پول حقیقی | واگرایی منفی
شاروم,پتروشیمی ارومیه,محصولات شیمیایی,64.5,زیر نظر,100,55,78,16,15600,20261006,2.3,6.8,22.7,-31.2,0.3,15,53.6,58.5,4,0,false,33.1,3.01,above,-10,1.03,14820,17330,6.36,14.05,3.86,58.64,17.69,1318,11.84,8.01,47.8,15131,14586,17330,18268,1.71,54٪ بالای MA200
پردیس,سرمایه گذاری پردیس,سرمایه گذاریها,64.5,زیر نظر,100,70,21.9,60,2278,20261006,0.4,7.5,35.2,-18.7,4.9,14.3,33.4,63.5,0,0,true,35.2,3.07,above,-2.5,1,2176,2336,-4.86,-12.55,1.04,0.27,5.88,404,5.64,7.13,-20.9,2208,2141,2336,2476,0.42,واگرایی منفی RSI | خروج مستمر پول حقیقی | واگرایی منفی | نقدشوندگی کمتر از ۱۰ میلیارد تومان
فاراک,ماشین‌ سازی‌ اراک‌,ساخت محصولات فلزی,64.4,زیر نظر,95,75,36.5,47,3181,20261006,9.7,1.9,97.7,43.8,3.8,14.7,100.3,63.1,2,0,false,36.5,3.51,above,-5,0.79,3090,3280,-4.62,-8.15,4.98,84.98,69.69,423,7.52,7.54,-0.3,3090,3034,3280,3350,0.67,واگرایی منفی RSI | 100٪ بالای MA200 | واگرایی منفی
شاملا,معدنی‌ املاح‌  ایران‌,محصولات شیمیایی,64.4,زیر نظر,100,85,32.5,37,45010,20261006,4.7,11.2,63.4,9.5,10.2,21,94,73.4,3,0,true,31.9,3.38,above,0,1.47,44260,,-47.91,-55.96,3.71,-29.09,25.87,4322,10.41,9.63,8.1,44260,43500,49570,52610,3.02,خروج مستمر پول حقیقی | 94٪ بالای MA200
ددانا,داروسازی دانا,مواد و محصولات دارویی,64.4,زیر نظر,100,100,33.5,24,24030,20261006,7.9,9.1,133.1,79.2,12.9,19.6,147.4,69.3,7,0,true,39.3,2.93,above,-0.7,2.04,22390,,-34,-24.08,2.02,-38.03,44.69,2409,9.98,8.86,12.6,23326,22271,26141,27548,1.2,سهم صفی: 7 روز از ۲۰ روز در صف (ریسک نقدشوندگی و اجرای حد ضرر) | رشد عمودی (133٪ در ۶۰ روز، 20٪ بالای MA50) | 147٪ بالای MA200 | حد ضرر دور (7.3٪)
کبافق,معادن‌ بافق‌,استخراج کانه های فلزی,64.3,زیر نظر,100,75,73.1,4,47370,20261006,7.8,16.6,79.9,26,7,25.6,77.9,68,8,0,false,44.7,3.18,above,-3.2,1.02,41060,48940,1.05,1.99,1.42,8.07,8.18,1583,29.92,13.76,117.5,45865,44359,48940,51951,0.52,واگرایی منفی RSI | سهم صفی: 8 روز از ۲۰ روز در صف (ریسک نقدشوندگی و اجرای حد ضرر) | 78٪ بالای MA200 | واگرایی منفی | نقدشوندگی کمتر از ۱۰ میلیارد تومان
کولان,کولان سل,محصولات کاغذی,64.3,زیر نظر,100,65,48,37,34420,20261006,8.2,18,29.9,-24,9.3,17.5,,73.7,4,0,true,31.3,3.12,above,-1.9,1.49,32750,,-3.59,-5.64,8.19,103.37,19.59,3233,10.65,10.19,4.5,33347,32214,37638,39784,1.46,
مهر,سرمایه گذاری مهر,سرمایه گذاریها,64.3,زیر نظر,100,50,37,60,4050,20261006,-1,22.8,85.2,31.3,7.8,33.2,81.3,72.1,4,0,false,56.1,2.8,above,-3.6,1.16,3427,4201,-26.75,-55.32,39.82,11.94,12.52,564,7.18,8.73,-17.7,3937,3823,4201,4428,0.67,واگرایی منفی RSI | خروج مستمر پول حقیقی | رشد عمودی (85٪ در ۶۰ روز، 33٪ بالای MA50) | 81٪ بالای MA200 | واگرایی منفی
لطیف,محصولات کاغذی لطیف,محصولات کاغذی,64.3,زیر نظر,100,80,64,9,4290,20261006,9.7,15,42.1,-11.9,8.7,18.2,53.3,68.3,7,0,true,31.4,3.15,above,0,1.05,3920,,1.29,-7.24,19.8,27.36,7.94,315,13.62,10.19,33.7,4155,3953,4695,4965,1.2,سهم صفی: 7 روز از ۲۰ روز در صف (ریسک نقدشوندگی و اجرای حد ضرر) | 53٪ بالای MA200 | حد ضرر دور (7.9٪) | نقدشوندگی کمتر از ۱۰ میلیارد تومان
کطبس,ذغال‌سنگ‌ نگین‌ ط‌بس‌,استخراج زغال سنگ,64.3,زیر نظر,100,70,64,17,23710,20261006,15.9,35.9,125.9,72,20.6,44.6,141.6,88,10,0,true,60.4,2.8,above,0,0.79,19900,,11.65,-1.53,8.57,6.43,7.69,1904,12.45,9.67,28.8,23045,22381,25704,27033,1.5,واگرایی منفی RSI | اشباع خرید | فاصله زیاد از MA20 | سهم صفی: 10 روز از ۲۰ روز در صف (ریسک نقدشوندگی و اجرای حد ضرر) | رشد عمودی (126٪ در ۶۰ روز، 45٪ بالای MA50) | 142٪ بالای MA200 | واگرایی منفی | نقدشوندگی کمتر از ۱۰ میلیارد تومان
قپیرا,فرآورده‌های‌غدایی‌وقندپیرانشهر,قند و شکر,64.3,زیر نظر,90,65,27,70,22890,20261006,-8.2,18.9,58.4,4.5,-1,18.6,75.7,56.5,8,2,false,54.4,3.37,above,-12.9,0.63,18820,26290,-1.7,22.38,0.39,-6.37,5.1,2920,7.84,9.8,-20,22118,21347,26290,27833,2.2,سهم صفی: 8 روز از ۲۰ روز در صف (ریسک نقدشوندگی و اجرای حد ضرر) | توزیع: ورود حقیقی با سرانه خرید ضعیف (0.90 در ۲۰ روز) | 76٪ بالای MA200 | سرانه خرید ضعیف (0.39) | نقدشوندگی کمتر از ۱۰ میلیارد تومان | صف فروش در ۵ روز اخیر
شکبیر,پتروشیمی امیرکبیر,محصولات شیمیایی,64.2,زیر نظر,100,70,38.8,42,145800,20261006,0.8,2.7,33.2,-20.7,6,19.7,46.6,64.3,6,0,true,36.2,3.21,above,-7.4,1.2,143400,149000,-3.08,13.89,1.21,-2.54,5.54,27918,5.22,,,143400,141057,149000,157435,0.67,سهم صفی: 6 روز از ۲۰ روز در صف (ریسک نقدشوندگی و اجرای حد ضرر) | 180٪ بالای کف ۵۲ هفته | نقدشوندگی کمتر از ۱۰ میلیارد تومان
خاور,ایران خودرو دیزل,خودرو و ساخت قطعات,64.2,زیر نظر,95,70,77.7,9,1628,20261006,3.4,-0.9,18.2,-35.8,3.7,8.8,32.1,58.6,0,0,true,22.7,3.64,above,-6.1,1.14,1567,1722,20,121.47,1.17,17.72,72.15,91,17.89,5.87,204.8,1569,1537,1722,1776,1.03,توزیع: ورود حقیقی با سرانه خرید ضعیف (0.84 در ۲۰ روز)
ختور,رادیاتور ایران‌,خودرو و ساخت قطعات,64.1,زیر نظر,100,70,38.5,42,4710,20261006,10.6,42.5,98.7,44.8,18,47.3,118.8,90.2,5,0,true,72.6,3.14,above,-0.4,0.73,3720,,-3.42,-16.52,2.08,33.34,33.87,715,6.59,,,4562,4414,5154,5449,1.5,واگرایی منفی RSI | اشباع خرید | فاصله زیاد از MA20 | رشد عمودی (99٪ در ۶۰ روز، 47٪ بالای MA50) | 119٪ بالای MA200 | واگرایی منفی
واحصا,احیاء صنایع خراسان,سرمایه گذاریها,64,زیر نظر,100,70,60.2,20,35570,20261006,9.3,31.4,96.7,42.8,17.5,35.7,144.8,91.8,4,0,true,50.8,3.08,above,-0.8,1.18,29130,,3.38,-1.71,1.51,8.11,4.39,126,282.3,,,34475,33380,38854,41044,1.5,واگرایی منفی RSI | اشباع خرید | فاصله زیاد از MA20 | رشد عمودی (97٪ در ۶۰ روز، 36٪ بالای MA50) | P/E بالا (282) | 145٪ بالای MA200 | واگرایی منفی | نقدشوندگی کمتر از ۱۰ میلیارد تومان
بپویا,دانش محور پویا نیرو,ماشین آلات و دستگاه‌های برقی,64,زیر نظر,73,80,78.5,26,6310,20261006,7.1,3.3,-2.7,-56.6,3.2,9.6,6.9,59.9,1,0,true,19.3,3.35,above,-13.1,0.85,6074,6420,5.77,10.48,3.74,32.57,11.21,752,8.39,6.15,36.4,6098,5969,6420,6579,0.32,شناوری کم (7٪)
ولصنم,لیزینگ‌صنعت‌ومعدن‌,سایر واسطه گریهای مالی,63.9,زیر نظر,100,45,62.5,37,3220,20261006,-0.3,4.2,28.4,-25.5,0.3,12.1,19.6,57.7,1,0,false,30.6,3.44,above,-7.7,0.65,3050,3273,2.44,-44.7,4.38,3.02,6.75,305,10.56,9.94,6.2,3109,2995,3273,3490,0.24,خروج مستمر پول حقیقی | حد ضرر دور (7.0٪) | نقدشوندگی کمتر از ۱۰ میلیارد تومان
وساپا,سرمایه‌گذاری‌ سایپا,سرمایه گذاریها,63.9,زیر نظر,90,43,33,80,9270,20261006,-1.5,-1.9,45.3,-8.6,-1.5,14.7,57.8,55.2,0,0,false,37.8,3.59,above,-8.1,0.69,9160,9690,3.92,-379.43,1.04,-76.38,251.51,2887,3.21,7.13,-55,9160,8994,9690,10090,1.52,خروج مستمر پول حقیقی | 58٪ بالای MA200
دلقما,دارویی‌ لقمان‌,مواد و محصولات دارویی,63.8,زیر نظر,100,55,19,72,9970,20261006,-6.1,-1.5,152.6,98.7,2.9,11.4,155,56.1,7,0,false,36.6,3.5,above,-14,1.81,9630,10600,-67.56,32.9,0.57,-347.37,84.93,1109,8.99,12.91,-30.4,9630,9455,10600,10770,1.22,سهم صفی: 7 روز از ۲۰ روز در صف (ریسک نقدشوندگی و اجرای حد ضرر) | رشد عمودی (153٪ در ۶۰ روز، 11٪ بالای MA50) | توزیع: ورود حقیقی با سرانه خرید ضعیف (0.63 در ۲۰ روز) | 155٪ بالای MA200 | سرانه خرید ضعیف (0.57)
فخاس,فولاد خراسان,فلزات اساسی,63.6,زیر نظر,100,90,12.5,50,3730,20261006,1.1,15.9,78.1,24.2,7,25.3,75.1,69,3,0,true,47.6,3.27,above,-2.6,1.54,3600,3830,-22.12,-6.81,0.78,-39.3,27.75,363,10.28,13.48,-23.8,3608,3539,3830,4074,0.52,75٪ بالای MA200 | سرانه خرید ضعیف (0.78) | شناوری کم (4٪)
دحاوی,الحاوی,مواد و محصولات دارویی,63.6,زیر نظر,100,70,96.5,42,6110,20261005,12.9,47.2,182.1,128.2,23.4,56.5,172.7,99.8,20,0,true,96.2,2.25,above,0,1.57,2354,,1.15,2.6,3.55,2.48,0.54,849,7.2,,,5973,5835,6522,6797,1.5,نقدشوندگی پایین | اشباع خرید | فاصله زیاد از MA20 | سهم صفی: 20 روز از ۲۰ روز در صف (ریسک نقدشوندگی و اجرای حد ضرر) | رشد عمودی (182٪ در ۶۰ روز، 57٪ بالای MA50) | 173٪ بالای MA200 | نقدشوندگی کمتر از ۱۰ میلیارد تومان | آخرین معامله 20261005 (متوقف یا کم‌معامله)
سیسکو,فولاد سیرجان ایرانیان,فلزات اساسی,63.6,زیر نظر,100,65,20.4,62,6590,20261006,-1.3,12.6,102.8,48.8,1.6,20.2,122.1,60,6,0,false,48.9,3.02,above,-5.3,0.94,6150,6920,-126.16,-502.96,1.58,-16.22,103.38,820,8.04,13.48,-40.4,6391,6092,6920,7319,0.66,خروج مستمر پول حقیقی | سهم صفی: 6 روز از ۲۰ روز در صف (ریسک نقدشوندگی و اجرای حد ضرر) | رشد عمودی (103٪ در ۶۰ روز، 20٪ بالای MA50) | 122٪ بالای MA200 | حد ضرر دور (7.6٪) | شناوری کم (7٪)
کیا,کیا الکترود شرق,ساخت محصولات فلزی,63.6,زیر نظر,100,55,86.4,4,11040,20261006,3.5,24.3,41.5,-12.4,10.9,21.2,31.7,72.6,1,0,true,37.7,3.59,above,-4.9,1.64,10270,,11.06,6.59,1.13,1.17,3.35,262,42.14,6.02,600,10644,10072,12229,13022,1.23,P/E بالا (42) | حد ضرر دور (8.8٪) | نقدشوندگی کمتر از ۱۰ میلیارد تومان
دالبر,البرزدارو,مواد و محصولات دارویی,63.5,زیر نظر,100,65,20.1,62,16060,20261006,1.1,1.5,111.6,57.7,1.4,11.7,125,57.3,6,0,false,45.6,3.26,above,-5.5,1.11,15050,16920,-110.96,62.46,0.88,-218.24,119.59,1779,9.03,12.91,-30.1,15537,14789,16920,17966,0.68,سهم صفی: 6 روز از ۲۰ روز در صف (ریسک نقدشوندگی و اجرای حد ضرر) | رشد عمودی (112٪ در ۶۰ روز، 12٪ بالای MA50) | توزیع: ورود حقیقی با سرانه خرید ضعیف (0.63 در ۲۰ روز) | 125٪ بالای MA200 | حد ضرر دور (7.9٪)
خریخت,صنایع‌ریخته‌گری‌ایران‌,خودرو و ساخت قطعات,63.5,زیر نظر,100,60,54,32,1915,20261006,6.9,42.4,63.9,10,16.2,43.9,86.9,87.7,4,0,true,66.1,2.88,above,-2.1,0.95,1229,,1.6,13.01,0.73,-8.77,7.31,185,10.35,,,1860,1805,2081,2191,1.5,واگرایی منفی RSI | اشباع خرید | فاصله زیاد از MA20 | رشد عمودی (64٪ در ۶۰ روز، 44٪ بالای MA50) | 87٪ بالای MA200 | سرانه خرید ضعیف (0.73) | واگرایی منفی | نقدشوندگی کمتر از ۱۰ میلیارد تومان
تاپکیش,تجارت الکترونیک پارسیان کیش,رایانه و فعالیت‌های وابسته به آن,63.5,زیر نظر,64,80,99,14,2775,20261006,14.8,2.1,25.1,-28.8,7.9,0.8,55.5,60.6,2,0,true,17.7,3.26,inside,-16.3,1.29,2676,2856,13.76,21.11,5.85,32.9,11.74,96,28.91,8.89,225.2,2684,2631,2856,2933,0.56,توزیع: ورود حقیقی با سرانه خرید ضعیف (0.82 در ۲۰ روز) | 55٪ بالای MA200
پارس,پتروشیمی پارس,محصولات شیمیایی,63.4,زیر نظر,100,60,25.8,60,3470,20261006,8.6,41.4,73,19,19.1,40,62.1,83.6,9,0,true,52.3,2.65,above,0,1.61,2929,,-309.3,-46.17,1.27,-283.26,138.49,492,7.05,9.63,-26.8,3378,3286,3746,3930,1.5,اشباع خرید | فاصله زیاد از MA20 | سهم صفی: 9 روز از ۲۰ روز در صف (ریسک نقدشوندگی و اجرای حد ضرر) | رشد عمودی (73٪ در ۶۰ روز، 40٪ بالای MA50) | 62٪ بالای MA200 | شناوری کم (6٪)
فملی,ملی‌ صنایع‌ مس‌ ایران‌,فلزات اساسی,63.4,زیر نظر,100,70,73.5,4,30070,20261006,13,22.2,100.1,46.2,13.4,38.1,145.9,80.6,5,0,true,55.6,2.93,above,0,0.93,27870,,162.46,2210.69,2.9,-1399.13,1485.67,1411,21.31,13.48,58.1,29190,27870,32710,34469,1.2,اشباع خرید | رشد عمودی (100٪ در ۶۰ روز، 38٪ بالای MA50) | توزیع: ورود حقیقی با سرانه خرید ضعیف (0.49 در ۲۰ روز) | 146٪ بالای MA200 | حد ضرر دور (7.3٪)
فاذر,صنایع‌ آذرآب‌,ساخت محصولات فلزی,63.4,زیر نظر,100,85,61.5,4,1902,20261006,15.7,24.6,113,59.1,14.4,27.7,80.8,75.2,9,0,true,33,2.96,above,0,0.59,1796,,6.55,-21.68,4.03,62.52,35.49,60,31.7,7.54,320.4,1846,1768,2071,2183,1.26,سهم صفی: 9 روز از ۲۰ روز در صف (ریسک نقدشوندگی و اجرای حد ضرر) | رشد عمودی (113٪ در ۶۰ روز، 28٪ بالای MA50) | P/E بالا (32) | 81٪ بالای MA200 | حد ضرر دور (7.1٪)
ساینا,صنایع بهداشتی ساینا,محصولات شیمیایی,63.4,زیر نظر,100,85,28.5,37,14640,20261006,8.4,32.1,110.3,56.4,12.8,29.1,142.5,77.7,6,0,true,59.5,3.43,above,-4.8,1.44,13170,,-3.1,0.12,0.64,-109.15,31.15,1820,8.04,8.01,0.4,14138,13386,16145,17149,1.2,سهم صفی: 6 روز از ۲۰ روز در صف (ریسک نقدشوندگی و اجرای حد ضرر) | رشد عمودی (110٪ در ۶۰ روز، 29٪ بالای MA50) | توزیع: ورود حقیقی با سرانه خرید ضعیف (0.72 در ۲۰ روز) | 143٪ بالای MA200 | سرانه خرید ضعیف (0.64) | حد ضرر دور (8.6٪)
انتخاب,گروه انتخاب الکترونیک آرمان,ماشین آلات و تجهیزات,63.3,زیر نظر,100,75,36,37,2582,20261006,6.5,7.4,82.3,28.4,5,25.4,103.3,69.4,2,0,false,52.8,3.28,above,-2,0.91,2547,2635,-22.99,-167.7,2.91,17.09,59.92,271,9.53,9.66,-1.4,2547,2505,2635,2804,0.69,خروج مستمر پول حقیقی | 103٪ بالای MA200
زنگان,صنعت روی زنگان,فلزات اساسی,63.3,زیر نظر,100,75,89,4,8820,20261005,2.1,26.3,92.6,38.7,14,28.8,75.9,72.7,9,0,true,51.5,3.25,above,-6.4,0.96,7276,,0.1,11.77,2.54,22.78,7.01,403,21.89,8.05,171.9,8533,8247,9680,10253,1.5,سهم صفی: 9 روز از ۲۰ روز در صف (ریسک نقدشوندگی و اجرای حد ضرر) | 76٪ بالای MA200 | نقدشوندگی کمتر از ۱۰ میلیارد تومان | آخرین معامله 20261005 (متوقف یا کم‌معامله)
ویسا,سرمایه گذاری ایساتیس پویا,سرمایه گذاریها,63.1,زیر نظر,100,85,72.3,32,5930,20261006,9.3,20.5,58.1,4.2,9.4,30.8,64.6,72.4,4,0,true,55.2,2.91,above,-0.2,1.47,5868,,5.2,8.7,1.15,-4.53,2.89,633,9.37,,,5868,5782,6448,6794,3.5,نقدشوندگی پایین | رشد عمودی (58٪ در ۶۰ روز، 31٪ بالای MA50) | 65٪ بالای MA200 | نقدشوندگی کمتر از ۱۰ میلیارد تومان
وپارس,بانک‌پارسیان‌,بانکها و موسسات اعتباری,63,زیر نظر,90,65,2,90,2128,20261006,-3.5,4.7,81.6,27.6,-4,19.8,84.3,54.3,4,2,false,55.4,3.51,above,-10.5,0.79,1244,2193,-138.61,-448.88,0.63,-373.01,480.27,668,3.19,5.4,-41,2053,1979,2193,2372,0.44,واگرایی منفی RSI | 84٪ بالای MA200 | سرانه خرید ضعیف (0.63) | واگرایی منفی | حد ضرر دور (7.0٪) | صف فروش در ۵ روز اخیر
دارو,کارخانجات‌داروپخش‌,مواد و محصولات دارویی,63,زیر نظر,100,85,34,30,10330,20261006,10.5,18.1,102.5,48.6,18.2,25.4,157.6,79.9,9,0,true,43.7,3.26,above,0,2.07,9400,,-65.13,-78.71,1.61,-208.79,86.66,841,12.28,12.91,-4.9,9994,9489,11339,12012,1.2,اشباع خرید | فاصله زیاد از MA20 | سهم صفی: 9 روز از ۲۰ روز در صف (ریسک نقدشوندگی و اجرای حد ضرر) | رشد عمودی (103٪ در ۶۰ روز، 25٪ بالای MA50) | 158٪ بالای MA200 | حد ضرر دور (8.1٪) | شناوری کم (13٪)
دتماد,تولیدمواداولیه‌داروپخش‌,مواد و محصولات دارویی,62.9,زیر نظر,100,90,9.6,50,57790,20261006,-0.2,0.1,66.5,12.6,4.1,11.4,110.4,58.6,3,0,true,25.4,3.41,above,-6.2,1.24,49000,61295,-23.49,-5.73,1.08,-51.67,28.67,5718,10.11,12.91,-21.7,55816,53843,61295,65242,0.89,110٪ بالای MA200
کپارس,کاشی‌ پارس‌,کاشی و سرامیک,62.9,زیر نظر,100,60,36.5,47,20370,20261006,6.5,17.2,115.6,61.6,7,30.7,117.9,71.4,11,0,false,49.8,3,above,-0.6,0.73,17360,,-12.08,-62.53,2.15,0.6,20.07,2681,7.6,7.65,-0.7,19759,19148,22204,23426,1.5,واگرایی منفی RSI | خروج مستمر پول حقیقی | سهم صفی: 11 روز از ۲۰ روز در صف (ریسک نقدشوندگی و اجرای حد ضرر) | رشد عمودی (116٪ در ۶۰ روز، 31٪ بالای MA50) | 118٪ بالای MA200 | واگرایی منفی
دسبحان,سبحان دارو,مواد و محصولات دارویی,62.9,زیر نظر,100,70,58.5,17,21010,20261006,12.7,33.2,246.1,192.2,18.7,50.7,248,87.4,12,0,true,76.8,2.76,above,0,1.34,17730,,101.24,-32.89,1.54,-154.75,90.52,1454,14.45,12.91,11.9,20430,19850,22750,23909,1.5,اشباع خرید | فاصله زیاد از MA20 | سهم صفی: 12 روز از ۲۰ روز در صف (ریسک نقدشوندگی و اجرای حد ضرر) | رشد عمودی (246٪ در ۶۰ روز، 51٪ بالای MA50) | 248٪ بالای MA200
غسالم,سالمین‌,محصولات غذایی و آشامیدنی به جز قند و شکر,62.8,زیر نظر,83,80,27.6,60,9130,20261006,4.2,4.3,22.7,-31.2,2.9,7.5,51.2,58,3,0,true,15.1,3.22,above,-7.8,0.98,9020,9270,-7.56,-9.88,1.24,4.76,11.33,1348,6.77,8.53,-20.6,9020,8873,9270,9900,0.54,51٪ بالای MA200
تلیسه,دامداری تلیسه نمونه,زراعت و خدمات وابسته,62.8,زیر نظر,100,70,38.1,37,10280,20261006,-0.8,3.3,23.4,-30.5,3.1,11.4,80.1,58.1,6,0,true,35.9,3.45,above,-6.5,1.48,9880,10810,-22.26,0.68,1.56,-42.63,21.55,1266,8.12,8.07,0.6,9925,9703,10810,10990,0.92,واگرایی منفی RSI | سهم صفی: 6 روز از ۲۰ روز در صف (ریسک نقدشوندگی و اجرای حد ضرر) | توزیع: ورود حقیقی با سرانه خرید ضعیف (0.73 در ۲۰ روز) | 80٪ بالای MA200 | واگرایی منفی
سبجنو,سیمان‌ بجنورد,سیمان، آهک و گچ,62.8,زیر نظر,100,65,32,47,60380,20261006,12.8,9.6,39.8,-14.2,13.9,20.5,67.8,77.3,2,0,true,27.5,3.12,above,0,1.21,56370,,-11.77,-33.9,1.58,-2.36,8.02,8801,6.86,7.14,-3.9,58496,55670,66032,69801,1.2,واگرایی منفی RSI | خروج مستمر پول حقیقی | 68٪ بالای MA200 | واگرایی منفی | حد ضرر دور (7.8٪) | نقدشوندگی کمتر از ۱۰ میلیارد تومان | شناوری کم (11٪)
حپرتو,پرتو بار فرابر خلیج فارس,حمل ونقل، انبارداری و ارتباطات,62.8,زیر نظر,100,90,43,16,11730,20261006,0.8,10.5,57.1,3.2,7.9,30.5,49.4,69.8,5,1,true,51.4,3.18,above,-4.8,0.96,10990,12320,5.72,10.16,0.56,-18.98,14.21,1121,10.46,7.68,36.2,11357,10804,12320,13065,0.64,رشد عمودی (57٪ در ۶۰ روز، 30٪ بالای MA50) | توزیع: ورود حقیقی با سرانه خرید ضعیف (0.70 در ۲۰ روز) | سرانه خرید ضعیف (0.56) | حد ضرر دور (7.9٪) | صف فروش در ۵ روز اخیر
کربن,کانی کربن طبس,استخراج زغال سنگ,62.8,زیر نظر,85,55,23,82,9810,20261006,-0.9,-9,56.5,2.5,-0.3,9.2,72.1,53.6,2,1,false,30.5,3.53,above,-13.9,1.02,9050,11400,-29.16,-27.48,1.83,-0.66,13.52,1449,6.77,15.48,-56.3,9464,8945,11400,12092,1.84,خروج مستمر پول حقیقی | 72٪ بالای MA200 | حد ضرر دور (8.8٪) | صف فروش در ۵ روز اخیر
غصینو,صنعتی مینو,محصولات غذایی و آشامیدنی به جز قند و شکر,62.7,زیر نظر,100,70,50.8,24,6220,20261006,2.5,3.3,24.2,-29.8,3.6,6.9,67.9,57.6,5,0,true,20.2,3.53,above,-3.3,1.57,6065,6430,-27.83,36.02,1.33,-32.28,33.31,698,8.91,7.05,26.4,6065,5955,6430,6869,0.79,توزیع: ورود حقیقی با سرانه خرید ضعیف (0.90 در ۲۰ روز) | 68٪ بالای MA200
غشوکو,شوکو پارس,محصولات غذایی و آشامیدنی به جز قند و شکر,62.7,زیر نظر,100,100,8.8,42,8910,20261006,8.1,9.3,65.3,11.3,10.6,11.9,106.1,68,3,0,true,26.8,3.35,above,-0.4,0.67,8517,,-1.52,-18.66,1.11,-3.67,6.26,1478,6.03,,,8611,8367,9806,10404,1.65,خروج مستمر پول حقیقی | 106٪ بالای MA200 | نقدشوندگی کمتر از ۱۰ میلیارد تومان
سلیم,سرمایه گذاری سلیم,سرمایه گذاریها,62.6,زیر نظر,100,88,36,24,1501,20261006,8.3,7,45,-9,8.5,13.2,34.9,68.1,1,0,true,27.6,3.22,above,0,0.96,1309,,-5.12,-25.04,1.88,17.96,11.02,146,10.28,8.73,17.8,1453,1404,1646,1743,1.5,واگرایی منفی RSI | خروج مستمر پول حقیقی | واگرایی منفی
قهکمت,قندهکمتان‌,قند و شکر,62.6,زیر نظر,95,85,44.2,24,11880,20261006,14.1,10.1,71.1,17.2,10,18.1,81.5,71,4,0,true,27.1,3.29,above,-0.2,1.86,10153,,6.04,-9.5,1.07,-0.81,3.15,1018,11.67,9.8,19.1,11490,11099,13051,13832,1.5,واگرایی منفی RSI | خروج مستمر پول حقیقی | 81٪ بالای MA200 | واگرایی منفی | نقدشوندگی کمتر از ۱۰ میلیارد تومان
نطرین,عطرین نخ قم,منسوجات,62.6,زیر نظر,100,65,48.2,30,2543,20261006,6.1,38.6,38.6,-15.3,11.1,29.7,87.9,74.8,13,0,true,38.3,2.89,above,-0.4,1.42,2460,,-2.17,5.55,1.05,5.29,16.77,196,12.97,14.29,-9.2,2469,2423,2764,2911,1.84,سهم صفی: 13 روز از ۲۰ روز در صف (ریسک نقدشوندگی و اجرای حد ضرر) | توزیع: ورود حقیقی با سرانه خرید ضعیف (0.90 در ۲۰ روز) | 88٪ بالای MA200
مفاخر,توسعه فناوری اطلاعات خوارزمی,رایانه و فعالیت‌های وابسته به آن,62.5,زیر نظر,100,60,78,4,14830,20261006,6.8,41.6,109.4,55.5,16.5,36.9,93.5,82.3,10,0,true,65.2,3.13,above,0,0.92,14466,,2.56,3.44,12.42,18.45,11.63,574,25.84,8.89,190.6,14466,14234,16222,17150,2.34,اشباع خرید | فاصله زیاد از MA20 | سهم صفی: 10 روز از ۲۰ روز در صف (ریسک نقدشوندگی و اجرای حد ضرر) | رشد عمودی (109٪ در ۶۰ روز، 37٪ بالای MA50) | 94٪ بالای MA200
داسوه,داروسازی‌ اسوه‌,مواد و محصولات دارویی,62.5,زیر نظر,100,85,53,9,116500,20261006,13.8,10,181.8,127.9,16.8,33.5,167,78.5,12,0,true,49.6,2.89,above,0,0.9,109090,,-1.73,4.1,3.03,7.98,9.63,6197,18.8,12.91,45.6,113134,108085,126598,133330,1.2,واگرایی منفی RSI | اشباع خرید | فاصله زیاد از MA20 | سهم صفی: 12 روز از ۲۰ روز در صف (ریسک نقدشوندگی و اجرای حد ضرر) | رشد عمودی (182٪ در ۶۰ روز، 33٪ بالای MA50) | 167٪ بالای MA200 | واگرایی منفی | حد ضرر دور (7.2٪) | نقدشوندگی کمتر از ۱۰ میلیارد تومان | شناوری کم (9٪)
اتکام,بیمه اتکایی امین,بیمه وصندوق بازنشستگی به جزتامین اجتماعی,62.5,زیر نظر,100,75,62,68,3150,20260929,7.9,6.5,63.3,9.4,4.9,14.3,42.7,65.9,1,0,false,37.9,3.1,above,-1.4,0.9,2839,3194,3.57,-4.01,2.36,3.54,1.58,925,3.41,4.59,-25.8,3052,2955,3194,3389,0.22,نقدشوندگی پایین | واگرایی منفی RSI | خروج مستمر پول حقیقی | واگرایی منفی | نقدشوندگی کمتر از ۱۰ میلیارد تومان | شناوری کم (14٪) | آخرین معامله 20260929 (متوقف یا کم‌معامله)
فن آوا,گروه فن آوا,رایانه و فعالیت‌های وابسته به آن,62.4,زیر نظر,100,65,27.5,50,3970,20261006,-6.8,20.7,198.2,144.3,2.8,37.4,125.1,66.3,11,3,false,74.6,2.92,above,-9.4,0.81,3580,4380,-13.68,37.77,0.65,-4.23,20.1,1675,2.37,,,3854,3738,4380,4612,1.77,واگرایی منفی RSI | سهم صفی: 11 روز از ۲۰ روز در صف (ریسک نقدشوندگی و اجرای حد ضرر) | رشد عمودی (198٪ در ۶۰ روز، 37٪ بالای MA50) | 125٪ بالای MA200 | سرانه خرید ضعیف (0.65) | واگرایی منفی | صف فروش در ۵ روز اخیر
خدیزل,بهمن  دیزل,خودرو و ساخت قطعات,62.4,زیر نظر,90,35,53.5,60,1793,20261006,-2.4,-3.2,8.1,-45.8,-0.4,5,34.8,52.4,2,0,false,27.2,3.52,above,-6.3,1.15,1749,1905,5.9,53.98,0.78,-13.15,12.52,348,5.15,5.87,-12.2,1749,1718,1905,2031,1.49,توزیع: ورود حقیقی با سرانه خرید ضعیف (0.88 در ۲۰ روز) | 151٪ بالای کف ۵۲ هفته | سرانه خرید ضعیف (0.78)
کگل,معدنی و صنعتی گل گهر,استخراج کانه های فلزی,62.3,زیر نظر,95,88,35,30,3150,20261006,1.2,0.8,52.5,-1.4,3.6,10.2,49.8,59.6,4,0,true,28.3,3.39,above,-4.8,1,3071,3205,-95.46,116.54,1.48,-161.33,235.05,241,13.07,13.76,-5,3071,3018,3205,3310,0.42,توزیع: ورود حقیقی با سرانه خرید ضعیف (0.65 در ۲۰ روز)
وخارزم,سرمایه گذاری خوارزمی,سرمایه گذاریها,62.3,زیر نظر,100,70,64,9,10340,20261006,15.7,37.1,111.3,57.3,20.1,42.1,155.3,85,7,0,true,66.9,2.65,above,0,0.44,8604,,170.62,-73.2,5.48,209.9,105.92,830,12.46,7.13,74.7,10066,9791,11163,11712,1.5,واگرایی منفی RSI | اشباع خرید | فاصله زیاد از MA20 | سهم صفی: 7 روز از ۲۰ روز در صف (ریسک نقدشوندگی و اجرای حد ضرر) | رشد عمودی (111٪ در ۶۰ روز، 42٪ بالای MA50) | 155٪ بالای MA200 | واگرایی منفی
سامان,بانک سامان,بانکها و موسسات اعتباری,62.3,زیر نظر,100,70,1,72,9820,20261006,8.6,18.2,68.2,14.3,12,19.7,123,82.1,0,0,true,50.2,2.6,above,-1.3,0.74,8747,,-55.83,-479.55,0.62,-79.88,73.74,1396,7.03,12.04,-41.6,9565,9309,10586,11097,1.5,اشباع خرید | خروج مستمر پول حقیقی | 123٪ بالای MA200 | سرانه خرید ضعیف (0.62)
بنو,بیمه تجارت نو,بیمه وصندوق بازنشستگی به جزتامین اجتماعی,62.1,زیر نظر,83,35,58.9,62,2005,20261006,-0.6,-7.3,23.2,-30.7,0.5,5.3,33.8,53.5,3,0,false,18.8,3.57,above,-8.4,0.67,1935,2077,0.55,5.08,1.44,-3.16,7.45,239,8.39,18.13,-53.7,1935,1899,2077,2130,0.68,توزیع: ورود حقیقی با سرانه خرید ضعیف (0.72 در ۲۰ روز) | نقدشوندگی کمتر از ۱۰ میلیارد تومان
وتوصا,گروه س توسعه صنعتی ایران,سرمایه گذاریها,62.1,زیر نظر,85,75,6.5,80,3100,20261006,1,5.2,59.2,5.3,-1.1,8.2,58.5,54.7,0,0,false,38.6,3.66,above,-9.1,0.87,2970,3410,-0.21,-19.41,0.98,-2.07,7.43,642,4.83,7.13,-32.3,2987,2913,3410,3637,1.66,واگرایی منفی RSI | خروج مستمر پول حقیقی | 58٪ بالای MA200 | واگرایی منفی | نقدشوندگی کمتر از ۱۰ میلیارد تومان
افق,فروشگاههای زنجیره ای افق کوروش,خرده فروشی،باستثنای وسایل نقلیه موتوری,62.1,زیر نظر,95,85,49.5,17,85320,20261006,13.5,13.6,69.3,15.4,14.6,20.3,105.2,75.5,4,0,true,34.9,3.07,above,0,1.15,77550,,36.13,-35.07,2.85,-1.14,44.53,5195,16.42,12.78,28.5,82700,78770,93180,98419,1.2,واگرایی منفی RSI | 105٪ بالای MA200 | واگرایی منفی | حد ضرر دور (7.7٪) | شناوری کم (12٪)
شستان,پتروشیمی شهید رئیسی گلستان,محصولات شیمیایی,62.1,زیر نظر,95,45,78.5,20,1941,20261006,2,6.8,25.5,-28.4,3.5,14.9,31.1,61.9,1,0,false,26.5,3.62,above,-3.6,0.99,1739,1995,0.55,2.36,1.86,4.79,3.41,7,277.29,,,1871,1765,1995,2136,0.31,P/E بالا (277) | حد ضرر دور (9.0٪) | نقدشوندگی کمتر از ۱۰ میلیارد تومان
وامیر,گروه صنعتی و معدنی امیر,استخراج کانه های فلزی,62.1,زیر نظر,100,60,60.2,20,12090,20261006,7.7,28.2,141.4,87.5,7.8,38.9,145.5,74.5,9,0,false,65.5,2.77,above,-0.8,0.94,10640,,-1.77,24.1,1.53,13.2,19.42,598,20.22,,,11755,11419,13096,13766,1.5,سهم صفی: 9 روز از ۲۰ روز در صف (ریسک نقدشوندگی و اجرای حد ضرر) | رشد عمودی (141٪ در ۶۰ روز، 39٪ بالای MA50) | 146٪ بالای MA200
حسیر,ریل سیر کوثر,حمل ونقل، انبارداری و ارتباطات,62,زیر نظر,100,70,63,9,9290,20261006,13.7,29.2,64.3,10.3,16,35.4,102.3,84.3,2,0,true,58,3.01,above,0,1.58,8440,,57.4,61.36,0.75,-37.82,24.4,758,12.26,7.68,59.6,9010,8731,10129,10688,1.5,اشباع خرید | فاصله زیاد از MA20 | رشد عمودی (64٪ در ۶۰ روز، 35٪ بالای MA50) | توزیع: ورود حقیقی با سرانه خرید ضعیف (0.80 در ۲۰ روز) | 102٪ بالای MA200 | سرانه خرید ضعیف (0.75)
زفجر,کشاورزی و دامپروری فجر اصفهان,زراعت و خدمات وابسته,62,زیر نظر,100,70,11.9,60,54630,20261006,-2.3,11.8,31,-22.9,5.2,12.2,86,59.7,3,0,true,21.9,3.13,above,-5.1,1.3,53370,57570,-14.54,-3.05,1.16,-8.35,13.52,7903,6.91,8.07,-14.3,53370,52515,57570,60990,1.39,86٪ بالای MA200
فروس,فروسیلیس‌ ایران‌,فلزات اساسی,62,زیر نظر,85,55,29.8,72,4070,20261006,-1.9,2.8,38.8,-15.1,-4,12,55.1,54,10,0,false,35.3,3.11,above,-15.6,0.91,4000,4260,1.87,-30.6,0.91,-5.74,8.54,440,9.25,13.48,-31.4,4000,3937,4260,4820,1.42,خروج مستمر پول حقیقی | سهم صفی: 10 روز از ۲۰ روز در صف (ریسک نقدشوندگی و اجرای حد ضرر) | 55٪ بالای MA200 | نقدشوندگی کمتر از ۱۰ میلیارد تومان
شرانل,نفت ایرانول,فراورده های نفتی، کک و سوخت هسته ای,61.7,زیر نظر,100,53,47.5,37,112700,20261006,1.9,6.5,49.9,-4,1.5,13.9,90,60.8,3,0,false,28.5,3.49,above,-6.6,1.03,99320,117000,14.34,-62.6,2.43,-6.61,33.47,13150,8.57,8.12,5.5,108762,104825,117000,120700,0.55,خروج مستمر پول حقیقی | 90٪ بالای MA200
وکار,بانک‌ کارآفرین‌,بانکها و موسسات اعتباری,61.6,زیر نظر,100,60,62.5,16,6600,20261006,11.3,8.7,115.7,61.8,5.9,29,124,74.7,2,0,false,51.1,2.99,above,0,0.49,6420,,7.87,-236.45,2.51,14.04,31.24,650,10.15,5.4,88,6420,6321,7191,7585,2.12,خروج مستمر پول حقیقی | رشد عمودی (116٪ در ۶۰ روز، 29٪ بالای MA50) | 124٪ بالای MA200
دکپسول,تولید ژلاتین کپسول ایران,مواد و محصولات دارویی,61.5,زیر نظر,100,45,53,37,176500,20261006,-2.7,0.4,11.6,-42.4,0.2,2.1,29.1,51,1,0,false,21.3,3.64,above,-7.5,0.82,171000,181450,4.43,54.76,0.72,-20.62,21.38,20406,8.65,8.86,-2.4,171000,167789,181450,185259,0.57,توزیع: ورود حقیقی با سرانه خرید ضعیف (0.75 در ۲۰ روز) | سرانه خرید ضعیف (0.72)
هجرت,پخش هجرت,مواد و محصولات دارویی,61.5,زیر نظر,100,85,34,24,9610,20261006,7,14.3,57.8,3.9,12.5,22.7,132.6,71.8,7,0,true,35,3.07,above,-2,1.44,8735,,-24.08,-30.14,2.92,-79.22,37.68,888,10.82,8.86,22.1,9315,8873,10495,11085,1.2,سهم صفی: 7 روز از ۲۰ روز در صف (ریسک نقدشوندگی و اجرای حد ضرر) | 133٪ بالای MA200 | حد ضرر دور (7.7٪)
وسدید,گروه ‌صنعتی‌سدید,فلزات اساسی,61.5,زیر نظر,100,65,54,20,2343,20261006,-7.4,31.6,53.9,0,6.5,24.6,34.8,66.1,13,2,false,51,3.02,above,-9.5,1.08,2294,2590,4.09,89.63,0.71,-14.03,32.81,34,68.91,,,2294,2259,2590,2731,2.93,سهم صفی: 13 روز از ۲۰ روز در صف (ریسک نقدشوندگی و اجرای حد ضرر) | P/E بالا (69) | سرانه خرید ضعیف (0.71) | صف فروش در ۵ روز اخیر | واگرایی مثبت RSI
بگیلان,توسعه مسیر برق گیلان,عرضه برق، گاز، بخاروآب گرم,61.5,زیر نظر,70,45,89,37,26220,20261006,-5.3,2.9,16.7,-37.2,-1.7,4.4,42.3,50.7,0,0,false,15.5,3.54,above,-7.6,0.87,25460,27950,2.26,22,8.08,22.84,8.65,2382,11.01,10.04,9.6,25460,24996,27950,28390,1.41,نقدشوندگی کمتر از ۱۰ میلیارد تومان
دهدشت,صنایع پتروشیمی دهدشت,محصولات شیمیایی,61.4,زیر نظر,100,70,99.5,10,16760,20261006,15.7,46.2,76.1,22.2,24.7,49.5,79.3,98.1,20,0,true,77.3,2.31,above,0,3.31,11754,,20.07,20.48,6.38,17.01,1.67,,,,,16373,15986,17921,18695,1.5,نقدشوندگی پایین | اشباع خرید | فاصله زیاد از MA20 | بدون EPS مثبت | سهم صفی: 20 روز از ۲۰ روز در صف (ریسک نقدشوندگی و اجرای حد ضرر) | رشد عمودی (76٪ در ۶۰ روز، 50٪ بالای MA50) | 79٪ بالای MA200 | نقدشوندگی کمتر از ۱۰ میلیارد تومان
غکورش,صنعت غذایی کورش,محصولات غذایی و آشامیدنی به جز قند و شکر,61.4,زیر نظر,100,75,41.5,24,29830,20261006,5.7,19.3,94.9,41,10,28.7,162.1,72.6,4,0,true,52.4,3.22,above,-3.2,1.03,27890,,8.82,-135.21,1.32,-144.68,98.13,2993,9.97,8.53,16.8,28868,27425,32716,34639,1.2,واگرایی منفی RSI | خروج مستمر پول حقیقی | 162٪ بالای MA200 | واگرایی منفی | حد ضرر دور (8.1٪) | شناوری کم (14٪)
وساخت,سرمایه‌ گذاری‌ ساختمان‌ایران‌,انبوه سازی، املاک و مستغلات,61.4,زیر نظر,90,53,86,9,2100,20261006,-0.5,7.7,45.2,-8.7,-0.8,10.4,58.9,55.5,6,0,false,23.7,3.34,above,-9.6,0.89,1980,2205,14.11,45.32,2.7,4.17,24.7,144,14.58,6.61,120.6,2030,1944,2205,2324,0.68,سهم صفی: 6 روز از ۲۰ روز در صف (ریسک نقدشوندگی و اجرای حد ضرر) | 59٪ بالای MA200 | حد ضرر دور (7.4٪)
واعتبار,سرمایه گذاری اعتبار ایران,سرمایه گذاریها,61.2,زیر نظر,100,35,16.8,80,3830,20261006,3.2,37.6,106.8,52.8,12.2,40.7,110.4,80.9,3,0,false,72.5,2.82,above,-0.5,0.82,2338,,-3.73,-1.37,1.37,-0.94,4.74,827,4.63,7.13,-35,3722,3614,4154,4371,1.5,اشباع خرید | رشد عمودی (107٪ در ۶۰ روز، 41٪ بالای MA50) | 110٪ بالای MA200 | نقدشوندگی کمتر از ۱۰ میلیارد تومان
غپاک,لبنیات‌ پاک‌,محصولات غذایی و آشامیدنی به جز قند و شکر,61.2,زیر نظر,100,73,62.4,4,2627,20261006,12.3,23.2,53.9,0,12.2,31.8,75,77.5,7,0,true,39.1,3.1,above,-0.3,0.88,2550,,4.81,36.95,1.12,-1.48,13.62,97,27.08,8.53,217.5,2550,2509,2871,3034,2.07,سهم صفی: 7 روز از ۲۰ روز در صف (ریسک نقدشوندگی و اجرای حد ضرر) | رشد عمودی (54٪ در ۶۰ روز، 32٪ بالای MA50) | توزیع: ورود حقیقی با سرانه خرید ضعیف (0.74 در ۲۰ روز) | 75٪ بالای MA200
دلر,داروسازی‌ اکسیر,مواد و محصولات دارویی,61.1,زیر نظر,100,90,2.5,50,29730,20261006,2.6,10.1,83,29,10.4,15.4,118.8,68.1,3,0,true,33.2,3.45,above,-3.2,1.11,28330,30720,-62.87,-34.94,0.63,-78.65,41.2,2845,10.45,12.91,-19.1,28704,27817,30720,32772,0.52,119٪ بالای MA200 | سرانه خرید ضعیف (0.63)
رکیش,کارت اعتباری ایران کیش,رایانه و فعالیت‌های وابسته به آن,61,زیر نظر,85,45,66.1,40,2564,20261006,1.4,-9.1,35.7,-18.3,-1.5,3.7,40.5,51.5,1,0,false,25.5,3.69,above,-11.8,1.02,2510,2661,1.87,0.3,1.12,0.51,4.12,141,18.18,18.19,0,2510,2463,2661,2781,0.96,توزیع: ورود حقیقی با سرانه خرید ضعیف (0.73 در ۲۰ روز) | نقدشوندگی کمتر از ۱۰ میلیارد تومان
کلر,کلر پارس,محصولات شیمیایی,61,زیر نظر,100,65,48,24,13630,20261006,9.9,19.2,37.5,-16.4,13.8,27.3,78.1,74.4,7,0,true,29.7,2.98,above,0,1.73,12800,,-25.02,-46.75,10.79,3.49,24.41,1504,9.06,8.01,13.1,13224,12614,14849,15662,1.2,واگرایی منفی RSI | خروج مستمر پول حقیقی | سهم صفی: 7 روز از ۲۰ روز در صف (ریسک نقدشوندگی و اجرای حد ضرر) | 78٪ بالای MA200 | واگرایی منفی | حد ضرر دور (7.5٪)
شفا,سرمایه گذاری شفادارو,مواد و محصولات دارویی,61,زیر نظر,100,70,64,4,76970,20261006,15.9,15.8,200.4,146.5,21.1,43.8,221.1,83.2,12,0,true,60.2,2.6,above,0,0.22,66970,,21.38,-76.37,6.35,26.09,29.35,2066,37.26,12.91,188.6,74972,72974,82964,86960,1.5,اشباع خرید | فاصله زیاد از MA20 | خروج مستمر پول حقیقی | سهم صفی: 12 روز از ۲۰ روز در صف (ریسک نقدشوندگی و اجرای حد ضرر) | رشد عمودی (200٪ در ۶۰ روز، 44٪ بالای MA50) | P/E بالا (37) | 221٪ بالای MA200 | شناوری کم (9٪)
دتولید,داروسازی تولید دارو,مواد و محصولات دارویی,61,زیر نظر,100,70,64,4,9510,20261006,12.8,28,184.7,130.8,17.5,48.5,174.7,85.2,10,0,true,69.2,2.74,above,0,1.11,8330,,9.84,-36.96,7.49,14.05,38.46,475,20.02,8.86,126,9249,8989,10292,10813,1.5,اشباع خرید | فاصله زیاد از MA20 | سهم صفی: 10 روز از ۲۰ روز در صف (ریسک نقدشوندگی و اجرای حد ضرر) | رشد عمودی (185٪ در ۶۰ روز، 48٪ بالای MA50) | 175٪ بالای MA200
پارسیان,بیمه پارسیان,بیمه وصندوق بازنشستگی به جزتامین اجتماعی,61,زیر نظر,100,53,1.5,80,1902,20261006,-2.2,2.4,46.3,-7.6,1.3,13.2,46.7,57.6,3,1,false,40,3.32,above,-5.3,0.89,1670,1970,-8.38,-30.07,0.71,-9.4,7.41,865,2.2,4.59,-52.1,1839,1776,1970,2009,0.54,واگرایی منفی RSI | خروج مستمر پول حقیقی | سرانه خرید ضعیف (0.71) | واگرایی منفی | نقدشوندگی کمتر از ۱۰ میلیارد تومان | صف فروش در ۵ روز اخیر
سمازن,سیمان‌مازندران‌,سیمان، آهک و گچ,61,زیر نظر,100,85,31.8,24,96100,20261006,11.5,7.3,70.3,16.4,10.6,18.4,86.1,74,3,0,true,35.6,3.12,above,0,1.36,93470,,-25.23,-36.2,1.59,-12.32,21.92,11804,8.14,7.14,14,93470,91969,105106,111110,2.18,خروج مستمر پول حقیقی | 86٪ بالای MA200
وآفر,سرمایه گذاری ارزش آفرینان,سرمایه گذاریها,60.9,زیر نظر,100,80,69.8,30,13190,20261006,6.5,8.6,31.6,-22.3,7.4,18.2,22.6,69.2,0,0,true,46.8,3.76,above,-17.6,1,12463,16000,0.81,0.43,1.27,2.75,2.81,369,35.75,,,12694,12215,16000,16992,2.88,نقدشوندگی پایین | P/E بالا (36) | حد ضرر دور (7.4٪) | نقدشوندگی کمتر از ۱۰ میلیارد تومان
فولای,صنایع فولاد آلیاژی یزد,فلزات اساسی,60.9,زیر نظر,100,70,58.5,9,5940,20261006,15.3,30.5,80.5,26.6,18.6,42.8,52.1,85.4,4,0,true,77,2.72,above,0,1.26,5216,,10.67,-19.69,4.17,-22.78,23.88,393,15.11,8.05,87.8,5778,5617,6425,6749,1.5,اشباع خرید | فاصله زیاد از MA20 | رشد عمودی (81٪ در ۶۰ روز، 43٪ بالای MA50) | 52٪ بالای MA200
غگرجی,بیسکویت‌  گرجی‌,محصولات غذایی و آشامیدنی به جز قند و شکر,60.9,زیر نظر,95,90,53.5,4,4240,20261006,11,-1.2,61.6,7.7,7.3,7.5,89.4,62.5,4,0,true,31.4,3.22,above,-10,0.99,4080,4710,-1.12,0.56,2.83,5.5,3.97,45,94.22,8.53,1004.6,4104,4012,4710,4983,2.06,P/E بالا (94) | 89٪ بالای MA200 | نقدشوندگی کمتر از ۱۰ میلیارد تومان
ختراک,ریخته‌گری‌ تراکتورسازی‌ ایران‌,خودرو و ساخت قطعات,60.8,زیر نظر,83,55,57.5,42,1689,20261006,5,2.9,14,-40,1,5.2,9.8,55.6,1,0,false,13.1,3.49,above,-12.8,0.88,1611,1718,1.36,15,1,-0.52,7.63,206,8.2,,,1630,1582,1718,1779,0.27,واگرایی منفی RSI | بدون روند (ADX پایین) | توزیع: ورود حقیقی با سرانه خرید ضعیف (0.88 در ۲۰ روز) | واگرایی منفی | نقدشوندگی کمتر از ۱۰ میلیارد تومان
کسرام,پارس‌ سرام‌,سایر محصولات کانی غیرفلزی,60.7,زیر نظر,100,85,50.6,4,16890,20261006,8.5,18.7,56,2,15.1,28.8,74.8,76.8,1,0,true,41,3.2,above,-0.5,1,14980,,5.76,-10.3,1.06,3.75,10.4,697,24.23,12.75,90.1,16350,15810,18510,19590,1.5,فاصله زیاد از MA20 | 75٪ بالای MA200
کانسار,معدنکاران نسوز,استخراج سایر معادن,60.6,زیر نظر,90,45,51.5,47,14470,20261006,-0.2,3.7,13.1,-40.8,-0.1,6.9,12.4,54.9,2,0,false,21.8,3.53,above,-16.6,0.52,13937,14631,-6.82,2.45,2.81,13.74,14.97,1483,9.76,9.57,2,13959,13682,14631,14898,0.2,
وحافظ,بیمه حافظ,بیمه وصندوق بازنشستگی به جزتامین اجتماعی,60.6,زیر نظر,54,80,68.5,45,2443,20261006,5.8,7.9,-14.5,-68.5,3.4,6.8,-4.7,59.6,0,0,true,12.9,3.66,inside,-30.3,1.33,2409,2512,5.19,9.37,0.96,-0.59,8.29,199,12.28,,,2409,2364,2512,2597,0.87,بدون روند (ADX پایین) | توزیع: ورود حقیقی با سرانه خرید ضعیف (0.89 در ۲۰ روز) | نقدشوندگی کمتر از ۱۰ میلیارد تومان
ولراز,لیزینگ رازی,سایر واسطه گریهای مالی,60.5,زیر نظر,100,70,61,25,6220,20260923,15.2,63.7,227.9,174,26.9,66.8,153.5,97.5,11,0,true,83.3,2.51,above,0,0.36,2771,,-0.32,12.36,4.1,3.8,4.39,322,19.32,,,6064,5908,6688,7000,1.5,اشباع خرید | فاصله زیاد از MA20 | سهم صفی: 11 روز از ۲۰ روز در صف (ریسک نقدشوندگی و اجرای حد ضرر) | رشد عمودی (228٪ در ۶۰ روز، 67٪ بالای MA50) | 153٪ بالای MA200 | نقدشوندگی کمتر از ۱۰ میلیارد تومان | آخرین معامله 20260923 (متوقف یا کم‌معامله)
کالا,بورس کالای ایران,فعالیتهای کمکی به نهادهای مالی واسط,60.5,زیر نظر,100,70,56.9,9,13520,20261006,13.5,37.5,74.5,20.5,17.2,35.3,128,84.3,7,0,true,45.1,2.74,above,0,0.89,11800,,47.32,-201.05,1.38,8.79,159.23,885,15.28,5.92,158.1,13150,12780,14629,15369,1.5,اشباع خرید | فاصله زیاد از MA20 | خروج مستمر پول حقیقی | سهم صفی: 7 روز از ۲۰ روز در صف (ریسک نقدشوندگی و اجرای حد ضرر) | رشد عمودی (74٪ در ۶۰ روز، 35٪ بالای MA50) | 128٪ بالای MA200
وثوق,سرمایه گذاری وثوق امین,سرمایه گذاریها,60.4,زیر نظر,100,85,33.7,20,46770,20261006,5.4,14.6,99.4,45.5,10.6,17.5,100.3,72.2,0,0,true,36,2.75,above,-0.3,1.03,42950,,-4.98,-0.8,1.43,5.18,5.34,81,577.41,,,45486,43560,50622,53190,1.2,P/E بالا (577) | 100٪ بالای MA200 | نقدشوندگی کمتر از ۱۰ میلیارد تومان
بنیرو,نیروترانس‌,ماشین آلات و دستگاه‌های برقی,60.4,زیر نظر,80,70,21.5,68,3980,20261006,2.8,5.3,15.9,-38,4.1,8,49.1,58.9,1,0,true,10.1,3.14,above,-2,0.73,3905,4060,-9.57,-30.46,2.65,-4.49,12.15,830,4.8,6.15,-22,3905,3843,4060,4310,0.58,خروج مستمر پول حقیقی | بدون روند (ADX پایین) | 163٪ بالای کف ۵۲ هفته
تایرا,تراکتورسازی‌ایران‌,ماشین آلات و تجهیزات,60.3,زیر نظر,100,55,22,55,3550,20261006,4.7,14.9,33.9,-20.1,9,20,54.5,72.5,2,0,true,35.9,3.43,above,-1.1,1.12,3330,,-8.34,-40.92,2.73,-9.34,16.47,754,4.71,5.15,-8.6,3428,3269,3916,4159,1.3,واگرایی منفی RSI | خروج مستمر پول حقیقی | 55٪ بالای MA200 | واگرایی منفی | حد ضرر دور (7.9٪)
وآوا,سرمایه گذاری آوا نوین,سرمایه گذاریها,60.3,زیر نظر,90,65,72,9,4470,20261006,-1.5,18.3,132.5,78.6,-0.3,31.3,98.7,61.4,13,1,false,68.1,2.99,above,-9.1,1.53,4370,4920,1.46,33.4,2.45,-72.24,16.42,370,12.08,8.73,38.4,4370,4303,4920,5188,2.7,سهم صفی: 13 روز از ۲۰ روز در صف (ریسک نقدشوندگی و اجرای حد ضرر) | رشد عمودی (132٪ در ۶۰ روز، 31٪ بالای MA50) | توزیع: ورود حقیقی با سرانه خرید ضعیف (0.79 در ۲۰ روز) | 99٪ بالای MA200 | صف فروش در ۵ روز اخیر
حریل,ریل پردازسیر,حمل ونقل، انبارداری و ارتباطات,60.2,زیر نظر,85,45,69,34,2864,20261006,0.5,-3.4,29.8,-24.1,-4.8,7.6,30.6,50.1,1,0,false,29.8,3.16,above,-16,1.09,2739,3410,0.58,0.41,1.26,3.56,4.43,303,9.45,7.68,23.1,2774,2694,3410,3591,3.21,نقدشوندگی کمتر از ۱۰ میلیارد تومان
غمارگ,مارگارین,محصولات غذایی و آشامیدنی به جز قند و شکر,60.2,زیر نظر,85,40,76.7,30,2460,20261006,-5.6,-2.3,75.3,21.4,-7.7,13.4,74.3,49.2,13,0,false,45.8,3.53,above,-18.1,2.02,1860,2497,1.85,27.87,1.17,28.12,15.57,120,20.5,,,2373,2286,2497,2683,0.21,سهم صفی: 13 روز از ۲۰ روز در صف (ریسک نقدشوندگی و اجرای حد ضرر) | 74٪ بالای MA200 | حد ضرر دور (7.1٪)
ثجنوب,سرمایه گذاری مسکن جنوب,انبوه سازی، املاک و مستغلات,60.1,زیر نظر,70,30,52.5,80,18350,20261006,-4.7,2.4,0.7,-53.3,-2.1,4.4,49,49.5,1,0,false,20.9,3.77,above,-8,0.65,17233,18950,3.93,68.52,0.62,-27.26,23.6,6363,2.88,23.59,-87.8,17658,16887,18950,19890,0.41,توزیع: ورود حقیقی با سرانه خرید ضعیف (0.81 در ۲۰ روز) | 155٪ بالای کف ۵۲ هفته | سرانه خرید ضعیف (0.62) | حد ضرر دور (8.0٪)
سکرما,سیمان‌ کرمان‌,سیمان، آهک و گچ,60.1,زیر نظر,90,45,26.5,70,72360,20261006,-5.5,1,15.2,-38.7,0,6,32.2,54,0,0,false,23.5,3.47,above,-16.6,1.31,68970,76360,-1.89,25.94,0.6,-18.81,8.6,11282,6.41,7.14,-10.2,69846,67713,76360,78420,0.86,واگرایی منفی RSI | سرانه خرید ضعیف (0.60) | واگرایی منفی | نقدشوندگی کمتر از ۱۰ میلیارد تومان
شکام,صنایع شیمیایی کیمیاگران امروز,محصولات شیمیایی,60.1,زیر نظر,100,70,40.4,24,12430,20261006,11,20.3,134.4,80.5,15.4,37.3,166.9,82.1,8,0,true,43.5,3.24,above,-0.1,0.97,11080,,30.63,-166.53,1.3,-51.72,77.61,1258,9.88,8.01,23.4,12027,11624,13639,14445,1.5,اشباع خرید | فاصله زیاد از MA20 | خروج مستمر پول حقیقی | سهم صفی: 8 روز از ۲۰ روز در صف (ریسک نقدشوندگی و اجرای حد ضرر) | رشد عمودی (134٪ در ۶۰ روز، 37٪ بالای MA50) | 167٪ بالای MA200
اعتلا,شرکت سرمایه گذاری اعتلاء البرز,سرمایه گذاریها,60.1,زیر نظر,95,55,22.4,60,2378,20261006,4.7,4.2,30.4,-23.6,0.5,5.4,40.9,56.4,0,0,false,24.2,3.39,above,-7,0.9,2240,2498,-4.76,0.31,1.01,-2.07,3.27,377,6.31,8.73,-27.7,2297,2199,2498,2558,0.67,حد ضرر دور (7.5٪) | نقدشوندگی کمتر از ۱۰ میلیارد تومان
وسکاب,س.ص.بازنشستگی کارکنان بانکها,سرمایه گذاریها,60.1,زیر نظر,41,70,78,57,3300,20261006,2.8,-2.7,26.1,-27.8,1.8,-1.7,46.2,51.9,1,0,true,18.2,3.42,inside,-15.8,0.93,3250,3500,17.27,12.35,2.06,21.91,13.77,437,7.55,7.13,5.9,3250,3194,3500,3920,1.88,توزیع: ورود حقیقی با سرانه خرید ضعیف (0.88 در ۲۰ روز) | 186٪ بالای کف ۵۲ هفته
کرمان,س. توسعه و عمران استان کرمان,انبوه سازی، املاک و مستغلات,60,زیر نظر,95,55,78,4,1523,20261006,8.4,4.5,36.2,-17.7,3.8,15.8,41.1,62.9,5,0,false,42.1,3.2,above,-7.1,1.09,1454,1640,48.89,40.28,4.11,32.96,76.86,2,761.5,23.59,3128.1,1474,1430,1640,1738,1.25,واگرایی منفی RSI | P/E بالا (762) | توزیع: ورود حقیقی با سرانه خرید ضعیف (0.81 در ۲۰ روز) | واگرایی منفی
غمهرا,تولیدی‌مهرام‌,محصولات غذایی و آشامیدنی به جز قند و شکر,60,زیر نظر,100,70,27,37,22150,20261006,3.7,18.1,35.9,-18,6.3,17,88,66.5,6,0,true,33.2,3.41,above,-2.2,0.65,19620,22565,-29.08,49.5,0.72,-37.78,26.15,2564,8.64,8.53,1.3,21394,20637,22565,24078,0.27,سهم صفی: 6 روز از ۲۰ روز در صف (ریسک نقدشوندگی و اجرای حد ضرر) | توزیع: ورود حقیقی با سرانه خرید ضعیف (0.65 در ۲۰ روز) | 88٪ بالای MA200 | سرانه خرید ضعیف (0.72)
لخزر,پارس‌ خزر,ماشین آلات و تجهیزات,60,زیر نظر,100,63,1.5,68,4810,20261006,1.3,6.4,49.2,-4.7,0.9,14,53.7,58.7,2,0,false,31.2,3.28,above,-7.5,0.61,4710,4960,-2.19,-14.22,0.72,-8.87,10.53,1120,4.29,5.15,-16.6,4710,4631,4960,5200,0.84,خروج مستمر پول حقیقی | 54٪ بالای MA200 | سرانه خرید ضعیف (0.72) | شناوری کم (10٪)
غشان,شیرپاستوریزه‌پگاه‌خراسان‌,محصولات غذایی و آشامیدنی به جز قند و شکر,59.9,زیر نظر,100,70,54.5,9,22790,20261006,13.4,53,155.5,101.6,22.8,47.5,211.3,89.3,4,0,true,71.1,2.6,above,0,1.17,18200,,6.78,24.97,0.68,-46.24,19.88,1497,15.22,8.53,78.5,22198,21607,24565,25749,1.5,واگرایی منفی RSI | اشباع خرید | فاصله زیاد از MA20 | رشد عمودی (155٪ در ۶۰ روز، 48٪ بالای MA50) | توزیع: ورود حقیقی با سرانه خرید ضعیف (0.80 در ۲۰ روز) | 211٪ بالای MA200 | سرانه خرید ضعیف (0.68) | واگرایی منفی
سفارس,سیمان فارس و خوزستان,سیمان، آهک و گچ,59.8,زیر نظر,83,70,36.5,47,29710,20261006,3.6,-1.2,29.8,-24.1,6.2,8.7,53.2,60.7,4,0,true,18.5,3.46,above,-3.9,0.87,29394,30330,-37.33,36.73,2.18,-30.09,67.52,3912,7.59,7.14,6.4,29394,28880,30330,30900,0.75,توزیع: ورود حقیقی با سرانه خرید ضعیف (0.58 در ۲۰ روز) | 53٪ بالای MA200
وسالت,بانک قرض الحسنه رسالت,بانکها و موسسات اعتباری,59.8,زیر نظر,85,80,63,10,4150,20261006,8.1,1.7,11.9,-42.1,3.5,10.3,1.8,65.2,6,0,true,29.4,2.08,above,-42.1,1.06,3980,4214,3.35,-7.3,2.19,3.53,4.52,,,,,4064,3937,4214,4330,0.3,خروج مستمر پول حقیقی | بدون EPS مثبت | سهم صفی: 6 روز از ۲۰ روز در صف (ریسک نقدشوندگی و اجرای حد ضرر) | نقدشوندگی کمتر از ۱۰ میلیارد تومان
درازی,پخش رازی,مواد و محصولات دارویی,59.7,زیر نظر,100,70,78.8,4,64360,20260930,15.9,78.7,476.4,422.5,30.4,87.5,261,99.9,19,0,true,96.7,2.14,above,0,1.78,16938,,5.92,19.17,1.37,-14.94,13.08,2400,26.82,8.86,202.7,62981,61602,68497,71255,1.5,اشباع خرید | فاصله زیاد از MA20 | سهم صفی: 19 روز از ۲۰ روز در صف (ریسک نقدشوندگی و اجرای حد ضرر) | رشد عمودی (476٪ در ۶۰ روز، 87٪ بالای MA50) | 261٪ بالای MA200 | آخرین معامله 20260930 (متوقف یا کم‌معامله)
بهامرز,بیمه زندگی هامرز,بیمه وصندوق بازنشستگی به جزتامین اجتماعی,59.7,زیر نظر,100,70,42.6,20,9250,20261006,14.3,64.3,175.3,121.4,26.1,68.9,174.2,97.7,17,0,true,81.3,2.49,above,0,0.88,6600,,-3.59,9.37,1.38,-3.43,3.04,253,36.56,,,9020,8789,9941,10402,1.5,اشباع خرید | فاصله زیاد از MA20 | سهم صفی: 17 روز از ۲۰ روز در صف (ریسک نقدشوندگی و اجرای حد ضرر) | رشد عمودی (175٪ در ۶۰ روز، 69٪ بالای MA50) | P/E بالا (37) | 174٪ بالای MA200 | نقدشوندگی کمتر از ۱۰ میلیارد تومان
دشیری,شیرین دارو,مواد و محصولات دارویی,59.7,زیر نظر,100,70,70.6,32,477300,20261006,8.7,29.4,67.1,13.1,15.7,30.8,84.3,83.4,3,0,true,59.6,2.96,above,-2.6,0.93,405500,,1.79,1.76,1.32,1.32,2.85,57790,8.26,,,463190,449081,519629,547848,1.5,نقدشوندگی پایین | واگرایی منفی RSI | اشباع خرید | فاصله زیاد از MA20 | رشد عمودی (67٪ در ۶۰ روز، 31٪ بالای MA50) | 84٪ بالای MA200 | واگرایی منفی | نقدشوندگی کمتر از ۱۰ میلیارد تومان
سمتاز,سیمان ممتازان کرمان,سیمان، آهک و گچ,59.6,زیر نظر,100,45,48.3,34,65070,20261006,-1.1,4.3,15.2,-38.8,0.9,10.3,70.2,58.2,0,0,false,25.9,3.11,above,-7,0.82,62610,66250,-0.11,3.41,1.07,0.19,3.39,8478,7.68,6.69,14.7,63048,61599,66250,70000,0.34,توزیع: ورود حقیقی با سرانه خرید ضعیف (0.75 در ۲۰ روز) | 70٪ بالای MA200 | نقدشوندگی کمتر از ۱۰ میلیارد تومان
اروند,پتروشیمی اروند,محصولات شیمیایی,59.5,زیر نظر,95,55,61,19,55110,20261006,3.3,1.6,5.8,-48.1,0.3,9.5,,56.2,3,0,false,27.4,3.12,above,-18.3,0.89,54395,58131,30.41,-291.16,12.41,189.92,107.24,3275,16.83,9.63,74.7,54395,53536,58131,60430,1.92,خروج مستمر پول حقیقی | شناوری کم (13٪)
غشهداب,کشت و صنعت شهداب ناب خراسان,محصولات غذایی و آشامیدنی به جز قند و شکر,59.4,زیر نظر,100,65,5.5,60,2538,20261006,-0.1,8.7,76.5,22.6,2.8,13,72.4,61.1,2,0,false,35.6,3.62,above,-4.7,0.86,2415,2588,-6.76,-10.39,0.92,-13.8,20.34,401,6.33,7.05,-10.2,2446,2369,2588,2662,0.3,72٪ بالای MA200
سشرق,سیمان‌ شرق‌,سیمان، آهک و گچ,59.4,زیر نظر,100,88,23.1,24,26930,20261006,4.1,1,45.9,-8,6.2,18.7,72.7,65.6,3,0,true,32.2,3.58,above,-1.9,0.83,22950,27445,-27.1,-29.33,1.58,-23.48,40.22,3056,8.81,7.14,23.4,25965,25001,27445,29374,0.27,73٪ بالای MA200 | حد ضرر دور (7.2٪)
ملت,بیمه ملت,بیمه وصندوق بازنشستگی به جزتامین اجتماعی,59.4,زیر نظر,100,70,72.5,9,6720,20261005,14.9,71,187.5,133.6,28.1,71.6,106.2,98.7,12,0,true,88.4,2.31,above,0,1.31,4126,,1.85,-4.93,1.64,6.81,5.43,417,16.12,4.59,251.1,6564,6409,7187,7498,1.5,اشباع خرید | فاصله زیاد از MA20 | سهم صفی: 12 روز از ۲۰ روز در صف (ریسک نقدشوندگی و اجرای حد ضرر) | رشد عمودی (188٪ در ۶۰ روز، 72٪ بالای MA50) | 106٪ بالای MA200 | نقدشوندگی کمتر از ۱۰ میلیارد تومان | آخرین معامله 20261005 (متوقف یا کم‌معامله)
ساوه,سیمان ساوه,سیمان، آهک و گچ,59.3,زیر نظر,74,80,30.4,54,11630,20261006,9.1,4.1,8,-45.9,4.5,9,33.1,62.1,1,0,true,17.5,3.47,inside,-25.4,1.06,11430,12190,-15.62,-14.18,1.3,10.93,17.49,1489,7.81,6.69,16.8,11430,11228,12190,15580,1.39,
خبهمن,گروه‌بهمن‌,خودرو و ساخت قطعات,59.3,زیر نظر,85,53,32.7,60,2577,20261006,-0.7,-5.5,49.7,-4.2,-2,3.3,47,50.5,1,0,false,24.4,3.56,above,-10.2,1.03,2538,2691,54.71,-32.8,1.01,-75.14,120.94,560,4.6,,,2538,2492,2691,2808,1.34,
همراه,شرکت ارتباطات سیار ایران,مخابرات,59.3,زیر نظر,95,65,34.1,37,9790,20261006,2.3,-4,80,26,0.9,11.3,84.6,57.6,0,0,false,28.9,3.41,above,-7.3,0.86,9300,10080,-15.43,-207.96,1.5,1.14,32.29,1086,9.01,8.37,7.7,9456,9133,10080,10495,0.44,خروج مستمر پول حقیقی | 85٪ بالای MA200 | شناوری کم (11٪)
خنور,نورایستا پلاستیک,خودرو و ساخت قطعات,59.3,زیر نظر,95,45,61,26,8910,20261006,9.2,-10.4,38.7,-15.2,3.3,7.9,25.1,57.1,4,0,false,24.5,3.35,above,-14.7,1.1,8720,9450,6.83,-13.53,5.01,42.52,14.9,745,11.96,5.87,103.7,8720,8571,9450,10450,1.59,
وخاور,بانک خاورمیانه,بانکها و موسسات اعتباری,59.1,زیر نظر,100,73,32,26,7390,20261006,8.5,21.5,45.7,-8.2,14,18.7,95,76,1,0,true,30.6,2.91,above,-0.1,0.72,6615,,-9.59,119.81,1,-5.19,70.79,1045,7.07,5.4,31,7175,6961,8034,8463,1.5,95٪ بالای MA200
وغدیر,سرمایه‌گذاری‌غدیر(هلدینگ‌,شرکتهای چند رشته ای صنعتی,59,زیر نظر,100,53,36.7,37,21720,20261006,-0.3,4.6,45.9,-8.1,1.4,14.1,59.7,58.4,1,0,false,31.1,3.32,above,-5.1,0.82,20260,22795,34.51,-200.1,1.19,-4.42,181.43,1940,11.2,10.88,2.9,20998,19916,22795,24238,0.6,خروج مستمر پول حقیقی | 60٪ بالای MA200 | حد ضرر دور (8.3٪)
فهامون,آلیاژ گستر هامون,فلزات اساسی,59,زیر نظر,85,45,51,47,4840,20261006,0.8,-1.4,14.2,-39.7,-2.1,4.2,,51.5,4,1,false,21.8,3.21,above,-12.6,0.96,4730,4961,-0.29,3.66,3.13,59.57,24.88,596,8.12,8.05,0.9,4730,4652,4961,5234,0.64,صف فروش در ۵ روز اخیر
سجام,مجتمع سیمان غرب آسیا,سیمان، آهک و گچ,59,زیر نظر,100,65,17,47,10750,20261006,-4.5,15,60.4,6.5,4.3,17.1,97.3,62.5,2,0,false,36.7,3.31,above,-6.2,1.04,10420,11460,-13.8,19.03,0.51,-57.88,22.82,1760,6.11,6.69,-8.7,10420,10242,11460,12172,1.4,توزیع: ورود حقیقی با سرانه خرید ضعیف (0.77 در ۲۰ روز) | 97٪ بالای MA200 | سرانه خرید ضعیف (0.51)
وآرین,گروه توسعه اقتصادی آرین,سرمایه گذاریها,59,زیر نظر,100,75,36,20,2971,20261006,4,9.3,91.3,37.4,2.3,22.4,65.5,65.5,1,0,false,45.3,3.57,above,-7.7,0.93,2713,3220,-0.69,-12.11,2.28,6.5,3.4,62,47.92,,,2865,2706,3220,3432,0.94,خروج مستمر پول حقیقی | P/E بالا (48) | 66٪ بالای MA200 | حد ضرر دور (8.9٪) | نقدشوندگی کمتر از ۱۰ میلیارد تومان
وتوشه,سرمایه‌ گذاری‌ پارس‌ توشه‌,ماشین آلات و تجهیزات,59,زیر نظر,100,45,11.9,68,8790,20261006,-0.1,5.6,41.9,-12,3.4,9.8,45.6,58.7,0,0,false,43.3,3.48,above,-3,0.85,8550,9060,-4.04,-0.03,1.23,-1.77,10.31,2049,4.29,5.15,-16.7,8550,8397,9060,9671,0.69,154٪ بالای کف ۵۲ هفته
فمراد,آلومراد,فلزات اساسی,58.9,زیر نظر,100,55,61.5,10,3940,20261006,8.2,6.2,35.9,-18,4,14.7,43.2,66.3,2,0,false,34,3.71,above,-3.9,0.97,3780,4100,1.98,-2.36,6.54,4.77,7.48,,,13.48,,3794,3707,4100,4392,0.69,واگرایی منفی RSI | بدون EPS مثبت | واگرایی منفی | نقدشوندگی کمتر از ۱۰ میلیارد تومان
شهر,گروه مالی شهر,سرمایه گذاریها,58.9,زیر نظر,100,70,35.5,24,2626,20261006,10.1,20.6,56.7,2.8,10.5,25.3,53.1,81.4,0,0,true,55.7,3.14,above,0,1,2428,,-7.11,-31.94,7.68,8.21,4.54,291,9.02,7.13,26.6,2544,2420,2873,3038,1.2,اشباع خرید | خروج مستمر پول حقیقی | 53٪ بالای MA200 | حد ضرر دور (7.9٪) | نقدشوندگی کمتر از ۱۰ میلیارد تومان | شناوری کم (7٪)
قشهد,شهد,قند و شکر,58.9,زیر نظر,70,50,51.5,60,3580,20261006,-8.7,6.6,91.5,37.5,-6,12.3,97.3,49.7,5,1,false,52.2,3.62,above,-15,0.9,2908,,2.78,15.51,0.5,-15.69,8.6,416,8.61,9.8,-12.2,3450,3321,3969,4228,1.5,واگرایی منفی RSI | توزیع: ورود حقیقی با سرانه خرید ضعیف (0.67 در ۲۰ روز) | 97٪ بالای MA200 | سرانه خرید ضعیف (0.50) | واگرایی منفی | حد ضرر دور (7.2٪) | نقدشوندگی کمتر از ۱۰ میلیارد تومان | صف فروش در ۵ روز اخیر
کی بی سی,شرکت کی بی سی,مواد و محصولات دارویی,58.8,زیر نظر,100,70,50,9,14280,20261006,14.9,27.4,142.4,88.5,16.4,43.7,173.2,82.4,14,0,true,59.9,2.63,above,0,0.86,13120,,34.64,-17.25,1.65,-12.55,32.63,1043,13.69,8.86,54.5,13905,13530,15405,16155,1.5,اشباع خرید | فاصله زیاد از MA20 | سهم صفی: 14 روز از ۲۰ روز در صف (ریسک نقدشوندگی و اجرای حد ضرر) | رشد عمودی (142٪ در ۶۰ روز، 44٪ بالای MA50) | 173٪ بالای MA200
ونفت,سرمایه‌گذاری‌ صنعت‌ نفت‌,فراورده های نفتی، کک و سوخت هسته ای,58.8,زیر نظر,65,50,27,90,9830,20261006,-3.6,0.8,83.9,30,-4.3,0.6,88,47.2,2,0,false,24.8,3.49,above,-14.9,0.73,9530,10030,-10.1,44.33,0.71,-35.67,35.29,3216,3.06,6.26,-51.2,9530,9358,10030,10330,0.42,واگرایی منفی RSI | توزیع: ورود حقیقی با سرانه خرید ضعیف (0.76 در ۲۰ روز) | 88٪ بالای MA200 | سرانه خرید ضعیف (0.71) | واگرایی منفی
وسپه,سرمایه‌گذاری‌ سپه‌,سرمایه گذاریها,58.8,زیر نظر,100,65,3,60,7540,20261006,-2.3,11.4,58.1,4.1,2.6,19.9,56.5,62.1,2,0,false,47.2,3.27,above,-5.2,0.98,6860,7750,-0.21,-68.42,0.61,-63.47,40.67,1251,6.03,7.13,-15.5,7293,6924,7750,7950,0.34,واگرایی منفی RSI | خروج مستمر پول حقیقی | 57٪ بالای MA200 | سرانه خرید ضعیف (0.61) | واگرایی منفی | حد ضرر دور (8.2٪)
رپویا,پویا,رایانه و فعالیت‌های وابسته به آن,58.8,زیر نظر,100,85,38,9,64210,20261006,13.3,13.9,57,3.1,15.7,23.1,61.7,74.7,3,0,true,33.3,3.04,above,-0.4,1.11,61888,,-12.7,-12.23,7.94,14.73,7.59,5242,12.25,8.89,37.8,62258,60912,70066,73970,1.78,فاصله زیاد از MA20 | خروج مستمر پول حقیقی | 62٪ بالای MA200 | نقدشوندگی کمتر از ۱۰ میلیارد تومان
آواک,صنایع ارتباطی آوا,اطلاعات و ارتباطات,58.8,زیر نظر,65,30,61,72,2643,20261006,-2.5,-3.4,17.6,-36.3,-6.7,4.4,10.1,46.1,2,0,false,32.7,3.69,above,-18.1,0.88,2600,2772,-4.36,14.61,1.9,17.56,13.16,328,8.06,11.65,-30.8,2600,2551,2772,2949,1.41,
زنجان,صنایع کشاورزی وکود زنجان,محصولات شیمیایی,58.8,زیر نظر,100,70,89,10,2818,20261006,11.4,41.2,87,33,19.3,43.2,88.3,98.4,20,0,true,78.3,2.28,above,-1.7,1,1811,,0.62,4.35,22.91,2.4,0.66,,,,,2754,2690,3010,3139,1.5,نقدشوندگی پایین | اشباع خرید | فاصله زیاد از MA20 | بدون EPS مثبت | سهم صفی: 20 روز از ۲۰ روز در صف (ریسک نقدشوندگی و اجرای حد ضرر) | رشد عمودی (87٪ در ۶۰ روز، 43٪ بالای MA50) | 88٪ بالای MA200 | نقدشوندگی کمتر از ۱۰ میلیارد تومان
شکلر,نیروکلر,محصولات شیمیایی,58.7,زیر نظر,100,75,18,37,34920,20261006,6.3,22.4,61.3,7.4,14.1,33.7,102.2,76,7,0,true,51.9,3.01,above,0,0.86,31080,,-26.05,-32.66,1.42,-13.43,26.27,3984,8.77,9.63,-9,33870,32819,38071,40172,1.5,خروج مستمر پول حقیقی | سهم صفی: 7 روز از ۲۰ روز در صف (ریسک نقدشوندگی و اجرای حد ضرر) | رشد عمودی (61٪ در ۶۰ روز، 34٪ بالای MA50) | 102٪ بالای MA200
زکشت,کشاورزی مکانیزه اصفهان کشت,زراعت و خدمات وابسته,58.7,زیر نظر,88,70,13,60,15410,20261006,2.6,9.8,32.8,-21.2,8.2,15,74.5,64.8,4,0,true,19.2,3.2,above,-0.6,1.42,15092,,-7.11,-3.44,0.78,-32.86,15.05,2199,7.01,8.07,-13.2,15092,14845,16891,17878,2.62,75٪ بالای MA200 | سرانه خرید ضعیف (0.78)
تپکو,تولیدتجهیزات‌سنگین‌هپکو,ماشین آلات و تجهیزات,58.6,زیر نظر,85,55,78.5,10,566,20261006,1.8,1.4,29.5,-24.4,-0.9,17.7,36.3,59.8,5,0,false,36.3,3.18,above,-11.8,0.74,560,642,2.18,17.2,1.61,18.82,38.23,,,,,560,551,642,678,5.05,بدون EPS مثبت
فجهان,جهان فولاد سیرجان,فلزات اساسی,58.6,زیر نظر,100,60,62.5,4,3610,20261006,9.4,27.5,111.9,57.9,11.5,43.5,96.1,79.2,7,0,false,62.2,2.86,above,0,0.81,3390,,40.2,-27.26,16.85,76.07,36,171,21.11,8.05,162.2,3507,3352,3920,4127,1.2,اشباع خرید | سهم صفی: 7 روز از ۲۰ روز در صف (ریسک نقدشوندگی و اجرای حد ضرر) | رشد عمودی (112٪ در ۶۰ روز، 44٪ بالای MA50) | 96٪ بالای MA200 | حد ضرر دور (7.2٪)
غشصفا,شیرپاستوریزه‌پگاه‌اصفهان‌,محصولات غذایی و آشامیدنی به جز قند و شکر,58.6,زیر نظر,100,65,2.5,60,26320,20261006,-1.4,14,76.4,22.5,2.6,17.2,106,61.5,4,0,false,41.2,3.48,above,-5.1,1.03,23510,27615,-11.37,-17.65,0.74,-17.66,11.03,3764,6.99,8.53,-18,25403,24487,27615,29448,0.71,واگرایی منفی RSI | خروج مستمر پول حقیقی | 106٪ بالای MA200 | سرانه خرید ضعیف (0.74) | واگرایی منفی
وامین,سرمایه گذاری امین مهرگان,سرمایه گذاریها,58.6,زیر نظر,100,50,37.5,37,6480,20261006,-1.7,35.8,129.7,75.7,7.3,37.4,72.3,73.4,9,0,false,64,2.73,above,-5.5,1.32,4458,6860,-18.34,5.82,2.43,-1.1,16.91,785,8.25,8.73,-5.4,6303,6126,6860,7214,1.07,سهم صفی: 9 روز از ۲۰ روز در صف (ریسک نقدشوندگی و اجرای حد ضرر) | رشد عمودی (130٪ در ۶۰ روز، 37٪ بالای MA50) | 72٪ بالای MA200
تیپیکو,سرمایه گذاری دارویی تامین,مواد و محصولات دارویی,58.6,زیر نظر,100,78,22,30,29640,20261006,1,20.3,49.4,-4.6,8.2,15.9,93.3,63.9,7,0,true,23.9,3.19,above,-3.5,0.76,28600,30720,-151.65,-143.45,2.03,-181.56,116.94,2097,14.13,12.91,9.5,28695,28127,30720,32610,0.71,خروج مستمر پول حقیقی | سهم صفی: 7 روز از ۲۰ روز در صف (ریسک نقدشوندگی و اجرای حد ضرر) | 93٪ بالای MA200
دماوند,تولید نیروی برق دماوند,عرضه برق، گاز، بخاروآب گرم,58.6,زیر نظر,95,45,34.3,50,13560,20261006,2.1,-3.1,23.5,-30.4,0.2,7.4,43.9,56.6,1,0,false,21.4,2.81,above,-7.4,0.82,13040,13717,-13.58,-23,1.53,10.97,17.6,1503,9.02,10.04,-10.1,13179,12850,13717,14650,0.22,خروج مستمر پول حقیقی
خمحور,تولیدمحورخودرو,خودرو و ساخت قطعات,58.6,زیر نظر,88,45,50.7,42,5690,20261006,0.2,7.8,18.5,-35.4,2.8,12.1,42.9,60.6,0,0,false,19.5,3.29,above,-3.9,0.64,5540,5885,0,8.51,1.15,0.3,5.06,785,7.25,,,5540,5446,5885,6260,0.8,نقدشوندگی کمتر از ۱۰ میلیارد تومان | شناوری کم (9٪)
خکاوه,سایپا دیزل,خودرو و ساخت قطعات,58.6,زیر نظر,85,65,45.3,35,884,20261006,3.2,-2.1,66.8,12.9,-1.3,2.9,27.2,51.8,1,0,false,23.8,3.73,above,-10.7,0.99,869,947,27.15,-0.59,1.49,-6.09,56.42,53,16.68,,,869,853,947,966,2.02,
وصنا,گروه‌صنایع‌بهشهرایران‌,سرمایه گذاریها,58.5,زیر نظر,100,85,22,24,6850,20261006,7.5,16.1,102.7,48.7,10.6,28.2,113.1,75.5,0,0,true,52.8,2.94,above,-1.2,0.74,6410,,-10.7,-66.22,2.04,-3.21,13.97,842,8.14,7.13,14.1,6649,6347,7453,7856,1.2,خروج مستمر پول حقیقی | رشد عمودی (103٪ در ۶۰ روز، 28٪ بالای MA50) | 113٪ بالای MA200 | حد ضرر دور (7.3٪)
فرآور,فرآوری‌موادمعدنی‌ایران‌,فلزات اساسی,58.5,زیر نظر,100,40,73,9,8540,20261006,7.2,50.1,39.8,-14.1,15.5,39.5,55.8,81.5,13,0,true,55.1,2.72,above,0,0.92,7720,,1.04,130.51,4.95,-74.81,39.44,456,18.73,13.48,38.9,8307,8075,9238,9703,1.5,واگرایی منفی RSI | اشباع خرید | فاصله زیاد از MA20 | سهم صفی: 13 روز از ۲۰ روز در صف (ریسک نقدشوندگی و اجرای حد ضرر) | رشد عمودی (40٪ در ۶۰ روز، 39٪ بالای MA50) | 56٪ بالای MA200 | واگرایی منفی
بیوتیک,آنتی بیوتیک سازی ایران,مواد و محصولات دارویی,58.4,زیر نظر,65,65,89.5,14,32710,20261006,3.9,-11.4,125.1,71.1,-1.9,11.6,89.5,55.8,4,0,false,38.4,3.49,above,-15.3,0.61,31060,35970,8.7,27.5,3.9,9.13,26.52,1448,22.59,8.86,155,31567,30489,35970,38640,1.47,رشد عمودی (125٪ در ۶۰ روز، 12٪ بالای MA50) | توزیع: ورود حقیقی با سرانه خرید ضعیف (0.79 در ۲۰ روز) | 90٪ بالای MA200
وثنو,سرمایه گذاری ساختمانی نوین,سرمایه گذاریها,58.4,زیر نظر,100,65,52.5,9,6780,20261006,-6.2,20,109.1,55.2,5.5,26.1,104.2,65,11,3,false,65,3.25,above,-8,0.99,5824,7367,9.35,21.73,0.5,-7.12,15.22,540,12.56,8.73,43.8,6560,6339,7367,7808,1.33,سهم صفی: 11 روز از ۲۰ روز در صف (ریسک نقدشوندگی و اجرای حد ضرر) | رشد عمودی (109٪ در ۶۰ روز، 26٪ بالای MA50) | توزیع: ورود حقیقی با سرانه خرید ضعیف (0.82 در ۲۰ روز) | 104٪ بالای MA200 | سرانه خرید ضعیف (0.50) | صف فروش در ۵ روز اخیر
زکوثر,سرمایه گذاری کشاورزی کوثر,زراعت و خدمات وابسته,58.4,زیر نظر,100,85,36.5,9,100400,20261006,8.2,14.1,121.8,67.9,14.8,27.8,118.6,76.5,5,0,true,39.5,3.08,above,0,0.95,90600,,-15.66,-110.04,2.26,28.19,26.31,6364,15.78,6.33,149.2,97312,94224,109663,115839,1.5,واگرایی منفی RSI | خروج مستمر پول حقیقی | رشد عمودی (122٪ در ۶۰ روز، 28٪ بالای MA50) | 119٪ بالای MA200 | واگرایی منفی
رایا,بیمه اتکایی رایا,بیمه وصندوق بازنشستگی به جزتامین اجتماعی,58.4,زیر نظر,100,65,1.5,60,5580,20261006,-9.4,12.7,129.1,75.1,2,16.3,,57.8,6,3,false,63.3,3.22,above,-11.8,0.69,5040,6330,-8.6,-7.7,0.43,-13.36,10.42,1471,3.79,,,5400,5220,6330,6690,2.09,سهم صفی: 6 روز از ۲۰ روز در صف (ریسک نقدشوندگی و اجرای حد ضرر) | رشد عمودی (129٪ در ۶۰ روز، 16٪ بالای MA50) | 479٪ بالای کف ۵۲ هفته | سرانه خرید ضعیف (0.43) | صف فروش در ۵ روز اخیر
فارس,صنایع پتروشیمی خلیج فارس,محصولات شیمیایی,58.4,زیر نظر,100,53,21,50,12900,20261006,2.3,16.3,51.7,-2.2,4.4,22.1,64.1,65.1,5,0,false,32.7,3.12,above,-1.1,0.69,11550,13040,-500.61,-459.15,2.39,-537.39,433.44,1498,8.61,9.63,-10.6,12498,12096,13040,13844,0.17,خروج مستمر پول حقیقی | 64٪ بالای MA200
سخزر,سیمان‌ خزر,سیمان، آهک و گچ,58.2,زیر نظر,95,100,14.8,24,7110,20261006,5.2,0.4,54.2,0.3,7.3,18,58,66.6,4,0,true,31,3.34,above,-2.3,0.92,6100,7280,-39.35,-106,1.29,-16.33,21.63,822,8.65,7.14,21.1,6872,6634,7280,7756,0.36,خروج مستمر پول حقیقی | 58٪ بالای MA200
ومپنا,مدیریت نیروگاهی ایرانیان مپنا,عرضه برق، گاز، بخاروآب گرم,58.2,زیر نظر,95,75,34.7,24,43620,20261006,2.6,0.4,59.7,5.8,0.7,15.3,89.4,59.4,0,0,false,28.7,3.13,above,-7.8,0.66,42820,47320,-26.11,-51.86,1.53,2.74,26.64,3838,11.37,10.04,13.2,42820,42138,47320,50049,2.5,واگرایی منفی RSI | خروج مستمر پول حقیقی | 89٪ بالای MA200 | واگرایی منفی
زهلال,کشت و صنعت هلال,زراعت و خدمات وابسته,58.1,زیر نظر,85,70,37.5,37,55030,20261006,-0.6,1,20.9,-33,3.6,9.9,,60.4,0,0,true,20.1,3.33,,-3.4,1.06,50890,56960,-8.27,-23.22,7.6,31.09,10.55,6307,8.73,8.07,8.1,53196,50446,56960,60627,0.42,واگرایی منفی RSI | خروج مستمر پول حقیقی | واگرایی منفی | حد ضرر دور (8.3٪)
آبین,کشت و صنعت آبشیرین,زراعت و خدمات وابسته,58.1,زیر نظر,100,70,36.5,20,14810,20261006,15.7,71.2,84.9,31,27.7,66.4,202.2,97.5,15,0,true,75.4,2.54,above,0,0.36,8305,,-0.34,-4.56,2.22,4.73,5.28,235,63.02,,,14434,14059,15937,16688,1.5,اشباع خرید | فاصله زیاد از MA20 | سهم صفی: 15 روز از ۲۰ روز در صف (ریسک نقدشوندگی و اجرای حد ضرر) | رشد عمودی (85٪ در ۶۰ روز، 66٪ بالای MA50) | P/E بالا (63) | 202٪ بالای MA200 | نقدشوندگی کمتر از ۱۰ میلیارد تومان | واگرایی مثبت RSI
حتاید,تایدواترخاورمیانه,حمل ونقل، انبارداری و ارتباطات,58.1,زیر نظر,65,20,56.4,82,7980,20261006,-6.8,-4.3,-3.4,-57.4,-5.5,1.4,27.7,44.4,3,0,false,22.3,3.47,above,-12.6,1.32,7482,8215,69.11,90.58,0.92,-22.94,38.07,1376,5.8,19.33,-70,7703,7344,8215,8800,0.37,توزیع: ورود حقیقی با سرانه خرید ضعیف (0.79 در ۲۰ روز) | حد ضرر دور (8.0٪)
حتوکا,حمل‌ونقل‌توکا,حمل ونقل، انبارداری و ارتباطات,58.1,زیر نظر,100,45,14.2,62,2693,20261006,1.8,9.8,38.6,-15.3,2.1,14.3,37.5,60.2,2,0,false,40.3,3.76,above,-5.2,0.85,2576,2727,-13.23,-33.48,1.33,-11.97,12,320,8.42,19.33,-56.5,2592,2525,2727,2840,0.2,خروج مستمر پول حقیقی
شپاکسا,پاکسان‌,محصولات شیمیایی,58,زیر نظر,100,65,23,37,2886,20261006,1.6,12.8,106.7,52.8,5.1,18.5,97.9,63.3,6,0,false,39.9,3.18,above,-3.1,1,2700,2960,-6.97,-8.82,3.18,-45.1,38.15,327,8.83,9.63,-8.4,2794,2657,2960,3143,0.32,واگرایی منفی RSI | سهم صفی: 6 روز از ۲۰ روز در صف (ریسک نقدشوندگی و اجرای حد ضرر) | رشد عمودی (107٪ در ۶۰ روز، 18٪ بالای MA50) | 98٪ بالای MA200 | واگرایی منفی | حد ضرر دور (7.9٪)
چاپ,ص.چاپ وبسته بندی آسان قزوین,محصولات کاغذی,58,زیر نظر,65,55,38,72,19810,20261006,-6.4,-5.2,71.4,17.4,-3.3,10.3,,52.6,1,0,false,33.3,3.37,above,-11.3,1.23,19090,21240,-38.26,-7.43,5.03,25.71,32.51,2147,9.23,16.48,-44,19143,18757,21240,22340,1.36,196٪ بالای کف ۵۲ هفته
فبستم,صنایع ‌بسته‌بندی‌ مشهد,ساخت محصولات فلزی,58,زیر نظر,85,45,64,30,16970,20261006,6.3,-0.2,20.7,-33.3,-1.5,4.7,10.3,53.5,1,0,false,20.6,4.12,above,-13.6,2.63,16648,17581,6.14,9.53,0.55,-20.69,3.51,396,42.85,,,16648,16299,17581,18819,0.91,P/E بالا (43) | توزیع: ورود حقیقی با سرانه خرید ضعیف (0.55 در ۲۰ روز) | سرانه خرید ضعیف (0.55) | نقدشوندگی کمتر از ۱۰ میلیارد تومان
لپیام,گسترش صنایع پیام,ساخت دستگاه‌ها و وسایل ارتباطی,57.9,زیر نظر,100,70,35.5,20,142000,20261006,15.5,41.6,211.7,157.8,17.1,57.9,148,87.1,8,0,true,74.5,2.76,above,0,0.62,130000,,-2.69,-44.61,1.72,4.3,11.15,123,1154.47,,,138086,134172,153743,161571,1.5,اشباع خرید | فاصله زیاد از MA20 | خروج مستمر پول حقیقی | سهم صفی: 8 روز از ۲۰ روز در صف (ریسک نقدشوندگی و اجرای حد ضرر) | رشد عمودی (212٪ در ۶۰ روز، 58٪ بالای MA50) | P/E بالا (1154) | 148٪ بالای MA200
ثرود,سرمایه‌گذاری مسکن زاینده رود,انبوه سازی، املاک و مستغلات,57.9,زیر نظر,90,45,15.5,72,6040,20261006,-3,6.2,26.9,-27,-3.8,10.1,55.7,51.9,5,0,false,43.2,3.85,above,-11.6,0.86,5690,6150,-0.07,8.04,0.69,-13.27,10.52,595,10.15,23.59,-57,5807,5574,6150,6830,0.24,توزیع: ورود حقیقی با سرانه خرید ضعیف (0.77 در ۲۰ روز) | 56٪ بالای MA200 | سرانه خرید ضعیف (0.69) | حد ضرر دور (7.7٪)
رتکو,کنترل ‌خوردگی ‌تکین ‌کوی,خدمات فنی و مهندسی,57.9,زیر نظر,100,70,75.5,20,25500,20261006,10.8,32.2,94.9,41,17.7,38.7,89.1,89.6,3,0,true,60.8,3.04,above,0.6,0.63,19700,,0,0,2.27,3.53,1.89,641,39.78,,,24724,23948,27827,29379,1.5,نقدشوندگی پایین | واگرایی منفی RSI | اشباع خرید | فاصله زیاد از MA20 | رشد عمودی (95٪ در ۶۰ روز، 39٪ بالای MA50) | P/E بالا (40) | 89٪ بالای MA200 | واگرایی منفی | نقدشوندگی کمتر از ۱۰ میلیارد تومان
سشمال,سیمان‌ شمال‌,سیمان، آهک و گچ,57.6,زیر نظر,100,63,36,24,19770,20261006,4.4,6,49.8,-4.1,7,17.5,58.7,70.4,1,0,true,28.2,3.07,above,-0.6,0.73,19200,,-2.48,-20.67,1.65,4.79,7.73,2297,8.61,7.14,20.5,19200,18897,21590,22804,2.08,خروج مستمر پول حقیقی | 59٪ بالای MA200 | نقدشوندگی کمتر از ۱۰ میلیارد تومان
خودرو,ایران‌ خودرو,خودرو و ساخت قطعات,57.6,زیر نظر,95,45,70.3,10,724,20261006,7.7,-5,24.6,-29.3,2.4,9.3,29.3,58.6,1,0,false,25,3.34,above,-7.9,1.64,674,786,318.57,-154.92,1.47,375.5,599.84,,,,,700,664,786,834,1.03,واگرایی منفی RSI | بدون EPS مثبت | واگرایی منفی | حد ضرر دور (8.3٪)
سیتا,سرمایه گذاری سیمان تامین,سیمان، آهک و گچ,57.5,زیر نظر,100,45,27.2,47,31570,20261006,0.7,15.4,28.4,-25.5,3.8,11.2,61.8,60.6,5,0,false,25.6,3.33,above,-3.3,0.97,29872,32470,-32.51,-9.44,1.25,1.63,37.12,4273,7.39,7.14,3.5,30518,29346,32470,34574,0.4,62٪ بالای MA200 | حد ضرر دور (7.0٪) | شناوری کم (10٪)
ونیرو,سرمایه‌گذاری‌نیرو,عرضه برق، گاز، بخاروآب گرم,57.5,زیر نظر,90,65,3,67,4170,20261006,-3.5,17.1,63.9,10,5.5,29.2,15.5,67,3,0,false,43.6,3.11,above,-31.2,1.18,4015,4296,-28.85,-13.16,0.64,-131.82,67.89,599,6.96,7.09,-1.8,4040,3950,4296,4385,0.57,واگرایی منفی RSI | سرانه خرید ضعیف (0.64) | واگرایی منفی
حبندر,دریایی و کشتیرانی خط دریابندر,حمل ونقل، انبارداری و ارتباطات,57.5,زیر نظر,100,70,61.8,32,10430,20261006,9.9,19.4,72.5,18.6,11.3,24.4,110.4,80.5,0,0,true,38.4,3.26,above,-0.2,0.95,9528,,-1.02,3.66,1.55,2.95,2.84,1112,9.38,,,10090,9581,11449,12128,1.2,نقدشوندگی پایین | اشباع خرید | 110٪ بالای MA200 | حد ضرر دور (8.1٪) | نقدشوندگی کمتر از ۱۰ میلیارد تومان
چدن,تولیدی چدن سازان,ساخت محصولات فلزی,57.4,زیر نظر,100,85,17.7,24,4950,20261006,8.3,33.1,114.5,60.6,12.6,38,144.2,79.2,6,0,true,63.1,2.95,above,0,1.34,4530,,-141.83,-292.48,1.11,-88.46,48.06,544,9.1,7.54,20.7,4804,4585,5388,5681,1.2,اشباع خرید | خروج مستمر پول حقیقی | سهم صفی: 6 روز از ۲۰ روز در صف (ریسک نقدشوندگی و اجرای حد ضرر) | رشد عمودی (115٪ در ۶۰ روز، 38٪ بالای MA50) | 144٪ بالای MA200 | حد ضرر دور (7.4٪)
پلاسک,پلاسکوکار,لاستیک و پلاستیک,57.4,زیر نظر,95,55,61.5,10,5890,20261006,6.3,0.9,30.3,-23.6,1,9.3,30.6,58.4,1,0,false,27.6,3.63,above,-8.1,0.84,5700,6410,0.55,-1.72,1.76,3.84,3.19,,,8.21,,5700,5593,6410,6837,1.75,بدون EPS مثبت | نقدشوندگی کمتر از ۱۰ میلیارد تومان
حیات,بیمه زندگی مفید,بیمه وصندوق بازنشستگی به جزتامین اجتماعی,57.4,زیر نظر,100,35,61.5,20,9870,20261006,5.8,35.4,277.9,224,14.2,52.4,,99.9,18,0,false,98.8,2.42,above,-2.1,0.29,2530,,-0.6,18.65,2.59,3.74,5.24,327,30.18,,,9632,9393,10585,11062,1.5,اشباع خرید | سهم صفی: 18 روز از ۲۰ روز در صف (ریسک نقدشوندگی و اجرای حد ضرر) | رشد عمودی (278٪ در ۶۰ روز، 52٪ بالای MA50) | P/E بالا (30) | 623٪ بالای کف ۵۲ هفته | نقدشوندگی کمتر از ۱۰ میلیارد تومان
بوعلی,پتروشیمی بوعلی سینا,محصولات شیمیایی,57.3,زیر نظر,100,50,9.2,60,64230,20261006,-0.8,26.9,136.7,82.7,7.5,35.7,88.6,71.7,3,0,false,60.7,3.09,above,-3.7,0.77,60000,66700,-206.84,-505.51,1.11,-201.63,135.99,8261,7.78,9.63,-19.3,62247,59273,66700,70665,0.5,خروج مستمر پول حقیقی | رشد عمودی (137٪ در ۶۰ روز، 36٪ بالای MA50) | 89٪ بالای MA200 | حد ضرر دور (7.7٪) | شناوری کم (8٪)
غزر,صنعتی زر ماکارون,محصولات غذایی و آشامیدنی به جز قند و شکر,57.3,زیر نظر,100,85,4.1,37,5520,20261006,5.3,22.1,80.8,26.9,7.8,28.5,116.1,70.8,6,0,true,54.8,2.85,above,-2.6,1.02,5370,,-122.26,-168.24,0.9,-40.61,90.94,620,8.9,8.53,4.4,5370,5291,5992,6307,2.07,واگرایی منفی RSI | خروج مستمر پول حقیقی | سهم صفی: 6 روز از ۲۰ روز در صف (ریسک نقدشوندگی و اجرای حد ضرر) | 116٪ بالای MA200 | واگرایی منفی
دروز,داروسازی‌ روزدارو,مواد و محصولات دارویی,57.3,زیر نظر,100,70,49,4,34200,20261006,15.4,49.5,276.5,222.6,20.4,57.3,152.3,89.3,10,0,true,59.9,2.65,above,0,0.59,29757,,2.05,-6.07,2.62,-0.64,4.77,164,208.54,12.91,1515.3,33294,32388,36919,38731,1.5,اشباع خرید | فاصله زیاد از MA20 | خروج مستمر پول حقیقی | سهم صفی: 10 روز از ۲۰ روز در صف (ریسک نقدشوندگی و اجرای حد ضرر) | رشد عمودی (276٪ در ۶۰ روز، 57٪ بالای MA50) | P/E بالا (209) | 152٪ بالای MA200 | نقدشوندگی کمتر از ۱۰ میلیارد تومان
شپدیس,پتروشیمی پردیس,محصولات شیمیایی,57.1,زیر نظر,65,20,52.5,82,12290,20261006,-4.9,-3.9,-3.7,-57.6,-4.4,4.1,14.1,47.6,1,0,false,31.2,3.55,above,-24.4,0.62,11940,12540,3.75,688.73,0.57,-612.83,641.31,1879,6.54,9.63,-32.1,11940,11722,12540,12854,0.44,توزیع: ورود حقیقی با سرانه خرید ضعیف (0.62 در ۲۰ روز) | سرانه خرید ضعیف (0.57)
گدنا,تهیه توزیع غذای دنا آفرین فدک,هتل و رستوران,57.1,زیر نظر,85,45,46.5,44,6860,20261006,1.2,-3.8,37.3,-16.6,-2.1,5.7,27.8,52,2,0,false,24.6,3.33,above,-13.2,1.29,6500,7005,-15,-24.38,2.73,47.75,17.56,1145,5.99,4.69,27.7,6631,6386,7005,7190,0.31,خروج مستمر پول حقیقی
تکاردان,تامین سرمایه کاردان,فعالیتهای کمکی به نهادهای مالی واسط,57.1,زیر نظر,100,55,36.5,68,2781,20261006,4.7,3.1,27.9,-26.1,2.8,11.4,57.2,67.3,1,0,false,22.6,3.06,above,-1.8,0.66,2622,2833,-0.2,-3.68,12.09,2.3,1.43,632,4.4,5.92,-25.7,2696,2579,2833,3003,0.26,نقدشوندگی پایین | خروج مستمر پول حقیقی | 57٪ بالای MA200 | حد ضرر دور (7.2٪) | نقدشوندگی کمتر از ۱۰ میلیارد تومان | شناوری کم (5٪)
سیستم,همکاران سیستم,رایانه و فعالیت‌های وابسته به آن,57.1,زیر نظر,95,65,32.5,30,61630,20261006,10.5,5.5,35.3,-18.6,8.6,14.8,65.3,70.1,0,0,true,27.9,3.24,above,-0.2,1.08,53500,,-0.71,-3.12,1.38,0.14,7.6,3654,16.87,18.19,-7.3,59634,57638,67618,71610,1.5,65٪ بالای MA200 | نقدشوندگی کمتر از ۱۰ میلیارد تومان
وآتوس,گروه سرمایه گذاری توسکا,سرمایه گذاریها,57.1,زیر نظر,85,75,56.4,10,1594,20261006,8.3,11.8,59.9,5.9,4.7,12.4,5.9,60.1,3,0,false,27.1,3.26,above,-38.6,1.1,1572,1666,1.46,7.02,0.96,-3.99,6.68,,,,,1572,1546,1666,1714,1.51,بدون EPS مثبت | توزیع: ورود حقیقی با سرانه خرید ضعیف (0.86 در ۲۰ روز) | نقدشوندگی کمتر از ۱۰ میلیارد تومان
ارفع,شرکت آهن و فولاد ارفع,فلزات اساسی,56.9,زیر نظر,100,50,20.5,47,15220,20261006,2.5,36.6,81,27.1,9.9,29.9,141.6,73,11,0,false,50.7,2.97,above,-1,0.71,14980,15380,-67.42,-92.2,2.27,-73.35,58.66,1926,7.9,8.05,-1.8,14980,14754,15380,16284,0.34,واگرایی منفی RSI | خروج مستمر پول حقیقی | سهم صفی: 11 روز از ۲۰ روز در صف (ریسک نقدشوندگی و اجرای حد ضرر) | 142٪ بالای MA200 | واگرایی منفی
سیمرغ,سیمرغ,زراعت و خدمات وابسته,56.8,زیر نظر,85,75,39.2,26,5390,20261006,1.3,4.9,64.4,10.5,-2.7,14.5,92.5,55.8,5,0,false,45,3.44,above,-14,1.2,5240,6270,3.82,-55.01,0.89,-30.57,19.9,513,10.51,6.33,66,5240,5147,6270,6641,3.62,واگرایی منفی RSI | خروج مستمر پول حقیقی | 93٪ بالای MA200 | واگرایی منفی
خصدرا,صنعتی‌ دریایی‌ ایران‌,پیمانکاری صنعتی,56.6,زیر نظر,90,65,61.5,25,2757,20261005,10.2,19.9,30.6,-23.4,19.8,33.1,19.5,74,17,0,true,34.4,3.16,above,-8.7,2.47,2697,3021,-5.89,3.61,3.3,38.12,10.41,191,14.43,,,2697,2653,3021,3195,2.54,واگرایی منفی RSI | فاصله زیاد از MA20 | سهم صفی: 17 روز از ۲۰ روز در صف (ریسک نقدشوندگی و اجرای حد ضرر) | رشد عمودی (31٪ در ۶۰ روز، 33٪ بالای MA50) | واگرایی منفی | آخرین معامله 20261005 (متوقف یا کم‌معامله)
سدور,سیمان‌ دورود,سیمان، آهک و گچ,56.5,زیر نظر,100,60,48,10,36470,20261006,10.4,15,105.8,51.9,6,30.9,97.1,70.5,4,0,false,49.1,3.34,above,-2,0.89,32130,37220,1.19,-0.31,5.06,-4.62,15.2,,,7.14,,35252,34035,37220,39655,0.31,بدون EPS مثبت | رشد عمودی (106٪ در ۶۰ روز، 31٪ بالای MA50) | 97٪ بالای MA200
بهیر,س. توسعه تجارت هیرمند,سرمایه گذاریها,56.4,زیر نظر,100,58,79.2,20,4980,20261006,9.7,22.1,45.2,-8.7,13.9,26.4,41.5,88.4,9,0,true,64.9,2.05,above,0,0.81,4210,,1.61,3.75,1.19,0.8,1.23,223,22.33,,,4878,4776,5286,5491,1.5,نقدشوندگی پایین | واگرایی منفی RSI | اشباع خرید | سهم صفی: 9 روز از ۲۰ روز در صف (ریسک نقدشوندگی و اجرای حد ضرر) | واگرایی منفی | نقدشوندگی کمتر از ۱۰ میلیارد تومان
پکویر,کویر تایر,لاستیک و پلاستیک,56.3,زیر نظر,73,20,51.5,70,3330,20261006,-7,-2.9,12.6,-41.3,-5.4,0.8,10.1,43.9,5,0,false,15.7,3.5,above,-15.1,0.87,3237,3410,1.79,103.31,0.51,-64.84,38.06,544,6.12,8.21,-25.4,3237,3179,3410,3519,0.53,توزیع: ورود حقیقی با سرانه خرید ضعیف (0.61 در ۲۰ روز) | سرانه خرید ضعیف (0.51)
سکارون,سیمان کارون,سیمان، آهک و گچ,56.2,زیر نظر,100,60,26.8,30,5300,20261006,-4.8,-1.9,-0.4,-54.3,1.5,2.1,32.3,52.2,3,0,true,20.3,3.65,above,-10.3,1.46,4990,5405,0,9.71,0.83,-8.16,4.85,243,21.81,,,5106,4893,5405,5525,0.26,توزیع: ورود حقیقی با سرانه خرید ضعیف (0.81 در ۲۰ روز) | حد ضرر دور (7.7٪) | نقدشوندگی کمتر از ۱۰ میلیارد تومان
فولاژ,فولاد آلیاژی ایران,فلزات اساسی,56.1,زیر نظر,100,55,17.5,43,6520,20261006,-4.4,-2,78.9,24.9,2.1,15.6,68.7,58.6,2,0,false,43.2,3.26,above,-6.5,0.98,5840,6820,-9.49,18.96,0.79,-27.62,22.65,541,12.05,13.48,-10.6,6307,6095,6820,6970,0.71,واگرایی منفی RSI | توزیع: ورود حقیقی با سرانه خرید ضعیف (0.66 در ۲۰ روز) | 69٪ بالای MA200 | سرانه خرید ضعیف (0.79) | واگرایی منفی
کتوکا,تولیدی و خدمات صنایع نسوز توکا,سایر محصولات کانی غیرفلزی,56,زیر نظر,100,65,2,50,8600,20261006,-2.7,10.4,118.8,64.9,0.3,29.9,101.5,64.3,7,0,false,62,3.32,above,-7.9,1.12,8180,8870,-5.11,-13.73,0.73,-57.23,30.19,983,8.75,10.33,-15.3,8315,8037,8870,9340,0.48,سهم صفی: 7 روز از ۲۰ روز در صف (ریسک نقدشوندگی و اجرای حد ضرر) | رشد عمودی (119٪ در ۶۰ روز، 30٪ بالای MA50) | 101٪ بالای MA200 | سرانه خرید ضعیف (0.73)
پلوله,گازلوله‌,لاستیک و پلاستیک,56,زیر نظر,100,70,88,20,11860,20261003,13.7,62.5,163.3,109.4,24.4,59.5,128.2,97.4,20,0,true,79,2.27,above,0,0.36,6800,,0.6,7.79,2.53,1.27,1.83,517,22.94,,,11590,11321,12669,13208,1.5,نقدشوندگی پایین | اشباع خرید | فاصله زیاد از MA20 | سهم صفی: 20 روز از ۲۰ روز در صف (ریسک نقدشوندگی و اجرای حد ضرر) | رشد عمودی (163٪ در ۶۰ روز، 59٪ بالای MA50) | 128٪ بالای MA200 | نقدشوندگی کمتر از ۱۰ میلیارد تومان | آخرین معامله 20261003 (متوقف یا کم‌معامله)
فالوم,آلومتک,فلزات اساسی,55.8,زیر نظر,100,45,57.3,10,1463,20261006,-2.6,30.6,43.1,-10.8,3.8,25.9,27,63.4,11,0,false,40.6,2.83,above,-24.4,1.34,1433,1551,1.83,21.04,0.99,-10.51,13.86,,,8.05,,1433,1412,1551,1848,1.73,بدون EPS مثبت | سهم صفی: 11 روز از ۲۰ روز در صف (ریسک نقدشوندگی و اجرای حد ضرر) | توزیع: ورود حقیقی با سرانه خرید ضعیف (0.77 در ۲۰ روز)
شاراک,پتروشیمی شازند,محصولات شیمیایی,55.8,زیر نظر,100,50,3.2,60,30680,20261006,4.3,19,123.4,69.5,7,29.2,122.4,71.9,2,0,false,66.3,3.19,above,-2.3,0.63,29490,,-53.85,-180.46,0.85,-95.13,138.69,3871,7.93,9.63,-17.7,29701,29000,33618,35577,1.75,خروج مستمر پول حقیقی | رشد عمودی (123٪ در ۶۰ روز، 29٪ بالای MA50) | 122٪ بالای MA200
سهگمت,سیمان‌هگمتان‌,سیمان، آهک و گچ,55.8,زیر نظر,88,70,1.5,60,153500,20261006,1.3,4.7,17.1,-36.8,5.2,10.4,27.8,62.2,1,0,true,18.6,3.03,above,-7.4,0.92,142850,158500,-34.49,-71.38,0.7,-21.88,14.42,27300,5.62,7.14,-21.3,148857,141891,158500,165789,0.43,واگرایی منفی RSI | خروج مستمر پول حقیقی | سرانه خرید ضعیف (0.70) | واگرایی منفی | حد ضرر دور (7.6٪)
نیشکر,توسعه نیشکر و  صنایع جانبی,قند و شکر,55.8,زیر نظر,85,45,48,37,63160,20261006,2.5,-3,27.1,-26.8,-0.3,5.2,19,53.9,1,0,false,25.9,3.85,above,-8.4,1.22,61433,,-4.18,-15.37,5.58,13.81,10.9,6371,9.91,9.57,3.6,61433,60216,70462,75330,2.48,خروج مستمر پول حقیقی
کفرا,فراورده‌ های‌ نسوزایران‌,سایر محصولات کانی غیرفلزی,55.6,زیر نظر,100,75,32.5,10,4890,20261006,4.9,3.8,163.3,109.4,4.6,26.3,150.4,66.5,11,1,false,52.7,2.92,above,-4.7,2.05,4210,5130,-19.83,-64.73,3.19,-111.12,31.08,,,12.75,,4747,4604,5130,5416,0.84,خروج مستمر پول حقیقی | بدون EPS مثبت | سهم صفی: 11 روز از ۲۰ روز در صف (ریسک نقدشوندگی و اجرای حد ضرر) | رشد عمودی (163٪ در ۶۰ روز، 26٪ بالای MA50) | 150٪ بالای MA200 | صف فروش در ۵ روز اخیر
خبنیان,بنیان دیزل,خودرو و ساخت قطعات,55.5,زیر نظر,75,35,64,40,1808,20261006,-1.3,-5.6,27.9,-26.1,-0.9,7.9,5.3,53.1,2,0,false,21.9,3.53,above,-26.3,1.04,1732,1878,2.06,12.56,1.02,0.75,12.96,10,180.8,,,1744,1700,1878,1924,0.65,P/E بالا (181)
والماس,س. الماس حکمت ایرانیان,سرمایه گذاریها,55.5,زیر نظر,90,65,0,82,2735,20261005,-4,17.2,57.4,3.5,-2.4,12.9,61.6,53.4,10,0,false,47.7,3.52,above,-12.7,0.73,2135,2993,-10.83,-1.8,0.74,-11.34,11.72,462,5.92,8.73,-32.2,2639,2542,2993,3132,1.34,سهم صفی: 10 روز از ۲۰ روز در صف (ریسک نقدشوندگی و اجرای حد ضرر) | 62٪ بالای MA200 | سرانه خرید ضعیف (0.74) | حد ضرر دور (7.0٪) | آخرین معامله 20261005 (متوقف یا کم‌معامله)
اتکای,بیمه اتکایی ایرانیان,بیمه وصندوق بازنشستگی به جزتامین اجتماعی,55.5,زیر نظر,100,35,1.9,72,3600,20261006,5.6,29.9,117,63.1,11.6,34.3,94.2,89.7,0,0,false,74.5,3.05,above,-0.6,0.42,2936,,-12.16,-33.47,0.82,-7.59,10.38,612,5.88,18.13,-67.6,3490,3380,3930,4150,1.5,اشباع خرید | خروج مستمر پول حقیقی | رشد عمودی (117٪ در ۶۰ روز، 34٪ بالای MA50) | 94٪ بالای MA200
سفاسی,شرکت فارسیت اهواز,سایر محصولات کانی غیرفلزی,55.4,زیر نظر,100,70,60.5,25,5540,20261006,9.1,10.1,110.2,56.3,11.4,23.9,75.6,82.9,4,0,true,49.2,3.54,above,-0.2,1.27,5160,,0,2.16,2.23,5.76,2.5,330,16.79,,,5344,5062,6129,6522,1.23,نقدشوندگی پایین | واگرایی منفی RSI | اشباع خرید | رشد عمودی (110٪ در ۶۰ روز، 24٪ بالای MA50) | 76٪ بالای MA200 | واگرایی منفی | حد ضرر دور (8.6٪) | نقدشوندگی کمتر از ۱۰ میلیارد تومان
غشهد,شهد ایران ‌,محصولات غذایی و آشامیدنی به جز قند و شکر,55.4,زیر نظر,100,45,5.4,60,9750,20261006,1.7,16.6,34.7,-19.2,2.4,14.7,50.2,60.6,8,0,false,21,3.41,above,-8.5,1.11,8380,10650,-6.35,-1.31,0.96,-21.03,8.71,1466,6.65,8.53,-22,9417,9084,10650,11316,1.35,سهم صفی: 8 روز از ۲۰ روز در صف (ریسک نقدشوندگی و اجرای حد ضرر) | 50٪ بالای MA200 | نقدشوندگی کمتر از ۱۰ میلیارد تومان
وسین,بیمه سینا,بیمه وصندوق بازنشستگی به جزتامین اجتماعی,55.3,زیر نظر,100,60,63,10,3720,20260927,9.1,53.8,181.6,127.7,18,74.6,146.4,86.5,11,1,true,85.7,2.68,above,-2.6,0.7,2119,,15.66,-0.52,4.71,10.01,15.28,,,,,3620,3520,4020,4219,1.5,اشباع خرید | فاصله زیاد از MA20 | بدون EPS مثبت | سهم صفی: 11 روز از ۲۰ روز در صف (ریسک نقدشوندگی و اجرای حد ضرر) | رشد عمودی (182٪ در ۶۰ روز، 75٪ بالای MA50) | 146٪ بالای MA200 | صف فروش در ۵ روز اخیر | آخرین معامله 20260927 (متوقف یا کم‌معامله)
ومعلم,بیمه معلم,بیمه وصندوق بازنشستگی به جزتامین اجتماعی,55.3,زیر نظر,100,55,87,10,3390,20261006,3.7,0.6,37.5,-16.4,1.5,9.8,19.1,58.7,3,1,false,22.9,3.41,above,-6.1,0.8,3339,3531,1.44,5.79,1.67,3.75,2.83,,,18.13,,3339,3281,3531,3610,1.3,نقدشوندگی پایین | بدون EPS مثبت | نقدشوندگی کمتر از ۱۰ میلیارد تومان | صف فروش در ۵ روز اخیر
وتوسکا,سرمایه گذاری توسعه توکا,سرمایه گذاریها,55.3,زیر نظر,85,45,88,35,1672,20261006,-3.4,0.8,28.9,-25,-1,7.2,25.5,52.1,6,2,false,26.4,3.36,above,-10.4,0.98,1634,1776,2.58,3.6,1.93,3.22,1.51,100,16.72,,,1634,1606,1776,1866,1.58,نقدشوندگی پایین | سهم صفی: 6 روز از ۲۰ روز در صف (ریسک نقدشوندگی و اجرای حد ضرر) | نقدشوندگی کمتر از ۱۰ میلیارد تومان | صف فروش در ۵ روز اخیر
آریا,پلیمر آریا ساسول,محصولات شیمیایی,55.1,زیر نظر,100,60,36.5,16,52770,20261006,5.8,49.6,68.8,14.8,18.4,46,65.4,88.5,5,0,true,69.1,3.09,above,0,0.67,42434,,-94.63,23.15,2.81,-26.17,109.92,4878,10.82,8.01,35.1,51139,49509,57662,60924,1.5,اشباع خرید | فاصله زیاد از MA20 | رشد عمودی (69٪ در ۶۰ روز، 46٪ بالای MA50) | 65٪ بالای MA200
کیانا,گروه مالی کیان,سرمایه گذاریها,55.1,زیر نظر,85,50,52.5,26,7530,20261006,0.3,-11.6,65.2,11.2,-5.3,5.8,99.5,49.2,3,0,false,32.7,3.19,above,-18.3,0.67,7150,7710,-1.25,2.15,3.59,8.51,5.2,804,9.37,7.13,31.4,7290,7030,7710,8280,0.36,100٪ بالای MA200 | نقدشوندگی کمتر از ۱۰ میلیارد تومان | شناوری کم (9٪)
سکرد,سیمان کردستان,سیمان، آهک و گچ,55,خنثی,90,45,18.9,57,15330,20261006,-3.4,4.6,31.4,-22.6,-1.5,8,47.2,54.2,4,0,false,29.2,3.38,above,-11.4,1.26,14635,16170,-9.34,2.81,0.82,-14.26,8.26,2014,7.61,7.14,6.6,14812,14376,16170,17300,0.88,توزیع: ورود حقیقی با سرانه خرید ضعیف (0.78 در ۲۰ روز) | 160٪ بالای کف ۵۲ هفته | نقدشوندگی کمتر از ۱۰ میلیارد تومان | شناوری کم (14٪)
شکربن,کربن‌ ایران‌,محصولات شیمیایی,54.9,خنثی,100,60,1.5,50,12180,20261006,8.5,37.9,90.3,36.3,20.6,38.1,87.4,87.3,3,0,true,57.9,2.82,above,-0.2,0.97,8940,,-74.67,-39.73,0.61,-75.16,30.61,1486,8.2,9.63,-14.9,11837,11494,13209,13895,1.5,واگرایی منفی RSI | اشباع خرید | فاصله زیاد از MA20 | خروج مستمر پول حقیقی | رشد عمودی (90٪ در ۶۰ روز، 38٪ بالای MA50) | 87٪ بالای MA200 | سرانه خرید ضعیف (0.61) | واگرایی منفی
وآفری,بیمه کارآفرین,بیمه وصندوق بازنشستگی به جزتامین اجتماعی,54.9,خنثی,100,65,53.5,34,9140,20261006,-2.9,9.3,84.2,30.3,4.5,28.3,136.7,63.5,5,1,false,59,3.15,above,-8.4,1.43,8822,9977,2.38,6.79,0.77,-4.66,2.33,1680,5.44,4.59,18.5,8852,8678,9977,10553,1.81,نقدشوندگی پایین | واگرایی منفی RSI | توزیع: ورود حقیقی با سرانه خرید ضعیف (0.81 در ۲۰ روز) | 137٪ بالای MA200 | سرانه خرید ضعیف (0.77) | واگرایی منفی | نقدشوندگی کمتر از ۱۰ میلیارد تومان | صف فروش در ۵ روز اخیر
خراسان,پتروشیمی خراسان,محصولات شیمیایی,54.8,خنثی,65,35,43.3,70,53450,20261006,-1.7,-5.5,15.8,-38.1,-2.7,5,56.9,51,3,0,false,18.7,3.5,above,-12.8,1.05,50886,54047,2.58,-5.98,1.39,-15.59,28.27,7006,7.63,9.63,-20.8,51580,49951,54047,55835,0.17,57٪ بالای MA200 | شناوری کم (6٪)
ورنا,سرمایه‌گذاری‌ رنا(هلدینگ‌,خودرو و ساخت قطعات,54.8,خنثی,85,45,61,20,7450,20261006,3.8,-5.5,40.8,-13.1,-0.1,12.4,50,56.6,2,0,false,34.2,3.55,above,-6.8,0.62,6995,7975,7.45,-118.75,2.03,13.26,97.58,218,34.17,,,7185,6863,7975,8504,0.89,واگرایی منفی RSI | خروج مستمر پول حقیقی | P/E بالا (34) | 50٪ بالای MA200 | واگرایی منفی | حد ضرر دور (7.9٪)
زمگسا,کشاورزی‌ ودامپروی‌ مگسال‌,زراعت و خدمات وابسته,54.7,خنثی,100,88,12.5,16,110700,20261006,7.5,21,48.4,-5.6,11.3,21,78.6,68.9,6,0,true,31.3,3.14,above,-1.6,1.8,105920,,-65.93,-34.27,0.43,-58.58,12.34,12169,9.1,6.33,43.7,107228,104184,121116,128060,1.6,واگرایی منفی RSI | خروج مستمر پول حقیقی | سهم صفی: 6 روز از ۲۰ روز در صف (ریسک نقدشوندگی و اجرای حد ضرر) | 79٪ بالای MA200 | سرانه خرید ضعیف (0.43) | واگرایی منفی
کحافظ,کاشی‌ وسرامیک‌ حافظ‌,کاشی و سرامیک,54.7,خنثی,95,63,7.4,47,2722,20261006,3.9,2.7,53.8,-0.2,3.6,13.5,65.4,62.1,3,0,false,27.3,3.57,above,-5.3,1.07,2586,2767,-35.44,-54.24,1.03,-16.08,20.25,388,7.02,7.65,-8.3,2625,2537,2767,2875,0.24,خروج مستمر پول حقیقی | 65٪ بالای MA200
شنفت,نفت‌ پارس‌,فراورده های نفتی، کک و سوخت هسته ای,54.6,خنثی,100,65,22.5,24,18440,20261006,1.2,15.1,71.2,17.3,5.9,23.3,79.4,67.1,1,0,false,40,3.06,above,-1.7,1.04,17950,,-35.31,-41.53,1.61,-23.6,34.19,2291,8.05,6.26,28.6,17950,17668,20130,21257,2.19,واگرایی منفی RSI | خروج مستمر پول حقیقی | 79٪ بالای MA200 | واگرایی منفی | شناوری کم (12٪)
تاپیکو,س. نفت و گاز و پتروشیمی تأمین,محصولات شیمیایی,54.6,خنثی,100,75,29.4,9,51990,20261006,2.5,45,96.8,42.8,12.6,41.1,123.7,74.3,7,0,true,59.9,2.98,above,-3.3,1.32,38039,53780,-144.47,107.22,0.84,-678.02,395.58,3439,15.12,9.63,57,50439,48889,53780,56881,0.58,سهم صفی: 7 روز از ۲۰ روز در صف (ریسک نقدشوندگی و اجرای حد ضرر) | رشد عمودی (97٪ در ۶۰ روز، 41٪ بالای MA50) | توزیع: ورود حقیقی با سرانه خرید ضعیف (0.57 در ۲۰ روز) | 124٪ بالای MA200 | شناوری کم (11٪)
شیران,س. صنایع‌شیمیایی‌ایران,محصولات شیمیایی,54.5,خنثی,80,60,24.2,50,11310,20261006,-2.2,-2.8,20.7,-33.2,1.6,1.8,48.3,52.4,1,0,true,15.5,3.28,above,-9.2,1.21,10930,11640,-21.91,14.37,1.11,-25.87,47.11,1359,8.32,9.63,-13.6,10939,10745,11640,11900,0.58,واگرایی منفی RSI | توزیع: ورود حقیقی با سرانه خرید ضعیف (0.72 در ۲۰ روز) | 154٪ بالای کف ۵۲ هفته | واگرایی منفی | شناوری کم (14٪)
زگلدشت,کشت و دام گلدشت نمونه اصفهان,زراعت و خدمات وابسته,54.5,خنثی,100,70,18,24,11550,20261006,2.1,8.5,39.6,-14.4,7.3,11.5,78.1,64.7,3,0,true,26.4,3.38,above,-0.8,1.07,11265,,-28.47,5.64,0.63,-35.74,18.67,1225,9.43,8.07,16.8,11265,11070,12719,13499,2.44,توزیع: ورود حقیقی با سرانه خرید ضعیف (0.79 در ۲۰ روز) | 78٪ بالای MA200 | سرانه خرید ضعیف (0.63)
قزوین,کارخانجات‌ قند قزوین‌,قند و شکر,54.5,خنثی,90,55,28.9,37,12550,20261006,-0.2,5.4,30.7,-23.2,-0.5,5.9,53.4,55.4,0,0,false,30.4,3.27,above,-9.8,1.59,12153,12825,0.27,-4.4,0.92,-1.67,4.29,1403,8.95,9.8,-8.7,12153,11948,12825,13920,0.46,خروج مستمر پول حقیقی | 53٪ بالای MA200 | نقدشوندگی کمتر از ۱۰ میلیارد تومان
غاذر,کشت‌وصنعت‌پیاذر,محصولات غذایی و آشامیدنی به جز قند و شکر,54.4,خنثی,100,85,13.6,16,35670,20261006,8.4,13.9,88.2,34.3,13,32.7,156.7,74.8,8,0,true,48.9,3.04,above,-0.7,1.5,33699,,-92.29,-99.42,0.86,-97.91,37.14,3154,11.31,8.53,32.6,34584,33156,38928,41099,1.3,خروج مستمر پول حقیقی | سهم صفی: 8 روز از ۲۰ روز در صف (ریسک نقدشوندگی و اجرای حد ضرر) | رشد عمودی (88٪ در ۶۰ روز، 33٪ بالای MA50) | 157٪ بالای MA200 | حد ضرر دور (7.0٪)
شصفها,پتروشیمی‌ اصفهان‌,محصولات شیمیایی,54.4,خنثی,90,15,87.5,70,3110,20260916,1.3,11.1,14.9,-39,3.9,13.6,3.1,94.7,20,0,false,77.9,0.93,above,-26.1,0.15,2919,3565,0.01,0.42,37.25,0.01,0.24,1217,2.56,,,3081,3052,3565,3687,7.84,نقدشوندگی پایین | اشباع خرید | سهم صفی: 20 روز از ۲۰ روز در صف (ریسک نقدشوندگی و اجرای حد ضرر) | نقدشوندگی کمتر از ۱۰ میلیارد تومان | آخرین معامله 20260916 (متوقف یا کم‌معامله)
دسبحا,گروه دارویی سبحان,مواد و محصولات دارویی,54.4,خنثی,100,80,29.5,4,7140,20261006,2.1,-1.2,90.9,37,7,15.5,98.6,62.6,9,0,true,35.7,3.18,above,-3.5,1.7,6670,7360,-66.04,50.09,0.86,-188.34,71.29,189,37.78,12.91,192.6,6913,6572,7360,7815,0.39,واگرایی منفی RSI | سهم صفی: 9 روز از ۲۰ روز در صف (ریسک نقدشوندگی و اجرای حد ضرر) | P/E بالا (38) | توزیع: ورود حقیقی با سرانه خرید ضعیف (0.75 در ۲۰ روز) | 99٪ بالای MA200 | واگرایی منفی | حد ضرر دور (8.0٪)
سغرب,سیمان‌غرب‌,سیمان، آهک و گچ,54.4,خنثی,83,70,4.8,57,8710,20261006,3.3,-0.2,20.5,-33.5,4.7,7.2,20.5,61.1,0,0,true,18,3.29,above,-13.6,0.98,8318,8950,-10.89,-21.89,0.95,-8.09,7.86,1220,7.14,7.14,0,8424,8175,8950,10080,0.45,خروج مستمر پول حقیقی | نقدشوندگی کمتر از ۱۰ میلیارد تومان
سپید,سپید ماکیان,زراعت و خدمات وابسته,54.3,خنثی,85,55,11.3,60,45490,20261006,-0.7,-5.6,61.4,7.4,0,8.1,124.5,54.3,4,0,false,30.3,3.54,above,-9.4,0.81,42705,47230,-42.68,-133.08,1.15,-96.66,111.65,9010,5.05,6.33,-20.2,43882,41901,47230,48450,0.48,خروج مستمر پول حقیقی | 125٪ بالای MA200 | حد ضرر دور (7.9٪)
زبینا,کشاورزی و دامپروری بینالود,زراعت و خدمات وابسته,54.3,خنثی,100,70,4.3,37,15350,20261006,-1.7,5.9,22.6,-31.3,4.9,12.1,88.6,60.7,4,0,true,28.5,3.41,above,-4.5,1.16,14235,15650,-31.5,-0.05,0.87,-32.87,20.49,1911,8.03,8.07,-0.5,14827,14043,15650,16696,0.23,89٪ بالای MA200 | حد ضرر دور (8.5٪)
سآبیک,سیمان آبیک,سیمان، آهک و گچ,54.3,خنثی,95,70,13.2,34,80380,20261006,7,-0.2,37.8,-16.1,6.6,10.2,51.1,64.1,2,0,true,21.2,3.32,above,-3,0.94,78590,82850,-18.11,-31.7,1.31,-0.78,13.13,10205,7.88,7.14,10.3,78590,77256,82850,88184,0.79,خروج مستمر پول حقیقی | 51٪ بالای MA200
فافق,صنایع مس افق کرمان,فلزات اساسی,54.3,خنثی,100,60,7,42,16150,20261006,6.4,13.2,65,11,6.1,19.4,92.8,70,4,0,false,39.6,3.41,above,-2.4,1,13885,16540,-2.17,-6.83,1,-0.83,10.14,2178,7.42,,,15599,15049,16540,17641,0.35,واگرایی منفی RSI | 93٪ بالای MA200 | واگرایی منفی
غپینو,پارس‌ مینو,محصولات غذایی و آشامیدنی به جز قند و شکر,54.3,خنثی,100,45,1,60,2057,20261006,-2.3,5.9,23,-30.9,0.2,9,78.6,55.8,3,0,false,39.9,3.68,above,-8.1,0.95,1983,2193,-49.55,-93.15,0.53,-88.75,56.52,275,7.48,8.53,-12.3,1983,1945,2193,2239,1.22,خروج مستمر پول حقیقی | 79٪ بالای MA200 | سرانه خرید ضعیف (0.53)
خمهر,مهرکام‌پارس‌,خودرو و ساخت قطعات,54.2,خنثی,100,60,28.8,20,4040,20261006,8.3,18.5,62,8.1,7.1,26.5,74.1,73.4,3,0,false,57.1,3.58,above,-1,0.81,3470,,-4.29,-29.65,1.31,14.67,19.33,105,38.48,,,3895,3751,4474,4763,1.5,خروج مستمر پول حقیقی | P/E بالا (38) | 74٪ بالای MA200 | حد ضرر دور (7.2٪)
دسانکو,داروسازی سبحان انکولوژی,مواد و محصولات دارویی,54.1,خنثی,95,53,56.2,4,3500,20261006,0.6,-1.1,50.5,-3.4,2.1,9.8,64.6,59,5,0,false,26.4,3.44,above,-8.4,1.2,3370,3550,13,33.16,0.87,-9.9,14.88,97,36.08,8.86,307.3,3380,3310,3550,3820,0.26,P/E بالا (36) | توزیع: ورود حقیقی با سرانه خرید ضعیف (0.77 در ۲۰ روز) | 65٪ بالای MA200
لکما,کارخانجات‌مخابراتی‌ایران‌,ساخت دستگاه‌ها و وسایل ارتباطی,54.1,خنثی,100,50,46.5,10,1528,20261006,8.1,27.1,35.9,-18,13.3,30.5,31.2,94.2,8,0,true,50.5,2.19,above,-5.4,1.52,1500,1562,-0.41,-4.61,1.75,3.67,5.58,,,,,1500,1483,1562,1615,0.76,اشباع خرید | بدون EPS مثبت | سهم صفی: 8 روز از ۲۰ روز در صف (ریسک نقدشوندگی و اجرای حد ضرر) | رشد عمودی (36٪ در ۶۰ روز، 31٪ بالای MA50) | نقدشوندگی کمتر از ۱۰ میلیارد تومان
ولقمان,گروه سرمایه گذاری لقمان,سرمایه گذاریها,54.1,خنثی,100,50,71.5,25,4090,20261006,11.6,24.2,42.2,-11.8,11,27.2,65.7,93.8,5,0,true,69.3,1.76,above,-1.4,1.36,3760,,0.41,-1.23,2.76,0.59,0.31,243,16.83,,,4018,3946,4306,4450,1.5,نقدشوندگی پایین | اشباع خرید | خروج مستمر پول حقیقی | 66٪ بالای MA200 | نقدشوندگی کمتر از ۱۰ میلیارد تومان
شتران,پالایش نفت تهران,فراورده های نفتی، کک و سوخت هسته ای,54,خنثی,100,55,2,70,6530,20261003,3,14,40.1,-13.9,0.5,17.3,82.4,58.5,3,0,false,51.9,3.43,above,-10.1,0.86,6240,7260,-108.52,-960.31,0.76,-432.19,472.84,1249,5.23,6.26,-16.5,6306,6128,7260,7708,1.82,خروج مستمر پول حقیقی | 82٪ بالای MA200 | سرانه خرید ضعیف (0.76) | آخرین معامله 20261003 (متوقف یا کم‌معامله)
فسوژ,سوژمیران,فلزات اساسی,54,خنثی,100,70,24,16,29890,20261006,14.4,33.6,243.6,189.7,17.6,54.7,240.9,89,11,0,true,79.2,2.73,above,0,1.03,25920,,-25.67,-129.44,1.9,-369.36,127.36,2590,11.54,8.05,43.4,29075,28261,32334,33964,1.5,اشباع خرید | فاصله زیاد از MA20 | خروج مستمر پول حقیقی | سهم صفی: 11 روز از ۲۰ روز در صف (ریسک نقدشوندگی و اجرای حد ضرر) | رشد عمودی (244٪ در ۶۰ روز، 55٪ بالای MA50) | 241٪ بالای MA200
پتوسعه,س. و توسعه صنایع لاستیک,لاستیک و پلاستیک,54,خنثی,65,35,63,47,9270,20261006,-1.3,-8.5,25.9,-28,-1.8,4.8,,51.4,2,0,false,21.8,3.68,above,-11.5,0.64,9167,9580,0.74,-19.07,4.04,11.9,7.72,1012,9.16,9.84,-6.9,9167,8996,9580,9770,1.13,خروج مستمر پول حقیقی | نقدشوندگی کمتر از ۱۰ میلیارد تومان
وتعاون,بیمه تعاون,بیمه وصندوق بازنشستگی به جزتامین اجتماعی,54,خنثی,100,70,90,10,3148,20260930,15.8,49.8,65.2,11.3,27.3,40.9,58.2,88.5,8,0,true,47.9,2.55,above,-0.1,1.07,2561,,7.49,14.25,22.89,8.04,2.31,,,18.13,,3068,2987,3389,3550,1.5,نقدشوندگی پایین | اشباع خرید | فاصله زیاد از MA20 | بدون EPS مثبت | سهم صفی: 8 روز از ۲۰ روز در صف (ریسک نقدشوندگی و اجرای حد ضرر) | رشد عمودی (65٪ در ۶۰ روز، 41٪ بالای MA50) | 58٪ بالای MA200 | نقدشوندگی کمتر از ۱۰ میلیارد تومان | آخرین معامله 20260930 (متوقف یا کم‌معامله)
شملی,ملی شیمی کشاورز,محصولات شیمیایی,53.8,خنثی,100,70,23,16,12760,20261006,14.1,35.3,139.4,85.5,20.1,51.4,149.8,88.1,7,0,true,70,2.77,above,0,1.15,10530,,-28.49,-41.83,8.56,-23.69,27.15,1215,10.5,8.01,31.1,12406,12053,13821,14528,1.5,اشباع خرید | فاصله زیاد از MA20 | خروج مستمر پول حقیقی | سهم صفی: 7 روز از ۲۰ روز در صف (ریسک نقدشوندگی و اجرای حد ضرر) | رشد عمودی (139٪ در ۶۰ روز، 51٪ بالای MA50) | 150٪ بالای MA200
وفیروزه,گروه توسعه مالی فیروزه,سرمایه گذاریها,53.7,خنثی,88,80,36,9,5480,20261006,5.6,4.2,26.3,-27.7,4.7,9.2,,61.5,2,0,true,15.1,3.04,above,-3.5,0.8,5140,5680,-4.9,-84.65,12.15,47.63,16.34,451,12.15,7.13,70.4,5313,5064,5680,6013,0.48,واگرایی منفی RSI | خروج مستمر پول حقیقی | واگرایی منفی | حد ضرر دور (7.6٪)
خزر,فنرسازی‌زر,خودرو و ساخت قطعات,53.5,خنثی,65,65,31.8,52,2110,20261006,3.9,-10.5,57.2,3.3,-2.9,6.6,48.5,53.2,2,0,false,26.1,3.6,above,-16.8,0.89,1964,2537,0.29,-12.78,1.01,-4.35,12.66,394,5.36,,,2034,1926,2537,2689,2.32,خروج مستمر پول حقیقی | حد ضرر دور (8.7٪)
کیسون,شرکت کیسون,خدمات فنی و مهندسی,53.4,خنثی,65,30,75.7,36,1788,20261006,1.3,-5.1,21.6,-32.4,-3.7,3,10.8,48.9,2,0,false,17.3,3.69,above,-36.3,0.99,1755,1806,16.62,31.27,1.11,6.55,29.69,166,10.77,2.41,346.9,1755,1722,1806,1836,0.28,
بتیس,بیمه زندگی ایساتیس,بیمه وصندوق بازنشستگی به جزتامین اجتماعی,53.4,خنثی,85,40,37.5,42,3400,20261006,-2.6,-4,93.7,39.8,-4.6,4.5,,49,1,0,false,38,3.64,above,-11.7,0.64,3170,3445,-2.56,-10.46,1.7,2.77,4.15,385,8.83,,,3276,3108,3445,3510,0.15,خروج مستمر پول حقیقی | حد ضرر دور (8.6٪) | نقدشوندگی کمتر از ۱۰ میلیارد تومان
فصبا,صبا فولاد خلیج فارس,فلزات اساسی,53.1,خنثی,100,63,38,4,4330,20261006,1.2,28.9,53.1,-0.9,9,29.5,59.3,71.6,9,0,true,40.6,3.09,above,-1.6,1.04,4070,4400,-30.81,0.91,74.58,-0.68,29.82,178,24.33,8.05,202.2,4196,4003,4400,4668,0.21,واگرایی منفی RSI | سهم صفی: 9 روز از ۲۰ روز در صف (ریسک نقدشوندگی و اجرای حد ضرر) | 59٪ بالای MA200 | واگرایی منفی | حد ضرر دور (7.5٪)
فخوز,فولاد  خوزستان,فلزات اساسی,53,خنثی,100,50,22,30,3200,20261006,-0.2,24.9,55.7,1.7,6.5,32.3,89.7,70.2,10,1,false,42.4,3.24,above,-3.1,0.78,3140,3302,-632.93,-474.82,1.79,-694.68,429.51,222,14.41,13.48,6.9,3140,3088,3302,3509,0.91,واگرایی منفی RSI | خروج مستمر پول حقیقی | سهم صفی: 10 روز از ۲۰ روز در صف (ریسک نقدشوندگی و اجرای حد ضرر) | رشد عمودی (56٪ در ۶۰ روز، 32٪ بالای MA50) | 90٪ بالای MA200 | واگرایی منفی | صف فروش در ۵ روز اخیر
غبهنوش,بهنوش‌ ایران‌,محصولات غذایی و آشامیدنی به جز قند و شکر,53,خنثی,100,65,36,4,97570,20261006,12.5,31.4,26.6,-27.3,19.1,21.2,35.6,77.1,3,0,true,29.6,2.97,above,-5.2,0.79,90023,100805,-15.82,-36.9,3.34,5.18,16.78,1714,56.93,8.53,567.4,94672,90325,100805,102950,0.45,فاصله زیاد از MA20 | خروج مستمر پول حقیقی | P/E بالا (57) | حد ضرر دور (7.4٪)
کماسه,تامین‌ ماسه‌ ریخته‌گری‌,استخراج سایر معادن,53,خنثی,100,60,39,25,5730,20260930,4.8,26.5,122.7,68.8,5.7,38.4,101.6,71.1,9,1,false,67.3,3.17,above,-5.9,1.46,5170,6090,-2.04,6.74,1.28,-3.85,41.17,209,27.42,26.17,4.8,5548,5367,6090,6453,0.99,سهم صفی: 9 روز از ۲۰ روز در صف (ریسک نقدشوندگی و اجرای حد ضرر) | رشد عمودی (123٪ در ۶۰ روز، 38٪ بالای MA50) | 102٪ بالای MA200 | صف فروش در ۵ روز اخیر | آخرین معامله 20260930 (متوقف یا کم‌معامله)
ساروج,بین المللی ساروج بوشهر,سیمان، آهک و گچ,52.9,خنثی,64,45,20.9,78,58090,20261006,-0.7,-0.2,-1,-54.9,-0.6,1.7,9.9,51.8,0,0,false,12.8,3.2,inside,-16.8,1.11,55712,59320,-0.27,1.05,0.93,-4.65,4.8,11890,4.89,6.69,-27,56233,54784,59320,61211,0.37,بدون روند (ADX پایین) | توزیع: ورود حقیقی با سرانه خرید ضعیف (0.77 در ۲۰ روز) | نقدشوندگی کمتر از ۱۰ میلیارد تومان
شلیا,شرکت مواد ویژه لیا,سایر محصولات کانی غیرفلزی,52.9,خنثی,100,70,15.5,20,26310,20261006,10.6,39.1,134.8,80.9,15.9,49.5,157.4,88.4,3,0,true,78.6,3.22,above,-0.1,1.23,24594,,0,0,1.02,-0.29,3.23,1094,24.05,,,25462,24190,28854,30549,1.2,اشباع خرید | فاصله زیاد از MA20 | رشد عمودی (135٪ در ۶۰ روز، 50٪ بالای MA50) | 157٪ بالای MA200 | حد ضرر دور (8.1٪) | نقدشوندگی کمتر از ۱۰ میلیارد تومان
کزغال,زغال سنگ پروده طبس,استخراج زغال سنگ,52.9,خنثی,95,70,37.5,4,6160,20261006,6.9,-5.7,23.7,-30.2,5.3,14.3,45.6,64.7,7,0,true,21.6,3.48,above,-6.4,0.96,5462,6580,-10.75,-38.83,6.75,35.93,23.02,154,40,15.48,158.4,5945,5731,6580,7009,0.98,خروج مستمر پول حقیقی | سهم صفی: 7 روز از ۲۰ روز در صف (ریسک نقدشوندگی و اجرای حد ضرر) | P/E بالا (40) | 158٪ بالای کف ۵۲ هفته
ثنام,س ساختمانی ب نام آوران مهندسی,انبوه سازی، املاک و مستغلات,52.9,خنثی,100,60,73.5,10,2422,20261006,3.8,19.7,61.7,7.8,10.1,27.8,71.7,81.6,3,0,true,61.4,3.8,above,-0.3,1.25,2253,,3.52,-7.65,2.98,7.81,2.71,,,,,2330,2207,2698,2882,1.28,نقدشوندگی پایین | اشباع خرید | خروج مستمر پول حقیقی | بدون EPS مثبت | 72٪ بالای MA200 | حد ضرر دور (8.9٪) | نقدشوندگی کمتر از ۱۰ میلیارد تومان
غنوش,نوش‌ مازندران‌,محصولات غذایی و آشامیدنی به جز قند و شکر,52.8,خنثی,88,80,37.5,4,19550,20261006,13.3,10,0.1,-53.9,7.2,14.1,52.1,64.7,5,0,true,19.2,3.08,above,-2.8,0.57,18050,20120,-29.19,-181.54,1.91,19.71,64.98,487,40.14,8.53,370.6,18948,18045,20120,21324,0.38,خروج مستمر پول حقیقی | P/E بالا (40) | 52٪ بالای MA200 | حد ضرر دور (7.7٪)
ومهان,گروه توسعه مالی مهرآیندگان,سرمایه گذاریها,52.8,خنثی,95,75,21,16,5800,20261006,2.5,1.4,55.6,1.6,0.5,12.7,52.2,57.1,6,0,false,32.7,3.2,above,-8.5,0.88,5500,5913,-39.57,-330.08,2.49,-29.88,69.56,532,10.9,7.13,52.9,5615,5407,5913,6340,0.29,واگرایی منفی RSI | خروج مستمر پول حقیقی | سهم صفی: 6 روز از ۲۰ روز در صف (ریسک نقدشوندگی و اجرای حد ضرر) | 52٪ بالای MA200 | واگرایی منفی | شناوری کم (10٪)
سبهان,سیمان‌ بهبهان‌,سیمان، آهک و گچ,52.7,خنثی,64,45,28,70,5880,20261006,-2.3,-11,7.1,-46.8,-1.6,3.1,34.4,50.9,1,0,false,16.8,3.49,inside,-24,1.58,5770,6130,5.85,-2.8,0.76,-22.85,11.9,989,5.95,7.14,-16.7,5770,5667,6130,6700,1.18,سرانه خرید ضعیف (0.76)
قلرست,قند لرستان‌,قند و شکر,52.6,خنثی,65,38,55,47,27670,20261006,-1.6,-6.6,44.4,-9.6,-6.4,7.3,85.8,48.4,5,1,false,31.6,3.45,above,-15.5,0.77,26418,32756,16.7,-7.96,1.26,6.94,9.95,3057,9.05,9.8,-7.6,26716,25941,32756,34664,2.94,86٪ بالای MA200 | نقدشوندگی کمتر از ۱۰ میلیارد تومان | صف فروش در ۵ روز اخیر
وتوسم,سرمایه‌گذاری‌توسعه‌ملی‌,سرمایه گذاریها,52.3,خنثی,90,65,2,47,4340,20261006,-4.2,0.7,81.6,27.7,-2.3,18.7,73.2,57.3,0,0,false,52,3.28,above,-8.4,0.51,4145,4402,-2.08,-94.22,0.52,-16.87,13.82,591,7.34,7.13,3,4198,4074,4402,4650,0.23,خروج مستمر پول حقیقی | 73٪ بالای MA200 | سرانه خرید ضعیف (0.52) | شناوری کم (12٪)
گنگین,گروه اقتصادی مالی نگین,شرکتهای چند رشته ای صنعتی,52.2,خنثی,80,53,78.5,32,17400,20261006,-2.9,8.1,48.7,-5.2,0.5,14.3,65,62.4,1,0,false,43.1,2.84,above,-5.8,1.54,16570,17760,3.6,0.27,2.38,2.79,2.08,1700,10.24,,,16905,16323,17760,18750,0.33,نقدشوندگی پایین | 65٪ بالای MA200 | نقدشوندگی کمتر از ۱۰ میلیارد تومان
اوان,مبین وان کیش,اطلاعات و ارتباطات,52.2,خنثی,95,45,54.7,4,14850,20261006,3.3,-4.7,42.5,-11.4,2.5,13.3,81.7,59.6,0,0,false,26.8,3.64,above,-9.8,0.85,13640,16460,0.44,-7.6,1.33,2.96,7.9,8,1856.25,11.65,15833.5,14310,13500,16460,17540,1.19,P/E بالا (1856) | 82٪ بالای MA200 | حد ضرر دور (9.1٪) | نقدشوندگی کمتر از ۱۰ میلیارد تومان
دجابر,داروسازی‌ جابرابن‌حیان‌,مواد و محصولات دارویی,52.2,خنثی,100,70,23.6,9,60780,20261006,13.1,28.5,262.2,208.3,22.2,45.6,226.9,86.3,10,0,true,68,2.9,above,0,1.14,49510,,-9.74,-46.58,1.58,-57.83,34.67,3483,17.45,12.91,35.2,59018,57255,66067,69592,1.5,اشباع خرید | فاصله زیاد از MA20 | خروج مستمر پول حقیقی | سهم صفی: 10 روز از ۲۰ روز در صف (ریسک نقدشوندگی و اجرای حد ضرر) | رشد عمودی (262٪ در ۶۰ روز، 46٪ بالای MA50) | 227٪ بالای MA200 | واگرایی مثبت RSI
پدرخش,درخشان‌ تهران‌,لاستیک و پلاستیک,52.1,خنثی,85,55,36.5,26,6390,20261006,4.2,2.6,30.7,-23.2,-1.7,10.8,53.8,56.2,4,0,false,26.1,3.5,above,-13.5,0.9,6040,7390,-2.37,3.92,3.62,-0.84,11.32,534,11.97,8.21,45.8,6166,5928,7390,7837,2.17,توزیع: ورود حقیقی با سرانه خرید ضعیف (0.83 در ۲۰ روز) | 54٪ بالای MA200 | حد ضرر دور (7.2٪)
شمواد,تولید مواداولیه الیاف مصنوعی,محصولات شیمیایی,52.1,خنثی,100,70,20.5,32,14600,20260930,11.9,26.6,91.3,37.4,15.8,37.8,183.1,82.8,7,0,true,57,3.19,above,-2.3,0.83,13370,,-23.92,-140.4,1.99,-23.77,26.15,1509,9.68,,,14135,13436,15996,16927,1.2,اشباع خرید | فاصله زیاد از MA20 | خروج مستمر پول حقیقی | سهم صفی: 7 روز از ۲۰ روز در صف (ریسک نقدشوندگی و اجرای حد ضرر) | رشد عمودی (91٪ در ۶۰ روز، 38٪ بالای MA50) | 183٪ بالای MA200 | حد ضرر دور (8.0٪) | آخرین معامله 20260930 (متوقف یا کم‌معامله)
کازرو,پتروشیمی کازرون,محصولات شیمیایی,52,خنثی,100,70,62,10,15990,20261006,12.1,48.4,108.9,55,24,51.1,93,98.7,20,0,true,84.9,2.3,above,0,0.45,15745,,-0.29,10.64,4.51,1.78,1.2,,,,,15745,15562,17091,17825,2.57,نقدشوندگی پایین | اشباع خرید | فاصله زیاد از MA20 | بدون EPS مثبت | سهم صفی: 20 روز از ۲۰ روز در صف (ریسک نقدشوندگی و اجرای حد ضرر) | رشد عمودی (109٪ در ۶۰ روز، 51٪ بالای MA50) | 93٪ بالای MA200 | نقدشوندگی کمتر از ۱۰ میلیارد تومان
وهنر,گروه توسعه هنر ایران,فعالیت های هنری، سرگرمی و خلاقانه,52,خنثی,75,88,37.5,10,5000,20261006,8,6.8,48.8,-5.1,7.6,19.5,-18.3,69.4,0,0,true,28.9,3.49,above,-49.6,0.62,4850,7220,-1.16,-14.07,1.64,3.29,4.41,,,,,4850,4763,7220,7435,9.36,واگرایی منفی RSI | خروج مستمر پول حقیقی | بدون EPS مثبت | واگرایی منفی | نقدشوندگی کمتر از ۱۰ میلیارد تومان
خمحرکه,نیرو محرکه‌,خودرو و ساخت قطعات,51.9,خنثی,95,55,29.7,20,6240,20261006,4.3,3.7,28.1,-25.8,1.5,12.4,42.1,57.8,2,0,false,25,3.47,above,-7.4,0.99,5700,6380,-0.83,-0.49,1.35,5.33,13.4,130,48,,,6023,5698,6380,6740,0.26,واگرایی منفی RSI | P/E بالا (48) | واگرایی منفی | حد ضرر دور (8.7٪)
ستران,سیمان‌ تهران‌,سیمان، آهک و گچ,51.8,خنثی,95,80,5.2,24,15680,20261006,7.6,0.4,28.3,-25.6,8,18.1,63.4,68.5,3,0,true,29.4,3.52,above,-2.4,0.99,13141,16070,-81.26,-110.67,0.95,-32.31,39.32,1902,8.24,7.14,15.5,15128,14575,16070,17175,0.35,خروج مستمر پول حقیقی | 63٪ بالای MA200 | حد ضرر دور (7.0٪)
قصفها,قنداصفهان‌,قند و شکر,51.8,خنثی,85,35,17,60,2320,20261006,-4.4,-3,41.8,-12.2,-1.7,7.5,59.9,53.4,3,0,false,28.2,3.4,above,-11,1.03,2263,2440,-1.96,12.63,0.75,-18.05,13.3,264,8.79,9.8,-10.3,2263,2224,2440,2607,1.24,توزیع: ورود حقیقی با سرانه خرید ضعیف (0.65 در ۲۰ روز) | 60٪ بالای MA200 | سرانه خرید ضعیف (0.75)
فبیرا,بسته‌ بندی‌ ایران‌,ساخت محصولات فلزی,51.8,خنثی,85,75,50,35,2420,20261006,5.8,3.4,80.1,26.1,-1.1,8.4,74.2,54.5,9,0,false,36.2,3.54,above,-13.1,1.14,2213,2711,0,0.07,2.38,5.64,2.12,155,15.61,,,2334,2206,2711,2786,1.36,نقدشوندگی پایین | واگرایی منفی RSI | سهم صفی: 9 روز از ۲۰ روز در صف (ریسک نقدشوندگی و اجرای حد ضرر) | 74٪ بالای MA200 | واگرایی منفی | حد ضرر دور (8.8٪) | نقدشوندگی کمتر از ۱۰ میلیارد تومان
امین,تامین سرمایه امین,فعالیتهای کمکی به نهادهای مالی واسط,51.8,خنثی,100,55,36,47,2877,20261006,3.1,12.3,32.3,-21.6,4.3,12.3,36.2,66.9,0,0,false,28.2,2.8,above,-0.3,0.98,2779,,-2.98,-10.84,9.42,4.61,1.93,469,6.13,5.92,3.6,2796,2739,3119,3280,1.75,نقدشوندگی پایین | واگرایی منفی RSI | خروج مستمر پول حقیقی | واگرایی منفی | نقدشوندگی کمتر از ۱۰ میلیارد تومان | شناوری کم (10٪)
بموتو,موتوژن‌,ماشین آلات و دستگاه‌های برقی,51.7,خنثی,95,73,0.5,34,3820,20261006,11.4,1.1,50.9,-3,10.6,20.5,69,72.8,1,0,true,39.1,3.41,above,-1.8,1.05,3150,3890,-25.5,-4.95,0.74,-12.61,11.23,484,7.89,6.15,28.3,3690,3559,3890,4151,0.27,69٪ بالای MA200 | سرانه خرید ضعیف (0.74) | شناوری کم (14٪)
ولانا,شرکت لیزینگ آریا دانا,سایر واسطه گریهای مالی,51.6,خنثی,90,53,46,10,4940,20261006,-2,9.3,53.6,-0.3,-1.3,12.2,22.7,53.6,5,0,false,43.2,3.62,above,-13.5,0.6,4801,5710,0.03,-0.21,1,0.39,3.88,,,,,4801,4711,5710,6068,3.37,بدون EPS مثبت | نقدشوندگی کمتر از ۱۰ میلیارد تومان
ودانا,سرمایه گذاری دانایان,سرمایه گذاریها,51.5,خنثی,100,63,33.7,42,5710,20261006,7.3,16.9,49.2,-4.7,5.1,20.6,28.6,68.6,6,0,false,49.7,3.22,above,-13.1,0.7,5595,5923,0,0,1.55,0.48,1.83,487,11.72,,,5595,5503,5923,6051,1.03,نقدشوندگی پایین | سهم صفی: 6 روز از ۲۰ روز در صف (ریسک نقدشوندگی و اجرای حد ضرر) | نقدشوندگی کمتر از ۱۰ میلیارد تومان
وآذر,سرمایه‌گذاری‌توسعه‌آذربایجان‌,انبوه سازی، املاک و مستغلات,51.5,خنثی,100,53,33.6,10,7660,20261006,0.3,2.4,50.2,-3.7,5.7,18.6,60.2,65.3,1,0,false,24.1,3.62,above,-2.4,0.84,6570,7850,-5.01,-17.93,1.47,7.46,12.86,,,6.61,,7383,7106,7850,8404,0.34,واگرایی منفی RSI | خروج مستمر پول حقیقی | بدون EPS مثبت | 60٪ بالای MA200 | واگرایی منفی | حد ضرر دور (7.2٪)
پرداخت,به پرداخت ملت,رایانه و فعالیت‌های وابسته به آن,51.5,خنثی,65,30,51,53,6760,20261006,-1.5,-14,27.8,-26.1,-5.2,1.8,18.8,47.3,6,0,false,23.5,3.64,above,-16.4,0.73,6670,7100,0.1,6.65,1.18,-3.54,7.09,481,14.05,18.19,-22.7,6670,6547,7100,7490,1.6,سهم صفی: 6 روز از ۲۰ روز در صف (ریسک نقدشوندگی و اجرای حد ضرر) | توزیع: ورود حقیقی با سرانه خرید ضعیف (0.70 در ۲۰ روز) | نقدشوندگی کمتر از ۱۰ میلیارد تومان | شناوری کم (5٪)
شصدف,صنعتی دوده فام,محصولات شیمیایی,51.4,خنثی,85,40,1.5,70,17090,20261006,-6.3,-2.6,60.8,6.8,-4.4,5,41.1,47.8,2,0,false,38.7,3.75,above,-13.4,1.13,16300,18400,-29.73,-57.42,0.67,-45.17,29.67,2572,6.64,8.01,-17,16449,15979,18400,18860,1.18,خروج مستمر پول حقیقی | سرانه خرید ضعیف (0.67)
وامید,گروه مدیریت سرمایه گذاری امید,شرکتهای چند رشته ای صنعتی,51.4,خنثی,90,45,1.5,60,5820,20261006,-4.7,0.5,2.8,-51.1,-1,7.5,21.8,52.1,0,0,false,26.9,2.71,above,-10.4,0.88,5644,6105,-40.29,-242.4,0.52,-52.09,41.25,638,9.12,10.88,-16.2,5662,5565,6105,6220,1.12,واگرایی منفی RSI | خروج مستمر پول حقیقی | سرانه خرید ضعیف (0.52) | واگرایی منفی | شناوری کم (6٪)
غپونه,نوش پونه مشهد,محصولات غذایی و آشامیدنی به جز قند و شکر,51.3,خنثی,83,35,20.5,57,8770,20261006,-0.5,-1.5,5.9,-48.1,0.1,2.1,70.3,52.2,4,0,false,15.9,3.54,above,-11.2,0.7,8481,9110,-2.41,-9.11,1.8,-1.64,13.18,1310,6.69,7.05,-5,8481,8326,9110,9290,0.77,70٪ بالای MA200
ساروم,سیمان‌ارومیه‌,سیمان، آهک و گچ,51.1,خنثی,100,45,1.5,47,234100,20261006,-1,8.5,35.9,-18.1,3.3,10.8,65.8,59.8,0,0,false,29.7,3.36,above,-3.8,0.93,225900,237300,-73.11,-122.93,0.53,-84.48,36.45,34336,6.82,7.14,-4.5,226244,221972,237300,243400,0.26,خروج مستمر پول حقیقی | 66٪ بالای MA200 | سرانه خرید ضعیف (0.53)
ثنظام,س. ساختمانی نظام مهندسی ایران,انبوه سازی، املاک و مستغلات,51.1,خنثی,85,70,96.5,10,79550,20261005,13.1,-1,12.2,-41.7,8.1,3.7,33.9,63.8,5,0,true,26.2,3.28,above,-4.7,1.85,78250,82863,1.15,1.52,2.11,3.86,0.87,,,,,78250,76947,82863,88076,1.27,نقدشوندگی پایین | بدون EPS مثبت | نقدشوندگی کمتر از ۱۰ میلیارد تومان | آخرین معامله 20261005 (متوقف یا کم‌معامله)
کشرق,صنعتی و معدنی شمال شرق شاهرود,استخراج زغال سنگ,51,خنثی,76,90,70.9,10,141200,20261006,13.6,-1.3,54.3,0.3,5.5,0.5,40.3,57.9,3,0,true,22.3,3.5,inside,-16.4,0.79,135442,146729,0.3,0.02,1.34,1.1,1.38,,,15.48,,136251,132968,146729,149373,0.67,نقدشوندگی پایین | بدون EPS مثبت | توزیع: ورود حقیقی با سرانه خرید ضعیف (0.73 در ۲۰ روز) | نقدشوندگی کمتر از ۱۰ میلیارد تومان
لازما,کارخانه های صنعتی آزمایش,ماشین آلات و تجهیزات,50.8,خنثی,100,70,7.3,20,227100,20261006,13.8,36.1,201,147.1,14.1,50.4,160.7,84.6,11,0,true,71.7,2.92,above,-1.2,0.74,214400,,-6.66,-49.72,1.07,-0.83,10.27,4652,48.82,,,220471,211085,246988,260246,1.24,اشباع خرید | خروج مستمر پول حقیقی | سهم صفی: 11 روز از ۲۰ روز در صف (ریسک نقدشوندگی و اجرای حد ضرر) | رشد عمودی (201٪ در ۶۰ روز، 50٪ بالای MA50) | P/E بالا (49) | 161٪ بالای MA200 | حد ضرر دور (7.1٪)
وبملت,بانک ملت,بانکها و موسسات اعتباری,50.7,خنثی,65,45,8.8,80,1490,20261006,0.3,-3.1,19.3,-34.7,-0.8,5.9,40.3,52.8,2,0,false,14.6,3.21,above,-8.1,0.91,1445,1529,-423.5,-2112.5,1.09,-580.27,1124.46,454,3.28,5.4,-39.2,1445,1421,1529,1611,0.57,خروج مستمر پول حقیقی | بدون روند (ADX پایین)
پسهند,صنایع‌ لاستیکی‌  سهند,لاستیک و پلاستیک,50.6,خنثی,100,45,27.4,19,23980,20261006,3.1,3.1,38.5,-15.5,3.2,11.3,26.2,58.6,1,0,false,26.8,3.43,above,-10.6,0.58,23330,24580,-7.61,6.54,0.85,-4.83,6.23,1468,16.34,8.21,99,23330,22919,24580,27815,0.57,توزیع: ورود حقیقی با سرانه خرید ضعیف (0.88 در ۲۰ روز) | نقدشوندگی کمتر از ۱۰ میلیارد تومان
قرن,پدیده شیمی قرن,محصولات شیمیایی,50.5,خنثی,100,53,2.8,37,24850,20261006,-2.5,10.2,46.5,-7.4,1.6,9.9,89.1,56.8,5,0,false,33,3.23,above,-6.9,1.29,23330,26250,-2.4,-55.81,0.83,-12.24,19.92,2371,10.48,9.63,8.8,24047,22929,26250,26690,0.73,خروج مستمر پول حقیقی | 89٪ بالای MA200 | حد ضرر دور (7.7٪)
سپیدار,سپیدار سیستم آسیا,رایانه و فعالیت‌های وابسته به آن,50.5,خنثی,100,45,37,9,10500,20261006,0.7,9.5,28.5,-25.4,4,13.6,48.8,62,2,0,false,31,2.99,above,-2.2,0.69,9397,10675,-4.81,-9.05,4.39,11.67,7.05,830,12.65,8.89,42.3,10186,9873,10675,11302,0.28,خروج مستمر پول حقیقی | نقدشوندگی کمتر از ۱۰ میلیارد تومان
خزامیا,زامیاد,خودرو و ساخت قطعات,50.4,خنثی,100,65,9.5,20,1734,20261006,-0.3,3.4,63.3,9.4,1.4,14,43.3,58,1,0,false,38.3,3.37,above,-3.2,0.82,1630,1775,-11.26,-31.29,1.08,-36.42,143.23,85,20.4,,,1675,1601,1775,1892,0.31,واگرایی منفی RSI | واگرایی منفی | حد ضرر دور (7.7٪)
خبازرس,بازرسی مهندسی و صنعتی ایران,فعالیت مهندسی، تجزیه، تحلیل و آزمایش فنی,50.3,خنثی,95,75,35,32,31750,20261006,13.1,5.8,81.6,27.7,5.4,16.6,86.7,64.4,2,0,false,33.6,3.67,above,-6.9,1.07,30064,34102,-1.58,-3.22,1.68,0.7,0.98,2944,10.78,,,30586,29482,34102,36430,1.04,نقدشوندگی پایین | خروج مستمر پول حقیقی | 87٪ بالای MA200 | حد ضرر دور (7.1٪) | نقدشوندگی کمتر از ۱۰ میلیارد تومان
شوینده,مدیریت صنعت شوینده ت.ص.بهشهر,محصولات شیمیایی,50.1,خنثی,100,85,8.6,4,49020,20261006,12.3,19.4,74.5,20.6,10.4,18.6,76.1,71.4,6,0,true,31.2,3.06,above,0,1.19,48510,,-42.02,-41.87,1.06,-25.14,14.18,1772,27.66,9.63,187.3,48510,47760,53520,56519,3.57,خروج مستمر پول حقیقی | سهم صفی: 6 روز از ۲۰ روز در صف (ریسک نقدشوندگی و اجرای حد ضرر) | 76٪ بالای MA200
جوین,کشت و صنعت جوین,زراعت و خدمات وابسته,50.1,خنثی,100,53,6.1,32,6800,20261006,-4.6,4.6,53.8,-0.1,1.1,12.3,64.7,58.7,4,0,false,38.3,3.37,above,-7.4,1.11,6420,6935,-5.07,-14.72,0.92,-1.57,14.6,765,8.89,,,6571,6305,6935,7340,0.27,خروج مستمر پول حقیقی | 65٪ بالای MA200 | حد ضرر دور (7.3٪)
تکمبا,کمباین‌ سازی‌ ایران‌,ماشین آلات و تجهیزات,50.1,خنثی,85,55,28.3,26,8620,20261006,2.4,3.2,32.1,-21.8,-1.4,8.3,35.7,54.4,4,0,false,36.7,3.66,above,-12.8,0.74,8320,8850,-1.01,-1.31,1.27,1.5,5.06,809,10.66,5.15,106.9,8320,8162,8850,9890,0.5,نقدشوندگی کمتر از ۱۰ میلیارد تومان
سپاها,سیمان‌سپاهان‌,سیمان، آهک و گچ,50.1,خنثی,100,60,8.3,24,21580,20261006,2.2,-0.3,29.1,-24.8,4.5,10.2,56.2,59.4,3,0,true,21.3,3.28,above,-4.1,0.95,20450,22450,-18.01,-6.42,1.03,-5.41,24.2,2433,8.87,7.14,24.2,20872,20096,22450,23867,0.59,56٪ بالای MA200
حگهر,حمل و نقل گهرترابر سیرجان,حمل ونقل، انبارداری و ارتباطات,50.1,خنثی,50,40,41.2,67,2924,20261006,1,0.9,15.3,-38.6,-2.1,-1.2,10.6,49.3,6,0,false,22.6,3.28,above,-28.9,0.64,2850,2970,-2.69,10.4,1.37,-1.75,6.22,397,7.37,7.68,-4.1,2850,2802,2970,3120,0.38,سهم صفی: 6 روز از ۲۰ روز در صف (ریسک نقدشوندگی و اجرای حد ضرر) | توزیع: ورود حقیقی با سرانه خرید ضعیف (0.85 در ۲۰ روز) | نقدشوندگی کمتر از ۱۰ میلیارد تومان
بمولد,مولد نیروگاهی تجارت فارس,عرضه برق، گاز، بخاروآب گرم,50.1,خنثی,56,45,63,34,8780,20261006,-1.6,-11.9,31,-22.9,-1,1.6,46.8,50.2,2,0,false,23,3.51,inside,-13.8,1,8090,8950,3.45,-0.29,4.57,13.83,7.12,778,11.29,10.04,12.4,8472,8010,8950,9160,0.22,حد ضرر دور (8.8٪) | نقدشوندگی کمتر از ۱۰ میلیارد تومان
تملت,تامین سرمایه بانک ملت,فعالیتهای کمکی به نهادهای مالی واسط,50,خنثی,100,45,36,68,2185,20261005,-0.5,5.3,26.8,-27.1,0.6,10.8,48,60.5,0,0,false,40.6,2.84,above,-5.1,0.88,2055,2302,-2.38,-11.25,2.14,2.97,1.79,517,4.23,5.92,-28.6,2123,2030,2302,2426,0.75,نقدشوندگی پایین | واگرایی منفی RSI | خروج مستمر پول حقیقی | واگرایی منفی | حد ضرر دور (7.1٪) | نقدشوندگی کمتر از ۱۰ میلیارد تومان | شناوری کم (4٪) | آخرین معامله 20261005 (متوقف یا کم‌معامله)
حسینا,توسعه خدمات دریایی وبندری سینا,حمل ونقل، انبارداری و ارتباطات,49.9,خنثی,90,45,31.6,24,18700,20261006,-5.1,2.4,3.7,-50.2,-1.2,11.3,36.7,53.5,5,2,false,38.4,3.66,above,-9,0.83,17430,20400,9.89,-36.87,0.96,-12.52,27.12,2130,8.78,7.68,14.3,18015,17087,20400,21770,1.05,واگرایی منفی RSI | خروج مستمر پول حقیقی | واگرایی منفی | حد ضرر دور (8.6٪) | صف فروش در ۵ روز اخیر
سقاین,سیمان‌ قائن‌,سیمان، آهک و گچ,49.9,خنثی,100,65,3.5,24,35360,20261006,2,14.1,111.2,57.3,6.1,25.9,143.9,67.1,4,0,false,46,3.08,above,-2,1.08,25695,35900,-20.43,-39.21,0.76,-39.23,19.76,3814,9.27,7.14,29.8,34270,33180,35900,38080,0.25,خروج مستمر پول حقیقی | رشد عمودی (111٪ در ۶۰ روز، 26٪ بالای MA50) | 144٪ بالای MA200 | سرانه خرید ضعیف (0.76) | شناوری کم (12٪)
شسینا,صنایع‌شیمیایی‌سینا,محصولات شیمیایی,49.9,خنثی,85,45,1.5,60,4220,20261006,-1.4,4.2,31.8,-22.1,-1.3,10.7,49.7,54.7,2,0,false,36.6,3.29,above,-11.2,1.33,4030,4500,-6.37,-9.14,0.67,-14.31,6.54,523,8.07,9.63,-16.2,4081,3961,4500,4750,1.08,خروج مستمر پول حقیقی | 162٪ بالای کف ۵۲ هفته | سرانه خرید ضعیف (0.67) | نقدشوندگی کمتر از ۱۰ میلیارد تومان
شگویا,پتروشیمی تندگویان,محصولات شیمیایی,49.8,خنثی,100,60,22,9,14390,20261006,5,43.3,56.8,2.8,15.1,44.8,95.4,82.8,11,0,true,45,2.85,above,-0.5,0.93,11270,,-161.44,-209.52,3.19,-71.24,107.6,1099,13.09,8.01,63.5,13980,13569,15621,16442,1.5,اشباع خرید | فاصله زیاد از MA20 | خروج مستمر پول حقیقی | سهم صفی: 11 روز از ۲۰ روز در صف (ریسک نقدشوندگی و اجرای حد ضرر) | رشد عمودی (57٪ در ۶۰ روز، 45٪ بالای MA50) | 95٪ بالای MA200
وملی,گروه‌ صنعتی‌ ملی‌ (هلدینگ‌,دباغی، پرداخت چرم و ساخت انواع پاپوش,49.7,خنثی,85,55,18,35,281800,20261006,0.9,6.3,33.7,-20.2,-1,11.5,34.3,56.2,3,0,false,28.9,3.4,above,-11.9,0.89,265350,287600,-3.36,1.09,0.84,-12.85,15.58,3197,88.15,87.3,1,272205,260553,287600,319700,0.27,P/E بالا (88) | توزیع: ورود حقیقی با سرانه خرید ضعیف (0.79 در ۲۰ روز) | حد ضرر دور (7.5٪)
کپشیر,پشم‌شیشه‌ایران‌,سایر محصولات کانی غیرفلزی,49.7,خنثی,100,60,46.9,4,32650,20261005,7.5,31.4,184.1,130.2,13.1,44.6,158.5,80.7,7,0,true,71.4,3.03,above,-1.3,1.3,29450,,-39.49,33.52,1.52,-151.32,38.94,1532,21.31,12.75,67.2,31660,30670,35620,37600,1.5,اشباع خرید | سهم صفی: 7 روز از ۲۰ روز در صف (ریسک نقدشوندگی و اجرای حد ضرر) | رشد عمودی (184٪ در ۶۰ روز، 45٪ بالای MA50) | توزیع: ورود حقیقی با سرانه خرید ضعیف (0.59 در ۲۰ روز) | 158٪ بالای MA200 | آخرین معامله 20261005 (متوقف یا کم‌معامله)
چنوپا,نیوپان‌ 22 بهمن‌,محصولات چوبی,49.6,خنثی,63,55,38.8,40,16530,20261006,3.5,5.6,7.5,-46.4,2,6.1,-15.4,54.3,3,0,false,19,3.42,above,-50.3,0.96,16250,16879,0,9.73,1.13,5.01,12.16,620,26.66,,,16250,15967,16879,17439,0.62,توزیع: ورود حقیقی با سرانه خرید ضعیف (0.84 در ۲۰ روز)
غپآذر,شیر پگاه آذربایجان شرقی,محصولات غذایی و آشامیدنی به جز قند و شکر,49.5,خنثی,100,70,6,16,34040,20261006,9.3,30.8,143.8,89.9,17,44.7,143.6,84.9,5,0,true,60.9,3.27,above,0,1.01,26280,,-17.58,-33.62,0.92,-27.24,20.66,3220,10.57,7.05,49.9,32928,31817,37375,39599,1.5,اشباع خرید | فاصله زیاد از MA20 | خروج مستمر پول حقیقی | رشد عمودی (144٪ در ۶۰ روز، 45٪ بالای MA50) | 144٪ بالای MA200
گکوثر,هتل پارسیان کوثر اصفهان,هتل و رستوران,49.3,خنثی,100,70,37.1,4,6820,20261004,14.2,59.3,101.8,47.9,26.8,65.7,132.7,96,5,0,true,83.2,2.32,above,0,0.83,4660,,0.69,-0.34,1.16,-2.62,14.29,257,26.54,4.69,465.8,6662,6503,7295,7612,1.5,اشباع خرید | فاصله زیاد از MA20 | رشد عمودی (102٪ در ۶۰ روز، 66٪ بالای MA50) | 133٪ بالای MA200 | آخرین معامله 20261004 (متوقف یا کم‌معامله)
ما,بیمه  ما,بیمه وصندوق بازنشستگی به جزتامین اجتماعی,49.2,خنثی,85,63,10.3,34,3850,20261006,0.5,2.7,44.7,-9.2,-0.1,10.8,51.4,56.7,4,0,false,35.7,3.14,above,-6.8,0.9,3760,3930,-2.79,-14.29,1.15,-4.34,4.37,755,5.1,4.59,11.1,3760,3700,3930,4130,0.53,خروج مستمر پول حقیقی | 51٪ بالای MA200 | نقدشوندگی کمتر از ۱۰ میلیارد تومان
فجوش,جوش‌ و اکسیژن‌ ایران‌,ساخت محصولات فلزی,49.1,خنثی,100,70,50.5,10,5520,20261006,6.2,22.9,147.7,93.8,11.5,32.3,141.5,93.7,11,0,true,69.7,1.93,above,-0.9,0.7,4630,,0,0.08,1.65,0.45,0.72,,,,,5414,5307,5839,6052,1.5,نقدشوندگی پایین | اشباع خرید | بدون EPS مثبت | سهم صفی: 11 روز از ۲۰ روز در صف (ریسک نقدشوندگی و اجرای حد ضرر) | رشد عمودی (148٪ در ۶۰ روز، 32٪ بالای MA50) | 142٪ بالای MA200 | نقدشوندگی کمتر از ۱۰ میلیارد تومان
دامین,داروسازی‌ امین‌,مواد و محصولات دارویی,49.1,خنثی,100,70,16.3,4,19060,20261006,11.3,21.2,60.3,6.4,19.2,23.3,70.9,80.1,3,0,true,38.4,3.01,above,0,1.41,17190,,-35.21,-26.91,0.95,-10.53,38.97,378,50.42,12.91,290.6,18486,17911,20783,21932,1.5,اشباع خرید | فاصله زیاد از MA20 | P/E بالا (50) | 71٪ بالای MA200
واتی,سرمایه‌ گذاری‌ آتیه‌ دماوند,سرمایه گذاریها,49,خنثی,90,20,53,19,7080,20261006,-6,-5,35.4,-18.5,-1.8,2.5,37.6,48.4,1,0,false,24.4,3.49,above,-11.3,0.94,6600,7660,6.23,51.55,0.68,-22.12,27.18,537,13.18,7.13,84.9,6833,6476,7660,7860,0.96,واگرایی منفی RSI | توزیع: ورود حقیقی با سرانه خرید ضعیف (0.69 در ۲۰ روز) | سرانه خرید ضعیف (0.68) | واگرایی منفی | حد ضرر دور (8.5٪)
لوتوس,تامین سرمایه لوتوس پارسیان,فعالیتهای کمکی به نهادهای مالی واسط,48.9,خنثی,88,45,7.2,47,3500,20261006,-2.8,17,29.9,-24,3.5,13.9,54.4,61.2,3,1,false,18.5,3.26,above,-4.4,1.53,3360,3580,-58.42,-78.27,1.05,-66.66,14.49,594,5.89,5.92,-0.5,3386,3303,3580,3660,0.41,خروج مستمر پول حقیقی | 54٪ بالای MA200 | شناوری کم (4٪) | صف فروش در ۵ روز اخیر
کمرجان,بازرگانی و تولیدی مرجان کار,سایر محصولات کانی غیرفلزی,48.9,خنثی,95,55,28.7,9,4850,20261006,4.5,10.5,12,-41.9,4.1,13.3,41.9,62.9,2,0,false,26.1,3.21,above,-7.9,0.77,4630,5180,-0.9,-10.5,1.25,3.77,7.49,299,16.22,10.33,57,4694,4553,5180,5268,1.11,خروج مستمر پول حقیقی | نقدشوندگی کمتر از ۱۰ میلیارد تومان
وبشهر,توسعه‌ صنایع‌ بهشهر(هلدینگ,محصولات غذایی و آشامیدنی به جز قند و شکر,48.6,خنثی,100,60,2.4,24,7740,20261006,6.3,21.5,65,11.1,7.8,27.2,104.3,72.9,4,0,false,52.9,3.11,above,0,0.92,6720,,-0.15,-4.56,0.82,-11.76,19.56,748,10.35,8.53,21.3,7499,7259,8462,8943,1.5,104٪ بالای MA200
ثشرق,سرمایه گذاری مسکن شمال شرق,انبوه سازی، املاک و مستغلات,48.6,خنثی,56,65,51,24,6240,20261006,15.6,59.9,0.2,-53.7,27,22.6,-41.8,79.6,13,0,true,39.4,2.63,inside,-63.8,0.6,5613,6306,-0.01,0.2,4.28,22.98,10.81,238,26.22,6.61,296.6,6076,5912,6306,6433,0.2,اشباع خرید | فاصله زیاد از MA20 | سهم صفی: 13 روز از ۲۰ روز در صف (ریسک نقدشوندگی و اجرای حد ضرر)
کصدف,کاشی صدف سرام استقلال آباده,کاشی و سرامیک,48.5,خنثی,85,45,20.9,35,7930,20261006,1.8,-0.6,20.1,-33.8,-2.5,4.5,50.3,50.8,3,0,false,23.5,3.41,above,-13.4,0.66,7790,8210,-2.51,0.43,0.98,-1.2,7.73,548,14.47,,,7790,7655,8210,8418,1.02,توزیع: ورود حقیقی با سرانه خرید ضعیف (0.73 در ۲۰ روز) | 50٪ بالای MA200 | نقدشوندگی کمتر از ۱۰ میلیارد تومان
شستا,سرمایه گذاری تامین اجتماعی,شرکتهای چند رشته ای صنعتی,48.4,خنثی,100,65,12.7,9,3620,20261006,-0.3,14.6,57.5,3.6,2.3,18.5,81.9,61.5,3,0,false,43.9,3.23,above,-5,0.77,3370,3805,-248.87,-951.23,1.25,-417.6,586.14,218,16.61,10.88,52.6,3503,3328,3805,4039,0.63,خروج مستمر پول حقیقی | 82٪ بالای MA200 | حد ضرر دور (8.1٪) | شناوری کم (13٪)
کایتا,ایتالران‌,سایر محصولات کانی غیرفلزی,48.4,خنثی,70,55,95.5,10,16040,20261006,5.1,8.1,8.9,-45,1.6,8.6,-8,56.7,2,0,false,29.7,3.59,above,-53.4,1.6,15708,16335,4.72,5.34,3.6,5.67,1.14,,,,,15708,15420,16335,16694,0.48,نقدشوندگی پایین | بدون EPS مثبت | نقدشوندگی کمتر از ۱۰ میلیارد تومان
غفارس,شیر پاستوریزه پگاه فارس,محصولات غذایی و آشامیدنی به جز قند و شکر,48.2,خنثی,100,70,7.8,9,35530,20261006,13.7,43.4,202.1,148.2,19.8,55.8,208.3,89.6,11,0,true,74.9,2.69,above,-0.1,1.02,29560,,-7.39,-3.79,0.99,-23.93,15.93,1963,18.1,7.05,156.7,34574,33619,38397,40308,1.5,اشباع خرید | فاصله زیاد از MA20 | سهم صفی: 11 روز از ۲۰ روز در صف (ریسک نقدشوندگی و اجرای حد ضرر) | رشد عمودی (202٪ در ۶۰ روز، 56٪ بالای MA50) | 208٪ بالای MA200
بجهرم,توسعه مولد نیروگاهی جهرم,عرضه برق، گاز، بخاروآب گرم,48,خنثی,56,20,49,60,2980,20261006,-5.1,-9.7,29.9,-24,-5.4,0,43.4,44.8,1,0,false,25.9,3.45,inside,-15.3,1.02,2573,3190,6.22,-29.95,1.1,10.01,28.77,334,8.92,10.04,-11.1,2877,2775,3190,3400,1.02,خروج مستمر پول حقیقی
زشریف,کشت وصنعت شریف آباد,زراعت و خدمات وابسته,48,خنثی,90,45,1,47,18770,20261006,-5.2,4,23.9,-30,-0.1,6.6,65.4,52.8,4,0,false,24.1,3.41,above,-8,0.92,17357,19230,-16.08,-49.14,0.49,-22.37,10.93,2402,7.81,8.07,-3.2,18130,17171,19230,20350,0.29,خروج مستمر پول حقیقی | 65٪ بالای MA200 | سرانه خرید ضعیف (0.49) | حد ضرر دور (8.5٪)
سباقر,سیمان باقران,سیمان، آهک و گچ,47.9,خنثی,100,65,3.5,16,401900,20261006,-1,11.9,109,55,4.2,25.4,159.5,64.7,8,0,false,51.2,3.18,above,-4.5,1.41,344000,409000,-49.53,-57.66,0.53,-363.58,105.38,44486,9.03,6.69,35,389122,376343,409000,421000,0.28,واگرایی منفی RSI | سهم صفی: 8 روز از ۲۰ روز در صف (ریسک نقدشوندگی و اجرای حد ضرر) | رشد عمودی (109٪ در ۶۰ روز، 25٪ بالای MA50) | 159٪ بالای MA200 | سرانه خرید ضعیف (0.53) | واگرایی منفی
بفجر,فجر انرژی خلیج فارس,عرضه برق، گاز، بخاروآب گرم,47.8,خنثی,10,55,55.1,80,10990,20261006,0,2.1,-15,-69,-0.5,-10.6,-4.1,45.3,3,1,true,26,3.74,below,-29.1,0.44,10681,11469,56.02,569.78,0.83,-24.3,88.17,1802,6.1,7.09,-14,10681,10476,11469,12107,0.93,توزیع: ورود حقیقی با سرانه خرید ضعیف (0.66 در ۲۰ روز) | صف فروش در ۵ روز اخیر
خفنر,فنرسازی‌خاور,خودرو و ساخت قطعات,47.8,خنثی,56,30,64.9,35,2401,20261006,1.2,-7.8,15,-38.9,-1.6,1.8,46.2,48.6,4,0,false,23,3.97,inside,-17.9,0.72,2267,2499,2.41,5.16,1.09,0.61,11.13,130,18.47,,,2306,2219,2499,2631,0.54,توزیع: ورود حقیقی با سرانه خرید ضعیف (0.72 در ۲۰ روز) | 150٪ بالای کف ۵۲ هفته | حد ضرر دور (7.6٪)
قیستو,شرکت قند بیستون,قند و شکر,47.8,خنثی,90,65,1,30,48750,20261006,-9.1,11.6,99.5,45.5,-4.5,17.9,81.5,52.2,2,2,false,64,3.94,above,-14.5,0.84,39630,57050,-0.36,-16.38,0.56,-16.6,8.45,2437,20,,,46829,44907,57050,60893,2.16,واگرایی منفی RSI | خروج مستمر پول حقیقی | 82٪ بالای MA200 | سرانه خرید ضعیف (0.56) | واگرایی منفی | حد ضرر دور (7.9٪) | نقدشوندگی کمتر از ۱۰ میلیارد تومان | صف فروش در ۵ روز اخیر
معیار,سرمایه گذاری معیار صنعت پارس,سرمایه گذاریها,47.8,خنثی,100,70,35,20,3333,20261006,12.7,29,87,33.1,21.4,33.5,58.8,85.2,6,0,true,46.6,2.93,above,0,0.74,3176,,0,-0.6,2.81,3.01,2.69,80,41.66,,,3235,3128,3626,3822,1.43,نقدشوندگی پایین | اشباع خرید | فاصله زیاد از MA20 | سهم صفی: 6 روز از ۲۰ روز در صف (ریسک نقدشوندگی و اجرای حد ضرر) | رشد عمودی (87٪ در ۶۰ روز، 33٪ بالای MA50) | P/E بالا (42) | 59٪ بالای MA200 | نقدشوندگی کمتر از ۱۰ میلیارد تومان
شارپیلن,پتروشیمی ارغوان گسترایلام,محصولات شیمیایی,47.8,خنثی,100,50,81,10,3450,20261005,3.9,7.8,11.3,-42.6,5.5,7.2,,99.8,20,0,true,93.3,2.68,above,-7,1.95,3033,3711,0.73,0.63,27.75,-2.38,0.54,,,9.63,,3357,3265,3711,3896,1.41,نقدشوندگی پایین | اشباع خرید | بدون EPS مثبت | سهم صفی: 20 روز از ۲۰ روز در صف (ریسک نقدشوندگی و اجرای حد ضرر) | نقدشوندگی کمتر از ۱۰ میلیارد تومان | آخرین معامله 20261005 (متوقف یا کم‌معامله)
کورز,ورزیران‌,سایر محصولات کانی غیرفلزی,47.7,خنثی,100,38,60.5,20,7620,20261006,0,24.3,53,-0.9,6.4,27.4,56.8,76.3,11,0,false,35.8,3.35,above,-5.1,1.71,7400,7900,0,4.64,2.25,0.44,2.35,133,57.29,,,7400,7272,7900,8410,0.81,نقدشوندگی پایین | سهم صفی: 11 روز از ۲۰ روز در صف (ریسک نقدشوندگی و اجرای حد ضرر) | P/E بالا (57) | 57٪ بالای MA200 | نقدشوندگی کمتر از ۱۰ میلیارد تومان
دبالک,مواد اولیه دارویی البرز بالک,مواد و محصولات دارویی,47.7,خنثی,95,75,7.7,9,17100,20261006,5.9,0.5,174,120.1,6.2,28.1,156.6,67.5,8,0,false,40.4,3.09,above,-5.2,0.85,14460,18040,-26.45,-164.96,1.01,-21.3,59.25,1079,15.85,8.86,78.9,16572,16043,18040,19097,0.89,خروج مستمر پول حقیقی | سهم صفی: 8 روز از ۲۰ روز در صف (ریسک نقدشوندگی و اجرای حد ضرر) | رشد عمودی (174٪ در ۶۰ روز، 28٪ بالای MA50) | 157٪ بالای MA200
کرماشا,صنایع پتروشیمی کرمانشاه,محصولات شیمیایی,47.7,خنثی,65,35,24.7,60,28070,20261006,-5.2,-0.2,19.9,-34,-3.4,7.8,53.1,51.1,2,0,false,33.5,3.39,above,-13.6,0.64,27765,29000,-0.07,66.07,1.13,-55.72,94.09,3386,8.29,9.63,-13.9,27765,27288,29000,29840,1.19,توزیع: ورود حقیقی با سرانه خرید ضعیف (0.75 در ۲۰ روز) | 53٪ بالای MA200
حفاری,حفاری شمال,استخراج نفت گاز و خدمات جنبی جز اکتشاف,47.6,خنثی,65,20,31.6,65,5670,20261006,-3.2,-9.7,20.1,-33.8,-4.6,4.6,26.8,48.4,1,0,false,26.1,3.68,above,-16.6,0.85,5470,6090,-7.22,155.71,0.94,-52.95,89.96,2511,2.26,2.24,0.8,5470,5366,6090,6800,1.38,توزیع: ورود حقیقی با سرانه خرید ضعیف (0.79 در ۲۰ روز)
حفارس,حمل و نقل بین المللی خلیج فارس,حمل ونقل، انبارداری و ارتباطات,47.6,خنثی,100,70,10.5,4,9920,20261006,11.4,42.3,94.4,40.4,14.7,47.2,163.2,85.9,3,0,true,71.2,3,above,-1.4,1.46,9276,,-64.32,-153.18,0.68,-96.69,43.17,149,66.58,19.33,244.4,9622,9176,10813,11408,1.2,اشباع خرید | خروج مستمر پول حقیقی | رشد عمودی (94٪ در ۶۰ روز، 47٪ بالای MA50) | P/E بالا (67) | 163٪ بالای MA200 | سرانه خرید ضعیف (0.68) | حد ضرر دور (7.5٪)
بکام,کارخانجات تولیدی شهید قندی,ماشین آلات و دستگاه‌های برقی,47.6,خنثی,65,63,47.8,14,3310,20261006,-0.9,0.9,45.1,-8.8,-2.5,9.4,36,53.6,3,0,false,28.6,3.54,above,-13.1,0.99,3170,3395,1.65,2.52,1.01,-9.58,15.42,24,137.92,6.15,2142.5,3193,3111,3395,3810,0.43,P/E بالا (138) | توزیع: ورود حقیقی با سرانه خرید ضعیف (0.84 در ۲۰ روز)
کدما,معدنی‌ دماوند,استخراج کانه های فلزی,47.6,خنثی,85,55,4.2,40,88780,20261006,-1,2.3,21.8,-32.1,0,5.8,49.4,53.5,3,0,false,21.9,3.33,above,-10.4,1.05,83300,91550,-7.59,-14.34,0.95,-8.37,16.38,6579,13.49,13.76,-1.9,85819,81820,91550,99130,0.4,178٪ بالای کف ۵۲ هفته | حد ضرر دور (7.8٪)
شیراز,پتروشیمی‌شیراز,محصولات شیمیایی,47.4,خنثی,85,20,1.5,70,68600,20261006,-3.2,-4.1,-10.2,-64.1,-3.3,2.7,34,48.7,0,0,false,20.7,3.88,above,-16.9,0.59,67211,71020,-31.04,-54.91,0.54,-48.8,62.9,9681,7.09,9.63,-26.4,67211,65880,71020,73200,0.89,181٪ بالای کف ۵۲ هفته | سرانه خرید ضعیف (0.54) | شناوری کم (12٪)
شفن,پتروشیمی فناوران,محصولات شیمیایی,47.3,خنثی,100,50,25.3,4,7920,20261006,0.8,26.7,86.3,32.3,8.5,32.3,61.8,71,5,1,false,56.5,2.96,above,-2.1,1.13,7430,8090,-59.53,0.25,1.15,-41.11,33.08,284,27.89,9.63,189.6,7685,7333,8090,8559,0.29,رشد عمودی (86٪ در ۶۰ روز، 32٪ بالای MA50) | 62٪ بالای MA200 | حد ضرر دور (7.4٪) | صف فروش در ۵ روز اخیر
کرومیت,توسعه معادن کرومیت کاوندگان,استخراج کانه های فلزی,47.2,خنثی,90,45,40.8,4,5380,20261006,-2.2,10.5,39.4,-14.5,-1.6,16.1,31.5,57.1,5,0,false,37.3,3.35,above,-9.6,0.54,5200,5660,-3.27,18.78,1.15,4.33,23.18,198,27.17,14.44,88.2,5200,5110,5660,5950,1.04,
وبرق,س.کارکنان صنعت برق زنجان وقزوی,سرمایه گذاریها,47.2,خنثی,85,40,19.7,35,60210,20261006,-3.2,-2.7,96.8,42.8,-6.6,11.7,72.4,49.7,7,1,false,50,3.77,above,-18.6,1.08,56590,61600,-2.87,-3.58,1.57,-4.41,13.92,4946,12.17,,,57942,55456,61600,65310,0.29,سهم صفی: 7 روز از ۲۰ روز در صف (ریسک نقدشوندگی و اجرای حد ضرر) | 72٪ بالای MA200 | حد ضرر دور (7.9٪) | صف فروش در ۵ روز اخیر
نیروترانسفو,کارخانجات تولیدی نیروترانسفو,ماشین آلات و دستگاه‌های برقی,47,خنثی,85,30,36,26,25000,20261006,-0.1,-1.1,34.1,-19.8,-5.2,0.6,,47.9,7,0,false,24,3.45,above,-17.1,0.76,22850,27510,-23.45,-60.01,4.32,34.54,35.25,2731,9.15,5.95,53.9,24138,22845,27510,30140,1.16,واگرایی منفی RSI | خروج مستمر پول حقیقی | سهم صفی: 7 روز از ۲۰ روز در صف (ریسک نقدشوندگی و اجرای حد ضرر) | 210٪ بالای کف ۵۲ هفته | واگرایی منفی | حد ضرر دور (8.6٪)
دپارس,پارس‌ دارو,مواد و محصولات دارویی,47,خنثی,83,53,16,30,60160,20261006,0.5,-5.5,48.6,-5.3,0.5,6.2,72.1,53.9,2,0,false,15.5,3.56,above,-9.1,0.86,58570,61235,-30.16,25.51,0.71,-43.88,29.23,4755,12.65,12.91,-2,58570,57499,61235,62640,0.4,توزیع: ورود حقیقی با سرانه خرید ضعیف (0.69 در ۲۰ روز) | 72٪ بالای MA200 | سرانه خرید ضعیف (0.71)
حکشتی,کشتیرانی جمهوری اسلامی ایران,حمل ونقل، انبارداری و ارتباطات,46.9,خنثی,65,30,71.5,14,8500,20261006,3.2,-2.3,12.3,-41.6,-3.8,3.9,30.7,49.5,4,0,false,28.8,3.73,above,-13.2,0.8,8254,8598,6.11,254.68,2.99,-45.82,104.4,331,25.68,19.33,32.8,8254,8096,8598,9378,0.24,واگرایی منفی RSI | توزیع: ورود حقیقی با سرانه خرید ضعیف (0.65 در ۲۰ روز) | واگرایی منفی
ثمسکن,سرمایه‌گذاری‌ مسکن‌,انبوه سازی، املاک و مستغلات,46.8,خنثی,100,45,22,9,3380,20261006,0.9,3.1,32.5,-21.4,2.7,12.1,44.9,59.7,1,0,false,34.6,3.28,above,-4.5,0.87,3180,3440,-29.14,-146.96,2.61,-27.42,27.02,226,14.96,6.61,126.3,3269,3125,3440,3540,0.23,خروج مستمر پول حقیقی | حد ضرر دور (7.6٪)
تکنار,مجتمع معادن مس تکنار,استخراج کانه های فلزی,46.8,خنثی,100,70,61,10,172100,20261003,15.7,67.1,172.1,118.2,27.1,74.4,160,98.7,17,0,true,72.9,2.41,above,0,0.25,73341,,0,3.98,3.76,1.6,1.55,,,,,167946,163791,184563,192871,1.5,نقدشوندگی پایین | اشباع خرید | فاصله زیاد از MA20 | بدون EPS مثبت | سهم صفی: 17 روز از ۲۰ روز در صف (ریسک نقدشوندگی و اجرای حد ضرر) | رشد عمودی (172٪ در ۶۰ روز، 74٪ بالای MA50) | 160٪ بالای MA200 | نقدشوندگی کمتر از ۱۰ میلیارد تومان | آخرین معامله 20261003 (متوقف یا کم‌معامله)
فلوله,لوله‌وماشین‌سازی‌ایران‌,فلزات اساسی,46.7,خنثی,41,30,53.5,60,2525,20261006,-2.5,-12.1,27.3,-26.7,-3.7,-3.5,22.2,44.8,0,0,false,21.9,4.08,inside,-15.6,1.26,2401,2619,11.97,16.49,0.77,-10.81,10.48,226,11.17,13.48,-17.1,2422,2350,2619,2679,0.54,توزیع: ورود حقیقی با سرانه خرید ضعیف (0.56 در ۲۰ روز) | سرانه خرید ضعیف (0.77)
سبزوا,سیمان لار سبزوار,سیمان، آهک و گچ,46.6,خنثی,100,50,22.5,4,13550,20261006,-0.2,38.7,80.7,26.7,9.7,35.2,94.5,75.4,10,0,false,62.1,3.03,above,-4.3,0.86,9780,14160,-21.01,-16.8,3.05,-3.13,24.34,615,22.03,6.69,229.3,13140,12729,14160,14981,0.74,سهم صفی: 10 روز از ۲۰ روز در صف (ریسک نقدشوندگی و اجرای حد ضرر) | رشد عمودی (81٪ در ۶۰ روز، 35٪ بالای MA50) | 95٪ بالای MA200
برکت,گروه دارویی برکت,مواد و محصولات دارویی,46.5,خنثی,100,55,18,4,5120,20261006,-0.4,-0.4,57.1,3.1,2.6,14.7,70,60,3,0,false,28.2,3.29,above,-5.2,1.08,5060,5260,-9.64,19.5,0.76,-104.2,77.01,47,108.94,12.91,743.8,5060,4976,5260,5400,0.97,P/E بالا (109) | توزیع: ورود حقیقی با سرانه خرید ضعیف (0.67 در ۲۰ روز) | 70٪ بالای MA200 | سرانه خرید ضعیف (0.76)
سفارود,کارخانه فارسیت درود,سایر محصولات کانی غیرفلزی,46.5,خنثی,100,70,60,10,14680,20261005,10.2,47.2,114.9,61,19.5,51.3,101.8,98.3,17,0,true,90.2,1.66,above,0,0.18,7653,,0,30.88,4.82,2.1,2.39,,,,,14437,14193,15410,15896,1.5,نقدشوندگی پایین | اشباع خرید | فاصله زیاد از MA20 | بدون EPS مثبت | سهم صفی: 17 روز از ۲۰ روز در صف (ریسک نقدشوندگی و اجرای حد ضرر) | رشد عمودی (115٪ در ۶۰ روز، 51٪ بالای MA50) | 102٪ بالای MA200 | نقدشوندگی کمتر از ۱۰ میلیارد تومان | آخرین معامله 20261005 (متوقف یا کم‌معامله)
فسدید,لوله‌وتجهیزات‌ سدید,فلزات اساسی,46.5,خنثی,100,50,16,10,152700,20261006,-6,38.5,70.9,17,8.6,40.9,46,70,15,2,false,74.8,2.75,above,-11.4,1.95,122503,172300,-0.05,3.48,0.62,-19.05,5.84,,,,,148506,144313,172300,180687,2.34,بدون EPS مثبت | سهم صفی: 15 روز از ۲۰ روز در صف (ریسک نقدشوندگی و اجرای حد ضرر) | رشد عمودی (71٪ در ۶۰ روز، 41٪ بالای MA50) | توزیع: ورود حقیقی با سرانه خرید ضعیف (0.70 در ۲۰ روز) | سرانه خرید ضعیف (0.62) | نقدشوندگی کمتر از ۱۰ میلیارد تومان | صف فروش در ۵ روز اخیر
فرابورس,فرابورس ایران,فعالیتهای کمکی به نهادهای مالی واسط,46.2,خنثی,83,55,32.2,9,7480,20261006,3.5,2.9,6.2,-47.7,1.1,9,48.3,57.3,1,0,false,16.2,3.57,above,-6.6,0.86,7320,8010,-9.15,-7.54,1.43,35.21,75.69,441,16.96,9.46,79.3,7320,7187,8010,8544,1.81,177٪ بالای کف ۵۲ هفته
خاذین,سایپاآذین‌,خودرو و ساخت قطعات,46.1,خنثی,100,53,12.2,10,3240,20261006,0.6,7.9,52.3,-1.6,3.4,20.1,48.1,63.3,1,0,false,44.2,3.3,above,-4.1,0.75,2954,3330,-4.99,-11.04,1.23,-0.33,6.38,,,,,3133,2973,3330,3380,0.34,واگرایی منفی RSI | خروج مستمر پول حقیقی | بدون EPS مثبت | واگرایی منفی | حد ضرر دور (8.2٪) | نقدشوندگی کمتر از ۱۰ میلیارد تومان
شبندر,پالایش نفت بندرعباس,فراورده های نفتی، کک و سوخت هسته ای,46.1,خنثی,100,45,1.5,47,14830,20261003,1.9,12.5,37.8,-16.1,0.5,14.4,91.2,57.7,2,0,false,47.8,3.61,above,-9.1,0.76,14250,16310,-156.81,-1120.42,0.59,-630.73,505.74,2555,5.8,6.26,-7.3,14295,13982,16310,17381,1.75,خروج مستمر پول حقیقی | 91٪ بالای MA200 | سرانه خرید ضعیف (0.59) | آخرین معامله 20261003 (متوقف یا کم‌معامله)
غبشهر,صنعتی‌ بهشهر,محصولات غذایی و آشامیدنی به جز قند و شکر,46.1,خنثی,100,50,0.5,24,19140,20261006,2.5,13.3,225.5,171.6,5,33.5,213.2,71.6,5,0,false,71.9,3.09,above,-2.3,0.86,16520,19540,-49.09,-134.7,0.69,-90.34,75.12,2019,9.48,8.53,11.1,18549,17959,19540,20721,0.34,خروج مستمر پول حقیقی | رشد عمودی (226٪ در ۶۰ روز، 33٪ بالای MA50) | 213٪ بالای MA200 | سرانه خرید ضعیف (0.69)
رنیک,جنرال مکانیک,خدمات فنی و مهندسی,45.9,خنثی,73,45,34,26,12920,20261006,3.9,-0.8,28.5,-25.4,1.7,6.6,1.9,57.5,2,0,false,17.3,3.29,above,-23.9,0.9,12590,13130,-2.92,97.3,1,-8.72,20.62,1608,8.03,2.41,233.4,12590,12377,13130,13530,0.39,
دکوثر,داروسازی‌ کوثر,مواد و محصولات دارویی,45.9,خنثی,100,65,2.4,9,20590,20261006,-2.8,0.5,151.4,97.5,1,9.2,78.3,54.2,2,1,false,31.8,3.42,above,-8.5,0.69,19430,21270,-33.52,-21.56,0.84,-18.14,48.61,1031,19.97,12.91,54.7,19885,19078,21270,21705,0.45,رشد عمودی (151٪ در ۶۰ روز، 9٪ بالای MA50) | 78٪ بالای MA200 | حد ضرر دور (7.3٪) | صف فروش در ۵ روز اخیر
وایرا,سرمایه گذاری صنایع ایران,سرمایه گذاریها,45.8,خنثی,100,45,35.4,32,3530,20261006,-1.7,4.4,26.5,-27.4,0.5,9.4,21.4,56.9,1,0,false,22.6,3.15,above,-6.9,0.72,3445,3633,-1.1,-5.89,1.54,2.09,2.67,399,8.85,,,3445,3390,3633,3772,0.74,نقدشوندگی پایین | خروج مستمر پول حقیقی | نقدشوندگی کمتر از ۱۰ میلیارد تومان
وپست,پست بانک ایران,بانکها و موسسات اعتباری,45.8,خنثی,75,45,2.2,55,10150,20261006,0.3,1.3,23.2,-30.7,0.5,5.7,59.9,54.5,0,0,false,20,3.73,above,-8.7,0.69,9870,10465,-23.41,-115.62,0.81,-28.91,43.3,2033,4.99,5.4,-7.5,9870,9681,10465,11120,0.67,خروج مستمر پول حقیقی | 60٪ بالای MA200
وگستر,گسترش سرمایه گذاری ایرانیان,سرمایه گذاریها,45.8,خنثی,100,65,1,10,11320,20261006,-4.4,26.3,98.2,44.3,5.4,19.9,68.8,64.1,4,1,false,53.1,3.28,above,-8.6,1,10870,12380,-28.82,-52.34,0.69,-19.94,12.03,,,8.73,,10949,10685,12380,13122,1.67,خروج مستمر پول حقیقی | بدون EPS مثبت | 69٪ بالای MA200 | سرانه خرید ضعیف (0.69) | صف فروش در ۵ روز اخیر
شلرد,کود شیمیایی اوره لردگان,محصولات شیمیایی,45.6,خنثی,100,30,28.5,10,3790,20261006,-1.8,38.4,43.1,-10.8,10.7,38.2,107.4,75.9,9,1,false,50.5,2.94,above,-4.3,0.88,3160,3960,-34.07,132.68,0.8,-45.69,59.16,,,,,3678,3567,3960,4183,0.76,بدون EPS مثبت | سهم صفی: 9 روز از ۲۰ روز در صف (ریسک نقدشوندگی و اجرای حد ضرر) | رشد عمودی (43٪ در ۶۰ روز، 38٪ بالای MA50) | 107٪ بالای MA200 | صف فروش در ۵ روز اخیر
وسنا,سرمایه گذاری نیروگاهی ایران,سرمایه گذاریها,45.6,خنثی,100,50,2.5,20,50430,20261006,-4.5,37.2,152.3,98.3,8.6,46.3,152.6,72.1,10,2,false,83.8,2.96,above,-7.2,1.42,24074,54370,-43.36,-68.3,0.48,-66.69,20.67,998,50.53,,,48940,47449,54370,57351,1.32,خروج مستمر پول حقیقی | سهم صفی: 10 روز از ۲۰ روز در صف (ریسک نقدشوندگی و اجرای حد ضرر) | رشد عمودی (152٪ در ۶۰ روز، 46٪ بالای MA50) | P/E بالا (51) | 153٪ بالای MA200 | سرانه خرید ضعیف (0.48) | صف فروش در ۵ روز اخیر
قنیشا,قند  نیشابور,قند و شکر,45.6,خنثی,100,65,6.3,4,3430,20261006,-3.1,3.6,55.6,1.7,0.7,12.3,43.2,58.4,0,0,false,47.2,3.38,above,-5,0.97,3260,3590,-1.9,-12.16,1.01,-4.24,4.78,119,28.82,9.8,194.1,3314,3202,3590,3822,0.7,خروج مستمر پول حقیقی | نقدشوندگی کمتر از ۱۰ میلیارد تومان
نوری,پتروشیمی نوری,محصولات شیمیایی,45.3,خنثی,100,65,0,9,48760,20261006,-2,25.1,56.3,2.3,2.6,26.2,63.4,63.3,6,0,false,52.2,3.15,above,-5.8,0.65,47560,51515,-435.52,-21.21,0.63,-557.23,548.7,3744,13.02,9.63,35.2,47560,46792,51515,54587,1.4,سهم صفی: 6 روز از ۲۰ روز در صف (ریسک نقدشوندگی و اجرای حد ضرر) | 63٪ بالای MA200 | سرانه خرید ضعیف (0.63) | شناوری کم (9٪)
زقیام,کشت و دام قیام اصفهان,زراعت و خدمات وابسته,45.3,خنثی,90,30,2,47,11010,20261006,-7.2,1.9,14.7,-39.2,-1.2,3.1,65.8,49.6,5,1,false,23,3.56,above,-9.8,1.47,10090,11890,-36.52,-36.05,0.35,-56.1,13.51,1396,7.89,8.07,-2.3,10618,10031,11890,12195,0.9,خروج مستمر پول حقیقی | 66٪ بالای MA200 | سرانه خرید ضعیف (0.35) | حد ضرر دور (8.9٪) | صف فروش در ۵ روز اخیر
سصوفی,سیمان‌ صوفیان‌,سیمان، آهک و گچ,45,خنثی,65,20,16,70,166800,20261006,-3.5,-5.1,8.8,-45.1,-0.9,0.4,24.3,50,1,0,false,12.9,3.36,above,-12.7,1.1,160200,169200,-6.07,21.95,0.66,-87.05,56.26,30922,5.39,7.14,-24.5,161203,157401,169200,174600,0.26,بدون روند (ADX پایین) | توزیع: ورود حقیقی با سرانه خرید ضعیف (0.63 در ۲۰ روز) | سرانه خرید ضعیف (0.66)
گپارس,امور رفاهی کارگزاران پارس,هتل و رستوران,44.9,خنثی,100,70,23.5,20,278300,20261006,-3.9,20.2,30.1,-23.8,3.9,12.7,48.2,65,0,0,true,22.9,4.17,above,-7,1.09,220600,293550,0,-0.17,1.14,0.17,0.57,723,384.92,,,266708,255115,293550,299200,0.66,نقدشوندگی پایین | P/E بالا (385) | حد ضرر دور (8.3٪) | نقدشوندگی کمتر از ۱۰ میلیارد تومان
کهرام,تولیدی گرانیت بهسرام,کاشی و سرامیک,44.7,خنثی,100,48,50.5,10,35950,20261006,3.3,18.9,52.5,-1.4,9.4,25.3,56.2,85.7,8,0,true,59,2.4,above,-2.3,1.16,32038,,0,0.05,2.88,1.65,0.69,,,,,35088,34227,38535,40258,1.5,نقدشوندگی پایین | اشباع خرید | بدون EPS مثبت | سهم صفی: 8 روز از ۲۰ روز در صف (ریسک نقدشوندگی و اجرای حد ضرر) | 56٪ بالای MA200 | نقدشوندگی کمتر از ۱۰ میلیارد تومان
تادیکو,س.کشت ودام صنایع لبنی تامین,زراعت و خدمات وابسته,44.7,خنثی,73,45,36,19,7690,20261006,0.1,8.7,-5.5,-59.4,1.5,5.8,,55.6,0,0,false,13.7,3.28,,-10.8,0.61,7521,7950,-10.9,-37.11,5.4,42.55,23.92,546,14.08,6.33,122.5,7521,7395,7950,8624,0.88,خروج مستمر پول حقیقی | بدون روند (ADX پایین) | شناوری کم (6٪)
اپرداز,آتیه داده پرداز,اطلاعات و ارتباطات,44.6,خنثی,85,45,21.5,19,5130,20261006,2.8,-6,33.9,-20,-2.8,4.8,39.1,52.5,2,0,false,26.5,3.55,above,-15.1,0.92,4950,6040,-3.09,-36.68,10.22,-4.59,8.9,332,15.45,11.65,32.6,4950,4859,6040,6405,3.36,خروج مستمر پول حقیقی | نقدشوندگی کمتر از ۱۰ میلیارد تومان
تجلی,تجلی توسعه معادن و فلزات,استخراج کانه های فلزی,44.5,خنثی,90,45,30.2,4,2020,20261006,-0.5,8.3,10.7,-43.2,-0.7,10,28.4,55.1,1,0,false,34.5,3.34,above,-7.9,0.68,1986,2129,-10.97,7.11,1.39,-16.83,17.86,37,54.59,14.44,278.1,1986,1952,2129,2194,1.61,P/E بالا (55)
قنقش,قند نقش جهان,قند و شکر,44.5,خنثی,90,45,24,10,1962,20261006,-1.9,2.3,43.1,-10.8,0,6.2,6.6,55.6,0,0,false,24.6,3.7,above,-29.4,0.72,1921,2008,-6.84,-15.52,1.1,0.06,4.98,,,,,1921,1885,2008,2060,0.6,خروج مستمر پول حقیقی | بدون EPS مثبت | نقدشوندگی کمتر از ۱۰ میلیارد تومان
ثپردیس,سرمایه گذاری مسکن پردیس,انبوه سازی، املاک و مستغلات,44.5,خنثی,90,38,25.5,14,4440,20261006,-4.1,3.5,47,-6.9,-4.8,7.2,46,49.4,3,0,false,46.7,3.83,above,-14.6,0.76,4370,5200,-8.47,92.4,0.76,-23.05,24.13,117,37.95,23.59,60.9,4370,4285,5200,5540,4.9,P/E بالا (38) | سرانه خرید ضعیف (0.76)
ثجوان,تامین مسکن جوانان,انبوه سازی، املاک و مستغلات,44.3,خنثی,100,45,36,25,2305,20261006,1.2,7.6,28.1,-25.8,2.4,14,43.8,57.3,1,0,false,34.1,3.54,above,-6.9,0.65,2239,2475,-0.23,-2.71,1.72,3.99,2.97,167,13.8,,,2239,2199,2475,2638,1.6,نقدشوندگی پایین | نقدشوندگی کمتر از ۱۰ میلیارد تومان
وملت,سرمایه گذاری ملت,سرمایه گذاریها,44.3,خنثی,100,50,45,32,4470,20260922,4,10.6,30.6,-23.3,5.1,11.8,23,99.4,20,0,true,92.6,0.86,above,-0.7,1.92,3935,,0,0,5.58,0.53,0.07,491,9.1,,,4432,4394,4585,4661,1.5,نقدشوندگی پایین | اشباع خرید | سهم صفی: 20 روز از ۲۰ روز در صف (ریسک نقدشوندگی و اجرای حد ضرر) | نقدشوندگی کمتر از ۱۰ میلیارد تومان | آخرین معامله 20260922 (متوقف یا کم‌معامله)
حگردش,ریل گردش ایرانیان,حمل ونقل، انبارداری و ارتباطات,44.2,خنثی,40,20,72.8,40,2257,20261006,-4,-0.8,10.8,-43.1,-2.2,3.6,-3.3,49.8,0,0,false,15.5,3.47,above,-33.2,0.94,2194,2346,1.07,6.32,1.03,0.99,4.82,68,33.19,,,2194,2155,2346,2405,0.88,P/E بالا (33) | نقدشوندگی کمتر از ۱۰ میلیارد تومان
قجام,فرآوردههای غذایی وقندتربت‌جام‌,قند و شکر,44,خنثی,95,63,9.7,42,14460,20261006,-1.8,3.1,45.2,-8.7,1.4,7.6,51.7,56.4,3,0,false,23.5,3.77,above,-6.8,1.14,14110,14960,-0.28,-0.28,1.17,-2.69,2.75,2650,5.46,,,14110,13838,14960,15520,0.8,نقدشوندگی پایین | 52٪ بالای MA200 | نقدشوندگی کمتر از ۱۰ میلیارد تومان
سرود,سیمان‌شاهرود,سیمان، آهک و گچ,43.9,خنثی,70,53,2,47,18970,20261006,-3.5,1.1,49,-4.9,-0.5,8,84.7,54.5,2,1,false,26.2,3.6,above,-7.1,1.11,17577,20330,-137.92,-130.43,0.47,-176.77,63.66,2424,7.83,7.14,9.6,18286,17261,20330,21697,0.8,خروج مستمر پول حقیقی | 85٪ بالای MA200 | سرانه خرید ضعیف (0.47) | حد ضرر دور (9.0٪) | صف فروش در ۵ روز اخیر
آینده,بازرگانی آینده سازان بهشت پارس,زراعت و خدمات وابسته,43.6,خنثی,90,70,60.5,10,5030,20261004,10.5,34.1,56.8,2.9,14.7,19.7,12.5,84.1,20,0,true,39.5,1.98,above,-26.5,1.89,4804,5303,0,0.24,3.9,1.6,0.34,,,,,4930,4781,5303,5820,1.09,نقدشوندگی پایین | اشباع خرید | بدون EPS مثبت | سهم صفی: 20 روز از ۲۰ روز در صف (ریسک نقدشوندگی و اجرای حد ضرر) | نقدشوندگی کمتر از ۱۰ میلیارد تومان | آخرین معامله 20261004 (متوقف یا کم‌معامله)
درهآور,دارویی ره آورد تامین,مواد و محصولات دارویی,43.5,خنثی,56,30,35.9,47,14970,20261006,-2.1,-13,21.8,-32.1,-1.6,1,37,49.3,2,0,false,22.3,3.65,inside,-16.3,1.21,13780,15160,7.4,-28.56,1.12,-12.18,13.51,1808,8.28,8.86,-6.5,14423,13603,15160,15570,0.14,خروج مستمر پول حقیقی | حد ضرر دور (9.1٪)
رانیز,کارخانجات رینگ اسپرت نورنی ریز,خودرو و ساخت قطعات,43.5,خنثی,0,20,88,70,17800,20261006,-2.5,-7.2,10.3,-43.6,-2.3,-3.3,,46.3,0,0,false,16.3,3.05,,-10.9,0.87,17560,18025,17.2,37.5,5.19,72.86,26.55,3513,5.07,5.87,-13.7,17560,17288,18025,18570,0.44,
ساراب,سیمان‌ داراب‌,سیمان، آهک و گچ,43.4,خنثی,85,40,2.5,57,16990,20261005,-5.7,-4.8,55.5,1.6,-7.7,2.3,39.3,44.5,5,0,false,26.6,3.02,above,-17.8,0.53,14873,17508,-0.41,-21.93,0.7,-3.78,4.49,2361,7.2,7.14,0.8,16476,15963,17508,18370,0.5,خروج مستمر پول حقیقی | سرانه خرید ضعیف (0.70) | نقدشوندگی کمتر از ۱۰ میلیارد تومان | آخرین معامله 20261005 (متوقف یا کم‌معامله)
والبر,سرمایه‌ گذاری‌ البرز(هلدینگ‌,مواد و محصولات دارویی,43.2,خنثی,80,60,19.7,9,4000,20261006,-2,-1.7,40,-13.9,3.5,7.9,53.5,56.4,1,0,true,17.5,3.25,above,-5.7,0.96,3860,4090,-31.06,9.21,0.89,-30.12,45.21,201,19.9,12.91,54.1,3870,3795,4090,4220,0.44,واگرایی منفی RSI | توزیع: ورود حقیقی با سرانه خرید ضعیف (0.75 در ۲۰ روز) | 53٪ بالای MA200 | واگرایی منفی
شپترو,پتروشیمی آبادان,محصولات شیمیایی,43.1,خنثی,90,65,2.5,10,2681,20261006,-7.4,14.6,55.4,1.5,-3.3,21.9,80.8,55.2,9,2,false,55.6,3.11,above,-11.8,0.85,1920,2763,-3.38,-6.57,0.54,-16.18,17.13,,,,,2598,2514,2763,2980,0.49,بدون EPS مثبت | سهم صفی: 9 روز از ۲۰ روز در صف (ریسک نقدشوندگی و اجرای حد ضرر) | 81٪ بالای MA200 | سرانه خرید ضعیف (0.54) | صف فروش در ۵ روز اخیر
کارام,صنایع سرام آرا,کاشی و سرامیک,43.1,خنثی,90,80,50.5,10,2034,20260922,9.8,12.7,-8.7,-62.6,11.5,19.7,0.3,67.5,3,0,true,25.1,3.33,above,-24.6,0.99,1968,2122,-0.03,0.44,3.21,0.07,0.49,,,,,1968,1934,2122,2166,0.88,نقدشوندگی پایین | بدون EPS مثبت | نقدشوندگی کمتر از ۱۰ میلیارد تومان | آخرین معامله 20260922 (متوقف یا کم‌معامله)
وسینا,بانک سینا,بانکها و موسسات اعتباری,42.9,خنثی,65,35,18.7,47,3320,20261006,-1.5,-2.9,40.4,-13.5,-1.7,4.5,41.6,51,0,0,false,22.5,3.35,above,-8.8,0.68,3200,3470,-12.2,-119.33,1.49,-5.25,48.09,584,5.68,5.4,5.3,3209,3144,3470,3640,0.85,خروج مستمر پول حقیقی
قمرو,قند مرودشت‌,قند و شکر,42.8,خنثی,41,30,16,82,9780,20261006,-0.4,-8.3,24.7,-29.2,-3.8,-1.4,48.9,46,0,0,false,13.6,3.57,inside,-13.2,0.63,9510,10180,-0.32,2.06,0.71,-6.64,7.41,1450,6.74,9.8,-31.2,9510,9335,10180,10510,0.9,بدون روند (ADX پایین) | توزیع: ورود حقیقی با سرانه خرید ضعیف (0.60 در ۲۰ روز) | 218٪ بالای کف ۵۲ هفته | سرانه خرید ضعیف (0.71) | نقدشوندگی کمتر از ۱۰ میلیارد تومان
فماک,ماداکتو استیل کرد,فلزات اساسی,42.8,خنثی,90,65,2,9,31020,20261006,-9,9.8,111.7,57.7,-0.6,23.7,114.6,58.4,6,1,false,60.2,3.64,above,-9.9,1,27685,34240,-7.61,-15.44,0.75,-9.69,10.62,2086,14.87,8.05,84.7,29892,28201,34240,36495,1.14,واگرایی منفی RSI | خروج مستمر پول حقیقی | سهم صفی: 6 روز از ۲۰ روز در صف (ریسک نقدشوندگی و اجرای حد ضرر) | رشد عمودی (112٪ در ۶۰ روز، 24٪ بالای MA50) | 115٪ بالای MA200 | سرانه خرید ضعیف (0.75) | واگرایی منفی | حد ضرر دور (9.1٪) | صف فروش در ۵ روز اخیر
بپیوند,برق و انرژی پیوندگستر پارس,عرضه برق، گاز، بخاروآب گرم,42.8,خنثی,70,35,52,47,18430,20261006,-2.7,-0.4,16.2,-37.7,-1.3,3.7,43.3,50.7,1,0,false,17.6,3.41,above,-10.5,0.85,17482,19460,-0.11,2,10.16,8.47,2.8,1762,10.46,10.04,4.2,17802,17168,19460,19939,0.82,نقدشوندگی پایین | نقدشوندگی کمتر از ۱۰ میلیارد تومان
تفیرو,مهندسی فیروزا,ماشین آلات و تجهیزات,42.8,خنثی,100,70,35,20,290100,20261004,10.2,40.5,107.7,53.7,18.3,44.4,194.7,100,20,0,true,96.1,1.55,above,0,1.93,160990,,0,0,1.2,0.01,0.11,6541,44.35,,,285593,281086,303621,312636,1.5,نقدشوندگی پایین | اشباع خرید | فاصله زیاد از MA20 | سهم صفی: 20 روز از ۲۰ روز در صف (ریسک نقدشوندگی و اجرای حد ضرر) | رشد عمودی (108٪ در ۶۰ روز، 44٪ بالای MA50) | P/E بالا (44) | 195٪ بالای MA200 | نقدشوندگی کمتر از ۱۰ میلیارد تومان | آخرین معامله 20261004 (متوقف یا کم‌معامله)
شاوان,پالایش نفت لاوان,فراورده های نفتی، کک و سوخت هسته ای,42.7,خنثی,100,35,5.6,37,54330,20261003,7.2,40.9,129.3,75.4,10.6,51.2,115.3,80.6,10,0,false,82.1,3.2,above,-1.9,0.69,49720,,-114.8,-314.37,0.99,-64.27,140.04,6145,8.84,8.12,8.9,52593,49988,59540,63014,1.2,اشباع خرید | خروج مستمر پول حقیقی | سهم صفی: 10 روز از ۲۰ روز در صف (ریسک نقدشوندگی و اجرای حد ضرر) | رشد عمودی (129٪ در ۶۰ روز، 51٪ بالای MA50) | 115٪ بالای MA200 | حد ضرر دور (8.0٪) | آخرین معامله 20261003 (متوقف یا کم‌معامله)
هرمز,فولاد هرمزگان جنوب,فلزات اساسی,42.6,خنثی,90,45,2.5,24,4370,20261006,-3.5,8.2,36.1,-17.8,-1.5,14,90.4,56.1,7,2,false,41.2,3.15,above,-8.8,0.63,3700,4660,-18.73,-191.51,0.68,-44.93,54.76,435,10.05,8.05,24.8,4232,4094,4660,4936,1.05,واگرایی منفی RSI | خروج مستمر پول حقیقی | سهم صفی: 7 روز از ۲۰ روز در صف (ریسک نقدشوندگی و اجرای حد ضرر) | 90٪ بالای MA200 | سرانه خرید ضعیف (0.68) | واگرایی منفی | صف فروش در ۵ روز اخیر
فسا,پتروشیمی فسا,محصولات شیمیایی,42.5,خنثی,100,50,45,25,864,20261003,6.2,12.6,18.6,-35.3,10.8,18.2,24.2,82.3,16,0,true,50.4,1.84,above,0,1.28,852,,-0.11,-0.11,6.72,0.67,0.18,47,18.38,,,852,844,912,943,2.44,نقدشوندگی پایین | اشباع خرید | سهم صفی: 16 روز از ۲۰ روز در صف (ریسک نقدشوندگی و اجرای حد ضرر) | نقدشوندگی کمتر از ۱۰ میلیارد تومان | آخرین معامله 20261003 (متوقف یا کم‌معامله)
کوثر,بیمه کوثر,بیمه وصندوق بازنشستگی به جزتامین اجتماعی,42.5,خنثی,90,45,11.8,14,1846,20261006,-1,2.2,19.3,-34.6,0.6,11.5,7.4,57.2,0,0,false,30.2,3.31,above,-19,0.71,1800,1875,-9.39,-31.86,1.15,-3.64,21.78,53,34.83,18.13,92.1,1800,1769,1875,1928,0.38,خروج مستمر پول حقیقی | P/E بالا (35)
سخوز,سیمان خوزستان,سیمان، آهک و گچ,42.4,خنثی,65,20,5.7,70,94960,20261006,-3.3,-7.7,19.1,-34.8,-3.2,6.1,25.6,49.8,3,0,false,22.1,3.85,above,-11.9,1.03,91990,98280,-17.96,-39.06,0.97,-18.48,14.79,15662,6.06,7.14,-15.1,91990,90160,98280,101140,0.69,خروج مستمر پول حقیقی
بالبر,کابل‌ البرز,ماشین آلات و دستگاه‌های برقی,42.3,خنثی,60,35,45.3,24,27250,20261006,-1.7,-3,8.7,-45.3,-0.7,8.2,5.5,53.5,0,0,false,19.6,3.75,above,-35.5,0.75,26640,27760,1.45,2.24,0.95,-0.65,5.58,309,88.19,6.15,1333.9,26640,26128,27760,28544,0.45,P/E بالا (88) | توزیع: ورود حقیقی با سرانه خرید ضعیف (0.84 در ۲۰ روز) | نقدشوندگی کمتر از ۱۰ میلیارد تومان
ثشاهد,سرمایه‌ گذاری‌ شاهد,انبوه سازی، املاک و مستغلات,42.3,خنثی,85,55,9.2,14,11620,20261006,3.5,8.8,33.2,-20.8,-1.1,12.4,41.8,54.9,4,0,false,31.9,3.46,above,-10.3,1.06,10888,12952,-11.42,-72.97,1.13,-39.44,51.29,560,20.75,6.61,213.9,11218,10687,12952,13756,1.43,واگرایی منفی RSI | خروج مستمر پول حقیقی | واگرایی منفی | حد ضرر دور (8.0٪)
ساربیل,سیمان آرتا اردبیل,سیمان، آهک و گچ,42.3,خنثی,56,35,17,57,85740,20261006,-3.8,-9.7,10.1,-43.9,-0.4,1.6,15.3,50.1,1,0,false,15.7,3.71,inside,-15.4,1.14,83650,88300,-4.76,1.44,0.71,-7.74,4.03,11188,7.66,7.14,7.3,83650,82059,88300,90970,0.7,توزیع: ورود حقیقی با سرانه خرید ضعیف (0.65 در ۲۰ روز) | سرانه خرید ضعیف (0.71) | نقدشوندگی کمتر از ۱۰ میلیارد تومان | شناوری کم (10٪)
وثخوز,سرمایه گذاری و توسعه خوزستان,انبوه سازی، املاک و مستغلات,42.1,خنثی,49,80,75.4,10,5290,20261006,1,1.9,-7.5,-61.4,1,3.6,-2.7,52.1,4,1,true,11.5,3.67,inside,-35.9,1.08,5194,5450,1.75,4.93,1.16,1.59,2.21,,,,,5194,5097,5450,5620,0.83,نقدشوندگی پایین | واگرایی منفی RSI | بدون روند (ADX پایین) | بدون EPS مثبت | واگرایی منفی | نقدشوندگی کمتر از ۱۰ میلیارد تومان | صف فروش در ۵ روز اخیر
فباهنر,مس‌ شهیدباهنر,فلزات اساسی,42,خنثی,65,35,2,60,12480,20261006,-1.2,-3.8,30.8,-23.1,-1.9,7.8,46,53.4,2,0,false,22.6,3.36,above,-11.6,0.89,11660,13000,-2.83,-115.38,0.76,-138.98,100.47,1069,11.67,13.48,-13.4,12061,11451,13000,14110,0.51,خروج مستمر پول حقیقی | 191٪ بالای کف ۵۲ هفته | سرانه خرید ضعیف (0.76) | حد ضرر دور (8.2٪)
بهپاک,صنعتی بهپاک,محصولات غذایی و آشامیدنی به جز قند و شکر,42,خنثی,50,20,2,90,15570,20261006,-4.4,-13.7,17.3,-36.6,-4.2,-0.8,63.7,46.3,2,0,false,15.1,3.49,above,-15.2,0.95,14993,16300,-10.22,-34.94,0.72,-44.72,30.1,3539,4.4,7.05,-37.6,15026,14722,16300,16650,0.86,خروج مستمر پول حقیقی | 64٪ بالای MA200 | سرانه خرید ضعیف (0.72)
بمیلا,توسعه سرمایه گذاری میلاد پارس,تجارت عمده فروشی به جز وسایل نقلیه موتور,42,خنثی,80,45,26,10,7210,20261006,-8.8,1.5,6.8,-47.1,-4.5,8.4,2.2,50,8,3,false,30.9,3.56,above,-38.1,0.8,6970,7950,-0.13,22.57,0.42,-18.57,9.15,,,,,6970,6842,7950,8250,2.01,بدون EPS مثبت | سهم صفی: 8 روز از ۲۰ روز در صف (ریسک نقدشوندگی و اجرای حد ضرر) | توزیع: ورود حقیقی با سرانه خرید ضعیف (0.75 در ۲۰ روز) | سرانه خرید ضعیف (0.42) | نقدشوندگی کمتر از ۱۰ میلیارد تومان | صف فروش در ۵ روز اخیر
گوهران,سرمایه گذاری توسعه گوهران امید,سرمایه گذاریها,42,خنثی,100,60,3,37,6940,20261006,1.8,12.5,62.1,8.2,6.8,13.6,69.3,81.8,0,0,true,43.1,2.36,above,-1.6,1.14,6760,,-2.82,-14.94,0.72,-2.02,2.38,725,9.57,8.73,9.6,6776,6678,7432,7759,1.88,نقدشوندگی پایین | واگرایی منفی RSI | اشباع خرید | خروج مستمر پول حقیقی | 69٪ بالای MA200 | سرانه خرید ضعیف (0.72) | واگرایی منفی | نقدشوندگی کمتر از ۱۰ میلیارد تومان
نتوس,پشم‌ بافی‌ توس,منسوجات,42,خنثی,100,60,35,25,2116,20261004,5.6,41.3,146.7,92.8,16.2,50.2,108.2,98.4,17,0,true,89.2,2.54,above,-1.3,0.27,1148,,0,0,6.75,1.37,1.13,156,13.56,,,2062,2009,2277,2384,1.5,نقدشوندگی پایین | اشباع خرید | فاصله زیاد از MA20 | سهم صفی: 17 روز از ۲۰ روز در صف (ریسک نقدشوندگی و اجرای حد ضرر) | رشد عمودی (147٪ در ۶۰ روز، 50٪ بالای MA50) | 108٪ بالای MA200 | نقدشوندگی کمتر از ۱۰ میلیارد تومان | آخرین معامله 20261004 (متوقف یا کم‌معامله)
شپنا,پالایش نفت اصفهان,فراورده های نفتی، کک و سوخت هسته ای,42,خنثی,85,63,1.5,34,13350,20261003,7.9,3.5,45.3,-8.6,-0.5,9.8,93.3,55.9,1,0,false,29.9,3.46,above,-9,0.79,12340,14670,-132.86,-75.9,0.69,-787.31,896.01,1816,7.35,6.26,17.4,12889,12197,14670,15593,1.14,93٪ بالای MA200 | سرانه خرید ضعیف (0.69) | حد ضرر دور (8.6٪) | آخرین معامله 20261003 (متوقف یا کم‌معامله)
سلار,شرکت سیمان لارستان,سیمان، آهک و گچ,41.9,خنثی,65,30,75.5,30,2981,20261006,1.7,-14.8,13.8,-40.1,-3.5,1.2,31.2,47.4,4,0,false,26.1,3.57,above,-17.2,1.05,2790,3064,0.01,0.01,3.66,3.33,2.3,114,26.15,,,2875,2737,3064,3286,0.34,نقدشوندگی پایین | حد ضرر دور (8.2٪) | نقدشوندگی کمتر از ۱۰ میلیارد تومان
چفیبر,تولید فیبر ایران‌,محصولات چوبی,41.8,خنثی,35,30,66.4,35,6730,20261006,2.6,-13,-3.2,-57.1,-3.8,-2.5,27.1,45.2,7,0,false,29.9,3.73,below,-21.2,1.25,6120,6950,1.67,-0.84,1.35,0.64,6.33,224,30.04,28.93,3.9,6479,6102,6950,7560,0.35,سهم صفی: 7 روز از ۲۰ روز در صف (ریسک نقدشوندگی و اجرای حد ضرر) | P/E بالا (30) | حد ضرر دور (9.3٪) | نقدشوندگی کمتر از ۱۰ میلیارد تومان
دفرا,فرآورده‌های‌ تزریقی‌ ایران‌,مواد و محصولات دارویی,41.7,خنثی,41,45,54.8,27,48820,20261006,-4.6,-4.5,21.1,-32.8,1.1,-2.6,76.8,50,4,0,true,21,3.66,inside,-12.8,1.25,46720,50383,6.44,54.84,0.83,-15.77,12.18,3353,14.56,12.91,12.8,47035,45827,50383,51190,0.52,توزیع: ورود حقیقی با سرانه خرید ضعیف (0.69 در ۲۰ روز) | 77٪ بالای MA200
بساما,بیمه سامان,بیمه وصندوق بازنشستگی به جزتامین اجتماعی,41.6,خنثی,100,45,0.5,10,14970,20261006,-0.2,22.8,43.4,-10.6,3,20.1,40.9,69.4,0,0,false,51,3.12,above,-6.4,0.5,14590,15990,-9.29,-17.29,0.33,-8.21,4.96,,,18.13,,14590,14357,15990,16924,1.66,خروج مستمر پول حقیقی | بدون EPS مثبت | سرانه خرید ضعیف (0.33) | نقدشوندگی کمتر از ۱۰ میلیارد تومان
قاروم,قند ارومیه,قند و شکر,41.6,خنثی,100,15,32.5,42,118500,20261006,1.9,9.8,34.7,-19.3,3.9,12.5,39.5,99.6,18,0,false,94.7,0.9,above,0,0.95,87277,,0,0,1.5,0.2,0.09,22219,5.33,,,117433,116367,121700,123833,1.5,نقدشوندگی پایین | اشباع خرید | سهم صفی: 18 روز از ۲۰ روز در صف (ریسک نقدشوندگی و اجرای حد ضرر) | نقدشوندگی کمتر از ۱۰ میلیارد تومان
وپسا,گ.س.پتروشیمی ساختمان خلیج فارس,پیمانکاری صنعتی,41.5,خنثی,85,20,18.2,30,2477,20261006,-6,-8.1,26.5,-27.4,-8.9,2.6,38,43.6,6,1,false,27.8,3.89,above,-20.4,0.67,2233,2697,0,2.96,0.91,-2.86,4.78,20,123.85,,,2381,2236,2697,3110,0.91,سهم صفی: 6 روز از ۲۰ روز در صف (ریسک نقدشوندگی و اجرای حد ضرر) | P/E بالا (124) | حد ضرر دور (9.7٪) | نقدشوندگی کمتر از ۱۰ میلیارد تومان | صف فروش در ۵ روز اخیر
های وب,داده گسترعصرنوین-های وب,اطلاعات و ارتباطات,41.5,خنثی,90,35,20.1,10,465,20261006,-0.6,-2.7,36.8,-17.2,-0.1,13.5,29.6,57.7,1,0,false,37.2,3.47,above,-21.7,0.73,435,482,-0.25,10.7,0.9,-13.84,28.91,,,7.97,,449,427,482,499,0.45,بدون EPS مثبت | توزیع: ورود حقیقی با سرانه خرید ضعیف (0.85 در ۲۰ روز) | حد ضرر دور (8.2٪)
کقزوی,شیشه‌ قزوین‌,سایر محصولات کانی غیرفلزی,41.5,خنثی,65,28,55.6,10,784,20261006,-5.4,-6.1,49.6,-4.3,-4.7,4,29.9,47.3,0,0,false,28.1,3.55,above,-14.8,0.98,771,801,5.27,-0.58,1.34,3.71,5.25,,,,,771,757,801,841,0.64,بدون EPS مثبت | نقدشوندگی کمتر از ۱۰ میلیارد تومان
فروژ,صنایع فروآلیاژ ایران,فلزات اساسی,41.5,خنثی,100,50,2,4,2094,20261006,-5.2,44.8,126.9,72.9,9.9,41.6,97.5,74,13,2,false,76.8,3.31,above,-7.9,2.09,1426,2274,-30.78,-47.4,0.71,-3.67,17.5,46,45.52,8.05,465.5,2025,1955,2274,2413,1.3,خروج مستمر پول حقیقی | سهم صفی: 13 روز از ۲۰ روز در صف (ریسک نقدشوندگی و اجرای حد ضرر) | رشد عمودی (127٪ در ۶۰ روز، 42٪ بالای MA50) | P/E بالا (46) | 98٪ بالای MA200 | سرانه خرید ضعیف (0.71) | صف فروش در ۵ روز اخیر
بتک,کارخانجات کابل سازی‌ تک‌,ماشین آلات و دستگاه‌های برقی,41.4,خنثی,100,58,19.3,20,256900,20261006,5.9,15.8,53.3,-0.6,8.4,19.1,33,83.3,5,0,true,47.1,2.19,above,-0.2,1.03,241708,,0,0.15,0.97,-0.2,0.45,260,988.08,,,251277,242842,273770,285017,1.2,نقدشوندگی پایین | اشباع خرید | P/E بالا (988) | نقدشوندگی کمتر از ۱۰ میلیارد تومان
بکهنوج,تولید برق ماهتاب کهنوج,عرضه برق، گاز، بخاروآب گرم,40.9,خنثی,85,55,27.6,10,1254,20260930,3.5,0.2,41.7,-12.2,-2.3,8,,52.5,4,1,false,31.8,3.5,above,-12.4,0.88,1211,1293,-0.33,-5.67,1.22,1.77,3.26,,,,,1211,1189,1293,1432,0.59,خروج مستمر پول حقیقی | بدون EPS مثبت | نقدشوندگی کمتر از ۱۰ میلیارد تومان | صف فروش در ۵ روز اخیر | آخرین معامله 20260930 (متوقف یا کم‌معامله)
کساپا,سایپاشیشه‌,سایر محصولات کانی غیرفلزی,40.9,خنثی,65,35,47.5,10,3600,20261006,-2.7,-3,15,-38.9,-1.9,3.9,21.9,50.5,3,0,false,20.5,3.42,above,-9.8,0.74,3490,3780,0.05,0.71,1.02,-1.86,4.29,,,12.75,,3490,3428,3780,3990,1.05,بدون EPS مثبت | توزیع: ورود حقیقی با سرانه خرید ضعیف (0.82 در ۲۰ روز) | نقدشوندگی کمتر از ۱۰ میلیارد تومان
زدشت,کشت و صنعت دشت خرم دره,زراعت و خدمات وابسته,40.9,خنثی,85,45,1.5,24,9750,20261006,-1,0.4,26.3,-27.6,-1.2,6.6,48.5,53,0,0,false,27.7,3.77,above,-9.3,1.14,9210,10180,-27.61,-25.71,0.57,-23.5,14.6,1023,9.53,8.07,18.1,9382,9026,10180,10750,0.59,واگرایی منفی RSI | خروج مستمر پول حقیقی | 178٪ بالای کف ۵۲ هفته | سرانه خرید ضعیف (0.57) | واگرایی منفی | حد ضرر دور (7.4٪)
فاهواز,نورد و لوله اهواز,فلزات اساسی,40.8,خنثی,95,40,35,42,7490,20261005,2.6,0.5,15.5,-38.4,1.9,4.6,13,76.2,5,1,false,25.6,1.31,above,-4.1,0.34,7219,7814,0,-1.07,5.65,3.16,2.93,1119,6.69,,,7392,7245,7814,8010,1.32,نقدشوندگی پایین | نقدشوندگی کمتر از ۱۰ میلیارد تومان | صف فروش در ۵ روز اخیر | آخرین معامله 20261005 (متوقف یا کم‌معامله)
پشاهن,تولیدی پلاستیک‌ شاهین,لاستیک و پلاستیک,40.7,خنثی,100,70,21.9,25,121100,20260927,11.3,35.4,85.8,31.8,18,36.3,62.7,93.1,20,0,true,60.8,2.47,above,0,1.72,91457,,0,0,1.28,-0.45,0.15,7250,16.7,,,118109,115118,130074,136056,1.5,نقدشوندگی پایین | واگرایی منفی RSI | اشباع خرید | فاصله زیاد از MA20 | سهم صفی: 20 روز از ۲۰ روز در صف (ریسک نقدشوندگی و اجرای حد ضرر) | رشد عمودی (86٪ در ۶۰ روز، 36٪ بالای MA50) | 63٪ بالای MA200 | واگرایی منفی | نقدشوندگی کمتر از ۱۰ میلیارد تومان | آخرین معامله 20260927 (متوقف یا کم‌معامله)
بزاگرس,نیروگاه زاگرس کوثر,عرضه برق، گاز، بخاروآب گرم,40.7,خنثی,65,30,41.8,19,7570,20261006,-2.1,-17.8,34.6,-19.3,-5.5,4.5,40,46.7,1,0,false,25.5,3.74,above,-19.7,0.65,7420,7910,1.54,-1.56,1.39,-2.14,7,466,16.24,10.04,61.8,7420,7278,7910,9430,1.17,نقدشوندگی کمتر از ۱۰ میلیارد تومان
شراز,پالایش نفت شیراز,فراورده های نفتی، کک و سوخت هسته ای,40.6,خنثی,85,65,2.5,26,92900,20261003,3.2,-5.3,64.7,10.8,-5.9,10,111,50.5,2,0,false,45.9,3.65,above,-17.8,0.68,89000,113000,-26.96,-24.17,0.6,-96.68,84.01,10165,9.14,6.26,46,89507,87304,113000,119786,3.59,111٪ بالای MA200 | سرانه خرید ضعیف (0.60) | شناوری کم (13٪) | آخرین معامله 20261003 (متوقف یا کم‌معامله)
وبیمه,سرمایه‌ گذاری‌ صنعت‌ بیمه‌,سرمایه گذاریها,40.6,خنثی,70,40,27.5,19,2850,20261006,-8.1,-0.7,89.6,35.7,-9.7,10,75.7,45.2,7,1,false,50.7,3.59,above,-19,1,2106,,0.75,-1.08,0.51,-14.84,9.11,188,15.16,7.13,112.6,2748,2646,3157,3361,1.5,سهم صفی: 7 روز از ۲۰ روز در صف (ریسک نقدشوندگی و اجرای حد ضرر) | 76٪ بالای MA200 | سرانه خرید ضعیف (0.51) | حد ضرر دور (7.2٪) | نقدشوندگی کمتر از ۱۰ میلیارد تومان | شناوری کم (12٪) | صف فروش در ۵ روز اخیر
خساپا,سایپا,خودرو و ساخت قطعات,40.6,خنثی,65,45,38.3,10,701,20261006,2.3,-10.4,31.3,-22.6,-1.8,8.1,30.4,52.9,0,0,false,21.7,3.66,above,-11,1.03,669,788,271.77,-117.77,1.21,-20.72,401.13,,,,,675,656,788,839,1.94,بدون EPS مثبت
وارس,سرمایه گذاری ارس صبا,سرمایه گذاریها,40.6,خنثی,31,30,61,60,14840,20260929,1.2,-2.8,18.2,-35.7,-3,-7.9,39.9,42.9,4,0,false,26.1,3.9,inside,-23.5,0.47,14353,15040,0.05,-25.42,5.17,1.65,8.53,3770,3.94,,,14353,14064,15040,17150,0.26,خروج مستمر پول حقیقی | 191٪ بالای کف ۵۲ هفته | نقدشوندگی کمتر از ۱۰ میلیارد تومان | آخرین معامله 20260929 (متوقف یا کم‌معامله)
قشیر,قند شیروان قوچان و بجنورد,قند و شکر,40.5,خنثی,65,45,24.2,24,16330,20261006,-0.4,-5,41.2,-12.7,-0.3,8.3,46,56,0,0,false,25.1,3.68,above,-8.6,0.95,15950,16700,-2,-10.21,1.11,1.19,7.15,1524,10.72,9.57,12,15950,15650,16700,17860,0.54,خروج مستمر پول حقیقی | نقدشوندگی کمتر از ۱۰ میلیارد تومان
ونوین,بانک‌اقتصادنوین‌,بانکها و موسسات اعتباری,40.5,خنثی,65,45,1,47,3810,20261006,-4,0.3,26,-27.9,-1.5,6,72.2,51.7,1,0,false,29.1,3.66,above,-9.3,0.8,3680,3870,-76.11,-457.69,0.79,-156.19,219.98,711,5.36,5.4,-0.8,3680,3610,3870,4200,0.3,واگرایی منفی RSI | خروج مستمر پول حقیقی | 72٪ بالای MA200 | سرانه خرید ضعیف (0.79) | واگرایی منفی
خعمرا,توسعه و عمران شهرستان نائین,خودرو و ساخت قطعات,40.5,خنثی,100,45,20.9,25,6840,20261006,1,17.4,41.9,-12,4.6,21.4,37.9,64.5,6,1,false,43.4,3.37,above,-6.5,0.92,6704,7131,-0.04,0.03,1.04,-1.41,1.89,458,14.93,,,6704,6589,7131,7316,1.16,نقدشوندگی پایین | سهم صفی: 6 روز از ۲۰ روز در صف (ریسک نقدشوندگی و اجرای حد ضرر) | نقدشوندگی کمتر از ۱۰ میلیارد تومان | صف فروش در ۵ روز اخیر
ددام,داروسازی زاگرس فارمد پارس,مواد و محصولات دارویی,40.4,خنثی,90,40,1.5,40,12240,20261005,-6.7,-5.5,75.9,21.9,-8.2,17,83.7,49.6,6,2,false,45.5,3.99,above,-18.3,0.89,8020,13570,-11.23,-72.21,0.43,-37.16,23.51,887,13.8,12.91,6.9,11752,11264,13570,14980,1.36,خروج مستمر پول حقیقی | سهم صفی: 6 روز از ۲۰ روز در صف (ریسک نقدشوندگی و اجرای حد ضرر) | 84٪ بالای MA200 | سرانه خرید ضعیف (0.43) | حد ضرر دور (8.0٪) | صف فروش در ۵ روز اخیر | آخرین معامله 20261005 (متوقف یا کم‌معامله)
فلات,گروه صنایع معادن فلات ایرانیان,سرمایه گذاریها,40.4,خنثی,100,70,35.5,10,28940,20260928,15.8,55.6,172,118.1,26.1,57,107.3,93.3,12,0,true,71.4,2.59,above,0,0.4,19650,,-0.93,-17.75,4.45,1.36,2.32,,,,,28190,27441,31189,32689,1.5,نقدشوندگی پایین | اشباع خرید | فاصله زیاد از MA20 | خروج مستمر پول حقیقی | بدون EPS مثبت | سهم صفی: 12 روز از ۲۰ روز در صف (ریسک نقدشوندگی و اجرای حد ضرر) | رشد عمودی (172٪ در ۶۰ روز، 57٪ بالای MA50) | 107٪ بالای MA200 | نقدشوندگی کمتر از ۱۰ میلیارد تومان | آخرین معامله 20260928 (متوقف یا کم‌معامله)
زاگرس,پتروشیمی زاگرس,محصولات شیمیایی,40.4,خنثی,90,53,2,9,163900,20261006,-6.6,5.4,49.6,-4.3,-2.2,11.8,36.4,53.8,1,1,false,46.8,3.24,above,-7.9,1.35,150200,168899,-102.26,-109.49,0.51,-133.4,34.62,9222,17.77,8.01,121.9,158595,150638,168899,177850,0.38,واگرایی منفی RSI | خروج مستمر پول حقیقی | سرانه خرید ضعیف (0.51) | واگرایی منفی | حد ضرر دور (8.1٪) | صف فروش در ۵ روز اخیر
شتهران,داروسازی تهران شیمی,مواد و محصولات دارویی,40.3,خنثی,50,70,35,70,6770,20260928,3.1,10.6,-17.4,-71.4,5.7,1.3,-22.7,67.2,20,0,true,37.4,0.92,below,-40.5,0.91,6004,6951,0,0,3.8,0.29,0.1,1711,3.96,,,6707,6645,6951,7136,1.44,نقدشوندگی پایین | سهم صفی: 20 روز از ۲۰ روز در صف (ریسک نقدشوندگی و اجرای حد ضرر) | نقدشوندگی کمتر از ۱۰ میلیارد تومان | آخرین معامله 20260928 (متوقف یا کم‌معامله)
اتکاسا,بیمه اتکایی سامان,بیمه وصندوق بازنشستگی به جزتامین اجتماعی,40,خنثی,70,65,2.1,82,6100,20261005,-12.5,12.2,58.2,4.2,-4.9,16.4,,51.4,2,0,false,48.4,3.26,above,-14.1,1.06,4631,6361,-7.14,-17.95,0.83,-6.08,1.9,875,6.97,18.13,-61.5,5901,5702,6361,6768,0.66,نقدشوندگی پایین | واگرایی منفی RSI | خروج مستمر پول حقیقی | واگرایی منفی | نقدشوندگی کمتر از ۱۰ میلیارد تومان | آخرین معامله 20261005 (متوقف یا کم‌معامله)
بمپنا,تولید برق عسلویه  مپنا,عرضه برق، گاز، بخاروآب گرم,39.9,اجتناب,65,8,48.2,27,7200,20261006,-5.4,-12.7,31.9,-22.1,-11.9,2.8,37.2,39.3,3,1,false,30.5,3.67,above,-23.3,0.71,5608,9390,8.8,-37.39,1.05,4.64,11.07,576,12.5,10.04,24.5,6936,6671,9390,9919,4.14,خروج مستمر پول حقیقی | حد ضرر دور (7.3٪) | صف فروش در ۵ روز اخیر
ثعتما,س. ساختمانی اعتماد گستر,انبوه سازی، املاک و مستغلات,39.7,اجتناب,100,75,28.9,10,53940,20261005,4,36.2,102.2,48.3,14.2,29.1,68.9,77.8,1,0,true,54,3.65,above,-4.2,0.85,44602,,-0.98,-1.73,1.36,2.16,1.72,,,,,51972,50003,59845,63782,1.5,نقدشوندگی پایین | واگرایی منفی RSI | خروج مستمر پول حقیقی | بدون EPS مثبت | رشد عمودی (102٪ در ۶۰ روز، 29٪ بالای MA50) | 69٪ بالای MA200 | واگرایی منفی | حد ضرر دور (7.3٪) | نقدشوندگی کمتر از ۱۰ میلیارد تومان | آخرین معامله 20261005 (متوقف یا کم‌معامله)
وپترو,سرمایه‌گذاری صنایع پتروشیمی‌,محصولات شیمیایی,39.6,اجتناب,65,40,1.5,47,74480,20261006,-9,-8.5,84.5,30.6,-7.7,16.1,72.2,49.5,9,3,false,45.2,3.57,above,-16.2,1.18,45767,75460,-56.07,-331.16,0.35,-96.13,63.72,7753,9.61,9.63,-0.2,71824,69167,75460,84400,0.18,خروج مستمر پول حقیقی | سهم صفی: 9 روز از ۲۰ روز در صف (ریسک نقدشوندگی و اجرای حد ضرر) | 72٪ بالای MA200 | سرانه خرید ضعیف (0.35) | حد ضرر دور (7.1٪) | صف فروش در ۵ روز اخیر
میهن,بیمه میهن,بیمه وصندوق بازنشستگی به جزتامین اجتماعی,39.5,اجتناب,85,35,18,10,2517,20261006,-4.4,-10.4,12.9,-41.1,-2.7,6,8.5,50.6,4,0,false,21.7,3.6,above,-17.3,0.85,2442,2558,-2.86,9.18,0.73,-23.82,20.82,,,18.13,,2442,2397,2558,2622,0.34,بدون EPS مثبت | توزیع: ورود حقیقی با سرانه خرید ضعیف (0.65 در ۲۰ روز) | سرانه خرید ضعیف (0.73)
شگامرن,مجتمع پترو صنعت گامرون,محصولات شیمیایی,39.5,اجتناب,100,15,62,4,27540,20261006,1,9.1,40.2,-13.8,6.4,22.6,43.3,83.7,0,0,false,48,2.5,above,-2,1.15,26136,28094,0.34,-2.25,1.8,0.14,0.43,288,95.63,8.01,1093.8,26853,25822,28094,29469,0.32,نقدشوندگی پایین | واگرایی منفی RSI | اشباع خرید | خروج مستمر پول حقیقی | P/E بالا (96) | واگرایی منفی | نقدشوندگی کمتر از ۱۰ میلیارد تومان
وپاسار,بانک  پاسارگاد,بانکها و موسسات اعتباری,39.5,اجتناب,25,18,87.5,26,8800,20261006,-0.2,-15.9,-12.4,-66.3,-7.7,-12,25.7,37.2,4,0,false,44.5,3.63,below,-23,0.44,8100,8940,407.76,6498.61,1.99,88.83,562.15,813,10.82,5.4,100.4,8481,8002,8940,9640,0.18,166٪ بالای کف ۵۲ هفته | حد ضرر دور (9.1٪)
آریان,سرمایه گذاری پارس آریان,سرمایه گذاریها,39.4,اجتناب,100,35,0.5,9,8080,20261006,2.7,21.9,65.9,12,6.4,24.7,69.1,82.2,1,0,false,70.2,2.8,above,-1.1,0.81,6650,,-85.84,-249.98,0.55,-70.89,30.04,492,16.42,8.73,88.1,7854,7628,8758,9210,1.5,اشباع خرید | خروج مستمر پول حقیقی | 69٪ بالای MA200 | سرانه خرید ضعیف (0.55)
تمحرکه,ماشین سازی نیرو محرکه,ماشین آلات و تجهیزات,39.4,اجتناب,85,63,35,30,8550,20261005,0.2,9.9,47.2,-6.8,-2.4,10.7,18.8,54.3,7,0,false,41,3.21,above,-15.3,1.04,8167,8800,0,0.01,2.95,-1.98,1.64,5,1710,,,8275,8029,8800,8980,0.48,نقدشوندگی پایین | سهم صفی: 7 روز از ۲۰ روز در صف (ریسک نقدشوندگی و اجرای حد ضرر) | P/E بالا (1710) | نقدشوندگی کمتر از ۱۰ میلیارد تومان | آخرین معامله 20261005 (متوقف یا کم‌معامله)
لسرما,سرما آفرین‌,ماشین آلات و تجهیزات,39.2,اجتناب,85,40,3.7,19,6450,20261006,-3,-2.2,57.5,3.6,-4.9,4.7,35.7,48.9,4,0,false,35.4,3.52,above,-15.5,0.89,5885,6574,-1.65,-2.47,0.93,-8.79,6.86,411,15.69,5.15,204.7,6223,5882,6574,6750,0.22,حد ضرر دور (8.8٪) | نقدشوندگی کمتر از ۱۰ میلیارد تومان
اخشان,اخشان خراسان,زراعت و خدمات وابسته,38.9,اجتناب,83,55,36,16,17050,20261006,1.4,4.3,18.2,-35.7,0.9,5.2,46.1,53.8,1,0,false,15.5,3.16,above,-8.5,0.72,16497,17308,-1.09,-8.04,6.64,5.56,2.47,1452,11.74,8.07,45.5,16510,16227,17308,18611,0.31,نقدشوندگی پایین | خروج مستمر پول حقیقی | 182٪ بالای کف ۵۲ هفته | نقدشوندگی کمتر از ۱۰ میلیارد تومان
امید,تامین سرمایه امید,فعالیتهای کمکی به نهادهای مالی واسط,38.9,اجتناب,66,35,10.3,78,3630,20261006,-2.2,-5.7,16.3,-37.6,0.4,1.4,21.8,51.2,2,0,false,20.7,2.69,inside,-10.6,0.98,3398,3770,-1.67,-2.4,1.11,-0.61,2.22,755,4.81,5.92,-18.8,3533,3386,3770,3880,0.57,نقدشوندگی پایین | خروج مستمر پول حقیقی | نقدشوندگی کمتر از ۱۰ میلیارد تومان | شناوری کم (2٪)
زماهان,مجتمع تولید گوشت مرغ ماهان,زراعت و خدمات وابسته,38.8,اجتناب,85,45,7.3,10,13280,20261006,-1.8,0.2,17.6,-36.3,-0.7,8.4,22.3,53.3,4,0,false,22.4,3.6,above,-8.7,1.09,12760,13480,-0.93,-0.48,0.99,-6.84,13.05,,,8.07,,12801,12521,13480,13790,0.26,بدون EPS مثبت
تشتاد,صنایع تولیدی اشتاد ایران‌,خودرو و ساخت قطعات,38.7,اجتناب,100,70,9,10,7110,20261006,-1.7,34.1,37.2,-16.7,9.1,30.3,42.4,69.1,5,1,true,47.3,3.3,above,-7.3,1.39,6212,7667,0,-0.12,1.16,-0.82,1.33,,,,,6875,6640,7667,8137,1.19,نقدشوندگی پایین | بدون EPS مثبت | رشد عمودی (37٪ در ۶۰ روز، 30٪ بالای MA50) | نقدشوندگی کمتر از ۱۰ میلیارد تومان | صف فروش در ۵ روز اخیر
ثاصفا,شرکت‌ ساختمان‌ اصفهان‌,انبوه سازی، املاک و مستغلات,38.4,اجتناب,70,45,43.7,30,19080,20261006,-2.3,16.3,16.6,-37.3,1.5,23.5,15.5,59.8,11,2,false,28.6,3.37,above,-11.6,0.91,18268,19400,0,0.68,1.33,1.23,1.09,8,2385,,,18437,17947,19400,20066,0.28,نقدشوندگی پایین | سهم صفی: 11 روز از ۲۰ روز در صف (ریسک نقدشوندگی و اجرای حد ضرر) | P/E بالا (2385) | نقدشوندگی کمتر از ۱۰ میلیارد تومان | صف فروش در ۵ روز اخیر
سخاش,سیمان‌خاش‌,سیمان، آهک و گچ,38.4,اجتناب,65,20,2.5,57,12520,20261006,-3.3,-11.5,14.4,-39.5,-2.8,2.3,36.6,49.2,0,0,false,18.1,3.58,above,-13.4,0.66,12110,12790,-7.41,-81.94,0.72,-13.18,13.29,1929,6.49,7.14,-9.1,12110,11886,12790,13190,0.43,خروج مستمر پول حقیقی | 173٪ بالای کف ۵۲ هفته | سرانه خرید ضعیف (0.72)
سدشت,صنایع سیمان دشتستان,سیمان، آهک و گچ,38.4,اجتناب,73,45,50.8,19,42330,20261006,7,-5.1,25.9,-28.1,-1.1,6.1,33.6,54.5,3,0,false,18.7,3.48,above,-14.7,1.45,40040,46300,1.03,-0.61,1.35,-0.3,2.41,2835,14.93,7.14,109.1,40857,39303,46300,49630,1.31,نقدشوندگی پایین | حد ضرر دور (7.1٪) | نقدشوندگی کمتر از ۱۰ میلیارد تومان | شناوری کم (13٪)
ذوب,ذوب آهن اصفهان,فلزات اساسی,38,اجتناب,85,43,1.5,14,659,20261006,-4.6,0,46.1,-7.8,-5.8,16.6,53.2,52.3,10,0,false,37.3,3.07,above,-15.8,1.11,643,705,-120.82,-368.28,0.58,-669.68,328.39,12,54.92,13.48,307.4,643,633,705,783,1.76,خروج مستمر پول حقیقی | سهم صفی: 10 روز از ۲۰ روز در صف (ریسک نقدشوندگی و اجرای حد ضرر) | P/E بالا (55) | 53٪ بالای MA200 | سرانه خرید ضعیف (0.58)
وتجارت,بانک تجارت,بانکها و موسسات اعتباری,38,اجتناب,85,28,1.5,26,898,20261006,-4.9,-10.8,44.8,-9.1,-3.4,5.3,60,48.6,1,0,false,32,3.62,above,-13.8,0.85,866,953,-609.77,-1869.06,0.75,-951.39,687.23,105,8.55,5.4,58.4,866,850,953,970,1.14,خروج مستمر پول حقیقی | 60٪ بالای MA200 | سرانه خرید ضعیف (0.75)
خفناور,مهندسی صنعتی روان فن آور,خودرو و ساخت قطعات,38,اجتناب,100,55,7.8,20,25610,20261006,4,6.5,31.6,-22.3,3.5,15.8,35,61.2,0,0,false,38.4,3.58,above,-4.1,0.96,23800,26700,-0.12,-4.12,1.07,-0.68,2.64,344,74.45,,,24694,23342,26700,28531,0.48,نقدشوندگی پایین | واگرایی منفی RSI | خروج مستمر پول حقیقی | P/E بالا (74) | واگرایی منفی | حد ضرر دور (8.9٪) | نقدشوندگی کمتر از ۱۰ میلیارد تومان
خپارس,پارس خودرو,خودرو و ساخت قطعات,37.8,اجتناب,90,65,1,10,1931,20261005,-7.9,16.4,69.1,15.2,-3.7,23.7,90.7,54.5,10,1,false,54.9,3.48,above,-14.8,1,1216,1991,-8.57,-17.32,0.77,-30.33,75.69,,,,,1864,1797,1991,2117,0.45,بدون EPS مثبت | سهم صفی: 10 روز از ۲۰ روز در صف (ریسک نقدشوندگی و اجرای حد ضرر) | 91٪ بالای MA200 | سرانه خرید ضعیف (0.77) | صف فروش در ۵ روز اخیر | آخرین معامله 20261005 (متوقف یا کم‌معامله)
بسویچ,پارس‌سویچ‌,ماشین آلات و دستگاه‌های برقی,37.6,اجتناب,85,45,8.5,44,5010,20261006,0.2,-9.2,40.7,-13.2,-2.2,10.7,47.3,54.8,0,0,false,32.2,3.49,above,-11.8,0.81,4940,5200,-0.03,-4.15,1.06,-0.26,2.32,676,7.41,6.15,20.5,4940,4853,5200,5510,1.21,نقدشوندگی پایین | خروج مستمر پول حقیقی | نقدشوندگی کمتر از ۱۰ میلیارد تومان
بپاس,بیمه پاسارگاد,بیمه وصندوق بازنشستگی به جزتامین اجتماعی,37.6,اجتناب,100,33,0,4,13250,20261006,2.3,7.2,46.6,-7.4,3.7,9.7,75.4,90.4,0,0,false,24,1.43,above,-1.3,0.92,12860,,-31.46,-144.48,0.49,-25.65,11.52,484,27.38,18.13,51,13060,12775,13820,14200,1.2,اشباع خرید | خروج مستمر پول حقیقی | 75٪ بالای MA200 | سرانه خرید ضعیف (0.49)
ثتوسا,س.توسعه و عمران استان اردبیل,انبوه سازی، املاک و مستغلات,37,اجتناب,40,45,54,10,15670,20261006,1,-9.4,16.7,-37.2,-2.8,7,-43.3,50.3,4,0,false,23,3.48,above,-75.8,0.65,14890,16380,0.16,-1.42,1.3,3.45,6.05,,,,,15125,14617,16380,18100,0.67,بدون EPS مثبت | نقدشوندگی کمتر از ۱۰ میلیارد تومان
حشکوه,دلیجان طلایی شکوه پارس,حمل ونقل، انبارداری و ارتباطات,36.9,اجتناب,31,30,46.3,40,1286,20261006,-0.2,-9.9,-3.8,-57.7,-3.6,0.9,-1,46.9,2,0,false,18.5,3.65,inside,-25.5,0.7,1271,1347,0.42,4.42,0.97,-1.47,7.05,28,45.93,,,1271,1248,1347,1387,1.6,P/E بالا (46) | نقدشوندگی کمتر از ۱۰ میلیارد تومان
سیلام,سیمان‌ ایلام‌,سیمان، آهک و گچ,36.6,اجتناب,90,35,1.5,9,22180,20261006,-4.7,-3.6,37.4,-16.5,0,8,36,53.6,0,0,false,20.1,3.84,above,-5.1,1.03,20810,23330,-4.49,-18.01,0.72,-10.55,5.47,1179,18.81,7.14,163.5,21329,20385,23330,25032,0.64,واگرایی منفی RSI | خروج مستمر پول حقیقی | سرانه خرید ضعیف (0.72) | واگرایی منفی | حد ضرر دور (8.1٪) | نقدشوندگی کمتر از ۱۰ میلیارد تومان
حآسا,آسیا سیر ارس,حمل ونقل، انبارداری و ارتباطات,35.8,اجتناب,65,45,25.3,4,4580,20261006,-0.2,-8.6,30.5,-23.4,-0.3,7.4,32.7,55.1,1,0,false,21.3,3.73,above,-8.8,0.61,4270,4730,-0.51,-3.93,1.09,0.53,4.19,152,30.13,7.68,292.3,4409,4185,4730,5020,0.38,P/E بالا (30) | حد ضرر دور (8.6٪) | نقدشوندگی کمتر از ۱۰ میلیارد تومان
تپولا,مهندسی مرآت پولاد,خدمات فنی و مهندسی,35.8,اجتناب,90,45,29.2,10,19640,20261006,-0.1,10.8,43.3,-10.7,-0.7,10.6,32.2,55.5,5,0,false,37.6,3.66,above,-9.2,1.63,19390,21640,0,0,1.37,0.99,1.78,,,,,19390,19031,21640,23078,3.28,نقدشوندگی پایین | بدون EPS مثبت | نقدشوندگی کمتر از ۱۰ میلیارد تومان
حرهشا,رهشاد سپاهان (سهامی عام,حمل ونقل، انبارداری و ارتباطات,35.4,اجتناب,90,65,1.7,20,29090,20261006,-1.8,1.9,59.1,5.2,-1.5,8.8,32.7,56.9,0,0,false,33.6,3.5,above,-7.5,1.41,27852,30135,-2.5,-5.39,0.85,-0.97,1.43,351,82.88,,,28071,27343,30135,31437,0.6,نقدشوندگی پایین | خروج مستمر پول حقیقی | P/E بالا (83) | نقدشوندگی کمتر از ۱۰ میلیارد تومان
وطوبی,سرمایه گذاری اقتصاد شهر طوبی,سرمایه گذاریها,35.3,اجتناب,100,30,28.2,9,6260,20261006,2.1,24.2,40,-13.9,9.1,28.9,110.4,78.6,1,0,false,53.9,2.35,above,-0.3,1.8,5780,,-5.78,-7.16,1.43,-4.36,1.67,459,13.64,8.73,56.2,6113,5966,6702,6996,1.5,نقدشوندگی پایین | اشباع خرید | خروج مستمر پول حقیقی | 110٪ بالای MA200 | نقدشوندگی کمتر از ۱۰ میلیارد تومان
تکشا,گسترش‌صنایع‌وخدمات‌کشاورزی‌,ماشین آلات و تجهیزات,35.1,اجتناب,35,30,50.4,24,9140,20261006,2.1,-4.4,-15.3,-69.2,-5.6,-2,7.3,44.4,5,1,false,20.9,4.03,below,-38,0.93,8948,9326,0.21,3.16,1.16,-18.29,9.69,310,29.48,5.15,472.5,8948,8764,9326,9499,0.49,توزیع: ورود حقیقی با سرانه خرید ضعیف (0.62 در ۲۰ روز) | نقدشوندگی کمتر از ۱۰ میلیارد تومان | صف فروش در ۵ روز اخیر
بپردیس,بیمه پردیس,بیمه وصندوق بازنشستگی به جزتامین اجتماعی,35,اجتناب,100,75,0,20,3000,20261004,6.1,7.7,109.1,55.2,0.4,24.6,77.9,62.2,4,0,false,40,3,above,-8,0.75,2817,3262,-1.98,-4.41,0.66,-0.82,0.85,129,23.26,,,2910,2775,3262,3442,1.16,نقدشوندگی پایین | واگرایی منفی RSI | خروج مستمر پول حقیقی | رشد عمودی (109٪ در ۶۰ روز، 25٪ بالای MA50) | 78٪ بالای MA200 | سرانه خرید ضعیف (0.66) | واگرایی منفی | حد ضرر دور (7.5٪) | نقدشوندگی کمتر از ۱۰ میلیارد تومان | آخرین معامله 20261004 (متوقف یا کم‌معامله)
نوین,بیمه نوین,بیمه وصندوق بازنشستگی به جزتامین اجتماعی,34.8,اجتناب,70,50,1,14,9690,20261006,-9,8.5,118.4,64.5,-6.6,11.6,136.6,49.3,5,3,false,48.6,3.27,above,-18,0.85,8880,11820,-22.71,-32.24,0.39,-24.75,11.27,358,27.07,18.13,49.3,9373,8897,11820,12454,2.69,واگرایی منفی RSI | خروج مستمر پول حقیقی | رشد عمودی (118٪ در ۶۰ روز، 12٪ بالای MA50) | 137٪ بالای MA200 | سرانه خرید ضعیف (0.39) | واگرایی منفی | حد ضرر دور (8.2٪) | صف فروش در ۵ روز اخیر
افرا,افرانت,رایانه و فعالیت‌های وابسته به آن,34.7,اجتناب,25,33,53.5,29,8660,20261006,-5.5,-19.7,-27.3,-81.2,-6.4,-18.3,21.1,34.2,2,1,true,34.6,3.82,below,-37.7,0.44,8320,9300,2.4,46.14,0.6,-23.58,29.46,605,14.31,8.89,61,8329,8154,9300,10020,1.27,توزیع: ورود حقیقی با سرانه خرید ضعیف (0.52 در ۲۰ روز) | 184٪ بالای کف ۵۲ هفته | سرانه خرید ضعیف (0.60) | صف فروش در ۵ روز اخیر
آبادا,تولید نیروی برق آبادان,عرضه برق، گاز، بخاروآب گرم,34.1,اجتناب,70,40,36.5,4,10850,20261005,-0.5,2.8,21.3,-32.6,-1.9,5.3,35.8,49.5,0,0,false,20.5,3.48,above,-7.3,0.9,10712,11547,-4.7,-7.23,6.98,10.39,4.05,272,39.89,7.09,462.6,10712,10523,11547,12303,2.13,خروج مستمر پول حقیقی | P/E بالا (40) | نقدشوندگی کمتر از ۱۰ میلیارد تومان | شناوری کم (10٪) | آخرین معامله 20261005 (متوقف یا کم‌معامله)
ولتجار,واسپاری تجارایرانیان,سایر واسطه گریهای مالی,33.8,اجتناب,40,30,27,36,3130,20261006,-1.6,-4.3,26.1,-27.8,-4.1,2.8,-18.1,47.1,2,0,false,26,3.67,above,-50.4,1.26,3049,3280,-0.07,10.6,0.78,-9.31,6.8,278,11.26,5.8,94.1,3049,2991,3280,3450,1.08,توزیع: ورود حقیقی با سرانه خرید ضعیف (0.79 در ۲۰ روز) | سرانه خرید ضعیف (0.78) | نقدشوندگی کمتر از ۱۰ میلیارد تومان
کتوسعه,توسعه صنایع و معادن کوثر,استخراج سایر معادن,33.7,اجتناب,85,28,36.5,34,19190,20261005,-3.6,-9.4,45.1,-8.8,-4,6.8,45,49.2,1,0,false,43.4,3.16,above,-12.8,0.86,18310,20400,-0.58,-7.13,5.95,8.67,2.74,1794,10.7,9.57,11.8,18583,18006,20400,22000,1.02,نقدشوندگی پایین | خروج مستمر پول حقیقی | نقدشوندگی کمتر از ۱۰ میلیارد تومان | آخرین معامله 20261005 (متوقف یا کم‌معامله)
ثفارس,عمران‌وتوسعه‌فارس‌,انبوه سازی، املاک و مستغلات,33.3,اجتناب,25,30,55.2,24,14710,20261006,2.6,-6.8,17.7,-36.2,-5.9,-0.5,-6.5,46.4,2,0,false,22.4,3.67,above,-33.6,1.08,14403,15068,31.64,107.52,0.91,-38.44,75.97,264,55.72,6.61,743,14403,14133,15068,16000,0.62,P/E بالا (56) | توزیع: ورود حقیقی با سرانه خرید ضعیف (0.70 در ۲۰ روز)
رانفور,خدمات‌انفورماتیک‌,رایانه و فعالیت‌های وابسته به آن,33,اجتناب,31,30,56.6,14,4990,20261006,-0.6,-9.4,-9.5,-63.4,-3.8,-5.4,26.1,44.3,1,0,false,15.3,3.67,inside,-16.1,0.89,4910,5080,0.11,21.11,0.98,-6.49,8.61,154,32.4,18.19,78.1,4910,4818,5080,5263,0.52,P/E بالا (32) | توزیع: ورود حقیقی با سرانه خرید ضعیف (0.76 در ۲۰ روز) | نقدشوندگی کمتر از ۱۰ میلیارد تومان | شناوری کم (14٪)
مبین,مبین انرژی خلیج فارس,عرضه برق، گاز، بخاروآب گرم,32.9,اجتناب,25,8,28,67,11350,20261006,-6.2,-9.6,-23.2,-77.1,-5.5,-16.9,2.9,34.1,0,0,false,29,4.1,below,-34.6,0.68,10597,11750,-15.88,1417.23,0.46,-344.21,252.06,1581,7.18,7.09,1.3,10885,10364,11750,12284,0.41,توزیع: ورود حقیقی با سرانه خرید ضعیف (0.57 در ۲۰ روز) | سرانه خرید ضعیف (0.46) | حد ضرر دور (8.7٪)
ثعمرا,عمران و توسعه شاهد,انبوه سازی، املاک و مستغلات,32.8,اجتناب,70,20,17.2,14,14860,20261006,-4.7,-1.6,37.1,-16.8,-4.2,5.4,43.2,49.1,0,0,false,21.3,3.54,above,-10.4,1.12,14511,15900,-1.06,0.58,0.85,-2.23,3.17,378,39.31,23.59,66.6,14511,14248,15900,16592,1.7,P/E بالا (39) | نقدشوندگی کمتر از ۱۰ میلیارد تومان
گشان,توسعه بین المللی پدیده شاندیز,هتل و رستوران,32.7,اجتناب,41,20,23.7,42,27520,20261006,-3.1,-5.4,27,-26.9,-3.6,-0.1,40.5,46.6,1,0,false,25.4,3.7,inside,-13.4,0.95,26500,28050,-8.59,-34.59,1.11,1.68,11.98,3153,8.73,,,26501,25991,28050,28960,0.35,خروج مستمر پول حقیقی
زفکا,کشت و دامداری فکا,زراعت و خدمات وابسته,32.4,اجتناب,65,20,1.5,34,8130,20261006,-5.8,-3.4,9.9,-44,-2.5,2.1,43.4,49.5,2,0,false,14.7,3.6,above,-11.7,1.5,7808,8470,-23.7,-20.91,0.42,-114.51,31.46,910,8.93,8.07,10.7,7837,7661,8470,8650,0.73,بدون روند (ADX پایین) | 213٪ بالای کف ۵۲ هفته | سرانه خرید ضعیف (0.42)
قشکر,شکر,قند و شکر,32.4,اجتناب,65,50,1.5,10,5120,20261006,-2.1,-8.9,61.1,7.2,-5.2,7.9,54.8,49.9,5,0,false,29.4,3.39,above,-17.7,1.08,4890,5350,-0.33,-2.61,0.8,-7.45,6.56,,,9.8,,4947,4803,5350,6220,0.73,بدون EPS مثبت | 55٪ بالای MA200 | سرانه خرید ضعیف (0.80) | نقدشوندگی کمتر از ۱۰ میلیارد تومان
گکیش,توریستی ورفاهی آبادگران کیش,هتل و رستوران,32.1,اجتناب,46,30,79.1,30,9360,20261005,-7.9,3.8,35.1,-18.8,-5.3,-0.5,21.9,42.9,2,0,false,19.4,4.43,inside,-13.2,1.03,9048,9696,1.64,8.51,1.2,0.61,1.97,60,156,,,9048,8841,9696,10159,0.65,نقدشوندگی پایین | P/E بالا (156) | نقدشوندگی کمتر از ۱۰ میلیارد تومان | آخرین معامله 20261005 (متوقف یا کم‌معامله)
انرژی,بورس انرژی ایران,فعالیتهای کمکی به نهادهای مالی واسط,31.8,اجتناب,56,30,21.9,14,22420,20261006,-1.1,-10.5,23.7,-30.2,-3.5,0.9,51.5,47.5,0,0,false,26.5,3.83,inside,-14,0.65,21470,23467,-20.03,17.69,0.98,-49.3,64.11,522,42.95,5.92,625.5,21560,21040,23467,25950,0.76,P/E بالا (43) | توزیع: ورود حقیقی با سرانه خرید ضعیف (0.71 در ۲۰ روز) | 52٪ بالای MA200
آپ,آسان پرداخت پرشین,رایانه و فعالیت‌های وابسته به آن,31.7,اجتناب,10,18,86.5,14,10340,20261006,2.8,-12.7,-1.3,-55.3,-5.5,-7.9,-2.6,39.5,0,0,false,18.3,3.52,below,-19.8,1.68,9975,10611,27.53,38.84,1.1,4.58,6.62,86,120.23,18.19,561,9976,9793,10611,10914,0.5,P/E بالا (120) | توزیع: ورود حقیقی با سرانه خرید ضعیف (0.75 در ۲۰ روز) | نقدشوندگی کمتر از ۱۰ میلیارد تومان
بایکا,کارخانجات کابلسازی ‌ایران‌,ماشین آلات و دستگاه‌های برقی,31.7,اجتناب,100,50,6.9,20,30960,20260930,8.7,27.4,24.8,-29.1,11.5,23.2,39.7,84,1,0,true,36.7,3.37,above,-1.8,1.05,28962,,-0.58,-3.68,1.05,-0.47,0.93,523,59.2,,,29916,28440,34091,36179,1.24,نقدشوندگی پایین | اشباع خرید | خروج مستمر پول حقیقی | P/E بالا (59) | حد ضرر دور (8.1٪) | نقدشوندگی کمتر از ۱۰ میلیارد تومان | آخرین معامله 20260930 (متوقف یا کم‌معامله)
پاریز,پاریز شرق,انبوه سازی، املاک و مستغلات,31.4,اجتناب,0,18,87,24,37410,20261006,-1.7,-17.4,-4.2,-58.1,-5.1,-15.1,,39.5,12,1,false,36.3,3.61,,-28,1.37,35463,38383,0.42,16.44,9.07,43.32,13.3,823,45.46,23.59,92.7,36060,34788,38383,39190,0.37,سهم صفی: 12 روز از ۲۰ روز در صف (ریسک نقدشوندگی و اجرای حد ضرر) | P/E بالا (45) | حد ضرر دور (7.0٪) | صف فروش در ۵ روز اخیر
بالاس,مهندسی ساختمان تاسیسات راه آهن,پیمانکاری صنعتی,31.3,اجتناب,39,20,37.5,45,48410,20261005,-1.9,-2.6,-1.8,-55.7,-4.6,0.3,-9.9,44.9,1,0,false,16.8,3.69,inside,-40.6,0.71,47728,49900,-0.09,0.69,1.08,2.36,11.45,1907,25.39,25.78,-1.5,47728,46834,49900,50860,0.95,توزیع: ورود حقیقی با سرانه خرید ضعیف (0.82 در ۲۰ روز) | آخرین معامله 20261005 (متوقف یا کم‌معامله)
ثامان,سامان‌ گستراصفهان‌,انبوه سازی، املاک و مستغلات,30.9,اجتناب,6,38,57,29,30670,20261006,9.3,-22.1,45.9,-8,-7.7,-11.1,-23.9,41.1,11,0,false,44.8,3.83,inside,-60.1,1.81,27150,36485,8.24,-1.65,3.2,-72.71,31.77,1764,17.39,6.61,163,29496,27734,36485,38474,1.98,واگرایی منفی RSI | سهم صفی: 11 روز از ۲۰ روز در صف (ریسک نقدشوندگی و اجرای حد ضرر) | واگرایی منفی | حد ضرر دور (9.6٪)
تپمپی,پمپ‌ سازی‌ ایران‌,ماشین آلات و تجهیزات,30.8,اجتناب,100,45,11.2,16,7370,20260927,0.1,7.9,42,-11.9,2.9,17.2,68.7,61.4,0,0,false,46.5,3.57,above,-6.7,1.89,7135,7900,-3.46,-11.83,0.83,-2.31,2.94,787,9.36,5.15,81.8,7135,7003,7900,8426,1.45,نقدشوندگی پایین | واگرایی منفی RSI | خروج مستمر پول حقیقی | 69٪ بالای MA200 | واگرایی منفی | نقدشوندگی کمتر از ۱۰ میلیارد تومان | آخرین معامله 20260927 (متوقف یا کم‌معامله)
دانا,بیمه دانا,بیمه وصندوق بازنشستگی به جزتامین اجتماعی,30.5,اجتناب,40,30,60.1,10,2253,20261003,2,-6.5,14.3,-39.6,-4.2,1.2,-5,45,1,0,false,21.6,3.35,above,-29.7,1.21,2180,2328,2.63,-16.73,1.16,0.37,4.54,,,4.59,,2180,2142,2328,2479,0.67,واگرایی منفی RSI | خروج مستمر پول حقیقی | بدون EPS مثبت | واگرایی منفی | نقدشوندگی کمتر از ۱۰ میلیارد تومان | آخرین معامله 20261003 (متوقف یا کم‌معامله)
سفار,سیمان‌فارس‌,سیمان، آهک و گچ,30.4,اجتناب,65,20,1.5,26,224000,20261006,-6.2,-6.7,16.3,-37.6,-5.3,5.8,17.7,48.1,2,0,false,26,3.45,above,-16.2,0.7,218900,244225,-5.92,-4.24,0.47,-8.44,3.89,19436,11.53,7.14,61.4,218900,215034,244225,267400,2.26,خروج مستمر پول حقیقی | سرانه خرید ضعیف (0.47) | نقدشوندگی کمتر از ۱۰ میلیارد تومان | شناوری کم (8٪)
سنیر,سیمان‌ سفید نی‌ریز,سیمان، آهک و گچ,29.9,اجتناب,31,30,1.5,57,6810,20261006,0.3,-4.9,22,-31.9,-1,-1.9,47.7,49.4,1,0,false,14,3.82,inside,-12.5,1.06,6430,7100,-5.61,-14.25,0.78,-10.58,9.24,963,7.07,7.14,-1,6550,6300,7100,7380,0.57,خروج مستمر پول حقیقی | بدون روند (ADX پایین) | 215٪ بالای کف ۵۲ هفته | سرانه خرید ضعیف (0.78) | حد ضرر دور (7.5٪) | نقدشوندگی کمتر از ۱۰ میلیارد تومان
غگز,صنایع غذایی سکه,محصولات غذایی و آشامیدنی به جز قند و شکر,29.7,اجتناب,10,45,46.7,24,3250,20261006,-1.5,-10,-39.4,-93.3,-3.6,-8,-0.9,43.6,6,0,true,23.1,3.57,below,-47.6,1.07,3080,3380,8.28,24.02,0.93,-34.72,24.59,81,40.12,7.05,469.1,3134,3022,3380,3920,0.57,سهم صفی: 6 روز از ۲۰ روز در صف (ریسک نقدشوندگی و اجرای حد ضرر) | P/E بالا (40) | توزیع: ورود حقیقی با سرانه خرید ضعیف (0.61 در ۲۰ روز) | حد ضرر دور (7.0٪)
وبصادر,بانک صادرات ایران,بانکها و موسسات اعتباری,29.3,اجتناب,65,20,9.2,14,914,20261006,-3.5,-11.2,25,-28.9,-6,3,37.4,45.4,1,0,false,26.7,3.58,above,-15.1,0.56,774,926,-167.66,-590.83,1.07,-141.97,246.07,5,182.8,5.4,3285.2,881,849,926,975,0.18,خروج مستمر پول حقیقی | P/E بالا (183) | حد ضرر دور (7.2٪)
حپترو,حمل و نقل پتروشیمی( سهامی عام,حمل ونقل، انبارداری و ارتباطات,29.2,اجتناب,75,45,16.7,14,17620,20261006,6.4,-4.2,31.8,-22.2,0.5,6.9,21.2,55.7,3,0,false,24.5,3.76,above,-10.7,1.69,17280,18020,-2.07,-2.65,1.01,-0.34,1.98,623,28.28,19.33,46.3,17280,16949,18020,19740,0.6,نقدشوندگی پایین | واگرایی منفی RSI | خروج مستمر پول حقیقی | واگرایی منفی | نقدشوندگی کمتر از ۱۰ میلیارد تومان
غناب,روغن‌ نباتی‌ ناب,محصولات غذایی و آشامیدنی به جز قند و شکر,29,اجتناب,65,20,2.1,20,1138,20261006,-4.8,-2.2,40,-13.9,-2.4,5.4,34.7,49.2,1,0,false,18.1,3.69,above,-9.3,0.66,1098,1226,-1.19,-3.16,0.84,-2.86,6.04,41,27.76,,,1098,1077,1226,1253,1.43,نقدشوندگی کمتر از ۱۰ میلیارد تومان
میدکو,توسعه معادن وص.معدنی خاورمیانه,فلزات اساسی,28.9,اجتناب,25,30,47.5,14,6380,20261006,1.4,-7.3,-8.1,-62,-2.3,-2.7,14.1,47.1,2,0,false,14.1,3.47,below,-15.9,0.62,6230,6490,-4.41,197.88,2.02,-65.56,101.14,93,68.6,13.48,408.9,6230,6119,6490,6610,0.42,بدون روند (ADX پایین) | P/E بالا (69) | توزیع: ورود حقیقی با سرانه خرید ضعیف (0.54 در ۲۰ روز) | شناوری کم (9٪)
پارتا,مجتمع صنعتی آرتاویل تایر,لاستیک و پلاستیک,28.3,اجتناب,90,45,0,9,19160,20261006,-5.1,2.4,39.7,-14.2,-2.8,19.5,76.9,57.6,0,0,false,45.4,2.75,above,-8.6,0.55,18273,19699,-3.46,-13.83,0.23,-3.11,1.6,985,19.45,9.84,97.7,18634,18009,19699,20284,0.47,نقدشوندگی پایین | واگرایی منفی RSI | خروج مستمر پول حقیقی | 77٪ بالای MA200 | سرانه خرید ضعیف (0.23) | واگرایی منفی | نقدشوندگی کمتر از ۱۰ میلیارد تومان
غالبر,لبنیات‌ کالبر,محصولات غذایی و آشامیدنی به جز قند و شکر,27.9,اجتناب,53,45,2,10,31040,20261006,-3.8,2.3,12.4,-41.5,-1.1,6.3,-10.1,52.1,3,1,false,17.4,3.38,above,-38.5,0.81,30287,33013,-5.21,-8.02,0.55,-25.08,15.73,,,8.53,,30287,29763,33013,33890,1.55,بدون EPS مثبت | سرانه خرید ضعیف (0.55) | صف فروش در ۵ روز اخیر
دشیمی,شیمی‌ داروئی‌ داروپخش‌,مواد و محصولات دارویی,27.4,اجتناب,41,50,1.5,19,40890,20261006,-7.8,-20.1,86.6,32.6,-7.5,-2.3,74.3,43,3,1,false,34.2,3.54,inside,-22.4,1.14,23770,44630,-11.29,-65.91,0.49,-33.54,12.35,2096,19.51,12.91,51.1,39443,37996,44630,46380,1.29,خروج مستمر پول حقیقی | 74٪ بالای MA200 | سرانه خرید ضعیف (0.49) | حد ضرر دور (7.1٪) | صف فروش در ۵ روز اخیر
ثزاگرس,سرمایه گذاری توسعه عمران زاگرس,انبوه سازی، املاک و مستغلات,26,اجتناب,10,30,28.1,40,108400,20261006,-0.2,-2.8,-32.9,-86.8,-2.8,-2.3,-25.2,45.2,3,0,false,28.4,3.93,below,-50.3,0.86,103200,111885,0.02,-0.19,0.9,-3.36,6.03,123,881.3,,,104145,101072,111885,113600,0.48,P/E بالا (881) | نقدشوندگی کمتر از ۱۰ میلیارد تومان
سپ,پرداخت الکترونیک سامان کیش,رایانه و فعالیت‌های وابسته به آن,26,اجتناب,90,45,8.1,12,14490,20260930,-2,1.3,34.7,-19.2,-0.9,13.6,15.8,57.5,1,0,false,43.9,3.91,above,-6,0.56,14325,15001,-0.17,-1.87,1.08,-0.05,0.79,662,21.89,18.19,20.3,14325,14041,15001,15334,1.14,نقدشوندگی پایین | واگرایی منفی RSI | خروج مستمر پول حقیقی | واگرایی منفی | نقدشوندگی کمتر از ۱۰ میلیارد تومان | شناوری کم (10٪) | آخرین معامله 20260930 (متوقف یا کم‌معامله)
شپلی,پلی اکریل ایران,محصولات شیمیایی,26,اجتناب,50,16,1,30,5690,20261006,-10.5,-8.7,46.5,-7.4,-13.8,-3.9,91.8,36,10,2,false,32,3.74,above,-23.1,1.81,5440,6170,-8.33,-38.4,0.51,-156.01,50.81,237,24.01,,,5477,5334,6170,7400,1.35,سهم صفی: 10 روز از ۲۰ روز در صف (ریسک نقدشوندگی و اجرای حد ضرر) | 92٪ بالای MA200 | سرانه خرید ضعیف (0.51) | صف فروش در ۵ روز اخیر
وتوس,توسعه‌شهری‌توس‌گستر,انبوه سازی، املاک و مستغلات,24.9,اجتناب,50,20,44.4,19,7570,20261006,-3.1,-9.8,5.6,-48.3,-4.1,-2.7,18.3,44.5,0,0,false,19.6,3.81,above,-12.1,0.71,7330,7800,0.37,1.34,0.94,-0.41,2.94,381,19.87,6.61,200.6,7330,7186,7800,7983,0.6,نقدشوندگی پایین | نقدشوندگی کمتر از ۱۰ میلیارد تومان
ساذری,آذریت‌,سایر محصولات کانی غیرفلزی,24.3,اجتناب,30,70,35,10,30540,20261006,15.8,-0.2,-26.8,-80.7,7.3,-3.8,-4.4,57.2,5,0,true,36.3,3.41,below,-29.5,0.88,29435,31266,0,-0.12,4.26,1.88,0.7,,,,,29498,28914,31266,32161,0.45,نقدشوندگی پایین | بدون EPS مثبت | نقدشوندگی کمتر از ۱۰ میلیارد تومان
ثنوسا,نوسازی‌وساختمان‌تهران‌,انبوه سازی، املاک و مستغلات,22.8,اجتناب,41,30,3.8,14,8410,20261006,-2.8,-15.9,21.2,-32.7,-7.5,-4.4,21.1,41.9,1,0,false,27.2,3.71,inside,-21.8,0.95,7980,8525,-3.45,-7.7,0.89,-8.26,8.45,62,135.65,6.61,1952.1,8098,7824,8525,9027,0.2,P/E بالا (136) | نقدشوندگی کمتر از ۱۰ میلیارد تومان
وایران,لیزینگ ایرانیان,سایر واسطه گریهای مالی,21.1,اجتناب,16,30,17.1,24,4890,20261006,-1.8,-17.4,13.7,-40.2,-3.7,-1.7,-25.2,44.3,0,0,false,30.1,3.74,inside,-60.9,0.73,4740,5106,-0.11,0.27,0.85,-3.65,6.84,200,24.45,9.94,146,4740,4649,5106,5957,0.89,توزیع: ورود حقیقی با سرانه خرید ضعیف (0.63 در ۲۰ روز) | نقدشوندگی کمتر از ۱۰ میلیارد تومان
تکنو,تکنوتار,ماشین آلات و تجهیزات,20.5,اجتناب,25,33,1.5,24,4020,20261006,-2.2,-9.9,-43.2,-97.1,-6.1,-24,14.7,31.9,2,0,true,53.1,3.81,below,-56.3,0.57,2511,4295,-1.61,-7.18,0.74,-15.96,20.28,154,26.1,5.15,406.9,3867,3714,4295,4382,0.9,244٪ بالای کف ۵۲ هفته | سرانه خرید ضعیف (0.74) | حد ضرر دور (7.6٪)
پلاست,کارخانجات تولیدی پلاستیران,لاستیک و پلاستیک,20.5,اجتناب,25,33,1.5,24,1995,20261006,-1.5,-10.7,-44.3,-98.2,-2.6,-13.9,16.7,39.7,1,0,true,36.4,3.64,below,-45.8,0.69,1851,2085,-2.38,-2.81,0.71,-18.77,21.18,93,21.45,9.84,118,1922,1815,2085,2150,0.5,سرانه خرید ضعیف (0.71) | حد ضرر دور (9.0٪)
قتربت,قند تربت حیدریه,قند و شکر,20,اجتناب,0,43,1.5,44,8600,20261006,-0.5,-15.7,10.7,-43.2,-3.9,-12.9,,38.2,0,0,true,29.5,3.56,below,-26.3,0.48,8330,8850,-1.09,-6.31,0.76,-2.45,4.54,775,11.1,9.57,16,8330,8177,8850,9645,0.59,خروج مستمر پول حقیقی | 176٪ بالای کف ۵۲ هفته | سرانه خرید ضعیف (0.76) | نقدشوندگی کمتر از ۱۰ میلیارد تومان
فکمند,گسترش قطعه سازی کمند,ساخت محصولات فلزی,17.6,اجتناب,48,30,19,10,12310,20261006,1.5,-3.4,9.7,-44.3,-2.3,4.5,-13.6,49.8,0,0,false,16.2,4.02,above,-54.5,0.79,11933,12883,0,0.07,0.94,-1.07,2.89,,,,,11933,11686,12883,13172,0.92,نقدشوندگی پایین | بدون EPS مثبت | توزیع: ورود حقیقی با سرانه خرید ضعیف (0.86 در ۲۰ روز) | نقدشوندگی کمتر از ۱۰ میلیارد تومان
تاتمس,کارخانجات صنعتی وتولیدی اتمسفر,ماشین آلات و تجهیزات,16,اجتناب,35,8,25.5,30,11580,20261006,-10,-14.4,-16.7,-70.6,-10.6,-6.1,10.8,35.1,4,2,false,26.6,3.62,below,-19.2,1.74,11452,11811,0.22,-3.38,0.38,-3.44,0.72,248,46.69,,,11452,11242,11811,12321,0.68,نقدشوندگی پایین | واگرایی منفی RSI | خروج مستمر پول حقیقی | P/E بالا (47) | سرانه خرید ضعیف (0.38) | واگرایی منفی | نقدشوندگی کمتر از ۱۰ میلیارد تومان | صف فروش در ۵ روز اخیر
نبروج,نساجی بروجرد,منسوجات,15,اجتناب,55,55,0,10,19520,20260914,4.1,-3.1,-11.9,-65.8,2.3,-8.8,11.8,45.3,12,0,true,48.7,1.25,below,-24.3,0.56,18380,22188,0,0,,0,0.37,,,,,19276,19033,22188,22725,5.48,نقدشوندگی پایین | بدون EPS مثبت | سهم صفی: 12 روز از ۲۰ روز در صف (ریسک نقدشوندگی و اجرای حد ضرر) | 1041٪ بالای کف ۵۲ هفته | نقدشوندگی کمتر از ۱۰ میلیارد تومان | آخرین معامله 20260914 (متوقف یا کم‌معامله)
شرنگی,شیمیایی رنگین,محصولات شیمیایی,13.7,اجتناب,65,28,0.5,14,18550,20261005,-5.9,-5.3,50.4,-3.5,-3.6,7.7,49.8,48.4,0,0,false,30.5,4.1,above,-10.9,0.89,18197,18883,-3.9,-14.34,0.63,-5.01,2.49,317,58.52,8.01,630.6,18197,17816,18883,20817,0.45,نقدشوندگی پایین | واگرایی منفی RSI | خروج مستمر پول حقیقی | P/E بالا (59) | سرانه خرید ضعیف (0.63) | واگرایی منفی | نقدشوندگی کمتر از ۱۰ میلیارد تومان | آخرین معامله 20261005 (متوقف یا کم‌معامله)
خلیبل,مالیبل سایپا,خودرو و ساخت قطعات,10.1,اجتناب,50,30,6.4,10,1748,20261005,1.2,-9.5,2.3,-51.7,-4.6,-1.5,7.7,44.5,2,1,false,25.3,3.92,above,-15.8,1.06,1720,1797,0,0,1.05,-0.16,0.53,,,,,1720,1685,1797,1842,0.79,نقدشوندگی پایین | بدون EPS مثبت | نقدشوندگی کمتر از ۱۰ میلیارد تومان | صف فروش در ۵ روز اخیر | آخرین معامله 20261005 (متوقف یا کم‌معامله)
