symbol,name,sector,score,signal,trend,momentum,money,value,close,lastDate,ret5,ret20,ret60,rs60,vsSma20,vsSma50,vsSma200,rsi,lockedDays20,sellQueueDays5,macdAboveSignal,adx,atrPct,cloud,fromHigh52,volRatio,support1,resistance1,netReal5B,netReal20B,power5,smt5B,liquidityB,eps,pe,sectorPE,peVsSector,entryLow,stop,target1,target2,rr,flags
وبوعلی,سرمایه‌گذاری‌بوعلی‌,سرمایه گذاریها,91.5,پرریسک؛ صفی/رشد عمودی,100,85,98,80,3960,20260930,7.6,30.3,75.5,24,11.8,32.1,85.7,77.6,2,0,true,60.2,3.33,above,-0.8,1.77,3740,,28.41,22.42,2.25,23.4,6.47,1066,3.71,7.13,-47.9,3828,3674,4356,4619,1.38,رشد عمودی (75٪ در ۶۰ روز، 32٪ بالای MA50) | 86٪ بالای MA200 | حد ضرر دور (7.2٪) | نقدشوندگی کمتر از ۱۰ میلیارد تومان
وسبحان,سرمایه گذاری سبحان,سرمایه گذاریها,91.4,قوی ولی پرریسک؛ فعلاً ورود نه,100,85,97.5,80,3750,20260930,9,19.4,88.7,37.3,10.5,25.1,95.9,75,2,0,true,50,2.97,above,0,1.3,3550,,18.96,16.66,1.65,3.56,7.54,956,3.92,8.73,-55.1,3639,3494,4084,4307,1.31,واگرایی منفی RSI | توزیع: ورود حقیقی با سرانه خرید ضعیف (0.84 در ۲۰ روز) | 96٪ بالای MA200 | واگرایی منفی | نقدشوندگی کمتر از ۱۰ میلیارد تومان
ولساپا,لیزینگ رایان‌ سایپا,سایر واسطه گریهای مالی,88.9,پرریسک؛ صفی/رشد عمودی,100,70,99.5,80,1646,20260930,15.7,63.8,91.2,39.8,26.8,55.5,112.6,92.1,12,0,true,64.5,2.49,above,0,1.44,1076,,36.5,97.64,4.59,86,22.61,335,4.91,9.94,-50.6,1605,1564,1769,1851,1.5,اشباع خرید | فاصله زیاد از MA20 | سهم صفی: 12 روز از ۲۰ روز در صف (ریسک نقدشوندگی و اجرای حد ضرر) | رشد عمودی (91٪ در ۶۰ روز، 56٪ بالای MA50) | 113٪ بالای MA200
سمگا,گروه سرمایه گذاری میراث فرهنگی,هتل و رستوران,88.3,قوی ولی پرریسک؛ فعلاً ورود نه,100,100,98,55,4250,20260930,7.6,17.7,53.2,1.7,9.5,20.9,60.6,69.3,3,1,true,33.9,3,above,0,1.23,4090,,220.88,297.25,3.09,202.95,57.61,1002,4.24,4.69,-9.6,4123,4026,4632,4887,1.71,واگرایی منفی RSI | 61٪ بالای MA200 | واگرایی منفی | صف فروش در ۵ روز اخیر
غدانه,پنبه و دانه های روغنی خراسان,محصولات غذایی و آشامیدنی به جز قند و شکر,86.8,پرریسک؛ صفی/رشد عمودی,100,100,87,60,20090,20260930,15.4,20.6,84,32.5,9.8,14.7,74.6,67.5,7,0,true,36.8,3.08,above,0,0.58,19610,,31.63,50.87,4.64,38.74,42.48,3417,5.88,7.05,-16.6,19610,19300,21947,23185,2.35,واگرایی منفی RSI | سهم صفی: 7 روز از ۲۰ روز در صف (ریسک نقدشوندگی و اجرای حد ضرر) | توزیع: ورود حقیقی با سرانه خرید ضعیف (0.81 در ۲۰ روز) | 75٪ بالای MA200 | واگرایی منفی
پترول,گ.س.وت.ص.پتروشیمی خلیج فارس,محصولات شیمیایی,86.1,قوی ولی پرریسک؛ فعلاً ورود نه,100,75,84.5,80,2559,20260930,2.9,14.9,52.4,0.9,1.9,13.5,55.9,59.3,3,0,false,33.9,3.48,above,-9.4,0.73,2406,2825,5.01,139,1.5,1.87,70.75,710,3.6,9.63,-62.6,2470,2361,2825,3003,1.35,56٪ بالای MA200 | حد ضرر دور (7.7٪)
داتام,گروه مالی داتام,سرمایه گذاریها,85.4,قوی؛ نزدیک مقاومت، منتظر شکست یا پولبک,100,55,97.5,80,4040,20260930,8,11,27.8,-23.6,5.1,18,50.4,67.4,1,0,false,34.8,3.29,above,-2.7,1.29,3930,4150,6.68,9.45,3.15,17.36,4.65,1405,2.88,7.13,-59.7,3930,3864,4150,4415,0.62,50٪ بالای MA200 | نقدشوندگی کمتر از ۱۰ میلیارد تومان | شناوری کم (5٪)
ولبهمن,شرکت بهمن لیزینگ,سایر واسطه گریهای مالی,85,قوی ولی پرریسک؛ فعلاً ورود نه,95,75,98,68,3271,20260930,15.6,11.8,64.5,13,3.9,22.9,59.9,65,5,0,false,37.8,3.08,above,-8.4,1.91,2810,3570,77.04,60.77,14.13,47.42,15.74,776,4.22,5.8,-27.3,3170,3070,3570,3771,1.49,60٪ بالای MA200
کهمدا,شیشه‌ همدان‌,سایر محصولات کانی غیرفلزی,85,پرریسک؛ صفی/رشد عمودی,100,75,88,72,6200,20260930,12.3,17,69.4,17.9,6.5,19.7,119.5,68.3,7,0,false,35.9,3.35,above,-2.7,0.52,5580,6370,20.17,85.18,6.91,32.44,22.67,981,6.32,12.75,-50.4,5993,5681,6370,6785,0.33,سهم صفی: 7 روز از ۲۰ روز در صف (ریسک نقدشوندگی و اجرای حد ضرر) | 120٪ بالای MA200 | حد ضرر دور (8.4٪)
داترا,آترا زیست آرای,مواد و محصولات دارویی,84.4,قوی ولی پرریسک؛ فعلاً ورود نه,100,100,87.5,50,7360,20260930,8.7,16.6,60.2,8.7,8.3,20.8,,67.8,3,0,true,32.5,3.4,above,0,0.94,7265,,48.68,51.25,15.96,80.41,30.88,777,9.47,12.91,-26.6,7265,7140,8111,8612,3.41,185٪ بالای کف ۵۲ هفته
ودی,بیمه  دی,بیمه وصندوق بازنشستگی به جزتامین اجتماعی,84.4,قوی ولی پرشده؛ منتظر پولبک,100,85,77.5,72,7110,20260930,14.5,17.3,72.1,20.6,13.8,28.6,63.3,77.6,1,0,true,45.6,3.05,above,-0.1,0.95,6410,,8.3,1.45,1.97,8.71,3.99,1197,5.94,18.13,-67.2,6893,6677,7760,8193,1.5,63٪ بالای MA200 | نقدشوندگی کمتر از ۱۰ میلیارد تومان
پارس,پتروشیمی پارس,محصولات شیمیایی,84.3,پرریسک؛ صفی/رشد عمودی,100,70,89,72,3290,20260930,15.8,50.7,52.3,0.8,21.2,39.2,55.6,84,9,0,true,48.8,2.71,above,0,0.51,2929,,221.11,537.9,6.21,197.82,104.9,492,6.69,9.63,-30.6,3201,3112,3558,3736,1.5,اشباع خرید | فاصله زیاد از MA20 | سهم صفی: 9 روز از ۲۰ روز در صف (ریسک نقدشوندگی و اجرای حد ضرر) | رشد عمودی (52٪ در ۶۰ روز، 39٪ بالای MA50) | 56٪ بالای MA200 | شناوری کم (6٪)
معین,بیمه ایران - معین,بیمه وصندوق بازنشستگی به جزتامین اجتماعی,84.1,پرریسک؛ صفی/رشد عمودی,100,70,88.5,72,3470,20260930,13.9,31.6,86.5,35,15,34.9,67.7,81.2,6,0,true,59.3,2.82,above,0,0.8,3130,,24.26,28.74,7.42,40.05,12.23,644,5.39,18.13,-70.3,3372,3274,3764,3960,1.5,اشباع خرید | فاصله زیاد از MA20 | سهم صفی: 6 روز از ۲۰ روز در صف (ریسک نقدشوندگی و اجرای حد ضرر) | رشد عمودی (86٪ در ۶۰ روز، 35٪ بالای MA50) | 68٪ بالای MA200
غمینو,شرکت صنایع غذایی مینو شرق,محصولات غذایی و آشامیدنی به جز قند و شکر,83.9,قوی؛ نزدیک مقاومت، منتظر شکست یا پولبک,100,100,88.5,47,9360,20260930,9.3,23.5,52.4,1,9.1,13.8,102.1,66.7,4,0,true,30.3,3.48,above,-1.5,0.61,8750,9500,24.78,86.12,8.35,24.55,27.01,1231,7.6,7.05,7.9,9035,8587,9500,10151,0.18,102٪ بالای MA200 | حد ضرر دور (8.3٪)
کرازی,کارخانجات‌تولیدی‌شیشه‌رازی‌,سایر محصولات کانی غیرفلزی,83.4,قوی؛ نزدیک مقاومت، منتظر شکست یا پولبک,95,75,97.5,62,1955,20260930,9.7,14.5,73.1,21.7,5.7,19,72,65.5,5,0,false,28.2,3.42,above,-3.8,1.24,1839,2032,92.01,93.3,9.04,64.1,21.32,221,8.85,12.75,-30.6,1888,1806,2032,2166,0.52,72٪ بالای MA200 | حد ضرر دور (7.6٪)
دتماد,تولیدمواداولیه‌داروپخش‌,مواد و محصولات دارویی,83.3,قوی؛ نزدیک مقاومت، منتظر شکست یا پولبک,95,100,89,50,59640,20260930,9.7,2.4,76.3,24.9,7.2,17.9,124.7,67.7,3,0,true,30.6,3.26,above,-3.2,0.63,49000,61590,21.83,49.28,2.11,14.18,32.06,5718,10.43,12.91,-19.2,57695,55749,61590,65481,0.5,توزیع: ورود حقیقی با سرانه خرید ضعیف (0.66 در ۲۰ روز) | 125٪ بالای MA200
ثبهساز,بهساز کاشانه تهران,انبوه سازی، املاک و مستغلات,83.2,قوی؛ نزدیک مقاومت، منتظر شکست یا پولبک,83,80,89,80,2011,20260930,9.8,6.3,27.2,-24.3,5.2,9.1,54.8,62,1,0,true,16,3.24,above,-1.2,1.15,1920,2033,36.38,67.89,4.98,100.8,31.38,655,3.07,6.61,-53.6,1946,1887,2033,2163,0.18,55٪ بالای MA200
وتوکا,سرمایه‌گذاری‌توکافولاد(هلدینگ,فلزات اساسی,83.1,قوی؛ نزدیک مقاومت، منتظر شکست یا پولبک,95,75,86.5,72,3780,20260930,9.2,11.8,75.4,23.9,3.5,24,52.5,64.5,4,0,false,38.9,3.23,above,-5.7,0.47,3590,4010,13.27,54.9,6.36,18.18,35.28,724,5.22,13.48,-61.3,3658,3529,4010,4254,0.92,واگرایی منفی RSI | 52٪ بالای MA200 | واگرایی منفی
پی پاد,پرداخت الکترونیک پاسارگاد,رایانه و فعالیت‌های وابسته به آن,83,پرریسک؛ صفی/رشد عمودی,85,75,98.1,72,7640,20260930,4.1,2.7,107.6,56.1,-0.1,22.1,95.7,64.1,5,0,false,48.2,3.65,above,-8.5,1.33,7190,8350,52.14,61.25,1.56,77.96,38.55,1006,7.59,18.19,-58.2,7361,7050,8350,8908,1.2,رشد عمودی (108٪ در ۶۰ روز، 22٪ بالای MA50) | 96٪ بالای MA200 | حد ضرر دور (7.7٪) | شناوری کم (12٪)
ومدیر,گ.مدیریت ارزش سرمایه ص ب کشوری,سرمایه گذاریها,83,قوی؛ نزدیک مقاومت، منتظر شکست یا پولبک,100,75,72,80,3123,20260930,7,21,52.1,0.7,6.3,17.1,43.2,67,2,0,false,34.3,2.93,above,-3.3,1.84,2830,3229,1.04,-4.4,3.09,17.51,5.98,904,3.45,7.13,-51.5,3032,2940,3229,3412,0.58,نقدشوندگی کمتر از ۱۰ میلیارد تومان
شدوص,دوده‌ صنعتی‌ پارس‌,محصولات شیمیایی,83,پرریسک؛ صفی/رشد عمودی,95,75,98,60,7540,20260930,10.6,7.1,65.4,13.9,4.6,15.2,60.9,62.7,6,0,false,39.4,3.4,above,-4.4,1.37,7290,7660,70.04,96.51,8.58,67.28,12.74,1044,7.22,9.63,-25,7290,7162,7660,7890,0.32,سهم صفی: 6 روز از ۲۰ روز در صف (ریسک نقدشوندگی و اجرای حد ضرر) | 61٪ بالای MA200
دلقما,دارویی‌ لقمان‌,مواد و محصولات دارویی,82,پرریسک؛ صفی/رشد عمودی,95,100,84,50,10530,20260930,11.4,10.7,190.6,139.2,8.6,23.1,182.2,67.4,7,0,true,42.9,3.49,above,-9.1,1.38,9630,11590,119.53,96.92,2.8,-24.38,86.37,1109,9.5,12.91,-26.5,10163,9612,11590,12325,1.15,سهم صفی: 7 روز از ۲۰ روز در صف (ریسک نقدشوندگی و اجرای حد ضرر) | رشد عمودی (191٪ در ۶۰ روز، 23٪ بالای MA50) | توزیع: ورود حقیقی با سرانه خرید ضعیف (0.66 در ۲۰ روز) | 182٪ بالای MA200 | حد ضرر دور (8.7٪)
فتوسا,تولید و توسعه سرب روی ایرانیان,فلزات اساسی,81.9,پرریسک؛ صفی/رشد عمودی,100,60,87.5,72,7210,20260930,8.3,32.8,89.9,38.4,8.7,26.2,107.6,70.4,10,0,false,50.5,3.08,above,-1.9,1.04,6470,7350,7.07,28.46,2.96,33.22,16.59,1389,5.19,8.05,-35.5,6988,6767,7350,7793,0.32,سهم صفی: 10 روز از ۲۰ روز در صف (ریسک نقدشوندگی و اجرای حد ضرر) | 108٪ بالای MA200
فپنتا,سپنتا,فلزات اساسی,81.9,پرریسک؛ صفی/رشد عمودی,100,63,97,60,48020,20260930,3.4,23.3,46.4,-5,2.7,26,32.7,62.7,15,1,false,48.3,3.01,above,-15.2,1.74,45942,50404,67.61,143.53,2.01,26.18,24.39,4100,11.71,13.48,-13.1,46573,45219,50404,52467,0.85,سهم صفی: 15 روز از ۲۰ روز در صف (ریسک نقدشوندگی و اجرای حد ضرر) | توزیع: ورود حقیقی با سرانه خرید ضعیف (0.88 در ۲۰ روز) | صف فروش در ۵ روز اخیر
کاما,باما,استخراج کانه های فلزی,81.8,پرریسک؛ صفی/رشد عمودی,95,75,81.3,72,5750,20260930,14.1,6.5,89.6,38.1,3.6,23.4,106.1,65.5,8,0,false,45.3,3.26,above,-7.6,0.83,5300,6220,114.26,143.47,1.33,12.96,120.34,786,7.32,13.76,-46.8,5563,5282,6220,6594,1,سهم صفی: 8 روز از ۲۰ روز در صف (ریسک نقدشوندگی و اجرای حد ضرر) | توزیع: ورود حقیقی با سرانه خرید ضعیف (0.76 در ۲۰ روز) | 106٪ بالای MA200 | حد ضرر دور (8.1٪)
ثاخت,بین‌المللی‌توسعه‌ساختمان,انبوه سازی، املاک و مستغلات,81.7,قوی ولی پرشده؛ منتظر پولبک,95,73,74.5,80,884,20260930,14.7,16.3,46.6,-4.9,14.5,23.4,68.4,75.1,5,0,true,32.1,2.95,above,0,0.99,808,,30.26,34.58,7.24,-38.57,30.32,199,4.44,6.61,-32.8,858,819,962,1014,1.2,توزیع: ورود حقیقی با سرانه خرید ضعیف (0.85 در ۲۰ روز) | 68٪ بالای MA200 | حد ضرر دور (7.4٪)
دفارا,داروسازی‌ فارابی‌,مواد و محصولات دارویی,81.6,قوی ولی پرشده؛ منتظر پولبک,100,85,88.5,50,20430,20260930,15.2,21,81.2,29.7,13.5,28.5,130.2,74.4,5,0,true,44.5,3.1,above,0,0.83,18870,,143.78,143.64,3.31,74.4,76.22,1956,10.44,12.91,-19.1,19796,18844,22333,23602,1.2,توزیع: ورود حقیقی با سرانه خرید ضعیف (0.81 در ۲۰ روز) | 130٪ بالای MA200 | حد ضرر دور (7.8٪)
کیمیا,ص. معدنی کیمیای زنجان گستران,فلزات اساسی,81.6,پرریسک؛ صفی/رشد عمودی,100,60,86.5,72,6760,20260930,9.4,28,133,81.5,7.8,29.7,132,71.9,8,0,false,69.8,3.07,above,-3.4,0.94,5980,7000,13.41,24.27,1.84,16.15,19.64,949,7.12,13.48,-47.2,6552,6344,7000,7416,0.58,سهم صفی: 8 روز از ۲۰ روز در صف (ریسک نقدشوندگی و اجرای حد ضرر) | رشد عمودی (133٪ در ۶۰ روز، 30٪ بالای MA50) | 132٪ بالای MA200
فایرا,آلومینیوم‌ایران‌,فلزات اساسی,81.6,قوی ولی پرریسک؛ فعلاً ورود نه,100,100,54.4,72,16270,20260930,13.5,21.8,91.5,40,9.4,18,118,68.5,3,0,true,30.5,3.26,above,0,0.86,15970,,41.37,118.95,0.87,-14.53,71.83,2419,6.73,13.48,-50.1,15970,15704,17863,18926,2.82,توزیع: ورود حقیقی با سرانه خرید ضعیف (0.69 در ۲۰ روز) | 118٪ بالای MA200
نیان,نیان الکترونیک,تولید محصولات کامپیوتری الکترونیکی ونوری,81.5,قوی ولی پرریسک؛ فعلاً ورود نه,95,100,62,70,3910,20260930,11.4,11.1,57.3,5.9,8.8,18.4,32.1,67.8,3,0,true,28.8,3.22,above,-12.6,0.73,3770,4185,1.19,-23.36,5.96,23.94,12.18,678,5.77,7.98,-27.7,3784,3707,4185,4473,1.35,واگرایی منفی RSI | خروج مستمر پول حقیقی | واگرایی منفی
خموتور,موتورسازان‌تراکتورسازی‌ایران‌,خودرو و ساخت قطعات,81.2,ورود پله‌ای,95,88,98.5,42,2490,20260930,14.5,13.2,51,-0.5,8.3,14.5,33,67.2,2,0,true,40.7,3.61,above,-7.1,2.04,2430,2681,51.14,46.39,5.91,29.25,11.08,385,6.47,,,2430,2385,2681,2860,1.81,
توسن,توسعه سامانه ی نرم افزاری نگین,رایانه و فعالیت‌های وابسته به آن,80.8,پرریسک؛ صفی/رشد عمودی,100,85,63,72,13640,20260930,14.1,22.3,125.6,74.2,10.9,27.9,165.7,76.6,6,0,true,50.1,3.27,above,0,1.1,13265,,11.09,-18.37,2.88,24.86,43.19,2242,6.08,8.89,-31.6,13265,13042,14978,15871,2.24,سهم صفی: 6 روز از ۲۰ روز در صف (ریسک نقدشوندگی و اجرای حد ضرر) | رشد عمودی (126٪ در ۶۰ روز، 28٪ بالای MA50) | 166٪ بالای MA200
الکتروماد,صنایع الکترونیک مادیران,ماشین آلات و تجهیزات,80.6,پرریسک؛ صفی/رشد عمودی,95,75,76.5,72,5040,20260930,8.9,12,104.8,53.4,4.9,19.1,90.2,63.7,6,0,false,43.9,3.1,above,-6.1,0.8,4790,5370,3.92,0.94,20.48,39.41,17.12,957,5.27,9.66,-45.5,4884,4712,5370,5683,1.01,واگرایی منفی RSI | سهم صفی: 6 روز از ۲۰ روز در صف (ریسک نقدشوندگی و اجرای حد ضرر) | رشد عمودی (105٪ در ۶۰ روز، 19٪ بالای MA50) | 90٪ بالای MA200 | واگرایی منفی
واعتبار,سرمایه گذاری اعتبار ایران,سرمایه گذاریها,80.4,پرریسک؛ صفی/رشد عمودی,100,60,73.5,80,3820,20260930,5.9,42.6,107.7,56.2,18.7,49.1,116.1,89.9,3,0,true,78.2,2.67,above,0,1.39,2338,,2.4,-0.99,5.41,2.32,4.86,827,4.62,7.13,-35.2,3718,3616,4126,4330,1.5,اشباع خرید | فاصله زیاد از MA20 | رشد عمودی (108٪ در ۶۰ روز، 49٪ بالای MA50) | 116٪ بالای MA200 | نقدشوندگی کمتر از ۱۰ میلیارد تومان
فولاد,فولاد مبارکه اصفهان,فلزات اساسی,80.1,پرریسک؛ صفی/رشد عمودی,100,65,76.5,72,3620,20260930,8.1,35.6,19.5,-32,15,30.7,50.4,77.5,3,0,true,51.9,2.94,above,0,0.54,3409,,340.12,768.08,3.43,492.43,1168.72,518,6.99,13.48,-48.2,3514,3356,3939,4151,1.21,فاصله زیاد از MA20 | رشد عمودی (19٪ در ۶۰ روز، 31٪ بالای MA50) | 50٪ بالای MA200 | حد ضرر دور (7.3٪)
شبصیر,تولیدات پتروشیمی قائد بصیر,محصولات شیمیایی,80.1,پرریسک؛ صفی/رشد عمودی,100,85,72.5,60,17020,20260930,6.3,35.1,64.4,13,12.1,33.7,82.8,77.4,3,0,true,56.4,3.16,above,-2.1,1.05,16000,,4.67,56,2.37,-2.38,31.29,2884,5.9,8.01,-26.3,16483,15731,18632,19707,1.25,رشد عمودی (64٪ در ۶۰ روز، 34٪ بالای MA50) | 83٪ بالای MA200 | حد ضرر دور (7.6٪)
شجم,صنایع پتروشیمی تخت جمشید,محصولات شیمیایی,80.1,قوی ولی پرریسک؛ فعلاً ورود نه,100,65,88.5,60,11680,20260930,10.3,19.3,34.6,-16.9,10.6,24.4,31.3,72.3,3,0,true,34.2,3.13,above,0,0.89,11050,,27.67,20.54,5.04,28.75,10.73,1969,5.93,8.01,-25.9,11314,10867,12777,13509,1.35,واگرایی منفی RSI | واگرایی منفی
وبهمن,سرمایه‌گذاری‌بهمن‌,سرمایه گذاریها,80.1,قوی ولی پرریسک؛ فعلاً ورود نه,95,55,82.2,80,2210,20260930,5.6,5.7,32.1,-19.4,0.6,9.7,21.5,56.4,2,0,false,21.7,3.25,above,-9,0.89,2166,2428,73.99,176.74,1.37,44.88,27.87,710,3.11,7.13,-56.3,2166,2130,2428,2572,2.73,توزیع: ورود حقیقی با سرانه خرید ضعیف (0.88 در ۲۰ روز)
ددانا,داروسازی دانا,مواد و محصولات دارویی,79.9,پرریسک؛ صفی/رشد عمودی,95,100,88.5,37,22930,20260930,15.8,9.1,150.1,98.6,10.2,19.1,146,68.4,8,0,true,35.3,2.96,above,-3.7,0.76,22390,23810,70.17,34.47,8.64,93.62,31.62,2409,9.52,8.86,7.4,22390,22050,23810,25169,1,سهم صفی: 8 روز از ۲۰ روز در صف (ریسک نقدشوندگی و اجرای حد ضرر) | رشد عمودی (150٪ در ۶۰ روز، 19٪ بالای MA50) | 146٪ بالای MA200
فنورد,نوردوقطعات‌ فولادی‌,فلزات اساسی,79.6,پرریسک؛ صفی/رشد عمودی,100,60,88.5,62,13260,20260930,12,18.1,105.9,54.5,8.9,31.3,140,74,3,0,false,55.8,3.55,above,-1,0.74,11770,13400,24.31,34.31,1.76,15.41,20.2,1550,8.55,13.48,-36.5,12789,12318,13400,14342,0.15,واگرایی منفی RSI | رشد عمودی (106٪ در ۶۰ روز، 31٪ بالای MA50) | توزیع: ورود حقیقی با سرانه خرید ضعیف (0.71 در ۲۰ روز) | 140٪ بالای MA200 | واگرایی منفی | حد ضرر دور (7.1٪)
خلنت,لنت‌ ترمزایران‌,خودرو و ساخت قطعات,79.3,قوی ولی پرریسک؛ فعلاً ورود نه,95,80,97,42,6180,20260930,12.2,14.4,39.9,-11.6,9.4,17.4,62.3,69.2,3,0,true,30.8,3.05,above,-0.8,1.94,6000,,26.96,21.35,1.99,22.09,8.35,1027,6.02,,,6000,5906,6746,7123,2.06,62٪ بالای MA200 | نقدشوندگی کمتر از ۱۰ میلیارد تومان
فسبزوار,پارس فولاد سبزوار,فلزات اساسی,79.1,قوی؛ نزدیک مقاومت، منتظر شکست یا پولبک,100,80,60.3,72,81950,20260930,9.6,24.2,40.5,-11,8.3,15.7,73.4,66.5,4,0,true,25.5,3.14,above,-0.2,0.76,74940,,26.93,-21.19,1.49,54,55.49,14489,5.66,13.48,-58,79374,75510,89678,94830,1.2,واگرایی منفی RSI | 73٪ بالای MA200 | واگرایی منفی | حد ضرر دور (7.9٪)
شکلر,نیروکلر,محصولات شیمیایی,79,پرریسک؛ صفی/رشد عمودی,100,85,78,50,33640,20260930,15,26.6,61.2,9.7,15,35.1,100.5,78.1,7,0,true,52.1,2.91,above,-0.6,0.94,31080,,23.43,3.82,4.91,47.86,26.05,3984,8.44,9.63,-12.3,32662,31196,36573,38529,1.2,اشباع خرید | فاصله زیاد از MA20 | سهم صفی: 7 روز از ۲۰ روز در صف (ریسک نقدشوندگی و اجرای حد ضرر) | رشد عمودی (61٪ در ۶۰ روز، 35٪ بالای MA50) | توزیع: ورود حقیقی با سرانه خرید ضعیف (0.79 در ۲۰ روز) | 101٪ بالای MA200 | حد ضرر دور (7.3٪)
خیمن,ایمن خودرو شرق,خودرو و ساخت قطعات,78.9,قوی؛ نزدیک مقاومت، منتظر شکست یا پولبک,95,100,41.4,80,5340,20260930,8.3,6.6,70.2,18.8,7.2,11.5,58.7,67.2,0,0,true,27.4,3.45,above,-5.5,1.35,4930,5650,-2.64,36.78,0.96,-25.21,25.7,1533,3.48,5.87,-40.7,5156,4879,5650,6019,0.67,59٪ بالای MA200 | حد ضرر دور (8.6٪)
کساوه,صنایع‌ کاشی‌ و سرامیک‌ سینا,کاشی و سرامیک,78.8,پرریسک؛ صفی/رشد عمودی,100,75,88,47,32450,20260930,9.4,16.2,66,14.5,9.3,23.6,102.6,68.1,11,0,false,39.4,3,above,-1.1,1.11,29564,32800,34.48,27.57,13.67,35.25,21.14,4425,7.33,7.65,-4.1,31478,30020,32800,34744,0.14,سهم صفی: 11 روز از ۲۰ روز در صف (ریسک نقدشوندگی و اجرای حد ضرر) | 103٪ بالای MA200 | حد ضرر دور (7.5٪)
فاما,صنعتی‌ آما,ساخت محصولات فلزی,78.6,پرریسک؛ صفی/رشد عمودی,100,75,87.5,47,6960,20260930,9.6,22.8,77.2,25.8,7.4,23.9,106.3,67.6,9,0,false,48.2,3.06,above,-5.2,0.84,6160,7340,26.37,28.73,11.5,23.95,10.35,922,7.55,7.54,0.1,6747,6534,7340,7766,0.89,سهم صفی: 9 روز از ۲۰ روز در صف (ریسک نقدشوندگی و اجرای حد ضرر) | 106٪ بالای MA200
وصنعت,سرمایه گذاری توسعه صنعت وتجارت,سرمایه گذاریها,78.5,قوی؛ نزدیک مقاومت، منتظر شکست یا پولبک,100,63,63.7,80,2975,20260930,4.4,14.6,44.7,-6.8,4.1,16.5,55.1,64.4,2,0,false,38.1,3.22,above,-5.8,0.68,2765,3159,1.06,2.05,1.07,0.08,4.45,884,3.37,7.13,-52.8,2879,2735,3159,3351,0.77,55٪ بالای MA200 | حد ضرر دور (8.1٪) | نقدشوندگی کمتر از ۱۰ میلیارد تومان | شناوری کم (13٪)
لبوتان,گروه‌صنعتی‌بوتان‌,ماشین آلات و تجهیزات,78.4,قوی ولی پرریسک؛ فعلاً ورود نه,95,80,88.5,47,4710,20260930,8.8,9.5,35.4,-16,8.3,14.2,51.5,67.5,1,0,true,33.7,3.31,above,-0.2,0.62,4660,,5.18,41.19,2.07,7.23,7.64,849,5.55,5.15,7.7,4660,4582,5177,5488,3.65,52٪ بالای MA200 | نقدشوندگی کمتر از ۱۰ میلیارد تومان
بخاور,بیمه زندگی خاورمیانه,بیمه وصندوق بازنشستگی به جزتامین اجتماعی,78.2,قوی ولی پرشده؛ منتظر پولبک,100,73,72.5,62,7460,20260930,10.2,21.7,46.6,-4.9,11.3,20.7,76.6,76.5,5,0,true,33.9,2.66,above,0,1.43,7010,,10.82,-3.98,3.34,9.06,3.27,813,9.18,18.13,-49.4,7261,6963,8056,8454,1.2,خروج مستمر پول حقیقی | 77٪ بالای MA200 | نقدشوندگی کمتر از ۱۰ میلیارد تومان
زفجر,کشاورزی و دامپروری فجر اصفهان,زراعت و خدمات وابسته,78.1,قوی ولی پرشده؛ منتظر پولبک,100,85,77.5,47,57450,20260930,14.9,14.4,55,3.6,13.3,20.4,101.4,72,3,0,true,22.3,3.01,above,-0.2,0.93,53370,,0.31,12.8,7.76,29.14,13.58,7903,7.27,8.07,-9.9,55718,53120,62646,66109,1.2,واگرایی منفی RSI | 101٪ بالای MA200 | واگرایی منفی | حد ضرر دور (7.5٪)
توریل,توکاریل,حمل ونقل، انبارداری و ارتباطات,78.1,قوی؛ نزدیک مقاومت، منتظر شکست یا پولبک,100,55,88.5,60,3400,20260930,0.6,4.9,24,-27.4,0.4,12.5,27.2,56,1,0,false,27.5,3.56,above,-7.6,0.69,3260,3530,15.97,60.05,4.03,8.22,12.64,616,5.52,7.68,-28.1,3279,3199,3530,3680,0.65,واگرایی منفی RSI | واگرایی منفی
خکرمان,سرمایه گذاری آرمان گستر پاریز,خودرو و ساخت قطعات,78,پرریسک؛ صفی/رشد عمودی,100,60,64,80,11880,20260930,3.8,24,103.7,52.2,12.5,39.7,116.8,80.2,3,0,true,57.3,3.42,above,-0.9,1.29,11740,,57.06,123.58,0.48,-103.86,38.07,4303,2.76,5.87,-53,11740,11537,13098,13910,3.55,اشباع خرید | رشد عمودی (104٪ در ۶۰ روز، 40٪ بالای MA50) | توزیع: ورود حقیقی با سرانه خرید ضعیف (0.57 در ۲۰ روز) | 117٪ بالای MA200 | سرانه خرید ضعیف (0.48)
غشاذر,پگاه‌آذربایجان‌غربی‌,محصولات غذایی و آشامیدنی به جز قند و شکر,78,قوی ولی پرریسک؛ فعلاً ورود نه,88,73,88,60,21240,20260930,13.7,17.3,45.3,-6.2,9.2,18.6,82.7,70.4,3,0,true,19.1,3.41,above,0,1.14,20600,,37.03,56.03,5.07,16.55,13.31,2810,7.56,8.53,-11.4,20600,20238,23410,24857,2.17,واگرایی منفی RSI | 83٪ بالای MA200 | واگرایی منفی
شکبیر,پتروشیمی امیرکبیر,محصولات شیمیایی,78,قوی ولی پرریسک؛ فعلاً ورود نه,100,65,98,42,148500,20260930,15.3,16,35.3,-16.2,9.2,26.2,51.9,71,5,0,true,36.8,2.96,above,-5.7,1.54,143400,157435,20.84,19.17,2.65,20.56,5.57,27918,5.32,,,144101,141200,157435,166233,1.22,52٪ بالای MA200 | نقدشوندگی کمتر از ۱۰ میلیارد تومان
غدیس,پاکدیس,محصولات غذایی و آشامیدنی به جز قند و شکر,77.9,قوی؛ نزدیک مقاومت، منتظر شکست یا پولبک,88,100,79.1,47,13180,20260930,11.2,14.4,88.3,36.9,6.2,9.6,75.9,62.2,3,0,true,18.2,3.57,above,-7.8,1.08,13000,13600,15.83,42.69,1.28,13.26,13.2,1819,7.25,7.05,2.8,13000,12764,13600,14290,1.01,76٪ بالای MA200
ثجنوب,سرمایه گذاری مسکن جنوب,انبوه سازی، املاک و مستغلات,77.9,قوی؛ نزدیک مقاومت، منتظر شکست یا پولبک,100,70,55.5,80,19640,20260930,5.6,19.2,17.3,-34.1,6.2,13,62.3,64,1,0,true,24.9,3.72,above,-1.5,0.97,18950,19940,5.78,75.66,0.92,-21.76,23.97,6363,3.09,23.59,-86.9,18950,18584,19940,21403,0.28,62٪ بالای MA200
وبانک,سرمایه گذاری گروه توسعه ملی,شرکتهای چند رشته ای صنعتی,77.9,پرریسک؛ صفی/رشد عمودی,100,70,63.5,72,13640,20260930,15.1,30,78.9,27.4,13.1,34.9,85.1,80.2,8,0,true,58.6,3.11,above,0,0.72,12545,,182.46,-255.24,2.53,216.45,140.51,2109,6.47,10.88,-40.6,13216,12581,14911,15758,1.2,واگرایی منفی RSI | اشباع خرید | خروج مستمر پول حقیقی | سهم صفی: 8 روز از ۲۰ روز در صف (ریسک نقدشوندگی و اجرای حد ضرر) | رشد عمودی (79٪ در ۶۰ روز، 35٪ بالای MA50) | 85٪ بالای MA200 | واگرایی منفی | حد ضرر دور (7.8٪)
دارو,کارخانجات‌داروپخش‌,مواد و محصولات دارویی,77.8,پرریسک؛ صفی/رشد عمودی,95,85,79,50,9630,20260930,15.6,19.9,111.6,60.2,14.4,21.1,151.1,73.9,8,0,true,37.7,3.15,above,0,0.23,9400,,24.03,24.7,6.5,51.98,52.79,841,11.45,12.91,-11.3,9400,9248,10540,11146,2.38,سهم صفی: 8 روز از ۲۰ روز در صف (ریسک نقدشوندگی و اجرای حد ضرر) | رشد عمودی (112٪ در ۶۰ روز، 21٪ بالای MA50) | توزیع: ورود حقیقی با سرانه خرید ضعیف (0.75 در ۲۰ روز) | 151٪ بالای MA200 | شناوری کم (13٪)
کربن,کانی کربن طبس,استخراج زغال سنگ,77.8,قوی ولی پرریسک؛ فعلاً ورود نه,95,65,63,82,10130,20260930,8.7,-3,62.6,11.1,0.5,16,81.6,60,1,0,false,38.7,3.37,above,-11.1,0.82,9050,11400,19.6,-3.24,3.24,32.33,17.99,1449,6.99,15.48,-54.8,9789,9447,11400,12083,1.86,82٪ بالای MA200
دسینا,داروسازی‌ سینا,مواد و محصولات دارویی,77.6,پرریسک؛ صفی/رشد عمودی,95,85,78.5,50,99030,20260930,15.9,20.5,52.8,1.3,11.7,20.8,90.5,70.1,9,0,true,30.7,2.97,above,0,0.98,95740,,28.53,0.36,11.12,32.57,9.59,9289,10.66,12.91,-17.4,96093,94271,107841,113716,1.85,سهم صفی: 9 روز از ۲۰ روز در صف (ریسک نقدشوندگی و اجرای حد ضرر) | توزیع: ورود حقیقی با سرانه خرید ضعیف (0.82 در ۲۰ روز) | 91٪ بالای MA200 | نقدشوندگی کمتر از ۱۰ میلیارد تومان
قاسم,قاسم ایران,خرده فروشی،باستثنای وسایل نقلیه موتوری,77.6,پرریسک؛ صفی/رشد عمودی,95,80,98.5,34,2465,20260930,15.7,8.3,33.8,-17.6,7.1,13.7,96,64.7,6,0,true,21.2,3.28,above,0,1.36,2219,,96.34,94.87,11.04,89.69,16.25,345,7.14,6.17,15.8,2384,2303,2707,2869,1.5,سهم صفی: 6 روز از ۲۰ روز در صف (ریسک نقدشوندگی و اجرای حد ضرر) | 96٪ بالای MA200
مهرمام,مهرمام میهن,سلامت انسان و مددکاری اجتماعی,77.5,پرریسک؛ صفی/رشد عمودی,100,85,98,24,4570,20260930,10.1,32.5,70.4,18.9,13.1,28.7,60.3,79.5,6,0,true,56.4,3.2,above,-1.3,1.27,4520,,38.12,58,2.86,90.84,30.47,403,11.34,10.3,10.1,4520,4447,5009,5302,3.57,اشباع خرید | سهم صفی: 6 روز از ۲۰ روز در صف (ریسک نقدشوندگی و اجرای حد ضرر) | 60٪ بالای MA200
خدیزل,بهمن  دیزل,خودرو و ساخت قطعات,77.5,قوی؛ نزدیک مقاومت، منتظر شکست یا پولبک,100,55,99,47,1889,20260930,8.3,12.2,14.8,-36.7,4.9,11.8,44.1,63.9,2,0,false,30,3.48,above,-1.3,1.66,1793,1914,49.04,77.33,2.01,35.75,11.67,348,5.43,5.87,-7.5,1823,1760,1914,2045,0.19,165٪ بالای کف ۵۲ هفته
فسپا,گروه‌صنعتی‌سپاهان‌,فلزات اساسی,77.4,پرریسک؛ صفی/رشد عمودی,100,70,61.5,72,9290,20260930,12.6,55.1,175.7,124.2,20.3,54.3,201.2,91.1,14,0,true,73.3,2.8,above,0,0.54,6130,,10.81,-26.23,10.66,4.95,41.7,1216,7.64,13.48,-43.3,9030,8770,10070,10589,1.5,اشباع خرید | فاصله زیاد از MA20 | سهم صفی: 14 روز از ۲۰ روز در صف (ریسک نقدشوندگی و اجرای حد ضرر) | رشد عمودی (176٪ در ۶۰ روز، 54٪ بالای MA50) | 201٪ بالای MA200
فزرین,زرین معدن آسیا,فلزات اساسی,77.3,پرریسک؛ صفی/رشد عمودی,100,75,82,47,9750,20260930,1.8,17.6,117.7,66.2,0.3,26,134.1,63.2,15,0,false,60.4,3.1,above,-12,1.38,9190,11080,24.63,97.99,2.73,-14.69,23.32,1184,8.23,8.05,2.3,9448,9039,11080,11684,1.87,سهم صفی: 15 روز از ۲۰ روز در صف (ریسک نقدشوندگی و اجرای حد ضرر) | رشد عمودی (118٪ در ۶۰ روز، 26٪ بالای MA50) | توزیع: ورود حقیقی با سرانه خرید ضعیف (0.80 در ۲۰ روز) | 134٪ بالای MA200 | حد ضرر دور (7.3٪)
شپاس,نفت پاسارگاد,فراورده های نفتی، کک و سوخت هسته ای,77.3,پرریسک؛ صفی/رشد عمودی,100,80,88,37,51170,20260930,15,15.3,26.5,-25,7.7,23.5,34.3,69.9,6,0,true,31.4,3.27,above,0,0.59,50385,,19.25,64.35,2.44,24.2,17.65,6293,8.13,8.12,0.1,50385,49547,56196,59547,3.1,سهم صفی: 6 روز از ۲۰ روز در صف (ریسک نقدشوندگی و اجرای حد ضرر)
فن آوا,گروه فن آوا,رایانه و فعالیت‌های وابسته به آن,77.3,پرریسک؛ صفی/رشد عمودی,100,70,83,50,4310,20260930,12.5,47.4,199,147.5,17,60.2,151.7,88.4,12,0,true,81.4,2.61,above,-1.6,1.22,3970,,15.12,50.11,3.13,-10.22,17.49,1675,2.57,,,4197,4085,4648,4873,1.5,اشباع خرید | فاصله زیاد از MA20 | سهم صفی: 12 روز از ۲۰ روز در صف (ریسک نقدشوندگی و اجرای حد ضرر) | رشد عمودی (199٪ در ۶۰ روز، 60٪ بالای MA50) | 152٪ بالای MA200
تنوین,تامین سرمایه نوین,فعالیتهای کمکی به نهادهای مالی واسط,77.3,قوی ولی پرریسک؛ فعلاً ورود نه,100,75,61,68,2985,20260930,9.3,8.2,97.9,46.5,7.5,23.3,88.9,67.2,3,0,false,35,3.19,above,0,1.11,2642,,7.79,-37.76,7.43,17.05,12.48,605,4.93,5.92,-16.7,2890,2795,3271,3461,1.5,واگرایی منفی RSI | خروج مستمر پول حقیقی | 89٪ بالای MA200 | واگرایی منفی
خرینگ,رینگ‌سازی‌مشهد,خودرو و ساخت قطعات,77,پرریسک؛ صفی/رشد عمودی,100,85,88,32,19030,20260930,7.3,28.5,70.8,19.3,13.9,33,69,78.3,2,1,true,69.8,3.26,above,0,0.69,18290,,10.18,16.15,1.93,20.19,15.25,1668,11.41,,,18410,17980,20889,22128,1.77,واگرایی منفی RSI | اشباع خرید | رشد عمودی (71٪ در ۶۰ روز، 33٪ بالای MA50) | 69٪ بالای MA200 | واگرایی منفی | صف فروش در ۵ روز اخیر
تایرا,تراکتورسازی‌ایران‌,ماشین آلات و تجهیزات,77,قوی ولی پرریسک؛ فعلاً ورود نه,100,73,61.5,68,3490,20260930,9.4,22.9,43.2,-8.2,10.7,21.8,53.8,74,2,0,true,31.3,3.29,above,0,1,3330,,1.98,-29.41,13.59,7.14,16.11,754,4.63,5.15,-10.1,3375,3273,3834,4064,1.58,واگرایی منفی RSI | خروج مستمر پول حقیقی | 54٪ بالای MA200 | واگرایی منفی
فنوال,نورد آلومینیوم‌,فلزات اساسی,77,پرریسک؛ صفی/رشد عمودی,95,88,61.5,62,13720,20260930,14.2,11.5,48.3,-3.1,5.9,12.5,82.7,63.7,6,0,true,33.1,3.32,above,-3.2,1.06,13560,14170,8.39,-8.9,3.06,13.46,8.13,1597,8.59,13.48,-36.3,13560,13332,14170,15080,1.16,واگرایی منفی RSI | خروج مستمر پول حقیقی | سهم صفی: 6 روز از ۲۰ روز در صف (ریسک نقدشوندگی و اجرای حد ضرر) | 83٪ بالای MA200 | واگرایی منفی | نقدشوندگی کمتر از ۱۰ میلیارد تومان
غچین,کشت‌ و صنعت‌ چین‌ چین,محصولات غذایی و آشامیدنی به جز قند و شکر,77,قوی؛ نزدیک مقاومت، منتظر شکست یا پولبک,100,63,77.5,60,5110,20260930,15.3,7.4,50.3,-1.2,5.8,20.8,66.3,67.2,4,0,false,39.2,3.12,above,-2.5,0.78,4390,5240,20.69,10.2,8.14,16.49,10.6,682,7.49,8.53,-12.2,4950,4791,5240,5559,0.41,توزیع: ورود حقیقی با سرانه خرید ضعیف (0.87 در ۲۰ روز) | 66٪ بالای MA200
دزاگرس,دارویی و نهاده های زاگرس دارو,مواد و محصولات دارویی,76.9,قوی ولی پرشده؛ منتظر پولبک,95,85,88.5,37,27870,20260930,15.7,19.2,66.5,15,13.1,20.2,115.1,71.4,5,0,true,43.7,2.93,above,0,0.92,26970,,99.65,125.48,6.14,3.68,92.57,3000,9.29,8.86,4.9,27054,26562,30319,31952,1.87,115٪ بالای MA200
دالبر,البرزدارو,مواد و محصولات دارویی,76.8,پرریسک؛ صفی/رشد عمودی,95,75,83,50,16360,20260930,5.3,15.6,141.3,89.8,4.4,18,137.7,62.4,7,1,false,48.2,3.07,above,-3.7,1.63,15913,16990,162.2,173.77,3.57,-177.56,98.55,1779,9.2,12.91,-28.8,15913,15662,16990,17996,0.9,سهم صفی: 7 روز از ۲۰ روز در صف (ریسک نقدشوندگی و اجرای حد ضرر) | رشد عمودی (141٪ در ۶۰ روز، 18٪ بالای MA50) | توزیع: ورود حقیقی با سرانه خرید ضعیف (0.70 در ۲۰ روز) | 138٪ بالای MA200 | صف فروش در ۵ روز اخیر
حآفرین,ریل پرداز نو آفرین,حمل ونقل، انبارداری و ارتباطات,76.7,پرریسک؛ صفی/رشد عمودی,90,75,49,90,2835,20260930,1.2,14.7,78.1,26.6,-1.9,25.2,82.4,58.2,12,0,false,49.6,3.56,above,-17.6,1.24,1834,3440,-8.01,90.08,1.28,-18.79,38.73,704,4.03,7.68,-47.6,2734,2633,3440,3642,3,سهم صفی: 12 روز از ۲۰ روز در صف (ریسک نقدشوندگی و اجرای حد ضرر) | 82٪ بالای MA200 | حد ضرر دور (7.1٪)
فخاس,فولاد خراسان,فلزات اساسی,76.6,پرریسک؛ صفی/رشد عمودی,100,85,68.5,50,3720,20260930,12.4,28.8,86.2,34.7,10.9,30.8,78.2,75.7,5,0,true,48.1,3.25,above,-2.1,1.31,3600,,-14.23,31.85,1.4,1.9,24.37,363,10.25,13.48,-24,3600,3540,4083,4324,2.01,واگرایی منفی RSI | رشد عمودی (86٪ در ۶۰ روز، 31٪ بالای MA50) | 78٪ بالای MA200 | واگرایی منفی | شناوری کم (4٪)
ونیرو,سرمایه‌گذاری‌نیرو,عرضه برق، گاز، بخاروآب گرم,76.5,پرریسک؛ صفی/رشد عمودی,90,85,63,67,4240,20260930,9,33.5,65.5,14,11.4,36.1,16.6,75.6,7,0,true,47.3,2.91,above,-30.1,0.94,4189,4296,46.61,19.42,3.41,-7.41,55.57,599,7.08,7.09,-0.2,4189,4128,4296,4410,0.49,سهم صفی: 7 روز از ۲۰ روز در صف (ریسک نقدشوندگی و اجرای حد ضرر) | رشد عمودی (66٪ در ۶۰ روز، 36٪ بالای MA50) | توزیع: ورود حقیقی با سرانه خرید ضعیف (0.89 در ۲۰ روز)
پخش,پخش البرز,مواد و محصولات دارویی,76.5,قوی ولی پرریسک؛ فعلاً ورود نه,100,65,74,60,15320,20260930,13.7,19.1,33.8,-17.7,11.7,20.1,90.3,73.8,3,0,true,37.7,3.48,above,-0.1,0.91,14450,,96.12,185.72,2.18,-13.47,63.2,2029,7.55,8.86,-14.8,14787,14183,16920,17986,1.41,واگرایی منفی RSI | توزیع: ورود حقیقی با سرانه خرید ضعیف (0.76 در ۲۰ روز) | 90٪ بالای MA200 | واگرایی منفی | حد ضرر دور (7.4٪)
دلر,داروسازی‌ اکسیر,مواد و محصولات دارویی,76.5,پرریسک؛ صفی/رشد عمودی,95,85,74,50,29830,20260930,14.9,21.9,106.3,54.8,13.4,19,127.5,72.4,4,0,true,31,3.15,above,0,1.1,28330,,42.66,47.42,2.36,-29.63,38.01,2845,10.49,12.91,-18.8,28889,27859,32653,34535,1.43,واگرایی منفی RSI | رشد عمودی (106٪ در ۶۰ روز، 19٪ بالای MA50) | توزیع: ورود حقیقی با سرانه خرید ضعیف (0.68 در ۲۰ روز) | 127٪ بالای MA200 | واگرایی منفی
فگستر,گسترش صنایع روی ایرانیان,فلزات اساسی,76.4,پرریسک؛ صفی/رشد عمودی,100,60,77.5,60,12570,20260930,14.5,32.9,181.3,129.8,11.8,39.4,193.2,77.1,14,0,false,65.4,2.61,above,0,0.83,10670,,15.02,21.83,9.62,41.67,27.03,1905,6.6,8.05,-18,12242,11914,13554,14210,1.5,سهم صفی: 14 روز از ۲۰ روز در صف (ریسک نقدشوندگی و اجرای حد ضرر) | رشد عمودی (181٪ در ۶۰ روز، 39٪ بالای MA50) | 193٪ بالای MA200
کپرور,فرآوری زغال سنگ پروده طبس,استخراج زغال سنگ,76.3,قوی ولی پرریسک؛ فعلاً ورود نه,100,75,63,62,20830,20260930,9.6,4.9,63,11.6,7.1,22.9,87.8,68.2,2,0,false,41.4,3.39,above,-0.4,0.64,20550,,21.63,-47.57,1.98,20.27,21.07,2597,8.02,15.48,-48.2,20550,20197,22951,24364,3.35,واگرایی منفی RSI | خروج مستمر پول حقیقی | 88٪ بالای MA200 | واگرایی منفی
کفپارس,فرآورده‌های‌ نسوز پارس‌,سایر محصولات کانی غیرفلزی,76,پرریسک؛ صفی/رشد عمودی,100,75,62,62,6140,20260930,8.3,18.1,61.2,9.7,3.7,18.4,82.8,62.4,6,0,false,39.9,3.21,above,-7.3,0.74,5970,6620,4.53,-4.62,9.3,13.49,12.17,722,8.5,12.75,-33.3,5970,5872,6620,7014,1.79,سهم صفی: 6 روز از ۲۰ روز در صف (ریسک نقدشوندگی و اجرای حد ضرر) | 83٪ بالای MA200
شسپا,نفت سپاهان,فراورده های نفتی، کک و سوخت هسته ای,75.9,پرریسک؛ صفی/رشد عمودی,100,60,88.5,47,23160,20260930,9.6,27.5,66.6,15.1,8.6,23,119.4,70.8,6,0,false,41.2,3.37,above,-1,1,20420,,249.34,265.18,2.79,103.91,103.84,3704,6.25,6.26,-0.1,22381,21601,25498,27057,1.5,سهم صفی: 6 روز از ۲۰ روز در صف (ریسک نقدشوندگی و اجرای حد ضرر) | توزیع: ورود حقیقی با سرانه خرید ضعیف (0.70 در ۲۰ روز) | 119٪ بالای MA200
مارون,پتروشیمی مارون,محصولات شیمیایی,75.8,پرریسک؛ صفی/رشد عمودی,100,70,90,37,30290,20260930,15.8,66.3,64.2,12.8,29.8,52.1,60,93.8,16,0,true,60.5,2.33,above,0,0.14,23679,,14.29,382.66,13.78,17.74,23.58,3493,8.67,8.01,8.3,29584,28878,32407,33819,1.5,اشباع خرید | فاصله زیاد از MA20 | سهم صفی: 16 روز از ۲۰ روز در صف (ریسک نقدشوندگی و اجرای حد ضرر) | رشد عمودی (64٪ در ۶۰ روز، 52٪ بالای MA50) | 60٪ بالای MA200
شپارس,بین‌ المللی‌ محصولات‌  پارس‌,محصولات شیمیایی,75.6,پرریسک؛ صفی/رشد عمودی,100,75,62.5,60,2771,20260930,14.2,19.6,118.2,66.7,5.7,30.5,115.2,68.6,10,0,false,52.1,2.98,above,-6,0.42,2391,2948,8.32,-26.68,10.89,23.16,15.82,370,7.49,9.63,-22.2,2688,2606,2948,3113,1.07,خروج مستمر پول حقیقی | سهم صفی: 10 روز از ۲۰ روز در صف (ریسک نقدشوندگی و اجرای حد ضرر) | رشد عمودی (118٪ در ۶۰ روز، 30٪ بالای MA50) | 115٪ بالای MA200
بتهران,بیمه اتکایی تهران رواک,بیمه وصندوق بازنشستگی به جزتامین اجتماعی,75.6,پرریسک؛ صفی/رشد عمودی,100,70,84.5,62,9460,20260929,15.5,39.7,225.6,174.2,22.7,54,,87.7,9,0,true,77,2.87,above,0,1.39,7710,,49.72,66.53,1.87,-3.63,18.07,956,9.9,18.13,-45.4,9189,8917,10274,10817,1.5,واگرایی منفی RSI | اشباع خرید | فاصله زیاد از MA20 | سهم صفی: 9 روز از ۲۰ روز در صف (ریسک نقدشوندگی و اجرای حد ضرر) | رشد عمودی (226٪ در ۶۰ روز، 54٪ بالای MA50) | 387٪ بالای کف ۵۲ هفته | واگرایی منفی | آخرین معامله 20260929 (متوقف یا کم‌معامله)
ثباغ,شهر سازی و خانه سازی باغمیشه,انبوه سازی، املاک و مستغلات,75.6,قوی؛ نزدیک مقاومت، منتظر شکست یا پولبک,100,45,74.4,72,7630,20260930,3.2,-1.5,37.5,-14,1.5,14.1,53.2,58.7,0,0,false,42.9,3.54,above,-5,1,7330,7980,16.33,2.87,1.44,7.39,9.34,1129,6.76,23.59,-71.4,7360,7195,7980,8520,0.8,توزیع: ورود حقیقی با سرانه خرید ضعیف (0.77 در ۲۰ روز) | 53٪ بالای MA200 | نقدشوندگی کمتر از ۱۰ میلیارد تومان
کگل,معدنی و صنعتی گل گهر,استخراج کانه های فلزی,75.5,قوی؛ نزدیک مقاومت، منتظر شکست یا پولبک,95,75,98,30,3195,20260930,13.3,13.4,58.8,7.3,5.8,14.8,54.4,64.3,4,0,false,30.8,3.37,above,-3.5,1.22,3071,3310,455.25,678.79,6.13,288.71,242.23,241,13.26,13.76,-3.7,3087,3017,3310,3525,0.65,توزیع: ورود حقیقی با سرانه خرید ضعیف (0.80 در ۲۰ روز) | 54٪ بالای MA200
دابور,داروسازی‌ ابوریحان‌,مواد و محصولات دارویی,75.5,پرریسک؛ صفی/رشد عمودی,100,70,89,37,74720,20260930,12,28.6,97.5,46,15.1,33.8,119.1,82.8,1,0,true,56.3,3.35,above,-0.1,1.08,67740,,56.58,68.32,2.15,38.98,42.79,6272,11.91,12.91,-7.7,72215,68457,82235,87245,1.2,واگرایی منفی RSI | اشباع خرید | فاصله زیاد از MA20 | رشد عمودی (97٪ در ۶۰ روز، 34٪ بالای MA50) | توزیع: ورود حقیقی با سرانه خرید ضعیف (0.76 در ۲۰ روز) | 119٪ بالای MA200 | واگرایی منفی | حد ضرر دور (8.4٪)
کمنگنز,معادن‌منگنزایران‌,استخراج کانه های فلزی,75.5,پرریسک؛ صفی/رشد عمودی,100,70,64,62,10930,20260930,15.7,19.3,83.7,32.2,15.7,32,116.2,81,8,0,true,58.5,2.92,above,0,0.31,9730,,6.05,-22.32,9.27,29.09,20.49,1317,8.3,13.76,-39.7,10610,10291,11889,12528,1.5,واگرایی منفی RSI | اشباع خرید | فاصله زیاد از MA20 | خروج مستمر پول حقیقی | سهم صفی: 8 روز از ۲۰ روز در صف (ریسک نقدشوندگی و اجرای حد ضرر) | رشد عمودی (84٪ در ۶۰ روز، 32٪ بالای MA50) | 116٪ بالای MA200 | واگرایی منفی
وپویا,سرمایه گذاری پویا,سرمایه گذاریها,75.5,قوی؛ نزدیک مقاومت، منتظر شکست یا پولبک,100,75,62,80,2734,20260926,11.6,15.7,53.2,1.7,8.3,25.4,58.8,69.9,2,0,false,43.7,3.41,above,-1.3,1.06,2434,2770,2.06,-3.6,35.11,30.95,8.13,654,4.18,8.73,-52.1,2641,2547,2770,2957,0.19,واگرایی منفی RSI | 59٪ بالای MA200 | واگرایی منفی | نقدشوندگی کمتر از ۱۰ میلیارد تومان | آخرین معامله 20260926 (متوقف یا کم‌معامله)
رافزا,رایان هم افزا,رایانه و فعالیت‌های وابسته به آن,75.4,پرریسک؛ صفی/رشد عمودی,100,75,61.5,60,21120,20260930,9.9,17.9,70,18.6,2.7,25.7,107.5,63.5,13,0,false,44.2,3,above,-9.1,0.88,19157,23225,6,-5.32,63.22,26.51,11.24,2957,7.14,8.89,-19.7,20486,19852,23225,24493,1.66,سهم صفی: 13 روز از ۲۰ روز در صف (ریسک نقدشوندگی و اجرای حد ضرر) | 107٪ بالای MA200
شتوکا,توکا رنگ فولاد سپاهان,محصولات شیمیایی,75.4,پرریسک؛ صفی/رشد عمودی,100,70,88.5,37,13230,20260930,15.6,69.8,82.2,30.8,27.3,61.1,115.2,94.7,16,0,true,74.5,2.55,above,0,0.96,7760,,10.48,44.82,3.46,9.07,12.55,1545,8.56,8.01,6.9,12893,12556,14241,14914,1.5,اشباع خرید | فاصله زیاد از MA20 | سهم صفی: 16 روز از ۲۰ روز در صف (ریسک نقدشوندگی و اجرای حد ضرر) | رشد عمودی (82٪ در ۶۰ روز، 61٪ بالای MA50) | 115٪ بالای MA200
زبینا,کشاورزی و دامپروری بینالود,زراعت و خدمات وابسته,75.1,قوی ولی پرریسک؛ فعلاً ورود نه,95,65,97.5,37,15840,20260930,13.7,17.9,41.2,-10.2,10.2,18.6,100.4,70.5,3,0,true,27.5,3.34,above,-1.5,1.3,15650,,8.68,22.94,2.88,9.38,19.48,1911,8.29,8.07,2.7,15650,15386,17426,18484,3.49,100٪ بالای MA200
کلوند,کاشی‌ الوند,کاشی و سرامیک,75.1,قوی ولی پرریسک؛ فعلاً ورود نه,100,85,88.5,24,7720,20260930,11.1,13.7,64.6,13.1,8.1,21.7,76,70.6,4,0,true,33.9,3.1,above,0,0.77,7640,,30.66,55.93,8.01,30.61,12.51,820,9.41,7.65,23.1,7640,7520,8439,8918,3.6,واگرایی منفی RSI | 76٪ بالای MA200 | واگرایی منفی
غاذر,کشت‌وصنعت‌پیاذر,محصولات غذایی و آشامیدنی به جز قند و شکر,75.1,پرریسک؛ صفی/رشد عمودی,100,85,88.5,24,33890,20260930,15.8,21,96.7,45.3,10.9,32.2,154.6,74.6,8,0,true,45.8,3.03,above,0,0.29,27202,,18.8,69.31,4.45,22.59,35.17,3154,10.75,8.53,26,32863,31836,36972,39026,1.5,سهم صفی: 8 روز از ۲۰ روز در صف (ریسک نقدشوندگی و اجرای حد ضرر) | رشد عمودی (97٪ در ۶۰ روز، 32٪ بالای MA50) | توزیع: ورود حقیقی با سرانه خرید ضعیف (0.83 در ۲۰ روز) | 155٪ بالای MA200
ثپهران,توسعه ساختمان سپهر تهران,انبوه سازی، املاک و مستغلات,75.1,پرریسک؛ صفی/رشد عمودی,100,58,100,34,5470,20260930,12.6,45.5,50.7,-0.8,21.6,36.9,,88.7,4,0,true,46.9,2.76,above,-2.1,1.51,4326,,34.11,60.65,24.7,128.94,22.85,721,7.59,6.61,14.8,5319,5168,5923,6226,1.5,واگرایی منفی RSI | اشباع خرید | فاصله زیاد از MA20 | رشد عمودی (51٪ در ۶۰ روز، 37٪ بالای MA50) | واگرایی منفی | شناوری کم (11٪)
تلیسه,دامداری تلیسه نمونه,زراعت و خدمات وابسته,75,پرریسک؛ صفی/رشد عمودی,95,88,78.5,37,10670,20260930,15.7,10.8,42.8,-8.7,8.7,18.9,92.1,68,6,0,true,33.8,3.36,above,-1.3,0.54,10360,10810,20.21,8.09,11.05,43.21,20.31,1266,8.43,8.07,4.4,10360,10181,10810,11526,0.29,واگرایی منفی RSI | سهم صفی: 6 روز از ۲۰ روز در صف (ریسک نقدشوندگی و اجرای حد ضرر) | توزیع: ورود حقیقی با سرانه خرید ضعیف (0.78 در ۲۰ روز) | 92٪ بالای MA200 | واگرایی منفی
بترانس,ایران‌ ترانسفو,ماشین آلات و دستگاه‌های برقی,74.9,ورود پله‌ای,100,80,47.5,68,3730,20260930,2.5,20.3,33.6,-17.9,8.5,17.2,49.9,68.4,2,0,true,22.4,3.13,above,0,0.89,3570,,-105.68,199.89,1.84,-120.73,102.11,747,4.99,6.15,-18.8,3613,3512,4080,4313,1.6,
وحکمت,بیمه حکمت صبا,بیمه وصندوق بازنشستگی به جزتامین اجتماعی,74.9,قوی ولی پرشده؛ منتظر پولبک,100,73,89,32,1718,20260930,11,17,43.9,-7.6,12.4,21.1,37.1,73.6,1,0,true,25.3,3.46,above,-0.1,0.82,1589,,14.94,25.29,2.42,26.23,11.98,199,8.63,,,1658,1569,1897,2016,1.2,حد ضرر دور (8.7٪)
آسیا,بیمه آسیا,بیمه وصندوق بازنشستگی به جزتامین اجتماعی,74.7,قوی ولی پرریسک؛ فعلاً ورود نه,95,75,45,80,4150,20260930,11.3,7,65.1,13.6,5.3,17.3,94.3,66,4,0,false,28.4,3.38,above,-0.7,1.06,3550,,-0.35,79.03,1.5,-3.49,23.88,1869,2.22,4.59,-51.6,4010,3869,4571,4852,1.5,94٪ بالای MA200 | شناوری کم (14٪)
جوین,کشت و صنعت جوین,زراعت و خدمات وابسته,74.6,قوی ولی پرریسک؛ فعلاً ورود نه,100,85,78.5,32,7160,20260930,12.2,16.4,53,1.5,8.1,22.3,77.1,73.2,5,0,true,40.8,3.34,above,-2.5,0.57,6935,,3.47,3.56,3.45,10.86,16.02,765,9.36,,,6935,6815,7877,8355,2.08,توزیع: ورود حقیقی با سرانه خرید ضعیف (0.90 در ۲۰ روز) | 77٪ بالای MA200
سجام,مجتمع سیمان غرب آسیا,سیمان، آهک و گچ,74.3,قوی ولی پرشده؛ منتظر پولبک,100,85,62.1,47,11250,20260930,10.3,35.1,58,6.5,12.9,25.8,113.3,76.5,5,0,true,38.5,3.18,above,-1.8,1.03,10420,,8.02,50.96,1.16,-22.18,20.4,1760,6.39,6.69,-4.5,10892,10355,12324,13040,1.2,واگرایی منفی RSI | 113٪ بالای MA200 | واگرایی منفی | حد ضرر دور (8.0٪)
دقاضی,داروسازی شهید قاضی,مواد و محصولات دارویی,74.3,پرریسک؛ صفی/رشد عمودی,95,100,79,24,24880,20260930,15.8,21.1,76.8,25.3,11.9,15.6,118.6,69.9,7,0,true,26.8,3.05,above,0,0.7,23880,,52.26,21.18,5.71,57.7,24.35,2413,10.31,8.86,16.4,24121,23501,27156,28674,1.65,سهم صفی: 7 روز از ۲۰ روز در صف (ریسک نقدشوندگی و اجرای حد ضرر) | 119٪ بالای MA200
ولکار,لیزینگ کارآفرین,سایر واسطه گریهای مالی,74.3,قوی؛ نزدیک مقاومت، منتظر شکست یا پولبک,95,55,89,50,5410,20260930,7.1,1.1,33.3,-18.2,4.4,10,53.3,60.4,0,0,false,23.1,3.62,above,-6.7,0.66,5230,5650,3.34,12.84,6.55,16.42,6.49,641,8.44,9.94,-15.1,5230,5132,5650,5785,0.86,53٪ بالای MA200 | نقدشوندگی کمتر از ۱۰ میلیارد تومان | واگرایی مثبت RSI
وپایا,سرمایه گذاری پایا تدبیرپارسا,سرمایه گذاریها,74.1,قوی ولی پرریسک؛ فعلاً ورود نه,100,85,71.5,37,2113,20260930,12.2,13.2,66.5,15,10.6,25.5,66.1,74.8,3,0,true,46.4,3.19,above,0,1.4,2017,,12.19,-0.89,389.92,18.46,3.61,235,8.99,8.73,3,2046,1984,2315,2450,1.56,واگرایی منفی RSI | 66٪ بالای MA200 | واگرایی منفی | نقدشوندگی کمتر از ۱۰ میلیارد تومان
فولاژ,فولاد آلیاژی ایران,فلزات اساسی,74,قوی ولی پرریسک؛ فعلاً ورود نه,100,85,78.1,30,6870,20260930,8.2,15.3,87.6,36.1,8,26.2,81.1,72.2,2,0,true,51.5,3.08,above,-1.4,0.9,5840,,27.68,49.32,1.21,9.06,21.29,541,12.7,13.48,-5.8,6658,6446,7505,7929,1.5,توزیع: ورود حقیقی با سرانه خرید ضعیف (0.75 در ۲۰ روز) | 81٪ بالای MA200
اپال,فرآوری معدنی اپال کانی پارس,استخراج کانه های فلزی,74,قوی ولی پرریسک؛ فعلاً ورود نه,85,45,98,60,14240,20260930,1.5,-2.5,40.3,-11.2,-3.8,10.9,41.4,53.1,0,0,false,29.3,3.31,above,-14.2,1.95,13460,16600,60.67,47.13,21.72,53.9,12.19,1442,9.88,13.76,-28.2,13768,13224,16600,17544,2.32,حد ضرر دور (7.1٪) | شناوری کم (9٪)
بنو,بیمه تجارت نو,بیمه وصندوق بازنشستگی به جزتامین اجتماعی,74,قوی؛ نزدیک مقاومت، منتظر شکست یا پولبک,95,55,75.9,62,2054,20260930,8.7,3.8,38.6,-12.9,1.6,10.2,38.7,58.3,2,0,false,23.5,3.53,above,-6.2,0.42,1935,2130,2.96,58.68,1.13,0.46,13.93,239,8.59,18.13,-52.6,1981,1899,2130,2190,0.49,توزیع: ورود حقیقی با سرانه خرید ضعیف (0.82 در ۲۰ روز) | حد ضرر دور (7.6٪)
غویتا,ویتانا,محصولات غذایی و آشامیدنی به جز قند و شکر,73.9,پرریسک؛ صفی/رشد عمودی,100,75,35.5,80,6590,20260930,9.1,23.4,52.2,0.7,6.6,18.8,92.5,66.2,11,0,false,31.3,3.1,above,-4.1,0.41,5860,6870,-2.77,-64,6.98,0.75,24.57,1338,4.93,7.05,-30.1,6386,6182,6870,7278,0.69,خروج مستمر پول حقیقی | سهم صفی: 11 روز از ۲۰ روز در صف (ریسک نقدشوندگی و اجرای حد ضرر) | 93٪ بالای MA200
قپیرا,فرآورده‌های‌غدایی‌وقندپیرانشهر,قند و شکر,73.9,پرریسک؛ صفی/رشد عمودی,100,90,53.5,50,24190,20260930,-2.6,33.6,67.1,15.6,8.7,30.2,90.2,68.5,7,1,true,62,3.31,above,-8,1,18820,26290,4.78,27.88,0.73,-3.73,4.78,2920,8.28,9.8,-15.5,23390,22589,26290,27891,1.31,سهم صفی: 7 روز از ۲۰ روز در صف (ریسک نقدشوندگی و اجرای حد ضرر) | رشد عمودی (67٪ در ۶۰ روز، 30٪ بالای MA50) | 90٪ بالای MA200 | سرانه خرید ضعیف (0.73) | نقدشوندگی کمتر از ۱۰ میلیارد تومان | صف فروش در ۵ روز اخیر
وخاور,بانک خاورمیانه,بانکها و موسسات اعتباری,73.8,قوی ولی پرشده؛ منتظر پولبک,100,73,82.9,34,7000,20260930,13.1,17.1,46.5,-5,12,15.9,89.7,72.6,1,0,true,23.6,3.2,above,-0.1,0.79,6615,,24.97,125.8,1.4,30.78,67.75,1045,6.7,5.4,24,6776,6503,7672,8120,1.35,90٪ بالای MA200 | حد ضرر دور (7.1٪)
چاپ,ص.چاپ وبسته بندی آسان قزوین,محصولات کاغذی,73.8,قوی ولی پرریسک؛ فعلاً ورود نه,100,75,53,62,20570,20260930,3.4,10.4,71.9,20.4,0.1,19,,60.1,2,0,false,40.9,3.26,above,-7.9,0.98,19890,22340,-24.9,12.39,6.66,45.71,29.9,2147,9.58,16.48,-41.9,19899,19554,22340,23683,1.74,207٪ بالای کف ۵۲ هفته
نخریس,نخریسی و نساجی خسروی خراسان,منسوجات,73.8,پرریسک؛ صفی/رشد عمودی,100,70,89,30,26170,20260930,11.4,40.9,120.3,68.9,18.5,41.5,100.5,85.2,4,0,true,52.1,2.87,above,0,0.69,23570,,19.78,36.46,67.93,29.34,9.66,2027,12.91,14.29,-9.7,25418,24666,28426,29930,1.5,واگرایی منفی RSI | اشباع خرید | فاصله زیاد از MA20 | رشد عمودی (120٪ در ۶۰ روز، 42٪ بالای MA50) | 100٪ بالای MA200 | واگرایی منفی | نقدشوندگی کمتر از ۱۰ میلیارد تومان
بشهاب,لامپ‌  پارس‌ شهاب‌,ماشین آلات و دستگاه‌های برقی,73.7,پرریسک؛ صفی/رشد عمودی,95,63,86.5,44,8720,20260930,6.5,5.7,50.2,-1.3,0,13.2,66.9,58.2,12,1,false,36.9,3.35,above,-10.9,0.79,8458,9066,4.36,12.36,1.75,9.9,10.77,1212,7.19,6.15,17,8458,8312,9066,9787,0.85,سهم صفی: 12 روز از ۲۰ روز در صف (ریسک نقدشوندگی و اجرای حد ضرر) | توزیع: ورود حقیقی با سرانه خرید ضعیف (0.84 در ۲۰ روز) | 67٪ بالای MA200 | شناوری کم (11٪) | صف فروش در ۵ روز اخیر
غمارگ,مارگارین,محصولات غذایی و آشامیدنی به جز قند و شکر,73.6,پرریسک؛ صفی/رشد عمودی,90,75,96.5,30,2600,20260930,1,16.1,89.1,37.6,-1.8,25.4,88.2,59.2,17,2,false,54.5,3.15,above,-13.4,2.24,2497,3004,5.22,27.82,2.68,18.44,11.86,120,21.67,,,2518,2456,3004,3168,2.81,سهم صفی: 17 روز از ۲۰ روز در صف (ریسک نقدشوندگی و اجرای حد ضرر) | 88٪ بالای MA200 | صف فروش در ۵ روز اخیر
غشصفا,شیرپاستوریزه‌پگاه‌اصفهان‌,محصولات غذایی و آشامیدنی به جز قند و شکر,73.5,پرریسک؛ صفی/رشد عمودی,100,85,46.1,60,27400,20260930,13.5,31.9,80.3,28.8,10.4,26.5,121.6,72.6,6,0,true,43.5,3.24,above,-0.4,1.21,23510,,0.05,-8.07,1.18,-5.75,10.35,3764,7.28,8.53,-14.7,26513,25625,30062,31836,1.5,سهم صفی: 6 روز از ۲۰ روز در صف (ریسک نقدشوندگی و اجرای حد ضرر) | 122٪ بالای MA200
شگل,گلتاش‌,محصولات شیمیایی,73.5,پرریسک؛ صفی/رشد عمودی,100,75,77,37,3416,20260930,15,23.9,90.8,39.4,7.9,24,93.8,68,9,0,false,36.3,3.09,above,-2.7,0.94,2933,3510,20.74,6.23,8.26,13.07,11.49,339,10.08,9.63,4.6,3310,3205,3510,3721,0.45,سهم صفی: 9 روز از ۲۰ روز در صف (ریسک نقدشوندگی و اجرای حد ضرر) | 94٪ بالای MA200
ختور,رادیاتور ایران‌,خودرو و ساخت قطعات,73.4,پرریسک؛ صفی/رشد عمودی,100,70,75.6,42,4370,20260930,13.5,48.7,101.4,50,17.9,45,108.7,89.3,7,0,true,68.5,3.09,above,-0.2,0.66,3720,,14.86,21.12,1.52,26.24,29.63,715,6.11,,,4235,4100,4775,5045,1.5,واگرایی منفی RSI | اشباع خرید | فاصله زیاد از MA20 | سهم صفی: 7 روز از ۲۰ روز در صف (ریسک نقدشوندگی و اجرای حد ضرر) | رشد عمودی (101٪ در ۶۰ روز، 45٪ بالای MA50) | 109٪ بالای MA200 | واگرایی منفی
شپاکسا,پاکسان‌,محصولات شیمیایی,73.3,پرریسک؛ صفی/رشد عمودی,100,60,88,37,2925,20260930,14.1,21.5,114.8,63.3,10,25.5,106.5,70.1,6,0,false,41.5,3.28,above,-0.5,0.91,2700,,51.31,34.57,11.94,19.32,34.13,327,8.94,9.63,-7.1,2829,2685,3213,3405,1.2,واگرایی منفی RSI | سهم صفی: 6 روز از ۲۰ روز در صف (ریسک نقدشوندگی و اجرای حد ضرر) | رشد عمودی (115٪ در ۶۰ روز، 26٪ بالای MA50) | توزیع: ورود حقیقی با سرانه خرید ضعیف (0.78 در ۲۰ روز) | 106٪ بالای MA200 | واگرایی منفی | حد ضرر دور (8.2٪)
ساینا,صنایع بهداشتی ساینا,محصولات شیمیایی,73.3,پرریسک؛ صفی/رشد عمودی,100,85,58,47,13890,20260930,10.2,32,120.5,69,14,28.3,139.3,78.9,6,0,true,54.3,3.35,above,-0.1,1.54,13170,,3.34,-16.61,1.99,-18.1,24.26,1820,7.63,8.01,-4.7,13425,12938,15285,16214,1.46,اشباع خرید | سهم صفی: 6 روز از ۲۰ روز در صف (ریسک نقدشوندگی و اجرای حد ضرر) | رشد عمودی (120٪ در ۶۰ روز، 28٪ بالای MA50) | 139٪ بالای MA200
غشهداب,کشت و صنعت شهداب ناب خراسان,محصولات غذایی و آشامیدنی به جز قند و شکر,73.2,پرریسک؛ صفی/رشد عمودی,100,75,65.8,47,2575,20260930,7.3,14,101.3,49.8,6.2,17.3,78.7,67.4,2,0,false,42.9,3.66,above,-3.3,0.73,2415,2662,4.66,3.07,1.13,3.4,22.97,401,6.42,7.05,-8.9,2481,2368,2662,2851,0.42,رشد عمودی (101٪ در ۶۰ روز، 17٪ بالای MA50) | 79٪ بالای MA200 | حد ضرر دور (8.0٪)
فجام,جام‌دارو,ساخت محصولات فلزی,73.1,قوی ولی پرریسک؛ فعلاً ورود نه,100,75,88.5,24,19400,20260930,9.7,11.5,76.8,25.3,7.1,24.5,107.1,68.3,4,0,false,37.3,3.1,above,0,0.59,18590,,8.32,24.1,3.69,3.95,6.45,2172,8.93,7.54,18.5,18798,18289,21205,22409,1.63,واگرایی منفی RSI | 107٪ بالای MA200 | واگرایی منفی | نقدشوندگی کمتر از ۱۰ میلیارد تومان
کگهر,معدنی و صنعتی گهرزمین,استخراج کانه های فلزی,73.1,قوی؛ نزدیک مقاومت، منتظر شکست یا پولبک,85,63,67.9,72,7500,20260930,1.8,2.2,48.5,-2.9,-2.7,9.7,44.1,52.7,1,0,false,30.6,3.35,above,-12.2,1.45,7140,7870,72.94,137.84,0.98,-14.34,56.36,870,8.62,14.44,-40.3,7249,7014,7870,8540,0.76,واگرایی منفی RSI | توزیع: ورود حقیقی با سرانه خرید ضعیف (0.70 در ۲۰ روز) | واگرایی منفی
سدبیر,س. تدبیرگران فارس وخوزستان,سرمایه گذاریها,73,قوی؛ نزدیک مقاومت، منتظر شکست یا پولبک,95,63,45.7,82,40850,20260930,9,0.8,50.2,-1.3,4.4,13.4,18.3,61.9,0,0,false,31.8,3.59,above,-17.2,0.64,40263,41768,0.56,0.34,0.95,-1.12,9.66,7407,5.52,8.73,-36.8,40263,39530,41768,42636,0.7,واگرایی منفی RSI | توزیع: ورود حقیقی با سرانه خرید ضعیف (0.76 در ۲۰ روز) | واگرایی منفی | نقدشوندگی کمتر از ۱۰ میلیارد تومان
زقیام,کشت و دام قیام اصفهان,زراعت و خدمات وابسته,73,قوی ولی پرریسک؛ فعلاً ورود نه,95,80,77,37,12120,20260930,14.8,15.8,38.4,-13.1,10.5,16.3,87,69.3,4,0,true,25.5,3.33,above,-0.7,0.76,11890,,5.56,5.75,7.14,15.6,13.81,1396,8.68,8.07,7.6,11890,11688,13332,14140,2.81,توزیع: ورود حقیقی با سرانه خرید ضعیف (0.90 در ۲۰ روز) | 87٪ بالای MA200
کنور,توسعه معدنی و صنعتی صبانور,استخراج کانه های فلزی,73,پرریسک؛ صفی/رشد عمودی,100,60,62,62,6630,20260930,10.5,16.7,87.3,35.8,7.6,31.7,100.3,72.7,5,0,false,45.8,3.13,above,0,0.31,6500,,9.13,-63.16,2.32,11.03,26.75,738,8.98,13.76,-34.7,6500,6396,7253,7668,2.66,واگرایی منفی RSI | خروج مستمر پول حقیقی | رشد عمودی (87٪ در ۶۰ روز، 32٪ بالای MA50) | 100٪ بالای MA200 | واگرایی منفی | شناوری کم (9٪)
فرود,فولاد شاهرود,فلزات اساسی,72.8,پرریسک؛ صفی/رشد عمودی,100,75,87,24,9390,20260930,12.6,18.7,89.7,38.2,4.6,28.7,114.5,67,10,0,false,52.1,3.24,above,-6.6,0.93,8090,10050,18.94,16.79,10.56,26.32,11.12,910,10.32,8.05,28.2,9086,8782,10050,10658,1.09,سهم صفی: 10 روز از ۲۰ روز در صف (ریسک نقدشوندگی و اجرای حد ضرر) | 114٪ بالای MA200
وتوصا,گروه س توسعه صنعتی ایران,سرمایه گذاریها,72.7,قوی؛ نزدیک مقاومت، منتظر شکست یا پولبک,100,75,30.9,80,3140,20260930,0.3,7.9,60.2,8.7,1,13.2,63.4,58.4,0,0,false,46,3.79,above,-7.9,0.8,2970,3410,3.09,-16.46,0.98,-0.51,7.43,642,4.89,7.13,-31.4,3021,2911,3410,3648,1.18,واگرایی منفی RSI | خروج مستمر پول حقیقی | 63٪ بالای MA200 | واگرایی منفی | حد ضرر دور (7.3٪) | نقدشوندگی کمتر از ۱۰ میلیارد تومان
غصینو,صنعتی مینو,محصولات غذایی و آشامیدنی به جز قند و شکر,72.5,پرریسک؛ صفی/رشد عمودی,95,80,88,24,6250,20260930,11.4,13.2,26,-25.5,5.7,8.7,72.7,61.6,6,0,true,20,3.71,above,-2.6,0.92,6065,,70.83,87.91,5.1,64.29,28.4,698,8.95,7.05,27,6065,5949,6946,7410,2.31,سهم صفی: 6 روز از ۲۰ روز در صف (ریسک نقدشوندگی و اجرای حد ضرر) | 73٪ بالای MA200
سپاها,سیمان‌سپاهان‌,سیمان، آهک و گچ,72.5,قوی؛ نزدیک مقاومت، منتظر شکست یا پولبک,95,80,88,24,21750,20260930,14.7,11.8,39.7,-11.8,6,13.6,60,64,3,0,true,20.5,3.26,above,-3.3,0.85,20450,22500,3.93,69.45,1.96,15.88,25.9,2433,8.94,7.14,25.2,21041,20095,22500,23919,0.45,واگرایی منفی RSI | 60٪ بالای MA200 | واگرایی منفی | حد ضرر دور (7.6٪)
وکادو,تکادو,سرمایه گذاریها,72.5,پرریسک؛ صفی/رشد عمودی,100,75,88,42,4650,20260929,8.4,80.3,130.5,79.1,22.8,56.1,108.7,76.7,9,0,true,47.2,3.89,above,-5.9,0.98,2737,4940,42.78,44.41,9.36,43.1,14.17,668,6.96,,,4469,4289,4940,5301,0.8,فاصله زیاد از MA20 | سهم صفی: 9 روز از ۲۰ روز در صف (ریسک نقدشوندگی و اجرای حد ضرر) | رشد عمودی (131٪ در ۶۰ روز، 56٪ بالای MA50) | 109٪ بالای MA200 | حد ضرر دور (7.8٪) | آخرین معامله 20260929 (متوقف یا کم‌معامله)
فغدیر,آهن و فولاد غدیر ایرانیان,فلزات اساسی,72.5,پرریسک؛ صفی/رشد عمودی,100,70,90,24,8680,20260930,15.6,77.5,158.2,106.8,29.7,71,113.9,97.3,20,0,true,73,2.17,above,0,0.42,5056,,16.85,159.22,7.19,19.27,10.55,974,8.91,8.05,10.7,8491,8303,9246,9623,1.5,واگرایی منفی RSI | اشباع خرید | فاصله زیاد از MA20 | سهم صفی: 20 روز از ۲۰ روز در صف (ریسک نقدشوندگی و اجرای حد ضرر) | رشد عمودی (158٪ در ۶۰ روز، 71٪ بالای MA50) | 114٪ بالای MA200 | واگرایی منفی
مدیریت,س. و خدمات مدیریت صند. ب کشوری,سرمایه گذاریها,72.5,قوی؛ نزدیک مقاومت، منتظر شکست یا پولبک,100,63,87.5,72,5100,20260930,9.2,17.8,42.1,-9.4,6.1,16.3,51.5,67.2,3,0,false,34.2,3.14,above,-2.5,1,4680,5230,2.8,4.99,8.23,8.42,1.94,955,5.34,8.73,-38.8,4940,4700,5230,5550,0.32,نقدشوندگی پایین | واگرایی منفی RSI | 51٪ بالای MA200 | واگرایی منفی | حد ضرر دور (7.8٪) | نقدشوندگی کمتر از ۱۰ میلیارد تومان
فجر,فولاد امیرکبیرکاشان,فلزات اساسی,72.4,پرریسک؛ صفی/رشد عمودی,100,85,29.8,72,8010,20260930,15.1,34.4,143.5,92,12.5,37.3,150.9,77.3,13,0,true,61.6,2.93,above,0,1.39,7800,,-37.62,-51.9,1.51,-50.07,59.35,1065,7.52,13.48,-44.2,7800,7683,8714,9183,2.15,سهم صفی: 13 روز از ۲۰ روز در صف (ریسک نقدشوندگی و اجرای حد ضرر) | رشد عمودی (143٪ در ۶۰ روز، 37٪ بالای MA50) | 151٪ بالای MA200
زگلدشت,کشت و دام گلدشت نمونه اصفهان,زراعت و خدمات وابسته,72.4,قوی ولی پرریسک؛ فعلاً ورود نه,95,80,87.5,24,11580,20260930,15.1,12.2,36.3,-15.1,9.5,14.5,82.9,68.6,3,0,true,26.7,3.34,above,-0.5,1.21,11265,,41.83,5.75,4.56,29.71,17.76,1225,9.45,8.07,17.1,11265,11072,12740,13513,2.28,توزیع: ورود حقیقی با سرانه خرید ضعیف (0.77 در ۲۰ روز) | 83٪ بالای MA200
فن افزار,توسعه فن افزار توسن,رایانه و فعالیت‌های وابسته به آن,72.4,پرریسک؛ صفی/رشد عمودی,90,75,61.5,60,10680,20260930,1.7,8,135.8,84.3,-0.7,20.1,149.5,59.6,3,0,false,60.3,3.55,above,-9.1,1.1,9850,11750,5.96,-45.19,3,18.82,22.23,1478,7.23,8.89,-18.7,10300,9731,11750,12509,1.13,واگرایی منفی RSI | خروج مستمر پول حقیقی | رشد عمودی (136٪ در ۶۰ روز، 20٪ بالای MA50) | 149٪ بالای MA200 | واگرایی منفی | حد ضرر دور (8.9٪)
رپویا,پویا,رایانه و فعالیت‌های وابسته به آن,72.4,قوی ولی پرریسک؛ فعلاً ورود نه,95,100,71.5,24,58340,20260930,15.8,2.2,53.2,1.7,7.7,16.3,49.4,64.6,4,0,true,28.9,3.26,above,-5.7,1.37,57433,61888,11.29,-32.42,25.39,30.29,8.38,5242,11.13,8.89,25.2,57433,56483,61888,65688,1.91,خروج مستمر پول حقیقی | نقدشوندگی کمتر از ۱۰ میلیارد تومان
کویر,تولیدی فولاد سپید فراب کویر,فلزات اساسی,72.3,پرریسک؛ صفی/رشد عمودی,100,70,63,50,2888,20260930,9,56.4,102.5,51.1,18.7,46.3,94.3,83,15,0,true,61.2,2.62,above,0,0.98,2787,,-44.13,113.09,6.02,5.83,72.14,292,9.89,13.48,-26.6,2812,2749,3115,3267,1.64,اشباع خرید | فاصله زیاد از MA20 | سهم صفی: 15 روز از ۲۰ روز در صف (ریسک نقدشوندگی و اجرای حد ضرر) | رشد عمودی (103٪ در ۶۰ روز، 46٪ بالای MA50) | 94٪ بالای MA200 | شناوری کم (10٪)
نمرینو,ایران‌ مرینوس‌,منسوجات,72.3,پرریسک؛ صفی/رشد عمودی,100,70,89,24,8740,20260930,10.9,28.5,52.7,1.3,16.8,31.7,51.7,81,5,0,true,45,2.87,above,0,0.81,8509,,2.96,7.4,1.83,4.95,3.79,953,9.17,7.72,18.8,8509,8383,9491,9992,2.11,واگرایی منفی RSI | اشباع خرید | فاصله زیاد از MA20 | رشد عمودی (53٪ در ۶۰ روز، 32٪ بالای MA50) | 52٪ بالای MA200 | واگرایی منفی | نقدشوندگی کمتر از ۱۰ میلیارد تومان
چافست,افست‌,انتشار، چاپ و تکثیر,72.3,پرریسک؛ صفی/رشد عمودی,100,75,62,47,24060,20260930,9.6,14.5,80.5,29,6.3,15.7,80,65.1,6,0,false,38.3,3.5,above,-4.5,0.77,21310,25200,7.53,-5.47,10.24,9.04,8.11,4380,5.49,5.01,9.6,23218,22376,25200,26884,0.68,سهم صفی: 6 روز از ۲۰ روز در صف (ریسک نقدشوندگی و اجرای حد ضرر) | 80٪ بالای MA200 | حد ضرر دور (7.0٪) | نقدشوندگی کمتر از ۱۰ میلیارد تومان
فارس,صنایع پتروشیمی خلیج فارس,محصولات شیمیایی,72.1,پرریسک؛ صفی/رشد عمودی,100,40,86.5,50,12980,20260930,6.9,30.4,40.2,-11.3,8.8,26.3,68.3,70.8,7,0,false,36,3.12,above,-0.5,0.65,11550,,52.17,465.07,5.29,107.93,440.62,1498,8.66,9.63,-10,12575,12170,14195,15005,1.5,سهم صفی: 7 روز از ۲۰ روز در صف (ریسک نقدشوندگی و اجرای حد ضرر) | توزیع: ورود حقیقی با سرانه خرید ضعیف (0.87 در ۲۰ روز) | 68٪ بالای MA200
زملارد,کشاورزی و دامپروری ملارد شیر,زراعت و خدمات وابسته,72.1,قوی؛ نزدیک مقاومت، منتظر شکست یا پولبک,95,75,77.5,37,1571,20260930,11.5,9.9,52,0.5,6.5,15.9,63.9,65,3,0,false,31.3,3.51,above,-2.1,0.79,1388,1597,14.11,2.8,11.45,49.58,18.92,183,8.58,8.07,6.4,1516,1461,1597,1707,0.24,64٪ بالای MA200 | حد ضرر دور (7.0٪)
خبهمن,گروه‌بهمن‌,خودرو و ساخت قطعات,72,قوی؛ نزدیک مقاومت، منتظر شکست یا پولبک,95,63,73.7,50,2667,20260930,5.1,1.6,51.2,-0.2,0.7,10,54.3,56.4,1,0,false,31,3.48,above,-7,0.85,2538,2808,78.57,50.1,1.49,11.86,124.72,560,4.76,,,2574,2492,2808,2869,0.8,واگرایی منفی RSI | توزیع: ورود حقیقی با سرانه خرید ضعیف (0.71 در ۲۰ روز) | 54٪ بالای MA200 | واگرایی منفی
وسدید,گروه ‌صنعتی‌سدید,فلزات اساسی,72,زیر نظر,100,60,100,20,2529,20260930,9.1,59.4,60,8.5,22.5,38.8,46.1,88.4,11,0,true,51.1,2.77,above,-2.4,2.08,2294,,23.34,109.17,2.24,6.76,29.49,34,74.38,,,2459,2389,2740,2880,1.5,اشباع خرید | فاصله زیاد از MA20 | سهم صفی: 11 روز از ۲۰ روز در صف (ریسک نقدشوندگی و اجرای حد ضرر) | رشد عمودی (60٪ در ۶۰ روز، 39٪ بالای MA50) | P/E بالا (74) | واگرایی مثبت RSI
غدشت,دشت‌ مرغاب‌,محصولات غذایی و آشامیدنی به جز قند و شکر,71.8,قوی؛ نزدیک مقاومت، منتظر شکست یا پولبک,83,63,77,60,4140,20260930,8.7,5.9,42.3,-9.2,5.6,16.1,45.6,63.3,4,0,false,15.9,3.24,above,-3.5,0.85,3695,4290,4.64,4.1,6.01,0.2,9.7,591,7.01,8.53,-17.9,4006,3872,4290,4558,0.56,توزیع: ورود حقیقی با سرانه خرید ضعیف (0.86 در ۲۰ روز) | نقدشوندگی کمتر از ۱۰ میلیارد تومان
حبندر,دریایی و کشتیرانی خط دریابندر,حمل ونقل، انبارداری و ارتباطات,71.8,قوی ولی پرریسک؛ فعلاً ورود نه,100,60,87,32,9640,20260930,5.5,13.4,65.7,14.3,6.5,18.5,100.3,70.9,0,0,false,34.7,3.67,above,-1.8,1.2,9528,,4.6,3.1,1.7,4.91,3.14,1112,8.67,,,9528,9351,10701,11408,3.67,100٪ بالای MA200 | نقدشوندگی کمتر از ۱۰ میلیارد تومان
شغدیر,پتروشیمی غدیر,محصولات شیمیایی,71.7,پرریسک؛ صفی/رشد عمودی,100,60,58.6,60,85440,20260930,6.6,22.2,215.5,164,10.1,31.3,115.9,73.2,1,0,false,64.5,3.17,above,-1.1,0.73,82210,,28.12,206,1.05,-30.21,68.76,12273,6.96,9.63,-27.7,82728,80854,93575,98998,1.77,واگرایی منفی RSI | رشد عمودی (216٪ در ۶۰ روز، 31٪ بالای MA50) | توزیع: ورود حقیقی با سرانه خرید ضعیف (0.86 در ۲۰ روز) | 116٪ بالای MA200 | واگرایی منفی
ثامید,توسعه و عمران امید,انبوه سازی، املاک و مستغلات,71.7,قوی ولی پرریسک؛ فعلاً ورود نه,83,55,63,80,1879,20260930,3.8,7.1,27.8,-23.6,2.1,11,45.5,59,0,0,false,19.1,3.33,above,-6.1,0.82,1836,2001,-3.52,15.7,3.34,29.7,13.91,547,3.44,6.61,-48,1836,1805,2001,2126,1.64,واگرایی منفی RSI | واگرایی منفی | شناوری کم (13٪)
ریشمک,تولید و صادرات ریشمک,مواد و محصولات دارویی,71.6,پرریسک؛ صفی/رشد عمودی,100,75,46.4,60,17330,20260930,14.5,17.5,67.3,15.8,7.1,28.3,82.3,69.5,8,0,false,36.9,2.96,above,-3.4,1.13,14440,17940,2.86,5.75,0.98,-8.58,23.71,2342,7.4,8.86,-16.5,16817,16305,17940,18965,0.6,سهم صفی: 8 روز از ۲۰ روز در صف (ریسک نقدشوندگی و اجرای حد ضرر) | توزیع: ورود حقیقی با سرانه خرید ضعیف (0.85 در ۲۰ روز) | 82٪ بالای MA200
قرن,پدیده شیمی قرن,محصولات شیمیایی,71.5,پرریسک؛ صفی/رشد عمودی,100,100,62,24,26240,20260930,15.5,25.3,62.9,11.4,10,18.4,105.4,68.5,6,0,true,36.7,3.11,above,-1.7,0.77,23330,26690,6.61,-40.36,6.5,18.49,17.4,2371,11.07,9.63,14.9,25423,24606,26690,28324,0.28,خروج مستمر پول حقیقی | سهم صفی: 6 روز از ۲۰ روز در صف (ریسک نقدشوندگی و اجرای حد ضرر) | 105٪ بالای MA200
وثوق,سرمایه گذاری وثوق امین,سرمایه گذاریها,71.5,زیر نظر,100,85,77.9,20,45680,20260930,10.9,13.4,118,66.6,10.4,18.8,100.3,73.6,0,0,true,34.9,2.82,above,-0.1,1.06,42950,,4.65,2.99,1.6,9.04,5.05,81,563.95,,,44392,42461,49543,52118,1.2,رشد عمودی (118٪ در ۶۰ روز، 19٪ بالای MA50) | P/E بالا (564) | 100٪ بالای MA200 | حد ضرر دور (7.0٪) | نقدشوندگی کمتر از ۱۰ میلیارد تومان
نماد,گروه مالی نماد غدیر,سرمایه گذاریها,71.5,قوی ولی پرریسک؛ فعلاً ورود نه,100,63,35.5,80,4270,20260930,5.4,15.7,42.3,-9.1,4.9,16.9,,67.7,1,0,false,39.5,3.2,above,-1.2,0.78,3927,,-32.39,-44.21,2.48,37.86,33.32,995,4.29,7.13,-39.8,4133,3928,4680,4954,1.2,خروج مستمر پول حقیقی | حد ضرر دور (8.0٪) | شناوری کم (9٪)
دی,بانک دی,بانکها و موسسات اعتباری,71.4,پرریسک؛ صفی/رشد عمودی,100,70,79.5,50,1788,20260926,13,25.2,65.7,14.2,17.9,37.4,94,80.3,10,0,true,29.4,2.94,above,0,0.71,1525,,71.97,61.92,5.84,305.53,135.36,414,4.32,,,1735,1683,1946,2051,1.5,اشباع خرید | فاصله زیاد از MA20 | سهم صفی: 10 روز از ۲۰ روز در صف (ریسک نقدشوندگی و اجرای حد ضرر) | رشد عمودی (66٪ در ۶۰ روز، 37٪ بالای MA50) | 94٪ بالای MA200 | آخرین معامله 20260926 (متوقف یا کم‌معامله)
ومشان,سرمایه گذاری مشانیر,سرمایه گذاریها,71.4,زیر نظر,100,70,89.5,20,36240,20260930,15.8,40.7,76.3,24.8,26.9,39.9,114.2,88.1,10,0,true,43.2,2.96,above,0,0.21,26683,,2.06,22.25,4.58,1.39,5.52,143,253.43,,,35166,34092,39461,41609,1.5,اشباع خرید | فاصله زیاد از MA20 | سهم صفی: 10 روز از ۲۰ روز در صف (ریسک نقدشوندگی و اجرای حد ضرر) | رشد عمودی (76٪ در ۶۰ روز، 40٪ بالای MA50) | P/E بالا (253) | 114٪ بالای MA200 | نقدشوندگی کمتر از ۱۰ میلیارد تومان
چکاوه,صنایع‌کاغذسازی‌کاوه‌,محصولات کاغذی,71.4,زیر نظر,100,70,99.5,10,14790,20260930,11.6,52.9,106,54.5,25.2,48.1,96.9,90.5,11,0,true,59.3,2.63,above,0,2.42,12250,,19.99,62.69,2.89,24.19,13.48,,,16.48,,14401,14012,15958,16736,1.5,اشباع خرید | فاصله زیاد از MA20 | بدون EPS مثبت | سهم صفی: 11 روز از ۲۰ روز در صف (ریسک نقدشوندگی و اجرای حد ضرر) | رشد عمودی (106٪ در ۶۰ روز، 48٪ بالای MA50) | 97٪ بالای MA200
دکیمی,کیمیدارو,مواد و محصولات دارویی,71.4,پرریسک؛ صفی/رشد عمودی,100,85,88.5,9,76670,20260930,15.9,31.5,168.1,116.6,16.4,38.9,168.4,79.1,9,0,true,53,2.95,above,0,0.64,70170,,12.95,30.25,5.51,5.53,9.76,4266,17.97,12.91,39.2,74407,71013,83459,87984,1.2,واگرایی منفی RSI | اشباع خرید | فاصله زیاد از MA20 | سهم صفی: 9 روز از ۲۰ روز در صف (ریسک نقدشوندگی و اجرای حد ضرر) | رشد عمودی (168٪ در ۶۰ روز، 39٪ بالای MA50) | 168٪ بالای MA200 | واگرایی منفی | حد ضرر دور (7.4٪) | نقدشوندگی کمتر از ۱۰ میلیارد تومان
خپویش,سازه‌ پویش‌,خودرو و ساخت قطعات,71.4,پرریسک؛ صفی/رشد عمودی,100,70,89.5,20,5780,20260930,15.4,48.2,95.5,44,26.5,56,91.7,93.5,14,0,true,65.8,2.49,above,0,0.63,4001,,21.83,40.56,16.05,23,6.74,196,29.49,,,5636,5492,6212,6501,1.5,اشباع خرید | فاصله زیاد از MA20 | سهم صفی: 14 روز از ۲۰ روز در صف (ریسک نقدشوندگی و اجرای حد ضرر) | رشد عمودی (95٪ در ۶۰ روز، 56٪ بالای MA50) | 92٪ بالای MA200 | نقدشوندگی کمتر از ۱۰ میلیارد تومان
البرز,بیمه البرز,بیمه وصندوق بازنشستگی به جزتامین اجتماعی,71.3,پرریسک؛ صفی/رشد عمودی,100,70,74,55,3410,20260928,13.9,50.9,65.5,14.1,20.6,48.4,74.9,90.9,8,0,true,66.2,2.75,above,0,1.19,2896,,40.76,138.93,5.92,-10.88,35.97,758,4.5,4.59,-2,3316,3223,3691,3879,1.5,اشباع خرید | فاصله زیاد از MA20 | سهم صفی: 8 روز از ۲۰ روز در صف (ریسک نقدشوندگی و اجرای حد ضرر) | رشد عمودی (66٪ در ۶۰ روز، 48٪ بالای MA50) | 75٪ بالای MA200 | شناوری کم (13٪) | آخرین معامله 20260928 (متوقف یا کم‌معامله)
کمینا,شیشه سازی مینا,سایر محصولات کانی غیرفلزی,71.1,زیر نظر,100,70,88.5,20,17810,20260930,15.7,45.1,120.3,68.8,23.9,51.8,124.5,89.6,8,0,true,69.7,2.65,above,0,1.17,13770,,22.69,36.37,4.86,24.98,5.93,259,68.76,,,17339,16867,19224,20167,1.5,اشباع خرید | فاصله زیاد از MA20 | سهم صفی: 8 روز از ۲۰ روز در صف (ریسک نقدشوندگی و اجرای حد ضرر) | رشد عمودی (120٪ در ۶۰ روز، 52٪ بالای MA50) | P/E بالا (69) | 124٪ بالای MA200 | نقدشوندگی کمتر از ۱۰ میلیارد تومان
درازک,دارویی‌ رازک‌,مواد و محصولات دارویی,71.1,پرریسک؛ صفی/رشد عمودی,95,75,60.4,50,4870,20260930,8.2,10.9,209.9,158.4,4,24.4,142.7,64.1,5,0,false,41.8,3.24,above,-3.8,1.65,4810,5060,75.45,26.62,1.1,-24.15,49.97,453,10.75,12.91,-16.7,4810,4731,5060,5376,1.37,واگرایی منفی RSI | رشد عمودی (210٪ در ۶۰ روز، 24٪ بالای MA50) | توزیع: ورود حقیقی با سرانه خرید ضعیف (0.74 در ۲۰ روز) | 143٪ بالای MA200 | واگرایی منفی
زپارس,ملی کشت و صنعت و دامپروری پارس,زراعت و خدمات وابسته,71.1,پرریسک؛ صفی/رشد عمودی,100,88,78,16,44120,20260930,15.7,15.6,42.9,-8.6,10.4,25.3,74.9,69.5,6,0,true,30.1,3.11,above,0,0.41,43190,,8.83,0.74,6.08,11.99,8.34,4640,9.51,6.33,50.2,43190,42504,48236,50980,2.55,واگرایی منفی RSI | سهم صفی: 6 روز از ۲۰ روز در صف (ریسک نقدشوندگی و اجرای حد ضرر) | توزیع: ورود حقیقی با سرانه خرید ضعیف (0.89 در ۲۰ روز) | 75٪ بالای MA200 | واگرایی منفی | نقدشوندگی کمتر از ۱۰ میلیارد تومان | شناوری کم (13٪)
آواک,صنایع ارتباطی آوا,اطلاعات و ارتباطات,71,قوی؛ نزدیک مقاومت، منتظر شکست یا پولبک,90,45,80.1,60,2732,20260930,-3.8,2.4,25.2,-26.3,-4.5,9.3,14.4,50.1,3,1,false,42.2,3.77,above,-15.3,0.67,2669,2767,0.14,33.58,1.35,11.15,15.03,328,8.33,11.65,-28.5,2669,2617,2767,2949,0.31,صف فروش در ۵ روز اخیر
فطلوع,طلوع فولاد پارس,فلزات اساسی,71,زیر نظر,100,70,88,20,6600,20260930,15.6,42.9,135.7,84.2,15.3,48.8,,82.4,18,0,true,72.9,2.54,above,0,0.34,6320,,13.37,36.83,3.33,15.06,14.91,34,194.12,,,6433,6236,7102,7437,1.38,اشباع خرید | فاصله زیاد از MA20 | سهم صفی: 18 روز از ۲۰ روز در صف (ریسک نقدشوندگی و اجرای حد ضرر) | رشد عمودی (136٪ در ۶۰ روز، 49٪ بالای MA50) | P/E بالا (194) | 254٪ بالای کف ۵۲ هفته
آواپارس,بیمه اتکایی آوای پارس,بیمه وصندوق بازنشستگی به جزتامین اجتماعی,71,پرریسک؛ صفی/رشد عمودی,100,70,98,50,5010,20260930,14.6,43.6,111.3,59.8,22,50.5,149.9,98.6,20,0,true,88.1,2.27,above,0,1.63,2583,,0.72,1.95,4.26,3.26,0.73,1471,3.41,,,4896,4783,5351,5578,1.5,نقدشوندگی پایین | اشباع خرید | فاصله زیاد از MA20 | سهم صفی: 20 روز از ۲۰ روز در صف (ریسک نقدشوندگی و اجرای حد ضرر) | رشد عمودی (111٪ در ۶۰ روز، 50٪ بالای MA50) | 150٪ بالای MA200 | نقدشوندگی کمتر از ۱۰ میلیارد تومان
وپخش,داروپخش‌ (هلدینگ‌,مواد و محصولات دارویی,71,پرریسک؛ صفی/رشد عمودی,100,73,88.5,17,56310,20260930,15.8,26.9,46.2,-5.2,15.4,20.8,98.6,73.5,8,0,true,23.5,3.13,above,0,0.94,52180,,59.43,121.37,5.15,32.26,33.72,3800,14.82,12.91,14.8,54550,51911,61589,65109,1.2,واگرایی منفی RSI | فاصله زیاد از MA20 | سهم صفی: 8 روز از ۲۰ روز در صف (ریسک نقدشوندگی و اجرای حد ضرر) | توزیع: ورود حقیقی با سرانه خرید ضعیف (0.74 در ۲۰ روز) | 99٪ بالای MA200 | واگرایی منفی | حد ضرر دور (7.8٪) | شناوری کم (11٪)
وکبهمن,مدیریت سرمایه گذاری کوثربهمن,سرمایه گذاریها,71,قوی ولی پرشده؛ منتظر پولبک,100,73,45.5,60,4180,20260930,8,24,50.7,-0.8,11.1,24.9,74.1,77.1,3,0,true,47,3.15,above,0,1.26,3980,,-16.52,-29.94,10.86,7.65,4.85,671,6.23,8.73,-28.6,4048,3914,4575,4838,1.49,خروج مستمر پول حقیقی | 74٪ بالای MA200 | نقدشوندگی کمتر از ۱۰ میلیارد تومان
پاکشو,گروه صنعتی پاکشو,محصولات شیمیایی,70.9,پرریسک؛ صفی/رشد عمودی,100,85,86.5,9,13670,20260930,15.7,23.4,99.8,48.3,13.9,25.4,113.6,73.1,9,0,true,32.4,3.15,above,0,0.44,12800,,0.25,19.57,3.25,8.62,9.4,1090,12.54,9.63,30.2,13239,12592,14963,15825,1.2,واگرایی منفی RSI | سهم صفی: 9 روز از ۲۰ روز در صف (ریسک نقدشوندگی و اجرای حد ضرر) | 114٪ بالای MA200 | واگرایی منفی | حد ضرر دور (7.9٪) | نقدشوندگی کمتر از ۱۰ میلیارد تومان | شناوری کم (10٪)
خبرنا,تولیدی برنا باطری,خودرو و ساخت قطعات,70.9,ورود پله‌ای,100,73,89,16,9170,20260930,8.4,13.5,49.7,-1.8,8.2,24.5,41.5,70.4,1,0,true,37.1,3.1,above,-0.3,0.87,7690,,35.77,79.72,2.09,60.2,30.02,1058,8.67,5.87,47.7,8886,8602,10022,10589,1.5,
سنوین,سرمایه گذاری اقتصاد نوین,سرمایه گذاریها,70.8,قوی ولی پرریسک؛ فعلاً ورود نه,100,45,85.2,42,3490,20260930,-2,11.1,39.5,-12,1.8,12,39.8,58.4,3,0,false,31.6,3.66,above,-5.9,1.03,3270,,2.11,7.6,1.49,3.71,3.31,612,5.7,,,3362,3206,3873,4128,1.35,واگرایی منفی RSI | واگرایی منفی | حد ضرر دور (8.1٪) | نقدشوندگی کمتر از ۱۰ میلیارد تومان
غگلستا,شیر پاستوریزه پگاه گلستان,محصولات غذایی و آشامیدنی به جز قند و شکر,70.8,پرریسک؛ صفی/رشد عمودی,100,75,87,16,17070,20260930,9.6,13.7,56.7,5.3,2.3,19.5,70,62.5,9,0,false,36.2,3.5,above,-8.2,0.82,15120,18590,22.01,22.55,6.91,16.7,9.76,1656,10.31,7.05,46.2,16473,15876,18590,19784,1.27,سهم صفی: 9 روز از ۲۰ روز در صف (ریسک نقدشوندگی و اجرای حد ضرر) | 70٪ بالای MA200 | نقدشوندگی کمتر از ۱۰ میلیارد تومان
زفارس,کشت وصنعت و دامپروری پگاه فارس,زراعت و خدمات وابسته,70.8,قوی ولی پرریسک؛ فعلاً ورود نه,95,55,88,37,25110,20260930,9.3,8.7,37.4,-14,4.1,17.5,,63.6,4,0,false,37.4,3.15,above,-6.9,0.88,24440,26970,19.12,22.17,18.6,32.9,11.37,2916,8.61,8.07,6.7,24440,24044,26970,28554,1.74,واگرایی منفی RSI | 185٪ بالای کف ۵۲ هفته | واگرایی منفی
وهور,گروه س.انرژی امید  تابان هور,عرضه برق، گاز، بخاروآب گرم,70.8,پرریسک؛ صفی/رشد عمودی,95,80,88,17,2765,20260930,15.8,10.8,32.9,-18.6,9.3,15.4,50.7,65.6,8,0,true,23.3,3.13,above,-4.3,0.96,2671,2889,97.39,54.01,5.11,90.69,27.9,230,12.02,10.04,19.7,2678,2628,2889,3062,0.9,سهم صفی: 8 روز از ۲۰ روز در صف (ریسک نقدشوندگی و اجرای حد ضرر) | 51٪ بالای MA200
خصدرا,صنعتی‌ دریایی‌ ایران‌,پیمانکاری صنعتی,70.8,پرریسک؛ صفی/رشد عمودی,90,65,88,35,2653,20260930,15.8,7.1,15.3,-36.1,18.3,30.8,15.1,73.8,18,0,true,28.3,2.97,above,-12.2,0.79,2518,2697,0.68,8.78,5.9,17.32,4.86,191,13.89,,,2574,2479,2697,3021,0.25,واگرایی منفی RSI | فاصله زیاد از MA20 | سهم صفی: 18 روز از ۲۰ روز در صف (ریسک نقدشوندگی و اجرای حد ضرر) | رشد عمودی (15٪ در ۶۰ روز، 31٪ بالای MA50) | واگرایی منفی | نقدشوندگی کمتر از ۱۰ میلیارد تومان
نیشکر,توسعه نیشکر و  صنایع جانبی,قند و شکر,70.8,ورود پله‌ای,95,55,88,37,66180,20260930,8.3,8.7,34,-17.4,2.1,9.6,22.8,59.6,4,0,false,27.3,3.58,above,-6.1,0.91,62753,,20.88,20.74,13.46,34.87,10.37,6371,10.39,9.57,8.5,63809,61568,73293,78036,1.54,
زشگزا,شیر و گوشت زاگرس شهرکرد,زراعت و خدمات وابسته,70.6,قوی ولی پرریسک؛ فعلاً ورود نه,95,80,57.5,47,35230,20260930,13.5,14.3,28.8,-22.6,9.5,15,73.7,68.2,3,0,true,23.9,3.27,above,-1,1.2,34115,,-0.01,50.23,2.83,-8.59,21.88,4812,7.32,8.07,-9.3,34115,33539,38684,40986,2.04,74٪ بالای MA200
قصفها,قنداصفهان‌,قند و شکر,70.6,قوی ولی پرریسک؛ فعلاً ورود نه,95,75,71.5,37,2385,20260930,4.2,11.8,52.1,0.6,1.1,14,67.5,59,5,0,false,35.2,3.37,above,-8.5,0.83,2263,2607,3.47,20.9,1.95,-7.29,12.61,264,9.03,9.8,-7.8,2305,2223,2607,2768,1.37,توزیع: ورود حقیقی با سرانه خرید ضعیف (0.67 در ۲۰ روز) | 67٪ بالای MA200
خریخت,صنایع‌ریخته‌گری‌ایران‌,خودرو و ساخت قطعات,70.6,پرریسک؛ صفی/رشد عمودی,100,70,74.5,32,1840,20260930,11.7,53.8,77,25.5,20.7,44.9,83.3,92.2,7,0,true,59.9,2.91,above,-0.3,0.73,1229,,0.98,11.05,1.93,-4.31,6.05,185,9.95,,,1787,1733,2000,2107,1.5,واگرایی منفی RSI | اشباع خرید | فاصله زیاد از MA20 | سهم صفی: 7 روز از ۲۰ روز در صف (ریسک نقدشوندگی و اجرای حد ضرر) | رشد عمودی (77٪ در ۶۰ روز، 45٪ بالای MA50) | 83٪ بالای MA200 | واگرایی منفی | نقدشوندگی کمتر از ۱۰ میلیارد تومان
دتوزیع,توزیع دارو پخش,مواد و محصولات دارویی,70.6,قوی ولی پرریسک؛ فعلاً ورود نه,95,85,63.5,37,6950,20260930,15.4,15.3,77.2,25.7,10.5,20.6,117.2,70.7,5,0,true,39.3,3.1,above,0,0.66,6790,,51.29,-14.08,12.48,52.94,29.23,739,9.4,8.86,6.1,6790,6682,7596,8027,2.41,واگرایی منفی RSI | 117٪ بالای MA200 | واگرایی منفی
شفارا,پتروشیمی فارابی,محصولات شیمیایی,70.6,پرریسک؛ صفی/رشد عمودی,100,75,77.5,25,1791,20260930,8.9,18.1,67.9,16.4,5.7,22.9,48.8,68.2,6,0,false,42.8,3.52,above,-2.6,0.45,1659,1838,2.38,1.93,3.17,6,9.82,126,14.21,,,1728,1634,1838,1964,0.3,واگرایی منفی RSI | سهم صفی: 6 روز از ۲۰ روز در صف (ریسک نقدشوندگی و اجرای حد ضرر) | توزیع: ورود حقیقی با سرانه خرید ضعیف (0.65 در ۲۰ روز) | واگرایی منفی | حد ضرر دور (8.8٪) | نقدشوندگی کمتر از ۱۰ میلیارد تومان
وامید,گروه مدیریت سرمایه گذاری امید,شرکتهای چند رشته ای صنعتی,70.6,قوی؛ نزدیک مقاومت، منتظر شکست یا پولبک,100,80,48.4,50,6140,20260930,5.7,14.8,10.2,-41.2,5.4,14.9,30,66.7,0,0,true,31.9,2.69,above,-5.5,0.54,5788,6498,2.27,-151.5,1.1,3.33,43.57,638,9.62,10.88,-11.5,5975,5727,6498,6829,0.87,خروج مستمر پول حقیقی | شناوری کم (6٪)
سیتا,سرمایه گذاری سیمان تامین,سیمان، آهک و گچ,70.5,پرریسک؛ صفی/رشد عمودی,100,80,51,47,31910,20260930,8.7,12.1,18.9,-32.6,7.6,15.1,66.7,64.9,6,0,true,23.5,3.13,above,-2.2,1.15,29872,32640,-2.32,20.15,2.28,25.38,36.49,4273,7.47,7.14,4.6,30911,29414,32640,34637,0.29,سهم صفی: 6 روز از ۲۰ روز در صف (ریسک نقدشوندگی و اجرای حد ضرر) | 67٪ بالای MA200 | حد ضرر دور (7.8٪) | شناوری کم (10٪)
حخزر,کشتیرانی دریای خزر,حمل و نقل آبی,70.5,پرریسک؛ صفی/رشد عمودی,100,70,89,17,12100,20260930,12,58.2,193.6,142.2,21.9,55.9,208.2,92.4,7,0,true,83.4,2.69,above,0,0.67,6430,,31.55,62.38,2.5,12.88,22.67,944,12.82,10.36,23.7,11774,11449,13077,13728,1.5,واگرایی منفی RSI | اشباع خرید | فاصله زیاد از MA20 | سهم صفی: 7 روز از ۲۰ روز در صف (ریسک نقدشوندگی و اجرای حد ضرر) | رشد عمودی (194٪ در ۶۰ روز، 56٪ بالای MA50) | 208٪ بالای MA200 | واگرایی منفی
بنیرو,نیروترانس‌,ماشین آلات و دستگاه‌های برقی,70.5,قوی؛ نزدیک مقاومت، منتظر شکست یا پولبک,83,80,50.3,68,3970,20260930,4.2,5.9,27,-24.5,4.5,8.4,51.2,60.6,0,0,true,10.4,3.18,above,-2.2,0.55,3905,4060,0.13,-23.44,1.13,2.83,12.89,830,4.78,6.15,-22.2,3905,3842,4060,4313,0.7,واگرایی منفی RSI | خروج مستمر پول حقیقی | بدون روند (ADX پایین) | 51٪ بالای MA200 | واگرایی منفی
شبریز,پالایش نفت تبریز,فراورده های نفتی، کک و سوخت هسته ای,70.4,قوی ولی پرریسک؛ فعلاً ورود نه,90,55,72.8,57,57390,20260930,3.3,11.5,38.5,-12.9,-0.5,16.2,82.8,59.2,2,0,false,42.8,3.53,above,-11.8,1.01,53180,65100,181,25.81,1.39,79.96,160.31,9661,5.94,6.26,-5.1,55361,52319,65100,69157,1.52,توزیع: ورود حقیقی با سرانه خرید ضعیف (0.68 در ۲۰ روز) | 83٪ بالای MA200 | حد ضرر دور (8.8٪)
فروسیل,فروسیلیسیم خمین,فلزات اساسی,70.4,پرریسک؛ صفی/رشد عمودی,100,75,77.5,24,15830,20260930,10.4,18.4,76.7,25.2,5.6,25.6,76.6,68.2,10,0,false,48.7,3.1,above,-3.8,0.6,13910,16460,8.92,5.68,4.08,5.12,9.63,1620,9.77,8.05,21.4,15339,14848,16460,17442,0.64,سهم صفی: 10 روز از ۲۰ روز در صف (ریسک نقدشوندگی و اجرای حد ضرر) | توزیع: ورود حقیقی با سرانه خرید ضعیف (0.85 در ۲۰ روز) | 77٪ بالای MA200 | نقدشوندگی کمتر از ۱۰ میلیارد تومان
حتاید,تایدواترخاورمیانه,حمل ونقل، انبارداری و ارتباطات,70.3,قوی؛ نزدیک مقاومت، منتظر شکست یا پولبک,100,45,53,72,8540,20260930,-0.8,10.1,16.1,-35.4,0.9,9.3,38,56.4,3,0,false,27.2,3.39,above,-6.5,0.89,8215,9074,11.13,83.07,0.53,-58.59,37.61,1376,6.21,19.33,-67.9,8250,8070,9074,9653,1.14,توزیع: ورود حقیقی با سرانه خرید ضعیف (0.88 در ۲۰ روز) | سرانه خرید ضعیف (0.53)
وسپه,سرمایه‌گذاری‌ سپه‌,سرمایه گذاریها,70,پرریسک؛ صفی/رشد عمودی,100,85,32.1,60,7870,20260930,8.7,27.1,65,13.5,10.1,30.5,66.9,76,2,0,true,54.9,3.2,above,-1,0.83,7750,,12.1,-71.89,1,-26.42,40.73,1251,6.29,7.13,-11.8,7750,7624,8625,9128,3.07,واگرایی منفی RSI | خروج مستمر پول حقیقی | رشد عمودی (65٪ در ۶۰ روز، 30٪ بالای MA50) | 67٪ بالای MA200 | واگرایی منفی
کچاد,معدنی‌وصنعتی‌چادرملو,استخراج کانه های فلزی,70,قوی؛ نزدیک مقاومت، منتظر شکست یا پولبک,95,55,72,50,3092,20260930,11.2,16.7,39.2,-12.2,4.7,17.2,38.3,64.7,4,0,false,32.6,3.39,above,-4.3,0.86,2840,3230,84.28,285.84,3.47,-43.01,141.22,277,11.16,13.76,-18.9,2987,2830,3230,3440,0.53,توزیع: ورود حقیقی با سرانه خرید ضعیف (0.70 در ۲۰ روز) | حد ضرر دور (8.5٪)
کولان,کولان سل,محصولات کاغذی,70,قوی ولی پرریسک؛ فعلاً ورود نه,85,80,77,37,32540,20260930,9,19.1,22,-29.5,7.1,13.1,,67.5,3,0,true,24.4,3.02,,-0.6,0.9,30072,,3.01,0.67,12.31,60.14,15.66,3233,10.06,10.19,-1.2,31558,30084,35487,37451,1.2,حد ضرر دور (7.5٪)
وهامون,سرمایه گذاری هامون صبا,سرمایه گذاریها,70,قوی؛ نزدیک مقاومت، منتظر شکست یا پولبک,100,55,36,80,1707,20260930,5.6,9.4,18.5,-32.9,3.2,11.4,33.3,62.9,0,0,false,20.8,2.78,above,-3,0.76,1669,1760,-0.62,-1.28,2.12,8.57,5.19,427,4,8.73,-54.2,1669,1645,1760,1855,0.86,واگرایی منفی RSI | واگرایی منفی | نقدشوندگی کمتر از ۱۰ میلیارد تومان
فخوز,فولاد  خوزستان,فلزات اساسی,69.9,زیر نظر,100,70,86.5,17,3296,20260930,11.4,70.8,65.4,14,15.1,40.1,99,81.4,11,0,true,46.8,3.11,above,-0.2,0.93,3140,,90.05,1030.36,8.57,7.33,431.73,222,14.85,13.48,10.1,3193,3089,3604,3809,1.49,اشباع خرید | فاصله زیاد از MA20 | سهم صفی: 11 روز از ۲۰ روز در صف (ریسک نقدشوندگی و اجرای حد ضرر) | رشد عمودی (65٪ در ۶۰ روز، 40٪ بالای MA50) | 99٪ بالای MA200
ونفت,سرمایه‌گذاری‌ صنعت‌ نفت‌,فراورده های نفتی، کک و سوخت هسته ای,69.9,زیر نظر,100,65,27.5,80,10440,20260930,-3.6,9.8,119.1,67.7,2.5,8,105.6,57.3,3,1,false,30.9,3.45,above,-9.6,0.95,10330,11550,-6.22,54.84,0.68,-42.4,34.65,3216,3.25,6.26,-48.1,10330,10150,11550,12270,3.83,واگرایی منفی RSI | رشد عمودی (119٪ در ۶۰ روز، 8٪ بالای MA50) | توزیع: ورود حقیقی با سرانه خرید ضعیف (0.84 در ۲۰ روز) | 106٪ بالای MA200 | سرانه خرید ضعیف (0.68) | واگرایی منفی | صف فروش در ۵ روز اخیر
کپرسپولیس,مجتمع کاشی و سنگ پرسپولیس یزد,کاشی و سرامیک,69.9,زیر نظر,100,88,52,37,9250,20260930,5,17.1,49.5,-2,8.2,17.9,,69.9,5,0,true,38.8,3.14,above,0,0.58,8790,,-4.01,12.43,30.51,27.36,17.03,966,9.58,9.26,3.4,8959,8645,10122,10704,1.44,واگرایی منفی RSI | واگرایی منفی
خمحور,تولیدمحورخودرو,خودرو و ساخت قطعات,69.8,زیر نظر,88,55,87.5,42,5800,20260930,9.4,16,8.2,-43.3,6.8,17.3,47.7,66.7,2,0,false,18.7,3.15,above,-2,0.79,5540,5920,3.9,6.64,1.68,7.54,5.44,785,7.39,,,5617,5449,5920,6286,0.34,نقدشوندگی کمتر از ۱۰ میلیارد تومان | شناوری کم (9٪)
پارسیان,بیمه پارسیان,بیمه وصندوق بازنشستگی به جزتامین اجتماعی,69.7,زیر نظر,100,60,30.9,80,2003,20260930,6.3,18.5,54.2,2.7,8,23,56.7,71.2,2,0,false,48.4,3.23,above,0,0.8,1970,,0.15,-20.55,0.96,-0.6,7.96,865,2.32,4.59,-49.6,1970,1938,2197,2326,2.97,خروج مستمر پول حقیقی | 57٪ بالای MA200 | نقدشوندگی کمتر از ۱۰ میلیارد تومان
وتوشه,سرمایه‌ گذاری‌ پارس‌ توشه‌,ماشین آلات و تجهیزات,69.7,زیر نظر,100,88,20.4,68,9050,20260930,9,12,42.4,-9.1,7.8,16.2,52.2,66.8,0,0,true,48.4,3.35,above,-0.1,0.87,8775,,-1.84,3.35,0.98,-7.3,11.47,2049,4.42,5.15,-14.2,8775,8624,9959,10564,2.13,واگرایی منفی RSI | توزیع: ورود حقیقی با سرانه خرید ضعیف (0.68 در ۲۰ روز) | 52٪ بالای MA200 | واگرایی منفی
غمهرا,تولیدی‌مهرام‌,محصولات غذایی و آشامیدنی به جز قند و شکر,69.7,زیر نظر,100,100,41.7,37,21990,20260930,8.8,27.1,51.6,0.2,9.5,18.2,91.8,68,5,0,true,31.9,3.24,above,-2.9,0.78,19620,22640,-4.31,81.43,1.33,-26.4,24.26,2564,8.58,8.53,0.5,21277,20565,22640,24065,0.46,توزیع: ورود حقیقی با سرانه خرید ضعیف (0.70 در ۲۰ روز) | 92٪ بالای MA200
عالیس,بهار رز عالیس چناران,محصولات غذایی و آشامیدنی به جز قند و شکر,69.7,زیر نظر,100,55,54.6,60,6220,20260930,5.4,9.9,34.2,-17.3,2.1,11.1,60.2,62.8,1,0,false,28.5,3.72,above,-6.5,0.87,5870,6650,24.83,265.09,0.82,-32.22,43.23,1000,6.22,7.05,-11.8,5988,5754,6650,7113,0.92,توزیع: ورود حقیقی با سرانه خرید ضعیف (0.79 در ۲۰ روز) | 60٪ بالای MA200 | حد ضرر دور (7.5٪)
وسرمد,بیمه  سرمد,بیمه وصندوق بازنشستگی به جزتامین اجتماعی,69.6,زیر نظر,85,45,88.5,52,1597,20260930,4.6,-2.3,40.8,-10.7,-1,3.3,35.8,52.3,3,0,false,27,3.73,above,-10.6,1.07,1498,1707,6.15,21.93,2.22,4.98,4.04,317,5.04,,,1537,1468,1707,1787,0.85,واگرایی منفی RSI | واگرایی منفی | حد ضرر دور (8.1٪) | نقدشوندگی کمتر از ۱۰ میلیارد تومان
جم پیلن,پتروشیمی جم پیلن,محصولات شیمیایی,69.5,زیر نظر,100,60,49.9,60,327900,20260930,7.6,27.1,91.9,40.4,9.2,30,82.7,75.5,2,0,false,45.4,2.96,above,0,0.77,318000,,14.2,-96,1.1,3.38,31.15,41853,7.83,9.63,-18.6,318200,313150,357000,376401,1.97,واگرایی منفی RSI | خروج مستمر پول حقیقی | 83٪ بالای MA200 | واگرایی منفی | شناوری کم (11٪)
لپارس,پارس‌ الکتریک‌,ساخت دستگاه‌ها و وسایل ارتباطی,69.4,زیر نظر,100,85,77.5,12,35780,20260930,14.3,23.7,68.4,16.9,9.9,28.5,79.2,74.1,3,0,true,59.2,3.33,above,0,0.75,34410,,2.43,3.17,1.65,13.54,11.79,1544,23.17,20.28,14.3,34590,33815,39351,41731,1.82,واگرایی منفی RSI | 79٪ بالای MA200 | واگرایی منفی
شملی,ملی شیمی کشاورز,محصولات شیمیایی,69.3,زیر نظر,100,70,77,24,11510,20260930,14.6,37,140.3,88.8,15.4,47.1,133.8,82.7,10,0,true,67.3,2.9,above,0,0.93,10530,,25.42,16.82,2.1,25.89,22.5,1215,9.47,8.01,18.3,11176,10675,12512,13179,1.2,اشباع خرید | فاصله زیاد از MA20 | سهم صفی: 10 روز از ۲۰ روز در صف (ریسک نقدشوندگی و اجرای حد ضرر) | رشد عمودی (140٪ در ۶۰ روز، 47٪ بالای MA50) | 134٪ بالای MA200 | حد ضرر دور (7.3٪)
شمس,تولید انرژی برق شمس پاسارگاد,عرضه برق، گاز، بخاروآب گرم,69.3,زیر نظر,100,75,88,9,12430,20260930,6.1,11.4,60.8,9.3,6.1,8.8,96.3,61.8,0,0,false,29.6,3.63,above,-3.8,0.59,11270,12900,16.44,62.13,4.19,32.65,15.97,887,14.01,10.04,39.6,11978,11301,12900,13803,0.42,96٪ بالای MA200 | حد ضرر دور (9.1٪)
خشرق,الکتریک‌ خودرو شرق‌,خودرو و ساخت قطعات,69.1,زیر نظر,100,60,88.5,20,3116,20260930,13.5,18.7,67.9,16.4,7.6,28.1,56.9,71.9,9,0,false,50.7,3.32,above,0,0.79,2669,,5.28,19.59,2.82,21.3,8.89,137,22.74,,,3012,2909,3427,3634,1.5,سهم صفی: 9 روز از ۲۰ روز در صف (ریسک نقدشوندگی و اجرای حد ضرر) | 57٪ بالای MA200 | نقدشوندگی کمتر از ۱۰ میلیارد تومان
ثنور,سرمایه گذاری کوه نور,انبوه سازی، املاک و مستغلات,69.1,زیر نظر,100,75,76.5,20,7240,20260930,1.4,12.8,75.5,24,4,20,87,65.8,1,0,false,55,3.28,above,-4,0.88,6640,7540,0.52,2.07,2.71,4.32,3.1,26,278.46,,,7003,6647,7540,8014,0.51,P/E بالا (278) | 87٪ بالای MA200 | حد ضرر دور (8.2٪) | نقدشوندگی کمتر از ۱۰ میلیارد تومان
تپسی,پیشگامان فن آوری و دانش آرامیس,رایانه و فعالیت‌های وابسته به آن,69,زیر نظر,100,70,90,10,26020,20260930,6,26.4,100.2,48.7,11.5,31.3,51.1,99.7,20,0,true,95.2,1.01,above,0,0.68,22600,,16.38,75.86,12.57,15.99,4.96,,,8.89,,25756,25492,26812,27340,1.5,اشباع خرید | بدون EPS مثبت | سهم صفی: 20 روز از ۲۰ روز در صف (ریسک نقدشوندگی و اجرای حد ضرر) | رشد عمودی (100٪ در ۶۰ روز، 31٪ بالای MA50) | 51٪ بالای MA200 | نقدشوندگی کمتر از ۱۰ میلیارد تومان
شرانل,نفت ایرانول,فراورده های نفتی، کک و سوخت هسته ای,68.9,زیر نظر,100,75,58.5,37,113900,20260930,7.3,21,54,2.5,4.5,18.9,97.9,65.3,5,0,false,34.6,3.19,above,-5.6,0.52,99320,120700,26.62,52.2,1.06,-1.77,39.42,13150,8.66,8.12,6.7,110271,106641,120700,127959,0.94,توزیع: ورود حقیقی با سرانه خرید ضعیف (0.62 در ۲۰ روز) | 98٪ بالای MA200
بزندگی,بیمه زندگی آگاه,بیمه وصندوق بازنشستگی به جزتامین اجتماعی,68.9,زیر نظر,100,70,99.5,20,6780,20260928,15.5,47.7,138.6,87.1,25.1,49.7,143.8,95.3,7,0,true,77.8,2.33,above,0,1.41,4840,,22.5,43.16,54.29,28.03,4.14,328,20.67,,,6622,6465,7253,7569,1.5,اشباع خرید | فاصله زیاد از MA20 | سهم صفی: 7 روز از ۲۰ روز در صف (ریسک نقدشوندگی و اجرای حد ضرر) | رشد عمودی (139٪ در ۶۰ روز، 50٪ بالای MA50) | 144٪ بالای MA200 | نقدشوندگی کمتر از ۱۰ میلیارد تومان | آخرین معامله 20260928 (متوقف یا کم‌معامله)
ورازی,بیمه رازی,بیمه وصندوق بازنشستگی به جزتامین اجتماعی,68.8,زیر نظر,100,75,75.1,20,1715,20260930,-1.1,38,95.8,44.3,12.3,32.2,74.5,74.4,7,2,true,51.6,3.3,above,-4.6,1.32,1295,1797,5.87,29.7,1.06,11.74,8.55,18,95.28,,,1658,1602,1797,1910,0.72,سهم صفی: 7 روز از ۲۰ روز در صف (ریسک نقدشوندگی و اجرای حد ضرر) | رشد عمودی (96٪ در ۶۰ روز، 32٪ بالای MA50) | P/E بالا (95) | 74٪ بالای MA200 | نقدشوندگی کمتر از ۱۰ میلیارد تومان | صف فروش در ۵ روز اخیر
وسپهر,گروه سرمایه گذاری سپهر صادرات,شرکتهای چند رشته ای صنعتی,68.8,زیر نظر,95,55,62,55,4800,20260930,3.7,3.9,35.6,-15.9,0.2,11.9,34.3,57.6,0,0,false,39.1,3.49,above,-6.8,0.95,4510,5150,14.09,-18.74,4.6,55.33,16.59,1149,4.18,4.03,3.7,4632,4426,5150,5485,0.94,واگرایی منفی RSI | خروج مستمر پول حقیقی | واگرایی منفی | حد ضرر دور (7.8٪)
دحاوی,الحاوی,مواد و محصولات دارویی,68.8,زیر نظر,100,70,97,42,5710,20260930,14,43.5,183.6,132.1,22.1,54.6,163.2,99.8,20,0,true,95.4,2.26,above,-0.3,1.53,2354,,1.69,2.66,4.63,2.67,0.49,849,6.73,,,5581,5452,6098,6356,1.5,نقدشوندگی پایین | اشباع خرید | فاصله زیاد از MA20 | سهم صفی: 20 روز از ۲۰ روز در صف (ریسک نقدشوندگی و اجرای حد ضرر) | رشد عمودی (184٪ در ۶۰ روز، 55٪ بالای MA50) | 163٪ بالای MA200 | نقدشوندگی کمتر از ۱۰ میلیارد تومان
حفاری,حفاری شمال,استخراج نفت گاز و خدمات جنبی جز اکتشاف,68.7,زیر نظر,85,55,63.6,65,5970,20260930,6,6.4,36,-15.5,-0.7,12.4,34.5,56.6,3,0,false,32.4,3.61,above,-12.2,1.43,5470,6800,61.8,230.61,0.85,-98.37,87.23,2511,2.38,2.24,6.1,5754,5431,6800,7232,1.54,حد ضرر دور (9.0٪)
سکارون,سیمان کارون,سیمان، آهک و گچ,68.7,زیر نظر,78,80,97,20,5660,20260930,13.4,13.7,11.7,-39.7,9.1,8.4,42.6,67.2,3,0,true,19.2,3.35,above,-4.2,1.47,5525,5870,6.04,10.2,4.67,5.34,4.05,243,23.29,,,5525,5430,5870,6249,0.91,واگرایی منفی RSI | واگرایی منفی | نقدشوندگی کمتر از ۱۰ میلیارد تومان
ونیکی,سرمایه‌گذاری‌ ملی‌ایران‌,شرکتهای چند رشته ای صنعتی,68.6,زیر نظر,100,65,52.5,50,5930,20260930,7.4,29.1,41.3,-10.2,12,33.2,70.1,74.2,9,0,true,51.2,2.88,above,-0.5,0.77,5870,,9.41,72.55,0.43,-63.98,37.33,692,8.57,10.88,-21.2,5870,5785,6443,6784,3.52,سهم صفی: 9 روز از ۲۰ روز در صف (ریسک نقدشوندگی و اجرای حد ضرر) | رشد عمودی (41٪ در ۶۰ روز، 33٪ بالای MA50) | توزیع: ورود حقیقی با سرانه خرید ضعیف (0.52 در ۲۰ روز) | 70٪ بالای MA200 | سرانه خرید ضعیف (0.43) | شناوری کم (13٪)
پارسان,گسترش نفت و گاز پارسیان,محصولات شیمیایی,68.6,زیر نظر,100,55,73.5,37,36840,20260930,7.7,12.8,34.7,-16.7,5.1,20.7,52.2,66.5,0,0,false,34.8,3.29,above,-2.7,0.59,33870,37860,39.93,117.99,1.46,31.91,144.69,3483,10.58,9.63,9.8,35629,33814,37860,40281,0.34,توزیع: ورود حقیقی با سرانه خرید ضعیف (0.70 در ۲۰ روز) | 52٪ بالای MA200 | حد ضرر دور (8.2٪)
کخاک,صنایع‌خاک‌چینی‌ایران‌,سایر محصولات کانی غیرفلزی,68.5,زیر نظر,100,70,89,9,69730,20260930,15.9,39.7,121.8,70.4,20.5,42.1,136.9,86.3,8,0,true,65.9,2.89,above,0,0.14,58890,,10,94.68,8.53,12.79,20.39,4037,17.27,12.75,35.5,67717,65703,75770,79797,1.5,اشباع خرید | فاصله زیاد از MA20 | سهم صفی: 8 روز از ۲۰ روز در صف (ریسک نقدشوندگی و اجرای حد ضرر) | رشد عمودی (122٪ در ۶۰ روز، 42٪ بالای MA50) | توزیع: ورود حقیقی با سرانه خرید ضعیف (0.76 در ۲۰ روز) | 137٪ بالای MA200
دعبید,لابراتوارداروسازی‌  دکترعبیدی‌,مواد و محصولات دارویی,68.4,زیر نظر,100,70,88.5,9,29170,20260930,15.8,40.4,79.3,27.8,17.8,33.8,129.1,82.4,10,0,true,50.2,2.71,above,0,0.75,25440,,306.54,201.67,7.85,292.82,100.87,1503,19.41,12.91,50.3,28379,27589,31542,33123,1.5,اشباع خرید | فاصله زیاد از MA20 | سهم صفی: 10 روز از ۲۰ روز در صف (ریسک نقدشوندگی و اجرای حد ضرر) | رشد عمودی (79٪ در ۶۰ روز، 34٪ بالای MA50) | 129٪ بالای MA200
شکربن,کربن‌ ایران‌,محصولات شیمیایی,68.4,زیر نظر,100,70,37.5,60,11480,20260930,14.6,37.8,84,32.5,21.2,36.8,80.3,85.9,3,0,true,50.4,2.7,above,-0.7,0.96,8940,,-2.86,22.24,5.34,-8.21,25.93,1486,7.73,9.63,-19.8,11170,10860,12410,13030,1.5,واگرایی منفی RSI | اشباع خرید | فاصله زیاد از MA20 | رشد عمودی (84٪ در ۶۰ روز، 37٪ بالای MA50) | 80٪ بالای MA200 | واگرایی منفی
قلرست,قند لرستان‌,قند و شکر,68.4,زیر نظر,95,75,62.5,37,30610,20260930,9.1,9.5,58.2,6.7,0.3,18.5,104,60,7,0,false,37.8,3.29,above,-9.3,0.6,27220,33750,10.26,-9.9,3.14,10.84,9.46,3057,10.01,9.8,2.2,29604,28597,33750,35763,1.56,خروج مستمر پول حقیقی | سهم صفی: 7 روز از ۲۰ روز در صف (ریسک نقدشوندگی و اجرای حد ضرر) | 104٪ بالای MA200 | نقدشوندگی کمتر از ۱۰ میلیارد تومان
فنر,پارس فنر,خودرو و ساخت قطعات,68.4,زیر نظر,100,70,88.5,9,8050,20260930,13.7,29.4,115.9,64.4,18.1,40.6,122.1,89.6,2,0,true,58.5,3.11,above,0,0.54,6690,,10.32,12.75,6.21,23.71,10.28,636,12.66,5.87,115.6,7800,7549,8801,9302,1.5,اشباع خرید | فاصله زیاد از MA20 | رشد عمودی (116٪ در ۶۰ روز، 41٪ بالای MA50) | 122٪ بالای MA200
لابسا,آبسال‌,ماشین آلات و تجهیزات,68.3,زیر نظر,88,100,78.5,9,5860,20260930,11,16.5,53.8,2.4,8.8,17.5,48.1,68.9,1,0,true,19.1,3.21,above,-0.3,0.88,5705,,0.56,0.14,2.32,6.54,3.18,484,12.11,5.15,135.1,5705,5611,6425,6802,2.27,نقدشوندگی کمتر از ۱۰ میلیارد تومان
مهر,سرمایه گذاری مهر,سرمایه گذاریها,68.3,زیر نظر,100,70,37,60,4100,20260930,9.3,34,87.8,36.4,13.3,41.2,87.7,82.3,3,0,true,59.4,2.77,above,-1.9,1.17,3410,,-10.48,-54.34,17.21,31.84,12.46,564,7.27,8.73,-16.7,3986,3873,4441,4668,1.5,اشباع خرید | خروج مستمر پول حقیقی | رشد عمودی (88٪ در ۶۰ روز، 41٪ بالای MA50) | 88٪ بالای MA200
غفارس,شیر پاستوریزه پگاه فارس,محصولات غذایی و آشامیدنی به جز قند و شکر,68.1,زیر نظر,100,70,87.5,9,32180,20260930,15.8,43.7,188.1,136.6,16.7,53.1,193.8,85.2,12,0,true,74.5,2.92,above,0,0.52,29560,,6.47,22.31,2.61,19.79,14.71,1963,16.39,7.05,132.5,31240,29829,35001,36881,1.2,اشباع خرید | فاصله زیاد از MA20 | سهم صفی: 12 روز از ۲۰ روز در صف (ریسک نقدشوندگی و اجرای حد ضرر) | رشد عمودی (188٪ در ۶۰ روز، 53٪ بالای MA50) | 194٪ بالای MA200 | حد ضرر دور (7.3٪)
سمایه,بانک سرمایه,بانکها و موسسات اعتباری,68.1,زیر نظر,100,80,78.5,10,5470,20260930,4.6,9.2,6.2,-45.3,6.1,14.6,27.8,66.6,2,0,true,26.1,3.6,above,-2.3,0.94,5405,5600,0.61,0.13,2.21,6.99,3.79,,,,,5405,5307,5600,5994,0.8,واگرایی منفی RSI | بدون EPS مثبت | واگرایی منفی | نقدشوندگی کمتر از ۱۰ میلیارد تومان
جم,پتروشیمی جم,محصولات شیمیایی,68.1,زیر نظر,100,70,87.5,9,73890,20260930,10.5,38.7,104.8,53.3,15.3,41.9,67.6,83.3,2,0,true,61.2,3.09,above,0,0.85,67480,,117.89,254.26,8.2,124.67,44.76,4968,14.87,9.63,54.4,71606,68180,80742,85310,1.2,اشباع خرید | فاصله زیاد از MA20 | رشد عمودی (105٪ در ۶۰ روز، 42٪ بالای MA50) | 68٪ بالای MA200 | حد ضرر دور (7.7٪)
اردستان,سیمان اردستان,سیمان، آهک و گچ,68.1,زیر نظر,100,55,48.5,60,31240,20260930,-1.3,14.1,25.7,-25.7,1.3,12,39,59,3,0,false,25.7,3.33,above,-6.7,0.98,29783,33470,18.31,-30.45,1,4.3,16.16,5074,6.16,7.14,-13.8,30201,29264,33470,35549,1.13,خروج مستمر پول حقیقی
حیات,بیمه زندگی مفید,بیمه وصندوق بازنشستگی به جزتامین اجتماعی,68,زیر نظر,100,70,76,20,9560,20260930,11.2,47.3,310.6,259.1,18.2,60.8,,99.9,18,0,true,98.4,2.32,above,-0.4,2.06,2530,,14.82,19.32,1.36,-13.54,5.09,327,29.24,,,9338,9116,10227,10671,1.5,اشباع خرید | فاصله زیاد از MA20 | سهم صفی: 18 روز از ۲۰ روز در صف (ریسک نقدشوندگی و اجرای حد ضرر) | رشد عمودی (311٪ در ۶۰ روز، 61٪ بالای MA50) | 601٪ بالای کف ۵۲ هفته | نقدشوندگی کمتر از ۱۰ میلیارد تومان
سپید,سپید ماکیان,زراعت و خدمات وابسته,68,زیر نظر,95,75,38,60,47170,20260930,10.6,7.7,67.5,16,3.6,15.2,142.3,62.5,4,0,false,31.2,3.4,above,-6.1,0.52,45370,50220,-21.38,-51.25,4.61,20.31,114.83,9010,5.24,6.33,-17.3,45566,44568,50220,53429,1.17,142٪ بالای MA200
اسیاتک,انتقال داده های آسیاتک,اطلاعات و ارتباطات,68,زیر نظر,100,75,11.9,80,4440,20260930,5,10.7,101,49.5,4.4,25,76.3,68,2,0,false,41.2,3.53,above,-3.3,1.1,4170,,-49.79,-21.83,1.22,-63.07,44.49,1000,4.44,7.97,-44.3,4283,4092,4910,5223,1.35,واگرایی منفی RSI | رشد عمودی (101٪ در ۶۰ روز، 25٪ بالای MA50) | 76٪ بالای MA200 | واگرایی منفی | حد ضرر دور (7.8٪)
سفانو,سیمان فارس نو,سیمان، آهک و گچ,67.9,زیر نظر,95,55,66.8,47,58390,20260930,7.9,8.9,38.1,-13.3,2,7.8,59.6,58.9,3,0,false,20.9,3.49,above,-9.4,1.37,56415,64480,3.22,38.81,0.97,-1.7,11.5,8458,6.9,7.14,-3.3,56415,55395,64480,68560,2.03,توزیع: ورود حقیقی با سرانه خرید ضعیف (0.59 در ۲۰ روز) | 60٪ بالای MA200
غگلپا,شیر پاستوریزه پگاه گلپایگان,محصولات غذایی و آشامیدنی به جز قند و شکر,67.9,زیر نظر,100,85,67.6,16,26200,20260930,13.9,27.6,84.6,33.2,12.4,28.7,100,78.2,2,0,true,59.2,3.15,above,0,1.32,24560,,2.27,-27.55,1.44,2.38,9.08,2729,9.6,7.05,36.2,25375,24147,28675,30325,1.21,اشباع خرید | خروج مستمر پول حقیقی | 100٪ بالای MA200 | حد ضرر دور (7.8٪) | نقدشوندگی کمتر از ۱۰ میلیارد تومان
ولپارس,لیزینگ پارسیان,سایر واسطه گریهای مالی,67.9,زیر نظر,95,55,96.5,17,3930,20260930,6.8,10.4,41.4,-10,1,13.1,40.4,58.7,2,0,false,41.3,3.62,above,-8.6,1.3,3680,4300,1.31,7.52,8.91,20.97,4.04,307,12.8,9.94,28.8,3788,3609,4300,4584,1.15,حد ضرر دور (8.2٪) | نقدشوندگی کمتر از ۱۰ میلیارد تومان
وصنا,گروه‌صنایع‌بهشهرایران‌,سرمایه گذاریها,67.8,زیر نظر,100,85,36.2,47,6550,20260930,10.3,24.1,116.2,64.7,9.5,27.2,108.9,75.4,3,0,true,50.8,3.01,above,-0.2,0.71,6410,,-12.77,-54.04,1.59,0.48,13.37,842,7.78,7.13,9.1,6410,6311,7142,7537,2.48,خروج مستمر پول حقیقی | رشد عمودی (116٪ در ۶۰ روز، 27٪ بالای MA50) | 109٪ بالای MA200
زکشت,کشاورزی مکانیزه اصفهان کشت,زراعت و خدمات وابسته,67.8,زیر نظر,83,80,47.5,60,15460,20260930,15,6.8,29.2,-22.3,9.6,17.4,79.5,68.5,5,0,true,19.5,3.21,above,-0.1,1.16,15092,,0.04,-7.78,1.78,-3.49,12.99,2199,7.03,8.07,-12.9,15092,14844,16947,17939,2.41,79٪ بالای MA200
ومعادن,توسعه‌معادن‌وفلزات‌,استخراج کانه های فلزی,67.8,زیر نظر,100,60,53,50,3680,20260930,12.5,29.6,67.3,15.8,10.1,31,80.2,71.6,6,0,false,44.8,3.45,above,-2.6,0.86,2965,3780,395.4,656.54,0.69,-315.11,381.15,318,11.57,13.76,-15.9,3553,3426,3780,4034,0.39,سهم صفی: 6 روز از ۲۰ روز در صف (ریسک نقدشوندگی و اجرای حد ضرر) | رشد عمودی (67٪ در ۶۰ روز، 31٪ بالای MA50) | توزیع: ورود حقیقی با سرانه خرید ضعیف (0.53 در ۲۰ روز) | 80٪ بالای MA200 | سرانه خرید ضعیف (0.69)
دسبحا,گروه دارویی سبحان,مواد و محصولات دارویی,67.8,زیر نظر,95,100,73,4,7190,20260930,15.4,9.9,103.7,52.2,8.1,21,105.9,68.2,9,0,true,35.3,3.11,above,-1.8,0.85,6670,7320,15.95,118.45,5.51,-1.81,59.78,189,38.04,12.91,194.7,6966,6631,7320,7767,0.23,واگرایی منفی RSI | سهم صفی: 9 روز از ۲۰ روز در صف (ریسک نقدشوندگی و اجرای حد ضرر) | رشد عمودی (104٪ در ۶۰ روز، 21٪ بالای MA50) | P/E بالا (38) | توزیع: ورود حقیقی با سرانه خرید ضعیف (0.82 در ۲۰ روز) | 106٪ بالای MA200 | واگرایی منفی | حد ضرر دور (7.8٪)
سکرما,سیمان‌ کرمان‌,سیمان، آهک و گچ,67.7,زیر نظر,100,80,30,57,76220,20260930,7.3,19.3,13.4,-38.1,6.5,13.5,41,67.8,1,0,true,28.3,3.33,above,-12.2,0.87,72500,78940,-4.37,23.61,0.9,-3.62,7.68,11282,6.76,7.14,-5.4,73684,71232,78940,86780,0.55,نقدشوندگی کمتر از ۱۰ میلیارد تومان
کیمیاتک,آریان کیمیا تک,محصولات شیمیایی,67.6,زیر نظر,100,60,78.5,24,21870,20260930,11.6,29,76.4,24.9,9,22.8,128,70.5,5,0,false,46.5,3.04,above,-1.5,0.32,19400,22210,12.59,8.16,10.11,20.57,23.6,1968,11.11,9.63,15.4,21205,20540,22210,23540,0.26,128٪ بالای MA200
شاراک,پتروشیمی شازند,محصولات شیمیایی,67.6,زیر نظر,100,50,50.5,60,30290,20260930,4.9,32,113.8,62.4,10,33.8,127.7,76.9,6,0,false,64.6,3.13,above,0,0.79,29490,,73.74,11.85,1.12,-37.33,147.86,3871,7.82,9.63,-18.7,29490,29017,33130,35023,2.23,سهم صفی: 6 روز از ۲۰ روز در صف (ریسک نقدشوندگی و اجرای حد ضرر) | رشد عمودی (114٪ در ۶۰ روز، 34٪ بالای MA50) | توزیع: ورود حقیقی با سرانه خرید ضعیف (0.69 در ۲۰ روز) | 128٪ بالای MA200
تماوند,تامین سرمایه دماوند,فعالیتهای کمکی به نهادهای مالی واسط,67.5,زیر نظر,100,80,26,60,2518,20260930,6.4,15.2,22.4,-29.1,5.6,12.1,13.9,65.4,0,0,true,22.9,3.6,above,-4.6,0.7,2418,2566,-6.14,10.02,0.82,-4.77,6.13,337,7.47,9.46,-21,2427,2373,2566,2639,0.33,واگرایی منفی RSI | توزیع: ورود حقیقی با سرانه خرید ضعیف (0.89 در ۲۰ روز) | واگرایی منفی | نقدشوندگی کمتر از ۱۰ میلیارد تومان
سپیدار,سپیدار سیستم آسیا,رایانه و فعالیت‌های وابسته به آن,67.5,زیر نظر,100,80,77,9,10740,20260930,7.1,25.3,30.8,-20.6,8.9,19.5,53.9,69.1,2,0,true,34.2,3.02,above,0,0.75,10610,,1.86,5.05,5.35,21.04,7.63,830,12.94,8.89,45.6,10610,10448,11713,12361,3.33,54٪ بالای MA200 | نقدشوندگی کمتر از ۱۰ میلیارد تومان
والبر,سرمایه‌ گذاری‌ البرز(هلدینگ‌,مواد و محصولات دارویی,67.4,زیر نظر,95,80,87.6,4,4180,20260930,9.4,8.3,39.7,-11.8,8.6,15.1,63.3,67,2,0,true,21.1,3.19,above,-1.4,1.22,4090,4240,27.77,72.24,1.18,11.13,45.81,201,20.8,12.91,61.1,4090,4023,4240,4507,0.38,توزیع: ورود حقیقی با سرانه خرید ضعیف (0.82 در ۲۰ روز) | 63٪ بالای MA200
وامین,سرمایه گذاری امین مهرگان,سرمایه گذاریها,67.4,زیر نظر,100,60,64.6,37,6630,20260930,3.6,53.1,126.5,75,16.7,49.5,79.4,86.3,9,0,true,68.8,2.69,above,-3.4,1.84,4458,,-8.98,28.63,1.26,2.3,12.63,785,8.45,8.73,-3.3,6451,6273,7166,7523,1.5,اشباع خرید | فاصله زیاد از MA20 | سهم صفی: 9 روز از ۲۰ روز در صف (ریسک نقدشوندگی و اجرای حد ضرر) | رشد عمودی (126٪ در ۶۰ روز، 50٪ بالای MA50) | 79٪ بالای MA200
غپآذر,شیر پگاه آذربایجان شرقی,محصولات غذایی و آشامیدنی به جز قند و شکر,67.4,زیر نظر,100,70,77.5,16,32070,20260930,15.5,38.5,136.2,84.7,16.4,45.7,137.8,85.9,5,0,true,63.7,3.19,above,0,0.65,26280,,10.19,12.18,3.37,19.61,20.13,3220,9.96,7.05,41.3,31048,30026,35136,37180,1.5,اشباع خرید | فاصله زیاد از MA20 | رشد عمودی (136٪ در ۶۰ روز، 46٪ بالای MA50) | 138٪ بالای MA200
شگستر,گسترش سوخت سبززاگرس(سهامی عام),محصولات شیمیایی,67.4,زیر نظر,100,70,89.5,4,2289,20260930,15.8,44.2,126.2,74.7,19,57.4,111.3,87.1,14,0,true,65.6,2.6,above,0,0.25,1998,,59.47,138.7,11.04,62.69,50.12,36,63.58,9.63,560.3,2230,2170,2467,2586,1.5,اشباع خرید | فاصله زیاد از MA20 | سهم صفی: 14 روز از ۲۰ روز در صف (ریسک نقدشوندگی و اجرای حد ضرر) | رشد عمودی (126٪ در ۶۰ روز، 57٪ بالای MA50) | P/E بالا (64) | 111٪ بالای MA200
هجرت,پخش هجرت,مواد و محصولات دارویی,67.4,زیر نظر,95,85,63.5,24,9240,20260930,14.1,12.3,70.2,18.7,11.5,21.7,132.5,72.2,5,0,true,30.8,3.22,above,0,0.55,8735,,20.96,-15.08,14.91,6.32,32.45,888,10.41,8.86,17.4,8943,8586,10131,10726,1.36,132٪ بالای MA200 | حد ضرر دور (7.1٪)
شسینا,صنایع‌شیمیایی‌سینا,محصولات شیمیایی,67.4,زیر نظر,95,55,61.5,50,4390,20260930,7.9,15.5,33.7,-17.7,4.2,18.3,58.3,63.6,2,0,false,38.5,3.08,above,-7.6,1.06,4030,4750,0.4,-2.51,1.92,0.78,6.21,523,8.39,9.63,-12.8,4255,4052,4750,5020,1.07,58٪ بالای MA200 | حد ضرر دور (7.7٪) | نقدشوندگی کمتر از ۱۰ میلیارد تومان
دسبحان,سبحان دارو,مواد و محصولات دارویی,67.4,زیر نظر,100,70,63.5,30,19190,20260930,15.7,36.8,254.7,203.2,15.3,49,238.5,82.7,14,0,true,76,2.71,above,0,0.17,17730,,22.75,-96.78,4.02,27.82,60.28,1454,13.2,12.91,2.2,18669,17888,20752,21794,1.2,اشباع خرید | فاصله زیاد از MA20 | خروج مستمر پول حقیقی | سهم صفی: 14 روز از ۲۰ روز در صف (ریسک نقدشوندگی و اجرای حد ضرر) | رشد عمودی (255٪ در ۶۰ روز، 49٪ بالای MA50) | 238٪ بالای MA200
چخزر,صنایع چوب خزر کاسپین,محصولات چوبی,67.4,زیر نظر,95,85,63.5,24,216000,20260930,15.8,15.1,115.5,64.1,13.3,20.9,145.7,74.7,5,0,true,32.1,3.08,above,0,0.28,203400,,6.54,-8,40.97,17.36,12.63,20671,10.45,9.03,15.7,209355,200077,235936,249227,1.25,رشد عمودی (116٪ در ۶۰ روز، 21٪ بالای MA50) | 146٪ بالای MA200 | حد ضرر دور (7.4٪)
سمازن,سیمان‌مازندران‌,سیمان، آهک و گچ,67.3,زیر نظر,100,63,52,47,88730,20260930,9.5,10.9,45.9,-5.5,3.8,12.9,75.8,64,1,0,false,31.2,3.59,above,-5.1,0.64,84265,93470,3.13,-17.87,1.18,2.13,18.58,11804,7.52,7.14,5.3,85546,82673,93470,99837,0.78,76٪ بالای MA200
فزر,پویا زرکان آق دره,استخراج کانه های فلزی,67.3,زیر نظر,100,70,89,4,350700,20260930,15.8,50.7,182.6,131.1,19.9,54.4,176.4,90.5,8,0,true,79.1,2.71,above,0,0.27,309800,,361.53,1422.98,2.15,133.7,791.12,9504,36.9,14.44,155.5,341212,331724,379165,398141,1.5,واگرایی منفی RSI | اشباع خرید | فاصله زیاد از MA20 | سهم صفی: 8 روز از ۲۰ روز در صف (ریسک نقدشوندگی و اجرای حد ضرر) | رشد عمودی (183٪ در ۶۰ روز، 54٪ بالای MA50) | P/E بالا (37) | توزیع: ورود حقیقی با سرانه خرید ضعیف (0.51 در ۲۰ روز) | 176٪ بالای MA200 | واگرایی منفی
وپارس,بانک‌پارسیان‌,بانکها و موسسات اعتباری,67.3,زیر نظر,100,65,17,80,2266,20260930,-4.7,25.4,87.3,35.8,4,33.6,101,67.5,6,1,false,68.5,3.45,above,-4.7,0.86,2193,2372,-231.87,254.08,0.52,-714.11,442.7,668,3.39,5.4,-37.2,2193,2154,2372,2528,0.94,واگرایی منفی RSI | سهم صفی: 6 روز از ۲۰ روز در صف (ریسک نقدشوندگی و اجرای حد ضرر) | رشد عمودی (87٪ در ۶۰ روز، 34٪ بالای MA50) | توزیع: ورود حقیقی با سرانه خرید ضعیف (0.80 در ۲۰ روز) | 101٪ بالای MA200 | سرانه خرید ضعیف (0.52) | واگرایی منفی | صف فروش در ۵ روز اخیر
ثالوند,سرمایه گذاری مسکن الوند,انبوه سازی، املاک و مستغلات,67.3,زیر نظر,100,70,89,4,11910,20260930,15.5,74.1,158.7,107.2,29.5,76.5,146.1,98,16,0,true,84.6,2.21,above,0,0.57,6370,,17.18,37.62,1.64,9.94,8.48,230,51.78,23.59,119.5,11647,11383,12700,13226,1.5,اشباع خرید | فاصله زیاد از MA20 | سهم صفی: 16 روز از ۲۰ روز در صف (ریسک نقدشوندگی و اجرای حد ضرر) | رشد عمودی (159٪ در ۶۰ روز، 77٪ بالای MA50) | P/E بالا (52) | 146٪ بالای MA200 | نقدشوندگی کمتر از ۱۰ میلیارد تومان
فوکا,فولاد کاویان,فلزات اساسی,67,زیر نظر,100,60,63,37,7000,20260930,9.9,27.7,118.4,66.9,7.5,39.9,,73.9,15,0,false,63.6,3.08,above,-4.1,0.63,6180,7300,13.18,-23.71,4.39,15.88,7.78,817,8.57,8.05,6.4,6785,6569,7300,7731,0.7,خروج مستمر پول حقیقی | سهم صفی: 15 روز از ۲۰ روز در صف (ریسک نقدشوندگی و اجرای حد ضرر) | رشد عمودی (118٪ در ۶۰ روز، 40٪ بالای MA50) | 241٪ بالای کف ۵۲ هفته | نقدشوندگی کمتر از ۱۰ میلیارد تومان
خودکفا,اقتصادی و خودکفایی آزادگان,محصولات غذایی و آشامیدنی به جز قند و شکر,67,زیر نظر,95,75,62,32,15840,20260930,9.9,9.2,112.7,61.2,3.8,9.1,86.2,61.8,5,0,false,39.8,3.46,above,-5.9,0.68,15370,16830,0.6,-44.67,2.99,15.36,16.04,1687,9.39,,,15370,15096,16830,17927,1.33,خروج مستمر پول حقیقی | رشد عمودی (113٪ در ۶۰ روز، 9٪ بالای MA50) | 86٪ بالای MA200
محتشم,نساجی هدیه البرز مشهد,منسوجات,66.9,زیر نظر,100,75,63.5,24,17250,20260930,7.1,27.4,63.6,12.2,16.2,39,82.1,77.9,9,0,true,46.4,2.84,above,0,0.59,13580,,-26.46,73.8,6.32,47.86,55.38,1926,8.96,7.72,16,16760,16270,18720,19701,1.5,واگرایی منفی RSI | فاصله زیاد از MA20 | سهم صفی: 9 روز از ۲۰ روز در صف (ریسک نقدشوندگی و اجرای حد ضرر) | رشد عمودی (64٪ در ۶۰ روز، 39٪ بالای MA50) | 82٪ بالای MA200 | واگرایی منفی
شاروم,پتروشیمی ارومیه,محصولات شیمیایی,66.9,زیر نظر,100,55,87.5,16,15630,20260930,2.4,20.2,19.4,-32.1,2.2,18.1,56.8,60.7,6,0,false,39.5,3.05,above,-9.8,1,14820,17330,15.4,25.44,3.19,44.2,15.84,1318,11.86,8.01,48.1,15154,14582,17330,18283,1.62,سهم صفی: 6 روز از ۲۰ روز در صف (ریسک نقدشوندگی و اجرای حد ضرر) | 57٪ بالای MA200
تبرک,گروه کارخانجات صنعتی تبرک,محصولات غذایی و آشامیدنی به جز قند و شکر,66.9,زیر نظر,95,63,87,16,21370,20260930,9.3,8.9,43.7,-7.8,1.9,13.6,49.8,59.9,7,0,false,22.6,3.58,above,-8.4,1.04,19612,23340,16.4,15.32,7.36,17.55,4.71,2192,9.75,7.05,38.3,20605,19458,23340,24869,1.03,سهم صفی: 7 روز از ۲۰ روز در صف (ریسک نقدشوندگی و اجرای حد ضرر) | حد ضرر دور (8.9٪) | نقدشوندگی کمتر از ۱۰ میلیارد تومان
وامیر,گروه صنعتی و معدنی امیر,استخراج کانه های فلزی,66.8,زیر نظر,100,50,82.4,25,11560,20260930,2.5,36.3,144.4,92.9,8.7,40.9,143.8,75.3,11,1,false,69.2,2.8,above,-4.1,0.83,10640,12050,2.41,42.95,1.4,9.96,18.34,598,19.33,,,11237,10752,12050,12696,0.61,سهم صفی: 11 روز از ۲۰ روز در صف (ریسک نقدشوندگی و اجرای حد ضرر) | رشد عمودی (144٪ در ۶۰ روز، 41٪ بالای MA50) | 144٪ بالای MA200 | صف فروش در ۵ روز اخیر
کیانا,گروه مالی کیان,سرمایه گذاریها,66.8,زیر نظر,85,65,87,26,7640,20260930,2,-1.3,67,15.5,-5.7,10.7,109.1,50.9,2,0,false,42.7,3.36,above,-17.1,0.74,7150,8280,0.6,6.79,2.73,9.69,5.58,804,9.5,7.13,33.3,7383,7022,8280,9220,1.03,واگرایی منفی RSI | 109٪ بالای MA200 | واگرایی منفی | حد ضرر دور (8.1٪) | نقدشوندگی کمتر از ۱۰ میلیارد تومان | شناوری کم (9٪)
حپارسا,توسعه حمل و نقل ریلی پارسیان,حمل ونقل، انبارداری و ارتباطات,66.8,زیر نظر,100,75,63,24,22860,20260930,9.2,22.4,66,14.5,7.3,17,116.9,65.7,5,0,false,28.6,3.43,above,-1.5,0.81,21200,23200,8.89,-1.12,10.55,9.46,6.2,2511,9.1,7.68,18.5,22076,20899,23200,24769,0.17,117٪ بالای MA200 | حد ضرر دور (8.6٪) | نقدشوندگی کمتر از ۱۰ میلیارد تومان
پاسا,ایران‌یاساتایرورابر,لاستیک و پلاستیک,66.7,زیر نظر,100,60,26.8,72,11200,20260930,7.3,12.9,90.8,39.3,7,24.8,79.5,70.1,0,0,false,48.7,3.38,above,-0.1,1.2,10660,,-34.59,8.81,1.19,-1.56,30.66,2053,5.46,8.21,-33.6,10821,10471,12336,13093,1.56,واگرایی منفی RSI | توزیع: ورود حقیقی با سرانه خرید ضعیف (0.53 در ۲۰ روز) | 80٪ بالای MA200 | واگرایی منفی
سهگمت,سیمان‌هگمتان‌,سیمان، آهک و گچ,66.7,زیر نظر,88,80,37,60,156000,20260930,11.4,16.5,6.1,-45.3,8.6,13.8,31,69,1,0,true,16.1,2.86,above,-5.9,0.67,152400,165789,-6.54,-25.71,1.89,6.39,17.73,27300,5.71,7.14,-20,152400,150173,165789,174699,1.68,خروج مستمر پول حقیقی
فسازان,غلتک سازان سپاهان,فلزات اساسی,66.5,زیر نظر,100,75,4,82,14260,20260930,7.1,17.9,85,33.5,2.1,18.8,141.6,61.9,6,0,false,49.7,3.2,above,-10.7,1.2,12930,15960,-22.6,-106.58,0.94,-52.85,44.61,2578,5.53,13.48,-59,13804,13120,15960,16872,1.49,خروج مستمر پول حقیقی | سهم صفی: 6 روز از ۲۰ روز در صف (ریسک نقدشوندگی و اجرای حد ضرر) | 142٪ بالای MA200 | حد ضرر دور (8.0٪)
وخارزم,سرمایه گذاری خوارزمی,سرمایه گذاریها,66.5,زیر نظر,100,85,62,16,9200,20260930,15.4,19.9,97.2,45.7,12.8,33.8,136.7,77.2,3,0,true,63.4,2.94,above,0,0.99,8604,,174.07,-244.77,3.45,234.45,114.39,830,11.08,7.13,55.5,8929,8524,10012,10553,1.2,واگرایی منفی RSI | خروج مستمر پول حقیقی | رشد عمودی (97٪ در ۶۰ روز، 34٪ بالای MA50) | 137٪ بالای MA200 | واگرایی منفی | حد ضرر دور (7.4٪)
سیسکو,فولاد سیرجان ایرانیان,فلزات اساسی,66.5,زیر نظر,100,60,36,62,6880,20260930,8.2,32.1,120.5,69,9.3,31.7,140,70.2,9,0,false,57.4,2.78,above,-1.1,0.62,6150,6960,-25.93,-367.45,2.56,61.98,89.9,820,8.39,13.48,-37.8,6689,6498,6960,7342,0.21,خروج مستمر پول حقیقی | سهم صفی: 9 روز از ۲۰ روز در صف (ریسک نقدشوندگی و اجرای حد ضرر) | رشد عمودی (121٪ در ۶۰ روز، 32٪ بالای MA50) | 140٪ بالای MA200 | شناوری کم (7٪)
آلومینا,آلومینای ایران,فلزات اساسی,66.5,زیر نظر,95,75,62,30,242400,20260930,8.7,8.5,66.4,15,5.2,24.8,73.9,67.9,1,0,false,41.5,3.33,above,-5.3,0.59,210800,256100,2.93,-134.03,3.24,28.29,30.3,16822,14.41,13.48,6.9,234325,226250,256100,272250,0.85,خروج مستمر پول حقیقی | 74٪ بالای MA200 | شناوری کم (6٪)
سشرق,سیمان‌ شرق‌,سیمان، آهک و گچ,66.5,زیر نظر,100,55,78,24,26650,20260930,12.4,12.4,38.4,-13,6,20.7,74.5,68.1,3,0,false,29.4,3.44,above,-2.9,0.44,22950,27450,12.47,33.53,5.56,20.38,41.31,3056,8.72,7.14,22.1,25732,24815,27450,29285,0.44,توزیع: ورود حقیقی با سرانه خرید ضعیف (0.67 در ۲۰ روز) | 74٪ بالای MA200
کانسار,معدنکاران نسوز,استخراج سایر معادن,66.5,زیر نظر,95,55,61,47,14550,20260930,5,12.8,3.4,-48.1,1.5,9,13.8,56.4,2,0,false,25.5,3.56,above,-16.2,0.76,14349,14896,-3.98,40.25,2.74,23.05,16.42,1483,9.81,9.57,2.5,14349,14091,14896,15780,0.75,
ثرود,سرمایه‌گذاری مسکن زاینده رود,انبوه سازی، املاک و مستغلات,66.5,زیر نظر,100,53,41.5,62,6230,20260930,-5.9,16.7,45.2,-6.2,0.9,16.8,63.6,58.4,5,1,false,53.2,3.8,above,-8.8,1.41,6150,6830,3.29,6.1,0.51,-31.96,9.7,595,10.47,23.59,-55.6,6150,6032,6830,7304,3.02,توزیع: ورود حقیقی با سرانه خرید ضعیف (0.82 در ۲۰ روز) | 64٪ بالای MA200 | سرانه خرید ضعیف (0.51) | نقدشوندگی کمتر از ۱۰ میلیارد تومان | صف فروش در ۵ روز اخیر
چکاپا,گروه صنایع کاغذ پارس,محصولات کاغذی,66.4,زیر نظر,100,60,87.5,10,2438,20260930,7.1,55.4,89,37.5,20,44.1,85.3,84.9,6,0,true,63.7,2.78,above,0,1.34,1699,,17.13,22.95,6.58,48.87,32.57,,,16.48,,2370,2303,2641,2776,1.5,اشباع خرید | فاصله زیاد از MA20 | بدون EPS مثبت | سهم صفی: 6 روز از ۲۰ روز در صف (ریسک نقدشوندگی و اجرای حد ضرر) | رشد عمودی (89٪ در ۶۰ روز، 44٪ بالای MA50) | 85٪ بالای MA200
فروی,ذوب روی اصفهان,فلزات اساسی,66.3,زیر نظر,100,75,66.3,19,2816,20260930,2.8,15.9,53.2,1.7,2.2,17,57.3,59.9,9,1,false,42.9,3.15,above,-10.6,1.28,2642,3150,1.23,37.01,0.95,-2.64,12.18,186,15.14,8.05,88.1,2727,2597,3150,3328,1.53,سهم صفی: 9 روز از ۲۰ روز در صف (ریسک نقدشوندگی و اجرای حد ضرر) | 57٪ بالای MA200 | حد ضرر دور (7.8٪) | صف فروش در ۵ روز اخیر
وساپا,سرمایه‌گذاری‌ سایپا,سرمایه گذاریها,66.3,زیر نظر,100,75,5.2,80,9620,20260930,1.1,14.3,51.9,0.4,2.6,23.9,67,64,3,0,false,43.1,3.53,above,-4.7,0.84,9160,10090,-274.05,-288.79,0.89,-267.78,246.7,2887,3.33,7.13,-53.3,9280,8990,10090,10769,0.75,واگرایی منفی RSI | خروج مستمر پول حقیقی | 67٪ بالای MA200 | واگرایی منفی
کاسپین,داروسازی کاسپین تامین,مواد و محصولات دارویی,66.2,زیر نظر,100,85,53,24,40070,20260930,12.2,26.4,71.2,19.8,10.8,19.5,120.6,70.7,4,0,true,38.5,3.15,above,-0.1,1.29,38060,,26.14,26.11,0.82,-40.68,35.55,3831,10.46,8.86,18.1,38807,37428,43859,46386,1.43,واگرایی منفی RSI | توزیع: ورود حقیقی با سرانه خرید ضعیف (0.66 در ۲۰ روز) | 121٪ بالای MA200 | واگرایی منفی
کایزد,فرانسوز یزد,سایر محصولات کانی غیرفلزی,66.1,زیر نظر,100,60,87.5,9,3810,20260930,5.2,57.4,105.6,54.1,19.6,55.3,87,87.3,15,2,true,79.9,2.49,above,-0.3,1.19,2636,,0.35,21.85,3.4,31.45,12.36,263,14.49,10.33,40.2,3715,3620,4095,4285,1.5,اشباع خرید | فاصله زیاد از MA20 | سهم صفی: 15 روز از ۲۰ روز در صف (ریسک نقدشوندگی و اجرای حد ضرر) | رشد عمودی (106٪ در ۶۰ روز، 55٪ بالای MA50) | 87٪ بالای MA200 | صف فروش در ۵ روز اخیر
سکرد,سیمان کردستان,سیمان، آهک و گچ,66,زیر نظر,100,55,53,47,15730,20260930,4.3,19.8,34.4,-17,2.6,12.9,53.7,60,4,0,false,34.7,3.28,above,-9.1,0.96,14635,17300,2.8,18.9,0.76,-10.28,8.53,2014,7.81,7.14,9.4,15214,14441,17300,18331,1.22,54٪ بالای MA200 | سرانه خرید ضعیف (0.76) | حد ضرر دور (8.2٪) | نقدشوندگی کمتر از ۱۰ میلیارد تومان | شناوری کم (14٪)
افق,فروشگاههای زنجیره ای افق کوروش,خرده فروشی،باستثنای وسایل نقلیه موتوری,66,زیر نظر,95,88,62.5,17,77390,20260930,13.6,13.5,45.4,-6,6.6,11.8,91.8,64.8,5,0,true,29,3.35,above,-0.2,0.62,75440,,51.7,-55.35,7.95,54.87,37.62,5195,14.9,12.78,16.6,75440,74145,85159,90338,2.39,واگرایی منفی RSI | خروج مستمر پول حقیقی | 92٪ بالای MA200 | واگرایی منفی | شناوری کم (12٪)
سبجنو,سیمان‌ بجنورد,سیمان، آهک و گچ,65.7,زیر نظر,100,80,18.9,60,55150,20260930,10.8,12.3,23.9,-27.5,6.2,12.5,55.9,67.1,2,0,true,20.1,3.1,above,-2.2,1.41,52160,56370,-8.67,-21.7,1.04,-14.1,7.93,8801,6.27,7.14,-12.2,53438,51304,56370,59793,0.32,واگرایی منفی RSI | خروج مستمر پول حقیقی | 56٪ بالای MA200 | واگرایی منفی | نقدشوندگی کمتر از ۱۰ میلیارد تومان | شناوری کم (11٪)
زمگسا,کشاورزی‌ ودامپروی‌ مگسال‌,زراعت و خدمات وابسته,65.6,زیر نظر,100,80,62.5,16,106000,20260930,15.8,20.5,34,-17.5,11.2,20.1,75.4,67.9,6,0,true,25.2,3.13,above,0,1.67,100920,,-1.66,2.15,16.96,1.77,11.5,12169,8.71,6.33,37.6,102685,99263,115944,122574,1.48,واگرایی منفی RSI | سهم صفی: 6 روز از ۲۰ روز در صف (ریسک نقدشوندگی و اجرای حد ضرر) | توزیع: ورود حقیقی با سرانه خرید ضعیف (0.87 در ۲۰ روز) | 75٪ بالای MA200 | واگرایی منفی
ولصنم,لیزینگ‌صنعت‌ومعدن‌,سایر واسطه گریهای مالی,65.6,زیر نظر,100,55,61.5,37,3230,20260930,2.5,15.2,28.1,-23.4,1.7,15.4,20.5,60.2,0,0,false,39.2,3.55,above,-7.4,0.42,3050,3490,1.07,-44.12,1.82,1.92,7.88,305,10.59,9.94,6.5,3115,2993,3490,3719,1.1,خروج مستمر پول حقیقی | حد ضرر دور (7.3٪) | نقدشوندگی کمتر از ۱۰ میلیارد تومان
بگیلان,توسعه مسیر برق گیلان,عرضه برق، گاز، بخاروآب گرم,65.5,زیر نظر,88,55,88.5,24,27580,20260930,5.1,11.4,26.8,-24.7,4.3,11.7,51.9,60.5,0,0,false,16.8,3.54,above,-2.9,1.18,26010,28390,16.18,17.23,9.49,36.99,7.97,2382,11.58,10.04,15.3,26604,25522,28390,30342,0.39,واگرایی منفی RSI | 52٪ بالای MA200 | واگرایی منفی | حد ضرر دور (7.5٪) | نقدشوندگی کمتر از ۱۰ میلیارد تومان
کطبس,ذغال‌سنگ‌ نگین‌ ط‌بس‌,استخراج زغال سنگ,65.5,زیر نظر,100,70,62,24,21070,20260930,14.4,25.8,111,59.5,14,36.9,123,81.2,6,0,true,56.9,3.16,above,0,0.44,19900,,3.94,-20.77,3.05,8.08,8.92,1904,11.07,9.67,14.4,20404,19567,23067,24398,1.33,واگرایی منفی RSI | اشباع خرید | خروج مستمر پول حقیقی | سهم صفی: 6 روز از ۲۰ روز در صف (ریسک نقدشوندگی و اجرای حد ضرر) | رشد عمودی (111٪ در ۶۰ روز، 37٪ بالای MA50) | 123٪ بالای MA200 | واگرایی منفی | حد ضرر دور (7.1٪) | نقدشوندگی کمتر از ۱۰ میلیارد تومان
پتایر,ایران‌ تایر,لاستیک و پلاستیک,65.5,زیر نظر,95,75,27.8,60,2840,20260930,8,4.1,69,17.5,1.6,16.3,54.3,60.3,2,0,false,33.4,3.96,above,-5.8,1,2630,2954,1.3,-7.36,0.81,-25.69,26.19,392,7.24,8.21,-11.8,2728,2574,2954,3015,0.43,واگرایی منفی RSI | 54٪ بالای MA200 | واگرایی منفی | حد ضرر دور (9.4٪)
وکغدیر,بین المللی توسعه ص. معادن غدیر,شرکتهای چند رشته ای صنعتی,65.3,زیر نظر,100,60,76.2,17,7220,20260930,8.4,38.6,139.1,87.6,11.4,41.5,100.9,76.2,8,0,false,66.9,2.95,above,-0.3,0.84,6470,,65.94,441.38,1.15,9.04,137.87,563,12.82,10.88,17.9,7007,6795,7858,8284,1.5,سهم صفی: 8 روز از ۲۰ روز در صف (ریسک نقدشوندگی و اجرای حد ضرر) | رشد عمودی (139٪ در ۶۰ روز، 41٪ بالای MA50) | توزیع: ورود حقیقی با سرانه خرید ضعیف (0.90 در ۲۰ روز) | 101٪ بالای MA200 | شناوری کم (10٪)
سامان,بانک سامان,بانکها و موسسات اعتباری,65.3,زیر نظر,100,85,1,72,9270,20260930,7.3,11.6,62.3,10.9,9.4,17.5,118.6,76.1,0,0,true,45.7,2.6,above,-0.4,0.75,8747,,-87.79,-730.23,0.57,-115.56,85.04,1396,6.64,12.04,-44.8,9029,8666,9994,10477,1.2,خروج مستمر پول حقیقی | 119٪ بالای MA200 | سرانه خرید ضعیف (0.57)
تفارس,تامین سرمایه خلیج فارس,فعالیتهای کمکی به نهادهای مالی واسط,65.2,زیر نظر,90,65,18.8,82,1831,20260930,-0.2,-3.3,104.8,53.3,-2.4,21.1,88.6,57.3,1,0,false,39.1,3.58,above,-10.2,0.41,1715,1904,-2.25,4.67,0.87,-3.98,8.01,329,5.57,9.46,-41.2,1765,1682,1904,2035,0.49,رشد عمودی (105٪ در ۶۰ روز، 21٪ بالای MA50) | توزیع: ورود حقیقی با سرانه خرید ضعیف (0.83 در ۲۰ روز) | 89٪ بالای MA200 | حد ضرر دور (8.1٪) | نقدشوندگی کمتر از ۱۰ میلیارد تومان
ساربیل,سیمان آرتا اردبیل,سیمان، آهک و گچ,65.2,زیر نظر,83,80,63,34,89610,20260930,10.1,1.9,10,-41.5,2.2,6.7,21.5,58.9,1,0,true,19.1,3.72,above,-11.6,1.06,88300,98760,5.27,2.95,2.22,-1.46,3.99,11188,8.01,7.14,12.2,88300,86632,98760,101400,3.07,توزیع: ورود حقیقی با سرانه خرید ضعیف (0.69 در ۲۰ روز) | نقدشوندگی کمتر از ۱۰ میلیارد تومان | شناوری کم (10٪)
خبنیان,بنیان دیزل,خودرو و ساخت قطعات,65.1,زیر نظر,85,55,84.5,30,1866,20260930,9.1,8.6,26,-25.5,1.9,14.1,8.8,59.6,2,0,false,27.5,3.51,above,-23.9,0.99,1816,1924,10.53,13.36,1.48,14.63,12.66,10,186.6,,,1816,1783,1924,2029,0.69,P/E بالا (187)
سبهان,سیمان‌ بهبهان‌,سیمان، آهک و گچ,65.1,زیر نظر,85,45,52.5,70,5890,20260930,4.6,-0.3,2.1,-49.4,-3.4,4.1,36.4,50.3,4,0,false,21,3.65,above,-23.9,1.39,5770,6700,1.84,5.59,0.78,-20.84,11.83,989,5.96,7.14,-16.6,5770,5663,6700,7735,3.56,توزیع: ورود حقیقی با سرانه خرید ضعیف (0.62 در ۲۰ روز) | سرانه خرید ضعیف (0.78)
دکپسول,تولید ژلاتین کپسول ایران,مواد و محصولات دارویی,65.1,زیر نظر,95,70,53.5,37,180700,20260930,1.3,3.1,12.2,-39.3,2.7,5.8,33.4,55.8,1,0,true,24.8,3.59,above,-5.3,1.06,178000,185259,2.23,68.69,0.82,-28.42,21.76,20406,8.86,8.86,-0.1,178000,174755,185259,190500,0.77,توزیع: ورود حقیقی با سرانه خرید ضعیف (0.75 در ۲۰ روز)
مادیرا,صنایع مادیران,تولید محصولات کامپیوتری الکترونیکی ونوری,65,زیر نظر,95,55,83.2,19,3075,20260930,3.5,10.2,34.8,-16.7,3,11.3,14.7,58.5,2,0,false,33.8,3.37,above,-14.8,0.88,2895,3118,15.22,46.68,1.43,29.04,31.29,252,12.2,7.98,52.9,2971,2843,3118,3189,0.19,واگرایی منفی RSI | واگرایی منفی | حد ضرر دور (7.5٪)
وشهر,بانک شهر,بانکها و موسسات اعتباری,65,زیر نظر,95,65,72,42,3370,20260929,12.3,10.9,24.4,-27.1,10.8,14,34.5,72.8,2,0,true,24.7,2.72,above,0,1.57,3125,,33.9,-36.28,3.11,37.96,14.62,533,6.32,,,3278,3141,3645,3828,1.2,واگرایی منفی RSI | خروج مستمر پول حقیقی | 219٪ بالای کف ۵۲ هفته | واگرایی منفی | آخرین معامله 20260929 (متوقف یا کم‌معامله)
دیران,ایران‌دارو,مواد و محصولات دارویی,65,زیر نظر,100,60,62,30,19810,20260930,15.8,28.1,274.5,223,12,45.6,200.2,77.6,17,0,false,69.3,2.55,above,0,0.75,19400,,2.96,-2.94,3.34,4.55,25.96,1532,12.93,12.91,0.2,19400,19148,21325,22335,2.29,سهم صفی: 17 روز از ۲۰ روز در صف (ریسک نقدشوندگی و اجرای حد ضرر) | رشد عمودی (274٪ در ۶۰ روز، 46٪ بالای MA50) | 200٪ بالای MA200
رنیک,جنرال مکانیک,خدمات فنی و مهندسی,65,زیر نظر,85,55,78,36,12810,20260930,4.5,7.1,36.4,-15,1.2,8.2,1,56.9,3,0,false,21.2,3.34,above,-24.6,0.59,12590,13130,9.85,158.15,1.14,7.47,21.92,1608,7.97,2.41,230.6,12590,12376,13130,13530,0.74,
شصدف,صنعتی دوده فام,محصولات شیمیایی,64.9,زیر نظر,90,75,31.8,60,17910,20260930,1.5,7.1,64.2,12.8,-0.2,13.7,50,54.7,2,0,false,49.4,3.74,above,-9.3,0.85,17140,18400,-8.73,11.73,1.41,-5.78,32.08,2572,6.96,8.01,-13.1,17240,16805,18400,18800,0.44,50٪ بالای MA200
شفام,تولیدی و صنعتی گوهرفام,محصولات شیمیایی,64.9,زیر نظر,95,55,77.5,24,2786,20260930,7.5,7.1,34.3,-17.1,2.1,10.1,35.4,57.7,4,0,false,27.1,3.42,above,-9.5,0.9,2736,3079,0.83,2.64,15.42,6.51,4.49,282,9.88,8.01,23.3,2736,2688,3079,3270,3,نقدشوندگی کمتر از ۱۰ میلیارد تومان
سفار,سیمان‌فارس‌,سیمان، آهک و گچ,64.9,زیر نظر,100,55,76.5,19,239500,20260930,6.6,12.1,18.1,-33.4,0.8,15.3,26.8,59.6,4,0,false,32.7,3.4,above,-10.4,0.48,224111,245450,1.62,2.9,2.11,0.75,4.02,19436,12.32,7.14,72.6,231354,220038,245450,267400,0.31,حد ضرر دور (8.1٪) | نقدشوندگی کمتر از ۱۰ میلیارد تومان | شناوری کم (8٪)
غگیلا,شیرپاستوریزه پگاه گیلان,محصولات غذایی و آشامیدنی به جز قند و شکر,64.9,زیر نظر,100,70,99.5,4,41510,20260929,14.5,58,135.2,83.7,28.1,60.2,142.9,96.2,11,0,true,81.3,2.61,above,0,1.29,24500,,4.48,11.51,46.15,12.28,4.3,1291,32.15,7.05,356.1,40428,39345,44757,46922,1.5,واگرایی منفی RSI | اشباع خرید | فاصله زیاد از MA20 | سهم صفی: 11 روز از ۲۰ روز در صف (ریسک نقدشوندگی و اجرای حد ضرر) | رشد عمودی (135٪ در ۶۰ روز، 60٪ بالای MA50) | P/E بالا (32) | 143٪ بالای MA200 | واگرایی منفی | نقدشوندگی کمتر از ۱۰ میلیارد تومان | آخرین معامله 20260929 (متوقف یا کم‌معامله)
فولای,صنایع فولاد آلیاژی یزد,فلزات اساسی,64.8,زیر نظر,100,85,62,9,5300,20260930,8.2,24.1,59.6,8.2,11.1,35.1,37.8,77.5,1,0,true,71.5,3.06,above,-1.5,0.8,5216,,6.77,-36.1,2.23,30.73,22.38,393,13.49,8.05,67.5,5216,5135,5786,6111,2.94,خروج مستمر پول حقیقی | رشد عمودی (60٪ در ۶۰ روز، 35٪ بالای MA50)
درازی,پخش رازی,مواد و محصولات دارویی,64.7,زیر نظر,100,70,78.8,4,64360,20260930,15.9,78.7,476.4,425,30.4,87.5,261,99.9,19,0,true,96.7,2.14,above,0,1.78,16938,,5.92,19.17,1.37,-14.94,13.08,2400,26.82,8.86,202.7,62981,61602,68497,71255,1.5,اشباع خرید | فاصله زیاد از MA20 | سهم صفی: 19 روز از ۲۰ روز در صف (ریسک نقدشوندگی و اجرای حد ضرر) | رشد عمودی (476٪ در ۶۰ روز، 87٪ بالای MA50) | 261٪ بالای MA200
کالا,بورس کالای ایران,فعالیتهای کمکی به نهادهای مالی واسط,64.6,زیر نظر,100,85,61.5,9,12260,20260930,12.3,35,64.6,13.1,13.3,27.8,114.3,77.1,8,0,true,37.3,2.95,above,0,0.72,11800,,29.19,-167.09,2.4,60.59,138.06,885,13.85,5.92,134,11898,11619,13346,14070,1.69,خروج مستمر پول حقیقی | سهم صفی: 8 روز از ۲۰ روز در صف (ریسک نقدشوندگی و اجرای حد ضرر) | 114٪ بالای MA200
دزهراوی,داروسازی‌زهراوی‌,مواد و محصولات دارویی,64.6,زیر نظر,100,85,20.5,50,5240,20260930,12.9,23,102,50.5,11.7,20.7,125.3,71.7,2,0,true,41.1,3.16,above,-0.2,1.09,5010,,-8.52,-28.06,4.68,-3.83,21.99,492,10.65,12.91,-17.5,5075,4927,5736,6067,1.59,خروج مستمر پول حقیقی | رشد عمودی (102٪ در ۶۰ روز، 21٪ بالای MA50) | 125٪ بالای MA200
فصبا,صبا فولاد خلیج فارس,فلزات اساسی,64.6,زیر نظر,100,58,88,4,4400,20260930,13.7,46.2,47.8,-3.6,16.7,36.8,64.5,82.2,9,0,true,42.7,3.01,above,0,0.85,4070,,29.95,56.49,10.43,68.88,25.68,178,24.72,8.05,207.1,4268,4069,4797,5062,1.2,اشباع خرید | فاصله زیاد از MA20 | سهم صفی: 9 روز از ۲۰ روز در صف (ریسک نقدشوندگی و اجرای حد ضرر) | رشد عمودی (48٪ در ۶۰ روز، 37٪ بالای MA50) | 65٪ بالای MA200 | حد ضرر دور (7.5٪)
واتی,سرمایه‌ گذاری‌ آتیه‌ دماوند,سرمایه گذاریها,64.6,زیر نظر,95,88,64.8,9,7680,20260930,6.4,6.8,47.4,-4.1,6.4,14.2,51.6,63.1,1,0,true,26.9,3.34,above,-3.8,1.65,7080,7980,5.6,32.75,0.85,-28.32,26.99,537,14.3,7.13,100.6,7423,7039,7980,8493,0.47,توزیع: ورود حقیقی با سرانه خرید ضعیف (0.73 در ۲۰ روز) | 52٪ بالای MA200 | حد ضرر دور (8.4٪)
بکابل,سیم و کابل ابهر,ماشین آلات و دستگاه‌های برقی,64.5,زیر نظر,95,55,52.9,47,5830,20260930,4.1,3,24,-27.5,0.7,7.8,29.9,54.2,1,0,false,21.1,3.64,above,-9.9,0.76,5461,6240,7.55,51.51,0.84,-6.29,16.2,1041,5.6,5.95,-5.9,5618,5355,6240,6470,0.86,توزیع: ورود حقیقی با سرانه خرید ضعیف (0.74 در ۲۰ روز) | حد ضرر دور (8.1٪)
ولملت,واسپاری ملت,سایر واسطه گریهای مالی,64.5,زیر نظر,100,70,97.9,4,25550,20260926,15.8,52.6,189.7,138.2,26.1,44.4,193.2,87.5,14,0,true,47.7,2.49,above,0,1.44,19090,,17.6,32.56,1.51,19.59,17.56,824,31.01,9.94,211.9,24914,24279,27457,28728,1.5,واگرایی منفی RSI | اشباع خرید | فاصله زیاد از MA20 | سهم صفی: 14 روز از ۲۰ روز در صف (ریسک نقدشوندگی و اجرای حد ضرر) | رشد عمودی (190٪ در ۶۰ روز، 44٪ بالای MA50) | P/E بالا (31) | 193٪ بالای MA200 | واگرایی منفی | آخرین معامله 20260926 (متوقف یا کم‌معامله)
تیپیکو,سرمایه گذاری دارویی تامین,مواد و محصولات دارویی,64.3,زیر نظر,95,85,58,17,30240,20260930,12.9,11.3,71.2,19.8,13.5,20.7,103.2,70.6,6,0,true,24.9,2.98,above,0,1.25,29408,,30.22,-71.97,2.67,-102.24,130.3,2097,14.42,12.91,11.7,29408,28958,32940,34739,2.11,سهم صفی: 6 روز از ۲۰ روز در صف (ریسک نقدشوندگی و اجرای حد ضرر) | 103٪ بالای MA200
آباد,توریستی ورفاهی آبادگران ایران,هتل و رستوران,64.3,زیر نظر,95,55,77,22,1040,20260930,12.9,11.1,28.6,-22.9,2.8,21.4,25,64.5,9,0,false,31,3.38,above,-18.9,0.59,1014,1055,3.98,7.73,1.86,5.62,7.81,3,346.67,307,12.9,1014,996,1055,1147,0.35,سهم صفی: 9 روز از ۲۰ روز در صف (ریسک نقدشوندگی و اجرای حد ضرر) | P/E بالا (347) | توزیع: ورود حقیقی با سرانه خرید ضعیف (0.80 در ۲۰ روز) | نقدشوندگی کمتر از ۱۰ میلیارد تومان
پردیس,سرمایه گذاری پردیس,سرمایه گذاریها,64.2,زیر نظر,100,65,24.9,60,2315,20260930,11.5,13.8,36.9,-14.6,8.4,19.3,37,70.7,0,0,true,38.1,3.05,above,-0.9,1.19,2268,,-7.6,-9.23,1.18,2.72,5.8,404,5.73,7.13,-19.6,2268,2233,2527,2668,2.57,واگرایی منفی RSI | خروج مستمر پول حقیقی | واگرایی منفی | نقدشوندگی کمتر از ۱۰ میلیارد تومان
کگاز,شیشه‌ و گاز,سایر محصولات کانی غیرفلزی,64,زیر نظر,90,45,52,60,50040,20260930,-6.4,18.8,28.4,-23,-1.8,13.7,51.3,53,5,1,false,40.2,3.49,above,-13.7,0.79,47264,57980,0.03,114.47,0.5,-31.69,18.61,5055,9.9,12.75,-22.4,48295,46391,57980,61471,2.18,توزیع: ورود حقیقی با سرانه خرید ضعیف (0.65 در ۲۰ روز) | 51٪ بالای MA200 | سرانه خرید ضعیف (0.50) | حد ضرر دور (7.3٪) | صف فروش در ۵ روز اخیر
میهن,بیمه میهن,بیمه وصندوق بازنشستگی به جزتامین اجتماعی,64,زیر نظر,95,55,88,10,2667,20260930,12.9,6.8,28.5,-22.9,1.8,14.6,15.5,61.6,8,0,false,26.5,3.58,above,-12.3,0.91,2622,2797,14.1,32.28,4.05,16.87,18.69,,,18.13,,2622,2574,2797,2930,1.4,بدون EPS مثبت | سهم صفی: 8 روز از ۲۰ روز در صف (ریسک نقدشوندگی و اجرای حد ضرر) | توزیع: ورود حقیقی با سرانه خرید ضعیف (0.75 در ۲۰ روز)
حپرتو,پرتو بار فرابر خلیج فارس,حمل ونقل، انبارداری و ارتباطات,64,زیر نظر,100,70,64,16,11970,20260930,13.1,26.7,77.5,26.1,13.9,39.1,53.4,81.5,7,0,true,51,3,above,-0.1,0.96,11712,,11.47,8.39,1.96,-19.26,13.59,1121,10.68,7.68,39,11712,11533,13046,13764,2.46,اشباع خرید | سهم صفی: 7 روز از ۲۰ روز در صف (ریسک نقدشوندگی و اجرای حد ضرر) | رشد عمودی (78٪ در ۶۰ روز، 39٪ بالای MA50) | توزیع: ورود حقیقی با سرانه خرید ضعیف (0.71 در ۲۰ روز) | 53٪ بالای MA200
غپاک,لبنیات‌ پاک‌,محصولات غذایی و آشامیدنی به جز قند و شکر,63.9,زیر نظر,100,55,87.5,4,2409,20260930,12.5,20.5,28.3,-23.2,6.8,25.1,64,69.3,9,0,false,36.5,3.36,above,-5.5,0.67,2078,2550,9.18,42.74,8.47,0.5,14.77,97,24.84,8.53,191.1,2328,2247,2550,2712,0.87,سهم صفی: 9 روز از ۲۰ روز در صف (ریسک نقدشوندگی و اجرای حد ضرر) | توزیع: ورود حقیقی با سرانه خرید ضعیف (0.76 در ۲۰ روز) | 64٪ بالای MA200
شفا,سرمایه گذاری شفادارو,مواد و محصولات دارویی,63.9,زیر نظر,100,85,63.5,4,68400,20260930,15.9,15.7,200.3,148.8,11.1,36.3,201.5,75.2,11,0,true,58.3,2.85,above,0,0.38,66970,,32.54,-87.87,4.69,46.26,33.04,2066,33.11,12.91,156.4,66970,65997,74239,78131,2.43,خروج مستمر پول حقیقی | سهم صفی: 11 روز از ۲۰ روز در صف (ریسک نقدشوندگی و اجرای حد ضرر) | رشد عمودی (200٪ در ۶۰ روز، 36٪ بالای MA50) | P/E بالا (33) | 202٪ بالای MA200 | شناوری کم (9٪)
تاصیکو,سرمایه گذاری صدرتامین,استخراج کانه های فلزی,63.8,زیر نظر,100,70,75,4,35720,20260930,15.9,73,155.7,104.3,28.6,62.7,183.7,95,14,0,true,75.2,2.81,above,0,0.56,29400,,323.61,1490.5,3,-157.69,272.29,560,63.79,13.76,363.6,34715,33709,38736,40746,1.5,اشباع خرید | فاصله زیاد از MA20 | سهم صفی: 14 روز از ۲۰ روز در صف (ریسک نقدشوندگی و اجرای حد ضرر) | رشد عمودی (156٪ در ۶۰ روز، 63٪ بالای MA50) | P/E بالا (64) | توزیع: ورود حقیقی با سرانه خرید ضعیف (0.72 در ۲۰ روز) | 184٪ بالای MA200
نان,صنایع غذایی رضوی,محصولات غذایی و آشامیدنی به جز قند و شکر,63.6,زیر نظر,65,40,87.5,57,6230,20260930,3.7,0.6,6,-45.4,-3.9,1.5,42.8,47.9,0,0,false,20,3.48,above,-12.6,1.14,5765,6360,28.08,22.97,2.24,41.22,22.86,929,6.71,7.05,-4.9,6013,5689,6360,6630,0.24,حد ضرر دور (8.7٪)
وفتخار,سرمایه گذاری افتخار سهام,سرمایه گذاریها,63.6,زیر نظر,100,85,16.5,50,2106,20260930,5.9,27.3,54.4,2.9,13.1,29.7,39.6,78.4,7,0,true,51.5,3.27,above,-2.2,0.87,2078,,-2.75,4.19,0.74,-5.52,5,531,3.97,,,2078,2044,2313,2450,3.31,اشباع خرید | سهم صفی: 7 روز از ۲۰ روز در صف (ریسک نقدشوندگی و اجرای حد ضرر) | سرانه خرید ضعیف (0.74) | نقدشوندگی کمتر از ۱۰ میلیارد تومان
پکویر,کویر تایر,لاستیک و پلاستیک,63.5,زیر نظر,88,45,52.5,60,3580,20260930,-0.6,-0.2,21.2,-30.2,0.6,10.3,18.9,55.3,6,1,false,18.7,3.33,above,-8.7,0.85,3519,3710,21.58,90.83,0.55,-42.13,41.46,544,6.58,8.21,-19.8,3519,3459,3710,3920,1.07,سهم صفی: 6 روز از ۲۰ روز در صف (ریسک نقدشوندگی و اجرای حد ضرر) | توزیع: ورود حقیقی با سرانه خرید ضعیف (0.61 در ۲۰ روز) | سرانه خرید ضعیف (0.55) | صف فروش در ۵ روز اخیر
شیفته,کشت و صنعت شیفته آرای شرق,محصولات غذایی و آشامیدنی به جز قند و شکر,63.5,زیر نظر,85,73,77.5,16,15870,20260930,10.2,26.1,48.1,-3.3,10.5,22,,72.5,4,0,true,47.5,3.05,,0,0.64,15100,,6.99,10.35,37.6,49.35,19.02,1559,10.18,7.05,44.4,15386,14858,17323,18292,1.44,
شپدیس,پتروشیمی پردیس,محصولات شیمیایی,63.4,زیر نظر,90,45,27.5,82,12650,20260930,-5,8.7,2.8,-48.6,-2,8.4,18.8,51,1,1,false,38.7,3.48,above,-22.2,0.72,12340,12854,-464.04,1104.03,0.48,-1032.69,658.39,1879,6.73,9.63,-30.1,12340,12120,12854,13270,0.38,توزیع: ورود حقیقی با سرانه خرید ضعیف (0.66 در ۲۰ روز) | 156٪ بالای کف ۵۲ هفته | سرانه خرید ضعیف (0.48) | صف فروش در ۵ روز اخیر
کپشیر,پشم‌شیشه‌ایران‌,سایر محصولات کانی غیرفلزی,63.4,زیر نظر,100,70,73.5,4,32150,20260930,15.6,41.3,168.5,117,16.2,50.3,163.1,84.7,9,0,true,74.3,2.97,above,-0.2,1.12,29450,,49.53,103.29,2.52,-24.94,32.24,1532,20.99,12.75,64.6,31196,29764,35013,36922,1.2,اشباع خرید | فاصله زیاد از MA20 | سهم صفی: 9 روز از ۲۰ روز در صف (ریسک نقدشوندگی و اجرای حد ضرر) | رشد عمودی (169٪ در ۶۰ روز، 50٪ بالای MA50) | توزیع: ورود حقیقی با سرانه خرید ضعیف (0.71 در ۲۰ روز) | 163٪ بالای MA200 | حد ضرر دور (7.4٪)
سیستم,همکاران سیستم,رایانه و فعالیت‌های وابسته به آن,63.4,زیر نظر,95,55,52.5,43,57420,20260930,7.8,5.1,39.2,-12.2,2.2,8.5,56.7,60.3,0,0,false,23.7,3.53,above,-7,1.42,53500,61750,0.07,1.13,0.74,-4.92,6.99,3654,15.71,18.19,-13.6,55392,52486,61750,65806,0.88,توزیع: ورود حقیقی با سرانه خرید ضعیف (0.65 در ۲۰ روز) | 57٪ بالای MA200 | سرانه خرید ضعیف (0.74) | حد ضرر دور (8.6٪) | نقدشوندگی کمتر از ۱۰ میلیارد تومان
کسعدی,کاشی‌ سعدی‌,کاشی و سرامیک,63.4,زیر نظر,100,70,88.5,9,28440,20260923,15.8,79.4,224.7,173.2,30.2,63.5,201.5,95.7,16,0,true,72.5,2.32,above,0,0.73,16500,,6.82,44.12,2.3,21.22,12.15,1590,17.89,7.65,133.8,27780,27120,30420,31740,1.5,واگرایی منفی RSI | اشباع خرید | فاصله زیاد از MA20 | سهم صفی: 16 روز از ۲۰ روز در صف (ریسک نقدشوندگی و اجرای حد ضرر) | رشد عمودی (225٪ در ۶۰ روز، 63٪ بالای MA50) | 202٪ بالای MA200 | واگرایی منفی | آخرین معامله 20260923 (متوقف یا کم‌معامله)
ممسنی,پتروشیمی ممسنی,محصولات شیمیایی,63.3,زیر نظر,100,70,87,10,13500,20260926,15.8,50,93.7,42.2,23.1,47.3,59.3,98.4,20,0,true,78.2,2.32,above,-11.5,0.37,13020,15250,1.49,60.48,3.91,1.96,4.21,,,,,13187,12864,15250,15875,2.75,اشباع خرید | فاصله زیاد از MA20 | بدون EPS مثبت | سهم صفی: 20 روز از ۲۰ روز در صف (ریسک نقدشوندگی و اجرای حد ضرر) | رشد عمودی (94٪ در ۶۰ روز، 47٪ بالای MA50) | 59٪ بالای MA200 | نقدشوندگی کمتر از ۱۰ میلیارد تومان | واگرایی مثبت RSI | آخرین معامله 20260926 (متوقف یا کم‌معامله)
آردینه,نشاسته و گلوکز آردینه,محصولات غذایی و آشامیدنی به جز قند و شکر,63.2,زیر نظر,95,55,47.7,47,33880,20260930,4.3,13.7,39.2,-12.3,1.6,9.8,71.2,57.5,5,0,false,20.8,3.75,above,-8.4,0.58,33080,36980,-17.75,19.13,1.43,7.2,27.8,4668,7.26,7.05,2.9,33080,32444,36980,39524,2.16,71٪ بالای MA200
پرداخت,به پرداخت ملت,رایانه و فعالیت‌های وابسته به آن,63.2,زیر نظر,85,55,53.7,53,7060,20260930,4.4,0.4,39.3,-12.2,-3.1,7.5,24.7,53.5,5,1,false,29.6,3.66,above,-12.7,0.71,6670,7490,2.16,31.07,0.91,-2.16,8.73,481,14.68,18.19,-19.3,6801,6541,7490,8090,0.83,توزیع: ورود حقیقی با سرانه خرید ضعیف (0.80 در ۲۰ روز) | حد ضرر دور (7.4٪) | نقدشوندگی کمتر از ۱۰ میلیارد تومان | شناوری کم (5٪) | صف فروش در ۵ روز اخیر
شستان,پتروشیمی شهید رئیسی گلستان,محصولات شیمیایی,63.2,زیر نظر,100,55,68.6,20,1960,20260930,8.4,4.9,31.5,-20,5.6,18.9,33,66.8,1,0,false,29.1,3.58,above,-2.7,0.78,1924,2003,1.51,1.5,1.2,2.25,3.45,7,280,,,1924,1889,2003,2143,0.61,واگرایی منفی RSI | P/E بالا (280) | توزیع: ورود حقیقی با سرانه خرید ضعیف (0.85 در ۲۰ روز) | واگرایی منفی | نقدشوندگی کمتر از ۱۰ میلیارد تومان
فافق,صنایع مس افق کرمان,فلزات اساسی,63.1,زیر نظر,100,75,30.6,42,15620,20260930,6.7,22.8,67.7,16.2,5.4,19.6,91.6,67.4,5,0,false,40.7,3.26,above,-5.6,0.92,13885,16540,0.48,-2.99,0.98,-1.72,8.84,2178,7.17,,,15110,14600,16540,17560,0.9,واگرایی منفی RSI | 92٪ بالای MA200 | واگرایی منفی | نقدشوندگی کمتر از ۱۰ میلیارد تومان
کفرا,فراورده‌ های‌ نسوزایران‌,سایر محصولات کانی غیرفلزی,63.1,زیر نظر,100,75,62.5,10,4790,20260930,15.1,13.8,187.9,136.4,4.2,31.2,155.9,68,14,0,false,53.9,2.76,above,-6.6,0.26,4210,5130,8.82,-39.57,6.14,14.06,15.38,,,12.75,,4658,4525,5130,5395,1.28,خروج مستمر پول حقیقی | بدون EPS مثبت | سهم صفی: 14 روز از ۲۰ روز در صف (ریسک نقدشوندگی و اجرای حد ضرر) | رشد عمودی (188٪ در ۶۰ روز، 31٪ بالای MA50) | 156٪ بالای MA200
زهلال,کشت و صنعت هلال,زراعت و خدمات وابسته,63.1,زیر نظر,85,80,62.5,24,56370,20260930,7,14.9,39.4,-12.1,7,14.6,,68.2,0,0,true,25.1,3.24,,-1,0.66,55280,,0.15,-4.5,8.3,25.45,11.22,6307,8.94,8.07,10.8,55280,54367,61850,65503,2.74,
شیران,س. صنایع‌شیمیایی‌ایران,محصولات شیمیایی,63,زیر نظر,83,80,51.5,37,11900,20260930,7.4,7.1,38.4,-13.1,6.7,8.5,58.7,62.3,1,0,true,17.5,3.19,above,-4.4,0.94,11640,12450,-13.64,34.53,2.06,37.67,42.55,1359,8.76,9.63,-9.1,11640,11450,12450,13209,1.22,توزیع: ورود حقیقی با سرانه خرید ضعیف (0.78 در ۲۰ روز) | 59٪ بالای MA200 | شناوری کم (14٪)
اخابر,مخابرات ایران,مخابرات,63,زیر نظر,85,65,41,57,991,20260930,-2.4,-0.7,64.1,12.6,-3.8,10.2,71.9,50.1,3,1,false,35.9,3.82,above,-13.8,0.81,946,1069,18.97,13.77,0.68,-171.34,143.74,124,7.99,8.37,-4.5,953,927,1069,1150,1.22,واگرایی منفی RSI | توزیع: ورود حقیقی با سرانه خرید ضعیف (0.65 در ۲۰ روز) | 72٪ بالای MA200 | سرانه خرید ضعیف (0.68) | واگرایی منفی | صف فروش در ۵ روز اخیر
کتوکا,تولیدی و خدمات صنایع نسوز توکا,سایر محصولات کانی غیرفلزی,63,زیر نظر,100,75,22,50,8620,20260930,2.3,23.9,126.2,74.8,2.8,38,107.5,67,9,1,false,73.9,3.08,above,-7.7,0.85,8180,9340,-5.52,-20.69,3.35,-25.12,32.21,983,8.77,10.33,-15.1,8354,8047,9340,9872,1.26,سهم صفی: 9 روز از ۲۰ روز در صف (ریسک نقدشوندگی و اجرای حد ضرر) | رشد عمودی (126٪ در ۶۰ روز، 38٪ بالای MA50) | 107٪ بالای MA200 | صف فروش در ۵ روز اخیر
بازرگام,پست پیشگامان,اطلاعات و ارتباطات,63,زیر نظر,100,60,58.9,25,5710,20260930,9,33.1,69,17.6,17.7,39.1,56.5,87.6,5,0,true,54.3,2.9,above,-0.2,0.87,5339,,14.22,112.9,0.99,-5.48,27.77,341,16.74,,,5544,5296,6207,6539,1.2,اشباع خرید | فاصله زیاد از MA20 | رشد عمودی (69٪ در ۶۰ روز، 39٪ بالای MA50) | 57٪ بالای MA200 | حد ضرر دور (7.3٪)
ساراب,سیمان‌ داراب‌,سیمان، آهک و گچ,62.9,زیر نظر,90,75,26.5,57,18030,20260930,2.1,10.3,72.4,20.9,-2.1,9.7,49.4,56.3,8,0,false,31.3,2.84,above,-12.7,0.46,17508,20660,0.18,-9.37,0.62,-4.03,4.8,2361,7.64,7.14,7,17518,17252,20660,21683,3.38,خروج مستمر پول حقیقی | سهم صفی: 8 روز از ۲۰ روز در صف (ریسک نقدشوندگی و اجرای حد ضرر) | سرانه خرید ضعیف (0.62) | نقدشوندگی کمتر از ۱۰ میلیارد تومان
قزوین,کارخانجات‌ قند قزوین‌,قند و شکر,62.9,زیر نظر,100,55,50.5,37,12580,20260930,1.4,17,25.9,-25.5,1.4,8.4,56.7,56.6,2,0,false,30.7,3.48,above,-9.6,1.24,12125,12730,3.78,-6.33,0.79,0.02,3.36,1403,8.97,9.8,-8.5,12142,11906,12730,13920,0.22,خروج مستمر پول حقیقی | 57٪ بالای MA200 | سرانه خرید ضعیف (0.79) | نقدشوندگی کمتر از ۱۰ میلیارد تومان
رکیش,کارت اعتباری ایران کیش,رایانه و فعالیت‌های وابسته به آن,62.8,زیر نظر,85,53,67,40,2584,20260930,4.6,-1.8,44.2,-7.3,-1.9,7.1,43.4,53.6,1,0,false,30.8,3.91,above,-11.1,0.9,2554,2781,2.8,0.18,1.2,1.55,4.44,141,18.33,18.19,0.7,2554,2504,2781,2906,2.45,واگرایی منفی RSI | توزیع: ورود حقیقی با سرانه خرید ضعیف (0.79 در ۲۰ روز) | واگرایی منفی | نقدشوندگی کمتر از ۱۰ میلیارد تومان
دسانکو,داروسازی سبحان انکولوژی,مواد و محصولات دارویی,62.8,زیر نظر,95,75,73.2,4,3440,20260930,5.5,8.9,62.8,11.3,0.5,9.4,64.9,56.7,8,0,false,34.2,3.29,above,-9.9,1.4,3370,3820,11.8,26.99,1.17,-15.2,12.39,97,35.46,8.86,300.3,3370,3313,3820,4046,3,سهم صفی: 8 روز از ۲۰ روز در صف (ریسک نقدشوندگی و اجرای حد ضرر) | P/E بالا (35) | توزیع: ورود حقیقی با سرانه خرید ضعیف (0.82 در ۲۰ روز) | 65٪ بالای MA200
رانیز,کارخانجات رینگ اسپرت نورنی ریز,خودرو و ساخت قطعات,62.8,زیر نظر,58,55,77.5,60,18360,20260930,3.8,1.2,,,-0.6,0.2,,51.5,0,0,false,17.8,3.05,,-8.1,0.79,18025,19867,7.83,12.12,5.81,68.02,31.5,3513,5.23,5.87,-11,18025,17745,19867,20988,2.45,
بپویا,دانش محور پویا نیرو,ماشین آلات و دستگاه‌های برقی,62.7,زیر نظر,63,55,87,44,5980,20260930,2.2,8.3,3.5,-48,-1.1,4.9,1.1,52,2,1,false,17.1,3.58,above,-17.7,0.63,5895,6074,4.25,21.36,2.51,16.33,11.94,752,7.95,6.15,29.3,5895,5788,6074,6284,0.49,شناوری کم (7٪) | صف فروش در ۵ روز اخیر
واحصا,احیاء صنایع خراسان,سرمایه گذاریها,62.6,زیر نظر,100,70,54.4,20,33230,20260930,13.6,32,99.7,48.2,16.1,33.1,137.8,88.6,1,0,true,50.1,3.15,above,-0.8,1.16,29130,,0.7,-7.48,1.29,4.46,3.7,126,263.73,,,32183,31136,36372,38466,1.5,واگرایی منفی RSI | اشباع خرید | فاصله زیاد از MA20 | خروج مستمر پول حقیقی | رشد عمودی (100٪ در ۶۰ روز، 33٪ بالای MA50) | P/E بالا (264) | 138٪ بالای MA200 | واگرایی منفی | نقدشوندگی کمتر از ۱۰ میلیارد تومان
کسرام,پارس‌ سرام‌,سایر محصولات کانی غیرفلزی,62.5,زیر نظر,100,85,58.2,4,16020,20260930,15.4,26.3,52,0.5,13.6,26.8,69.3,75.6,2,0,true,38.9,3.13,above,0,0.87,14980,,10.87,-15.94,1.39,10.62,9.62,697,22.98,12.75,80.3,15519,14768,17522,18524,1.2,خروج مستمر پول حقیقی | 69٪ بالای MA200 | حد ضرر دور (7.8٪) | نقدشوندگی کمتر از ۱۰ میلیارد تومان
شنفت,نفت‌ پارس‌,فراورده های نفتی، کک و سوخت هسته ای,62.5,زیر نظر,100,85,46.1,16,18750,20260930,7.8,29.7,65.4,14,11.3,30.8,87,74.8,2,0,true,45.4,2.82,above,-0.1,0.64,17950,,14.27,29.17,0.94,-15.68,31.5,2291,8.18,6.26,30.7,18222,17686,20335,21391,1.49,واگرایی منفی RSI | رشد عمودی (65٪ در ۶۰ روز، 31٪ بالای MA50) | توزیع: ورود حقیقی با سرانه خرید ضعیف (0.59 در ۲۰ روز) | 87٪ بالای MA200 | واگرایی منفی | شناوری کم (12٪)
دجابر,داروسازی‌ جابرابن‌حیان‌,مواد و محصولات دارویی,62.5,زیر نظر,95,70,63,17,55360,20260930,15.9,21,270.8,219.3,17,42.8,215.2,81.1,7,0,true,65.6,2.92,above,0,0.23,49510,,26.53,-78.96,5.45,37.2,38.61,3483,15.89,12.91,23.1,53743,52126,60211,63445,1.5,اشباع خرید | فاصله زیاد از MA20 | خروج مستمر پول حقیقی | سهم صفی: 7 روز از ۲۰ روز در صف (ریسک نقدشوندگی و اجرای حد ضرر) | رشد عمودی (271٪ در ۶۰ روز، 43٪ بالای MA50) | 215٪ بالای MA200 | واگرایی مثبت RSI
وساخت,سرمایه‌ گذاری‌ ساختمان‌ایران‌,انبوه سازی، املاک و مستغلات,62.5,زیر نظر,100,75,61,9,2173,20260930,7.3,16.3,52.3,0.8,5.2,17.8,67.6,63.9,7,0,false,28.1,3.29,above,-6.5,0.78,1980,2324,-0.76,43.61,2.92,15.39,24,144,15.09,6.61,128.3,2101,1994,2324,2467,0.84,سهم صفی: 7 روز از ۲۰ روز در صف (ریسک نقدشوندگی و اجرای حد ضرر) | 68٪ بالای MA200 | حد ضرر دور (8.2٪)
زنگان,صنعت روی زنگان,فلزات اساسی,62.5,زیر نظر,100,70,90,4,9420,20260926,15.6,32.7,84.9,33.4,23.1,38,85.6,87,9,0,true,47.8,2.83,above,0,0.59,7490,,9.24,11.8,5.69,23.38,6.21,403,23.37,8.05,190.4,9153,8887,10220,10753,1.5,اشباع خرید | فاصله زیاد از MA20 | سهم صفی: 9 روز از ۲۰ روز در صف (ریسک نقدشوندگی و اجرای حد ضرر) | رشد عمودی (85٪ در ۶۰ روز، 38٪ بالای MA50) | 86٪ بالای MA200 | نقدشوندگی کمتر از ۱۰ میلیارد تومان | آخرین معامله 20260926 (متوقف یا کم‌معامله)
اتکام,بیمه اتکایی امین,بیمه وصندوق بازنشستگی به جزتامین اجتماعی,62.5,زیر نظر,100,75,62,68,3150,20260929,7.9,6.5,63.3,11.9,4.9,14.3,42.7,65.9,1,0,false,37.9,3.1,above,-1.4,0.9,2839,3194,3.57,-4.01,2.36,3.54,1.58,925,3.41,4.59,-25.8,3052,2955,3194,3389,0.22,نقدشوندگی پایین | واگرایی منفی RSI | خروج مستمر پول حقیقی | واگرایی منفی | نقدشوندگی کمتر از ۱۰ میلیارد تومان | شناوری کم (14٪) | آخرین معامله 20260929 (متوقف یا کم‌معامله)
بهپاک,صنعتی بهپاک,محصولات غذایی و آشامیدنی به جز قند و شکر,62.5,زیر نظر,73,55,28.4,90,16380,20260930,5.1,1.9,23.3,-28.1,-1.3,5.3,76.3,53.8,2,0,false,17.7,3.48,above,-10.8,0.92,15700,18360,3.69,-25.96,0.83,-18.36,29.61,3539,4.63,7.05,-34.3,15811,15415,18360,19499,2.05,76٪ بالای MA200
فملی,ملی‌ صنایع‌ مس‌ ایران‌,فلزات اساسی,62.4,زیر نظر,100,60,72.5,9,27390,20260930,9.9,25.2,68.8,17.3,7.8,33,133.4,72.8,8,0,false,53.2,3.13,above,-1.7,0.54,24160,27870,314.39,2476.79,2.14,-310.83,1176.32,1411,19.41,13.48,44,26533,25677,27870,29583,0.28,سهم صفی: 8 روز از ۲۰ روز در صف (ریسک نقدشوندگی و اجرای حد ضرر) | رشد عمودی (69٪ در ۶۰ روز، 33٪ بالای MA50) | توزیع: ورود حقیقی با سرانه خرید ضعیف (0.50 در ۲۰ روز) | 133٪ بالای MA200
شپنا,پالایش نفت اصفهان,فراورده های نفتی، کک و سوخت هسته ای,62.4,زیر نظر,95,75,41.5,34,13710,20260930,7.8,9.1,53.6,2.1,2.3,13.5,100.1,60.9,1,0,false,30.8,3.39,above,-6.5,0.83,12340,14670,11.3,392.4,0.75,-626.6,919.29,1816,7.55,6.26,20.6,13245,12547,14670,15601,0.83,توزیع: ورود حقیقی با سرانه خرید ضعیف (0.57 در ۲۰ روز) | 100٪ بالای MA200 | سرانه خرید ضعیف (0.75) | حد ضرر دور (8.5٪)
فسدید,لوله‌وتجهیزات‌ سدید,فلزات اساسی,62.4,زیر نظر,90,70,75.5,10,167300,20260930,15.8,70.6,74.6,23.1,28.8,62.8,61.5,97.3,16,0,true,74.9,2.14,above,0,0.43,122503,,3.41,3.53,2.12,1.71,3.96,,,,,163714,160128,178058,185229,1.5,اشباع خرید | فاصله زیاد از MA20 | بدون EPS مثبت | سهم صفی: 16 روز از ۲۰ روز در صف (ریسک نقدشوندگی و اجرای حد ضرر) | رشد عمودی (75٪ در ۶۰ روز، 63٪ بالای MA50) | توزیع: ورود حقیقی با سرانه خرید ضعیف (0.73 در ۲۰ روز) | 61٪ بالای MA200 | نقدشوندگی کمتر از ۱۰ میلیارد تومان
کزغال,زغال سنگ پروده طبس,استخراج زغال سنگ,62.3,زیر نظر,95,55,77,14,5910,20260930,11.3,0.2,25,-26.5,0.1,11.9,41.9,58.9,8,0,false,21.1,3.53,above,-10.2,0.84,5462,6580,10.24,24.21,6.09,52.94,27.34,154,38.38,15.48,147.9,5701,5389,6580,6997,1.28,سهم صفی: 8 روز از ۲۰ روز در صف (ریسک نقدشوندگی و اجرای حد ضرر) | P/E بالا (38) | حد ضرر دور (8.8٪)
دپارس,پارس‌ دارو,مواد و محصولات دارویی,62.3,زیر نظر,85,75,57,30,59910,20260930,6,1.5,56.6,5.1,-0.7,7.5,75.1,53.6,3,0,false,20.1,3.73,above,-9.4,1.29,58570,60820,-12.38,55.7,1.74,-37.55,27.55,4755,12.6,12.91,-2.4,58570,57452,60820,62640,0.37,واگرایی منفی RSI | توزیع: ورود حقیقی با سرانه خرید ضعیف (0.77 در ۲۰ روز) | 75٪ بالای MA200 | واگرایی منفی
درپاد,گروه صنعتی درپاد تبریز,فلزات اساسی,62.3,زیر نظر,100,70,89,4,4750,20260928,15.3,76,96.6,45.1,29.4,74.1,,97.9,18,0,true,77.4,2.17,above,0,0.81,3011,,26.16,55.25,343.58,35.42,7.25,24,197.92,8.05,2358.6,4647,4543,5060,5266,1.5,اشباع خرید | فاصله زیاد از MA20 | سهم صفی: 18 روز از ۲۰ روز در صف (ریسک نقدشوندگی و اجرای حد ضرر) | رشد عمودی (97٪ در ۶۰ روز، 74٪ بالای MA50) | P/E بالا (198) | 160٪ بالای کف ۵۲ هفته | نقدشوندگی کمتر از ۱۰ میلیارد تومان | آخرین معامله 20260928 (متوقف یا کم‌معامله)
حگردش,ریل گردش ایرانیان,حمل ونقل، انبارداری و ارتباطات,62.2,زیر نظر,73,55,77.3,40,2360,20260930,6.2,8.6,8.4,-43.1,2.6,9.9,0.8,59,0,0,false,17.1,3.48,above,-30.1,0.81,2266,2414,1.57,7.61,1.23,3.83,5.3,68,34.71,,,2278,2225,2414,2514,0.4,واگرایی منفی RSI | P/E بالا (35) | واگرایی منفی | نقدشوندگی کمتر از ۱۰ میلیارد تومان
حسینا,توسعه خدمات دریایی وبندری سینا,حمل ونقل، انبارداری و ارتباطات,62.2,زیر نظر,100,65,52.9,24,20260,20260930,10.7,24.1,20.6,-30.9,8.9,22.5,50.3,71.3,4,0,true,38.8,3.31,above,-0.1,0.76,18698,,9.57,-26.08,1.24,4.65,27.43,2130,9.51,7.68,23.9,19589,18581,22274,23617,1.2,50٪ بالای MA200 | حد ضرر دور (8.3٪)
لخزر,پارس‌ خزر,ماشین آلات و تجهیزات,62.1,زیر نظر,95,63,16,68,4880,20260930,3.6,11.7,47.3,-4.1,3.2,20,58.2,63.3,2,0,false,39,3.04,above,-6.2,0.74,4710,5200,-6.39,2.83,0.73,-14.55,13.49,1120,4.36,5.15,-15.4,4732,4636,5200,5496,1.31,واگرایی منفی RSI | توزیع: ورود حقیقی با سرانه خرید ضعیف (0.66 در ۲۰ روز) | 58٪ بالای MA200 | سرانه خرید ضعیف (0.73) | واگرایی منفی | شناوری کم (10٪)
هرمز,فولاد هرمزگان جنوب,فلزات اساسی,62.1,زیر نظر,100,75,52.3,16,4630,20260930,7.7,28.3,52.9,1.4,6.8,23.9,107.6,68.6,9,0,false,47,3.05,above,-3.3,0.7,3700,,21.25,-139.33,1.21,5.94,50.15,435,10.64,8.05,32.2,4489,4347,5054,5337,1.5,واگرایی منفی RSI | خروج مستمر پول حقیقی | سهم صفی: 9 روز از ۲۰ روز در صف (ریسک نقدشوندگی و اجرای حد ضرر) | 108٪ بالای MA200 | واگرایی منفی
والماس,س. الماس حکمت ایرانیان,سرمایه گذاریها,62,زیر نظر,100,65,16,60,2934,20260930,1.1,32.7,72.1,20.7,7.6,24,76.3,67.6,10,1,false,53.6,3.16,above,-6.3,1.08,2732,3132,-21.62,3.85,0.54,-18.55,11.1,462,6.35,8.73,-27.3,2841,2702,3132,3317,0.86,سهم صفی: 10 روز از ۲۰ روز در صف (ریسک نقدشوندگی و اجرای حد ضرر) | 76٪ بالای MA200 | سرانه خرید ضعیف (0.54) | حد ضرر دور (7.9٪) | صف فروش در ۵ روز اخیر
مفاخر,توسعه فناوری اطلاعات خوارزمی,رایانه و فعالیت‌های وابسته به آن,62,زیر نظر,100,75,84,4,14400,20260927,2.3,38.1,109.3,57.8,13.7,31.8,84.7,77.9,8,0,true,63.4,3.37,above,-3.3,1.26,10870,14890,0.51,9.87,1.44,8.46,12.91,574,25.09,8.89,182.2,13915,13430,14890,15860,0.51,سهم صفی: 8 روز از ۲۰ روز در صف (ریسک نقدشوندگی و اجرای حد ضرر) | رشد عمودی (109٪ در ۶۰ روز، 32٪ بالای MA50) | 85٪ بالای MA200 | آخرین معامله 20260927 (متوقف یا کم‌معامله)
خاور,ایران خودرو دیزل,خودرو و ساخت قطعات,61.9,زیر نظر,95,45,88.5,9,1616,20260930,8.6,-1.2,12.7,-38.7,2.5,10.5,32.6,59,0,0,false,24.9,3.71,above,-9,1.11,1567,1722,115.45,171.22,2.12,58.51,76.4,91,17.76,5.87,202.5,1567,1537,1722,1776,1.34,توزیع: ورود حقیقی با سرانه خرید ضعیف (0.81 در ۲۰ روز)
ملت,بیمه ملت,بیمه وصندوق بازنشستگی به جزتامین اجتماعی,61.9,زیر نظر,100,70,62.5,9,6190,20260930,15.5,71.5,153.8,102.4,27.9,69,92.6,98.2,10,0,true,85.9,2.39,above,-0.2,1.11,4126,,1.88,-7.33,6.79,9.83,5.12,417,14.84,4.59,223.4,6042,5895,6633,6929,1.5,اشباع خرید | فاصله زیاد از MA20 | خروج مستمر پول حقیقی | سهم صفی: 10 روز از ۲۰ روز در صف (ریسک نقدشوندگی و اجرای حد ضرر) | رشد عمودی (154٪ در ۶۰ روز، 69٪ بالای MA50) | 93٪ بالای MA200 | نقدشوندگی کمتر از ۱۰ میلیارد تومان
غگرجی,بیسکویت‌  گرجی‌,محصولات غذایی و آشامیدنی به جز قند و شکر,61.6,زیر نظر,85,65,78.5,14,3930,20260930,8.9,-8.4,62.8,11.3,-1,2.3,80.2,51.7,3,0,false,34.7,3.53,above,-16.6,0.61,3510,4080,1.54,1.6,2.44,1.51,3.73,45,87.33,8.53,923.8,3791,3653,4080,4710,0.54,P/E بالا (87) | توزیع: ورود حقیقی با سرانه خرید ضعیف (0.84 در ۲۰ روز) | 80٪ بالای MA200 | حد ضرر دور (7.1٪) | نقدشوندگی کمتر از ۱۰ میلیارد تومان
ومپنا,مدیریت نیروگاهی ایرانیان مپنا,عرضه برق، گاز، بخاروآب گرم,61.5,زیر نظر,85,75,37,47,42290,20260930,-0.3,8.7,63.4,12,-1.4,16.1,88.5,56.6,0,0,false,32.4,3.28,above,-10.6,0.41,39510,42820,-1.65,-51.46,3.93,12.19,30.5,3838,11.02,10.04,9.7,40901,38818,42820,47320,0.15,واگرایی منفی RSI | خروج مستمر پول حقیقی | 89٪ بالای MA200 | واگرایی منفی | حد ضرر دور (8.2٪)
فلامی,لامیران‌,ساخت محصولات فلزی,61.5,زیر نظر,100,70,60.9,9,11690,20260930,14.9,40.3,85,33.5,16.3,31.1,70.5,80.8,9,0,true,37,3,above,0,1,10840,,4.3,15.88,1.12,-1.15,3.5,586,19.95,7.54,164.6,11340,10815,12740,13441,1.2,اشباع خرید | فاصله زیاد از MA20 | سهم صفی: 9 روز از ۲۰ روز در صف (ریسک نقدشوندگی و اجرای حد ضرر) | رشد عمودی (85٪ در ۶۰ روز، 31٪ بالای MA50) | 71٪ بالای MA200 | حد ضرر دور (7.5٪) | نقدشوندگی کمتر از ۱۰ میلیارد تومان
وآرین,گروه توسعه اقتصادی آرین,سرمایه گذاریها,61.4,زیر نظر,100,75,35.5,30,2879,20260930,3.2,18.5,81.6,30.1,1.4,24.4,61.9,63.6,1,0,false,49.1,3.51,above,-10.6,0.54,2713,3220,-1.26,-14.81,1.63,2.8,3.52,62,46.44,,,2778,2662,3220,3422,1.57,خروج مستمر پول حقیقی | P/E بالا (46) | 62٪ بالای MA200 | حد ضرر دور (7.5٪) | نقدشوندگی کمتر از ۱۰ میلیارد تومان
زماهان,مجتمع تولید گوشت مرغ ماهان,زراعت و خدمات وابسته,61.3,زیر نظر,95,55,77,10,13930,20260930,12,10.5,26.9,-24.6,4.9,16.3,29.5,63,4,0,false,27.9,3.45,above,-4.2,0.77,13790,14540,6.14,8.89,1.61,11.06,13.7,,,8.07,,13790,13550,14540,15500,1.6,واگرایی منفی RSI | بدون EPS مثبت | واگرایی منفی
کقزوی,شیشه‌ قزوین‌,سایر محصولات کانی غیرفلزی,61.3,زیر نظر,95,75,61,10,834,20260930,5.2,6.1,76.7,25.2,0.8,13.3,38.8,58.7,0,0,false,36,3.51,above,-9.3,0.78,801,856,2.55,-1.62,1.66,5.58,5.9,,,,,805,786,856,901,0.46,واگرایی منفی RSI | بدون EPS مثبت | واگرایی منفی | نقدشوندگی کمتر از ۱۰ میلیارد تومان
غگل,گلوکوزان‌,محصولات غذایی و آشامیدنی به جز قند و شکر,61.2,زیر نظر,83,55,77,24,6830,20260930,8.6,2.6,2.5,-48.9,1.6,2.9,38.6,53.8,1,0,false,17.2,3.3,above,-8.7,0.62,6633,7241,6.41,7.48,1.7,16.77,16.11,706,9.67,8.53,13.4,6633,6520,7241,7435,1.32,واگرایی منفی RSI | واگرایی منفی
شیراز,پتروشیمی‌شیراز,محصولات شیمیایی,61.1,زیر نظر,95,55,16.5,70,71910,20260930,5.6,9.4,-3.6,-55.1,1,8.5,42.9,56.3,0,0,false,24.1,3.84,above,-12.9,0.79,71020,75580,-37.95,64.41,0.8,-47.32,69.21,9681,7.43,9.63,-22.9,71020,69641,75580,78980,1.62,توزیع: ورود حقیقی با سرانه خرید ضعیف (0.84 در ۲۰ روز) | 194٪ بالای کف ۵۲ هفته | سرانه خرید ضعیف (0.80) | شناوری کم (12٪)
سرود,سیمان‌شاهرود,سیمان، آهک و گچ,61.1,زیر نظر,100,60,52.5,24,20210,20260930,8.1,19.9,58.5,7.1,7.2,18.2,102.1,70.2,1,0,false,32.1,3.57,above,-1.1,1.34,17577,20430,1.11,28.65,0.54,-149.97,60.99,2424,8.34,7.14,16.8,19488,18767,20430,21873,0.15,واگرایی منفی RSI | توزیع: ورود حقیقی با سرانه خرید ضعیف (0.60 در ۲۰ روز) | 102٪ بالای MA200 | سرانه خرید ضعیف (0.54) | واگرایی منفی | حد ضرر دور (7.1٪)
خکار,ایرکا پارت صنعت,خودرو و ساخت قطعات,61.1,زیر نظر,95,55,36.5,50,1939,20260930,8,8.3,31.9,-19.6,3.9,12.4,48.3,60.2,2,0,false,23.8,3.44,above,-5.3,0.83,1812,2047,-0.51,-17.71,1.7,10.06,11.07,504,3.85,,,1872,1779,2047,2180,0.67,واگرایی منفی RSI | خروج مستمر پول حقیقی | واگرایی منفی | حد ضرر دور (8.3٪)
کساپا,سایپاشیشه‌,سایر محصولات کانی غیرفلزی,61.1,زیر نظر,95,55,76.5,10,3730,20260930,9.7,7.5,17.5,-33.9,1.6,9.5,27.4,57.2,3,0,false,23.7,3.43,above,-6.5,0.53,3490,3790,0.65,1.19,3.54,3.25,4.69,,,12.75,,3602,3426,3790,3990,0.2,واگرایی منفی RSI | بدون EPS مثبت | توزیع: ورود حقیقی با سرانه خرید ضعیف (0.90 در ۲۰ روز) | واگرایی منفی | حد ضرر دور (8.2٪) | نقدشوندگی کمتر از ۱۰ میلیارد تومان
دهدشت,صنایع پتروشیمی دهدشت,محصولات شیمیایی,61.1,زیر نظر,100,70,98.5,10,14910,20260930,12.9,34.1,70.9,19.4,19.4,39.8,62,96.7,20,0,true,71.3,2.42,above,0,1.3,11754,,0.77,0.31,6.46,1.67,0.31,,,,,14550,14189,15991,16712,1.5,نقدشوندگی پایین | اشباع خرید | فاصله زیاد از MA20 | بدون EPS مثبت | سهم صفی: 20 روز از ۲۰ روز در صف (ریسک نقدشوندگی و اجرای حد ضرر) | رشد عمودی (71٪ در ۶۰ روز، 40٪ بالای MA50) | 62٪ بالای MA200 | نقدشوندگی کمتر از ۱۰ میلیارد تومان
شفارس,صنایع‌ شیمیایی‌ فارس‌,محصولات شیمیایی,61.1,زیر نظر,100,55,43.4,37,2309,20260930,7.6,16.3,37.4,-14.1,4.5,19.4,42.1,63.5,1,0,false,32.7,3.55,above,-6.8,0.75,2157,2477,-0.17,1.01,1.31,4.36,10,231,10,9.63,3.8,2227,2116,2477,2641,0.87,واگرایی منفی RSI | واگرایی منفی | حد ضرر دور (8.4٪) | نقدشوندگی کمتر از ۱۰ میلیارد تومان
وآفر,سرمایه گذاری ارزش آفرینان,سرمایه گذاریها,60.9,زیر نظر,100,70,77.5,30,12530,20260930,3.9,5.5,16.7,-34.8,3.7,15.3,17.1,62.3,0,0,true,46.6,3.69,above,-21.7,1.15,11918,16000,0.61,0.23,1.61,1.35,2.61,369,33.96,,,12068,11687,16000,16923,4.11,نقدشوندگی پایین | P/E بالا (34) | نقدشوندگی کمتر از ۱۰ میلیارد تومان
نبابک,نساجی بابکان,منسوجات,60.8,زیر نظر,95,55,61,24,8520,20260930,5.3,0.4,32.1,-19.4,1.7,13,14.2,58.3,1,0,false,25,3.83,above,-29.5,0.58,8220,8786,0.52,-21.34,6.1,15.15,9.21,351,24.27,14.29,69.9,8220,8057,8786,9049,0.57,واگرایی منفی RSI | خروج مستمر پول حقیقی | واگرایی منفی | نقدشوندگی کمتر از ۱۰ میلیارد تومان
بجهرم,توسعه مولد نیروگاهی جهرم,عرضه برق، گاز، بخاروآب گرم,60.7,زیر نظر,85,75,33.7,47,3140,20260930,2.3,1.9,53.2,1.7,-1.6,7.3,53.3,52.6,1,0,false,31.7,3.39,above,-10.8,0.59,2980,3400,-1.97,-52.28,1.47,12.15,28.38,334,9.4,10.04,-6.4,3034,2927,3400,3520,1.22,واگرایی منفی RSI | خروج مستمر پول حقیقی | 53٪ بالای MA200 | واگرایی منفی
سفارس,سیمان فارس و خوزستان,سیمان، آهک و گچ,60.7,زیر نظر,95,80,17.7,47,29540,20260930,10.8,3.8,19.8,-31.6,5.5,10.6,54.6,62.7,3,0,true,22.5,3.48,above,-4.4,0.91,28020,30330,-12.35,51.93,0.83,-12.79,83.1,3912,7.55,7.14,5.8,28513,27507,30330,30900,0.39,واگرایی منفی RSI | توزیع: ورود حقیقی با سرانه خرید ضعیف (0.54 در ۲۰ روز) | 55٪ بالای MA200 | واگرایی منفی
غپینو,پارس‌ مینو,محصولات غذایی و آشامیدنی به جز قند و شکر,60.6,زیر نظر,100,55,31.5,47,2131,20260930,9.3,16.2,29.6,-21.8,5.9,14.4,90.3,64.4,3,0,false,40.6,3.61,above,-4.8,1.53,1983,2239,-5.65,-71.6,4.89,-69.91,56.68,275,7.75,8.53,-9.2,2054,1944,2239,2393,0.58,خروج مستمر پول حقیقی | 90٪ بالای MA200 | حد ضرر دور (8.8٪)
کوچین,تولیدی کوچین,محصولات غذایی و آشامیدنی به جز قند و شکر,60.6,زیر نظر,95,55,37.5,47,17350,20260930,7.7,6.2,37.8,-13.7,0.9,9.7,,58.3,4,0,false,30.4,3.5,above,-9.4,0.91,15940,19140,-12.09,-105.87,1.9,33.13,45.43,2530,6.86,7.05,-2.7,16743,15832,19140,20354,1.18,خروج مستمر پول حقیقی | 318٪ بالای کف ۵۲ هفته | حد ضرر دور (8.7٪)
وآوا,سرمایه گذاری آوا نوین,سرمایه گذاریها,60.6,زیر نظر,100,50,73.5,9,4670,20260930,0.9,38.2,131.8,80.4,9.2,46.6,113.1,76.2,15,2,false,73.7,2.82,above,-5.1,0.92,4370,4920,12.91,42.19,2.95,-1.69,11.31,370,12.62,8.73,44.6,4538,4341,4920,5184,0.76,سهم صفی: 15 روز از ۲۰ روز در صف (ریسک نقدشوندگی و اجرای حد ضرر) | رشد عمودی (132٪ در ۶۰ روز، 47٪ بالای MA50) | 113٪ بالای MA200 | حد ضرر دور (7.1٪) | صف فروش در ۵ روز اخیر
سغرب,سیمان‌غرب‌,سیمان، آهک و گچ,60.6,زیر نظر,95,80,7.3,57,8660,20260930,9.5,8.3,16.2,-35.2,4.4,8,20.3,62,0,0,true,20.2,3.26,above,-14.1,1.13,8318,8950,-3.21,-14.01,1.03,-2,8.81,1220,7.1,7.14,-0.6,8378,8177,8950,10080,0.6,خروج مستمر پول حقیقی | نقدشوندگی کمتر از ۱۰ میلیارد تومان
کرومیت,توسعه معادن کرومیت کاوندگان,استخراج کانه های فلزی,60.5,زیر نظر,100,53,75.7,4,5590,20260930,2.8,27.9,50.8,-0.6,4.8,25.1,37.7,67.5,8,0,false,47.7,3.3,above,-6.1,0.65,5200,5950,2.46,40.68,1.15,8.8,24.89,198,28.23,14.44,95.5,5406,5129,5950,6319,0.78,سهم صفی: 8 روز از ۲۰ روز در صف (ریسک نقدشوندگی و اجرای حد ضرر) | حد ضرر دور (8.2٪)
ولراز,لیزینگ رازی,سایر واسطه گریهای مالی,60.5,زیر نظر,100,70,61,25,6220,20260923,15.2,63.7,227.9,176.4,26.9,66.8,153.5,97.5,11,0,true,83.3,2.51,above,0,0.36,2771,,-0.32,12.36,4.1,3.8,4.39,322,19.32,,,6064,5908,6688,7000,1.5,اشباع خرید | فاصله زیاد از MA20 | سهم صفی: 11 روز از ۲۰ روز در صف (ریسک نقدشوندگی و اجرای حد ضرر) | رشد عمودی (228٪ در ۶۰ روز، 67٪ بالای MA50) | 153٪ بالای MA200 | نقدشوندگی کمتر از ۱۰ میلیارد تومان | آخرین معامله 20260923 (متوقف یا کم‌معامله)
زشریف,کشت وصنعت شریف آباد,زراعت و خدمات وابسته,60.4,زیر نظر,100,80,20.7,37,20130,20260930,13,13.3,31.8,-19.6,8.6,16.9,81.9,66.4,4,0,true,27.6,3.37,above,-1.3,0.98,19230,,-11.53,-42.31,1.59,-3.01,11.47,2402,8.38,8.07,3.8,19452,18891,22163,23519,1.64,واگرایی منفی RSI | خروج مستمر پول حقیقی | 82٪ بالای MA200 | واگرایی منفی
ناما,تولیدی مخازن گازطبیعی آسیاناما,خودرو و ساخت قطعات,60.4,زیر نظر,83,45,62,44,4250,20260930,6.3,-2.1,9.5,-41.9,0.8,3.1,22.4,53.1,2,0,false,16.5,3.69,above,-11.3,0.74,4105,4520,10.53,-1.49,1.68,6.16,8.38,583,7.29,5.87,24.2,4105,4027,4520,4610,1.21,نقدشوندگی کمتر از ۱۰ میلیارد تومان
انتخاب,گروه انتخاب الکترونیک آرمان,ماشین آلات و تجهیزات,60.4,زیر نظر,100,75,24.5,37,2465,20260930,2.2,15.3,82.3,30.9,1.8,25.4,99.3,64.2,4,0,false,59.7,3.19,above,-6.5,0.79,2287,2635,-26.84,-63.61,1.18,11.89,57.97,271,9.1,9.66,-5.8,2386,2269,2635,2792,0.87,خروج مستمر پول حقیقی | 99٪ بالای MA200 | حد ضرر دور (8.0٪)
کلر,کلر پارس,محصولات شیمیایی,60.4,زیر نظر,100,65,32.5,37,12760,20260930,15.8,19.7,20.4,-31.1,10.3,22.4,70.6,70.1,6,0,true,24.1,3.12,above,-0.3,1.54,11500,,-30.88,-31.13,4.25,-8.59,21.66,1504,8.48,8.01,5.9,12361,11963,13956,14753,1.5,واگرایی منفی RSI | خروج مستمر پول حقیقی | سهم صفی: 6 روز از ۲۰ روز در صف (ریسک نقدشوندگی و اجرای حد ضرر) | 71٪ بالای MA200 | واگرایی منفی
اتکای,بیمه اتکایی ایرانیان,بیمه وصندوق بازنشستگی به جزتامین اجتماعی,60.4,زیر نظر,100,60,1.5,72,3410,20260930,1.8,22,93.7,42.2,10.8,34.5,88.6,85.8,0,0,true,72.4,3.24,above,-1.4,0.6,2936,,-23.68,-36.08,0.6,-14.86,11.59,612,5.57,18.13,-69.3,3300,3189,3741,3962,1.5,اشباع خرید | خروج مستمر پول حقیقی | رشد عمودی (94٪ در ۶۰ روز، 35٪ بالای MA50) | 89٪ بالای MA200 | سرانه خرید ضعیف (0.60)
غشان,شیرپاستوریزه‌پگاه‌خراسان‌,محصولات غذایی و آشامیدنی به جز قند و شکر,60.4,زیر نظر,100,70,56.5,9,20700,20260930,15.6,39.3,158.4,107,21.1,42.8,198.3,84.8,4,0,true,66.8,2.78,above,0,0.79,18200,,17.05,17.29,0.92,-14.49,17.2,1497,13.83,8.53,62.1,20124,19547,22429,23582,1.5,واگرایی منفی RSI | اشباع خرید | فاصله زیاد از MA20 | رشد عمودی (158٪ در ۶۰ روز، 43٪ بالای MA50) | توزیع: ورود حقیقی با سرانه خرید ضعیف (0.88 در ۲۰ روز) | 198٪ بالای MA200 | واگرایی منفی
ارفع,شرکت آهن و فولاد ارفع,فلزات اساسی,60.3,زیر نظر,100,60,26,47,15290,20260930,5,54.1,93.5,42,17.5,35.5,152.7,82.3,13,1,true,53.9,2.85,above,0,0.68,14980,,-58.03,109.24,0.44,-106.28,60.03,1926,7.94,8.05,-1.4,14980,14762,16598,17470,2.48,اشباع خرید | فاصله زیاد از MA20 | سهم صفی: 13 روز از ۲۰ روز در صف (ریسک نقدشوندگی و اجرای حد ضرر) | رشد عمودی (94٪ در ۶۰ روز، 36٪ بالای MA50) | توزیع: ورود حقیقی با سرانه خرید ضعیف (0.71 در ۲۰ روز) | 153٪ بالای MA200 | سرانه خرید ضعیف (0.44) | صف فروش در ۵ روز اخیر
کرماشا,صنایع پتروشیمی کرمانشاه,محصولات شیمیایی,60.2,زیر نظر,90,55,28.8,60,28880,20260930,0.3,11.5,8.2,-43.3,-0.5,13.5,60.9,55.6,2,0,false,42.6,3.2,above,-11.1,0.54,27765,32490,-18.96,166.76,0.91,-64.2,100.88,3386,8.53,9.63,-11.4,27955,27302,32490,34341,2.29,توزیع: ورود حقیقی با سرانه خرید ضعیف (0.78 در ۲۰ روز) | 61٪ بالای MA200
شوینده,مدیریت صنعت شوینده ت.ص.بهشهر,محصولات شیمیایی,60.1,زیر نظر,100,75,56.5,4,44950,20260930,9.4,22.5,68.5,17.1,4.9,11.7,65.2,61.5,8,0,false,30.5,3.2,above,-7.3,1.75,44300,48510,-0.08,27.32,1.77,-20.33,12.68,1772,25.37,9.63,163.4,44300,43581,48510,51385,2.6,سهم صفی: 8 روز از ۲۰ روز در صف (ریسک نقدشوندگی و اجرای حد ضرر) | 65٪ بالای MA200
دتولید,داروسازی تولید دارو,مواد و محصولات دارویی,60.1,زیر نظر,100,60,63.5,9,8680,20260930,15.6,31.1,177.3,125.9,13.1,45.3,161.8,79.6,12,0,false,68.2,2.64,above,0,0.3,8330,,27.08,-38.81,14.89,35.05,27.43,475,18.27,8.86,106.2,8451,8215,9368,9827,1.48,اشباع خرید | خروج مستمر پول حقیقی | سهم صفی: 12 روز از ۲۰ روز در صف (ریسک نقدشوندگی و اجرای حد ضرر) | رشد عمودی (177٪ در ۶۰ روز، 45٪ بالای MA50) | 162٪ بالای MA200
امید,تامین سرمایه امید,فعالیتهای کمکی به نهادهای مالی واسط,60.1,زیر نظر,95,45,62.5,68,3730,20260930,7.2,-1.8,24.2,-27.3,2.3,5.2,26.2,57.2,2,0,false,25.6,2.59,above,-8.1,0.93,3398,3880,6.17,-1.08,5.36,7.17,2.45,755,4.94,5.92,-16.5,3633,3537,3880,4060,0.78,نقدشوندگی پایین | نقدشوندگی کمتر از ۱۰ میلیارد تومان | شناوری کم (2٪)
سغدیر,توسعه سرمایه و صنعت غدیر,سیمان، آهک و گچ,60.1,زیر نظر,95,63,50,26,23910,20260930,8.2,9,43.5,-7.9,2,13.3,56,60.1,2,0,false,32.2,3.52,above,-10.5,0.98,23570,26720,8.07,-27.02,1.08,0.11,17.39,2624,9.11,6.69,36.2,23570,23150,26720,28401,3.7,خروج مستمر پول حقیقی | 56٪ بالای MA200
سصوفی,سیمان‌ صوفیان‌,سیمان، آهک و گچ,60,زیر نظر,83,55,26.5,70,170400,20260930,3.9,5.1,0.7,-50.8,0.3,2.8,28.1,53.1,2,0,false,14,3.3,above,-10.8,0.8,160200,176400,-21.92,104.61,0.69,-56.39,57.83,30922,5.51,7.14,-22.8,164777,157389,176400,181000,0.46,واگرایی منفی RSI | بدون روند (ADX پایین) | توزیع: ورود حقیقی با سرانه خرید ضعیف (0.69 در ۲۰ روز) | سرانه خرید ضعیف (0.69) | واگرایی منفی | حد ضرر دور (7.6٪)
غسالم,سالمین‌,محصولات غذایی و آشامیدنی به جز قند و شکر,60,زیر نظر,83,55,36.5,60,9010,20260930,8.9,9.6,24.8,-26.7,2.6,7.5,52,57.1,4,0,false,17.5,3.4,above,-9,0.81,8610,9270,-8.1,-12.14,2,3.78,11.7,1348,6.68,8.53,-21.6,8704,8457,9270,9900,0.47,خروج مستمر پول حقیقی | 52٪ بالای MA200
کی بی سی,شرکت کی بی سی,مواد و محصولات دارویی,60,زیر نظر,100,60,63,9,12750,20260930,15.4,27.5,122.5,71,9.2,35.4,154.7,74,13,0,false,58.6,2.88,above,-2.8,0.59,11000,13120,40,-25.14,3.75,28.15,29.53,1043,12.22,8.86,38,12382,12015,13120,13855,0.5,سهم صفی: 13 روز از ۲۰ روز در صف (ریسک نقدشوندگی و اجرای حد ضرر) | رشد عمودی (123٪ در ۶۰ روز، 35٪ بالای MA50) | 155٪ بالای MA200
شکام,صنایع شیمیایی کیمیاگران امروز,محصولات شیمیایی,59.9,زیر نظر,100,60,47.5,24,11530,20260930,12.3,18.3,131.1,79.6,11,35.5,158.8,76.6,7,0,false,42.1,3.29,above,0,0.36,11080,,22.51,-166.02,3.43,-6.03,94.54,1258,9.17,8.01,14.4,11151,10891,12666,13424,1.78,خروج مستمر پول حقیقی | سهم صفی: 7 روز از ۲۰ روز در صف (ریسک نقدشوندگی و اجرای حد ضرر) | رشد عمودی (131٪ در ۶۰ روز، 36٪ بالای MA50) | 159٪ بالای MA200
ویسا,سرمایه گذاری ایساتیس پویا,سرمایه گذاریها,59.9,زیر نظر,100,75,87.5,32,5420,20260929,6.3,26,56.1,4.7,7.3,28.5,56.9,69.8,3,0,false,56.4,3.13,above,-4.9,0.97,4118,5700,3.12,3.45,2.34,3.86,2.18,633,8.56,,,5251,5081,5700,6039,0.83,نقدشوندگی پایین | 57٪ بالای MA200 | نقدشوندگی کمتر از ۱۰ میلیارد تومان | آخرین معامله 20260929 (متوقف یا کم‌معامله)
خراسان,پتروشیمی خراسان,محصولات شیمیایی,59.8,زیر نظر,95,55,21.3,60,55800,20260930,9.9,2.9,21.4,-30.1,1.1,12.2,67,58.8,2,0,false,23.3,3.46,above,-9,0.94,54047,61321,-0.37,9.95,0.91,-20.76,28.72,7006,7.96,9.63,-17.3,54047,53082,61321,65179,2.03,توزیع: ورود حقیقی با سرانه خرید ضعیف (0.59 در ۲۰ روز) | 67٪ بالای MA200 | شناوری کم (6٪)
قثابت,قند ثابت‌ خراسان‌,قند و شکر,59.8,زیر نظر,86,55,78,14,4000,20260930,9.3,3.1,24,-27.5,1.8,2.1,55.9,54.3,0,0,false,25.6,3.71,inside,-10.5,0.75,3690,4100,0.96,9.63,1.82,13.27,11.01,150,26.67,9.8,172.1,3852,3629,4100,4265,0.27,واگرایی منفی RSI | 56٪ بالای MA200 | واگرایی منفی | حد ضرر دور (9.3٪)
شلعاب,لعابیران‌,محصولات شیمیایی,59.7,زیر نظر,100,55,65.7,9,1382,20260930,11.8,14.9,34.8,-16.7,6.9,16.5,50.5,66.4,2,0,false,31.9,3.32,above,-1.4,0.89,1319,1401,6.04,5.69,1.15,0.51,7.03,70,19.74,9.63,105,1336,1296,1401,1493,0.22,واگرایی منفی RSI | 51٪ بالای MA200 | واگرایی منفی | نقدشوندگی کمتر از ۱۰ میلیارد تومان
سفاسی,شرکت فارسیت اهواز,سایر محصولات کانی غیرفلزی,59.6,زیر نظر,100,60,85.5,25,5210,20260930,7.9,14.3,122.4,70.9,6.9,21.1,67.9,76.2,3,0,false,49.2,3.66,above,-0.4,0.98,4690,,0.29,3.6,2.41,4.85,2.07,330,15.79,,,5020,4734,5781,6162,1.2,نقدشوندگی پایین | واگرایی منفی RSI | رشد عمودی (122٪ در ۶۰ روز، 21٪ بالای MA50) | 68٪ بالای MA200 | واگرایی منفی | حد ضرر دور (9.1٪) | نقدشوندگی کمتر از ۱۰ میلیارد تومان
پلوله,گازلوله‌,لاستیک و پلاستیک,59.6,زیر نظر,100,70,82.5,20,11520,20260930,13.8,62.5,163.4,112,23.8,58,123.5,97.1,20,0,true,77.8,2.29,above,0,1.39,6800,,0.51,8.18,2.31,-3.3,1.84,517,22.28,,,11256,10992,12313,12841,1.5,نقدشوندگی پایین | اشباع خرید | فاصله زیاد از MA20 | سهم صفی: 20 روز از ۲۰ روز در صف (ریسک نقدشوندگی و اجرای حد ضرر) | رشد عمودی (163٪ در ۶۰ روز، 58٪ بالای MA50) | 123٪ بالای MA200 | نقدشوندگی کمتر از ۱۰ میلیارد تومان
های وب,داده گسترعصرنوین-های وب,اطلاعات و ارتباطات,59.5,زیر نظر,100,55,64.2,10,476,20260930,5.5,11.2,35.6,-15.9,2.4,19.6,34,63.8,1,0,false,41,3.43,above,-22.9,0.62,435,499,5.67,10.63,1.07,2.75,34.49,,,7.97,,460,435,499,545,0.56,بدون EPS مثبت | توزیع: ورود حقیقی با سرانه خرید ضعیف (0.89 در ۲۰ روز) | حد ضرر دور (8.6٪)
پکرمان,گروه‌ صنعتی‌ بارز,لاستیک و پلاستیک,59.5,زیر نظر,100,55,37,37,7880,20260930,7.1,18.1,35.9,-15.5,6.6,16,21.2,64.1,4,0,false,32.6,3.07,above,-8.8,0.53,7431,8260,-2.82,-35.88,5.01,1.92,26.34,953,8.27,8.21,0.7,7638,7310,8260,9022,0.67,واگرایی منفی RSI | خروج مستمر پول حقیقی | واگرایی منفی | حد ضرر دور (7.2٪)
کتوسعه,توسعه صنایع و معادن کوثر,استخراج سایر معادن,59.5,زیر نظر,85,63,61.5,24,20050,20260930,6.3,2.9,50.8,-0.6,-0.7,14.1,52.7,58.1,1,0,false,50.7,3.23,above,-8.9,0.83,18310,22000,1.51,-7.41,7.33,10.4,3.19,1794,11.18,9.57,16.8,19403,18432,22000,23295,1.21,خروج مستمر پول حقیقی | 53٪ بالای MA200 | حد ضرر دور (8.1٪) | نقدشوندگی کمتر از ۱۰ میلیارد تومان
شگویا,پتروشیمی تندگویان,محصولات شیمیایی,59.4,زیر نظر,100,70,52.5,9,14110,20260930,11.2,56.1,57.7,6.2,21.5,48,97,88,13,0,true,47.4,2.69,above,0,0.63,11270,,-14.21,43.17,14.68,120.14,105.67,1099,12.84,8.01,60.3,13731,13352,15247,16005,1.5,اشباع خرید | فاصله زیاد از MA20 | سهم صفی: 13 روز از ۲۰ روز در صف (ریسک نقدشوندگی و اجرای حد ضرر) | رشد عمودی (58٪ در ۶۰ روز، 48٪ بالای MA50) | 97٪ بالای MA200
ولنوین,لیزینگ اقتصاد نوین,سایر واسطه گریهای مالی,59.4,زیر نظر,100,55,36.5,37,3131,20260930,7.1,4.9,35.4,-16.1,4.8,19.7,52.3,65,0,0,false,38.8,3.56,above,-2.5,0.43,3075,3211,-2.72,-7.51,4.44,4.43,6,294,10.65,9.94,7.1,3075,3019,3211,3434,0.71,خروج مستمر پول حقیقی | 52٪ بالای MA200 | نقدشوندگی کمتر از ۱۰ میلیارد تومان | شناوری کم (14٪)
شلرد,کود شیمیایی اوره لردگان,محصولات شیمیایی,59.3,زیر نظر,100,48,68.8,10,3840,20260930,11,57.8,49.9,-1.5,19.9,47,116.5,87.9,12,0,true,52.4,2.85,above,-3,0.92,3160,,12.55,167.69,1.39,-25.77,51.57,,,,,3731,3621,4168,4387,1.5,اشباع خرید | فاصله زیاد از MA20 | بدون EPS مثبت | سهم صفی: 12 روز از ۲۰ روز در صف (ریسک نقدشوندگی و اجرای حد ضرر) | رشد عمودی (50٪ در ۶۰ روز، 47٪ بالای MA50) | 117٪ بالای MA200
پتوسعه,س. و توسعه صنایع لاستیک,لاستیک و پلاستیک,59.3,زیر نظر,85,45,62,37,9450,20260930,4.9,-2.4,29.6,-21.8,-1.2,8.5,,55.1,3,0,false,27.4,3.44,above,-9.8,0.47,9167,9580,4.85,-16.49,5.97,14.97,10.89,1012,9.34,9.84,-5.1,9167,9004,9580,10480,0.29,خروج مستمر پول حقیقی
وآفری,بیمه کارآفرین,بیمه وصندوق بازنشستگی به جزتامین اجتماعی,59.3,زیر نظر,100,70,75,26,10200,20260930,14.7,29.2,105.5,54.1,15.6,44.6,164.3,82.7,6,0,true,63,2.94,above,-0.8,1.1,9091,,4.97,10.24,30.43,-0.75,2.34,1680,6.07,4.59,32.3,9901,9601,11098,11697,1.5,نقدشوندگی پایین | اشباع خرید | فاصله زیاد از MA20 | سهم صفی: 6 روز از ۲۰ روز در صف (ریسک نقدشوندگی و اجرای حد ضرر) | رشد عمودی (106٪ در ۶۰ روز، 45٪ بالای MA50) | توزیع: ورود حقیقی با سرانه خرید ضعیف (0.87 در ۲۰ روز) | 164٪ بالای MA200 | نقدشوندگی کمتر از ۱۰ میلیارد تومان
وحافظ,بیمه حافظ,بیمه وصندوق بازنشستگی به جزتامین اجتماعی,59.2,زیر نظر,54,80,55.9,52,2351,20260930,2.2,4.5,-14.8,-66.2,0.9,2.3,-8.5,52.2,0,0,true,13.5,3.92,inside,-32.9,0.88,2243,2446,4.45,8.69,0.9,-1.98,7.6,199,11.81,,,2259,2197,2446,2512,0.62,بدون روند (ADX پایین) | توزیع: ورود حقیقی با سرانه خرید ضعیف (0.89 در ۲۰ روز) | نقدشوندگی کمتر از ۱۰ میلیارد تومان
رتاپ,تجارت الکترونیک  پارسیان,رایانه و فعالیت‌های وابسته به آن,59.2,زیر نظر,100,65,2.6,62,9140,20260930,-5.6,6,69.9,18.4,1.2,7.3,103.1,54.4,4,1,false,42,3.24,above,-6.5,1.02,8250,9290,-35.51,-129.4,0.87,-34.03,18.66,806,11.34,18.19,-37.7,8843,8547,9290,9765,0.25,واگرایی منفی RSI | خروج مستمر پول حقیقی | 103٪ بالای MA200 | واگرایی منفی | صف فروش در ۵ روز اخیر
کپارس,کاشی‌ پارس‌,کاشی و سرامیک,59.1,زیر نظر,100,60,21.5,47,19690,20260930,10.1,25.8,98.7,47.2,7.3,33.8,118,71.4,11,0,false,56,3,above,-4,0.47,17360,20500,-12.16,-47.59,3.71,-9.16,18.15,2681,7.34,7.65,-4,19100,18510,20500,21680,0.69,واگرایی منفی RSI | خروج مستمر پول حقیقی | سهم صفی: 11 روز از ۲۰ روز در صف (ریسک نقدشوندگی و اجرای حد ضرر) | رشد عمودی (99٪ در ۶۰ روز، 34٪ بالای MA50) | 118٪ بالای MA200 | واگرایی منفی
بانیان,نیان باتری خاوران,ماشین آلات و دستگاه‌های برقی,59.1,زیر نظر,95,55,62.5,16,18510,20260930,5.4,5.1,35.2,-16.3,4.7,13.2,,62,0,0,false,30,3.23,above,-6.3,1.1,18040,19303,1.99,-10.99,6.08,51.07,15.18,1652,11.2,5.95,88.3,18040,17741,19303,19760,1.03,
ولیز,لیزینگ ایران,سایر واسطه گریهای مالی,59.1,زیر نظر,100,60,36.5,32,4410,20260930,5.8,43.2,105.5,54,14.7,47.5,78.6,82.8,6,0,true,83.7,2.86,above,-3.5,0.83,3260,,-1.98,-3.22,1.87,12.31,6.79,458,9.63,,,4284,4158,4788,5040,1.5,اشباع خرید | سهم صفی: 6 روز از ۲۰ روز در صف (ریسک نقدشوندگی و اجرای حد ضرر) | رشد عمودی (105٪ در ۶۰ روز، 48٪ بالای MA50) | 79٪ بالای MA200 | نقدشوندگی کمتر از ۱۰ میلیارد تومان
قشهد,شهد,قند و شکر,59.1,زیر نظر,100,65,27.5,37,3820,20260930,-6.6,28,129.3,77.8,3,24.1,116.8,63.3,8,1,false,65.6,3.45,above,-9.3,1.76,2908,,-2.6,19.5,0.51,-33.75,7.84,416,9.18,9.8,-6.3,3688,3556,4215,4479,1.5,واگرایی منفی RSI | سهم صفی: 8 روز از ۲۰ روز در صف (ریسک نقدشوندگی و اجرای حد ضرر) | رشد عمودی (129٪ در ۶۰ روز، 24٪ بالای MA50) | توزیع: ورود حقیقی با سرانه خرید ضعیف (0.78 در ۲۰ روز) | 117٪ بالای MA200 | سرانه خرید ضعیف (0.51) | واگرایی منفی | نقدشوندگی کمتر از ۱۰ میلیارد تومان | صف فروش در ۵ روز اخیر
کصدف,کاشی صدف سرام استقلال آباده,کاشی و سرامیک,59,زیر نظر,85,45,63,35,7990,20260930,2.8,-0.5,29.4,-22.1,-1.3,7.1,54,52.4,3,0,false,28.9,3.44,above,-12.8,0.82,7790,8418,0.24,0.47,1.06,0.57,7.35,548,14.58,,,7790,7653,8418,9159,1.27,توزیع: ورود حقیقی با سرانه خرید ضعیف (0.70 در ۲۰ روز) | 54٪ بالای MA200 | نقدشوندگی کمتر از ۱۰ میلیارد تومان
وپترو,سرمایه‌گذاری صنایع پتروشیمی‌,محصولات شیمیایی,59,زیر نظر,90,75,21,47,79420,20260930,1.5,9.8,88.8,37.3,-2.3,30.4,87.8,58.7,11,2,false,58.9,3.51,above,-10.7,0.54,75460,88910,-22.78,-213.2,2.44,-38.15,51.37,7753,10.24,9.63,6.4,76630,74065,88910,94490,1.77,خروج مستمر پول حقیقی | سهم صفی: 11 روز از ۲۰ روز در صف (ریسک نقدشوندگی و اجرای حد ضرر) | رشد عمودی (89٪ در ۶۰ روز، 30٪ بالای MA50) | 88٪ بالای MA200 | صف فروش در ۵ روز اخیر
کبافق,معادن‌ بافق‌,استخراج کانه های فلزی,59,زیر نظر,100,75,52,4,45260,20260930,8.5,15.8,65.3,13.8,5.2,25.8,73.7,64.9,8,0,false,47.4,3.45,above,-7.5,0.86,41060,48940,-2.18,1.86,6.78,6.37,8.63,1583,28.59,13.76,107.8,43701,41362,48940,52059,0.94,واگرایی منفی RSI | سهم صفی: 8 روز از ۲۰ روز در صف (ریسک نقدشوندگی و اجرای حد ضرر) | 74٪ بالای MA200 | واگرایی منفی | حد ضرر دور (8.6٪) | نقدشوندگی کمتر از ۱۰ میلیارد تومان
وتعاون,بیمه تعاون,بیمه وصندوق بازنشستگی به جزتامین اجتماعی,59,زیر نظر,100,70,90,10,3148,20260930,15.8,49.8,65.2,13.8,27.3,40.9,58.2,88.5,8,0,true,47.9,2.55,above,-0.1,1.07,2561,,7.49,14.25,22.89,8.04,2.31,,,18.13,,3068,2987,3389,3550,1.5,نقدشوندگی پایین | اشباع خرید | فاصله زیاد از MA20 | بدون EPS مثبت | سهم صفی: 8 روز از ۲۰ روز در صف (ریسک نقدشوندگی و اجرای حد ضرر) | رشد عمودی (65٪ در ۶۰ روز، 41٪ بالای MA50) | 58٪ بالای MA200 | نقدشوندگی کمتر از ۱۰ میلیارد تومان
دفرا,فرآورده‌های‌ تزریقی‌ ایران‌,مواد و محصولات دارویی,58.9,زیر نظر,61,70,79.4,27,49910,20260930,9.3,-3.4,39.3,-12.2,1.9,-0.6,85.5,53.4,4,0,true,24.3,3.78,inside,-10.9,1.64,46720,55770,22.61,59.07,1.41,-7.01,12.92,3353,14.89,12.91,15.3,48023,45776,55770,59544,1.42,توزیع: ورود حقیقی با سرانه خرید ضعیف (0.65 در ۲۰ روز) | 86٪ بالای MA200 | حد ضرر دور (8.3٪)
وبشهر,توسعه‌ صنایع‌ بهشهر(هلدینگ,محصولات غذایی و آشامیدنی به جز قند و شکر,58.7,زیر نظر,100,48,52.5,24,7490,20260930,7.2,31.2,50.4,-1,8.5,26.7,103.5,72.2,7,0,false,49.8,3.12,above,-2.7,1.21,6720,7700,7.64,17.89,0.68,-26.98,18.19,748,10.01,8.53,17.4,7257,7023,7700,8167,0.45,سهم صفی: 7 روز از ۲۰ روز در صف (ریسک نقدشوندگی و اجرای حد ضرر) | 104٪ بالای MA200 | سرانه خرید ضعیف (0.68)
کوثر,بیمه کوثر,بیمه وصندوق بازنشستگی به جزتامین اجتماعی,58.7,زیر نظر,90,55,68.9,14,1892,20260930,3.8,15.2,26.8,-24.6,4.1,17.3,10.3,63.8,1,0,false,35.9,3.36,above,-17,0.56,1800,1938,3.36,20.79,1.27,2.81,26.42,53,35.7,18.13,96.9,1828,1768,1938,1981,0.37,واگرایی منفی RSI | P/E بالا (36) | واگرایی منفی
گکیش,توریستی ورفاهی آبادگران کیش,هتل و رستوران,58.7,زیر نظر,88,75,89,20,10170,20260930,1.4,10,59.9,8.4,3.9,9.3,33.3,59.2,2,0,false,19.6,4.29,above,-5.7,1.14,9696,10581,2.16,7.62,1.88,3.83,1.82,60,169.5,,,9734,9478,10581,10787,0.59,نقدشوندگی پایین | P/E بالا (170) | نقدشوندگی کمتر از ۱۰ میلیارد تومان
خنصیر,مهندسی‌نصیرماشین‌,خودرو و ساخت قطعات,58.6,زیر نظر,85,55,46.5,42,4320,20260930,4.3,2.1,22.3,-29.2,-2.3,7.7,36.2,52.4,1,0,false,31.5,3.6,above,-12.4,0.93,4200,4410,0.53,0.31,1.02,-0.85,5.61,485,8.91,,,4200,4122,4410,4490,0.46,واگرایی منفی RSI | واگرایی منفی | نقدشوندگی کمتر از ۱۰ میلیارد تومان
بهامرز,بیمه زندگی هامرز,بیمه وصندوق بازنشستگی به جزتامین اجتماعی,58.6,زیر نظر,100,70,38.5,20,8240,20260930,14.3,63.8,138.7,87.2,24,62.8,154.8,96.4,16,0,true,77.2,2.7,above,-1.1,1.07,6600,,-3.81,16.69,1.22,-5.89,3.48,253,32.57,,,8017,7795,8908,9353,1.5,اشباع خرید | فاصله زیاد از MA20 | سهم صفی: 16 روز از ۲۰ روز در صف (ریسک نقدشوندگی و اجرای حد ضرر) | رشد عمودی (139٪ در ۶۰ روز، 63٪ بالای MA50) | P/E بالا (33) | 155٪ بالای MA200 | نقدشوندگی کمتر از ۱۰ میلیارد تومان
زنجان,صنایع کشاورزی وکود زنجان,محصولات شیمیایی,58.6,زیر نظر,100,70,88.5,10,2650,20260930,11.4,37.1,79.2,27.7,18.3,38.9,77.8,97.6,20,0,true,75.5,2.29,above,0,1.04,1841,,0.95,3.56,11.75,2.82,0.67,,,,,2589,2529,2832,2953,1.5,نقدشوندگی پایین | اشباع خرید | فاصله زیاد از MA20 | بدون EPS مثبت | سهم صفی: 20 روز از ۲۰ روز در صف (ریسک نقدشوندگی و اجرای حد ضرر) | رشد عمودی (79٪ در ۶۰ روز، 39٪ بالای MA50) | 78٪ بالای MA200 | نقدشوندگی کمتر از ۱۰ میلیارد تومان
غزر,صنعتی زر ماکارون,محصولات غذایی و آشامیدنی به جز قند و شکر,58.5,زیر نظر,100,60,29.1,37,5370,20260930,8.7,31.3,66.4,15,9.8,31.9,117.4,71.9,6,0,false,53.9,2.78,above,-0.4,0.93,4790,,-41.82,-94.75,1.28,20.52,80.78,620,8.66,8.53,1.5,5221,5072,5818,6116,1.5,واگرایی منفی RSI | خروج مستمر پول حقیقی | سهم صفی: 6 روز از ۲۰ روز در صف (ریسک نقدشوندگی و اجرای حد ضرر) | رشد عمودی (66٪ در ۶۰ روز، 32٪ بالای MA50) | 117٪ بالای MA200 | واگرایی منفی
غکورش,صنعت غذایی کورش,محصولات غذایی و آشامیدنی به جز قند و شکر,58.5,زیر نظر,100,85,22,24,29070,20260930,14.9,30,85.5,34.1,12.1,30.2,168.1,75.8,6,0,true,47.7,3.25,above,0,0.78,27890,,-2.21,-138.35,1.71,-82.34,83.34,2993,9.71,8.53,13.9,28125,27418,31904,33793,1.72,واگرایی منفی RSI | خروج مستمر پول حقیقی | سهم صفی: 6 روز از ۲۰ روز در صف (ریسک نقدشوندگی و اجرای حد ضرر) | رشد عمودی (86٪ در ۶۰ روز، 30٪ بالای MA50) | 168٪ بالای MA200 | واگرایی منفی | شناوری کم (14٪)
غانیزان,فرآورده های دامی ولبنی دالاهو,محصولات غذایی و آشامیدنی به جز قند و شکر,58.5,زیر نظر,80,55,78,16,9170,20260930,4.4,11.8,27.1,-24.3,1.6,16.4,49.1,60.4,7,0,false,22.1,3.66,above,-6,0.74,8740,9760,0.02,4.98,30.78,12.13,10.35,797,11.51,8.53,34.9,8835,8572,9760,10430,0.99,سهم صفی: 7 روز از ۲۰ روز در صف (ریسک نقدشوندگی و اجرای حد ضرر)
شاملا,معدنی‌ املاح‌  ایران‌,محصولات شیمیایی,58.4,زیر نظر,100,73,18.2,37,43640,20260930,10.3,11.6,49.9,-1.6,8.6,21.2,93.1,72.8,2,0,true,33.8,3.43,above,-1.4,1.36,41515,,-9.99,-16.61,1.03,-12.5,26,4322,10.1,9.63,4.9,42142,40766,48133,51128,1.56,93٪ بالای MA200
بکام,کارخانجات تولیدی شهید قندی,ماشین آلات و دستگاه‌های برقی,58.4,زیر نظر,85,63,67.1,14,3340,20260930,2.5,6.4,43.8,-7.7,-1,13.6,38.7,55.3,5,0,false,37.6,3.51,above,-12.3,0.87,3170,3380,0.28,25.06,1.4,-9.13,15.95,24,139.17,6.15,2162.9,3223,3111,3380,3810,0.17,واگرایی منفی RSI | P/E بالا (139) | توزیع: ورود حقیقی با سرانه خرید ضعیف (0.89 در ۲۰ روز) | واگرایی منفی
سدور,سیمان‌ دورود,سیمان، آهک و گچ,58.4,زیر نظر,100,65,51.5,10,33980,20260930,2.6,20.6,83.9,32.4,1.5,29,88,63.2,7,0,false,56.8,3.48,above,-8.7,1.17,32130,37220,1.46,30.8,0.63,-36.77,16.05,,,7.14,,32797,31538,37220,39587,1.33,بدون EPS مثبت | سهم صفی: 7 روز از ۲۰ روز در صف (ریسک نقدشوندگی و اجرای حد ضرر) | توزیع: ورود حقیقی با سرانه خرید ضعیف (0.66 در ۲۰ روز) | 88٪ بالای MA200 | سرانه خرید ضعیف (0.63) | حد ضرر دور (7.2٪)
داوه,داروسازی آوه سینا,مواد و محصولات دارویی,58.4,زیر نظر,100,70,48.5,9,15060,20260930,15,35.1,212.3,160.8,14.4,51.4,184.6,82.6,14,0,true,72.4,2.72,above,0,1.06,13840,,-31.7,33.98,4.15,-58.29,31.08,760,19.82,8.86,123.7,14651,14038,16287,17105,1.2,اشباع خرید | سهم صفی: 14 روز از ۲۰ روز در صف (ریسک نقدشوندگی و اجرای حد ضرر) | رشد عمودی (212٪ در ۶۰ روز، 51٪ بالای MA50) | 185٪ بالای MA200
داسوه,داروسازی‌ اسوه‌,مواد و محصولات دارویی,58.4,زیر نظر,95,60,62.5,9,105480,20260930,15.8,11.9,178.8,127.4,8.1,27.8,151.9,70.3,10,0,false,50.6,2.99,above,-3.3,0.51,92270,109090,-0.47,15.34,7.08,4.6,10.25,6197,17.02,12.91,31.8,102328,99176,109090,115394,0.57,واگرایی منفی RSI | سهم صفی: 10 روز از ۲۰ روز در صف (ریسک نقدشوندگی و اجرای حد ضرر) | رشد عمودی (179٪ در ۶۰ روز، 28٪ بالای MA50) | توزیع: ورود حقیقی با سرانه خرید ضعیف (0.83 در ۲۰ روز) | 152٪ بالای MA200 | واگرایی منفی | شناوری کم (9٪)
بوعلی,پتروشیمی بوعلی سینا,محصولات شیمیایی,58.3,زیر نظر,100,70,7.1,50,66610,20260930,8.7,48.1,146.1,94.7,17.4,50.5,99.9,86.3,6,0,true,69.9,2.81,above,-0.1,0.78,60000,,-108.48,-116.15,1.03,-86.1,126.91,8261,8.06,9.63,-16.3,64737,62865,72228,75974,1.5,اشباع خرید | فاصله زیاد از MA20 | سهم صفی: 6 روز از ۲۰ روز در صف (ریسک نقدشوندگی و اجرای حد ضرر) | رشد عمودی (146٪ در ۶۰ روز، 50٪ بالای MA50) | 100٪ بالای MA200 | شناوری کم (8٪)
ددام,داروسازی زاگرس فارمد پارس,مواد و محصولات دارویی,58.3,زیر نظر,90,75,38.1,27,13290,20260930,5.3,12,103.8,52.4,-0.3,31.6,103.6,64.4,7,0,false,51.5,3.79,above,-11.3,1.27,12250,14980,5.08,-46.13,0.86,-19.11,23,887,14.98,12.91,16.1,12786,12030,14980,15988,1.34,خروج مستمر پول حقیقی | سهم صفی: 7 روز از ۲۰ روز در صف (ریسک نقدشوندگی و اجرای حد ضرر) | رشد عمودی (104٪ در ۶۰ روز، 32٪ بالای MA50) | 104٪ بالای MA200 | حد ضرر دور (9.5٪)
کازرو,پتروشیمی کازرون,محصولات شیمیایی,58.3,زیر نظر,100,70,87,10,14680,20260930,15.7,45.7,96.1,44.6,22.9,47.1,79.7,98,20,0,true,80.6,2.31,above,-2.4,0.18,14176,15745,0,20.6,4.01,1.18,1.62,,,,,14341,14007,15745,16212,1.58,نقدشوندگی پایین | اشباع خرید | فاصله زیاد از MA20 | بدون EPS مثبت | سهم صفی: 20 روز از ۲۰ روز در صف (ریسک نقدشوندگی و اجرای حد ضرر) | رشد عمودی (96٪ در ۶۰ روز، 47٪ بالای MA50) | 80٪ بالای MA200 | نقدشوندگی کمتر از ۱۰ میلیارد تومان
تاپیکو,س. نفت و گاز و پتروشیمی تأمین,محصولات شیمیایی,58.2,زیر نظر,100,70,47.7,9,52220,20260930,9.7,39.6,117.1,65.6,21.1,50.3,132.7,86.3,7,0,true,57.5,2.97,above,0,0.59,38039,,126.64,-104.1,1.57,-91.1,333.89,3439,15.18,9.63,57.7,50671,49122,56867,59965,1.5,واگرایی منفی RSI | اشباع خرید | فاصله زیاد از MA20 | سهم صفی: 7 روز از ۲۰ روز در صف (ریسک نقدشوندگی و اجرای حد ضرر) | رشد عمودی (117٪ در ۶۰ روز، 50٪ بالای MA50) | 133٪ بالای MA200 | واگرایی منفی | شناوری کم (11٪)
بپیوند,برق و انرژی پیوندگستر پارس,عرضه برق، گاز، بخاروآب گرم,58.1,زیر نظر,95,55,77.5,37,19320,20260930,7.3,3.2,33.4,-18.1,3.7,11.2,52.4,59.6,1,1,false,21.7,3.46,above,-6.1,0.6,17482,19939,0.04,1.87,13.69,6.26,2.84,1762,10.96,10.04,9.2,18652,17650,19939,20581,0.37,نقدشوندگی پایین | 52٪ بالای MA200 | حد ضرر دور (8.6٪) | نقدشوندگی کمتر از ۱۰ میلیارد تومان | صف فروش در ۵ روز اخیر
شفن,پتروشیمی فناوران,محصولات شیمیایی,58,زیر نظر,100,70,52.2,4,8020,20260930,7.8,40,112.1,60.7,15.6,39.1,66.5,80.8,4,0,true,61.2,2.82,above,-0.9,0.93,7430,,-10.91,90.03,1.17,2.95,31.53,284,28.24,9.63,193.2,7793,7454,8700,9153,1.2,اشباع خرید | فاصله زیاد از MA20 | رشد عمودی (112٪ در ۶۰ روز، 39٪ بالای MA50) | 66٪ بالای MA200 | حد ضرر دور (7.1٪)
تکنار,مجتمع معادن مس تکنار,استخراج کانه های فلزی,58,زیر نظر,100,70,86,10,167100,20260930,15.7,67.1,171.4,119.9,26.6,73.3,154.6,98.5,17,0,true,71.9,2.45,above,0,0.23,73341,,0.69,4.56,6.19,1.77,1.69,,,,,163011,158922,179368,187546,1.5,نقدشوندگی پایین | اشباع خرید | فاصله زیاد از MA20 | بدون EPS مثبت | سهم صفی: 17 روز از ۲۰ روز در صف (ریسک نقدشوندگی و اجرای حد ضرر) | رشد عمودی (171٪ در ۶۰ روز، 73٪ بالای MA50) | 155٪ بالای MA200 | نقدشوندگی کمتر از ۱۰ میلیارد تومان
کماسه,تامین‌ ماسه‌ ریخته‌گری‌,استخراج سایر معادن,58,زیر نظر,100,60,39,25,5730,20260930,4.8,26.5,122.7,71.2,5.7,38.4,101.6,71.1,9,1,false,67.3,3.17,above,-5.9,1.46,5170,6090,-2.04,6.74,1.28,-3.85,41.17,209,27.42,26.17,4.8,5548,5367,6090,6453,0.99,سهم صفی: 9 روز از ۲۰ روز در صف (ریسک نقدشوندگی و اجرای حد ضرر) | رشد عمودی (123٪ در ۶۰ روز، 38٪ بالای MA50) | 102٪ بالای MA200 | صف فروش در ۵ روز اخیر
گوهران,سرمایه گذاری توسعه گوهران امید,سرمایه گذاریها,57.8,زیر نظر,100,70,58.1,37,6870,20260930,8.4,13.6,75.7,24.2,8.2,15.5,71.4,81.6,0,0,true,40.1,2.6,above,-0.9,0.68,6760,,2.22,-11.64,1.41,1.44,2.02,725,9.48,8.73,8.5,6760,6671,7406,7763,2.69,نقدشوندگی پایین | واگرایی منفی RSI | اشباع خرید | خروج مستمر پول حقیقی | 71٪ بالای MA200 | واگرایی منفی | نقدشوندگی کمتر از ۱۰ میلیارد تومان
حتوکا,حمل‌ونقل‌توکا,حمل ونقل، انبارداری و ارتباطات,57.7,زیر نظر,100,55,4.8,62,2700,20260930,2.3,14.7,33.7,-17.8,4.2,18.4,39.4,63.9,0,0,false,43.1,3.83,above,-4.9,0.71,2576,2840,-13.61,-28.46,0.93,-6.1,12.35,320,8.44,19.33,-56.4,2597,2524,2840,3047,0.8,واگرایی منفی RSI | خروج مستمر پول حقیقی | واگرایی منفی
ثتران,سرمایه گذاری مسکن تهران,انبوه سازی، املاک و مستغلات,57.6,زیر نظر,95,75,46.5,10,8610,20260930,5.5,4.7,65.6,14.1,5.4,18.4,58.4,66.5,0,0,false,43.4,3.5,above,-1.3,0.66,8485,8720,-1.34,2.75,1.38,4.59,8.12,,,23.59,,8485,8334,8720,9323,0.4,واگرایی منفی RSI | بدون EPS مثبت | 58٪ بالای MA200 | واگرایی منفی | نقدشوندگی کمتر از ۱۰ میلیارد تومان
آریا,پلیمر آریا ساسول,محصولات شیمیایی,57.6,زیر نظر,100,60,38.3,24,50370,20260930,10,54.8,56.2,4.8,22.3,47.3,60.5,94.3,4,0,true,62.7,3.09,above,-2,1.72,42434,,-264.99,80.73,1.23,-126.43,97.92,4878,10.33,8.01,28.9,48813,47256,55040,58154,1.5,اشباع خرید | فاصله زیاد از MA20 | رشد عمودی (56٪ در ۶۰ روز، 47٪ بالای MA50) | 61٪ بالای MA200
کمرجان,بازرگانی و تولیدی مرجان کار,سایر محصولات کانی غیرفلزی,57.5,زیر نظر,95,55,53.2,19,4710,20260930,6.8,14.9,3.2,-48.3,3.1,12.1,39.7,59.7,2,0,false,26.3,3.36,above,-10.6,0.75,4630,5180,1.88,-4.65,1.27,5.43,8.17,299,15.75,10.33,52.5,4630,4551,5180,5268,2.96,نقدشوندگی کمتر از ۱۰ میلیارد تومان
دبالک,مواد اولیه دارویی البرز بالک,مواد و محصولات دارویی,57.5,زیر نظر,95,75,47,9,16600,20260930,9.9,9.7,195.9,144.4,3.8,32,160.1,67.9,10,0,false,47.4,3,above,-8,0.59,14460,18040,8.37,-118.1,5.06,-13.63,54.29,1079,15.38,8.86,73.6,16102,15603,18040,19037,1.44,خروج مستمر پول حقیقی | سهم صفی: 10 روز از ۲۰ روز در صف (ریسک نقدشوندگی و اجرای حد ضرر) | رشد عمودی (196٪ در ۶۰ روز، 32٪ بالای MA50) | 160٪ بالای MA200
وپسا,گ.س.پتروشیمی ساختمان خلیج فارس,پیمانکاری صنعتی,57.5,زیر نظر,85,63,47.6,30,2645,20260930,-0.6,3.4,49.6,-1.9,-3.4,11,48.8,52.4,5,1,false,36.1,3.68,above,-15,1.24,2493,2684,0.23,1.06,1.02,-3.39,5.35,20,132.25,,,2548,2444,2684,3110,0.19,واگرایی منفی RSI | P/E بالا (132) | واگرایی منفی | حد ضرر دور (7.6٪) | نقدشوندگی کمتر از ۱۰ میلیارد تومان | صف فروش در ۵ روز اخیر
سباقر,سیمان باقران,سیمان، آهک و گچ,57.5,زیر نظر,100,60,45.9,16,418000,20260930,15,30.5,116.1,64.7,11.5,37.8,182.9,76.7,9,0,false,60.3,2.99,above,0,0.71,409000,,41.12,16.88,0.92,-91.49,80.12,44486,9.4,6.69,40.5,409000,402752,455487,480478,2.46,سهم صفی: 9 روز از ۲۰ روز در صف (ریسک نقدشوندگی و اجرای حد ضرر) | رشد عمودی (116٪ در ۶۰ روز، 38٪ بالای MA50) | توزیع: ورود حقیقی با سرانه خرید ضعیف (0.48 در ۲۰ روز) | 183٪ بالای MA200
دامین,داروسازی‌ امین‌,مواد و محصولات دارویی,57.5,زیر نظر,95,85,43.9,4,17530,20260930,13.8,21.8,53.2,1.8,13.9,17.3,60.4,72.5,3,0,true,29.1,3.13,above,-0.6,1.3,17190,,6.93,-0.05,1.02,-8.8,34.03,378,46.38,12.91,259.2,17190,16915,19178,20276,2.68,P/E بالا (46) | 60٪ بالای MA200
فلوله,لوله‌وماشین‌سازی‌ایران‌,فلزات اساسی,57.3,زیر نظر,65,45,55.2,60,2640,20260930,8.4,-5,29.2,-22.2,-1.2,2.6,29,51.4,0,0,false,24.2,4.07,above,-11.7,0.92,2506,2669,2.76,15.49,0.91,-1.39,10.55,226,11.68,13.48,-13.3,2533,2452,2669,2974,0.15,توزیع: ورود حقیقی با سرانه خرید ضعیف (0.62 در ۲۰ روز) | حد ضرر دور (7.1٪)
رایا,بیمه اتکایی رایا,بیمه وصندوق بازنشستگی به جزتامین اجتماعی,57.3,زیر نظر,100,70,3,50,6210,20260930,10.7,36.8,184.9,133.4,17.6,35.5,,85.8,3,0,true,67.5,2.88,above,-1.9,1.17,5040,,-1.77,-6.19,0.59,-28.65,11.58,1471,4.22,,,6031,5853,6746,7104,1.5,واگرایی منفی RSI | اشباع خرید | فاصله زیاد از MA20 | رشد عمودی (185٪ در ۶۰ روز، 35٪ بالای MA50) | 545٪ بالای کف ۵۲ هفته | سرانه خرید ضعیف (0.59) | واگرایی منفی
شمواد,تولید مواداولیه الیاف مصنوعی,محصولات شیمیایی,57.1,زیر نظر,100,70,20.5,32,14600,20260930,11.9,26.6,91.3,39.9,15.8,37.8,183.1,82.8,7,0,true,57,3.19,above,-2.3,0.83,13370,,-23.92,-140.4,1.99,-23.77,26.15,1509,9.68,,,14135,13436,15996,16927,1.2,اشباع خرید | فاصله زیاد از MA20 | خروج مستمر پول حقیقی | سهم صفی: 7 روز از ۲۰ روز در صف (ریسک نقدشوندگی و اجرای حد ضرر) | رشد عمودی (91٪ در ۶۰ روز، 38٪ بالای MA50) | 183٪ بالای MA200 | حد ضرر دور (8.0٪)
غشهد,شهد ایران ‌,محصولات غذایی و آشامیدنی به جز قند و شکر,57.1,زیر نظر,100,45,2.5,70,9390,20260930,-9,21.3,33,-18.4,1.3,13.4,46.8,55.2,7,1,false,26.6,3.56,above,-11.8,1.73,8380,10650,-7.09,-0.59,0.53,-32.59,8.13,1466,6.41,8.53,-24.9,9056,8721,10650,11319,1.88,سهم صفی: 7 روز از ۲۰ روز در صف (ریسک نقدشوندگی و اجرای حد ضرر) | سرانه خرید ضعیف (0.53) | حد ضرر دور (7.1٪) | نقدشوندگی کمتر از ۱۰ میلیارد تومان | صف فروش در ۵ روز اخیر
وتوسکا,سرمایه گذاری توسعه توکا,سرمایه گذاریها,57.1,زیر نظر,100,45,87.5,25,1705,20260930,1.2,-1.7,25.8,-25.7,0.8,11.6,28.7,55.1,5,0,false,31.4,3.4,above,-8.6,0.98,1634,1785,0.88,1.8,2.44,1.94,1.35,100,17.05,,,1647,1605,1785,1866,0.8,نقدشوندگی پایین | واگرایی منفی RSI | واگرایی منفی | نقدشوندگی کمتر از ۱۰ میلیارد تومان
ساروج,بین المللی ساروج بوشهر,سیمان، آهک و گچ,57.1,زیر نظر,74,55,17.5,78,58450,20260930,1.1,7,-3.4,-54.9,0.4,2.6,11.5,53,1,0,false,16,3.36,inside,-16.3,0.71,57816,59275,-4.01,1.02,0.61,-7.04,4.77,11890,4.92,6.69,-26.5,57816,56834,59275,61211,0.51,توزیع: ورود حقیقی با سرانه خرید ضعیف (0.76 در ۲۰ روز) | سرانه خرید ضعیف (0.61) | نقدشوندگی کمتر از ۱۰ میلیارد تومان
خگستر,گسترش‌سرمایه‌گذاری‌ایران‌خودرو,خودرو و ساخت قطعات,57,زیر نظر,85,55,52,30,3990,20260930,3.9,1.8,18.9,-32.6,-2.5,9.7,33.1,53.1,3,0,false,29.2,3.56,above,-11.1,1.03,3842,4076,-40.98,21.25,1.85,90.18,185.98,88,45.34,,,3848,3771,4076,4170,0.39,واگرایی منفی RSI | P/E بالا (45) | واگرایی منفی
فسوژ,سوژمیران,فلزات اساسی,57,زیر نظر,100,45,48,24,26900,20260930,12.9,35.2,184.2,132.7,12.3,51,225.6,83.6,12,0,false,78.5,3,above,0,0.58,25920,,40.57,-96.09,5.09,-100.81,97.47,2590,10.39,8.05,29,26093,25516,29321,30935,1.75,اشباع خرید | سهم صفی: 12 روز از ۲۰ روز در صف (ریسک نقدشوندگی و اجرای حد ضرر) | رشد عمودی (184٪ در ۶۰ روز، 51٪ بالای MA50) | 226٪ بالای MA200
کحافظ,کاشی‌ وسرامیک‌ حافظ‌,کاشی و سرامیک,56.9,زیر نظر,95,63,16.3,47,2696,20260930,10,12.9,49.5,-1.9,3.6,16.2,66.9,62.8,3,0,false,34.3,3.43,above,-6.2,1.1,2586,2875,-3.07,-11.54,1.39,-4.17,19.47,388,6.95,7.65,-9.2,2604,2540,2875,3060,1.15,واگرایی منفی RSI | 67٪ بالای MA200 | واگرایی منفی
فروژ,صنایع فروآلیاژ ایران,فلزات اساسی,56.9,زیر نظر,100,70,47.5,4,2251,20260930,14.6,62.1,148.2,96.7,28.4,63.1,117.9,96.2,13,0,true,77.8,2.65,above,-1,1.29,1426,,-8.41,-35.24,13.82,18.78,12.3,46,48.93,8.05,507.9,2191,2132,2430,2549,1.5,اشباع خرید | فاصله زیاد از MA20 | خروج مستمر پول حقیقی | سهم صفی: 13 روز از ۲۰ روز در صف (ریسک نقدشوندگی و اجرای حد ضرر) | رشد عمودی (148٪ در ۶۰ روز، 63٪ بالای MA50) | P/E بالا (49) | 118٪ بالای MA200
بتیس,بیمه زندگی ایساتیس,بیمه وصندوق بازنشستگی به جزتامین اجتماعی,56.9,زیر نظر,90,75,27.4,32,3540,20260930,0,8.9,97.1,45.7,-0.6,12.4,,56.5,1,0,false,43.4,3.54,above,-8.1,0.8,3445,3825,-2.27,-9.17,1.22,1.21,4.56,385,9.19,,,3445,3382,3825,4075,1.81,خروج مستمر پول حقیقی | نقدشوندگی کمتر از ۱۰ میلیارد تومان
خچرخش,چرخشگر,خودرو و ساخت قطعات,56.9,زیر نظر,100,48,77,32,23570,20260930,5.9,16.3,43.5,-7.9,6,18.4,45.9,72.5,1,0,false,46.5,3.25,above,-1.8,0.83,21521,,0.07,0.36,1.63,1.95,1.48,2337,10.09,,,22804,21654,25869,27401,1.2,نقدشوندگی پایین | حد ضرر دور (8.1٪) | نقدشوندگی کمتر از ۱۰ میلیارد تومان
همراه,شرکت ارتباطات سیار ایران,مخابرات,56.8,زیر نظر,95,75,16.1,37,9820,20260930,5.3,3.2,100.4,48.9,0.9,16,89.5,59.2,0,0,false,32,3.3,above,-7,0.84,9300,10495,-14.88,-170.06,1.4,-7.85,36.39,1086,9.04,8.37,8,9496,9138,10495,11144,0.99,واگرایی منفی RSI | خروج مستمر پول حقیقی | رشد عمودی (100٪ در ۶۰ روز، 16٪ بالای MA50) | 90٪ بالای MA200 | واگرایی منفی | شناوری کم (11٪)
پیزد,مجتمع صنایع لاستیک یزد,لاستیک و پلاستیک,56.8,زیر نظر,100,45,21,50,13030,20260930,8.6,44.1,212.7,161.3,13.9,56.1,177.7,83.1,10,0,false,78.4,2.71,above,0,0.67,12620,,-23.75,-178.11,3.4,-39.78,62.73,1599,8.15,9.84,-17.2,12677,12443,14089,14795,1.81,اشباع خرید | خروج مستمر پول حقیقی | سهم صفی: 10 روز از ۲۰ روز در صف (ریسک نقدشوندگی و اجرای حد ضرر) | رشد عمودی (213٪ در ۶۰ روز، 56٪ بالای MA50) | 178٪ بالای MA200
ثپردیس,سرمایه گذاری مسکن پردیس,انبوه سازی، املاک و مستغلات,56.6,زیر نظر,90,65,52.5,14,4530,20260930,-8.9,13.3,54.1,2.7,-1.6,12.2,51.1,52.5,5,2,false,59.2,3.72,above,-12.9,0.95,4370,5200,0.17,109.16,0.66,-31.23,22.3,117,38.72,23.59,64.1,4370,4286,5200,5537,2.74,P/E بالا (39) | 51٪ بالای MA200 | سرانه خرید ضعیف (0.66) | صف فروش در ۵ روز اخیر
غپونه,نوش پونه مشهد,محصولات غذایی و آشامیدنی به جز قند و شکر,56.5,زیر نظر,83,55,35.5,47,9070,20260930,9.4,8.8,14,-37.5,3.8,5.6,80.8,59.1,4,0,false,19.8,3.43,above,-8.2,0.43,8790,9580,-0.07,-6.11,2.38,10.16,14.41,1310,6.92,7.05,-1.8,8790,8634,9580,9880,1.17,81٪ بالای MA200
شتران,پالایش نفت تهران,فراورده های نفتی، کک و سوخت هسته ای,56.5,زیر نظر,100,55,2,60,6700,20260930,2.6,19.4,40.4,-11,3.8,21.4,88.4,64.3,3,0,false,52.5,3.37,above,-7.7,0.91,6240,7260,-364.42,-557.72,0.75,-614.27,476.83,1249,5.36,6.26,-14.3,6474,6135,7260,7712,0.99,خروج مستمر پول حقیقی | 88٪ بالای MA200 | سرانه خرید ضعیف (0.75) | حد ضرر دور (8.4٪)
گدنا,تهیه توزیع غذای دنا آفرین فدک,هتل و رستوران,56.5,زیر نظر,85,55,36,44,6870,20260930,5.2,1.9,29.8,-21.6,-2.4,8.4,29.1,52,2,0,false,30,3.33,above,-13,0.96,6500,7040,-4.56,-6.38,8.55,42.4,17.42,1145,6,4.69,27.9,6641,6386,7040,7190,0.35,واگرایی منفی RSI | واگرایی منفی | حد ضرر دور (7.0٪)
بکاب,صنایع‌جوشکاب‌یزد,ماشین آلات و دستگاه‌های برقی,56.4,زیر نظر,90,45,55.6,26,12510,20260930,-1.2,13.6,35.2,-16.2,-2.3,12.1,39.5,53.1,4,1,false,32.1,3.53,above,-15.6,1.08,12000,12740,4.13,12.9,0.95,-5.31,8.11,1077,11.62,6.15,88.9,12068,11779,12740,13050,0.31,154٪ بالای کف ۵۲ هفته | نقدشوندگی کمتر از ۱۰ میلیارد تومان | صف فروش در ۵ روز اخیر
ساروم,سیمان‌ارومیه‌,سیمان، آهک و گچ,56.3,زیر نظر,100,65,6.4,47,242900,20260930,11.1,26.6,35.9,-15.5,9.7,17,75.3,70.2,3,0,true,32.8,3.23,above,-0.2,0.72,237300,,-1.06,-15.12,0.99,-7.69,34.87,34336,7.07,7.14,-0.9,237300,233374,266454,282157,2.47,75٪ بالای MA200
وبملت,بانک ملت,بانکها و موسسات اعتباری,56.3,زیر نظر,83,55,1.5,80,1520,20260930,2.7,0.1,22.6,-28.9,0.8,10.6,45.2,57,1,0,false,17.3,3.22,above,-6.2,0.77,1445,1611,-476.72,-2125.09,0.78,-778.43,1239.68,454,3.35,5.4,-38,1471,1421,1611,1708,0.91,واگرایی منفی RSI | خروج مستمر پول حقیقی | سرانه خرید ضعیف (0.78) | واگرایی منفی
سمتاز,سیمان ممتازان کرمان,سیمان، آهک و گچ,56.3,زیر نظر,100,55,27,34,64540,20260930,3.8,16.4,15.8,-35.6,1.4,10.9,72.4,57.8,3,0,false,33.7,3.38,above,-7.8,0.8,59740,66410,-0.66,7.52,0.78,-3.25,3.33,8478,7.61,6.69,13.8,62361,59093,66410,70000,0.34,توزیع: ورود حقیقی با سرانه خرید ضعیف (0.78 در ۲۰ روز) | 72٪ بالای MA200 | سرانه خرید ضعیف (0.78) | حد ضرر دور (8.4٪) | نقدشوندگی کمتر از ۱۰ میلیارد تومان
اتکاسا,بیمه اتکایی سامان,بیمه وصندوق بازنشستگی به جزتامین اجتماعی,56.3,زیر نظر,100,65,21,72,6610,20260930,-2,30.9,75.1,23.6,5.5,30,,67.8,2,0,false,58.4,3.07,above,-6.9,0.93,6361,6768,-3.67,-15.26,2.04,-3.58,1.89,875,7.55,18.13,-58.3,6407,6259,6768,7104,0.45,نقدشوندگی پایین | واگرایی منفی RSI | خروج مستمر پول حقیقی | 154٪ بالای کف ۵۲ هفته | واگرایی منفی | نقدشوندگی کمتر از ۱۰ میلیارد تومان
غبهار,کشت وصنعت بهاران گلبهار خراسان,محصولات غذایی و آشامیدنی به جز قند و شکر,56.2,زیر نظر,95,75,28.6,42,4830,20260929,6.2,10.8,149,97.5,3,22.1,69.3,63.3,8,0,false,51.1,3.44,above,-9.7,0.99,4520,5350,-1.77,-0.86,1.32,3.4,9.21,798,6.05,,,4664,4437,5350,5683,1.32,واگرایی منفی RSI | سهم صفی: 8 روز از ۲۰ روز در صف (ریسک نقدشوندگی و اجرای حد ضرر) | رشد عمودی (149٪ در ۶۰ روز، 22٪ بالای MA50) | 69٪ بالای MA200 | واگرایی منفی | حد ضرر دور (8.1٪) | نقدشوندگی کمتر از ۱۰ میلیارد تومان | آخرین معامله 20260929 (متوقف یا کم‌معامله)
دماوند,تولید نیروی برق دماوند,عرضه برق، گاز، بخاروآب گرم,56.1,زیر نظر,85,55,28.5,50,13280,20260930,-0.6,5.6,34.6,-16.8,-2.1,7.5,42.9,51.9,1,0,false,23.5,3.17,above,-9.4,0.45,12760,13725,-9.54,7.51,1.3,-3.79,17.82,1503,8.84,10.04,-12,12859,12549,13725,14650,0.61,واگرایی منفی RSI | واگرایی منفی
حسیر,ریل سیر کوثر,حمل ونقل، انبارداری و ارتباطات,55.9,زیر نظر,100,75,27.5,16,8410,20260930,1.8,25.3,64.8,13.3,10,28.9,87.9,75.9,1,0,true,58.4,3.39,above,-0.4,1.15,7360,,-0.07,20.81,0.63,-27.56,18.74,758,11.09,7.68,44.5,8125,7839,9266,9837,1.5,توزیع: ورود حقیقی با سرانه خرید ضعیف (0.82 در ۲۰ روز) | 88٪ بالای MA200 | سرانه خرید ضعیف (0.63)
فهامون,آلیاژ گستر هامون,فلزات اساسی,55.9,زیر نظر,85,30,50.5,47,4830,20260930,-1,3.4,11.7,-39.7,-2.4,5.4,,49.9,3,1,false,27.5,3.35,above,-12.8,0.96,4730,4961,-13.3,9.7,2.42,46.12,24.86,596,8.1,8.05,0.7,4730,4649,4961,5234,0.72,صف فروش در ۵ روز اخیر
لوتوس,تامین سرمایه لوتوس پارسیان,فعالیتهای کمکی به نهادهای مالی واسط,55.9,زیر نظر,100,70,0.5,47,3500,20260930,-0.3,22.7,37.1,-14.4,6.5,15.7,57,64.7,2,1,true,22.4,3.28,above,-4.4,0.9,3360,3580,-15.56,-31.2,0.55,-24.61,10.5,594,5.89,5.92,-0.5,3385,3303,3580,3809,0.41,خروج مستمر پول حقیقی | 57٪ بالای MA200 | سرانه خرید ضعیف (0.55) | شناوری کم (4٪) | صف فروش در ۵ روز اخیر
سرچشمه,سرمایه گذاری مس سرچشمه,سرمایه گذاریها,55.9,زیر نظر,100,50,3.4,60,8180,20260930,-0.1,41,145.5,94.1,10.1,36,97.8,76.5,11,0,false,69.9,2.87,above,-1.9,0.98,5566,8340,-41.8,-6.21,0.84,-131.2,71.36,1231,6.65,8.73,-23.9,7945,7711,8340,8809,0.34,سهم صفی: 11 روز از ۲۰ روز در صف (ریسک نقدشوندگی و اجرای حد ضرر) | رشد عمودی (146٪ در ۶۰ روز، 36٪ بالای MA50) | 98٪ بالای MA200
نطرین,عطرین نخ قم,منسوجات,55.8,زیر نظر,100,55,16,43,2428,20260930,-1.6,40.3,36.7,-14.7,12.3,27.2,83.9,73.4,14,2,true,36.7,3,above,-1.6,2.07,2013,2460,-9.17,8.85,0.59,-29.41,14.5,196,12.39,14.29,-13.3,2355,2282,2460,2606,0.22,سهم صفی: 14 روز از ۲۰ روز در صف (ریسک نقدشوندگی و اجرای حد ضرر) | 84٪ بالای MA200 | سرانه خرید ضعیف (0.59) | صف فروش در ۵ روز اخیر
غبهنوش,بهنوش‌ ایران‌,محصولات غذایی و آشامیدنی به جز قند و شکر,55.8,زیر نظر,90,80,37,14,88750,20260930,9.2,28.3,27.4,-24,14.7,10.9,24.9,68.5,2,0,true,22.3,3.08,above,-13.8,0.79,86100,90023,-17.03,-13.4,1.73,6.07,16.01,1714,51.78,8.53,507,86100,84731,90023,97150,0.32,P/E بالا (52)
دروز,داروسازی‌ روزدارو,مواد و محصولات دارویی,55.6,زیر نظر,100,45,62.5,4,30500,20260930,10.9,46.1,239.9,188.5,16.2,52.1,132.6,84,9,0,false,57.6,2.92,above,0,0.68,29757,,2.8,-3.6,2.93,0.8,5.13,164,185.98,12.91,1340.6,29757,29311,33173,34955,2.25,اشباع خرید | فاصله زیاد از MA20 | سهم صفی: 9 روز از ۲۰ روز در صف (ریسک نقدشوندگی و اجرای حد ضرر) | رشد عمودی (240٪ در ۶۰ روز، 52٪ بالای MA50) | P/E بالا (186) | 133٪ بالای MA200 | نقدشوندگی کمتر از ۱۰ میلیارد تومان
بمیلا,توسعه سرمایه گذاری میلاد پارس,تجارت عمده فروشی به جز وسایل نقلیه موتور,55.6,زیر نظر,90,55,60.3,10,7700,20260930,8.1,21.6,8.8,-42.7,3.2,17.8,7.9,61,8,0,false,35.9,3.37,above,-33.8,1.03,6970,8250,2.92,23.39,1.17,-3.24,8.43,,,,,7440,7051,8250,9115,0.85,بدون EPS مثبت | سهم صفی: 8 روز از ۲۰ روز در صف (ریسک نقدشوندگی و اجرای حد ضرر) | حد ضرر دور (8.4٪) | نقدشوندگی کمتر از ۱۰ میلیارد تومان
ثعمرا,عمران و توسعه شاهد,انبوه سازی، املاک و مستغلات,55.5,زیر نظر,100,55,54.1,4,15560,20260930,1.7,7.8,34.5,-16.9,0.7,13.6,52.1,58,0,0,false,26.9,3.57,above,-6.2,0.97,14890,16592,0.51,-1.06,1.3,2.25,3.16,378,41.16,23.59,74.5,15005,14613,16592,17702,1.09,واگرایی منفی RSI | P/E بالا (41) | 52٪ بالای MA200 | واگرایی منفی | نقدشوندگی کمتر از ۱۰ میلیارد تومان
وتوسم,سرمایه‌گذاری‌توسعه‌ملی‌,سرمایه گذاریها,55.4,زیر نظر,100,65,2.5,47,4470,20260930,-0.7,16.2,80.4,28.9,1.4,27.5,82.5,66.2,2,0,false,61.6,3.28,above,-5.7,0.37,4402,4740,-5.63,-116.93,0.63,-14.67,17.59,591,7.56,7.13,6.1,4402,4329,4740,5033,1.91,واگرایی منفی RSI | خروج مستمر پول حقیقی | 82٪ بالای MA200 | سرانه خرید ضعیف (0.63) | واگرایی منفی | شناوری کم (12٪)
قهکمت,قندهکمتان‌,قند و شکر,55.3,زیر نظر,95,75,50.2,37,10720,20260930,6.6,0.9,53,1.5,1,10.6,67.5,57.7,3,0,false,25.4,3.69,above,-8.9,0.9,10153,11762,3.19,-14.2,1.17,2.02,2.57,1018,10.53,9.8,7.5,10325,9956,11762,12552,1.36,نقدشوندگی پایین | واگرایی منفی RSI | خروج مستمر پول حقیقی | 67٪ بالای MA200 | واگرایی منفی | حد ضرر دور (7.1٪) | نقدشوندگی کمتر از ۱۰ میلیارد تومان
ثغرب,شرکت سرمایه گذاری مسکن شمالغرب,انبوه سازی، املاک و مستغلات,55.3,زیر نظر,100,60,69.1,4,17870,20260923,2.8,57.4,285.4,233.9,16.7,60.9,210.6,81,15,1,true,86.2,2.48,above,-5.8,0.9,9480,,8.75,31.83,1.46,-2.79,9.49,415,43.06,23.59,82.5,17427,16984,19198,20084,1.5,اشباع خرید | فاصله زیاد از MA20 | سهم صفی: 15 روز از ۲۰ روز در صف (ریسک نقدشوندگی و اجرای حد ضرر) | رشد عمودی (285٪ در ۶۰ روز، 61٪ بالای MA50) | P/E بالا (43) | 211٪ بالای MA200 | نقدشوندگی کمتر از ۱۰ میلیارد تومان | صف فروش در ۵ روز اخیر | آخرین معامله 20260923 (متوقف یا کم‌معامله)
وسین,بیمه سینا,بیمه وصندوق بازنشستگی به جزتامین اجتماعی,55.3,زیر نظر,100,60,63,10,3720,20260927,9.1,53.8,181.6,130.1,18,74.6,146.4,86.5,11,1,true,85.7,2.68,above,-2.6,0.7,2119,,15.66,-0.52,4.71,10.01,15.28,,,,,3620,3520,4020,4219,1.5,اشباع خرید | فاصله زیاد از MA20 | بدون EPS مثبت | سهم صفی: 11 روز از ۲۰ روز در صف (ریسک نقدشوندگی و اجرای حد ضرر) | رشد عمودی (182٪ در ۶۰ روز، 75٪ بالای MA50) | 146٪ بالای MA200 | صف فروش در ۵ روز اخیر | آخرین معامله 20260927 (متوقف یا کم‌معامله)
خوساز,محورسازان‌ایران‌خودرو,خودرو و ساخت قطعات,55.2,زیر نظر,95,55,52.8,10,19320,20260930,6.4,4.2,27.9,-23.6,1.5,12.7,24.7,59.8,0,0,false,23.8,3.59,above,-7.8,0.75,18630,20950,0.27,-1.52,1.27,3.46,4.8,,,,,18630,18284,20950,22335,1.57,بدون EPS مثبت | نقدشوندگی کمتر از ۱۰ میلیارد تومان
فباهنر,مس‌ شهیدباهنر,فلزات اساسی,55.1,زیر نظر,100,55,26.5,30,13000,20260930,7,12.3,32.3,-19.2,2.1,15.1,54.6,61.1,3,0,false,27.6,3.24,above,-7.9,0.89,11660,14110,38.74,-43.23,0.78,-72.46,92.57,1069,12.16,13.48,-9.8,12578,12157,14110,14953,1.32,55٪ بالای MA200 | سرانه خرید ضعیف (0.78)
وغدیر,سرمایه‌گذاری‌غدیر(هلدینگ‌,شرکتهای چند رشته ای صنعتی,55.1,زیر نظر,100,75,3.4,37,22420,20260930,7.2,17.1,57.8,6.3,6.4,21.8,68.5,67.5,0,0,false,35,3.32,above,-2.1,0.64,20260,22890,-31.83,-98.64,0.9,-38.43,192.13,1940,11.56,10.88,6.2,21676,20561,22890,24377,0.25,واگرایی منفی RSI | 69٪ بالای MA200 | واگرایی منفی | حد ضرر دور (8.3٪)
ثشرق,سرمایه گذاری مسکن شمال شرق,انبوه سازی، املاک و مستغلات,55.1,زیر نظر,56,65,77,24,5560,20260930,15.4,28.9,-20.9,-72.3,22.7,9,-49.1,70.4,10,0,true,34.1,2.9,inside,-67.7,0.9,3853,6306,0.36,0.45,3.02,12.35,12,238,23.36,6.61,253.4,5399,5237,6306,6433,2.31,فاصله زیاد از MA20 | سهم صفی: 10 روز از ۲۰ روز در صف (ریسک نقدشوندگی و اجرای حد ضرر) | توزیع: ورود حقیقی با سرانه خرید ضعیف (0.77 در ۲۰ روز)
فاراک,ماشین‌ سازی‌ اراک‌,ساخت محصولات فلزی,55,زیر نظر,85,75,1,57,2959,20260930,0.6,5.7,92.3,40.8,-3,11.5,91.4,52.5,2,0,false,41.2,3.82,above,-11.7,1.03,2892,3090,-54.14,-13.23,0.69,-99.6,67.97,423,7,7.54,-7.2,2892,2836,3090,3280,1.06,واگرایی منفی RSI | 91٪ بالای MA200 | سرانه خرید ضعیف (0.69) | واگرایی منفی
سبزوا,سیمان لار سبزوار,سیمان، آهک و گچ,54.9,خنثی,100,60,47.5,4,13410,20260930,3.3,53.4,76.4,25,15.6,39.1,97.6,83.8,10,0,true,64.4,3.03,above,-5.3,1.33,9780,,-15.8,8.21,3.36,-16.45,21.75,615,21.8,6.69,225.9,13004,12598,14628,15440,1.5,اشباع خرید | فاصله زیاد از MA20 | سهم صفی: 10 روز از ۲۰ روز در صف (ریسک نقدشوندگی و اجرای حد ضرر) | رشد عمودی (76٪ در ۶۰ روز، 39٪ بالای MA50) | 98٪ بالای MA200
سقاین,سیمان‌ قائن‌,سیمان، آهک و گچ,54.8,خنثی,100,60,35.2,16,35710,20260930,15,29.6,132.2,80.7,10.4,33.6,156.5,73.9,6,0,false,50.6,2.95,above,-1.1,0.77,25695,36090,18.86,-18.43,1.09,-13.23,17.69,3814,9.36,7.14,31.1,34658,33606,36090,38194,0.18,خروج مستمر پول حقیقی | سهم صفی: 6 روز از ۲۰ روز در صف (ریسک نقدشوندگی و اجرای حد ضرر) | رشد عمودی (132٪ در ۶۰ روز، 34٪ بالای MA50) | 157٪ بالای MA200 | شناوری کم (12٪)
وسنا,سرمایه گذاری نیروگاهی ایران,سرمایه گذاریها,54.8,خنثی,100,70,23,20,53740,20260930,14.2,64.4,188.3,136.9,23.9,66.5,180.5,93.4,12,0,true,88,2.56,above,-1.2,0.98,24074,,-6.55,-30.51,1.75,-32.11,16.01,998,53.85,,,52363,50987,57870,60623,1.5,اشباع خرید | فاصله زیاد از MA20 | خروج مستمر پول حقیقی | سهم صفی: 12 روز از ۲۰ روز در صف (ریسک نقدشوندگی و اجرای حد ضرر) | رشد عمودی (188٪ در ۶۰ روز، 66٪ بالای MA50) | P/E بالا (54) | 180٪ بالای MA200
شبندر,پالایش نفت بندرعباس,فراورده های نفتی، کک و سوخت هسته ای,54.7,خنثی,100,63,1.5,47,15250,20260930,1.7,17.6,41.8,-9.6,3.9,18.6,98.2,64.6,2,0,false,47.7,3.55,above,-6.5,0.87,14250,16310,-302.81,-890.89,0.6,-738.63,510.62,2555,5.97,6.26,-4.7,14708,13979,16310,17394,0.83,خروج مستمر پول حقیقی | 98٪ بالای MA200 | سرانه خرید ضعیف (0.60) | حد ضرر دور (8.3٪)
خپارس,پارس خودرو,خودرو و ساخت قطعات,54.7,خنثی,100,50,48.8,10,2099,20260930,-0.6,31.3,93.5,42,7.4,39.4,111,72,9,1,false,60.6,3.28,above,-7.4,1.08,1991,2266,10.36,-18.69,1.05,72.44,85.65,,,,,2030,1957,2266,2404,1.17,بدون EPS مثبت | سهم صفی: 9 روز از ۲۰ روز در صف (ریسک نقدشوندگی و اجرای حد ضرر) | رشد عمودی (93٪ در ۶۰ روز، 39٪ بالای MA50) | 111٪ بالای MA200 | صف فروش در ۵ روز اخیر
سآبیک,سیمان آبیک,سیمان، آهک و گچ,54.6,خنثی,95,55,13.5,47,77150,20260930,8.1,7.5,29,-22.5,2.5,7.6,47,58.8,1,0,false,21.9,3.54,above,-6.9,1.22,71480,78590,-6.02,-22.25,0.9,-5.77,14.47,10205,7.56,7.14,5.9,74419,70322,78590,82850,0.21,خروج مستمر پول حقیقی | حد ضرر دور (8.9٪)
فرآور,فرآوری‌موادمعدنی‌ایران‌,فلزات اساسی,54.6,خنثی,100,40,57.5,9,8200,20260930,4.9,46.1,30.5,-20.9,20,39.3,52.4,83.3,14,0,true,47.5,2.65,above,0,2.52,7701,,-17.56,154.46,3.6,-30.29,31.54,456,17.98,13.48,33.4,7983,7658,8851,9285,1.2,واگرایی منفی RSI | اشباع خرید | فاصله زیاد از MA20 | سهم صفی: 14 روز از ۲۰ روز در صف (ریسک نقدشوندگی و اجرای حد ضرر) | رشد عمودی (31٪ در ۶۰ روز، 39٪ بالای MA50) | 52٪ بالای MA200 | واگرایی منفی
وثنو,سرمایه گذاری ساختمانی نوین,سرمایه گذاریها,54.5,خنثی,100,90,17,9,7020,20260930,-2.8,26.9,128.7,77.2,8.7,31.2,109.1,68.6,10,2,true,71.6,3.1,above,-7.5,1.05,6000,,-21.34,12.83,0.33,-40.9,13.68,540,13,8.73,48.9,6803,6585,7672,8107,1.5,واگرایی منفی RSI | سهم صفی: 10 روز از ۲۰ روز در صف (ریسک نقدشوندگی و اجرای حد ضرر) | رشد عمودی (129٪ در ۶۰ روز، 31٪ بالای MA50) | توزیع: ورود حقیقی با سرانه خرید ضعیف (0.79 در ۲۰ روز) | 109٪ بالای MA200 | سرانه خرید ضعیف (0.33) | واگرایی منفی | صف فروش در ۵ روز اخیر
ستران,سیمان‌ تهران‌,سیمان، آهک و گچ,54.5,خنثی,95,55,26,34,15000,20260930,13.4,8,21.1,-30.3,3.7,16.5,59.1,64.9,6,0,false,28.3,3.46,above,-6.7,0.96,13141,16070,-21.27,7.44,1.16,-3.42,34.91,1902,7.89,7.14,10.5,14480,13961,16070,17109,1.03,سهم صفی: 6 روز از ۲۰ روز در صف (ریسک نقدشوندگی و اجرای حد ضرر) | توزیع: ورود حقیقی با سرانه خرید ضعیف (0.63 در ۲۰ روز) | 59٪ بالای MA200
شصفها,پتروشیمی‌ اصفهان‌,محصولات شیمیایی,54.4,خنثی,90,15,87.5,70,3110,20260916,1.3,11.1,14.9,-36.6,3.9,13.6,3.1,94.7,20,0,false,77.9,0.93,above,-26.1,0.15,2919,3565,0.01,0.42,37.25,0.01,0.24,1217,2.56,,,3081,3052,3565,3687,7.84,نقدشوندگی پایین | اشباع خرید | سهم صفی: 20 روز از ۲۰ روز در صف (ریسک نقدشوندگی و اجرای حد ضرر) | نقدشوندگی کمتر از ۱۰ میلیارد تومان | آخرین معامله 20260916 (متوقف یا کم‌معامله)
شهر,گروه مالی شهر,سرمایه گذاریها,54.4,خنثی,100,48,35,24,2446,20260930,3.9,22.4,45.8,-5.7,6.8,20.7,44.5,73.9,0,0,false,53.2,3.38,above,-0.3,0.89,2249,,-13.57,-29.83,1.71,2.77,4.65,291,8.41,7.13,17.9,2363,2239,2694,2859,1.2,خروج مستمر پول حقیقی | حد ضرر دور (8.4٪) | نقدشوندگی کمتر از ۱۰ میلیارد تومان | شناوری کم (7٪)
خزر,فنرسازی‌زر,خودرو و ساخت قطعات,54.3,خنثی,85,45,27.3,52,2079,20260930,2.5,-0.9,39.8,-11.7,-6,8.1,48.4,50.1,6,0,false,33.9,3.49,above,-18.1,0.98,1964,2537,0.56,-2.46,0.85,-9.17,11.44,394,5.28,,,2006,1928,2537,2682,3.03,سهم صفی: 6 روز از ۲۰ روز در صف (ریسک نقدشوندگی و اجرای حد ضرر) | حد ضرر دور (7.3٪)
چکارن,کارتن‌ ایران‌,محصولات کاغذی,54.2,خنثی,100,55,30.9,62,4910,20260930,-0.3,5.1,21.4,-30.1,0.7,10.2,42.1,55.6,0,0,false,26.9,3.33,above,-8.4,0.85,4536,5040,0,-0.01,1.42,0.42,2.17,476,10.32,16.48,-37.4,4746,4501,5040,5359,0.32,نقدشوندگی پایین | واگرایی منفی RSI | واگرایی منفی | حد ضرر دور (8.3٪) | نقدشوندگی کمتر از ۱۰ میلیارد تومان
فروس,فروسیلیس‌ ایران‌,فلزات اساسی,54.1,خنثی,90,45,0.5,72,4070,20260930,-2.9,15,33,-18.5,-3.2,14.8,57.5,54.1,13,1,false,44.3,3.24,above,-15.6,1.04,4000,4820,-3.05,-17.95,0.75,-12.58,8.2,440,9.25,13.48,-31.4,4000,3934,4820,5083,5.52,خروج مستمر پول حقیقی | سهم صفی: 13 روز از ۲۰ روز در صف (ریسک نقدشوندگی و اجرای حد ضرر) | 58٪ بالای MA200 | سرانه خرید ضعیف (0.75) | نقدشوندگی کمتر از ۱۰ میلیارد تومان | صف فروش در ۵ روز اخیر
ولقمان,گروه سرمایه گذاری لقمان,سرمایه گذاریها,54.1,خنثی,100,50,71.5,25,4060,20260930,10.7,23.7,40.8,-10.7,11.4,27.4,65.4,93.5,5,0,true,68.7,1.74,above,-0.2,1.2,3760,,0.59,-1.24,3.4,0.86,0.31,243,16.71,,,3989,3919,4272,4413,1.5,نقدشوندگی پایین | اشباع خرید | خروج مستمر پول حقیقی | 65٪ بالای MA200 | نقدشوندگی کمتر از ۱۰ میلیارد تومان
سخزر,سیمان‌ خزر,سیمان، آهک و گچ,54.1,خنثی,100,63,22,24,6960,20260930,13.4,10.3,46.8,-4.6,5.7,19.3,56.9,67,7,0,false,29.5,3.27,above,-4.4,0.83,6100,7280,-7.36,-44.97,2.19,-2.07,19.65,822,8.47,7.14,18.6,6732,6505,7280,7735,0.7,خروج مستمر پول حقیقی | سهم صفی: 7 روز از ۲۰ روز در صف (ریسک نقدشوندگی و اجرای حد ضرر) | 57٪ بالای MA200
ثمسکن,سرمایه‌گذاری‌ مسکن‌,انبوه سازی، املاک و مستغلات,54.1,خنثی,100,63,37,9,3450,20260930,8.8,16.2,48.3,-3.1,6.4,17.4,50.1,67.3,1,0,false,32.3,3.22,above,0,0.51,3180,,-0.05,-92.49,2.98,19.02,28.7,226,15.27,6.61,130.9,3339,3172,3783,4005,1.2,واگرایی منفی RSI | خروج مستمر پول حقیقی | 50٪ بالای MA200 | واگرایی منفی | حد ضرر دور (8.0٪)
وملی,گروه‌ صنعتی‌ ملی‌ (هلدینگ‌,دباغی، پرداخت چرم و ساخت انواع پاپوش,54.1,خنثی,100,55,17.2,35,287100,20260930,2.9,17.3,35.1,-16.4,2.5,16.7,38.3,60.2,3,0,false,36.3,3.37,above,-10.2,0.92,265350,319700,-8.15,10.2,0.81,-18.91,15.62,3197,89.8,87.3,2.9,277413,262882,319700,339075,1.35,P/E بالا (90) | توزیع: ورود حقیقی با سرانه خرید ضعیف (0.85 در ۲۰ روز) | حد ضرر دور (8.4٪)
تملت,تامین سرمایه بانک ملت,فعالیتهای کمکی به نهادهای مالی واسط,54,خنثی,100,40,36,68,2250,20260930,7.2,6.4,36.2,-15.3,4.6,16.5,54.3,73.6,0,0,false,42.8,2.84,above,-2.3,0.94,2183,,-1.81,-11.86,2.33,3.49,1.86,517,4.35,5.92,-26.5,2186,2151,2442,2569,1.93,نقدشوندگی پایین | خروج مستمر پول حقیقی | 54٪ بالای MA200 | نقدشوندگی کمتر از ۱۰ میلیارد تومان | شناوری کم (4٪)
فالوم,آلومتک,فلزات اساسی,53.9,خنثی,90,55,53.5,10,1530,20260930,-0.6,40,40.8,-10.6,14.7,35.5,33.7,76.7,12,2,true,45.6,2.65,above,-23,1.86,1433,1848,4.83,21.92,0.55,-34.72,12.27,,,8.05,,1489,1429,1848,1988,3.14,بدون EPS مثبت | سهم صفی: 12 روز از ۲۰ روز در صف (ریسک نقدشوندگی و اجرای حد ضرر) | رشد عمودی (41٪ در ۶۰ روز، 36٪ بالای MA50) | توزیع: ورود حقیقی با سرانه خرید ضعیف (0.75 در ۲۰ روز) | سرانه خرید ضعیف (0.55) | صف فروش در ۵ روز اخیر
اعتلا,شرکت سرمایه گذاری اعتلاء البرز,سرمایه گذاریها,53.8,خنثی,85,45,17.3,60,2334,20260930,0.8,-1.4,40.7,-10.7,-0.9,6.1,40.3,52.5,0,0,false,25.9,3.38,above,-8.8,0.8,2240,2358,-1.52,2.42,0.81,-2.71,4.18,377,6.19,8.73,-29.1,2255,2200,2358,2396,0.18,نقدشوندگی کمتر از ۱۰ میلیارد تومان
ومعلم,بیمه معلم,بیمه وصندوق بازنشستگی به جزتامین اجتماعی,53.8,خنثی,100,55,81.2,10,3350,20260930,0,11.7,31,-20.5,0.8,11.1,18.3,57.3,3,1,false,24.4,3.57,above,-7.2,1.14,3270,3531,5.14,3.67,1.41,3.4,2.81,,,18.13,,3270,3210,3531,3610,1.29,نقدشوندگی پایین | بدون EPS مثبت | نقدشوندگی کمتر از ۱۰ میلیارد تومان | صف فروش در ۵ روز اخیر
بموتو,موتوژن‌,ماشین آلات و دستگاه‌های برقی,53.7,خنثی,95,63,16.5,34,3530,20260930,9,3.5,46.4,-5.1,2.8,15.3,59.3,63.4,1,0,false,35.4,3.56,above,-9.3,0.94,3150,3890,-11.68,5.9,0.79,-8.65,11.29,484,7.29,6.15,18.6,3404,3278,3890,4142,1.43,توزیع: ورود حقیقی با سرانه خرید ضعیف (0.72 در ۲۰ روز) | 59٪ بالای MA200 | سرانه خرید ضعیف (0.79) | حد ضرر دور (7.1٪) | شناوری کم (14٪)
خاذین,سایپاآذین‌,خودرو و ساخت قطعات,53.7,خنثی,100,48,46.5,10,3295,20260930,13.6,16.8,49,-2.5,7.4,26.9,52.9,71,1,0,false,44.1,3.28,above,-1.1,1.27,2954,3330,-6.93,-5.85,3.12,0.08,6.73,,,,,3187,3079,3330,3546,0.16,واگرایی منفی RSI | بدون EPS مثبت | 53٪ بالای MA200 | واگرایی منفی | نقدشوندگی کمتر از ۱۰ میلیارد تومان
کترام,تولیدی‌ کاشی‌ تکسرام‌,کاشی و سرامیک,53.6,خنثی,85,55,64.3,4,3530,20260930,5.4,1.7,30.2,-21.3,-0.1,9.2,47.3,56.8,1,0,false,29.4,4,above,-9.3,0.92,3365,3650,1.72,1.95,1.11,0.48,5.57,18,196.11,7.65,2463.5,3389,3294,3650,3890,0.51,واگرایی منفی RSI | P/E بالا (196) | واگرایی منفی | نقدشوندگی کمتر از ۱۰ میلیارد تومان
وبرق,س.کارکنان صنعت برق زنجان وقزوی,سرمایه گذاریها,53.5,خنثی,90,75,11,35,63420,20260930,0.9,8.7,106.9,55.5,-1.5,23.4,84.8,57.9,5,1,false,61.4,3.48,above,-14.3,1.38,61600,74000,-3.38,-1.93,0.82,0,15.52,4946,12.82,,,61600,60495,74000,78418,3.62,واگرایی منفی RSI | رشد عمودی (107٪ در ۶۰ روز، 23٪ بالای MA50) | 85٪ بالای MA200 | واگرایی منفی | صف فروش در ۵ روز اخیر
ختراک,ریخته‌گری‌ تراکتورسازی‌ ایران‌,خودرو و ساخت قطعات,53.4,خنثی,65,40,51.5,52,1635,20260930,0.6,1.8,17.6,-33.8,-1.6,2.9,6.3,49.6,1,0,false,15.8,3.7,above,-15.6,1.03,1611,1679,1.99,12.71,0.6,-11.5,7.94,206,7.94,,,1611,1581,1679,1718,0.8,واگرایی منفی RSI | توزیع: ورود حقیقی با سرانه خرید ضعیف (0.81 در ۲۰ روز) | سرانه خرید ضعیف (0.60) | واگرایی منفی | نقدشوندگی کمتر از ۱۰ میلیارد تومان
ذوب,ذوب آهن اصفهان,فلزات اساسی,53.3,خنثی,90,75,31,14,692,20260930,1.6,16.9,53.8,2.3,-0.3,27,63.4,61.2,12,1,false,46.4,2.96,above,-11.6,1.7,643,783,-148.42,-63.91,6.05,-842.52,295.24,12,57.67,13.48,327.8,671,641,783,824,1.78,سهم صفی: 12 روز از ۲۰ روز در صف (ریسک نقدشوندگی و اجرای حد ضرر) | P/E بالا (58) | 63٪ بالای MA200 | حد ضرر دور (7.4٪) | صف فروش در ۵ روز اخیر
فجهان,جهان فولاد سیرجان,فلزات اساسی,53.3,خنثی,100,60,36,9,3390,20260930,11.1,34.2,90.2,38.7,10.1,43.5,87.8,78.9,8,0,false,61.8,3.08,above,0,0.57,2960,,-6.54,-33.73,2.59,28.77,33.53,171,19.82,8.05,146.3,3285,3181,3704,3913,1.5,اشباع خرید | خروج مستمر پول حقیقی | سهم صفی: 8 روز از ۲۰ روز در صف (ریسک نقدشوندگی و اجرای حد ضرر) | رشد عمودی (90٪ در ۶۰ روز، 43٪ بالای MA50) | 88٪ بالای MA200
کیسون,شرکت کیسون,خدمات فنی و مهندسی,53.2,خنثی,85,40,42.9,36,1803,20260930,0.5,1.9,18.9,-32.5,-3.4,6.2,11.1,49.6,2,1,false,21.5,3.73,above,-42,0.92,1755,1881,7.31,18.94,0.86,-8.14,31.43,166,10.86,2.41,350.7,1755,1722,1881,1944,0.96,صف فروش در ۵ روز اخیر
لازما,کارخانه های صنعتی آزمایش,ماشین آلات و تجهیزات,53.1,خنثی,100,50,32.6,20,205500,20260930,3.3,33.5,189.8,138.4,9.7,47.4,144.7,77.7,12,1,false,72.5,3.14,above,-4.2,1.08,187300,214400,-8.12,-40.84,1.48,1.05,9.32,4652,44.17,,,199050,189375,214400,227300,0.55,خروج مستمر پول حقیقی | سهم صفی: 12 روز از ۲۰ روز در صف (ریسک نقدشوندگی و اجرای حد ضرر) | رشد عمودی (190٪ در ۶۰ روز، 47٪ بالای MA50) | P/E بالا (44) | 145٪ بالای MA200 | حد ضرر دور (7.8٪) | نقدشوندگی کمتر از ۱۰ میلیارد تومان | صف فروش در ۵ روز اخیر
لطیف,محصولات کاغذی لطیف,محصولات کاغذی,53.1,خنثی,95,55,37.5,17,4020,20260930,8.1,11.7,32.2,-19.2,4.5,14.4,46,61.8,6,0,false,30.1,3.23,above,-5.2,0.46,3920,,-0.49,-8.06,19.57,10.68,8.04,315,12.76,10.19,25.2,3920,3855,4409,4669,2.36,خروج مستمر پول حقیقی | سهم صفی: 6 روز از ۲۰ روز در صف (ریسک نقدشوندگی و اجرای حد ضرر) | نقدشوندگی کمتر از ۱۰ میلیارد تومان
گنگین,گروه اقتصادی مالی نگین,شرکتهای چند رشته ای صنعتی,53.1,خنثی,100,35,72.5,32,17930,20260930,1,20.4,63,11.5,6.4,22.1,74.2,86.3,1,1,false,52.6,2.68,above,-0.4,1.75,16570,,0.97,-4.91,2.48,1.77,1.95,1700,10.55,,,17450,16729,19371,20332,1.2,نقدشوندگی پایین | اشباع خرید | خروج مستمر پول حقیقی | 74٪ بالای MA200 | نقدشوندگی کمتر از ۱۰ میلیارد تومان | صف فروش در ۵ روز اخیر
زکوثر,سرمایه گذاری کشاورزی کوثر,زراعت و خدمات وابسته,53.1,خنثی,95,85,21.5,9,95150,20260930,15.4,16.1,136.5,85,11.3,27,114.2,75.4,4,0,true,41.4,3.1,above,-0.4,0.98,90600,,-26.29,-116.53,13.98,-34.36,26.36,6364,14.95,6.33,136.2,92200,89125,104001,109901,1.47,واگرایی منفی RSI | خروج مستمر پول حقیقی | رشد عمودی (136٪ در ۶۰ روز، 27٪ بالای MA50) | 114٪ بالای MA200 | واگرایی منفی
گکوثر,هتل پارسیان کوثر اصفهان,هتل و رستوران,53.1,خنثی,100,70,32.4,4,6440,20260930,13.8,59.4,93.4,41.9,25.5,62.5,123.4,95,4,0,true,80.9,2.38,above,-0.5,1.44,4660,,-2.42,0.9,0.98,-7.69,14.18,257,25.06,4.69,434.3,6287,6133,6900,7207,1.5,اشباع خرید | فاصله زیاد از MA20 | رشد عمودی (93٪ در ۶۰ روز، 63٪ بالای MA50) | 123٪ بالای MA200
آبین,کشت و صنعت آبشیرین,زراعت و خدمات وابسته,53,خنثی,100,70,36,20,13970,20260929,15.7,67.7,78.2,26.7,27,62.6,192.4,96.9,13,0,true,72.2,2.64,above,0,0.69,8305,,-1.84,-4.78,2.41,1.86,6.45,235,59.45,,,13602,13233,15075,15812,1.5,اشباع خرید | فاصله زیاد از MA20 | سهم صفی: 13 روز از ۲۰ روز در صف (ریسک نقدشوندگی و اجرای حد ضرر) | رشد عمودی (78٪ در ۶۰ روز، 63٪ بالای MA50) | P/E بالا (59) | 192٪ بالای MA200 | نقدشوندگی کمتر از ۱۰ میلیارد تومان | واگرایی مثبت RSI | آخرین معامله 20260929 (متوقف یا کم‌معامله)
بهیر,س. توسعه تجارت هیرمند,سرمایه گذاریها,53,خنثی,100,50,71.9,20,4630,20260930,5.9,15.7,26.2,-25.2,9.9,21.4,32.6,82.3,7,0,true,59.2,2.3,above,0,1.25,4210,,1.29,2.68,1.1,-0.99,1.33,223,20.76,,,4524,4417,4949,5161,1.5,نقدشوندگی پایین | واگرایی منفی RSI | اشباع خرید | سهم صفی: 7 روز از ۲۰ روز در صف (ریسک نقدشوندگی و اجرای حد ضرر) | واگرایی منفی | نقدشوندگی کمتر از ۱۰ میلیارد تومان
ونوین,بانک‌اقتصادنوین‌,بانکها و موسسات اعتباری,52.9,خنثی,100,55,0.5,47,3990,20260930,5.6,8.7,36.5,-15,3.5,13.6,84.6,61.1,1,0,false,36.3,3.72,above,-5,0.78,3870,4200,-203.09,-424.17,0.68,-232.34,220.42,711,5.61,5.4,3.9,3870,3796,4200,4497,1.08,واگرایی منفی RSI | خروج مستمر پول حقیقی | 85٪ بالای MA200 | سرانه خرید ضعیف (0.68) | واگرایی منفی
پدرخش,درخشان‌ تهران‌,لاستیک و پلاستیک,52.9,خنثی,90,45,41.5,26,6300,20260930,0.2,13.5,21.5,-30,-2.4,12.1,54.4,54.3,7,1,false,32.4,3.74,above,-14.7,1.17,6040,7390,1.26,6.92,0.7,-13.04,9.83,534,11.8,8.21,43.7,6064,5922,7390,7861,2.89,سهم صفی: 7 روز از ۲۰ روز در صف (ریسک نقدشوندگی و اجرای حد ضرر) | توزیع: ورود حقیقی با سرانه خرید ضعیف (0.88 در ۲۰ روز) | 54٪ بالای MA200 | سرانه خرید ضعیف (0.70) | نقدشوندگی کمتر از ۱۰ میلیارد تومان | صف فروش در ۵ روز اخیر
ختوقا,قطعات‌ اتومبیل‌ ایران‌,خودرو و ساخت قطعات,52.9,خنثی,95,55,33.4,20,5550,20260930,7.4,0.4,26.3,-25.1,0.8,10.4,36.3,57.9,0,0,false,33.3,3.74,above,-8.4,0.92,5490,5820,-1.15,-8.62,1.46,8.77,14,127,43.7,,,5490,5386,5820,6060,1.65,واگرایی منفی RSI | P/E بالا (44) | واگرایی منفی
قچار,فراوردههای غذایی وقند چهارمحال,قند و شکر,52.8,خنثی,100,65,2,37,5650,20260930,-1.4,13.4,64.6,13.1,4.6,19,81.5,65.7,2,0,false,62.8,3.64,above,-3.9,0.98,5450,5865,-13.13,-7.34,0.76,-43.85,35.92,655,8.63,9.57,-9.9,5450,5347,5865,6277,0.71,واگرایی منفی RSI | 82٪ بالای MA200 | سرانه خرید ضعیف (0.76) | واگرایی منفی
برکت,گروه دارویی برکت,مواد و محصولات دارویی,52.7,خنثی,95,63,42.5,4,5130,20260930,7.1,9.9,49.6,-1.9,3,18.7,73.8,63.4,3,0,false,34.8,3.44,above,-5,1.14,5060,5400,51.46,46.91,0.79,-91.81,78.99,47,109.15,12.91,745.5,5060,4972,5400,5753,1.71,واگرایی منفی RSI | P/E بالا (109) | توزیع: ورود حقیقی با سرانه خرید ضعیف (0.70 در ۲۰ روز) | 74٪ بالای MA200 | سرانه خرید ضعیف (0.79) | واگرایی منفی
تپکو,تولیدتجهیزات‌سنگین‌هپکو,ماشین آلات و تجهیزات,52.7,خنثی,90,55,48.9,10,553,20260930,0,11,40.4,-11.1,-2.6,17.8,34,56.9,9,0,false,41.6,3.32,above,-13.9,0.97,522,642,3.02,16.95,1.05,-4.59,33.75,,,,,535,513,642,679,2.21,بدون EPS مثبت | سهم صفی: 9 روز از ۲۰ روز در صف (ریسک نقدشوندگی و اجرای حد ضرر) | حد ضرر دور (7.3٪)
شپترو,پتروشیمی آبادان,محصولات شیمیایی,52.6,خنثی,100,50,40.5,10,2959,20260930,1,42.3,88.1,36.6,10.9,39.1,104.2,75.5,11,1,false,64,2.88,above,-2.7,1.48,2763,3040,0.55,-1.45,0.9,-14.76,14.86,,,,,2874,2746,3040,3211,0.38,بدون EPS مثبت | سهم صفی: 11 روز از ۲۰ روز در صف (ریسک نقدشوندگی و اجرای حد ضرر) | رشد عمودی (88٪ در ۶۰ روز، 39٪ بالای MA50) | 104٪ بالای MA200 | حد ضرر دور (7.2٪) | صف فروش در ۵ روز اخیر
حریل,ریل پردازسیر,حمل ونقل، انبارداری و ارتباطات,52.6,خنثی,85,55,30.5,34,2919,20260930,-0.4,7.9,28.1,-23.4,-2.9,12.8,34.7,53.2,4,0,false,38.2,3.24,above,-14.4,0.96,2868,3410,-0.55,8.02,0.98,-0.02,4.33,303,9.63,7.68,25.4,2868,2821,3410,3599,5,نقدشوندگی کمتر از ۱۰ میلیارد تومان
حشکوه,دلیجان طلایی شکوه پارس,حمل ونقل، انبارداری و ارتباطات,52.5,خنثی,75,45,54.2,30,1325,20260930,3.7,-1.1,-8.7,-60.2,-2.1,4.8,2.2,51,3,0,false,20.6,3.59,above,-23.3,0.53,1298,1351,0.14,15.79,0.89,-2.87,9.89,28,47.32,,,1298,1274,1351,1387,0.51,واگرایی منفی RSI | P/E بالا (47) | واگرایی منفی | نقدشوندگی کمتر از ۱۰ میلیارد تومان
غالبر,لبنیات‌ کالبر,محصولات غذایی و آشامیدنی به جز قند و شکر,52.4,خنثی,75,80,45.6,10,31560,20260930,4.6,13.5,13.9,-37.5,2,10.3,-9.1,56.2,4,0,true,21.3,3.48,above,-37.5,1.1,30287,33080,0.03,2.62,0.94,-20.91,17.73,,,8.53,,30462,29737,33080,33890,0.83,بدون EPS مثبت | توزیع: ورود حقیقی با سرانه خرید ضعیف (0.85 در ۲۰ روز)
ثاصفا,شرکت‌ ساختمان‌ اصفهان‌,انبوه سازی، املاک و مستغلات,52.4,خنثی,90,55,77.4,20,20100,20260930,-1.7,30.7,26.6,-24.8,10.6,34.2,21.7,73.8,11,1,true,35.9,3.14,above,-6.9,2.01,19400,21162,0.19,1.26,1.28,0.55,1.12,8,2512.5,,,19469,19084,21162,21580,1.05,نقدشوندگی پایین | سهم صفی: 11 روز از ۲۰ روز در صف (ریسک نقدشوندگی و اجرای حد ضرر) | رشد عمودی (27٪ در ۶۰ روز، 34٪ بالای MA50) | P/E بالا (2513) | نقدشوندگی کمتر از ۱۰ میلیارد تومان | صف فروش در ۵ روز اخیر
وگستر,گسترش سرمایه گذاری ایرانیان,سرمایه گذاریها,52.3,خنثی,100,70,23,10,12160,20260930,13.3,40.7,132.5,81,19.3,33.9,85,83.7,3,0,true,57.6,3.08,above,-0.2,0.69,10870,,-8.78,-27.26,1.08,2.3,12.86,,,8.73,,11785,11410,13284,14034,1.5,اشباع خرید | فاصله زیاد از MA20 | خروج مستمر پول حقیقی | بدون EPS مثبت | رشد عمودی (133٪ در ۶۰ روز، 34٪ بالای MA50) | 85٪ بالای MA200
فاذر,صنایع‌ آذرآب‌,ساخت محصولات فلزی,52.1,خنثی,95,75,30.5,4,1693,20260930,12.9,16.5,96.2,44.7,6.2,18.5,63.8,63.9,6,0,false,30.7,3.4,above,-5.7,1.39,1638,1796,-24.18,-10.25,3.5,-9.56,38.29,60,28.22,7.54,274.2,1638,1609,1796,1911,1.23,سهم صفی: 6 روز از ۲۰ روز در صف (ریسک نقدشوندگی و اجرای حد ضرر) | 64٪ بالای MA200
قمرو,قند مرودشت‌,قند و شکر,52.1,خنثی,65,40,16.5,82,9860,20260930,-2.2,2.9,21.9,-29.6,-4,1.1,53.1,45.7,1,0,false,13.6,3.69,above,-12.5,0.9,9510,10180,-1.86,7.93,0.51,-18.16,7.98,1450,6.8,9.8,-30.6,9510,9328,10180,10510,0.6,بدون روند (ADX پایین) | توزیع: ورود حقیقی با سرانه خرید ضعیف (0.61 در ۲۰ روز) | 53٪ بالای MA200 | سرانه خرید ضعیف (0.51) | نقدشوندگی کمتر از ۱۰ میلیارد تومان
نیروترانسفو,کارخانجات تولیدی نیروترانسفو,ماشین آلات و دستگاه‌های برقی,52.1,خنثی,90,48,36,26,25310,20260930,-1.7,10.4,45.2,-6.3,-3.7,4.1,,48.5,7,0,false,30.8,3.55,above,-16,0.84,22850,27510,-3.82,-26.58,3.98,63.74,37.44,2731,9.27,5.95,55.8,24412,23065,27510,30140,0.98,واگرایی منفی RSI | سهم صفی: 7 روز از ۲۰ روز در صف (ریسک نقدشوندگی و اجرای حد ضرر) | 214٪ بالای کف ۵۲ هفته | واگرایی منفی | حد ضرر دور (8.9٪)
وسینا,بانک سینا,بانکها و موسسات اعتباری,52,خنثی,95,55,2.9,47,3460,20260930,5.2,6.8,39.6,-11.9,2.5,11.6,49.5,57.9,0,0,false,27.3,3.28,above,-4.9,0.66,3290,3640,-30.83,-133,0.9,-14.39,54.95,584,5.92,5.4,9.7,3347,3233,3640,3867,0.79,واگرایی منفی RSI | خروج مستمر پول حقیقی | 157٪ بالای کف ۵۲ هفته | واگرایی منفی
وتوس,توسعه‌شهری‌توس‌گستر,انبوه سازی، املاک و مستغلات,51.8,خنثی,85,45,65.1,4,7980,20260930,5.4,-0.7,19.3,-32.2,-0.3,3.3,25.7,53.6,0,0,false,22.1,3.89,above,-7.3,0.65,7800,8320,0.89,3.15,1.14,1.59,3.54,381,20.94,6.61,216.9,7800,7645,8320,8610,1.01,واگرایی منفی RSI | واگرایی منفی | نقدشوندگی کمتر از ۱۰ میلیارد تومان
وپست,پست بانک ایران,بانکها و موسسات اعتباری,51.8,خنثی,95,55,2,47,10400,20260930,4.7,4.4,29.5,-22,3.2,10.7,67,60.3,0,0,false,24.1,3.67,above,-6.5,1.12,10250,10510,-18.17,-96.8,0.69,-42.32,45.22,2033,5.12,5.4,-5.3,10250,10059,10510,11120,0.32,خروج مستمر پول حقیقی | 67٪ بالای MA200 | سرانه خرید ضعیف (0.69)
ومهان,گروه توسعه مالی مهرآیندگان,سرمایه گذاریها,51.7,خنثی,100,63,20.5,16,5820,20260930,4.5,2.5,43.2,-8.2,1.3,15.8,55.2,60.4,6,0,false,31.8,3.14,above,-8.2,0.38,5500,5913,-32.65,-123.18,2.22,-68.81,106.75,532,10.94,7.13,53.4,5637,5409,5913,6340,0.23,واگرایی منفی RSI | خروج مستمر پول حقیقی | سهم صفی: 6 روز از ۲۰ روز در صف (ریسک نقدشوندگی و اجرای حد ضرر) | 55٪ بالای MA200 | واگرایی منفی | حد ضرر دور (7.1٪) | شناوری کم (10٪)
وبیمه,سرمایه‌ گذاری‌ صنعت‌ بیمه‌,سرمایه گذاریها,51.6,خنثی,90,65,27.5,19,3020,20260930,-7.6,18.3,122.7,71.2,-3.1,20.4,90.7,55.5,10,1,false,63.8,3.49,above,-14.2,0.89,2106,,1.2,-1.62,0.65,-8.79,8.13,188,16.06,7.13,125.3,2915,2809,3336,3547,1.5,سهم صفی: 10 روز از ۲۰ روز در صف (ریسک نقدشوندگی و اجرای حد ضرر) | رشد عمودی (123٪ در ۶۰ روز، 20٪ بالای MA50) | 91٪ بالای MA200 | سرانه خرید ضعیف (0.65) | نقدشوندگی کمتر از ۱۰ میلیارد تومان | شناوری کم (12٪) | صف فروش در ۵ روز اخیر
امین,تامین سرمایه امین,فعالیتهای کمکی به نهادهای مالی واسط,51.6,خنثی,100,55,35.5,47,2859,20260930,5.9,6.8,31.1,-20.3,4.4,12.9,35.4,66.9,0,0,false,31.1,2.87,above,-1.3,0.82,2800,2898,-2.5,-10.95,7.84,4,1.97,469,6.1,5.92,3,2800,2759,2898,3062,0.39,نقدشوندگی پایین | واگرایی منفی RSI | خروج مستمر پول حقیقی | واگرایی منفی | نقدشوندگی کمتر از ۱۰ میلیارد تومان | شناوری کم (10٪)
سفارود,کارخانه فارسیت درود,سایر محصولات کانی غیرفلزی,51.5,خنثی,100,70,60,10,13850,20260930,10.2,47.1,98.8,47.4,19.5,50.8,96.3,98,16,0,true,89,1.68,above,0,0.16,7507,,0,30.88,5.02,1.89,2.4,,,,,13617,13384,14549,15014,1.5,نقدشوندگی پایین | اشباع خرید | فاصله زیاد از MA20 | بدون EPS مثبت | سهم صفی: 16 روز از ۲۰ روز در صف (ریسک نقدشوندگی و اجرای حد ضرر) | رشد عمودی (99٪ در ۶۰ روز، 51٪ بالای MA50) | 96٪ بالای MA200 | نقدشوندگی کمتر از ۱۰ میلیارد تومان
ما,بیمه  ما,بیمه وصندوق بازنشستگی به جزتامین اجتماعی,51.5,خنثی,90,53,0.5,55,3730,20260930,-2.9,6,44.6,-6.9,-2.5,10.6,49.1,51.7,4,0,false,43.9,3.58,above,-9.7,0.89,3680,4130,-6.98,-7.17,0.4,-10.89,4.87,755,4.94,4.59,7.6,3680,3613,4130,4397,3.43,واگرایی منفی RSI | خروج مستمر پول حقیقی | سرانه خرید ضعیف (0.40) | واگرایی منفی | نقدشوندگی کمتر از ۱۰ میلیارد تومان
نوری,پتروشیمی نوری,محصولات شیمیایی,51.4,خنثی,100,75,16.5,9,51100,20260930,1.5,46.3,54.7,3.2,12.9,37.7,74.3,78.1,6,1,true,58.2,3.01,above,-1.3,0.93,47560,51760,-776.38,488.34,0.63,-808.23,503.14,3744,13.65,9.63,41.7,49560,47249,51760,54841,0.17,اشباع خرید | سهم صفی: 6 روز از ۲۰ روز در صف (ریسک نقدشوندگی و اجرای حد ضرر) | رشد عمودی (55٪ در ۶۰ روز، 38٪ بالای MA50) | توزیع: ورود حقیقی با سرانه خرید ضعیف (0.75 در ۲۰ روز) | 74٪ بالای MA200 | سرانه خرید ضعیف (0.63) | حد ضرر دور (7.5٪) | شناوری کم (9٪) | صف فروش در ۵ روز اخیر
شراز,پالایش نفت شیراز,فراورده های نفتی، کک و سوخت هسته ای,51.4,خنثی,85,75,17.5,26,95610,20260930,3.1,0.3,74.4,22.9,-3.4,14.3,119,56.2,3,0,false,47.2,3.59,above,-15.4,0.69,89000,113000,-18.69,18.24,0.62,-91.44,83.96,10165,9.41,6.26,50.3,92176,87283,113000,119868,2.09,واگرایی منفی RSI | توزیع: ورود حقیقی با سرانه خرید ضعیف (0.49 در ۲۰ روز) | 119٪ بالای MA200 | سرانه خرید ضعیف (0.62) | واگرایی منفی | حد ضرر دور (8.7٪) | شناوری کم (13٪)
زاگرس,پتروشیمی زاگرس,محصولات شیمیایی,51.4,خنثی,100,75,16.5,9,174700,20260930,3.6,25.8,51.9,0.4,6.2,23.7,47.6,69.3,1,0,false,53.4,3.14,above,-1.9,1.07,168899,177700,-14.16,8.29,0.68,-28.3,29.25,9222,18.94,8.01,136.5,169210,166155,177700,188679,0.35,سرانه خرید ضعیف (0.68)
آبادا,تولید نیروی برق آبادان,عرضه برق، گاز، بخاروآب گرم,51.3,خنثی,100,55,37,4,11740,20260930,4.1,2.6,35.2,-16.2,3.5,12.2,43.8,61,0,0,false,22.7,3.38,above,-2.5,0.75,11194,11870,-5.04,-8.59,6.92,8.42,4.16,272,43.16,7.09,508.8,11344,10995,11870,12662,0.17,خروج مستمر پول حقیقی | P/E بالا (43) | نقدشوندگی کمتر از ۱۰ میلیارد تومان | شناوری کم (10٪)
سلیم,سرمایه گذاری سلیم,سرمایه گذاریها,51.1,خنثی,95,55,9.6,37,1391,20260930,4.9,5.1,25.4,-26.1,1.7,7,26,57.1,0,0,false,27.6,3.62,above,-6.7,1.01,1309,1491,-13.26,-22.58,1.16,-0.93,10.6,146,9.53,8.73,9.1,1341,1284,1491,1592,0.93,واگرایی منفی RSI | خروج مستمر پول حقیقی | واگرایی منفی | حد ضرر دور (7.7٪)
چدن,تولیدی چدن سازان,ساخت محصولات فلزی,51.1,خنثی,100,70,4.3,24,4700,20260930,8.5,39.9,121.6,70.1,13.4,38.9,140.9,80.4,6,0,true,63,2.91,above,0,0.72,4530,,-68.31,-201.13,0.97,-13.93,37.96,544,8.64,7.54,14.6,4563,4462,5110,5383,1.72,اشباع خرید | خروج مستمر پول حقیقی | سهم صفی: 6 روز از ۲۰ روز در صف (ریسک نقدشوندگی و اجرای حد ضرر) | رشد عمودی (122٪ در ۶۰ روز، 39٪ بالای MA50) | 141٪ بالای MA200
کیا,کیا الکترود شرق,ساخت محصولات فلزی,51,خنثی,100,73,61.6,4,10970,20260930,14.7,23.8,48.6,-2.8,15.8,24.5,32.8,79.6,0,0,true,28.8,3.3,above,-0.2,1.38,10270,,2.65,-1.87,1.22,2.56,2.39,262,41.87,6.02,595.5,10608,10089,12057,12782,1.23,نقدشوندگی پایین | اشباع خرید | فاصله زیاد از MA20 | P/E بالا (42) | حد ضرر دور (8.0٪) | نقدشوندگی کمتر از ۱۰ میلیارد تومان
لپیام,گسترش صنایع پیام,ساخت دستگاه‌ها و وسایل ارتباطی,50.9,خنثی,100,35,35.5,20,126500,20260930,5.2,41.9,163.5,112.1,11.7,53.2,126.8,80.5,10,0,false,76.5,3.09,above,-2.7,0.88,113200,130000,-2.98,-38.4,1.89,7.74,10.17,123,1028.46,,,122594,118687,130000,137813,0.45,اشباع خرید | خروج مستمر پول حقیقی | سهم صفی: 10 روز از ۲۰ روز در صف (ریسک نقدشوندگی و اجرای حد ضرر) | رشد عمودی (164٪ در ۶۰ روز، 53٪ بالای MA50) | P/E بالا (1028) | 127٪ بالای MA200
معیار,سرمایه گذاری معیار صنعت پارس,سرمایه گذاریها,50.9,خنثی,100,73,45,20,2964,20260930,12.6,16.2,47.9,-3.6,13.1,23.3,42.2,76.4,2,0,true,37.4,3.36,above,-6.7,1.37,2886,3176,0,-1.13,1.74,3.25,2.61,80,37.05,,,2886,2837,3176,3376,1.67,نقدشوندگی پایین | P/E بالا (37) | نقدشوندگی کمتر از ۱۰ میلیارد تومان
بزاگرس,نیروگاه زاگرس کوثر,عرضه برق، گاز، بخاروآب گرم,50.8,خنثی,85,38,51.6,19,7670,20260930,0.4,-6.9,42.6,-8.9,-7.4,8.5,43.7,47.1,1,0,false,30.6,3.99,above,-18.7,0.56,7420,9430,0.14,11.62,0.83,-3.97,7.91,466,16.46,10.04,63.9,7420,7267,9430,10042,4.37,توزیع: ورود حقیقی با سرانه خرید ضعیف (0.79 در ۲۰ روز) | نقدشوندگی کمتر از ۱۰ میلیارد تومان
پسهند,صنایع‌ لاستیکی‌  سهند,لاستیک و پلاستیک,50.8,خنثی,100,45,28,19,23570,20260930,-4,6.7,35,-16.5,2.2,12.6,24.7,57.5,1,1,false,28.5,3.55,above,-15.3,1.11,22411,24110,-5.25,11.6,0.64,-11.54,6.51,1468,16.06,8.21,95.6,22734,21993,24110,24580,0.34,توزیع: ورود حقیقی با سرانه خرید ضعیف (0.88 در ۲۰ روز) | سرانه خرید ضعیف (0.64) | نقدشوندگی کمتر از ۱۰ میلیارد تومان | صف فروش در ۵ روز اخیر
حگهر,حمل و نقل گهرترابر سیرجان,حمل ونقل، انبارداری و ارتباطات,50.8,خنثی,65,40,26,67,2950,20260930,3.9,0.3,22.2,-29.3,-1.1,0.7,11,49.7,5,0,false,20.2,3.32,above,-28.3,0.35,2850,3120,-0.3,24.83,0.76,-2.67,7.46,397,7.43,7.68,-3.2,2852,2801,3120,3180,1.14,واگرایی منفی RSI | توزیع: ورود حقیقی با سرانه خرید ضعیف (0.87 در ۲۰ روز) | سرانه خرید ضعیف (0.76) | واگرایی منفی | نقدشوندگی کمتر از ۱۰ میلیارد تومان
سنیر,سیمان‌ سفید نی‌ریز,سیمان، آهک و گچ,50.7,خنثی,64,40,36.9,57,6870,20260930,4.9,1.8,16.4,-35,-1.1,0.1,51.8,49.6,1,0,false,16.3,3.93,inside,-11.7,1.18,6430,7380,0.94,-10.01,1.23,-14.09,9.58,963,7.13,7.14,-0.1,6600,6295,7380,7550,0.89,واگرایی منفی RSI | خروج مستمر پول حقیقی | 52٪ بالای MA200 | واگرایی منفی | حد ضرر دور (8.4٪) | نقدشوندگی کمتر از ۱۰ میلیارد تومان
خزامیا,زامیاد,خودرو و ساخت قطعات,50.6,خنثی,100,75,2.5,20,1778,20260930,0,6.7,61.8,10.3,4.8,21.4,48.7,65,1,1,false,44.6,3.27,above,-0.7,0.85,1727,,-52.03,-58.73,0.75,-148.38,157.88,85,20.92,,,1727,1698,1953,2069,2.18,سرانه خرید ضعیف (0.75) | صف فروش در ۵ روز اخیر
کرمان,س. توسعه و عمران استان کرمان,انبوه سازی، املاک و مستغلات,50.6,خنثی,85,55,42.5,14,1408,20260930,0,2.4,29.3,-22.2,-3.4,9.8,31.9,51.3,3,1,false,44.7,3.47,above,-14.1,1.01,1381,1454,0.27,10.82,0.64,-103.73,76.42,2,704,23.59,2884.3,1381,1357,1454,1640,0.89,واگرایی منفی RSI | P/E بالا (704) | توزیع: ورود حقیقی با سرانه خرید ضعیف (0.79 در ۲۰ روز) | سرانه خرید ضعیف (0.64) | واگرایی منفی | صف فروش در ۵ روز اخیر
خساپا,سایپا,خودرو و ساخت قطعات,50.6,خنثی,85,55,46.5,10,701,20260930,0.3,0.3,22.6,-28.9,-3.4,10.9,31.9,52.9,1,0,false,27.2,3.63,above,-11,0.67,669,788,124.44,321.15,0.96,-94.71,425.1,,,,,676,656,788,839,1.95,بدون EPS مثبت | توزیع: ورود حقیقی با سرانه خرید ضعیف (0.68 در ۲۰ روز)
بفجر,فجر انرژی خلیج فارس,عرضه برق، گاز، بخاروآب گرم,50.4,خنثی,20,55,53.5,80,11310,20260930,3.1,-0.3,-12.8,-64.3,2.7,-9.9,-1,48.4,2,0,true,27.5,3.82,below,-27,0.62,11051,11477,22.57,523.51,0.72,-63.97,80.21,1802,6.28,7.09,-11.5,11051,10835,11477,12107,0.35,توزیع: ورود حقیقی با سرانه خرید ضعیف (0.65 در ۲۰ روز) | سرانه خرید ضعیف (0.72)
دشیری,شیرین دارو,مواد و محصولات دارویی,50.3,خنثی,100,58,32.8,42,452300,20260930,12.1,27.7,50.3,-1.2,15.9,29.4,79.2,80.5,2,0,true,56.2,2.91,above,0,0.89,405500,,0.4,-0.24,1.01,-0.19,2.62,57790,7.83,,,439121,425942,491837,518195,1.5,نقدشوندگی پایین | واگرایی منفی RSI | اشباع خرید | فاصله زیاد از MA20 | 79٪ بالای MA200 | واگرایی منفی | نقدشوندگی کمتر از ۱۰ میلیارد تومان
سشمال,سیمان‌ شمال‌,سیمان، آهک و گچ,50.2,خنثی,100,65,4.7,24,19410,20260930,5.5,14.6,36.8,-14.7,6.5,18.3,58.7,72.8,0,0,true,26.1,3.11,above,-0.5,0.53,19200,,-5.2,-18.01,0.93,-2.38,8.26,2297,8.45,7.14,18.3,19200,18898,21220,22427,3.54,خروج مستمر پول حقیقی | 59٪ بالای MA200 | نقدشوندگی کمتر از ۱۰ میلیارد تومان
خمهر,مهرکام‌پارس‌,خودرو و ساخت قطعات,50.1,خنثی,100,75,0.5,20,3830,20260930,4.9,20.1,59.5,8.1,5,25.6,68.4,68.6,2,1,false,57.8,3.5,above,-6.1,0.85,3470,4080,-7.48,-23.19,0.68,-20.03,19.62,105,36.48,,,3696,3495,4080,4348,0.75,خروج مستمر پول حقیقی | P/E بالا (36) | 68٪ بالای MA200 | سرانه خرید ضعیف (0.68) | حد ضرر دور (8.7٪) | صف فروش در ۵ روز اخیر
گشان,توسعه بین المللی پدیده شاندیز,هتل و رستوران,50.1,خنثی,85,45,30.3,32,28660,20260930,3.3,-1.6,39.6,-11.8,-0.5,4.7,48.2,53.7,0,0,false,31.9,3.75,above,-9.8,0.86,28050,29990,-2.17,-30.48,1.37,9.39,12.94,3153,9.09,,,28050,27512,29990,30990,1.16,واگرایی منفی RSI | خروج مستمر پول حقیقی | واگرایی منفی
تجلی,تجلی توسعه معادن و فلزات,استخراج کانه های فلزی,49.9,خنثی,100,45,39.7,4,2084,20260930,1.8,24.3,16.1,-35.4,4.8,16,33.7,63.3,1,0,false,38,3.25,above,-5,0.65,1986,2194,-17.39,28.02,1.35,-18.22,16.91,37,56.32,14.44,290.1,2016,1952,2194,2329,0.83,P/E بالا (56)
فاهواز,نورد و لوله اهواز,فلزات اساسی,49.8,خنثی,75,40,35,42,7290,20260930,1.5,0.5,12.8,-38.7,1.1,4.3,12.2,73,4,1,false,29.3,1.38,above,-4.9,0.64,7082,7400,-0.43,-1.07,3.83,2.68,3.28,1119,6.51,,,7189,7039,7400,7666,0.44,نقدشوندگی کمتر از ۱۰ میلیارد تومان | صف فروش در ۵ روز اخیر
قجام,فرآوردههای غذایی وقندتربت‌جام‌,قند و شکر,49.7,خنثی,95,63,32.2,42,14360,20260930,3.6,7,48.2,-3.3,0.8,10,53.4,55.5,2,0,false,27.2,3.74,above,-7.5,1,14110,14580,0,-0.31,1.49,0.59,2.7,2650,5.42,,,14110,13842,14580,14890,0.42,نقدشوندگی پایین | 53٪ بالای MA200 | نقدشوندگی کمتر از ۱۰ میلیارد تومان
حآسا,آسیا سیر ارس,حمل ونقل، انبارداری و ارتباطات,49.6,خنثی,85,55,48.6,4,4610,20260930,5.5,2,32.1,-19.4,-0.9,9.9,35.1,57.2,2,0,false,26.6,3.46,above,-8.2,0.92,4270,5020,2.87,-0.84,1.06,0.72,4.77,152,30.33,7.68,294.9,4450,4211,5020,5339,1.03,P/E بالا (30) | حد ضرر دور (8.7٪) | نقدشوندگی کمتر از ۱۰ میلیارد تومان
وآذر,سرمایه‌گذاری‌توسعه‌آذربایجان‌,انبوه سازی، املاک و مستغلات,49.6,خنثی,100,40,36.5,10,7690,20260930,8.3,10.6,38.6,-12.9,7,23.4,63.6,72.3,2,0,false,26.9,3.66,above,-2,0.76,6570,,-0.69,-15.04,10.97,6.68,12.23,,,6.61,,7409,7127,8534,9097,1.5,خروج مستمر پول حقیقی | بدون EPS مثبت | 64٪ بالای MA200 | حد ضرر دور (7.3٪)
شاوان,پالایش نفت لاوان,فراورده های نفتی، کک و سوخت هسته ای,49.5,خنثی,100,50,1,37,53760,20260930,2.9,43.6,120.8,69.3,11.2,52.3,114.6,79.8,11,0,false,82,3.15,above,-2.8,1.01,49720,,-398.8,-266.83,0.7,-364.52,135.61,6145,8.75,8.12,7.7,52064,49520,58847,62239,1.2,اشباع خرید | خروج مستمر پول حقیقی | سهم صفی: 11 روز از ۲۰ روز در صف (ریسک نقدشوندگی و اجرای حد ضرر) | رشد عمودی (121٪ در ۶۰ روز، 52٪ بالای MA50) | 115٪ بالای MA200 | سرانه خرید ضعیف (0.70) | حد ضرر دور (7.9٪)
غشوکو,شوکو پارس,محصولات غذایی و آشامیدنی به جز قند و شکر,49.5,خنثی,95,90,0,32,12620,20260928,2.1,-1.9,65,13.5,5,7,97.6,60.3,2,0,true,24.8,3.65,above,-6,0.73,12300,12780,-4,-20.42,0.79,-4.93,6.32,1478,8.54,,,12300,12070,12780,13345,0.29,خروج مستمر پول حقیقی | 98٪ بالای MA200 | سرانه خرید ضعیف (0.79) | نقدشوندگی کمتر از ۱۰ میلیارد تومان | آخرین معامله 20260928 (متوقف یا کم‌معامله)
تادیکو,س.کشت ودام صنایع لبنی تامین,زراعت و خدمات وابسته,49.3,خنثی,73,80,36.5,9,7850,20260930,6.5,5.7,8.3,-43.2,5,8.8,,61.1,0,0,true,16.3,3.27,,-9,0.81,7521,7990,-22.2,-41.18,4.18,52.33,25.43,546,14.38,6.33,127.1,7594,7392,7990,8624,0.31,خروج مستمر پول حقیقی | شناوری کم (6٪)
ولانا,شرکت لیزینگ آریا دانا,سایر واسطه گریهای مالی,49.3,خنثی,100,65,15,10,5100,20260930,-8.3,17.8,60.2,8.7,3.8,18.1,26.8,60.4,5,1,false,48.7,3.58,above,-10.7,1.1,4937,5710,-0.49,3.64,0.77,-4.01,4.53,,,,,4937,4846,5710,6076,2.4,بدون EPS مثبت | سرانه خرید ضعیف (0.77) | نقدشوندگی کمتر از ۱۰ میلیارد تومان | صف فروش در ۵ روز اخیر
ثنام,س ساختمانی ب نام آوران مهندسی,انبوه سازی، املاک و مستغلات,49.1,خنثی,100,75,46.5,10,2304,20260930,5.6,25.1,72.8,21.4,8.7,25.8,65.7,76.4,2,0,true,58.5,3.83,above,-4.2,1.4,2242,,-0.09,-8.79,1.73,5.14,2.84,,,,,2242,2198,2569,2745,2.49,نقدشوندگی پایین | خروج مستمر پول حقیقی | بدون EPS مثبت | 66٪ بالای MA200 | نقدشوندگی کمتر از ۱۰ میلیارد تومان
کهرام,تولیدی گرانیت بهسرام,کاشی و سرامیک,49.1,خنثی,100,70,50.5,10,36450,20260930,5,20.9,52.3,0.9,10,26.1,56.2,85.4,8,0,true,61.2,2.34,above,-2.6,0.85,32582,,0,0.05,2.93,0.81,0.66,,,,,35599,34747,39004,40707,1.5,نقدشوندگی پایین | اشباع خرید | بدون EPS مثبت | سهم صفی: 8 روز از ۲۰ روز در صف (ریسک نقدشوندگی و اجرای حد ضرر) | 56٪ بالای MA200 | نقدشوندگی کمتر از ۱۰ میلیارد تومان
سخوز,سیمان خوزستان,سیمان، آهک و گچ,49.1,خنثی,75,55,2.2,60,99460,20260930,6.7,8.1,19.6,-31.8,0.5,13.6,33,56.9,2,0,false,22.8,3.76,above,-7.7,0.97,98280,102761,-3.25,-34.29,0.85,-5.74,15.44,15662,6.35,7.14,-11.1,98280,96410,102761,107800,1.08,واگرایی منفی RSI | خروج مستمر پول حقیقی | واگرایی منفی
خکمک,کمک‌فنرایندامین‌,خودرو و ساخت قطعات,48.9,خنثی,65,45,51.8,30,2752,20260930,-1.7,7.5,23.1,-28.4,-3.6,12.2,18.4,51.9,4,1,false,31.3,3.61,above,-22.5,0.98,2643,2950,0.28,18.22,0.83,-10.87,10.8,47,58.55,,,2653,2594,2950,3250,1.25,P/E بالا (59) | صف فروش در ۵ روز اخیر
ولتجار,واسپاری تجارایرانیان,سایر واسطه گریهای مالی,48.9,خنثی,60,45,51.5,36,3190,20260930,-0.3,-2.7,32.5,-19,-2.8,7.4,-17.6,50.4,2,1,false,33,3.87,above,-49.4,1.38,3130,3450,10.47,11.68,0.7,-5.15,6.48,278,11.47,5.8,97.8,3130,3068,3450,3679,2.13,واگرایی منفی RSI | توزیع: ورود حقیقی با سرانه خرید ضعیف (0.80 در ۲۰ روز) | سرانه خرید ضعیف (0.70) | واگرایی منفی | نقدشوندگی کمتر از ۱۰ میلیارد تومان | صف فروش در ۵ روز اخیر
وسکاب,س.ص.بازنشستگی کارکنان بانکها,سرمایه گذاریها,48.8,خنثی,41,30,65.1,57,3270,20260930,3.8,-5.2,30.6,-20.8,0.2,-2,47.6,49.4,0,0,false,19.9,3.49,inside,-16.6,0.49,3040,3500,5,2.23,1.12,2.61,16.52,437,7.48,7.13,4.9,3156,2984,3500,3920,0.81,توزیع: ورود حقیقی با سرانه خرید ضعیف (0.71 در ۲۰ روز) | 183٪ بالای کف ۵۲ هفته | حد ضرر دور (8.7٪)
ثقزوی,شرکت عمران و سازندگی قزوین,انبوه سازی، املاک و مستغلات,48.8,خنثی,90,65,45.1,30,2699,20260930,-9.4,24.4,87.2,35.7,-0.4,25.9,44.5,57.9,9,3,false,58.4,3.38,above,-14.9,1.3,2372,3172,-0.08,7.49,0.96,2.09,2.61,35,77.11,,,2608,2517,3172,3355,2.59,نقدشوندگی پایین | سهم صفی: 9 روز از ۲۰ روز در صف (ریسک نقدشوندگی و اجرای حد ضرر) | P/E بالا (77) | نقدشوندگی کمتر از ۱۰ میلیارد تومان | صف فروش در ۵ روز اخیر
لسرما,سرما آفرین‌,ماشین آلات و تجهیزات,48.6,خنثی,90,65,15.5,19,6630,20260930,-3.6,7.9,60.9,9.4,-2,10.7,40.8,53.2,6,1,false,42.4,3.49,above,-13.1,1.38,6429,6992,-3.42,1.9,0.6,-17.68,6.62,411,16.13,5.15,213.2,6429,6313,6992,7633,1.14,سهم صفی: 6 روز از ۲۰ روز در صف (ریسک نقدشوندگی و اجرای حد ضرر) | توزیع: ورود حقیقی با سرانه خرید ضعیف (0.87 در ۲۰ روز) | سرانه خرید ضعیف (0.60) | نقدشوندگی کمتر از ۱۰ میلیارد تومان | صف فروش در ۵ روز اخیر
سخاش,سیمان‌خاش‌,سیمان، آهک و گچ,48.4,خنثی,73,55,5.1,57,12880,20260930,4.2,1.9,14.5,-37,-1.8,5.4,42.6,53.3,0,0,false,19.2,3.47,above,-10.9,0.5,12110,14045,-0.32,-53.81,0.9,-7.95,16.91,1929,6.68,7.14,-6.5,12433,11887,14045,14450,1.17,خروج مستمر پول حقیقی | 185٪ بالای کف ۵۲ هفته | حد ضرر دور (7.7٪)
رتکو,کنترل ‌خوردگی ‌تکین ‌کوی,خدمات فنی و مهندسی,48.3,خنثی,100,60,45,20,23670,20260930,6,34.1,83.9,32.5,15.7,35.5,78.3,85.3,3,0,true,63,3.3,above,-0.2,1.95,19700,,0,0,1.91,5.5,1.67,641,36.93,,,22889,22107,26014,27577,1.5,نقدشوندگی پایین | واگرایی منفی RSI | اشباع خرید | فاصله زیاد از MA20 | رشد عمودی (84٪ در ۶۰ روز، 35٪ بالای MA50) | P/E بالا (37) | 78٪ بالای MA200 | واگرایی منفی | نقدشوندگی کمتر از ۱۰ میلیارد تومان
تکمبا,کمباین‌ سازی‌ ایران‌,ماشین آلات و تجهیزات,48.2,خنثی,85,55,20.9,26,8600,20260930,2.1,11.3,30.4,-21,-0.4,11.3,37.2,55.2,4,0,false,38.9,3.65,above,-13,0.87,8320,9890,-2.1,0.5,1.02,-2.62,5.35,809,10.63,5.15,106.4,8320,8163,9890,10519,2.95,نقدشوندگی کمتر از ۱۰ میلیارد تومان
ثجوان,تامین مسکن جوانان,انبوه سازی، املاک و مستغلات,48.2,خنثی,100,45,11.8,25,2312,20260930,-3.9,17,27.2,-24.2,4.9,17.6,45.2,60.9,1,0,false,37.2,3.67,above,-6.6,1.11,2239,2475,-0.47,-4.59,1.23,-1.49,3.2,167,13.84,,,2239,2197,2475,2644,1.42,خروج مستمر پول حقیقی | نقدشوندگی کمتر از ۱۰ میلیارد تومان
زفکا,کشت و دامداری فکا,زراعت و خدمات وابسته,48.2,خنثی,83,55,25.2,24,8400,20260930,4.5,9.8,17.2,-34.3,0.6,6.5,50.7,54.5,2,0,false,15,3.71,above,-8.8,1.1,8130,9210,-21.93,4.41,1.15,-61.55,28.37,910,9.23,8.07,14.4,8130,7974,9210,9833,1.9,بدون روند (ADX پایین) | توزیع: ورود حقیقی با سرانه خرید ضعیف (0.72 در ۲۰ روز) | 51٪ بالای MA200
غبشهر,صنعتی‌ بهشهر,محصولات غذایی و آشامیدنی به جز قند و شکر,48.1,خنثی,100,60,0.5,24,19210,20260930,5.5,20.6,246,194.5,6.7,38.3,223.5,76,7,0,false,75.5,3.09,above,-1.9,0.99,16520,19540,-50.16,-112.27,0.59,-128.49,71.06,2019,9.51,8.53,11.5,18616,18022,19540,20728,0.28,خروج مستمر پول حقیقی | سهم صفی: 7 روز از ۲۰ روز در صف (ریسک نقدشوندگی و اجرای حد ضرر) | رشد عمودی (246٪ در ۶۰ روز، 38٪ بالای MA50) | 223٪ بالای MA200 | سرانه خرید ضعیف (0.59)
غمایه,شرکت خمیرمایه رضوی,محصولات غذایی و آشامیدنی به جز قند و شکر,47.9,خنثی,85,63,5.1,34,23680,20260930,2.9,11.5,43.8,-7.7,-1.8,9.6,79.5,52.7,1,0,false,30.4,3.7,above,-10.9,0.97,22900,26570,-3.47,-8.54,0.94,-7.48,8.75,2821,8.39,7.05,19.1,22900,22462,26570,28320,2.37,80٪ بالای MA200 | نقدشوندگی کمتر از ۱۰ میلیارد تومان
غناب,روغن‌ نباتی‌ ناب,محصولات غذایی و آشامیدنی به جز قند و شکر,47.8,خنثی,95,63,6.9,20,1197,20260930,1.9,4.2,44.6,-6.9,2.8,14.2,42.6,58.6,1,0,false,20.3,3.58,above,-4.5,0.79,1098,1253,-1.03,-9.76,1.02,-2.39,7.33,41,29.2,,,1154,1090,1253,1338,0.52,واگرایی منفی RSI | خروج مستمر پول حقیقی | واگرایی منفی | حد ضرر دور (9.0٪) | نقدشوندگی کمتر از ۱۰ میلیارد تومان
وایرا,سرمایه گذاری صنایع ایران,سرمایه گذاریها,47.8,خنثی,100,55,35.2,32,3520,20260930,3.2,11.4,35.4,-16,1.7,11.4,21.3,57.8,1,0,false,25.6,3.39,above,-7.2,0.81,3445,3633,1.23,-6.06,1.15,-0.69,2.94,399,8.82,,,3445,3385,3633,3772,0.84,نقدشوندگی پایین | خروج مستمر پول حقیقی | نقدشوندگی کمتر از ۱۰ میلیارد تومان
ساوه,سیمان ساوه,سیمان، آهک و گچ,47.6,خنثی,64,55,2.5,67,10880,20260930,2,8.9,-9.1,-60.6,-1.2,3.3,25.7,51.4,2,0,false,16.3,3.5,inside,-30.2,0.82,10650,11430,-1.6,-2.56,0.75,-14.42,16.84,1489,7.31,6.69,9.2,10650,10460,11430,12190,1.31,سرانه خرید ضعیف (0.75)
لکما,کارخانجات‌مخابراتی‌ایران‌,ساخت دستگاه‌ها و وسایل ارتباطی,47.5,خنثی,90,50,32.1,10,1439,20260930,7.4,25.5,23.4,-28.1,12.2,26.7,24.8,91.5,7,0,true,44.9,2.34,above,-10.9,0.9,1291,1455,-7.39,-0.69,1.46,2.11,4.31,,,,,1405,1372,1455,1500,0.24,اشباع خرید | بدون EPS مثبت | سهم صفی: 7 روز از ۲۰ روز در صف (ریسک نقدشوندگی و اجرای حد ضرر) | نقدشوندگی کمتر از ۱۰ میلیارد تومان
بکهنوج,تولید برق ماهتاب کهنوج,عرضه برق، گاز، بخاروآب گرم,47.5,خنثی,85,63,27.6,10,1254,20260930,3.5,0.2,41.7,-9.8,-2.3,8,,52.5,4,1,false,31.8,3.5,above,-12.4,0.88,1211,1293,-0.33,-5.67,1.22,1.77,3.26,,,,,1211,1189,1293,1432,0.59,خروج مستمر پول حقیقی | بدون EPS مثبت | نقدشوندگی کمتر از ۱۰ میلیارد تومان | صف فروش در ۵ روز اخیر
بیوتیک,آنتی بیوتیک سازی ایران,مواد و محصولات دارویی,47.3,خنثی,65,50,57.4,14,31230,20260930,-2.5,-4.9,133.1,81.6,-8.5,11.2,85,47.1,6,0,false,47,3.65,above,-19.2,0.98,16181,35970,17.02,26.36,0.98,-7.67,24.02,1448,21.57,8.86,143.4,30089,28947,35970,38640,2.08,سهم صفی: 6 روز از ۲۰ روز در صف (ریسک نقدشوندگی و اجرای حد ضرر) | رشد عمودی (133٪ در ۶۰ روز، 11٪ بالای MA50) | توزیع: ورود حقیقی با سرانه خرید ضعیف (0.79 در ۲۰ روز) | 85٪ بالای MA200 | حد ضرر دور (7.3٪)
کدما,معدنی‌ دماوند,استخراج کانه های فلزی,47.3,خنثی,95,55,1.2,30,90760,20260930,7,7.4,12.9,-38.5,2.8,10.7,55.3,57.4,3,0,false,25.4,3.32,above,-8.4,1,83300,99130,-6.93,-13.36,0.83,-13.3,16.91,6579,13.8,13.76,0.3,87744,83221,99130,105161,1.11,واگرایی منفی RSI | 55٪ بالای MA200 | واگرایی منفی | حد ضرر دور (8.3٪)
نتوس,پشم‌ بافی‌ توس,منسوجات,47,خنثی,100,60,35,25,2054,20260930,5.3,43,136.3,84.9,16.7,50.8,104.4,98.1,17,0,true,87.9,2.55,above,-2.3,0.29,1148,,0,0,4.68,1.37,1.12,156,13.17,,,2002,1949,2211,2316,1.5,نقدشوندگی پایین | اشباع خرید | فاصله زیاد از MA20 | سهم صفی: 17 روز از ۲۰ روز در صف (ریسک نقدشوندگی و اجرای حد ضرر) | رشد عمودی (136٪ در ۶۰ روز، 51٪ بالای MA50) | 104٪ بالای MA200 | نقدشوندگی کمتر از ۱۰ میلیارد تومان
نوین,بیمه نوین,بیمه وصندوق بازنشستگی به جزتامین اجتماعی,46.9,خنثی,100,65,1.5,14,10340,20260930,-9.9,28.6,161.6,110.2,2,24,163.1,59.3,3,3,false,63.4,3.14,above,-12.5,0.78,8880,11820,-30.07,-14.76,0.17,-36.98,11.54,358,28.88,18.13,59.3,10015,9690,11820,12470,2.28,واگرایی منفی RSI | خروج مستمر پول حقیقی | رشد عمودی (162٪ در ۶۰ روز، 24٪ بالای MA50) | 163٪ بالای MA200 | سرانه خرید ضعیف (0.17) | واگرایی منفی | صف فروش در ۵ روز اخیر
بالبر,کابل‌ البرز,ماشین آلات و دستگاه‌های برقی,46.9,خنثی,90,45,19.5,24,27850,20260930,-1.9,6.5,17.9,-33.6,1.1,12.6,8.4,59.1,0,0,false,23.8,3.84,above,-34.1,0.68,27180,28605,0,2.06,0.94,-1.08,6.44,309,90.13,6.15,1365.5,27180,26645,28605,34550,0.63,P/E بالا (90) | توزیع: ورود حقیقی با سرانه خرید ضعیف (0.86 در ۲۰ روز) | نقدشوندگی کمتر از ۱۰ میلیارد تومان
بتک,کارخانجات کابل سازی‌ تک‌,ماشین آلات و دستگاه‌های برقی,46.8,خنثی,100,58,40.9,20,253700,20260930,8,11.2,44.2,-7.2,8.4,19.5,30.6,81.6,3,0,true,38.9,2.3,above,-0.7,1.19,243428,,0,0.15,1.24,0.56,0.41,260,975.77,,,247877,240517,271168,282814,1.33,نقدشوندگی پایین | اشباع خرید | P/E بالا (976) | نقدشوندگی کمتر از ۱۰ میلیارد تومان
سیمرغ,سیمرغ,زراعت و خدمات وابسته,46.8,خنثی,90,65,1,26,5250,20260930,-2.6,4.8,58.4,6.9,-4.6,15,91.3,51.8,5,0,false,50.1,3.26,above,-16.3,1.44,4860,6270,-25.96,-76.77,0.41,-79.72,19.1,513,10.23,6.33,61.7,5079,4822,6270,6613,2.38,واگرایی منفی RSI | خروج مستمر پول حقیقی | 91٪ بالای MA200 | سرانه خرید ضعیف (0.41) | واگرایی منفی | حد ضرر دور (8.2٪)
قیستو,شرکت قند بیستون,قند و شکر,46.6,خنثی,100,50,6.6,20,54480,20260930,0.7,40.3,118.4,66.9,10.8,38.8,108.4,78.6,2,0,false,72.1,3.69,above,-4.5,0.81,48710,57050,-1.15,-27.53,1,-1.6,8.6,2437,22.36,,,52468,49451,57050,61073,0.51,واگرایی منفی RSI | اشباع خرید | خروج مستمر پول حقیقی | رشد عمودی (118٪ در ۶۰ روز، 39٪ بالای MA50) | 108٪ بالای MA200 | واگرایی منفی | حد ضرر دور (9.2٪) | نقدشوندگی کمتر از ۱۰ میلیارد تومان
مبین,مبین انرژی خلیج فارس,عرضه برق، گاز، بخاروآب گرم,46.4,خنثی,25,43,54,67,12040,20260930,-0.4,-5.6,-11.6,-63.1,-2.2,-14.6,10,38.1,0,0,true,26.8,4.21,below,-30.6,0.62,11750,12270,76.38,1824.57,0.61,-252.32,255.47,1581,7.62,7.09,7.4,11750,11496,12270,12930,0.42,توزیع: ورود حقیقی با سرانه خرید ضعیف (0.63 در ۲۰ روز) | 180٪ بالای کف ۵۲ هفته | سرانه خرید ضعیف (0.61)
حکشتی,کشتیرانی جمهوری اسلامی ایران,حمل ونقل، انبارداری و ارتباطات,46.3,خنثی,90,20,47,14,8480,20260930,-7,-1.5,25.8,-25.6,-4.7,4.9,31.7,47.5,3,0,false,34.2,3.82,above,-13.4,0.6,8254,8598,-9.14,385.3,2.19,-139.94,117,331,25.62,19.33,32.5,8254,8092,8598,9378,0.31,واگرایی منفی RSI | توزیع: ورود حقیقی با سرانه خرید ضعیف (0.75 در ۲۰ روز) | واگرایی منفی
خبازرس,بازرسی مهندسی و صنعتی ایران,فعالیت مهندسی، تجزیه، تحلیل و آزمایش فنی,46.2,خنثی,95,75,8.9,42,30590,20260930,7.4,1.2,81.8,30.3,0.2,12.4,78.9,56.9,1,0,false,34.2,4.01,above,-12,0.85,29336,32543,-1.7,-3.26,1.16,-0.49,1.26,2944,10.39,,,29362,28722,32543,34758,1.05,نقدشوندگی پایین | خروج مستمر پول حقیقی | 79٪ بالای MA200 | نقدشوندگی کمتر از ۱۰ میلیارد تومان
چنوپا,نیوپان‌ 22 بهمن‌,محصولات چوبی,46.2,خنثی,63,35,41,40,16060,20260930,-7.7,-1,-7.1,-58.5,0.3,4.6,-18.9,50.5,5,1,false,19.4,3.62,above,-51.7,1.08,15819,16250,0.45,9.73,0.68,-17.06,11.2,620,25.9,,,15819,15528,16250,16879,0.36,توزیع: ورود حقیقی با سرانه خرید ضعیف (0.80 در ۲۰ روز) | سرانه خرید ضعیف (0.68) | صف فروش در ۵ روز اخیر
خمحرکه,نیرو محرکه‌,خودرو و ساخت قطعات,46.1,خنثی,65,45,60.5,30,6020,20260929,3.3,-0.3,20.5,-31,-1.5,10.6,38.4,53.1,2,0,false,30.6,3.75,above,-10.7,0.84,5700,6260,0.66,0.42,2.75,-1.34,13.12,130,46.31,,,5794,5587,6260,6380,0.55,واگرایی منفی RSI | P/E بالا (46) | واگرایی منفی | حد ضرر دور (7.2٪) | آخرین معامله 20260929 (متوقف یا کم‌معامله)
دکوثر,داروسازی‌ کوثر,مواد و محصولات دارویی,46.1,خنثی,95,75,6.4,4,21810,20260930,10.8,8,147.8,96.4,7.4,21.3,94,66,1,0,false,37.4,3.36,above,-3.1,0.68,21270,22350,-28.78,-11.73,1,-16.5,54.69,1031,21.15,12.91,63.9,21270,20904,22350,23814,0.6,رشد عمودی (148٪ در ۶۰ روز، 21٪ بالای MA50) | 94٪ بالای MA200
زدشت,کشت و صنعت دشت خرم دره,زراعت و خدمات وابسته,46.1,خنثی,95,55,2.4,24,9940,20260930,4.7,7.6,24,-27.5,1.4,11.4,54.2,57.6,0,0,false,30.8,3.78,above,-7.5,0.99,9210,10180,-9.91,-3.78,0.83,-11.72,15.33,1023,9.72,8.07,20.4,9564,9022,10180,10750,0.26,واگرایی منفی RSI | 54٪ بالای MA200 | واگرایی منفی | حد ضرر دور (9.2٪)
ورنا,سرمایه‌گذاری‌ رنا(هلدینگ‌,خودرو و ساخت قطعات,46.1,خنثی,90,55,12.2,20,7360,20260930,-0.9,3.5,38.9,-12.6,-2.2,14.9,50.5,55.2,3,1,false,45.2,3.61,above,-7.9,0.68,6995,7975,-22.69,-113.58,1.21,-43.71,102.82,218,33.76,,,7094,6862,7975,8507,1.23,واگرایی منفی RSI | خروج مستمر پول حقیقی | P/E بالا (34) | 51٪ بالای MA200 | واگرایی منفی | صف فروش در ۵ روز اخیر
شستا,سرمایه گذاری تامین اجتماعی,شرکتهای چند رشته ای صنعتی,45.9,خنثی,100,60,6.6,9,3730,20260930,7.5,29.3,63.1,11.6,9,27,92.3,70.6,5,0,false,50.3,2.9,above,-2.1,0.69,3370,3810,-79.27,-347.42,1.01,-139.71,561.38,218,17.11,10.88,57.3,3622,3513,3810,4027,0.37,92٪ بالای MA200 | شناوری کم (13٪)
تکاردان,تامین سرمایه کاردان,فعالیتهای کمکی به نهادهای مالی واسط,45.9,خنثی,80,55,35.5,68,2691,20260929,0.3,2,22.5,-29,0.2,9.7,54.4,60,0,0,false,24.5,3.34,above,-4.5,0.6,2609,2769,-1.55,-5.46,3.49,0.5,1.36,632,4.26,5.92,-28.1,2609,2564,2769,2818,0.61,نقدشوندگی پایین | خروج مستمر پول حقیقی | 54٪ بالای MA200 | نقدشوندگی کمتر از ۱۰ میلیارد تومان | شناوری کم (5٪) | آخرین معامله 20260929 (متوقف یا کم‌معامله)
خودرو,ایران‌ خودرو,خودرو و ساخت قطعات,45.8,خنثی,85,45,35.1,10,688,20260930,3,-0.9,25.1,-26.4,-3.3,6.5,24.3,51.1,1,0,false,23,3.54,above,-12.5,0.85,674,730,102.03,-230.76,1.13,-131.04,512.31,,,,,674,662,730,786,1.6,واگرایی منفی RSI | بدون EPS مثبت | واگرایی منفی
خعمرا,توسعه و عمران شهرستان نائین,خودرو و ساخت قطعات,45.5,خنثی,100,63,26.6,25,7330,20260930,0.2,18.6,42.3,-9.2,11.5,30.2,44.2,75.8,5,1,true,41.6,3.27,above,-2.7,1.78,6321,7530,-0.04,0.03,0.87,-3.97,1.81,458,16,,,7090,6850,7530,8010,0.42,نقدشوندگی پایین | رشد عمودی (42٪ در ۶۰ روز، 30٪ بالای MA50) | نقدشوندگی کمتر از ۱۰ میلیارد تومان | صف فروش در ۵ روز اخیر
بساما,بیمه سامان,بیمه وصندوق بازنشستگی به جزتامین اجتماعی,45.5,خنثی,100,63,1.5,10,15040,20260930,-1.5,28.5,46,-5.5,8.4,25.4,43.5,72.8,0,0,true,53.9,3.4,above,-5.9,0.75,12900,15990,-8.6,-15,0.59,-8.84,4.87,,,18.13,,14528,14016,15990,17014,0.93,خروج مستمر پول حقیقی | بدون EPS مثبت | سرانه خرید ضعیف (0.59) | نقدشوندگی کمتر از ۱۰ میلیارد تومان
شارپیلن,پتروشیمی ارغوان گسترایلام,محصولات شیمیایی,45.3,خنثی,100,50,51,10,3400,20260930,4.3,6.3,9.7,-41.8,4.7,6,,99.7,20,0,true,92.3,2.69,above,-8.4,2.56,3033,3711,0.17,0.17,0.82,-3.22,0.44,,,9.63,,3309,3217,3711,3894,1.7,نقدشوندگی پایین | اشباع خرید | بدون EPS مثبت | سهم صفی: 20 روز از ۲۰ روز در صف (ریسک نقدشوندگی و اجرای حد ضرر) | نقدشوندگی کمتر از ۱۰ میلیارد تومان
ولغدر,لیزینگ‌خودروغدیر,سایر واسطه گریهای مالی,45.3,خنثی,90,65,17,4,3620,20260930,-4.7,10.4,63.4,11.9,-1.1,16.8,46.4,57.5,3,1,false,57.5,4.01,above,-8.6,1.65,3480,3900,-0.7,3.16,0.65,-18.25,7.76,80,45.25,9.94,355.2,3480,3408,3900,3960,1.32,P/E بالا (45) | سرانه خرید ضعیف (0.65) | نقدشوندگی کمتر از ۱۰ میلیارد تومان | صف فروش در ۵ روز اخیر
ثعتما,س. ساختمانی اعتماد گستر,انبوه سازی، املاک و مستغلات,45.3,خنثی,100,70,35,10,54580,20260930,13.1,33.2,122.6,71.2,20.9,35.5,73.2,87,1,0,true,52,3.44,above,-0.6,0.49,44602,,0,-4.4,1.88,2.37,1.86,,,,,52702,50824,60213,63969,1.5,نقدشوندگی پایین | واگرایی منفی RSI | اشباع خرید | فاصله زیاد از MA20 | خروج مستمر پول حقیقی | بدون EPS مثبت | رشد عمودی (123٪ در ۶۰ روز، 36٪ بالای MA50) | 73٪ بالای MA200 | واگرایی منفی | نقدشوندگی کمتر از ۱۰ میلیارد تومان
تشتاد,صنایع تولیدی اشتاد ایران‌,خودرو و ساخت قطعات,45.2,خنثی,100,70,34.9,10,7870,20260930,14.5,53.6,52.1,0.6,23,43.3,54.3,89.8,5,0,true,54.4,2.88,above,-0.4,1.11,6400,,0,-0.12,1.6,1.99,1.07,,,,,7643,7416,8551,9005,1.5,نقدشوندگی پایین | اشباع خرید | فاصله زیاد از MA20 | بدون EPS مثبت | رشد عمودی (52٪ در ۶۰ روز، 43٪ بالای MA50) | 54٪ بالای MA200 | نقدشوندگی کمتر از ۱۰ میلیارد تومان
بمولد,مولد نیروگاهی تجارت فارس,عرضه برق، گاز، بخاروآب گرم,45.1,خنثی,65,38,38,34,8740,20260930,2.1,-5.2,46.2,-5.3,-3.6,2.8,48.2,48.1,3,0,false,24.7,3.65,above,-14.1,0.84,8090,8950,-10.02,-5.75,3.14,11.01,8.15,778,11.23,10.04,11.9,8421,7942,8950,10125,0.26,حد ضرر دور (9.1٪) | نقدشوندگی کمتر از ۱۰ میلیارد تومان
اخشان,اخشان خراسان,زراعت و خدمات وابسته,44.8,خنثی,88,45,61.5,16,17390,20260930,5.4,-3.6,19.7,-31.7,1.2,6.3,48.7,54.6,2,0,false,18.6,3.34,above,-8.1,0.61,16765,18914,0.02,-8.7,6.98,5.89,2.48,1452,11.98,8.07,48.4,16809,16475,18914,20077,1.67,نقدشوندگی پایین | خروج مستمر پول حقیقی | 183٪ بالای کف ۵۲ هفته | نقدشوندگی کمتر از ۱۰ میلیارد تومان
فجوش,جوش‌ و اکسیژن‌ ایران‌,ساخت محصولات فلزی,44.6,خنثی,100,60,60.5,10,5230,20260928,4,17.3,141.2,89.8,9.6,32.5,137.1,91.1,8,0,true,65.8,2.06,above,-1.5,0.46,4630,,0.08,-0.46,1.8,0.52,0.94,,,,,5122,5014,5554,5770,1.5,نقدشوندگی پایین | اشباع خرید | بدون EPS مثبت | سهم صفی: 8 روز از ۲۰ روز در صف (ریسک نقدشوندگی و اجرای حد ضرر) | رشد عمودی (141٪ در ۶۰ روز، 32٪ بالای MA50) | 137٪ بالای MA200 | نقدشوندگی کمتر از ۱۰ میلیارد تومان | آخرین معامله 20260928 (متوقف یا کم‌معامله)
قنیشا,قند  نیشابور,قند و شکر,44.5,خنثی,100,63,3.4,4,3470,20260930,2.1,16,50.1,-1.4,3.2,17.4,46.5,61.9,0,0,false,53.8,3.23,above,-3.9,0.88,3260,3610,-1.69,-9.22,0.9,-3.57,5.09,119,29.16,9.8,197.5,3358,3204,3610,3834,0.53,واگرایی منفی RSI | خروج مستمر پول حقیقی | واگرایی منفی | حد ضرر دور (7.7٪) | نقدشوندگی کمتر از ۱۰ میلیارد تومان
وکار,بانک‌ کارآفرین‌,بانکها و موسسات اعتباری,44.4,خنثی,90,65,1.5,16,5990,20260930,-6.6,4.5,80.7,29.3,-2.6,23.8,109.6,60.1,0,0,false,56.9,3.38,above,-8.4,0.44,3500,6420,-55.98,-373.13,0.61,-54.3,47.32,650,9.22,5.4,70.7,5787,5585,6420,6540,1.06,خروج مستمر پول حقیقی | 110٪ بالای MA200 | سرانه خرید ضعیف (0.61)
وملت,سرمایه گذاری ملت,سرمایه گذاریها,44.3,خنثی,100,50,45,32,4470,20260922,4,10.6,30.6,-20.9,5.1,11.8,23,99.4,20,0,true,92.6,0.86,above,-0.7,1.92,3935,,0,0,5.58,0.53,0.07,491,9.1,,,4432,4394,4585,4661,1.5,نقدشوندگی پایین | اشباع خرید | سهم صفی: 20 روز از ۲۰ روز در صف (ریسک نقدشوندگی و اجرای حد ضرر) | نقدشوندگی کمتر از ۱۰ میلیارد تومان | آخرین معامله 20260922 (متوقف یا کم‌معامله)
حرهشا,رهشاد سپاهان (سهامی عام,حمل ونقل، انبارداری و ارتباطات,44.2,خنثی,90,75,28.9,20,29640,20260930,1.1,6.6,60.9,9.5,-0.2,11.2,34.1,60.9,0,0,false,38.7,3.48,above,-6.6,1.06,29160,30336,-1.48,-4.65,1.32,0.66,1.47,351,84.44,,,29160,28645,30336,31718,0.7,نقدشوندگی پایین | واگرایی منفی RSI | خروج مستمر پول حقیقی | P/E بالا (84) | واگرایی منفی | نقدشوندگی کمتر از ۱۰ میلیارد تومان
وفیروزه,گروه توسعه مالی فیروزه,سرمایه گذاریها,44.2,خنثی,68,55,35,16,5270,20260930,2.5,2.1,30.1,-21.3,1.1,6.4,,55.2,1,0,false,17.6,3.26,,-7.2,0.5,5010,5495,-8.41,-93.78,4.4,28.84,19.16,451,11.69,7.13,63.9,5098,4924,5495,5680,0.65,واگرایی منفی RSI | خروج مستمر پول حقیقی | واگرایی منفی
درهآور,دارویی ره آورد تامین,مواد و محصولات دارویی,43.9,خنثی,65,30,26.5,47,15020,20260930,2.3,-6.9,20.7,-30.7,-4.5,2.8,39.2,47.9,1,0,false,25.5,3.75,above,-16,0.88,13780,16790,4.24,-41.68,0.77,-11.79,14.73,1808,8.31,8.86,-6.2,14457,13612,16790,17880,1.26,واگرایی منفی RSI | خروج مستمر پول حقیقی | سرانه خرید ضعیف (0.77) | واگرایی منفی | حد ضرر دور (9.4٪)
سیلام,سیمان‌ ایلام‌,سیمان، آهک و گچ,43.8,خنثی,95,55,8.3,9,22720,20260930,2.2,5.9,38,-13.4,2.6,13.2,41,58.6,0,0,false,22.7,3.62,above,-2.8,0.81,20810,23320,-2.58,-12.78,1.11,-3.53,6.17,1179,19.27,7.14,169.9,21898,20665,23320,24964,0.29,خروج مستمر پول حقیقی | حد ضرر دور (9.0٪) | نقدشوندگی کمتر از ۱۰ میلیارد تومان
آینده,بازرگانی آینده سازان بهشت پارس,زراعت و خدمات وابسته,43.6,خنثی,90,70,60.5,10,4930,20260928,8.6,35.1,52.1,0.6,14.1,18,10.2,82.3,20,0,true,37.3,2.02,above,-29.5,1.33,4804,5303,0,0.24,4.8,0.7,0.27,,,,,4830,4754,5303,5820,2.11,نقدشوندگی پایین | اشباع خرید | بدون EPS مثبت | سهم صفی: 20 روز از ۲۰ روز در صف (ریسک نقدشوندگی و اجرای حد ضرر) | نقدشوندگی کمتر از ۱۰ میلیارد تومان | آخرین معامله 20260928 (متوقف یا کم‌معامله)
وتجارت,بانک تجارت,بانکها و موسسات اعتباری,43.6,خنثی,95,53,2,16,950,20260930,6.5,-3.3,44.9,-6.6,0.4,15.5,72.5,58,1,0,false,39.5,3.61,above,-8.8,0.79,866,1015,-414.06,-1845.39,0.82,-432.38,900.67,105,9.05,5.4,67.5,916,864,1015,1042,0.76,خروج مستمر پول حقیقی | 73٪ بالای MA200 | حد ضرر دور (9.0٪)
فنفت,صنایع تجهیزات نفت,فلزات اساسی,43.4,خنثی,85,45,1.5,34,4880,20260930,-1.2,-3.6,34.1,-17.4,-1.2,5.3,37.2,51.6,0,0,false,23,3.42,above,-10.6,0.84,4810,5310,-1.27,-5.39,0.75,-8.48,7.25,529,9.22,8.05,14.6,4810,4727,5310,5460,2.8,سرانه خرید ضعیف (0.75) | نقدشوندگی کمتر از ۱۰ میلیارد تومان
حفارس,حمل و نقل بین المللی خلیج فارس,حمل ونقل، انبارداری و ارتباطات,43.3,خنثی,100,60,1,4,9420,20260930,4.6,46.7,104.5,53,15.3,45.4,156.9,81.9,4,1,true,69.7,2.99,above,-1.7,1.11,8480,,-59.57,-64.56,0.76,-40.7,36.36,149,63.22,19.33,227.1,9138,8856,10265,10829,1.5,اشباع خرید | فاصله زیاد از MA20 | خروج مستمر پول حقیقی | رشد عمودی (104٪ در ۶۰ روز، 45٪ بالای MA50) | P/E بالا (63) | 157٪ بالای MA200 | سرانه خرید ضعیف (0.76) | صف فروش در ۵ روز اخیر
قشکر,شکر,قند و شکر,43.3,خنثی,85,75,1,10,5360,20260930,4.3,5.9,89.7,38.2,-1.9,16.3,64,57.2,6,0,false,37,3.34,above,-13.8,1.14,4890,6220,-1.71,-1.38,0.76,-11.36,7.2,,,9.8,,5181,4913,6220,6578,1.92,بدون EPS مثبت | سهم صفی: 6 روز از ۲۰ روز در صف (ریسک نقدشوندگی و اجرای حد ضرر) | 64٪ بالای MA200 | سرانه خرید ضعیف (0.76) | حد ضرر دور (8.3٪) | نقدشوندگی کمتر از ۱۰ میلیارد تومان
کارام,صنایع سرام آرا,کاشی و سرامیک,43.1,خنثی,90,80,50.5,10,2034,20260922,9.8,12.7,-8.7,-60.2,11.5,19.7,0.3,67.5,3,0,true,25.1,3.33,above,-24.6,0.99,1968,2122,-0.03,0.44,3.21,0.07,0.49,,,,,1968,1934,2122,2166,0.88,نقدشوندگی پایین | بدون EPS مثبت | نقدشوندگی کمتر از ۱۰ میلیارد تومان | آخرین معامله 20260922 (متوقف یا کم‌معامله)
فماک,ماداکتو استیل کرد,فلزات اساسی,43.1,خنثی,100,50,3.2,9,33310,20260930,1.7,25.7,155.1,103.6,9.7,40.1,138.4,77.3,5,0,false,74.7,3.51,above,-3.3,1.14,31022,34050,-2.97,-10.88,0.85,-11.91,9.93,2086,15.97,8.05,98.4,32142,30438,34050,36385,0.26,واگرایی منفی RSI | خروج مستمر پول حقیقی | رشد عمودی (155٪ در ۶۰ روز، 40٪ بالای MA50) | 138٪ بالای MA200 | واگرایی منفی | حد ضرر دور (8.6٪) | نقدشوندگی کمتر از ۱۰ میلیارد تومان
تپولا,مهندسی مرآت پولاد,خدمات فنی و مهندسی,43,خنثی,100,63,31.4,10,20140,20260930,3,20,48.1,-3.4,5.2,17.1,36.1,63.2,7,1,false,38.2,3.56,above,-6.9,0.8,19390,21640,0,0,1.46,1.67,1.34,,,,,19422,19031,21640,23075,1.35,نقدشوندگی پایین | بدون EPS مثبت | سهم صفی: 7 روز از ۲۰ روز در صف (ریسک نقدشوندگی و اجرای حد ضرر) | نقدشوندگی کمتر از ۱۰ میلیارد تومان | صف فروش در ۵ روز اخیر
تفیرو,مهندسی فیروزا,ماشین آلات و تجهیزات,42.8,خنثی,100,70,15,20,284500,20260930,10,40.5,104,52.5,18,43.6,193.1,100,20,0,true,95.9,1.55,above,0,1.3,160990,,0,0,1,-0.14,0.12,6541,43.49,,,280077,275654,297769,306615,1.5,نقدشوندگی پایین | اشباع خرید | فاصله زیاد از MA20 | سهم صفی: 20 روز از ۲۰ روز در صف (ریسک نقدشوندگی و اجرای حد ضرر) | رشد عمودی (104٪ در ۶۰ روز، 44٪ بالای MA50) | P/E بالا (43) | 193٪ بالای MA200 | نقدشوندگی کمتر از ۱۰ میلیارد تومان
بالاس,مهندسی ساختمان تاسیسات راه آهن,پیمانکاری صنعتی,42.7,خنثی,49,55,23.1,45,51590,20260930,4.9,5.3,-3.7,-55.2,1.8,8,-3.8,56.5,1,0,false,18.6,3.56,inside,-36.7,0.59,50860,56600,-0.09,-0.14,1.09,4.25,12.31,1907,27.05,25.78,4.9,50860,49941,56600,59700,3.04,
خفنر,فنرسازی‌خاور,خودرو و ساخت قطعات,42.6,خنثی,65,30,33.5,35,2431,20260930,0.9,-11.2,18.2,-33.2,-2.6,4.4,50.1,49.7,4,1,false,24,3.88,above,-16.9,1.08,2385,2631,3.5,-8.87,1.06,-12.93,13.88,130,18.7,,,2385,2338,2631,2926,2.15,50٪ بالای MA200 | صف فروش در ۵ روز اخیر
قنقش,قند نقش جهان,قند و شکر,42.5,خنثی,90,63,1.5,10,2010,20260930,6.6,15.7,51,-0.5,3.8,11.3,8.6,63.5,1,0,false,27.8,3.82,above,-27.6,0.83,1960,2067,-1.27,-3.47,0.5,-8.43,5.19,,,,,1960,1922,2067,2124,0.65,بدون EPS مثبت | سرانه خرید ضعیف (0.50) | نقدشوندگی کمتر از ۱۰ میلیارد تومان
کورز,ورزیران‌,سایر محصولات کانی غیرفلزی,42.4,خنثی,100,40,37.7,20,7650,20260930,5.5,39.6,40.6,-10.8,12.6,33.3,59.5,85.4,11,0,true,41.7,3.09,above,-3.2,1.95,7100,,0,4.64,0.89,-1.54,1.92,133,57.52,,,7414,7059,8359,8832,1.2,نقدشوندگی پایین | اشباع خرید | سهم صفی: 11 روز از ۲۰ روز در صف (ریسک نقدشوندگی و اجرای حد ضرر) | رشد عمودی (41٪ در ۶۰ روز، 33٪ بالای MA50) | P/E بالا (58) | 59٪ بالای MA200 | حد ضرر دور (7.7٪) | نقدشوندگی کمتر از ۱۰ میلیارد تومان
وسالت,بانک قرض الحسنه رسالت,بانکها و موسسات اعتباری,42.3,خنثی,60,55,43.1,10,3910,20260930,2.4,1.3,0.8,-50.7,-2.1,5.4,-4.4,52.6,9,1,false,31.2,2.3,above,-45.5,0.83,3751,3980,0.21,-4.14,1.46,-1.35,3.97,,,,,3820,3706,3980,4214,0.34,خروج مستمر پول حقیقی | بدون EPS مثبت | سهم صفی: 9 روز از ۲۰ روز در صف (ریسک نقدشوندگی و اجرای حد ضرر) | نقدشوندگی کمتر از ۱۰ میلیارد تومان | صف فروش در ۵ روز اخیر
غگز,صنایع غذایی سکه,محصولات غذایی و آشامیدنی به جز قند و شکر,42.3,خنثی,25,65,63,24,3390,20260930,9,1.2,-42.9,-94.4,-1.3,-7.9,3.7,47.6,6,0,true,24.6,3.61,below,-45.3,0.52,3080,3920,15.3,17.01,2.24,-2.21,30.15,81,41.85,7.05,493.6,3267,3084,3920,4757,1.73,سهم صفی: 6 روز از ۲۰ روز در صف (ریسک نقدشوندگی و اجرای حد ضرر) | P/E بالا (42) | توزیع: ورود حقیقی با سرانه خرید ضعیف (0.65 در ۲۰ روز) | حد ضرر دور (9.0٪)
تاپکیش,تجارت الکترونیک پارسیان کیش,رایانه و فعالیت‌های وابسته به آن,41.6,خنثی,25,30,88.5,24,2475,20260930,-0.5,-4.2,12.1,-39.4,-3.4,-10.1,41.4,42.3,0,0,false,17.3,3.85,below,-25.3,0.99,2413,2676,28.08,19.93,5.34,15.85,9.87,96,25.78,8.89,190,2413,2365,2676,2856,1.83,توزیع: ورود حقیقی با سرانه خرید ضعیف (0.79 در ۲۰ روز) | 196٪ بالای کف ۵۲ هفته | نقدشوندگی کمتر از ۱۰ میلیارد تومان
شلیا,شرکت مواد ویژه لیا,سایر محصولات کانی غیرفلزی,41.6,خنثی,100,60,18.5,20,25200,20260930,4.8,37.7,109.1,57.7,16.6,50.7,153.2,86.1,3,0,true,77.9,2.98,above,-0.1,0.82,24594,,0,0,0.94,0.2,2.84,1094,23.03,,,24594,24219,27450,28949,2.29,نقدشوندگی پایین | اشباع خرید | فاصله زیاد از MA20 | رشد عمودی (109٪ در ۶۰ روز، 51٪ بالای MA50) | 153٪ بالای MA200 | نقدشوندگی کمتر از ۱۰ میلیارد تومان
بمپنا,تولید برق عسلویه  مپنا,عرضه برق، گاز، بخاروآب گرم,41.2,خنثی,85,50,3.9,19,7720,20260930,-3.3,3.1,58.5,7.1,-6.9,13.7,49,48.9,2,0,false,37.7,3.6,above,-17.8,0.38,7270,9390,-2.44,-42.15,0.9,-6.16,21.45,576,13.4,10.04,33.5,7442,7131,9390,9946,2.84,خروج مستمر پول حقیقی | حد ضرر دور (7.6٪)
فرابورس,فرابورس ایران,فعالیتهای کمکی به نهادهای مالی واسط,41,خنثی,88,55,5.4,9,7400,20260930,1.9,6.9,14.9,-36.5,0.9,9.1,49.2,56,1,1,false,16.6,3.41,above,-7.6,0.58,7320,8010,-2.8,-70.93,0.96,-12.73,85.49,441,16.78,9.46,77.4,7320,7194,8010,8515,2.96,174٪ بالای کف ۵۲ هفته | صف فروش در ۵ روز اخیر
وطوبی,سرمایه گذاری اقتصاد شهر طوبی,سرمایه گذاریها,40.9,خنثی,100,63,24.4,9,5950,20260930,1.4,26.3,43.7,-7.7,8,26.5,106.6,75.9,0,0,true,59.9,2.39,above,-4.8,2.18,4570,,-2.13,-6.03,1.28,-3.3,1.37,459,12.96,8.73,48.5,5808,5665,6377,6662,1.5,نقدشوندگی پایین | خروج مستمر پول حقیقی | 107٪ بالای MA200 | نقدشوندگی کمتر از ۱۰ میلیارد تومان
خنور,نورایستا پلاستیک,خودرو و ساخت قطعات,40.8,خنثی,65,30,35,26,8400,20260930,4.6,-14.8,40.4,-11.1,-6,4.2,18.7,48,3,1,false,30.3,3.77,above,-19.6,0.92,8306,8720,-3.39,-19.75,1.67,22.3,16.3,745,11.28,5.87,92.1,8306,8148,8720,9450,1.27,خروج مستمر پول حقیقی | صف فروش در ۵ روز اخیر
پشاهن,تولیدی پلاستیک‌ شاهین,لاستیک و پلاستیک,40.7,خنثی,100,70,21.9,25,121100,20260927,11.3,35.4,85.8,34.3,18,36.3,62.7,93.1,20,0,true,60.8,2.47,above,0,1.72,91457,,0,0,1.28,-0.45,0.15,7250,16.7,,,118109,115118,130074,136056,1.5,نقدشوندگی پایین | واگرایی منفی RSI | اشباع خرید | فاصله زیاد از MA20 | سهم صفی: 20 روز از ۲۰ روز در صف (ریسک نقدشوندگی و اجرای حد ضرر) | رشد عمودی (86٪ در ۶۰ روز، 36٪ بالای MA50) | 63٪ بالای MA200 | واگرایی منفی | نقدشوندگی کمتر از ۱۰ میلیارد تومان | آخرین معامله 20260927 (متوقف یا کم‌معامله)
قشیر,قند شیروان قوچان و بجنورد,قند و شکر,40.6,خنثی,75,55,4.3,24,16510,20260930,5.4,7.6,37.7,-13.8,0.4,12.4,49.8,59.2,0,0,false,26.3,3.73,above,-7.6,0.74,15950,17860,-1.88,-6.23,0.93,-2.02,7.56,1524,10.83,9.57,13.2,15950,15642,17860,19092,1.56,نقدشوندگی کمتر از ۱۰ میلیارد تومان
وارس,سرمایه گذاری ارس صبا,سرمایه گذاریها,40.6,خنثی,31,30,61,60,14840,20260929,1.2,-2.8,18.2,-33.2,-3,-7.9,39.9,42.9,4,0,false,26.1,3.9,inside,-23.5,0.47,14353,15040,0.05,-25.42,5.17,1.65,8.53,3770,3.94,,,14353,14064,15040,17150,0.26,خروج مستمر پول حقیقی | 191٪ بالای کف ۵۲ هفته | نقدشوندگی کمتر از ۱۰ میلیارد تومان | آخرین معامله 20260929 (متوقف یا کم‌معامله)
فلات,گروه صنایع معادن فلات ایرانیان,سرمایه گذاریها,40.4,خنثی,100,70,35.5,10,28940,20260928,15.8,55.6,172,120.6,26.1,57,107.3,93.3,12,0,true,71.4,2.59,above,0,0.4,19650,,-0.93,-17.75,4.45,1.36,2.32,,,,,28190,27441,31189,32689,1.5,نقدشوندگی پایین | اشباع خرید | فاصله زیاد از MA20 | خروج مستمر پول حقیقی | بدون EPS مثبت | سهم صفی: 12 روز از ۲۰ روز در صف (ریسک نقدشوندگی و اجرای حد ضرر) | رشد عمودی (172٪ در ۶۰ روز، 57٪ بالای MA50) | 107٪ بالای MA200 | نقدشوندگی کمتر از ۱۰ میلیارد تومان | آخرین معامله 20260928 (متوقف یا کم‌معامله)
شتهران,داروسازی تهران شیمی,مواد و محصولات دارویی,40.3,خنثی,50,70,35,70,6770,20260928,3.1,10.6,-17.4,-68.9,5.7,1.3,-22.7,67.2,20,0,true,37.4,0.92,below,-40.5,0.91,6004,6951,0,0,3.8,0.29,0.1,1711,3.96,,,6707,6645,6951,7136,1.44,نقدشوندگی پایین | سهم صفی: 20 روز از ۲۰ روز در صف (ریسک نقدشوندگی و اجرای حد ضرر) | نقدشوندگی کمتر از ۱۰ میلیارد تومان | آخرین معامله 20260928 (متوقف یا کم‌معامله)
آریان,سرمایه گذاری پارس آریان,سرمایه گذاریها,40.1,خنثی,100,38,1,9,7860,20260930,0.3,25.6,49.1,-2.3,7.8,27.5,68.4,78.8,1,0,false,69.9,3.22,above,-2.7,0.5,6650,8080,-43.66,-189.39,0.45,-45.53,32.53,492,15.98,8.73,83,7607,7354,8080,8586,0.43,اشباع خرید | خروج مستمر پول حقیقی | 68٪ بالای MA200 | سرانه خرید ضعیف (0.45)
گپارس,امور رفاهی کارگزاران پارس,هتل و رستوران,40.1,خنثی,100,63,29.8,20,287500,20260929,3.5,28.5,42.2,-9.3,10.6,17,54.6,78.4,0,0,true,25.4,3.86,above,-3.9,1.19,220600,293550,0,-0.17,1.39,1.08,0.61,723,397.65,,,276390,265281,293550,315769,0.27,نقدشوندگی پایین | اشباع خرید | P/E بالا (398) | 55٪ بالای MA200 | حد ضرر دور (7.7٪) | نقدشوندگی کمتر از ۱۰ میلیارد تومان | آخرین معامله 20260929 (متوقف یا کم‌معامله)
بپاس,بیمه پاسارگاد,بیمه وصندوق بازنشستگی به جزتامین اجتماعی,40,خنثی,100,45,0,4,12990,20260930,1.7,6,55.9,4.5,3,10.4,76.4,86.6,0,0,false,23.6,1.6,above,-0.3,0.77,12860,,-30.34,-150.31,0.39,-32.25,11.79,484,26.84,18.13,48,12860,12756,13612,14027,2.66,اشباع خرید | خروج مستمر پول حقیقی | 76٪ بالای MA200 | سرانه خرید ضعیف (0.39)
بپردیس,بیمه پردیس,بیمه وصندوق بازنشستگی به جزتامین اجتماعی,40,خنثی,100,75,0,20,3023,20260930,3,8.1,108.4,57,0.4,25.8,78.1,61.7,4,0,false,40.8,3.24,above,-8.3,0.77,2848,3298,-2.02,-4.12,0.6,-0.9,0.83,129,23.43,,,2925,2799,3298,3494,1.23,نقدشوندگی پایین | واگرایی منفی RSI | خروج مستمر پول حقیقی | رشد عمودی (108٪ در ۶۰ روز، 26٪ بالای MA50) | 78٪ بالای MA200 | سرانه خرید ضعیف (0.60) | واگرایی منفی | حد ضرر دور (7.4٪) | نقدشوندگی کمتر از ۱۰ میلیارد تومان
فسا,پتروشیمی فسا,محصولات شیمیایی,40,خنثی,100,50,35,25,782,20260922,4.7,12.2,14.2,-37.3,9.5,16.7,22,80.1,15,0,true,48.6,1.87,above,-1.1,0.55,755,,-0.11,-0.11,7.44,0.26,0.14,47,16.64,,,767,747,826,855,1.27,نقدشوندگی پایین | اشباع خرید | سهم صفی: 15 روز از ۲۰ روز در صف (ریسک نقدشوندگی و اجرای حد ضرر) | نقدشوندگی کمتر از ۱۰ میلیارد تومان | آخرین معامله 20260922 (متوقف یا کم‌معامله)
اروند,پتروشیمی اروند,محصولات شیمیایی,39.9,اجتناب,81,45,7.5,19,53830,20260930,-1.4,7.8,-3.6,-55,-1.9,8.5,,52.2,2,0,false,34.4,3.27,inside,-20.2,0.98,52240,58131,-232.81,-329.46,1.08,-28.48,106.73,3275,16.44,9.63,70.7,52240,51359,58131,60430,1.74,خروج مستمر پول حقیقی | شناوری کم (13٪)
ثتوسا,س.توسعه و عمران استان اردبیل,انبوه سازی، املاک و مستغلات,39.8,اجتناب,40,45,65.1,10,15910,20260930,0.4,-1.7,16.5,-35,-3.1,10.7,-44.3,53,7,1,false,27.5,3.48,above,-75.4,0.63,14890,18100,0.85,0.33,1.14,0.05,7,,,,,15357,14613,18100,21850,1.69,بدون EPS مثبت | سهم صفی: 7 روز از ۲۰ روز در صف (ریسک نقدشوندگی و اجرای حد ضرر) | حد ضرر دور (8.1٪) | نقدشوندگی کمتر از ۱۰ میلیارد تومان | صف فروش در ۵ روز اخیر
چفیبر,تولید فیبر ایران‌,محصولات چوبی,39.6,اجتناب,50,30,39.2,35,6750,20260930,4.2,-16.4,-6,-57.5,-6.4,-0.8,28.8,44.4,7,1,false,35.6,3.82,above,-21,0.68,6120,7560,2.34,-1.96,1.31,-4.2,7.64,224,30.13,28.93,4.2,6492,6105,7560,8540,1.26,سهم صفی: 7 روز از ۲۰ روز در صف (ریسک نقدشوندگی و اجرای حد ضرر) | P/E بالا (30) | حد ضرر دور (9.6٪) | نقدشوندگی کمتر از ۱۰ میلیارد تومان | صف فروش در ۵ روز اخیر
بسویچ,پارس‌سویچ‌,ماشین آلات و دستگاه‌های برقی,39.5,اجتناب,90,55,2,44,4980,20260930,-2,0.8,33.6,-17.9,-4.3,13.3,48.4,53.7,1,0,false,41.5,3.75,above,-12.3,0.69,4041,5510,-0.85,-2.49,0.64,-3.25,2.55,676,7.37,6.15,19.8,4793,4607,5510,5680,1.42,نقدشوندگی پایین | سرانه خرید ضعیف (0.64) | حد ضرر دور (7.5٪) | نقدشوندگی کمتر از ۱۰ میلیارد تومان
فبیرا,بسته‌ بندی‌ ایران‌,ساخت محصولات فلزی,39.4,اجتناب,85,50,20.6,35,2296,20260930,-4,-3.7,90.7,39.2,-5.5,6.8,68.1,46.6,9,1,false,38.9,3.73,above,-17.6,0.74,2205,2711,0,0.08,1.02,-0.27,2.26,155,14.81,,,2210,2162,2711,2786,3.1,نقدشوندگی پایین | واگرایی منفی RSI | سهم صفی: 9 روز از ۲۰ روز در صف (ریسک نقدشوندگی و اجرای حد ضرر) | 68٪ بالای MA200 | واگرایی منفی | نقدشوندگی کمتر از ۱۰ میلیارد تومان | صف فروش در ۵ روز اخیر
ودانا,سرمایه گذاری دانایان,سرمایه گذاریها,39.1,اجتناب,100,53,11.9,42,5430,20260929,1.9,19.3,42.1,-9.3,4,19.3,25.4,65.7,6,1,false,49.8,3.19,above,-15.3,0.77,5313,5774,0,0,1.27,-0.36,1.89,487,11.15,,,5313,5226,5774,5888,1.69,نقدشوندگی پایین | سهم صفی: 6 روز از ۲۰ روز در صف (ریسک نقدشوندگی و اجرای حد ضرر) | نقدشوندگی کمتر از ۱۰ میلیارد تومان | صف فروش در ۵ روز اخیر | آخرین معامله 20260929 (متوقف یا کم‌معامله)
فمراد,آلومراد,فلزات اساسی,38.8,اجتناب,90,45,1,10,3730,20260930,-4.6,8.1,36.4,-15,-0.2,12.1,36.9,56.5,3,1,false,37,3.74,above,-9,0.82,3630,3780,-1.67,-3.52,0.76,-10,7.75,,,13.48,,3630,3560,3780,4100,0.29,واگرایی منفی RSI | بدون EPS مثبت | سرانه خرید ضعیف (0.76) | واگرایی منفی | نقدشوندگی کمتر از ۱۰ میلیارد تومان | صف فروش در ۵ روز اخیر
شپلی,پلی اکریل ایران,محصولات شیمیایی,38.6,اجتناب,70,50,0.5,30,6210,20260930,-8,11.3,73.9,22.5,-6.1,5.1,116.6,47.2,9,2,false,35.5,3.43,above,-16.1,1.67,5740,7400,-18.71,-21.52,0.57,-115.7,43.13,237,26.2,,,5997,5678,7400,7826,2.23,سهم صفی: 9 روز از ۲۰ روز در صف (ریسک نقدشوندگی و اجرای حد ضرر) | 117٪ بالای MA200 | سرانه خرید ضعیف (0.57) | حد ضرر دور (8.6٪) | صف فروش در ۵ روز اخیر
پلاسک,پلاسکوکار,لاستیک و پلاستیک,38.5,اجتناب,90,40,3.9,10,5640,20260930,-0.5,1.4,21.9,-29.5,-3.2,6.6,26.1,49.7,0,0,false,31.2,4.02,above,-12,0.87,5490,5700,-0.84,-1.87,0.92,-2.24,3.32,,,8.21,,5490,5377,5700,5900,0.23,بدون EPS مثبت | نقدشوندگی کمتر از ۱۰ میلیارد تومان
غنوش,نوش‌ مازندران‌,محصولات غذایی و آشامیدنی به جز قند و شکر,38.3,اجتناب,65,55,17.2,14,17550,20260930,2.1,3.1,0.9,-50.5,-1.9,3,38.8,50.2,4,0,false,18.2,3.54,above,-12.8,0.36,17290,18050,-12.14,13.64,0.81,-27.94,75.72,487,36.04,8.53,322.5,17290,16979,18050,19740,0.88,P/E بالا (36) | توزیع: ورود حقیقی با سرانه خرید ضعیف (0.78 در ۲۰ روز) | 187٪ بالای کف ۵۲ هفته
خکاوه,سایپا دیزل,خودرو و ساخت قطعات,38.3,اجتناب,70,40,2,35,875,20260930,-3.4,-6.8,66,14.6,-3.5,3.9,26.1,48.6,0,0,false,27.1,3.95,above,-12.5,1.05,796,891,-24.46,-26.66,0.68,-89.15,59.35,53,16.51,,,840,789,891,947,0.19,واگرایی منفی RSI | سرانه خرید ضعیف (0.68) | واگرایی منفی | حد ضرر دور (9.9٪)
اوان,مبین وان کیش,اطلاعات و ارتباطات,38.3,اجتناب,85,45,1,14,14080,20260930,1.3,-1.9,40.9,-10.5,-3.8,10.1,77.1,51.9,1,0,false,33.4,3.89,above,-14.5,0.96,13640,16460,-9.76,-11.9,0.75,-10.55,8.52,8,1760,11.65,15007.3,13640,13366,16460,17556,3.33,خروج مستمر پول حقیقی | P/E بالا (1760) | 77٪ بالای MA200 | سرانه خرید ضعیف (0.75) | نقدشوندگی کمتر از ۱۰ میلیارد تومان
وهنر,گروه توسعه هنر ایران,فعالیت های هنری، سرگرمی و خلاقانه,38,اجتناب,75,63,1.5,10,4750,20260930,10.2,6.3,43.9,-7.6,3.1,17.4,-23.3,62.6,0,0,false,26.9,3.51,above,-52.1,0.79,4430,4850,-10.87,-22.64,0.63,-7.75,4.95,,,,,4583,4347,4850,4980,0.25,واگرایی منفی RSI | خروج مستمر پول حقیقی | بدون EPS مثبت | سرانه خرید ضعیف (0.63) | واگرایی منفی | حد ضرر دور (8.5٪) | نقدشوندگی کمتر از ۱۰ میلیارد تومان
وآتوس,گروه سرمایه گذاری توسکا,سرمایه گذاریها,37.9,اجتناب,65,38,53,10,1474,20260927,-8.4,2.5,43.6,-7.8,-2.3,5.7,-2.6,49.5,3,1,false,29.3,3.63,above,-43.2,1.03,1447,1497,1.48,7.2,0.62,-7.33,6.15,,,,,1447,1420,1497,1533,0.43,بدون EPS مثبت | توزیع: ورود حقیقی با سرانه خرید ضعیف (0.84 در ۲۰ روز) | سرانه خرید ضعیف (0.62) | نقدشوندگی کمتر از ۱۰ میلیارد تومان | صف فروش در ۵ روز اخیر | آخرین معامله 20260927 (متوقف یا کم‌معامله)
انرژی,بورس انرژی ایران,فعالیتهای کمکی به نهادهای مالی واسط,37.3,اجتناب,65,45,21.3,14,23220,20260930,4.9,-4,18.7,-32.8,-2.1,6.1,59.8,52.1,0,0,false,28.2,3.82,above,-11,0.62,21470,23535,-26.69,71.09,0.95,-49.9,77.84,522,44.48,5.92,651.4,22332,21026,23535,25950,0.14,P/E بالا (44) | توزیع: ورود حقیقی با سرانه خرید ضعیف (0.74 در ۲۰ روز) | 60٪ بالای MA200 | حد ضرر دور (9.4٪)
خفناور,مهندسی صنعتی روان فن آور,خودرو و ساخت قطعات,37,اجتناب,100,55,4.1,20,25320,20260930,8.3,16.8,37.2,-14.3,4.4,17.4,34.1,62.8,1,0,false,35.4,3.64,above,-5.2,0.76,23800,26700,-1.95,-3.45,0.95,-0.75,2.62,344,73.6,,,24399,23339,26700,28543,0.7,نقدشوندگی پایین | واگرایی منفی RSI | خروج مستمر پول حقیقی | P/E بالا (74) | واگرایی منفی | حد ضرر دور (7.8٪) | نقدشوندگی کمتر از ۱۰ میلیارد تومان
افرا,افرانت,رایانه و فعالیت‌های وابسته به آن,36.9,اجتناب,25,43,54.1,29,9170,20260930,7,-13.7,-23.4,-74.9,-4.5,-15.4,30.2,37,3,0,true,33.3,3.88,below,-34.1,0.34,8320,10020,3.74,86.2,0.86,-8.79,41.02,605,15.16,8.89,70.5,8814,8280,10020,10240,0.96,توزیع: ورود حقیقی با سرانه خرید ضعیف (0.52 در ۲۰ روز) | 201٪ بالای کف ۵۲ هفته | حد ضرر دور (9.7٪)
ثنوسا,نوسازی‌وساختمان‌تهران‌,انبوه سازی، املاک و مستغلات,36.8,اجتناب,65,30,31.1,14,8870,20260930,1,-7,25.3,-26.2,-4.9,3,29.4,47.4,1,0,false,28.5,3.64,above,-17.5,0.92,8525,9040,0.51,-4.3,0.96,-5.22,9.1,62,143.06,6.61,2064.4,8547,8363,9040,9380,0.34,واگرایی منفی RSI | P/E بالا (143) | واگرایی منفی | نقدشوندگی کمتر از ۱۰ میلیارد تومان
بایکا,کارخانجات کابلسازی ‌ایران‌,ماشین آلات و دستگاه‌های برقی,36.7,اجتناب,100,50,6.9,20,30960,20260930,8.7,27.4,24.8,-26.6,11.5,23.2,39.7,84,1,0,true,36.7,3.37,above,-1.8,1.05,28962,,-0.58,-3.68,1.05,-0.47,0.93,523,59.2,,,29916,28440,34091,36179,1.24,نقدشوندگی پایین | اشباع خرید | خروج مستمر پول حقیقی | P/E بالا (59) | حد ضرر دور (8.1٪) | نقدشوندگی کمتر از ۱۰ میلیارد تومان
تمحرکه,ماشین سازی نیرو محرکه,ماشین آلات و تجهیزات,36.6,اجتناب,90,38,18.2,30,8340,20260930,-5.5,13.3,42.1,-9.4,-3.6,9.4,15.7,50,6,0,false,47.3,3.39,above,-17.3,1.28,8167,8530,0,0.13,0.93,-0.73,1.48,5,1668,,,8167,8025,8530,8800,0.6,نقدشوندگی پایین | سهم صفی: 6 روز از ۲۰ روز در صف (ریسک نقدشوندگی و اجرای حد ضرر) | P/E بالا (1668) | نقدشوندگی کمتر از ۱۰ میلیارد تومان
پلاست,کارخانجات تولیدی پلاستیران,لاستیک و پلاستیک,36.3,اجتناب,25,55,47,24,2067,20260930,10.5,-5.4,-37.1,-88.5,-1.6,-13.5,22.3,43,2,0,true,38.8,3.76,below,-43.8,0.46,2012,2150,0.32,-3.99,1.62,-7.34,30.26,93,22.23,9.84,125.9,2012,1973,2150,2325,0.88,
شگامرن,مجتمع پترو صنعت گامرون,محصولات شیمیایی,36.2,اجتناب,100,23,62.5,4,27520,20260927,0.5,10,42.9,-8.5,6.2,23.1,42.9,83,0,0,false,46.9,2.65,above,-2.5,0.95,26269,28237,0.66,-2.26,2.08,0.45,0.4,288,95.56,8.01,1093,26791,25904,28237,29696,0.44,نقدشوندگی پایین | واگرایی منفی RSI | اشباع خرید | خروج مستمر پول حقیقی | P/E بالا (96) | واگرایی منفی | نقدشوندگی کمتر از ۱۰ میلیارد تومان | آخرین معامله 20260927 (متوقف یا کم‌معامله)
قاروم,قند ارومیه,قند و شکر,36,اجتناب,100,15,30,42,116800,20260922,1,9.8,34.7,-16.7,3.4,12,38.5,99.5,17,0,false,95.1,0.91,above,-0.9,0.31,86825,,0,0,1.4,0,0.09,22219,5.26,,,115741,114682,119978,122096,1.5,نقدشوندگی پایین | اشباع خرید | سهم صفی: 17 روز از ۲۰ روز در صف (ریسک نقدشوندگی و اجرای حد ضرر) | نقدشوندگی کمتر از ۱۰ میلیارد تومان | آخرین معامله 20260922 (متوقف یا کم‌معامله)
ثنظام,س. ساختمانی نظام مهندسی ایران,انبوه سازی، املاک و مستغلات,35.4,اجتناب,51,30,86.5,10,73070,20260930,7.5,-8,5.1,-46.4,-1.3,-4.7,24.4,49.1,5,1,false,28.6,3.69,inside,-12.5,1.01,70380,78250,0.04,1.95,2.35,0.77,0.71,,,,,70380,69033,78250,79790,1.28,نقدشوندگی پایین | بدون EPS مثبت | نقدشوندگی کمتر از ۱۰ میلیارد تومان | صف فروش در ۵ روز اخیر
کایتا,ایتالران‌,سایر محصولات کانی غیرفلزی,34.8,اجتناب,70,55,41.1,10,16500,20260930,5,6.8,15.4,-36.1,2.2,9.4,-9,57.7,1,1,false,31.7,3.66,above,-53.5,1.09,16170,16815,0,0.61,1.24,0.59,0.91,,,,,16170,15868,16815,17185,0.5,نقدشوندگی پایین | بدون EPS مثبت | نقدشوندگی کمتر از ۱۰ میلیارد تومان | صف فروش در ۵ روز اخیر
اپرداز,آتیه داده پرداز,اطلاعات و ارتباطات,33.5,اجتناب,65,30,5,27,4920,20260930,-1,-0.2,26.2,-25.3,-7.8,1.9,35.3,44.3,2,0,false,33.1,3.85,above,-18.5,0.83,4830,6040,-5.43,-37.22,0.96,-11.54,9,332,14.82,11.65,27.2,4830,4735,6040,6419,6.06,خروج مستمر پول حقیقی | نقدشوندگی کمتر از ۱۰ میلیارد تومان
دشیمی,شیمی‌ داروئی‌ داروپخش‌,مواد و محصولات دارویی,33.3,اجتناب,65,50,1,14,43230,20260930,2.7,-9.6,108.9,57.4,-5.9,6.4,88.9,48.7,1,0,false,38.9,3.52,above,-17.9,0.99,40850,46380,-7.95,-71.07,0.54,-29.45,12.32,2096,20.63,12.91,59.8,41710,40090,46380,51120,1,واگرایی منفی RSI | خروج مستمر پول حقیقی | رشد عمودی (109٪ در ۶۰ روز، 6٪ بالای MA50) | 89٪ بالای MA200 | سرانه خرید ضعیف (0.54) | واگرایی منفی | حد ضرر دور (7.3٪)
وبصادر,بانک صادرات ایران,بانکها و موسسات اعتباری,33,اجتناب,65,45,4.2,14,963,20260930,-0.6,-5.9,31.9,-19.5,-3,11.2,46.7,51.9,2,0,false,30.7,3.54,above,-10.5,0.63,926,974,-176.24,-628.63,0.91,-207.78,326.83,5,192.6,5.4,3466.7,929,909,974,1072,0.19,خروج مستمر پول حقیقی | P/E بالا (193)
تپمپی,پمپ‌ سازی‌ ایران‌,ماشین آلات و تجهیزات,32.4,اجتناب,100,53,11.2,16,7370,20260927,0.1,7.9,42,-9.5,2.9,17.2,68.7,61.4,0,0,false,46.5,3.57,above,-6.7,1.89,7135,7900,-3.46,-11.83,0.83,-2.31,2.94,787,9.36,5.15,81.8,7135,7003,7900,8426,1.45,نقدشوندگی پایین | واگرایی منفی RSI | خروج مستمر پول حقیقی | 69٪ بالای MA200 | واگرایی منفی | نقدشوندگی کمتر از ۱۰ میلیارد تومان | آخرین معامله 20260927 (متوقف یا کم‌معامله)
وثخوز,سرمایه گذاری و توسعه خوزستان,انبوه سازی، املاک و مستغلات,31.8,اجتناب,39,30,86.3,10,5210,20260930,5.5,-1.7,-4.9,-56.4,0,1.9,-3.5,49.5,3,1,false,14.1,3.88,inside,-36.8,0.54,5065,5450,2.14,5.38,1.55,2.78,2.98,,,,,5065,4964,5450,5620,0.97,نقدشوندگی پایین | واگرایی منفی RSI | بدون روند (ADX پایین) | بدون EPS مثبت | واگرایی منفی | نقدشوندگی کمتر از ۱۰ میلیارد تومان | صف فروش در ۵ روز اخیر
دانا,بیمه دانا,بیمه وصندوق بازنشستگی به جزتامین اجتماعی,31.5,اجتناب,40,30,43.8,10,2255,20260930,2.1,-5.5,11.7,-39.8,-4.5,1.6,-4.9,45.3,1,0,false,22.9,3.49,above,-29.7,1.22,2180,2328,2.02,-17.27,1.11,-0.34,4.67,,,4.59,,2180,2141,2328,2479,0.64,واگرایی منفی RSI | خروج مستمر پول حقیقی | بدون EPS مثبت | واگرایی منفی | نقدشوندگی کمتر از ۱۰ میلیارد تومان
پاریز,پاریز شرق,انبوه سازی، املاک و مستغلات,31.4,اجتناب,0,30,87.5,14,39190,20260930,9.3,-22,12.5,-39,-5.3,-11.1,,42.5,11,0,false,37.2,3.64,,-24.6,1.13,38383,41413,9.32,15.97,44.7,45.87,13.27,823,47.62,23.59,101.9,38383,37670,41413,45615,1.46,سهم صفی: 11 روز از ۲۰ روز در صف (ریسک نقدشوندگی و اجرای حد ضرر) | P/E بالا (48)
سپ,پرداخت الکترونیک سامان کیش,رایانه و فعالیت‌های وابسته به آن,31,اجتناب,90,45,8.1,12,14490,20260930,-2,1.3,34.7,-16.8,-0.9,13.6,15.8,57.5,1,0,false,43.9,3.91,above,-6,0.56,14325,15001,-0.17,-1.87,1.08,-0.05,0.79,662,21.89,18.19,20.3,14325,14041,15001,15334,1.14,نقدشوندگی پایین | واگرایی منفی RSI | خروج مستمر پول حقیقی | واگرایی منفی | نقدشوندگی کمتر از ۱۰ میلیارد تومان | شناوری کم (10٪)
ثفارس,عمران‌وتوسعه‌فارس‌,انبوه سازی، املاک و مستغلات,30.9,اجتناب,40,30,27.5,24,14660,20260930,-2.8,-1.9,10.4,-41.1,-7.2,0.1,-7.4,43.4,2,1,false,26.2,3.71,above,-36.4,1.04,14403,15068,-6.68,138.01,0.58,-140.12,79.38,264,55.53,6.61,740.1,14403,14132,15068,16000,0.77,P/E بالا (56) | توزیع: ورود حقیقی با سرانه خرید ضعیف (0.70 در ۲۰ روز) | سرانه خرید ضعیف (0.58) | صف فروش در ۵ روز اخیر
وپاسار,بانک  پاسارگاد,بانکها و موسسات اعتباری,30.9,اجتناب,25,18,53,26,8790,20260930,-7,-19.1,-15.7,-67.2,-11.2,-12,27.1,30.1,2,2,false,40.5,3.9,below,-23.1,0.42,8100,8940,131.98,6379.09,0.46,-338.77,554.1,813,10.81,5.4,100.2,8447,7932,8940,9640,0.17,172٪ بالای کف ۵۲ هفته | سرانه خرید ضعیف (0.46) | حد ضرر دور (9.8٪) | صف فروش در ۵ روز اخیر
شرنگی,شیمیایی رنگین,محصولات شیمیایی,29.6,اجتناب,90,55,2.4,4,18990,20260930,-2.4,-6,62.5,11.1,-2,12.7,55.3,53.5,1,0,false,37.2,4.19,above,-8.8,0.94,18197,20817,-4.89,-14.28,0.86,-5.16,2.6,317,59.91,8.01,647.9,18197,17799,20817,22408,1.53,نقدشوندگی پایین | واگرایی منفی RSI | خروج مستمر پول حقیقی | P/E بالا (60) | 55٪ بالای MA200 | واگرایی منفی | نقدشوندگی کمتر از ۱۰ میلیارد تومان
تکنو,تکنوتار,ماشین آلات و تجهیزات,29.5,اجتناب,25,47,26.5,24,4100,20260930,2,-9.7,-35,-86.5,-6.2,-27.8,18.8,29.4,2,0,true,55.3,4.06,below,-55.4,0.7,4000,4300,1.06,-14.57,0.67,-29.21,25.57,154,26.62,5.15,417,4000,3917,4300,4382,1.09,251٪ بالای کف ۵۲ هفته | سرانه خرید ضعیف (0.67)
آپ,آسان پرداخت پرشین,رایانه و فعالیت‌های وابسته به آن,29.3,اجتناب,10,18,76.6,14,10300,20260930,-2.9,-12.5,-2.6,-54.1,-7.8,-8.7,-3.2,35.9,1,0,false,21.4,3.82,below,-20.1,1.07,10107,10613,18.27,36.06,1.15,5.84,6.26,86,119.77,18.19,558.4,10107,9910,10613,10914,0.8,P/E بالا (120) | توزیع: ورود حقیقی با سرانه خرید ضعیف (0.78 در ۲۰ روز) | نقدشوندگی کمتر از ۱۰ میلیارد تومان
ثشاهد,سرمایه‌ گذاری‌ شاهد,انبوه سازی، املاک و مستغلات,28.6,اجتناب,70,45,0.5,14,11560,20260928,-3.2,1,33.6,-17.8,-2.6,12.7,40.2,51.9,4,1,false,36.9,3.61,above,-12.3,0.83,10790,11790,-27.85,-80,0.61,-73.21,53.32,560,20.64,6.61,212.3,11143,10581,11790,13180,0.24,واگرایی منفی RSI | خروج مستمر پول حقیقی | سرانه خرید ضعیف (0.61) | واگرایی منفی | حد ضرر دور (8.5٪) | صف فروش در ۵ روز اخیر | آخرین معامله 20260928 (متوقف یا کم‌معامله)
وایران,لیزینگ ایرانیان,سایر واسطه گریهای مالی,28.2,اجتناب,40,30,16.6,24,5020,20260930,3.3,-12.2,10.8,-40.6,-4.9,3.2,-24.6,47.3,0,0,false,31.1,3.84,above,-59.8,0.55,4740,5099,0,0.28,0.81,-4.31,8.06,200,25.1,9.94,152.5,4827,4644,5099,5957,0.21,توزیع: ورود حقیقی با سرانه خرید ضعیف (0.60 در ۲۰ روز) | حد ضرر دور (7.5٪) | نقدشوندگی کمتر از ۱۰ میلیارد تومان
سلار,شرکت سیمان لارستان,سیمان، آهک و گچ,28,اجتناب,65,30,20,30,2995,20260930,4.7,-13.4,19.7,-31.8,-5.7,3,33.1,47.2,5,0,false,28.9,3.56,above,-16.8,0.79,2790,3044,0,-0.12,4.96,-0.85,2.23,114,26.27,,,2888,2737,3044,3286,0.19,نقدشوندگی پایین | واگرایی منفی RSI | واگرایی منفی | حد ضرر دور (8.6٪) | نقدشوندگی کمتر از ۱۰ میلیارد تومان
فبستم,صنایع ‌بسته‌بندی‌ مشهد,ساخت محصولات فلزی,27.4,اجتناب,50,8,53,30,15770,20260930,-9.3,-6.2,8.6,-42.9,-9.1,-1.7,2.9,39.2,1,0,false,24.3,4.53,above,-19.7,2.15,15116,16285,2,4.09,0.68,-11.36,2.02,396,39.82,,,15116,14759,16285,16648,0.51,نقدشوندگی پایین | P/E بالا (40) | توزیع: ورود حقیقی با سرانه خرید ضعیف (0.62 در ۲۰ روز) | سرانه خرید ضعیف (0.68) | نقدشوندگی کمتر از ۱۰ میلیارد تومان
میدکو,توسعه معادن وص.معدنی خاورمیانه,فلزات اساسی,26.8,اجتناب,35,30,27,14,6380,20260930,1.4,-6.7,-11.5,-63,-3.7,-2.1,15.2,44.5,1,0,false,14.6,3.55,below,-15.9,0.57,6230,6450,-12.57,253.5,0.57,-137.05,129.19,93,68.6,13.48,408.9,6230,6117,6450,6610,0.27,واگرایی منفی RSI | بدون روند (ADX پایین) | P/E بالا (69) | توزیع: ورود حقیقی با سرانه خرید ضعیف (0.55 در ۲۰ روز) | سرانه خرید ضعیف (0.57) | واگرایی منفی | شناوری کم (9٪)
پارتا,مجتمع صنعتی آرتاویل تایر,لاستیک و پلاستیک,26.1,اجتناب,100,50,0.5,4,19800,20260929,0.4,17.2,56.2,4.7,3.5,30.2,89.5,73.9,0,0,false,52.8,2.75,above,-4.2,0.3,19416,20660,-1.99,-9.57,0.51,-1.29,1.77,985,20.1,9.84,104.3,19416,19144,20660,21749,1.31,نقدشوندگی پایین | واگرایی منفی RSI | خروج مستمر پول حقیقی | رشد عمودی (56٪ در ۶۰ روز، 30٪ بالای MA50) | 89٪ بالای MA200 | سرانه خرید ضعیف (0.51) | واگرایی منفی | نقدشوندگی کمتر از ۱۰ میلیارد تومان | آخرین معامله 20260929 (متوقف یا کم‌معامله)
حپترو,حمل و نقل پتروشیمی( سهامی عام,حمل ونقل، انبارداری و ارتباطات,25.5,اجتناب,65,30,26,14,16980,20260930,-1.2,-6.2,25.3,-26.2,-4.1,6.2,17.5,49.6,2,2,false,31.9,3.74,above,-14,0.7,16675,17280,0.08,-2.6,0.6,-1.79,2.11,623,27.26,19.33,41,16675,16358,17280,18020,0.48,نقدشوندگی پایین | واگرایی منفی RSI | خروج مستمر پول حقیقی | سرانه خرید ضعیف (0.60) | واگرایی منفی | نقدشوندگی کمتر از ۱۰ میلیارد تومان | صف فروش در ۵ روز اخیر
ثزاگرس,سرمایه گذاری توسعه عمران زاگرس,انبوه سازی، املاک و مستغلات,25.5,اجتناب,0,55,18,40,109300,20260930,-1.2,4.8,-34.4,-85.9,-2.2,-4.3,-25.6,45.1,3,0,true,26.4,4.23,below,-49.9,0.81,103200,111885,-0.04,0.06,0.92,-2.78,6.32,123,888.62,,,104680,100890,111885,113600,0.31,P/E بالا (889) | توزیع: ورود حقیقی با سرانه خرید ضعیف (0.88 در ۲۰ روز) | حد ضرر دور (7.7٪) | نقدشوندگی کمتر از ۱۰ میلیارد تومان
رانفور,خدمات‌انفورماتیک‌,رایانه و فعالیت‌های وابسته به آن,23,اجتناب,31,18,26.5,14,4940,20260930,-2.4,-5.7,-3.8,-55.2,-6.4,-7.5,26,39,1,0,false,14.4,3.86,inside,-17,0.63,3696,5080,-6.78,56.34,0.49,-17.98,11.29,154,32.08,18.19,76.3,4749,4558,5080,5275,0.37,بدون روند (ADX پایین) | P/E بالا (32) | سرانه خرید ضعیف (0.49) | حد ضرر دور (7.7٪) | شناوری کم (14٪)
قتربت,قند تربت حیدریه,قند و شکر,21.2,اجتناب,0,18,26.5,44,8730,20260930,5.8,-20.1,11.6,-39.8,-6.3,-11.7,,39.1,0,0,false,32.2,3.86,below,-25.2,0.32,8330,8890,1.89,-16.75,0.8,-1.39,6.98,775,11.26,9.57,17.7,8393,8162,8890,9645,0.28,خروج مستمر پول حقیقی | 180٪ بالای کف ۵۲ هفته | سرانه خرید ضعیف (0.80) | نقدشوندگی کمتر از ۱۰ میلیارد تومان
سدشت,صنایع سیمان دشتستان,سیمان، آهک و گچ,20.4,اجتناب,65,30,0.5,19,39790,20260930,-3.2,-2.7,11.9,-39.5,-8.3,1.3,26.9,42,3,1,false,21.8,3.91,above,-19.8,1.05,39200,46300,-0.71,-0.81,0.53,-4.5,2.04,2835,14.04,7.14,96.6,39200,38421,46300,49630,4.76,نقدشوندگی پایین | سرانه خرید ضعیف (0.53) | نقدشوندگی کمتر از ۱۰ میلیارد تومان | شناوری کم (13٪) | صف فروش در ۵ روز اخیر
فکمند,گسترش قطعه سازی کمند,ساخت محصولات فلزی,19.4,اجتناب,48,35,41.9,10,12090,20260928,0.8,-2.7,4.2,-47.2,-1.4,7.5,-14.1,51.9,1,0,false,18.8,4.15,above,-53.9,0.97,11597,12683,0.04,0.11,0.86,-1.54,2.91,,,,,11597,11346,12683,12890,0.8,نقدشوندگی پایین | بدون EPS مثبت | توزیع: ورود حقیقی با سرانه خرید ضعیف (0.86 در ۲۰ روز) | نقدشوندگی کمتر از ۱۰ میلیارد تومان | آخرین معامله 20260928 (متوقف یا کم‌معامله)
ثامان,سامان‌ گستراصفهان‌,انبوه سازی، املاک و مستغلات,18.1,اجتناب,16,30,0,29,27720,20260930,-12.5,-30,48.1,-3.4,-21.7,-19,-32.4,23.1,8,4,false,44.8,4.49,inside,-64,1.09,20550,36485,-2.01,-15.87,0.23,-77.67,34.08,1764,15.71,6.61,137.7,26477,25233,36485,38474,3.52,واگرایی منفی RSI | سهم صفی: 8 روز از ۲۰ روز در صف (ریسک نقدشوندگی و اجرای حد ضرر) | سرانه خرید ضعیف (0.23) | واگرایی منفی | حد ضرر دور (9.0٪) | صف فروش در ۵ روز اخیر
تکشا,گسترش‌صنایع‌وخدمات‌کشاورزی‌,ماشین آلات و تجهیزات,17,اجتناب,35,8,15.5,24,8750,20260928,-8,-5.2,-24.1,-75.6,-10.7,-6.8,2.5,34.1,4,2,false,23.5,4.44,below,-41.1,1.08,8490,9010,-0.35,4.37,0.36,-33.2,10.7,310,28.23,5.15,448.1,8490,8296,9010,9390,0.57,توزیع: ورود حقیقی با سرانه خرید ضعیف (0.64 در ۲۰ روز) | سرانه خرید ضعیف (0.36) | صف فروش در ۵ روز اخیر | آخرین معامله 20260928 (متوقف یا کم‌معامله)
نبروج,نساجی بروجرد,منسوجات,15,اجتناب,55,55,0,10,19520,20260914,4.1,-3.1,-11.9,-63.3,2.3,-8.8,11.8,45.3,12,0,true,48.7,1.25,below,-24.3,0.56,18380,22188,0,0,,0,0.37,,,,,19276,19033,22188,22725,5.48,نقدشوندگی پایین | بدون EPS مثبت | سهم صفی: 12 روز از ۲۰ روز در صف (ریسک نقدشوندگی و اجرای حد ضرر) | 1041٪ بالای کف ۵۲ هفته | نقدشوندگی کمتر از ۱۰ میلیارد تومان | آخرین معامله 20260914 (متوقف یا کم‌معامله)
کشرق,صنعتی و معدنی شمال شرق شاهرود,استخراج زغال سنگ,14.3,اجتناب,31,30,26,10,129400,20260930,5.5,-11,35.8,-15.7,-2.6,-5.6,31.7,46.1,3,0,false,25.3,3.95,inside,-22.1,0.6,126300,133200,0,-0.33,0.8,-0.72,1.35,,,15.48,,126300,123746,133200,144300,0.67,نقدشوندگی پایین | بدون EPS مثبت | نقدشوندگی کمتر از ۱۰ میلیارد تومان
تاتمس,کارخانجات صنعتی وتولیدی اتمسفر,ماشین آلات و تجهیزات,9.6,اجتناب,35,8,0,30,12550,20260930,-10.2,-12.5,-14.7,-66.2,-8.8,-3.4,14.1,38.1,4,3,false,27.2,3.51,below,-16.9,0.69,12078,12994,-0.24,-4.98,0.39,-0.99,0.51,248,50.6,,,12110,11858,12994,13274,0.64,نقدشوندگی پایین | واگرایی منفی RSI | خروج مستمر پول حقیقی | P/E بالا (51) | سرانه خرید ضعیف (0.39) | واگرایی منفی | نقدشوندگی کمتر از ۱۰ میلیارد تومان | صف فروش در ۵ روز اخیر
خلیبل,مالیبل سایپا,خودرو و ساخت قطعات,8.6,اجتناب,50,30,0.4,10,1741,20260929,-2.1,-11.7,4.3,-47.1,-6.5,-2.2,7.2,43.4,1,0,false,26.1,4.02,above,-16.2,0.71,1720,1797,0,0,0.81,-0.68,0.57,,,,,1720,1685,1797,1842,1,نقدشوندگی پایین | بدون EPS مثبت | نقدشوندگی کمتر از ۱۰ میلیارد تومان | آخرین معامله 20260929 (متوقف یا کم‌معامله)
ساذری,آذریت‌,سایر محصولات کانی غیرفلزی,4.1,اجتناب,10,18,20,10,27160,20260930,2,-8.1,-35,-86.5,-5.3,-17.1,-14.7,37,1,0,false,44.4,4.09,below,-37.3,0.87,25767,27795,0,-0.12,2.14,-0.43,0.74,,,,,26050,25212,27795,28258,0.33,نقدشوندگی پایین | بدون EPS مثبت | حد ضرر دور (7.2٪) | نقدشوندگی کمتر از ۱۰ میلیارد تومان
