symbol,name,sector,score,signal,trend,momentum,money,value,close,lastDate,ret5,ret20,ret60,rs60,vsSma20,vsSma50,vsSma200,rsi,lockedDays20,sellQueueDays5,macdAboveSignal,adx,atrPct,cloud,fromHigh52,volRatio,support1,resistance1,netReal5B,netReal20B,power5,smt5B,liquidityB,eps,pe,sectorPE,peVsSector,entryLow,stop,target1,target2,rr,flags
ثباغ,شهر سازی و خانه سازی باغمیشه,انبوه سازی، املاک و مستغلات,90.4,قوی ولی پرریسک؛ فعلاً ورود نه,100,88,99,72,8090,20261005,4.3,5.6,39.2,-8.1,7,17.9,60.4,67.5,1,0,true,40.8,3.38,above,0,1.66,7957,,45.63,49.44,6.27,39.53,9.87,1129,7.17,23.59,-69.6,7957,7820,8911,9459,3.04,60٪ بالای MA200 | نقدشوندگی کمتر از ۱۰ میلیارد تومان
سمگا,گروه سرمایه گذاری میراث فرهنگی,هتل و رستوران,88.9,قوی ولی پرریسک؛ فعلاً ورود نه,100,88,97,68,4170,20261005,4,11.2,46,-1.3,5.1,16.1,55.5,62.5,3,0,true,38,3.25,above,-4.6,1.51,4090,,115.21,264.9,2.55,76.22,72.66,1002,4.16,4.69,-11.3,4090,4022,4577,4848,2.75,واگرایی منفی RSI | 56٪ بالای MA200 | واگرایی منفی
فتوسا,تولید و توسعه سرب روی ایرانیان,فلزات اساسی,87.1,پرریسک؛ صفی/رشد عمودی,100,85,88.5,72,7410,20261005,4.2,25.2,79.4,32,7.6,25.6,108.5,70.2,8,0,true,50.2,3.12,above,-2.2,0.98,6470,,3.41,22.49,2.93,39.68,18.99,1389,5.33,8.05,-33.7,7179,6948,8103,8566,1.5,سهم صفی: 8 روز از ۲۰ روز در صف (ریسک نقدشوندگی و اجرای حد ضرر) | 109٪ بالای MA200
ولساپا,لیزینگ رایان‌ سایپا,سایر واسطه گریهای مالی,87,پرریسک؛ صفی/رشد عمودی,100,70,100,72,1797,20261005,15.7,70.3,110.9,63.6,27.9,61,126.6,94.3,15,0,true,69.7,2.39,above,0,1.5,1076,,29.15,114.82,5.49,109.97,26.17,335,5.36,9.94,-46,1754,1711,1926,2011,1.5,اشباع خرید | فاصله زیاد از MA20 | سهم صفی: 15 روز از ۲۰ روز در صف (ریسک نقدشوندگی و اجرای حد ضرر) | رشد عمودی (111٪ در ۶۰ روز، 61٪ بالای MA50) | 127٪ بالای MA200
شجم,صنایع پتروشیمی تخت جمشید,محصولات شیمیایی,86.4,پرریسک؛ صفی/رشد عمودی,100,85,97.5,60,12730,20261005,15.6,21.1,50.3,2.9,17,31.1,41.9,79.7,5,0,true,40.1,2.87,above,0,1.28,11050,,6.72,17.8,1.88,23.74,12.48,1969,6.47,8.01,-19.3,12365,12001,13824,14554,1.5,واگرایی منفی RSI | اشباع خرید | فاصله زیاد از MA20 | رشد عمودی (50٪ در ۶۰ روز، 31٪ بالای MA50) | واگرایی منفی
کرازی,کارخانجات‌تولیدی‌شیشه‌رازی‌,سایر محصولات کانی غیرفلزی,86.3,قوی؛ نزدیک مقاومت، منتظر شکست یا پولبک,100,100,83,62,1971,20261005,6.9,7.4,78.7,31.4,4.8,16.6,71,63.8,5,0,true,26,3.46,above,-3.3,1.85,1839,2032,65.05,113.77,3.55,-7.49,31.4,221,8.92,12.75,-30.1,1903,1805,2032,2168,0.37,توزیع: ورود حقیقی با سرانه خرید ضعیف (0.84 در ۲۰ روز) | 71٪ بالای MA200 | حد ضرر دور (8.4٪)
ثبهساز,بهساز کاشانه تهران,انبوه سازی، املاک و مستغلات,85.7,قوی ولی پرریسک؛ فعلاً ورود نه,83,80,99,80,2106,20261005,13.4,9.7,26.3,-21.1,9.1,12.8,60.7,68,1,0,true,18.5,3.21,above,-0.9,1.65,2033,,39.67,73.02,4.45,103.19,37.22,655,3.22,6.61,-51.4,2038,1999,2309,2444,1.9,61٪ بالای MA200
ولبهمن,شرکت بهمن لیزینگ,سایر واسطه گریهای مالی,85.1,قوی؛ نزدیک مقاومت، منتظر شکست یا پولبک,100,85,84.5,68,3500,20261005,13.5,11.6,72.9,25.6,9.3,27.4,68.6,71.9,5,0,true,38.4,3.32,above,-2,1.86,2810,3570,45.06,68.22,2.16,-8.88,20.23,776,4.51,5.8,-22.2,3384,3268,3570,3802,0.3,69٪ بالای MA200
ثاخت,بین‌المللی‌توسعه‌ساختمان,انبوه سازی، املاک و مستغلات,85,پرریسک؛ صفی/رشد عمودی,100,70,84,80,848,20261005,1.7,11.7,31.1,-16.3,7.2,15.4,59.3,62.4,6,1,true,35.6,3.12,above,-6.8,1.6,808,,25.14,52.1,4.38,-112.24,42.63,199,4.26,6.61,-35.5,822,795,927,980,1.49,سهم صفی: 6 روز از ۲۰ روز در صف (ریسک نقدشوندگی و اجرای حد ضرر) | توزیع: ورود حقیقی با سرانه خرید ضعیف (0.74 در ۲۰ روز) | 59٪ بالای MA200 | صف فروش در ۵ روز اخیر
شدوص,دوده‌ صنعتی‌ پارس‌,محصولات شیمیایی,84.9,پرریسک؛ صفی/رشد عمودی,95,85,97.5,60,8120,20261005,14,5.9,63.4,16,11.5,20.3,71,70.8,6,0,true,42.3,3.11,above,-1.2,2.26,7890,,22.12,62.36,5.07,5.77,20.04,1044,7.78,9.63,-19.2,7890,7764,8878,9384,2.13,سهم صفی: 6 روز از ۲۰ روز در صف (ریسک نقدشوندگی و اجرای حد ضرر) | توزیع: ورود حقیقی با سرانه خرید ضعیف (0.75 در ۲۰ روز) | 71٪ بالای MA200
وسبحان,سرمایه گذاری سبحان,سرمایه گذاریها,84.9,پرریسک؛ صفی/رشد عمودی,100,70,83.5,80,4050,20261005,14.1,26.2,95.7,48.4,15.3,30,106.8,81.7,2,0,true,53.6,2.74,above,-0.2,2.18,3550,,62.75,64.72,1.63,-0.18,12.38,956,4.24,8.73,-51.5,3939,3828,4384,4606,1.5,واگرایی منفی RSI | اشباع خرید | فاصله زیاد از MA20 | رشد عمودی (96٪ در ۶۰ روز، 30٪ بالای MA50) | 107٪ بالای MA200 | واگرایی منفی
حآفرین,ریل پرداز نو آفرین,حمل ونقل، انبارداری و ارتباطات,84.6,پرریسک؛ صفی/رشد عمودی,85,75,86.3,90,2862,20261005,2.8,6,77.1,29.8,-1.9,22.6,80.9,58.6,9,0,false,43.1,3.46,above,-16.8,0.95,2704,3440,10.4,42.58,1.55,19.97,41.54,704,4.07,7.68,-47.1,2763,2654,3440,3638,2.78,سهم صفی: 9 روز از ۲۰ روز در صف (ریسک نقدشوندگی و اجرای حد ضرر) | 81٪ بالای MA200 | حد ضرر دور (7.3٪)
داترا,آترا زیست آرای,مواد و محصولات دارویی,84.3,قوی ولی پرشده؛ منتظر پولبک,100,85,99,50,7970,20261005,14.7,16.7,68.3,20.9,14.5,26.8,,75.7,4,0,true,35.1,3.08,above,-0.4,1.55,7265,,81.06,54.26,16.31,93.36,38.79,777,10.26,12.91,-20.5,7725,7357,8705,9196,1.2,209٪ بالای کف ۵۲ هفته | حد ضرر دور (7.7٪)
بخاور,بیمه زندگی خاورمیانه,بیمه وصندوق بازنشستگی به جزتامین اجتماعی,84.3,پرریسک؛ صفی/رشد عمودی,100,70,99,62,8140,20261005,15.6,30,49.4,2.1,17,28.5,89.2,83.9,8,0,true,38.5,2.51,above,0,1.55,7010,,24.96,13,8.68,23.49,4.31,813,10.01,18.13,-44.8,7936,7731,8753,9162,1.5,اشباع خرید | فاصله زیاد از MA20 | سهم صفی: 8 روز از ۲۰ روز در صف (ریسک نقدشوندگی و اجرای حد ضرر) | 89٪ بالای MA200 | نقدشوندگی کمتر از ۱۰ میلیارد تومان
خیمن,ایمن خودرو شرق,خودرو و ساخت قطعات,83.7,قوی؛ نزدیک مقاومت، منتظر شکست یا پولبک,100,85,66.8,80,5560,20261005,5.7,6.5,67,19.6,10.4,13.9,63.5,72.7,0,0,true,31.2,3.56,above,-2.1,1.39,5310,5650,12.57,45.58,0.99,-37.48,29.37,1533,3.63,5.87,-38.2,5362,5211,5650,6046,0.26,64٪ بالای MA200
خلنت,لنت‌ ترمزایران‌,خودرو و ساخت قطعات,82.1,پرریسک؛ صفی/رشد عمودی,100,85,98.5,42,6730,20261005,14.5,16.8,64.3,16.9,16.3,24.1,74.2,77.6,6,0,true,35.3,2.8,above,0,1.63,6000,,5.66,25.48,3.32,4.75,8.92,1027,6.55,,,6542,6354,7295,7671,1.5,فاصله زیاد از MA20 | سهم صفی: 6 روز از ۲۰ روز در صف (ریسک نقدشوندگی و اجرای حد ضرر) | 74٪ بالای MA200 | نقدشوندگی کمتر از ۱۰ میلیارد تومان
شغدیر,پتروشیمی غدیر,محصولات شیمیایی,82.1,پرریسک؛ صفی/رشد عمودی,100,100,68.3,60,85320,20261005,4.7,12,188.4,141.1,7.3,25.5,111,67.8,1,0,true,63,3.28,above,-4.8,0.83,82210,,31.13,124.15,1.45,-25.2,68.29,12273,6.95,9.63,-27.8,82522,80811,93715,99312,1.86,واگرایی منفی RSI | رشد عمودی (188٪ در ۶۰ روز، 25٪ بالای MA50) | توزیع: ورود حقیقی با سرانه خرید ضعیف (0.83 در ۲۰ روز) | 111٪ بالای MA200 | واگرایی منفی
آسیا,بیمه آسیا,بیمه وصندوق بازنشستگی به جزتامین اجتماعی,81.5,قوی؛ نزدیک مقاومت، منتظر شکست یا پولبک,100,65,74,80,4010,20261005,-1.2,-1.2,49.1,1.8,1.2,10.7,83.9,56.4,4,0,false,26.5,3.54,above,-6.1,1.1,3550,4170,0.51,67.34,1.06,2.83,22.97,1869,2.15,4.59,-53.3,3868,3726,4170,4454,0.56,84٪ بالای MA200 | حد ضرر دور (7.1٪) | شناوری کم (14٪)
شسپا,نفت سپاهان,فراورده های نفتی، کک و سوخت هسته ای,81.1,پرریسک؛ صفی/رشد عمودی,100,85,89.5,47,25290,20261005,15,28.1,72.8,25.4,14.3,29.8,132.9,78.9,8,0,true,45.6,3.03,above,0,0.69,23390,,201.74,226.71,5.79,193.48,95.31,3704,6.83,6.26,9.1,24524,23375,27587,29119,1.2,اشباع خرید | سهم صفی: 8 روز از ۲۰ روز در صف (ریسک نقدشوندگی و اجرای حد ضرر) | توزیع: ورود حقیقی با سرانه خرید ضعیف (0.69 در ۲۰ روز) | 133٪ بالای MA200 | حد ضرر دور (7.6٪)
کهمدا,شیشه‌ همدان‌,سایر محصولات کانی غیرفلزی,80.6,قوی ولی پرریسک؛ فعلاً ورود نه,100,85,62.5,72,6590,20261005,12.6,14.2,68.1,20.8,10.7,23.6,127,74.6,5,0,true,38.6,3.32,above,-1.3,1.01,6370,,-3.55,34.66,3.03,30.14,23.44,981,6.72,12.75,-47.3,6371,6260,7247,7685,1.99,127٪ بالای MA200
فولاد,فولاد مبارکه اصفهان,فلزات اساسی,80.3,پرریسک؛ صفی/رشد عمودی,100,65,77,72,3770,20261005,10.2,38.5,35.1,-12.2,14,32.8,55.4,79.6,3,0,true,57.1,3.19,above,-1,0.92,3409,,207.77,565.26,3.37,247.01,1355.21,518,7.28,13.48,-46,3650,3530,4130,4371,1.5,اشباع خرید | رشد عمودی (35٪ در ۶۰ روز، 33٪ بالای MA50) | 55٪ بالای MA200
تنوین,تامین سرمایه نوین,فعالیتهای کمکی به نهادهای مالی واسط,79.9,قوی ولی پرشده؛ منتظر پولبک,100,85,71.5,60,3209,20261005,13.7,20,95.4,48.1,12.6,27.8,99.2,74.5,4,0,true,38,3.02,above,-1.2,1.49,2964,,42.39,-1.38,5.83,28.52,14.84,605,5.3,5.92,-10.4,3112,2967,3500,3694,1.2,واگرایی منفی RSI | 99٪ بالای MA200 | واگرایی منفی | حد ضرر دور (7.6٪)
داتام,گروه مالی داتام,سرمایه گذاریها,79.9,قوی؛ نزدیک مقاومت، منتظر شکست یا پولبک,90,55,87.5,80,3720,20261005,-0.3,0.2,16.3,-31,-0.7,10.3,41.1,54.8,2,1,false,32.6,3.41,above,-7.8,1.27,3428,3820,2.91,11.87,2.14,13.58,4.64,1405,2.65,7.13,-62.9,3593,3403,3820,4034,0.31,205٪ بالای کف ۵۲ هفته | حد ضرر دور (8.5٪) | نقدشوندگی کمتر از ۱۰ میلیارد تومان | شناوری کم (5٪) | صف فروش در ۵ روز اخیر
شپاس,نفت پاسارگاد,فراورده های نفتی، کک و سوخت هسته ای,79.8,ورود پله‌ای,100,80,88,47,49890,20261005,3.4,2.9,34.4,-12.9,3.8,17.2,29.8,61.8,3,0,true,32.6,3.3,above,-5.3,0.96,49138,,11.82,26.68,2.3,19.87,18.8,6293,7.93,8.12,-2.4,49138,48315,54831,58125,3.14,
غشاذر,پگاه‌آذربایجان‌غربی‌,محصولات غذایی و آشامیدنی به جز قند و شکر,79.3,قوی ولی پرریسک؛ فعلاً ورود نه,100,88,66.8,60,21520,20261005,7.4,10.8,41.9,-5.5,8.6,17.3,81.6,69.6,3,0,true,23.6,3.53,above,-1.6,1.34,20600,,8.85,44.76,0.93,-12.69,13.99,2810,7.66,8.53,-10.2,20761,20220,23798,25316,1.75,واگرایی منفی RSI | 82٪ بالای MA200 | واگرایی منفی
غدشت,دشت‌ مرغاب‌,محصولات غذایی و آشامیدنی به جز قند و شکر,79.1,پرریسک؛ صفی/رشد عمودی,100,73,78,60,4510,20261005,15.1,18.4,46,-1.4,12.5,23,56.7,72.7,6,0,true,20.6,2.93,above,0,1.13,4290,,5.98,8.45,8.23,15.33,9.84,591,7.63,8.53,-10.5,4378,4224,4906,5170,1.38,سهم صفی: 6 روز از ۲۰ روز در صف (ریسک نقدشوندگی و اجرای حد ضرر) | 57٪ بالای MA200 | نقدشوندگی کمتر از ۱۰ میلیارد تومان
زملارد,کشاورزی و دامپروری ملارد شیر,زراعت و خدمات وابسته,79,قوی؛ نزدیک مقاومت، منتظر شکست یا پولبک,100,88,88.5,37,1517,20261005,0.9,2.9,44.1,-3.3,1.7,9.3,56.3,56.5,3,0,true,33.1,3.89,above,-6.2,1.44,1388,1597,21.72,12.28,1.92,63.58,20.03,183,8.29,8.07,2.7,1458,1369,1597,1715,0.54,56٪ بالای MA200 | حد ضرر دور (9.7٪)
فاما,صنعتی‌ آما,ساخت محصولات فلزی,78.6,پرریسک؛ صفی/رشد عمودی,100,75,87.5,47,7080,20261005,7.8,21,95,47.7,5.9,22.3,105.3,68.8,9,0,false,47.3,3.45,above,-3.5,1,6160,7340,6.39,19.38,2.09,9.42,11.62,922,7.68,7.54,1.8,6836,6591,7340,7829,0.53,سهم صفی: 9 روز از ۲۰ روز در صف (ریسک نقدشوندگی و اجرای حد ضرر) | 105٪ بالای MA200
تایرا,تراکتورسازی‌ایران‌,ماشین آلات و تجهیزات,78.5,قوی ولی پرریسک؛ فعلاً ورود نه,100,80,62,68,3460,20261005,4.8,15.2,36.9,-10.4,7,18,51.1,69.2,2,0,true,35,3.57,above,-3.6,1.03,3330,,1.02,-37.45,13.52,0.68,16.59,754,4.59,5.15,-10.9,3336,3268,3831,4078,1.93,واگرایی منفی RSI | خروج مستمر پول حقیقی | 51٪ بالای MA200 | واگرایی منفی
کپرسپولیس,مجتمع کاشی و سنگ پرسپولیس یزد,کاشی و سرامیک,78.5,قوی ولی پرریسک؛ فعلاً ورود نه,100,100,77,37,9510,20261005,8.9,11.4,56.6,9.2,8.8,18.1,,68.6,4,0,true,43.3,3.04,above,-2.9,1.12,9180,,28.74,3.74,31.81,82.26,18.97,966,9.84,9.26,6.3,9221,9036,10376,10953,1.83,واگرایی منفی RSI | واگرایی منفی
نیان,نیان الکترونیک,تولید محصولات کامپیوتری الکترونیکی ونوری,78.4,قوی ولی پرریسک؛ فعلاً ورود نه,100,88,63,60,3940,20261005,5.1,8.5,45.4,-1.9,7.9,16.8,32.6,65.5,2,0,true,29.5,3.2,above,-9.1,1,3900,4185,1.66,-7.56,5.35,26.63,11.12,678,5.81,7.98,-27.2,3900,3837,4185,4473,2.36,واگرایی منفی RSI | واگرایی منفی
لبوتان,گروه‌صنعتی‌بوتان‌,ماشین آلات و تجهیزات,78.3,قوی ولی پرریسک؛ فعلاً ورود نه,100,80,82.3,47,4650,20261005,3.8,4.3,31.2,-16.1,5.5,10.7,48.1,62,1,0,true,37.2,3.57,above,-5.1,1.17,4580,,1.43,27.15,1.35,1.15,7.6,849,5.48,5.15,6.4,4580,4497,5148,5480,3.26,نقدشوندگی کمتر از ۱۰ میلیارد تومان
توریل,توکاریل,حمل ونقل، انبارداری و ارتباطات,78.3,قوی؛ نزدیک مقاومت، منتظر شکست یا پولبک,100,55,89,60,3470,20261005,2.4,4.8,24,-23.4,1.3,12.1,28.7,57.2,1,0,false,30.6,3.43,above,-5.7,1.1,3260,3530,16.51,58.65,4.18,23.47,12.76,616,5.63,7.68,-26.7,3351,3201,3530,3680,0.22,واگرایی منفی RSI | واگرایی منفی | حد ضرر دور (7.8٪)
بتهران,بیمه اتکایی تهران رواک,بیمه وصندوق بازنشستگی به جزتامین اجتماعی,78,پرریسک؛ صفی/رشد عمودی,100,70,74,62,10100,20261005,13.1,51.4,218.3,171,23.2,55.7,,90.3,9,0,true,77.4,2.65,above,-0.1,1.17,7710,,45.11,90.7,1.62,-3.04,16.83,956,10.56,18.13,-41.7,9832,9565,10903,11439,1.5,واگرایی منفی RSI | اشباع خرید | فاصله زیاد از MA20 | سهم صفی: 9 روز از ۲۰ روز در صف (ریسک نقدشوندگی و اجرای حد ضرر) | رشد عمودی (218٪ در ۶۰ روز، 56٪ بالای MA50) | 420٪ بالای کف ۵۲ هفته | واگرایی منفی
فجام,جام‌دارو,ساخت محصولات فلزی,78,قوی ولی پرریسک؛ فعلاً ورود نه,100,100,88,24,19330,20261005,5.5,7.9,91.8,44.4,4.8,19.6,101.6,63.7,3,0,true,38.1,3.17,above,-4.3,1.09,18590,,3.31,12.88,3.6,0.05,6.8,2172,8.9,7.54,18,18718,18284,21166,22389,1.76,واگرایی منفی RSI | توزیع: ورود حقیقی با سرانه خرید ضعیف (0.89 در ۲۰ روز) | 102٪ بالای MA200 | واگرایی منفی | نقدشوندگی کمتر از ۱۰ میلیارد تومان
معین,بیمه ایران - معین,بیمه وصندوق بازنشستگی به جزتامین اجتماعی,77.9,پرریسک؛ صفی/رشد عمودی,100,70,63.5,72,3540,20261005,7.9,23,75.5,28.2,13.2,33.4,68.9,81.1,3,0,true,62.7,3.07,above,-3,1.02,3130,,1.7,-0.85,6.18,41.84,14.12,644,5.5,18.13,-69.7,3431,3323,3866,4083,1.5,اشباع خرید | رشد عمودی (76٪ در ۶۰ روز، 33٪ بالای MA50) | 69٪ بالای MA200
قاسم,قاسم ایران,خرده فروشی،باستثنای وسایل نقلیه موتوری,77.9,پرریسک؛ صفی/رشد عمودی,100,85,89.5,34,2692,20261005,15.8,12.4,54,6.7,14.9,21.4,108.9,73.7,9,0,true,25.5,2.96,above,0,1.19,2458,,78.23,112.55,9.23,75.86,15.17,345,7.8,6.17,26.5,2612,2493,2931,3091,1.2,سهم صفی: 9 روز از ۲۰ روز در صف (ریسک نقدشوندگی و اجرای حد ضرر) | 109٪ بالای MA200 | حد ضرر دور (7.4٪)
کویر,تولیدی فولاد سپید فراب کویر,فلزات اساسی,77.8,پرریسک؛ صفی/رشد عمودی,100,65,77,62,2726,20261005,0.1,35.2,80.3,33,6.6,32.5,80.2,68,14,1,false,58.2,2.98,above,-5.6,0.76,2570,2787,44.62,55.84,5.64,3.55,81.11,292,9.34,13.48,-30.7,2645,2529,2787,2888,0.31,واگرایی منفی RSI | سهم صفی: 14 روز از ۲۰ روز در صف (ریسک نقدشوندگی و اجرای حد ضرر) | رشد عمودی (80٪ در ۶۰ روز، 32٪ بالای MA50) | 80٪ بالای MA200 | واگرایی منفی | حد ضرر دور (7.2٪) | شناوری کم (10٪) | صف فروش در ۵ روز اخیر
وکادو,تکادو,سرمایه گذاریها,77.5,پرریسک؛ صفی/رشد عمودی,100,75,88,42,4850,20261005,13.1,77.4,147.3,100,21.3,57.2,114.8,79.1,7,0,true,48.5,3.77,above,-1.8,0.87,4250,4940,45.42,54.17,9.08,42.43,15.07,668,7.26,,,4667,4484,4940,5306,0.25,اشباع خرید | فاصله زیاد از MA20 | سهم صفی: 7 روز از ۲۰ روز در صف (ریسک نقدشوندگی و اجرای حد ضرر) | رشد عمودی (147٪ در ۶۰ روز، 57٪ بالای MA50) | 115٪ بالای MA200 | حد ضرر دور (7.5٪)
الکتروماد,صنایع الکترونیک مادیران,ماشین آلات و تجهیزات,76.8,پرریسک؛ صفی/رشد عمودی,100,85,47,72,5440,20261005,14.3,16.5,114.4,67.1,10.6,24.1,101.4,72,5,0,true,44,2.87,above,-0.7,1.24,5370,,-22.08,-25.76,15.99,43.18,20.49,957,5.68,9.66,-41.2,5370,5292,5908,6219,3.16,واگرایی منفی RSI | خروج مستمر پول حقیقی | رشد عمودی (114٪ در ۶۰ روز، 24٪ بالای MA50) | 101٪ بالای MA200 | واگرایی منفی
ولپارس,لیزینگ پارسیان,سایر واسطه گریهای مالی,76.8,قوی ولی پرریسک؛ فعلاً ورود نه,100,100,98,9,4280,20261005,7.8,12.6,51.1,3.7,8.1,20.1,51.4,69.9,5,0,true,41.5,3.2,above,-0.5,1.67,3820,,18.52,23.19,115.93,36.1,4.78,307,13.94,9.94,40.3,4143,4006,4691,4966,1.5,51٪ بالای MA200 | نقدشوندگی کمتر از ۱۰ میلیارد تومان
فایرا,آلومینیوم‌ایران‌,فلزات اساسی,76.6,قوی؛ نزدیک مقاومت، منتظر شکست یا پولبک,100,90,42.5,72,15470,20261005,0.3,6,60.1,12.7,2.2,9.8,102.5,57.2,1,0,true,32,3.47,above,-7.5,1.1,15050,15970,23.41,61.31,0.76,-66.38,76.37,2419,6.4,13.48,-52.6,15050,14781,15970,16220,0.73,توزیع: ورود حقیقی با سرانه خرید ضعیف (0.63 در ۲۰ روز) | 102٪ بالای MA200 | سرانه خرید ضعیف (0.76)
غدیس,پاکدیس,محصولات غذایی و آشامیدنی به جز قند و شکر,76.5,قوی ولی پرشده؛ منتظر پولبک,88,85,98.5,34,14330,20261005,11.3,21.5,87.9,40.5,12.2,16.7,87.8,71.8,4,0,true,19.9,3.19,above,0,1.47,13600,,30.71,41.49,1.77,34.91,13.8,1819,7.88,7.05,11.7,13873,13372,15701,16615,1.43,88٪ بالای MA200
وحکمت,بیمه حکمت صبا,بیمه وصندوق بازنشستگی به جزتامین اجتماعی,76.5,ورود پله‌ای,100,70,88,42,1591,20261005,-2,7.9,33.7,-13.6,2.2,9.8,26.2,55.5,1,0,true,28.1,3.82,above,-9.5,1.13,1549,,2.49,12.36,2.08,26.62,12.06,199,7.99,,,1549,1519,1773,1895,2.52,
بترانس,ایران‌ ترانسفو,ماشین آلات و دستگاه‌های برقی,76.4,قوی ولی پرریسک؛ فعلاً ورود نه,100,80,61.5,60,3830,20261005,4.6,17.8,35.3,-12,8.6,18.1,52,69.8,2,0,true,25.9,3.19,above,0,0.7,3570,,-12.77,176.45,2.96,42.35,108.39,747,5.13,6.15,-16.6,3708,3524,4197,4442,1.2,52٪ بالای MA200 | حد ضرر دور (8.0٪)
خکرمان,سرمایه گذاری آرمان گستر پاریز,خودرو و ساخت قطعات,76.4,قوی؛ نزدیک مقاومت، منتظر شکست یا پولبک,100,65,53.5,80,11410,20261005,-1.5,18.9,86.1,38.8,5.1,28.9,103.7,66.8,3,0,false,52,3.64,above,-4.8,0.99,10880,11740,37.86,139.28,0.66,-57.75,42.13,4303,2.65,5.87,-54.8,10994,10672,11740,11990,0.45,واگرایی منفی RSI | توزیع: ورود حقیقی با سرانه خرید ضعیف (0.60 در ۲۰ روز) | 104٪ بالای MA200 | سرانه خرید ضعیف (0.66) | واگرایی منفی
دی,بانک دی,بانکها و موسسات اعتباری,76.3,پرریسک؛ صفی/رشد عمودی,100,90,63,50,1735,20261005,2.9,18.1,65.7,18.4,10.6,28.8,84.7,67.5,9,0,true,30.5,3.05,above,-5.8,1.33,1525,,-116.95,11.39,2.62,181.4,164.81,414,4.19,,,1682,1629,1894,1999,1.5,سهم صفی: 9 روز از ۲۰ روز در صف (ریسک نقدشوندگی و اجرای حد ضرر) | 85٪ بالای MA200
اخابر,مخابرات ایران,مخابرات,76.2,قوی؛ نزدیک مقاومت، منتظر شکست یا پولبک,85,75,95.7,47,1032,20261005,1.8,4.1,60,12.6,-0.2,12.1,76.1,57,3,0,false,30.8,3.68,above,-10.3,1.26,946,1069,114.12,217.89,1.53,45.99,133.04,124,8.32,8.37,-0.6,994,937,1069,1150,0.39,واگرایی منفی RSI | توزیع: ورود حقیقی با سرانه خرید ضعیف (0.76 در ۲۰ روز) | 76٪ بالای MA200 | واگرایی منفی | حد ضرر دور (9.2٪)
کیمیاتک,آریان کیمیا تک,محصولات شیمیایی,76,پرریسک؛ صفی/رشد عمودی,100,85,99,17,23780,20261005,12.4,31.2,75.9,28.5,13.9,29.8,141.1,78.1,7,0,true,49.2,2.83,above,-0.4,1.43,22210,,161.82,166.12,11.97,116.1,32.79,1968,12.08,9.63,25.5,23107,22098,25798,27144,1.2,اشباع خرید | سهم صفی: 7 روز از ۲۰ روز در صف (ریسک نقدشوندگی و اجرای حد ضرر) | 141٪ بالای MA200 | حد ضرر دور (7.1٪)
درازک,دارویی‌ رازک‌,مواد و محصولات دارویی,76,پرریسک؛ صفی/رشد عمودی,100,75,74,50,5040,20261005,3.3,5.4,193.6,146.3,6.7,23.7,144.1,66.8,3,0,false,39.1,3.16,above,-0.4,1.37,4810,,15.48,4.02,1.8,-36.35,56.8,453,11.13,12.91,-13.8,4881,4730,5518,5836,1.54,رشد عمودی (194٪ در ۶۰ روز، 24٪ بالای MA50) | توزیع: ورود حقیقی با سرانه خرید ضعیف (0.74 در ۲۰ روز) | 144٪ بالای MA200
ودی,بیمه  دی,بیمه وصندوق بازنشستگی به جزتامین اجتماعی,76,قوی؛ نزدیک مقاومت، منتظر شکست یا پولبک,100,90,39.9,72,6930,20261005,3,16.5,64.6,17.3,8.4,21.7,57.1,67.4,1,0,true,44.1,3.09,above,-2.7,1.29,6410,7120,-2.01,1.9,1.27,-1.53,3.29,1197,5.79,18.13,-68.1,6716,6395,7120,7548,0.36,واگرایی منفی RSI | 57٪ بالای MA200 | واگرایی منفی | حد ضرر دور (7.7٪) | نقدشوندگی کمتر از ۱۰ میلیارد تومان
شپاکسا,پاکسان‌,محصولات شیمیایی,75.8,پرریسک؛ صفی/رشد عمودی,100,75,73,50,2815,20261005,2,13.3,107.6,60.2,3.1,16.8,94.4,60.2,6,0,false,40.7,3.28,above,-5.5,1.27,2700,2940,1.98,11.43,3.12,-72.02,38.65,327,8.61,9.63,-10.6,2723,2654,2940,3125,0.78,واگرایی منفی RSI | سهم صفی: 6 روز از ۲۰ روز در صف (ریسک نقدشوندگی و اجرای حد ضرر) | رشد عمودی (108٪ در ۶۰ روز، 17٪ بالای MA50) | توزیع: ورود حقیقی با سرانه خرید ضعیف (0.72 در ۲۰ روز) | 94٪ بالای MA200 | واگرایی منفی
زپارس,ملی کشت و صنعت و دامپروری پارس,زراعت و خدمات وابسته,75.8,پرریسک؛ صفی/رشد عمودی,100,85,99,16,48040,20261005,15.5,21.2,67.7,20.4,16.7,32.1,87.2,77,7,0,true,34.7,2.86,above,-0.2,1.5,43190,,18.51,12.76,2.75,9.88,11.61,4640,10.35,6.33,63.6,46666,45292,52162,54910,1.5,واگرایی منفی RSI | فاصله زیاد از MA20 | سهم صفی: 7 روز از ۲۰ روز در صف (ریسک نقدشوندگی و اجرای حد ضرر) | رشد عمودی (68٪ در ۶۰ روز، 32٪ بالای MA50) | 87٪ بالای MA200 | واگرایی منفی | شناوری کم (13٪)
وبانک,سرمایه گذاری گروه توسعه ملی,شرکتهای چند رشته ای صنعتی,75.6,پرریسک؛ صفی/رشد عمودی,100,85,42.6,72,14210,20261005,10.3,24.1,87,39.7,13.5,35.5,89.4,79.3,6,0,true,62.1,3.01,above,-2,1.32,12545,,372.29,-13.58,0.94,-144.55,191.35,2109,6.74,10.88,-38.1,13783,13355,15492,16347,1.5,واگرایی منفی RSI | اشباع خرید | سهم صفی: 6 روز از ۲۰ روز در صف (ریسک نقدشوندگی و اجرای حد ضرر) | رشد عمودی (87٪ در ۶۰ روز، 36٪ بالای MA50) | 89٪ بالای MA200 | واگرایی منفی
دزاگرس,دارویی و نهاده های زاگرس دارو,مواد و محصولات دارویی,75.5,پرریسک؛ صفی/رشد عمودی,100,85,90,24,30440,20261005,15.8,20,73.9,26.6,19.9,27.8,128.7,78.7,7,0,true,48.2,2.71,above,0,0.28,26970,,55.1,119.04,9.27,109.87,83.74,3000,10.15,8.86,14.5,29615,28791,32914,34563,1.5,اشباع خرید | فاصله زیاد از MA20 | سهم صفی: 7 روز از ۲۰ روز در صف (ریسک نقدشوندگی و اجرای حد ضرر) | 129٪ بالای MA200
کلوند,کاشی‌ الوند,کاشی و سرامیک,75.5,قوی ولی پرشده؛ منتظر پولبک,100,85,98,16,8270,20261005,13.4,13.8,68.6,21.3,13.3,26,85.4,77.4,4,0,true,38.7,3.08,above,-1.4,1.28,7640,,11.39,45.42,5.29,17.22,15.55,820,10.09,7.65,31.8,8015,7633,9034,9544,1.2,واگرایی منفی RSI | 85٪ بالای MA200 | واگرایی منفی | حد ضرر دور (7.7٪)
وپویا,سرمایه گذاری پویا,سرمایه گذاریها,75.5,قوی؛ نزدیک مقاومت، منتظر شکست یا پولبک,100,75,62,80,2734,20260926,11.6,15.7,53.2,5.8,8.3,25.4,58.8,69.9,2,0,false,43.7,3.41,above,-1.3,1.06,2434,2770,2.06,-3.6,35.11,30.95,8.13,654,4.18,8.73,-52.1,2641,2547,2770,2957,0.19,واگرایی منفی RSI | 59٪ بالای MA200 | واگرایی منفی | نقدشوندگی کمتر از ۱۰ میلیارد تومان | آخرین معامله 20260926 (متوقف یا کم‌معامله)
حپارسا,توسعه حمل و نقل ریلی پارسیان,حمل ونقل، انبارداری و ارتباطات,75.5,پرریسک؛ صفی/رشد عمودی,100,100,78,24,22370,20261005,3.8,10.3,51.6,4.2,2.6,11.9,106.8,58.8,6,1,true,29.6,3.57,above,-5,1.1,21200,23200,6.33,2.24,7.78,0.57,6.32,2511,8.91,7.68,16,21572,20801,23200,24796,0.53,سهم صفی: 6 روز از ۲۰ روز در صف (ریسک نقدشوندگی و اجرای حد ضرر) | توزیع: ورود حقیقی با سرانه خرید ضعیف (0.82 در ۲۰ روز) | 107٪ بالای MA200 | حد ضرر دور (7.0٪) | نقدشوندگی کمتر از ۱۰ میلیارد تومان | صف فروش در ۵ روز اخیر
خموتور,موتورسازان‌تراکتورسازی‌ایران‌,خودرو و ساخت قطعات,75.5,قوی؛ نزدیک مقاومت، منتظر شکست یا پولبک,95,100,66,42,2548,20261005,7.4,11.1,48.5,1.1,8.5,14.5,35.4,65.8,2,0,true,44.6,3.63,above,-4.9,2.13,2440,2681,10.6,46.47,0.9,-21.06,15.47,385,6.62,,,2456,2394,2681,2865,0.86,
کفپارس,فرآورده‌های‌ نسوز پارس‌,سایر محصولات کانی غیرفلزی,75.3,پرریسک؛ صفی/رشد عمودی,100,85,63,50,6680,20261005,15.2,18.2,65.3,18,10,24.4,95.3,71.5,8,0,true,40.3,2.91,above,0,0.67,5970,,3.9,-4.74,9.06,31.17,12.37,722,9.25,12.75,-27.4,6486,6291,7263,7651,1.5,سهم صفی: 8 روز از ۲۰ روز در صف (ریسک نقدشوندگی و اجرای حد ضرر) | 95٪ بالای MA200
فجر,فولاد امیرکبیرکاشان,فلزات اساسی,75.3,پرریسک؛ صفی/رشد عمودی,100,70,63,62,8740,20261005,15.5,34.7,147.6,100.2,17.3,43.2,165,83.1,13,0,true,62.8,2.7,above,0,0.82,7800,,63.12,-27.22,3.09,38.02,64.94,1065,8.21,13.48,-39.1,8504,8267,9449,9922,1.5,اشباع خرید | فاصله زیاد از MA20 | سهم صفی: 13 روز از ۲۰ روز در صف (ریسک نقدشوندگی و اجرای حد ضرر) | رشد عمودی (148٪ در ۶۰ روز، 43٪ بالای MA50) | 165٪ بالای MA200
وسرمد,بیمه  سرمد,بیمه وصندوق بازنشستگی به جزتامین اجتماعی,75.3,قوی؛ نزدیک مقاومت، منتظر شکست یا پولبک,95,70,89,42,1596,20261005,6.4,-0.6,36.9,-10.5,2.1,5.3,38.8,57.6,3,0,true,24.5,3.52,above,-8,0.88,1558,1657,4.67,21.46,2.77,4.43,4.06,317,5.03,,,1558,1530,1657,1736,0.93,واگرایی منفی RSI | واگرایی منفی | نقدشوندگی کمتر از ۱۰ میلیارد تومان
پخش,پخش البرز,مواد و محصولات دارویی,75.1,قوی ولی پرریسک؛ فعلاً ورود نه,100,70,64.5,60,14630,20261005,1.2,10.1,23.4,-24,4.4,13.3,78.2,60.7,3,0,true,36.6,3.69,above,-6.8,1.36,14450,,56.81,130.21,0.57,-141.93,68.53,2029,7.21,8.86,-18.6,14450,14180,16248,17327,3.6,واگرایی منفی RSI | توزیع: ورود حقیقی با سرانه خرید ضعیف (0.66 در ۲۰ روز) | 78٪ بالای MA200 | سرانه خرید ضعیف (0.57) | واگرایی منفی
فگستر,گسترش صنایع روی ایرانیان,فلزات اساسی,75.1,پرریسک؛ صفی/رشد عمودی,100,60,72.5,60,12560,20261005,5.8,23,158.6,111.3,7.7,33.5,182.4,72,12,0,false,62.7,2.96,above,-4.6,1.3,10670,,1.69,11.88,5.16,-16.13,36.27,1905,6.59,8.05,-18.1,12188,11816,13676,14420,1.5,سهم صفی: 12 روز از ۲۰ روز در صف (ریسک نقدشوندگی و اجرای حد ضرر) | رشد عمودی (159٪ در ۶۰ روز، 34٪ بالای MA50) | 182٪ بالای MA200
ثپهران,توسعه ساختمان سپهر تهران,انبوه سازی، املاک و مستغلات,75,پرریسک؛ صفی/رشد عمودی,100,70,100,24,5930,20261005,11.9,46.1,61.1,13.8,24.3,43.4,,91.9,5,0,true,54.2,2.59,above,-0.2,1.66,4326,,23.06,75.93,3.99,154.89,25.24,721,8.22,6.61,24.4,5776,5623,6391,6698,1.5,واگرایی منفی RSI | اشباع خرید | فاصله زیاد از MA20 | رشد عمودی (61٪ در ۶۰ روز، 43٪ بالای MA50) | واگرایی منفی | شناوری کم (11٪)
کاما,باما,استخراج کانه های فلزی,74.9,پرریسک؛ صفی/رشد عمودی,85,65,63.5,82,5510,20261005,0.5,-2.5,86.1,38.8,-1.1,14,93,55.4,7,0,false,44.2,3.43,above,-11.4,1.34,5300,6220,2.87,163.32,0.71,-228.39,120.86,786,7.01,13.76,-49.1,5321,5206,6220,6597,2.33,سهم صفی: 7 روز از ۲۰ روز در صف (ریسک نقدشوندگی و اجرای حد ضرر) | توزیع: ورود حقیقی با سرانه خرید ضعیف (0.69 در ۲۰ روز) | 93٪ بالای MA200 | سرانه خرید ضعیف (0.71)
آباد,توریستی ورفاهی آبادگران ایران,هتل و رستوران,74.6,زیر نظر,100,85,88.5,22,1135,20261005,15.7,11.2,50.5,3.1,10.4,29.3,35.7,73.8,9,0,true,32.8,3.04,above,-11.5,0.81,1055,1147,11.78,12.74,6.83,26.6,8.78,3,378.33,307,23.2,1100,1049,1147,1283,0.14,سهم صفی: 9 روز از ۲۰ روز در صف (ریسک نقدشوندگی و اجرای حد ضرر) | P/E بالا (378) | توزیع: ورود حقیقی با سرانه خرید ضعیف (0.89 در ۲۰ روز) | حد ضرر دور (7.6٪) | نقدشوندگی کمتر از ۱۰ میلیارد تومان
نخریس,نخریسی و نساجی خسروی خراسان,منسوجات,74.6,پرریسک؛ صفی/رشد عمودی,100,75,88.5,30,26150,20261005,6,30.1,113.5,66.1,13.3,35.1,96.6,77.9,4,0,true,55.5,3.01,above,-2.9,0.87,23570,,4.5,30.6,31.22,23.38,10.47,2027,12.9,14.29,-9.7,25362,24575,28513,30089,1.5,واگرایی منفی RSI | رشد عمودی (113٪ در ۶۰ روز، 35٪ بالای MA50) | 97٪ بالای MA200 | واگرایی منفی
وخاور,بانک خاورمیانه,بانکها و موسسات اعتباری,74.6,قوی ولی پرشده؛ منتظر پولبک,100,73,85.9,34,7190,20261005,8.4,17.3,45.1,-2.2,12,16.4,91.1,73.1,1,0,true,28.8,2.99,above,-0.7,0.7,6615,,41.77,143.79,1.54,48.67,69.18,1045,6.88,5.4,27.4,6975,6652,7835,8265,1.2,91٪ بالای MA200 | حد ضرر دور (7.5٪)
بشهاب,لامپ‌  پارس‌ شهاب‌,ماشین آلات و دستگاه‌های برقی,74.5,پرریسک؛ صفی/رشد عمودی,95,65,98,34,8940,20261005,8.5,0,60.6,13.3,2.4,13.3,68.5,62,11,0,false,33.1,3.42,above,-8.7,1.68,8458,9066,6.7,14.24,1.84,6.27,10.97,1212,7.38,6.15,19.9,8635,8305,9066,9787,0.2,سهم صفی: 11 روز از ۲۰ روز در صف (ریسک نقدشوندگی و اجرای حد ضرر) | توزیع: ورود حقیقی با سرانه خرید ضعیف (0.87 در ۲۰ روز) | 69٪ بالای MA200 | حد ضرر دور (7.1٪) | شناوری کم (11٪)
کساوه,صنایع‌ کاشی‌ و سرامیک‌ سینا,کاشی و سرامیک,74.5,پرریسک؛ صفی/رشد عمودی,100,85,63,47,34710,20261005,13.4,24.5,62.6,15.2,13.7,28.5,111.5,74.5,10,0,true,41.7,3.23,above,-0.3,1.05,32800,,0.2,-0.51,9.19,3.51,25.01,4425,7.84,7.65,2.5,33588,32239,38075,40319,1.36,سهم صفی: 10 روز از ۲۰ روز در صف (ریسک نقدشوندگی و اجرای حد ضرر) | 111٪ بالای MA200 | حد ضرر دور (7.1٪)
وپایا,سرمایه گذاری پایا تدبیرپارسا,سرمایه گذاریها,74.5,پرریسک؛ صفی/رشد عمودی,100,70,98,24,2297,20261005,15.3,26.3,72.9,25.5,16.4,31.7,77.8,81.8,5,0,true,49.6,2.91,above,-0.5,1.65,2017,,16.3,7.88,343.81,30.52,4.39,235,9.77,8.73,12,2230,2163,2498,2632,1.5,واگرایی منفی RSI | اشباع خرید | فاصله زیاد از MA20 | رشد عمودی (73٪ در ۶۰ روز، 32٪ بالای MA50) | 78٪ بالای MA200 | واگرایی منفی | نقدشوندگی کمتر از ۱۰ میلیارد تومان
کمنگنز,معادن‌منگنزایران‌,استخراج کانه های فلزی,74.4,پرریسک؛ صفی/رشد عمودی,100,90,33.5,72,10490,20261005,1.6,17.2,91.7,44.3,8.4,23,102.6,68,7,0,true,54.1,3.18,above,-4,1.28,9730,10930,-34.08,-50.91,3.33,-89.29,26.38,1317,7.97,13.76,-42.1,10156,9655,10930,11598,0.53,خروج مستمر پول حقیقی | سهم صفی: 7 روز از ۲۰ روز در صف (ریسک نقدشوندگی و اجرای حد ضرر) | 103٪ بالای MA200 | حد ضرر دور (8.0٪)
کولان,کولان سل,محصولات کاغذی,74.3,ورود پله‌ای,100,65,88,37,34550,20261005,11.9,21.2,26.7,-20.6,10.7,18.6,,74.9,4,0,true,29.4,3.02,above,-0.6,1.41,32750,,4.38,0.2,14.34,103.73,19.18,3233,10.69,10.19,4.9,33507,32228,37679,39765,1.35,
خشرق,الکتریک‌ خودرو شرق‌,خودرو و ساخت قطعات,74.3,پرریسک؛ صفی/رشد عمودی,100,85,89,20,3260,20261005,11,13.7,64.9,17.5,10.2,29.2,62.2,76.4,6,0,true,52.3,3.44,above,-0.9,0.81,3110,,6.53,16.99,2.09,16.94,9.78,137,23.8,,,3148,3054,3597,3821,1.63,سهم صفی: 6 روز از ۲۰ روز در صف (ریسک نقدشوندگی و اجرای حد ضرر) | 62٪ بالای MA200 | نقدشوندگی کمتر از ۱۰ میلیارد تومان
کپرور,فرآوری زغال سنگ پروده طبس,استخراج زغال سنگ,74.2,قوی ولی پرشده؛ منتظر پولبک,100,85,46.9,62,22640,20261005,14.9,15.9,68.1,20.7,14.1,28.7,99.8,76.6,2,0,true,44.2,3.06,above,-0.2,1.04,20910,,16.05,-21.25,1.55,-12.02,20.81,2597,8.72,15.48,-43.7,21946,20906,24721,26109,1.2,واگرایی منفی RSI | خروج مستمر پول حقیقی | 100٪ بالای MA200 | واگرایی منفی | حد ضرر دور (7.7٪)
دیران,ایران‌دارو,مواد و محصولات دارویی,74,پرریسک؛ صفی/رشد عمودی,100,85,78,30,20580,20261005,10.2,21.8,262.3,215,12.4,42.8,199.8,79.7,15,0,true,69.1,2.83,above,-3.1,1.1,19400,,11.28,7.22,2.82,74.91,35.84,1532,13.43,12.91,4.1,19998,19126,22325,23488,1.2,اشباع خرید | سهم صفی: 15 روز از ۲۰ روز در صف (ریسک نقدشوندگی و اجرای حد ضرر) | رشد عمودی (262٪ در ۶۰ روز، 43٪ بالای MA50) | توزیع: ورود حقیقی با سرانه خرید ضعیف (0.90 در ۲۰ روز) | 200٪ بالای MA200 | حد ضرر دور (7.1٪)
بزندگی,بیمه زندگی آگاه,بیمه وصندوق بازنشستگی به جزتامین اجتماعی,74,پرریسک؛ صفی/رشد عمودی,100,70,100,20,6970,20261005,15.3,60.1,152.2,104.9,26.3,52.9,153.2,96.3,8,0,true,79.7,2.28,above,0,1.4,4704,,19.18,52.85,29.48,30.27,4.87,328,21.25,,,6811,6652,7447,7765,1.5,اشباع خرید | فاصله زیاد از MA20 | سهم صفی: 8 روز از ۲۰ روز در صف (ریسک نقدشوندگی و اجرای حد ضرر) | رشد عمودی (152٪ در ۶۰ روز، 53٪ بالای MA50) | 153٪ بالای MA200 | نقدشوندگی کمتر از ۱۰ میلیارد تومان
فپنتا,سپنتا,فلزات اساسی,73.8,پرریسک؛ صفی/رشد عمودی,100,60,97,30,52220,20261005,15.3,22.8,73.6,26.3,8.4,32,43.7,71.2,13,0,false,46.7,2.78,above,-7.8,1.37,50404,53780,14.8,102.53,2.45,50.64,30.85,4100,12.74,13.48,-5.5,50767,49678,53780,56622,0.61,سهم صفی: 13 روز از ۲۰ روز در صف (ریسک نقدشوندگی و اجرای حد ضرر) | رشد عمودی (74٪ در ۶۰ روز، 32٪ بالای MA50) | توزیع: ورود حقیقی با سرانه خرید ضعیف (0.88 در ۲۰ روز)
وبهمن,سرمایه‌گذاری‌بهمن‌,سرمایه گذاریها,73.7,قوی؛ نزدیک مقاومت، منتظر شکست یا پولبک,85,30,78.7,90,2137,20261005,-0.7,-1.5,24.1,-23.2,-3.2,4.1,16.9,49.6,2,0,false,20.2,3.33,above,-12,1.33,2080,2166,92.28,189.01,1.21,17.13,31.33,710,3.01,7.13,-57.8,2080,2045,2166,2215,0.31,توزیع: ورود حقیقی با سرانه خرید ضعیف (0.81 در ۲۰ روز)
پاسا,ایران‌یاساتایرورابر,لاستیک و پلاستیک,73.6,قوی ولی پرشده؛ منتظر پولبک,100,85,46.5,60,11860,20261005,12,14.5,92.2,44.9,10.9,27.1,86.6,75.9,0,0,true,52.3,3.22,above,-2.6,1.26,11120,,-25.36,-20.18,1.68,46.38,31.24,2053,5.78,8.21,-29.6,11478,10929,13005,13768,1.23,واگرایی منفی RSI | 87٪ بالای MA200 | واگرایی منفی | حد ضرر دور (7.8٪)
کوچین,تولیدی کوچین,محصولات غذایی و آشامیدنی به جز قند و شکر,73.6,قوی؛ نزدیک مقاومت، منتظر شکست یا پولبک,95,88,63,47,18110,20261005,8.8,3.2,39.2,-8.1,4.8,12.8,,64.1,5,0,true,25.8,3.33,above,-5.4,1.02,17250,19140,7.82,-116.74,2.14,76.96,44.36,2530,7.16,7.05,1.5,17507,16949,19140,20345,0.89,خروج مستمر پول حقیقی | 336٪ بالای کف ۵۲ هفته
کیمیا,ص. معدنی کیمیای زنجان گستران,فلزات اساسی,73.5,پرریسک؛ صفی/رشد عمودی,90,65,62,72,6410,20261005,-2.1,11.5,106.1,58.8,-0.1,18.6,114.7,59.2,6,0,false,60.8,3.33,above,-8.4,1.08,5980,7000,19.61,16.08,1.66,-4.91,21.87,949,6.75,13.48,-49.9,6196,5876,7000,7427,1.11,سهم صفی: 6 روز از ۲۰ روز در صف (ریسک نقدشوندگی و اجرای حد ضرر) | رشد عمودی (106٪ در ۶۰ روز، 19٪ بالای MA50) | توزیع: ورود حقیقی با سرانه خرید ضعیف (0.82 در ۲۰ روز) | 115٪ بالای MA200 | حد ضرر دور (8.3٪)
اپال,فرآوری معدنی اپال کانی پارس,استخراج کانه های فلزی,73.5,قوی ولی پرریسک؛ فعلاً ورود نه,85,53,89.5,60,14360,20261005,0.7,-9.5,38.7,-8.6,-1.9,9.6,41.3,54.1,0,0,false,25.7,3.31,above,-13.5,0.88,14170,16600,13.09,51.83,2.86,26.42,11.16,1442,9.96,13.76,-27.6,14170,13932,16600,17551,5.24,شناوری کم (9٪)
مهرمام,مهرمام میهن,سلامت انسان و مددکاری اجتماعی,73,پرریسک؛ صفی/رشد عمودی,100,75,88,24,4580,20261005,4.3,32.8,75.9,28.6,8.4,25.5,58.8,73.5,6,0,true,60.5,3.43,above,-4.8,1.15,4520,,14.71,59.05,2.74,97.28,32.06,403,11.36,10.3,10.3,4520,4441,5052,5366,3.4,سهم صفی: 6 روز از ۲۰ روز در صف (ریسک نقدشوندگی و اجرای حد ضرر) | 59٪ بالای MA200
رافزا,رایان هم افزا,رایانه و فعالیت‌های وابسته به آن,72.9,پرریسک؛ صفی/رشد عمودی,100,75,71.5,60,20970,20261003,6.2,14.1,64,16.7,1.4,23.5,104.4,62.2,13,0,false,42.3,3.11,above,-9.7,1.31,19157,23225,3.94,-9.06,62.93,18.6,13.24,2957,7.09,8.89,-20.2,20318,19339,23225,24530,1.38,سهم صفی: 13 روز از ۲۰ روز در صف (ریسک نقدشوندگی و اجرای حد ضرر) | 104٪ بالای MA200 | حد ضرر دور (7.8٪) | آخرین معامله 20261003 (متوقف یا کم‌معامله)
دتوزیع,توزیع دارو پخش,مواد و محصولات دارویی,72.9,پرریسک؛ صفی/رشد عمودی,100,85,79.5,24,7580,20261005,15.5,17.7,77.6,30.2,17.4,28.4,130.6,78.2,8,0,true,43.1,2.83,above,0,0.25,6790,,16.06,21.3,7.21,26.22,24.98,739,10.26,8.86,15.8,7366,7151,8223,8652,1.5,واگرایی منفی RSI | اشباع خرید | فاصله زیاد از MA20 | سهم صفی: 8 روز از ۲۰ روز در صف (ریسک نقدشوندگی و اجرای حد ضرر) | 131٪ بالای MA200 | واگرایی منفی
ثامید,توسعه و عمران امید,انبوه سازی، املاک و مستغلات,72.9,قوی؛ نزدیک مقاومت، منتظر شکست یا پولبک,95,55,53.5,80,1909,20261005,3,4.3,26.4,-20.9,2.8,10.7,46.1,61.6,0,0,false,20.1,3.2,above,-4.6,1.01,1836,2001,-1.27,12.68,4.53,41.51,13.14,547,3.49,6.61,-47.2,1848,1805,2001,2123,0.89,واگرایی منفی RSI | 152٪ بالای کف ۵۲ هفته | واگرایی منفی | شناوری کم (13٪)
خنصیر,مهندسی‌نصیرماشین‌,خودرو و ساخت قطعات,72.7,قوی؛ نزدیک مقاومت، منتظر شکست یا پولبک,95,88,74.4,32,4660,20261005,8.1,2.9,42.5,-4.8,4.9,13.5,45.5,64.5,2,0,true,29.9,3.21,above,-5.5,1.19,4490,4930,1.34,1.06,1.47,6.36,5.78,485,9.61,,,4510,4415,4930,5230,1.1,واگرایی منفی RSI | واگرایی منفی | نقدشوندگی کمتر از ۱۰ میلیارد تومان
سفانو,سیمان فارس نو,سیمان، آهک و گچ,72.6,قوی؛ نزدیک مقاومت، منتظر شکست یا پولبک,95,80,65.5,47,61100,20261005,10.9,4.3,34.5,-12.8,5.7,11.2,64.6,64.9,3,0,true,22.9,3.64,above,-5.2,1.58,56415,64480,0.04,13.82,0.9,-13.14,12.37,8458,7.22,7.14,1.2,58874,55534,64480,68933,0.61,توزیع: ورود حقیقی با سرانه خرید ضعیف (0.57 در ۲۰ روز) | 65٪ بالای MA200 | حد ضرر دور (9.1٪)
خرینگ,رینگ‌سازی‌مشهد,خودرو و ساخت قطعات,72.6,پرریسک؛ صفی/رشد عمودی,100,70,89.5,25,20740,20261005,14.8,39.6,91.3,43.9,18.3,39.4,81.5,84.4,3,0,true,72.4,2.95,above,0,0.74,18290,,6.19,21.86,2.47,27.66,15.89,1668,12.43,,,20128,19515,22577,23802,1.5,واگرایی منفی RSI | اشباع خرید | فاصله زیاد از MA20 | رشد عمودی (91٪ در ۶۰ روز، 39٪ بالای MA50) | 82٪ بالای MA200 | واگرایی منفی
خکمک,کمک‌فنرایندامین‌,خودرو و ساخت قطعات,72.6,زیر نظر,95,63,96,30,2993,20261005,9.4,8.1,40.1,-7.2,3.6,18.9,28.2,63.2,4,0,false,28.1,3.22,above,-13,1.27,2950,3250,6.41,18.35,1.54,7.93,12.07,47,63.68,,,2950,2902,3250,3439,2.82,P/E بالا (64)
فغدیر,آهن و فولاد غدیر ایرانیان,فلزات اساسی,72.5,پرریسک؛ صفی/رشد عمودی,100,70,90,24,9470,20261005,15.6,77.7,172.6,125.2,29.8,75.2,128.9,98,20,0,true,77.6,2.15,above,0,0.98,5056,,44.06,155.04,4.79,32.25,11.47,974,9.72,8.05,20.8,9267,9063,10080,10487,1.5,واگرایی منفی RSI | اشباع خرید | فاصله زیاد از MA20 | سهم صفی: 20 روز از ۲۰ روز در صف (ریسک نقدشوندگی و اجرای حد ضرر) | رشد عمودی (173٪ در ۶۰ روز، 75٪ بالای MA50) | 129٪ بالای MA200 | واگرایی منفی
توسن,توسعه سامانه ی نرم افزاری نگین,رایانه و فعالیت‌های وابسته به آن,72.5,پرریسک؛ صفی/رشد عمودی,100,70,54,60,14830,20261005,15.2,21.8,125,77.6,16.9,34.4,179,82.9,6,0,true,53.6,2.97,above,-0.3,1.02,13265,,4.75,-29.33,1.22,21.96,45.49,2242,6.61,8.89,-25.6,14390,13949,16151,17032,1.5,اشباع خرید | فاصله زیاد از MA20 | سهم صفی: 6 روز از ۲۰ روز در صف (ریسک نقدشوندگی و اجرای حد ضرر) | رشد عمودی (125٪ در ۶۰ روز، 34٪ بالای MA50) | 179٪ بالای MA200
مدیریت,س. و خدمات مدیریت صند. ب کشوری,سرمایه گذاریها,72.5,قوی؛ نزدیک مقاومت، منتظر شکست یا پولبک,100,88,87.5,72,5150,20261003,9.8,18.4,39.6,-7.8,6.3,16.6,52.3,68.5,3,0,true,34.9,3.18,above,-1.7,1.05,4680,5230,2.66,4.7,8.42,8.94,1.98,955,5.39,8.73,-38.2,4986,4741,5230,5557,0.2,نقدشوندگی پایین | واگرایی منفی RSI | 52٪ بالای MA200 | واگرایی منفی | حد ضرر دور (7.9٪) | نقدشوندگی کمتر از ۱۰ میلیارد تومان | آخرین معامله 20261003 (متوقف یا کم‌معامله)
شگل,گلتاش‌,محصولات شیمیایی,72.4,پرریسک؛ صفی/رشد عمودی,100,75,72.5,37,3310,20261005,2,10.8,92.6,45.2,2.4,16.8,84.3,61.1,8,0,false,34.1,3.41,above,-5.7,1.31,2933,3441,12.17,-1.36,3.11,1.6,12.11,339,9.76,9.63,1.4,3197,3084,3441,3510,0.58,سهم صفی: 8 روز از ۲۰ روز در صف (ریسک نقدشوندگی و اجرای حد ضرر) | 84٪ بالای MA200
شفام,تولیدی و صنعتی گوهرفام,محصولات شیمیایی,72.2,پرریسک؛ صفی/رشد عمودی,95,88,88.5,16,3043,20261005,15.7,13.8,43,-4.3,9.4,18.1,46.4,68,6,0,true,27.6,3.07,above,-1.2,1.18,2736,3079,7.03,8.9,33.32,21.39,5.03,282,10.79,8.01,34.7,2950,2856,3079,3266,0.19,سهم صفی: 6 روز از ۲۰ روز در صف (ریسک نقدشوندگی و اجرای حد ضرر) | نقدشوندگی کمتر از ۱۰ میلیارد تومان
محتشم,نساجی هدیه البرز مشهد,منسوجات,72.1,پرریسک؛ صفی/رشد عمودی,100,70,88.5,24,18680,20261005,14.7,45.8,88.6,41.2,19.6,44.6,94.1,83.3,10,0,true,50.4,2.66,above,0,0.51,16030,,16.25,99.91,8.76,83.83,59.94,1926,9.7,7.72,25.6,18182,17685,20173,21168,1.5,واگرایی منفی RSI | اشباع خرید | فاصله زیاد از MA20 | سهم صفی: 10 روز از ۲۰ روز در صف (ریسک نقدشوندگی و اجرای حد ضرر) | رشد عمودی (89٪ در ۶۰ روز، 45٪ بالای MA50) | 94٪ بالای MA200 | واگرایی منفی
ورازی,بیمه رازی,بیمه وصندوق بازنشستگی به جزتامین اجتماعی,72,زیر نظر,100,75,88,20,1795,20261005,10.3,42,88.4,41,12.1,34.7,80,77.4,8,0,true,54.3,3.28,above,-0.1,1.07,1584,,12.23,31.86,2.21,23.48,9.46,18,99.72,,,1736,1677,1971,2089,1.5,سهم صفی: 8 روز از ۲۰ روز در صف (ریسک نقدشوندگی و اجرای حد ضرر) | رشد عمودی (88٪ در ۶۰ روز، 35٪ بالای MA50) | P/E بالا (100) | 80٪ بالای MA200 | نقدشوندگی کمتر از ۱۰ میلیارد تومان
تبرک,گروه کارخانجات صنعتی تبرک,محصولات غذایی و آشامیدنی به جز قند و شکر,72,پرریسک؛ صفی/رشد عمودی,100,80,88,16,21870,20261005,8.5,6.4,34.7,-12.7,2.9,14.6,51.4,60.8,7,0,true,24.3,3.51,above,-6.3,0.79,19612,23340,0.9,15.29,5.19,2.79,4.49,2192,9.98,7.05,41.5,21101,19948,23340,24877,0.76,سهم صفی: 7 روز از ۲۰ روز در صف (ریسک نقدشوندگی و اجرای حد ضرر) | 51٪ بالای MA200 | حد ضرر دور (8.8٪) | نقدشوندگی کمتر از ۱۰ میلیارد تومان
فسبزوار,پارس فولاد سبزوار,فلزات اساسی,72,قوی ولی پرشده؛ منتظر پولبک,100,73,37.5,72,88240,20261005,14,22.5,47,-0.4,13,21.9,83.4,74.1,2,0,true,30.2,2.91,above,-0.2,0.97,74940,,-24.07,-107.77,1.61,63.9,60.55,14489,6.09,13.48,-54.8,85677,83113,95930,101057,1.5,واگرایی منفی RSI | خروج مستمر پول حقیقی | 83٪ بالای MA200 | واگرایی منفی
شمس,تولید انرژی برق شمس پاسارگاد,عرضه برق، گاز، بخاروآب گرم,72,قوی؛ نزدیک مقاومت، منتظر شکست یا پولبک,100,88,88.5,9,12020,20261005,1.9,6.8,42.6,-4.8,1,3.6,85.9,53.5,0,0,true,30.4,3.76,above,-7,0.74,11270,12900,14.83,54.29,4.36,36.61,15.09,887,13.55,10.04,35,11568,11044,12900,13803,0.9,86٪ بالای MA200 | حد ضرر دور (8.1٪)
خکار,ایرکا پارت صنعت,خودرو و ساخت قطعات,72,قوی ولی پرریسک؛ فعلاً ورود نه,100,88,47.5,50,2081,20261005,13.1,12.9,38.8,-8.5,9.6,18.1,57.2,68.8,4,0,true,26.9,3.3,above,0,1.38,2047,,-1.88,-22.48,2.41,26.97,12.11,504,4.13,,,2047,2013,2287,2424,3.01,واگرایی منفی RSI | خروج مستمر پول حقیقی | 57٪ بالای MA200 | واگرایی منفی
مادیرا,صنایع مادیران,تولید محصولات کامپیوتری الکترونیکی ونوری,71.9,قوی؛ نزدیک مقاومت، منتظر شکست یا پولبک,100,88,88.3,9,3280,20261005,7.9,13.1,43.5,-3.8,7.7,15.8,21.9,67.2,2,0,true,35.4,3.14,above,-9.1,0.98,3189,3380,16.18,56.61,1.57,48.5,32.33,252,13.02,7.98,63.1,3189,3138,3380,3454,0.7,واگرایی منفی RSI | واگرایی منفی
ومدیر,گ.مدیریت ارزش سرمایه ص ب کشوری,سرمایه گذاریها,71.9,قوی؛ نزدیک مقاومت، منتظر شکست یا پولبک,100,63,37,80,3100,20261005,4.6,13.6,39.6,-7.7,3.3,14.1,40.7,63.1,2,0,false,31.9,2.98,above,-4,0.99,2830,3229,-8.25,-8.43,5.07,14.71,6.49,904,3.43,7.13,-51.9,3008,2869,3229,3414,0.56,خروج مستمر پول حقیقی | حد ضرر دور (7.4٪) | نقدشوندگی کمتر از ۱۰ میلیارد تومان
اسیاتک,انتقال داده های آسیاتک,اطلاعات و ارتباطات,71.8,پرریسک؛ صفی/رشد عمودی,100,85,19.2,80,4780,20261005,9.9,10.1,120.4,73,10.8,29.2,86.7,76.3,2,0,true,41.3,3.18,above,-0.2,1.26,4470,,-47.29,-41.58,1.13,-52.57,44.19,1000,4.78,7.97,-40,4628,4400,5236,5540,1.2,واگرایی منفی RSI | رشد عمودی (120٪ در ۶۰ روز، 29٪ بالای MA50) | 87٪ بالای MA200 | واگرایی منفی | حد ضرر دور (7.9٪)
آردینه,نشاسته و گلوکز آردینه,محصولات غذایی و آشامیدنی به جز قند و شکر,71.6,قوی؛ نزدیک مقاومت، منتظر شکست یا پولبک,100,100,52.5,34,36290,20261005,8.2,13.6,55.5,8.1,6.8,15.1,80.6,66.6,4,0,true,20.2,3.49,above,-1.9,0.79,33080,36980,-9.38,16.31,1.81,22.77,25.95,4668,7.77,7.05,10.3,35023,33124,36980,39513,0.22,81٪ بالای MA200 | حد ضرر دور (8.7٪)
غگلستا,شیر پاستوریزه پگاه گلستان,محصولات غذایی و آشامیدنی به جز قند و شکر,71.6,پرریسک؛ صفی/رشد عمودی,100,85,82.5,16,18430,20261005,14.5,12.4,67.1,19.7,8.5,25.4,80.5,70.9,6,0,true,37.1,3.16,above,-0.9,1.33,15120,,11.4,16.12,4.33,-5.89,12.94,1656,11.13,7.05,57.9,17848,17265,20177,21342,1.5,سهم صفی: 6 روز از ۲۰ روز در صف (ریسک نقدشوندگی و اجرای حد ضرر) | 80٪ بالای MA200
سنوین,سرمایه گذاری اقتصاد نوین,سرمایه گذاریها,71.6,قوی؛ نزدیک مقاومت، منتظر شکست یا پولبک,100,45,88.5,42,3500,20261005,-4.4,2.6,34.5,-12.9,1.5,10.6,39.1,57.8,2,0,false,26.8,3.51,above,-5.7,0.65,3270,3710,2.51,9.77,2.73,4.26,3.44,612,5.72,,,3377,3209,3710,3956,0.72,واگرایی منفی RSI | واگرایی منفی | حد ضرر دور (8.3٪) | نقدشوندگی کمتر از ۱۰ میلیارد تومان
خپویش,سازه‌ پویش‌,خودرو و ساخت قطعات,71.5,زیر نظر,100,70,90,20,6300,20261005,15.4,71.7,102.2,54.9,27.8,61.6,105.1,95.3,17,0,true,70.9,2.38,above,0,0.72,4001,,21.92,54.21,11.18,23.82,6.35,196,32.14,,,6150,6000,6750,7050,1.5,اشباع خرید | فاصله زیاد از MA20 | سهم صفی: 17 روز از ۲۰ روز در صف (ریسک نقدشوندگی و اجرای حد ضرر) | رشد عمودی (102٪ در ۶۰ روز، 62٪ بالای MA50) | P/E بالا (32) | 105٪ بالای MA200 | نقدشوندگی کمتر از ۱۰ میلیارد تومان
نطرین,عطرین نخ قم,منسوجات,71.5,پرریسک؛ صفی/رشد عمودی,100,63,72.5,43,2478,20261005,6.4,34.7,39.1,-8.2,10,27.4,84.3,72.2,13,0,true,37.5,2.97,above,-0.4,1.65,2265,,1.99,4.93,1.02,0.74,16.54,196,12.64,14.29,-11.5,2404,2294,2699,2846,1.2,سهم صفی: 13 روز از ۲۰ روز در صف (ریسک نقدشوندگی و اجرای حد ضرر) | 84٪ بالای MA200 | حد ضرر دور (7.4٪)
غگل,گلوکوزان‌,محصولات غذایی و آشامیدنی به جز قند و شکر,71.4,قوی؛ نزدیک مقاومت، منتظر شکست یا پولبک,83,80,98,24,7290,20261005,12.7,8.5,13.6,-33.7,7.3,8.8,46.4,63.3,1,0,true,17.8,3.21,above,-2.5,1.36,6889,7435,16.56,20.51,2.62,66.02,16.86,706,10.33,8.53,21.1,7056,6772,7435,7904,0.28,واگرایی منفی RSI | واگرایی منفی | حد ضرر دور (7.1٪)
جم پیلن,پتروشیمی جم پیلن,محصولات شیمیایی,71.4,پرریسک؛ صفی/رشد عمودی,100,70,59.5,50,357100,20261005,14.7,27.2,92.5,45.2,14.7,35.8,95,82.4,3,0,true,48.9,2.74,above,0,0.75,318000,,12.04,-115.89,1.48,21.79,28.65,41853,8.53,9.63,-11.4,347317,337534,386448,406014,1.5,واگرایی منفی RSI | اشباع خرید | خروج مستمر پول حقیقی | رشد عمودی (93٪ در ۶۰ روز، 36٪ بالای MA50) | 95٪ بالای MA200 | واگرایی منفی | شناوری کم (11٪)
فسپا,گروه‌صنعتی‌سپاهان‌,فلزات اساسی,71.4,پرریسک؛ صفی/رشد عمودی,100,70,47.5,62,10020,20261005,14.4,53.4,193.8,146.5,21.6,56.5,212.5,93.3,13,0,true,74.6,2.71,above,-0.8,0.98,6130,,53.06,-20,8.92,-12.25,51.61,1216,8.24,13.48,-38.9,9748,9476,10835,11379,1.5,اشباع خرید | فاصله زیاد از MA20 | سهم صفی: 13 روز از ۲۰ روز در صف (ریسک نقدشوندگی و اجرای حد ضرر) | رشد عمودی (194٪ در ۶۰ روز، 56٪ بالای MA50) | 213٪ بالای MA200
وبوعلی,سرمایه‌گذاری‌بوعلی‌,سرمایه گذاریها,71.3,قوی؛ نزدیک مقاومت، منتظر شکست یا پولبک,100,65,33.4,80,3710,20261005,-5.1,13.1,55.4,8,2.2,20.3,70.9,60.8,2,1,false,55.2,3.59,above,-7,1,3330,3990,-2.14,17.44,1.01,-7.37,6.53,1066,3.48,7.13,-51.2,3577,3377,3990,4256,0.84,واگرایی منفی RSI | 71٪ بالای MA200 | واگرایی منفی | حد ضرر دور (9.0٪) | نقدشوندگی کمتر از ۱۰ میلیارد تومان | صف فروش در ۵ روز اخیر
البرز,بیمه البرز,بیمه وصندوق بازنشستگی به جزتامین اجتماعی,71.3,پرریسک؛ صفی/رشد عمودی,100,70,74,55,3410,20260928,13.9,50.9,65.5,18.2,20.6,48.4,74.9,90.9,8,0,true,66.2,2.75,above,0,1.19,2896,,40.76,138.93,5.92,-10.88,35.97,758,4.5,4.59,-2,3316,3223,3691,3879,1.5,اشباع خرید | فاصله زیاد از MA20 | سهم صفی: 8 روز از ۲۰ روز در صف (ریسک نقدشوندگی و اجرای حد ضرر) | رشد عمودی (66٪ در ۶۰ روز، 48٪ بالای MA50) | 75٪ بالای MA200 | شناوری کم (13٪) | آخرین معامله 20260928 (متوقف یا کم‌معامله)
غدانه,پنبه و دانه های روغنی خراسان,محصولات غذایی و آشامیدنی به جز قند و شکر,71.3,پرریسک؛ صفی/رشد عمودی,100,85,37,60,20580,20261005,8.6,18.4,72.8,25.4,9.3,15.2,76.6,70.1,6,0,true,39.4,3.52,above,-2.5,1.07,19950,,-9.31,36.54,1.67,-36.52,45.61,3417,6.02,7.05,-14.6,19950,19588,22751,24198,2.19,واگرایی منفی RSI | سهم صفی: 6 روز از ۲۰ روز در صف (ریسک نقدشوندگی و اجرای حد ضرر) | توزیع: ورود حقیقی با سرانه خرید ضعیف (0.84 در ۲۰ روز) | 77٪ بالای MA200 | واگرایی منفی
چافست,افست‌,انتشار، چاپ و تکثیر,71.3,پرریسک؛ صفی/رشد عمودی,100,85,63,34,26280,20261005,15.9,14.6,95,47.6,13.7,22.3,92.9,74.7,7,0,true,42.2,3.13,above,0,0.25,25200,,6.61,-7.34,18.74,9,7.89,4380,6,5.01,19.8,25458,24789,28746,30390,1.65,سهم صفی: 7 روز از ۲۰ روز در صف (ریسک نقدشوندگی و اجرای حد ضرر) | 93٪ بالای MA200 | نقدشوندگی کمتر از ۱۰ میلیارد تومان
فروی,ذوب روی اصفهان,فلزات اساسی,71.2,پرریسک؛ صفی/رشد عمودی,100,75,96,9,2982,20261005,8.1,19.7,50.9,3.6,5.4,20.9,64.3,67.5,9,0,false,42.6,3.18,above,-5.3,1.43,2642,3150,0.69,32.9,1.5,17.07,13.27,186,16.03,8.05,99.2,2887,2792,3150,3340,0.89,سهم صفی: 9 روز از ۲۰ روز در صف (ریسک نقدشوندگی و اجرای حد ضرر) | 64٪ بالای MA200
فنفت,صنایع تجهیزات نفت,فلزات اساسی,71.2,قوی؛ نزدیک مقاومت، منتظر شکست یا پولبک,95,100,66.6,24,5280,20261005,8,5.4,49.2,1.8,6.4,11.7,46.9,63.9,1,0,true,22.6,3.07,above,-3.3,1.24,4780,5460,1.09,-4.6,1.38,7.7,7.1,529,9.98,8.05,24,5118,4956,5460,5784,0.55,نقدشوندگی کمتر از ۱۰ میلیارد تومان
قهکمت,قندهکمتان‌,قند و شکر,71.1,قوی؛ نزدیک مقاومت، منتظر شکست یا پولبک,95,100,66.6,24,11560,20261005,13.4,10.3,64.5,17.2,7.6,16,77.6,67.9,4,0,true,26.1,3.41,above,-1.7,1.78,10153,11762,6.24,-11.03,1.38,0.35,3.29,1018,11.36,9.8,15.9,11166,10771,11762,12550,0.26,واگرایی منفی RSI | خروج مستمر پول حقیقی | 78٪ بالای MA200 | واگرایی منفی | نقدشوندگی کمتر از ۱۰ میلیارد تومان
پاکشو,گروه صنعتی پاکشو,محصولات شیمیایی,71.1,پرریسک؛ صفی/رشد عمودی,100,85,87.5,9,14390,20261005,14.8,35,99.2,51.8,16.5,29.2,121.3,77.3,10,0,true,35.3,3.01,above,-0.8,1.02,12800,,6.5,28.26,2.84,3.65,10.46,1090,13.2,9.63,37.1,13958,13525,15687,16552,1.5,واگرایی منفی RSI | فاصله زیاد از MA20 | سهم صفی: 10 روز از ۲۰ روز در صف (ریسک نقدشوندگی و اجرای حد ضرر) | 121٪ بالای MA200 | واگرایی منفی | شناوری کم (10٪)
فن افزار,توسعه فن افزار توسن,رایانه و فعالیت‌های وابسته به آن,71.1,پرریسک؛ صفی/رشد عمودی,90,55,62.5,70,10520,20261005,-6.7,-2.5,113.4,66,-2.1,15,138.7,55.9,1,0,false,50.7,3.5,above,-10.5,1.25,9850,11440,8.51,-25.58,2.24,23.62,24.76,1478,7.12,8.89,-19.9,10152,9666,11440,11750,1.08,خروج مستمر پول حقیقی | رشد عمودی (113٪ در ۶۰ روز، 15٪ بالای MA50) | 139٪ بالای MA200 | حد ضرر دور (8.1٪)
سیستم,همکاران سیستم,رایانه و فعالیت‌های وابسته به آن,71.1,قوی؛ نزدیک مقاومت، منتظر شکست یا پولبک,95,80,76.4,30,59860,20261005,10.1,4.3,35,-12.4,5.8,12,61.3,66.3,0,0,true,26.5,3.36,above,-3.1,0.97,53500,61750,3.55,0.32,1.54,3.49,7.55,3654,16.38,18.19,-9.9,57848,55836,61750,65774,0.47,توزیع: ورود حقیقی با سرانه خرید ضعیف (0.69 در ۲۰ روز) | 61٪ بالای MA200 | نقدشوندگی کمتر از ۱۰ میلیارد تومان
غویتا,ویتانا,محصولات غذایی و آشامیدنی به جز قند و شکر,71,پرریسک؛ صفی/رشد عمودی,100,85,36,60,7160,20261005,15.1,23.7,62.4,15,12.1,26.1,104.6,74.4,11,0,true,35.1,2.83,above,-0.3,0.82,6870,,-6.03,-72.87,3.96,3.74,28.22,1338,5.35,7.05,-24.1,6957,6769,7768,8173,1.55,خروج مستمر پول حقیقی | سهم صفی: 11 روز از ۲۰ روز در صف (ریسک نقدشوندگی و اجرای حد ضرر) | 105٪ بالای MA200
زفارس,کشت وصنعت و دامپروری پگاه فارس,زراعت و خدمات وابسته,71,قوی ولی پرریسک؛ فعلاً ورود نه,95,55,89,37,24850,20261005,4.7,5.4,31.6,-15.8,2.1,13.9,,60.5,4,0,false,35.2,3.28,above,-7.9,1.02,24440,26970,5.04,18.46,12.42,24.8,11.01,2916,8.52,8.07,5.6,24440,24032,26970,28602,2.59,واگرایی منفی RSI | 182٪ بالای کف ۵۲ هفته | واگرایی منفی
نمرینو,ایران‌ مرینوس‌,منسوجات,71,پرریسک؛ صفی/رشد عمودی,100,70,84,24,9220,20261005,11.8,33.2,70,22.7,18.2,34.4,58.4,84.6,5,0,true,51.1,3.01,above,-2.4,1.46,7200,,4.6,9.68,1.71,-3.45,5.16,953,9.67,7.72,25.3,8942,8665,10053,10609,1.5,واگرایی منفی RSI | اشباع خرید | فاصله زیاد از MA20 | رشد عمودی (70٪ در ۶۰ روز، 34٪ بالای MA50) | 58٪ بالای MA200 | واگرایی منفی | نقدشوندگی کمتر از ۱۰ میلیارد تومان
سرچشمه,سرمایه گذاری مس سرچشمه,سرمایه گذاریها,70.9,پرریسک؛ صفی/رشد عمودی,100,50,63.5,60,8300,20261005,2,31.3,128.1,80.8,7.3,33.3,96.9,76,8,0,false,71.4,3.28,above,-1,0.86,5566,,70.83,1.06,1.63,-1.13,77.35,1231,6.74,8.73,-22.8,8028,7755,9117,9662,1.5,سهم صفی: 8 روز از ۲۰ روز در صف (ریسک نقدشوندگی و اجرای حد ضرر) | رشد عمودی (128٪ در ۶۰ روز، 33٪ بالای MA50) | توزیع: ورود حقیقی با سرانه خرید ضعیف (0.70 در ۲۰ روز) | 97٪ بالای MA200
جم,پتروشیمی جم,محصولات شیمیایی,70.9,پرریسک؛ صفی/رشد عمودی,100,70,98.5,9,79900,20261005,14.7,37.5,142.3,95,18.6,46.4,78.9,87.7,3,0,true,64.9,2.9,above,-1,1.27,67480,,140.17,187.43,6.2,123.36,47.52,4968,16.08,9.63,67,77587,75274,86840,91466,1.5,اشباع خرید | فاصله زیاد از MA20 | رشد عمودی (142٪ در ۶۰ روز، 46٪ بالای MA50) | 79٪ بالای MA200
شکبیر,پتروشیمی امیرکبیر,محصولات شیمیایی,70.6,قوی؛ نزدیک مقاومت، منتظر شکست یا پولبک,100,70,64.4,42,141700,20261005,0.9,2.5,33.2,-14.2,3.2,17.4,43.1,60.6,5,0,true,36.6,3.33,above,-10,1.33,134000,143400,-0.55,12.35,1.26,0.78,5.33,27918,5.08,,,136977,131638,143400,149000,0.17,174٪ بالای کف ۵۲ هفته | حد ضرر دور (7.1٪) | نقدشوندگی کمتر از ۱۰ میلیارد تومان
فرود,فولاد شاهرود,فلزات اساسی,70.5,پرریسک؛ صفی/رشد عمودی,100,85,78,16,10150,20261005,14.6,17.7,100.6,53.2,10.3,33.6,125.6,74.5,9,0,true,51,3.09,above,-0.1,1.11,8090,,10.84,10.43,4.97,30.01,13.08,910,11.15,8.05,38.6,9837,9524,11090,11716,1.5,سهم صفی: 9 روز از ۲۰ روز در صف (ریسک نقدشوندگی و اجرای حد ضرر) | رشد عمودی (101٪ در ۶۰ روز، 34٪ بالای MA50) | 126٪ بالای MA200
ولغدر,لیزینگ‌خودروغدیر,سایر واسطه گریهای مالی,70.5,زیر نظر,100,75,98,4,3940,20261005,7.7,10.4,85.5,38.2,6.1,23.3,58.1,69,5,1,false,56.4,3.49,above,-0.5,1.48,3900,,16.37,20.4,5.38,10.25,8.12,80,49.25,9.94,395.5,3900,3831,4352,4627,3.79,P/E بالا (49) | 58٪ بالای MA200 | نقدشوندگی کمتر از ۱۰ میلیارد تومان | صف فروش در ۵ روز اخیر
فنورد,نوردوقطعات‌ فولادی‌,فلزات اساسی,70.5,قوی؛ نزدیک مقاومت، منتظر شکست یا پولبک,100,65,48,62,12560,20261005,0.4,8.7,94.2,46.9,1.2,19.8,121.4,60.4,3,0,false,49.6,3.67,above,-6.3,1.23,11770,13400,-0.2,13.35,1.63,-4.56,22.68,1550,8.1,13.48,-39.9,12099,11540,13400,14321,0.82,واگرایی منفی RSI | توزیع: ورود حقیقی با سرانه خرید ضعیف (0.70 در ۲۰ روز) | 121٪ بالای MA200 | واگرایی منفی | حد ضرر دور (8.1٪)
فنوال,نورد آلومینیوم‌,فلزات اساسی,70.5,پرریسک؛ صفی/رشد عمودی,100,85,32,62,14980,20261005,15.7,11.9,55.6,8.2,13.6,19.7,95.3,73.1,7,0,true,35.9,2.99,above,0,1.58,14170,,-21.41,-40.02,4.35,-10.51,10.35,1597,9.38,13.48,-30.4,14532,13946,16324,17221,1.3,واگرایی منفی RSI | خروج مستمر پول حقیقی | سهم صفی: 7 روز از ۲۰ روز در صف (ریسک نقدشوندگی و اجرای حد ضرر) | 95٪ بالای MA200 | واگرایی منفی
وامیر,گروه صنعتی و معدنی امیر,استخراج کانه های فلزی,70,پرریسک؛ صفی/رشد عمودی,100,60,87,25,11790,20261005,7.8,28.7,142.3,94.9,6.4,37.4,141.7,72.1,10,0,false,66.3,2.83,above,-3.3,0.89,10640,12050,4.93,30.56,1.64,16.32,17.95,598,19.72,,,11456,11122,12050,12718,0.39,سهم صفی: 10 روز از ۲۰ روز در صف (ریسک نقدشوندگی و اجرای حد ضرر) | رشد عمودی (142٪ در ۶۰ روز، 37٪ بالای MA50) | 142٪ بالای MA200
شگستر,گسترش سوخت سبززاگرس(سهامی عام),محصولات شیمیایی,69.9,زیر نظر,100,70,99.5,4,2431,20261005,12.6,40.8,147.9,100.6,19.7,57.4,119.5,89.5,11,0,true,68.6,2.7,above,-2.6,1.75,1998,,228.09,312.04,5.62,15.14,92.63,36,67.53,9.63,601.2,2365,2300,2628,2759,1.5,اشباع خرید | فاصله زیاد از MA20 | سهم صفی: 11 روز از ۲۰ روز در صف (ریسک نقدشوندگی و اجرای حد ضرر) | رشد عمودی (148٪ در ۶۰ روز، 57٪ بالای MA50) | P/E بالا (68) | 120٪ بالای MA200
غگیلا,شیرپاستوریزه پگاه گیلان,محصولات غذایی و آشامیدنی به جز قند و شکر,69.9,زیر نظر,100,70,99.5,4,42750,20261005,14.5,66.9,148.3,100.9,28.5,61.8,147.9,96.6,12,0,true,82.5,2.56,above,0,1.35,24500,,6.13,15.27,47.74,13.98,4.34,1291,33.11,7.05,369.7,41656,40563,46031,48219,1.5,واگرایی منفی RSI | اشباع خرید | فاصله زیاد از MA20 | سهم صفی: 12 روز از ۲۰ روز در صف (ریسک نقدشوندگی و اجرای حد ضرر) | رشد عمودی (148٪ در ۶۰ روز، 62٪ بالای MA50) | P/E بالا (33) | 148٪ بالای MA200 | واگرایی منفی | نقدشوندگی کمتر از ۱۰ میلیارد تومان
پترول,گ.س.وت.ص.پتروشیمی خلیج فارس,محصولات شیمیایی,69.7,زیر نظر,85,30,63,90,2373,20261005,-6.2,1.6,37.1,-10.2,-6.4,3.3,42.9,45.6,2,0,false,29.1,3.67,above,-16,0.81,2259,2406,3.93,73.42,1.22,-41.64,69.61,729,3.26,9.63,-66.2,2286,2215,2406,2825,0.21,
شبریز,پالایش نفت تبریز,فراورده های نفتی، کک و سوخت هسته ای,69.7,زیر نظر,90,63,83.4,57,56390,20261003,4.6,6.4,40.2,-7.2,-2.5,13.3,78.5,55.3,2,0,false,40.7,3.68,above,-13.4,1.28,53180,65100,296.3,29.02,1.42,55.68,168.91,9661,5.84,6.26,-6.8,54314,52142,65100,69252,2.05,توزیع: ورود حقیقی با سرانه خرید ضعیف (0.66 در ۲۰ روز) | 78٪ بالای MA200 | حد ضرر دور (7.5٪) | آخرین معامله 20261003 (متوقف یا کم‌معامله)
وهور,گروه س.انرژی امید  تابان هور,عرضه برق، گاز، بخاروآب گرم,69.5,زیر نظر,100,65,89,17,2947,20261005,13,13.6,32,-15.3,14.1,20.1,58.7,72.4,7,0,true,26,3.13,above,-0.3,1.97,2889,,38.28,36.84,2.73,108.77,41.1,230,12.81,10.04,27.6,2889,2843,3224,3409,2.66,سهم صفی: 7 روز از ۲۰ روز در صف (ریسک نقدشوندگی و اجرای حد ضرر) | 59٪ بالای MA200
شفارس,صنایع‌ شیمیایی‌ فارس‌,محصولات شیمیایی,69.5,زیر نظر,100,75,61,37,2402,20261005,9.9,14.2,49.1,1.7,6.5,21,46.9,67.8,0,0,false,34.2,3.59,above,-3,1.26,2157,2477,-0.11,0.59,1.61,18.19,10.95,231,10.4,9.63,8,2316,2186,2477,2649,0.35,واگرایی منفی RSI | واگرایی منفی | حد ضرر دور (9.0٪)
پیزد,مجتمع صنایع لاستیک یزد,لاستیک و پلاستیک,69.5,زیر نظر,100,70,52,50,14070,20261005,14,42.7,245.6,198.3,16.7,58.6,189.8,87.1,7,0,true,78.2,2.57,above,-0.2,0.56,12620,,8.63,-172.21,1.18,4.27,68.85,1599,8.8,9.84,-10.6,13708,13346,15156,15879,1.5,اشباع خرید | فاصله زیاد از MA20 | خروج مستمر پول حقیقی | سهم صفی: 7 روز از ۲۰ روز در صف (ریسک نقدشوندگی و اجرای حد ضرر) | رشد عمودی (246٪ در ۶۰ روز، 59٪ بالای MA50) | 190٪ بالای MA200
بازرگام,پست پیشگامان,اطلاعات و ارتباطات,69.4,زیر نظر,100,70,76.5,25,5970,20261005,9.3,45.3,81.6,34.2,18.7,41.8,63,89.8,4,0,true,58.1,2.79,above,-1,0.76,5660,,15.66,114.07,1.08,2.34,27.81,341,17.51,,,5804,5576,6469,6802,1.27,اشباع خرید | فاصله زیاد از MA20 | رشد عمودی (82٪ در ۶۰ روز، 42٪ بالای MA50) | 63٪ بالای MA200
لپارس,پارس‌ الکتریک‌,ساخت دستگاه‌ها و وسایل ارتباطی,69.4,زیر نظر,100,85,77.5,12,36020,20261005,6.6,14.2,74.9,27.6,8.2,25.2,77.6,72.1,2,0,true,56,3.48,above,-0.9,0.94,34410,,6.41,6.59,1.62,21.89,12.88,1544,23.33,20.28,15,34768,33784,39775,42279,1.68,واگرایی منفی RSI | 78٪ بالای MA200 | واگرایی منفی
غچین,کشت‌ و صنعت‌ چین‌ چین,محصولات غذایی و آشامیدنی به جز قند و شکر,69.3,زیر نظر,95,73,57.7,47,5370,20261005,11.2,8.5,45.1,-2.2,9.6,23.4,71.9,72.8,4,0,true,37.8,3.16,above,-1.1,1.19,5240,,6.58,-1.6,1.39,8.12,9.84,682,7.87,8.53,-7.7,5240,5155,5878,6217,2.37,72٪ بالای MA200 | نقدشوندگی کمتر از ۱۰ میلیارد تومان
وتوکا,سرمایه‌گذاری‌توکافولاد(هلدینگ,فلزات اساسی,69.3,زیر نظر,95,75,31.1,72,3820,20261005,6.7,4.7,73.1,25.7,3.5,21,52.4,63.3,3,0,false,37.1,3.38,above,-4.7,1.26,3590,4010,-33.32,-41.02,1.56,-6.87,37.44,724,5.28,13.48,-60.9,3691,3525,4010,4269,0.64,واگرایی منفی RSI | خروج مستمر پول حقیقی | 52٪ بالای MA200 | واگرایی منفی | حد ضرر دور (7.7٪)
خودکفا,اقتصادی و خودکفایی آزادگان,محصولات غذایی و آشامیدنی به جز قند و شکر,69.1,زیر نظر,95,85,62.5,32,17140,20261005,14.7,12.4,117.1,69.7,10.3,16.2,97.2,71.2,6,0,true,42.1,3.2,above,-0.2,1.17,16830,,2.45,-37.72,3.29,40.6,17.74,1687,10.16,,,16830,16556,18785,19881,2.82,خروج مستمر پول حقیقی | سهم صفی: 6 روز از ۲۰ روز در صف (ریسک نقدشوندگی و اجرای حد ضرر) | رشد عمودی (117٪ در ۶۰ روز، 16٪ بالای MA50) | 97٪ بالای MA200
لابسا,آبسال‌,ماشین آلات و تجهیزات,69.1,زیر نظر,100,85,79.5,9,6350,20261005,13.8,19.6,75.9,28.5,14.7,23.3,58.8,77.3,3,0,true,24.5,3.04,above,0,0.93,5705,,1.13,0.87,3.27,10.85,3.3,484,13.12,5.15,154.8,6157,5963,6930,7317,1.5,59٪ بالای MA200 | نقدشوندگی کمتر از ۱۰ میلیارد تومان
شیفته,کشت و صنعت شیفته آرای شرق,محصولات غذایی و آشامیدنی به جز قند و شکر,69,زیر نظر,85,100,78,16,16140,20261005,7.6,17.5,61,13.7,9,20.2,,69.1,1,0,true,51.8,3.29,,-3.7,0.85,15100,,8.83,6.71,35.69,76.59,21.65,1559,10.35,7.05,46.8,15609,14835,17733,18795,1.22,حد ضرر دور (8.1٪)
شفارا,پتروشیمی فارابی,محصولات شیمیایی,69,زیر نظر,100,85,63,25,1955,20261005,15.7,18.2,67.8,20.5,12.4,30.5,61.2,76.8,8,0,true,45.4,3.14,above,0,0.39,1838,,2.67,-0.27,4.79,13.51,9.93,126,15.52,,,1894,1807,2139,2262,1.25,واگرایی منفی RSI | سهم صفی: 8 روز از ۲۰ روز در صف (ریسک نقدشوندگی و اجرای حد ضرر) | رشد عمودی (68٪ در ۶۰ روز، 31٪ بالای MA50) | 61٪ بالای MA200 | واگرایی منفی | حد ضرر دور (7.6٪) | نقدشوندگی کمتر از ۱۰ میلیارد تومان
وسدید,گروه ‌صنعتی‌سدید,فلزات اساسی,69,زیر نظر,100,90,54,30,2326,20261005,-5.9,34.5,56.7,9.4,7.1,24.5,34,65.2,13,2,true,51.6,3.04,above,-10.2,1.35,2294,2590,1.74,90.1,0.66,-38.52,30.43,34,68.41,,,2294,2259,2590,2732,3.92,سهم صفی: 13 روز از ۲۰ روز در صف (ریسک نقدشوندگی و اجرای حد ضرر) | P/E بالا (68) | سرانه خرید ضعیف (0.66) | صف فروش در ۵ روز اخیر | واگرایی مثبت RSI
تپسی,پیشگامان فن آوری و دانش آرامیس,رایانه و فعالیت‌های وابسته به آن,69,زیر نظر,100,70,90,10,26950,20261005,6,26.4,100.4,53,11.5,31.3,55.2,99.7,20,0,true,96,1.01,above,0,0.63,22600,,13.36,69.34,13.25,13.2,4.5,,,8.89,,26677,26404,27770,28316,1.5,اشباع خرید | بدون EPS مثبت | سهم صفی: 20 روز از ۲۰ روز در صف (ریسک نقدشوندگی و اجرای حد ضرر) | رشد عمودی (100٪ در ۶۰ روز، 31٪ بالای MA50) | 55٪ بالای MA200 | نقدشوندگی کمتر از ۱۰ میلیارد تومان
چکاوه,صنایع‌کاغذسازی‌کاوه‌,محصولات کاغذی,68.9,زیر نظر,100,70,89.5,10,16150,20261005,15.5,61.5,116.2,68.9,27.1,54.6,111.1,93.1,14,0,true,62.8,2.49,above,0,1.03,12250,,55.43,101.24,6.05,64.31,16.45,,,16.48,,15748,15346,17356,18161,1.5,اشباع خرید | فاصله زیاد از MA20 | بدون EPS مثبت | سهم صفی: 14 روز از ۲۰ روز در صف (ریسک نقدشوندگی و اجرای حد ضرر) | رشد عمودی (116٪ در ۶۰ روز، 55٪ بالای MA50) | 111٪ بالای MA200
مارون,پتروشیمی مارون,محصولات شیمیایی,68.9,زیر نظر,100,75,58.5,37,29370,20261005,2.8,59.6,50.3,3,17,42.8,53.6,77.8,16,0,true,65,2.56,above,-5.8,2.18,23679,,-65.74,282.57,7.55,-118.78,55.16,3493,8.41,8.01,5,28619,27868,31622,33124,1.5,فاصله زیاد از MA20 | سهم صفی: 16 روز از ۲۰ روز در صف (ریسک نقدشوندگی و اجرای حد ضرر) | رشد عمودی (50٪ در ۶۰ روز، 43٪ بالای MA50) | 54٪ بالای MA200
ثتران,سرمایه گذاری مسکن تهران,انبوه سازی، املاک و مستغلات,68.8,زیر نظر,100,85,77,10,9370,20261005,15.3,10.4,65.3,17.9,13.1,25,70.1,75.8,2,0,true,46.3,3.13,above,0,0.96,8720,,1.09,1.45,2.1,15.84,8.13,,,23.59,,9077,8637,10250,10836,1.2,واگرایی منفی RSI | بدون EPS مثبت | 70٪ بالای MA200 | واگرایی منفی | حد ضرر دور (7.8٪) | نقدشوندگی کمتر از ۱۰ میلیارد تومان
ولکار,لیزینگ کارآفرین,سایر واسطه گریهای مالی,68.8,زیر نظر,75,45,89,60,5190,20261005,0.4,1.2,24.2,-23.2,0,4,45.4,51.8,1,1,false,20,3.92,above,-10.5,0.98,5010,5430,2.2,16.49,5.4,22.7,6.19,641,8.1,9.94,-18.5,5010,4908,5430,5650,0.85,نقدشوندگی کمتر از ۱۰ میلیارد تومان | صف فروش در ۵ روز اخیر | واگرایی مثبت RSI
کخاک,صنایع‌خاک‌چینی‌ایران‌,سایر محصولات کانی غیرفلزی,68.8,زیر نظر,100,70,90,9,76180,20261005,15.9,48.2,127.6,80.2,23.9,48.6,151.3,90,11,0,true,69.6,2.68,above,0,0.15,58890,,12.02,80.67,7.72,13.97,18.29,4037,18.87,12.75,48,74139,72098,82303,86386,1.5,اشباع خرید | فاصله زیاد از MA20 | سهم صفی: 11 روز از ۲۰ روز در صف (ریسک نقدشوندگی و اجرای حد ضرر) | رشد عمودی (128٪ در ۶۰ روز، 49٪ بالای MA50) | توزیع: ورود حقیقی با سرانه خرید ضعیف (0.79 در ۲۰ روز) | 151٪ بالای MA200
کسعدی,کاشی‌ سعدی‌,کاشی و سرامیک,68.6,زیر نظر,100,70,89.5,9,31060,20261005,15.8,79.5,224.9,177.5,30.2,68,216.7,96.8,16,0,true,76.7,2.26,above,0,0.93,16500,,7.11,46.33,2.9,46.7,12.37,1590,19.53,7.65,155.4,30357,29654,33168,34574,1.5,واگرایی منفی RSI | اشباع خرید | فاصله زیاد از MA20 | سهم صفی: 16 روز از ۲۰ روز در صف (ریسک نقدشوندگی و اجرای حد ضرر) | رشد عمودی (225٪ در ۶۰ روز، 68٪ بالای MA50) | 217٪ بالای MA200 | واگرایی منفی
خوساز,محورسازان‌ایران‌خودرو,خودرو و ساخت قطعات,68.6,زیر نظر,95,80,86.5,10,19880,20261005,6.3,3.4,27.3,-20.1,3.7,13.8,27.6,61.5,0,0,true,25.5,3.46,above,-5.1,1.25,19350,20950,2.49,3.44,1.62,10.43,5.05,,,,,19350,19006,20950,22325,1.22,بدون EPS مثبت | نقدشوندگی کمتر از ۱۰ میلیارد تومان
دحاوی,الحاوی,مواد و محصولات دارویی,68.6,زیر نظر,100,70,96.5,42,6110,20261005,12.9,47.2,182.1,134.8,23.4,56.5,172.7,99.8,20,0,true,96.2,2.25,above,0,1.57,2354,,1.15,2.6,3.55,2.48,0.54,849,7.2,,,5973,5835,6522,6797,1.5,نقدشوندگی پایین | اشباع خرید | فاصله زیاد از MA20 | سهم صفی: 20 روز از ۲۰ روز در صف (ریسک نقدشوندگی و اجرای حد ضرر) | رشد عمودی (182٪ در ۶۰ روز، 57٪ بالای MA50) | 173٪ بالای MA200 | نقدشوندگی کمتر از ۱۰ میلیارد تومان
شبصیر,تولیدات پتروشیمی قائد بصیر,محصولات شیمیایی,68.6,زیر نظر,100,65,30.3,72,16000,20261005,-2.6,17.6,59.2,11.9,2.2,21.2,68.9,61.5,2,0,false,54.9,3.33,above,-7.9,1.16,14680,17380,-1.12,37.2,0.89,-34.9,31.43,2884,5.55,8.01,-30.7,15467,14667,17380,18447,1.03,69٪ بالای MA200 | حد ضرر دور (8.3٪)
فنر,پارس فنر,خودرو و ساخت قطعات,68.4,زیر نظر,100,70,88.5,9,8730,20261005,14.7,33.1,128.2,80.9,22.7,45.8,135,92.6,1,0,true,63.2,2.85,above,-0.1,0.73,6690,,12.55,10.49,6.38,26.94,8.82,636,13.73,5.87,133.8,8481,8232,9477,9975,1.5,اشباع خرید | فاصله زیاد از MA20 | رشد عمودی (128٪ در ۶۰ روز، 46٪ بالای MA50) | 135٪ بالای MA200 | نقدشوندگی کمتر از ۱۰ میلیارد تومان
دفارا,داروسازی‌ فارابی‌,مواد و محصولات دارویی,68.3,زیر نظر,100,90,31.4,50,19130,20261005,-0.7,3.9,56.4,9,4.7,17,110,59.7,7,2,true,45.1,3.48,above,-9.1,1.04,18870,,-65.49,22.26,1.31,-192.23,89.45,1956,9.78,12.91,-24.2,18870,18538,21125,22455,3.37,سهم صفی: 7 روز از ۲۰ روز در صف (ریسک نقدشوندگی و اجرای حد ضرر) | توزیع: ورود حقیقی با سرانه خرید ضعیف (0.67 در ۲۰ روز) | 110٪ بالای MA200 | صف فروش در ۵ روز اخیر
دعبید,لابراتوارداروسازی‌  دکترعبیدی‌,مواد و محصولات دارویی,68.3,زیر نظر,100,75,84,9,29060,20261005,5.6,29.2,68.3,20.9,12.1,30,122.4,74.9,9,0,true,54.7,2.98,above,-5.6,1.55,25440,,83.09,147.81,3.94,-396.7,142.57,1503,19.33,12.91,49.8,28195,27330,31655,33385,1.5,سهم صفی: 9 روز از ۲۰ روز در صف (ریسک نقدشوندگی و اجرای حد ضرر) | رشد عمودی (68٪ در ۶۰ روز، 30٪ بالای MA50) | توزیع: ورود حقیقی با سرانه خرید ضعیف (0.69 در ۲۰ روز) | 122٪ بالای MA200
زنگان,صنعت روی زنگان,فلزات اساسی,68.3,زیر نظر,100,75,89,4,8820,20261005,2.1,26.3,92.6,45.2,14,28.8,75.9,72.7,9,0,true,51.5,3.25,above,-6.4,0.96,7276,,0.1,11.77,2.54,22.78,7.01,403,21.89,8.05,171.9,8533,8247,9680,10253,1.5,سهم صفی: 9 روز از ۲۰ روز در صف (ریسک نقدشوندگی و اجرای حد ضرر) | 76٪ بالای MA200 | نقدشوندگی کمتر از ۱۰ میلیارد تومان
پارسان,گسترش نفت و گاز پارسیان,محصولات شیمیایی,68.2,زیر نظر,100,55,71.8,37,36160,20261005,3.5,3.8,23,-24.4,2.2,15.6,47.5,61.1,0,0,false,35,3.55,above,-4.5,0.78,33870,37860,17.06,131.05,1.39,37.86,140.6,3483,10.38,9.63,7.8,34877,33229,37860,40426,0.58,توزیع: ورود حقیقی با سرانه خرید ضعیف (0.76 در ۲۰ روز) | 154٪ بالای کف ۵۲ هفته | حد ضرر دور (8.1٪)
فزرین,زرین معدن آسیا,فلزات اساسی,68.1,زیر نظر,90,75,47.5,57,9420,20261005,-2.3,4.2,101.3,54,-4.5,17.7,120.2,54.5,13,1,false,54.3,3.27,above,-15,1.84,9190,11080,-0.77,39.95,2.05,-86.8,30,1184,7.96,8.05,-1.2,9190,9036,11080,11695,4.32,سهم صفی: 13 روز از ۲۰ روز در صف (ریسک نقدشوندگی و اجرای حد ضرر) | رشد عمودی (101٪ در ۶۰ روز، 18٪ بالای MA50) | توزیع: ورود حقیقی با سرانه خرید ضعیف (0.59 در ۲۰ روز) | 120٪ بالای MA200 | صف فروش در ۵ روز اخیر
دزهراوی,داروسازی‌زهراوی‌,مواد و محصولات دارویی,68.1,زیر نظر,100,90,30.5,50,5130,20261005,3.4,11.8,81.1,33.7,7.3,15.8,115.2,65,2,0,true,38.4,3.56,above,-3.2,1.22,5010,,-20.52,-56.29,4.79,-14.11,24.36,492,10.43,12.91,-19.2,5010,4919,5678,6044,2.59,خروج مستمر پول حقیقی | 115٪ بالای MA200
قشهد,شهد,قند و شکر,68,زیر نظر,90,65,52,60,3650,20261005,-9.7,12,100.9,53.6,-3.9,15.4,102.6,53.1,6,2,false,56.1,3.59,above,-13.3,1.08,2908,,0.23,16.67,0.46,-16.33,8.11,416,8.77,9.8,-10.5,3519,3388,4043,4306,1.5,واگرایی منفی RSI | سهم صفی: 6 روز از ۲۰ روز در صف (ریسک نقدشوندگی و اجرای حد ضرر) | رشد عمودی (101٪ در ۶۰ روز، 15٪ بالای MA50) | توزیع: ورود حقیقی با سرانه خرید ضعیف (0.72 در ۲۰ روز) | 103٪ بالای MA200 | سرانه خرید ضعیف (0.46) | واگرایی منفی | حد ضرر دور (7.2٪) | نقدشوندگی کمتر از ۱۰ میلیارد تومان | صف فروش در ۵ روز اخیر
ممسنی,پتروشیمی ممسنی,محصولات شیمیایی,68,زیر نظر,100,70,86,10,16560,20261005,15.8,52.7,103.8,56.5,26,54.1,73.8,98.9,20,0,true,81.9,2.26,above,-3.4,0.57,15160,17138,1.4,62.68,1.68,1.82,4.64,,,,,16186,15812,17138,17885,0.77,اشباع خرید | فاصله زیاد از MA20 | بدون EPS مثبت | سهم صفی: 20 روز از ۲۰ روز در صف (ریسک نقدشوندگی و اجرای حد ضرر) | رشد عمودی (104٪ در ۶۰ روز، 54٪ بالای MA50) | 74٪ بالای MA200 | نقدشوندگی کمتر از ۱۰ میلیارد تومان | واگرایی مثبت RSI
وکغدیر,بین المللی توسعه ص. معادن غدیر,شرکتهای چند رشته ای صنعتی,67.9,زیر نظر,100,70,78.6,17,7790,20261005,13.9,37.1,147.3,100,14.6,45.1,112.5,81.8,7,0,true,67.9,2.74,above,-0.5,1.07,7160,,284.95,566.4,1.21,76.79,163.69,563,13.84,10.88,27.2,7576,7256,8431,8858,1.2,اشباع خرید | سهم صفی: 7 روز از ۲۰ روز در صف (ریسک نقدشوندگی و اجرای حد ضرر) | رشد عمودی (147٪ در ۶۰ روز، 45٪ بالای MA50) | توزیع: ورود حقیقی با سرانه خرید ضعیف (0.87 در ۲۰ روز) | 112٪ بالای MA200 | شناوری کم (10٪)
درپاد,گروه صنعتی درپاد تبریز,فلزات اساسی,67.9,زیر نظر,100,60,99.5,4,4910,20261005,6.2,63.1,99.2,51.9,20.5,65.1,,96.5,16,0,true,77.1,2.7,above,-2.4,2.07,3100,,20.89,59.21,79.31,103.22,11.4,24,204.58,8.05,2441.4,4778,4645,5307,5572,1.5,اشباع خرید | فاصله زیاد از MA20 | سهم صفی: 16 روز از ۲۰ روز در صف (ریسک نقدشوندگی و اجرای حد ضرر) | رشد عمودی (99٪ در ۶۰ روز، 65٪ بالای MA50) | P/E بالا (205) | 161٪ بالای کف ۵۲ هفته
وکبهمن,مدیریت سرمایه گذاری کوثربهمن,سرمایه گذاریها,67.9,زیر نظر,100,70,35.5,60,4440,20261005,12.4,28,51.5,4.2,13.8,28.8,81.7,82.5,3,0,true,51.3,2.97,above,-0.9,1.16,3980,,-15.48,-43.44,11.45,8.27,5.46,671,6.62,8.73,-24.2,4308,4176,4836,5100,1.5,اشباع خرید | خروج مستمر پول حقیقی | 82٪ بالای MA200 | نقدشوندگی کمتر از ۱۰ میلیارد تومان
غمینو,شرکت صنایع غذایی مینو شرق,محصولات غذایی و آشامیدنی به جز قند و شکر,67.9,زیر نظر,100,88,47,34,9590,20261005,8.6,22.3,46.6,-0.7,7.9,14.8,102,65.9,4,0,true,34.2,3.33,above,-3.3,0.97,8750,,-8.04,89.33,3.16,-2.21,31.69,1231,7.79,7.05,10.5,9271,8793,10547,11185,1.2,102٪ بالای MA200 | حد ضرر دور (8.3٪)
ددانا,داروسازی دانا,مواد و محصولات دارویی,67.6,زیر نظر,100,100,33.5,37,23410,20261005,8.2,7.7,133.9,86.5,10.5,17.7,143.5,66.6,7,0,true,38.2,3.01,above,-3.2,1.82,22390,23810,-50.24,-50.33,2.45,-36.65,44.83,2409,9.72,8.86,9.7,22706,22038,23810,25218,0.29,خروج مستمر پول حقیقی | سهم صفی: 7 روز از ۲۰ روز در صف (ریسک نقدشوندگی و اجرای حد ضرر) | رشد عمودی (134٪ در ۶۰ روز، 18٪ بالای MA50) | 144٪ بالای MA200
فطلوع,طلوع فولاد پارس,فلزات اساسی,67.5,زیر نظر,100,70,74,20,7100,20261005,14,41.2,147.6,100.2,17.8,51.7,,86.4,16,0,true,73.5,2.61,above,0,0.92,6320,,7.49,19.99,3.53,-4.56,18.03,34,208.82,,,6915,6730,7655,8025,1.5,اشباع خرید | فاصله زیاد از MA20 | سهم صفی: 16 روز از ۲۰ روز در صف (ریسک نقدشوندگی و اجرای حد ضرر) | رشد عمودی (148٪ در ۶۰ روز، 52٪ بالای MA50) | P/E بالا (209) | 281٪ بالای کف ۵۲ هفته
ومشان,سرمایه گذاری مشانیر,سرمایه گذاریها,67.5,زیر نظر,100,70,74,20,39250,20261005,14.9,56.6,75,27.6,28.6,46.3,126.3,91.1,12,0,true,51,2.75,above,0,0.67,26683,,1.75,23.52,4.92,-2.36,5.8,143,274.48,,,38169,37087,42494,44657,1.5,اشباع خرید | فاصله زیاد از MA20 | سهم صفی: 12 روز از ۲۰ روز در صف (ریسک نقدشوندگی و اجرای حد ضرر) | رشد عمودی (75٪ در ۶۰ روز، 46٪ بالای MA50) | P/E بالا (274) | 126٪ بالای MA200 | نقدشوندگی کمتر از ۱۰ میلیارد تومان
وآفری,بیمه کارآفرین,بیمه وصندوق بازنشستگی به جزتامین اجتماعی,67.5,زیر نظر,100,90,84,34,9330,20261005,2.1,14.9,87,39.6,7.1,32.7,144,67.8,6,1,true,60.9,3.11,above,-6.5,1.36,8822,,4.37,7.46,29.25,-0.82,2.25,1680,5.55,4.59,21,9040,8677,10199,10779,1.33,نقدشوندگی پایین | سهم صفی: 6 روز از ۲۰ روز در صف (ریسک نقدشوندگی و اجرای حد ضرر) | رشد عمودی (87٪ در ۶۰ روز، 33٪ بالای MA50) | توزیع: ورود حقیقی با سرانه خرید ضعیف (0.86 در ۲۰ روز) | 144٪ بالای MA200 | نقدشوندگی کمتر از ۱۰ میلیارد تومان | صف فروش در ۵ روز اخیر
داوه,داروسازی آوه سینا,مواد و محصولات دارویی,67.4,زیر نظر,100,70,89.5,4,16440,20261005,15,35.1,243,195.6,19.2,55.4,199.4,87.2,14,0,true,72.8,2.55,above,0,0.31,13840,,30.76,46.03,5.21,36.87,31.91,760,21.63,8.86,144.1,16021,15601,17698,18536,1.5,اشباع خرید | فاصله زیاد از MA20 | سهم صفی: 14 روز از ۲۰ روز در صف (ریسک نقدشوندگی و اجرای حد ضرر) | رشد عمودی (243٪ در ۶۰ روز، 55٪ بالای MA50) | 199٪ بالای MA200
نان,صنایع غذایی رضوی,محصولات غذایی و آشامیدنی به جز قند و شکر,67.3,زیر نظر,73,45,98.5,47,6420,20261005,2.9,-2.7,11.9,-35.4,-1,3.7,45.4,52.4,1,0,false,17.4,3.28,above,-10,1.29,6216,6630,36.83,47.44,2.07,63.89,24.81,929,6.91,7.05,-2,6216,6111,6630,7130,0.68,
ولیز,لیزینگ ایران,سایر واسطه گریهای مالی,67.3,زیر نظر,100,50,77,32,4320,20261005,-0.2,36.3,109.6,62.3,8.8,39.7,73.2,75.9,6,0,false,80.5,3.13,above,-5.5,1.06,3260,,2,2.92,2.13,16.12,6.62,458,9.43,,,4185,4050,4726,4996,1.5,سهم صفی: 6 روز از ۲۰ روز در صف (ریسک نقدشوندگی و اجرای حد ضرر) | رشد عمودی (110٪ در ۶۰ روز، 40٪ بالای MA50) | 73٪ بالای MA200 | نقدشوندگی کمتر از ۱۰ میلیارد تومان
فلامی,لامیران‌,ساخت محصولات فلزی,67.3,زیر نظر,100,70,89,4,12420,20261005,12.5,40.3,92.6,45.2,17.6,34.9,78.6,84.9,9,0,true,41.5,3,above,-0.1,0.98,10840,,4.06,14.59,1.62,4.39,3.8,586,21.19,7.54,181.1,12048,11675,13537,14282,1.5,اشباع خرید | فاصله زیاد از MA20 | سهم صفی: 9 روز از ۲۰ روز در صف (ریسک نقدشوندگی و اجرای حد ضرر) | رشد عمودی (93٪ در ۶۰ روز، 35٪ بالای MA50) | 79٪ بالای MA200 | نقدشوندگی کمتر از ۱۰ میلیارد تومان
وپخش,داروپخش‌ (هلدینگ‌,مواد و محصولات دارویی,67.2,زیر نظر,100,73,73.5,17,58040,20261005,9.3,24.9,44,-3.4,14.3,22.5,99.7,72.7,8,0,true,29.4,3.26,above,-2.8,1.19,52180,,30.05,109.93,3.76,-40.11,41.8,3800,15.27,12.91,18.3,56149,54259,63712,67493,1.5,واگرایی منفی RSI | سهم صفی: 8 روز از ۲۰ روز در صف (ریسک نقدشوندگی و اجرای حد ضرر) | توزیع: ورود حقیقی با سرانه خرید ضعیف (0.65 در ۲۰ روز) | 100٪ بالای MA200 | واگرایی منفی | شناوری کم (11٪)
آلومینا,آلومینای ایران,فلزات اساسی,67.1,زیر نظر,100,85,63.5,17,264700,20261005,15.3,16.1,87.2,39.9,12.5,30.8,86.6,76.6,4,0,true,42,3,above,0,1.12,256100,,34.72,-72.48,9.35,90.59,31.54,16822,15.74,13.48,16.7,256751,252125,288548,304447,1.9,خروج مستمر پول حقیقی | رشد عمودی (87٪ در ۶۰ روز، 31٪ بالای MA50) | 87٪ بالای MA200 | شناوری کم (6٪)
ثالوند,سرمایه گذاری مسکن الوند,انبوه سازی، املاک و مستغلات,67.1,زیر نظر,100,70,88.5,4,12990,20261005,15.6,74.6,199.3,152,29.9,78.9,160.8,98.5,18,0,true,87.3,2.18,above,0,0.56,6370,,11.37,37.51,1.92,11.43,6.97,230,56.48,23.59,139.4,12707,12425,13838,14403,1.5,اشباع خرید | فاصله زیاد از MA20 | سهم صفی: 18 روز از ۲۰ روز در صف (ریسک نقدشوندگی و اجرای حد ضرر) | رشد عمودی (199٪ در ۶۰ روز، 79٪ بالای MA50) | P/E بالا (56) | 161٪ بالای MA200 | نقدشوندگی کمتر از ۱۰ میلیارد تومان
شلعاب,لعابیران‌,محصولات شیمیایی,67.1,زیر نظر,100,85,76.5,4,1453,20261005,11.3,14.2,49.3,1.9,10.1,19.5,56.4,72.5,1,0,true,34.9,3.35,above,-0.2,1.11,1401,,4.32,5.28,1.54,8.27,7.88,70,20.76,9.63,115.5,1404,1377,1599,1696,1.91,واگرایی منفی RSI | 56٪ بالای MA200 | واگرایی منفی | نقدشوندگی کمتر از ۱۰ میلیارد تومان
ناما,تولیدی مخازن گازطبیعی آسیاناما,خودرو و ساخت قطعات,67,زیر نظر,83,80,78.5,26,4610,20261005,12.4,5.3,13.5,-33.8,8.6,11.1,31.9,64.5,2,0,true,18.9,3.27,above,-3.8,1.04,4520,4790,9.81,2.57,2.88,18.59,8.54,583,7.91,5.87,34.7,4520,4445,4790,5092,1.09,توزیع: ورود حقیقی با سرانه خرید ضعیف (0.69 در ۲۰ روز) | نقدشوندگی کمتر از ۱۰ میلیارد تومان
وفتخار,سرمایه گذاری افتخار سهام,سرمایه گذاریها,67,زیر نظر,100,63,47.6,50,2177,20261005,6.6,38.7,46.2,-1.1,12.1,30,43.5,79.6,6,0,true,53.9,3.27,above,-0.8,0.84,2078,,0.58,1.25,1.05,-0.2,5.39,531,4.1,,,2106,2042,2391,2533,1.59,اشباع خرید | سهم صفی: 6 روز از ۲۰ روز در صف (ریسک نقدشوندگی و اجرای حد ضرر) | رشد عمودی (46٪ در ۶۰ روز، 30٪ بالای MA50) | توزیع: ورود حقیقی با سرانه خرید ضعیف (0.87 در ۲۰ روز) | نقدشوندگی کمتر از ۱۰ میلیارد تومان
دالبر,البرزدارو,مواد و محصولات دارویی,67,زیر نظر,90,75,38,62,15610,20261005,1.2,1.4,111.8,64.5,-1.3,9.5,120.7,53.4,6,0,false,46.6,3.38,above,-8.1,1,15050,15913,-104.91,34.86,3.6,-196.86,120.54,1779,8.77,12.91,-32,15082,14786,15913,16990,0.37,سهم صفی: 6 روز از ۲۰ روز در صف (ریسک نقدشوندگی و اجرای حد ضرر) | رشد عمودی (112٪ در ۶۰ روز، 10٪ بالای MA50) | توزیع: ورود حقیقی با سرانه خرید ضعیف (0.62 در ۲۰ روز) | 121٪ بالای MA200
حبندر,دریایی و کشتیرانی خط دریابندر,حمل ونقل، انبارداری و ارتباطات,67,زیر نظر,100,85,88,32,10150,20261005,5.8,19.4,72.9,25.5,9.3,22.2,106.3,77.6,0,0,true,37,3.38,above,-1.1,0.84,9528,,1.62,6.45,1.67,3.92,2.94,1112,9.13,,,9807,9356,11178,11864,1.3,نقدشوندگی پایین | 106٪ بالای MA200 | حد ضرر دور (7.8٪) | نقدشوندگی کمتر از ۱۰ میلیارد تومان
وشهر,بانک شهر,بانکها و موسسات اعتباری,66.8,زیر نظر,100,65,73,42,3490,20261004,12.6,16.2,29.8,-17.5,13.1,17,38.4,76.9,4,0,true,30.2,2.66,above,0,1.59,3125,,42.31,-14.04,3.06,39.18,14.76,533,6.55,,,3397,3305,3768,3954,1.5,واگرایی منفی RSI | 230٪ بالای کف ۵۲ هفته | واگرایی منفی | آخرین معامله 20261004 (متوقف یا کم‌معامله)
ساینا,صنایع بهداشتی ساینا,محصولات شیمیایی,66.8,زیر نظر,100,70,54,37,14940,20261005,11.3,38.8,117.5,70.1,16.7,33.2,149.9,84.2,6,0,true,58,3.16,above,-0.6,1.58,13170,,29.26,14.09,0.77,-33.05,25.83,1820,8.21,8.01,2.5,14467,13995,16358,17303,1.5,اشباع خرید | فاصله زیاد از MA20 | سهم صفی: 6 روز از ۲۰ روز در صف (ریسک نقدشوندگی و اجرای حد ضرر) | رشد عمودی (117٪ در ۶۰ روز، 33٪ بالای MA50) | توزیع: ورود حقیقی با سرانه خرید ضعیف (0.90 در ۲۰ روز) | 150٪ بالای MA200 | سرانه خرید ضعیف (0.77)
غانیزان,فرآورده های دامی ولبنی دالاهو,محصولات غذایی و آشامیدنی به جز قند و شکر,66.6,زیر نظر,100,73,79,9,10010,20261005,10,11.8,44.6,-2.8,9.1,24.4,60.5,70.7,7,0,true,21.8,3.24,above,0,0.5,9760,,1.75,1.87,92.38,9.63,10.21,797,12.56,8.53,47.2,9760,9598,10983,11631,2.36,سهم صفی: 7 روز از ۲۰ روز در صف (ریسک نقدشوندگی و اجرای حد ضرر) | 60٪ بالای MA200
بپویا,دانش محور پویا نیرو,ماشین آلات و دستگاه‌های برقی,66.4,زیر نظر,73,80,88,26,6160,20261005,3.7,3.2,-2.2,-49.6,0.9,7.4,4.3,56,1,0,true,18.5,3.47,above,-15.2,0.89,6074,6284,4.07,12.99,3.28,31.47,12.26,752,8.19,6.15,33.2,6074,5967,6284,6420,0.64,شناوری کم (7٪)
دسینا,داروسازی‌ سینا,مواد و محصولات دارویی,66.4,زیر نظر,100,78,33,50,94780,20261005,1.5,6.5,38.7,-8.7,4.9,13,78.8,59.2,7,0,true,32.5,3.07,above,-6.6,1.37,92620,95740,-23.39,-37.25,4.75,-33.28,12.3,9289,10.2,12.91,-21,92620,91165,95740,101560,0.27,خروج مستمر پول حقیقی | سهم صفی: 7 روز از ۲۰ روز در صف (ریسک نقدشوندگی و اجرای حد ضرر) | 79٪ بالای MA200
دسبحان,سبحان دارو,مواد و محصولات دارویی,66.3,زیر نظر,100,70,59.4,30,20400,20261005,12.7,33.2,245.8,198.4,17,49.2,243.3,86,12,0,true,76.5,2.83,above,-2.7,1.32,17730,,91.89,-39.05,1.57,-163.74,90.02,1454,14.03,12.91,8.7,19822,19245,22133,23288,1.5,اشباع خرید | فاصله زیاد از MA20 | سهم صفی: 12 روز از ۲۰ روز در صف (ریسک نقدشوندگی و اجرای حد ضرر) | رشد عمودی (246٪ در ۶۰ روز، 49٪ بالای MA50) | 243٪ بالای MA200
فملی,ملی‌ صنایع‌ مس‌ ایران‌,فلزات اساسی,66.3,زیر نظر,100,85,73,4,29200,20261005,13,22.2,89,41.7,11.3,36.1,141.3,78.3,5,0,true,54.7,3.02,above,-1.4,0.95,27870,,126.24,2131.71,2.19,-1357.45,1478.47,1411,20.69,13.48,53.5,28319,27430,31842,33603,1.49,اشباع خرید | رشد عمودی (89٪ در ۶۰ روز، 36٪ بالای MA50) | توزیع: ورود حقیقی با سرانه خرید ضعیف (0.49 در ۲۰ روز) | 141٪ بالای MA200
تاصیکو,سرمایه گذاری صدرتامین,استخراج کانه های فلزی,66.3,زیر نظر,100,70,85,4,38900,20261005,15.5,72.5,168.4,121.1,28.9,66.8,197.8,96.3,13,0,true,78.5,2.63,above,-0.3,1.61,29400,,2539.34,3748.8,1.89,-552.61,472.52,560,69.46,13.76,404.8,37876,36851,41973,44022,1.5,اشباع خرید | فاصله زیاد از MA20 | سهم صفی: 13 روز از ۲۰ روز در صف (ریسک نقدشوندگی و اجرای حد ضرر) | رشد عمودی (168٪ در ۶۰ روز، 67٪ بالای MA50) | P/E بالا (69) | توزیع: ورود حقیقی با سرانه خرید ضعیف (0.69 در ۲۰ روز) | 198٪ بالای MA200
چخزر,صنایع چوب خزر کاسپین,محصولات چوبی,66.3,زیر نظر,100,70,65,24,235800,20261005,15.8,23.5,115.4,68,19.7,27.9,159.7,81.7,8,0,true,37.9,2.82,above,0,0.3,203400,,8.19,-8.53,48.77,16.87,10.44,20671,11.41,9.03,26.3,229162,222523,255715,268992,1.5,اشباع خرید | فاصله زیاد از MA20 | سهم صفی: 8 روز از ۲۰ روز در صف (ریسک نقدشوندگی و اجرای حد ضرر) | رشد عمودی (115٪ در ۶۰ روز، 28٪ بالای MA50) | 160٪ بالای MA200
ولنوین,لیزینگ اقتصاد نوین,سایر واسطه گریهای مالی,66.2,زیر نظر,100,73,62.5,24,3390,20261005,14.1,16.3,42.8,-4.5,11.3,25.8,62.7,73.8,1,0,true,41.8,3.16,above,0,0.6,3211,,4.48,-1.21,15.75,12.22,5.51,294,11.53,9.94,16,3283,3157,3711,3926,1.38,63٪ بالای MA200 | نقدشوندگی کمتر از ۱۰ میلیارد تومان | شناوری کم (14٪)
ولملت,واسپاری ملت,سایر واسطه گریهای مالی,66.2,زیر نظر,100,70,84.9,4,27050,20261005,15.6,59.4,189.3,141.9,27.9,50,207.9,90.7,15,0,true,53.8,2.39,above,0,0.58,18538,,16.35,45.03,1.4,5.58,17.18,824,32.83,9.94,230.3,26404,25758,28987,30279,1.5,واگرایی منفی RSI | اشباع خرید | فاصله زیاد از MA20 | سهم صفی: 15 روز از ۲۰ روز در صف (ریسک نقدشوندگی و اجرای حد ضرر) | رشد عمودی (189٪ در ۶۰ روز، 50٪ بالای MA50) | P/E بالا (33) | 208٪ بالای MA200 | واگرایی منفی
غگلپا,شیر پاستوریزه پگاه گلپایگان,محصولات غذایی و آشامیدنی به جز قند و شکر,66.1,زیر نظر,100,85,60.5,16,27150,20261005,9.8,24.5,90.7,43.3,12.3,28.5,102.8,77.1,2,0,true,61.5,3.11,above,-2.8,1.47,24560,,8.38,-13.77,1.14,3.52,9.63,2729,9.95,7.05,41.1,26305,25461,29684,31373,1.5,خروج مستمر پول حقیقی | 103٪ بالای MA200 | نقدشوندگی کمتر از ۱۰ میلیارد تومان
ومعادن,توسعه‌معادن‌وفلزات‌,استخراج کانه های فلزی,66.1,زیر نظر,100,65,42.5,50,3590,20261005,2.9,24.3,72.1,24.8,3.7,23.5,72.8,65.6,6,0,false,40.9,3.7,above,-5,1.01,2965,3780,90.31,293.15,0.54,-725.96,372.12,318,11.29,13.76,-18,3457,3324,3780,4046,0.71,سهم صفی: 6 روز از ۲۰ روز در صف (ریسک نقدشوندگی و اجرای حد ضرر) | توزیع: ورود حقیقی با سرانه خرید ضعیف (0.47 در ۲۰ روز) | 73٪ بالای MA200 | سرانه خرید ضعیف (0.54) | حد ضرر دور (7.4٪)
دقاضی,داروسازی شهید قاضی,مواد و محصولات دارویی,66.1,زیر نظر,100,90,48.5,24,24100,20261005,2.7,7.5,57.2,9.9,6.3,10.7,106.6,61.1,6,0,true,30.6,3.48,above,-6.6,1.53,23450,,-2.61,2.24,2.49,-67.48,32.8,2413,9.99,8.86,12.7,23450,23031,26614,28290,2.35,سهم صفی: 6 روز از ۲۰ روز در صف (ریسک نقدشوندگی و اجرای حد ضرر) | توزیع: ورود حقیقی با سرانه خرید ضعیف (0.79 در ۲۰ روز) | 107٪ بالای MA200
فوکا,فولاد کاویان,فلزات اساسی,66.1,زیر نظر,100,70,64.5,24,7640,20261005,15.6,28,147.8,100.5,13.1,44.8,,80.8,15,0,true,62.8,2.82,above,0,0.16,7300,,1.77,-23.65,5.67,5.2,7.84,817,9.35,8.05,16.2,7425,7192,8285,8716,1.44,اشباع خرید | خروج مستمر پول حقیقی | سهم صفی: 15 روز از ۲۰ روز در صف (ریسک نقدشوندگی و اجرای حد ضرر) | رشد عمودی (148٪ در ۶۰ روز، 45٪ بالای MA50) | 273٪ بالای کف ۵۲ هفته | نقدشوندگی کمتر از ۱۰ میلیارد تومان
چکاپا,گروه صنایع کاغذ پارس,محصولات کاغذی,66.1,زیر نظر,100,70,78.5,10,2663,20261005,15.8,58.2,100.4,53,22.5,50,98.9,89,9,0,true,68.6,2.6,above,0,0.45,1699,,36.41,29.75,10.05,69.28,32.17,,,16.48,,2594,2525,2870,3009,1.5,اشباع خرید | فاصله زیاد از MA20 | بدون EPS مثبت | سهم صفی: 9 روز از ۲۰ روز در صف (ریسک نقدشوندگی و اجرای حد ضرر) | رشد عمودی (100٪ در ۶۰ روز، 50٪ بالای MA50) | 99٪ بالای MA200
لطیف,محصولات کاغذی لطیف,محصولات کاغذی,66.1,زیر نظر,100,80,63.5,17,4170,20261005,9.7,12.4,34.5,-12.8,6.5,15.8,49.6,65,6,0,true,31,3.26,above,-1.7,0.99,3920,,1.24,-10.09,12.11,27.88,8.55,315,13.24,10.19,29.9,4034,3852,4578,4850,1.28,خروج مستمر پول حقیقی | سهم صفی: 6 روز از ۲۰ روز در صف (ریسک نقدشوندگی و اجرای حد ضرر) | حد ضرر دور (7.6٪) | نقدشوندگی کمتر از ۱۰ میلیارد تومان
نبابک,نساجی بابکان,منسوجات,66,زیر نظر,95,80,62,24,8700,20261005,5.3,1.6,26.5,-20.9,3.2,12.7,16.3,60.5,1,0,true,23.2,3.81,above,-28,0.65,8536,9049,4.22,-17.2,6.88,18.87,7.78,351,24.79,14.29,73.5,8536,8370,9049,9206,1.06,واگرایی منفی RSI | خروج مستمر پول حقیقی | واگرایی منفی | نقدشوندگی کمتر از ۱۰ میلیارد تومان
کپارس,کاشی‌ پارس‌,کاشی و سرامیک,65.9,زیر نظر,100,75,36.5,47,19790,20261005,6.6,17.2,103.6,56.3,4.8,28.8,113.5,68.3,11,0,false,51.7,3.1,above,-3.5,0.64,17360,20500,-9.32,-58.66,3.17,0.61,19.42,2681,7.38,7.65,-3.5,19177,18564,20500,21726,0.58,واگرایی منفی RSI | خروج مستمر پول حقیقی | سهم صفی: 11 روز از ۲۰ روز در صف (ریسک نقدشوندگی و اجرای حد ضرر) | رشد عمودی (104٪ در ۶۰ روز، 29٪ بالای MA50) | 114٪ بالای MA200 | واگرایی منفی
آواپارس,بیمه اتکایی آوای پارس,بیمه وصندوق بازنشستگی به جزتامین اجتماعی,65.9,زیر نظر,100,70,97.5,50,5140,20261003,14.2,45.2,111.5,64.2,22.8,52,153.9,98.8,20,0,true,88.9,2.26,above,-0.4,1.47,2583,,0.48,1.84,4.9,2.92,0.74,1471,3.49,,,5024,4908,5489,5721,1.5,نقدشوندگی پایین | اشباع خرید | فاصله زیاد از MA20 | سهم صفی: 20 روز از ۲۰ روز در صف (ریسک نقدشوندگی و اجرای حد ضرر) | رشد عمودی (112٪ در ۶۰ روز، 52٪ بالای MA50) | 154٪ بالای MA200 | نقدشوندگی کمتر از ۱۰ میلیارد تومان | آخرین معامله 20261003 (متوقف یا کم‌معامله)
فسازان,غلتک سازان سپاهان,فلزات اساسی,65.8,زیر نظر,85,75,19,82,13970,20261005,2,6.4,69.3,22,-1.1,13.5,129.8,57.1,6,0,false,43.3,3.2,above,-12.5,1.27,12930,14260,-27.43,-123.67,1.12,-65.56,46.08,2578,5.42,13.48,-59.8,13523,12853,14260,15960,0.26,خروج مستمر پول حقیقی | سهم صفی: 6 روز از ۲۰ روز در صف (ریسک نقدشوندگی و اجرای حد ضرر) | 130٪ بالای MA200 | حد ضرر دور (8.0٪)
زشگزا,شیر و گوشت زاگرس شهرکرد,زراعت و خدمات وابسته,65.8,زیر نظر,100,70,27,60,33840,20261005,-0.2,4.7,16,-31.4,4.1,8.8,64.2,58.6,3,0,true,24.6,3.39,above,-4.9,1.31,32660,35600,-29.58,33.93,0.62,-54.52,23.17,4812,7.03,8.07,-12.9,32694,32087,35600,37892,1,توزیع: ورود حقیقی با سرانه خرید ضعیف (0.84 در ۲۰ روز) | 64٪ بالای MA200 | سرانه خرید ضعیف (0.62)
افق,فروشگاههای زنجیره ای افق کوروش,خرده فروشی،باستثنای وسایل نقلیه موتوری,65.8,زیر نظر,95,85,64,17,82850,20261005,13.6,12.4,69.8,22.4,12,17.5,100.8,72.7,4,0,true,33,3.18,above,-0.2,1.13,77550,,51.06,-19.47,4.95,19.46,45.03,5195,15.95,12.78,24.8,80219,76274,90742,96003,1.2,واگرایی منفی RSI | 101٪ بالای MA200 | واگرایی منفی | حد ضرر دور (7.9٪) | شناوری کم (12٪)
وساخت,سرمایه‌ گذاری‌ ساختمان‌ایران‌,انبوه سازی، املاک و مستغلات,65.7,زیر نظر,90,63,85.5,19,2079,20261005,0.2,9.1,40.7,-6.7,-1.4,10,58.1,54,6,0,false,25,3.41,above,-10.5,0.85,1980,2324,5.84,42.72,2.87,10.57,24.59,144,14.44,6.61,118.4,2008,1944,2324,2466,1.82,سهم صفی: 6 روز از ۲۰ روز در صف (ریسک نقدشوندگی و اجرای حد ضرر) | 58٪ بالای MA200
واعتبار,سرمایه گذاری اعتبار ایران,سرمایه گذاریها,65.6,زیر نظر,100,50,22.5,80,3730,20261005,3.3,34,107.1,59.8,11,39.2,106.5,78.7,3,0,false,73.9,2.9,above,-3.1,0.78,2338,,-2.02,-2.86,5.32,-0.21,4.94,827,4.51,7.13,-36.7,3622,3514,4054,4270,1.5,اشباع خرید | رشد عمودی (107٪ در ۶۰ روز، 39٪ بالای MA50) | 106٪ بالای MA200 | نقدشوندگی کمتر از ۱۰ میلیارد تومان
کنور,توسعه معدنی و صنعتی صبانور,استخراج کانه های فلزی,65.5,زیر نظر,100,85,12.1,62,6760,20261005,8,9,87.8,40.4,7.7,28.7,100.2,73.2,3,0,true,47.2,3.37,above,-3.2,0.57,6500,,-27.07,-133.75,1.22,-22.65,26.26,738,9.16,13.76,-33.4,6532,6386,7443,7898,1.83,واگرایی منفی RSI | خروج مستمر پول حقیقی | 100٪ بالای MA200 | واگرایی منفی | شناوری کم (9٪)
پارس,پتروشیمی پارس,محصولات شیمیایی,65.5,زیر نظر,100,60,34,60,3370,20261005,8.6,41.4,64.6,17.3,17.7,37.7,58,81.7,8,0,true,51.2,2.71,above,-0.9,1.5,2929,,-268.91,-18.74,1.97,-243.75,144.1,492,6.85,9.63,-28.9,3279,3187,3644,3827,1.5,اشباع خرید | فاصله زیاد از MA20 | سهم صفی: 8 روز از ۲۰ روز در صف (ریسک نقدشوندگی و اجرای حد ضرر) | رشد عمودی (65٪ در ۶۰ روز، 38٪ بالای MA50) | 58٪ بالای MA200 | شناوری کم (6٪)
قثابت,قند ثابت‌ خراسان‌,قند و شکر,65.4,زیر نظر,95,80,79.5,4,4290,20261005,10.9,10.9,35.3,-12,7.7,8.1,64.5,64.8,0,0,true,25.5,3.5,above,-4,1.14,4100,4470,2.52,9.42,2.45,33.02,10.82,150,28.6,9.8,191.8,4140,4025,4470,4770,0.68,واگرایی منفی RSI | 65٪ بالای MA200 | واگرایی منفی
کبافق,معادن‌ بافق‌,استخراج کانه های فلزی,65.4,زیر نظر,100,75,77.5,4,46050,20261005,7.9,16.6,80,32.6,4.8,23.7,73.9,64.9,8,0,false,44.7,3.29,above,-5.9,1.02,41060,48940,2.28,2.9,1.76,12.75,8.42,1583,29.09,13.76,111.4,44535,43020,48940,51970,0.95,واگرایی منفی RSI | سهم صفی: 8 روز از ۲۰ روز در صف (ریسک نقدشوندگی و اجرای حد ضرر) | 74٪ بالای MA200 | واگرایی منفی | نقدشوندگی کمتر از ۱۰ میلیارد تومان
پی پاد,پرداخت الکترونیک پاسارگاد,رایانه و فعالیت‌های وابسته به آن,65.2,زیر نظر,65,40,68.9,82,7080,20261005,-7.5,-12.7,84.9,37.5,-6.2,9.3,78.1,46.7,5,2,false,40.6,3.77,above,-15.2,1.07,6920,7190,9.23,31.88,1.22,54.13,40.76,1006,7.04,18.19,-61.3,6920,6787,7190,7830,0.38,78٪ بالای MA200 | شناوری کم (12٪) | صف فروش در ۵ روز اخیر
شپارس,بین‌ المللی‌ محصولات‌  پارس‌,محصولات شیمیایی,65.1,زیر نظر,100,85,22.5,50,3006,20261005,18.5,23.1,124.7,77.3,12.2,37.1,129.4,75.6,10,0,true,52.3,3.18,above,-1,1.09,2948,,-30.15,-48.2,9.61,-12.35,18.6,370,8.12,9.63,-15.6,2948,2900,3292,3483,2.71,خروج مستمر پول حقیقی | سهم صفی: 10 روز از ۲۰ روز در صف (ریسک نقدشوندگی و اجرای حد ضرر) | رشد عمودی (125٪ در ۶۰ روز، 37٪ بالای MA50) | 129٪ بالای MA200
سمایه,بانک سرمایه,بانکها و موسسات اعتباری,65.1,زیر نظر,100,65,78.5,10,5930,20261005,14.3,20.5,10.2,-37.1,12.4,22.4,37.7,76.2,4,0,true,31.1,3.27,above,0,0.58,5600,,3.15,2.8,6.73,8.02,3.7,,,,,5736,5503,6512,6900,1.36,واگرایی منفی RSI | بدون EPS مثبت | واگرایی منفی | حد ضرر دور (7.2٪) | نقدشوندگی کمتر از ۱۰ میلیارد تومان
کگهر,معدنی و صنعتی گهرزمین,استخراج کانه های فلزی,65.1,زیر نظر,85,53,43.9,72,7500,20261005,0.3,-1.6,44.5,-2.8,-2.6,7.5,42.8,52.6,1,0,false,25.9,3.43,above,-12.2,1.35,7140,7870,-4.66,92.31,1,-43.1,55.61,870,8.62,14.44,-40.3,7243,7012,7870,8540,0.76,واگرایی منفی RSI | توزیع: ورود حقیقی با سرانه خرید ضعیف (0.70 در ۲۰ روز) | واگرایی منفی
حخزر,کشتیرانی دریای خزر,حمل و نقل آبی,65,زیر نظر,100,70,75,9,13180,20261005,15.5,58.4,197.6,150.2,23.9,60.8,221.9,94.5,8,0,true,86,2.54,above,-0.2,0.87,6430,,39.88,81.91,2.15,-3.67,25.64,944,13.96,10.36,34.8,12846,12511,14183,14852,1.5,واگرایی منفی RSI | اشباع خرید | فاصله زیاد از MA20 | سهم صفی: 8 روز از ۲۰ روز در صف (ریسک نقدشوندگی و اجرای حد ضرر) | رشد عمودی (198٪ در ۶۰ روز، 61٪ بالای MA50) | 222٪ بالای MA200 | واگرایی منفی
سجام,مجتمع سیمان غرب آسیا,سیمان، آهک و گچ,64.9,زیر نظر,100,65,27.5,60,10450,20261005,-4.7,15.1,51.4,4.1,2,14.5,93.4,58.7,3,0,false,37.8,3.44,above,-8.8,1.2,9305,11460,-11.87,26.65,0.51,-65.87,22.26,1760,5.94,6.69,-11.2,10090,9731,11460,12179,1.4,توزیع: ورود حقیقی با سرانه خرید ضعیف (0.79 در ۲۰ روز) | 93٪ بالای MA200 | سرانه خرید ضعیف (0.51)
دکیمی,کیمیدارو,مواد و محصولات دارویی,64.9,زیر نظر,100,70,74.5,9,83530,20261005,15.6,31.3,167.5,120.1,21.4,44,182.9,84.4,10,0,true,56.2,2.73,above,-0.1,1.16,70170,,25.13,41.12,2.04,-2.83,10.59,4266,19.58,12.91,51.7,81246,78963,90381,94948,1.5,واگرایی منفی RSI | اشباع خرید | فاصله زیاد از MA20 | سهم صفی: 10 روز از ۲۰ روز در صف (ریسک نقدشوندگی و اجرای حد ضرر) | رشد عمودی (167٪ در ۶۰ روز، 44٪ بالای MA50) | 183٪ بالای MA200 | واگرایی منفی
دارو,کارخانجات‌داروپخش‌,مواد و محصولات دارویی,64.8,زیر نظر,100,85,34,37,10030,20261005,10.5,16.6,102.2,54.9,15.9,22.8,153,77.4,8,0,true,42.2,3.38,above,-2,1.91,9400,,-73.71,-88.6,2.73,-213.48,92.25,841,11.93,12.91,-7.6,9691,9230,11048,11726,1.27,فاصله زیاد از MA20 | سهم صفی: 8 روز از ۲۰ روز در صف (ریسک نقدشوندگی و اجرای حد ضرر) | رشد عمودی (102٪ در ۶۰ روز، 23٪ بالای MA50) | 153٪ بالای MA200 | حد ضرر دور (8.0٪) | شناوری کم (13٪)
کاسپین,داروسازی کاسپین تامین,مواد و محصولات دارویی,64.8,زیر نظر,100,90,43,24,38100,20261005,-2.1,10.2,49.4,2.1,3.2,12,104.5,59.5,2,0,true,35.9,3.47,above,-5.1,1.34,36690,40130,7.95,29.54,0.59,-82.48,41.02,3831,9.95,8.86,12.2,36778,36029,40130,42774,0.98,واگرایی منفی RSI | توزیع: ورود حقیقی با سرانه خرید ضعیف (0.62 در ۲۰ روز) | 105٪ بالای MA200 | سرانه خرید ضعیف (0.59) | واگرایی منفی
خمحور,تولیدمحورخودرو,خودرو و ساخت قطعات,64.7,زیر نظر,88,45,75.3,42,5540,20261005,0.2,8,12.1,-35.2,0.5,9.9,39.7,56.3,1,0,false,19.8,3.42,above,-6.4,0.77,5330,5885,0.11,9.04,1.13,0.91,5.06,785,7.06,,,5350,5235,5885,6264,1.13,نقدشوندگی کمتر از ۱۰ میلیارد تومان | شناوری کم (9٪)
خبرنا,تولیدی برنا باطری,خودرو و ساخت قطعات,64.7,زیر نظر,100,43,88.5,16,8630,20261005,-0.6,-1.4,44.6,-2.7,1.3,14.1,32.3,57.2,0,0,false,37.4,3.46,above,-8.2,0.98,7690,9200,16.8,56.44,1.68,50.75,30.51,1058,8.16,5.87,39,8331,8033,9200,9797,0.95,
خگستر,گسترش‌سرمایه‌گذاری‌ایران‌خودرو,خودرو و ساخت قطعات,64.6,زیر نظر,95,45,88.5,20,4190,20261005,6.6,-0.9,34.7,-12.6,2.3,12.9,38.3,60.7,2,0,false,27.4,3.57,above,-6.7,1.34,3850,4490,74.5,89.96,1.84,381.08,218.24,88,47.61,,,4040,3816,4490,4789,0.8,واگرایی منفی RSI | P/E بالا (48) | واگرایی منفی | حد ضرر دور (8.9٪)
ونیکی,سرمایه‌گذاری‌ ملی‌ایران‌,شرکتهای چند رشته ای صنعتی,64.6,زیر نظر,100,45,52.5,50,5560,20261005,-1.6,21.7,28.8,-18.5,1.7,22.2,57.3,59.9,8,0,false,49.8,3.08,above,-6.7,0.89,5360,5870,11.98,65.51,0.45,-63.81,36.11,692,8.03,10.88,-26.2,5389,5274,5870,5960,1.09,واگرایی منفی RSI | سهم صفی: 8 روز از ۲۰ روز در صف (ریسک نقدشوندگی و اجرای حد ضرر) | توزیع: ورود حقیقی با سرانه خرید ضعیف (0.50 در ۲۰ روز) | 57٪ بالای MA200 | سرانه خرید ضعیف (0.45) | واگرایی منفی | شناوری کم (13٪)
پکرمان,گروه‌ صنعتی‌ بارز,لاستیک و پلاستیک,64.5,زیر نظر,100,80,37,37,8090,20261005,8.7,13.5,36.4,-10.9,7.1,16.4,23.8,65.5,4,0,true,34.6,2.97,above,-2.1,0.78,7878,8260,-19.21,-87.12,4.92,13.52,26.54,953,8.49,8.21,3.4,7878,7758,8260,8740,0.51,واگرایی منفی RSI | خروج مستمر پول حقیقی | واگرایی منفی
ریشمک,تولید و صادرات ریشمک,مواد و محصولات دارویی,64.4,زیر نظر,100,85,32.6,37,18760,20261005,14.3,16.5,79.7,32.3,13.2,34,93.6,76.5,6,0,true,40.2,2.75,above,-0.5,1.08,17940,,-4.21,-3.12,1.39,22.78,28.18,2342,8.01,8.86,-9.6,18244,17682,20307,21338,1.44,سهم صفی: 6 روز از ۲۰ روز در صف (ریسک نقدشوندگی و اجرای حد ضرر) | رشد عمودی (80٪ در ۶۰ روز، 34٪ بالای MA50) | 94٪ بالای MA200
فاراک,ماشین‌ سازی‌ اراک‌,ساخت محصولات فلزی,64.4,زیر نظر,95,75,36.5,47,3089,20261005,3.9,1.9,97.1,49.8,0.9,12.7,95.9,59.1,2,0,false,36.8,3.67,above,-7.8,1.13,2892,3280,-27.62,-1.9,2.55,9.6,70.5,423,7.3,7.54,-3.1,2976,2835,3280,3350,0.75,واگرایی منفی RSI | 96٪ بالای MA200 | واگرایی منفی | حد ضرر دور (8.2٪)
کایزد,فرانسوز یزد,سایر محصولات کانی غیرفلزی,64.4,زیر نظر,100,50,88.5,9,3690,20261005,-0.5,43.8,116.9,69.5,9.5,43,78.8,74.8,15,1,false,78.5,3.07,above,-5.9,2.32,2636,,11.29,32.05,3.37,40.65,14.65,263,14.03,10.33,35.8,3577,3463,4030,4256,1.5,سهم صفی: 15 روز از ۲۰ روز در صف (ریسک نقدشوندگی و اجرای حد ضرر) | رشد عمودی (117٪ در ۶۰ روز، 43٪ بالای MA50) | 79٪ بالای MA200 | صف فروش در ۵ روز اخیر
ملت,بیمه ملت,بیمه وصندوق بازنشستگی به جزتامین اجتماعی,64.4,زیر نظر,100,70,72.5,9,6720,20261005,14.9,71,187.5,140.2,28.1,71.6,106.2,98.7,12,0,true,88.4,2.31,above,0,1.31,4126,,1.85,-4.93,1.64,6.81,5.43,417,16.12,4.59,251.1,6564,6409,7187,7498,1.5,اشباع خرید | فاصله زیاد از MA20 | سهم صفی: 12 روز از ۲۰ روز در صف (ریسک نقدشوندگی و اجرای حد ضرر) | رشد عمودی (188٪ در ۶۰ روز، 72٪ بالای MA50) | 106٪ بالای MA200 | نقدشوندگی کمتر از ۱۰ میلیارد تومان
قپیرا,فرآورده‌های‌غدایی‌وقندپیرانشهر,قند و شکر,64.4,زیر نظر,90,65,27.5,70,22230,20261005,-9.6,18.9,49.4,2,-3.1,16.2,71.6,52.5,8,2,false,56.8,3.51,above,-15.4,0.51,18820,26290,-0.06,23.48,0.5,-4.87,4.84,2920,7.61,9.8,-22.3,21450,20670,26290,27850,2.6,سهم صفی: 8 روز از ۲۰ روز در صف (ریسک نقدشوندگی و اجرای حد ضرر) | 72٪ بالای MA200 | سرانه خرید ضعیف (0.50) | حد ضرر دور (7.0٪) | نقدشوندگی کمتر از ۱۰ میلیارد تومان | صف فروش در ۵ روز اخیر
دتماد,تولیدمواداولیه‌داروپخش‌,مواد و محصولات دارویی,64.3,زیر نظر,100,80,23,50,56610,20261005,0.6,-4.6,68,20.7,2,9.7,107.8,55.7,3,0,true,26.7,3.52,above,-8.1,1.09,49000,61590,-8.7,-19.03,1.94,-29.98,31.43,5718,9.9,12.91,-23.3,54615,52619,61590,65581,1.25,108٪ بالای MA200 | حد ضرر دور (7.0٪)
واحصا,احیاء صنایع خراسان,سرمایه گذاریها,64.2,زیر نظر,100,70,60.8,20,34800,20261005,9.9,30.6,95.5,48.2,16.6,34.5,141.9,90.9,3,0,true,50.2,3.16,above,-0.7,1.17,29130,,3.7,-1.18,1.53,8.65,4.27,126,276.19,,,33701,32602,38097,40295,1.5,واگرایی منفی RSI | اشباع خرید | فاصله زیاد از MA20 | رشد عمودی (96٪ در ۶۰ روز، 34٪ بالای MA50) | P/E بالا (276) | 142٪ بالای MA200 | واگرایی منفی | نقدشوندگی کمتر از ۱۰ میلیارد تومان
کطبس,ذغال‌سنگ‌ نگین‌ ط‌بس‌,استخراج زغال سنگ,64.1,زیر نظر,100,70,63.5,17,23020,20261005,15.9,35.7,125.9,78.6,19,42.7,136.9,86.6,9,0,true,59.2,2.88,above,0,0.5,19900,,4.72,-9.88,9.1,9.7,7.35,1904,12.09,9.67,25,22357,21695,25008,26333,1.5,واگرایی منفی RSI | اشباع خرید | فاصله زیاد از MA20 | خروج مستمر پول حقیقی | سهم صفی: 9 روز از ۲۰ روز در صف (ریسک نقدشوندگی و اجرای حد ضرر) | رشد عمودی (126٪ در ۶۰ روز، 43٪ بالای MA50) | 137٪ بالای MA200 | واگرایی منفی | نقدشوندگی کمتر از ۱۰ میلیارد تومان
ختور,رادیاتور ایران‌,خودرو و ساخت قطعات,64,زیر نظر,100,70,38,42,4580,20261005,10.4,42.7,97,49.6,16.8,45.4,114.3,89,5,0,true,71.6,3.26,above,-3.2,0.74,3720,,-4.12,-1.98,1.74,32.42,34.49,715,6.41,,,4431,4282,5028,5326,1.5,واگرایی منفی RSI | اشباع خرید | فاصله زیاد از MA20 | رشد عمودی (97٪ در ۶۰ روز، 45٪ بالای MA50) | 114٪ بالای MA200 | واگرایی منفی
وسپهر,گروه سرمایه گذاری سپهر صادرات,شرکتهای چند رشته ای صنعتی,64,زیر نظر,85,45,63,55,4740,20261005,-0.2,-3.5,30.6,-16.8,-1.2,8.3,31.5,53.3,0,0,false,38.2,3.53,above,-8,1.25,4510,4790,15.92,-32.12,5.27,66.14,15.94,1149,4.13,4.03,2.4,4573,4426,4790,5150,0.16,واگرایی منفی RSI | خروج مستمر پول حقیقی | واگرایی منفی
شستان,پتروشیمی شهید رئیسی گلستان,محصولات شیمیایی,64,زیر نظر,100,55,71.9,20,1888,20261005,2.2,6.1,18.8,-28.5,1,12.4,27.7,57.6,1,0,false,27.6,3.78,above,-6.3,0.9,1739,1924,0.54,2.22,1.36,3.45,3.55,7,269.71,,,1817,1710,1924,2003,0.2,واگرایی منفی RSI | P/E بالا (270) | واگرایی منفی | حد ضرر دور (9.4٪) | نقدشوندگی کمتر از ۱۰ میلیارد تومان
ونیرو,سرمایه‌گذاری‌نیرو,عرضه برق، گاز، بخاروآب گرم,63.9,زیر نظر,90,65,28.5,67,4090,20261005,-2.9,18.2,65.3,18,4.3,27.9,13.1,64.8,4,0,false,44.5,3.19,above,-32.5,1.3,4015,4189,4.64,-10.69,0.76,-104.22,67.52,599,6.83,7.09,-3.7,4015,3949,4189,4296,0.71,واگرایی منفی RSI | سرانه خرید ضعیف (0.76) | واگرایی منفی
رتاپ,تجارت الکترونیک  پارسیان,رایانه و فعالیت‌های وابسته به آن,63.9,زیر نظر,100,75,20.5,55,9780,20261005,6.8,21.2,71.9,24.5,5.9,12.7,111.8,64.8,3,0,false,40.3,2.96,above,-0.4,0.88,9290,,-38.07,-129.71,1.73,-11.2,17.39,806,12.13,18.19,-33.3,9490,9145,10649,11228,1.37,واگرایی منفی RSI | خروج مستمر پول حقیقی | 112٪ بالای MA200 | واگرایی منفی
حسیر,ریل سیر کوثر,حمل ونقل، انبارداری و ارتباطات,63.8,زیر نظر,100,70,63,16,9020,20261005,11.1,25.1,64.1,16.7,14.1,33.2,97.8,82.2,1,0,true,57.6,3.11,above,-0.1,1.69,8440,,38.92,42.78,0.79,-35.2,23.41,758,11.9,7.68,54.9,8740,8319,9861,10421,1.2,اشباع خرید | رشد عمودی (64٪ در ۶۰ روز، 33٪ بالای MA50) | توزیع: ورود حقیقی با سرانه خرید ضعیف (0.79 در ۲۰ روز) | 98٪ بالای MA200 | سرانه خرید ضعیف (0.79) | حد ضرر دور (7.8٪)
تلیسه,دامداری تلیسه نمونه,زراعت و خدمات وابسته,63.8,زیر نظر,100,80,34,37,10240,20261005,1.8,5.8,26.6,-20.8,2.9,11.7,80.6,57.5,6,0,true,35.9,3.51,above,-6.8,1.38,9880,10360,-22.39,-13.52,2.14,-25.71,21.69,1266,8.09,8.07,0.2,9881,9700,10360,10810,0.22,واگرایی منفی RSI | سهم صفی: 6 روز از ۲۰ روز در صف (ریسک نقدشوندگی و اجرای حد ضرر) | 81٪ بالای MA200 | واگرایی منفی
ویسا,سرمایه گذاری ایساتیس پویا,سرمایه گذاریها,63.8,زیر نظر,100,75,83,32,5760,20261005,8.8,20.1,51.7,4.4,7.3,28.6,60.4,69.4,3,0,false,55.5,3,above,-3,1.63,4234,5868,7.79,9.1,2,-2.09,2.91,633,9.1,,,5587,5414,5868,6214,0.31,نقدشوندگی پایین | 60٪ بالای MA200 | نقدشوندگی کمتر از ۱۰ میلیارد تومان
فخاس,فولاد خراسان,فلزات اساسی,63.6,زیر نظر,100,90,12.5,50,3650,20261005,1.7,16.8,78,30.7,5.5,23.9,72.2,66.4,4,0,true,48.3,3.39,above,-4.7,1.56,3600,,-41.84,-21.6,0.75,-42.87,26.69,363,10.06,13.48,-25.4,3600,3538,4021,4268,3.32,واگرایی منفی RSI | 72٪ بالای MA200 | سرانه خرید ضعیف (0.75) | واگرایی منفی | شناوری کم (4٪)
خریخت,صنایع‌ریخته‌گری‌ایران‌,خودرو و ساخت قطعات,63.5,زیر نظر,100,60,54,32,1901,20261005,8.4,45.6,67.5,20.2,17.4,44.6,86.5,87.3,5,0,true,65,2.9,above,-2.5,0.88,1229,,1.9,13.23,0.72,-7.68,6.67,185,10.28,,,1846,1791,2066,2177,1.5,واگرایی منفی RSI | اشباع خرید | فاصله زیاد از MA20 | رشد عمودی (68٪ در ۶۰ روز، 45٪ بالای MA50) | 86٪ بالای MA200 | سرانه خرید ضعیف (0.72) | واگرایی منفی | نقدشوندگی کمتر از ۱۰ میلیارد تومان
غگرجی,بیسکویت‌  گرجی‌,محصولات غذایی و آشامیدنی به جز قند و شکر,63.5,زیر نظر,95,90,54,14,4210,20261005,13.5,-0.9,60.6,13.3,6.4,7.4,89.3,61.5,4,0,true,31.5,3.32,above,-10.6,0.76,4080,4710,-0.09,1.49,2.91,5.5,3.61,45,93.56,8.53,996.8,4080,4010,4710,4990,2.5,P/E بالا (94) | 89٪ بالای MA200 | نقدشوندگی کمتر از ۱۰ میلیارد تومان
وآوا,سرمایه گذاری آوا نوین,سرمایه گذاریها,63.4,زیر نظر,100,65,72.5,9,4580,20261005,3.9,24.8,134.3,87,3,36.6,104.9,66.6,14,1,false,70.7,2.93,above,-6.9,0.87,4370,4920,7.64,36.96,2.97,-11.33,12.72,370,12.38,8.73,41.8,4446,4303,4920,5188,1.23,سهم صفی: 14 روز از ۲۰ روز در صف (ریسک نقدشوندگی و اجرای حد ضرر) | رشد عمودی (134٪ در ۶۰ روز، 37٪ بالای MA50) | 105٪ بالای MA200 | صف فروش در ۵ روز اخیر
سکارون,سیمان کارون,سیمان، آهک و گچ,63.3,زیر نظر,100,70,57.2,20,5330,20261005,-1.5,1.5,0.6,-46.8,2,2.5,33.3,53.3,3,0,true,20.7,3.6,above,-9.8,1.1,4990,5405,0,10.2,1.43,0.24,4.41,243,21.93,,,5138,4894,5405,5525,0.17,توزیع: ورود حقیقی با سرانه خرید ضعیف (0.90 در ۲۰ روز) | حد ضرر دور (8.2٪) | نقدشوندگی کمتر از ۱۰ میلیارد تومان
سیسکو,فولاد سیرجان ایرانیان,فلزات اساسی,63.3,زیر نظر,90,65,21,72,6400,20261005,-1.4,12.7,91.6,44.3,-0.8,18.1,117.6,56.4,7,0,false,51,3.13,above,-8,0.89,6150,6920,-132.25,-492.64,1.74,-22.83,100.33,820,7.8,13.48,-42.1,6200,6050,6920,7320,1.49,خروج مستمر پول حقیقی | سهم صفی: 7 روز از ۲۰ روز در صف (ریسک نقدشوندگی و اجرای حد ضرر) | 118٪ بالای MA200 | شناوری کم (7٪)
انتخاب,گروه انتخاب الکترونیک آرمان,ماشین آلات و تجهیزات,63.1,زیر نظر,100,75,35.5,37,2508,20261005,0.7,7.4,71.9,24.6,2.4,23.3,98.8,65.6,1,0,false,53.9,3.4,above,-4.8,0.9,2287,2547,-28.32,-123.62,2.91,16.17,64.26,271,9.25,9.66,-4.2,2423,2295,2547,2635,0.18,خروج مستمر پول حقیقی | 99٪ بالای MA200 | حد ضرر دور (8.5٪)
ختوقا,قطعات‌ اتومبیل‌ ایران‌,خودرو و ساخت قطعات,63.1,زیر نظر,95,70,62.5,20,5730,20261005,7.9,-3,34.9,-12.5,4.5,12,39.4,63,0,0,true,34.5,3.98,above,-5.4,1.05,5490,5820,3.54,-10.44,1.98,25.69,14.19,127,45.12,,,5502,5376,5820,6060,0.25,واگرایی منفی RSI | P/E بالا (45) | واگرایی منفی
فروسیل,فروسیلیسیم خمین,فلزات اساسی,63.1,زیر نظر,100,75,48.5,24,15670,20261005,4.4,7.3,77.1,29.7,3,20.7,72.4,64.4,7,0,false,43,3.33,above,-4.8,0.85,13910,16460,8.04,-8.17,3.92,-1.53,10.32,1620,9.67,8.05,20.2,15148,14627,16460,17503,0.76,سهم صفی: 7 روز از ۲۰ روز در صف (ریسک نقدشوندگی و اجرای حد ضرر) | 72٪ بالای MA200
غکورش,صنعت غذایی کورش,محصولات غذایی و آشامیدنی به جز قند و شکر,63,زیر نظر,100,85,39.9,24,29540,20261005,7.4,21.6,98.8,51.4,9.9,28.5,162.6,71.6,5,0,true,51.2,3.3,above,-4.2,1.13,27890,,26.17,-122.55,1.28,-166.18,94.93,2993,9.87,8.53,15.7,28565,27402,32465,34415,1.37,واگرایی منفی RSI | خروج مستمر پول حقیقی | 163٪ بالای MA200 | واگرایی منفی | حد ضرر دور (7.2٪) | شناوری کم (14٪)
وپارس,بانک‌پارسیان‌,بانکها و موسسات اعتباری,62.9,زیر نظر,90,65,1.5,90,2076,20261005,-8.7,5.2,71.8,24.5,-6.2,18.2,80.9,50.7,5,3,false,58.9,3.64,above,-12.7,0.73,1244,2193,-326.64,-379.4,0.42,-565.13,471.17,668,3.11,5.4,-42.4,2000,1925,2193,2372,0.77,واگرایی منفی RSI | 81٪ بالای MA200 | سرانه خرید ضعیف (0.42) | واگرایی منفی | حد ضرر دور (7.3٪) | صف فروش در ۵ روز اخیر
نماد,گروه مالی نماد غدیر,سرمایه گذاریها,62.9,زیر نظر,90,35,35.5,80,4010,20261005,-5.9,0,30.2,-17.2,-2.2,7.7,,51.5,0,0,false,34.8,3.26,above,-7.2,0.82,3927,4240,-35.97,-82.02,2.48,43.1,33.77,995,4.03,7.13,-43.5,3927,3862,4240,4320,1.55,خروج مستمر پول حقیقی | شناوری کم (9٪)
حپرتو,پرتو بار فرابر خلیج فارس,حمل ونقل، انبارداری و ارتباطات,62.9,زیر نظر,100,90,43.5,16,11700,20261005,2.5,13.4,61.2,13.8,8.2,31.6,49.2,69.6,5,1,true,51.6,3.07,above,-5,0.98,10990,,8.72,8.23,0.45,-30.98,14.6,1121,10.44,7.68,35.9,11341,10810,12777,13495,1.21,رشد عمودی (61٪ در ۶۰ روز، 32٪ بالای MA50) | توزیع: ورود حقیقی با سرانه خرید ضعیف (0.66 در ۲۰ روز) | سرانه خرید ضعیف (0.45) | حد ضرر دور (7.6٪) | صف فروش در ۵ روز اخیر
غمارگ,مارگارین,محصولات غذایی و آشامیدنی به جز قند و شکر,62.7,زیر نظر,90,50,72.9,30,2463,20261005,-5.7,0.7,78.2,30.9,-7.7,14.8,75.4,49.4,14,1,false,48.2,3.52,above,-18,2.33,1860,2497,3.25,27.54,1.04,8.98,14.65,120,20.53,,,2376,2289,2497,2683,0.2,سهم صفی: 14 روز از ۲۰ روز در صف (ریسک نقدشوندگی و اجرای حد ضرر) | 75٪ بالای MA200 | حد ضرر دور (7.0٪) | صف فروش در ۵ روز اخیر
غسالم,سالمین‌,محصولات غذایی و آشامیدنی به جز قند و شکر,62.7,زیر نظر,83,55,37,70,8890,20261005,4.5,4.6,22.6,-24.7,0.4,5.1,47.9,54.2,3,0,false,15.2,3.34,above,-10.2,1.01,8610,9020,-9.49,-11.75,2.06,5.5,11.98,1348,6.59,8.53,-22.7,8610,8462,9020,9270,0.3,229٪ بالای کف ۵۲ هفته
کچاد,معدنی‌وصنعتی‌چادرملو,استخراج کانه های فلزی,62.6,زیر نظر,95,55,42.5,50,2980,20261005,1.7,3.6,29.6,-17.8,0,10.8,32,56.3,3,0,false,28.7,3.46,above,-7.7,1.18,2840,3230,1.78,12.89,0.69,-187.34,132.22,277,10.76,13.76,-21.8,2877,2788,3230,3436,1.31,توزیع: ورود حقیقی با سرانه خرید ضعیف (0.60 در ۲۰ روز) | سرانه خرید ضعیف (0.69)
کمینا,شیشه سازی مینا,سایر محصولات کانی غیرفلزی,62.6,زیر نظر,100,60,62.5,20,18530,20261005,10.3,38.5,110.3,62.9,21.9,51.6,128.4,87.6,8,0,true,73.8,2.9,above,-4,1.16,13770,,-0.41,23.28,2.6,8.74,5.97,259,71.54,,,17992,17454,20144,21221,1.5,اشباع خرید | فاصله زیاد از MA20 | سهم صفی: 8 روز از ۲۰ روز در صف (ریسک نقدشوندگی و اجرای حد ضرر) | رشد عمودی (110٪ در ۶۰ روز، 52٪ بالای MA50) | P/E بالا (72) | 128٪ بالای MA200 | نقدشوندگی کمتر از ۱۰ میلیارد تومان
داسوه,داروسازی‌ اسوه‌,مواد و محصولات دارویی,62.6,زیر نظر,100,85,53.5,9,113200,20261005,13.7,10,180.8,133.5,14.1,31.5,162.2,76.3,11,0,true,50.1,2.98,above,-0.7,1.1,109090,,-3,10.45,1.91,4.66,10.59,6197,18.27,12.91,41.5,109829,107405,123313,130055,1.74,واگرایی منفی RSI | سهم صفی: 11 روز از ۲۰ روز در صف (ریسک نقدشوندگی و اجرای حد ضرر) | رشد عمودی (181٪ در ۶۰ روز، 32٪ بالای MA50) | توزیع: ورود حقیقی با سرانه خرید ضعیف (0.89 در ۲۰ روز) | 162٪ بالای MA200 | واگرایی منفی | شناوری کم (9٪)
فسدید,لوله‌وتجهیزات‌ سدید,فلزات اساسی,62.6,زیر نظر,100,75,60.5,10,156400,20261005,-0.9,46.1,73.2,25.9,12.9,46.1,49.8,75.9,16,2,true,76.7,2.66,above,-9.2,1.4,122503,,2.92,3.04,1.81,-6.89,4.7,,,,,152245,148090,168864,177174,1.5,بدون EPS مثبت | سهم صفی: 16 روز از ۲۰ روز در صف (ریسک نقدشوندگی و اجرای حد ضرر) | رشد عمودی (73٪ در ۶۰ روز، 46٪ بالای MA50) | توزیع: ورود حقیقی با سرانه خرید ضعیف (0.71 در ۲۰ روز) | نقدشوندگی کمتر از ۱۰ میلیارد تومان | صف فروش در ۵ روز اخیر
مفاخر,توسعه فناوری اطلاعات خوارزمی,رایانه و فعالیت‌های وابسته به آن,62.5,زیر نظر,100,60,78,4,14400,20261005,2.5,38.5,109.4,62,15.1,34.3,89,80.3,9,0,true,63.8,3.24,above,-0.5,1.12,10561,,2.65,4.07,7.04,16.72,12.1,574,25.09,8.89,182.2,13933,13467,15800,16733,1.5,اشباع خرید | فاصله زیاد از MA20 | سهم صفی: 9 روز از ۲۰ روز در صف (ریسک نقدشوندگی و اجرای حد ضرر) | رشد عمودی (109٪ در ۶۰ روز، 34٪ بالای MA50) | 89٪ بالای MA200
فن آوا,گروه فن آوا,رایانه و فعالیت‌های وابسته به آن,62.5,زیر نظر,100,65,28,50,3960,20261005,-4.6,23.9,193.2,145.8,3.4,39.4,126.1,66,12,3,false,76.6,2.88,above,-9.6,0.79,3580,4380,-1.52,42.56,0.54,-19.98,17.79,1675,2.36,,,3846,3732,4380,4608,1.84,واگرایی منفی RSI | سهم صفی: 12 روز از ۲۰ روز در صف (ریسک نقدشوندگی و اجرای حد ضرر) | رشد عمودی (193٪ در ۶۰ روز، 39٪ بالای MA50) | 126٪ بالای MA200 | سرانه خرید ضعیف (0.54) | واگرایی منفی | صف فروش در ۵ روز اخیر
اتکام,بیمه اتکایی امین,بیمه وصندوق بازنشستگی به جزتامین اجتماعی,62.5,زیر نظر,100,75,62,68,3150,20260929,7.9,6.5,63.3,16,4.9,14.3,42.7,65.9,1,0,false,37.9,3.1,above,-1.4,0.9,2839,3194,3.57,-4.01,2.36,3.54,1.58,925,3.41,4.59,-25.8,3052,2955,3194,3389,0.22,نقدشوندگی پایین | واگرایی منفی RSI | خروج مستمر پول حقیقی | واگرایی منفی | نقدشوندگی کمتر از ۱۰ میلیارد تومان | شناوری کم (14٪) | آخرین معامله 20260929 (متوقف یا کم‌معامله)
غصینو,صنعتی مینو,محصولات غذایی و آشامیدنی به جز قند و شکر,62.4,زیر نظر,95,80,47.5,24,6050,20261005,2.5,3.4,17.2,-30.1,0.9,4.3,64.2,53.7,5,0,true,20.5,3.68,above,-5.9,1.42,5700,6200,-14.28,9.25,3.54,-19.88,34.73,698,8.67,7.05,22.9,5828,5589,6200,6645,0.33,توزیع: ورود حقیقی با سرانه خرید ضعیف (0.86 در ۲۰ روز) | 64٪ بالای MA200 | حد ضرر دور (7.6٪)
حیات,بیمه زندگی مفید,بیمه وصندوق بازنشستگی به جزتامین اجتماعی,62.4,زیر نظر,100,60,61.5,20,9790,20261005,6.1,38.3,285.7,238.3,15,54.3,,99.9,18,0,true,98.7,2.39,above,-2.4,0.29,2530,,-0.6,18.68,2.86,4.12,5.17,327,29.94,,,9556,9321,10493,10962,1.5,اشباع خرید | سهم صفی: 18 روز از ۲۰ روز در صف (ریسک نقدشوندگی و اجرای حد ضرر) | رشد عمودی (286٪ در ۶۰ روز، 54٪ بالای MA50) | 618٪ بالای کف ۵۲ هفته | نقدشوندگی کمتر از ۱۰ میلیارد تومان
فزر,پویا زرکان آق دره,استخراج کانه های فلزی,62.3,زیر نظر,100,70,89,4,361200,20261003,15.9,51.1,184,136.6,21,56,181.3,91.5,9,0,true,79.7,2.65,above,0,0.14,309800,,225.88,1502.5,2.46,345.73,753.04,9504,38.01,14.44,163.2,351640,342079,389881,409002,1.5,واگرایی منفی RSI | اشباع خرید | فاصله زیاد از MA20 | سهم صفی: 9 روز از ۲۰ روز در صف (ریسک نقدشوندگی و اجرای حد ضرر) | رشد عمودی (184٪ در ۶۰ روز، 56٪ بالای MA50) | P/E بالا (38) | توزیع: ورود حقیقی با سرانه خرید ضعیف (0.53 در ۲۰ روز) | 181٪ بالای MA200 | واگرایی منفی | آخرین معامله 20261003 (متوقف یا کم‌معامله)
سامان,بانک سامان,بانکها و موسسات اعتباری,62.3,زیر نظر,100,70,1,72,9700,20261005,8.7,17,70.2,22.8,11.6,19.3,122.4,80.9,0,0,true,48.9,2.64,above,-0.9,0.72,8747,,-59.41,-519.94,0.61,-78.88,75.49,1396,6.95,12.04,-42.3,9444,9188,10468,10979,1.5,اشباع خرید | خروج مستمر پول حقیقی | 122٪ بالای MA200 | سرانه خرید ضعیف (0.61)
مهر,سرمایه گذاری مهر,سرمایه گذاریها,62.3,زیر نظر,100,65,37,60,3920,20261004,-1,22.9,74.9,27.6,6,31.4,77.4,69,3,0,false,57.2,2.88,above,-6.2,1.12,3410,4180,-38.4,-60.69,1.72,5.74,12.61,564,6.95,8.73,-20.4,3807,3694,4180,4406,1.15,واگرایی منفی RSI | خروج مستمر پول حقیقی | رشد عمودی (75٪ در ۶۰ روز، 31٪ بالای MA50) | 77٪ بالای MA200 | واگرایی منفی | آخرین معامله 20261004 (متوقف یا کم‌معامله)
دتولید,داروسازی تولید دارو,مواد و محصولات دارویی,62.3,زیر نظر,100,70,64,9,9240,20261005,12.8,28,184.3,137,15.7,46.8,169.9,83.6,10,0,true,68.8,2.81,above,-1.5,1.15,8330,,16.78,-37.57,9.36,20.79,38.4,475,19.45,8.86,119.6,8980,8720,10020,10540,1.5,اشباع خرید | فاصله زیاد از MA20 | سهم صفی: 10 روز از ۲۰ روز در صف (ریسک نقدشوندگی و اجرای حد ضرر) | رشد عمودی (184٪ در ۶۰ روز، 47٪ بالای MA50) | 170٪ بالای MA200
زفجر,کشاورزی و دامپروری فجر اصفهان,زراعت و خدمات وابسته,62.2,زیر نظر,100,70,12.9,60,53100,20261005,-2.2,11,31.2,-16.2,2.9,9.6,82.1,56,3,0,true,22.4,3.24,above,-7.8,1.31,51750,57570,-17.03,-5.66,1.19,-6.39,13.27,7903,6.72,8.07,-16.7,51750,50890,57570,61008,2.02,82٪ بالای MA200
غشوکو,شوکو پارس,محصولات غذایی و آشامیدنی به جز قند و شکر,62.2,زیر نظر,100,100,6.7,42,8660,20261005,5.2,3.1,65.3,18,8,9.4,101.9,64.4,3,0,true,25.2,3.49,above,-3.2,0.6,8517,8893,-3.1,-20.25,1.05,-4.65,5.98,1478,5.86,,,8517,8365,8893,9498,0.79,خروج مستمر پول حقیقی | 102٪ بالای MA200 | نقدشوندگی کمتر از ۱۰ میلیارد تومان
شکام,صنایع شیمیایی کیمیاگران امروز,محصولات شیمیایی,62.1,زیر نظر,100,70,48.5,24,12080,20261005,11,14.4,134.4,87,13.2,35.5,162.3,80,7,0,true,42.9,3.36,above,-0.8,0.85,11080,,43.89,-160.67,2.38,-39.31,88.41,1258,9.6,8.01,19.9,11674,11064,13299,14112,1.2,اشباع خرید | خروج مستمر پول حقیقی | سهم صفی: 7 روز از ۲۰ روز در صف (ریسک نقدشوندگی و اجرای حد ضرر) | رشد عمودی (134٪ در ۶۰ روز، 36٪ بالای MA50) | 162٪ بالای MA200 | حد ضرر دور (8.4٪)
وخارزم,سرمایه گذاری خوارزمی,سرمایه گذاریها,62.1,زیر نظر,100,70,63.5,9,10040,20261005,15.7,33.6,110.9,63.6,18.6,40.1,150.5,83.3,6,0,true,65.8,2.71,above,0,0.49,8604,,188.84,-149.56,5.34,227.83,106.2,830,12.1,7.13,69.7,9767,9495,10858,11403,1.5,واگرایی منفی RSI | اشباع خرید | فاصله زیاد از MA20 | خروج مستمر پول حقیقی | سهم صفی: 6 روز از ۲۰ روز در صف (ریسک نقدشوندگی و اجرای حد ضرر) | رشد عمودی (111٪ در ۶۰ روز، 40٪ بالای MA50) | 151٪ بالای MA200 | واگرایی منفی
فولای,صنایع فولاد آلیاژی یزد,فلزات اساسی,62.1,زیر نظر,100,70,63.5,9,5770,20261005,14.7,26.5,70.2,22.9,16.9,40.8,48.4,83.7,4,0,true,75.7,2.79,above,0,0.45,5216,,15.98,-22.04,4.6,30.52,19.02,393,14.68,8.05,82.4,5609,5448,6253,6576,1.5,اشباع خرید | فاصله زیاد از MA20 | خروج مستمر پول حقیقی | رشد عمودی (70٪ در ۶۰ روز، 41٪ بالای MA50)
کحافظ,کاشی‌ وسرامیک‌ حافظ‌,کاشی و سرامیک,62,زیر نظر,95,75,14.2,60,2643,20261005,3.9,2.5,53.6,6.2,0.8,11.2,61.4,57.8,2,0,false,28.9,3.73,above,-8.1,1.32,2586,2875,-31.23,-45.31,0.91,-17.53,20.94,388,6.81,7.65,-11,2586,2537,2875,3072,2.18,واگرایی منفی RSI | خروج مستمر پول حقیقی | 61٪ بالای MA200 | واگرایی منفی
وثوق,سرمایه گذاری وثوق امین,سرمایه گذاریها,62,زیر نظر,100,90,36.1,20,45560,20261005,5,10.8,99.8,52.5,8.5,15.4,96.3,69,0,0,true,35.3,2.81,above,-0.8,1.02,42950,,-3.9,-2.34,1.55,5.71,5.33,81,562.47,,,44282,42365,49394,51951,1.2,P/E بالا (562) | 96٪ بالای MA200 | حد ضرر دور (7.0٪) | نقدشوندگی کمتر از ۱۰ میلیارد تومان
شاروم,پتروشیمی ارومیه,محصولات شیمیایی,62,زیر نظر,90,45,78,26,15230,20261005,-1.8,7.3,16.3,-31.1,-1.7,13,50.7,55.3,4,0,false,34,3.09,above,-12.1,1.09,14820,15700,10.86,17.53,3.59,58.07,17.6,1318,11.56,8.01,44.3,14820,14584,15700,17330,0.73,51٪ بالای MA200
شهر,گروه مالی شهر,سرمایه گذاریها,61.9,زیر نظر,100,85,35.5,24,2551,20261005,5.8,20.2,48.9,1.6,8.4,22.8,49.3,78.4,0,0,true,54.6,3.25,above,-0.1,1.03,2428,,-8.34,-31.96,6.85,8.2,4.7,291,8.77,7.13,22.9,2468,2387,2800,2966,1.51,اشباع خرید | خروج مستمر پول حقیقی | نقدشوندگی کمتر از ۱۰ میلیارد تومان | شناوری کم (7٪)
وصنعت,سرمایه گذاری توسعه صنعت وتجارت,سرمایه گذاریها,61.9,زیر نظر,90,45,23.5,80,2875,20261005,-2.1,7,36.9,-10.4,-0.8,10.1,48.1,55.8,2,0,false,32.3,3.31,above,-9,0.76,2765,3000,-0.16,1.76,1.04,-0.46,4.53,884,3.25,7.13,-54.4,2780,2717,3000,3159,0.79,184٪ بالای کف ۵۲ هفته | نقدشوندگی کمتر از ۱۰ میلیارد تومان | شناوری کم (13٪)
خچرخش,چرخشگر,خودرو و ساخت قطعات,61.9,زیر نظر,100,73,77,32,24460,20261005,8.6,15.6,47.2,-0.1,6.3,18.8,47.7,75,1,0,true,48.7,3.2,above,-1.1,0.88,21950,,0.19,0.52,1.8,2.48,1.45,2337,10.47,,,23677,22894,26809,28375,1.5,نقدشوندگی پایین | نقدشوندگی کمتر از ۱۰ میلیارد تومان
کیا,کیا الکترود شرق,ساخت محصولات فلزی,61.8,زیر نظر,100,58,76.7,4,11360,20261005,9.5,26.9,45.5,-1.9,15.4,25.6,36,82.3,1,0,true,35.7,3.47,above,-2.2,1.45,10270,,7.19,2.71,1.17,2.01,3.02,262,43.36,6.02,620.2,10966,10376,12541,13329,1.2,اشباع خرید | فاصله زیاد از MA20 | P/E بالا (43) | حد ضرر دور (8.7٪) | نقدشوندگی کمتر از ۱۰ میلیارد تومان
کالا,بورس کالای ایران,فعالیتهای کمکی به نهادهای مالی واسط,61.8,زیر نظر,100,70,62,9,13130,20261005,13.5,37.5,64.5,17.2,15.7,32.9,123.5,82.4,7,0,true,43.1,2.8,above,-0.9,0.89,11800,,40.84,-178.38,2.28,19.38,159.74,885,14.84,5.92,150.6,12762,12393,14235,14971,1.5,اشباع خرید | فاصله زیاد از MA20 | خروج مستمر پول حقیقی | سهم صفی: 7 روز از ۲۰ روز در صف (ریسک نقدشوندگی و اجرای حد ضرر) | رشد عمودی (65٪ در ۶۰ روز، 33٪ بالای MA50) | 123٪ بالای MA200
خصدرا,صنعتی‌ دریایی‌ ایران‌,پیمانکاری صنعتی,61.6,زیر نظر,90,65,61.5,25,2757,20261005,10.2,19.9,30.6,-16.8,19.8,33.1,19.5,74,17,0,true,34.4,3.16,above,-8.7,2.47,2697,3021,-5.89,3.61,3.3,38.12,10.41,191,14.43,,,2697,2653,3021,3195,2.54,واگرایی منفی RSI | فاصله زیاد از MA20 | سهم صفی: 17 روز از ۲۰ روز در صف (ریسک نقدشوندگی و اجرای حد ضرر) | رشد عمودی (31٪ در ۶۰ روز، 33٪ بالای MA50) | واگرایی منفی
وآرین,گروه توسعه اقتصادی آرین,سرمایه گذاریها,61.6,زیر نظر,100,75,36.5,30,2895,20261005,2.6,9.6,87.9,40.5,0.1,20.8,61.7,61.8,1,0,false,46.1,3.71,above,-10.1,0.82,2713,3220,-0.81,-11.66,2.04,5.2,3.43,62,46.69,,,2787,2659,3220,3435,1.38,خروج مستمر پول حقیقی | P/E بالا (47) | 62٪ بالای MA200 | حد ضرر دور (8.1٪) | نقدشوندگی کمتر از ۱۰ میلیارد تومان
وهامون,سرمایه گذاری هامون صبا,سرمایه گذاریها,61.5,زیر نظر,78,45,36.5,80,1637,20261005,-2.9,0.4,14.6,-32.7,-1.6,5.5,26.9,51.1,0,0,false,19.4,2.83,above,-7,0.96,1588,1669,-2.36,-3.75,1.7,5.75,5.3,427,3.83,8.73,-56.1,1591,1565,1669,1726,0.44,نقدشوندگی کمتر از ۱۰ میلیارد تومان
کترام,تولیدی‌ کاشی‌ تکسرام‌,کاشی و سرامیک,61.5,زیر نظر,95,63,77.5,4,3640,20261005,7.1,0.8,40.9,-6.4,2.8,10.7,50.4,61.9,1,0,false,25.3,3.76,above,-6.4,1.02,3365,3890,2.04,1.79,1.92,11.34,5.5,18,202.22,7.65,2543.4,3503,3298,3890,4164,0.73,واگرایی منفی RSI | P/E بالا (202) | 50٪ بالای MA200 | واگرایی منفی | حد ضرر دور (9.4٪) | نقدشوندگی کمتر از ۱۰ میلیارد تومان
غبهار,کشت وصنعت بهاران گلبهار خراسان,محصولات غذایی و آشامیدنی به جز قند و شکر,61.4,زیر نظر,100,60,35.5,42,5400,20261005,14.6,19.8,147.7,100.3,9.1,27.9,81.7,72.5,8,0,false,44.1,3.08,above,-1.9,0.68,4651,5505,-7.32,-7.49,3.78,12.36,8.81,798,6.77,,,5234,5067,5505,5838,0.32,واگرایی منفی RSI | سهم صفی: 8 روز از ۲۰ روز در صف (ریسک نقدشوندگی و اجرای حد ضرر) | رشد عمودی (148٪ در ۶۰ روز، 28٪ بالای MA50) | 82٪ بالای MA200 | واگرایی منفی | نقدشوندگی کمتر از ۱۰ میلیارد تومان
دهدشت,صنایع پتروشیمی دهدشت,محصولات شیمیایی,61.4,زیر نظر,100,70,99.5,10,16280,20261005,15.8,44,75.5,28.1,23.5,47.3,74.9,97.8,20,0,true,75.9,2.33,above,0,3.26,11754,,16.2,16.04,5.15,13.34,1.46,,,,,15900,15520,17419,18179,1.5,نقدشوندگی پایین | اشباع خرید | فاصله زیاد از MA20 | بدون EPS مثبت | سهم صفی: 20 روز از ۲۰ روز در صف (ریسک نقدشوندگی و اجرای حد ضرر) | رشد عمودی (75٪ در ۶۰ روز، 47٪ بالای MA50) | 75٪ بالای MA200 | نقدشوندگی کمتر از ۱۰ میلیارد تومان
پتایر,ایران‌ تایر,لاستیک و پلاستیک,61.4,زیر نظر,85,65,31.4,60,2770,20261005,-0.1,-1.2,69.4,22,-1,10.4,49,54.5,1,0,false,28.4,3.9,above,-8.1,1.09,2630,2864,3.89,-16.06,0.96,-20.61,24.86,392,7.07,8.21,-13.9,2662,2576,2864,2954,0.48,حد ضرر دور (7.0٪)
شتوکا,توکا رنگ فولاد سپاهان,محصولات شیمیایی,61.3,زیر نظر,100,60,53.4,24,14230,20261005,13.9,69,102.4,55.1,26.6,63.9,126.3,95.9,16,0,true,78.6,2.63,above,-0.1,1.71,7760,,-0.61,32.71,1.4,-8.95,17.27,1545,9.21,8.01,15,13856,13483,15351,16098,1.5,اشباع خرید | فاصله زیاد از MA20 | سهم صفی: 16 روز از ۲۰ روز در صف (ریسک نقدشوندگی و اجرای حد ضرر) | رشد عمودی (102٪ در ۶۰ روز، 64٪ بالای MA50) | 126٪ بالای MA200
دلقما,دارویی‌ لقمان‌,مواد و محصولات دارویی,61.3,زیر نظر,100,55,9.3,72,9720,20261005,-5.8,-5.6,153.5,106.1,0.3,9.8,151.5,52.7,7,0,false,38.4,3.64,above,-16.1,1.6,9430,10600,-69.84,-1.06,1.01,-320.8,91.88,1109,8.76,12.91,-32.1,9430,9253,10600,10770,1.88,سهم صفی: 7 روز از ۲۰ روز در صف (ریسک نقدشوندگی و اجرای حد ضرر) | رشد عمودی (153٪ در ۶۰ روز، 10٪ بالای MA50) | 151٪ بالای MA200
دلر,داروسازی‌ اکسیر,مواد و محصولات دارویی,61.3,زیر نظر,100,90,3,50,28870,20261005,2.5,8,83,35.6,7.7,12.8,114.4,64.5,3,0,true,33.3,3.6,above,-6,1.15,28330,,-50.35,-46.47,0.63,-91.7,41.59,2845,10.15,12.91,-21.4,28330,27811,31986,34063,2.94,واگرایی منفی RSI | خروج مستمر پول حقیقی | 114٪ بالای MA200 | سرانه خرید ضعیف (0.63) | واگرایی منفی
ثغرب,شرکت سرمایه گذاری مسکن شمالغرب,انبوه سازی، املاک و مستغلات,61.3,زیر نظر,100,60,73,4,19510,20261005,2.8,57.3,285.3,237.9,19.4,64.2,225.9,85.7,15,1,true,82.4,2.38,above,0,0.82,18980,,3.55,33.64,2.24,-0.42,10.15,415,47.01,23.59,99.3,19046,18748,20901,21828,1.83,اشباع خرید | فاصله زیاد از MA20 | سهم صفی: 15 روز از ۲۰ روز در صف (ریسک نقدشوندگی و اجرای حد ضرر) | رشد عمودی (285٪ در ۶۰ روز، 64٪ بالای MA50) | P/E بالا (47) | 226٪ بالای MA200 | صف فروش در ۵ روز اخیر
کسرام,پارس‌ سرام‌,سایر محصولات کانی غیرفلزی,61.2,زیر نظر,100,85,52.9,4,16480,20261005,8.9,19.2,47.7,0.3,13.3,26.9,71.5,74.6,1,0,true,40.9,3.3,above,-1.3,0.92,14980,,7.47,-10.9,1.13,7.38,10.36,697,23.64,12.75,85.4,15936,15120,18112,19199,1.2,خروج مستمر پول حقیقی | 71٪ بالای MA200 | حد ضرر دور (8.3٪)
سپید,سپید ماکیان,زراعت و خدمات وابسته,61.2,زیر نظر,85,65,20.7,70,45170,20261005,1.6,-3.5,55.4,8.1,-1,7.9,125.1,53.2,4,0,false,31,3.59,above,-10.1,0.76,42705,47230,-25.9,-119.02,1.51,-50.61,118.96,9010,5.01,6.33,-20.8,43547,41893,47230,50220,0.63,خروج مستمر پول حقیقی | 125٪ بالای MA200 | حد ضرر دور (7.3٪)
سهگمت,سیمان‌هگمتان‌,سیمان، آهک و گچ,61.2,زیر نظر,88,70,13.1,70,149200,20261005,1.4,4.7,10.4,-36.9,2.5,7.7,24.5,57.6,1,0,true,18.4,3.12,above,-10,1.01,142850,152400,-27.52,-59.66,1.27,-14.66,15.49,27300,5.47,7.14,-23.5,144538,140519,152400,165789,0.37,خروج مستمر پول حقیقی
وآتوس,گروه سرمایه گذاری توسکا,سرمایه گذاریها,61.1,زیر نظر,90,75,66.5,10,1552,20261005,2.4,5.6,51.5,4.2,2.5,10.1,3,56.7,4,0,false,27.2,3.37,above,-40.2,1.28,1533,1572,1.12,6.58,0.96,-4.74,6.49,,,,,1533,1506,1572,1605,0.45,بدون EPS مثبت | توزیع: ورود حقیقی با سرانه خرید ضعیف (0.86 در ۲۰ روز) | نقدشوندگی کمتر از ۱۰ میلیارد تومان
تیپیکو,سرمایه گذاری دارویی تامین,مواد و محصولات دارویی,61.1,زیر نظر,100,90,22.5,30,28790,20261005,1,13.3,49.2,1.9,6,13.1,89.2,60.3,6,0,true,24.5,3.31,above,-6.3,0.74,24583,29408,-153.48,-139.14,2.22,-180.33,120.92,2097,13.73,12.91,6.3,27838,26887,29408,31311,0.32,خروج مستمر پول حقیقی | سهم صفی: 6 روز از ۲۰ روز در صف (ریسک نقدشوندگی و اجرای حد ضرر) | 89٪ بالای MA200
شفا,سرمایه گذاری شفادارو,مواد و محصولات دارویی,61.1,زیر نظر,100,70,64.5,4,74730,20261005,15.9,15.7,200.4,153,18.5,41.9,216.3,81.4,11,0,true,59.4,2.65,above,0,0.26,66970,,28.95,-81.13,6.33,34.65,32.64,2066,36.17,12.91,180.2,72751,70771,80668,84627,1.5,اشباع خرید | فاصله زیاد از MA20 | خروج مستمر پول حقیقی | سهم صفی: 11 روز از ۲۰ روز در صف (ریسک نقدشوندگی و اجرای حد ضرر) | رشد عمودی (200٪ در ۶۰ روز، 42٪ بالای MA50) | P/E بالا (36) | 216٪ بالای MA200 | شناوری کم (9٪)
دسبحا,گروه دارویی سبحان,مواد و محصولات دارویی,61,زیر نظر,100,90,48,4,6940,20261005,2.2,-2.4,81.7,34.3,3.9,13.3,94.5,59.1,8,0,true,36,3.31,above,-6.2,1.62,6670,7320,-44.5,46.24,3.07,-169.8,74.66,189,36.72,12.91,184.4,6711,6555,7320,7779,0.99,واگرایی منفی RSI | سهم صفی: 8 روز از ۲۰ روز در صف (ریسک نقدشوندگی و اجرای حد ضرر) | P/E بالا (37) | توزیع: ورود حقیقی با سرانه خرید ضعیف (0.73 در ۲۰ روز) | 94٪ بالای MA200 | واگرایی منفی
وصنا,گروه‌صنایع‌بهشهرایران‌,سرمایه گذاریها,61,زیر نظر,100,85,22,34,6730,20261005,7.2,17.5,104.6,57.2,9.5,27.3,110.6,73.8,1,0,true,52,2.99,above,-1,0.71,6410,,-12.43,-66.37,1.97,-5.44,13.84,842,7.99,7.13,12.1,6529,6309,7334,7736,1.44,خروج مستمر پول حقیقی | رشد عمودی (105٪ در ۶۰ روز، 27٪ بالای MA50) | 111٪ بالای MA200
غپاک,لبنیات‌ پاک‌,محصولات غذایی و آشامیدنی به جز قند و شکر,61,زیر نظر,100,73,61.6,4,2558,20261005,12.4,17.8,46,-1.3,10.4,29.6,71.3,75.1,7,0,true,38.2,3.2,above,-1.2,1.01,2078,,5.47,36.79,1.1,-4.77,14.19,97,26.37,8.53,209.2,2476,2394,2803,2967,1.5,سهم صفی: 7 روز از ۲۰ روز در صف (ریسک نقدشوندگی و اجرای حد ضرر) | توزیع: ورود حقیقی با سرانه خرید ضعیف (0.72 در ۲۰ روز) | 71٪ بالای MA200
وآفر,سرمایه گذاری ارزش آفرینان,سرمایه گذاریها,61,زیر نظر,100,80,69.9,30,12870,20261005,1.4,6.7,25.9,-21.4,5.3,16.1,19.8,65.7,0,0,true,46.6,3.92,above,-19.6,1.07,12463,13150,0.85,0.93,1.26,2.55,2.7,369,34.88,,,12463,12211,13150,16000,0.42,نقدشوندگی پایین | P/E بالا (35) | نقدشوندگی کمتر از ۱۰ میلیارد تومان
سلیم,سرمایه گذاری سلیم,سرمایه گذاریها,61,زیر نظر,95,88,35.5,24,1458,20261005,7,5.7,41.6,-5.8,5.8,10.5,31.3,64.2,0,0,true,26.6,3.34,above,-2.2,0.97,1309,1491,-7.34,-26.38,1.9,18.4,11.07,146,9.99,8.73,14.4,1409,1360,1491,1589,0.34,واگرایی منفی RSI | خروج مستمر پول حقیقی | واگرایی منفی
وثنو,سرمایه گذاری ساختمانی نوین,سرمایه گذاریها,60.9,زیر نظر,100,65,52.5,19,6590,20261005,-10.2,16.3,108.9,61.6,3.5,24,99.7,61.5,10,3,false,67,3.38,above,-10.5,1.02,5824,7367,2.96,20.41,0.48,-11.37,14.86,540,12.2,8.73,39.8,6367,6145,7367,7812,1.75,سهم صفی: 10 روز از ۲۰ روز در صف (ریسک نقدشوندگی و اجرای حد ضرر) | رشد عمودی (109٪ در ۶۰ روز، 24٪ بالای MA50) | توزیع: ورود حقیقی با سرانه خرید ضعیف (0.81 در ۲۰ روز) | 100٪ بالای MA200 | سرانه خرید ضعیف (0.48) | صف فروش در ۵ روز اخیر
بگیلان,توسعه مسیر برق گیلان,عرضه برق، گاز، بخاروآب گرم,60.9,زیر نظر,70,30,88.5,47,25490,20261005,-5.3,0.1,10.2,-37.2,-4.3,2,38.8,45.9,0,0,false,15.5,3.69,above,-10.2,1.15,23785,26010,10.53,20.25,5.22,34.41,8.71,2382,10.7,10.04,6.6,24549,23315,26010,27950,0.24,حد ضرر دور (8.5٪) | نقدشوندگی کمتر از ۱۰ میلیارد تومان
غزر,صنعتی زر ماکارون,محصولات غذایی و آشامیدنی به جز قند و شکر,60.6,زیر نظر,100,100,5.5,37,5410,20261005,6.3,23.2,74.1,26.7,6.7,27.6,113.5,68.7,6,0,true,54.6,2.92,above,-4.6,1.05,4790,,-117.63,-137.68,0.96,-22.17,90.58,620,8.73,8.53,2.3,5252,5094,5884,6200,1.5,واگرایی منفی RSI | خروج مستمر پول حقیقی | سهم صفی: 6 روز از ۲۰ روز در صف (ریسک نقدشوندگی و اجرای حد ضرر) | 114٪ بالای MA200 | واگرایی منفی
زکشت,کشاورزی مکانیزه اصفهان کشت,زراعت و خدمات وابسته,60.6,زیر نظر,88,70,20.9,60,14980,20261005,2.7,3.6,32.6,-14.8,5.7,12.4,70.7,60.9,5,0,true,19.1,3.32,above,-3.4,1.3,14492,,-17.26,-18.35,1.14,-31.33,14.23,2199,6.81,8.07,-15.6,14492,14243,16473,17469,2.03,خروج مستمر پول حقیقی | 71٪ بالای MA200
جوین,کشت و صنعت جوین,زراعت و خدمات وابسته,60.6,زیر نظر,100,65,38.5,32,6760,20261005,-2.5,5.1,48.6,1.2,0.8,12.5,64.6,57.6,5,0,false,39.2,3.48,above,-7.9,1,6420,6935,-4.83,-16.26,2.69,1.36,14.42,765,8.84,,,6525,6302,6935,7340,0.38,خروج مستمر پول حقیقی | 65٪ بالای MA200
کلر,کلر پارس,محصولات شیمیایی,60.5,زیر نظر,100,65,33,37,13240,20261005,10,19.1,29.9,-17.5,11.6,24.7,74,71.7,6,0,true,28,3.08,above,0,1.8,12800,,-39.46,-60.57,2.04,-5.25,24.42,1504,8.8,8.01,9.9,12832,12596,14463,15279,1.9,واگرایی منفی RSI | خروج مستمر پول حقیقی | سهم صفی: 6 روز از ۲۰ روز در صف (ریسک نقدشوندگی و اجرای حد ضرر) | 74٪ بالای MA200 | واگرایی منفی
والماس,س. الماس حکمت ایرانیان,سرمایه گذاریها,60.5,زیر نظر,90,65,0,82,2735,20261005,-4,17.2,57.4,10.1,-2.4,12.9,61.6,53.4,10,0,false,47.7,3.52,above,-12.7,0.73,2135,2993,-10.83,-1.8,0.74,-11.34,11.72,462,5.92,8.73,-32.2,2639,2542,2993,3132,1.34,سهم صفی: 10 روز از ۲۰ روز در صف (ریسک نقدشوندگی و اجرای حد ضرر) | 62٪ بالای MA200 | سرانه خرید ضعیف (0.74) | حد ضرر دور (7.0٪)
ولراز,لیزینگ رازی,سایر واسطه گریهای مالی,60.5,زیر نظر,100,70,61,25,6220,20260923,15.2,63.7,227.9,180.5,26.9,66.8,153.5,97.5,11,0,true,83.3,2.51,above,0,0.36,2771,,-0.32,12.36,4.1,3.8,4.39,322,19.32,,,6064,5908,6688,7000,1.5,اشباع خرید | فاصله زیاد از MA20 | سهم صفی: 11 روز از ۲۰ روز در صف (ریسک نقدشوندگی و اجرای حد ضرر) | رشد عمودی (228٪ در ۶۰ روز، 67٪ بالای MA50) | 153٪ بالای MA200 | نقدشوندگی کمتر از ۱۰ میلیارد تومان | آخرین معامله 20260923 (متوقف یا کم‌معامله)
شاملا,معدنی‌ املاح‌  ایران‌,محصولات شیمیایی,60.5,زیر نظر,100,90,13,37,43700,20261005,1.5,7.8,53.9,6.5,7.6,18.4,89.6,69.8,2,0,true,32,3.52,above,-1.3,1.56,41515,44260,-57.55,-66.09,0.82,-43.33,25.89,4322,10.11,9.63,5,42164,40747,44260,47332,0.19,خروج مستمر پول حقیقی | 90٪ بالای MA200
بانیان,نیان باتری خاوران,ماشین آلات و دستگاه‌های برقی,60.4,زیر نظر,100,55,61.5,16,18710,20261005,2,7.8,35.3,-12.1,4.7,12.2,,62,0,0,false,28.9,3.16,above,-5.3,0.79,18040,19303,0.23,-17.02,5.81,36.41,14.43,1652,11.33,5.95,90.3,18120,17745,19303,19760,0.61,خروج مستمر پول حقیقی
تفارس,تامین سرمایه خلیج فارس,فعالیتهای کمکی به نهادهای مالی واسط,60.3,زیر نظر,85,65,5.2,82,1809,20261005,-2.2,-9.2,85.3,37.9,-2.4,15.9,83.4,54.9,0,0,false,32.3,3.7,above,-11.3,0.58,1715,1834,-1.24,-5.04,0.93,-3.3,6.97,329,5.5,9.46,-41.9,1742,1682,1834,1904,0.2,83٪ بالای MA200 | حد ضرر دور (7.0٪) | نقدشوندگی کمتر از ۱۰ میلیارد تومان
سمازن,سیمان‌مازندران‌,سیمان، آهک و گچ,60.2,زیر نظر,100,85,19,34,93310,20261005,11.5,7.3,60.7,13.4,7.8,15.9,81.8,70.7,2,0,true,34.1,3.23,above,-0.2,1.32,84265,,-27.89,-44.46,1.1,-14.22,21.85,11804,7.9,7.14,10.7,90292,85764,102365,108402,1.2,خروج مستمر پول حقیقی | 82٪ بالای MA200 | حد ضرر دور (8.1٪)
شاراک,پتروشیمی شازند,محصولات شیمیایی,60.1,زیر نظر,100,65,8.4,60,29820,20261005,3.3,19.1,123.6,76.2,4.9,26.9,118.1,68.7,3,0,false,66.2,3.31,above,-5,0.62,29490,,-36.36,-183.46,1.06,-52.01,155.37,3871,7.7,9.63,-20,29490,28997,32779,34751,3.59,خروج مستمر پول حقیقی | رشد عمودی (124٪ در ۶۰ روز، 27٪ بالای MA50) | 118٪ بالای MA200
قلرست,قند لرستان‌,قند و شکر,60,زیر نظر,65,65,63,47,28130,20261005,3.1,-2.2,50.1,2.7,-5.1,10.1,90.2,50.8,6,1,false,33.3,3.47,above,-14.1,0.48,26418,32756,7.71,-13.17,2.69,6.76,9.42,3057,9.2,9.8,-6.1,27155,25931,32756,34706,2.1,خروج مستمر پول حقیقی | سهم صفی: 6 روز از ۲۰ روز در صف (ریسک نقدشوندگی و اجرای حد ضرر) | 90٪ بالای MA200 | حد ضرر دور (7.8٪) | نقدشوندگی کمتر از ۱۰ میلیارد تومان | صف فروش در ۵ روز اخیر
سکرما,سیمان‌ کرمان‌,سیمان، آهک و گچ,60,زیر نظر,90,45,26,70,71930,20261005,-3.2,3.1,15.7,-31.6,-0.6,5.8,31.8,52.8,0,0,false,24.9,3.59,above,-17.1,1.11,68970,76360,-11.46,8.27,0.77,-15.06,7.93,11282,6.38,7.14,-10.7,69351,67680,76360,78940,1.04,توزیع: ورود حقیقی با سرانه خرید ضعیف (0.90 در ۲۰ روز) | سرانه خرید ضعیف (0.77) | نقدشوندگی کمتر از ۱۰ میلیارد تومان
دابور,داروسازی‌ ابوریحان‌,مواد و محصولات دارویی,60,زیر نظر,100,65,17.9,50,68650,20261005,-4.2,10.2,68.6,21.2,3.4,19.4,96.7,60.6,2,1,false,52.9,3.65,above,-8.2,1.03,67740,74820,-14.77,35.92,0.82,-26.61,44.08,6272,10.95,12.91,-15.2,67740,66487,74820,79831,2.85,توزیع: ورود حقیقی با سرانه خرید ضعیف (0.80 در ۲۰ روز) | 97٪ بالای MA200 | صف فروش در ۵ روز اخیر
غشان,شیرپاستوریزه‌پگاه‌خراسان‌,محصولات غذایی و آشامیدنی به جز قند و شکر,59.9,زیر نظر,100,70,54.5,9,22130,20261005,13.3,52.3,154.7,107.3,21.8,45.6,206.5,88,4,0,true,70,2.65,above,-0.1,1.1,18200,,6.9,21.9,0.74,-35.82,19.37,1497,14.78,8.53,73.3,21544,20957,23889,25062,1.5,واگرایی منفی RSI | اشباع خرید | فاصله زیاد از MA20 | رشد عمودی (155٪ در ۶۰ روز، 46٪ بالای MA50) | توزیع: ورود حقیقی با سرانه خرید ضعیف (0.85 در ۲۰ روز) | 206٪ بالای MA200 | سرانه خرید ضعیف (0.74) | واگرایی منفی
سیتا,سرمایه گذاری سیمان تامین,سیمان، آهک و گچ,59.8,زیر نظر,100,45,36,47,30670,20261005,0.7,15.5,21.6,-25.8,1.5,8.7,58,56.4,6,0,false,24.9,3.46,above,-6,1.02,29872,32640,-10.44,-1.56,2.05,18.04,33.49,4273,7.18,7.14,0.5,29872,29341,32640,34765,1.48,سهم صفی: 6 روز از ۲۰ روز در صف (ریسک نقدشوندگی و اجرای حد ضرر) | 58٪ بالای MA200 | شناوری کم (10٪)
وسالت,بانک قرض الحسنه رسالت,بانکها و موسسات اعتباری,59.8,زیر نظر,85,80,63,10,4120,20261005,9.3,2.5,9,-38.4,2.9,9.9,1,63.8,7,0,true,29,2.1,above,-42.5,0.82,3980,4214,6.2,-4.37,2.39,7.71,4.17,,,,,4033,3937,4214,4330,0.51,خروج مستمر پول حقیقی | بدون EPS مثبت | سهم صفی: 7 روز از ۲۰ روز در صف (ریسک نقدشوندگی و اجرای حد ضرر) | نقدشوندگی کمتر از ۱۰ میلیارد تومان
زمگسا,کشاورزی‌ ودامپروی‌ مگسال‌,زراعت و خدمات وابسته,59.7,زیر نظر,100,88,32.5,16,108200,20261005,8.3,21,40.7,-6.6,9.8,19.4,75.7,66.5,6,0,true,29.9,3.23,above,-3.8,1.66,105920,,-55.08,-27.45,2.07,-48,13.03,12169,8.89,6.33,40.5,105920,104174,118679,125664,2.6,واگرایی منفی RSI | خروج مستمر پول حقیقی | سهم صفی: 6 روز از ۲۰ روز در صف (ریسک نقدشوندگی و اجرای حد ضرر) | 76٪ بالای MA200 | واگرایی منفی
درازی,پخش رازی,مواد و محصولات دارویی,59.7,زیر نظر,100,70,78.8,4,64360,20260930,15.9,78.7,476.4,429.1,30.4,87.5,261,99.9,19,0,true,96.7,2.14,above,0,1.78,16938,,5.92,19.17,1.37,-14.94,13.08,2400,26.82,8.86,202.7,62981,61602,68497,71255,1.5,اشباع خرید | فاصله زیاد از MA20 | سهم صفی: 19 روز از ۲۰ روز در صف (ریسک نقدشوندگی و اجرای حد ضرر) | رشد عمودی (476٪ در ۶۰ روز، 87٪ بالای MA50) | 261٪ بالای MA200 | آخرین معامله 20260930 (متوقف یا کم‌معامله)
غاذر,کشت‌وصنعت‌پیاذر,محصولات غذایی و آشامیدنی به جز قند و شکر,59.6,زیر نظر,100,85,26.3,24,34640,20261005,8.4,13.3,84.2,36.8,10.5,30.4,152,72.2,7,0,true,48.1,3.15,above,-3.6,1.31,33699,,-87.29,-75.74,1.35,-96.38,38.06,3154,10.98,8.53,28.8,33699,33154,37910,40091,2.2,خروج مستمر پول حقیقی | سهم صفی: 7 روز از ۲۰ روز در صف (ریسک نقدشوندگی و اجرای حد ضرر) | رشد عمودی (84٪ در ۶۰ روز، 30٪ بالای MA50) | 152٪ بالای MA200
سبجنو,سیمان‌ بجنورد,سیمان، آهک و گچ,59.5,زیر نظر,100,65,19.2,47,58630,20261005,12.6,9.5,31.9,-15.4,11.2,17.7,63.7,74.4,1,0,true,25.4,3.23,above,-0.8,1.47,56370,,-17.5,-36.14,1.05,-10.61,8.43,8801,6.66,7.14,-6.7,56736,55423,64313,68102,1.77,واگرایی منفی RSI | خروج مستمر پول حقیقی | 64٪ بالای MA200 | واگرایی منفی | نقدشوندگی کمتر از ۱۰ میلیارد تومان | شناوری کم (11٪)
فاذر,صنایع‌ آذرآب‌,ساخت محصولات فلزی,59.5,زیر نظر,100,85,46,4,1847,20261005,15.3,23.1,113,65.7,12.3,25.5,76.4,72.7,8,0,true,31.8,3.05,above,-0.1,1.21,1796,,-2.96,-21.49,3.56,41.04,37.38,60,30.78,7.54,308.3,1796,1768,2016,2129,2.13,سهم صفی: 8 روز از ۲۰ روز در صف (ریسک نقدشوندگی و اجرای حد ضرر) | رشد عمودی (113٪ در ۶۰ روز، 26٪ بالای MA50) | P/E بالا (31) | 76٪ بالای MA200
وحافظ,بیمه حافظ,بیمه وصندوق بازنشستگی به جزتامین اجتماعی,59.4,زیر نظر,54,80,56.9,52,2375,20261005,0.5,7.5,-17.4,-64.7,0.9,3.8,-7.4,54,0,0,true,12.8,3.83,inside,-32.3,1.08,2335,2409,4.93,8.33,0.91,-2.11,7.66,199,11.93,,,2335,2289,2409,2462,0.4,بدون روند (ADX پایین) | توزیع: ورود حقیقی با سرانه خرید ضعیف (0.89 در ۲۰ روز) | نقدشوندگی کمتر از ۱۰ میلیارد تومان
سشرق,سیمان‌ شرق‌,سیمان، آهک و گچ,59.4,زیر نظر,100,88,23,24,26170,20261005,4.1,1,37.7,-9.6,3.2,16.2,68.7,61.9,3,0,true,31.8,3.74,above,-4.7,0.78,22950,27450,-27.16,-23.96,1.89,-26.75,41.64,3056,8.56,7.14,19.9,25191,24212,27450,29408,0.65,69٪ بالای MA200 | حد ضرر دور (7.5٪)
خدیزل,بهمن  دیزل,خودرو و ساخت قطعات,59.3,زیر نظر,90,20,53.3,60,1743,20261005,-2.4,-4.4,2.3,-45,-3.3,2.4,31.5,47.7,2,0,false,28.4,3.67,above,-8.9,1.52,1692,1793,15.26,52.52,0.81,-7.61,11.88,348,5.01,5.87,-14.7,1692,1660,1793,1914,0.6,توزیع: ورود حقیقی با سرانه خرید ضعیف (0.89 در ۲۰ روز)
شکلر,نیروکلر,محصولات شیمیایی,59.2,زیر نظر,100,75,6.6,50,33910,20261005,6.1,22.4,52.4,5.1,12,31.5,97.8,73.4,7,0,true,52.5,3.11,above,-2.1,1.15,31080,,-42.51,-39,0.97,-17.08,26.36,3984,8.51,9.63,-11.6,32857,31276,37070,39177,1.2,خروج مستمر پول حقیقی | سهم صفی: 7 روز از ۲۰ روز در صف (ریسک نقدشوندگی و اجرای حد ضرر) | رشد عمودی (52٪ در ۶۰ روز، 31٪ بالای MA50) | 98٪ بالای MA200 | حد ضرر دور (7.8٪)
خمحرکه,نیرو محرکه‌,خودرو و ساخت قطعات,59.1,زیر نظر,85,55,60.5,30,6060,20261005,4.3,2.5,20.7,-26.6,-1.3,9.9,38.5,53.5,2,0,false,26.4,3.62,above,-10.1,0.91,5700,6260,0.69,-0.55,2.77,3.42,13.45,130,46.62,,,5841,5590,6260,6380,0.43,واگرایی منفی RSI | P/E بالا (47) | واگرایی منفی | حد ضرر دور (7.8٪)
غشهداب,کشت و صنعت شهداب ناب خراسان,محصولات غذایی و آشامیدنی به جز قند و شکر,59.1,زیر نظر,100,65,4.3,60,2469,20261005,-2.9,7.6,76.8,29.4,0.4,10.5,68.7,56.7,2,0,false,37,3.77,above,-7.3,0.93,2415,2588,-2.41,-4.72,0.87,-17.15,21.21,401,6.16,7.05,-12.7,2415,2368,2588,2662,1.18,69٪ بالای MA200
هجرت,پخش هجرت,مواد و محصولات دارویی,59,زیر نظر,100,85,24,24,9570,20261005,9.7,11.8,61.7,14.3,12.8,23.2,133.8,71.4,7,0,true,34.4,3.07,above,-2.2,1.13,8735,,-19.62,-57.62,7.29,-48.39,38.99,888,10.78,8.86,21.6,9276,8835,10451,11039,1.2,خروج مستمر پول حقیقی | سهم صفی: 7 روز از ۲۰ روز در صف (ریسک نقدشوندگی و اجرای حد ضرر) | 134٪ بالای MA200 | حد ضرر دور (7.7٪)
رپویا,پویا,رایانه و فعالیت‌های وابسته به آن,58.9,زیر نظر,95,85,37.5,16,62570,20261005,13.7,14.2,57,9.7,13.6,21.2,58.3,72.3,3,0,true,31.8,3.13,above,-0.1,1.19,61888,,-12.08,-14.63,8.82,14.6,7.52,5242,11.94,8.89,34.3,61888,60909,68445,72361,3.54,خروج مستمر پول حقیقی | 58٪ بالای MA200 | نقدشوندگی کمتر از ۱۰ میلیارد تومان
تاپکیش,تجارت الکترونیک پارسیان کیش,رایانه و فعالیت‌های وابسته به آن,58.8,زیر نظر,49,80,98.5,14,2695,20261005,8.4,1.8,25,-22.4,4.9,-2,51.8,56.5,1,0,true,16.7,3.39,inside,-18.7,1.35,2482,2856,18.66,20.62,5.54,26.12,11.76,96,28.07,8.89,215.8,2604,2467,2856,2933,0.7,توزیع: ورود حقیقی با سرانه خرید ضعیف (0.83 در ۲۰ روز) | 52٪ بالای MA200 | حد ضرر دور (8.5٪)
وتوصا,گروه س توسعه صنعتی ایران,سرمایه گذاریها,58.8,زیر نظر,85,50,3.2,90,3020,20261005,-2.6,1,50.8,3.5,-3.4,6.2,55.1,49.5,0,0,false,40.1,3.81,above,-11.4,0.83,2970,3124,-0.86,-17.18,0.87,-4.47,7.6,642,4.7,7.13,-34,2970,2912,3124,3410,0.97,واگرایی منفی RSI | خروج مستمر پول حقیقی | 55٪ بالای MA200 | واگرایی منفی | نقدشوندگی کمتر از ۱۰ میلیارد تومان
بهامرز,بیمه زندگی هامرز,بیمه وصندوق بازنشستگی به جزتامین اجتماعی,58.8,زیر نظر,100,70,39.2,20,8990,20261005,14.4,64.4,159.6,112.2,25.6,67.6,169.4,97.4,17,0,true,80.3,2.54,above,0,1.08,6600,,-4.08,10.13,1.25,-5.73,3.28,253,35.53,,,8762,8534,9674,10131,1.5,اشباع خرید | فاصله زیاد از MA20 | سهم صفی: 17 روز از ۲۰ روز در صف (ریسک نقدشوندگی و اجرای حد ضرر) | رشد عمودی (160٪ در ۶۰ روز، 68٪ بالای MA50) | P/E بالا (36) | 169٪ بالای MA200 | نقدشوندگی کمتر از ۱۰ میلیارد تومان
عالیس,بهار رز عالیس چناران,محصولات غذایی و آشامیدنی به جز قند و شکر,58.7,زیر نظر,65,35,58.9,70,5930,20261005,-1.8,-3.6,31.5,-15.8,-2.7,4,50.5,50.8,0,0,false,23.6,3.82,above,-10.8,1.14,5870,6220,70.13,283.91,1,-18.24,48.29,1000,5.93,7.05,-15.9,5870,5757,6220,6650,1.67,توزیع: ورود حقیقی با سرانه خرید ضعیف (0.75 در ۲۰ روز) | 51٪ بالای MA200
وسپه,سرمایه‌گذاری‌ سپه‌,سرمایه گذاریها,58.6,زیر نظر,100,65,2.5,60,7330,20261005,-2.7,11.2,49.6,2.2,0.3,17.8,53,58.1,2,0,false,49.6,3.4,above,-7.8,0.99,6860,7750,-11.93,-89.37,0.51,-76.51,40.75,1251,5.86,7.13,-17.8,7081,6735,7750,7950,0.71,واگرایی منفی RSI | خروج مستمر پول حقیقی | 53٪ بالای MA200 | سرانه خرید ضعیف (0.51) | واگرایی منفی | حد ضرر دور (8.1٪)
ومپنا,مدیریت نیروگاهی ایرانیان مپنا,عرضه برق، گاز، بخاروآب گرم,58.6,زیر نظر,95,75,36.5,24,43650,20261005,1.4,3.4,64.6,17.3,0.8,16.5,90.8,59.6,0,0,false,29.3,3.14,above,-7.8,0.57,42820,47320,-21.4,-59.74,1.67,5.28,28.74,3838,11.37,10.04,13.3,42820,42136,47320,50057,2.42,واگرایی منفی RSI | خروج مستمر پول حقیقی | 91٪ بالای MA200 | واگرایی منفی
زنجان,صنایع کشاورزی وکود زنجان,محصولات شیمیایی,58.6,زیر نظر,100,70,88.5,10,2785,20261005,12.2,41.2,87,39.7,20,43.3,87.1,98.3,20,0,true,77,2.25,above,-0.7,1,1811,,0.58,4.26,17.13,2.48,0.67,,,,,2722,2660,2973,3098,1.5,نقدشوندگی پایین | اشباع خرید | فاصله زیاد از MA20 | بدون EPS مثبت | سهم صفی: 20 روز از ۲۰ روز در صف (ریسک نقدشوندگی و اجرای حد ضرر) | رشد عمودی (87٪ در ۶۰ روز، 43٪ بالای MA50) | 87٪ بالای MA200 | نقدشوندگی کمتر از ۱۰ میلیارد تومان
ساوه,سیمان ساوه,سیمان، آهک و گچ,58.6,زیر نظر,74,80,27.6,54,11310,20261005,5.2,4.2,2.2,-45.2,1.8,6.4,29.8,57.8,2,0,true,16.8,3.62,inside,-27.4,1.02,10650,11430,-8.07,-10.79,1.16,5.18,17.32,1489,7.6,6.69,13.5,10901,10445,11430,12190,0.14,حد ضرر دور (7.6٪)
بکاب,صنایع‌جوشکاب‌یزد,ماشین آلات و دستگاه‌های برقی,58.6,زیر نظر,85,55,69.3,19,12980,20261005,6.2,8.6,36.6,-10.7,0,13.6,43,58.9,4,0,false,29.5,3.66,above,-12.4,0.99,12740,13510,0.08,7.63,1.27,4.51,8.24,1077,12.05,6.15,96,12740,12503,13510,14820,1.11,164٪ بالای کف ۵۲ هفته | نقدشوندگی کمتر از ۱۰ میلیارد تومان
وساپا,سرمایه‌گذاری‌ سایپا,سرمایه گذاریها,58.6,زیر نظر,90,43,1.9,90,9010,20261005,-6.2,-2,45.4,-2,-4.4,12.7,54.2,50.5,0,0,false,39.4,3.75,above,-10.7,0.72,8870,9160,-80.55,-394.41,0.82,-210.39,265.24,2887,3.12,7.13,-56.2,8870,8701,9160,9690,0.49,خروج مستمر پول حقیقی | 54٪ بالای MA200
سشمال,سیمان‌ شمال‌,سیمان، آهک و گچ,58.5,زیر نظر,100,78,27.7,24,19280,20261005,1.7,5,41.8,-5.6,4.7,15.4,55.5,66.6,0,0,true,27.4,3.16,above,-3.1,0.75,18670,,-4.44,-21.75,1.27,0.82,8.07,2297,8.39,7.14,17.6,18670,18365,21109,22328,2,خروج مستمر پول حقیقی | 55٪ بالای MA200 | نقدشوندگی کمتر از ۱۰ میلیارد تومان
فجهان,جهان فولاد سیرجان,فلزات اساسی,58.5,زیر نظر,100,60,62,4,3510,20261005,8,27.6,99.8,52.5,9.8,41.9,91.6,77,7,0,false,61.8,2.95,above,0,0.79,3390,,14.85,-34.88,3.74,59.55,35.26,171,20.53,8.05,155,3406,3338,3821,4028,1.81,سهم صفی: 7 روز از ۲۰ روز در صف (ریسک نقدشوندگی و اجرای حد ضرر) | رشد عمودی (100٪ در ۶۰ روز، 42٪ بالای MA50) | 92٪ بالای MA200
غشصفا,شیرپاستوریزه‌پگاه‌اصفهان‌,محصولات غذایی و آشامیدنی به جز قند و شکر,58.5,زیر نظر,100,65,2,60,25660,20261005,-2,14.5,66.8,19.5,0.7,15.2,102.5,58.1,5,0,false,41.9,3.52,above,-7.4,1.1,23510,27510,-11.47,-16.97,0.63,-20.08,10.88,3764,6.82,8.53,-20.1,24756,23400,27510,29318,0.82,خروج مستمر پول حقیقی | 102٪ بالای MA200 | سرانه خرید ضعیف (0.63) | حد ضرر دور (8.8٪)
رایا,بیمه اتکایی رایا,بیمه وصندوق بازنشستگی به جزتامین اجتماعی,58.5,زیر نظر,100,65,2,60,5680,20261005,-5.5,15,138.6,91.2,4.5,19.6,,61.4,6,3,false,64.9,3.14,above,-10.3,0.53,5040,6330,-7.47,-18.11,0.33,-17.09,10.45,1471,3.86,,,5502,5323,6330,6687,1.82,خروج مستمر پول حقیقی | سهم صفی: 6 روز از ۲۰ روز در صف (ریسک نقدشوندگی و اجرای حد ضرر) | رشد عمودی (139٪ در ۶۰ روز، 20٪ بالای MA50) | 490٪ بالای کف ۵۲ هفته | سرانه خرید ضعیف (0.33) | صف فروش در ۵ روز اخیر
وامین,سرمایه گذاری امین مهرگان,سرمایه گذاریها,58.5,زیر نظر,100,50,36.8,37,6320,20261005,-6.4,36.3,127.3,80,6.1,36.1,68.8,70.8,9,0,false,65.2,2.79,above,-7.9,1.65,4458,6860,-46.9,5.27,1.57,-28.29,16.69,785,8.05,8.73,-7.8,6143,5967,6860,7213,1.53,سهم صفی: 9 روز از ۲۰ روز در صف (ریسک نقدشوندگی و اجرای حد ضرر) | رشد عمودی (127٪ در ۶۰ روز، 36٪ بالای MA50) | 69٪ بالای MA200
فارس,صنایع پتروشیمی خلیج فارس,محصولات شیمیایی,58.4,زیر نظر,100,53,21,50,12570,20261005,2.6,15.7,46.7,-0.7,2.4,19.7,60.7,62,5,0,false,33.9,3.22,above,-3.7,0.74,11550,13050,-316.98,-369.24,5.14,-315.87,454.1,1498,8.39,9.63,-12.9,12165,11559,13050,13859,0.47,61٪ بالای MA200 | حد ضرر دور (8.0٪)
ثقزوی,شرکت عمران و سازندگی قزوین,انبوه سازی، املاک و مستغلات,58.3,زیر نظر,90,65,83.3,30,2675,20261005,-1.7,13.7,81.5,34.1,-3.2,20.7,42.9,55.9,10,1,false,50.7,3.38,above,-15.7,2.05,2372,3172,0.29,5.23,1.49,7.26,2.93,35,76.43,,,2585,2494,3172,3353,2.75,نقدشوندگی پایین | سهم صفی: 10 روز از ۲۰ روز در صف (ریسک نقدشوندگی و اجرای حد ضرر) | P/E بالا (76) | نقدشوندگی کمتر از ۱۰ میلیارد تومان | صف فروش در ۵ روز اخیر
بوعلی,پتروشیمی بوعلی سینا,محصولات شیمیایی,58.3,زیر نظر,100,65,1,60,62400,20261005,-1.1,27,136.7,89.4,5.6,34.1,84.3,68.7,3,0,false,63.4,3.19,above,-6.4,0.83,60000,66700,-222.59,-398.93,0.67,-222.01,142.04,8261,7.55,9.63,-21.6,60409,59004,66700,70683,1.27,خروج مستمر پول حقیقی | رشد عمودی (137٪ در ۶۰ روز، 34٪ بالای MA50) | 84٪ بالای MA200 | سرانه خرید ضعیف (0.67) | شناوری کم (8٪)
بیوتیک,آنتی بیوتیک سازی ایران,مواد و محصولات دارویی,58.3,زیر نظر,65,65,89,14,31760,20261005,-1.1,-11.4,125,77.6,-5.3,9.6,85.1,50.9,4,0,false,41.1,3.65,above,-17.8,0.81,31060,32800,13.34,27.58,2.2,1.89,26.45,1448,21.93,8.86,147.6,31060,30481,32800,35970,0.81,رشد عمودی (125٪ در ۶۰ روز، 10٪ بالای MA50) | توزیع: ورود حقیقی با سرانه خرید ضعیف (0.79 در ۲۰ روز) | 85٪ بالای MA200
پارسیان,بیمه پارسیان,بیمه وصندوق بازنشستگی به جزتامین اجتماعی,58.1,زیر نظر,90,53,2,80,1855,20261005,-2.1,2.7,38.6,-8.7,-1.1,11.2,43.5,53.8,3,1,false,42.3,3.44,above,-7.7,0.85,1670,1970,-8.79,-27.64,0.63,-10.5,7.82,865,2.14,4.59,-53.3,1791,1696,1970,2097,0.72,خروج مستمر پول حقیقی | سرانه خرید ضعیف (0.63) | حد ضرر دور (8.6٪) | نقدشوندگی کمتر از ۱۰ میلیارد تومان | صف فروش در ۵ روز اخیر
آبین,کشت و صنعت آبشیرین,زراعت و خدمات وابسته,58,زیر نظر,100,70,36,20,14380,20261005,15.7,68,78.2,30.9,27.4,64.5,197.2,97.2,14,0,true,73.9,2.58,above,0,0.8,8305,,-1.55,-4.27,1.9,1.6,5.66,235,61.19,,,14009,13637,15494,16237,1.5,اشباع خرید | فاصله زیاد از MA20 | سهم صفی: 14 روز از ۲۰ روز در صف (ریسک نقدشوندگی و اجرای حد ضرر) | رشد عمودی (78٪ در ۶۰ روز، 65٪ بالای MA50) | P/E بالا (61) | 197٪ بالای MA200 | نقدشوندگی کمتر از ۱۰ میلیارد تومان | واگرایی مثبت RSI
رتکو,کنترل ‌خوردگی ‌تکین ‌کوی,خدمات فنی و مهندسی,57.9,زیر نظر,100,70,75.5,20,25030,20261005,8.7,32.8,90.7,43.4,17.2,38,86.4,88.6,3,0,true,60.9,3.24,above,0,0.78,19700,,0,0,2.31,4.18,1.85,641,39.05,,,24218,23407,27465,29088,1.5,نقدشوندگی پایین | واگرایی منفی RSI | اشباع خرید | فاصله زیاد از MA20 | رشد عمودی (91٪ در ۶۰ روز، 38٪ بالای MA50) | P/E بالا (39) | 86٪ بالای MA200 | واگرایی منفی | نقدشوندگی کمتر از ۱۰ میلیارد تومان
سفاسی,شرکت فارسیت اهواز,سایر محصولات کانی غیرفلزی,57.9,زیر نظر,100,70,70.5,25,5390,20261005,7.8,9.1,110.6,63.3,8.9,21.7,71.6,80.2,3,0,true,48.7,3.69,above,-0.7,1.32,5160,,0,3.6,2.32,6.51,2.54,330,16.33,,,5191,5060,5987,6386,1.81,نقدشوندگی پایین | واگرایی منفی RSI | اشباع خرید | رشد عمودی (111٪ در ۶۰ روز، 22٪ بالای MA50) | 72٪ بالای MA200 | واگرایی منفی | نقدشوندگی کمتر از ۱۰ میلیارد تومان
زقیام,کشت و دام قیام اصفهان,زراعت و خدمات وابسته,57.7,زیر نظر,100,70,8,47,11130,20261005,-3.4,5.3,19.3,-28,0,4.9,68.6,51.4,5,1,true,24.6,3.53,above,-8.8,0.91,10090,11890,-18.4,-10.08,1.04,-17.99,12.66,1396,7.97,8.07,-1.2,10737,10147,11890,12195,0.77,69٪ بالای MA200 | حد ضرر دور (8.8٪) | صف فروش در ۵ روز اخیر
ثنور,سرمایه گذاری کوه نور,انبوه سازی، املاک و مستغلات,57.5,زیر نظر,100,65,78,20,7070,20261005,0.1,5.4,63.4,16,0.6,14.5,80.1,58.4,1,0,false,45.8,3.29,above,-6.2,0.66,6640,7255,1.64,2.04,2.99,4.91,2.98,26,271.92,,,6838,6524,7255,7540,0.34,نقدشوندگی پایین | P/E بالا (272) | 80٪ بالای MA200 | حد ضرر دور (7.7٪) | نقدشوندگی کمتر از ۱۰ میلیارد تومان
خاور,ایران خودرو دیزل,خودرو و ساخت قطعات,57.5,زیر نظر,95,45,70.9,9,1586,20261005,2.5,-4.8,17.8,-29.5,1,6.6,29,54.4,0,0,false,23.1,3.8,above,-8.5,1.22,1567,1722,18.2,146.44,1.1,-10.39,76.35,91,17.43,5.87,196.9,1567,1537,1722,1776,2.76,توزیع: ورود حقیقی با سرانه خرید ضعیف (0.82 در ۲۰ روز)
لخزر,پارس‌ خزر,ماشین آلات و تجهیزات,57.5,زیر نظر,90,53,1.5,78,4670,20261005,0,0.6,40.5,-6.8,-1.7,11.8,49.8,53.7,2,0,false,33.1,3.4,above,-10.2,0.6,4580,5200,-2.28,-1.63,0.79,-6.3,12.61,1120,4.17,5.15,-19,4580,4501,5200,5518,3.13,واگرایی منفی RSI | سرانه خرید ضعیف (0.79) | واگرایی منفی | شناوری کم (10٪)
اعتلا,شرکت سرمایه گذاری اعتلاء البرز,سرمایه گذاریها,57.4,زیر نظر,85,55,23.7,60,2351,20261005,1.2,3,30.5,-16.8,-0.4,4.8,39.8,53.8,0,0,false,24.1,3.47,above,-8.1,1.01,2240,2396,-1.25,3.15,1.07,-1.28,3.56,377,6.24,8.73,-28.6,2269,2199,2396,2498,0.29,نقدشوندگی کمتر از ۱۰ میلیارد تومان
شکربن,کربن‌ ایران‌,محصولات شیمیایی,57.4,زیر نظر,100,60,1.5,60,11850,20261005,8.4,34.8,89.7,42.3,19.3,36.1,83.3,85.8,3,0,true,56.1,2.89,above,-0.4,1.16,8940,,-81.53,-44.54,0.52,-85.09,30.06,1486,7.97,9.63,-17.2,11508,11165,12877,13562,1.5,واگرایی منفی RSI | اشباع خرید | فاصله زیاد از MA20 | خروج مستمر پول حقیقی | رشد عمودی (90٪ در ۶۰ روز، 36٪ بالای MA50) | 83٪ بالای MA200 | سرانه خرید ضعیف (0.52) | واگرایی منفی
فولاژ,فولاد آلیاژی ایران,فلزات اساسی,57.4,زیر نظر,90,55,27.5,50,6360,20261005,-4.5,-1.7,79.3,31.9,-0.5,13.7,65.3,55,2,0,false,45.7,3.37,above,-8.8,1.05,5840,6820,-0.92,25.25,0.74,-23.83,22.47,541,11.76,13.48,-12.8,6146,5824,6820,6970,0.86,واگرایی منفی RSI | توزیع: ورود حقیقی با سرانه خرید ضعیف (0.66 در ۲۰ روز) | 65٪ بالای MA200 | سرانه خرید ضعیف (0.74) | واگرایی منفی | حد ضرر دور (8.4٪)
کرمان,س. توسعه و عمران استان کرمان,انبوه سازی، املاک و مستغلات,57.3,زیر نظر,95,55,67.1,4,1479,20261005,8,4.4,28.5,-18.8,1,13.4,37.6,59,4,0,false,42.4,3.32,above,-9.8,1.3,1454,1640,42.13,42.06,1.36,-0.2,77.83,2,739.5,23.59,3034.8,1454,1429,1640,1738,3.25,واگرایی منفی RSI | P/E بالا (740) | توزیع: ورود حقیقی با سرانه خرید ضعیف (0.81 در ۲۰ روز) | واگرایی منفی
غمایه,شرکت خمیرمایه رضوی,محصولات غذایی و آشامیدنی به جز قند و شکر,57.3,زیر نظر,100,75,33,16,25870,20261005,4,11.8,56,8.7,5.5,16.7,92,64.3,4,0,false,26.6,3.27,above,-2.6,1.52,23500,26570,-0.88,-18.94,4.27,-0.93,6.95,2821,9.17,7.05,30.1,25024,23754,26570,28263,0.33,خروج مستمر پول حقیقی | 92٪ بالای MA200 | حد ضرر دور (8.2٪) | نقدشوندگی کمتر از ۱۰ میلیارد تومان
سغرب,سیمان‌غرب‌,سیمان، آهک و گچ,57.2,زیر نظر,83,70,16.2,57,8480,20261005,3.5,-2.1,13.8,-33.5,1.9,4.7,17.5,56.2,0,0,true,18.2,3.41,above,-15.9,1.28,8318,8670,-8.44,-22.58,0.99,-3.18,8.73,1220,6.95,7.14,-2.6,8318,8174,8670,8950,0.62,خروج مستمر پول حقیقی | نقدشوندگی کمتر از ۱۰ میلیارد تومان
شرانل,نفت ایرانول,فراورده های نفتی، کک و سوخت هسته ای,57.2,زیر نظر,90,63,33.3,37,109500,20261005,1.8,6.6,41.4,-5.9,-1.1,11.5,86,56.3,3,0,false,30.2,3.65,above,-9.3,0.92,99320,120700,4.56,-72.93,1.05,-19.12,33.76,13150,8.33,8.12,2.5,105506,99514,120700,128689,1.12,خروج مستمر پول حقیقی | 86٪ بالای MA200 | حد ضرر دور (9.1٪)
شملی,ملی شیمی کشاورز,محصولات شیمیایی,57.1,زیر نظر,100,70,28.4,24,12390,20261005,14.1,35.3,139.2,91.8,18.5,49.8,144.9,86.7,7,0,true,69.1,2.84,above,-0.1,1.24,10530,,-32.39,-40.21,1.42,-30.84,27.23,1215,10.2,8.01,27.3,12038,11685,13447,14152,1.5,اشباع خرید | فاصله زیاد از MA20 | خروج مستمر پول حقیقی | سهم صفی: 7 روز از ۲۰ روز در صف (ریسک نقدشوندگی و اجرای حد ضرر) | رشد عمودی (139٪ در ۶۰ روز، 50٪ بالای MA50) | 145٪ بالای MA200
ختراک,ریخته‌گری‌ تراکتورسازی‌ ایران‌,خودرو و ساخت قطعات,57,زیر نظر,65,55,53.8,52,1641,20261005,-0.7,1,11.3,-36,-1.7,2.6,6.7,50.2,1,0,false,13.6,3.64,above,-15.3,1.06,1611,1679,4.92,12.75,0.87,-5.43,7.52,206,7.97,,,1611,1581,1679,1718,0.63,واگرایی منفی RSI | بدون روند (ADX پایین) | توزیع: ورود حقیقی با سرانه خرید ضعیف (0.85 در ۲۰ روز) | واگرایی منفی | نقدشوندگی کمتر از ۱۰ میلیارد تومان
گنگین,گروه اقتصادی مالی نگین,شرکتهای چند رشته ای صنعتی,56.9,زیر نظر,100,65,63.5,32,17470,20261005,-2.1,11.6,49.7,2.4,1.3,15.6,66.7,63.9,1,0,false,46.2,2.85,above,-5.5,1.53,16570,17760,3.39,-2.46,2.38,2.72,2.07,1700,10.28,,,16972,16321,17760,18757,0.25,نقدشوندگی پایین | خروج مستمر پول حقیقی | 67٪ بالای MA200 | نقدشوندگی کمتر از ۱۰ میلیارد تومان
فافق,صنایع مس افق کرمان,فلزات اساسی,56.9,زیر نظر,100,75,5.5,42,15700,20261005,6.3,13.3,65,17.7,3.8,17.2,88.8,66.4,4,0,false,39.6,3.55,above,-5.1,1.1,13885,16540,-3.54,-8.41,0.96,-1.78,9.64,2178,7.21,,,15143,14586,16540,17654,0.75,واگرایی منفی RSI | 89٪ بالای MA200 | واگرایی منفی | حد ضرر دور (7.1٪) | نقدشوندگی کمتر از ۱۰ میلیارد تومان
دروز,داروسازی‌ روزدارو,مواد و محصولات دارویی,56.8,زیر نظر,100,70,47.1,4,33210,20261005,15.4,49.4,276.5,229.2,19.3,55.9,147.1,88.2,10,0,true,59,2.71,above,0,0.69,29757,,1.73,-4.32,1.54,-1.62,4.85,164,202.5,12.91,1468.6,32310,31410,35909,37709,1.5,اشباع خرید | فاصله زیاد از MA20 | سهم صفی: 10 روز از ۲۰ روز در صف (ریسک نقدشوندگی و اجرای حد ضرر) | رشد عمودی (277٪ در ۶۰ روز، 56٪ بالای MA50) | P/E بالا (203) | 147٪ بالای MA200 | نقدشوندگی کمتر از ۱۰ میلیارد تومان
آواک,صنایع ارتباطی آوا,اطلاعات و ارتباطات,56.6,زیر نظر,65,20,50.5,82,2568,20261005,-3.1,-8.9,16.2,-31.1,-9.5,1.8,7.1,40.7,3,0,false,34.9,3.86,above,-20.4,1.02,2450,2600,-2.66,12.72,1.87,22.51,13.05,328,7.83,11.65,-32.8,2469,2400,2600,2669,0.19,
سدبیر,س. تدبیرگران فارس وخوزستان,سرمایه گذاریها,56.6,زیر نظر,65,30,42.4,82,38060,20261005,-3.6,0.3,35,-12.3,-2.8,3.6,10,47.7,0,0,false,27.3,3.72,above,-22.8,0.77,37422,38461,0.24,5.01,0.84,-5.47,9.3,7407,5.14,8.73,-41.1,37422,36714,38461,40263,0.3,توزیع: ورود حقیقی با سرانه خرید ضعیف (0.83 در ۲۰ روز) | نقدشوندگی کمتر از ۱۰ میلیارد تومان
بهیر,س. توسعه تجارت هیرمند,سرمایه گذاریها,56.6,زیر نظر,100,58,80,20,4890,20261005,9.6,21.6,40.5,-6.8,13,25.2,39.2,87.1,9,0,true,63.4,2.11,above,0,0.91,4210,,1.85,3.68,1.22,0.81,1.3,223,21.93,,,4787,4684,5199,5405,1.5,نقدشوندگی پایین | واگرایی منفی RSI | اشباع خرید | سهم صفی: 9 روز از ۲۰ روز در صف (ریسک نقدشوندگی و اجرای حد ضرر) | واگرایی منفی | نقدشوندگی کمتر از ۱۰ میلیارد تومان
چکارن,کارتن‌ ایران‌,محصولات کاغذی,56.4,زیر نظر,95,55,45.5,62,5080,20261005,8.8,7.4,30.9,-16.5,3,11.8,45.4,61.2,0,0,false,23.5,3.21,above,-5.2,1.33,4536,5359,0,-0.01,2.11,9.31,2.65,476,10.67,16.48,-35.2,4917,4753,5359,5686,0.86,نقدشوندگی پایین | واگرایی منفی RSI | واگرایی منفی | نقدشوندگی کمتر از ۱۰ میلیارد تومان
زکوثر,سرمایه گذاری کشاورزی کوثر,زراعت و خدمات وابسته,56.3,زیر نظر,100,85,28,9,97480,20261005,8.2,10.7,121.7,74.4,12.3,25.7,114.1,73.8,4,0,true,39.6,3.18,above,-0.1,1.61,90600,,-32.24,-106.65,1.46,-12.07,27.05,6364,15.32,6.33,142,94379,89728,106782,112983,1.2,واگرایی منفی RSI | خروج مستمر پول حقیقی | رشد عمودی (122٪ در ۶۰ روز، 26٪ بالای MA50) | 114٪ بالای MA200 | واگرایی منفی | حد ضرر دور (8.0٪)
زبینا,کشاورزی و دامپروری بینالود,زراعت و خدمات وابسته,56.3,زیر نظر,100,70,2,47,14920,20261005,-1.8,4.8,22.4,-25,2.3,9.7,84.6,56.6,3,0,true,28.6,3.55,above,-7.2,1.42,14235,15650,-38.76,-0.7,0.63,-45.41,20.81,1911,7.81,8.07,-3.3,14391,13970,15650,16709,0.77,85٪ بالای MA200 | سرانه خرید ضعیف (0.63)
تماوند,تامین سرمایه دماوند,فعالیتهای کمکی به نهادهای مالی واسط,56.2,زیر نظر,100,45,28.7,60,2457,20261004,-0.7,9,15.5,-31.8,2,8.4,10.9,58.1,0,0,false,21.7,3.55,above,-6.9,0.69,2418,2521,-6.23,6.54,0.95,-3.41,6.17,337,7.29,9.46,-22.9,2418,2375,2521,2566,0.78,واگرایی منفی RSI | توزیع: ورود حقیقی با سرانه خرید ضعیف (0.87 در ۲۰ روز) | واگرایی منفی | نقدشوندگی کمتر از ۱۰ میلیارد تومان | آخرین معامله 20261004 (متوقف یا کم‌معامله)
دامین,داروسازی‌ امین‌,مواد و محصولات دارویی,56.2,زیر نظر,100,85,32.7,4,18510,20261005,10.9,18.4,51.2,3.9,17,20.8,66.8,77.7,3,0,true,36,3.11,above,-0.3,1.43,17190,,-42.22,-51.01,1.01,0.43,39.17,378,48.97,12.91,279.3,17934,17069,20239,21391,1.2,فاصله زیاد از MA20 | خروج مستمر پول حقیقی | P/E بالا (49) | 67٪ بالای MA200 | حد ضرر دور (7.8٪)
ساروم,سیمان‌ارومیه‌,سیمان، آهک و گچ,56.1,زیر نظر,100,70,1.5,47,227300,20261005,-1.2,8.4,28.3,-19,0.7,8,61.7,55.5,1,0,true,31.1,3.49,above,-6.6,1.01,211900,237300,-80.9,-114.47,0.49,-88.1,36.68,34336,6.62,7.14,-7.3,219363,207931,237300,243400,0.52,خروج مستمر پول حقیقی | 62٪ بالای MA200 | سرانه خرید ضعیف (0.49) | حد ضرر دور (8.5٪)
خنور,نورایستا پلاستیک,خودرو و ساخت قطعات,56.1,زیر نظر,85,45,60.5,26,8660,20261005,8.7,-15.2,32.7,-14.7,-0.2,5.6,21.8,53.1,3,0,false,25.4,3.49,above,-17.1,1.14,8306,9450,2.38,-16.91,2.58,43.33,15.64,745,11.62,5.87,98,8358,8155,9450,10450,1.57,خروج مستمر پول حقیقی
وتوشه,سرمایه‌ گذاری‌ پارس‌ توشه‌,ماشین آلات و تجهیزات,56.1,زیر نظر,100,45,0.5,68,8570,20261005,-3.8,2.9,34.6,-12.7,1.1,7.8,42.5,54.5,0,0,false,45.2,3.62,above,-5.4,0.8,8390,8775,-9.14,-5.8,0.77,-10.79,10.38,2049,4.18,5.15,-18.8,8390,8235,8775,9060,0.61,سرانه خرید ضعیف (0.77)
ثنظام,س. ساختمانی نظام مهندسی ایران,انبوه سازی، املاک و مستغلات,56.1,زیر نظر,85,70,96.5,10,79550,20261005,13.1,-1,12.2,-35.2,8.1,3.7,33.9,63.8,5,0,true,26.2,3.28,above,-4.7,1.85,78250,82863,1.15,1.52,2.11,3.86,0.87,,,,,78250,76947,82863,88076,1.27,نقدشوندگی پایین | بدون EPS مثبت | نقدشوندگی کمتر از ۱۰ میلیارد تومان
سغدیر,توسعه سرمایه و صنعت غدیر,سیمان، آهک و گچ,56.1,زیر نظر,85,55,52.3,26,23280,20261005,-1.1,0.5,36.4,-11,-1.6,8.1,50.2,53.2,1,0,false,28.6,3.6,above,-12.9,1.48,21325,23570,22.97,-1.71,1.17,8.7,17.6,2624,8.87,6.69,32.6,22442,21185,23570,26720,0.14,50٪ بالای MA200 | حد ضرر دور (9.0٪)
چدن,تولیدی چدن سازان,ساخت محصولات فلزی,56,زیر نظر,100,85,12,24,4810,20261005,8.3,32.9,113.8,66.5,11,36.1,139.6,76.9,5,0,true,63.6,3.05,above,-1,1.42,4530,,-157.9,-294.55,0.88,-105.03,47.36,544,8.84,7.54,17.3,4663,4457,5250,5543,1.24,خروج مستمر پول حقیقی | رشد عمودی (114٪ در ۶۰ روز، 36٪ بالای MA50) | 140٪ بالای MA200 | حد ضرر دور (7.3٪)
کانسار,معدنکاران نسوز,استخراج سایر معادن,56,زیر نظر,85,30,51,47,14060,20261005,-4.8,3.1,6.8,-40.6,-2.8,4.3,9.4,49.3,2,0,false,22.5,3.69,above,-19,0.69,13589,14349,-14.83,14.25,1.93,13.47,16.09,1483,9.48,9.57,-0.9,13589,13329,14349,14631,0.4,
پلوله,گازلوله‌,لاستیک و پلاستیک,56,زیر نظر,100,70,88,20,11860,20261003,13.7,62.5,163.3,116,24.4,59.5,128.2,97.4,20,0,true,79,2.27,above,0,0.36,6800,,0.6,7.79,2.53,1.27,1.83,517,22.94,,,11590,11321,12669,13208,1.5,نقدشوندگی پایین | اشباع خرید | فاصله زیاد از MA20 | سهم صفی: 20 روز از ۲۰ روز در صف (ریسک نقدشوندگی و اجرای حد ضرر) | رشد عمودی (163٪ در ۶۰ روز، 59٪ بالای MA50) | 128٪ بالای MA200 | نقدشوندگی کمتر از ۱۰ میلیارد تومان | آخرین معامله 20261003 (متوقف یا کم‌معامله)
فصبا,صبا فولاد خلیج فارس,فلزات اساسی,56,زیر نظر,100,78,37.5,4,4210,20261005,1.2,28.7,44.4,-3,7.2,27.3,55.5,68.6,8,0,true,40.9,3.2,above,-4.3,1.17,4070,4400,-30.67,-4.49,3.81,11.09,29.9,178,23.65,8.05,193.8,4075,4003,4400,4670,0.92,واگرایی منفی RSI | سهم صفی: 8 روز از ۲۰ روز در صف (ریسک نقدشوندگی و اجرای حد ضرر) | 56٪ بالای MA200 | واگرایی منفی
وبشهر,توسعه‌ صنایع‌ بهشهر(هلدینگ,محصولات غذایی و آشامیدنی به جز قند و شکر,55.9,زیر نظر,100,65,27.6,24,7520,20261005,4.9,21.5,55.5,8.2,5.7,24.6,100,69.7,5,0,false,51.9,3.22,above,-2.5,1.06,6720,7700,4.62,-2.63,0.81,-15.4,18.88,748,10.05,8.53,17.9,7278,7036,7700,8184,0.37,100٪ بالای MA200
کی بی سی,شرکت کی بی سی,مواد و محصولات دارویی,55.9,زیر نظر,100,70,38.5,9,13870,20261005,14.9,27.4,132.7,85.4,14.5,41.5,168.3,80.5,14,0,true,59.2,2.68,above,-0.2,0.9,13120,,35.91,-18.16,1.16,-11.85,32.63,1043,13.3,8.86,50.1,13498,12939,14987,15731,1.2,اشباع خرید | سهم صفی: 14 روز از ۲۰ روز در صف (ریسک نقدشوندگی و اجرای حد ضرر) | رشد عمودی (133٪ در ۶۰ روز، 42٪ بالای MA50) | 168٪ بالای MA200
سپاها,سیمان‌سپاهان‌,سیمان، آهک و گچ,55.8,زیر نظر,100,70,23.4,24,20980,20261005,1.7,-1.1,24.1,-23.3,1.6,7.7,52.5,55.7,3,0,true,21.5,3.41,above,-6.8,0.93,20450,22500,-18.21,6.52,1.04,-7.73,24.54,2433,8.62,7.14,20.8,20450,20092,22500,23931,1.71,واگرایی منفی RSI | توزیع: ورود حقیقی با سرانه خرید ضعیف (0.78 در ۲۰ روز) | 52٪ بالای MA200 | واگرایی منفی
تپکو,تولیدتجهیزات‌سنگین‌هپکو,ماشین آلات و تجهیزات,55.8,زیر نظر,85,55,67.3,10,551,20261005,1.5,1.7,29.6,-17.7,-3.5,15.4,32.9,55.6,6,0,false,37,3.3,above,-14.2,0.92,522,560,1.74,15.29,1.17,10.59,37.74,,,,,533,513,560,642,0.24,بدون EPS مثبت | سهم صفی: 6 روز از ۲۰ روز در صف (ریسک نقدشوندگی و اجرای حد ضرر)
ثنام,س ساختمانی ب نام آوران مهندسی,انبوه سازی، املاک و مستغلات,55.8,زیر نظر,100,75,73,10,2360,20261005,2.7,19.3,62.2,14.9,8.2,25.6,67.9,79,2,0,true,60.6,3.97,above,-2.2,1.64,2253,,3.71,-8.29,2.88,8.5,2.75,,,,,2266,2206,2641,2829,1.83,نقدشوندگی پایین | اشباع خرید | خروج مستمر پول حقیقی | بدون EPS مثبت | 68٪ بالای MA200 | نقدشوندگی کمتر از ۱۰ میلیارد تومان
شوینده,مدیریت صنعت شوینده ت.ص.بهشهر,محصولات شیمیایی,55.7,زیر نظر,100,100,18.9,4,47600,20261005,11.6,18.8,66,18.7,8.1,16,72,68.3,6,0,true,30.4,3.16,above,-1.9,1.32,44300,48510,-35.24,-43.69,1.09,-18.94,14.25,1772,26.86,9.63,178.9,46094,43835,48510,51522,0.24,خروج مستمر پول حقیقی | سهم صفی: 6 روز از ۲۰ روز در صف (ریسک نقدشوندگی و اجرای حد ضرر) | 72٪ بالای MA200 | حد ضرر دور (7.9٪)
کفرا,فراورده‌ های‌ نسوزایران‌,سایر محصولات کانی غیرفلزی,55.6,زیر نظر,100,75,32.5,10,4830,20261005,6.6,5.5,167.9,120.5,3.5,26.5,150,65.2,12,1,false,52.6,2.96,above,-5.8,1.71,4210,5130,-9.65,-55.66,3.48,-84.67,26.03,,,12.75,,4687,4544,5130,5416,1.05,خروج مستمر پول حقیقی | بدون EPS مثبت | سهم صفی: 12 روز از ۲۰ روز در صف (ریسک نقدشوندگی و اجرای حد ضرر) | رشد عمودی (168٪ در ۶۰ روز، 27٪ بالای MA50) | 150٪ بالای MA200 | صف فروش در ۵ روز اخیر
شتران,پالایش نفت تهران,فراورده های نفتی، کک و سوخت هسته ای,55.6,زیر نظر,100,63,2,70,6530,20261003,3,14,40.1,-7.3,0.5,17.3,82.4,58.5,3,0,false,51.9,3.43,above,-10.1,0.86,6240,7260,-108.52,-960.31,0.76,-432.19,472.84,1249,5.23,6.26,-16.5,6306,6128,7260,7708,1.82,خروج مستمر پول حقیقی | 82٪ بالای MA200 | سرانه خرید ضعیف (0.76) | آخرین معامله 20261003 (متوقف یا کم‌معامله)
اردستان,سیمان اردستان,سیمان، آهک و گچ,55.6,زیر نظر,70,20,52.4,70,29480,20261005,-7,-1.4,20.8,-26.6,-4.8,4.5,30.4,47.6,1,0,false,22.2,3.69,above,-11.9,1.29,28770,29783,15.55,-31.29,1.09,2.2,19.81,5074,5.81,7.14,-18.6,28770,28226,29783,32030,0.24,خروج مستمر پول حقیقی
کتوکا,تولیدی و خدمات صنایع نسوز توکا,سایر محصولات کانی غیرفلزی,55.4,زیر نظر,90,65,1.5,60,8350,20261005,-3.1,10.3,108.7,61.4,-2.2,28,97,60.3,8,0,false,64.7,3.45,above,-10.6,1.29,8180,8870,-6.21,-14.31,0.76,-51.65,29.5,983,8.49,10.33,-17.8,8180,8036,8870,9340,1.66,سهم صفی: 8 روز از ۲۰ روز در صف (ریسک نقدشوندگی و اجرای حد ضرر) | رشد عمودی (109٪ در ۶۰ روز، 28٪ بالای MA50) | 97٪ بالای MA200 | سرانه خرید ضعیف (0.76)
سآبیک,سیمان آبیک,سیمان، آهک و گچ,55.3,زیر نظر,95,70,4.1,47,78050,20261005,6.5,-0.4,30,-17.4,3.5,7.5,47.3,59.9,1,0,true,20.7,3.45,above,-5.8,0.95,71480,82850,-18.99,-33.74,0.94,-4.35,13.61,10205,7.65,7.14,7.1,75358,71319,82850,88235,0.71,خروج مستمر پول حقیقی | حد ضرر دور (8.6٪)
پردیس,سرمایه گذاری پردیس,سرمایه گذاریها,55.3,زیر نظر,100,45,5.1,60,2214,20261005,-0.9,5.3,27.5,-19.8,2.4,11.9,30,59,0,0,false,36.1,3.17,above,-5.2,0.96,2176,2268,-4.81,-11.62,0.96,-0.26,5.74,404,5.48,7.13,-23.1,2176,2141,2268,2336,0.74,واگرایی منفی RSI | خروج مستمر پول حقیقی | واگرایی منفی | نقدشوندگی کمتر از ۱۰ میلیارد تومان
کزغال,زغال سنگ پروده طبس,استخراج زغال سنگ,55.3,زیر نظر,95,70,47,4,5990,20261005,4,-6.3,23.8,-23.6,2,11.8,42.1,60.3,6,0,true,21.3,3.64,above,-9,1.2,5462,6580,-19.51,-47.03,1.74,42.71,24.6,154,38.9,15.48,151.3,5772,5445,6580,7016,1.08,خروج مستمر پول حقیقی | سهم صفی: 6 روز از ۲۰ روز در صف (ریسک نقدشوندگی و اجرای حد ضرر) | P/E بالا (39) | 151٪ بالای کف ۵۲ هفته | حد ضرر دور (9.1٪)
وسین,بیمه سینا,بیمه وصندوق بازنشستگی به جزتامین اجتماعی,55.3,زیر نظر,100,60,63,10,3720,20260927,9.1,53.8,181.6,134.3,18,74.6,146.4,86.5,11,1,true,85.7,2.68,above,-2.6,0.7,2119,,15.66,-0.52,4.71,10.01,15.28,,,,,3620,3520,4020,4219,1.5,اشباع خرید | فاصله زیاد از MA20 | بدون EPS مثبت | سهم صفی: 11 روز از ۲۰ روز در صف (ریسک نقدشوندگی و اجرای حد ضرر) | رشد عمودی (182٪ در ۶۰ روز، 75٪ بالای MA50) | 146٪ بالای MA200 | صف فروش در ۵ روز اخیر | آخرین معامله 20260927 (متوقف یا کم‌معامله)
اتکای,بیمه اتکایی ایرانیان,بیمه وصندوق بازنشستگی به جزتامین اجتماعی,55.3,زیر نظر,100,35,1,72,3520,20261005,3.5,26.5,110.1,62.8,10.5,33.3,91.1,88.3,0,0,false,73.8,3.15,above,-0.3,0.52,2936,,-19.82,-37.98,0.73,-12.19,10.69,612,5.75,18.13,-68.3,3409,3299,3852,4074,1.5,اشباع خرید | خروج مستمر پول حقیقی | رشد عمودی (110٪ در ۶۰ روز، 33٪ بالای MA50) | 91٪ بالای MA200 | سرانه خرید ضعیف (0.73)
فروژ,صنایع فروآلیاژ ایران,فلزات اساسی,55.3,زیر نظر,100,75,37,4,2120,20261005,-1.1,51,128.7,81.3,13.2,45.6,101.2,77.3,14,2,true,78.4,3.06,above,-6.8,1.89,1426,2274,-29.3,-48.22,3.88,18.98,15.5,46,46.09,8.05,472.5,2055,1990,2274,2404,1.19,خروج مستمر پول حقیقی | سهم صفی: 14 روز از ۲۰ روز در صف (ریسک نقدشوندگی و اجرای حد ضرر) | رشد عمودی (129٪ در ۶۰ روز، 46٪ بالای MA50) | P/E بالا (46) | 101٪ بالای MA200 | صف فروش در ۵ روز اخیر
فرآور,فرآوری‌موادمعدنی‌ایران‌,فلزات اساسی,55.3,زیر نظر,100,55,48,9,8300,20261005,5.1,50.1,32.1,-15.2,14.5,37,52.1,79.3,13,0,true,53.3,2.8,above,-1.7,1.1,7720,,-0.99,155.93,3.44,-72.86,40.65,456,18.2,13.48,35,8068,7720,8996,9460,1.2,واگرایی منفی RSI | اشباع خرید | سهم صفی: 13 روز از ۲۰ روز در صف (ریسک نقدشوندگی و اجرای حد ضرر) | رشد عمودی (32٪ در ۶۰ روز، 37٪ بالای MA50) | 52٪ بالای MA200 | واگرایی منفی
کربن,کانی کربن طبس,استخراج زغال سنگ,55.2,زیر نظر,85,40,4.7,82,9530,20261005,-5.6,-13.9,47.5,0.2,-3.6,6.8,68.1,49,1,1,false,32.5,3.68,above,-16.4,0.98,9050,11400,-31.54,-45.92,0.89,-5.89,15.67,1449,6.58,15.48,-57.5,9179,8875,11400,12102,2.85,خروج مستمر پول حقیقی | 68٪ بالای MA200 | صف فروش در ۵ روز اخیر
غمهرا,تولیدی‌مهرام‌,محصولات غذایی و آشامیدنی به جز قند و شکر,55,زیر نظر,100,45,27,37,21510,20261005,3.6,17.9,35.9,-11.5,4.1,14.2,83.8,62.5,5,0,false,33.4,3.56,above,-5,0.91,19620,22640,-29.62,49.16,0.44,-54.85,26.84,2564,8.39,8.53,-1.7,20745,19597,22640,24170,0.59,توزیع: ورود حقیقی با سرانه خرید ضعیف (0.65 در ۲۰ روز) | 84٪ بالای MA200 | سرانه خرید ضعیف (0.44) | حد ضرر دور (8.9٪)
چاپ,ص.چاپ وبسته بندی آسان قزوین,محصولات کاغذی,55,زیر نظر,65,40,38,72,19340,20261005,-7.9,-4.7,64.3,17,-5.8,8.7,,48.4,2,0,false,34.7,3.48,above,-13.4,1.22,19090,19890,-46.5,-17.29,3.91,22.38,31.95,2147,9.01,16.48,-45.3,19090,18753,19890,21240,0.94,189٪ بالای کف ۵۲ هفته
ثرود,سرمایه‌گذاری مسکن زاینده رود,انبوه سازی، املاک و مستغلات,55,زیر نظر,90,30,16,72,5870,20261005,-7.4,6.1,26.8,-20.6,-6.2,7.8,52,46.5,5,0,false,46.1,4.04,above,-14.1,0.94,5690,6150,-0.07,5.64,0.67,-15.06,10.5,595,9.87,23.59,-58.2,5690,5571,6150,6830,0.94,توزیع: ورود حقیقی با سرانه خرید ضعیف (0.78 در ۲۰ روز) | 52٪ بالای MA200 | سرانه خرید ضعیف (0.67)
تملت,تامین سرمایه بانک ملت,فعالیتهای کمکی به نهادهای مالی واسط,55,زیر نظر,100,45,36,68,2185,20261005,-0.5,5.3,26.8,-20.5,0.6,10.8,48,60.5,0,0,false,40.6,2.84,above,-5.1,0.88,2055,2302,-2.38,-11.25,2.14,2.97,1.79,517,4.23,5.92,-28.6,2123,2030,2302,2426,0.75,نقدشوندگی پایین | واگرایی منفی RSI | خروج مستمر پول حقیقی | واگرایی منفی | حد ضرر دور (7.1٪) | نقدشوندگی کمتر از ۱۰ میلیارد تومان | شناوری کم (4٪)
دماوند,تولید نیروی برق دماوند,عرضه برق، گاز، بخاروآب گرم,54.9,خنثی,85,45,31.5,50,13200,20261005,-3.3,-2.9,23.8,-23.5,-2.6,5.1,40.6,50.6,1,0,false,21.3,2.88,above,-9.9,0.76,12760,13717,-13.53,-6.3,1.42,2.81,17.69,1503,8.78,10.04,-12.5,12820,12570,13717,14650,0.82,
سفارس,سیمان فارس و خوزستان,سیمان، آهک و گچ,54.8,خنثی,83,70,16.5,47,28860,20261005,3.6,-1.2,28.1,-19.3,3.1,6.2,49.4,56.6,3,0,true,18.9,3.6,above,-6.6,1.09,28020,29394,-46.5,22.87,0.72,-38.63,74.53,3912,7.38,7.14,3.3,28020,27500,29394,30330,0.39,توزیع: ورود حقیقی با سرانه خرید ضعیف (0.56 در ۲۰ روز) | سرانه خرید ضعیف (0.72)
کپشیر,پشم‌شیشه‌ایران‌,سایر محصولات کانی غیرفلزی,54.7,خنثی,100,60,46.9,4,32650,20261005,7.5,31.4,184.1,136.8,13.1,44.6,158.5,80.7,7,0,true,71.4,3.03,above,-1.3,1.3,29450,,-39.49,33.52,1.52,-151.32,38.94,1532,21.31,12.75,67.2,31660,30670,35620,37600,1.5,اشباع خرید | سهم صفی: 7 روز از ۲۰ روز در صف (ریسک نقدشوندگی و اجرای حد ضرر) | رشد عمودی (184٪ در ۶۰ روز، 45٪ بالای MA50) | توزیع: ورود حقیقی با سرانه خرید ضعیف (0.59 در ۲۰ روز) | 158٪ بالای MA200
کورز,ورزیران‌,سایر محصولات کانی غیرفلزی,54.6,خنثی,100,60,70.5,20,7800,20261005,0.9,30.9,52.1,4.8,10,31.7,61,86.8,11,0,true,37.9,3.22,above,-2.9,2.12,7400,7900,0,4.64,2.29,0.55,2.25,133,58.65,,,7549,7275,7900,8402,0.19,نقدشوندگی پایین | اشباع خرید | سهم صفی: 11 روز از ۲۰ روز در صف (ریسک نقدشوندگی و اجرای حد ضرر) | رشد عمودی (52٪ در ۶۰ روز، 32٪ بالای MA50) | P/E بالا (59) | 61٪ بالای MA200 | نقدشوندگی کمتر از ۱۰ میلیارد تومان
وتوسم,سرمایه‌گذاری‌توسعه‌ملی‌,سرمایه گذاریها,54.6,خنثی,90,65,1.5,57,4220,20261005,-7,0.8,79.5,32.1,-5,16.6,69.4,52.3,0,0,false,54.7,3.41,above,-11,0.51,4145,4402,-5.56,-118.02,0.44,-21.88,15.39,591,7.14,7.13,0.1,4145,4073,4402,4650,1.24,خروج مستمر پول حقیقی | 69٪ بالای MA200 | سرانه خرید ضعیف (0.44) | شناوری کم (12٪)
زگلدشت,کشت و دام گلدشت نمونه اصفهان,زراعت و خدمات وابسته,54.5,خنثی,100,70,18,24,11220,20261005,2.1,7.1,31.6,-15.7,4.7,8.9,74,60.5,3,0,true,26.4,3.52,above,-3.6,1.09,10910,11640,-13.72,1.44,0.79,-23.85,18.27,1225,9.16,8.07,13.5,10910,10713,11640,12429,0.83,توزیع: ورود حقیقی با سرانه خرید ضعیف (0.78 در ۲۰ روز) | 74٪ بالای MA200 | سرانه خرید ضعیف (0.79)
غبشهر,صنعتی‌ بهشهر,محصولات غذایی و آشامیدنی به جز قند و شکر,54.4,خنثی,100,75,0.5,37,18760,20261005,1,14.4,228.5,181.2,3.6,32.9,211.4,69.3,6,0,false,73.4,3.16,above,-4.2,0.94,16520,19540,-43.11,-126.2,0.62,-117.78,72.95,2019,9.29,8.53,8.9,18168,17576,19540,20724,0.66,خروج مستمر پول حقیقی | سهم صفی: 6 روز از ۲۰ روز در صف (ریسک نقدشوندگی و اجرای حد ضرر) | رشد عمودی (229٪ در ۶۰ روز، 33٪ بالای MA50) | 211٪ بالای MA200 | سرانه خرید ضعیف (0.62)
شصفها,پتروشیمی‌ اصفهان‌,محصولات شیمیایی,54.4,خنثی,90,15,87.5,70,3110,20260916,1.3,11.1,14.9,-32.4,3.9,13.6,3.1,94.7,20,0,false,77.9,0.93,above,-26.1,0.15,2919,3565,0.01,0.42,37.25,0.01,0.24,1217,2.56,,,3081,3052,3565,3687,7.84,نقدشوندگی پایین | اشباع خرید | سهم صفی: 20 روز از ۲۰ روز در صف (ریسک نقدشوندگی و اجرای حد ضرر) | نقدشوندگی کمتر از ۱۰ میلیارد تومان | آخرین معامله 20260916 (متوقف یا کم‌معامله)
رکیش,کارت اعتباری ایران کیش,رایانه و فعالیت‌های وابسته به آن,54.2,خنثی,85,30,50.9,40,2492,20261005,-1.9,-9.3,28.5,-18.9,-4.7,1.3,37,46.7,1,0,false,27.2,3.86,above,-14.2,1.02,2397,2554,1.26,-0.09,1.13,0.64,4.14,141,17.67,18.19,-2.8,2397,2349,2554,2781,0.43,واگرایی منفی RSI | واگرایی منفی | نقدشوندگی کمتر از ۱۰ میلیارد تومان
ونفت,سرمایه‌گذاری‌ صنعت‌ نفت‌,فراورده های نفتی، کک و سوخت هسته ای,54.1,خنثی,50,50,26.5,90,9620,20261005,-7.1,1.6,85.2,37.8,-6.3,-1.4,85.3,43.4,3,0,false,26.4,3.62,above,-16.7,0.85,9150,10030,-8.12,51.43,0.66,-43.08,35.31,3216,2.99,6.26,-52.2,9272,8976,10030,10330,0.64,واگرایی منفی RSI | توزیع: ورود حقیقی با سرانه خرید ضعیف (0.77 در ۲۰ روز) | 85٪ بالای MA200 | سرانه خرید ضعیف (0.66) | واگرایی منفی
شلیا,شرکت مواد ویژه لیا,سایر محصولات کانی غیرفلزی,54.1,خنثی,100,70,20.5,20,25570,20261005,10.7,39.2,121.5,74.1,14.5,47.9,152.4,86.9,3,0,true,78.3,3.34,above,-2.8,1.08,24594,,0,0,1.02,1.27,3.03,1094,23.37,,,24715,24167,28134,29843,1.83,اشباع خرید | رشد عمودی (121٪ در ۶۰ روز، 48٪ بالای MA50) | 152٪ بالای MA200 | نقدشوندگی کمتر از ۱۰ میلیارد تومان
فسوژ,سوژمیران,فلزات اساسی,54,خنثی,100,70,24,16,29020,20261005,14.4,33.6,224.3,176.9,15.9,53.4,236.1,87.7,11,0,true,78.9,2.79,above,0,1.04,25920,,-26.69,-138.51,2.4,-372.48,126.73,2590,11.2,8.05,39.2,28210,27399,31451,33072,1.5,اشباع خرید | فاصله زیاد از MA20 | خروج مستمر پول حقیقی | سهم صفی: 11 روز از ۲۰ روز در صف (ریسک نقدشوندگی و اجرای حد ضرر) | رشد عمودی (224٪ در ۶۰ روز، 53٪ بالای MA50) | 236٪ بالای MA200
وتعاون,بیمه تعاون,بیمه وصندوق بازنشستگی به جزتامین اجتماعی,54,خنثی,100,70,90,10,3148,20260930,15.8,49.8,65.2,17.9,27.3,40.9,58.2,88.5,8,0,true,47.9,2.55,above,-0.1,1.07,2561,,7.49,14.25,22.89,8.04,2.31,,,18.13,,3068,2987,3389,3550,1.5,نقدشوندگی پایین | اشباع خرید | فاصله زیاد از MA20 | بدون EPS مثبت | سهم صفی: 8 روز از ۲۰ روز در صف (ریسک نقدشوندگی و اجرای حد ضرر) | رشد عمودی (65٪ در ۶۰ روز، 41٪ بالای MA50) | 58٪ بالای MA200 | نقدشوندگی کمتر از ۱۰ میلیارد تومان | آخرین معامله 20260930 (متوقف یا کم‌معامله)
ثجنوب,سرمایه گذاری مسکن جنوب,انبوه سازی، املاک و مستغلات,53.8,خنثی,70,30,27,80,18140,20261005,-6.7,3.8,2.5,-44.9,-3.2,3.5,47.9,47.4,1,0,false,22,3.88,above,-9,0.74,17233,18950,-2.05,65.63,0.63,-32.66,24.03,6363,2.85,23.59,-87.9,17436,16882,18950,19890,0.64,توزیع: ورود حقیقی با سرانه خرید ضعیف (0.85 در ۲۰ روز) | 152٪ بالای کف ۵۲ هفته | سرانه خرید ضعیف (0.63)
خودرو,ایران‌ خودرو,خودرو و ساخت قطعات,53.5,خنثی,85,45,66.2,10,703,20261005,4,-5.4,24.4,-22.9,-0.9,6.8,25.9,53.8,1,0,false,24.3,3.47,above,-10.6,1.55,674,730,277.04,-148.79,1.33,148.16,618.9,,,,,679,662,730,786,0.66,واگرایی منفی RSI | بدون EPS مثبت | واگرایی منفی
بکابل,سیم و کابل ابهر,ماشین آلات و دستگاه‌های برقی,53.5,خنثی,65,20,63.1,57,5670,20261005,-1.9,-0.5,11.2,-36.2,-2,3.2,25.3,49.6,1,0,false,18.6,3.58,above,-12.4,0.9,5461,5855,2.18,31.03,1.23,-8.74,14.63,1041,5.45,5.95,-8.5,5467,5360,5855,6240,0.6,توزیع: ورود حقیقی با سرانه خرید ضعیف (0.74 در ۲۰ روز)
کگل,معدنی و صنعتی گل گهر,استخراج کانه های فلزی,53.5,خنثی,95,53,27.5,30,3060,20261005,0.6,0.9,46.4,-0.9,0.7,7.9,46.1,55.4,3,0,false,28.7,3.53,above,-7.6,1.2,2931,3205,-258.88,213.07,0.63,-457.43,250.86,241,12.7,13.76,-7.7,2952,2876,3205,3310,0.79,توزیع: ورود حقیقی با سرانه خرید ضعیف (0.67 در ۲۰ روز) | سرانه خرید ضعیف (0.63)
خمهر,مهرکام‌پارس‌,خودرو و ساخت قطعات,53.4,خنثی,100,60,25.7,20,3930,20261005,8,17.7,52.9,5.5,5.1,24.5,70.2,70.1,2,0,false,57.3,3.75,above,-3.7,0.85,3470,4080,-4.09,-24.99,1.19,8.68,19.58,105,37.43,,,3783,3636,4080,4374,0.51,خروج مستمر پول حقیقی | P/E بالا (37) | 70٪ بالای MA200 | حد ضرر دور (7.5٪)
کماسه,تامین‌ ماسه‌ ریخته‌گری‌,استخراج سایر معادن,53,خنثی,100,60,39,25,5730,20260930,4.8,26.5,122.7,75.4,5.7,38.4,101.6,71.1,9,1,false,67.3,3.17,above,-5.9,1.46,5170,6090,-2.04,6.74,1.28,-3.85,41.17,209,27.42,26.17,4.8,5548,5367,6090,6453,0.99,سهم صفی: 9 روز از ۲۰ روز در صف (ریسک نقدشوندگی و اجرای حد ضرر) | رشد عمودی (123٪ در ۶۰ روز، 38٪ بالای MA50) | 102٪ بالای MA200 | صف فروش در ۵ روز اخیر | آخرین معامله 20260930 (متوقف یا کم‌معامله)
قچار,فراوردههای غذایی وقند چهارمحال,قند و شکر,53,خنثی,100,60,6.9,37,5960,20261005,4.2,23.7,65.8,18.5,7.6,21.9,87.9,73.4,1,0,false,63.8,3.56,above,-0.8,0.98,5865,,-7.19,-6.66,0.97,-12.22,36.26,655,9.1,9.57,-4.9,5865,5759,6597,7022,3.17,واگرایی منفی RSI | 88٪ بالای MA200 | واگرایی منفی
فمراد,آلومراد,فلزات اساسی,52.9,خنثی,100,55,37.8,10,3830,20261005,3,4.4,30,-17.3,1.4,12.5,39.6,61.2,1,0,false,34.7,3.89,above,-6.6,1.05,3780,4100,0.03,-3.99,1.27,-1.99,8.17,,,13.48,,3780,3706,4100,4398,2.17,واگرایی منفی RSI | بدون EPS مثبت | واگرایی منفی | نقدشوندگی کمتر از ۱۰ میلیارد تومان
لپیام,گسترش صنایع پیام,ساخت دستگاه‌ها و وسایل ارتباطی,52.9,خنثی,100,45,35.5,20,137900,20261005,15.3,41.6,204.8,157.4,15.7,56.7,142.6,85.7,8,0,false,74.6,2.83,above,-0.1,0.72,130000,,-3.23,-43.19,1.78,4.91,10.99,123,1121.14,,,134000,128150,149600,157399,1.2,اشباع خرید | فاصله زیاد از MA20 | خروج مستمر پول حقیقی | سهم صفی: 8 روز از ۲۰ روز در صف (ریسک نقدشوندگی و اجرای حد ضرر) | رشد عمودی (205٪ در ۶۰ روز، 57٪ بالای MA50) | P/E بالا (1121) | 143٪ بالای MA200 | حد ضرر دور (7.1٪)
حتاید,تایدواترخاورمیانه,حمل ونقل، انبارداری و ارتباطات,52.9,خنثی,50,20,53.5,82,7830,20261005,-10,-5.7,-2.5,-49.8,-7.4,-0.1,25.6,40.6,3,0,false,23.5,3.58,above,-14.2,1.32,7482,8030,53.07,69.95,0.66,-44.93,38.44,1376,5.69,19.33,-70.6,7550,7342,8030,8215,0.41,توزیع: ورود حقیقی با سرانه خرید ضعیف (0.76 در ۲۰ روز) | سرانه خرید ضعیف (0.66)
شنفت,نفت‌ پارس‌,فراورده های نفتی، کک و سوخت هسته ای,52.9,خنثی,100,65,5.5,34,17910,20261005,0.9,15.1,61.4,14.1,3.6,21.1,75.3,63.4,1,0,false,41.8,3.16,above,-4.5,0.96,16050,,-37.2,-33.58,0.92,-29.97,35.71,2291,7.82,6.26,24.9,17344,16778,19608,20740,1.5,واگرایی منفی RSI | 75٪ بالای MA200 | واگرایی منفی | شناوری کم (12٪)
شارپیلن,پتروشیمی ارغوان گسترایلام,محصولات شیمیایی,52.8,خنثی,100,50,81,10,3450,20261005,3.9,7.8,11.3,-36.1,5.5,7.2,,99.8,20,0,true,93.3,2.68,above,-7,1.95,3033,3711,0.73,0.63,27.75,-2.38,0.54,,,9.63,,3357,3265,3711,3896,1.41,نقدشوندگی پایین | اشباع خرید | بدون EPS مثبت | سهم صفی: 20 روز از ۲۰ روز در صف (ریسک نقدشوندگی و اجرای حد ضرر) | نقدشوندگی کمتر از ۱۰ میلیارد تومان
قصفها,قنداصفهان‌,قند و شکر,52.7,خنثی,85,28,26.5,60,2258,20261005,-5.5,-2.8,41.8,-5.5,-4.5,5.4,56.4,48.8,4,0,false,29.7,3.54,above,-13.4,1.15,2155,2440,-3,15.47,0.71,-22.67,13.14,264,8.55,9.8,-12.7,2178,2115,2440,2607,1.27,توزیع: ورود حقیقی با سرانه خرید ضعیف (0.66 در ۲۰ روز) | 56٪ بالای MA200 | سرانه خرید ضعیف (0.71)
غنوش,نوش‌ مازندران‌,محصولات غذایی و آشامیدنی به جز قند و شکر,52.7,خنثی,88,80,37,4,19160,20261005,8.1,11,0.9,-46.5,5.6,12.1,49.7,62.3,6,0,true,18,3.15,above,-4.8,0.53,18050,19740,-32.19,-149.13,1.83,5.04,66.26,487,39.34,8.53,361.2,18556,17748,19740,20120,0.41,خروج مستمر پول حقیقی | سهم صفی: 6 روز از ۲۰ روز در صف (ریسک نقدشوندگی و اجرای حد ضرر) | P/E بالا (39) | 214٪ بالای کف ۵۲ هفته | حد ضرر دور (7.4٪)
سخزر,سیمان‌ خزر,سیمان، آهک و گچ,52.6,خنثی,95,88,2,24,6910,20261005,4.7,0.4,45.5,-1.9,4.3,15.6,54.1,62.9,4,0,true,31.1,3.48,above,-5.1,1.1,6100,7280,-50.54,-94.17,0.72,-32.55,21.99,822,8.41,7.14,17.7,6669,6429,7280,7761,0.77,خروج مستمر پول حقیقی | 54٪ بالای MA200 | سرانه خرید ضعیف (0.72)
شسینا,صنایع‌شیمیایی‌سینا,محصولات شیمیایی,52.4,خنثی,85,45,1.5,70,4120,20261005,-1.2,4,25,-22.3,-3.5,8.8,46.7,51,2,0,false,37.2,3.4,above,-13.3,1.39,4030,4750,-6.01,-9.03,0.73,-12.49,6.66,523,7.88,9.63,-18.2,4030,3960,4750,5030,3.94,خروج مستمر پول حقیقی | 156٪ بالای کف ۵۲ هفته | سرانه خرید ضعیف (0.73) | نقدشوندگی کمتر از ۱۰ میلیارد تومان
دجابر,داروسازی‌ جابرابن‌حیان‌,مواد و محصولات دارویی,52.3,خنثی,100,70,24,9,59010,20261005,13.1,24.9,262,214.7,20.3,44,222,84.8,9,0,true,67.4,2.99,above,-2.4,0.99,49510,,-14.82,-59.13,3.04,-56.57,37.84,3483,16.94,12.91,31.2,57248,55487,64295,67819,1.5,اشباع خرید | فاصله زیاد از MA20 | خروج مستمر پول حقیقی | سهم صفی: 9 روز از ۲۰ روز در صف (ریسک نقدشوندگی و اجرای حد ضرر) | رشد عمودی (262٪ در ۶۰ روز، 44٪ بالای MA50) | 222٪ بالای MA200 | واگرایی مثبت RSI
سقاین,سیمان‌ قائن‌,سیمان، آهک و گچ,52.3,خنثی,100,65,13,24,34340,20261005,1.9,14.1,111.2,63.8,3.7,23.8,139.3,63.9,4,0,false,46.8,3.19,above,-4.8,1.25,25695,35900,-20.94,-38.95,0.61,-51.49,19.53,3814,9,7.14,26.1,33246,32151,35900,38089,0.71,خروج مستمر پول حقیقی | رشد عمودی (111٪ در ۶۰ روز، 24٪ بالای MA50) | 139٪ بالای MA200 | سرانه خرید ضعیف (0.61) | شناوری کم (12٪)
سدور,سیمان‌ دورود,سیمان، آهک و گچ,52.2,خنثی,100,75,18.9,10,35410,20261005,4.7,15,98,50.7,3.6,29,92.6,67.4,4,0,false,50.1,3.47,above,-4.9,1.03,32130,37220,-0.46,2.72,0.85,-20.82,16.86,,,7.14,,34180,32335,37220,39680,0.59,بدون EPS مثبت | توزیع: ورود حقیقی با سرانه خرید ضعیف (0.64 در ۲۰ روز) | 93٪ بالای MA200 | حد ضرر دور (8.7٪)
حریل,ریل پردازسیر,حمل ونقل، انبارداری و ارتباطات,52.2,خنثی,65,30,72.8,34,2786,20261005,-4.4,-3.2,28.5,-18.9,-7.6,5.4,27.4,45.1,2,0,false,32,3.27,above,-18.3,1.09,2739,2851,0.09,5.31,1.03,0.51,4.63,303,9.19,7.68,19.7,2739,2694,2851,3410,0.7,نقدشوندگی کمتر از ۱۰ میلیارد تومان
خبهمن,گروه‌بهمن‌,خودرو و ساخت قطعات,52.2,خنثی,65,50,30.6,60,2504,20261005,-3.8,-7.3,49.7,2.3,-5,1,43.4,45.6,1,0,false,26.1,3.71,above,-12.7,0.98,2461,2538,30.38,-31.65,0.95,-96.47,123.43,560,4.47,,,2461,2414,2538,2808,0.38,واگرایی منفی RSI | واگرایی منفی
شمواد,تولید مواداولیه الیاف مصنوعی,محصولات شیمیایی,52.1,خنثی,100,70,20.5,32,14600,20260930,11.9,26.6,91.3,44,15.8,37.8,183.1,82.8,7,0,true,57,3.19,above,-2.3,0.83,13370,,-23.92,-140.4,1.99,-23.77,26.15,1509,9.68,,,14135,13436,15996,16927,1.2,اشباع خرید | فاصله زیاد از MA20 | خروج مستمر پول حقیقی | سهم صفی: 7 روز از ۲۰ روز در صف (ریسک نقدشوندگی و اجرای حد ضرر) | رشد عمودی (91٪ در ۶۰ روز، 38٪ بالای MA50) | 183٪ بالای MA200 | حد ضرر دور (8.0٪) | آخرین معامله 20260930 (متوقف یا کم‌معامله)
زهلال,کشت و صنعت هلال,زراعت و خدمات وابسته,52.1,خنثی,65,70,37.5,37,53760,20261005,-0.4,0.5,21.7,-25.7,1.3,7.9,,56.5,0,0,true,21.1,3.44,,-5.6,1,50890,55280,-5.19,-22.91,8.49,34.41,11.04,6307,8.52,8.07,5.6,51908,49964,55280,56960,0.4,واگرایی منفی RSI | خروج مستمر پول حقیقی | واگرایی منفی | حد ضرر دور (7.1٪)
وتوسکا,سرمایه گذاری توسعه توکا,سرمایه گذاریها,52.1,خنثی,85,30,87.5,35,1624,20261005,-5.4,0.4,24.6,-22.7,-3.8,4.8,22.1,47.4,6,2,false,27.2,3.49,above,-13,0.99,1564,1776,1.82,3.14,2.15,3.44,1.47,100,16.24,,,1567,1536,1776,1866,1.72,نقدشوندگی پایین | سهم صفی: 6 روز از ۲۰ روز در صف (ریسک نقدشوندگی و اجرای حد ضرر) | نقدشوندگی کمتر از ۱۰ میلیارد تومان | صف فروش در ۵ روز اخیر
بنیرو,نیروترانس‌,ماشین آلات و دستگاه‌های برقی,52.1,خنثی,80,45,8.4,68,3870,20261005,-0.8,1,16,-31.3,1.5,5.3,45.6,54.4,0,0,false,10.5,3.25,above,-4.7,0.79,3720,3975,-11.59,-31.1,1.1,-7.24,12.73,830,4.66,6.15,-24.2,3744,3657,3975,4060,0.49,خروج مستمر پول حقیقی | بدون روند (ADX پایین) | 156٪ بالای کف ۵۲ هفته
ستران,سیمان‌ تهران‌,سیمان، آهک و گچ,52.1,خنثی,95,80,6.4,24,15230,20261005,7.6,0.5,26.4,-21,4.9,15.7,59.4,64.8,3,0,true,29,3.68,above,-5.2,1.01,13141,16070,-87.47,-88.22,1,-32.55,39.07,1902,8.01,7.14,12.1,14670,14110,16070,17190,0.75,خروج مستمر پول حقیقی | 59٪ بالای MA200 | حد ضرر دور (7.4٪)
سکرد,سیمان کردستان,سیمان، آهک و گچ,52,خنثی,90,30,19,57,14950,20261005,-5.9,4.8,24.3,-23.1,-3.8,5.8,44.2,49.8,4,0,false,30.7,3.51,above,-13.6,1.18,14635,16170,-9.02,4,0.75,-15.69,8.82,2014,7.42,7.14,4,14635,14373,16170,17300,2.11,توزیع: ورود حقیقی با سرانه خرید ضعیف (0.80 در ۲۰ روز) | 154٪ بالای کف ۵۲ هفته | سرانه خرید ضعیف (0.75) | نقدشوندگی کمتر از ۱۰ میلیارد تومان | شناوری کم (14٪)
کازرو,پتروشیمی کازرون,محصولات شیمیایی,52,خنثی,100,70,62,10,15530,20261005,12.2,44.3,98.5,51.1,22.9,49.1,88.2,98.5,20,0,true,83.9,2.32,above,0,0.45,14781,15745,-0.15,10.78,4.74,1.88,1.15,,,,,15170,14630,15745,16465,0.24,نقدشوندگی پایین | اشباع خرید | فاصله زیاد از MA20 | بدون EPS مثبت | سهم صفی: 20 روز از ۲۰ روز در صف (ریسک نقدشوندگی و اجرای حد ضرر) | رشد عمودی (98٪ در ۶۰ روز، 49٪ بالای MA50) | 88٪ بالای MA200 | نقدشوندگی کمتر از ۱۰ میلیارد تومان
آریا,پلیمر آریا ساسول,محصولات شیمیایی,51.9,خنثی,100,60,23.6,16,51240,20261005,4.8,49.5,59,11.6,17.3,43.9,61.3,87,4,0,true,67.6,3.2,above,-0.5,0.93,42434,,-166.67,22.2,1.09,-109.95,110.32,4878,10.5,8.01,31.1,49602,47963,56155,59432,1.5,اشباع خرید | فاصله زیاد از MA20 | رشد عمودی (59٪ در ۶۰ روز، 44٪ بالای MA50) | 61٪ بالای MA200
ارفع,شرکت آهن و فولاد ارفع,فلزات اساسی,51.9,خنثی,100,50,0.5,47,14780,20261005,2.4,36.6,81,33.6,8.3,27.4,137,70.1,11,0,false,51.2,3.06,above,-3.9,0.85,13740,14980,-104.76,-1.66,0.59,-122.25,63.22,1926,7.67,8.05,-4.7,14327,13648,14980,15886,0.18,سهم صفی: 11 روز از ۲۰ روز در صف (ریسک نقدشوندگی و اجرای حد ضرر) | 137٪ بالای MA200 | سرانه خرید ضعیف (0.59) | حد ضرر دور (7.7٪)
غفارس,شیر پاستوریزه پگاه فارس,محصولات غذایی و آشامیدنی به جز قند و شکر,51.9,خنثی,100,70,22.5,9,34520,20261005,13.8,43.5,201.7,154.4,18.5,54.5,203.4,88.5,12,0,true,74.6,2.75,above,-0.7,0.92,29560,,-7.24,-3.7,1.85,-15.18,15.44,1963,17.59,7.05,149.4,33571,32622,37367,39266,1.5,اشباع خرید | فاصله زیاد از MA20 | سهم صفی: 12 روز از ۲۰ روز در صف (ریسک نقدشوندگی و اجرای حد ضرر) | رشد عمودی (202٪ در ۶۰ روز، 55٪ بالای MA50) | 203٪ بالای MA200
ودانا,سرمایه گذاری دانایان,سرمایه گذاریها,51.9,خنثی,100,63,35,42,5550,20261005,1.1,16.9,44.3,-3.1,2.9,18.1,25,64.7,6,1,false,49.4,3.34,above,-15.6,0.69,5450,5923,0,0,1.61,1.33,1.74,487,11.4,,,5450,5357,5923,6040,1.93,نقدشوندگی پایین | سهم صفی: 6 روز از ۲۰ روز در صف (ریسک نقدشوندگی و اجرای حد ضرر) | نقدشوندگی کمتر از ۱۰ میلیارد تومان | صف فروش در ۵ روز اخیر
حتوکا,حمل‌ونقل‌توکا,حمل ونقل، انبارداری و ارتباطات,51.8,خنثی,90,45,1,62,2615,20261005,-2.1,6.8,30.7,-16.7,-0.4,12,33.9,55.7,1,0,false,40.7,3.94,above,-7.9,0.89,2576,2727,-16.24,-35.56,0.72,-13.61,12.41,320,8.17,19.33,-57.7,2576,2524,2727,2840,1.24,خروج مستمر پول حقیقی | سرانه خرید ضعیف (0.72)
بموتو,موتوژن‌,ماشین آلات و دستگاه‌های برقی,51.7,خنثی,95,73,0.5,34,3760,20261005,12.6,2.5,44.9,-2.4,9,19.6,67.2,71.1,1,0,true,37.8,3.32,above,-3.3,1.01,3150,3890,-24.59,-4.83,0.76,-11.5,11.39,484,7.77,6.15,26.3,3635,3510,3890,4140,0.52,67٪ بالای MA200 | سرانه خرید ضعیف (0.76) | شناوری کم (14٪)
امین,تامین سرمایه امین,فعالیتهای کمکی به نهادهای مالی واسط,51.6,خنثی,100,55,35.5,47,2803,20261005,3.2,9.8,29.6,-17.8,2.2,10.1,33.1,61.8,0,0,false,28.4,2.86,above,-2.6,0.94,2606,2877,-3.35,-11.41,7.5,4.17,1.9,469,5.98,5.92,1,2723,2602,2877,3037,0.37,نقدشوندگی پایین | واگرایی منفی RSI | خروج مستمر پول حقیقی | واگرایی منفی | حد ضرر دور (7.2٪) | نقدشوندگی کمتر از ۱۰ میلیارد تومان | شناوری کم (10٪)
کمرجان,بازرگانی و تولیدی مرجان کار,سایر محصولات کانی غیرفلزی,51.6,خنثی,95,55,29.3,19,4730,20261005,2.8,9.2,6,-41.3,2,11.1,38.8,59.1,2,0,false,25.7,3.31,above,-10.2,0.82,4630,5180,-0.97,-10.45,1.29,5.1,8.09,299,15.82,10.33,53.1,4630,4552,5180,5268,2.53,خروج مستمر پول حقیقی | نقدشوندگی کمتر از ۱۰ میلیارد تومان
گدنا,تهیه توزیع غذای دنا آفرین فدک,هتل و رستوران,51.5,خنثی,85,30,36,44,6670,20261005,-1.3,-4.2,30.7,-16.7,-5,3.4,24.5,47.2,2,0,false,25.5,3.46,above,-15.6,1.36,6500,7005,-18.84,-24.3,2.19,45.83,17.8,1145,5.83,4.69,24.2,6500,6385,7005,7190,1.17,خروج مستمر پول حقیقی
وکار,بانک‌ کارآفرین‌,بانکها و موسسات اعتباری,51.5,خنثی,100,60,22,16,6410,20261005,5.8,7.2,103.5,56.1,3.3,27.2,119.3,71.1,1,0,false,51.6,3.08,above,-2,0.75,6030,6540,-51.11,-290.72,2.07,-40.07,36.14,650,9.86,5.4,82.6,6212,5931,6540,6935,0.27,خروج مستمر پول حقیقی | رشد عمودی (103٪ در ۶۰ روز، 27٪ بالای MA50) | 119٪ بالای MA200 | حد ضرر دور (7.5٪)
کگاز,شیشه‌ و گاز,سایر محصولات کانی غیرفلزی,51.5,خنثی,70,45,26,60,49680,20261005,-2.9,8,24.2,-23.1,-3.8,10.7,48.4,51.9,4,0,false,32.9,3.85,above,-14.3,0.66,47264,57980,-0.5,93.77,0.79,-13.16,17.96,5055,9.83,12.75,-22.9,47766,46307,57980,61808,2.46,توزیع: ورود حقیقی با سرانه خرید ضعیف (0.64 در ۲۰ روز) | 160٪ بالای کف ۵۲ هفته | سرانه خرید ضعیف (0.79)
سفارود,کارخانه فارسیت درود,سایر محصولات کانی غیرفلزی,51.5,خنثی,100,70,60,10,14680,20261005,10.2,47.2,114.9,67.5,19.5,51.3,101.8,98.3,17,0,true,90.2,1.66,above,0,0.18,7653,,0,30.88,4.82,2.1,2.39,,,,,14437,14193,15410,15896,1.5,نقدشوندگی پایین | اشباع خرید | فاصله زیاد از MA20 | بدون EPS مثبت | سهم صفی: 17 روز از ۲۰ روز در صف (ریسک نقدشوندگی و اجرای حد ضرر) | رشد عمودی (115٪ در ۶۰ روز، 51٪ بالای MA50) | 102٪ بالای MA200 | نقدشوندگی کمتر از ۱۰ میلیارد تومان
سمتاز,سیمان ممتازان کرمان,سیمان، آهک و گچ,51.5,خنثی,90,45,27.9,34,63220,20261005,-1.8,4.4,10,-37.3,-1.8,7.6,66.3,53.3,1,0,false,27.1,3.21,above,-9.7,0.75,59740,66250,-1.18,3.75,0.88,-1.7,3.26,8478,7.46,6.69,11.5,61188,58724,66250,70000,0.67,توزیع: ورود حقیقی با سرانه خرید ضعیف (0.74 در ۲۰ روز) | 66٪ بالای MA200 | حد ضرر دور (7.1٪) | نقدشوندگی کمتر از ۱۰ میلیارد تومان
فروس,فروسیلیس‌ ایران‌,فلزات اساسی,51.5,خنثی,85,38,1.5,72,3960,20261005,-4.3,2.9,38.5,-8.8,-6.5,9.7,51.5,49.8,10,0,false,37,3.23,above,-17.8,1.13,3335,4000,-1.45,-28.85,0.73,-10.94,8.66,440,9,13.48,-33.2,3832,3704,4000,4260,0.16,خروج مستمر پول حقیقی | سهم صفی: 10 روز از ۲۰ روز در صف (ریسک نقدشوندگی و اجرای حد ضرر) | 51٪ بالای MA200 | سرانه خرید ضعیف (0.73) | نقدشوندگی کمتر از ۱۰ میلیارد تومان
دبالک,مواد اولیه دارویی البرز بالک,مواد و محصولات دارویی,51.4,خنثی,95,75,22.5,9,16620,20261005,6,0.6,174.3,126.9,3.2,26.4,152.1,64.4,9,0,false,42.5,3.2,above,-7.9,0.79,14460,18040,-18.82,-151.36,2.27,-18.67,57.99,1079,15.4,8.86,73.9,16089,15557,18040,19103,1.34,خروج مستمر پول حقیقی | سهم صفی: 9 روز از ۲۰ روز در صف (ریسک نقدشوندگی و اجرای حد ضرر) | رشد عمودی (174٪ در ۶۰ روز، 26٪ بالای MA50) | 152٪ بالای MA200
شصدف,صنعتی دوده فام,محصولات شیمیایی,51.4,خنثی,85,40,1.5,70,16680,20261005,-11.1,-6.7,55.1,7.7,-6.8,3.3,38.2,43.9,2,0,false,41.3,3.91,above,-15.5,1.26,16300,17140,-37.38,-53.62,0.56,-58.55,30.59,2572,6.49,8.01,-19,16300,15974,17140,18400,0.65,خروج مستمر پول حقیقی | سرانه خرید ضعیف (0.56)
غپینو,پارس‌ مینو,محصولات غذایی و آشامیدنی به جز قند و شکر,51.3,خنثی,90,45,1,60,2019,20261005,-1.4,7,18.3,-29,-1.3,7.3,76.5,52.6,3,0,false,40.4,3.82,above,-9.8,1.68,1983,2239,-58.96,-91.58,0.49,-160.01,56.67,275,7.34,8.53,-13.9,1983,1944,2239,2393,2.95,خروج مستمر پول حقیقی | 77٪ بالای MA200 | سرانه خرید ضعیف (0.49)
وامید,گروه مدیریت سرمایه گذاری امید,شرکتهای چند رشته ای صنعتی,51.3,خنثی,90,45,1,60,5780,20261005,-4.8,2.1,0.8,-46.5,-1.7,7.2,21.3,50.6,0,0,false,28.6,2.85,above,-11.1,0.71,5644,6105,-47.82,-250.25,0.48,-53.42,43,638,9.06,10.88,-16.7,5644,5561,6105,6220,1.49,واگرایی منفی RSI | خروج مستمر پول حقیقی | سرانه خرید ضعیف (0.48) | واگرایی منفی | شناوری کم (6٪)
بتیس,بیمه زندگی ایساتیس,بیمه وصندوق بازنشستگی به جزتامین اجتماعی,51.2,خنثی,85,40,28.6,42,3320,20261005,-7.3,-3.5,84,36.7,-7,2.8,,44.5,1,0,false,39.3,3.81,above,-13.8,0.79,3170,3445,-3.55,-10.4,1.26,1.29,4.17,385,8.62,,,3194,3107,3445,3510,0.59,خروج مستمر پول حقیقی | نقدشوندگی کمتر از ۱۰ میلیارد تومان
تاپیکو,س. نفت و گاز و پتروشیمی تأمین,محصولات شیمیایی,51.1,خنثی,100,75,15.3,9,50520,20261005,2.6,37.1,96.8,49.4,11.3,39.2,119.3,71.8,7,0,true,60.1,3.08,above,-6.1,1.29,38039,,-144.76,-49.91,0.89,-634.01,395.26,3439,14.69,9.63,52.5,48966,47412,55181,58289,1.5,واگرایی منفی RSI | سهم صفی: 7 روز از ۲۰ روز در صف (ریسک نقدشوندگی و اجرای حد ضرر) | رشد عمودی (97٪ در ۶۰ روز، 39٪ بالای MA50) | 119٪ بالای MA200 | واگرایی منفی | شناوری کم (11٪)
کیانا,گروه مالی کیان,سرمایه گذاریها,51,خنثی,65,50,52,34,7330,20261005,-2.1,-11.9,60.7,13.3,-8.4,3.7,95.8,44,2,0,false,35.2,3.31,above,-20.5,0.71,7150,7710,-1.28,3.18,3.11,9.15,5.37,804,9.12,7.13,27.9,7150,7029,7710,8280,1.26,96٪ بالای MA200 | نقدشوندگی کمتر از ۱۰ میلیارد تومان | شناوری کم (9٪)
غبهنوش,بهنوش‌ ایران‌,محصولات غذایی و آشامیدنی به جز قند و شکر,51,خنثی,100,65,27.9,4,94730,20261005,12.4,31.4,24.7,-22.6,17.3,17.9,32.1,74.7,2,0,true,27.5,3.06,above,-8,0.91,90023,97150,-18.48,-31.77,1.28,6.95,17.48,1714,55.27,8.53,547.9,91828,88571,97150,100805,0.39,فاصله زیاد از MA20 | خروج مستمر پول حقیقی | P/E بالا (55)
فخوز,فولاد  خوزستان,فلزات اساسی,50.9,خنثی,100,65,1.5,30,3110,20261005,-0.1,24.9,54.3,7,4.6,29.6,85.2,67.1,10,1,false,43.9,3.37,above,-5.8,1.02,2870,3302,-630.49,-136.06,0.53,-751.82,445.44,222,14.01,13.48,3.9,3005,2848,3302,3512,0.73,واگرایی منفی RSI | سهم صفی: 10 روز از ۲۰ روز در صف (ریسک نقدشوندگی و اجرای حد ضرر) | 85٪ بالای MA200 | سرانه خرید ضعیف (0.53) | واگرایی منفی | حد ضرر دور (8.4٪) | صف فروش در ۵ روز اخیر
غشهد,شهد ایران ‌,محصولات غذایی و آشامیدنی به جز قند و شکر,50.9,خنثی,80,45,1.5,70,9470,20261005,-3.8,14.6,34.5,-12.8,0.1,12.1,46.5,56.3,7,0,false,22.2,3.56,above,-11.1,1.31,8380,10650,-7.59,-1.91,0.71,-26.8,8.69,1466,6.46,8.53,-24.3,9133,8796,10650,11324,1.75,سهم صفی: 7 روز از ۲۰ روز در صف (ریسک نقدشوندگی و اجرای حد ضرر) | سرانه خرید ضعیف (0.71) | حد ضرر دور (7.1٪) | نقدشوندگی کمتر از ۱۰ میلیارد تومان
وگستر,گسترش سرمایه گذاری ایرانیان,سرمایه گذاریها,50.8,خنثی,100,90,1,10,11230,20261005,-2.3,28.3,102.3,55,5.7,20,68.3,63.1,4,1,true,54.9,3.41,above,-9.3,0.95,10870,,-26.74,-45.78,0.78,-16.92,13.06,,,8.73,,10870,10678,12380,13147,2.08,خروج مستمر پول حقیقی | بدون EPS مثبت | رشد عمودی (102٪ در ۶۰ روز، 20٪ بالای MA50) | 68٪ بالای MA200 | سرانه خرید ضعیف (0.78) | صف فروش در ۵ روز اخیر
همراه,شرکت ارتباطات سیار ایران,مخابرات,50.7,خنثی,85,65,12,37,9520,20261005,-1,-3.9,78.6,31.3,-2.1,9.3,80.6,52.8,0,0,false,29.6,3.55,above,-9.8,0.71,9300,10495,-19.75,-213.79,1.24,-13.07,33.94,1086,8.77,8.37,4.7,9300,9131,10495,11171,2.51,واگرایی منفی RSI | خروج مستمر پول حقیقی | 81٪ بالای MA200 | واگرایی منفی | شناوری کم (11٪)
ولقمان,گروه سرمایه گذاری لقمان,سرمایه گذاریها,50.7,خنثی,100,58,71.5,25,4060,20260930,10.7,23.7,40.8,-6.6,11.4,27.4,65.4,93.5,5,0,true,68.7,1.74,above,-0.2,1.2,3760,,0.59,-1.24,3.4,0.86,0.31,243,16.71,,,3989,3919,4272,4413,1.5,نقدشوندگی پایین | اشباع خرید | خروج مستمر پول حقیقی | 65٪ بالای MA200 | نقدشوندگی کمتر از ۱۰ میلیارد تومان | آخرین معامله 20260930 (متوقف یا کم‌معامله)
شپدیس,پتروشیمی پردیس,محصولات شیمیایی,50.7,خنثی,56,20,27.5,92,11960,20261005,-7.9,-5.3,-8.9,-56.3,-7.1,1.7,11.4,42.6,1,0,false,32.7,3.7,inside,-26.4,0.66,11400,12340,-20.34,739.86,0.54,-678.7,657.74,1879,6.37,9.63,-33.9,11517,11178,12340,12540,0.49,توزیع: ورود حقیقی با سرانه خرید ضعیف (0.61 در ۲۰ روز) | سرانه خرید ضعیف (0.54)
شلرد,کود شیمیایی اوره لردگان,محصولات شیمیایی,50.6,خنثی,100,55,28.6,10,3710,20261005,-1.3,39.5,35.9,-11.4,10.1,37,104.6,74,10,1,true,50.9,3.03,above,-6.3,1.01,3160,3960,-33.99,133.19,0.8,-49.05,58.22,,,,,3598,3485,3960,4185,1.11,بدون EPS مثبت | سهم صفی: 10 روز از ۲۰ روز در صف (ریسک نقدشوندگی و اجرای حد ضرر) | رشد عمودی (36٪ در ۶۰ روز، 37٪ بالای MA50) | 105٪ بالای MA200 | صف فروش در ۵ روز اخیر
سپیدار,سپیدار سیستم آسیا,رایانه و فعالیت‌های وابسته به آن,50.5,خنثی,100,45,37,9,10230,20261005,0.9,9.8,21.6,-25.8,1.8,11.5,45.4,58.1,2,0,false,31.7,3.08,above,-4.7,0.89,9397,10675,-3.37,-4.96,4.98,20.04,7.43,830,12.33,8.89,38.6,9915,9443,10675,11305,0.57,حد ضرر دور (7.7٪) | نقدشوندگی کمتر از ۱۰ میلیارد تومان
نیشکر,توسعه نیشکر و  صنایع جانبی,قند و شکر,50.3,خنثی,85,30,48,47,62730,20261004,2.6,-2.9,27,-20.4,-3.2,2.8,15.9,49.4,2,0,false,26.8,3.95,above,-11,1.32,61094,,-1.67,-12.62,12.45,17.18,11.06,6371,9.85,9.57,2.9,61094,59856,70162,75116,2.59,خروج مستمر پول حقیقی | آخرین معامله 20261004 (متوقف یا کم‌معامله)
ما,بیمه  ما,بیمه وصندوق بازنشستگی به جزتامین اجتماعی,50.1,خنثی,85,53,1,55,3740,20261005,-4.8,2.5,40.8,-6.6,-2.8,8.4,47.7,52.2,4,0,false,36.8,3.25,above,-9.4,0.92,3680,3930,-3.54,-12.97,0.74,-6.76,4.38,755,4.95,4.59,7.9,3680,3619,3930,4130,1.57,خروج مستمر پول حقیقی | سرانه خرید ضعیف (0.74) | نقدشوندگی کمتر از ۱۰ میلیارد تومان
ومعلم,بیمه معلم,بیمه وصندوق بازنشستگی به جزتامین اجتماعی,50.1,خنثی,90,53,79.9,10,3310,20261005,-1.5,1,38.1,-9.2,-0.9,8,16.4,54.5,3,2,false,22.7,3.55,above,-8.3,0.69,3270,3410,0.21,3.52,1.34,0.12,2.82,,,18.13,,3270,3211,3410,3531,1.01,نقدشوندگی پایین | بدون EPS مثبت | نقدشوندگی کمتر از ۱۰ میلیارد تومان | صف فروش در ۵ روز اخیر
سبهان,سیمان‌ بهبهان‌,سیمان، آهک و گچ,50.1,خنثی,64,20,27.5,80,5710,20261005,-5,-11.3,1.1,-46.3,-5.1,0.4,30.9,45.1,1,0,false,17.5,3.64,inside,-26.2,1.59,5487,5770,0.56,-4.43,0.61,-29.8,12.58,989,5.77,7.14,-19.1,5502,5383,5770,6130,0.18,سرانه خرید ضعیف (0.61)
غپآذر,شیر پگاه آذربایجان شرقی,محصولات غذایی و آشامیدنی به جز قند و شکر,49.9,خنثی,100,70,7.8,16,33050,20261005,9.3,30.7,143.7,96.4,15.2,42.9,138.7,83.1,4,0,true,61.3,3.39,above,-0.1,1,26280,,-20.15,-22.86,1.01,-16.2,21.31,3220,10.26,7.05,45.6,31929,30808,36413,38655,1.5,اشباع خرید | فاصله زیاد از MA20 | خروج مستمر پول حقیقی | رشد عمودی (144٪ در ۶۰ روز، 43٪ بالای MA50) | 139٪ بالای MA200
ورنا,سرمایه‌گذاری‌ رنا(هلدینگ‌,خودرو و ساخت قطعات,49.9,خنثی,85,45,41.6,20,7240,20261005,-0.7,-6.3,32.8,-14.5,-3.2,10.2,46.4,51.7,1,0,false,36.5,3.71,above,-9.4,0.62,6995,7975,0.81,-146.23,1.42,-19.44,105.03,218,33.21,,,6995,6861,7975,8512,1.94,واگرایی منفی RSI | خروج مستمر پول حقیقی | P/E بالا (33) | 157٪ بالای کف ۵۲ هفته | واگرایی منفی
وآذر,سرمایه‌گذاری‌توسعه‌آذربایجان‌,انبوه سازی، املاک و مستغلات,49.9,خنثی,100,53,27,10,7450,20261005,0.1,2.5,42.7,-4.6,3,16.5,56.5,61.3,1,0,false,24.5,3.78,above,-5.1,0.94,6570,7650,-4.72,-18.04,1.22,0.45,12.63,,,6.61,,7168,6887,7650,7850,0.36,واگرایی منفی RSI | خروج مستمر پول حقیقی | بدون EPS مثبت | 57٪ بالای MA200 | واگرایی منفی | حد ضرر دور (7.6٪)
شگویا,پتروشیمی تندگویان,محصولات شیمیایی,49.8,خنثی,100,60,22,9,14040,20261005,5.5,44,57.4,10.1,14.3,42.8,92,81.1,12,0,true,45.9,2.92,above,-1.2,0.76,11270,,-82.77,-63.48,7.99,-2.45,108.62,1099,12.78,8.01,59.5,13630,13221,15269,16088,1.5,اشباع خرید | سهم صفی: 12 روز از ۲۰ روز در صف (ریسک نقدشوندگی و اجرای حد ضرر) | رشد عمودی (57٪ در ۶۰ روز، 43٪ بالای MA50) | 92٪ بالای MA200
خبازرس,بازرسی مهندسی و صنعتی ایران,فعالیت مهندسی، تجزیه، تحلیل و آزمایش فنی,49.4,خنثی,95,75,31.7,32,30830,20261005,7.8,5.8,81.5,34.1,2.6,14.4,82.5,60.7,1,0,false,33.4,3.84,above,-9.6,1.09,30064,31930,-1.82,-2.76,1.47,0.42,1.26,2944,10.47,,,30064,29473,31930,34102,0.81,نقدشوندگی پایین | خروج مستمر پول حقیقی | 83٪ بالای MA200 | نقدشوندگی کمتر از ۱۰ میلیارد تومان
گکوثر,هتل پارسیان کوثر اصفهان,هتل و رستوران,49.3,خنثی,100,70,37.1,4,6820,20261004,14.2,59.3,101.8,54.4,26.8,65.7,132.7,96,5,0,true,83.2,2.32,above,0,0.83,4660,,0.69,-0.34,1.16,-2.62,14.29,257,26.54,4.69,465.8,6662,6503,7295,7612,1.5,اشباع خرید | فاصله زیاد از MA20 | رشد عمودی (102٪ در ۶۰ روز، 66٪ بالای MA50) | 133٪ بالای MA200 | آخرین معامله 20261004 (متوقف یا کم‌معامله)
بتک,کارخانجات کابل سازی‌ تک‌,ماشین آلات و دستگاه‌های برقی,49.1,خنثی,100,58,50.2,20,251900,20261005,3.8,11.3,44.3,-3,7.1,17.7,30.5,80.8,4,0,true,46.1,2.25,above,-2.1,1.4,241708,,0,0.15,1.21,0.64,0.45,260,968.85,,,246229,238872,268914,280256,1.31,نقدشوندگی پایین | اشباع خرید | P/E بالا (969) | نقدشوندگی کمتر از ۱۰ میلیارد تومان
فجوش,جوش‌ و اکسیژن‌ ایران‌,ساخت محصولات فلزی,49.1,خنثی,100,70,50.5,10,5470,20261005,6.2,21.6,139,91.7,11.7,32.9,141.5,93.3,10,0,true,68.7,1.96,above,0,0.63,4630,,0,0.08,1.83,0.57,0.8,,,,,5363,5256,5791,6005,1.5,نقدشوندگی پایین | اشباع خرید | بدون EPS مثبت | سهم صفی: 10 روز از ۲۰ روز در صف (ریسک نقدشوندگی و اجرای حد ضرر) | رشد عمودی (139٪ در ۶۰ روز، 33٪ بالای MA50) | 142٪ بالای MA200 | نقدشوندگی کمتر از ۱۰ میلیارد تومان
خکاوه,سایپا دیزل,خودرو و ساخت قطعات,49.1,خنثی,65,50,43.3,35,859,20261005,-1.3,-7.1,66.8,19.4,-4.2,0.5,23.7,46.3,0,0,false,25.6,3.91,above,-13.2,1.28,796,869,9.67,1.54,0.83,-60.22,60.29,53,16.21,,,825,779,869,891,0.13,واگرایی منفی RSI | توزیع: ورود حقیقی با سرانه خرید ضعیف (0.88 در ۲۰ روز) | واگرایی منفی | حد ضرر دور (9.3٪)
نوری,پتروشیمی نوری,محصولات شیمیایی,49,خنثی,100,65,15,9,47470,20261005,-5,25.4,51,3.6,1,24.1,59.8,59.7,6,0,false,54.2,3.25,above,-8.3,0.72,38485,51515,-547.47,64.05,0.6,-677.15,542.35,3744,12.68,9.63,31.7,45925,44380,51515,54605,1.31,سهم صفی: 6 روز از ۲۰ روز در صف (ریسک نقدشوندگی و اجرای حد ضرر) | توزیع: ورود حقیقی با سرانه خرید ضعیف (0.68 در ۲۰ روز) | 60٪ بالای MA200 | سرانه خرید ضعیف (0.60) | شناوری کم (9٪)
پسهند,صنایع‌ لاستیکی‌  سهند,لاستیک و پلاستیک,48.9,خنثی,100,35,28.5,19,23310,20261005,-2.5,-0.5,30.6,-16.8,0.5,8.9,22.9,54.2,1,0,false,27,3.57,above,-14.3,0.76,22411,24110,-5.89,8.74,0.88,-6.25,6.3,1468,15.88,8.21,93.4,22478,21995,24110,24580,0.61,توزیع: ورود حقیقی با سرانه خرید ضعیف (0.87 در ۲۰ روز) | نقدشوندگی کمتر از ۱۰ میلیارد تومان
فبستم,صنایع ‌بسته‌بندی‌ مشهد,ساخت محصولات فلزی,48.9,خنثی,65,30,63.5,30,16640,20261005,1.2,-3.5,20,-27.4,-3.5,3,8.3,49.9,1,0,false,21.8,4.3,above,-15.3,2.73,16285,17119,3.87,7.27,0.41,-23.43,3.35,396,42.02,,,16285,15926,17119,17581,0.67,P/E بالا (42) | توزیع: ورود حقیقی با سرانه خرید ضعیف (0.55 در ۲۰ روز) | سرانه خرید ضعیف (0.41) | نقدشوندگی کمتر از ۱۰ میلیارد تومان
شفن,پتروشیمی فناوران,محصولات شیمیایی,48.8,خنثی,100,65,19.2,4,7690,20261005,0.4,26.5,86.3,38.9,6.6,29.8,57.7,67.9,4,1,false,57.8,3.06,above,-4.9,1.05,7430,8090,-54.46,5.04,0.89,-45.19,32.76,284,27.08,9.63,181.2,7455,7313,8090,8560,1.06,58٪ بالای MA200 | صف فروش در ۵ روز اخیر
فبیرا,بسته‌ بندی‌ ایران‌,ساخت محصولات فلزی,48.8,خنثی,85,60,50,35,2350,20261005,0,3.3,78.7,31.4,-3.8,6.3,69.9,50,8,0,false,36.5,3.7,above,-15.6,1.05,2213,2711,0,0.07,1.64,3.51,2.27,155,15.16,,,2263,2169,2711,2786,2,نقدشوندگی پایین | واگرایی منفی RSI | سهم صفی: 8 روز از ۲۰ روز در صف (ریسک نقدشوندگی و اجرای حد ضرر) | 70٪ بالای MA200 | واگرایی منفی | حد ضرر دور (7.7٪) | نقدشوندگی کمتر از ۱۰ میلیارد تومان
وبیمه,سرمایه‌ گذاری‌ صنعت‌ بیمه‌,سرمایه گذاریها,48.6,خنثی,90,50,27.5,19,2890,20261005,-8.8,3.7,95.3,47.9,-8.4,12.3,79.2,47.4,8,2,false,54.3,3.52,above,-17.9,0.8,2106,,1.14,-0.77,0.46,-11.57,8.45,188,15.37,7.13,115.6,2788,2687,3195,3398,1.5,سهم صفی: 8 روز از ۲۰ روز در صف (ریسک نقدشوندگی و اجرای حد ضرر) | 79٪ بالای MA200 | سرانه خرید ضعیف (0.46) | حد ضرر دور (7.0٪) | نقدشوندگی کمتر از ۱۰ میلیارد تومان | شناوری کم (12٪) | صف فروش در ۵ روز اخیر
وسنا,سرمایه گذاری نیروگاهی ایران,سرمایه گذاریها,48.6,خنثی,100,65,2.5,20,49290,20261005,-4.1,38.1,149.5,102.2,7.7,45.3,149.4,70,11,2,false,85.7,3.03,above,-9.3,1.5,24074,54370,-38.45,-64.61,0.42,-75.07,19.67,998,49.39,,,47798,46306,54370,57354,1.7,خروج مستمر پول حقیقی | سهم صفی: 11 روز از ۲۰ روز در صف (ریسک نقدشوندگی و اجرای حد ضرر) | رشد عمودی (150٪ در ۶۰ روز، 45٪ بالای MA50) | P/E بالا (49) | 149٪ بالای MA200 | سرانه خرید ضعیف (0.42) | صف فروش در ۵ روز اخیر
ثشرق,سرمایه گذاری مسکن شمال شرق,انبوه سازی، املاک و مستغلات,48.6,خنثی,56,65,51,24,6060,20261005,15.4,50.8,-5.6,-52.9,26.3,19,-43.7,77.6,12,0,true,37.7,2.68,inside,-64.8,1.13,5613,6306,-0.17,0.22,2.62,21.86,11.88,238,25.46,6.61,285.2,5897,5654,6306,6433,0.61,فاصله زیاد از MA20 | سهم صفی: 12 روز از ۲۰ روز در صف (ریسک نقدشوندگی و اجرای حد ضرر) | توزیع: ورود حقیقی با سرانه خرید ضعیف (0.90 در ۲۰ روز)
لکما,کارخانجات‌مخابراتی‌ایران‌,ساخت دستگاه‌ها و وسایل ارتباطی,48.5,خنثی,90,50,36,10,1520,20261005,9,28.3,34,-13.3,14.1,30.9,30.9,94,8,0,true,48.9,2.15,above,-5.9,1.05,1500,1562,-5.79,-4.1,1.71,3.35,4.71,,,,,1500,1484,1562,1615,1.16,اشباع خرید | بدون EPS مثبت | سهم صفی: 8 روز از ۲۰ روز در صف (ریسک نقدشوندگی و اجرای حد ضرر) | رشد عمودی (34٪ در ۶۰ روز، 31٪ بالای MA50) | نقدشوندگی کمتر از ۱۰ میلیارد تومان
رنیک,جنرال مکانیک,خدمات فنی و مهندسی,48.5,خنثی,73,55,36.4,26,12880,20261005,3.7,1.7,26.2,-21.2,1.3,7,1.6,56.9,2,0,false,17.9,3.43,above,-24.2,0.81,12590,13130,-6.99,126.45,1.11,-2.22,22.82,1608,8.01,2.41,232.4,12590,12369,13130,13530,0.49,
پدرخش,درخشان‌ تهران‌,لاستیک و پلاستیک,48.5,خنثی,85,55,21.9,26,6210,20261005,-0.6,2.6,29.5,-17.8,-4.4,8.4,50.1,51.7,4,0,false,27,3.65,above,-16,1.15,6040,7390,-1.73,3.92,1.02,-8.13,11.35,534,11.63,8.21,41.6,6040,5927,7390,7844,4.16,توزیع: ورود حقیقی با سرانه خرید ضعیف (0.83 در ۲۰ روز) | 50٪ بالای MA200
فالوم,آلومتک,فلزات اساسی,48.4,خنثی,100,45,27.5,10,1422,20261005,-7.7,30.7,35,-12.4,2.1,23.3,23.7,59.8,12,1,false,42.1,2.9,above,-28.5,1.46,1396,1551,-1.05,19.8,0.73,-20.78,13.62,,,8.05,,1396,1375,1551,1848,2.75,بدون EPS مثبت | سهم صفی: 12 روز از ۲۰ روز در صف (ریسک نقدشوندگی و اجرای حد ضرر) | توزیع: ورود حقیقی با سرانه خرید ضعیف (0.76 در ۲۰ روز) | سرانه خرید ضعیف (0.73) | صف فروش در ۵ روز اخیر
ساراب,سیمان‌ داراب‌,سیمان، آهک و گچ,48.4,خنثی,85,40,2.5,57,16990,20261005,-5.7,-4.8,55.5,8.1,-7.7,2.3,39.3,44.5,5,0,false,26.6,3.02,above,-17.8,0.53,14873,17508,-0.41,-21.93,0.7,-3.78,4.49,2361,7.2,7.14,0.8,16476,15963,17508,18370,0.5,خروج مستمر پول حقیقی | سرانه خرید ضعیف (0.70) | نقدشوندگی کمتر از ۱۰ میلیارد تومان
ساروج,بین المللی ساروج بوشهر,سیمان، آهک و گچ,48.2,خنثی,64,45,2,78,57810,20261005,-1.9,2.3,-4.4,-51.8,-1.1,1.3,9.6,50.6,1,0,false,13.6,3.35,inside,-17.2,1.06,55712,59320,-4.56,-0.76,0.75,-7.38,4.86,11890,4.86,6.69,-27.3,55872,54743,59320,61211,0.49,بدون روند (ADX پایین) | سرانه خرید ضعیف (0.75) | نقدشوندگی کمتر از ۱۰ میلیارد تومان
زشریف,کشت وصنعت شریف آباد,زراعت و خدمات وابسته,48,خنثی,90,45,1,47,18510,20261005,-3.8,2.8,18.7,-28.7,-1.3,5.7,64.1,50.7,4,0,false,25.5,3.56,above,-9.3,1.04,17357,19230,-22.01,-48.15,0.77,-19.67,10.98,2402,7.71,8.07,-4.5,17851,17027,19230,20350,0.49,خروج مستمر پول حقیقی | 64٪ بالای MA200 | سرانه خرید ضعیف (0.77) | حد ضرر دور (8.0٪)
اوان,مبین وان کیش,اطلاعات و ارتباطات,47.8,خنثی,85,53,32.9,14,14500,20261005,-1.6,-4.2,40.6,-6.7,-0.1,11.4,78.7,56.3,0,0,false,27.7,3.78,above,-11.9,0.9,13640,14800,0.14,-8.68,1.06,-0.95,7.88,8,1812.5,11.65,15457.9,13952,13366,14800,16460,0.26,خروج مستمر پول حقیقی | P/E بالا (1813) | 79٪ بالای MA200 | حد ضرر دور (7.8٪) | نقدشوندگی کمتر از ۱۰ میلیارد تومان
ومهان,گروه توسعه مالی مهرآیندگان,سرمایه گذاریها,47.8,خنثی,85,65,21,16,5740,20261005,1.6,-1.7,53.5,6.1,-0.5,12.2,51.2,55.4,6,0,false,32.3,3.26,above,-9.5,0.73,5500,5913,-38.94,-328.36,2.41,-45.95,73.56,532,10.79,7.13,51.3,5553,5406,5913,6340,0.52,واگرایی منفی RSI | خروج مستمر پول حقیقی | سهم صفی: 6 روز از ۲۰ روز در صف (ریسک نقدشوندگی و اجرای حد ضرر) | 51٪ بالای MA200 | واگرایی منفی | شناوری کم (10٪)
سباقر,سیمان باقران,سیمان، آهک و گچ,47.8,خنثی,100,65,3,16,390200,20261005,-1,11.8,97.1,49.7,1.7,23.4,154.9,61.2,8,0,false,53.7,3.3,above,-7.3,1.33,344000,409000,-67.19,-78.12,0.62,-342.81,101.24,44486,8.77,6.69,31.1,377339,364477,409000,434723,0.73,سهم صفی: 8 روز از ۲۰ روز در صف (ریسک نقدشوندگی و اجرای حد ضرر) | 155٪ بالای MA200 | سرانه خرید ضعیف (0.62)
قیستو,شرکت قند بیستون,قند و شکر,47.8,خنثی,90,65,1,30,50230,20261005,-7.1,18.5,107.5,60.1,-1.1,22.9,88.2,57.7,3,2,false,67.5,3.89,above,-12,0.34,48710,57050,-3.79,-23.32,0.74,-0.93,7.71,2437,20.61,,,48710,47733,57050,60958,2.73,واگرایی منفی RSI | خروج مستمر پول حقیقی | رشد عمودی (107٪ در ۶۰ روز، 23٪ بالای MA50) | 88٪ بالای MA200 | سرانه خرید ضعیف (0.74) | واگرایی منفی | نقدشوندگی کمتر از ۱۰ میلیارد تومان | صف فروش در ۵ روز اخیر
معیار,سرمایه گذاری معیار صنعت پارس,سرمایه گذاریها,47.8,خنثی,100,70,35,20,3236,20261005,12.7,26.9,76.2,28.8,19.5,31.1,54.5,83.4,5,0,true,44.2,3.02,above,0,1.18,3176,,0,-0.6,2.76,3.44,2.66,80,40.45,,,3176,3127,3530,3725,2.71,نقدشوندگی پایین | اشباع خرید | فاصله زیاد از MA20 | رشد عمودی (76٪ در ۶۰ روز، 31٪ بالای MA50) | P/E بالا (40) | 55٪ بالای MA200 | نقدشوندگی کمتر از ۱۰ میلیارد تومان
شبندر,پالایش نفت بندرعباس,فراورده های نفتی، کک و سوخت هسته ای,47.7,خنثی,100,53,1.5,47,14830,20261003,1.9,12.5,37.8,-9.5,0.5,14.4,91.2,57.7,2,0,false,47.8,3.61,above,-9.1,0.76,14250,16310,-156.81,-1120.42,0.59,-630.73,505.74,2555,5.8,6.26,-7.3,14295,13982,16310,17381,1.75,خروج مستمر پول حقیقی | 91٪ بالای MA200 | سرانه خرید ضعیف (0.59) | آخرین معامله 20261003 (متوقف یا کم‌معامله)
حفارس,حمل و نقل بین المللی خلیج فارس,حمل ونقل، انبارداری و ارتباطات,47.6,خنثی,100,70,10.5,4,9770,20261005,13,44.2,97.1,49.8,14.9,46.9,162,85,3,0,true,70.6,2.93,above,-1,1.33,9276,,-47.99,-137.74,0.74,-72.83,40.61,149,65.57,19.33,239.2,9483,9133,10630,11203,1.35,اشباع خرید | خروج مستمر پول حقیقی | رشد عمودی (97٪ در ۶۰ روز، 47٪ بالای MA50) | P/E بالا (66) | 162٪ بالای MA200 | سرانه خرید ضعیف (0.74)
دسانکو,داروسازی سبحان انکولوژی,مواد و محصولات دارویی,47.6,خنثی,65,55,54.5,14,3420,20261005,-3.7,-0.6,49.9,2.6,-0.3,7.6,61.7,55.3,6,0,false,27.9,3.56,above,-10.5,1.49,3370,3550,9.26,33.42,0.75,-25.68,14.48,97,35.26,8.86,297.9,3370,3309,3550,3820,1.17,سهم صفی: 6 روز از ۲۰ روز در صف (ریسک نقدشوندگی و اجرای حد ضرر) | P/E بالا (35) | توزیع: ورود حقیقی با سرانه خرید ضعیف (0.77 در ۲۰ روز) | 62٪ بالای MA200 | سرانه خرید ضعیف (0.75)
پکویر,کویر تایر,لاستیک و پلاستیک,47.5,خنثی,65,20,26,70,3300,20261005,-6,-6.6,14.6,-32.7,-6.4,0.3,9.2,42.3,6,0,false,16.6,3.5,above,-15.8,0.84,3237,3410,-5.47,86.38,0.54,-58.04,36.94,544,6.07,8.21,-26.1,3237,3180,3410,3519,0.92,سهم صفی: 6 روز از ۲۰ روز در صف (ریسک نقدشوندگی و اجرای حد ضرر) | توزیع: ورود حقیقی با سرانه خرید ضعیف (0.59 در ۲۰ روز) | سرانه خرید ضعیف (0.54)
وسکاب,س.ص.بازنشستگی کارکنان بانکها,سرمایه گذاریها,47.5,خنثی,31,55,51.8,57,3210,20261005,-1.2,-4.7,19.5,-27.8,-1.1,-4.2,42.9,46,0,0,true,18.5,3.57,inside,-18.1,0.71,3040,3250,0.94,-4.42,1.17,2.67,13.16,437,7.35,7.13,3,3096,2983,3250,3300,0.18,178٪ بالای کف ۵۲ هفته | حد ضرر دور (7.1٪)
قرن,پدیده شیمی قرن,محصولات شیمیایی,47.5,خنثی,90,53,2.5,37,24160,20261005,-2.7,10.3,38.9,-8.5,-0.8,7.3,85.2,53,6,0,false,34.2,3.35,above,-9.5,1.48,23330,26250,-7.38,-46.67,0.8,-12.83,20.1,2371,10.19,9.63,5.8,23351,22926,26250,26690,1.69,خروج مستمر پول حقیقی | سهم صفی: 6 روز از ۲۰ روز در صف (ریسک نقدشوندگی و اجرای حد ضرر) | 85٪ بالای MA200 | سرانه خرید ضعیف (0.80)
کصدف,کاشی صدف سرام استقلال آباده,کاشی و سرامیک,47.4,خنثی,85,40,20.6,35,7760,20261005,2.5,0,18.1,-29.2,-4.6,2.8,47.7,47.5,3,0,false,24.8,3.43,above,-15.3,0.68,7373,8418,-1.05,1.89,0.96,-1.52,7.44,548,14.16,,,7494,7240,8418,9159,1.27,توزیع: ورود حقیقی با سرانه خرید ضعیف (0.73 در ۲۰ روز) | 183٪ بالای کف ۵۲ هفته | نقدشوندگی کمتر از ۱۰ میلیارد تومان
لوتوس,تامین سرمایه لوتوس پارسیان,فعالیتهای کمکی به نهادهای مالی واسط,47.3,خنثی,88,45,0.5,47,3400,20261005,-4.5,15.3,23.5,-23.8,1.3,11.1,50.6,56.9,2,1,false,18.9,3.39,above,-7.1,1.63,3360,3580,-65.64,-81.88,0.49,-78.03,14.2,594,5.72,5.92,-3.3,3360,3302,3580,3660,1.85,خروج مستمر پول حقیقی | 51٪ بالای MA200 | سرانه خرید ضعیف (0.49) | شناوری کم (4٪) | صف فروش در ۵ روز اخیر
ولصنم,لیزینگ‌صنعت‌ومعدن‌,سایر واسطه گریهای مالی,47.3,خنثی,70,45,22,47,3130,20261005,-4.9,3.8,21.5,-25.8,-2.3,9.7,16.4,52.9,0,0,false,32.7,3.59,above,-10.3,0.59,3050,3273,-1.67,-48.7,2.17,-2.63,7.35,305,10.26,9.94,3.2,3050,2994,3273,3490,1.05,خروج مستمر پول حقیقی | نقدشوندگی کمتر از ۱۰ میلیارد تومان
وغدیر,سرمایه‌گذاری‌غدیر(هلدینگ‌,شرکتهای چند رشته ای صنعتی,47.2,خنثی,90,53,1.5,37,21090,20261005,-0.6,4.3,38.2,-9.1,-1.3,11.7,55.9,54,0,0,false,32.2,3.46,above,-7.9,0.82,20260,22890,-59.36,-266.87,0.71,-89.54,182.52,1940,10.87,10.88,-0.1,20361,19896,22890,24347,1.51,واگرایی منفی RSI | خروج مستمر پول حقیقی | 56٪ بالای MA200 | سرانه خرید ضعیف (0.71) | واگرایی منفی
خزامیا,زامیاد,خودرو و ساخت قطعات,47.2,خنثی,90,65,3.8,25,1685,20261005,-4.7,3.1,57.8,10.5,-1.3,11.9,39.7,53.4,1,0,false,40.2,3.51,above,-5.9,0.94,1630,1727,-58.05,-19.51,0.85,-144.74,147.31,85,19.82,,,1630,1600,1727,1775,0.5,واگرایی منفی RSI | واگرایی منفی
حفاری,حفاری شمال,استخراج نفت گاز و خدمات جنبی جز اکتشاف,46.8,خنثی,65,20,28,65,5510,20261005,-7.4,-9.8,15.5,-31.8,-7.7,2.2,23.4,43.7,1,0,false,28.1,3.86,above,-19,0.95,5340,6090,-55.97,147.04,0.72,-98.55,92.62,2511,2.19,2.24,-2,5340,5234,6090,6800,2.1,توزیع: ورود حقیقی با سرانه خرید ضعیف (0.79 در ۲۰ روز) | سرانه خرید ضعیف (0.72)
ثمسکن,سرمایه‌گذاری‌ مسکن‌,انبوه سازی، املاک و مستغلات,46.8,خنثی,100,45,22,9,3290,20261005,-0.3,3.3,32.4,-15,0.2,9.8,41.6,55.3,1,0,false,34.5,3.42,above,-7.1,0.89,3180,3440,-24.77,-142.93,2.81,-18.25,28.82,226,14.56,6.61,120.2,3180,3124,3440,3665,0.9,واگرایی منفی RSI | خروج مستمر پول حقیقی | واگرایی منفی
تکنار,مجتمع معادن مس تکنار,استخراج کانه های فلزی,46.8,خنثی,100,70,61,10,172100,20261003,15.7,67.1,172.1,124.8,27.1,74.4,160,98.7,17,0,true,72.9,2.41,above,0,0.25,73341,,0,3.98,3.76,1.6,1.55,,,,,167946,163791,184563,192871,1.5,نقدشوندگی پایین | اشباع خرید | فاصله زیاد از MA20 | بدون EPS مثبت | سهم صفی: 17 روز از ۲۰ روز در صف (ریسک نقدشوندگی و اجرای حد ضرر) | رشد عمودی (172٪ در ۶۰ روز، 74٪ بالای MA50) | 160٪ بالای MA200 | نقدشوندگی کمتر از ۱۰ میلیارد تومان | آخرین معامله 20261003 (متوقف یا کم‌معامله)
ولانا,شرکت لیزینگ آریا دانا,سایر واسطه گریهای مالی,46.7,خنثی,90,50,28.9,10,4800,20261005,-7.3,5.7,51,3.7,-3.7,9.6,19.3,48.9,4,0,false,45,3.79,above,-15.9,0.73,4580,4937,0.03,-0.21,0.92,-0.85,4.04,,,,,4618,4489,4937,5710,0.44,بدون EPS مثبت | نقدشوندگی کمتر از ۱۰ میلیارد تومان
خاذین,سایپاآذین‌,خودرو و ساخت قطعات,46.7,خنثی,100,65,4.9,10,3160,20261005,-0.1,8.3,51,3.6,1.2,18.3,45,59.8,1,0,false,44.3,3.42,above,-6.5,1.08,2954,3330,-11.84,-9.68,0.93,-6.06,6.61,,,,,3052,2900,3330,3546,0.65,واگرایی منفی RSI | خروج مستمر پول حقیقی | بدون EPS مثبت | واگرایی منفی | حد ضرر دور (8.2٪) | نقدشوندگی کمتر از ۱۰ میلیارد تومان
فلوله,لوله‌وماشین‌سازی‌ایران‌,فلزات اساسی,46.7,خنثی,41,30,53.5,60,2486,20261005,-2.4,-11.4,21.6,-25.8,-5.8,-4.6,20.6,41.8,0,0,false,22.1,4.29,inside,-16.9,1.18,2401,2619,5.55,14.85,0.79,-9.99,10.59,226,11,13.48,-18.4,2401,2348,2619,2669,0.96,توزیع: ورود حقیقی با سرانه خرید ضعیف (0.58 در ۲۰ روز) | سرانه خرید ضعیف (0.79)
فهامون,آلیاژ گستر هامون,فلزات اساسی,46.6,خنثی,65,20,35.5,57,4720,20261005,-2.5,-2.5,11.4,-35.9,-4.6,2,,46.3,4,1,false,22.9,3.32,above,-14.8,0.89,4638,4961,-9.43,-1.88,2.99,48.86,24.46,596,7.92,8.05,-1.6,4638,4560,4961,5234,1.5,صف فروش در ۵ روز اخیر
دپارس,پارس‌ دارو,مواد و محصولات دارویی,46.6,خنثی,65,65,16.5,40,59120,20261005,-4.1,-5.6,50.5,3.1,-1.5,4.8,70.1,51.2,2,0,false,16.5,3.67,above,-10.6,1.49,54410,61235,-43.83,20.82,0.65,-78.43,29.42,4755,12.43,12.91,-3.7,56948,53691,61235,62640,0.39,توزیع: ورود حقیقی با سرانه خرید ضعیف (0.69 در ۲۰ روز) | 70٪ بالای MA200 | سرانه خرید ضعیف (0.65) | حد ضرر دور (9.2٪)
سبزوا,سیمان لار سبزوار,سیمان، آهک و گچ,46.6,خنثی,100,50,22.5,4,13160,20261005,-3.7,38.7,72.7,25.4,8.2,32.6,90.2,72.5,10,0,false,62.6,3.13,above,-7.1,1.12,9780,14160,-28.26,-17.59,1.94,-0.24,24.23,615,21.4,6.69,219.9,12748,12336,14160,14984,1.21,سهم صفی: 10 روز از ۲۰ روز در صف (ریسک نقدشوندگی و اجرای حد ضرر) | رشد عمودی (73٪ در ۶۰ روز، 33٪ بالای MA50) | 90٪ بالای MA200
وهنر,گروه توسعه هنر ایران,فعالیت های هنری، سرگرمی و خلاقانه,46.5,خنثی,75,88,15.8,10,4920,20261005,8.4,2.3,42.2,-5.2,6.2,18.6,-19.8,67.3,0,0,true,28,3.6,above,-50.4,0.75,4850,4980,-6.04,-19.65,1.35,-0.66,4.83,,,,,4850,4761,4980,7220,0.38,واگرایی منفی RSI | خروج مستمر پول حقیقی | بدون EPS مثبت | واگرایی منفی | نقدشوندگی کمتر از ۱۰ میلیارد تومان
کیسون,شرکت کیسون,خدمات فنی و مهندسی,46.5,خنثی,65,30,47.9,36,1738,20261005,-2.9,-6.1,17.9,-29.5,-6.6,0.7,7.6,43.4,2,0,false,18.1,3.85,above,-38.4,1.05,1717,1806,13.63,24.71,1.02,-2.79,30.76,166,10.47,2.41,334.4,1717,1683,1806,1881,1.25,
خبنیان,بنیان دیزل,خودرو و ساخت قطعات,46.3,خنثی,55,20,63.3,40,1764,20261005,-4.9,-5.4,24.6,-22.8,-3.6,6,2.8,49,2,0,false,23.5,3.68,above,-28.1,1.16,1732,1816,1.92,13.41,1.01,0.01,13.63,10,176.4,,,1732,1700,1816,1865,0.81,P/E بالا (176)
وبملت,بانک ملت,بانکها و موسسات اعتباری,46.3,خنثی,65,20,1,90,1447,20261005,-2.6,-4.4,17.5,-29.8,-3.8,3.5,36.7,47.2,1,0,false,15.4,3.33,above,-10.7,0.91,1375,1529,-874.39,-2396.95,0.76,-1155.18,1147.73,454,3.19,5.4,-41,1399,1351,1529,1611,0.85,خروج مستمر پول حقیقی | سرانه خرید ضعیف (0.76)
تکاردان,تامین سرمایه کاردان,فعالیتهای کمکی به نهادهای مالی واسط,46,خنثی,80,55,36,68,2689,20261004,0.1,0,21.3,-26,0.1,9,53.6,59.7,0,0,false,22.9,3.16,above,-4.6,0.6,2607,2769,-0.59,-4.48,8.1,1.57,1.43,632,4.25,5.92,-28.1,2607,2565,2769,2818,0.64,نقدشوندگی پایین | خروج مستمر پول حقیقی | 54٪ بالای MA200 | نقدشوندگی کمتر از ۱۰ میلیارد تومان | شناوری کم (5٪) | آخرین معامله 20261004 (متوقف یا کم‌معامله)
بنو,بیمه تجارت نو,بیمه وصندوق بازنشستگی به جزتامین اجتماعی,45.9,خنثی,65,20,17.7,72,1948,20261005,-4,-8.4,22.5,-24.8,-2.8,2.8,30.4,48.6,2,0,false,20.2,3.73,above,-11.1,0.73,1835,2077,-0.99,0.73,0.81,-7.33,8.4,239,8.15,18.13,-55,1875,1798,2077,2130,0.86,توزیع: ورود حقیقی با سرانه خرید ضعیف (0.73 در ۲۰ روز) | حد ضرر دور (7.7٪) | نقدشوندگی کمتر از ۱۰ میلیارد تومان
قزوین,کارخانجات‌ قند قزوین‌,قند و شکر,45.8,خنثی,90,45,2.3,37,12570,20261005,-0.2,8.6,27.9,-19.5,-0.1,6.5,54.3,55.8,1,0,false,30.1,3.29,above,-9.7,0.78,12125,12825,-2.94,-6.09,0.87,-2.51,3.18,1403,8.96,9.8,-8.6,12156,11918,12825,13920,0.39,خروج مستمر پول حقیقی | 54٪ بالای MA200 | نقدشوندگی کمتر از ۱۰ میلیارد تومان
فاهواز,نورد و لوله اهواز,فلزات اساسی,45.8,خنثی,95,40,35,42,7490,20261005,2.6,0.5,15.5,-31.9,1.9,4.6,13,76.2,5,1,false,25.6,1.31,above,-4.1,0.34,7219,7814,0,-1.07,5.65,3.16,2.93,1119,6.69,,,7392,7245,7814,8010,1.32,نقدشوندگی پایین | نقدشوندگی کمتر از ۱۰ میلیارد تومان | صف فروش در ۵ روز اخیر
لازما,کارخانه های صنعتی آزمایش,ماشین آلات و تجهیزات,45.7,خنثی,100,45,6.8,20,223200,20261005,15.2,37.7,190.5,143.2,13.9,50.8,158.7,83.5,11,0,false,71.5,2.97,above,0,0.84,214400,,-8.16,-49.1,1.05,-3.46,10.25,4652,47.98,,,216569,211084,243094,256357,1.64,اشباع خرید | خروج مستمر پول حقیقی | سهم صفی: 11 روز از ۲۰ روز در صف (ریسک نقدشوندگی و اجرای حد ضرر) | رشد عمودی (191٪ در ۶۰ روز، 51٪ بالای MA50) | P/E بالا (48) | 159٪ بالای MA200
بفجر,فجر انرژی خلیج فارس,عرضه برق، گاز، بخاروآب گرم,45.6,خنثی,10,45,54.5,80,10680,20261005,-0.9,-0.9,-17.5,-64.9,-3.2,-13.6,-6.8,40.2,3,1,true,26.4,3.91,below,-31.1,0.46,10440,11051,53.76,536.44,0.74,-36.95,85.4,1802,5.93,7.09,-16.4,10440,10231,11051,11477,0.83,توزیع: ورود حقیقی با سرانه خرید ضعیف (0.65 در ۲۰ روز) | سرانه خرید ضعیف (0.74) | صف فروش در ۵ روز اخیر
شستا,سرمایه گذاری تامین اجتماعی,شرکتهای چند رشته ای صنعتی,45.5,خنثی,100,65,1,9,3520,20261005,-0.8,14.7,48.9,1.6,0.2,16.3,78,57.7,4,0,false,45.5,3.36,above,-7.6,0.8,3370,3810,-491.07,-1001.55,0.69,-679.25,582.78,218,16.15,10.88,48.4,3402,3311,3810,4046,1.39,خروج مستمر پول حقیقی | 78٪ بالای MA200 | سرانه خرید ضعیف (0.69) | شناوری کم (13٪)
گوهران,سرمایه گذاری توسعه گوهران امید,سرمایه گذاریها,45.5,خنثی,100,75,4.9,37,6850,20261005,2.4,11.2,63.9,16.5,6,13,68,79.6,0,0,true,42.2,2.35,above,-1.4,0.9,6760,,-2.19,-15.13,0.9,-1.66,2.17,725,9.45,8.73,8.2,6760,6679,7333,7655,2.83,نقدشوندگی پایین | واگرایی منفی RSI | اشباع خرید | خروج مستمر پول حقیقی | 68٪ بالای MA200 | واگرایی منفی | نقدشوندگی کمتر از ۱۰ میلیارد تومان
اروند,پتروشیمی اروند,محصولات شیمیایی,45.4,خنثی,76,45,35.5,19,53510,20261005,-0.4,-0.8,0.4,-47,-2.5,6.9,,51.4,2,0,false,28.4,3.23,inside,-20.7,0.85,52240,54395,-120.27,-416.24,2.97,45.71,105.75,3275,16.34,9.63,69.7,52240,51376,54395,58131,0.41,خروج مستمر پول حقیقی | شناوری کم (13٪)
ددام,داروسازی زاگرس فارمد پارس,مواد و محصولات دارویی,45.4,خنثی,90,40,1.5,40,12240,20261005,-6.7,-5.5,75.9,28.5,-8.2,17,83.7,49.6,6,2,false,45.5,3.99,above,-18.3,0.89,8020,13570,-11.23,-72.21,0.43,-37.16,23.51,887,13.8,12.91,6.9,11752,11264,13570,14980,1.36,خروج مستمر پول حقیقی | سهم صفی: 6 روز از ۲۰ روز در صف (ریسک نقدشوندگی و اجرای حد ضرر) | 84٪ بالای MA200 | سرانه خرید ضعیف (0.43) | حد ضرر دور (8.0٪) | صف فروش در ۵ روز اخیر
فماک,ماداکتو استیل کرد,فلزات اساسی,45.3,خنثی,90,65,2,19,30550,20261005,-7.8,11.1,114.5,67.1,-1.7,23.4,113.1,56.2,6,1,false,64.2,3.69,above,-11.3,0.98,27685,31022,-7.72,-15.15,0.55,-16.3,10.38,2086,14.65,8.05,81.9,29423,27731,31022,34240,0.17,واگرایی منفی RSI | خروج مستمر پول حقیقی | سهم صفی: 6 روز از ۲۰ روز در صف (ریسک نقدشوندگی و اجرای حد ضرر) | رشد عمودی (114٪ در ۶۰ روز، 23٪ بالای MA50) | 113٪ بالای MA200 | سرانه خرید ضعیف (0.55) | واگرایی منفی | حد ضرر دور (9.2٪) | صف فروش در ۵ روز اخیر
کرومیت,توسعه معادن کرومیت کاوندگان,استخراج کانه های فلزی,45.1,خنثی,70,53,40,14,5240,20261005,-4.6,10.3,38.6,-8.7,-3.8,14.1,28.3,52.8,6,0,false,40.1,3.48,above,-11.9,0.66,5029,5660,-1.12,20.16,1.12,5.98,23.11,198,26.46,14.44,83.3,5057,4938,5660,5950,1.39,سهم صفی: 6 روز از ۲۰ روز در صف (ریسک نقدشوندگی و اجرای حد ضرر)
چنوپا,نیوپان‌ 22 بهمن‌,محصولات چوبی,45.1,خنثی,63,55,20.8,40,16260,20261005,-0.9,6.6,2.8,-44.5,0.6,4.8,-17.1,51.6,3,0,false,18.8,3.56,above,-51.1,1.17,15799,16879,0,9.73,1.01,-2.66,12.24,620,26.23,,,15799,15510,16879,17439,0.82,توزیع: ورود حقیقی با سرانه خرید ضعیف (0.83 در ۲۰ روز)
هرمز,فولاد هرمزگان جنوب,فلزات اساسی,45.1,خنثی,90,45,2.2,34,4270,20261005,-3,8.7,29.8,-17.6,-3.4,12,87.3,52.9,8,2,false,42.9,3.26,above,-10.9,0.71,3700,4660,-20.77,-194.26,0.81,-36.54,53.92,435,9.82,8.05,21.9,4131,3992,4660,4938,1.4,واگرایی منفی RSI | خروج مستمر پول حقیقی | سهم صفی: 8 روز از ۲۰ روز در صف (ریسک نقدشوندگی و اجرای حد ضرر) | 87٪ بالای MA200 | واگرایی منفی | صف فروش در ۵ روز اخیر
اتکاسا,بیمه اتکایی سامان,بیمه وصندوق بازنشستگی به جزتامین اجتماعی,45,خنثی,70,65,2.1,82,6100,20261005,-12.5,12.2,58.2,10.8,-4.9,16.4,,51.4,2,0,false,48.4,3.26,above,-14.1,1.06,4631,6361,-7.14,-17.95,0.83,-6.08,1.9,875,6.97,18.13,-61.5,5901,5702,6361,6768,0.66,نقدشوندگی پایین | واگرایی منفی RSI | خروج مستمر پول حقیقی | واگرایی منفی | نقدشوندگی کمتر از ۱۰ میلیارد تومان
دشیری,شیرین دارو,مواد و محصولات دارویی,45,خنثی,100,70,12,32,478600,20261005,12.2,30.2,62.5,15.2,17.6,32.5,86,84.4,3,0,true,59.5,3.05,above,-2.3,0.92,405500,,-1.06,-0.17,1.18,-0.26,2.74,57790,8.28,,,463997,449395,522408,551614,1.5,نقدشوندگی پایین | واگرایی منفی RSI | اشباع خرید | فاصله زیاد از MA20 | رشد عمودی (63٪ در ۶۰ روز، 33٪ بالای MA50) | 86٪ بالای MA200 | واگرایی منفی | نقدشوندگی کمتر از ۱۰ میلیارد تومان
تکمبا,کمباین‌ سازی‌ ایران‌,ماشین آلات و تجهیزات,44.9,خنثی,85,40,19.8,26,8390,20261005,0.4,3.3,30.5,-16.9,-3.9,6.2,32.5,49.6,4,0,false,37.1,3.82,above,-15.2,0.72,8100,8600,-2.12,-1.54,0.95,0.14,5.45,809,10.37,5.15,101.4,8100,7940,8600,9890,0.47,نقدشوندگی کمتر از ۱۰ میلیارد تومان
سصوفی,سیمان‌ صوفیان‌,سیمان، آهک و گچ,44.9,خنثی,35,20,51.5,70,162600,20261005,-4.3,-8,3.3,-44,-3.7,-2.1,21.5,45.1,1,0,false,13.1,3.48,below,-14.9,0.98,160200,169200,3.84,73.76,0.71,-67,60.77,30922,5.26,7.14,-26.4,160200,157371,169200,174600,1.26,بدون روند (ADX پایین) | توزیع: ورود حقیقی با سرانه خرید ضعیف (0.65 در ۲۰ روز) | سرانه خرید ضعیف (0.71)
ثعتما,س. ساختمانی اعتماد گستر,انبوه سازی، املاک و مستغلات,44.7,خنثی,100,75,28.9,10,53940,20261005,4,36.2,102.2,54.8,14.2,29.1,68.9,77.8,1,0,true,54,3.65,above,-4.2,0.85,44602,,-0.98,-1.73,1.36,2.16,1.72,,,,,51972,50003,59845,63782,1.5,نقدشوندگی پایین | واگرایی منفی RSI | خروج مستمر پول حقیقی | بدون EPS مثبت | رشد عمودی (102٪ در ۶۰ روز، 29٪ بالای MA50) | 69٪ بالای MA200 | واگرایی منفی | حد ضرر دور (7.3٪) | نقدشوندگی کمتر از ۱۰ میلیارد تومان
شیراز,پتروشیمی‌شیراز,محصولات شیمیایی,44.7,خنثی,76,20,1.5,70,66670,20261005,-3.8,-6.4,-15.3,-62.7,-6.2,0,30.8,44,0,0,false,22,4.07,inside,-19.3,0.58,65665,68464,-38.72,-27.4,0.47,-54.06,65.73,9681,6.89,9.63,-28.5,65665,64309,68464,71020,0.76,173٪ بالای کف ۵۲ هفته | سرانه خرید ضعیف (0.47) | شناوری کم (12٪)
وبرق,س.کارکنان صنعت برق زنجان وقزوی,سرمایه گذاریها,44.7,خنثی,85,40,2.6,42,58520,20261005,-7.5,-2.7,85.8,38.4,-9.3,9.8,68.3,45.3,6,1,false,53.1,3.94,above,-20.9,1.42,56590,60000,-3.86,-3.52,0.89,-7.11,14.51,4946,11.83,,,56590,55436,60000,61600,0.48,واگرایی منفی RSI | سهم صفی: 6 روز از ۲۰ روز در صف (ریسک نقدشوندگی و اجرای حد ضرر) | 68٪ بالای MA200 | واگرایی منفی | صف فروش در ۵ روز اخیر
پتوسعه,س. و توسعه صنایع لاستیک,لاستیک و پلاستیک,44.6,خنثی,65,20,37.5,47,9020,20261005,-5.1,-8.3,21.7,-25.7,-4.9,2.4,,45.8,2,0,false,23.3,3.84,above,-13.9,0.66,8857,9167,-2.82,-17.43,2.71,9.61,8.2,1012,8.91,9.84,-9.4,8857,8683,9167,9580,0.44,خروج مستمر پول حقیقی | نقدشوندگی کمتر از ۱۰ میلیارد تومان
ثپردیس,سرمایه گذاری مسکن پردیس,انبوه سازی، املاک و مستغلات,44.6,خنثی,90,38,26,14,4320,20261005,-9.2,3.6,38.9,-8.4,-7.2,4.9,42.6,44.3,4,1,false,49.8,4.03,above,-16.9,0.81,3900,4370,-8.47,93.69,0.61,-33.11,23.81,117,36.92,23.59,56.5,4146,3885,4370,5200,0.11,P/E بالا (37) | سرانه خرید ضعیف (0.61) | حد ضرر دور (10.1٪) | صف فروش در ۵ روز اخیر
تجلی,تجلی توسعه معادن و فلزات,استخراج کانه های فلزی,44.4,خنثی,90,45,29.6,4,1981,20261005,-3.6,8.5,5.4,-42,-2.3,8.5,26.2,51.7,1,0,false,35.8,3.44,above,-9.7,0.69,1933,2194,-12.29,12.41,1.37,-18.93,17.72,37,53.54,14.44,270.8,1933,1899,2194,2330,2.6,P/E بالا (54)
گپارس,امور رفاهی کارگزاران پارس,هتل و رستوران,44.4,خنثی,100,63,27.2,20,286300,20261005,1.7,22.7,37.8,-9.5,7.8,16,52.9,75.8,0,0,true,23.9,4.13,above,-4.3,0.95,220600,293550,0,-0.17,1.29,0.59,0.57,723,395.99,,,274470,262640,293550,317210,0.31,نقدشوندگی پایین | P/E بالا (396) | 53٪ بالای MA200 | حد ضرر دور (8.3٪) | نقدشوندگی کمتر از ۱۰ میلیارد تومان
بپیوند,برق و انرژی پیوندگستر پارس,عرضه برق، گاز، بخاروآب گرم,44.4,خنثی,65,20,76.5,47,17970,20261005,-2.3,0,16.1,-31.3,-3.8,1.7,40.2,46.3,1,0,false,18.8,3.54,above,-12.7,0.77,17482,19460,0.05,2.5,12.53,7.93,2.77,1762,10.2,10.04,1.6,17482,17164,19460,19939,1.85,نقدشوندگی پایین | نقدشوندگی کمتر از ۱۰ میلیارد تومان
کقزوی,شیشه‌ قزوین‌,سایر محصولات کانی غیرفلزی,44.4,خنثی,65,40,57.4,10,778,20261005,-4.7,-6.5,52.8,5.5,-5.7,3.8,29.1,45.8,0,0,false,30.2,3.63,above,-15.4,0.99,733,801,6.76,-0.14,1.42,4.81,5.38,,,,,750,719,801,841,0.39,بدون EPS مثبت | حد ضرر دور (7.6٪) | نقدشوندگی کمتر از ۱۰ میلیارد تومان
تمحرکه,ماشین سازی نیرو محرکه,ماشین آلات و تجهیزات,44.4,خنثی,85,63,35,30,8550,20261005,0.2,9.9,47.2,-0.2,-2.4,10.7,18.8,54.3,7,0,false,41,3.21,above,-15.3,1.04,8167,8800,0,0.01,2.95,-1.98,1.64,5,1710,,,8275,8029,8800,8980,0.48,نقدشوندگی پایین | سهم صفی: 7 روز از ۲۰ روز در صف (ریسک نقدشوندگی و اجرای حد ضرر) | P/E بالا (1710) | نقدشوندگی کمتر از ۱۰ میلیارد تومان
وملت,سرمایه گذاری ملت,سرمایه گذاریها,44.3,خنثی,100,50,45,32,4470,20260922,4,10.6,30.6,-16.8,5.1,11.8,23,99.4,20,0,true,92.6,0.86,above,-0.7,1.92,3935,,0,0,5.58,0.53,0.07,491,9.1,,,4432,4394,4585,4661,1.5,نقدشوندگی پایین | اشباع خرید | سهم صفی: 20 روز از ۲۰ روز در صف (ریسک نقدشوندگی و اجرای حد ضرر) | نقدشوندگی کمتر از ۱۰ میلیارد تومان | آخرین معامله 20260922 (متوقف یا کم‌معامله)
شیران,س. صنایع‌شیمیایی‌ایران,محصولات شیمیایی,44.2,خنثی,46,45,25.5,60,10990,20261005,-3.9,-4.5,19.1,-28.3,-1.5,-0.9,44.7,47.9,1,0,true,15.8,3.41,inside,-11.7,1.2,10620,11380,-34.71,0.28,1.16,-19.61,46.59,1359,8.09,9.63,-16,10620,10433,11380,11640,0.7,توزیع: ورود حقیقی با سرانه خرید ضعیف (0.71 در ۲۰ روز) | شناوری کم (14٪)
حگهر,حمل و نقل گهرترابر سیرجان,حمل ونقل، انبارداری و ارتباطات,44.1,خنثی,41,40,28.4,67,2839,20261005,-2.6,0.8,14.6,-32.7,-4.9,-3.9,7.3,43.5,5,0,false,22.3,3.41,inside,-31,0.44,2784,2921,-4.36,23.26,0.87,-4.63,7.38,397,7.15,7.68,-6.9,2784,2736,2921,2970,0.79,نقدشوندگی کمتر از ۱۰ میلیارد تومان
کهرام,تولیدی گرانیت بهسرام,کاشی و سرامیک,44.1,خنثی,100,70,50.5,10,36450,20260930,5,20.9,52.3,5,10,26.1,56.2,85.4,8,0,true,61.2,2.34,above,-2.6,0.85,32582,,0,0.05,2.93,0.81,0.66,,,,,35599,34747,39004,40707,1.5,نقدشوندگی پایین | اشباع خرید | بدون EPS مثبت | سهم صفی: 8 روز از ۲۰ روز در صف (ریسک نقدشوندگی و اجرای حد ضرر) | 56٪ بالای MA200 | نقدشوندگی کمتر از ۱۰ میلیارد تومان | آخرین معامله 20260930 (متوقف یا کم‌معامله)
بجهرم,توسعه مولد نیروگاهی جهرم,عرضه برق، گاز، بخاروآب گرم,44.1,خنثی,41,20,51,60,2910,20261005,-6.7,-9.3,30.6,-16.8,-8.1,-1.8,40.5,40.2,1,0,false,27,3.59,inside,-17.3,0.87,2573,2980,10.03,-38.68,1.18,13.16,29.12,334,8.71,10.04,-13.2,2806,2701,2980,3190,0.33,خروج مستمر پول حقیقی | حد ضرر دور (7.2٪)
سرود,سیمان‌شاهرود,سیمان، آهک و گچ,44,خنثی,70,53,2.5,47,18540,20261005,-3.3,1.5,42,-5.3,-2.7,6.2,81.7,50.7,2,1,false,27.5,3.74,above,-9.3,1.15,17577,20330,-117.19,-112.41,0.48,-182.27,64.61,2424,7.65,7.14,7.1,17846,17230,20330,21718,1.37,خروج مستمر پول حقیقی | 82٪ بالای MA200 | سرانه خرید ضعیف (0.48) | حد ضرر دور (7.1٪) | صف فروش در ۵ روز اخیر
وملی,گروه‌ صنعتی‌ ملی‌ (هلدینگ‌,دباغی، پرداخت چرم و ساخت انواع پاپوش,44,خنثی,85,45,2.9,35,276200,20261005,0.8,7.1,28,-19.4,-2.7,10.1,32,52.9,3,0,false,30.5,3.51,above,-13.6,0.9,265350,287600,-2.94,-0.44,0.86,-11.54,16.29,3197,86.39,87.3,-1,266498,260499,287600,319700,0.73,P/E بالا (86)
آینده,بازرگانی آینده سازان بهشت پارس,زراعت و خدمات وابسته,43.6,خنثی,90,70,60.5,10,5030,20261004,10.5,34.1,56.8,9.5,14.7,19.7,12.5,84.1,20,0,true,39.5,1.98,above,-26.5,1.89,4804,5303,0,0.24,3.9,1.6,0.34,,,,,4930,4781,5303,5820,1.09,نقدشوندگی پایین | اشباع خرید | بدون EPS مثبت | سهم صفی: 20 روز از ۲۰ روز در صف (ریسک نقدشوندگی و اجرای حد ضرر) | نقدشوندگی کمتر از ۱۰ میلیارد تومان | آخرین معامله 20261004 (متوقف یا کم‌معامله)
برکت,گروه دارویی برکت,مواد و محصولات دارویی,43.5,خنثی,90,55,18,4,4980,20261005,-3.5,-0.6,48.2,0.9,-0.2,12.5,66.2,55.9,2,0,false,29.2,3.43,above,-7.8,1.19,4500,5060,-26.54,7.15,0.7,-135.77,79.13,47,105.96,12.91,720.7,4809,4554,5060,5260,0.19,P/E بالا (106) | توزیع: ورود حقیقی با سرانه خرید ضعیف (0.67 در ۲۰ روز) | 66٪ بالای MA200 | سرانه خرید ضعیف (0.70) | حد ضرر دور (8.6٪)
پلاسک,پلاسکوکار,لاستیک و پلاستیک,43.5,خنثی,85,45,25.9,10,5730,20261005,1.4,-0.3,27.1,-20.3,-1.7,7,27.3,53.1,0,0,false,27.8,3.79,above,-10.6,0.95,5490,5900,-0.42,-2.23,1.2,1.5,3.28,,,8.21,,5513,5382,5900,6410,0.49,بدون EPS مثبت | نقدشوندگی کمتر از ۱۰ میلیارد تومان
بساما,بیمه سامان,بیمه وصندوق بازنشستگی به جزتامین اجتماعی,43.4,خنثی,100,53,1,10,14960,20261005,0.1,25.8,44.2,-3.1,4,21.3,41.3,69.3,0,0,false,52.1,3.13,above,-6.4,0.46,14590,15990,-10.1,-18.7,0.36,-7.32,4.92,,,18.13,,14590,14356,15990,16926,1.71,خروج مستمر پول حقیقی | بدون EPS مثبت | سرانه خرید ضعیف (0.36) | نقدشوندگی کمتر از ۱۰ میلیارد تومان
کارام,صنایع سرام آرا,کاشی و سرامیک,43.1,خنثی,90,80,50.5,10,2034,20260922,9.8,12.7,-8.7,-56.1,11.5,19.7,0.3,67.5,3,0,true,25.1,3.33,above,-24.6,0.99,1968,2122,-0.03,0.44,3.21,0.07,0.49,,,,,1968,1934,2122,2166,0.88,نقدشوندگی پایین | بدون EPS مثبت | نقدشوندگی کمتر از ۱۰ میلیارد تومان | آخرین معامله 20260922 (متوقف یا کم‌معامله)
خزر,فنرسازی‌زر,خودرو و ساخت قطعات,43,خنثی,65,50,2.1,52,2050,20261005,-1.1,-10.5,48.5,1.2,-6.2,4.3,44.8,48.1,3,0,false,27.9,3.77,above,-19.2,0.97,1964,2537,-0.49,-9.32,0.85,-12.23,12.69,394,5.2,,,1973,1925,2537,2691,3.91,
شپترو,پتروشیمی آبادان,محصولات شیمیایی,43,خنثی,90,65,2,10,2704,20261005,-4.8,19,57.5,10.1,-1.9,23.8,83.3,56.6,10,2,false,58,3.16,above,-11.1,0.82,1920,2763,-3.64,-7.72,0.63,-10.42,15.81,,,,,2619,2533,2763,2980,0.35,بدون EPS مثبت | سهم صفی: 10 روز از ۲۰ روز در صف (ریسک نقدشوندگی و اجرای حد ضرر) | 83٪ بالای MA200 | سرانه خرید ضعیف (0.63) | صف فروش در ۵ روز اخیر
حسینا,توسعه خدمات دریایی وبندری سینا,حمل ونقل، انبارداری و ارتباطات,43,خنثی,90,45,3.9,24,18730,20261005,-4.7,5.2,6.5,-40.9,-1,11.9,37.4,53.8,5,2,false,38.8,3.59,above,-8.8,0.67,17430,20260,-10.28,-50.68,0.88,-19.87,26.68,2130,8.79,7.68,14.5,18058,17094,20260,21603,0.94,خروج مستمر پول حقیقی | حد ضرر دور (8.7٪) | صف فروش در ۵ روز اخیر
رانیز,کارخانجات رینگ اسپرت نورنی ریز,خودرو و ساخت قطعات,42.9,خنثی,0,20,77.5,78,17480,20261005,-3.4,-10,11.6,-35.7,-4.4,-4.9,,42.2,0,0,false,17.2,3.12,,-12.5,0.86,17280,18025,4.83,13.44,5.04,68.63,28.81,3513,4.98,5.87,-15.2,17280,17007,18025,18570,1.15,
خپارس,پارس خودرو,خودرو و ساخت قطعات,42.8,خنثی,90,65,1,10,1931,20261005,-7.9,16.4,69.1,21.7,-3.7,23.7,90.7,54.5,10,1,false,54.9,3.48,above,-14.8,1,1216,1991,-8.57,-17.32,0.77,-30.33,75.69,,,,,1864,1797,1991,2117,0.45,بدون EPS مثبت | سهم صفی: 10 روز از ۲۰ روز در صف (ریسک نقدشوندگی و اجرای حد ضرر) | 91٪ بالای MA200 | سرانه خرید ضعیف (0.77) | صف فروش در ۵ روز اخیر
واتی,سرمایه‌ گذاری‌ آتیه‌ دماوند,سرمایه گذاریها,42.8,خنثی,90,20,28,19,7080,20261005,-4.7,-2.9,31.6,-15.7,-2,3.1,38.1,48.4,1,0,false,25.7,3.68,above,-11.3,0.86,6600,7660,-3.14,39.61,0.76,-13.49,26.17,537,13.18,7.13,84.9,6820,6470,7660,7980,0.95,توزیع: ورود حقیقی با سرانه خرید ضعیف (0.71 در ۲۰ روز) | سرانه خرید ضعیف (0.76) | حد ضرر دور (8.6٪)
تفیرو,مهندسی فیروزا,ماشین آلات و تجهیزات,42.8,خنثی,100,70,35,20,290100,20261004,10.2,40.5,107.7,60.3,18.3,44.4,194.7,100,20,0,true,96.1,1.55,above,0,1.93,160990,,0,0,1.2,0.01,0.11,6541,44.35,,,285593,281086,303621,312636,1.5,نقدشوندگی پایین | اشباع خرید | فاصله زیاد از MA20 | سهم صفی: 20 روز از ۲۰ روز در صف (ریسک نقدشوندگی و اجرای حد ضرر) | رشد عمودی (108٪ در ۶۰ روز، 44٪ بالای MA50) | P/E بالا (44) | 195٪ بالای MA200 | نقدشوندگی کمتر از ۱۰ میلیارد تومان | آخرین معامله 20261004 (متوقف یا کم‌معامله)
شاوان,پالایش نفت لاوان,فراورده های نفتی، کک و سوخت هسته ای,42.7,خنثی,100,35,5.6,37,54330,20261003,7.2,40.9,129.3,81.9,10.6,51.2,115.3,80.6,10,0,false,82.1,3.2,above,-1.9,0.69,49720,,-114.8,-314.37,0.99,-64.27,140.04,6145,8.84,8.12,8.9,52593,49988,59540,63014,1.2,اشباع خرید | خروج مستمر پول حقیقی | سهم صفی: 10 روز از ۲۰ روز در صف (ریسک نقدشوندگی و اجرای حد ضرر) | رشد عمودی (129٪ در ۶۰ روز، 51٪ بالای MA50) | 115٪ بالای MA200 | حد ضرر دور (8.0٪) | آخرین معامله 20261003 (متوقف یا کم‌معامله)
والبر,سرمایه‌ گذاری‌ البرز(هلدینگ‌,مواد و محصولات دارویی,42.6,خنثی,80,60,17.5,9,3890,20261005,-2,-2.3,32.1,-15.3,0.6,5.5,49.9,52.2,1,0,true,18.5,3.38,above,-8.3,1.13,3750,4090,-39.06,12.82,0.79,-42.4,45.86,201,19.35,12.91,49.9,3759,3684,4090,4220,0.97,واگرایی منفی RSI | توزیع: ورود حقیقی با سرانه خرید ضعیف (0.75 در ۲۰ روز) | 160٪ بالای کف ۵۲ هفته | سرانه خرید ضعیف (0.79) | واگرایی منفی
تپولا,مهندسی مرآت پولاد,خدمات فنی و مهندسی,42.6,خنثی,100,63,29.9,10,20140,20261005,5.5,17,44.1,-3.3,2.3,14.2,35.7,60.7,6,0,false,38.5,3.59,above,-6.9,1.09,19390,21640,0,0,1.4,0.92,1.44,,,,,19417,19028,21640,23087,1.35,نقدشوندگی پایین | بدون EPS مثبت | سهم صفی: 6 روز از ۲۰ روز در صف (ریسک نقدشوندگی و اجرای حد ضرر) | نقدشوندگی کمتر از ۱۰ میلیارد تومان
دکپسول,تولید ژلاتین کپسول ایران,مواد و محصولات دارویی,42.6,خنثی,66,20,28,47,171500,20261005,-8,-3.1,5.3,-42.1,-2.6,-0.5,25.7,45,1,0,false,22.4,3.8,inside,-10.2,0.95,160933,178000,-0.97,57.31,0.64,-35.5,21.61,20406,8.4,8.86,-5.1,164977,157672,178000,181450,0.47,توزیع: ورود حقیقی با سرانه خرید ضعیف (0.74 در ۲۰ روز) | سرانه خرید ضعیف (0.64) | حد ضرر دور (8.1٪)
وایرا,سرمایه گذاری صنایع ایران,سرمایه گذاریها,42.5,خنثی,90,45,34.2,32,3490,20261005,-3.9,5.8,28.7,-18.6,-0.5,8.7,20,54.9,1,0,false,23.2,3.25,above,-8,0.72,3445,3633,-1.23,-5.78,1.49,1.89,2.8,399,8.75,,,3445,3388,3633,3772,1.41,نقدشوندگی پایین | خروج مستمر پول حقیقی | نقدشوندگی کمتر از ۱۰ میلیارد تومان
بکهنوج,تولید برق ماهتاب کهنوج,عرضه برق، گاز، بخاروآب گرم,42.5,خنثی,85,63,27.6,10,1254,20260930,3.5,0.2,41.7,-5.7,-2.3,8,,52.5,4,1,false,31.8,3.5,above,-12.4,0.88,1211,1293,-0.33,-5.67,1.22,1.77,3.26,,,,,1211,1189,1293,1432,0.59,خروج مستمر پول حقیقی | بدون EPS مثبت | نقدشوندگی کمتر از ۱۰ میلیارد تومان | صف فروش در ۵ روز اخیر | آخرین معامله 20260930 (متوقف یا کم‌معامله)
کرماشا,صنایع پتروشیمی کرمانشاه,محصولات شیمیایی,42.5,خنثی,65,20,16,60,27260,20261005,-7.1,-3.4,13.8,-33.5,-6.2,5.3,49.5,46,2,0,false,35.9,3.53,above,-16.1,0.63,24670,27765,-14.35,44.04,0.65,-76.57,95.22,3386,8.05,9.63,-16.4,26297,24852,27765,29000,0.21,توزیع: ورود حقیقی با سرانه خرید ضعیف (0.72 در ۲۰ روز) | 246٪ بالای کف ۵۲ هفته | سرانه خرید ضعیف (0.65) | حد ضرر دور (8.8٪)
فسا,پتروشیمی فسا,محصولات شیمیایی,42.5,خنثی,100,50,45,25,864,20261003,6.2,12.6,18.6,-28.8,10.8,18.2,24.2,82.3,16,0,true,50.4,1.84,above,0,1.28,852,,-0.11,-0.11,6.72,0.67,0.18,47,18.38,,,852,844,912,943,2.44,نقدشوندگی پایین | اشباع خرید | سهم صفی: 16 روز از ۲۰ روز در صف (ریسک نقدشوندگی و اجرای حد ضرر) | نقدشوندگی کمتر از ۱۰ میلیارد تومان | آخرین معامله 20261003 (متوقف یا کم‌معامله)
کدما,معدنی‌ دماوند,استخراج کانه های فلزی,42.5,خنثی,85,30,3.9,40,86360,20261005,-1.2,0.9,14.9,-32.4,-2.6,3.5,45.9,49.3,3,0,false,22.5,3.46,above,-12.9,1.12,83300,91550,-10.75,-14.24,0.94,-8.04,16.59,6579,13.13,13.76,-4.6,83371,81805,91550,99130,1.14,170٪ بالای کف ۵۲ هفته
سیمرغ,سیمرغ,زراعت و خدمات وابسته,42.4,خنثی,85,75,1.5,26,5240,20261004,-1.9,4.8,61.2,13.9,-5.2,12.5,88.5,51.5,5,0,false,45.5,3.21,above,-16.4,1.36,4860,6270,-1.35,-62.16,0.66,-49.02,20.01,513,10.21,6.33,61.4,5072,4819,6270,6607,2.45,واگرایی منفی RSI | خروج مستمر پول حقیقی | 88٪ بالای MA200 | سرانه خرید ضعیف (0.66) | واگرایی منفی | حد ضرر دور (8.0٪) | آخرین معامله 20261004 (متوقف یا کم‌معامله)
های وب,داده گسترعصرنوین-های وب,اطلاعات و ارتباطات,42.3,خنثی,90,35,23.1,10,456,20261005,-1.5,-2.8,30.3,-17.1,-2.2,12.1,27.4,54.3,1,0,false,38.1,3.61,above,-23.2,0.67,435,482,-0.7,9.2,1.01,-6.92,31.93,,,7.97,,440,427,482,499,0.89,بدون EPS مثبت | توزیع: ورود حقیقی با سرانه خرید ضعیف (0.85 در ۲۰ روز)
وفیروزه,گروه توسعه مالی فیروزه,سرمایه گذاریها,42.3,خنثی,68,45,35.5,16,5330,20261005,0.8,-0.2,24.2,-23.1,2,6.7,,56.9,1,0,false,15.2,3.15,,-6.2,0.78,5010,5495,-9.36,-87.01,6.23,46.21,17.31,451,11.82,7.13,65.8,5162,4926,5495,5680,0.41,واگرایی منفی RSI | خروج مستمر پول حقیقی | واگرایی منفی | حد ضرر دور (7.6٪)
لسرما,سرما آفرین‌,ماشین آلات و تجهیزات,42.2,خنثی,85,40,15.7,19,6270,20261005,-3.2,-2.2,56,8.6,-7.6,2.4,32.2,43.6,5,0,false,37.4,3.68,above,-17.9,0.99,5885,6429,-1.32,2.05,0.81,-8.28,7,411,15.26,5.15,196.2,6039,5770,6429,6574,0.32,توزیع: ورود حقیقی با سرانه خرید ضعیف (0.79 در ۲۰ روز) | حد ضرر دور (8.0٪) | نقدشوندگی کمتر از ۱۰ میلیارد تومان
نتوس,پشم‌ بافی‌ توس,منسوجات,42,خنثی,100,60,35,25,2116,20261004,5.6,41.3,146.7,99.3,16.2,50.2,108.2,98.4,17,0,true,89.2,2.54,above,-1.3,0.27,1148,,0,0,6.75,1.37,1.13,156,13.56,,,2062,2009,2277,2384,1.5,نقدشوندگی پایین | اشباع خرید | فاصله زیاد از MA20 | سهم صفی: 17 روز از ۲۰ روز در صف (ریسک نقدشوندگی و اجرای حد ضرر) | رشد عمودی (147٪ در ۶۰ روز، 50٪ بالای MA50) | 108٪ بالای MA200 | نقدشوندگی کمتر از ۱۰ میلیارد تومان | آخرین معامله 20261004 (متوقف یا کم‌معامله)
شپنا,پالایش نفت اصفهان,فراورده های نفتی، کک و سوخت هسته ای,42,خنثی,85,63,1.5,34,13350,20261003,7.9,3.5,45.3,-2,-0.5,9.8,93.3,55.9,1,0,false,29.9,3.46,above,-9,0.79,12340,14670,-132.86,-75.9,0.69,-787.31,896.01,1816,7.35,6.26,17.4,12889,12197,14670,15593,1.14,93٪ بالای MA200 | سرانه خرید ضعیف (0.69) | حد ضرر دور (8.6٪) | آخرین معامله 20261003 (متوقف یا کم‌معامله)
خراسان,پتروشیمی خراسان,محصولات شیمیایی,41.9,خنثی,65,20,3.5,70,51930,20261005,-2.6,-5.4,9.3,-38,-5.8,2.5,53.2,46.3,2,0,false,19.7,3.65,above,-15.3,1.22,50886,54047,-14.24,-8.67,0.62,-40.21,26.88,7006,7.41,9.63,-23,50886,49938,54047,55471,1.06,53٪ بالای MA200 | سرانه خرید ضعیف (0.62) | شناوری کم (6٪)
دفرا,فرآورده‌های‌ تزریقی‌ ایران‌,مواد و محصولات دارویی,41.7,خنثی,31,45,53.5,40,47420,20261005,-4.6,-9.5,21.1,-26.2,-2.1,-5.5,72.9,44.7,4,0,true,21.7,3.82,inside,-15.3,1.5,46720,50383,1.31,52.32,0.68,-24.11,12.25,3353,14.14,12.91,9.5,46720,45813,50383,51190,1.84,توزیع: ورود حقیقی با سرانه خرید ضعیف (0.65 در ۲۰ روز) | 73٪ بالای MA200 | سرانه خرید ضعیف (0.68)
قشیر,قند شیروان قوچان و بجنورد,قند و شکر,41.5,خنثی,65,43,6.6,47,15870,20261005,-3.1,-4.9,40.2,-7.1,-3.3,6,42.4,50.3,0,0,false,25.3,3.85,above,-11.1,0.94,15105,16700,-3.37,-9.6,1.02,-0.27,7.61,1524,10.41,9.57,8.8,15259,14800,16700,17860,0.78,خروج مستمر پول حقیقی | نقدشوندگی کمتر از ۱۰ میلیارد تومان
وپسا,گ.س.پتروشیمی ساختمان خلیج فارس,پیمانکاری صنعتی,41.5,خنثی,85,20,18,30,2430,20261005,-5.3,-7.5,27.8,-19.6,-11,1,35.7,40.2,6,1,false,29.7,4.04,above,-21.9,0.76,2233,2493,0,3.37,0.9,-2.11,4.85,20,121.5,,,2332,2184,2493,2697,0.26,سهم صفی: 6 روز از ۲۰ روز در صف (ریسک نقدشوندگی و اجرای حد ضرر) | P/E بالا (122) | حد ضرر دور (10.1٪) | نقدشوندگی کمتر از ۱۰ میلیارد تومان | صف فروش در ۵ روز اخیر
سخوز,سیمان خوزستان,سیمان، آهک و گچ,41.3,خنثی,65,20,1,70,92210,20261005,-8.1,-7.7,19,-28.4,-6.4,3.6,22.3,45.2,2,0,false,21.9,4.04,above,-14.5,1.05,90560,98280,-23.46,-46.95,0.5,-26.26,15.46,15662,5.89,7.14,-17.5,90560,88696,98280,101140,1.73,خروج مستمر پول حقیقی | سرانه خرید ضعیف (0.50)
فرابورس,فرابورس ایران,فعالیتهای کمکی به نهادهای مالی واسط,41,خنثی,73,55,23.5,9,7270,20261005,0.7,2.5,6.2,-41.1,-1.6,6.3,44.8,52.3,1,0,false,16.4,3.73,above,-9.2,0.86,6940,7460,-29.27,-35.07,1.1,1.57,78.52,441,16.49,9.46,74.3,6999,6804,7460,8010,0.41,170٪ بالای کف ۵۲ هفته
دکوثر,داروسازی‌ کوثر,مواد و محصولات دارویی,40.8,خنثی,90,55,2.3,9,20270,20261005,-3.7,-3.5,151.5,104.1,-0.5,8.7,76.7,51.8,2,1,false,33,3.52,above,-9.9,0.69,19430,21270,-29.01,-4.47,0.83,-18.66,50.37,1031,19.66,12.91,52.3,19557,19074,21270,21705,0.84,رشد عمودی (151٪ در ۶۰ روز، 9٪ بالای MA50) | 77٪ بالای MA200 | صف فروش در ۵ روز اخیر
بمیلا,توسعه سرمایه گذاری میلاد پارس,تجارت عمده فروشی به جز وسایل نقلیه موتور,40.8,خنثی,65,30,51,10,7070,20261005,-8.4,2.5,1.7,-45.6,-6.3,6.8,0,47.1,9,3,false,32.1,3.56,above,-39.3,0.68,6970,7950,1.13,22.85,0.66,-6,8.48,,,,,6970,6844,7950,8250,3.9,بدون EPS مثبت | سهم صفی: 9 روز از ۲۰ روز در صف (ریسک نقدشوندگی و اجرای حد ضرر) | توزیع: ورود حقیقی با سرانه خرید ضعیف (0.84 در ۲۰ روز) | سرانه خرید ضعیف (0.66) | نقدشوندگی کمتر از ۱۰ میلیارد تومان | صف فروش در ۵ روز اخیر
پشاهن,تولیدی پلاستیک‌ شاهین,لاستیک و پلاستیک,40.7,خنثی,100,70,21.9,25,121100,20260927,11.3,35.4,85.8,38.4,18,36.3,62.7,93.1,20,0,true,60.8,2.47,above,0,1.72,91457,,0,0,1.28,-0.45,0.15,7250,16.7,,,118109,115118,130074,136056,1.5,نقدشوندگی پایین | واگرایی منفی RSI | اشباع خرید | فاصله زیاد از MA20 | سهم صفی: 20 روز از ۲۰ روز در صف (ریسک نقدشوندگی و اجرای حد ضرر) | رشد عمودی (86٪ در ۶۰ روز، 36٪ بالای MA50) | 63٪ بالای MA200 | واگرایی منفی | نقدشوندگی کمتر از ۱۰ میلیارد تومان | آخرین معامله 20260927 (متوقف یا کم‌معامله)
شراز,پالایش نفت شیراز,فراورده های نفتی، کک و سوخت هسته ای,40.6,خنثی,85,65,2.5,26,92900,20261003,3.2,-5.3,64.7,17.3,-5.9,10,111,50.5,2,0,false,45.9,3.65,above,-17.8,0.68,89000,113000,-26.96,-24.17,0.6,-96.68,84.01,10165,9.14,6.26,46,89507,87304,113000,119786,3.59,111٪ بالای MA200 | سرانه خرید ضعیف (0.60) | شناوری کم (13٪) | آخرین معامله 20261003 (متوقف یا کم‌معامله)
وارس,سرمایه گذاری ارس صبا,سرمایه گذاریها,40.6,خنثی,31,30,61,60,14840,20260929,1.2,-2.8,18.2,-29.1,-3,-7.9,39.9,42.9,4,0,false,26.1,3.9,inside,-23.5,0.47,14353,15040,0.05,-25.42,5.17,1.65,8.53,3770,3.94,,,14353,14064,15040,17150,0.26,خروج مستمر پول حقیقی | 191٪ بالای کف ۵۲ هفته | نقدشوندگی کمتر از ۱۰ میلیارد تومان | آخرین معامله 20260929 (متوقف یا کم‌معامله)
حکشتی,کشتیرانی جمهوری اسلامی ایران,حمل ونقل، انبارداری و ارتباطات,40.5,خنثی,65,20,46,22,8260,20261005,-2.7,-2.4,12.4,-35,-6.6,1.4,27.3,44.9,3,0,false,30.2,3.91,above,-15.6,0.86,8084,8598,-16.44,317.69,2.45,-116.28,109.72,331,24.95,19.33,29.1,8084,7922,8598,9378,1,واگرایی منفی RSI | توزیع: ورود حقیقی با سرانه خرید ضعیف (0.67 در ۲۰ روز) | واگرایی منفی
فلات,گروه صنایع معادن فلات ایرانیان,سرمایه گذاریها,40.4,خنثی,100,70,35.5,10,28940,20260928,15.8,55.6,172,124.7,26.1,57,107.3,93.3,12,0,true,71.4,2.59,above,0,0.4,19650,,-0.93,-17.75,4.45,1.36,2.32,,,,,28190,27441,31189,32689,1.5,نقدشوندگی پایین | اشباع خرید | فاصله زیاد از MA20 | خروج مستمر پول حقیقی | بدون EPS مثبت | سهم صفی: 12 روز از ۲۰ روز در صف (ریسک نقدشوندگی و اجرای حد ضرر) | رشد عمودی (172٪ در ۶۰ روز، 57٪ بالای MA50) | 107٪ بالای MA200 | نقدشوندگی کمتر از ۱۰ میلیارد تومان | آخرین معامله 20260928 (متوقف یا کم‌معامله)
ثجوان,تامین مسکن جوانان,انبوه سازی، املاک و مستغلات,40.3,خنثی,90,45,32.4,25,2241,20261005,-4.3,6.4,21.3,-26,-0.1,11.6,40.1,53.3,1,0,false,34.8,3.69,above,-9.5,0.82,2183,2475,-0.26,-2.74,1.47,2.29,2.99,167,13.42,,,2183,2142,2475,2640,2.36,نقدشوندگی پایین | نقدشوندگی کمتر از ۱۰ میلیارد تومان
شتهران,داروسازی تهران شیمی,مواد و محصولات دارویی,40.3,خنثی,50,70,35,70,6770,20260928,3.1,10.6,-17.4,-64.8,5.7,1.3,-22.7,67.2,20,0,true,37.4,0.92,below,-40.5,0.91,6004,6951,0,0,3.8,0.29,0.1,1711,3.96,,,6707,6645,6951,7136,1.44,نقدشوندگی پایین | سهم صفی: 20 روز از ۲۰ روز در صف (ریسک نقدشوندگی و اجرای حد ضرر) | نقدشوندگی کمتر از ۱۰ میلیارد تومان | آخرین معامله 20260928 (متوقف یا کم‌معامله)
ثشاهد,سرمایه‌ گذاری‌ شاهد,انبوه سازی، املاک و مستغلات,40.1,خنثی,85,55,0.5,14,11300,20261005,-2.3,3.4,32.8,-14.6,-3.4,10.2,38.4,50.5,3,1,false,33.3,3.61,above,-12.8,0.93,10888,11586,-14.09,-74.92,0.69,-58.5,56.77,560,20.18,6.61,205.3,10892,10684,11586,12952,0.46,واگرایی منفی RSI | خروج مستمر پول حقیقی | سرانه خرید ضعیف (0.69) | واگرایی منفی | صف فروش در ۵ روز اخیر
وپست,پست بانک ایران,بانکها و موسسات اعتباری,40.1,خنثی,65,20,1.5,65,9890,20261005,-0.2,-1.3,22.9,-24.5,-2,3.6,56.5,49.7,0,0,false,20.7,3.89,above,-11.1,0.8,9650,10060,-40.62,-133.69,0.6,-42.14,44.43,2033,4.86,5.4,-9.9,9650,9457,10060,10250,0.39,خروج مستمر پول حقیقی | 57٪ بالای MA200 | سرانه خرید ضعیف (0.60)
ولتجار,واسپاری تجارایرانیان,سایر واسطه گریهای مالی,40,خنثی,40,30,52,36,3090,20261005,-1.6,-6.1,28.1,-19.2,-5.5,2.2,-19.4,44.6,2,0,false,28,3.78,above,-51,1.3,3049,3130,0.15,10.7,0.66,-13.53,6.71,278,11.12,5.8,91.6,3049,2990,3130,3450,0.4,واگرایی منفی RSI | توزیع: ورود حقیقی با سرانه خرید ضعیف (0.78 در ۲۰ روز) | سرانه خرید ضعیف (0.66) | واگرایی منفی | نقدشوندگی کمتر از ۱۰ میلیارد تومان
وسینا,بانک سینا,بانکها و موسسات اعتباری,39.8,اجتناب,65,28,2,57,3230,20261005,-6.4,-3.3,40.7,-6.7,-4.5,2.3,38.2,46.6,0,0,false,23.5,3.49,above,-11.3,0.68,3150,3290,-34.68,-153.53,0.84,-28.04,51.69,584,5.53,5.4,2.4,3150,3094,3290,3470,0.44,خروج مستمر پول حقیقی
چفیبر,تولید فیبر ایران‌,محصولات چوبی,39.8,اجتناب,35,30,58.1,35,6620,20261005,3.9,-16.6,-7.5,-54.9,-6,-3.8,25.3,42.5,7,0,false,30.8,3.81,below,-22.5,1.07,6120,7560,2.15,-1.92,1.44,0.92,6.9,224,29.55,28.93,2.2,6368,5994,7560,8540,1.5,سهم صفی: 7 روز از ۲۰ روز در صف (ریسک نقدشوندگی و اجرای حد ضرر) | حد ضرر دور (9.5٪) | نقدشوندگی کمتر از ۱۰ میلیارد تومان
زاگرس,پتروشیمی زاگرس,محصولات شیمیایی,39.7,اجتناب,90,38,1.5,19,160100,20261005,-7.5,5.8,46,-1.3,-4.3,10.2,33.7,49.9,1,1,false,48.9,3.37,above,-10.1,1.4,150200,163500,-93,-98.98,0.51,-134.4,36.2,9222,17.36,8.01,116.7,154703,147501,163500,168899,0.27,واگرایی منفی RSI | خروج مستمر پول حقیقی | سرانه خرید ضعیف (0.51) | واگرایی منفی | حد ضرر دور (7.9٪) | صف فروش در ۵ روز اخیر
وپترو,سرمایه‌گذاری صنایع پتروشیمی‌,محصولات شیمیایی,39.5,اجتناب,65,40,1,47,72500,20261005,-14.1,-8.2,76.3,29,-10.5,14.5,68.5,45.8,10,4,false,48.4,3.72,above,-18.5,1.12,45767,75460,-57.27,-308.41,0.14,-105.99,63.7,7753,9.35,9.63,-2.9,69806,67113,75460,84400,0.55,خروج مستمر پول حقیقی | سهم صفی: 10 روز از ۲۰ روز در صف (ریسک نقدشوندگی و اجرای حد ضرر) | 69٪ بالای MA200 | سرانه خرید ضعیف (0.14) | حد ضرر دور (7.4٪) | صف فروش در ۵ روز اخیر
غپونه,نوش پونه مشهد,محصولات غذایی و آشامیدنی به جز قند و شکر,39.4,اجتناب,41,20,35.5,57,8570,20261005,-0.2,-3.2,6.5,-40.8,-2.2,-0.3,67.5,48.3,4,0,false,17.1,3.68,inside,-13.3,0.72,8481,8790,-2.23,-6.6,1.92,1.13,13.85,1310,6.54,7.05,-7.2,8481,8324,8790,9110,0.89,67٪ بالای MA200
ساربیل,سیمان آرتا اردبیل,سیمان، آهک و گچ,39.4,اجتناب,56,20,17.5,57,84750,20261005,-2.1,-11.6,6.9,-40.4,-2.1,0.6,14.2,47.9,1,0,false,16.8,3.87,inside,-16.4,1.28,83650,88300,-2.19,1.69,0.75,-6.51,3.98,11188,7.58,7.14,6.1,83650,82012,88300,90970,1.3,توزیع: ورود حقیقی با سرانه خرید ضعیف (0.66 در ۲۰ روز) | سرانه خرید ضعیف (0.75) | نقدشوندگی کمتر از ۱۰ میلیارد تومان | شناوری کم (10٪)
آریان,سرمایه گذاری پارس آریان,سرمایه گذاریها,39.4,اجتناب,100,35,0.5,9,8060,20261005,1.6,24.2,60.9,13.5,7.1,26,69.7,81.9,1,0,false,70,2.9,above,-1.2,0.86,6650,,-91.57,-212.94,0.53,-78.34,32.07,492,16.38,8.73,87.7,7826,7592,8762,9231,1.5,اشباع خرید | خروج مستمر پول حقیقی | 70٪ بالای MA200 | سرانه خرید ضعیف (0.53)
قنیشا,قند  نیشابور,قند و شکر,39.3,اجتناب,90,53,2.8,4,3340,20261005,-4.8,3.8,47.1,-0.3,-1.7,10.2,39.9,54,0,0,false,48.9,3.5,above,-7.5,0.91,3260,3590,-2.26,-12.49,0.89,-5.28,5.02,119,28.07,9.8,186.4,3260,3201,3590,3824,1.8,خروج مستمر پول حقیقی | نقدشوندگی کمتر از ۱۰ میلیارد تومان
بهپاک,صنعتی بهپاک,محصولات غذایی و آشامیدنی به جز قند و شکر,39.3,اجتناب,41,20,2,90,15120,20261005,-5.2,-13.7,11,-36.3,-7.7,-3.5,59.9,41.1,1,0,false,15.8,3.64,inside,-17.6,0.99,13935,15450,-11.94,-40.74,0.65,-44.76,31.22,3539,4.27,7.05,-39.4,14569,13743,15450,15700,0.24,خروج مستمر پول حقیقی | 60٪ بالای MA200 | سرانه خرید ضعیف (0.65) | حد ضرر دور (9.1٪)
کشرق,صنعتی و معدنی شمال شرق شاهرود,استخراج زغال سنگ,39.3,اجتناب,61,78,51.4,10,137100,20261005,12.4,-7,45.3,-2,2.4,-2.2,36.6,53.3,3,0,true,22.7,3.66,inside,-18.8,0.77,135442,146729,0.16,-0.17,1.18,0.6,1.37,,,15.48,,135442,132935,146729,149373,2.31,نقدشوندگی پایین | بدون EPS مثبت | نقدشوندگی کمتر از ۱۰ میلیارد تومان
تادیکو,س.کشت ودام صنایع لبنی تامین,زراعت و خدمات وابسته,39.1,اجتناب,55,45,35.5,19,7480,20261005,-2.7,6.9,-5.4,-52.7,-0.9,3.1,,50.6,0,0,false,14.2,3.4,,-13.3,0.69,7282,7950,-21.64,-41.09,4.25,41.76,23.8,546,13.7,6.33,116.4,7282,7155,7950,8624,1.45,خروج مستمر پول حقیقی | بدون روند (ADX پایین) | شناوری کم (6٪)
آبادا,تولید نیروی برق آبادان,عرضه برق، گاز، بخاروآب گرم,39.1,اجتناب,70,40,36.5,4,10850,20261005,-0.5,2.8,21.3,-26,-1.9,5.3,35.8,49.5,0,0,false,20.5,3.48,above,-7.3,0.9,10712,11547,-4.7,-7.23,6.98,10.39,4.05,272,39.89,7.09,462.6,10712,10523,11547,12303,2.13,خروج مستمر پول حقیقی | P/E بالا (40) | نقدشوندگی کمتر از ۱۰ میلیارد تومان | شناوری کم (10٪)
بالبر,کابل‌ البرز,ماشین آلات و دستگاه‌های برقی,39,اجتناب,60,20,43.9,24,26580,20261005,-4.4,-4.5,9.2,-38.2,-3.3,6.1,3.1,48,0,0,false,20.6,3.92,above,-37.1,0.69,25935,27180,0.09,1.08,0.89,-1.83,5.86,309,86.02,6.15,1298.7,25935,25415,27180,27760,0.51,P/E بالا (86) | توزیع: ورود حقیقی با سرانه خرید ضعیف (0.81 در ۲۰ روز) | نقدشوندگی کمتر از ۱۰ میلیارد تومان
فباهنر,مس‌ شهیدباهنر,فلزات اساسی,38.9,اجتناب,65,20,1.5,60,12120,20261005,-1.8,-3.8,26.2,-21.2,-4.9,5.3,42.4,48.9,2,0,false,23.6,3.49,above,-14.1,0.99,11660,13000,-18.03,-117.35,0.62,-167.73,99.77,1069,11.34,13.48,-15.9,11697,11448,13000,14110,1.31,خروج مستمر پول حقیقی | 182٪ بالای کف ۵۲ هفته | سرانه خرید ضعیف (0.62)
بمپنا,تولید برق عسلویه  مپنا,عرضه برق، گاز، بخاروآب گرم,38.9,اجتناب,65,8,44.1,27,7150,20261005,-7.9,-10.7,34.7,-12.7,-13.1,2.9,36.6,37.9,3,1,false,31.8,3.73,above,-23.9,0.57,5608,7270,5.26,-40.97,0.9,0.75,13.96,576,12.41,10.04,23.6,6883,6616,7270,9390,0.22,خروج مستمر پول حقیقی | حد ضرر دور (7.5٪) | صف فروش در ۵ روز اخیر
کتوسعه,توسعه صنایع و معادن کوثر,استخراج سایر معادن,38.7,اجتناب,85,28,36.5,34,19190,20261005,-3.6,-9.4,45.1,-2.2,-4,6.8,45,49.2,1,0,false,43.4,3.16,above,-12.8,0.86,18310,20400,-0.58,-7.13,5.95,8.67,2.74,1794,10.7,9.57,11.8,18583,18006,20400,22000,1.02,نقدشوندگی پایین | خروج مستمر پول حقیقی | نقدشوندگی کمتر از ۱۰ میلیارد تومان
زدشت,کشت و صنعت دشت خرم دره,زراعت و خدمات وابسته,38.4,اجتناب,85,20,1.5,34,9540,20261005,-2.8,0,20,-27.3,-3.3,5,45.9,48.7,0,0,false,28.8,3.93,above,-11.3,1.03,9210,10180,-24.17,-17.72,0.6,-20.9,15.32,1023,9.33,8.07,15.6,9210,9023,10180,10750,1.24,واگرایی منفی RSI | خروج مستمر پول حقیقی | 172٪ بالای کف ۵۲ هفته | سرانه خرید ضعیف (0.60) | واگرایی منفی
کوثر,بیمه کوثر,بیمه وصندوق بازنشستگی به جزتامین اجتماعی,38.4,اجتناب,80,45,7.5,14,1796,20261005,-2.5,2.3,16.6,-30.7,-2,9.3,4.6,52.4,0,0,false,31.5,3.43,above,-21.2,0.61,1756,1875,-10.27,-7.99,1,-7.45,25.06,53,33.89,18.13,86.9,1756,1725,1875,1928,1.11,P/E بالا (34)
حآسا,آسیا سیر ارس,حمل ونقل، انبارداری و ارتباطات,38.3,اجتناب,65,45,25.4,14,4490,20261005,-2,-8,25.4,-21.9,-2.7,5.8,30.5,51.1,1,0,false,22.5,3.87,above,-10.6,0.65,4270,5020,-0.58,-3.2,1.11,0.78,4.42,152,29.54,7.68,284.6,4316,4183,5020,5368,1.73,نقدشوندگی کمتر از ۱۰ میلیارد تومان
پرداخت,به پرداخت ملت,رایانه و فعالیت‌های وابسته به آن,38.3,اجتناب,50,30,16.2,53,6580,20261005,-1.6,-14.2,28,-19.3,-8.4,-0.6,15.8,42.8,5,0,false,24.8,3.8,above,-18.7,0.77,6400,6670,-0.76,6.83,0.81,-5.51,7.59,481,13.68,18.19,-24.8,6400,6275,6670,7490,0.3,توزیع: ورود حقیقی با سرانه خرید ضعیف (0.69 در ۲۰ روز) | نقدشوندگی کمتر از ۱۰ میلیارد تومان | شناوری کم (5٪)
قمرو,قند مرودشت‌,قند و شکر,38.3,اجتناب,41,8,15.5,82,9510,20261005,-4.8,-8.2,18.9,-28.5,-6.9,-3.7,45.5,39.2,0,0,false,14,3.73,inside,-15.6,0.76,9365,9870,-0.62,6.19,0.57,-13.75,7.91,1450,6.56,9.8,-33.1,9365,9188,9870,10180,1.12,بدون روند (ADX پایین) | توزیع: ورود حقیقی با سرانه خرید ضعیف (0.58 در ۲۰ روز) | 209٪ بالای کف ۵۲ هفته | سرانه خرید ضعیف (0.57) | نقدشوندگی کمتر از ۱۰ میلیارد تومان
وپاسار,بانک  پاسارگاد,بانکها و موسسات اعتباری,38.1,اجتناب,25,18,72,36,8550,20261005,-5.7,-16.3,-12.3,-59.7,-11.1,-14.4,22.5,31.3,3,1,false,44.7,3.79,below,-25.2,0.33,8100,8940,69.48,6190.63,1.65,-206.91,548.92,813,10.52,5.4,94.8,8226,7938,8940,9640,0.64,164٪ بالای کف ۵۲ هفته | حد ضرر دور (7.2٪) | صف فروش در ۵ روز اخیر
تشتاد,صنایع تولیدی اشتاد ایران‌,خودرو و ساخت قطعات,38.1,اجتناب,100,63,32,10,7460,20261004,2.5,37.6,43.8,-3.5,12.6,33.7,45.4,73.6,6,1,true,56.4,3.05,above,-5.6,0.92,6400,,0,-0.12,1.48,1.39,1.07,,,,,7233,7005,8142,8597,1.5,نقدشوندگی پایین | بدون EPS مثبت | سهم صفی: 6 روز از ۲۰ روز در صف (ریسک نقدشوندگی و اجرای حد ضرر) | رشد عمودی (44٪ در ۶۰ روز، 34٪ بالای MA50) | نقدشوندگی کمتر از ۱۰ میلیارد تومان | صف فروش در ۵ روز اخیر | آخرین معامله 20261004 (متوقف یا کم‌معامله)
حگردش,ریل گردش ایرانیان,حمل ونقل، انبارداری و ارتباطات,38,اجتناب,40,20,47.9,40,2193,20261005,-5.3,-1.2,9.9,-37.4,-5,1.1,-6.1,44.1,0,0,false,15.8,3.61,above,-35.1,0.95,2158,2266,-0.06,6.85,1.06,1.77,5.08,68,32.25,,,2158,2118,2266,2346,0.97,P/E بالا (32) | نقدشوندگی کمتر از ۱۰ میلیارد تومان
ونوین,بانک‌اقتصادنوین‌,بانکها و موسسات اعتباری,37.9,اجتناب,65,20,0.5,57,3700,20261005,-8.6,-1.6,25.6,-21.7,-4.4,3.6,68.2,46.7,1,0,false,31.1,3.83,above,-11.9,0.85,3585,3870,-244.32,-513.75,0.52,-316.79,225.42,711,5.2,5.4,-3.6,3585,3514,3870,4200,0.92,واگرایی منفی RSI | خروج مستمر پول حقیقی | 68٪ بالای MA200 | سرانه خرید ضعیف (0.52) | واگرایی منفی
حرهشا,رهشاد سپاهان (سهامی عام,حمل ونقل، انبارداری و ارتباطات,37.6,اجتناب,90,75,22.5,20,29600,20261003,-0.2,4.6,58.4,11,-0.6,10.4,33.9,60.4,0,0,false,36.4,3.51,above,-6.7,1.18,29160,30336,-1.57,-4.95,1.06,0.21,1.34,351,84.33,,,29160,28640,30336,31718,0.77,نقدشوندگی پایین | واگرایی منفی RSI | خروج مستمر پول حقیقی | P/E بالا (84) | واگرایی منفی | نقدشوندگی کمتر از ۱۰ میلیارد تومان | آخرین معامله 20261003 (متوقف یا کم‌معامله)
بپاس,بیمه پاسارگاد,بیمه وصندوق بازنشستگی به جزتامین اجتماعی,37.6,اجتناب,100,33,0,4,13050,20261005,1.2,6.1,45.2,-2.2,2.5,8.7,73.9,87.6,0,0,false,22.7,1.34,above,-0.3,0.74,12860,,-30.87,-151.56,0.48,-23.73,11.55,484,26.96,18.13,48.7,12875,12772,13576,13927,1.89,اشباع خرید | خروج مستمر پول حقیقی | 74٪ بالای MA200 | سرانه خرید ضعیف (0.48)
خفناور,مهندسی صنعتی روان فن آور,خودرو و ساخت قطعات,37.6,اجتناب,100,55,6.3,20,24960,20261005,3.9,6.8,25.9,-21.5,1.2,13.6,31.8,57.8,0,0,false,37.6,3.72,above,-6.5,0.93,23800,26700,-0.81,-4.06,1.01,-1.04,2.86,344,72.56,,,24031,23335,26700,28558,1.07,نقدشوندگی پایین | واگرایی منفی RSI | خروج مستمر پول حقیقی | P/E بالا (73) | واگرایی منفی | نقدشوندگی کمتر از ۱۰ میلیارد تومان
بمولد,مولد نیروگاهی تجارت فارس,عرضه برق، گاز، بخاروآب گرم,37.6,اجتناب,41,20,38,47,8540,20261005,-6.8,-12.7,31.2,-16.2,-4.3,-0.7,43.3,45.8,2,0,false,23.9,3.66,inside,-16.1,0.9,8090,8950,-0.24,-8.68,4.56,12.68,7.77,778,10.98,10.04,9.3,8228,7934,8950,9160,0.68,خروج مستمر پول حقیقی | حد ضرر دور (7.1٪) | نقدشوندگی کمتر از ۱۰ میلیارد تومان
سخاش,سیمان‌خاش‌,سیمان، آهک و گچ,37.1,اجتناب,50,20,2.5,70,12170,20261005,-5.2,-11.4,8.9,-38.5,-6.1,-0.5,33.3,44.1,0,0,false,17.9,3.74,above,-15.8,0.63,11860,12790,-6.01,-87.81,0.65,-14.67,14.2,1929,6.31,7.14,-11.6,11860,11632,12790,13190,1.15,خروج مستمر پول حقیقی | 166٪ بالای کف ۵۲ هفته | سرانه خرید ضعیف (0.65)
گکیش,توریستی ورفاهی آبادگران کیش,هتل و رستوران,37.1,اجتناب,46,30,79.1,30,9360,20261005,-7.9,3.8,35.1,-12.2,-5.3,-0.5,21.9,42.9,2,0,false,19.4,4.43,inside,-13.2,1.03,9048,9696,1.64,8.51,1.2,0.61,1.97,60,156,,,9048,8841,9696,10159,0.65,نقدشوندگی پایین | P/E بالا (156) | نقدشوندگی کمتر از ۱۰ میلیارد تومان
قنقش,قند نقش جهان,قند و شکر,37,اجتناب,80,45,6.1,10,1920,20261005,-3.9,3.1,36.8,-10.6,-2,4.5,4.2,51.1,1,0,false,25.2,3.84,above,-30.9,0.77,1865,1960,-8.83,-12.89,1.01,-1.25,5.12,,,,,1865,1828,1960,2008,0.44,خروج مستمر پول حقیقی | بدون EPS مثبت | نقدشوندگی کمتر از ۱۰ میلیارد تومان
خعمرا,توسعه و عمران شهرستان نائین,خودرو و ساخت قطعات,36.8,اجتناب,100,53,19.7,25,7040,20261004,-1,15.6,37.7,-9.6,5.4,22.6,38.1,64.5,6,1,false,42.5,3.35,above,-6.5,1.49,6900,7530,-0.04,0.03,0.99,-3.42,1.85,458,15.37,,,6900,6782,7530,8002,1.9,نقدشوندگی پایین | سهم صفی: 6 روز از ۲۰ روز در صف (ریسک نقدشوندگی و اجرای حد ضرر) | نقدشوندگی کمتر از ۱۰ میلیارد تومان | صف فروش در ۵ روز اخیر | آخرین معامله 20261004 (متوقف یا کم‌معامله)
سیلام,سیمان‌ ایلام‌,سیمان، آهک و گچ,36.6,اجتناب,90,35,1.3,9,22170,20261005,-2.2,-1.6,33.3,-14,-0.2,8.5,36.3,53.5,0,0,false,20.7,3.86,above,-5.2,0.96,20810,23330,-5.86,-20.18,0.81,-9.29,5.74,1179,18.8,7.14,163.4,21314,20382,23330,25043,0.65,واگرایی منفی RSI | خروج مستمر پول حقیقی | واگرایی منفی | حد ضرر دور (8.1٪) | نقدشوندگی کمتر از ۱۰ میلیارد تومان
ذوب,ذوب آهن اصفهان,فلزات اساسی,36.5,اجتناب,90,28,1.5,14,640,20261005,-5.6,0,41.6,-5.8,-8.5,14.3,49.3,47.9,10,0,false,39.6,3.18,above,-18.3,1.65,478,705,-259.13,-322.89,0.48,-1135.66,318.45,12,53.33,13.48,295.6,620,599,705,783,1.6,خروج مستمر پول حقیقی | سهم صفی: 10 روز از ۲۰ روز در صف (ریسک نقدشوندگی و اجرای حد ضرر) | P/E بالا (53) | سرانه خرید ضعیف (0.48)
میهن,بیمه میهن,بیمه وصندوق بازنشستگی به جزتامین اجتماعی,36.4,اجتناب,85,20,17.5,10,2451,20261005,-4.9,-10.1,12.5,-34.8,-5.8,3.7,5.7,46.3,5,0,false,23.3,3.75,above,-19.4,1.13,2401,2558,-2.13,10.09,0.73,-26.35,20.27,,,18.13,,2401,2355,2558,2622,1.11,بدون EPS مثبت | توزیع: ورود حقیقی با سرانه خرید ضعیف (0.66 در ۲۰ روز) | سرانه خرید ضعیف (0.73)
خساپا,سایپا,خودرو و ساخت قطعات,36.3,اجتناب,65,30,33.3,10,683,20261005,-1.7,-10.2,24.9,-22.5,-4.9,6,27.4,47.8,0,0,false,23,3.82,above,-13.3,0.92,669,788,195.54,-31.01,1.03,-184.69,426.29,,,,,669,656,788,840,3.88,بدون EPS مثبت
بالاس,مهندسی ساختمان تاسیسات راه آهن,پیمانکاری صنعتی,36.3,اجتناب,39,20,37.5,45,48410,20261005,-1.9,-2.6,-1.8,-49.2,-4.6,0.3,-9.9,44.9,1,0,false,16.8,3.69,inside,-40.6,0.71,47728,49900,-0.09,0.69,1.08,2.36,11.45,1907,25.39,25.78,-1.5,47728,46834,49900,50860,0.95,توزیع: ورود حقیقی با سرانه خرید ضعیف (0.82 در ۲۰ روز)
شگامرن,مجتمع پترو صنعت گامرون,محصولات شیمیایی,36.2,اجتناب,100,23,62.5,4,27520,20260927,0.5,10,42.9,-4.4,6.2,23.1,42.9,83,0,0,false,46.9,2.65,above,-2.5,0.95,26269,28237,0.66,-2.26,2.08,0.45,0.4,288,95.56,8.01,1093,26791,25904,28237,29696,0.44,نقدشوندگی پایین | واگرایی منفی RSI | اشباع خرید | خروج مستمر پول حقیقی | P/E بالا (96) | واگرایی منفی | نقدشوندگی کمتر از ۱۰ میلیارد تومان | آخرین معامله 20260927 (متوقف یا کم‌معامله)
ثاصفا,شرکت‌ ساختمان‌ اصفهان‌,انبوه سازی، املاک و مستغلات,36,اجتناب,60,45,46.1,30,18540,20261005,-2.6,14.2,15.9,-31.4,-0.7,20.9,12.2,55.8,12,2,false,30.4,3.51,above,-14.1,1.16,18268,18932,0,0.68,1.42,1.91,1.06,8,2317.5,,,18268,17943,18932,19400,0.66,نقدشوندگی پایین | سهم صفی: 12 روز از ۲۰ روز در صف (ریسک نقدشوندگی و اجرای حد ضرر) | P/E بالا (2318) | نقدشوندگی کمتر از ۱۰ میلیارد تومان | صف فروش در ۵ روز اخیر
قاروم,قند ارومیه,قند و شکر,36,اجتناب,100,15,30,42,116800,20260922,1,9.8,34.7,-12.6,3.4,12,38.5,99.5,17,0,false,95.1,0.91,above,-0.9,0.31,86825,,0,0,1.4,0,0.09,22219,5.26,,,115741,114682,119978,122096,1.5,نقدشوندگی پایین | اشباع خرید | سهم صفی: 17 روز از ۲۰ روز در صف (ریسک نقدشوندگی و اجرای حد ضرر) | نقدشوندگی کمتر از ۱۰ میلیارد تومان | آخرین معامله 20260922 (متوقف یا کم‌معامله)
قجام,فرآوردههای غذایی وقندتربت‌جام‌,قند و شکر,35.8,اجتناب,85,43,4.8,42,14040,20261005,-4.9,-1,40.8,-6.5,-1.4,5.3,48,51.4,2,0,false,24.1,3.95,above,-9.5,1.19,13415,14580,-0.28,-0.59,0.99,-2.75,2.81,2650,5.3,,,13486,13138,14580,14960,0.6,نقدشوندگی پایین | 154٪ بالای کف ۵۲ هفته | نقدشوندگی کمتر از ۱۰ میلیارد تومان
سدشت,صنایع سیمان دشتستان,سیمان، آهک و گچ,35.5,اجتناب,65,45,49.1,19,41210,20261005,4.1,-7.7,19.4,-28,-3.9,3.7,30.4,50,3,0,false,19.4,3.62,above,-17,1.36,40040,46300,0.6,-1.12,1.31,-0.54,2.33,2835,14.54,7.14,103.6,40040,39294,46300,49630,2.66,نقدشوندگی پایین | نقدشوندگی کمتر از ۱۰ میلیارد تومان | شناوری کم (13٪)
افرا,افرانت,رایانه و فعالیت‌های وابسته به آن,35.4,اجتناب,25,37,53,29,8420,20261005,-7.8,-19.9,-29,-76.4,-10,-21.1,18.2,28.7,2,1,true,34.5,4.01,below,-39.5,0.42,8320,9300,2.67,48.18,0.56,-25.47,32.76,605,13.92,8.89,56.6,8320,8151,9300,10020,3.27,توزیع: ورود حقیقی با سرانه خرید ضعیف (0.50 در ۲۰ روز) | 176٪ بالای کف ۵۲ هفته | سرانه خرید ضعیف (0.56) | صف فروش در ۵ روز اخیر
درهآور,دارویی ره آورد تامین,مواد و محصولات دارویی,35.2,اجتناب,41,20,28.5,47,14540,20261005,-4.9,-16.9,14.8,-32.6,-5.2,-1.5,33.5,43.9,1,0,false,23.8,3.82,inside,-18.7,1.16,13780,15160,7.08,-38.94,0.84,-15.4,14.85,1808,8.04,8.86,-9.2,13984,13502,15160,15570,0.6,خروج مستمر پول حقیقی | حد ضرر دور (7.1٪)
بکام,کارخانجات تولیدی شهید قندی,ماشین آلات و دستگاه‌های برقی,35.2,اجتناب,65,38,18.2,14,3230,20261005,-3.3,1.3,37.5,-9.8,-4.8,7.5,33.1,48.9,4,0,false,30.8,3.69,above,-15.2,1.07,3170,3395,-1.09,10.13,0.85,-16.44,15.54,24,134.58,6.15,2088.3,3170,3110,3395,3810,1.38,P/E بالا (135) | توزیع: ورود حقیقی با سرانه خرید ضعیف (0.85 در ۲۰ روز)
خفنر,فنرسازی‌خاور,خودرو و ساخت قطعات,35.1,اجتناب,41,30,32.3,35,2341,20261005,-1.3,-12.7,13.4,-34,-4.5,-0.4,43.1,43.5,4,0,false,23,4.16,inside,-20,0.91,2267,2385,2.39,-6.76,1.01,-8.15,12.19,130,18.01,,,2267,2218,2385,2631,0.36,
زفکا,کشت و دامداری فکا,زراعت و خدمات وابسته,35,اجتناب,50,20,17,47,7910,20261005,-5.8,-3.4,9.8,-37.5,-5.3,-0.4,40.1,44.6,2,0,false,14.7,3.77,above,-14.1,1.55,7808,8130,-17.46,2.44,0.44,-114.65,32.47,910,8.69,8.07,7.7,7808,7659,8130,8470,0.88,بدون روند (ADX پایین) | توزیع: ورود حقیقی با سرانه خرید ضعیف (0.61 در ۲۰ روز) | 214٪ بالای کف ۵۲ هفته | سرانه خرید ضعیف (0.44)
بپردیس,بیمه پردیس,بیمه وصندوق بازنشستگی به جزتامین اجتماعی,35,اجتناب,100,75,0,20,3000,20261004,6.1,7.7,109.1,61.8,0.4,24.6,77.9,62.2,4,0,false,40,3,above,-8,0.75,2817,3262,-1.98,-4.41,0.66,-0.82,0.85,129,23.26,,,2910,2775,3262,3442,1.16,نقدشوندگی پایین | واگرایی منفی RSI | خروج مستمر پول حقیقی | رشد عمودی (109٪ در ۶۰ روز، 25٪ بالای MA50) | 78٪ بالای MA200 | سرانه خرید ضعیف (0.66) | واگرایی منفی | حد ضرر دور (7.5٪) | نقدشوندگی کمتر از ۱۰ میلیارد تومان | آخرین معامله 20261004 (متوقف یا کم‌معامله)
نوین,بیمه نوین,بیمه وصندوق بازنشستگی به جزتامین اجتماعی,34.8,اجتناب,70,50,1,14,9450,20261005,-13.9,8.9,119.3,71.9,-8.6,9.9,133.1,45.6,5,4,false,52.2,3.39,above,-20.1,0.77,8880,11820,-32.05,-33.59,0.2,-31.76,11.56,358,26.4,18.13,45.6,9130,8720,11820,12460,3.25,واگرایی منفی RSI | خروج مستمر پول حقیقی | رشد عمودی (119٪ در ۶۰ روز، 10٪ بالای MA50) | 133٪ بالای MA200 | سرانه خرید ضعیف (0.20) | واگرایی منفی | حد ضرر دور (7.7٪) | صف فروش در ۵ روز اخیر
بزاگرس,نیروگاه زاگرس کوثر,عرضه برق، گاز، بخاروآب گرم,34.6,اجتناب,65,30,17.6,19,7360,20261005,-5.6,-17.9,34.4,-12.9,-9,2.3,36.6,40.8,1,0,false,27,3.92,above,-22,0.6,6123,7910,-0.25,1.29,0.84,-4.45,7.27,466,15.79,10.04,57.3,7072,6783,7910,9430,0.95,توزیع: ورود حقیقی با سرانه خرید ضعیف (0.72 در ۲۰ روز) | حد ضرر دور (7.8٪) | نقدشوندگی کمتر از ۱۰ میلیارد تومان
مبین,مبین انرژی خلیج فارس,عرضه برق، گاز، بخاروآب گرم,33.7,اجتناب,25,12,28,67,11040,20261005,-8.6,-15.1,-23.1,-70.5,-8.5,-19.8,0.3,27.6,0,0,false,28.6,4.31,below,-36.4,0.6,10597,11415,-22.66,1730.86,0.45,-346.71,278.91,1581,6.98,7.09,-1.5,10597,10359,11415,11750,0.55,توزیع: ورود حقیقی با سرانه خرید ضعیف (0.59 در ۲۰ روز) | سرانه خرید ضعیف (0.45)
گشان,توسعه بین المللی پدیده شاندیز,هتل و رستوران,33.6,اجتناب,41,20,27.3,42,26730,20261005,-3.7,-7.8,21.5,-25.9,-6.6,-2.8,36.9,40.3,0,0,false,27.4,3.87,inside,-15.8,1.03,26018,28050,-7.62,-34.62,1.25,7.89,12.35,3153,8.48,,,26018,25500,28050,28960,1.07,خروج مستمر پول حقیقی
وثخوز,سرمایه گذاری و توسعه خوزستان,انبوه سازی، املاک و مستغلات,33.6,اجتناب,25,65,82.2,10,5170,20261005,-2.3,1.6,-7,-54.4,-1.2,1.3,-4.7,47.6,4,2,true,11.8,3.75,below,-37.3,0.86,5073,5450,1.75,5.4,1.43,2.7,2.37,,,,,5073,4976,5450,5620,1.45,نقدشوندگی پایین | واگرایی منفی RSI | بدون روند (ADX پایین) | بدون EPS مثبت | واگرایی منفی | نقدشوندگی کمتر از ۱۰ میلیارد تومان | صف فروش در ۵ روز اخیر
اپرداز,آتیه داده پرداز,اطلاعات و ارتباطات,33.1,اجتناب,65,30,3.3,27,4990,20261005,-2.2,-6,29.3,-18.1,-5.7,2.3,35.8,48,2,0,false,28.2,3.72,above,-17.4,1.03,4830,5110,-10.06,-43.58,0.89,-13.09,9.28,332,15.03,11.65,29,4830,4737,5110,6040,0.47,خروج مستمر پول حقیقی | نقدشوندگی کمتر از ۱۰ میلیارد تومان
غناب,روغن‌ نباتی‌ ناب,محصولات غذایی و آشامیدنی به جز قند و شکر,33,اجتناب,65,28,1.5,30,1118,20261005,-8.8,-2.5,38.4,-9,-4.2,4.4,32.5,46,1,0,false,18.3,3.84,above,-10.8,0.89,1098,1226,-2.65,-3.36,0.74,-7.71,6.25,41,27.27,,,1098,1076,1226,1253,2.58,سرانه خرید ضعیف (0.74) | نقدشوندگی کمتر از ۱۰ میلیارد تومان
ثعمرا,عمران و توسعه شاهد,انبوه سازی، املاک و مستغلات,32.9,اجتناب,70,20,17.5,14,14520,20261005,-7.4,-1.1,33.2,-14.2,-6.5,3.7,40.4,44.7,0,0,false,22.8,3.68,above,-12.5,1.17,13773,14890,-0.9,0.86,0.84,-2.15,3.07,378,38.41,23.59,62.8,13986,13506,14890,15900,0.36,P/E بالا (38) | نقدشوندگی کمتر از ۱۰ میلیارد تومان
ثتوسا,س.توسعه و عمران استان اردبیل,انبوه سازی، املاک و مستغلات,32.7,اجتناب,40,30,49,10,15270,20261005,-1.4,-13.5,10.4,-36.9,-5.7,4.8,-45.2,46,4,0,false,23.7,3.62,above,-76.4,0.58,14890,18100,0.46,-2.68,1.12,1.67,7.14,,,,,14890,14614,18100,21850,4.31,بدون EPS مثبت | نقدشوندگی کمتر از ۱۰ میلیارد تومان
تپمپی,پمپ‌ سازی‌ ایران‌,ماشین آلات و تجهیزات,32.4,اجتناب,100,53,11.2,16,7370,20260927,0.1,7.9,42,-5.3,2.9,17.2,68.7,61.4,0,0,false,46.5,3.57,above,-6.7,1.89,7135,7900,-3.46,-11.83,0.83,-2.31,2.94,787,9.36,5.15,81.8,7135,7003,7900,8426,1.45,نقدشوندگی پایین | واگرایی منفی RSI | خروج مستمر پول حقیقی | 69٪ بالای MA200 | واگرایی منفی | نقدشوندگی کمتر از ۱۰ میلیارد تومان | آخرین معامله 20260927 (متوقف یا کم‌معامله)
قشکر,شکر,قند و شکر,32.3,اجتناب,65,50,1,10,4980,20261005,-2.7,-9.5,61.4,14,-8.2,5.7,51,45.4,5,0,false,31.2,3.53,above,-19.9,1.22,4890,5350,-0.49,-2.16,0.73,-11.11,6.78,,,9.8,,4890,4802,5350,6220,2.08,بدون EPS مثبت | 51٪ بالای MA200 | سرانه خرید ضعیف (0.73) | نقدشوندگی کمتر از ۱۰ میلیارد تومان
حشکوه,دلیجان طلایی شکوه پارس,حمل ونقل، انبارداری و ارتباطات,32.2,اجتناب,16,30,45.5,40,1251,20261005,-0.8,-10,-9.2,-56.6,-6.7,-1.6,-3.6,41.5,2,0,false,18.8,3.81,inside,-27.6,0.65,1233,1271,0.29,4.17,0.96,-1.56,8.21,28,44.68,,,1233,1210,1271,1298,0.49,واگرایی منفی RSI | P/E بالا (45) | واگرایی منفی | نقدشوندگی کمتر از ۱۰ میلیارد تومان
وتجارت,بانک تجارت,بانکها و موسسات اعتباری,31.9,اجتناب,65,28,1,26,873,20261005,-9,-11.5,39.4,-7.9,-6.6,3.3,56.3,43.8,0,0,false,34.2,3.78,above,-16.2,0.86,658,953,-868.47,-2164.45,0.48,-1347.63,760.22,105,8.31,5.4,54,840,807,953,970,1.21,خروج مستمر پول حقیقی | 56٪ بالای MA200 | سرانه خرید ضعیف (0.48) | حد ضرر دور (7.6٪)
آپ,آسان پرداخت پرشین,رایانه و فعالیت‌های وابسته به آن,31.8,اجتناب,10,18,86.7,14,10330,20261005,0.7,-10.3,-3.6,-51,-6.2,-8.2,-2.7,39.3,1,0,false,19.4,3.65,below,-19.9,1.57,9975,10613,25.74,37.97,1.11,6.24,6.33,86,120.12,18.19,560.3,9975,9786,10613,10914,0.52,P/E بالا (120) | توزیع: ورود حقیقی با سرانه خرید ضعیف (0.78 در ۲۰ روز) | نقدشوندگی کمتر از ۱۰ میلیارد تومان
بایکا,کارخانجات کابلسازی ‌ایران‌,ماشین آلات و دستگاه‌های برقی,31.7,اجتناب,100,50,6.9,20,30960,20260930,8.7,27.4,24.8,-22.5,11.5,23.2,39.7,84,1,0,true,36.7,3.37,above,-1.8,1.05,28962,,-0.58,-3.68,1.05,-0.47,0.93,523,59.2,,,29916,28440,34091,36179,1.24,نقدشوندگی پایین | اشباع خرید | خروج مستمر پول حقیقی | P/E بالا (59) | حد ضرر دور (8.1٪) | نقدشوندگی کمتر از ۱۰ میلیارد تومان | آخرین معامله 20260930 (متوقف یا کم‌معامله)
کایتا,ایتالران‌,سایر محصولات کانی غیرفلزی,31.4,اجتناب,60,55,39.5,10,15580,20261005,-0.8,6.2,9,-38.4,-1,6,-11.1,51.8,1,1,false,30.7,3.76,above,-54.8,1.07,15349,15980,0,0.61,1.18,0.31,0.91,,,,,15349,15056,15980,16335,0.76,نقدشوندگی پایین | بدون EPS مثبت | نقدشوندگی کمتر از ۱۰ میلیارد تومان | صف فروش در ۵ روز اخیر
غگز,صنایع غذایی سکه,محصولات غذایی و آشامیدنی به جز قند و شکر,31.4,اجتناب,10,33,63,24,3160,20261005,-1.6,-12,-42.4,-89.8,-6.8,-11.4,-3.6,38.9,5,0,true,23.1,3.74,below,-49,0.85,3080,3380,0.15,15.86,1.79,-37.38,27.75,81,39.01,7.05,453.4,3080,3021,3380,3920,1.59,P/E بالا (39) | توزیع: ورود حقیقی با سرانه خرید ضعیف (0.63 در ۲۰ روز)
وطوبی,سرمایه گذاری اقتصاد شهر طوبی,سرمایه گذاریها,31,اجتناب,100,38,4.7,9,6090,20261005,-1.9,22.5,39.4,-8,7.3,26.5,106.4,75.5,1,0,false,54.5,2.36,above,-2.6,2.04,4570,6250,-9.2,-8.61,0.89,-7.85,1.58,459,13.27,8.73,52,5946,5802,6250,6538,0.56,نقدشوندگی پایین | خروج مستمر پول حقیقی | 106٪ بالای MA200 | نقدشوندگی کمتر از ۱۰ میلیارد تومان
زماهان,مجتمع تولید گوشت مرغ ماهان,زراعت و خدمات وابسته,31,اجتناب,65,20,19.8,10,12900,20261005,-1.8,-0.2,17.4,-30,-3.5,5.9,19.1,48.9,4,0,false,24,3.77,above,-11.3,1.19,12760,13480,-0.92,0.23,0.91,-6.2,13.37,,,8.07,,12760,12517,13480,13790,1.51,واگرایی منفی RSI | بدون EPS مثبت | واگرایی منفی
کساپا,سایپاشیشه‌,سایر محصولات کانی غیرفلزی,30.8,اجتناب,65,20,19.1,10,3500,20261005,-4.1,-3.3,14.8,-32.6,-4.8,1.5,18.8,45.4,3,0,false,21.3,3.57,above,-12.3,0.71,3402,3780,-0.02,0.93,0.91,-2.3,4.51,,,12.75,,3402,3339,3780,3990,1.74,بدون EPS مثبت | توزیع: ورود حقیقی با سرانه خرید ضعیف (0.84 در ۲۰ روز) | نقدشوندگی کمتر از ۱۰ میلیارد تومان
دانا,بیمه دانا,بیمه وصندوق بازنشستگی به جزتامین اجتماعی,30.5,اجتناب,40,30,60.1,10,2253,20261003,2,-6.5,14.3,-33,-4.2,1.2,-5,45,1,0,false,21.6,3.35,above,-29.7,1.21,2180,2328,2.63,-16.73,1.16,0.37,4.54,,,4.59,,2180,2142,2328,2479,0.67,واگرایی منفی RSI | خروج مستمر پول حقیقی | بدون EPS مثبت | واگرایی منفی | نقدشوندگی کمتر از ۱۰ میلیارد تومان | آخرین معامله 20261003 (متوقف یا کم‌معامله)
سفار,سیمان‌فارس‌,سیمان، آهک و گچ,30.4,اجتناب,65,20,1.5,26,219700,20261005,-5.3,-5.8,10.7,-36.7,-7.5,4.3,15.7,44.8,2,0,false,27.9,3.59,above,-17.8,0.74,207734,224111,-5.01,-4.78,0.55,-7.62,4.13,19436,11.3,7.14,58.3,211811,203789,224111,244225,0.28,خروج مستمر پول حقیقی | سرانه خرید ضعیف (0.55) | حد ضرر دور (7.2٪) | نقدشوندگی کمتر از ۱۰ میلیارد تومان | شناوری کم (8٪)
نیروترانسفو,کارخانجات تولیدی نیروترانسفو,ماشین آلات و دستگاه‌های برقی,30,اجتناب,35,20,36,26,24300,20261005,-5.5,-1.1,29.8,-17.5,-7.9,-1.7,,42.7,7,0,false,25.3,3.59,above,-19.4,1.03,22850,27510,-17,-54.88,4.12,54.82,34.94,2731,8.9,5.95,49.5,23427,22414,27510,30140,1.7,واگرایی منفی RSI | خروج مستمر پول حقیقی | سهم صفی: 7 روز از ۲۰ روز در صف (ریسک نقدشوندگی و اجرای حد ضرر) | 201٪ بالای کف ۵۲ هفته | واگرایی منفی | حد ضرر دور (7.8٪)
ثفارس,عمران‌وتوسعه‌فارس‌,انبوه سازی، املاک و مستغلات,29.9,اجتناب,16,30,52.5,24,14310,20261005,-2.5,-6.7,17.5,-29.9,-8.8,-2.9,-9.2,41.7,2,0,false,23.5,3.84,inside,-35.4,1.14,13930,14698,0.84,99.61,0.74,-104.48,75.37,264,54.2,6.61,720,13930,13656,14698,15068,0.59,P/E بالا (54) | توزیع: ورود حقیقی با سرانه خرید ضعیف (0.70 در ۲۰ روز) | سرانه خرید ضعیف (0.74)
پارتا,مجتمع صنعتی آرتاویل تایر,لاستیک و پلاستیک,29.9,اجتناب,90,53,0,9,19470,20261005,-2.8,7.2,46.2,-1.2,-1.1,22.6,80.7,62.7,0,0,false,47.9,2.7,above,-7.1,0.43,18273,19699,-2.96,-11.9,0.3,-2.43,1.65,985,19.77,9.84,100.9,18945,18157,19699,20284,0.17,نقدشوندگی پایین | واگرایی منفی RSI | خروج مستمر پول حقیقی | 81٪ بالای MA200 | سرانه خرید ضعیف (0.30) | واگرایی منفی | نقدشوندگی کمتر از ۱۰ میلیارد تومان
میدکو,توسعه معادن وص.معدنی خاورمیانه,فلزات اساسی,28.8,اجتناب,35,30,35.3,14,6200,20261005,-4.2,-7.2,-13.3,-60.6,-5.4,-5.2,11.2,42.2,1,0,false,14.9,3.62,below,-18.3,0.73,6088,6490,-2.82,212.69,1.13,-128.45,112.92,93,66.67,13.48,394.6,6088,5975,6490,6610,1.29,بدون روند (ADX پایین) | P/E بالا (67) | توزیع: ورود حقیقی با سرانه خرید ضعیف (0.53 در ۲۰ روز) | شناوری کم (9٪)
اخشان,اخشان خراسان,زراعت و خدمات وابسته,28.4,اجتناب,73,30,36,26,16870,20261004,1.7,-1.2,13.3,-34.1,-1.5,2.7,42.9,48.7,1,0,false,16.4,3.27,above,-10.9,0.74,16490,17590,-0.49,-7.84,7.54,6.57,2.52,1452,11.62,8.07,44,16490,16214,17590,18914,1.1,نقدشوندگی پایین | خروج مستمر پول حقیقی | 175٪ بالای کف ۵۲ هفته | نقدشوندگی کمتر از ۱۰ میلیارد تومان | آخرین معامله 20261004 (متوقف یا کم‌معامله)
ثامان,سامان‌ گستراصفهان‌,انبوه سازی، املاک و مستغلات,28.4,اجتناب,6,26,56.5,29,29780,20261005,2.9,-25.5,45.9,-1.4,-11.6,-13.5,-26.4,36.2,10,1,false,46,4.02,inside,-61.3,1.72,20550,36485,7.3,-3.73,1.71,-76.44,33.59,1764,16.88,6.61,155.4,28584,27387,36485,38474,2.8,واگرایی منفی RSI | سهم صفی: 10 روز از ۲۰ روز در صف (ریسک نقدشوندگی و اجرای حد ضرر) | واگرایی منفی | حد ضرر دور (8.0٪) | صف فروش در ۵ روز اخیر
شپلی,پلی اکریل ایران,محصولات شیمیایی,28.2,اجتناب,50,28,0.5,30,5790,20261005,-11.5,-4.3,53.6,6.2,-12.6,-2.3,96.8,37.9,11,3,false,32,3.73,above,-21.8,1.27,5440,6170,-7.19,-33.12,0.43,-95.78,41.39,237,24.43,,,5574,5332,6170,7400,0.83,سهم صفی: 11 روز از ۲۰ روز در صف (ریسک نقدشوندگی و اجرای حد ضرر) | 97٪ بالای MA200 | سرانه خرید ضعیف (0.43) | حد ضرر دور (7.9٪) | صف فروش در ۵ روز اخیر
سنیر,سیمان‌ سفید نی‌ریز,سیمان، آهک و گچ,28,اجتناب,31,20,1.9,57,6620,20261005,-4.9,-6.8,15.3,-32,-4,-4.4,44.3,43.7,1,0,false,14.5,4.01,inside,-14.9,1.31,6430,7100,-1.55,-9.83,0.82,-14.35,9.3,963,6.87,7.14,-3.7,6430,6297,7100,7380,1.49,خروج مستمر پول حقیقی | بدون روند (ADX پایین) | 206٪ بالای کف ۵۲ هفته | نقدشوندگی کمتر از ۱۰ میلیارد تومان
وتوس,توسعه‌شهری‌توس‌گستر,انبوه سازی، املاک و مستغلات,28,اجتناب,35,8,44.5,19,7370,20261005,-5.6,-10.9,2.8,-44.6,-7.1,-5.1,15.4,38.6,0,0,false,20.2,3.98,below,-14.4,0.72,6857,7800,0.37,2.03,0.94,-0.27,3.06,381,19.34,6.61,192.6,7076,6710,7800,7983,0.65,حد ضرر دور (9.0٪) | نقدشوندگی کمتر از ۱۰ میلیارد تومان
بسویچ,پارس‌سویچ‌,ماشین آلات و دستگاه‌های برقی,27.9,اجتناب,65,35,1.5,44,4900,20261005,-3.9,-8.8,35,-12.4,-4.9,9.1,44.6,50.1,0,0,false,33.9,3.62,above,-13.7,0.71,4041,5200,-0.85,-4.42,0.77,-2.05,2.41,676,7.25,6.15,17.9,4723,4545,5200,5510,0.85,نقدشوندگی پایین | خروج مستمر پول حقیقی | سرانه خرید ضعیف (0.77) | حد ضرر دور (7.2٪) | نقدشوندگی کمتر از ۱۰ میلیارد تومان
امید,تامین سرمایه امید,فعالیتهای کمکی به نهادهای مالی واسط,27.8,اجتناب,41,20,8.2,78,3540,20261005,-3,-6.1,14.9,-32.4,-2.4,-0.9,19,45.7,2,0,false,22,2.75,inside,-12.8,0.95,3398,3770,-1.81,-1.49,1.05,-0.69,2.41,755,4.69,5.92,-20.8,3443,3349,3770,3880,1.2,نقدشوندگی پایین | نقدشوندگی کمتر از ۱۰ میلیارد تومان | شناوری کم (2٪)
وبصادر,بانک صادرات ایران,بانکها و موسسات اعتباری,27.5,اجتناب,65,20,2,14,888,20261005,-8.3,-12.5,24.2,-23.2,-9.3,0.7,34,40.6,1,0,false,27,3.75,above,-17.5,0.69,774,926,-239.37,-552.95,0.72,-289.81,266.7,5,177.6,5.4,3188.9,855,821,926,975,0.57,خروج مستمر پول حقیقی | P/E بالا (178) | سرانه خرید ضعیف (0.72) | حد ضرر دور (7.5٪)
حپترو,حمل و نقل پتروشیمی( سهامی عام,حمل ونقل، انبارداری و ارتباطات,26.3,اجتناب,65,45,17.1,14,17110,20261005,5.7,-5.9,31.4,-16,-2.6,4.6,17.9,50.7,2,0,false,26.4,3.94,above,-13.3,1.42,16675,18020,-2.18,-3.01,1.04,-0.27,1.82,623,27.46,19.33,42.1,16675,16338,18020,19740,1.18,نقدشوندگی پایین | واگرایی منفی RSI | خروج مستمر پول حقیقی | واگرایی منفی | نقدشوندگی کمتر از ۱۰ میلیارد تومان
انرژی,بورس انرژی ایران,فعالیتهای کمکی به نهادهای مالی واسط,26.1,اجتناب,41,30,17,14,21790,20261005,-4.1,-13.2,16.6,-30.7,-6.7,-1.6,48,42.4,0,0,false,26.5,4.02,inside,-16.4,0.66,21470,23467,-24.99,10.44,0.67,-75.52,69.02,522,41.74,5.92,605.1,21470,21032,23467,25950,2.21,P/E بالا (42) | توزیع: ورود حقیقی با سرانه خرید ضعیف (0.70 در ۲۰ روز) | 172٪ بالای کف ۵۲ هفته | سرانه خرید ضعیف (0.67)
سپ,پرداخت الکترونیک سامان کیش,رایانه و فعالیت‌های وابسته به آن,26,اجتناب,90,45,8.1,12,14490,20260930,-2,1.3,34.7,-12.7,-0.9,13.6,15.8,57.5,1,0,false,43.9,3.91,above,-6,0.56,14325,15001,-0.17,-1.87,1.08,-0.05,0.79,662,21.89,18.19,20.3,14325,14041,15001,15334,1.14,نقدشوندگی پایین | واگرایی منفی RSI | خروج مستمر پول حقیقی | واگرایی منفی | نقدشوندگی کمتر از ۱۰ میلیارد تومان | شناوری کم (10٪) | آخرین معامله 20260930 (متوقف یا کم‌معامله)
پاریز,پاریز شرق,انبوه سازی، املاک و مستغلات,25.1,اجتناب,0,18,62,24,36330,20261005,-1.7,-21.9,-4.2,-51.5,-8.8,-17.6,,34.7,11,1,false,36.5,3.77,,-30.1,1.16,35463,38383,-3.86,20.4,27.39,35.28,13.84,823,44.14,23.59,87.1,35463,34777,38383,39190,1.32,سهم صفی: 11 روز از ۲۰ روز در صف (ریسک نقدشوندگی و اجرای حد ضرر) | P/E بالا (44) | صف فروش در ۵ روز اخیر
سلار,شرکت سیمان لارستان,سیمان، آهک و گچ,24.5,اجتناب,41,30,35,30,2905,20261005,0.5,-14.8,14.2,-33.2,-6.7,-1,28.2,42.7,4,0,false,26.5,3.72,inside,-19.3,0.86,2790,3044,0,0,6.06,3.72,2.32,114,25.48,,,2797,2736,3044,3286,0.82,نقدشوندگی پایین | واگرایی منفی RSI | واگرایی منفی | نقدشوندگی کمتر از ۱۰ میلیارد تومان
تکشا,گسترش‌صنایع‌وخدمات‌کشاورزی‌,ماشین آلات و تجهیزات,24.1,اجتناب,35,18,16,24,8880,20261005,-3.5,-5.2,-20.1,-67.4,-8.5,-4.7,4.5,38.7,4,2,false,21.9,4.24,below,-39.8,1.18,8760,9326,-0.14,4.34,0.45,-31.65,10.32,310,28.65,5.15,456.2,8760,8571,9326,9499,1.44,توزیع: ورود حقیقی با سرانه خرید ضعیف (0.64 در ۲۰ روز) | سرانه خرید ضعیف (0.45) | صف فروش در ۵ روز اخیر
دشیمی,شیمی‌ داروئی‌ داروپخش‌,مواد و محصولات دارویی,23,اجتناب,41,28,1.5,19,39740,20261005,-8.3,-21,77.8,30.5,-11.1,-4.4,70.5,38.4,2,1,false,35,3.69,inside,-24.5,1.16,23770,40850,-14.13,-72.76,0.35,-37.07,12.76,2096,18.96,12.91,46.9,38273,36807,40850,44630,0.38,خروج مستمر پول حقیقی | 70٪ بالای MA200 | سرانه خرید ضعیف (0.35) | حد ضرر دور (7.4٪) | صف فروش در ۵ روز اخیر
غالبر,لبنیات‌ کالبر,محصولات غذایی و آشامیدنی به جز قند و شکر,22.5,اجتناب,45,30,2,10,30410,20261005,-7.5,3.2,13.2,-34.2,-3,4.5,-12,48.8,3,1,false,18.5,3.48,above,-39.8,0.92,28980,31325,-1.37,-3,0.55,-29.65,16.69,,,8.53,,29352,28451,31325,33013,0.47,بدون EPS مثبت | سرانه خرید ضعیف (0.55) | صف فروش در ۵ روز اخیر
پلاست,کارخانجات تولیدی پلاستیران,لاستیک و پلاستیک,22.5,اجتناب,25,43,1.5,24,1959,20261005,-3.1,-14.6,-43.7,-91.1,-5,-16,14.9,36.1,1,0,true,37.2,3.8,below,-46.8,0.68,1851,2012,-1.89,-3.11,0.7,-23.85,25.12,93,21.06,9.84,114.1,1884,1814,2012,2085,0.36,سرانه خرید ضعیف (0.70) | حد ضرر دور (7.4٪)
قتربت,قند تربت حیدریه,قند و شکر,21.8,اجتناب,0,18,28.9,44,8600,20261005,2.4,-18,7.8,-39.6,-4.7,-13,,38.2,0,0,false,30.2,3.71,below,-26.3,0.39,8330,8850,0.24,-16.75,0.9,-0.91,5.89,775,11.1,9.57,16,8330,8170,8850,9645,0.58,خروج مستمر پول حقیقی | 176٪ بالای کف ۵۲ هفته | نقدشوندگی کمتر از ۱۰ میلیارد تومان
تکنو,تکنوتار,ماشین آلات و تجهیزات,21.3,اجتناب,25,37,1.5,24,3930,20261005,-6.7,-11.1,-42.9,-90.2,-8.7,-27,12.6,27.1,2,0,true,53.8,3.98,below,-57.2,0.66,2511,4000,-1.55,-13.56,0.63,-25.64,21.71,154,25.52,5.15,395.5,3773,3617,4000,4295,0.22,236٪ بالای کف ۵۲ هفته | سرانه خرید ضعیف (0.63) | حد ضرر دور (8.0٪)
ساذری,آذریت‌,سایر محصولات کانی غیرفلزی,21.3,اجتناب,20,70,35,10,29660,20261005,14.7,-3.3,-29,-76.4,4.2,-7.3,-7,52.8,4,0,true,38.6,3.56,below,-31.5,0.84,28757,30496,0,-0.12,4.1,1.52,0.68,,,,,28757,28229,30496,31266,0.58,نقدشوندگی پایین | بدون EPS مثبت | نقدشوندگی کمتر از ۱۰ میلیارد تومان
شرنگی,شیمیایی رنگین,محصولات شیمیایی,21.1,اجتناب,65,40,0.5,14,18550,20261005,-5.9,-5.3,50.4,3.1,-3.6,7.7,49.8,48.4,0,0,false,30.5,4.1,above,-10.9,0.89,18197,18883,-3.9,-14.34,0.63,-5.01,2.49,317,58.52,8.01,630.6,18197,17816,18883,20817,0.45,نقدشوندگی پایین | واگرایی منفی RSI | خروج مستمر پول حقیقی | P/E بالا (59) | سرانه خرید ضعیف (0.63) | واگرایی منفی | نقدشوندگی کمتر از ۱۰ میلیارد تومان
رانفور,خدمات‌انفورماتیک‌,رایانه و فعالیت‌های وابسته به آن,21,اجتناب,31,8,26.5,14,4850,20261005,-5.8,-10.2,-10,-57.3,-7,-8.3,22.9,37.5,1,0,false,15.6,3.85,inside,-18.5,0.93,3696,4910,-4.87,23.67,0.7,-15.51,9.07,154,31.49,18.19,73.1,4663,4477,4910,5080,0.16,P/E بالا (31) | توزیع: ورود حقیقی با سرانه خرید ضعیف (0.79 در ۲۰ روز) | سرانه خرید ضعیف (0.70) | حد ضرر دور (7.7٪) | نقدشوندگی کمتر از ۱۰ میلیارد تومان | شناوری کم (14٪)
ثنوسا,نوسازی‌وساختمان‌تهران‌,انبوه سازی، املاک و مستغلات,20.1,اجتناب,41,18,2.7,14,8170,20261005,-6.9,-15.9,14.3,-33.1,-10.9,-6.7,18,36.7,1,0,false,27.5,3.89,inside,-24,1.04,7980,8525,-2.76,-6.56,0.85,-10.87,8.44,62,131.77,6.61,1893.6,7980,7821,8525,9040,1.02,واگرایی منفی RSI | P/E بالا (132) | واگرایی منفی | نقدشوندگی کمتر از ۱۰ میلیارد تومان
وایران,لیزینگ ایرانیان,سایر واسطه گریهای مالی,18.5,اجتناب,16,18,16.5,24,4760,20261005,-5.2,-19.7,13.3,-34,-7.2,-3.8,-27.5,38.5,0,0,false,30.3,3.91,inside,-61.9,0.75,4400,5099,-0.16,0.27,0.71,-6.43,7.05,200,23.8,9.94,139.4,4574,4307,5099,5957,0.75,توزیع: ورود حقیقی با سرانه خرید ضعیف (0.62 در ۲۰ روز) | سرانه خرید ضعیف (0.71) | حد ضرر دور (9.5٪) | نقدشوندگی کمتر از ۱۰ میلیارد تومان
فکمند,گسترش قطعه سازی کمند,ساخت محصولات فلزی,17.8,اجتناب,48,30,19.6,10,12200,20261005,-0.5,-1.5,5.8,-41.6,-3.3,4.1,-14.7,48.1,0,0,false,17,4.21,above,-54.9,0.83,11933,13062,0,0.11,0.96,-0.89,2.91,,,,,11933,11676,13062,13275,1.65,نقدشوندگی پایین | بدون EPS مثبت | توزیع: ورود حقیقی با سرانه خرید ضعیف (0.88 در ۲۰ روز) | نقدشوندگی کمتر از ۱۰ میلیارد تومان
ثزاگرس,سرمایه گذاری توسعه عمران زاگرس,انبوه سازی، املاک و مستغلات,17.6,اجتناب,10,20,2.3,40,106700,20261005,-3.2,-2.2,-35.6,-83,-4.4,-4.4,-26.7,41.4,3,0,false,28.6,4.07,below,-51.1,0.85,103200,111885,-0.02,-0.08,0.87,-4.2,6.37,123,867.48,,,103200,101028,111885,113600,0.91,P/E بالا (867) | نقدشوندگی کمتر از ۱۰ میلیارد تومان
خلیبل,مالیبل سایپا,خودرو و ساخت قطعات,15.1,اجتناب,50,30,6.4,10,1748,20261005,1.2,-9.5,2.3,-45.1,-4.6,-1.5,7.7,44.5,2,1,false,25.3,3.92,above,-15.8,1.06,1720,1797,0,0,1.05,-0.16,0.53,,,,,1720,1685,1797,1842,0.79,نقدشوندگی پایین | بدون EPS مثبت | نقدشوندگی کمتر از ۱۰ میلیارد تومان | صف فروش در ۵ روز اخیر
نبروج,نساجی بروجرد,منسوجات,15,اجتناب,55,55,0,10,19520,20260914,4.1,-3.1,-11.9,-59.2,2.3,-8.8,11.8,45.3,12,0,true,48.7,1.25,below,-24.3,0.56,18380,22188,0,0,,0,0.37,,,,,19276,19033,22188,22725,5.48,نقدشوندگی پایین | بدون EPS مثبت | سهم صفی: 12 روز از ۲۰ روز در صف (ریسک نقدشوندگی و اجرای حد ضرر) | 1041٪ بالای کف ۵۲ هفته | نقدشوندگی کمتر از ۱۰ میلیارد تومان | آخرین معامله 20260914 (متوقف یا کم‌معامله)
تاتمس,کارخانجات صنعتی وتولیدی اتمسفر,ماشین آلات و تجهیزات,4.6,اجتناب,35,8,0,30,12550,20260930,-10.2,-12.5,-14.7,-62.1,-8.8,-3.4,14.1,38.1,4,3,false,27.2,3.51,below,-16.9,0.69,12078,12994,-0.24,-4.98,0.39,-0.99,0.51,248,50.6,,,12110,11858,12994,13274,0.64,نقدشوندگی پایین | واگرایی منفی RSI | خروج مستمر پول حقیقی | P/E بالا (51) | سرانه خرید ضعیف (0.39) | واگرایی منفی | نقدشوندگی کمتر از ۱۰ میلیارد تومان | صف فروش در ۵ روز اخیر | آخرین معامله 20260930 (متوقف یا کم‌معامله)
