symbol,name,sector,score,signal,trend,momentum,money,value,close,lastDate,ret5,ret20,ret60,rs60,vsSma20,vsSma50,vsSma200,rsi,lockedDays20,sellQueueDays5,macdAboveSignal,adx,atrPct,cloud,fromHigh52,volRatio,support1,resistance1,netReal5B,netReal20B,power5,smt5B,liquidityB,eps,pe,sectorPE,peVsSector,entryLow,stop,target1,target2,rr,flags
داتام,گروه مالی داتام,سرمایه گذاریها,90.5,قوی ولی پرریسک؛ فعلاً ورود نه,100,80,98,80,4050,20261010,3.1,1.9,38,-28.4,8,17.7,51.3,66.8,4,1,true,31.3,3.05,above,0,1.39,3936,,28.04,39.48,27.9,36.3,6.05,1405,2.88,7.13,-59.6,3936,3875,4420,4667,2.11,51٪ بالای MA200 | نقدشوندگی کمتر از ۱۰ میلیارد تومان | شناوری کم (5٪) | صف فروش در ۵ روز اخیر
الکتروماد,صنایع الکترونیک مادیران,ماشین آلات و تجهیزات,89.6,پرریسک؛ صفی/رشد عمودی,100,85,98.5,72,5730,20261010,10.4,21.9,108.9,42.5,13,26,107.9,76,6,0,true,45.4,2.83,above,-1.5,1.82,5370,,56.67,55.86,16.22,100.41,25.26,957,5.99,9.66,-38,5568,5324,6217,6542,1.2,واگرایی منفی RSI | سهم صفی: 6 روز از ۲۰ روز در صف (ریسک نقدشوندگی و اجرای حد ضرر) | رشد عمودی (109٪ در ۶۰ روز، 26٪ بالای MA50) | 108٪ بالای MA200 | واگرایی منفی | حد ضرر دور (7.1٪)
ثبهساز,بهساز کاشانه تهران,انبوه سازی، املاک و مستغلات,88.1,قوی ولی پرریسک؛ فعلاً ورود نه,100,80,88.3,80,2073,20261010,3.1,7,33.1,-33.3,6.2,9.2,56.1,61,1,0,true,21.4,3.17,above,-4.3,1.6,2033,,2.81,68.92,1.21,37.98,41.06,655,3.16,6.61,-52.1,2033,2000,2270,2401,2.7,56٪ بالای MA200
معین,بیمه ایران - معین,بیمه وصندوق بازنشستگی به جزتامین اجتماعی,87.6,پرریسک؛ صفی/رشد عمودی,100,75,98.5,72,3590,20261010,2,16.9,78,11.6,12.1,31,69.2,79.2,4,0,true,64,3.17,above,-1.6,1.32,3130,3650,17.88,24.1,6.22,51.89,13.45,644,5.57,18.13,-69.3,3476,3362,3650,3878,0.26,واگرایی منفی RSI | اشباع خرید | رشد عمودی (78٪ در ۶۰ روز، 31٪ بالای MA50) | 69٪ بالای MA200 | واگرایی منفی
ودی,بیمه  دی,بیمه وصندوق بازنشستگی به جزتامین اجتماعی,87.3,قوی ولی پرشده؛ منتظر پولبک,100,85,89,72,7520,20261010,8.8,21.1,87.1,20.6,14.4,28.1,68.2,75.6,1,0,true,44.8,2.83,above,-0.1,0.98,7120,,3.83,8.23,1.83,3.09,3.55,1197,6.28,18.13,-65.3,7308,7014,8157,8582,1.26,واگرایی منفی RSI | 68٪ بالای MA200 | واگرایی منفی | نقدشوندگی کمتر از ۱۰ میلیارد تومان
ثباغ,شهر سازی و خانه سازی باغمیشه,انبوه سازی، املاک و مستغلات,86,قوی ولی پرشده؛ منتظر پولبک,100,65,100,72,8730,20261010,14.3,14.4,54.5,-11.9,13.2,23.6,70.6,76,3,0,true,43.3,3.2,above,-1,2.07,7957,,98.32,121.87,10.53,70.24,14.73,1129,7.73,23.59,-67.2,8451,8032,9568,10126,1.2,71٪ بالای MA200 | حد ضرر دور (8.0٪)
خیمن,ایمن خودرو شرق,خودرو و ساخت قطعات,84.7,قوی؛ نزدیک مقاومت، منتظر شکست یا پولبک,100,70,83,80,5440,20261010,0.6,12.2,52.8,-13.6,6,9.7,58.2,61.2,0,0,true,32.5,3.5,above,-4.9,0.94,5310,5650,2.69,40.15,1.46,34.86,29.11,1533,3.55,5.87,-39.5,5310,5215,5650,6031,0.93,58٪ بالای MA200
ولساپا,لیزینگ رایان‌ سایپا,سایر واسطه گریهای مالی,84.5,پرریسک؛ صفی/رشد عمودی,100,70,90,72,1962,20261010,15.8,70.5,118.4,52,28.8,65.7,141.1,95.8,16,0,true,74.4,2.31,above,0,0.71,1076,,37.74,131.27,6.52,83.81,26.92,335,5.86,9.94,-41.1,1917,1871,2098,2189,1.5,اشباع خرید | فاصله زیاد از MA20 | سهم صفی: 16 روز از ۲۰ روز در صف (ریسک نقدشوندگی و اجرای حد ضرر) | رشد عمودی (118٪ در ۶۰ روز، 66٪ بالای MA50) | 141٪ بالای MA200
داترا,آترا زیست آرای,مواد و محصولات دارویی,84.3,پرریسک؛ صفی/رشد عمودی,100,85,99,50,8410,20261010,10.9,26.1,76.1,9.7,16.7,28.9,,79.2,6,0,true,38.6,2.96,above,-1.3,1.71,7265,,66.34,122.05,24.76,102.33,46.39,777,10.82,12.91,-16.2,8161,7912,9158,9656,1.5,اشباع خرید | فاصله زیاد از MA20 | سهم صفی: 6 روز از ۲۰ روز در صف (ریسک نقدشوندگی و اجرای حد ضرر) | 226٪ بالای کف ۵۲ هفته
فخاس,فولاد خراسان,فلزات اساسی,83.9,قوی ولی پرریسک؛ فعلاً ورود نه,100,85,97.5,50,3920,20261010,2.9,15.3,98.6,32.2,10.9,28.8,82.1,74.2,2,0,true,47.7,3.09,above,0,1.27,3830,,63.6,53.75,2.12,34.74,32.67,363,10.8,13.48,-19.9,3830,3770,4283,4525,2.41,82٪ بالای MA200 | شناوری کم (4٪)
پی پاد,پرداخت الکترونیک پاسارگاد,رایانه و فعالیت‌های وابسته به آن,83.9,پرریسک؛ صفی/رشد عمودی,95,65,97.5,72,7550,20261010,1.5,-4.9,114.5,48.1,1.1,12.8,86.5,58.5,5,1,false,34.3,3.46,above,-9.6,1.23,7190,7830,13.25,52.16,2.56,85.03,34,1006,7.5,18.19,-58.7,7289,7060,7830,8350,0.57,رشد عمودی (114٪ در ۶۰ روز، 13٪ بالای MA50) | 87٪ بالای MA200 | شناوری کم (12٪) | صف فروش در ۵ روز اخیر
کگهر,معدنی و صنعتی گهرزمین,استخراج کانه های فلزی,83.9,قوی؛ نزدیک مقاومت، منتظر شکست یا پولبک,95,88,89,62,8180,20261010,9.9,0.2,64.9,-1.5,6.2,14.6,54.1,65.3,3,0,true,26.1,3.07,above,-4.2,1.01,7870,8540,162.66,241.95,11.76,172.15,58.61,870,9.4,14.44,-34.9,7929,7745,8540,9042,0.83,واگرایی منفی RSI | توزیع: ورود حقیقی با سرانه خرید ضعیف (0.86 در ۲۰ روز) | 54٪ بالای MA200 | واگرایی منفی
اخابر,مخابرات ایران,مخابرات,82.4,قوی؛ نزدیک مقاومت، منتظر شکست یا پولبک,95,100,98.5,37,1110,20261010,13.5,7.8,71.3,4.9,6.2,17,86,67,4,0,true,31.5,3.35,above,-3.5,1.36,1069,1150,228.25,217.82,6.71,255.75,138.31,124,8.95,8.37,6.9,1073,1050,1150,1224,0.67,واگرایی منفی RSI | توزیع: ورود حقیقی با سرانه خرید ضعیف (0.81 در ۲۰ روز) | 86٪ بالای MA200 | واگرایی منفی
توریل,توکاریل,حمل ونقل، انبارداری و ارتباطات,82.2,قوی ولی پرریسک؛ فعلاً ورود نه,100,80,84.6,60,3730,20261010,6.9,9.7,45.9,-20.5,7.5,17.4,37.1,66.9,1,0,true,35.6,3.24,above,-1.3,1.06,3680,,15.35,61.05,1.41,16.23,12.83,616,6.06,7.68,-21.2,3680,3620,4093,4334,3.28,واگرایی منفی RSI | واگرایی منفی
فتوسا,تولید و توسعه سرب روی ایرانیان,فلزات اساسی,81.9,پرریسک؛ صفی/رشد عمودی,100,85,79.5,60,8070,20261010,9.6,25.1,82.3,15.8,13.3,32.6,121.8,78.1,6,0,true,51.3,2.85,above,-0.1,0.71,7350,,8.19,14.34,3.72,40.73,19.81,1389,5.81,8.05,-27.8,7840,7611,8759,9218,1.5,اشباع خرید | سهم صفی: 6 روز از ۲۰ روز در صف (ریسک نقدشوندگی و اجرای حد ضرر) | رشد عمودی (82٪ در ۶۰ روز، 33٪ بالای MA50) | 122٪ بالای MA200
حآفرین,ریل پرداز نو آفرین,حمل ونقل، انبارداری و ارتباطات,81.8,پرریسک؛ صفی/رشد عمودی,95,75,63,90,3010,20261010,9.2,2.1,72.9,6.5,2.4,24.3,86.6,63.7,7,0,false,40.2,3.29,above,-12.5,0.81,2881,3440,18.81,-42.85,3.87,22.19,41.06,704,4.28,7.68,-44.3,2911,2832,3440,3638,2.41,خروج مستمر پول حقیقی | سهم صفی: 7 روز از ۲۰ روز در صف (ریسک نقدشوندگی و اجرای حد ضرر) | 87٪ بالای MA200
اتکام,بیمه اتکایی امین,بیمه وصندوق بازنشستگی به جزتامین اجتماعی,81.4,قوی ولی پرریسک؛ فعلاً ورود نه,100,85,97.5,80,2259,20261010,11.8,17.6,69.5,3.1,9.4,18.6,50,73.6,2,0,true,38.9,2.92,above,-0.3,1.69,2166,,9.17,4.55,6.56,6.41,1.96,925,2.44,4.59,-46.8,2193,2133,2457,2589,1.57,نقدشوندگی پایین | واگرایی منفی RSI | واگرایی منفی | نقدشوندگی کمتر از ۱۰ میلیارد تومان | شناوری کم (14٪)
لبوتان,گروه‌صنعتی‌بوتان‌,ماشین آلات و تجهیزات,81.2,قوی ولی پرریسک؛ فعلاً ورود نه,100,80,93.8,47,4780,20261010,4.1,8.6,31.4,-35,7.9,13.2,51.7,66.1,1,0,true,38.5,3.42,above,-2.4,1.27,4660,,8.32,28.01,1.41,3.63,7.53,849,5.63,5.15,9.3,4660,4578,5270,5597,2.43,52٪ بالای MA200 | نقدشوندگی کمتر از ۱۰ میلیارد تومان
شجم,صنایع پتروشیمی تخت جمشید,محصولات شیمیایی,81.1,پرریسک؛ صفی/رشد عمودی,100,70,88.5,60,13750,20261010,14.5,31.2,69.8,3.3,21.6,36.5,51.8,84.7,7,0,true,47,2.74,above,-0.9,0.95,11050,,14.76,31.69,7.23,13.02,13.74,1969,6.98,8.01,-12.8,13373,12996,14881,15635,1.5,واگرایی منفی RSI | اشباع خرید | فاصله زیاد از MA20 | سهم صفی: 7 روز از ۲۰ روز در صف (ریسک نقدشوندگی و اجرای حد ضرر) | رشد عمودی (70٪ در ۶۰ روز، 36٪ بالای MA50) | 52٪ بالای MA200 | واگرایی منفی
وصنعت,سرمایه گذاری توسعه صنعت وتجارت,سرمایه گذاریها,81.1,قوی؛ نزدیک مقاومت، منتظر شکست یا پولبک,100,63,73.8,80,3080,20261010,5.4,9.2,59.9,-6.5,4.9,15.4,56.7,67.2,2,0,false,28.5,2.98,above,-2.5,0.82,3000,3159,1.25,0.96,1.43,5.15,4.22,884,3.48,7.13,-51.1,3000,2954,3159,3343,0.63,57٪ بالای MA200 | نقدشوندگی کمتر از ۱۰ میلیارد تومان | شناوری کم (13٪)
تفارس,تامین سرمایه خلیج فارس,فعالیتهای کمکی به نهادهای مالی واسط,80.9,قوی؛ نزدیک مقاومت، منتظر شکست یا پولبک,95,75,77.5,72,1974,20261010,8.8,2.7,98,31.6,6.4,21.8,96.8,67.8,2,0,false,30.5,3.28,above,-3.2,0.89,1893,2035,10.6,5.28,6.16,12.15,6.33,329,6,9.46,-36.6,1909,1860,2035,2164,0.53,97٪ بالای MA200 | نقدشوندگی کمتر از ۱۰ میلیارد تومان
پتایر,ایران‌ تایر,لاستیک و پلاستیک,80.8,قوی ولی پرریسک؛ فعلاً ورود نه,100,100,76.1,47,3006,20261010,8.6,3.8,72.7,6.3,7.3,16.2,59.9,65.9,2,0,true,28,3.45,above,-0.6,0.91,2954,,13.87,6.99,1.5,14.24,22.56,392,7.67,8.21,-6.6,2954,2902,3317,3524,2.99,توزیع: ورود حقیقی با سرانه خرید ضعیف (0.74 در ۲۰ روز) | 60٪ بالای MA200
رافزا,رایان هم افزا,رایانه و فعالیت‌های وابسته به آن,80.5,پرریسک؛ صفی/رشد عمودی,100,75,62,80,11680,20261010,11.7,14.1,73.5,7.1,3.7,25.7,108.7,65.5,13,0,false,42.5,3.01,above,-7,1.1,10360,12560,12.12,-11.25,66.65,18.43,12.99,2957,3.95,8.89,-55.6,11328,10976,12560,13264,1.25,سهم صفی: 13 روز از ۲۰ روز در صف (ریسک نقدشوندگی و اجرای حد ضرر) | 109٪ بالای MA200
بخاور,بیمه زندگی خاورمیانه,بیمه وصندوق بازنشستگی به جزتامین اجتماعی,80.5,پرریسک؛ صفی/رشد عمودی,100,50,100,62,8880,20261010,15.6,34.1,54.5,-11.9,22.1,35.5,102.4,88.8,11,0,true,44.8,2.4,above,0,1.57,7010,,37.21,36.68,31.12,36.41,5.53,813,10.92,18.13,-39.8,8667,8454,9518,9944,1.5,اشباع خرید | فاصله زیاد از MA20 | سهم صفی: 11 روز از ۲۰ روز در صف (ریسک نقدشوندگی و اجرای حد ضرر) | رشد عمودی (54٪ در ۶۰ روز، 35٪ بالای MA50) | 102٪ بالای MA200 | نقدشوندگی کمتر از ۱۰ میلیارد تومان
البرز,بیمه البرز,بیمه وصندوق بازنشستگی به جزتامین اجتماعی,80.1,پرریسک؛ صفی/رشد عمودی,100,70,89.5,55,3690,20261010,13.5,51.2,78.2,11.8,22.6,53.4,86.5,93.3,9,0,true,70.3,2.57,above,-0.5,0.9,2896,,52.43,145.18,3.92,34.95,38.65,758,4.87,4.59,6.1,3595,3500,3975,4165,1.5,اشباع خرید | فاصله زیاد از MA20 | سهم صفی: 9 روز از ۲۰ روز در صف (ریسک نقدشوندگی و اجرای حد ضرر) | رشد عمودی (78٪ در ۶۰ روز، 53٪ بالای MA50) | 87٪ بالای MA200 | شناوری کم (13٪)
نیان,نیان الکترونیک,تولید محصولات کامپیوتری الکترونیکی ونوری,80.1,قوی ولی پرشده؛ منتظر پولبک,100,65,88.5,60,4160,20261010,6.4,14.6,48.4,-18,12.6,21.2,39.6,71.7,3,0,true,31.9,2.99,above,0,1.03,3900,4473,12.75,13.16,9.79,30.73,10.58,678,6.14,7.98,-23.1,4035,3849,4473,4722,1.01,واگرایی منفی RSI | واگرایی منفی | حد ضرر دور (7.5٪)
خکار,ایرکا پارت صنعت,خودرو و ساخت قطعات,80.1,پرریسک؛ صفی/رشد عمودی,100,65,98.5,50,2273,20261010,15.8,16.7,52.4,-14,16.9,25.2,69.4,77,7,0,true,32.9,2.98,above,0,1.21,2047,,43.37,20.78,7.62,54.26,12.36,504,4.51,,,2205,2138,2476,2612,1.5,واگرایی منفی RSI | فاصله زیاد از MA20 | سهم صفی: 7 روز از ۲۰ روز در صف (ریسک نقدشوندگی و اجرای حد ضرر) | 69٪ بالای MA200 | واگرایی منفی
تماوند,تامین سرمایه دماوند,فعالیتهای کمکی به نهادهای مالی واسط,80.1,قوی؛ نزدیک مقاومت، منتظر شکست یا پولبک,100,80,76.3,60,2542,20261010,-0.2,10.2,25.9,-40.6,2.8,9.4,13.1,59.6,1,0,true,21.9,3.34,above,-4.8,2.52,2451,2594,39.86,47.81,1.23,8.32,15.14,337,7.54,9.46,-20.3,2457,2409,2594,2669,0.39,
وسبحان,سرمایه گذاری سبحان,سرمایه گذاریها,79.9,پرریسک؛ صفی/رشد عمودی,100,70,83.5,80,4050,20261005,14.1,26.2,95.7,29.3,15.3,30,106.8,81.7,2,0,true,53.6,2.74,above,-0.2,2.18,3550,,62.75,64.72,1.63,-0.18,12.38,956,4.24,8.73,-51.5,3939,3828,4384,4606,1.5,واگرایی منفی RSI | اشباع خرید | فاصله زیاد از MA20 | رشد عمودی (96٪ در ۶۰ روز، 30٪ بالای MA50) | 107٪ بالای MA200 | واگرایی منفی | آخرین معامله 20261005 (متوقف یا کم‌معامله)
ولکار,لیزینگ کارآفرین,سایر واسطه گریهای مالی,79.8,قوی؛ نزدیک مقاومت، منتظر شکست یا پولبک,88,80,99.5,50,5660,20261010,7.8,3.1,39.1,-27.3,8.6,11.2,56.6,65.3,3,0,true,18.3,3.43,above,-2.4,1.72,5430,5785,30.87,37.55,35.56,49.11,6.3,641,8.83,9.94,-11.2,5466,5333,5785,6173,0.38,57٪ بالای MA200 | نقدشوندگی کمتر از ۱۰ میلیارد تومان
آسیا,بیمه آسیا,بیمه وصندوق بازنشستگی به جزتامین اجتماعی,79.7,قوی ولی پرریسک؛ فعلاً ورود نه,100,80,54.7,80,4310,20261010,2.1,6.9,55.5,-10.9,8.2,16,93.5,66.4,5,0,true,25.6,3.21,above,0,0.8,4170,,9.27,69.84,0.89,-14.92,22.61,1869,2.31,4.59,-49.8,4172,4101,4725,5001,1.98,94٪ بالای MA200 | شناوری کم (14٪)
واعتبار,سرمایه گذاری اعتبار ایران,سرمایه گذاریها,79.4,پرریسک؛ صفی/رشد عمودی,100,50,77.5,80,3850,20261010,3.5,32.2,101.9,35.4,9.7,37.2,108.4,79.2,3,0,false,70.4,2.91,above,-3.3,0.75,3610,,1.22,1.05,1.7,7.28,5.19,827,4.66,7.13,-34.7,3738,3569,4187,4411,1.2,اشباع خرید | رشد عمودی (102٪ در ۶۰ روز، 37٪ بالای MA50) | 108٪ بالای MA200 | حد ضرر دور (7.3٪) | نقدشوندگی کمتر از ۱۰ میلیارد تومان
ثامید,توسعه و عمران امید,انبوه سازی، املاک و مستغلات,79.3,قوی؛ نزدیک مقاومت، منتظر شکست یا پولبک,100,80,53,80,1943,20261010,3.5,5.1,40.5,-25.9,3.6,10.8,46.9,62.4,0,0,true,22.5,3.02,above,-2.9,0.68,1836,2001,-3.82,10.59,4.32,27.83,12.43,547,3.55,6.61,-46.3,1884,1807,2001,2118,0.43,واگرایی منفی RSI | 157٪ بالای کف ۵۲ هفته | واگرایی منفی | حد ضرر دور (7.0٪) | شناوری کم (13٪)
فولاد,فولاد مبارکه اصفهان,فلزات اساسی,79.2,پرریسک؛ صفی/رشد عمودی,100,58,78.5,72,4100,20261010,10.5,38.2,60.8,-5.7,18.1,40.3,67.3,85.3,4,0,true,62,2.88,above,0,0.68,3590,,1039.99,1122.63,6.92,1045.87,1362.25,518,7.92,13.48,-41.3,3982,3864,4454,4691,1.5,اشباع خرید | فاصله زیاد از MA20 | رشد عمودی (61٪ در ۶۰ روز، 40٪ بالای MA50) | 67٪ بالای MA200
فایرا,آلومینیوم‌ایران‌,فلزات اساسی,79,قوی ولی پرریسک؛ فعلاً ورود نه,100,88,53.6,72,16660,20261010,2,5.8,65,-1.4,9.2,15.7,112.9,66.7,2,0,true,32.9,3.2,above,-0.4,1.21,16220,,8.63,60.45,0.82,-54.73,72.76,2419,6.89,13.48,-48.9,16220,15954,18258,19324,2.26,واگرایی منفی RSI | توزیع: ورود حقیقی با سرانه خرید ضعیف (0.66 در ۲۰ روز) | 113٪ بالای MA200 | واگرایی منفی
فسازان,غلتک سازان سپاهان,فلزات اساسی,78.6,پرریسک؛ صفی/رشد عمودی,100,75,62.5,72,15250,20261010,9.3,6.4,90.4,24,6.9,20.9,143.2,67.5,7,0,false,41,2.9,above,-4.4,0.63,14260,15960,7,-80.2,2.86,14.64,44.91,2578,5.92,13.48,-56.1,14807,14143,15960,16846,0.64,خروج مستمر پول حقیقی | سهم صفی: 7 روز از ۲۰ روز در صف (ریسک نقدشوندگی و اجرای حد ضرر) | 143٪ بالای MA200 | حد ضرر دور (7.3٪)
ومدیر,گ.مدیریت ارزش سرمایه ص ب کشوری,سرمایه گذاریها,78.6,قوی ولی پرریسک؛ فعلاً ورود نه,100,65,62.5,80,3360,20261010,8.4,13.1,55.8,-10.6,9.9,21.1,50.8,73.2,3,0,true,33.1,2.73,above,0,1.08,3229,,4.6,-4.18,8.31,26.47,6.88,904,3.72,7.13,-47.9,3268,3183,3636,3819,1.56,51٪ بالای MA200 | نقدشوندگی کمتر از ۱۰ میلیارد تومان
غشاذر,پگاه‌آذربایجان‌غربی‌,محصولات غذایی و آشامیدنی به جز قند و شکر,78.5,پرریسک؛ صفی/رشد عمودی,100,85,89,37,23500,20261010,10.2,22.2,69.6,3.1,15.8,25,94.4,78.4,6,0,true,29.9,3.15,above,0,0.8,20600,,0.93,43.55,4.51,6.3,12.13,2810,8.36,8.53,-2,22760,22021,25719,27198,1.5,واگرایی منفی RSI | اشباع خرید | فاصله زیاد از MA20 | سهم صفی: 6 روز از ۲۰ روز در صف (ریسک نقدشوندگی و اجرای حد ضرر) | 94٪ بالای MA200 | واگرایی منفی
کیمیاتک,آریان کیمیا تک,محصولات شیمیایی,78.5,قوی ولی پرریسک؛ فعلاً ورود نه,100,90,98,24,22560,20261010,0.2,14.1,70.8,4.4,5,20.4,122.7,64.4,5,0,true,49.7,2.98,above,-6.3,1.99,22210,,113.26,118.65,3.17,60.36,38.02,1968,11.46,9.63,19,22210,21874,24576,25920,2.94,123٪ بالای MA200
خکرمان,سرمایه گذاری آرمان گستر پاریز,خودرو و ساخت قطعات,78.4,قوی؛ نزدیک مقاومت، منتظر شکست یا پولبک,100,75,53.5,80,11670,20261010,0.8,23.1,77.5,11.1,4,26.2,103.8,66.4,3,0,false,46.2,3.39,above,-3,0.82,10920,11990,12.21,141.25,0.7,-45.54,45.42,4303,2.71,5.87,-53.8,11274,10722,11990,12782,0.34,واگرایی منفی RSI | توزیع: ورود حقیقی با سرانه خرید ضعیف (0.61 در ۲۰ روز) | 104٪ بالای MA200 | سرانه خرید ضعیف (0.70) | واگرایی منفی | حد ضرر دور (8.1٪)
وبانک,سرمایه گذاری گروه توسعه ملی,شرکتهای چند رشته ای صنعتی,78,پرریسک؛ صفی/رشد عمودی,100,70,63.9,72,15480,20261010,10.3,27.4,88.2,21.8,19.3,42.2,102.5,84.9,6,0,true,65.4,2.77,above,-0.1,1.46,12545,,211.14,319.88,0.82,-204.82,168.28,2109,7.34,10.88,-32.5,15051,14623,16766,17624,1.5,واگرایی منفی RSI | اشباع خرید | فاصله زیاد از MA20 | سهم صفی: 6 روز از ۲۰ روز در صف (ریسک نقدشوندگی و اجرای حد ضرر) | رشد عمودی (88٪ در ۶۰ روز، 42٪ بالای MA50) | توزیع: ورود حقیقی با سرانه خرید ضعیف (0.84 در ۲۰ روز) | 102٪ بالای MA200 | واگرایی منفی
فسبزوار,پارس فولاد سبزوار,فلزات اساسی,77.9,پرریسک؛ صفی/رشد عمودی,100,70,63.5,72,96400,20261010,15.1,22.6,74.7,8.3,19.5,30,96.3,81,4,0,true,36.8,2.69,above,0,0.81,74940,,56.24,-10.25,22.26,105.8,55.73,14489,6.65,13.48,-50.6,93805,91209,104186,109377,1.5,واگرایی منفی RSI | اشباع خرید | فاصله زیاد از MA20 | رشد عمودی (75٪ در ۶۰ روز، 30٪ بالای MA50) | 96٪ بالای MA200 | واگرایی منفی
فن افزار,توسعه فن افزار توسن,رایانه و فعالیت‌های وابسته به آن,77.9,قوی ولی پرریسک؛ فعلاً ورود نه,85,65,87.5,70,10450,20261010,0.5,-5.9,94.6,28.2,-2,11.1,130.5,53.1,1,0,false,43.1,3.44,above,-11.1,1.3,10090,11440,53.5,7.34,3.65,83.96,24.1,1478,7.07,8.89,-20.5,10091,9910,11440,11750,1.83,130٪ بالای MA200
زفارس,کشت وصنعت و دامپروری پگاه فارس,زراعت و خدمات وابسته,77.6,قوی؛ نزدیک مقاومت، منتظر شکست یا پولبک,100,80,89.5,37,25570,20261010,4.4,2.6,48.1,-18.3,4.3,14.4,,64.7,4,0,true,34.6,3.06,above,-5.2,0.89,24440,26970,7.92,23.33,2.93,25.61,10.49,2916,8.77,8.07,8.7,24787,24048,26970,28536,0.92,واگرایی منفی RSI | 190٪ بالای کف ۵۲ هفته | واگرایی منفی
بنو,بیمه تجارت نو,بیمه وصندوق بازنشستگی به جزتامین اجتماعی,77.4,قوی؛ نزدیک مقاومت، منتظر شکست یا پولبک,88,80,78,62,2099,20261010,4.2,2,33.9,-32.6,5.1,9.2,39.1,60.4,3,0,true,18.5,3.37,above,-4.2,0.75,2077,2130,2.53,3.26,1.61,2.13,6.84,239,8.78,18.13,-51.6,2077,2041,2130,2190,0.54,توزیع: ورود حقیقی با سرانه خرید ضعیف (0.77 در ۲۰ روز) | نقدشوندگی کمتر از ۱۰ میلیارد تومان
اسیاتک,انتقال داده های آسیاتک,اطلاعات و ارتباطات,77.4,پرریسک؛ صفی/رشد عمودی,100,70,61.5,72,5090,20261010,12.1,20.6,118.4,52,14.9,31.6,95.2,81.5,4,0,true,44.8,3.06,above,-1.7,0.76,4470,,19.72,-4.44,4.47,55.35,39.78,1000,5.09,7.97,-36.1,4934,4778,5558,5870,1.5,واگرایی منفی RSI | اشباع خرید | رشد عمودی (118٪ در ۶۰ روز، 32٪ بالای MA50) | 95٪ بالای MA200 | واگرایی منفی
اپال,فرآوری معدنی اپال کانی پارس,استخراج کانه های فلزی,77.4,قوی؛ نزدیک مقاومت، منتظر شکست یا پولبک,95,70,89.5,50,15640,20261010,8.3,-3,47.8,-18.6,7.5,16.5,52.3,67.2,2,0,true,26.7,3,above,-5.8,1.01,14170,16600,13.23,58.95,13.36,30.95,11,1442,10.85,13.76,-21.2,15172,14703,16600,17537,1.02,52٪ بالای MA200 | شناوری کم (9٪)
فاراک,ماشین‌ سازی‌ اراک‌,ساخت محصولات فلزی,77.1,پرریسک؛ صفی/رشد عمودی,100,100,61.5,47,3360,20261010,14.6,5,121.3,54.9,9.2,18.4,108.5,69.6,3,0,true,37.5,3.26,above,-0.3,1,3280,,16.2,-19.57,8.66,78.45,66.89,423,7.94,7.54,5.3,3280,3225,3688,3907,2.44,واگرایی منفی RSI | رشد عمودی (121٪ در ۶۰ روز، 18٪ بالای MA50) | 108٪ بالای MA200 | واگرایی منفی
وتوکا,سرمایه‌گذاری‌توکافولاد(هلدینگ,فلزات اساسی,77.1,پرریسک؛ صفی/رشد عمودی,100,85,48.5,72,4160,20261010,7.5,13.7,106.3,39.9,11,27.1,64.1,72.6,6,0,true,36.5,3.03,above,0,1.2,4010,,-7.44,-2.95,4.92,8.04,31.57,724,5.75,13.48,-57.4,4034,3947,4538,4791,1.78,واگرایی منفی RSI | سهم صفی: 6 روز از ۲۰ روز در صف (ریسک نقدشوندگی و اجرای حد ضرر) | رشد عمودی (106٪ در ۶۰ روز، 27٪ بالای MA50) | 64٪ بالای MA200 | واگرایی منفی
فافق,صنایع مس افق کرمان,فلزات اساسی,77,قوی ولی پرشده؛ منتظر پولبک,100,85,78,42,17120,20261010,11.4,13.2,76.6,10.2,11.1,24.1,101.4,76.3,4,0,true,40.9,3.16,above,0,1.19,16540,,23.34,6.84,2.04,12.94,10.87,2178,7.86,,,16578,16269,18745,19828,1.91,واگرایی منفی RSI | توزیع: ورود حقیقی با سرانه خرید ضعیف (0.85 در ۲۰ روز) | 101٪ بالای MA200 | واگرایی منفی
وکادو,تکادو,سرمایه گذاریها,76.9,پرریسک؛ صفی/رشد عمودی,100,70,89.5,42,5280,20261010,13.5,76.8,176.4,110,21.9,62.1,128.8,83.5,8,0,true,51.6,3.32,above,0,0.6,4940,,15.05,56.09,5.51,17.19,15.47,668,7.9,,,5105,4852,5805,6155,1.23,اشباع خرید | فاصله زیاد از MA20 | سهم صفی: 8 روز از ۲۰ روز در صف (ریسک نقدشوندگی و اجرای حد ضرر) | رشد عمودی (176٪ در ۶۰ روز، 62٪ بالای MA50) | 129٪ بالای MA200 | حد ضرر دور (8.1٪)
بشهاب,لامپ‌  پارس‌ شهاب‌,ماشین آلات و دستگاه‌های برقی,76.6,پرریسک؛ صفی/رشد عمودی,100,85,84.5,34,9570,20261010,9.7,9.4,76.9,10.5,8.2,18.4,77.5,70.7,11,0,true,33.3,3.26,above,-2.2,1.51,9066,9787,6.89,15.41,1.61,-6.91,10.66,1212,7.9,6.15,28.4,9258,8910,9787,10411,0.33,سهم صفی: 11 روز از ۲۰ روز در صف (ریسک نقدشوندگی و اجرای حد ضرر) | 77٪ بالای MA200 | شناوری کم (11٪)
بترانس,ایران‌ ترانسفو,ماشین آلات و دستگاه‌های برقی,76.5,قوی ولی پرشده؛ منتظر پولبک,100,65,87,47,4170,20261010,10.6,20.2,47.1,-19.3,15,25.7,63.3,78.6,4,0,true,31.7,2.89,above,0,0.94,3570,,91.32,219.02,5.98,65.21,118.89,747,5.58,6.15,-9.2,4049,3929,4532,4773,1.5,اشباع خرید | 63٪ بالای MA200
غدشت,دشت‌ مرغاب‌,محصولات غذایی و آشامیدنی به جز قند و شکر,76.2,پرریسک؛ صفی/رشد عمودی,100,73,89.5,37,4910,20261010,15.3,25.3,57.9,-8.5,18.5,29.9,68.3,79.7,7,0,true,27.9,2.69,above,0,0.97,4290,,20.14,20.67,7.35,25.11,10.32,591,8.31,8.53,-2.6,4778,4645,5307,5571,1.5,اشباع خرید | فاصله زیاد از MA20 | سهم صفی: 7 روز از ۲۰ روز در صف (ریسک نقدشوندگی و اجرای حد ضرر) | 68٪ بالای MA200
ومعادن,توسعه‌معادن‌وفلزات‌,استخراج کانه های فلزی,76.1,پرریسک؛ صفی/رشد عمودی,100,85,73.5,43,3910,20261010,6.3,14.7,95.8,29.4,10.3,29.7,84.9,74.9,7,0,true,38.5,3.27,above,0,0.87,3760,,178.3,445.23,1.82,-251.6,388.74,318,12.3,13.76,-10.6,3782,3696,4293,4549,1.79,سهم صفی: 7 روز از ۲۰ روز در صف (ریسک نقدشوندگی و اجرای حد ضرر) | توزیع: ورود حقیقی با سرانه خرید ضعیف (0.48 در ۲۰ روز) | 85٪ بالای MA200
وسپهر,گروه سرمایه گذاری سپهر صادرات,شرکتهای چند رشته ای صنعتی,75.8,قوی؛ نزدیک مقاومت، منتظر شکست یا پولبک,100,80,64,55,5020,20261010,2.2,0.4,48.1,-18.3,4.7,12.2,38,62.5,0,0,true,39.4,3.16,above,-2.5,0.95,4790,5150,7.17,-2.49,5.71,43.51,13.95,1149,4.37,4.03,8.4,4862,4711,5150,5467,0.42,
غشصفا,شیرپاستوریزه‌پگاه‌اصفهان‌,محصولات غذایی و آشامیدنی به جز قند و شکر,75.8,قوی ولی پرریسک؛ فعلاً ورود نه,100,75,63,60,27350,20261010,2.4,11.7,93.7,27.3,5.4,19.8,110.6,66.2,4,0,false,41.4,3.37,above,-1.9,0.83,23510,,7.19,-16.28,1.72,5.91,10.98,3764,7.27,8.53,-14.8,26429,25507,30114,31957,1.5,واگرایی منفی RSI | خروج مستمر پول حقیقی | 111٪ بالای MA200 | واگرایی منفی
مدیریت,س. و خدمات مدیریت صند. ب کشوری,سرمایه گذاریها,75.8,قوی ولی پرریسک؛ فعلاً ورود نه,100,65,99,72,5250,20261010,9.2,15.8,50.1,-16.3,9.1,19.8,57.9,74.6,3,0,true,38,2.83,above,-0.4,1.29,5068,,4.96,6.08,24.52,11.74,2,955,5.5,8.73,-37,5102,4993,5695,5992,1.73,نقدشوندگی پایین | واگرایی منفی RSI | 58٪ بالای MA200 | واگرایی منفی | نقدشوندگی کمتر از ۱۰ میلیارد تومان
شکبیر,پتروشیمی امیرکبیر,محصولات شیمیایی,75.6,پرریسک؛ صفی/رشد عمودی,100,65,88.5,42,154100,20261010,6.2,13.1,48.2,-18.2,10.9,24.1,53.5,70.6,6,0,true,37,3.01,above,-2.1,1,149000,157435,5.29,24.88,1.86,6.96,5.47,27918,5.52,,,149460,146680,157435,166714,0.45,سهم صفی: 6 روز از ۲۰ روز در صف (ریسک نقدشوندگی و اجرای حد ضرر) | 53٪ بالای MA200 | نقدشوندگی کمتر از ۱۰ میلیارد تومان
غمایه,شرکت خمیرمایه رضوی,محصولات غذایی و آشامیدنی به جز قند و شکر,75.6,پرریسک؛ صفی/رشد عمودی,100,85,98.5,16,28250,20261010,15.8,15.5,79.8,13.3,13,23.9,104.9,73.2,7,0,true,28.5,2.96,above,0,1.36,26570,,28.34,14.04,11.23,32.97,8.4,2821,10.01,7.05,42,27414,26160,30758,32431,1.2,سهم صفی: 7 روز از ۲۰ روز در صف (ریسک نقدشوندگی و اجرای حد ضرر) | 105٪ بالای MA200 | حد ضرر دور (7.4٪) | نقدشوندگی کمتر از ۱۰ میلیارد تومان
فجر,فولاد امیرکبیرکاشان,فلزات اساسی,75.4,پرریسک؛ صفی/رشد عمودی,100,70,63.5,62,9540,20261010,15.6,34.7,177.3,110.9,22.2,49,179.3,87.5,13,0,true,65.6,2.54,above,0,0.4,7800,,66.22,-14.63,5.91,80.91,65.29,1065,8.96,13.48,-33.5,9298,9055,10267,10752,1.5,اشباع خرید | فاصله زیاد از MA20 | سهم صفی: 13 روز از ۲۰ روز در صف (ریسک نقدشوندگی و اجرای حد ضرر) | رشد عمودی (177٪ در ۶۰ روز، 49٪ بالای MA50) | 179٪ بالای MA200
کفپارس,فرآورده‌های‌ نسوز پارس‌,سایر محصولات کانی غیرفلزی,75.3,پرریسک؛ صفی/رشد عمودی,100,85,63,50,7290,20261010,15.5,19.9,97,30.6,16.8,30.9,108.6,78.8,10,0,true,43.7,2.69,above,0,0.19,6620,,0.6,-4.93,14.25,10.52,10.94,722,10.1,12.75,-20.8,7094,6898,7878,8271,1.5,اشباع خرید | فاصله زیاد از MA20 | سهم صفی: 10 روز از ۲۰ روز در صف (ریسک نقدشوندگی و اجرای حد ضرر) | رشد عمودی (97٪ در ۶۰ روز، 31٪ بالای MA50) | 109٪ بالای MA200
کگاز,شیشه‌ و گاز,سایر محصولات کانی غیرفلزی,75.3,قوی؛ نزدیک مقاومت، منتظر شکست یا پولبک,100,55,87,50,52550,20261010,7.3,4.5,36.6,-29.8,0.9,14,55,60.7,2,0,false,29.2,3.45,above,-9.4,0.51,47232,57980,7.93,84.47,4.88,10.19,17.32,5055,10.4,12.75,-18.5,50739,48023,57980,61602,1.2,توزیع: ورود حقیقی با سرانه خرید ضعیف (0.68 در ۲۰ روز) | 55٪ بالای MA200 | حد ضرر دور (8.6٪)
شسپا,نفت سپاهان,فراورده های نفتی، کک و سوخت هسته ای,75,پرریسک؛ صفی/رشد عمودی,100,70,90,34,27620,20261010,15.8,28.2,74.9,8.5,20,36.7,146.8,84.6,8,0,true,51.2,2.78,above,0,0.26,23390,,75.3,209.68,6.66,107.84,93.66,3704,7.46,6.26,19.1,26852,26084,29925,31461,1.5,اشباع خرید | فاصله زیاد از MA20 | سهم صفی: 8 روز از ۲۰ روز در صف (ریسک نقدشوندگی و اجرای حد ضرر) | رشد عمودی (75٪ در ۶۰ روز، 37٪ بالای MA50) | توزیع: ورود حقیقی با سرانه خرید ضعیف (0.67 در ۲۰ روز) | 147٪ بالای MA200
پارس,پتروشیمی پارس,محصولات شیمیایی,75,پرریسک؛ صفی/رشد عمودی,100,70,64,60,3670,20261010,13.6,42,80.1,13.7,21.5,44.2,70,86.6,11,0,true,55,2.54,above,0,0.64,2929,,26.63,-60.47,3.2,81.97,132.88,492,7.46,9.63,-22.5,3577,3484,3949,4135,1.5,اشباع خرید | فاصله زیاد از MA20 | سهم صفی: 11 روز از ۲۰ روز در صف (ریسک نقدشوندگی و اجرای حد ضرر) | رشد عمودی (80٪ در ۶۰ روز، 44٪ بالای MA50) | 70٪ بالای MA200 | شناوری کم (6٪)
توسن,توسعه سامانه ی نرم افزاری نگین,رایانه و فعالیت‌های وابسته به آن,74.9,پرریسک؛ صفی/رشد عمودی,100,70,63.5,60,16180,20261010,15.3,27.5,125.1,58.6,23.1,41,193.3,87.6,8,0,true,58.2,2.73,above,0,0.53,13265,,13.09,-30.99,1.71,32.98,43.77,2242,7.22,8.89,-18.8,15737,15295,17508,18393,1.5,اشباع خرید | فاصله زیاد از MA20 | سهم صفی: 8 روز از ۲۰ روز در صف (ریسک نقدشوندگی و اجرای حد ضرر) | رشد عمودی (125٪ در ۶۰ روز، 41٪ بالای MA50) | 193٪ بالای MA200
وبوعلی,سرمایه‌گذاری‌بوعلی‌,سرمایه گذاریها,74.8,قوی؛ نزدیک مقاومت، منتظر شکست یا پولبک,100,65,47,80,3860,20261010,-0.5,14.2,76.1,9.7,4.2,21.9,74.8,66.1,3,1,false,49.4,3.26,above,-3.3,0.49,3740,3990,-3.51,21.7,1.76,-4.11,6.12,1066,3.62,7.13,-49.2,3740,3677,3990,4241,0.71,واگرایی منفی RSI | 75٪ بالای MA200 | واگرایی منفی | نقدشوندگی کمتر از ۱۰ میلیارد تومان | صف فروش در ۵ روز اخیر
کگل,معدنی و صنعتی گل گهر,استخراج کانه های فلزی,74.6,قوی ولی پرریسک؛ فعلاً ورود نه,100,88,78,30,3330,20261010,7.1,3.4,59,-7.4,9.2,14.8,56.9,66.5,4,0,true,29.3,3.14,above,0,0.92,3205,,89.87,210.66,1.73,49.89,230.21,241,13.82,13.76,0.4,3226,3153,3643,3852,1.77,توزیع: ورود حقیقی با سرانه خرید ضعیف (0.71 در ۲۰ روز) | 57٪ بالای MA200
دشیری,شیرین دارو,مواد و محصولات دارویی,74.6,قوی؛ نزدیک مقاومت، منتظر شکست یا پولبک,100,75,76.3,42,459000,20261010,-1.2,25.9,70.7,4.3,8.7,23.5,75.1,70.6,3,0,true,57.1,3.17,above,-6.3,1.07,405500,489900,4.47,5.54,1.17,2.12,3.14,57790,7.94,,,444467,429934,489900,518966,1.06,75٪ بالای MA200 | نقدشوندگی کمتر از ۱۰ میلیارد تومان
شپاس,نفت پاسارگاد,فراورده های نفتی، کک و سوخت هسته ای,74.4,ورود پله‌ای,100,65,88.5,37,54440,20261010,4.6,14.2,48.1,-18.4,11.8,24.7,40.3,71.8,4,0,true,33.6,2.99,above,0,1.18,52700,,17.65,31.28,2.55,25.57,15.35,6293,8.65,8.12,6.5,52815,51887,59316,62567,1.91,
کچاد,معدنی‌وصنعتی‌چادرملو,استخراج کانه های فلزی,74.3,قوی ولی پرریسک؛ فعلاً ورود نه,100,80,63,50,3210,20261010,6.3,3.9,49.4,-17,7.1,16.8,40.7,66.2,5,0,true,28.3,3.11,above,-0.9,1.07,3120,,61.86,28.54,11.45,-59.9,126.22,277,11.59,13.76,-15.8,3120,3070,3510,3709,2.14,توزیع: ورود حقیقی با سرانه خرید ضعیف (0.61 در ۲۰ روز)
خکمک,کمک‌فنرایندامین‌,خودرو و ساخت قطعات,74.1,زیر نظر,100,80,82.5,30,3020,20261010,6.8,5.1,38.3,-28.1,3.4,16.6,28.8,62.7,4,0,true,28.5,3.21,above,-12.2,1.08,2950,3250,3.58,15.8,1.38,1.1,11.55,47,64.26,,,2950,2902,3250,3439,1.94,P/E بالا (64) | توزیع: ورود حقیقی با سرانه خرید ضعیف (0.88 در ۲۰ روز)
درازک,دارویی‌ رازک‌,مواد و محصولات دارویی,74.1,پرریسک؛ صفی/رشد عمودی,100,85,78.5,30,5460,20261010,14,11,191.4,125,14,28.5,156.4,74.5,5,0,true,40.5,2.93,above,-0.7,0.95,5040,,20.5,31.71,2.6,25.61,53.62,453,12.05,12.91,-6.6,5300,5059,5941,6261,1.2,رشد عمودی (191٪ در ۶۰ روز، 29٪ بالای MA50) | توزیع: ورود حقیقی با سرانه خرید ضعیف (0.78 در ۲۰ روز) | 156٪ بالای MA200 | حد ضرر دور (7.3٪)
سرچشمه,سرمایه گذاری مس سرچشمه,سرمایه گذاریها,74,پرریسک؛ صفی/رشد عمودی,100,45,80,60,9050,20261010,10.5,31.3,127.7,61.2,12.4,40,110.2,83.2,8,0,false,72.9,2.96,above,0,0.67,8340,,110.06,47.44,4.11,39,84.46,1231,7.35,8.73,-15.8,8782,8380,9854,10390,1.2,اشباع خرید | سهم صفی: 8 روز از ۲۰ روز در صف (ریسک نقدشوندگی و اجرای حد ضرر) | رشد عمودی (128٪ در ۶۰ روز، 40٪ بالای MA50) | توزیع: ورود حقیقی با سرانه خرید ضعیف (0.71 در ۲۰ روز) | 110٪ بالای MA200 | حد ضرر دور (7.4٪)
بزندگی,بیمه زندگی آگاه,بیمه وصندوق بازنشستگی به جزتامین اجتماعی,74,پرریسک؛ صفی/رشد عمودی,100,70,100,20,7520,20261010,14.1,59.5,169,102.6,26.7,56.3,165.4,97.2,9,0,true,82.6,2.25,above,-0.9,1.5,4704,,24.86,67.48,6.56,41.45,6.61,328,22.93,,,7351,7181,8028,8367,1.5,اشباع خرید | فاصله زیاد از MA20 | سهم صفی: 9 روز از ۲۰ روز در صف (ریسک نقدشوندگی و اجرای حد ضرر) | رشد عمودی (169٪ در ۶۰ روز، 56٪ بالای MA50) | 165٪ بالای MA200 | نقدشوندگی کمتر از ۱۰ میلیارد تومان
شگل,گلتاش‌,محصولات شیمیایی,73.9,پرریسک؛ صفی/رشد عمودی,100,75,78.5,37,3410,20261010,2.1,6.9,92,25.6,4,16.8,86.3,62.5,8,0,false,32.8,3.22,above,-2.8,1.18,3240,3510,12.67,9.72,1.68,6.64,11.87,339,10.06,9.63,4.5,3300,3185,3510,3730,0.44,سهم صفی: 8 روز از ۲۰ روز در صف (ریسک نقدشوندگی و اجرای حد ضرر) | توزیع: ورود حقیقی با سرانه خرید ضعیف (0.87 در ۲۰ روز) | 86٪ بالای MA200
ولپارس,لیزینگ پارسیان,سایر واسطه گریهای مالی,73.9,پرریسک؛ صفی/رشد عمودی,100,85,98.5,9,4660,20261010,15.3,13.1,74.5,8.1,15.4,27.1,63,78,8,0,true,45.2,2.9,above,0,1.67,4300,,41.21,46.76,89.94,50.86,6.06,307,15.18,9.94,52.7,4525,4322,5065,5335,1.2,اشباع خرید | فاصله زیاد از MA20 | سهم صفی: 8 روز از ۲۰ روز در صف (ریسک نقدشوندگی و اجرای حد ضرر) | 63٪ بالای MA200 | حد ضرر دور (7.2٪) | نقدشوندگی کمتر از ۱۰ میلیارد تومان
دی,بانک دی,بانکها و موسسات اعتباری,73.5,پرریسک؛ صفی/رشد عمودی,100,90,52,50,1782,20261010,-3.2,29.4,75.9,9.5,9.5,27.5,86.1,66.5,9,0,true,30.3,2.97,above,-3.2,1.15,1734,1841,-199.22,70.89,2.33,88.28,163.14,414,4.3,,,1734,1708,1841,1947,0.79,سهم صفی: 9 روز از ۲۰ روز در صف (ریسک نقدشوندگی و اجرای حد ضرر) | 86٪ بالای MA200
سنوین,سرمایه گذاری اقتصاد نوین,سرمایه گذاریها,73.5,قوی؛ نزدیک مقاومت، منتظر شکست یا پولبک,100,55,88,42,3610,20261010,4.9,7.8,29.5,-36.9,3.6,11.9,42.3,60.2,3,0,false,26.1,3.28,above,-2.7,0.62,3500,3710,3.56,10.86,2.71,3.99,3.56,612,5.9,,,3500,3441,3710,3947,0.59,واگرایی منفی RSI | واگرایی منفی | نقدشوندگی کمتر از ۱۰ میلیارد تومان
ثجنوب,سرمایه گذاری مسکن جنوب,انبوه سازی، املاک و مستغلات,73.3,قوی؛ نزدیک مقاومت، منتظر شکست یا پولبک,88,55,63.5,80,19430,20261010,1.8,8.5,6.5,-59.9,2.8,9.5,56.3,59.1,1,0,false,18.9,3.46,above,-2.6,0.54,18950,19890,5.84,70.93,1.24,-8.53,23.94,6363,3.05,23.59,-87.1,18950,18613,19890,21236,0.56,توزیع: ورود حقیقی با سرانه خرید ضعیف (0.83 در ۲۰ روز) | 56٪ بالای MA200
کانسار,معدنکاران نسوز,استخراج سایر معادن,73.3,ورود پله‌ای,100,80,62,47,15140,20261010,5.7,2.7,17.2,-49.2,4.2,10.7,17.1,62.5,2,0,true,22.6,3.31,above,-12.8,0.58,14898,15780,0.07,-10.84,2.92,18.71,14.07,1483,10.21,9.57,6.7,14898,14648,15780,17356,1.3,
کاما,باما,استخراج کانه های فلزی,73,پرریسک؛ صفی/رشد عمودی,100,65,48,72,5960,20261010,2.4,-2,109.3,42.9,7.5,19.2,104.2,65.8,8,0,false,43.4,3.08,above,-4.2,1.25,5500,6220,-62.27,113.91,2.28,-78.12,126.87,786,7.58,13.76,-44.9,5776,5501,6220,6587,0.57,سهم صفی: 8 روز از ۲۰ روز در صف (ریسک نقدشوندگی و اجرای حد ضرر) | رشد عمودی (109٪ در ۶۰ روز، 19٪ بالای MA50) | توزیع: ورود حقیقی با سرانه خرید ضعیف (0.69 در ۲۰ روز) | 104٪ بالای MA200 | حد ضرر دور (7.7٪)
چکارن,کارتن‌ ایران‌,محصولات کاغذی,73,قوی؛ نزدیک مقاومت، منتظر شکست یا پولبک,100,80,86,62,5250,20261010,7.1,10,38.5,-27.9,5.1,12.7,48.5,63.1,1,0,true,23.9,3.13,above,-3,1.56,5040,5359,0.3,0.39,4.12,8.59,2.85,476,11.03,16.48,-33.1,5086,4958,5359,5688,0.37,نقدشوندگی پایین | واگرایی منفی RSI | واگرایی منفی | نقدشوندگی کمتر از ۱۰ میلیارد تومان
ریشمک,تولید و صادرات ریشمک,مواد و محصولات دارویی,72.9,پرریسک؛ صفی/رشد عمودی,100,70,78.5,37,20480,20261010,15.1,17.6,114.7,48.3,20.4,40.7,107,82.5,9,0,true,45.3,2.57,above,0,0.83,17940,,32.49,2.23,2.69,39.43,22.45,2342,8.74,8.86,-1.3,19953,19426,22062,23116,1.5,اشباع خرید | فاصله زیاد از MA20 | سهم صفی: 9 روز از ۲۰ روز در صف (ریسک نقدشوندگی و اجرای حد ضرر) | رشد عمودی (115٪ در ۶۰ روز، 41٪ بالای MA50) | 107٪ بالای MA200
چافست,افست‌,انتشار، چاپ و تکثیر,72.9,پرریسک؛ صفی/رشد عمودی,100,70,89.5,26,28700,20261010,15.8,25.1,97.4,31,20.1,28.9,106.3,81.6,10,0,true,47.8,2.85,above,0,0.09,25200,,1.35,5.8,29.66,2.54,4.91,4380,6.55,5.01,30.8,27881,27062,31158,32796,1.5,اشباع خرید | فاصله زیاد از MA20 | سهم صفی: 10 روز از ۲۰ روز در صف (ریسک نقدشوندگی و اجرای حد ضرر) | 106٪ بالای MA200 | نقدشوندگی کمتر از ۱۰ میلیارد تومان
غسالم,سالمین‌,محصولات غذایی و آشامیدنی به جز قند و شکر,72.8,قوی؛ نزدیک مقاومت، منتظر شکست یا پولبک,88,80,61.5,60,9650,20261010,8.8,7.3,27.4,-39,7.9,12.7,58.2,64.9,4,0,true,16.7,3.02,above,-2.5,0.77,9270,9900,3.65,-7.81,2.43,12.08,11.22,1348,7.16,8.53,-16.1,9358,9124,9900,10483,0.48,58٪ بالای MA200
کهمدا,شیشه‌ همدان‌,سایر محصولات کانی غیرفلزی,72.8,پرریسک؛ صفی/رشد عمودی,100,70,43,72,7150,20261010,12.2,15.5,95.9,29.5,17.5,30.1,139.2,81.4,5,0,true,43.1,3,above,-0.3,0.85,6370,,-13.18,11.14,1.22,3.97,22.41,981,7.29,12.75,-42.8,6935,6721,7794,8223,1.5,اشباع خرید | فاصله زیاد از MA20 | رشد عمودی (96٪ در ۶۰ روز، 30٪ بالای MA50) | 139٪ بالای MA200
خرینگ,رینگ‌سازی‌مشهد,خودرو و ساخت قطعات,72.8,پرریسک؛ صفی/رشد عمودی,100,70,90,25,22540,20261010,15.1,45.2,106.4,40,21.6,44.6,93.9,88.6,5,0,true,75.5,2.77,above,-0.5,0.76,18290,,6.43,25.13,3.71,24.23,16.42,1668,13.51,,,21916,21292,24412,25659,1.5,واگرایی منفی RSI | اشباع خرید | فاصله زیاد از MA20 | رشد عمودی (106٪ در ۶۰ روز، 45٪ بالای MA50) | 94٪ بالای MA200 | واگرایی منفی
غبهار,کشت وصنعت بهاران گلبهار خراسان,محصولات غذایی و آشامیدنی به جز قند و شکر,72.8,پرریسک؛ صفی/رشد عمودی,100,85,61,42,5890,20261010,15.5,22.6,147.5,81,15.5,34,95.2,79.7,11,0,true,45.1,2.81,above,0,0.34,5505,,6.57,-0.86,6.19,9.22,7.33,798,7.38,,,5724,5476,6387,6719,1.2,واگرایی منفی RSI | اشباع خرید | فاصله زیاد از MA20 | سهم صفی: 11 روز از ۲۰ روز در صف (ریسک نقدشوندگی و اجرای حد ضرر) | رشد عمودی (147٪ در ۶۰ روز، 34٪ بالای MA50) | 95٪ بالای MA200 | واگرایی منفی | حد ضرر دور (7.0٪) | نقدشوندگی کمتر از ۱۰ میلیارد تومان
چاپ,ص.چاپ وبسته بندی آسان قزوین,محصولات کاغذی,72.8,قوی؛ نزدیک مقاومت، منتظر شکست یا پولبک,95,65,63,62,20490,20261010,2.4,-5.5,85.9,19.5,0.5,12.1,,58,1,0,false,29.2,3.21,above,-8.3,0.84,19890,21240,16.35,-1.25,7.09,74.4,31.97,2147,9.54,16.48,-42.1,19890,19561,21240,22340,0.81,206٪ بالای کف ۵۲ هفته
شتوکا,توکا رنگ فولاد سپاهان,محصولات شیمیایی,72.8,پرریسک؛ صفی/رشد عمودی,100,60,99,24,14920,20261010,11.1,62.4,131,64.5,23.2,62,131.6,93.2,15,0,true,82.1,2.77,above,-1.1,1.43,7760,,10.14,28,12.44,38.47,24.27,1545,9.66,8.01,20.6,14507,14095,16158,16984,1.5,اشباع خرید | فاصله زیاد از MA20 | سهم صفی: 15 روز از ۲۰ روز در صف (ریسک نقدشوندگی و اجرای حد ضرر) | رشد عمودی (131٪ در ۶۰ روز، 62٪ بالای MA50) | 132٪ بالای MA200
غدیس,پاکدیس,محصولات غذایی و آشامیدنی به جز قند و شکر,72.7,قوی ولی پرشده؛ منتظر پولبک,100,85,79,24,15320,20261010,13.1,19.4,84.4,18,16.4,21.7,96.9,77.7,4,0,true,25.1,3.03,above,-1.7,1.52,14290,,31.51,59.09,1.4,-12.9,17.67,1819,8.42,7.05,19.5,14856,14161,16711,17639,1.2,فاصله زیاد از MA20 | توزیع: ورود حقیقی با سرانه خرید ضعیف (0.89 در ۲۰ روز) | 97٪ بالای MA200 | حد ضرر دور (7.6٪)
شبصیر,تولیدات پتروشیمی قائد بصیر,محصولات شیمیایی,72.7,قوی ولی پرریسک؛ فعلاً ورود نه,100,60,62.7,60,17460,20261010,4.5,18,90.2,23.8,8.9,27.6,81.1,71.9,2,0,false,53.1,3.01,above,-0.1,0.71,15940,,24.33,47.37,1.17,-1.45,31.25,2884,6.05,8.01,-24.4,16935,16148,19034,20084,1.2,81٪ بالای MA200 | حد ضرر دور (7.5٪)
ولبهمن,شرکت بهمن لیزینگ,سایر واسطه گریهای مالی,72.6,قوی؛ نزدیک مقاومت، منتظر شکست یا پولبک,100,80,38.5,68,3400,20261010,1.5,-0.3,73.2,6.8,5.3,20.1,61.4,62.4,5,0,true,39.6,3.42,above,-6.3,1.44,2810,3570,-11.03,52.08,0.61,-51.99,24.09,776,4.38,5.8,-24.5,3284,3168,3570,3802,0.73,توزیع: ورود حقیقی با سرانه خرید ضعیف (0.79 در ۲۰ روز) | 61٪ بالای MA200 | سرانه خرید ضعیف (0.61)
بتهران,بیمه اتکایی تهران رواک,بیمه وصندوق بازنشستگی به جزتامین اجتماعی,72.6,پرریسک؛ صفی/رشد عمودی,100,70,52.5,62,10960,20261010,13.8,50.5,216.2,149.8,25.4,59.9,,92.7,8,0,true,78.9,2.52,above,-0.6,0.56,7710,,3.11,84.6,0.61,-16.88,17.44,956,11.46,18.13,-36.8,10684,10407,11789,12341,1.5,واگرایی منفی RSI | اشباع خرید | فاصله زیاد از MA20 | سهم صفی: 8 روز از ۲۰ روز در صف (ریسک نقدشوندگی و اجرای حد ضرر) | رشد عمودی (216٪ در ۶۰ روز، 60٪ بالای MA50) | توزیع: ورود حقیقی با سرانه خرید ضعیف (0.87 در ۲۰ روز) | 464٪ بالای کف ۵۲ هفته | سرانه خرید ضعیف (0.61) | واگرایی منفی
ولغدر,لیزینگ‌خودروغدیر,سایر واسطه گریهای مالی,72.6,زیر نظر,100,85,98.5,4,4290,20261010,15.3,11.4,112.4,46,13.6,29.6,70.6,77.4,8,0,true,58.3,3.11,above,0,1.33,3960,,55.51,62.2,6.54,42.07,9.65,80,53.63,9.94,439.5,4157,3957,4690,4957,1.2,سهم صفی: 8 روز از ۲۰ روز در صف (ریسک نقدشوندگی و اجرای حد ضرر) | رشد عمودی (112٪ در ۶۰ روز، 30٪ بالای MA50) | P/E بالا (54) | 71٪ بالای MA200 | حد ضرر دور (7.8٪) | نقدشوندگی کمتر از ۱۰ میلیارد تومان
مهر,سرمایه گذاری مهر,سرمایه گذاریها,72.6,پرریسک؛ صفی/رشد عمودی,100,60,62.5,60,4290,20261010,4.1,23,108.3,41.9,11.9,37,89.6,77.5,4,0,false,55.3,2.66,above,0,0.77,4201,,10.47,-46.6,76.2,24.73,12.6,564,7.61,8.73,-12.9,4201,4144,4633,4861,2.35,واگرایی منفی RSI | خروج مستمر پول حقیقی | رشد عمودی (108٪ در ۶۰ روز، 37٪ بالای MA50) | 90٪ بالای MA200 | واگرایی منفی
فغدیر,آهن و فولاد غدیر ایرانیان,فلزات اساسی,72.5,پرریسک؛ صفی/رشد عمودی,100,70,90,24,10040,20261010,15.7,78,172.5,106.1,29.8,76.5,134,98.2,20,0,true,80.4,2.14,above,0,0.98,5205,,41.12,147.42,17.77,29.06,10.84,974,10.31,8.05,28,9825,9609,10686,11116,1.5,واگرایی منفی RSI | اشباع خرید | فاصله زیاد از MA20 | سهم صفی: 20 روز از ۲۰ روز در صف (ریسک نقدشوندگی و اجرای حد ضرر) | رشد عمودی (173٪ در ۶۰ روز، 76٪ بالای MA50) | 134٪ بالای MA200 | واگرایی منفی
فنوال,نورد آلومینیوم‌,فلزات اساسی,72.4,پرریسک؛ صفی/رشد عمودی,100,58,73,50,16350,20261010,15.7,21.4,64,-2.5,20.7,26.9,108.3,80.1,10,0,true,41.2,2.75,above,0,1.3,14170,,5.58,-34.69,5.79,10.76,10.8,1597,10.24,13.48,-24.1,15900,15450,17700,18600,1.5,واگرایی منفی RSI | اشباع خرید | فاصله زیاد از MA20 | خروج مستمر پول حقیقی | سهم صفی: 10 روز از ۲۰ روز در صف (ریسک نقدشوندگی و اجرای حد ضرر) | 108٪ بالای MA200 | واگرایی منفی
ثقزوی,شرکت عمران و سازندگی قزوین,انبوه سازی، املاک و مستغلات,72.3,زیر نظر,90,75,91.1,30,2635,20261010,0.4,2.6,77.9,11.5,-5.3,15.5,40.3,53,7,0,false,44.8,3.44,above,-16.9,1.27,2372,3172,0.08,3.68,1.38,3.93,3.33,35,75.29,,,2544,2408,3172,3353,2.37,سهم صفی: 7 روز از ۲۰ روز در صف (ریسک نقدشوندگی و اجرای حد ضرر) | P/E بالا (75) | حد ضرر دور (8.6٪) | نقدشوندگی کمتر از ۱۰ میلیارد تومان
خشرق,الکتریک‌ خودرو شرق‌,خودرو و ساخت قطعات,72.1,پرریسک؛ صفی/رشد عمودی,100,85,80.2,20,3270,20261010,4.1,7.9,73.7,7.2,8.7,24.9,60.7,70.8,6,0,true,55.1,3.5,above,-4.9,0.9,3110,,4.66,12.27,1.25,6.23,8.81,137,23.87,,,3155,3053,3614,3843,1.58,سهم صفی: 6 روز از ۲۰ روز در صف (ریسک نقدشوندگی و اجرای حد ضرر) | 61٪ بالای MA200 | نقدشوندگی کمتر از ۱۰ میلیارد تومان
ناما,تولیدی مخازن گازطبیعی آسیاناما,خودرو و ساخت قطعات,71.9,قوی ولی پرشده؛ منتظر پولبک,100,65,99.5,16,5020,20261010,15.4,15.4,17,-49.4,15.9,19.1,42.5,73.6,5,0,true,25,2.95,above,0,1.51,4790,,23.53,19.07,15.33,33.38,9.1,583,8.61,5.87,46.7,4872,4716,5464,5760,1.46,فاصله زیاد از MA20 | توزیع: ورود حقیقی با سرانه خرید ضعیف (0.89 در ۲۰ روز) | نقدشوندگی کمتر از ۱۰ میلیارد تومان
غگل,گلوکوزان‌,محصولات غذایی و آشامیدنی به جز قند و شکر,71.8,قوی ولی پرشده؛ منتظر پولبک,100,65,99,16,7930,20261010,14.6,16.4,21.1,-45.3,14.4,16.5,57.4,72.9,2,0,true,22.3,2.92,above,-0.1,1.52,7435,,9.66,19.16,1.94,54.37,18.47,706,11.23,8.53,31.7,7698,7351,8625,9088,1.2,واگرایی منفی RSI | 57٪ بالای MA200 | واگرایی منفی | حد ضرر دور (7.3٪)
کپرور,فرآوری زغال سنگ پروده طبس,استخراج زغال سنگ,71.8,پرریسک؛ صفی/رشد عمودی,100,70,49,62,24720,20261010,15.4,34.9,83.5,17.1,19.9,34.8,113.1,83,5,0,true,49,2.81,above,0,0.83,20910,,7.15,-1.98,3.24,-18.24,18.16,2597,9.52,15.48,-38.5,24026,23332,26802,28190,1.5,واگرایی منفی RSI | اشباع خرید | فاصله زیاد از MA20 | رشد عمودی (84٪ در ۶۰ روز، 35٪ بالای MA50) | 113٪ بالای MA200 | واگرایی منفی
وهور,گروه س.انرژی امید  تابان هور,عرضه برق، گاز، بخاروآب گرم,71.7,پرریسک؛ صفی/رشد عمودی,100,73,99.5,9,3210,20261010,14,24.9,57.3,-9.1,20.5,27.3,70.6,79.5,10,0,true,31.3,2.85,above,0,1.22,2889,,86.89,159.24,7.08,100.55,40.46,230,13.96,10.04,39,3119,3027,3484,3667,1.5,اشباع خرید | فاصله زیاد از MA20 | سهم صفی: 10 روز از ۲۰ روز در صف (ریسک نقدشوندگی و اجرای حد ضرر) | 71٪ بالای MA200
وبشهر,توسعه‌ صنایع‌ بهشهر(هلدینگ,محصولات غذایی و آشامیدنی به جز قند و شکر,71.7,قوی ولی پرریسک؛ فعلاً ورود نه,100,100,62.9,24,7760,20261010,4,15,67.2,0.8,6.3,25.5,101.8,69.2,2,0,true,54.6,3.14,above,-3,1.62,6720,,65.16,55.9,0.86,-21.92,29.7,748,10.37,8.53,21.6,7517,7273,8490,8977,1.5,توزیع: ورود حقیقی با سرانه خرید ضعیف (0.82 در ۲۰ روز) | 102٪ بالای MA200
فسپا,گروه‌صنعتی‌سپاهان‌,فلزات اساسی,71.6,پرریسک؛ صفی/رشد عمودی,100,70,48.5,62,10930,20261010,14.3,53.5,211.5,145.1,24.2,60.3,227.1,95.2,13,0,true,76.8,2.54,above,0,0.94,6130,,1.09,-38.62,4.76,-66.43,52.73,1216,8.99,13.48,-33.3,10652,10374,11764,12321,1.5,اشباع خرید | فاصله زیاد از MA20 | سهم صفی: 13 روز از ۲۰ روز در صف (ریسک نقدشوندگی و اجرای حد ضرر) | رشد عمودی (211٪ در ۶۰ روز، 60٪ بالای MA50) | 227٪ بالای MA200
کمینا,شیشه سازی مینا,سایر محصولات کانی غیرفلزی,71.6,زیر نظر,100,60,98.5,20,20190,20261010,10.4,51.4,116.1,49.7,24.9,57.6,142.8,90.9,10,0,true,77.5,2.76,above,0,1.35,13770,,17.72,43.78,8.29,20.71,7.1,259,77.95,,,19632,19074,21864,22981,1.5,اشباع خرید | فاصله زیاد از MA20 | سهم صفی: 10 روز از ۲۰ روز در صف (ریسک نقدشوندگی و اجرای حد ضرر) | رشد عمودی (116٪ در ۶۰ روز، 58٪ بالای MA50) | P/E بالا (78) | 143٪ بالای MA200 | نقدشوندگی کمتر از ۱۰ میلیارد تومان
ثاخت,بین‌المللی‌توسعه‌ساختمان,انبوه سازی، املاک و مستغلات,71.6,پرریسک؛ صفی/رشد عمودی,100,55,42.2,80,915,20261010,1.7,20.2,54,-12.4,13,21.8,69.4,70.9,7,1,true,37.6,2.87,above,0,1.04,847,,-11.8,60.21,1.33,-56.75,43.54,199,4.6,6.61,-30.4,889,849,994,1047,1.2,سهم صفی: 7 روز از ۲۰ روز در صف (ریسک نقدشوندگی و اجرای حد ضرر) | توزیع: ورود حقیقی با سرانه خرید ضعیف (0.77 در ۲۰ روز) | 69٪ بالای MA200 | حد ضرر دور (7.2٪) | صف فروش در ۵ روز اخیر
غگلستا,شیر پاستوریزه پگاه گلستان,محصولات غذایی و آشامیدنی به جز قند و شکر,71.5,پرریسک؛ صفی/رشد عمودی,100,85,89,9,20130,20261010,14.8,12.5,89.9,23.5,16.2,32.4,93.3,78.5,7,0,true,40.9,2.88,above,0,0.9,18590,,7.9,16.84,5.93,4.46,12.68,1656,12.16,7.05,72.4,19551,18682,21868,23027,1.2,اشباع خرید | فاصله زیاد از MA20 | سهم صفی: 7 روز از ۲۰ روز در صف (ریسک نقدشوندگی و اجرای حد ضرر) | رشد عمودی (90٪ در ۶۰ روز، 32٪ بالای MA50) | توزیع: ورود حقیقی با سرانه خرید ضعیف (0.90 در ۲۰ روز) | 93٪ بالای MA200 | حد ضرر دور (7.2٪)
کربن,کانی کربن طبس,استخراج زغال سنگ,71.5,قوی ولی پرریسک؛ فعلاً ورود نه,95,65,48,72,10400,20261010,5.1,-0.3,74.5,8.1,6,14.1,80.4,61.9,3,1,false,29.2,3.26,above,-8.8,1.47,9330,11400,-8.34,-6.12,3.2,36.24,14.26,1449,7.18,15.48,-53.6,10061,9722,11400,12078,1.48,80٪ بالای MA200 | صف فروش در ۵ روز اخیر
وثوق,سرمایه گذاری وثوق امین,سرمایه گذاریها,71.5,زیر نظر,100,85,78,20,48890,20261010,10.2,16.3,101.6,35.2,13.9,20.7,106.8,76.8,0,0,true,38.6,2.66,above,-0.7,0.69,42950,,3.16,3.62,1.82,8.79,5.43,81,603.58,,,47588,46286,52796,55400,1.5,رشد عمودی (102٪ در ۶۰ روز، 21٪ بالای MA50) | P/E بالا (604) | 107٪ بالای MA200 | نقدشوندگی کمتر از ۱۰ میلیارد تومان
وپویا,سرمایه گذاری پویا,سرمایه گذاریها,71.5,قوی؛ نزدیک مقاومت، منتظر شکست یا پولبک,100,55,62,80,2734,20260926,11.6,15.7,53.2,-13.3,8.3,25.4,58.8,69.9,2,0,false,43.7,3.41,above,-1.3,1.06,2434,2770,2.06,-3.6,35.11,30.95,8.13,654,4.18,8.73,-52.1,2641,2547,2770,2957,0.19,واگرایی منفی RSI | 59٪ بالای MA200 | واگرایی منفی | نقدشوندگی کمتر از ۱۰ میلیارد تومان | آخرین معامله 20260926 (متوقف یا کم‌معامله)
فروی,ذوب روی اصفهان,فلزات اساسی,71.4,پرریسک؛ صفی/رشد عمودی,100,85,88.5,9,3240,20261010,12.3,19.1,71.4,4.9,11.4,27.1,75.7,76.3,8,0,true,45.1,2.9,above,-0.3,0.82,3150,,0.53,27.09,1.94,22.12,13.76,186,17.42,8.05,116.4,3150,3103,3521,3709,2.06,سهم صفی: 8 روز از ۲۰ روز در صف (ریسک نقدشوندگی و اجرای حد ضرر) | 76٪ بالای MA200
شدوص,دوده‌ صنعتی‌ پارس‌,محصولات شیمیایی,71.4,پرریسک؛ صفی/رشد عمودی,100,73,57,50,8860,20261010,14.1,18.5,65.2,-1.2,16.3,24.8,79.4,76.1,8,0,true,45.2,2.92,above,0,1.95,8123,,-29.21,40.17,7.65,-42.06,16.9,1044,8.49,9.63,-11.9,8601,8213,9637,10154,1.2,فاصله زیاد از MA20 | سهم صفی: 8 روز از ۲۰ روز در صف (ریسک نقدشوندگی و اجرای حد ضرر) | توزیع: ورود حقیقی با سرانه خرید ضعیف (0.87 در ۲۰ روز) | 79٪ بالای MA200 | حد ضرر دور (7.3٪)
ورازی,بیمه رازی,بیمه وصندوق بازنشستگی به جزتامین اجتماعی,71.3,زیر نظر,100,70,89,20,1954,20261010,14.8,40.6,96.4,30,16,41.7,92.7,83.4,7,0,true,58.4,2.98,above,-0.3,1.06,1797,,18.4,36.51,3.96,28.74,10.68,18,108.56,,,1896,1809,2128,2245,1.2,اشباع خرید | فاصله زیاد از MA20 | سهم صفی: 7 روز از ۲۰ روز در صف (ریسک نقدشوندگی و اجرای حد ضرر) | رشد عمودی (96٪ در ۶۰ روز، 42٪ بالای MA50) | P/E بالا (109) | 93٪ بالای MA200 | حد ضرر دور (7.4٪)
دزاگرس,دارویی و نهاده های زاگرس دارو,مواد و محصولات دارویی,71.1,پرریسک؛ صفی/رشد عمودی,100,70,84.5,24,33240,20261010,15.8,31.6,75.9,9.5,25.6,35.1,142.6,84.2,9,0,true,53.6,2.55,above,0,1.43,26970,,34.3,188.31,6.09,-256.29,110.88,3000,11.08,8.86,25.1,32393,31546,35782,37476,1.5,اشباع خرید | فاصله زیاد از MA20 | سهم صفی: 9 روز از ۲۰ روز در صف (ریسک نقدشوندگی و اجرای حد ضرر) | رشد عمودی (76٪ در ۶۰ روز، 35٪ بالای MA50) | 143٪ بالای MA200
شفام,تولیدی و صنعتی گوهرفام,محصولات شیمیایی,71.1,پرریسک؛ صفی/رشد عمودی,100,73,90,16,3320,20261010,15.7,20.9,58.4,-8,16.2,25.9,57.9,75.9,9,0,true,31.7,2.81,above,0,1.19,3079,,23.51,23.93,135.28,30.69,5.54,282,11.77,8.01,47,3227,3087,3600,3786,1.2,فاصله زیاد از MA20 | سهم صفی: 9 روز از ۲۰ روز در صف (ریسک نقدشوندگی و اجرای حد ضرر) | 58٪ بالای MA200 | حد ضرر دور (7.0٪) | نقدشوندگی کمتر از ۱۰ میلیارد تومان
دلقما,دارویی‌ لقمان‌,مواد و محصولات دارویی,71,پرریسک؛ صفی/رشد عمودی,100,75,44,60,10230,20261010,-0.2,6.2,144.8,78.4,5.1,12,155.7,59.5,7,0,false,34.6,3.32,above,-11.7,1.13,9655,10600,5.16,73.5,0.62,-204.21,88.53,1109,9.22,12.91,-28.5,9890,9485,10600,10770,0.5,سهم صفی: 7 روز از ۲۰ روز در صف (ریسک نقدشوندگی و اجرای حد ضرر) | رشد عمودی (145٪ در ۶۰ روز، 12٪ بالای MA50) | توزیع: ورود حقیقی با سرانه خرید ضعیف (0.62 در ۲۰ روز) | 156٪ بالای MA200 | سرانه خرید ضعیف (0.62) | حد ضرر دور (7.3٪)
خپویش,سازه‌ پویش‌,خودرو و ساخت قطعات,71,زیر نظر,100,75,84,20,5990,20261010,0.7,49.8,94.2,27.8,13.8,46.1,91.5,78.7,14,0,true,72.8,2.76,above,-7.6,1.81,4001,,2.05,41.96,4.69,-12.8,11.27,196,30.56,,,5825,5659,6486,6817,1.5,اشباع خرید | سهم صفی: 14 روز از ۲۰ روز در صف (ریسک نقدشوندگی و اجرای حد ضرر) | رشد عمودی (94٪ در ۶۰ روز، 46٪ بالای MA50) | P/E بالا (31) | 92٪ بالای MA200
حفاری,حفاری شمال,استخراج نفت گاز و خدمات جنبی جز اکتشاف,71,قوی؛ نزدیک مقاومت، منتظر شکست یا پولبک,85,45,80.9,65,5830,20261010,0.2,-11.9,24.8,-41.6,-0.6,6.4,29.8,53,1,0,false,24,3.67,above,-14.3,0.89,5475,6090,70.16,202.02,1.34,40.24,89.8,2511,2.32,2.24,3.7,5616,5368,6090,6800,0.56,توزیع: ورود حقیقی با سرانه خرید ضعیف (0.81 در ۲۰ روز) | حد ضرر دور (7.9٪)
شیران,س. صنایع‌شیمیایی‌ایران,محصولات شیمیایی,70.9,قوی؛ نزدیک مقاومت، منتظر شکست یا پولبک,88,80,77,37,11920,20261010,2.8,5.6,35,-31.4,6.6,6.7,55,59.8,1,0,true,13.9,3.07,above,-4.3,1.18,11640,12450,26.98,40.51,1.65,17.77,50.3,1359,8.77,9.63,-8.9,11640,11457,12450,13182,1.14,واگرایی منفی RSI | بدون روند (ADX پایین) | توزیع: ورود حقیقی با سرانه خرید ضعیف (0.84 در ۲۰ روز) | 55٪ بالای MA200 | واگرایی منفی | شناوری کم (14٪)
سکرما,سیمان‌ کرمان‌,سیمان، آهک و گچ,70.8,قوی؛ نزدیک مقاومت، منتظر شکست یا پولبک,100,55,62.2,57,75930,20261010,2.1,1.7,28.5,-38,4.8,10.4,37.9,62.8,0,0,false,22.3,3.25,above,-12.5,1.5,72500,78420,13.27,23.38,0.83,-1.95,10.12,11282,6.73,7.14,-5.7,73460,71265,78420,86780,0.53,واگرایی منفی RSI | واگرایی منفی
زنگان,صنعت روی زنگان,فلزات اساسی,70.8,پرریسک؛ صفی/رشد عمودی,100,75,99,4,9780,20261010,0.7,38.9,104.5,38.1,15.5,32,81.8,76.6,9,0,true,46,3.08,above,-2.2,1.77,7722,9997,3.15,15.13,1.74,19.16,9.26,403,24.27,8.05,201.5,9479,9178,9997,10598,0.36,فاصله زیاد از MA20 | سهم صفی: 9 روز از ۲۰ روز در صف (ریسک نقدشوندگی و اجرای حد ضرر) | رشد عمودی (105٪ در ۶۰ روز، 32٪ بالای MA50) | 82٪ بالای MA200 | نقدشوندگی کمتر از ۱۰ میلیارد تومان
شستان,پتروشیمی شهید رئیسی گلستان,محصولات شیمیایی,70.8,زیر نظر,100,80,79,20,2040,20261010,4,8.3,38.7,-27.7,7.9,19.1,37.4,68.6,1,0,true,26.7,3.37,above,-0.7,0.81,1995,,1.21,2.91,2.25,6.29,3.21,7,291.43,,,1995,1961,2246,2384,2.61,P/E بالا (291) | نقدشوندگی کمتر از ۱۰ میلیارد تومان
شمس,تولید انرژی برق شمس پاسارگاد,عرضه برق، گاز، بخاروآب گرم,70.6,قوی؛ نزدیک مقاومت، منتظر شکست یا پولبک,100,80,89.5,9,12510,20261010,-0.7,11.4,36.4,-30,3.6,6.4,89.3,59.9,0,0,true,30.6,3.59,above,-3.2,1.51,11900,12873,39.57,76.84,3.38,72.76,17.01,887,14.1,10.04,40.5,12061,11675,12873,13771,0.43,89٪ بالای MA200
زملارد,کشاورزی و دامپروری ملارد شیر,زراعت و خدمات وابسته,70.5,قوی؛ نزدیک مقاومت، منتظر شکست یا پولبک,100,45,89,37,1512,20261010,-3.8,1.1,32.5,-33.9,0.8,6.7,53.8,54.5,3,0,false,33.8,3.56,above,-6.6,1.13,1388,1604,8.22,21.96,1.66,37.74,19.29,183,8.26,8.07,2.4,1458,1378,1604,1712,0.68,54٪ بالای MA200 | حد ضرر دور (8.9٪)
وسرمد,بیمه  سرمد,بیمه وصندوق بازنشستگی به جزتامین اجتماعی,70.4,قوی؛ نزدیک مقاومت، منتظر شکست یا پولبک,100,70,63.5,42,1631,20261010,5.2,-5.2,33.8,-32.7,4.7,6.1,40.4,58.5,3,0,true,25,3.37,above,-6,0.73,1569,1657,-1.12,16.17,2.32,2.14,4.27,317,5.15,,,1576,1542,1657,1736,0.3,واگرایی منفی RSI | واگرایی منفی | نقدشوندگی کمتر از ۱۰ میلیارد تومان
بازرگام,پست پیشگامان,اطلاعات و ارتباطات,70.2,پرریسک؛ صفی/رشد عمودی,100,70,79.8,25,6410,20261010,12.3,48,96.6,30.2,20.1,46.1,73.8,92.5,6,0,true,63.8,2.7,above,-1.4,0.83,5332,,20.49,120.33,1.23,11.63,29.4,341,18.8,,,6237,6064,6928,7274,1.5,اشباع خرید | فاصله زیاد از MA20 | سهم صفی: 6 روز از ۲۰ روز در صف (ریسک نقدشوندگی و اجرای حد ضرر) | رشد عمودی (97٪ در ۶۰ روز، 46٪ بالای MA50) | 74٪ بالای MA200
نماد,گروه مالی نماد غدیر,سرمایه گذاریها,70.1,قوی؛ نزدیک مقاومت، منتظر شکست یا پولبک,100,55,36.5,80,4230,20261010,0.7,1.9,48.9,-17.5,3,11.4,,61.2,0,0,false,30.8,3.09,above,-2.1,0.88,3990,4320,-4.98,-56.09,3.84,58.9,31.56,995,4.25,7.13,-40.4,4099,3925,4320,4581,0.29,خروج مستمر پول حقیقی | حد ضرر دور (7.2٪) | شناوری کم (9٪)
ومشان,سرمایه گذاری مشانیر,سرمایه گذاریها,70.1,زیر نظر,100,70,84.2,20,42870,20261010,15.9,65.5,86.2,19.8,30.1,53.5,140.6,93.5,15,0,true,58.3,2.58,above,0,0.35,26683,,2.75,25.35,1.39,1.72,5.89,143,299.79,,,41763,40657,46190,48403,1.5,اشباع خرید | فاصله زیاد از MA20 | سهم صفی: 15 روز از ۲۰ روز در صف (ریسک نقدشوندگی و اجرای حد ضرر) | رشد عمودی (86٪ در ۶۰ روز، 53٪ بالای MA50) | P/E بالا (300) | 141٪ بالای MA200 | نقدشوندگی کمتر از ۱۰ میلیارد تومان
وهامون,سرمایه گذاری هامون صبا,سرمایه گذاریها,70,قوی؛ نزدیک مقاومت، منتظر شکست یا پولبک,100,55,36,80,1707,20261010,0.1,2.6,29.6,-36.8,2.1,8.6,31.4,59.9,0,0,false,20,2.67,above,-3,0.95,1669,1726,-1.86,-3.78,2.07,5.64,4.75,427,4,8.73,-54.2,1669,1646,1726,1760,0.31,نقدشوندگی کمتر از ۱۰ میلیارد تومان
آردینه,نشاسته و گلوکز آردینه,محصولات غذایی و آشامیدنی به جز قند و شکر,70,زیر نظر,100,73,77.5,24,39100,20261010,12.7,12.1,57.6,-8.8,12.8,21.1,91.4,74.5,3,0,true,24.2,3.24,above,-1.2,0.46,36980,,10.09,18.12,8.41,24.02,26.76,4668,8.38,7.05,18.8,37832,36346,42903,45439,1.38,91٪ بالای MA200 | حد ضرر دور (7.0٪)
دابور,داروسازی‌ ابوریحان‌,مواد و محصولات دارویی,70,زیر نظر,100,65,57.8,50,71050,20261010,-2.2,17.3,75.9,9.5,4.4,19.9,98.9,62.6,3,0,false,48.1,3.42,above,-5,1.03,68075,74820,-9.84,72.93,1.39,1.59,40.04,6272,11.33,12.91,-12.3,68618,66859,74820,79684,0.9,توزیع: ورود حقیقی با سرانه خرید ضعیف (0.87 در ۲۰ روز) | 99٪ بالای MA200
فاما,صنعتی‌ آما,ساخت محصولات فلزی,69.9,زیر نظر,100,85,54.5,37,7480,20261010,6.4,17.2,89.9,23.5,9,25.4,111.9,74.7,8,0,true,48.1,3.48,above,-1.3,1.17,7340,,7.87,20.41,0.86,-16.84,14.43,922,8.11,7.54,7.6,7340,7210,8262,8783,2.89,سهم صفی: 8 روز از ۲۰ روز در صف (ریسک نقدشوندگی و اجرای حد ضرر) | 112٪ بالای MA200
شفارس,صنایع‌ شیمیایی‌ فارس‌,محصولات شیمیایی,69.7,زیر نظر,100,65,82.6,24,2548,20261010,11.2,14.9,47.2,-19.2,10.6,24.7,54.6,74.2,0,0,true,37.9,3.28,above,-1.2,1.24,2477,,2.37,0.6,1.42,20.5,10.75,231,11.03,9.63,14.5,2477,2435,2799,2966,2.22,واگرایی منفی RSI | 55٪ بالای MA200 | واگرایی منفی
دالبر,البرزدارو,مواد و محصولات دارویی,69.5,زیر نظر,100,75,48,50,17030,20261010,3.5,6.5,111.8,45.4,6.9,16.3,134.3,64.5,7,0,false,45.1,3.04,above,0,0.78,15913,,-38.14,120.89,3.99,-90.49,117.01,1779,9.57,12.91,-25.8,16512,15736,18583,19619,1.2,سهم صفی: 7 روز از ۲۰ روز در صف (ریسک نقدشوندگی و اجرای حد ضرر) | رشد عمودی (112٪ در ۶۰ روز، 16٪ بالای MA50) | توزیع: ورود حقیقی با سرانه خرید ضعیف (0.67 در ۲۰ روز) | 134٪ بالای MA200 | حد ضرر دور (7.6٪)
پاسا,ایران‌یاساتایرورابر,لاستیک و پلاستیک,69.5,زیر نظر,100,85,29.9,60,12380,20261010,7.5,20.3,102.3,35.9,12.7,27.9,91,78.7,0,0,true,56.4,3.15,above,-1,0.97,11120,,-20.21,-31.94,1.35,26.17,32.04,2053,6.03,8.21,-26.6,11990,11600,13550,14330,1.5,واگرایی منفی RSI | اشباع خرید | رشد عمودی (102٪ در ۶۰ روز، 28٪ بالای MA50) | 91٪ بالای MA200 | واگرایی منفی
مادیرا,صنایع مادیران,تولید محصولات کامپیوتری الکترونیکی ونوری,69.4,زیر نظر,100,80,84.7,9,3260,20261010,3.5,12.6,56.2,-10.2,4.8,12.5,20.6,62.1,2,0,true,36.2,3.16,above,-9.7,0.9,3189,3380,8.45,54.07,1.47,11.77,32.01,252,12.94,7.98,62.1,3189,3138,3380,3454,0.98,واگرایی منفی RSI | واگرایی منفی
سمتاز,سیمان ممتازان کرمان,سیمان، آهک و گچ,69.4,زیر نظر,100,80,69.7,24,68950,20261010,8.9,4.4,28.6,-37.8,6.4,15.7,78.3,66.4,0,0,true,26.1,2.92,above,-1.5,1.62,66250,70000,3.06,-0.97,1.53,4.43,4.19,8478,8.13,6.69,21.6,66934,65242,70000,74032,0.28,78٪ بالای MA200 | نقدشوندگی کمتر از ۱۰ میلیارد تومان
کماسه,تامین‌ ماسه‌ ریخته‌گری‌,استخراج سایر معادن,69.4,زیر نظر,100,60,97.5,12,6050,20261010,15,26.3,122.3,55.9,9.1,41.2,110.2,76.2,10,0,false,66.4,2.95,above,-0.7,1.2,5170,,104.45,61.22,1.95,86.35,44.87,209,28.95,26.17,10.6,5871,5693,6586,6943,1.5,سهم صفی: 10 روز از ۲۰ روز در صف (ریسک نقدشوندگی و اجرای حد ضرر) | رشد عمودی (122٪ در ۶۰ روز، 41٪ بالای MA50) | 110٪ بالای MA200
اعتلا,شرکت سرمایه گذاری اعتلاء البرز,سرمایه گذاریها,69.4,زیر نظر,95,45,67.4,60,2394,20261010,2.4,-0.9,38.7,-27.7,1.3,5,40.9,56.9,0,0,false,22.3,3.34,above,-6.4,1.1,2358,2498,0.16,0.35,1.22,5.12,3.53,377,6.35,8.73,-27.3,2358,2318,2498,2558,1.37,توزیع: ورود حقیقی با سرانه خرید ضعیف (0.87 در ۲۰ روز) | نقدشوندگی کمتر از ۱۰ میلیارد تومان
وغدیر,سرمایه‌گذاری‌غدیر(هلدینگ‌,شرکتهای چند رشته ای صنعتی,69.3,زیر نظر,100,63,69.9,37,22890,20261010,2.5,7.1,63.2,-3.3,6.2,18.2,66.4,65.4,2,0,false,30.9,3.15,above,0,1.28,21050,,301.27,-31.58,1.48,199.77,197.44,1940,11.8,10.88,8.4,22170,21089,25051,26492,1.2,66٪ بالای MA200 | حد ضرر دور (7.9٪)
ساروج,بین المللی ساروج بوشهر,سیمان، آهک و گچ,69.3,زیر نظر,74,45,74.4,78,58590,20261010,2.3,-5.1,6.1,-60.3,0.6,2.5,10.4,54.1,0,0,false,12.2,2.97,inside,-16.1,1.22,57816,59320,8.94,1.99,1.09,1.88,4.39,11890,4.93,6.69,-26.3,57816,56947,59320,61211,0.44,بدون روند (ADX پایین) | توزیع: ورود حقیقی با سرانه خرید ضعیف (0.75 در ۲۰ روز) | نقدشوندگی کمتر از ۱۰ میلیارد تومان
پیزد,مجتمع صنایع لاستیک یزد,لاستیک و پلاستیک,69.3,زیر نظر,100,70,64,37,15340,20261010,15.3,43.1,264.4,198,20.5,62,204.8,90.6,7,0,true,79.3,2.45,above,-0.1,0.4,12620,,20.96,-155.73,25.07,15.57,58.42,1599,9.59,9.84,-2.5,14964,14589,16467,17218,1.5,اشباع خرید | فاصله زیاد از MA20 | خروج مستمر پول حقیقی | سهم صفی: 7 روز از ۲۰ روز در صف (ریسک نقدشوندگی و اجرای حد ضرر) | رشد عمودی (264٪ در ۶۰ روز، 62٪ بالای MA50) | 205٪ بالای MA200
غانیزان,فرآورده های دامی ولبنی دالاهو,محصولات غذایی و آشامیدنی به جز قند و شکر,69.2,زیر نظر,100,73,89.5,9,11030,20261010,20.3,22.4,58.2,-8.2,18.2,34.2,75,78.8,7,0,true,25.1,3.24,above,-0.8,0.95,9760,,17.53,15.82,99.13,17.18,11.31,797,13.84,8.53,62.2,10673,10315,12102,12817,1.5,اشباع خرید | فاصله زیاد از MA20 | سهم صفی: 7 روز از ۲۰ روز در صف (ریسک نقدشوندگی و اجرای حد ضرر) | رشد عمودی (58٪ در ۶۰ روز، 34٪ بالای MA50) | 75٪ بالای MA200
لپارس,پارس‌ الکتریک‌,ساخت دستگاه‌ها و وسایل ارتباطی,69.1,زیر نظر,100,85,76.3,12,37100,20261010,4.4,11.1,70.1,3.7,9.3,24.7,79.9,70.1,4,1,true,54.6,3.3,above,-2.9,1.24,34433,,12.31,12.87,1.13,5.45,13.13,1544,24.03,20.28,18.5,35876,34040,40772,43219,1.2,واگرایی منفی RSI | 80٪ بالای MA200 | واگرایی منفی | حد ضرر دور (8.2٪) | صف فروش در ۵ روز اخیر
وپارس,بانک‌پارسیان‌,بانکها و موسسات اعتباری,69,زیر نظر,90,75,28.1,80,2157,20261010,-2,4,77.7,11.3,-2.9,18.5,84.7,56.1,4,1,false,49,3.39,above,-9.3,0.93,2072,2193,21.48,-66.13,0.84,-147.62,423.62,668,3.23,5.4,-40.2,2084,2035,2193,2372,0.3,واگرایی منفی RSI | 85٪ بالای MA200 | واگرایی منفی | صف فروش در ۵ روز اخیر
شغدیر,پتروشیمی غدیر,محصولات شیمیایی,69,زیر نظر,100,85,28,60,89710,20261010,1.9,20.6,177.7,111.3,10.2,26.7,117,73.2,1,0,true,61.3,3.29,above,-1.3,0.84,82210,,-10.88,112.88,0.6,-92.66,65.07,12273,7.31,9.63,-24.1,86756,82325,98572,104479,1.2,واگرایی منفی RSI | رشد عمودی (178٪ در ۶۰ روز، 27٪ بالای MA50) | توزیع: ورود حقیقی با سرانه خرید ضعیف (0.81 در ۲۰ روز) | 117٪ بالای MA200 | سرانه خرید ضعیف (0.60) | واگرایی منفی | حد ضرر دور (8.2٪)
جم پیلن,پتروشیمی جم پیلن,محصولات شیمیایی,69,زیر نظر,100,70,63,37,389900,20261010,15.7,29.4,128.9,62.5,20.4,41.9,108.2,87.4,4,0,true,53.9,2.57,above,-0.1,0.88,318000,,39.2,-59.3,10.61,39.02,29.22,41853,9.32,9.63,-3.3,379872,369843,419985,440042,1.5,واگرایی منفی RSI | اشباع خرید | فاصله زیاد از MA20 | خروج مستمر پول حقیقی | رشد عمودی (129٪ در ۶۰ روز، 42٪ بالای MA50) | 108٪ بالای MA200 | واگرایی منفی | شناوری کم (11٪)
تپسی,پیشگامان فن آوری و دانش آرامیس,رایانه و فعالیت‌های وابسته به آن,69,زیر نظر,100,70,90,10,27920,20261010,6,26.4,101.4,35,11.5,31.3,59.3,99.8,20,0,true,96.7,1.01,above,0,0.56,22600,,8.78,57.77,18.51,8.9,3.63,,,8.89,,27637,27354,28770,29336,1.5,اشباع خرید | بدون EPS مثبت | سهم صفی: 20 روز از ۲۰ روز در صف (ریسک نقدشوندگی و اجرای حد ضرر) | رشد عمودی (101٪ در ۶۰ روز، 31٪ بالای MA50) | 59٪ بالای MA200 | نقدشوندگی کمتر از ۱۰ میلیارد تومان
رتاپ,تجارت الکترونیک  پارسیان,رایانه و فعالیت‌های وابسته به آن,69,زیر نظر,100,88,30.5,55,9930,20261010,6.3,13.4,60.4,-6,4.9,12.1,109.4,62.9,1,0,true,41.1,2.92,above,-3.6,1.11,9765,,-14.37,-112.62,1.4,2.85,19.94,806,12.32,18.19,-32.3,9765,9620,10799,11379,2.8,واگرایی منفی RSI | خروج مستمر پول حقیقی | 109٪ بالای MA200 | واگرایی منفی
سیسکو,فولاد سیرجان ایرانیان,فلزات اساسی,68.9,زیر نظر,100,75,33.5,62,6730,20261010,0.4,8.5,112.3,45.9,2.7,20.1,123,62,5,0,false,46.4,3.02,above,-3.3,0.84,6370,6920,-117.49,-501.73,1.5,26.85,99.3,820,8.21,13.48,-39.1,6527,6268,6920,7326,0.41,خروج مستمر پول حقیقی | رشد عمودی (112٪ در ۶۰ روز، 20٪ بالای MA50) | 123٪ بالای MA200 | شناوری کم (7٪)
خوساز,محورسازان‌ایران‌خودرو,خودرو و ساخت قطعات,68.9,زیر نظر,100,80,81.5,10,20390,20261010,2.8,5.2,19.7,-46.8,5.3,14.3,30,62.3,1,0,true,27.1,3.29,above,-2.7,1.21,19350,20950,2.03,0.63,1.36,4.63,5.07,,,,,19720,19015,20950,22290,0.41,بدون EPS مثبت | نقدشوندگی کمتر از ۱۰ میلیارد تومان
فگستر,گسترش صنایع روی ایرانیان,فلزات اساسی,68.9,زیر نظر,100,85,47.5,60,13280,20261007,5.6,22.7,158,91.6,11.6,37.4,191.4,76.9,11,0,true,60.5,2.81,above,0,1.22,12520,,-6.7,11.16,2.11,-22.33,37.38,1905,6.97,8.05,-13.4,12907,12349,14398,15143,1.2,سهم صفی: 11 روز از ۲۰ روز در صف (ریسک نقدشوندگی و اجرای حد ضرر) | رشد عمودی (158٪ در ۶۰ روز، 37٪ بالای MA50) | 191٪ بالای MA200 | حد ضرر دور (7.0٪) | آخرین معامله 20261007 (متوقف یا کم‌معامله)
پتوسعه,س. و توسعه صنایع لاستیک,لاستیک و پلاستیک,68.9,زیر نظر,95,45,88.5,37,9640,20261010,3.7,-0.5,29.3,-37.1,2.4,8,,58.6,3,0,false,20.4,3.63,above,-8,1.36,9167,9770,13.25,2.65,3.91,32.71,8.29,1012,9.53,9.84,-3.2,9290,8992,9770,10480,0.2,نقدشوندگی کمتر از ۱۰ میلیارد تومان
وکغدیر,بین المللی توسعه ص. معادن غدیر,شرکتهای چند رشته ای صنعتی,68.8,زیر نظر,100,70,90,9,8500,20261010,14.6,37.1,176,109.6,19.2,49.8,126.8,86.6,7,0,true,70.2,2.57,above,0,0.69,7160,,295.35,422.12,30.9,160.06,156.48,563,15.1,10.88,38.8,8282,8064,9155,9591,1.5,اشباع خرید | فاصله زیاد از MA20 | سهم صفی: 7 روز از ۲۰ روز در صف (ریسک نقدشوندگی و اجرای حد ضرر) | رشد عمودی (176٪ در ۶۰ روز، 50٪ بالای MA50) | توزیع: ورود حقیقی با سرانه خرید ضعیف (0.88 در ۲۰ روز) | 127٪ بالای MA200 | شناوری کم (10٪)
چکاوه,صنایع‌کاغذسازی‌کاوه‌,محصولات کاغذی,68.8,زیر نظر,100,70,89,10,17630,20261010,15.8,73,128.1,61.7,28.1,60.1,125.6,95,17,0,true,67,2.39,above,0,0.6,12250,,36.9,103.69,5.4,28.24,16.9,,,16.48,,17210,16789,18891,19732,1.5,اشباع خرید | فاصله زیاد از MA20 | بدون EPS مثبت | سهم صفی: 17 روز از ۲۰ روز در صف (ریسک نقدشوندگی و اجرای حد ضرر) | رشد عمودی (128٪ در ۶۰ روز، 60٪ بالای MA50) | 126٪ بالای MA200
خمحور,تولیدمحورخودرو,خودرو و ساخت قطعات,68.7,زیر نظر,100,80,48.9,42,5990,20261010,6.2,8.5,32.2,-34.2,7.3,16.3,49.2,67.7,0,0,true,20.9,3.09,above,-0.2,0.58,5885,,-1.01,7.76,1.1,0.41,4.53,785,7.63,,,5885,5792,6545,6915,2.81,نقدشوندگی کمتر از ۱۰ میلیارد تومان | شناوری کم (9٪)
فرود,فولاد شاهرود,فلزات اساسی,68.6,زیر نظر,100,70,89.5,9,11080,20261010,14.6,17.9,139.3,72.9,17.2,39.3,139.2,81,9,0,true,52.8,2.82,above,0,1.16,10050,,36.45,43.73,21.67,38.19,15.65,910,12.18,8.05,51.3,10767,10455,12018,12643,1.5,اشباع خرید | فاصله زیاد از MA20 | سهم صفی: 9 روز از ۲۰ روز در صف (ریسک نقدشوندگی و اجرای حد ضرر) | رشد عمودی (139٪ در ۶۰ روز، 39٪ بالای MA50) | 139٪ بالای MA200
ثتران,سرمایه گذاری مسکن تهران,انبوه سازی، املاک و مستغلات,68.6,زیر نظر,100,70,88.5,10,10220,20261010,15.6,25.1,86.8,20.4,19.9,31.6,82.7,82.6,5,0,true,51.1,2.85,above,0,0.9,8720,,6.45,8.43,14.49,17.42,7.61,,,23.59,,9929,9637,11094,11677,1.5,واگرایی منفی RSI | اشباع خرید | فاصله زیاد از MA20 | بدون EPS مثبت | رشد عمودی (87٪ در ۶۰ روز، 32٪ بالای MA50) | 83٪ بالای MA200 | واگرایی منفی | نقدشوندگی کمتر از ۱۰ میلیارد تومان
فزرین,زرین معدن آسیا,فلزات اساسی,68.5,زیر نظر,95,75,63,37,9990,20261010,0.1,1.3,96.1,29.7,1.1,21.1,127.5,62.8,10,1,false,50,3.03,above,-9.8,1.42,9420,11080,35.56,39.92,0.7,-26.39,38.24,1184,8.44,8.05,4.8,9687,9269,11080,11686,1.51,سهم صفی: 10 روز از ۲۰ روز در صف (ریسک نقدشوندگی و اجرای حد ضرر) | توزیع: ورود حقیقی با سرانه خرید ضعیف (0.61 در ۲۰ روز) | 127٪ بالای MA200 | سرانه خرید ضعیف (0.70) | حد ضرر دور (7.2٪) | صف فروش در ۵ روز اخیر
ثپهران,توسعه ساختمان سپهر تهران,انبوه سازی، املاک و مستغلات,68.5,زیر نظر,100,60,90,16,6280,20261010,11.7,57,84.7,18.3,23.2,46.2,,93.6,6,0,true,60.9,2.55,above,-0.9,1.09,4326,,23.9,94.15,10.91,124.16,29.24,721,8.71,6.61,31.8,6120,5960,6761,7081,1.5,واگرایی منفی RSI | اشباع خرید | فاصله زیاد از MA20 | سهم صفی: 6 روز از ۲۰ روز در صف (ریسک نقدشوندگی و اجرای حد ضرر) | رشد عمودی (85٪ در ۶۰ روز، 46٪ بالای MA50) | واگرایی منفی | شناوری کم (11٪)
اردستان,سیمان اردستان,سیمان، آهک و گچ,68.5,زیر نظر,95,45,64,60,32170,20261010,5.6,-1.1,26.5,-39.9,4.1,12.5,41.2,62,2,0,false,20.8,3.27,above,-3.9,0.96,29783,33470,6.04,-21.09,1.75,4.3,18.57,5074,6.34,7.14,-11.2,31117,29538,33470,35576,0.49,خروج مستمر پول حقیقی | حد ضرر دور (8.2٪)
فن آوا,گروه فن آوا,رایانه و فعالیت‌های وابسته به آن,68.5,زیر نظر,100,65,42,60,3930,20261010,-6.4,12.9,195.6,129.2,0.3,31.6,119.7,62.1,9,2,false,70.6,3.05,above,-10.3,0.84,3580,3970,-11.83,28.14,0.79,3.31,19.86,1675,2.35,,,3810,3630,3970,4380,0.13,واگرایی منفی RSI | سهم صفی: 9 روز از ۲۰ روز در صف (ریسک نقدشوندگی و اجرای حد ضرر) | رشد عمودی (196٪ در ۶۰ روز، 32٪ بالای MA50) | 120٪ بالای MA200 | سرانه خرید ضعیف (0.79) | واگرایی منفی | حد ضرر دور (7.6٪) | صف فروش در ۵ روز اخیر
کرازی,کارخانجات‌تولیدی‌شیشه‌رازی‌,سایر محصولات کانی غیرفلزی,68.4,زیر نظر,100,85,35.7,50,2149,20261010,6.8,8.9,79.4,13,12.8,23.3,83.6,73.4,6,0,true,25.6,3.1,above,-0.1,1.1,2032,,-0.78,99.71,1.09,-42.9,30.14,221,9.72,12.75,-23.7,2082,1999,2349,2482,1.33,سهم صفی: 6 روز از ۲۰ روز در صف (ریسک نقدشوندگی و اجرای حد ضرر) | توزیع: ورود حقیقی با سرانه خرید ضعیف (0.80 در ۲۰ روز) | 84٪ بالای MA200
کمنگنز,معادن‌منگنزایران‌,استخراج کانه های فلزی,68.4,زیر نظر,100,85,23.5,62,11450,20261010,7.7,23.5,102.6,36.2,15,29.9,115.7,76.5,10,0,true,50.8,2.89,above,0,0.73,10930,,-19.25,-43.04,2.98,-17.2,23.64,1317,8.69,13.76,-36.8,11119,10764,12444,13107,1.45,خروج مستمر پول حقیقی | سهم صفی: 10 روز از ۲۰ روز در صف (ریسک نقدشوندگی و اجرای حد ضرر) | رشد عمودی (103٪ در ۶۰ روز، 30٪ بالای MA50) | 116٪ بالای MA200
نخریس,نخریسی و نساجی خسروی خراسان,منسوجات,68.3,زیر نظر,100,75,63,30,27010,20261010,1.5,36.2,132.9,66.5,11.9,33.6,99.2,75,4,0,true,58,2.92,above,-2.6,1.01,25500,,-4.51,41.93,3.04,30.5,11.94,2027,13.33,14.29,-6.8,26221,25106,29377,30955,1.24,واگرایی منفی RSI | رشد عمودی (133٪ در ۶۰ روز، 34٪ بالای MA50) | 99٪ بالای MA200 | واگرایی منفی | حد ضرر دور (7.1٪)
داسوه,داروسازی‌ اسوه‌,مواد و محصولات دارویی,68.3,زیر نظر,100,70,88,9,123400,20261010,13.7,13.1,181.6,115.1,19.4,35.4,171.8,80.5,13,0,true,48.2,2.81,above,0,1.21,112284,,5.17,8.59,2.4,1.96,9.23,6197,19.91,12.91,54.2,119934,116468,133799,140731,1.5,واگرایی منفی RSI | اشباع خرید | فاصله زیاد از MA20 | سهم صفی: 13 روز از ۲۰ روز در صف (ریسک نقدشوندگی و اجرای حد ضرر) | رشد عمودی (182٪ در ۶۰ روز، 35٪ بالای MA50) | 172٪ بالای MA200 | واگرایی منفی | نقدشوندگی کمتر از ۱۰ میلیارد تومان | شناوری کم (9٪)
سمایه,بانک سرمایه,بانکها و موسسات اعتباری,68.1,زیر نظر,100,80,78.5,10,5920,20261010,5.7,12.1,13.4,-53,9.5,20.1,36.5,69.5,4,0,true,36.4,3.16,above,-4.7,0.46,5600,,1.44,2.48,6.04,1.97,3.9,,,,,5733,5506,6482,6856,1.36,واگرایی منفی RSI | بدون EPS مثبت | واگرایی منفی | نقدشوندگی کمتر از ۱۰ میلیارد تومان
وکبهمن,مدیریت سرمایه گذاری کوثربهمن,سرمایه گذاریها,68.1,زیر نظر,100,70,36.5,60,4840,20261010,14.2,31.5,80.7,14.3,19,35.8,94.1,87.9,5,0,true,56.6,2.73,above,0,1.06,3980,,-6.11,-45.75,236.29,11.61,5.36,671,7.21,8.73,-17.4,4708,4575,5237,5502,1.5,اشباع خرید | فاصله زیاد از MA20 | خروج مستمر پول حقیقی | رشد عمودی (81٪ در ۶۰ روز، 36٪ بالای MA50) | 94٪ بالای MA200 | نقدشوندگی کمتر از ۱۰ میلیارد تومان
شبریز,پالایش نفت تبریز,فراورده های نفتی، کک و سوخت هسته ای,68.1,زیر نظر,90,55,83.4,57,56390,20261003,4.6,6.4,40.2,-26.2,-2.5,13.3,78.5,55.3,2,0,false,40.7,3.68,above,-13.4,1.28,53180,65100,296.3,29.02,1.42,55.68,168.91,9661,5.84,6.26,-6.8,54314,52142,65100,69252,2.05,توزیع: ورود حقیقی با سرانه خرید ضعیف (0.66 در ۲۰ روز) | 78٪ بالای MA200 | حد ضرر دور (7.5٪) | آخرین معامله 20261003 (متوقف یا کم‌معامله)
قاسم,قاسم ایران,خرده فروشی،باستثنای وسایل نقلیه موتوری,68.1,زیر نظر,100,58,90,16,2940,20261010,15.8,24.2,58.3,-8.1,21.8,29.4,122.3,80.5,12,0,true,32.1,2.73,above,0,0.48,2458,,26.94,139.07,10.88,33.46,14,345,8.52,6.17,38.1,2860,2779,3181,3342,1.5,اشباع خرید | فاصله زیاد از MA20 | سهم صفی: 12 روز از ۲۰ روز در صف (ریسک نقدشوندگی و اجرای حد ضرر) | 122٪ بالای MA200
ثرود,سرمایه‌گذاری مسکن زاینده رود,انبوه سازی، املاک و مستغلات,68.1,زیر نظر,100,55,46.3,62,6340,20261010,3.8,5.8,32.9,-33.5,0.4,13.8,61.8,59.9,4,0,false,40.2,3.6,above,-7.2,0.78,6150,6830,0.01,7.35,1.01,-1.53,11.09,595,10.66,23.59,-54.8,6150,6036,6830,7286,1.61,توزیع: ورود حقیقی با سرانه خرید ضعیف (0.79 در ۲۰ روز) | 62٪ بالای MA200
شرانل,نفت ایرانول,فراورده های نفتی، کک و سوخت هسته ای,68,زیر نظر,100,100,48,24,119400,20261010,5,7.2,68.7,2.3,6.8,18.8,98.1,68.3,3,0,true,27.5,3.23,above,-1.1,1.06,117000,120700,18.25,-22.99,3,-4.08,35.6,13150,9.08,8.12,11.8,117000,115072,120700,128414,0.3,98٪ بالای MA200
ممسنی,پتروشیمی ممسنی,محصولات شیمیایی,68,زیر نظر,100,70,86,10,17440,20261010,11.6,51.4,105.3,38.9,23.4,52.7,77.5,96.2,19,0,true,82.5,2.37,above,-1.5,0.67,15612,17649,1.63,48.93,1.85,2.9,4.38,,,,,17027,16615,17649,18474,0.25,اشباع خرید | فاصله زیاد از MA20 | بدون EPS مثبت | سهم صفی: 19 روز از ۲۰ روز در صف (ریسک نقدشوندگی و اجرای حد ضرر) | رشد عمودی (105٪ در ۶۰ روز، 53٪ بالای MA50) | 78٪ بالای MA200 | نقدشوندگی کمتر از ۱۰ میلیارد تومان | واگرایی مثبت RSI
وساپا,سرمایه‌گذاری‌ سایپا,سرمایه گذاریها,68,زیر نظر,95,55,34,80,9500,20261010,1.2,1.3,48.5,-17.9,0.8,15.3,60.1,59.1,0,0,false,34.6,3.37,above,-5.8,0.63,9160,9690,25.51,-301.49,1.06,-6.69,238.55,2887,3.29,7.13,-53.8,9180,9000,9690,10090,0.38,خروج مستمر پول حقیقی | 60٪ بالای MA200
درپاد,گروه صنعتی درپاد تبریز,فلزات اساسی,67.9,زیر نظر,100,60,99.5,4,5150,20261010,5.7,56.8,128.5,62.1,18,63.1,,93.4,16,0,true,74.4,2.76,above,-2.8,2.3,4730,,7.67,55.79,111.34,115.68,14.25,24,214.58,8.05,2565.6,5008,4794,5577,5862,1.2,اشباع خرید | فاصله زیاد از MA20 | سهم صفی: 16 روز از ۲۰ روز در صف (ریسک نقدشوندگی و اجرای حد ضرر) | رشد عمودی (129٪ در ۶۰ روز، 63٪ بالای MA50) | P/E بالا (215) | 174٪ بالای کف ۵۲ هفته
دزهراوی,داروسازی‌زهراوی‌,مواد و محصولات دارویی,67.8,زیر نظر,100,85,33.1,50,5560,20261010,8.8,22.5,79.9,13.5,13,23,127.2,73.7,3,0,true,37.4,3.18,above,-0.5,0.74,5300,,-3.17,-35.08,1.47,14.82,22.6,492,11.3,12.91,-12.5,5383,5212,6091,6445,1.52,واگرایی منفی RSI | خروج مستمر پول حقیقی | 127٪ بالای MA200 | واگرایی منفی
کنور,توسعه معدنی و صنعتی صبانور,استخراج کانه های فلزی,67.7,زیر نظر,100,85,40.9,62,6960,20261006,8.1,14.7,98.3,31.9,10.1,30.7,104.7,76.2,4,0,true,47.4,3.24,above,-0.3,0.92,6500,,0.9,-79,1.35,-2.32,22.25,738,9.43,13.76,-31.5,6734,6396,7637,8088,1.2,واگرایی منفی RSI | خروج مستمر پول حقیقی | رشد عمودی (98٪ در ۶۰ روز، 31٪ بالای MA50) | 105٪ بالای MA200 | واگرایی منفی | حد ضرر دور (8.1٪) | شناوری کم (9٪) | آخرین معامله 20261006 (متوقف یا کم‌معامله)
خگستر,گسترش‌سرمایه‌گذاری‌ایران‌خودرو,خودرو و ساخت قطعات,67.6,زیر نظر,100,65,78.5,20,4520,20261010,11.6,3.7,35.7,-30.7,10,18.7,47.6,70.6,3,0,true,29.6,3.2,above,-0.2,1.19,4170,,152.97,112.54,3.04,452.81,205.9,88,51.36,,,4375,4159,4954,5243,1.2,واگرایی منفی RSI | P/E بالا (51) | واگرایی منفی | حد ضرر دور (8.0٪)
کرمان,س. توسعه و عمران استان کرمان,انبوه سازی، املاک و مستغلات,67.6,زیر نظر,95,80,88.5,4,1532,20261010,8.8,7.2,45.5,-20.9,3.7,14.6,40.8,61.4,6,0,true,41.4,3.17,above,-6.6,1.15,1454,1640,104.52,101.78,4.31,99.22,81.21,2,766,23.59,3147.1,1483,1430,1640,1737,1.06,واگرایی منفی RSI | سهم صفی: 6 روز از ۲۰ روز در صف (ریسک نقدشوندگی و اجرای حد ضرر) | P/E بالا (766) | توزیع: ورود حقیقی با سرانه خرید ضعیف (0.87 در ۲۰ روز) | واگرایی منفی
پخش,پخش البرز,مواد و محصولات دارویی,67.6,زیر نظر,100,45,54.5,60,14440,20261010,-6.2,6.1,27.8,-38.6,1.7,10.5,72.6,56.1,3,0,false,33.6,3.5,above,-8,1.41,14220,15700,116.44,263.89,0.63,-108.98,76.06,2029,7.12,8.86,-19.7,14220,13967,15700,16711,2.66,توزیع: ورود حقیقی با سرانه خرید ضعیف (0.64 در ۲۰ روز) | 73٪ بالای MA200 | سرانه خرید ضعیف (0.63)
کیانا,گروه مالی کیان,سرمایه گذاریها,67.6,زیر نظر,95,65,78.5,26,7970,20261010,5.3,-11,78.4,12,1.5,10.1,107.7,58.5,5,0,false,30.4,2.99,above,-13.6,0.61,7710,8280,4.26,1.27,25.55,10.91,4.79,804,9.91,7.13,39,7732,7591,8280,9220,0.82,108٪ بالای MA200 | نقدشوندگی کمتر از ۱۰ میلیارد تومان | شناوری کم (9٪)
دیران,ایران‌دارو,مواد و محصولات دارویی,67.6,زیر نظر,100,70,77.5,17,22470,20261010,10.1,21.9,264.8,198.4,19,47.3,214.3,85.2,15,0,true,69.9,2.63,above,0,1.06,19400,,16.12,11.82,3.71,72.52,36.57,1532,14.67,12.91,13.6,21879,21287,24244,25427,1.5,اشباع خرید | فاصله زیاد از MA20 | سهم صفی: 15 روز از ۲۰ روز در صف (ریسک نقدشوندگی و اجرای حد ضرر) | رشد عمودی (265٪ در ۶۰ روز، 47٪ بالای MA50) | 214٪ بالای MA200
قپیرا,فرآورده‌های‌غدایی‌وقندپیرانشهر,قند و شکر,67.6,زیر نظر,90,65,40.5,70,23230,20261010,-1.1,13.8,70.8,4.4,-0.9,18.2,76.1,57.6,7,0,false,50.3,3.31,above,-11.6,0.66,22120,26290,-0.71,21.79,1.34,-2.35,5.16,2920,7.96,9.8,-18.8,22462,21736,26290,27826,2.05,سهم صفی: 7 روز از ۲۰ روز در صف (ریسک نقدشوندگی و اجرای حد ضرر) | توزیع: ورود حقیقی با سرانه خرید ضعیف (0.87 در ۲۰ روز) | 76٪ بالای MA200 | نقدشوندگی کمتر از ۱۰ میلیارد تومان
کطبس,ذغال‌سنگ‌ نگین‌ ط‌بس‌,استخراج زغال سنگ,67.5,زیر نظر,100,70,85,9,25140,20261010,15.9,45.7,139.3,72.9,23.2,48.3,150.9,90.4,11,0,true,63,2.67,above,0,1.86,19900,,32.82,26.84,5.37,-3.29,10.73,1904,13.2,9.67,36.5,24468,23795,27157,28501,1.5,واگرایی منفی RSI | اشباع خرید | فاصله زیاد از MA20 | سهم صفی: 11 روز از ۲۰ روز در صف (ریسک نقدشوندگی و اجرای حد ضرر) | رشد عمودی (139٪ در ۶۰ روز، 48٪ بالای MA50) | 151٪ بالای MA200 | واگرایی منفی
کخاک,صنایع‌خاک‌چینی‌ایران‌,سایر محصولات کانی غیرفلزی,67.5,زیر نظر,100,70,90,4,83230,20261010,15.9,48.3,143.1,76.7,27.2,54.7,166.1,92.8,12,0,true,73.5,2.53,above,0,0.17,58890,,11.27,35.29,10.75,12.01,12.25,4037,20.62,12.75,61.7,81127,79023,89540,93747,1.5,اشباع خرید | فاصله زیاد از MA20 | سهم صفی: 12 روز از ۲۰ روز در صف (ریسک نقدشوندگی و اجرای حد ضرر) | رشد عمودی (143٪ در ۶۰ روز، 55٪ بالای MA50) | توزیع: ورود حقیقی با سرانه خرید ضعیف (0.81 در ۲۰ روز) | 166٪ بالای MA200
غدانه,پنبه و دانه های روغنی خراسان,محصولات غذایی و آشامیدنی به جز قند و شکر,67.5,زیر نظر,100,78,27.5,60,20910,20261010,2.8,11,61.3,-5.1,8.8,15.3,77.1,68.3,5,0,true,39.7,3.6,above,-3.2,1.44,19950,,-16.17,8.77,0.62,-140.16,47.4,3417,6.12,7.05,-13.2,20158,19574,23167,24671,1.69,واگرایی منفی RSI | توزیع: ورود حقیقی با سرانه خرید ضعیف (0.71 در ۲۰ روز) | 77٪ بالای MA200 | سرانه خرید ضعیف (0.62) | واگرایی منفی
وبهمن,سرمایه‌گذاری‌بهمن‌,سرمایه گذاریها,67.4,زیر نظر,83,45,54,80,2225,20261010,-1,-5.6,40.7,-25.7,1.4,6.8,21.2,56.2,2,0,false,18.9,3.15,above,-8.4,0.79,2166,2260,12.03,132.87,0.68,-28.69,25.53,710,3.13,7.13,-56,2166,2131,2260,2428,0.37,توزیع: ورود حقیقی با سرانه خرید ضعیف (0.77 در ۲۰ روز) | سرانه خرید ضعیف (0.68)
کوچین,تولیدی کوچین,محصولات غذایی و آشامیدنی به جز قند و شکر,67.4,زیر نظر,100,65,63.5,34,19770,20261010,14.6,5.7,52.4,-14,13.7,20.4,,74,7,0,true,27,3,above,0,0.64,19140,,35.22,-58.59,6.36,87.09,39.11,2530,7.81,7.05,10.8,19177,18844,21549,22735,1.92,خروج مستمر پول حقیقی | سهم صفی: 7 روز از ۲۰ روز در صف (ریسک نقدشوندگی و اجرای حد ضرر) | 376٪ بالای کف ۵۲ هفته
داوه,داروسازی آوه سینا,مواد و محصولات دارویی,67.4,زیر نظر,100,70,89.5,4,17950,20261010,15.7,35.2,249.9,183.5,24.1,59.2,214.2,90.5,14,0,true,74.6,2.43,above,0,0.24,13840,,25.25,52.72,6.76,32.24,32.8,760,23.62,8.86,166.6,17514,17078,19258,20131,1.5,اشباع خرید | فاصله زیاد از MA20 | سهم صفی: 14 روز از ۲۰ روز در صف (ریسک نقدشوندگی و اجرای حد ضرر) | رشد عمودی (250٪ در ۶۰ روز، 59٪ بالای MA50) | 214٪ بالای MA200
فلامی,لامیران‌,ساخت محصولات فلزی,67.4,زیر نظر,100,70,89.5,4,13480,20261010,14.8,39.5,108.7,42.3,21.1,41.3,90.7,89,7,0,true,47.5,2.77,above,-0.6,0.75,10840,,4.62,12.24,2.83,3.64,4.05,586,23,7.54,205.1,13106,12732,14602,15350,1.5,اشباع خرید | فاصله زیاد از MA20 | سهم صفی: 7 روز از ۲۰ روز در صف (ریسک نقدشوندگی و اجرای حد ضرر) | رشد عمودی (109٪ در ۶۰ روز، 41٪ بالای MA50) | 91٪ بالای MA200 | نقدشوندگی کمتر از ۱۰ میلیارد تومان
دفارا,داروسازی‌ فارابی‌,مواد و محصولات دارویی,67.3,زیر نظر,100,45,53,60,18650,20261010,-8.2,7.6,43.3,-23.1,0.9,11.2,99.9,54.5,7,2,false,42.8,3.32,above,-11.4,1.37,18160,18870,104.74,195.26,0.38,-208.61,107.09,1956,9.53,12.91,-26.1,18160,17850,18870,21040,0.28,سهم صفی: 7 روز از ۲۰ روز در صف (ریسک نقدشوندگی و اجرای حد ضرر) | توزیع: ورود حقیقی با سرانه خرید ضعیف (0.67 در ۲۰ روز) | 100٪ بالای MA200 | سرانه خرید ضعیف (0.38) | صف فروش در ۵ روز اخیر
خلنت,لنت‌ ترمزایران‌,خودرو و ساخت قطعات,67.2,زیر نظر,100,73,48.5,42,6920,20261010,8.8,20.8,61.6,-4.9,15.7,23.8,76.3,73.8,7,0,true,40.9,2.76,above,-2.9,1.1,6000,,-4.58,22.56,4.04,-17.43,10.31,1027,6.74,,,6729,6537,7494,7876,1.5,فاصله زیاد از MA20 | سهم صفی: 7 روز از ۲۰ روز در صف (ریسک نقدشوندگی و اجرای حد ضرر) | 76٪ بالای MA200
عالیس,بهار رز عالیس چناران,محصولات غذایی و آشامیدنی به جز قند و شکر,67.2,زیر نظر,95,45,58.8,60,6110,20261010,0.7,-5.4,34.2,-32.3,1,5.6,52.9,56.4,0,0,false,20.3,3.43,above,-8.1,0.94,5877,6220,50.73,244.92,0.99,-8.84,43.59,1000,6.11,7.05,-13.3,5901,5772,6220,6650,0.33,توزیع: ورود حقیقی با سرانه خرید ضعیف (0.79 در ۲۰ روز) | 53٪ بالای MA200
وسپه,سرمایه‌گذاری‌ سپه‌,سرمایه گذاریها,67.1,زیر نظر,100,75,28.5,60,7940,20261010,3.1,12,76.4,10,6.9,23.5,63,68.6,2,0,false,44.8,3.07,above,-0.1,0.96,7750,,12.2,-59.53,0.78,-35.25,41.33,1251,6.35,7.13,-11,7750,7628,8671,9158,2.34,واگرایی منفی RSI | خروج مستمر پول حقیقی | 63٪ بالای MA200 | سرانه خرید ضعیف (0.78) | واگرایی منفی
خاور,ایران خودرو دیزل,خودرو و ساخت قطعات,66.9,زیر نظر,100,80,74.6,9,1653,20261010,4.6,0.3,20,-46.4,5.1,9.1,33.3,61,0,0,true,23.4,3.52,above,-4.7,0.95,1567,1722,0.88,115.12,1.04,17.43,72.96,91,18.16,5.87,209.5,1595,1538,1722,1776,0.6,توزیع: ورود حقیقی با سرانه خرید ضعیف (0.87 در ۲۰ روز)
وشهر,بانک شهر,بانکها و موسسات اعتباری,66.9,زیر نظر,100,65,73.5,42,3540,20261007,11,18.7,29.3,-37.1,13.7,18.1,39.9,78.4,5,0,true,33,2.63,above,-1.4,1.4,3125,,42.69,-5.55,3.38,40.11,14.91,533,6.64,,,3447,3353,3820,4006,1.5,واگرایی منفی RSI | اشباع خرید | 235٪ بالای کف ۵۲ هفته | واگرایی منفی | آخرین معامله 20261007 (متوقف یا کم‌معامله)
ونیکی,سرمایه‌گذاری‌ ملی‌ایران‌,شرکتهای چند رشته ای صنعتی,66.8,زیر نظر,100,55,53,50,5850,20261010,0.9,17.5,43.4,-23,4.2,25,63.1,65.7,5,0,false,47.6,2.83,above,-1.8,0.68,5500,5960,19.62,82.07,0.6,-40.22,40.13,692,8.45,10.88,-22.3,5685,5436,5960,6291,0.27,واگرایی منفی RSI | توزیع: ورود حقیقی با سرانه خرید ضعیف (0.49 در ۲۰ روز) | 63٪ بالای MA200 | سرانه خرید ضعیف (0.60) | واگرایی منفی | حد ضرر دور (7.1٪) | شناوری کم (13٪)
ونفت,سرمایه‌گذاری‌ صنعت‌ نفت‌,فراورده های نفتی، کک و سوخت هسته ای,66.8,زیر نظر,85,60,27,90,9970,20261010,-2.1,3.2,76.1,9.7,-3.2,1.7,88,49.6,2,0,false,22,3.28,above,-13.7,0.56,9565,10330,-4.81,43.94,0.73,-29.92,34.21,3216,3.1,6.26,-50.5,9643,9401,10330,11550,0.63,واگرایی منفی RSI | توزیع: ورود حقیقی با سرانه خرید ضعیف (0.78 در ۲۰ روز) | 88٪ بالای MA200 | سرانه خرید ضعیف (0.73) | واگرایی منفی
سیتا,سرمایه گذاری سیمان تامین,سیمان، آهک و گچ,66.8,زیر نظر,100,80,36,47,33480,20261010,6.6,15.4,37.9,-28.6,8.5,16.5,69.9,67.9,5,0,true,28.3,3.1,above,0,0.9,32470,,-17.12,-26.9,9.56,4,39.79,4273,7.84,7.14,9.7,32470,31951,36597,38674,2.04,70٪ بالای MA200 | شناوری کم (10٪)
ختوقا,قطعات‌ اتومبیل‌ ایران‌,خودرو و ساخت قطعات,66.6,زیر نظر,100,80,62.5,20,6020,20261010,8.1,4,33.6,-32.8,9.2,15.2,45,69.8,1,0,true,38.2,3.61,above,-2,1,5820,,1.24,-8.24,1.93,21.7,12.26,127,47.4,,,5820,5711,6671,7106,2.11,واگرایی منفی RSI | P/E بالا (47) | واگرایی منفی
ونوین,بانک‌اقتصادنوین‌,بانکها و موسسات اعتباری,66.5,زیر نظر,95,55,61.1,47,3980,20261010,2.3,7.3,25.7,-40.7,2.3,9.7,77.8,58.5,1,0,false,26.8,3.45,above,-5.2,1,3870,4200,211.92,-193.2,1.58,161,211.19,711,5.6,5.4,3.7,3870,3801,4200,4475,1.23,واگرایی منفی RSI | 78٪ بالای MA200 | واگرایی منفی
کلوند,کاشی‌ الوند,کاشی و سرامیک,66.5,زیر نظر,100,70,74,16,8850,20261010,11.3,21.1,83.9,17.5,18,30.2,94.8,82.6,6,0,true,44.8,3.01,above,-1.9,1.09,7640,,6.97,59.4,2.1,-3.49,16.3,820,10.79,7.65,41.1,8584,8318,9648,10180,1.5,واگرایی منفی RSI | اشباع خرید | فاصله زیاد از MA20 | سهم صفی: 6 روز از ۲۰ روز در صف (ریسک نقدشوندگی و اجرای حد ضرر) | رشد عمودی (84٪ در ۶۰ روز، 30٪ بالای MA50) | 95٪ بالای MA200 | واگرایی منفی
رنیک,جنرال مکانیک,خدمات فنی و مهندسی,66.5,زیر نظر,73,70,76.3,46,12740,20261010,2.2,-6.6,26.3,-40.2,0.7,3.8,0.5,53.5,2,0,true,15.8,3.24,above,-25,0.86,12590,13130,1.31,87.08,1.11,5.88,19.36,1608,7.92,2.41,228.8,12590,12383,13130,13530,1.09,
قثابت,قند ثابت‌ خراسان‌,قند و شکر,66.4,زیر نظر,100,65,89.5,4,4660,20261010,14.2,14.2,40.4,-26.1,14.8,15.4,75.6,74.2,2,0,true,29.5,3.12,above,0,1.13,4470,,17.6,22.24,3.2,39.71,10.89,150,31.07,9.8,217,4515,4397,5096,5387,1.66,واگرایی منفی RSI | P/E بالا (31) | 76٪ بالای MA200 | واگرایی منفی
تاصیکو,سرمایه گذاری صدرتامین,استخراج کانه های فلزی,66.3,زیر نظر,100,70,85,4,42490,20261010,15.5,77.2,202.5,136.1,29.4,70.8,212.8,97.3,15,0,true,81.6,2.49,above,0,1.53,29400,,2162.31,3703.06,2.34,-380.68,436.37,560,75.88,13.76,451.4,41431,40372,45667,47786,1.5,اشباع خرید | فاصله زیاد از MA20 | سهم صفی: 15 روز از ۲۰ روز در صف (ریسک نقدشوندگی و اجرای حد ضرر) | رشد عمودی (202٪ در ۶۰ روز، 71٪ بالای MA50) | P/E بالا (76) | توزیع: ورود حقیقی با سرانه خرید ضعیف (0.72 در ۲۰ روز) | 213٪ بالای MA200
کپرسپولیس,مجتمع کاشی و سنگ پرسپولیس یزد,کاشی و سرامیک,66.3,زیر نظر,100,70,52,37,9210,20261010,-3.2,12,50,-16.4,3.5,12,,59.8,4,0,true,43.6,3.07,above,-5.9,1.19,8790,9790,-2.25,6.1,2.86,65.52,18.71,966,9.53,9.26,3,8928,8649,9790,10355,1.03,
پلاسک,پلاسکوکار,لاستیک و پلاستیک,66.3,زیر نظر,95,80,77,10,6120,20261010,9.5,5,28.8,-37.6,4.5,12.3,35,64.8,2,0,true,28.4,3.28,above,-4.5,0.93,5900,6410,2.86,1.3,4.52,7.82,3.05,,,8.21,,5919,5800,6410,6812,0.9,بدون EPS مثبت | نقدشوندگی کمتر از ۱۰ میلیارد تومان
کترام,تولیدی‌ کاشی‌ تکسرام‌,کاشی و سرامیک,66.3,زیر نظر,100,65,89,4,3960,20261010,12.8,6.5,48.9,-17.5,11.3,17.5,61.8,73.2,3,0,true,26.6,3.31,above,0,0.86,3890,,4.13,5.08,4.25,15.07,4.77,18,220,7.65,2775.8,3890,3825,4353,4615,2.9,واگرایی منفی RSI | P/E بالا (220) | 62٪ بالای MA200 | واگرایی منفی | نقدشوندگی کمتر از ۱۰ میلیارد تومان
لابسا,آبسال‌,ماشین آلات و تجهیزات,66.3,زیر نظر,100,70,80,9,6830,20261010,13.3,31.3,83.6,17.2,19,28.3,68.6,82.8,5,0,true,32.1,2.97,above,-1.4,0.7,5705,,1.7,1.93,6.97,5.12,3.11,484,14.11,5.15,174,6627,6425,7438,7843,1.5,اشباع خرید | فاصله زیاد از MA20 | 69٪ بالای MA200 | نقدشوندگی کمتر از ۱۰ میلیارد تومان
چکاپا,گروه صنایع کاغذ پارس,محصولات کاغذی,66.1,زیر نظر,100,70,78.5,10,2908,20261010,15.8,58.5,138.4,71.9,24.8,55.3,112.9,92,12,0,true,73.2,2.47,above,0,0.21,1699,,4.15,13.81,9.04,33.71,30.3,,,16.48,,2836,2765,3123,3266,1.5,اشباع خرید | فاصله زیاد از MA20 | بدون EPS مثبت | سهم صفی: 12 روز از ۲۰ روز در صف (ریسک نقدشوندگی و اجرای حد ضرر) | رشد عمودی (138٪ در ۶۰ روز، 55٪ بالای MA50) | 113٪ بالای MA200
وثنو,سرمایه گذاری ساختمانی نوین,سرمایه گذاریها,66.1,زیر نظر,100,60,87.5,9,7180,20261010,5.4,34.7,120.8,54.4,8.9,30.3,113.4,71.2,12,1,false,62.6,3.03,above,-2.5,1.18,6420,7367,17.86,32.24,1.87,11.89,15.63,540,13.3,8.73,52.3,6962,6745,7367,7802,0.43,سهم صفی: 12 روز از ۲۰ روز در صف (ریسک نقدشوندگی و اجرای حد ضرر) | رشد عمودی (121٪ در ۶۰ روز، 30٪ بالای MA50) | 113٪ بالای MA200 | صف فروش در ۵ روز اخیر
بانیان,نیان باتری خاوران,ماشین آلات و دستگاه‌های برقی,66.1,زیر نظر,100,73,77,9,20240,20261010,11.9,15.3,58.4,-8,11.3,18.7,,72.6,1,0,true,31.8,2.89,above,0,0.86,19760,,14.2,7.82,8.6,53.16,14.38,1652,12.25,5.95,105.9,19760,19467,21995,23166,2.27,
سیستم,همکاران سیستم,رایانه و فعالیت‌های وابسته به آن,65.9,زیر نظر,100,65,61.8,30,65110,20261010,11.7,8.5,41.8,-24.6,13.8,20.1,72.9,76,0,0,true,31.8,3.04,above,-0.1,1.14,61750,,4.21,-5.56,1.55,4.81,8.37,3654,17.82,18.19,-2,63132,60761,71044,75001,1.36,73٪ بالای MA200 | نقدشوندگی کمتر از ۱۰ میلیارد تومان
ولصنم,لیزینگ‌صنعت‌ومعدن‌,سایر واسطه گریهای مالی,65.9,زیر نظر,100,55,62.5,37,3330,20261010,5.7,3.7,39.9,-26.6,3.2,14.3,23.3,62.8,1,0,false,29.1,3.35,above,-4.6,0.73,3273,3490,3.45,-41.37,4.66,8.18,6.34,305,10.92,9.94,9.8,3273,3217,3490,3713,1.42,خروج مستمر پول حقیقی | نقدشوندگی کمتر از ۱۰ میلیارد تومان
کاسپین,داروسازی کاسپین تامین,مواد و محصولات دارویی,65.6,زیر نظر,100,80,54.3,24,39720,20261010,1.7,7.5,49.5,-16.9,6.1,14.7,107.8,63.2,4,0,true,32,3.36,above,-3.1,1.18,38060,40130,16.44,23.72,1.25,-51.86,36.92,3831,10.37,8.86,17,38384,37392,40130,42801,0.18,واگرایی منفی RSI | توزیع: ورود حقیقی با سرانه خرید ضعیف (0.59 در ۲۰ روز) | 108٪ بالای MA200 | واگرایی منفی
پردیس,سرمایه گذاری پردیس,سرمایه گذاریها,65.5,زیر نظر,100,65,30.1,60,2406,20261010,5.7,14.2,51.7,-14.7,9.4,19,40,70.8,1,0,true,35.3,2.9,above,0,1.09,2336,,-0.85,-7.89,1.34,6.05,5.88,404,5.96,7.13,-16.5,2336,2301,2615,2755,2,واگرایی منفی RSI | خروج مستمر پول حقیقی | واگرایی منفی | نقدشوندگی کمتر از ۱۰ میلیارد تومان
تکاردان,تامین سرمایه کاردان,فعالیتهای کمکی به نهادهای مالی واسط,65.5,زیر نظر,100,65,62,68,2895,20261010,6.7,8.7,39.9,-26.5,6.1,14.3,62,74.9,2,0,true,24.5,2.86,above,-0.8,0.83,2833,,0.78,-1.02,14.58,3.73,1.39,632,4.58,5.92,-22.6,2833,2792,3143,3309,2.41,نقدشوندگی پایین | 62٪ بالای MA200 | نقدشوندگی کمتر از ۱۰ میلیارد تومان | شناوری کم (5٪)
خچرخش,چرخشگر,خودرو و ساخت قطعات,65.5,زیر نظر,100,65,98,32,25640,20261010,6.7,14.1,48.5,-17.9,9.1,21.8,53.7,78.9,3,0,true,53.2,3.17,above,-3.3,1.75,24266,,4.86,5.16,1.98,7.72,2.04,2337,10.97,,,24826,23859,28081,29709,1.37,نقدشوندگی پایین | اشباع خرید | 54٪ بالای MA200 | نقدشوندگی کمتر از ۱۰ میلیارد تومان
ارفع,شرکت آهن و فولاد ارفع,فلزات اساسی,65.4,زیر نظر,100,85,36.5,37,16140,20261010,8.1,36.7,81,14.6,13.1,34.7,150.8,78,11,0,true,51,2.81,above,0,0.48,15380,,-2.12,-150.44,5.53,2.01,56.58,1926,8.38,8.05,4.1,15687,15153,17500,18406,1.38,واگرایی منفی RSI | اشباع خرید | خروج مستمر پول حقیقی | سهم صفی: 11 روز از ۲۰ روز در صف (ریسک نقدشوندگی و اجرای حد ضرر) | رشد عمودی (81٪ در ۶۰ روز، 35٪ بالای MA50) | 151٪ بالای MA200 | واگرایی منفی
سدور,سیمان‌ دورود,سیمان، آهک و گچ,65.4,زیر نظر,100,85,63.5,10,38680,20261010,14.8,16.8,131.6,65.2,10.6,34.8,106.4,75.9,5,0,true,48.9,3.11,above,0,0.67,37220,,9.02,-1.73,5.31,11.42,15.18,,,7.14,,37478,36619,42287,44691,1.75,بدون EPS مثبت | رشد عمودی (132٪ در ۶۰ روز، 35٪ بالای MA50) | 106٪ بالای MA200
حخزر,کشتیرانی دریای خزر,حمل و نقل آبی,65.3,زیر نظر,100,60,84,9,13010,20261010,4.4,44.2,173,106.6,15,50.4,204.7,81.9,8,0,true,87.5,2.85,above,-6.5,1.65,6430,,8.02,64.93,1.71,-61.73,34.04,944,13.78,10.36,33,12639,12268,14122,14864,1.5,واگرایی منفی RSI | اشباع خرید | سهم صفی: 8 روز از ۲۰ روز در صف (ریسک نقدشوندگی و اجرای حد ضرر) | رشد عمودی (173٪ در ۶۰ روز، 50٪ بالای MA50) | توزیع: ورود حقیقی با سرانه خرید ضعیف (0.84 در ۲۰ روز) | 205٪ بالای MA200 | واگرایی منفی
تبرک,گروه کارخانجات صنعتی تبرک,محصولات غذایی و آشامیدنی به جز قند و شکر,65.2,زیر نظر,100,80,60.6,16,23680,20261010,7.9,5.4,33.5,-32.9,10.4,22,61.7,69.9,4,0,true,27.8,3.16,above,-0.6,1.04,23340,,0.1,14.73,1.06,-1.34,5.16,2192,10.8,7.05,53.2,23340,22965,25928,27426,3.15,62٪ بالای MA200 | نقدشوندگی کمتر از ۱۰ میلیارد تومان
نبابک,نساجی بابکان,منسوجات,65.1,زیر نظر,100,80,62.5,14,9070,20261010,3.5,3.3,39.3,-27.1,6.9,14.9,20.9,66.9,1,0,true,23.8,3.43,above,-23.2,0.76,8786,9206,2.21,-1.51,5.55,15.34,6.29,351,25.84,14.29,80.8,8786,8630,9206,9470,0.31,واگرایی منفی RSI | واگرایی منفی | نقدشوندگی کمتر از ۱۰ میلیارد تومان
وتوصا,گروه س توسعه صنعتی ایران,سرمایه گذاریها,65.1,زیر نظر,95,75,6.2,80,3190,20261010,3.9,3.9,73,6.6,1.4,9.6,61.5,59.8,0,0,false,37.6,3.52,above,-6.5,0.92,3124,3410,-1.56,-16.65,0.95,-1.88,7.54,642,4.97,7.13,-30.3,3124,3068,3410,3635,1.8,واگرایی منفی RSI | خروج مستمر پول حقیقی | 62٪ بالای MA200 | واگرایی منفی | نقدشوندگی کمتر از ۱۰ میلیارد تومان
وسکاب,س.ص.بازنشستگی کارکنان بانکها,سرمایه گذاریها,65,زیر نظر,49,70,88,57,3310,20261010,2.2,-0.6,33.4,-33.1,2.1,-1.7,45.3,52.6,1,0,true,16.2,3.38,inside,-15.6,0.92,3250,3500,13.46,13.25,2.14,23.02,12.2,437,7.57,7.13,6.2,3250,3194,3500,3920,1.64,187٪ بالای کف ۵۲ هفته
خودکفا,اقتصادی و خودکفایی آزادگان,محصولات غذایی و آشامیدنی به جز قند و شکر,64.9,زیر نظر,100,80,43.8,32,17500,20261010,7.3,7.1,50.1,-16.3,10.8,16.7,96.8,68.8,7,0,true,45.6,3.1,above,-3.7,1.52,16830,,-7.77,-52.92,1.45,23.61,19.47,1687,10.37,,,16957,16559,19128,20213,1.73,خروج مستمر پول حقیقی | سهم صفی: 7 روز از ۲۰ روز در صف (ریسک نقدشوندگی و اجرای حد ضرر) | 97٪ بالای MA200
فوکا,فولاد کاویان,فلزات اساسی,64.9,زیر نظر,100,70,59.5,24,8250,20261010,14.4,26.9,157.2,90.8,17.6,47.7,,85.3,13,0,true,64.3,2.73,above,-0.4,1.78,7300,,0.46,-24.89,6.01,-56.2,15,817,10.1,8.05,25.4,8025,7800,8925,9375,1.5,اشباع خرید | فاصله زیاد از MA20 | خروج مستمر پول حقیقی | سهم صفی: 13 روز از ۲۰ روز در صف (ریسک نقدشوندگی و اجرای حد ضرر) | رشد عمودی (157٪ در ۶۰ روز، 48٪ بالای MA50) | 302٪ بالای کف ۵۲ هفته
دتوزیع,توزیع دارو پخش,مواد و محصولات دارویی,64.9,زیر نظر,100,70,59.5,24,8260,20261010,15.5,27.9,77.6,11.1,23.3,36.2,144,83.8,10,0,true,48.4,2.64,above,-0.1,1.82,6790,,-0.41,65.32,7.72,-116.69,37.3,739,11.18,8.86,26.2,8042,7825,8913,9348,1.5,واگرایی منفی RSI | اشباع خرید | فاصله زیاد از MA20 | سهم صفی: 10 روز از ۲۰ روز در صف (ریسک نقدشوندگی و اجرای حد ضرر) | رشد عمودی (78٪ در ۶۰ روز، 36٪ بالای MA50) | توزیع: ورود حقیقی با سرانه خرید ضعیف (0.85 در ۲۰ روز) | 144٪ بالای MA200 | واگرایی منفی
خزامیا,زامیاد,خودرو و ساخت قطعات,64.8,زیر نظر,100,63,68.7,20,1821,20261010,4.5,11.2,62.8,-3.6,5.6,17.4,49.6,64.9,1,0,false,36.9,3.17,above,-0.6,0.83,1775,,1.89,27.36,1.25,36.64,138.42,85,21.42,,,1775,1746,1994,2109,2.31,واگرایی منفی RSI | توزیع: ورود حقیقی با سرانه خرید ضعیف (0.89 در ۲۰ روز) | واگرایی منفی
اروند,پتروشیمی اروند,محصولات شیمیایی,64.8,زیر نظر,95,80,62,19,58460,20261010,10.5,8,10.3,-56.1,5.6,15,,64.5,5,0,true,27.7,2.93,above,-13.3,1.04,54395,60430,328.84,-52.87,21.53,429.73,104.75,3275,17.85,9.63,85.4,56747,54177,60430,67437,0.46,حد ضرر دور (7.3٪) | شناوری کم (13٪)
کلر,کلر پارس,محصولات شیمیایی,64.8,زیر نظر,100,65,63,24,14400,20261010,14.9,18.8,50.6,-15.8,18,31.9,85.7,78.8,6,0,true,33.9,2.83,above,-0.1,1.01,12800,,27.67,-36.33,10.92,39.09,26.08,1504,9.57,8.01,19.5,13993,13586,15621,16435,1.5,واگرایی منفی RSI | اشباع خرید | فاصله زیاد از MA20 | خروج مستمر پول حقیقی | سهم صفی: 6 روز از ۲۰ روز در صف (ریسک نقدشوندگی و اجرای حد ضرر) | رشد عمودی (51٪ در ۶۰ روز، 32٪ بالای MA50) | 86٪ بالای MA200 | واگرایی منفی
لوتوس,تامین سرمایه لوتوس پارسیان,فعالیتهای کمکی به نهادهای مالی واسط,64.7,زیر نظر,88,55,62,47,3700,20261010,8.8,20.1,43.6,-22.8,7.5,19.2,61.6,68.3,4,0,false,19.7,3.03,above,0,1.16,3660,,3.05,-69.49,4.17,2.53,16.73,594,6.23,5.92,5.2,3660,3604,4036,4260,3.5,خروج مستمر پول حقیقی | 62٪ بالای MA200 | شناوری کم (4٪)
مفاخر,توسعه فناوری اطلاعات خوارزمی,رایانه و فعالیت‌های وابسته به آن,64.6,زیر نظر,100,70,78.5,4,15720,20261010,15.7,50.9,109.6,43.2,18.7,42,102.6,85.8,11,0,true,68.2,2.94,above,0,0.21,14466,,3.77,3.95,15.06,7.09,10.93,574,27.39,8.89,208.1,15259,14567,17104,18027,1.2,اشباع خرید | فاصله زیاد از MA20 | سهم صفی: 11 روز از ۲۰ روز در صف (ریسک نقدشوندگی و اجرای حد ضرر) | رشد عمودی (110٪ در ۶۰ روز، 42٪ بالای MA50) | 103٪ بالای MA200 | حد ضرر دور (7.3٪)
فپنتا,سپنتا,فلزات اساسی,64.5,زیر نظر,100,75,48,30,51190,20261010,3.9,10.2,68.4,2,3.8,24.7,40.1,63.3,12,0,false,44.9,2.89,above,-9.6,1.17,50404,52467,-13.93,66.92,2.64,-32.67,35.08,4100,12.49,13.48,-7.4,50404,49665,52467,53780,0.84,سهم صفی: 12 روز از ۲۰ روز در صف (ریسک نقدشوندگی و اجرای حد ضرر) | توزیع: ورود حقیقی با سرانه خرید ضعیف (0.78 در ۲۰ روز)
پترول,گ.س.وت.ص.پتروشیمی خلیج فارس,محصولات شیمیایی,64.4,زیر نظر,95,55,9.6,90,2542,20261010,1.2,0.6,44.8,-21.6,0.1,8.7,51.2,56.8,2,0,false,25.9,3.57,above,-10,0.93,2406,2580,-28.15,-2.57,1.08,-20.52,64.62,729,3.49,9.63,-63.8,2451,2361,2580,2825,0.21,51٪ بالای MA200 | حد ضرر دور (7.1٪)
کایزد,فرانسوز یزد,سایر محصولات کانی غیرفلزی,64.4,زیر نظر,100,50,88.5,9,3910,20261010,1.6,39.5,136.5,70.1,10.6,44,86.9,79.9,12,0,false,75.6,3,above,-0.5,1.23,3640,,2.78,25.89,1.18,4.11,16.63,263,14.87,10.33,43.9,3793,3617,4262,4496,1.2,اشباع خرید | سهم صفی: 12 روز از ۲۰ روز در صف (ریسک نقدشوندگی و اجرای حد ضرر) | رشد عمودی (136٪ در ۶۰ روز، 44٪ بالای MA50) | 87٪ بالای MA200 | حد ضرر دور (7.5٪)
فلوله,لوله‌وماشین‌سازی‌ایران‌,فلزات اساسی,64.3,زیر نظر,64,70,64.5,60,2648,20261010,2.8,-7.5,35.9,-30.6,2,0.5,27.6,53.5,0,0,true,19.5,3.75,inside,-11.5,1.32,2619,2679,25.43,26.95,0.78,-10.35,11.42,226,11.72,13.48,-13.1,2619,2570,2679,2974,0.4,توزیع: ورود حقیقی با سرانه خرید ضعیف (0.58 در ۲۰ روز) | سرانه خرید ضعیف (0.78)
بکاب,صنایع‌جوشکاب‌یزد,ماشین آلات و دستگاه‌های برقی,64.3,زیر نظر,95,55,80.1,19,13100,20261010,3.3,1.4,32.6,-33.8,0.1,11.9,42.4,58.1,3,0,false,28.9,3.46,above,-11.6,0.9,12740,13510,8.65,13.72,1.25,4.92,8.56,1077,12.16,6.15,97.8,12740,12514,13510,14820,0.7,166٪ بالای کف ۵۲ هفته | نقدشوندگی کمتر از ۱۰ میلیارد تومان
غویتا,ویتانا,محصولات غذایی و آشامیدنی به جز قند و شکر,64.3,زیر نظر,100,70,21,60,7810,20261010,15.2,23.8,84.2,17.8,18.3,34.1,117.8,81,11,0,true,40.8,2.63,above,0,0.83,6870,,-22.89,-98.33,2.61,-16.33,29.56,1338,5.84,7.05,-17.2,7605,7399,8426,8837,1.5,اشباع خرید | فاصله زیاد از MA20 | خروج مستمر پول حقیقی | سهم صفی: 11 روز از ۲۰ روز در صف (ریسک نقدشوندگی و اجرای حد ضرر) | رشد عمودی (84٪ در ۶۰ روز، 34٪ بالای MA50) | 118٪ بالای MA200
ولیز,لیزینگ ایران,سایر واسطه گریهای مالی,64.1,زیر نظر,100,35,76.5,32,4650,20261010,5.4,35.2,119.9,53.4,12,42.7,83.5,82.2,4,0,false,77.7,2.89,above,-0.6,0.83,4570,,3.09,2.91,2.93,16.34,6.79,458,10.15,,,4570,4503,5053,5321,2.74,واگرایی منفی RSI | اشباع خرید | رشد عمودی (120٪ در ۶۰ روز، 43٪ بالای MA50) | 83٪ بالای MA200 | واگرایی منفی | نقدشوندگی کمتر از ۱۰ میلیارد تومان
بزاگرس,نیروگاه زاگرس کوثر,عرضه برق، گاز، بخاروآب گرم,64.1,زیر نظر,95,45,87.5,19,8020,20261010,7.7,-9.3,34.7,-31.7,1.5,8.9,47.4,56.8,2,0,false,23.4,3.43,above,-15,1,7910,9430,10.15,5.91,1.76,8.51,5.87,466,17.21,10.04,71.4,7910,7772,9430,9981,5.69,توزیع: ورود حقیقی با سرانه خرید ضعیف (0.80 در ۲۰ روز) | نقدشوندگی کمتر از ۱۰ میلیارد تومان | واگرایی مثبت RSI
فرابورس,فرابورس ایران,فعالیتهای کمکی به نهادهای مالی واسط,64,زیر نظر,88,80,77.5,9,7900,20261010,7.6,8.7,11.7,-54.7,5.9,14.1,55.2,65.3,1,0,true,18.1,3.31,above,-1.4,0.77,7500,8010,18.65,11.07,1.62,70.48,75.21,441,17.91,9.46,89.4,7639,7369,8010,8532,0.21,55٪ بالای MA200
آلومینا,آلومینای ایران,فلزات اساسی,64,زیر نظر,100,70,63,17,289100,20261010,15.8,19.5,123.8,57.3,19.6,37,100,83,7,0,true,45.6,2.76,above,0,0.37,256100,,23.38,-37.68,27.91,46.43,28.04,16822,17.19,13.48,27.5,281111,273123,313066,329043,1.5,اشباع خرید | فاصله زیاد از MA20 | خروج مستمر پول حقیقی | سهم صفی: 7 روز از ۲۰ روز در صف (ریسک نقدشوندگی و اجرای حد ضرر) | رشد عمودی (124٪ در ۶۰ روز، 37٪ بالای MA50) | 100٪ بالای MA200 | شناوری کم (6٪)
مهرمام,مهرمام میهن,سلامت انسان و مددکاری اجتماعی,64,زیر نظر,100,70,63,17,4920,20261010,4.9,31.2,74.8,8.4,11.8,31.2,68.4,80.4,5,0,true,64.3,3.13,above,-1.2,0.65,4520,,-0.03,56.79,6.12,59.41,32.93,403,12.21,10.3,18.5,4766,4535,5382,5690,1.2,اشباع خرید | رشد عمودی (75٪ در ۶۰ روز، 31٪ بالای MA50) | 68٪ بالای MA200 | حد ضرر دور (7.8٪)
فروسیل,فروسیلیسیم خمین,فلزات اساسی,64,زیر نظر,100,85,64,24,16610,20261007,4.9,7.3,97.7,31.3,8.4,25.4,81,71,7,0,true,41.4,3.1,above,-0.1,0.88,16340,,6.81,-7.11,2.45,0.37,9.28,1620,10.25,8.05,27.4,16340,16082,18156,19186,2.93,سهم صفی: 7 روز از ۲۰ روز در صف (ریسک نقدشوندگی و اجرای حد ضرر) | 81٪ بالای MA200 | نقدشوندگی کمتر از ۱۰ میلیارد تومان | آخرین معامله 20261007 (متوقف یا کم‌معامله)
کیمیا,ص. معدنی کیمیای زنجان گستران,فلزات اساسی,63.9,زیر نظر,100,75,3.6,72,6640,20261010,0,5.9,96.3,29.9,2.1,18.7,117.1,62.4,3,0,false,53.7,3.17,above,-5.1,0.71,6390,7000,-3.49,-10.16,0.88,-8.86,23.02,949,7,13.48,-48.1,6430,6285,7000,7421,1.01,117٪ بالای MA200
شملی,ملی شیمی کشاورز,محصولات شیمیایی,63.9,زیر نظر,100,70,63.5,16,13530,20261010,14.3,35.4,156.3,89.8,23.3,54.3,159.7,90.4,9,0,true,71.9,2.65,above,0,0.59,10530,,15.45,-35.68,10.08,6.74,26.29,1215,11.14,8.01,39,13172,12814,14604,15320,1.5,اشباع خرید | فاصله زیاد از MA20 | خروج مستمر پول حقیقی | سهم صفی: 9 روز از ۲۰ روز در صف (ریسک نقدشوندگی و اجرای حد ضرر) | رشد عمودی (156٪ در ۶۰ روز، 54٪ بالای MA50) | 160٪ بالای MA200
کبافق,معادن‌ بافق‌,استخراج کانه های فلزی,63.9,زیر نظر,100,85,63.5,4,50250,20261010,14.1,17.2,81.2,14.8,11.6,29.8,86.4,73.6,9,0,true,45.5,2.98,above,0,0.87,48940,,3.77,-0.39,2.05,15.23,8.13,1583,31.74,13.76,130.7,48940,48192,54739,57732,2.18,واگرایی منفی RSI | سهم صفی: 9 روز از ۲۰ روز در صف (ریسک نقدشوندگی و اجرای حد ضرر) | P/E بالا (32) | 86٪ بالای MA200 | واگرایی منفی | نقدشوندگی کمتر از ۱۰ میلیارد تومان
حگهر,حمل و نقل گهرترابر سیرجان,حمل ونقل، انبارداری و ارتباطات,63.9,زیر نظر,75,45,62.5,67,2991,20261010,3.6,-2.7,18.7,-47.7,0.4,0.7,13.3,53.6,4,0,false,23,3.1,above,-27.3,0.67,2921,3120,3.15,-5.51,1.76,4.07,5.5,397,7.53,7.68,-1.9,2921,2875,3120,3180,1.11,خروج مستمر پول حقیقی | نقدشوندگی کمتر از ۱۰ میلیارد تومان
وکار,بانک‌ کارآفرین‌,بانکها و موسسات اعتباری,63.8,زیر نظر,100,70,63,16,6990,20261010,15.3,10.1,121.2,54.8,11.1,32.4,133.2,80.3,4,0,true,51.5,2.82,above,0,0.52,6540,,34,-201.01,7.67,38.71,25.68,650,10.75,5.4,99.1,6793,6498,7580,7974,1.2,اشباع خرید | خروج مستمر پول حقیقی | رشد عمودی (121٪ در ۶۰ روز، 32٪ بالای MA50) | 133٪ بالای MA200 | حد ضرر دور (7.0٪)
شگستر,گسترش سوخت سبززاگرس(سهامی عام),محصولات شیمیایی,63.8,زیر نظر,100,70,75,4,2655,20261010,12.6,40.9,174.4,108,23.8,61.6,134.1,92.4,11,0,true,71.8,2.54,above,0,1.04,1998,,51.13,314.23,11.36,-65.31,92.23,36,73.75,9.63,665.8,2588,2520,2857,2992,1.5,اشباع خرید | فاصله زیاد از MA20 | سهم صفی: 11 روز از ۲۰ روز در صف (ریسک نقدشوندگی و اجرای حد ضرر) | رشد عمودی (174٪ در ۶۰ روز، 62٪ بالای MA50) | P/E بالا (74) | 134٪ بالای MA200
دسانکو,داروسازی سبحان انکولوژی,مواد و محصولات دارویی,63.7,زیر نظر,95,70,80.8,4,3610,20261010,7.1,-2.7,49,-17.4,5.6,12.2,68,63.8,6,0,true,24.7,3.31,above,-5.5,1.15,3550,3820,13.7,42.54,1.25,7.61,14.71,97,37.22,8.86,320.1,3550,3490,3820,4059,1.75,سهم صفی: 6 روز از ۲۰ روز در صف (ریسک نقدشوندگی و اجرای حد ضرر) | P/E بالا (37) | توزیع: ورود حقیقی با سرانه خرید ضعیف (0.79 در ۲۰ روز) | 68٪ بالای MA200
فزر,پویا زرکان آق دره,استخراج کانه های فلزی,63.6,زیر نظر,100,70,74.5,4,394400,20261010,15.8,51.5,189.4,122.9,24,60.5,195.9,93.9,11,0,true,81.9,2.5,above,0,0.57,309800,,399.45,1927.48,1.68,-877.9,742.22,9504,41.5,14.44,187.4,384530,374659,424011,443752,1.5,واگرایی منفی RSI | اشباع خرید | فاصله زیاد از MA20 | سهم صفی: 11 روز از ۲۰ روز در صف (ریسک نقدشوندگی و اجرای حد ضرر) | رشد عمودی (189٪ در ۶۰ روز، 60٪ بالای MA50) | P/E بالا (41) | توزیع: ورود حقیقی با سرانه خرید ضعیف (0.53 در ۲۰ روز) | 196٪ بالای MA200 | واگرایی منفی
ختراک,ریخته‌گری‌ تراکتورسازی‌ ایران‌,خودرو و ساخت قطعات,63.6,زیر نظر,83,70,56.9,42,1679,20261010,1.9,0,12.5,-53.9,0.3,3.9,9.1,54,1,0,true,12.4,3.31,above,-13.3,0.7,1608,1718,1.44,15.46,0.97,-0.58,7.59,206,8.15,,,1623,1580,1718,1779,0.39,واگرایی منفی RSI | بدون روند (ADX پایین) | توزیع: ورود حقیقی با سرانه خرید ضعیف (0.86 در ۲۰ روز) | واگرایی منفی | نقدشوندگی کمتر از ۱۰ میلیارد تومان
وحافظ,بیمه حافظ,بیمه وصندوق بازنشستگی به جزتامین اجتماعی,63.6,زیر نظر,63,80,69.8,45,2532,20261010,6.9,6.5,-11,-77.4,6.5,10.5,-1,65.8,0,0,true,14.8,3.44,above,-27.8,1.32,2462,2597,3.35,10.25,1.03,-1.3,7.94,199,12.72,,,2462,2418,2597,2662,0.57,بدون روند (ADX پایین) | نقدشوندگی کمتر از ۱۰ میلیارد تومان
فملی,ملی‌ صنایع‌ مس‌ ایران‌,فلزات اساسی,63.5,زیر نظر,100,70,74,4,31890,20261010,13.4,22.3,119.9,53.5,17.7,41.9,155.1,84.3,6,0,true,57.8,2.77,above,0,0.66,27870,,343.88,1831.66,3.54,-192.36,1366.58,1411,22.6,13.48,67.7,31006,30122,34542,36310,1.5,اشباع خرید | فاصله زیاد از MA20 | سهم صفی: 6 روز از ۲۰ روز در صف (ریسک نقدشوندگی و اجرای حد ضرر) | رشد عمودی (120٪ در ۶۰ روز، 42٪ بالای MA50) | توزیع: ورود حقیقی با سرانه خرید ضعیف (0.50 در ۲۰ روز) | 155٪ بالای MA200
آباد,توریستی ورفاهی آبادگران ایران,هتل و رستوران,63.5,زیر نظر,100,50,90,4,1240,20261010,15.9,11.9,55.6,-10.8,18.4,36.7,47.2,80.7,11,0,true,37.4,2.79,above,0,0.83,1147,1283,15.01,20.39,11.11,23,8.26,3,413.33,307,34.6,1205,1153,1283,1352,0.5,اشباع خرید | فاصله زیاد از MA20 | سهم صفی: 11 روز از ۲۰ روز در صف (ریسک نقدشوندگی و اجرای حد ضرر) | رشد عمودی (56٪ در ۶۰ روز، 37٪ بالای MA50) | P/E بالا (413) | نقدشوندگی کمتر از ۱۰ میلیارد تومان
بکابل,سیم و کابل ابهر,ماشین آلات و دستگاه‌های برقی,63.4,زیر نظر,83,55,63,47,5870,20261010,3.3,3.9,25.7,-40.7,0.8,5.4,28.5,54.7,2,0,false,16.7,3.36,above,-9.3,0.86,5469,6240,2.97,12.51,2.46,-7.3,12.63,1041,5.64,5.95,-5.2,5673,5378,6240,6470,0.75,توزیع: ورود حقیقی با سرانه خرید ضعیف (0.77 در ۲۰ روز) | حد ضرر دور (8.4٪)
تنوین,تامین سرمایه نوین,فعالیتهای کمکی به نهادهای مالی واسط,63.4,زیر نظر,100,90,1.5,60,3090,20261010,0.5,14.5,84,17.6,5.9,19,88.3,63.2,4,0,true,40.3,3.19,above,-6.5,1.19,2964,,-43.18,-26.68,0.56,-45.59,16.5,605,5.11,5.92,-13.7,2991,2915,3386,3583,1.69,واگرایی منفی RSI | خروج مستمر پول حقیقی | 88٪ بالای MA200 | سرانه خرید ضعیف (0.56) | واگرایی منفی
شلعاب,لعابیران‌,محصولات شیمیایی,63.4,زیر نظر,100,50,89.5,4,1581,20261010,13.1,19.3,54.6,-11.8,16.7,26.1,67.9,80.3,3,0,true,40,3.03,above,-0.3,0.86,1401,,5.5,9.15,2.31,13.41,7.6,70,22.59,9.63,134.5,1533,1485,1725,1820,1.5,واگرایی منفی RSI | اشباع خرید | فاصله زیاد از MA20 | 68٪ بالای MA200 | واگرایی منفی | نقدشوندگی کمتر از ۱۰ میلیارد تومان
شهر,گروه مالی شهر,سرمایه گذاریها,63.3,زیر نظر,100,70,61,16,2778,20261010,14.1,22,74.7,8.3,14.6,29.9,60.7,85.8,0,0,true,58.6,2.95,above,0,0.7,2428,,0.32,-27.23,10.06,9.43,4.42,291,9.55,7.13,33.9,2696,2614,3024,3188,1.5,اشباع خرید | خروج مستمر پول حقیقی | 61٪ بالای MA200 | نقدشوندگی کمتر از ۱۰ میلیارد تومان | شناوری کم (7٪)
وملی,گروه‌ صنعتی‌ ملی‌ (هلدینگ‌,دباغی، پرداخت چرم و ساخت انواع پاپوش,63.2,زیر نظر,100,55,64,25,293700,20261010,4.4,6.4,47.6,-18.8,2.5,14.5,39.1,62.4,3,0,false,27.4,3.3,above,-8.1,0.78,287600,319700,2.5,1.32,1.04,0.1,15.1,3197,91.87,87.3,5.2,287600,282756,319700,339076,2.38,P/E بالا (92) | توزیع: ورود حقیقی با سرانه خرید ضعیف (0.77 در ۲۰ روز)
غشهداب,کشت و صنعت شهداب ناب خراسان,محصولات غذایی و آشامیدنی به جز قند و شکر,63.2,زیر نظر,100,75,25.8,47,2663,20261010,5.8,14.3,74.6,8.2,6.4,17.3,78.9,67.7,2,0,false,34.8,3.36,above,0,0.8,2588,,-9.27,-16.26,1.15,1.83,19.5,401,6.64,7.05,-5.8,2588,2543,2932,3111,2.24,79٪ بالای MA200
سمگا,گروه سرمایه گذاری میراث فرهنگی,هتل و رستوران,63.1,زیر نظر,100,45,28.6,68,4200,20261010,-2.8,10.5,36.3,-30.2,4,14.4,54.7,61.9,3,0,false,38.3,3.12,above,-3.9,0.87,4095,4370,-5.59,284.86,0.82,-59.27,76.71,1002,4.19,4.69,-10.6,4095,4029,4370,4632,1,55٪ بالای MA200
زشگزا,شیر و گوشت زاگرس شهرکرد,زراعت و خدمات وابسته,63.1,زیر نظر,100,70,16.5,60,34610,20261010,0.8,4.7,14.9,-51.5,5.5,9.3,65.1,60.9,3,0,true,25.3,3.24,above,-2.8,0.73,34115,35600,-11.12,6.69,0.7,-18.77,21.25,4812,7.19,8.07,-10.9,34115,33554,35600,37843,0.94,توزیع: ورود حقیقی با سرانه خرید ضعیف (0.79 در ۲۰ روز) | 65٪ بالای MA200 | سرانه خرید ضعیف (0.70)
خموتور,موتورسازان‌تراکتورسازی‌ایران‌,خودرو و ساخت قطعات,63.1,زیر نظر,100,78,28,42,2508,20261010,-1.8,6.3,56.8,-9.6,5.1,10.4,32.6,59.4,2,0,true,46.9,3.71,above,-6.2,1.51,2440,2681,-15.87,39.98,0.73,-34.16,16.97,385,6.51,,,2440,2393,2681,2867,1.51,سرانه خرید ضعیف (0.73)
قهکمت,قندهکمتان‌,قند و شکر,63.1,زیر نظر,100,88,38,24,11350,20261010,2.8,2,59.6,-6.8,4.7,11.1,71.5,60.2,4,0,true,29.2,3.59,above,-7.2,1.84,10153,11762,2.79,-7.32,0.78,-6.49,3.77,1018,11.15,9.8,13.8,10943,10332,11762,12576,0.4,واگرایی منفی RSI | خروج مستمر پول حقیقی | 71٪ بالای MA200 | سرانه خرید ضعیف (0.78) | واگرایی منفی | حد ضرر دور (9.0٪) | نقدشوندگی کمتر از ۱۰ میلیارد تومان
بنیرو,نیروترانس‌,ماشین آلات و دستگاه‌های برقی,63,زیر نظر,88,80,22.5,60,4210,20261010,8.2,11.4,16,-50.4,8.9,13.3,56.4,66.7,3,0,true,10.6,2.93,above,0,0.64,4060,,-6.65,-26.65,5.74,-0.72,10.25,830,5.07,6.15,-17.5,4087,3998,4580,4827,1.75,خروج مستمر پول حقیقی | بدون روند (ADX پایین) | 56٪ بالای MA200
زفجر,کشاورزی و دامپروری فجر اصفهان,زراعت و خدمات وابسته,63,زیر نظر,100,70,16,60,54700,20261010,-2,5.6,23.7,-42.7,4.5,11.1,83.6,58,3,0,true,21.3,3.11,above,-5,0.96,53370,57570,-9.39,-10.23,1.34,-1.53,13.93,7903,6.92,8.07,-14.2,53370,52519,57570,60975,1.32,84٪ بالای MA200
ساروم,سیمان‌ارومیه‌,سیمان، آهک و گچ,63,زیر نظر,100,80,21,47,248300,20261010,4.2,10.5,52.9,-13.5,8.5,16.4,74.1,67.1,2,0,true,29.4,3.12,above,0,0.85,243400,,-51.61,-120.39,2.15,-50.22,31.95,34336,7.23,7.14,1.3,243400,239524,271557,287062,2.65,خروج مستمر پول حقیقی | 74٪ بالای MA200
وتعاون,بیمه تعاون,بیمه وصندوق بازنشستگی به جزتامین اجتماعی,63,زیر نظر,100,60,74,10,3270,20261010,12.2,54.5,79.8,13.4,25.2,41,61.6,89.7,8,0,true,52.9,2.64,above,-1.2,1.69,2587,,-3.21,5.59,9.05,3.95,3.19,,,18.13,,3184,3097,3529,3702,1.5,اشباع خرید | فاصله زیاد از MA20 | بدون EPS مثبت | سهم صفی: 8 روز از ۲۰ روز در صف (ریسک نقدشوندگی و اجرای حد ضرر) | رشد عمودی (80٪ در ۶۰ روز، 41٪ بالای MA50) | 62٪ بالای MA200 | نقدشوندگی کمتر از ۱۰ میلیارد تومان
ولنوین,لیزینگ اقتصاد نوین,سایر واسطه گریهای مالی,63,زیر نظر,100,65,63,17,3540,20261010,10.3,14.1,53.8,-12.7,13.4,27,67.3,75.8,2,0,true,45.8,3.05,above,-1.7,0.89,3211,,7,-2.32,28.01,20.11,5.26,294,12.04,9.94,21.1,3432,3324,3864,4079,1.5,67٪ بالای MA200 | نقدشوندگی کمتر از ۱۰ میلیارد تومان | شناوری کم (14٪)
لطیف,محصولات کاغذی لطیف,محصولات کاغذی,63,زیر نظر,100,73,64.5,9,4540,20261010,9.7,16.1,59.3,-7.1,13.3,23,60.7,74.1,8,0,true,33.7,2.94,above,0,0.57,4010,,1.43,-5.57,36.33,15.31,7.39,315,14.41,10.19,41.4,4406,4273,4941,5208,1.5,سهم صفی: 8 روز از ۲۰ روز در صف (ریسک نقدشوندگی و اجرای حد ضرر) | 61٪ بالای MA200 | نقدشوندگی کمتر از ۱۰ میلیارد تومان
غنوش,نوش‌ مازندران‌,محصولات غذایی و آشامیدنی به جز قند و شکر,62.9,زیر نظر,100,80,63.5,4,19640,20261010,8.7,5.6,2.7,-63.7,6.9,13.8,51.4,63.7,5,0,true,21.9,3.18,above,-2.4,0.58,18050,20120,9.14,-238.86,1.85,12.23,54.88,487,40.33,8.53,372.8,19015,18077,20120,21370,0.31,خروج مستمر پول حقیقی | P/E بالا (40) | 51٪ بالای MA200 | حد ضرر دور (8.0٪)
واحصا,احیاء صنایع خراسان,سرمایه گذاریها,62.8,زیر نظر,100,70,55.3,20,36570,20261010,8.7,31.4,111.8,45.3,17.5,35.8,146.7,92.9,6,0,true,52.5,2.98,above,-1.7,0.84,29130,,1.74,-2.91,1.35,3.37,4.48,126,290.24,,,35479,34387,39844,42027,1.5,واگرایی منفی RSI | اشباع خرید | فاصله زیاد از MA20 | سهم صفی: 6 روز از ۲۰ روز در صف (ریسک نقدشوندگی و اجرای حد ضرر) | رشد عمودی (112٪ در ۶۰ روز، 36٪ بالای MA50) | P/E بالا (290) | 147٪ بالای MA200 | واگرایی منفی | نقدشوندگی کمتر از ۱۰ میلیارد تومان
کیا,کیا الکترود شرق,ساخت محصولات فلزی,62.8,زیر نظر,100,55,83.3,4,11430,20261010,1.2,27.4,55.5,-10.9,12.2,23.6,35.4,76.3,1,0,true,41.2,3.4,above,-1.6,1.19,10270,11610,5.44,7.1,1.39,3.16,3.65,262,43.63,6.02,624.7,11041,10457,11610,12388,0.19,P/E بالا (44) | حد ضرر دور (8.5٪) | نقدشوندگی کمتر از ۱۰ میلیارد تومان
خنور,نورایستا پلاستیک,خودرو و ساخت قطعات,62.8,زیر نظر,95,70,62,19,9380,20261010,14.4,-0.2,53.2,-13.2,9,11.9,31.1,63.6,5,0,true,24.7,3.26,above,-10.2,1.09,8720,10450,19.65,-2.3,9.13,59.59,14.98,745,12.59,5.87,114.5,9074,8616,10450,11061,1.4,حد ضرر دور (8.1٪)
غمینو,شرکت صنایع غذایی مینو شرق,محصولات غذایی و آشامیدنی به جز قند و شکر,62.6,زیر نظر,100,70,27.5,47,9490,20261010,-1.6,12.2,45.3,-21.1,4.2,12.2,95.3,60.4,4,0,true,35.4,3.27,above,-4.3,1.26,8750,9920,-15.73,90.78,0.73,-55.58,32.07,1231,7.71,7.05,9.4,9180,8715,9920,10540,0.55,توزیع: ورود حقیقی با سرانه خرید ضعیف (0.85 در ۲۰ روز) | 95٪ بالای MA200 | سرانه خرید ضعیف (0.73) | حد ضرر دور (8.2٪)
پارسان,گسترش نفت و گاز پارسیان,محصولات شیمیایی,62.5,زیر نظر,100,65,54.1,24,38870,20261010,5.7,10.4,44.8,-21.6,8.5,20.9,56.4,70.8,0,0,true,35.3,3.21,above,-1.1,0.88,37660,,0.39,275.91,0.82,-41.2,139.3,3483,11.16,9.63,15.9,37660,37036,42612,45107,2.04,56٪ بالای MA200
شاراک,پتروشیمی شازند,محصولات شیمیایی,62.5,زیر نظر,100,85,12,50,32540,20261010,5.4,20.4,123.5,57.1,11.3,34.1,131.6,77.5,2,0,true,67.4,2.99,above,0,0.53,29525,,-64.22,-210.36,1.18,-65.22,132.31,3871,8.41,9.63,-12.7,31567,30595,35458,37403,1.5,خروج مستمر پول حقیقی | رشد عمودی (123٪ در ۶۰ روز، 34٪ بالای MA50) | 132٪ بالای MA200
ولملت,واسپاری ملت,سایر واسطه گریهای مالی,62.5,زیر نظر,100,70,90,4,27860,20261006,15.6,59.4,189.5,123.1,28.6,52,213,91.6,15,0,true,55.8,2.36,above,0,0.55,18538,,15.56,46.23,2.76,4.41,17.08,824,33.81,9.94,240.1,27203,26545,29832,31147,1.5,واگرایی منفی RSI | اشباع خرید | فاصله زیاد از MA20 | سهم صفی: 15 روز از ۲۰ روز در صف (ریسک نقدشوندگی و اجرای حد ضرر) | رشد عمودی (190٪ در ۶۰ روز، 52٪ بالای MA50) | P/E بالا (34) | 213٪ بالای MA200 | واگرایی منفی | آخرین معامله 20261006 (متوقف یا کم‌معامله)
چخزر,صنایع چوب خزر کاسپین,محصولات چوبی,62.5,زیر نظر,100,70,65,9,257500,20261010,15.8,33.9,125.1,58.7,24.9,35,173.9,86.7,11,0,true,44.8,2.63,above,0,0.39,203400,,8.72,-0.38,126.25,14.62,6.45,20671,12.46,9.03,38,250741,243981,277778,291297,1.5,اشباع خرید | فاصله زیاد از MA20 | سهم صفی: 11 روز از ۲۰ روز در صف (ریسک نقدشوندگی و اجرای حد ضرر) | رشد عمودی (125٪ در ۶۰ روز، 35٪ بالای MA50) | 174٪ بالای MA200 | نقدشوندگی کمتر از ۱۰ میلیارد تومان
سبجنو,سیمان‌ بجنورد,سیمان، آهک و گچ,62.5,زیر نظر,100,58,36.5,47,64050,20261010,13.2,19.7,57.5,-8.9,18.8,26.1,76.3,82.1,4,0,true,32.5,2.93,above,0,0.77,56370,,-5.95,-29.21,1.92,1.42,8.03,8801,7.28,7.14,1.9,62173,60295,69682,73437,1.5,واگرایی منفی RSI | اشباع خرید | فاصله زیاد از MA20 | خروج مستمر پول حقیقی | 76٪ بالای MA200 | واگرایی منفی | نقدشوندگی کمتر از ۱۰ میلیارد تومان | شناوری کم (11٪)
کتوکا,تولیدی و خدمات صنایع نسوز توکا,سایر محصولات کانی غیرفلزی,62.4,زیر نظر,100,60,31.6,50,9090,20261010,8.1,10,127.8,61.4,5,33,109.9,70.8,5,0,false,58.9,3.09,above,-2.7,0.67,8870,9340,2.76,-14.74,0.94,-7.1,31.81,983,9.25,10.33,-10.5,8870,8729,9340,9902,0.69,رشد عمودی (128٪ در ۶۰ روز، 33٪ بالای MA50) | 110٪ بالای MA200
وخارزم,سرمایه گذاری خوارزمی,سرمایه گذاریها,62.4,زیر نظر,100,70,64.5,9,10960,20261010,15.7,38.8,119.6,53.2,23,46.2,164.7,87.8,9,0,true,69.2,2.55,above,0,0.34,8604,,131.88,-13.59,6.24,159.71,99.71,830,13.2,7.13,85.2,10681,10401,11798,12357,1.5,واگرایی منفی RSI | اشباع خرید | فاصله زیاد از MA20 | سهم صفی: 9 روز از ۲۰ روز در صف (ریسک نقدشوندگی و اجرای حد ضرر) | رشد عمودی (120٪ در ۶۰ روز، 46٪ بالای MA50) | 165٪ بالای MA200 | واگرایی منفی
غشان,شیرپاستوریزه‌پگاه‌خراسان‌,محصولات غذایی و آشامیدنی به جز قند و شکر,62.4,زیر نظر,100,70,64.5,9,24070,20261010,14.9,53,157.4,91,24.2,50.8,219.6,91.2,4,0,true,73.4,2.51,above,-0.3,1.35,18200,,16.35,30.65,0.49,-83.7,22.41,1497,16.08,8.53,88.5,23465,22859,25886,27097,1.5,واگرایی منفی RSI | اشباع خرید | فاصله زیاد از MA20 | رشد عمودی (157٪ در ۶۰ روز، 51٪ بالای MA50) | توزیع: ورود حقیقی با سرانه خرید ضعیف (0.68 در ۲۰ روز) | 220٪ بالای MA200 | سرانه خرید ضعیف (0.49) | واگرایی منفی
کسعدی,کاشی‌ سعدی‌,کاشی و سرامیک,62.4,زیر نظر,100,70,89.5,4,31990,20261006,15.8,79.6,225.1,158.7,30.3,69.5,221.8,97.1,16,0,true,78,2.25,above,0,0.81,16500,,6.28,44.83,2.33,34.45,12.73,1590,20.12,7.65,163,31271,30552,34147,35585,1.5,واگرایی منفی RSI | اشباع خرید | فاصله زیاد از MA20 | سهم صفی: 16 روز از ۲۰ روز در صف (ریسک نقدشوندگی و اجرای حد ضرر) | رشد عمودی (225٪ در ۶۰ روز، 69٪ بالای MA50) | 222٪ بالای MA200 | واگرایی منفی | آخرین معامله 20261006 (متوقف یا کم‌معامله)
دحاوی,الحاوی,مواد و محصولات دارویی,62.4,زیر نظر,100,70,71.5,42,6400,20261010,12.9,50.4,188,121.6,24.4,57.9,177.4,99.8,20,0,true,96.1,2.23,above,0,1.4,2396,,-0.18,2.6,2.84,0.22,0.66,849,7.54,,,6257,6115,6828,7113,1.5,نقدشوندگی پایین | اشباع خرید | فاصله زیاد از MA20 | سهم صفی: 20 روز از ۲۰ روز در صف (ریسک نقدشوندگی و اجرای حد ضرر) | رشد عمودی (188٪ در ۶۰ روز، 58٪ بالای MA50) | 177٪ بالای MA200 | نقدشوندگی کمتر از ۱۰ میلیارد تومان
وپایا,سرمایه گذاری پایا تدبیرپارسا,سرمایه گذاریها,62.3,زیر نظر,100,70,49,24,2500,20261010,14.9,31.2,103.4,37,21.7,38.1,90.2,86.8,7,0,true,54.3,2.77,above,-0.3,1.62,2017,,-7.54,-2.04,79.51,24.24,5.73,235,10.64,8.73,21.9,2431,2361,2708,2846,1.5,واگرایی منفی RSI | اشباع خرید | فاصله زیاد از MA20 | سهم صفی: 7 روز از ۲۰ روز در صف (ریسک نقدشوندگی و اجرای حد ضرر) | رشد عمودی (103٪ در ۶۰ روز، 38٪ بالای MA50) | 90٪ بالای MA200 | واگرایی منفی | نقدشوندگی کمتر از ۱۰ میلیارد تومان
فرآور,فرآوری‌موادمعدنی‌ایران‌,فلزات اساسی,62.2,زیر نظر,100,58,73.5,9,9050,20261010,9,50.1,57.2,-9.3,17.7,44.4,63.5,85.1,13,0,true,58.9,2.6,above,0,0.53,7720,,1.18,93.71,4.64,-41.1,37.68,456,19.85,13.48,47.2,8814,8579,9757,10229,1.5,واگرایی منفی RSI | اشباع خرید | فاصله زیاد از MA20 | سهم صفی: 13 روز از ۲۰ روز در صف (ریسک نقدشوندگی و اجرای حد ضرر) | رشد عمودی (57٪ در ۶۰ روز، 44٪ بالای MA50) | 64٪ بالای MA200 | واگرایی منفی
فنورد,نوردوقطعات‌ فولادی‌,فلزات اساسی,62.2,زیر نظر,100,75,6.7,62,13140,20261010,0.1,9.1,86.6,20.2,4.5,21.2,125.7,66,3,0,false,43,3.43,above,-1.9,1.07,12490,13400,-19.66,-4.5,0.97,-17.75,19.78,1550,8.48,13.48,-37.1,12689,12265,13400,14301,0.3,واگرایی منفی RSI | 126٪ بالای MA200 | واگرایی منفی
زکشت,کشاورزی مکانیزه اصفهان کشت,زراعت و خدمات وابسته,62.2,زیر نظر,88,70,27,60,14750,20261010,-2.7,8.1,26.7,-39.7,2.6,8.8,65,55.3,4,0,true,17.9,3.37,above,-5.4,1.27,14492,15092,1.41,-12.86,0.75,-30.67,15.8,2199,6.71,8.07,-16.9,14492,14243,15092,15500,0.67,65٪ بالای MA200 | سرانه خرید ضعیف (0.75)
شاروم,پتروشیمی ارومیه,محصولات شیمیایی,62.1,زیر نظر,90,45,78.5,26,15370,20261010,0.7,-0.3,28.4,-38,-1.4,12.1,49.8,55.1,3,0,false,31.6,3.01,above,-11.3,0.84,14820,15700,5.61,13.1,3.01,39.68,18.61,1318,11.66,8.01,45.6,14907,14588,15700,17330,0.42,195٪ بالای کف ۵۲ هفته
نمرینو,ایران‌ مرینوس‌,منسوجات,62.1,زیر نظر,100,60,64.5,16,9630,20261010,7,45.4,79.1,12.7,17,35.3,63.6,87.2,5,0,true,56.9,2.96,above,-1.3,1.4,7200,,2.1,10.8,0.59,-18.16,5.66,953,10.1,7.72,30.9,9345,9060,10484,11054,1.5,واگرایی منفی RSI | اشباع خرید | فاصله زیاد از MA20 | رشد عمودی (79٪ در ۶۰ روز، 35٪ بالای MA50) | توزیع: ورود حقیقی با سرانه خرید ضعیف (0.84 در ۲۰ روز) | 64٪ بالای MA200 | سرانه خرید ضعیف (0.59) | واگرایی منفی | نقدشوندگی کمتر از ۱۰ میلیارد تومان
ثالوند,سرمایه گذاری مسکن الوند,انبوه سازی، املاک و مستغلات,62.1,زیر نظر,100,70,88.5,4,13370,20261006,15.6,78.5,216.8,150.4,29.8,79.4,165.7,98.7,19,0,true,88,2.17,above,0,0.69,6370,,11.93,39.14,1.79,11.35,6.07,230,58.13,23.59,146.4,13080,12791,14239,14818,1.5,اشباع خرید | فاصله زیاد از MA20 | سهم صفی: 19 روز از ۲۰ روز در صف (ریسک نقدشوندگی و اجرای حد ضرر) | رشد عمودی (217٪ در ۶۰ روز، 79٪ بالای MA50) | P/E بالا (58) | 166٪ بالای MA200 | نقدشوندگی کمتر از ۱۰ میلیارد تومان | آخرین معامله 20261006 (متوقف یا کم‌معامله)
حسیر,ریل سیر کوثر,حمل ونقل، انبارداری و ارتباطات,62.1,زیر نظر,100,63,62,16,8920,20261010,3.7,26.7,58.3,-8.1,8.6,26.9,91.7,71.3,2,0,true,58.1,3.32,above,-6.7,1.45,8440,,17.39,54.78,0.64,-82,29.75,758,11.77,7.68,53.2,8624,8292,9808,10401,1.41,توزیع: ورود حقیقی با سرانه خرید ضعیف (0.75 در ۲۰ روز) | 92٪ بالای MA200 | سرانه خرید ضعیف (0.64) | حد ضرر دور (7.0٪)
خنصیر,مهندسی‌نصیرماشین‌,خودرو و ساخت قطعات,62.1,زیر نظر,100,70,40.3,32,4730,20261010,6.5,-1.7,40,-26.4,6.2,12.4,46.1,63.3,3,0,true,31.9,3.08,above,-4.1,1.31,4490,4930,-0.45,0.26,1.29,-5.24,5.99,485,9.75,,,4584,4417,4930,5222,0.64,واگرایی منفی RSI | توزیع: ورود حقیقی با سرانه خرید ضعیف (0.81 در ۲۰ روز) | واگرایی منفی | نقدشوندگی کمتر از ۱۰ میلیارد تومان
سهگمت,سیمان‌هگمتان‌,سیمان، آهک و گچ,62,زیر نظر,100,80,3.9,60,162700,20261010,5.2,9.9,31.8,-34.6,10.6,15.9,34.8,70,2,0,true,21,2.85,above,-1.9,1.18,158500,165789,-28.01,-73.91,0.9,-12.93,15.75,27300,5.96,7.14,-16.5,158500,156178,165789,175078,0.47,واگرایی منفی RSI | خروج مستمر پول حقیقی | واگرایی منفی
کولان,کولان سل,محصولات کاغذی,61.9,زیر نظر,100,65,38.5,37,35670,20261010,8.8,15.3,42.5,-23.9,11.6,20.5,,77.7,2,0,true,35.3,3.16,above,-0.6,1.13,32750,,-0.94,-13.07,8.21,88.26,21.72,3233,11.03,10.19,8.3,34544,32855,39048,41300,1.2,حد ضرر دور (7.9٪)
حتوکا,حمل‌ونقل‌توکا,حمل ونقل، انبارداری و ارتباطات,61.9,زیر نظر,100,55,21.5,62,2768,20261010,5.3,7.8,50.9,-15.5,4,15.4,40.4,63.8,2,0,false,41.1,3.66,above,-2.6,0.66,2727,2840,-5.11,-35.32,1.83,-2.78,11.67,320,8.65,19.33,-55.3,2727,2676,2840,3043,0.79,خروج مستمر پول حقیقی
تپکو,تولیدتجهیزات‌سنگین‌هپکو,ماشین آلات و تجهیزات,61.8,زیر نظر,95,55,79,10,598,20261010,10.9,1.2,33.8,-32.6,4.6,22.5,43.3,67.2,4,0,false,36.4,2.98,above,-6.9,0.47,560,642,6.78,15.88,3.45,35.5,39.38,,,,,580,553,642,678,0.99,بدون EPS مثبت | حد ضرر دور (7.4٪)
نان,صنایع غذایی رضوی,محصولات غذایی و آشامیدنی به جز قند و شکر,61.8,زیر نظر,65,30,88,57,6320,20261010,-1.4,-8.8,6.9,-59.5,-1.6,1.3,41.4,49.1,1,0,false,14.9,3.17,above,-11.4,1.17,6216,6615,4.48,35.83,1.61,45.61,22.93,929,6.8,7.05,-3.5,6216,6116,6615,7130,1.45,بدون روند (ADX پایین)
شپارس,بین‌ المللی‌ محصولات‌  پارس‌,محصولات شیمیایی,61.8,زیر نظر,100,70,34,37,3270,20261010,18,22.7,167.2,100.7,18.1,42,142.8,81.4,10,0,true,54,2.9,above,-0.3,1.4,2948,,-29.57,-46.18,6.21,-25.87,20,370,8.84,9.63,-8.2,3175,3081,3554,3743,1.5,اشباع خرید | فاصله زیاد از MA20 | خروج مستمر پول حقیقی | سهم صفی: 10 روز از ۲۰ روز در صف (ریسک نقدشوندگی و اجرای حد ضرر) | رشد عمودی (167٪ در ۶۰ روز، 42٪ بالای MA50) | 143٪ بالای MA200
قچار,فراوردههای غذایی وقند چهارمحال,قند و شکر,61.8,زیر نظر,100,85,22,37,6250,20261010,9.1,21.4,67.2,0.8,9.2,23.6,93.2,76.6,2,0,true,66.3,3.41,above,-2.8,0.61,5865,,-7.88,-16.74,1.64,-8.3,36.63,655,9.54,9.57,-0.3,6037,5758,6889,7316,1.3,واگرایی منفی RSI | 93٪ بالای MA200 | واگرایی منفی | حد ضرر دور (7.9٪)
تلیسه,دامداری تلیسه نمونه,زراعت و خدمات وابسته,61.8,زیر نظر,90,35,54,57,9860,20261010,-9,-6.1,13.6,-52.8,-0.7,5.5,70.6,50.5,6,0,false,33.7,3.67,above,-10.3,1.89,9370,10360,103.2,106.71,0.78,-16.29,27.89,1266,7.79,8.07,-3.5,9498,9189,10360,10810,0.75,واگرایی منفی RSI | سهم صفی: 6 روز از ۲۰ روز در صف (ریسک نقدشوندگی و اجرای حد ضرر) | توزیع: ورود حقیقی با سرانه خرید ضعیف (0.79 در ۲۰ روز) | 71٪ بالای MA200 | سرانه خرید ضعیف (0.78) | واگرایی منفی
ورنا,سرمایه‌گذاری‌ رنا(هلدینگ‌,خودرو و ساخت قطعات,61.6,زیر نظر,95,63,62,20,7810,20261010,8.6,2.5,56.5,-9.9,4.6,15.8,55.9,63.8,2,0,false,32.5,3.3,above,-2.3,0.62,6995,7975,20.69,-60.85,1.76,66.24,90.29,218,35.83,,,7552,7295,7975,8490,0.32,واگرایی منفی RSI | P/E بالا (36) | 56٪ بالای MA200 | واگرایی منفی
بپویا,دانش محور پویا نیرو,ماشین آلات و دستگاه‌های برقی,61.5,زیر نظر,63,70,88.5,26,6060,20261010,-1,-1.3,-5.9,-72.3,-0.9,4.6,2.8,51.4,1,0,true,18.6,3.42,above,-16.6,0.88,5895,6284,1.07,10.54,2.8,25.43,10.43,752,8.06,6.15,31,5895,5792,6284,6414,0.83,شناوری کم (7٪)
محتشم,نساجی هدیه البرز مشهد,منسوجات,61.4,زیر نظر,100,70,53.5,16,20400,20261010,15.3,55,120.7,54.3,22.4,50.3,108.4,87.7,12,0,true,55.6,2.51,above,0,0.43,16030,,-8.13,19.49,4.8,50.58,54.19,1926,10.59,7.72,37.2,19887,19374,21938,22964,1.5,واگرایی منفی RSI | اشباع خرید | فاصله زیاد از MA20 | سهم صفی: 12 روز از ۲۰ روز در صف (ریسک نقدشوندگی و اجرای حد ضرر) | رشد عمودی (121٪ در ۶۰ روز، 50٪ بالای MA50) | 108٪ بالای MA200 | واگرایی منفی
قنیشا,قند  نیشابور,قند و شکر,61.4,زیر نظر,100,75,61.5,4,3620,20261010,7.1,6.5,74.5,8.1,5.6,16.6,50.2,66.1,0,0,false,46.1,3.14,above,0,0.86,3275,,1.18,-9.82,1.61,8.99,4.93,119,30.42,9.8,210.4,3506,3393,3961,4188,1.5,خروج مستمر پول حقیقی | P/E بالا (30) | 50٪ بالای MA200 | نقدشوندگی کمتر از ۱۰ میلیارد تومان
کحافظ,کاشی‌ وسرامیک‌ حافظ‌,کاشی و سرامیک,61.3,زیر نظر,100,80,14.3,47,2863,20261010,7.3,6.6,52.5,-13.9,8.4,17.2,72.3,68.4,3,0,true,26.6,3.35,above,-0.8,1.21,2767,,-47.43,-68.27,0.93,-29.51,20.58,388,7.38,7.65,-3.5,2767,2719,3151,3343,2,خروج مستمر پول حقیقی | 72٪ بالای MA200
کساوه,صنایع‌ کاشی‌ و سرامیک‌ سینا,کاشی و سرامیک,61.3,زیر نظر,100,85,20.2,37,35920,20261010,8.4,30.6,71.7,5.2,12.7,28.5,113.3,72.9,10,0,true,44.7,3.13,above,-2.9,0.7,32800,,-22.27,-16.41,1.49,-22.68,23.48,4425,8.12,7.65,6.1,34795,33109,39294,41543,1.2,سهم صفی: 10 روز از ۲۰ روز در صف (ریسک نقدشوندگی و اجرای حد ضرر) | 113٪ بالای MA200 | حد ضرر دور (7.8٪)
فصبا,صبا فولاد خلیج فارس,فلزات اساسی,61.3,زیر نظر,100,85,53,4,4490,20261010,4.9,26.8,68,1.6,10.3,31.4,63.7,75,9,0,true,41.4,3.03,above,-1.5,0.8,4400,,-10.62,2.18,74.62,28.44,29.98,178,25.22,8.05,213.4,4400,4332,4899,5171,2.58,واگرایی منفی RSI | سهم صفی: 9 روز از ۲۰ روز در صف (ریسک نقدشوندگی و اجرای حد ضرر) | رشد عمودی (68٪ در ۶۰ روز، 31٪ بالای MA50) | 64٪ بالای MA200 | واگرایی منفی
دروز,داروسازی‌ روزدارو,مواد و محصولات دارویی,61.3,زیر نظر,100,70,65,4,36270,20261010,15.8,49.5,277,210.5,22.6,60.1,162.8,91.4,11,0,true,62.1,2.55,above,0,0.17,29757,,2.75,-5.22,4.92,2.89,4.58,164,221.16,12.91,1613.1,35346,34422,39042,40890,1.5,اشباع خرید | فاصله زیاد از MA20 | خروج مستمر پول حقیقی | سهم صفی: 11 روز از ۲۰ روز در صف (ریسک نقدشوندگی و اجرای حد ضرر) | رشد عمودی (277٪ در ۶۰ روز، 60٪ بالای MA50) | P/E بالا (221) | 163٪ بالای MA200 | نقدشوندگی کمتر از ۱۰ میلیارد تومان
ساوه,سیمان ساوه,سیمان، آهک و گچ,61.2,زیر نظر,91,80,37.5,34,12320,20261010,12.2,4.6,21.5,-44.9,10.1,14.5,40.3,69.6,2,0,true,20.4,3.21,inside,-20.9,0.94,12190,15580,-9.91,-24.44,1.72,13.25,16.23,1489,8.27,6.69,23.7,12190,11992,15580,16371,9.95,خروج مستمر پول حقیقی
کویر,تولیدی فولاد سپید فراب کویر,فلزات اساسی,61.1,زیر نظر,100,65,22.5,50,2761,20261010,-3.2,25.3,67.4,1,3.9,28.7,79.4,65.6,12,1,false,53.5,2.94,above,-4.4,0.71,2685,2888,-38.89,-19.27,1.68,-64.65,88.26,292,9.46,13.48,-29.9,2685,2644,2888,3050,1.09,واگرایی منفی RSI | سهم صفی: 12 روز از ۲۰ روز در صف (ریسک نقدشوندگی و اجرای حد ضرر) | 79٪ بالای MA200 | واگرایی منفی | شناوری کم (10٪) | صف فروش در ۵ روز اخیر
وپخش,داروپخش‌ (هلدینگ‌,مواد و محصولات دارویی,61.1,زیر نظر,100,55,63.5,17,59850,20261010,3.2,21.1,35.9,-30.5,14,23.8,100.9,70.9,7,0,true,34,3.31,above,-5,1.75,52180,,27.9,122.76,0.53,-131.07,44.34,3800,15.75,12.91,22,57870,55890,65791,69751,1.5,واگرایی منفی RSI | سهم صفی: 7 روز از ۲۰ روز در صف (ریسک نقدشوندگی و اجرای حد ضرر) | توزیع: ورود حقیقی با سرانه خرید ضعیف (0.60 در ۲۰ روز) | 101٪ بالای MA200 | سرانه خرید ضعیف (0.53) | واگرایی منفی | شناوری کم (11٪)
فمراد,آلومراد,فلزات اساسی,61.1,زیر نظر,100,65,62.5,10,4170,20261010,8.9,15.2,52.8,-13.6,8.7,19.3,50.7,74.2,3,0,true,35.1,3.4,above,0,1.13,4100,,3.72,-0.14,7.13,3.79,7.74,,,13.48,,4100,4029,4596,4879,3.02,واگرایی منفی RSI | بدون EPS مثبت | 51٪ بالای MA200 | واگرایی منفی | نقدشوندگی کمتر از ۱۰ میلیارد تومان
حریل,ریل پردازسیر,حمل ونقل، انبارداری و ارتباطات,61.1,زیر نظر,85,45,72.3,34,2943,20261010,0.6,-5.4,27.2,-39.2,-1.8,9.1,33.4,54.7,1,0,false,27.5,2.96,above,-13.7,1.14,2851,3410,0.93,0.97,1.35,4.03,4.02,303,9.71,7.68,26.5,2856,2807,3410,3584,3.43,نقدشوندگی کمتر از ۱۰ میلیارد تومان
ددانا,داروسازی دانا,مواد و محصولات دارویی,61,زیر نظر,100,90,28,24,23890,20261010,1.7,13.3,118.8,52.4,10.7,16.5,141.1,65.3,7,0,true,41.6,2.96,above,-3.5,1.91,22390,,-17.29,0.88,0.74,-104.09,49.31,2409,9.92,8.86,11.9,23182,22120,26014,27429,1.2,سهم صفی: 7 روز از ۲۰ روز در صف (ریسک نقدشوندگی و اجرای حد ضرر) | رشد عمودی (119٪ در ۶۰ روز، 17٪ بالای MA50) | توزیع: ورود حقیقی با سرانه خرید ضعیف (0.81 در ۲۰ روز) | 141٪ بالای MA200 | سرانه خرید ضعیف (0.74) | حد ضرر دور (7.4٪)
سلیم,سرمایه گذاری سلیم,سرمایه گذاریها,60.9,زیر نظر,100,80,35.8,24,1515,20261010,9.5,7.4,39.3,-27.1,8.4,13,35.6,66.3,1,0,true,29.7,3.18,above,-2.2,1.08,1491,,-4.99,-28.48,1.59,7.99,11.33,146,10.38,8.73,18.9,1491,1467,1660,1756,3.01,واگرایی منفی RSI | خروج مستمر پول حقیقی | واگرایی منفی
دلر,داروسازی‌ اکسیر,مواد و محصولات دارویی,60.9,زیر نظر,100,90,1.5,50,30060,20261010,0.9,14.6,74.5,8,10,15.2,117.4,68.2,3,0,true,33.4,3.39,above,-2.1,1.1,28200,30720,-97.34,-16.99,0.51,-93.93,38.73,2845,10.57,12.91,-18.2,29041,27690,30720,32758,0.28,117٪ بالای MA200 | سرانه خرید ضعیف (0.51) | حد ضرر دور (7.9٪)
آریا,پلیمر آریا ساسول,محصولات شیمیایی,60.9,زیر نظر,100,70,51.5,16,55830,20261010,13.7,53.5,89.7,23.3,20.1,49.9,73.3,90.9,5,0,true,72.2,2.91,above,-0.3,0.45,48000,,-38.99,5.85,3.48,49.47,109.74,4878,11.45,8.01,42.9,54203,52575,60712,63967,1.5,اشباع خرید | فاصله زیاد از MA20 | رشد عمودی (90٪ در ۶۰ روز، 50٪ بالای MA50) | 73٪ بالای MA200
شفن,پتروشیمی فناوران,محصولات شیمیایی,60.9,زیر نظر,100,85,51.5,4,8370,20261010,7.4,26.6,85.6,19.2,12,36.5,69.4,76.1,5,0,true,55.4,2.8,above,0,1.06,8090,,-2.18,12.02,4.13,39.53,35.15,284,29.47,9.63,206,8135,7973,9074,9544,1.77,رشد عمودی (86٪ در ۶۰ روز، 36٪ بالای MA50) | 69٪ بالای MA200
فجهان,جهان فولاد سیرجان,فلزات اساسی,60.9,زیر نظر,100,70,63.5,4,3820,20261010,9.5,27.2,128.9,62.5,15.1,46.6,105.2,83,7,0,true,63.6,2.71,above,0,0.79,3390,,52.28,-22.14,21.34,70.71,37.46,171,22.34,8.05,177.5,3716,3613,4131,4338,1.5,اشباع خرید | فاصله زیاد از MA20 | سهم صفی: 7 روز از ۲۰ روز در صف (ریسک نقدشوندگی و اجرای حد ضرر) | رشد عمودی (129٪ در ۶۰ روز، 47٪ بالای MA50) | 105٪ بالای MA200
خریخت,صنایع‌ریخته‌گری‌ایران‌,خودرو و ساخت قطعات,60.9,زیر نظر,100,48,53,32,1886,20261010,-0.2,32.3,66.3,-0.1,11.1,38.3,82.2,80.7,3,0,true,66.7,2.91,above,-3.6,0.93,1229,,0.79,9.55,0.75,-8.63,7.35,185,10.19,,,1831,1776,2051,2160,1.5,واگرایی منفی RSI | اشباع خرید | رشد عمودی (66٪ در ۶۰ روز، 38٪ بالای MA50) | 82٪ بالای MA200 | سرانه خرید ضعیف (0.75) | واگرایی منفی | نقدشوندگی کمتر از ۱۰ میلیارد تومان
گکوثر,هتل پارسیان کوثر اصفهان,هتل و رستوران,60.8,زیر نظر,100,70,63,4,7230,20261010,14.9,59.6,121.8,55.4,28.1,68.6,142.4,96.8,5,0,true,85.2,2.28,above,0,0.71,4660,,7.32,2.59,2.88,-4.4,15.8,257,28.13,4.69,499.8,7065,6900,7725,8055,1.5,اشباع خرید | فاصله زیاد از MA20 | رشد عمودی (122٪ در ۶۰ روز، 69٪ بالای MA50) | 142٪ بالای MA200
دسبحان,سبحان دارو,مواد و محصولات دارویی,60.6,زیر نظر,100,70,49.5,17,22280,20261010,12.8,33.3,263.5,197,22.1,53.5,257.2,89.9,13,0,true,77.8,2.64,above,0,0.85,17730,,26.1,-56.67,2.23,-100.06,85.88,1454,15.32,12.91,18.7,21692,21105,24043,25218,1.5,اشباع خرید | فاصله زیاد از MA20 | سهم صفی: 13 روز از ۲۰ روز در صف (ریسک نقدشوندگی و اجرای حد ضرر) | رشد عمودی (263٪ در ۶۰ روز، 53٪ بالای MA50) | 257٪ بالای MA200
ویسا,سرمایه گذاری ایساتیس پویا,سرمایه گذاریها,60.6,زیر نظر,100,85,62.4,32,6280,20261010,9.4,26.8,76.6,10.2,13.1,35.1,73,77.4,5,0,true,55.7,2.76,above,0,0.87,5868,,0.17,8.93,1.14,-2.52,2.64,633,9.92,,,6107,5847,6799,7145,1.2,نقدشوندگی پایین | رشد عمودی (77٪ در ۶۰ روز، 35٪ بالای MA50) | 73٪ بالای MA200 | نقدشوندگی کمتر از ۱۰ میلیارد تومان
فنفت,صنایع تجهیزات نفت,فلزات اساسی,60.5,زیر نظر,100,85,38.2,16,5600,20261010,12.2,10.5,71,4.6,11.2,15.8,54,71,2,0,true,26.7,2.95,above,-1.4,1.32,5460,,-2.09,-7.25,1.27,4.59,7.53,529,10.59,8.05,31.5,5460,5377,6095,6426,2.23,54٪ بالای MA200 | نقدشوندگی کمتر از ۱۰ میلیارد تومان
دسبحا,گروه دارویی سبحان,مواد و محصولات دارویی,60.5,زیر نظر,100,100,38,4,7560,20261010,3.4,8,107.7,41.3,12.5,20,107.2,68.8,10,0,true,36.6,2.99,above,0,0.77,7360,,-1.06,68,2.42,-22.11,68.31,189,40,12.91,209.8,7360,7247,8237,8688,2.16,واگرایی منفی RSI | سهم صفی: 10 روز از ۲۰ روز در صف (ریسک نقدشوندگی و اجرای حد ضرر) | رشد عمودی (108٪ در ۶۰ روز، 20٪ بالای MA50) | P/E بالا (40) | توزیع: ورود حقیقی با سرانه خرید ضعیف (0.82 در ۲۰ روز) | 107٪ بالای MA200 | واگرایی منفی
ولراز,لیزینگ رازی,سایر واسطه گریهای مالی,60.5,زیر نظر,100,70,61,25,6220,20260923,15.2,63.7,227.9,161.5,26.9,66.8,153.5,97.5,11,0,true,83.3,2.51,above,0,0.36,2771,,-0.32,12.36,4.1,3.8,4.39,322,19.32,,,6064,5908,6688,7000,1.5,اشباع خرید | فاصله زیاد از MA20 | سهم صفی: 11 روز از ۲۰ روز در صف (ریسک نقدشوندگی و اجرای حد ضرر) | رشد عمودی (228٪ در ۶۰ روز، 67٪ بالای MA50) | 153٪ بالای MA200 | نقدشوندگی کمتر از ۱۰ میلیارد تومان | آخرین معامله 20260923 (متوقف یا کم‌معامله)
وسینا,بانک سینا,بانکها و موسسات اعتباری,60.4,زیر نظر,95,55,36.5,47,3440,20261010,2.1,0.6,37.2,-29.2,1.7,6.9,45.7,56.4,0,0,false,20.3,3.25,above,-5.5,0.64,3290,3640,-3.18,-155.52,1.62,10.96,45.85,584,5.89,5.4,9.1,3328,3234,3640,3864,0.97,خروج مستمر پول حقیقی | 156٪ بالای کف ۵۲ هفته
غشوکو,شوکو پارس,محصولات غذایی و آشامیدنی به جز قند و شکر,60.4,زیر نظر,100,88,9,42,9160,20261010,10.9,12.1,60.3,-6.1,9.8,11.1,104.3,67.7,3,0,true,24.9,3.31,above,-0.5,0.86,8765,,-0.54,-17.24,1.1,-4.08,6.32,1478,6.2,,,8857,8613,10070,10677,1.67,خروج مستمر پول حقیقی | 104٪ بالای MA200 | نقدشوندگی کمتر از ۱۰ میلیارد تومان
وتوشه,سرمایه‌ گذاری‌ پارس‌ توشه‌,ماشین آلات و تجهیزات,60.3,زیر نظر,100,55,9.2,68,8800,20261010,-0.1,6.2,35.8,-30.6,2.7,8.4,44.6,58.4,0,0,false,40,3.18,above,-2.9,0.67,8550,9060,-2.26,-3.81,1.13,-4.57,9.12,2049,4.29,5.15,-16.6,8550,8410,9060,9619,0.67,155٪ بالای کف ۵۲ هفته | نقدشوندگی کمتر از ۱۰ میلیارد تومان
شنفت,نفت‌ پارس‌,فراورده های نفتی، کک و سوخت هسته ای,60.3,زیر نظر,100,85,37,16,19540,20261010,5.9,15.4,84.5,18.1,10.6,27.5,87.6,73.4,2,0,true,38.7,2.88,above,-0.1,1,17950,,-39.87,-49.02,1.8,0.96,33.1,2291,8.53,6.26,36.2,18978,18134,21227,22351,1.2,واگرایی منفی RSI | خروج مستمر پول حقیقی | 88٪ بالای MA200 | واگرایی منفی | حد ضرر دور (7.2٪) | شناوری کم (12٪)
وتوسکا,سرمایه گذاری توسعه توکا,سرمایه گذاریها,60.3,زیر نظر,95,55,98,25,1743,20261010,5.2,11.2,42.4,-24,2.4,10.5,30.3,58.3,6,1,false,26.3,3.17,above,-6.6,1.31,1634,1776,2.33,3.67,2.37,4.86,1.31,100,17.43,,,1688,1606,1776,1866,0.24,نقدشوندگی پایین | سهم صفی: 6 روز از ۲۰ روز در صف (ریسک نقدشوندگی و اجرای حد ضرر) | حد ضرر دور (7.8٪) | نقدشوندگی کمتر از ۱۰ میلیارد تومان | صف فروش در ۵ روز اخیر
دکیمی,کیمیدارو,مواد و محصولات دارویی,60.2,زیر نظر,100,70,60.9,4,91250,20261010,15.7,53,177,110.6,25.1,49.5,198.1,88.5,12,0,true,60.4,2.57,above,0,0.95,70170,,17.92,56.87,1.04,-6.98,10.34,4266,21.39,12.91,65.7,88907,86565,98278,102963,1.5,واگرایی منفی RSI | اشباع خرید | فاصله زیاد از MA20 | سهم صفی: 12 روز از ۲۰ روز در صف (ریسک نقدشوندگی و اجرای حد ضرر) | رشد عمودی (177٪ در ۶۰ روز، 49٪ بالای MA50) | 198٪ بالای MA200 | واگرایی منفی
غچین,کشت‌ و صنعت‌ چین‌ چین,محصولات غذایی و آشامیدنی به جز قند و شکر,60.2,زیر نظر,100,73,25.3,37,5470,20261010,6,12.3,60.4,-6,9.9,22.2,72.1,70.1,4,0,true,38.6,3.05,above,-3.5,1.17,5240,,-0.97,-3.26,1.09,1.44,7.94,682,8.02,8.53,-6,5303,5157,5971,6305,1.6,72٪ بالای MA200 | نقدشوندگی کمتر از ۱۰ میلیارد تومان
همراه,شرکت ارتباطات سیار ایران,مخابرات,60,زیر نظر,100,75,36,24,10370,20261010,6.1,1.1,92.4,26,6.8,15.5,93.2,65.9,1,0,false,29.9,3.17,above,-1.8,0.88,10080,10495,-30.69,-209.42,4.15,0.64,32.33,1086,9.55,8.37,14.1,10080,9916,10495,11152,0.28,خروج مستمر پول حقیقی | 93٪ بالای MA200 | شناوری کم (11٪)
شفارا,پتروشیمی فارابی,محصولات شیمیایی,60,زیر نظر,100,70,39,25,2133,20261010,15.7,23.2,81.3,14.9,19.1,37.5,74.2,83,8,0,true,50,2.86,above,-0.1,1.14,1838,,-14.22,-16.25,4.97,10.49,12.18,126,16.93,,,2072,2011,2316,2438,1.5,واگرایی منفی RSI | اشباع خرید | فاصله زیاد از MA20 | خروج مستمر پول حقیقی | سهم صفی: 8 روز از ۲۰ روز در صف (ریسک نقدشوندگی و اجرای حد ضرر) | رشد عمودی (81٪ در ۶۰ روز، 38٪ بالای MA50) | 74٪ بالای MA200 | واگرایی منفی
ثغرب,شرکت سرمایه گذاری مسکن شمالغرب,انبوه سازی، املاک و مستغلات,60,زیر نظر,100,60,88,4,20090,20261006,9.1,59.3,285.6,219.2,20.2,65.2,231,87,16,1,true,81.7,2.35,above,0,0.65,18980,,7.56,37.66,2.79,16.42,9.37,415,48.41,23.59,105.2,19618,18910,21506,22450,1.2,اشباع خرید | فاصله زیاد از MA20 | سهم صفی: 16 روز از ۲۰ روز در صف (ریسک نقدشوندگی و اجرای حد ضرر) | رشد عمودی (286٪ در ۶۰ روز، 65٪ بالای MA50) | P/E بالا (48) | 231٪ بالای MA200 | نقدشوندگی کمتر از ۱۰ میلیارد تومان | صف فروش در ۵ روز اخیر | آخرین معامله 20261006 (متوقف یا کم‌معامله)
سدبیر,س. تدبیرگران فارس وخوزستان,سرمایه گذاریها,59.9,زیر نظر,70,40,41.5,82,38500,20261010,-3.5,1.6,27.8,-38.6,-1.8,2.7,10.9,49.3,0,0,false,22.4,3.5,above,-22,1.03,37486,40263,1.94,6.69,0.79,-14.7,9,7407,5.2,8.73,-40.5,37486,36812,40263,41614,1.04,توزیع: ورود حقیقی با سرانه خرید ضعیف (0.83 در ۲۰ روز) | سرانه خرید ضعیف (0.79) | نقدشوندگی کمتر از ۱۰ میلیارد تومان
وسدید,گروه ‌صنعتی‌سدید,فلزات اساسی,59.9,زیر نظر,100,45,53.5,30,2253,20261010,-8.8,26.6,48.1,-18.3,0.3,18.6,29.4,57.8,13,2,false,47.8,3.25,above,-13,1.11,2158,2294,3.38,89.1,0.64,-32.27,34.82,34,66.26,,,2180,2121,2294,2590,0.31,سهم صفی: 13 روز از ۲۰ روز در صف (ریسک نقدشوندگی و اجرای حد ضرر) | P/E بالا (66) | سرانه خرید ضعیف (0.64) | صف فروش در ۵ روز اخیر
فبیرا,بسته‌ بندی‌ ایران‌,ساخت محصولات فلزی,59.9,زیر نظر,95,75,70.5,35,2566,20261010,8.5,3.4,80,13.6,1.6,10.6,78.5,58.6,8,0,false,36.4,3.4,above,-10.6,1.24,2278,2792,0.04,-0.37,2.34,6.23,2.24,155,16.55,,,2479,2392,2792,2869,1.29,نقدشوندگی پایین | واگرایی منفی RSI | سهم صفی: 8 روز از ۲۰ روز در صف (ریسک نقدشوندگی و اجرای حد ضرر) | 79٪ بالای MA200 | واگرایی منفی | نقدشوندگی کمتر از ۱۰ میلیارد تومان
سامان,بانک سامان,بانکها و موسسات اعتباری,59.9,زیر نظر,100,58,1,72,10010,20261010,5,22.8,64.1,-2.3,11.8,19.8,123,84,0,0,true,52.9,2.46,above,-1,0.61,8747,,-114.54,-538.95,0.4,-123.88,69.19,1396,7.17,12.04,-40.4,9764,9518,10749,11241,1.5,اشباع خرید | خروج مستمر پول حقیقی | 123٪ بالای MA200 | سرانه خرید ضعیف (0.40)
خمهر,مهرکام‌پارس‌,خودرو و ساخت قطعات,59.7,زیر نظر,100,85,30.8,20,4240,20261010,8.2,18.8,78.3,11.9,10.4,29.6,80.7,78.1,3,0,true,57.8,3.41,above,-0.9,0.76,4080,,-0.28,-29.16,1.35,17.95,19.68,105,40.38,,,4095,4008,4674,4964,1.87,اشباع خرید | خروج مستمر پول حقیقی | P/E بالا (40) | 81٪ بالای MA200
درازی,پخش رازی,مواد و محصولات دارویی,59.7,زیر نظر,100,70,78.8,4,64360,20260930,15.9,78.7,476.4,410,30.4,87.5,261,99.9,19,0,true,96.7,2.14,above,0,1.78,16938,,5.92,19.17,1.37,-14.94,13.08,2400,26.82,8.86,202.7,62981,61602,68497,71255,1.5,اشباع خرید | فاصله زیاد از MA20 | سهم صفی: 19 روز از ۲۰ روز در صف (ریسک نقدشوندگی و اجرای حد ضرر) | رشد عمودی (476٪ در ۶۰ روز، 87٪ بالای MA50) | 261٪ بالای MA200 | آخرین معامله 20260930 (متوقف یا کم‌معامله)
حتاید,تایدواترخاورمیانه,حمل ونقل، انبارداری و ارتباطات,59.7,زیر نظر,65,30,54.6,82,8030,20261010,-3.3,-3.7,-8.3,-74.7,-4.7,1.3,27.8,45.9,2,0,false,19.5,3.35,above,-12,0.98,7820,8215,26.2,54.91,0.88,-5,35.68,1376,5.84,19.33,-69.8,7820,7686,8215,8800,0.54,توزیع: ورود حقیقی با سرانه خرید ضعیف (0.77 در ۲۰ روز)
وامیر,گروه صنعتی و معدنی امیر,استخراج کانه های فلزی,59.5,زیر نظر,100,60,49.9,20,12770,20261010,7.9,27.7,147,80.6,11.2,42.3,154.3,79,8,0,false,64.9,2.66,above,-0.4,1.09,12050,,-10.55,13.7,1.49,2.06,20.91,598,21.35,,,12431,11921,13788,14467,1.2,اشباع خرید | سهم صفی: 8 روز از ۲۰ روز در صف (ریسک نقدشوندگی و اجرای حد ضرر) | رشد عمودی (147٪ در ۶۰ روز، 42٪ بالای MA50) | 154٪ بالای MA200
دهدشت,صنایع پتروشیمی دهدشت,محصولات شیمیایی,59.4,زیر نظر,100,60,99.5,10,16420,20261010,7,41.6,69.2,2.7,17.7,42.7,74.2,86.2,18,0,true,79.8,2.65,above,-4.9,2.27,11754,,10.16,21.36,5.03,9.6,2.2,,,,,15984,15549,17727,18598,1.5,نقدشوندگی پایین | اشباع خرید | فاصله زیاد از MA20 | بدون EPS مثبت | سهم صفی: 18 روز از ۲۰ روز در صف (ریسک نقدشوندگی و اجرای حد ضرر) | رشد عمودی (69٪ در ۶۰ روز، 43٪ بالای MA50) | 74٪ بالای MA200 | نقدشوندگی کمتر از ۱۰ میلیارد تومان
کپارس,کاشی‌ پارس‌,کاشی و سرامیک,59.3,زیر نظر,100,85,2.2,47,20910,20261010,3.1,13.5,134.9,68.5,8.3,30.4,119.8,73.9,9,0,true,47.9,3.06,above,-2,0.87,20500,,-20.82,-84.02,0.83,-19.06,21,2681,7.8,7.65,2,20500,20181,22827,24104,2.63,واگرایی منفی RSI | خروج مستمر پول حقیقی | سهم صفی: 9 روز از ۲۰ روز در صف (ریسک نقدشوندگی و اجرای حد ضرر) | رشد عمودی (135٪ در ۶۰ روز، 30٪ بالای MA50) | 120٪ بالای MA200 | واگرایی منفی
فولاژ,فولاد آلیاژی ایران,فلزات اساسی,59.3,زیر نظر,100,75,27.2,30,6680,20261010,-0.1,4.2,73.6,7.2,4.3,16.3,71.2,61.6,2,0,false,39.4,3.17,above,-4.2,1.06,6320,6820,-20.27,22.39,0.81,-24.27,19.86,541,12.35,13.48,-8.4,6468,6214,6820,6970,0.3,واگرایی منفی RSI | توزیع: ورود حقیقی با سرانه خرید ضعیف (0.78 در ۲۰ روز) | 71٪ بالای MA200 | واگرایی منفی
پارسیان,بیمه پارسیان,بیمه وصندوق بازنشستگی به جزتامین اجتماعی,59.3,زیر نظر,100,45,1,80,1902,20261010,-3.1,2,54.8,-11.7,1,11.7,45.6,57.3,3,1,false,36.6,3.2,above,-5.3,0.82,1848,1970,-9.29,-29.17,0.63,-10.87,6.92,865,2.2,4.59,-52.1,1848,1818,1970,2009,0.81,واگرایی منفی RSI | خروج مستمر پول حقیقی | سرانه خرید ضعیف (0.63) | واگرایی منفی | نقدشوندگی کمتر از ۱۰ میلیارد تومان | صف فروش در ۵ روز اخیر
افق,فروشگاههای زنجیره ای افق کوروش,خرده فروشی،باستثنای وسایل نقلیه موتوری,59.2,زیر نظر,100,85,39.9,9,89670,20261010,14,19.1,77.6,11.2,18.1,24.6,112.2,79.6,4,0,true,39.1,2.92,above,-0.9,1.3,77550,,16.3,-5.32,0.82,-36.26,46.27,5195,17.26,12.78,35.1,87054,84438,97518,102750,1.5,واگرایی منفی RSI | اشباع خرید | فاصله زیاد از MA20 | 112٪ بالای MA200 | واگرایی منفی | شناوری کم (12٪)
بفجر,فجر انرژی خلیج فارس,عرضه برق، گاز، بخاروآب گرم,59.2,زیر نظر,55,70,57.8,57,11640,20261010,2.7,-4.3,-10.8,-77.2,5.5,-4.1,1.3,54.4,4,1,true,23.1,3.43,below,-24.9,0.58,11469,12107,56.57,376.31,0.91,-11.52,77.28,1802,6.46,7.09,-8.9,11469,11269,12107,12583,1.26,توزیع: ورود حقیقی با سرانه خرید ضعیف (0.63 در ۲۰ روز) | صف فروش در ۵ روز اخیر
شپدیس,پتروشیمی پردیس,محصولات شیمیایی,59.1,زیر نظر,65,30,52.5,82,12220,20261010,-0.7,-4.1,1.7,-64.7,-4.7,2.9,12.8,46.6,1,0,false,27.8,3.41,above,-24.8,0.43,11940,12540,102.84,652.77,0.67,-283.84,619.25,1879,6.5,9.63,-32.5,11940,11732,12540,12854,0.66,توزیع: ورود حقیقی با سرانه خرید ضعیف (0.63 در ۲۰ روز) | سرانه خرید ضعیف (0.67)
غمهرا,تولیدی‌مهرام‌,محصولات غذایی و آشامیدنی به جز قند و شکر,59.1,زیر نظر,100,65,27.5,37,23460,20261010,6.7,22.6,35.8,-30.6,10.4,22.4,96.3,73,7,0,true,34.4,3.17,above,-0.1,0.56,22565,,-22.55,37.4,0.8,-26.82,24.46,2564,9.15,8.53,7.3,22716,22193,25693,27182,1.76,سهم صفی: 7 روز از ۲۰ روز در صف (ریسک نقدشوندگی و اجرای حد ضرر) | توزیع: ورود حقیقی با سرانه خرید ضعیف (0.63 در ۲۰ روز) | 96٪ بالای MA200 | سرانه خرید ضعیف (0.80)
کرماشا,صنایع پتروشیمی کرمانشاه,محصولات شیمیایی,59.1,زیر نظر,85,55,30.5,60,28830,20261010,2.6,2.7,24.6,-41.8,-1.1,9.5,55.6,55.4,2,0,false,30.4,3.33,above,-11.3,0.62,27765,29840,-9.63,9.32,1.34,-6.54,91.18,3386,8.51,9.63,-11.6,27869,27284,29840,32490,0.65,توزیع: ورود حقیقی با سرانه خرید ضعیف (0.77 در ۲۰ روز) | 56٪ بالای MA200
امید,تامین سرمایه امید,فعالیتهای کمکی به نهادهای مالی واسط,59,زیر نظر,83,70,52.5,68,3750,20261010,3.3,-1.6,20.2,-46.2,4,4.1,25.3,57.7,2,0,true,19.2,2.61,above,-7.6,0.77,3490,3880,-0.43,0.98,1.78,1.36,2.17,755,4.97,5.92,-16.1,3652,3505,3880,4060,0.53,نقدشوندگی پایین | نقدشوندگی کمتر از ۱۰ میلیارد تومان | شناوری کم (2٪)
زپارس,ملی کشت و صنعت و دامپروری پارس,زراعت و خدمات وابسته,59,زیر نظر,100,90,28,16,47050,20261010,3.5,21.2,69.9,3.5,10.5,24.6,80,67.2,7,0,true,37.1,3.03,above,-6,1.82,43190,,-8.03,6.19,0.67,-44.87,14.32,4640,10.14,6.33,60.2,45622,43481,51333,54188,1.2,واگرایی منفی RSI | سهم صفی: 7 روز از ۲۰ روز در صف (ریسک نقدشوندگی و اجرای حد ضرر) | توزیع: ورود حقیقی با سرانه خرید ضعیف (0.81 در ۲۰ روز) | 80٪ بالای MA200 | سرانه خرید ضعیف (0.67) | واگرایی منفی | حد ضرر دور (7.6٪) | شناوری کم (13٪)
وآرین,گروه توسعه اقتصادی آرین,سرمایه گذاریها,59,زیر نظر,100,75,36,20,2980,20261010,2.7,3.4,82,15.6,2,19.8,65.1,63.2,0,0,false,44.2,3.6,above,-7.5,0.77,2713,3220,-0.63,-12.94,2.31,5,3.57,62,48.06,,,2873,2712,3220,3434,0.9,خروج مستمر پول حقیقی | P/E بالا (48) | 65٪ بالای MA200 | حد ضرر دور (9.0٪) | نقدشوندگی کمتر از ۱۰ میلیارد تومان
کیسون,شرکت کیسون,خدمات فنی و مهندسی,59,زیر نظر,73,45,76.3,36,1805,20261010,-0.1,-5.5,23,-43.4,-2.3,2.8,12.2,50.7,2,0,false,15.2,3.44,above,-35.2,0.96,1755,1836,18.8,34.24,1.09,2.43,28.19,166,10.87,2.41,351.2,1755,1724,1836,1881,0.38,
دقاضی,داروسازی شهید قاضی,مواد و محصولات دارویی,58.9,زیر نظر,100,80,27.5,24,25920,20261010,2.9,13.7,49.5,-16.9,12.2,17.8,116.6,69.7,6,0,true,34.4,3.16,above,-0.5,1.39,23975,,-24.25,22.86,0.58,-78.64,32.92,2413,10.74,8.86,21.2,25102,23875,28374,30010,1.2,سهم صفی: 6 روز از ۲۰ روز در صف (ریسک نقدشوندگی و اجرای حد ضرر) | توزیع: ورود حقیقی با سرانه خرید ضعیف (0.75 در ۲۰ روز) | 117٪ بالای MA200 | سرانه خرید ضعیف (0.58) | حد ضرر دور (7.9٪)
سجام,مجتمع سیمان غرب آسیا,سیمان، آهک و گچ,58.9,زیر نظر,100,65,16.5,47,11000,20261010,0.6,11,67.2,0.8,5.4,18.3,98.6,64.8,1,0,false,35.3,3.26,above,-4,0.76,10385,11460,-15.88,13.34,0.53,-40.04,22.21,1760,6.25,6.69,-6.6,10642,10206,11460,12176,0.58,توزیع: ورود حقیقی با سرانه خرید ضعیف (0.72 در ۲۰ روز) | 99٪ بالای MA200 | سرانه خرید ضعیف (0.53) | حد ضرر دور (7.2٪)
بتیس,بیمه زندگی ایساتیس,بیمه وصندوق بازنشستگی به جزتامین اجتماعی,58.9,زیر نظر,95,65,37.5,32,3590,20261010,2.3,-4,101.1,34.7,1.2,8.7,,57.9,1,0,false,37.2,3.36,above,-6.8,0.63,3510,3640,-1.61,-4.53,2.59,3.99,3.55,385,9.32,,,3510,3450,3640,3825,0.36,خروج مستمر پول حقیقی | رشد عمودی (101٪ در ۶۰ روز، 9٪ بالای MA50) | نقدشوندگی کمتر از ۱۰ میلیارد تومان
غگیلا,شیرپاستوریزه پگاه گیلان,محصولات غذایی و آشامیدنی به جز قند و شکر,58.9,زیر نظر,100,60,63.5,4,42740,20261010,6,57.5,142.6,76.1,19.3,52.5,141.2,87,12,0,true,85.4,2.76,above,-4.4,1.68,24500,,-2.67,5.25,15.15,8.83,6.31,1291,33.11,7.05,369.6,41559,40377,46284,48647,1.5,واگرایی منفی RSI | اشباع خرید | فاصله زیاد از MA20 | سهم صفی: 12 روز از ۲۰ روز در صف (ریسک نقدشوندگی و اجرای حد ضرر) | رشد عمودی (143٪ در ۶۰ روز، 53٪ بالای MA50) | P/E بالا (33) | 141٪ بالای MA200 | واگرایی منفی | نقدشوندگی کمتر از ۱۰ میلیارد تومان
رتکو,کنترل ‌خوردگی ‌تکین ‌کوی,خدمات فنی و مهندسی,58.9,زیر نظر,100,75,75.5,20,24190,20261010,1.6,30.3,77.3,10.9,8.8,28.5,78,71.5,4,1,true,57.5,3.19,above,-4.5,0.69,19700,,0,0,1.7,2.84,1.92,641,37.74,,,23418,22646,26507,28051,1.5,نقدشوندگی پایین | واگرایی منفی RSI | P/E بالا (38) | 78٪ بالای MA200 | واگرایی منفی | نقدشوندگی کمتر از ۱۰ میلیارد تومان | صف فروش در ۵ روز اخیر
آواک,صنایع ارتباطی آوا,اطلاعات و ارتباطات,58.8,زیر نظر,65,30,51,82,2622,20261010,-1.8,-6.8,23.1,-43.3,-6.8,2.8,9,44.9,2,0,false,28.5,3.67,above,-18.7,0.72,2527,2669,-2.72,10.27,2,14.09,11.21,328,7.99,11.65,-31.4,2527,2479,2669,2772,0.33,
زنجان,صنایع کشاورزی وکود زنجان,محصولات شیمیایی,58.8,زیر نظر,100,70,89,10,2989,20261010,12.5,45.7,94.5,28.1,21.8,48,97.4,98.8,20,0,true,80.8,2.24,above,0,0.99,1811,,1.47,4.82,22.27,3.42,0.71,,,,,2922,2855,3190,3324,1.5,نقدشوندگی پایین | اشباع خرید | فاصله زیاد از MA20 | بدون EPS مثبت | سهم صفی: 20 روز از ۲۰ روز در صف (ریسک نقدشوندگی و اجرای حد ضرر) | رشد عمودی (95٪ در ۶۰ روز، 48٪ بالای MA50) | 97٪ بالای MA200 | نقدشوندگی کمتر از ۱۰ میلیارد تومان
کازرو,پتروشیمی کازرون,محصولات شیمیایی,58.8,زیر نظر,100,60,97,10,16350,20261010,10.2,47.3,102.1,35.7,21.7,49.6,95.7,95.9,19,0,true,86.7,2.55,above,-3.5,2.12,15745,,0.32,4.67,1.91,1.32,1.27,,,,,15932,15537,17603,18438,1.54,نقدشوندگی پایین | اشباع خرید | فاصله زیاد از MA20 | بدون EPS مثبت | سهم صفی: 19 روز از ۲۰ روز در صف (ریسک نقدشوندگی و اجرای حد ضرر) | رشد عمودی (102٪ در ۶۰ روز، 50٪ بالای MA50) | 96٪ بالای MA200 | نقدشوندگی کمتر از ۱۰ میلیارد تومان
کی بی سی,شرکت کی بی سی,مواد و محصولات دارویی,58.6,زیر نظر,100,70,49.5,9,14680,20261010,12,23.8,141.8,75.4,16.8,43.4,174.5,83.6,15,0,true,61.6,2.82,above,-3,0.78,13120,,26.04,-29.34,2.23,-27.13,32.62,1043,14.07,8.86,58.9,14266,13852,15922,16750,1.5,اشباع خرید | فاصله زیاد از MA20 | سهم صفی: 15 روز از ۲۰ روز در صف (ریسک نقدشوندگی و اجرای حد ضرر) | رشد عمودی (142٪ در ۶۰ روز، 43٪ بالای MA50) | 174٪ بالای MA200
خمحرکه,نیرو محرکه‌,خودرو و ساخت قطعات,58.6,زیر نظر,95,80,36.5,20,6580,20261010,9.3,6.1,38.8,-27.6,6.5,16.6,48.9,64.8,2,0,true,24.5,3.23,above,-2.4,0.95,6380,6740,-0.83,-1.32,1.64,19.36,13.46,130,50.62,,,6380,6274,6740,7165,0.52,واگرایی منفی RSI | P/E بالا (51) | واگرایی منفی
سمازن,سیمان‌مازندران‌,سیمان، آهک و گچ,58.6,زیر نظر,100,85,22.5,24,101940,20261010,12.2,12.8,91.8,25.4,16,23.4,94.9,79.5,5,0,true,39.4,2.93,above,0,1.17,93470,,-14.73,-32.39,9.83,-3.45,20.65,11804,8.64,7.14,21,98949,94463,110913,116895,1.2,اشباع خرید | فاصله زیاد از MA20 | خروج مستمر پول حقیقی | 95٪ بالای MA200 | حد ضرر دور (7.3٪)
شکلر,نیروکلر,محصولات شیمیایی,58.6,زیر نظر,100,70,21.5,37,37020,20261010,7.7,22.7,81.6,15.2,18.4,38,111.1,80.3,8,0,true,52,2.84,above,0,0.91,32390,,-57.7,-64.9,1.71,-48.86,28.21,3984,9.29,9.63,-3.5,35969,34918,40173,42275,1.5,اشباع خرید | فاصله زیاد از MA20 | خروج مستمر پول حقیقی | سهم صفی: 8 روز از ۲۰ روز در صف (ریسک نقدشوندگی و اجرای حد ضرر) | رشد عمودی (82٪ در ۶۰ روز، 38٪ بالای MA50) | 111٪ بالای MA200
شاملا,معدنی‌ املاح‌  ایران‌,محصولات شیمیایی,58.6,زیر نظر,100,85,22.5,24,47620,20261010,11,19.9,83.6,17.2,14.6,25.9,102.2,79,4,0,true,33.5,3.15,above,-0.3,0.99,44260,,-36.61,-57.17,4.96,-28,25.44,4322,11.02,9.63,14.4,46121,43872,52118,55117,1.2,اشباع خرید | خروج مستمر پول حقیقی | 102٪ بالای MA200 | حد ضرر دور (7.9٪)
مارون,پتروشیمی مارون,محصولات شیمیایی,58.6,زیر نظر,100,63,27,37,29970,20261010,-3.4,49.2,56.6,-9.8,12.4,40.7,55.3,77.3,14,0,true,65.2,2.6,above,-3.9,1.32,23679,31190,-86.39,116.89,0.5,-146.65,58.21,3493,8.58,8.01,7.1,29192,28413,31190,32747,0.78,سهم صفی: 14 روز از ۲۰ روز در صف (ریسک نقدشوندگی و اجرای حد ضرر) | رشد عمودی (57٪ در ۶۰ روز، 41٪ بالای MA50) | توزیع: ورود حقیقی با سرانه خرید ضعیف (0.87 در ۲۰ روز) | 55٪ بالای MA200 | سرانه خرید ضعیف (0.50)
پکویر,کویر تایر,لاستیک و پلاستیک,58.5,زیر نظر,73,30,52.5,70,3350,20261010,-4,0,7.4,-59,-4.8,0.6,10.5,45.3,5,0,false,14.1,3.35,above,-14.5,0.86,3237,3410,12.76,113.7,0.53,-55.74,36.05,544,6.16,8.21,-25,3238,3181,3410,3519,0.36,بدون روند (ADX پایین) | توزیع: ورود حقیقی با سرانه خرید ضعیف (0.61 در ۲۰ روز) | سرانه خرید ضعیف (0.53)
ساینا,صنایع بهداشتی ساینا,محصولات شیمیایی,58.4,زیر نظر,100,85,28.5,37,14640,20261006,8.4,32.1,110.3,43.9,12.8,29.1,142.5,77.7,6,0,true,59.5,3.43,above,-4.8,1.44,13170,,-3.1,0.12,0.64,-109.15,31.15,1820,8.04,8.01,0.4,14138,13386,16145,17149,1.2,سهم صفی: 6 روز از ۲۰ روز در صف (ریسک نقدشوندگی و اجرای حد ضرر) | رشد عمودی (110٪ در ۶۰ روز، 29٪ بالای MA50) | توزیع: ورود حقیقی با سرانه خرید ضعیف (0.72 در ۲۰ روز) | 143٪ بالای MA200 | سرانه خرید ضعیف (0.64) | حد ضرر دور (8.6٪) | آخرین معامله 20261006 (متوقف یا کم‌معامله)
بگیلان,توسعه مسیر برق گیلان,عرضه برق، گاز، بخاروآب گرم,58.4,زیر نظر,70,30,88.5,37,26080,20261010,-3.3,-1.4,20.9,-45.5,-2.2,3.1,40.5,49.7,0,0,false,14.3,3.39,above,-8.1,0.63,25440,27950,0.62,20.8,8.75,16.47,8.64,2382,10.95,10.04,9.1,25440,24998,27950,28390,1.73,بدون روند (ADX پایین) | نقدشوندگی کمتر از ۱۰ میلیارد تومان
سفاسی,شرکت فارسیت اهواز,سایر محصولات کانی غیرفلزی,58.4,زیر نظر,100,85,60.5,25,5490,20261010,4.8,11.1,96.4,30,9,20.6,72.5,77.1,4,0,true,50.3,3.69,above,-3.7,1.21,5160,,0,0.29,1.87,1.73,2.62,330,16.64,,,5288,5059,6097,6502,1.41,نقدشوندگی پایین | واگرایی منفی RSI | 72٪ بالای MA200 | واگرایی منفی | حد ضرر دور (7.9٪) | نقدشوندگی کمتر از ۱۰ میلیارد تومان
سغرب,سیمان‌غرب‌,سیمان، آهک و گچ,58.2,زیر نظر,88,80,6.3,57,8860,20261010,2.9,0.9,29.2,-37.3,6.4,8.4,22.3,64.1,0,0,true,18.8,3.16,above,-12.1,1.03,8670,8950,-6.59,-19.83,1.01,-5.01,8.26,1220,7.26,7.14,1.7,8670,8530,8950,10080,0.27,خروج مستمر پول حقیقی | نقدشوندگی کمتر از ۱۰ میلیارد تومان
قصفها,قنداصفهان‌,قند و شکر,58.2,زیر نظر,95,45,45.8,37,2429,20261010,4.4,-4.1,45.1,-21.3,3.3,10.9,65.7,60.3,3,0,false,27.4,3.2,above,-6.8,0.92,2253,2607,0.93,10.82,0.93,-3.75,12.64,264,9.2,9.8,-6.1,2351,2235,2607,2762,0.92,توزیع: ورود حقیقی با سرانه خرید ضعیف (0.70 در ۲۰ روز) | 66٪ بالای MA200 | حد ضرر دور (8.0٪)
سفانو,سیمان فارس نو,سیمان، آهک و گچ,58.1,زیر نظر,100,65,13.5,47,66280,20261010,10.2,5.5,53.4,-13,13.8,18.8,75.8,74.3,3,0,true,27.1,3.35,above,0,1.46,64480,,-19.04,-12.07,0.64,-41.9,14,8458,7.84,7.14,9.8,64480,63370,72940,77381,2.29,76٪ بالای MA200 | سرانه خرید ضعیف (0.64)
خکاوه,سایپا دیزل,خودرو و ساخت قطعات,58.1,زیر نظر,85,53,52.9,35,880,20261010,2.2,-4.3,56.9,-9.6,-1.5,1.6,26.5,50.5,1,0,false,22,3.66,above,-11.1,1.23,869,891,15.21,-6.25,1.4,-61.69,56.68,53,16.6,,,869,853,891,947,0.39,
بوعلی,پتروشیمی بوعلی سینا,محصولات شیمیایی,58,زیر نظر,100,60,14,50,68030,20261010,5,27.8,136.8,70.3,11.2,39.2,97.5,76.8,3,0,false,57.2,2.91,above,-0.1,0.62,66700,,-144.99,-485.12,1.32,-76.71,123.25,8261,8.24,9.63,-14.5,66700,65711,73965,77922,2.56,خروج مستمر پول حقیقی | رشد عمودی (137٪ در ۶۰ روز، 39٪ بالای MA50) | 97٪ بالای MA200 | شناوری کم (8٪)
ستران,سیمان‌ تهران‌,سیمان، آهک و گچ,58,زیر نظر,100,65,36,24,16630,20261010,9.4,7.5,43.7,-22.7,13.9,23,71.6,74.7,5,0,true,31.6,3.26,above,0,0.63,16070,,-22.79,-116.24,3.87,3.12,32.89,1902,8.74,7.14,22.5,16088,15799,18255,19339,1.96,خروج مستمر پول حقیقی | 72٪ بالای MA200
فهامون,آلیاژ گستر هامون,فلزات اساسی,58,زیر نظر,100,65,36,24,5600,20261010,18.4,15.5,29.3,-37.2,12.3,19.4,,71.4,4,0,true,23.3,3.44,above,-0.9,1.2,5540,,-13.41,-11.56,3.93,99.04,27.28,596,9.4,8.05,16.7,5540,5444,6178,6563,3.7,
حگردش,ریل گردش ایرانیان,حمل ونقل، انبارداری و ارتباطات,57.9,زیر نظر,73,45,68,40,2332,20261010,1.7,-2.2,21.2,-45.2,1.2,6.1,0.2,55.6,0,0,false,14.3,3.43,above,-30.9,0.93,2266,2405,1.49,3.77,1.24,3.48,4.63,68,34.29,,,2266,2226,2405,2514,0.69,بدون روند (ADX پایین) | P/E بالا (34) | نقدشوندگی کمتر از ۱۰ میلیارد تومان
کفرا,فراورده‌ های‌ نسوزایران‌,سایر محصولات کانی غیرفلزی,57.8,زیر نظر,100,85,33,10,5180,20261010,5.3,3.8,166.3,99.9,10.4,30.1,159.6,72.5,11,1,true,53.5,2.77,above,0,1.44,5095,,-12.73,-61.67,2.34,-66.36,31.33,,,12.75,,5095,5023,5610,5896,2.74,خروج مستمر پول حقیقی | بدون EPS مثبت | سهم صفی: 11 روز از ۲۰ روز در صف (ریسک نقدشوندگی و اجرای حد ضرر) | رشد عمودی (166٪ در ۶۰ روز، 30٪ بالای MA50) | 160٪ بالای MA200 | صف فروش در ۵ روز اخیر
رپویا,پویا,رایانه و فعالیت‌های وابسته به آن,57.8,زیر نظر,100,80,38,9,64280,20261010,8.9,20.7,54.2,-12.3,13.6,20.6,60.3,70,3,0,true,36.1,3.04,above,-2.8,0.91,61888,,-1.92,-15.19,7.34,14.96,8.32,5242,12.26,8.89,37.9,62328,60912,70135,74039,1.74,خروج مستمر پول حقیقی | 60٪ بالای MA200 | نقدشوندگی کمتر از ۱۰ میلیارد تومان
سشمال,سیمان‌ شمال‌,سیمان، آهک و گچ,57.7,زیر نظر,100,85,18.8,24,20970,20261010,8.1,18.5,68.6,2.2,11.8,22.6,66.7,77.5,2,0,true,31.3,2.89,above,0,1.06,19890,,-7.51,-19.59,1.51,-2.91,5.78,2297,9.13,7.14,27.9,20364,19587,22788,23999,1.31,خروج مستمر پول حقیقی | 67٪ بالای MA200 | نقدشوندگی کمتر از ۱۰ میلیارد تومان
خبرنا,تولیدی برنا باطری,خودرو و ساخت قطعات,57.5,زیر نظر,100,45,58.1,16,8910,20261010,-1.1,2.8,50.7,-15.7,4.5,15.2,35.6,61.4,0,0,false,37.1,3.19,above,-5.2,0.88,8590,9200,-6.06,65.72,1.4,24.59,26.04,1058,8.42,5.87,43.5,8626,8448,9200,9400,0.63,واگرایی منفی RSI | واگرایی منفی
سفارس,سیمان فارس و خوزستان,سیمان، آهک و گچ,57.5,زیر نظر,88,80,36.5,24,31510,20261010,9,6,34.9,-31.5,12.1,13.8,61.1,67.9,6,0,true,19.7,3.21,above,0,0.89,30900,,-26.8,14.49,2.8,-4.77,71.03,3912,8.05,7.14,12.8,30900,30395,34540,36560,2.72,سهم صفی: 6 روز از ۲۰ روز در صف (ریسک نقدشوندگی و اجرای حد ضرر) | توزیع: ورود حقیقی با سرانه خرید ضعیف (0.59 در ۲۰ روز) | 61٪ بالای MA200
فطلوع,طلوع فولاد پارس,فلزات اساسی,57.5,زیر نظر,100,70,34,20,7560,20261010,12.8,38,141.5,75,19.1,52.9,,89.1,15,0,true,75.2,2.73,above,-2.3,1.23,6320,,-3.49,-3.05,2.85,-36.02,23.51,34,222.35,,,7354,7147,8179,8592,1.5,اشباع خرید | فاصله زیاد از MA20 | سهم صفی: 15 روز از ۲۰ روز در صف (ریسک نقدشوندگی و اجرای حد ضرر) | رشد عمودی (141٪ در ۶۰ روز، 53٪ بالای MA50) | P/E بالا (222) | 306٪ بالای کف ۵۲ هفته
شیفته,کشت و صنعت شیفته آرای شرق,محصولات غذایی و آشامیدنی به جز قند و شکر,57.5,زیر نظر,100,70,38,16,16020,20261010,-1.6,9.2,55.7,-10.7,6.2,16.1,,63.9,1,0,true,53.1,3.37,above,-4.4,0.95,15100,,-18.65,-11.34,3.41,50.92,19.76,1559,10.28,7.05,45.8,15480,14830,17639,18719,1.36,حد ضرر دور (7.4٪)
سپیدار,سپیدار سیستم آسیا,رایانه و فعالیت‌های وابسته به آن,57.5,زیر نظر,100,80,37,9,10700,20261010,2.1,6.7,36.2,-30.2,5.1,14.1,50.6,63.7,1,0,true,31,2.83,above,-1,0.57,10170,,-4.48,-10.22,3.99,8.85,6.1,830,12.89,8.89,45,10397,10019,11608,12213,1.33,خروج مستمر پول حقیقی | 51٪ بالای MA200 | نقدشوندگی کمتر از ۱۰ میلیارد تومان
ختور,رادیاتور ایران‌,خودرو و ساخت قطعات,57.5,زیر نظر,100,60,19.9,42,4680,20261010,4,33.7,87,20.6,13.5,41.9,114.3,81.4,3,0,true,73.7,3.14,above,-3.5,0.84,3720,,-34.08,-52.59,1.48,-13.87,37.22,715,6.55,,,4533,4386,5120,5414,1.5,واگرایی منفی RSI | اشباع خرید | خروج مستمر پول حقیقی | رشد عمودی (87٪ در ۶۰ روز، 42٪ بالای MA50) | 114٪ بالای MA200 | واگرایی منفی
تایرا,تراکتورسازی‌ایران‌,ماشین آلات و تجهیزات,57.4,زیر نظر,100,65,2.6,55,3650,20261010,3.7,15.9,46.2,-20.2,10.2,21.3,57.8,75.6,2,0,true,38.8,3.39,above,-1.9,1.01,3380,,-18.31,-49.02,0.82,-14,16.5,754,4.84,5.15,-6,3526,3340,4022,4269,1.2,واگرایی منفی RSI | خروج مستمر پول حقیقی | 58٪ بالای MA200 | واگرایی منفی | حد ضرر دور (8.5٪)
وتوسم,سرمایه‌گذاری‌توسعه‌ملی‌,سرمایه گذاریها,57.4,زیر نظر,100,75,2.5,47,4590,20261010,5.3,7.5,90.6,24.2,2.8,22.7,81,65.8,0,0,false,49.3,3.06,above,-3.2,0.76,4402,4650,-1.19,-11.44,0.77,-6.45,8.67,591,7.77,7.13,8.9,4449,4332,4650,4740,0.23,خروج مستمر پول حقیقی | 81٪ بالای MA200 | سرانه خرید ضعیف (0.77) | نقدشوندگی کمتر از ۱۰ میلیارد تومان | شناوری کم (12٪)
وبملت,بانک ملت,بانکها و موسسات اعتباری,57.3,زیر نظر,83,55,5.6,80,1526,20261010,2.4,0.7,21.6,-44.8,1.5,7.4,42.5,57.1,2,0,false,14.3,3.08,above,-5.9,0.95,1458,1611,-430.84,-2366.54,0.96,-905.96,1085.06,454,3.36,5.4,-37.8,1479,1434,1611,1705,0.92,خروج مستمر پول حقیقی | بدون روند (ADX پایین)
سخزر,سیمان‌ خزر,سیمان، آهک و گچ,57.3,زیر نظر,100,85,17.2,24,7480,20261010,5.8,9.5,72,5.5,12,22.1,64.8,72.2,4,0,true,32.3,3.14,above,-0.7,0.98,7280,,-24.39,-74.39,1.41,-11.99,18.33,822,9.1,7.14,27.4,7280,7163,8184,8653,2.22,خروج مستمر پول حقیقی | 65٪ بالای MA200
سصوفی,سیمان‌ صوفیان‌,سیمان، آهک و گچ,57.3,زیر نظر,83,80,5.5,60,176800,20261010,6.2,0.7,22.4,-44.1,5.1,6.2,31,59.5,2,0,true,12.4,3.12,above,-7.4,0.97,174600,181000,-61.69,-34.25,0.98,-66.49,54.17,30922,5.72,7.14,-19.9,174600,171839,181000,191000,0.85,بدون روند (ADX پایین)
اتکای,بیمه اتکایی ایرانیان,بیمه وصندوق بازنشستگی به جزتامین اجتماعی,57.3,زیر نظر,100,45,1,72,3610,20261010,5.2,28.2,115.8,49.4,9.1,30.8,92.3,89.9,0,0,false,74.1,3.03,above,-1.9,0.38,2936,,-9.65,-40.19,0.73,-8.82,9.61,612,5.9,18.13,-67.5,3501,3391,3938,4156,1.5,اشباع خرید | خروج مستمر پول حقیقی | رشد عمودی (116٪ در ۶۰ روز، 31٪ بالای MA50) | 92٪ بالای MA200 | سرانه خرید ضعیف (0.73) | نقدشوندگی کمتر از ۱۰ میلیارد تومان
حیات,بیمه زندگی مفید,بیمه وصندوق بازنشستگی به جزتامین اجتماعی,57.3,زیر نظر,100,35,61,20,10110,20261010,5.2,36.6,282,215.6,13.5,49.9,,99.9,18,0,false,98.9,2.43,above,-1.6,0.27,2530,,-1.31,18.21,2.12,3.01,5.31,327,30.92,,,9864,9619,10847,11338,1.5,اشباع خرید | سهم صفی: 18 روز از ۲۰ روز در صف (ریسک نقدشوندگی و اجرای حد ضرر) | رشد عمودی (282٪ در ۶۰ روز، 50٪ بالای MA50) | P/E بالا (31) | 641٪ بالای کف ۵۲ هفته | نقدشوندگی کمتر از ۱۰ میلیارد تومان
ساراب,سیمان‌ داراب‌,سیمان، آهک و گچ,57.2,زیر نظر,85,45,34,57,18330,20261010,-0.3,-5,55,-11.4,-1.9,7.4,46.3,55.4,5,0,false,28.8,2.86,above,-13,0.55,17858,18738,1.25,-22.9,1.02,-0.96,4.34,2361,7.76,7.14,8.7,17858,17596,18738,21073,0.56,خروج مستمر پول حقیقی | نقدشوندگی کمتر از ۱۰ میلیارد تومان
سآبیک,سیمان آبیک,سیمان، آهک و گچ,57.2,زیر نظر,100,65,33,24,85260,20261010,11,7.5,54.7,-11.7,12.4,15.8,59,71.2,3,0,true,24,3.09,above,0,0.97,82850,,-24.3,-46.73,1.52,1.65,13.7,10205,8.35,7.14,17,82850,81532,93170,98444,2.12,خروج مستمر پول حقیقی | 59٪ بالای MA200
دارو,کارخانجات‌داروپخش‌,مواد و محصولات دارویی,57.2,زیر نظر,100,75,18.9,30,10350,20261010,4.4,23.5,91.7,25.3,15.8,23.4,152.4,74.4,9,0,true,45.7,3.21,above,-2.6,2.27,9400,,-151.75,-94.5,1.02,-413.34,92.53,841,12.31,12.91,-4.7,10018,9520,11346,12011,1.2,فاصله زیاد از MA20 | خروج مستمر پول حقیقی | سهم صفی: 9 روز از ۲۰ روز در صف (ریسک نقدشوندگی و اجرای حد ضرر) | 152٪ بالای MA200 | حد ضرر دور (8.0٪) | شناوری کم (13٪)
وفتخار,سرمایه گذاری افتخار سهام,سرمایه گذاریها,57.1,زیر نظر,100,45,22.6,50,2114,20261010,1.3,23.6,50.2,-16.2,4.7,22.2,38.6,65.6,5,0,false,52.8,3.47,above,-7.3,0.74,2078,,-0.71,0.34,1.04,-0.25,5.55,531,3.98,,,2078,2041,2334,2481,3.03,توزیع: ورود حقیقی با سرانه خرید ضعیف (0.86 در ۲۰ روز) | نقدشوندگی کمتر از ۱۰ میلیارد تومان
بهامرز,بیمه زندگی هامرز,بیمه وصندوق بازنشستگی به جزتامین اجتماعی,57.1,زیر نظر,100,70,32.5,20,9800,20261010,15.6,64.4,199.6,133.2,27,71.2,184,98.1,17,0,true,83.2,2.41,above,0,0.64,6600,,-0.84,3.67,1.02,-3.06,3.29,253,38.74,,,9563,9327,10510,10983,1.5,اشباع خرید | فاصله زیاد از MA20 | سهم صفی: 17 روز از ۲۰ روز در صف (ریسک نقدشوندگی و اجرای حد ضرر) | رشد عمودی (200٪ در ۶۰ روز، 71٪ بالای MA50) | P/E بالا (39) | 184٪ بالای MA200 | نقدشوندگی کمتر از ۱۰ میلیارد تومان
فاذر,صنایع‌ آذرآب‌,ساخت محصولات فلزی,57.1,زیر نظر,100,85,36.5,4,2017,20261010,15.7,25.3,126.9,60.5,18.4,32,89.7,79.6,11,0,true,36.1,2.8,above,0,0.56,1796,,-4.57,-25.15,3.79,50.95,32.99,60,33.62,7.54,345.8,1961,1904,2186,2299,1.5,اشباع خرید | فاصله زیاد از MA20 | سهم صفی: 11 روز از ۲۰ روز در صف (ریسک نقدشوندگی و اجرای حد ضرر) | رشد عمودی (127٪ در ۶۰ روز، 32٪ بالای MA50) | P/E بالا (34) | 90٪ بالای MA200
زگلدشت,کشت و دام گلدشت نمونه اصفهان,زراعت و خدمات وابسته,57.1,زیر نظر,100,80,20.4,24,11720,20261010,4.1,11.2,40,-26.4,7.6,11.8,78.4,65.1,3,0,true,27.8,3.42,above,-3.1,0.81,11265,,-6.2,5.52,0.92,-5.1,19.6,1225,9.57,8.07,18.6,11319,11065,12922,13724,1.83,توزیع: ورود حقیقی با سرانه خرید ضعیف (0.83 در ۲۰ روز) | 78٪ بالای MA200
شصدف,صنعتی دوده فام,محصولات شیمیایی,57.1,زیر نظر,85,63,5.9,70,17750,20261010,0.6,1.4,59.5,-6.9,-0.8,7.3,45.5,53.7,1,0,false,35.3,3.52,above,-10.1,1.02,17140,18400,-15.16,-59.78,0.98,-8.4,31.56,2572,6.9,8.01,-13.8,17140,16828,18400,18860,0.7,خروج مستمر پول حقیقی
سغدیر,توسعه سرمایه و صنعت غدیر,سیمان، آهک و گچ,57,زیر نظر,100,78,29.8,16,25000,20261010,1.6,-0.9,58.3,-8.1,5.7,14.1,59.4,62.8,0,0,true,25.6,3.41,above,-6.4,1.36,24620,26720,-9.66,14.88,0.87,-13.03,19.07,2624,9.53,6.69,42.4,24620,24194,26720,28424,2.13,توزیع: ورود حقیقی با سرانه خرید ضعیف (0.78 در ۲۰ روز) | 59٪ بالای MA200
فجام,جام‌دارو,ساخت محصولات فلزی,57,زیر نظر,100,65,32.2,24,19430,20261010,-2.7,2.6,91.6,25.2,4.5,16.3,98.1,61.9,3,0,false,36.3,3.24,above,-3.8,1.05,19080,20200,-0.9,10.83,0.97,-3.87,6.89,2172,8.95,7.54,18.6,19080,18765,20200,21460,1.16,واگرایی منفی RSI | توزیع: ورود حقیقی با سرانه خرید ضعیف (0.86 در ۲۰ روز) | 98٪ بالای MA200 | واگرایی منفی | نقدشوندگی کمتر از ۱۰ میلیارد تومان
دسینا,داروسازی‌ سینا,مواد و محصولات دارویی,57,زیر نظر,100,70,2,50,97900,20261010,-2.6,8.9,51.7,-14.7,6.9,14.4,81,61.1,7,0,true,32.6,2.97,above,-3.5,1,95230,101430,-33.89,-33.69,0.33,-37.02,11.35,9289,10.54,12.91,-18.4,95230,93775,101430,107249,0.86,خروج مستمر پول حقیقی | سهم صفی: 7 روز از ۲۰ روز در صف (ریسک نقدشوندگی و اجرای حد ضرر) | 81٪ بالای MA200 | سرانه خرید ضعیف (0.33)
خبنیان,بنیان دیزل,خودرو و ساخت قطعات,57,زیر نظر,85,45,59.9,30,1849,20261010,0.1,-5.7,24.5,-41.9,2,8.8,7.5,56.8,2,0,false,20,3.34,above,-24.6,1.03,1816,1878,2.01,14.31,1.08,-0.31,12.43,10,184.9,,,1816,1785,1878,1910,0.44,P/E بالا (185)
امین,تامین سرمایه امین,فعالیتهای کمکی به نهادهای مالی واسط,56.9,زیر نظر,100,80,36.5,47,2877,20261010,1.4,8.1,31.9,-34.5,3.4,11,35.5,66.9,0,0,true,26.8,2.6,above,-0.3,1.14,2774,,-0.69,-10.27,10.17,6.8,2.08,469,6.13,5.92,3.6,2802,2736,3101,3251,1.59,نقدشوندگی پایین | واگرایی منفی RSI | خروج مستمر پول حقیقی | واگرایی منفی | نقدشوندگی کمتر از ۱۰ میلیارد تومان | شناوری کم (10٪)
ملت,بیمه ملت,بیمه وصندوق بازنشستگی به جزتامین اجتماعی,56.9,زیر نظر,100,70,62.4,9,7120,20261007,14.9,71.6,193.8,127.4,28.2,72.6,111.1,98.8,13,0,true,89.2,2.29,above,0,1.11,4249,,1.18,-1.51,1.58,4,5.5,417,17.07,4.59,272,6957,6794,7609,7935,1.5,اشباع خرید | فاصله زیاد از MA20 | سهم صفی: 13 روز از ۲۰ روز در صف (ریسک نقدشوندگی و اجرای حد ضرر) | رشد عمودی (194٪ در ۶۰ روز، 73٪ بالای MA50) | 111٪ بالای MA200 | نقدشوندگی کمتر از ۱۰ میلیارد تومان | آخرین معامله 20261007 (متوقف یا کم‌معامله)
کوثر,بیمه کوثر,بیمه وصندوق بازنشستگی به جزتامین اجتماعی,56.8,زیر نظر,90,55,61.3,14,1905,20261010,3.3,0.4,22.8,-43.6,3.7,13.3,10.6,62,0,0,false,29.7,3.27,above,-16.4,0.92,1875,1928,16.09,-8.86,1.51,22.92,20.22,53,35.94,18.13,98.3,1875,1844,1928,1975,0.38,P/E بالا (36)
تکمبا,کمباین‌ سازی‌ ایران‌,ماشین آلات و تجهیزات,56.8,زیر نظر,85,55,55.3,26,8720,20261010,1.4,1.9,31.1,-35.3,-0.4,8.7,36.8,56.4,4,0,false,36.9,3.61,above,-11.8,0.77,8600,8850,0.34,-2.37,1.33,2.21,4.75,809,10.78,5.15,109.3,8600,8443,8850,9890,0.47,نقدشوندگی کمتر از ۱۰ میلیارد تومان
زبینا,کشاورزی و دامپروری بینالود,زراعت و خدمات وابسته,56.7,زیر نظر,100,80,5.9,37,16060,20261010,1.7,5.7,36.1,-30.3,9.1,15.7,94.4,66.5,4,0,true,29.7,3.26,above,-0.7,0.83,15650,,-4.95,-8,0.96,-14.66,20.84,1911,8.4,8.07,4.1,15650,15388,17633,18681,2.34,94٪ بالای MA200
کقزوی,شیشه‌ قزوین‌,سایر محصولات کانی غیرفلزی,56.7,زیر نظر,95,45,66.9,10,826,20261010,1.6,-1.1,54.7,-11.7,0.5,8.2,36.4,56.3,0,0,false,25.4,3.46,above,-10.2,1.2,801,841,2.15,1.7,1.16,5.3,5.37,,,,,801,787,841,856,0.39,بدون EPS مثبت | نقدشوندگی کمتر از ۱۰ میلیارد تومان
رکیش,کارت اعتباری ایران کیش,رایانه و فعالیت‌های وابسته به آن,56.7,زیر نظر,95,45,46.8,30,2650,20261010,0.5,-6.2,48.7,-17.7,2.6,6,44.2,56.6,1,0,false,24.5,3.48,above,-8.8,0.96,2554,2781,1.61,1.1,0.93,-1.69,3.86,141,18.79,18.19,3.3,2558,2508,2781,2906,0.92,توزیع: ورود حقیقی با سرانه خرید ضعیف (0.74 در ۲۰ روز) | نقدشوندگی کمتر از ۱۰ میلیارد تومان
خصدرا,صنعتی‌ دریایی‌ ایران‌,پیمانکاری صنعتی,56.6,زیر نظر,90,65,61.5,25,2757,20261005,10.2,19.9,30.6,-35.9,19.8,33.1,19.5,74,17,0,true,34.4,3.16,above,-8.7,2.47,2697,3021,-5.89,3.61,3.3,38.12,10.41,191,14.43,,,2697,2653,3021,3195,2.54,واگرایی منفی RSI | فاصله زیاد از MA20 | سهم صفی: 17 روز از ۲۰ روز در صف (ریسک نقدشوندگی و اجرای حد ضرر) | رشد عمودی (31٪ در ۶۰ روز، 33٪ بالای MA50) | واگرایی منفی | آخرین معامله 20261005 (متوقف یا کم‌معامله)
وآذر,سرمایه‌گذاری‌توسعه‌آذربایجان‌,انبوه سازی، املاک و مستغلات,56.5,زیر نظر,100,73,37.5,10,8090,20261010,8.2,12.4,60.2,-6.2,10.6,22.5,67.6,72,1,0,true,25.4,3.34,above,-0.2,0.91,7850,,-4.91,-17.64,1.84,15.32,11.69,,,6.61,,7850,7715,8900,9440,2.16,واگرایی منفی RSI | خروج مستمر پول حقیقی | بدون EPS مثبت | 68٪ بالای MA200 | واگرایی منفی
خفنر,فنرسازی‌خاور,خودرو و ساخت قطعات,56.5,زیر نظر,75,45,64.9,35,2508,20261010,4.2,-0.1,26.8,-39.6,3,5.4,51.6,56.5,3,0,false,20.9,3.73,above,-14.3,0.62,2385,2631,1.15,3.89,1.08,1.64,10.81,130,19.29,,,2414,2338,2631,2926,0.72,توزیع: ورود حقیقی با سرانه خرید ضعیف (0.76 در ۲۰ روز) | 52٪ بالای MA200
غکورش,صنعت غذایی کورش,محصولات غذایی و آشامیدنی به جز قند و شکر,56.4,زیر نظر,100,65,29.5,24,28610,20261010,-4.4,8.1,73.9,7.5,4.4,21.3,145.8,62.5,4,0,false,52.4,3.29,above,-7.2,1.28,27890,30830,62.04,-97.7,0.52,-237.9,99.17,2993,9.56,8.53,12.1,27890,27420,30830,32711,1.87,146٪ بالای MA200 | سرانه خرید ضعیف (0.52) | شناوری کم (14٪)
غبهنوش,بهنوش‌ ایران‌,محصولات غذایی و آشامیدنی به جز قند و شکر,56.4,زیر نظر,100,50,61.5,4,103500,20261010,14.5,36.8,29.2,-37.3,22.4,28.2,42.7,81.3,5,0,true,34.2,2.81,above,0,0.62,100805,,0.56,-30.45,10.47,16.53,16.87,1714,60.39,8.53,607.9,100805,99351,112222,118037,2.1,اشباع خرید | فاصله زیاد از MA20 | خروج مستمر پول حقیقی | P/E بالا (60)
وحکمت,بیمه حکمت صبا,بیمه وصندوق بازنشستگی به جزتامین اجتماعی,56.4,زیر نظر,100,45,37.5,32,1594,20261010,-4.9,3.4,30.2,-36.2,1.3,8.1,25.7,54.3,1,0,false,27.8,3.73,above,-9.3,0.85,1560,1758,-11.23,-1.6,2.03,12,11.11,199,8.01,,,1560,1530,1758,1877,2.57,
غپاک,لبنیات‌ پاک‌,محصولات غذایی و آشامیدنی به جز قند و شکر,56.2,زیر نظر,100,58,54.5,4,2730,20261010,10.3,20.8,65.6,-0.9,14.2,34.2,79.7,80.5,6,0,true,41.8,3.18,above,-1.9,0.93,2550,,2.71,26.64,0.77,-16.57,14.34,97,28.14,8.53,229.9,2643,2513,2991,3164,1.2,اشباع خرید | سهم صفی: 6 روز از ۲۰ روز در صف (ریسک نقدشوندگی و اجرای حد ضرر) | رشد عمودی (66٪ در ۶۰ روز، 34٪ بالای MA50) | توزیع: ورود حقیقی با سرانه خرید ضعیف (0.72 در ۲۰ روز) | 80٪ بالای MA200 | سرانه خرید ضعیف (0.77) | حد ضرر دور (8.0٪)
تاپکیش,تجارت الکترونیک پارسیان کیش,رایانه و فعالیت‌های وابسته به آن,56.2,زیر نظر,61,70,81.5,14,2732,20261010,7.5,-1.4,16.2,-50.2,6.3,-0.8,51.5,56.5,3,1,true,20.3,3.36,inside,-17.6,1.11,2676,2856,2.22,21.9,1.28,11.24,12.85,96,28.46,8.89,220.1,2676,2630,2856,2933,1.21,توزیع: ورود حقیقی با سرانه خرید ضعیف (0.82 در ۲۰ روز) | 51٪ بالای MA200 | صف فروش در ۵ روز اخیر
کمرجان,بازرگانی و تولیدی مرجان کار,سایر محصولات کانی غیرفلزی,56.1,زیر نظر,100,55,51.5,9,4750,20261010,3.5,4.9,16.3,-50.1,1.2,10,37.9,57.8,2,0,false,25.4,3.2,above,-9.8,0.68,4630,5180,0.32,-13.26,1.16,1.02,7.47,299,15.89,10.33,53.8,4630,4554,5180,5268,2.2,خروج مستمر پول حقیقی | نقدشوندگی کمتر از ۱۰ میلیارد تومان
شپاکسا,پاکسان‌,محصولات شیمیایی,56.1,زیر نظر,100,65,2.5,50,2775,20261010,-6.4,4.1,87.5,21,0.3,11.8,87.7,55.6,5,0,false,37.2,3.22,above,-6.8,0.91,2700,2960,-26.12,-22.81,0.59,-59.62,37.39,327,8.49,9.63,-11.9,2700,2655,2960,3138,1.54,واگرایی منفی RSI | 88٪ بالای MA200 | سرانه خرید ضعیف (0.59) | واگرایی منفی
وبرق,س.کارکنان صنعت برق زنجان وقزوی,سرمایه گذاریها,56.1,زیر نظر,85,65,35.5,35,63730,20261010,2.8,-0.7,121.1,54.7,-1.1,15.5,80.7,57.6,8,1,false,46.2,3.46,above,-13.9,0.77,61600,65310,-0.06,-3.39,3.54,11.01,13.48,4946,12.89,,,61600,60496,65310,74000,0.49,سهم صفی: 8 روز از ۲۰ روز در صف (ریسک نقدشوندگی و اجرای حد ضرر) | رشد عمودی (121٪ در ۶۰ روز، 16٪ بالای MA50) | 81٪ بالای MA200 | صف فروش در ۵ روز اخیر
ما,بیمه  ما,بیمه وصندوق بازنشستگی به جزتامین اجتماعی,56.1,زیر نظر,100,53,28.1,34,3920,20261010,8,-1.3,56.5,-9.9,1.8,11.3,52.8,59.5,2,0,false,35.2,2.97,above,-5.1,0.58,3760,4130,-2.81,-19.78,1.26,0.8,4.32,755,5.19,4.59,13.1,3803,3702,4130,4363,0.96,خروج مستمر پول حقیقی | 53٪ بالای MA200 | نقدشوندگی کمتر از ۱۰ میلیارد تومان
سیمرغ,سیمرغ,زراعت و خدمات وابسته,56,زیر نظر,85,75,36.1,26,5470,20261010,4.2,0.6,76.3,9.9,-1.5,13.9,92.7,57.1,4,0,false,43.7,3.28,above,-12.8,1.15,5240,6270,3.21,-56.18,1.14,-10.02,21.13,513,10.66,6.33,68.4,5291,5150,6270,6629,2.5,واگرایی منفی RSI | خروج مستمر پول حقیقی | 93٪ بالای MA200 | واگرایی منفی
پلوله,گازلوله‌,لاستیک و پلاستیک,56,زیر نظر,100,70,88,20,11860,20261003,13.7,62.5,163.3,96.9,24.4,59.5,128.2,97.4,20,0,true,79,2.27,above,0,0.36,6800,,0.6,7.79,2.53,1.27,1.83,517,22.94,,,11590,11321,12669,13208,1.5,نقدشوندگی پایین | اشباع خرید | فاصله زیاد از MA20 | سهم صفی: 20 روز از ۲۰ روز در صف (ریسک نقدشوندگی و اجرای حد ضرر) | رشد عمودی (163٪ در ۶۰ روز، 59٪ بالای MA50) | 128٪ بالای MA200 | نقدشوندگی کمتر از ۱۰ میلیارد تومان | آخرین معامله 20261003 (متوقف یا کم‌معامله)
گدنا,تهیه توزیع غذای دنا آفرین فدک,هتل و رستوران,55.9,زیر نظر,95,45,37.5,36,7040,20261010,5.4,-5.8,33.5,-32.9,0.9,6.8,30.6,56,2,0,false,23.8,3.23,above,-10.9,1,6515,7190,-2.23,-24.56,3.34,50.71,16.89,1145,6.15,4.69,31.1,6812,6471,7190,7900,0.26,خروج مستمر پول حقیقی | حد ضرر دور (8.1٪)
شکربن,کربن‌ ایران‌,محصولات شیمیایی,55.8,زیر نظر,100,60,5.4,50,12460,20261010,9.4,41,83.6,17.2,19,37.5,89.5,87.1,3,0,true,61.6,2.97,above,-3,0.76,8940,,-4.21,-37.12,0.92,-15.4,31.3,1486,8.38,9.63,-12.9,12090,11719,13571,14311,1.5,واگرایی منفی RSI | اشباع خرید | فاصله زیاد از MA20 | خروج مستمر پول حقیقی | رشد عمودی (84٪ در ۶۰ روز، 38٪ بالای MA50) | 90٪ بالای MA200 | واگرایی منفی
آواپارس,بیمه اتکایی آوای پارس,بیمه وصندوق بازنشستگی به جزتامین اجتماعی,55.8,زیر نظر,100,70,37,50,5687,20261010,531.3,716.5,1089.2,1022.8,434.6,646.5,1250.8,99.9,19,0,true,89.7,6.4,above,-1.9,0.97,503,,-1.73,-0.14,4.78,0.25,1.13,1471,3.87,,,5323,5005,6779,7506,1.6,نقدشوندگی پایین | اشباع خرید | فاصله زیاد از MA20 | سهم صفی: 19 روز از ۲۰ روز در صف (ریسک نقدشوندگی و اجرای حد ضرر) | رشد عمودی (1089٪ در ۶۰ روز، 647٪ بالای MA50) | 1251٪ بالای MA200 | حد ضرر دور (12.0٪) | نقدشوندگی کمتر از ۱۰ میلیارد تومان
تادیکو,س.کشت ودام صنایع لبنی تامین,زراعت و خدمات وابسته,55.7,زیر نظر,73,80,62,9,8010,20261010,4.3,8,-4.5,-71,4.8,9.7,,62.2,0,0,true,15.2,3.13,,-7.1,0.72,7490,8624,3.77,-39.19,5.92,61.14,24.9,546,14.67,6.33,131.8,7759,7383,8624,9126,0.98,خروج مستمر پول حقیقی | حد ضرر دور (7.8٪) | شناوری کم (6٪)
دماوند,تولید نیروی برق دماوند,عرضه برق، گاز، بخاروآب گرم,55.6,زیر نظر,95,45,35.5,37,13690,20261010,4.4,-2.4,18.9,-47.5,1.3,7.2,44.1,57.6,1,0,false,22.1,2.84,above,-6.6,0.74,13040,14650,-14.86,-23.18,1.56,7.05,17.58,1503,9.11,10.04,-9.3,13301,12845,14650,15428,1.14,خروج مستمر پول حقیقی
فاهواز,نورد و لوله اهواز,فلزات اساسی,55.6,زیر نظر,100,50,60.5,42,7570,20261010,2.9,2.6,17.1,-49.3,2.7,5.1,14.1,80.6,7,1,true,25.1,1.24,above,-3.1,0.29,7219,7814,0.38,-0.43,11.08,2.49,2.66,1119,6.76,,,7476,7382,7814,8002,1.29,نقدشوندگی پایین | اشباع خرید | سهم صفی: 7 روز از ۲۰ روز در صف (ریسک نقدشوندگی و اجرای حد ضرر) | نقدشوندگی کمتر از ۱۰ میلیارد تومان | صف فروش در ۵ روز اخیر
والماس,س. الماس حکمت ایرانیان,سرمایه گذاریها,55.6,زیر نظر,100,53,0,60,2966,20261010,-1.7,16.4,56.5,-9.9,1.4,17.1,68.4,60.7,8,0,false,44.5,3.28,above,-8,0.57,2811,3079,-9.19,-9.43,0.64,-10.19,11.96,462,6.42,8.73,-26.5,2869,2762,3079,3222,0.56,سهم صفی: 8 روز از ۲۰ روز در صف (ریسک نقدشوندگی و اجرای حد ضرر) | 68٪ بالای MA200 | سرانه خرید ضعیف (0.64)
وهنر,گروه توسعه هنر ایران,فعالیت های هنری، سرگرمی و خلاقانه,55.5,زیر نظر,75,80,58.1,10,4890,20261010,1.7,10.1,43.4,-23,4.2,15,-19.6,63,0,0,true,29.1,3.71,above,-50.7,0.68,4430,4980,0.47,-9.52,1.44,3.23,4.04,,,,,4709,4437,4980,7220,0.2,واگرایی منفی RSI | خروج مستمر پول حقیقی | بدون EPS مثبت | واگرایی منفی | حد ضرر دور (9.3٪) | نقدشوندگی کمتر از ۱۰ میلیارد تومان
سبزوا,سیمان لار سبزوار,سیمان، آهک و گچ,55.5,زیر نظر,100,45,62,4,14360,20261010,10.3,38.6,102.8,36.4,12.6,40.2,103.3,80.2,8,0,false,62.2,2.85,above,0,0.62,14160,,2.66,-20.47,3.5,31.01,25.78,615,23.35,6.69,249,14160,13955,15589,16409,3.04,اشباع خرید | سهم صفی: 8 روز از ۲۰ روز در صف (ریسک نقدشوندگی و اجرای حد ضرر) | رشد عمودی (103٪ در ۶۰ روز، 40٪ بالای MA50) | 103٪ بالای MA200
شکام,صنایع شیمیایی کیمیاگران امروز,محصولات شیمیایی,55.4,زیر نظر,100,70,29.5,16,13160,20261010,11.1,22.8,134.4,68,19.5,40.7,176.1,85.6,8,0,true,45.7,3.03,above,-0.2,0.97,11080,,44.62,-91.29,0.82,-88.16,74.41,1258,10.46,8.01,30.6,12761,12361,14358,15156,1.5,اشباع خرید | فاصله زیاد از MA20 | خروج مستمر پول حقیقی | سهم صفی: 8 روز از ۲۰ روز در صف (ریسک نقدشوندگی و اجرای حد ضرر) | رشد عمودی (134٪ در ۶۰ روز، 41٪ بالای MA50) | 176٪ بالای MA200
زکوثر,سرمایه گذاری کشاورزی کوثر,زراعت و خدمات وابسته,55.4,زیر نظر,100,70,36.5,9,106200,20261010,14.5,20.7,121.2,54.8,19,31.6,127,80.8,6,0,true,40.8,2.9,above,-0.3,0.89,90345,,-21.75,-112.4,8.62,11.76,26,6364,16.69,6.33,163.6,103117,100034,115448,121614,1.5,واگرایی منفی RSI | اشباع خرید | فاصله زیاد از MA20 | خروج مستمر پول حقیقی | سهم صفی: 6 روز از ۲۰ روز در صف (ریسک نقدشوندگی و اجرای حد ضرر) | رشد عمودی (121٪ در ۶۰ روز، 32٪ بالای MA50) | 127٪ بالای MA200 | واگرایی منفی
پاکشو,گروه صنعتی پاکشو,محصولات شیمیایی,55.4,زیر نظر,100,75,32.5,9,14510,20261010,6.1,24.9,84.2,17.8,13.2,26.4,118,75.4,8,0,true,39.8,3.13,above,-2.4,1.16,12800,,-2.81,19.85,1,-13.07,11.64,1090,13.31,9.63,38.2,14056,13602,15872,16780,1.5,واگرایی منفی RSI | سهم صفی: 8 روز از ۲۰ روز در صف (ریسک نقدشوندگی و اجرای حد ضرر) | 118٪ بالای MA200 | واگرایی منفی | شناوری کم (10٪)
سپاها,سیمان‌سپاهان‌,سیمان، آهک و گچ,55.3,زیر نظر,100,80,21.1,16,22870,20261010,3.4,5.5,45.4,-21,10.2,15.4,64.1,66.3,4,0,true,22.7,3.06,above,0,1.16,22450,,-24.52,-10.25,1.58,-16.26,24.3,2433,9.4,7.14,31.7,22450,22100,24971,26372,2.73,64٪ بالای MA200
غزر,صنعتی زر ماکارون,محصولات غذایی و آشامیدنی به جز قند و شکر,55.3,زیر نظر,100,75,4.1,37,5640,20261010,2.4,18,88.7,22.3,8.3,27.9,117.1,72.7,5,0,true,55.4,2.86,above,-0.5,1,5370,,-92.16,-189.74,0.9,-39.45,96.47,620,9.1,8.53,6.6,5479,5289,6123,6446,1.38,واگرایی منفی RSI | خروج مستمر پول حقیقی | 117٪ بالای MA200 | واگرایی منفی
انتخاب,گروه انتخاب الکترونیک آرمان,ماشین آلات و تجهیزات,55.3,زیر نظر,100,60,36,37,2650,20261007,7.5,7.4,92.9,26.5,7.4,27,107.2,72.3,2,0,false,52.3,3.17,above,-0.3,1.09,2547,,-25.24,-173.22,2.79,8.29,55.1,271,9.78,9.66,1.2,2566,2505,2902,3070,1.74,خروج مستمر پول حقیقی | 107٪ بالای MA200 | آخرین معامله 20261007 (متوقف یا کم‌معامله)
وبیمه,سرمایه‌ گذاری‌ صنعت‌ بیمه‌,سرمایه گذاریها,55.3,زیر نظر,85,65,48,19,3017,20261010,-1.1,-0.9,90.6,24.2,-4.3,14.8,83.8,54.8,7,1,false,44.6,3.3,above,-14.3,0.68,2106,,1.33,-0.87,1.61,-2.79,9.48,188,16.05,7.13,125.1,2917,2818,3316,3515,1.5,سهم صفی: 7 روز از ۲۰ روز در صف (ریسک نقدشوندگی و اجرای حد ضرر) | 84٪ بالای MA200 | نقدشوندگی کمتر از ۱۰ میلیارد تومان | شناوری کم (12٪) | صف فروش در ۵ روز اخیر
وسین,بیمه سینا,بیمه وصندوق بازنشستگی به جزتامین اجتماعی,55.3,زیر نظر,100,60,63,10,3720,20260927,9.1,53.8,181.6,115.2,18,74.6,146.4,86.5,11,1,true,85.7,2.68,above,-2.6,0.7,2119,,15.66,-0.52,4.71,10.01,15.28,,,,,3620,3520,4020,4219,1.5,اشباع خرید | فاصله زیاد از MA20 | بدون EPS مثبت | سهم صفی: 11 روز از ۲۰ روز در صف (ریسک نقدشوندگی و اجرای حد ضرر) | رشد عمودی (182٪ در ۶۰ روز، 75٪ بالای MA50) | 146٪ بالای MA200 | صف فروش در ۵ روز اخیر | آخرین معامله 20260927 (متوقف یا کم‌معامله)
خبازرس,بازرسی مهندسی و صنعتی ایران,فعالیت مهندسی، تجزیه، تحلیل و آزمایش فنی,55.3,زیر نظر,95,100,35,32,33020,20261010,12.3,5.7,88.5,22.1,8.9,18.8,91.4,69,2,0,true,35,3.57,above,-3.2,1.03,31930,34102,-1.1,-2.35,2.05,1.37,0.95,2944,11.22,,,31930,31340,34102,36459,0.64,نقدشوندگی پایین | خروج مستمر پول حقیقی | 91٪ بالای MA200 | نقدشوندگی کمتر از ۱۰ میلیارد تومان
کرومیت,توسعه معادن کرومیت کاوندگان,استخراج کانه های فلزی,55.1,زیر نظر,100,55,52.5,4,5670,20261010,2.9,9.9,44.6,-21.8,2.7,20.1,38,64.6,3,0,false,34.4,3.13,above,-4.7,0.46,5200,5950,-3.25,12.32,1.63,10.74,23.45,198,28.64,14.44,98.3,5493,5226,5950,6305,0.63,حد ضرر دور (7.8٪)
رایا,بیمه اتکایی رایا,بیمه وصندوق بازنشستگی به جزتامین اجتماعی,55.1,زیر نظر,90,65,0.5,60,5490,20261010,-9,15.8,112.5,46,-1,12.4,,54.3,6,2,false,58.9,3.26,above,-13.3,0.78,5040,6330,-13.41,-4.05,0.48,-9.88,10.02,1471,3.73,,,5311,5042,6330,6688,1.87,سهم صفی: 6 روز از ۲۰ روز در صف (ریسک نقدشوندگی و اجرای حد ضرر) | رشد عمودی (112٪ در ۶۰ روز، 12٪ بالای MA50) | 470٪ بالای کف ۵۲ هفته | سرانه خرید ضعیف (0.48) | حد ضرر دور (8.2٪) | صف فروش در ۵ روز اخیر
وخاور,بانک خاورمیانه,بانکها و موسسات اعتباری,55,زیر نظر,100,50,34,26,7740,20261010,7.5,28.1,51.5,-14.9,16.4,22.5,101.4,80.2,1,0,true,34.9,2.78,above,0,0.88,6615,,-7.23,79.54,1.06,-5.65,69.09,1045,7.41,5.4,37.2,7525,7309,8386,8817,1.5,اشباع خرید | فاصله زیاد از MA20 | 101٪ بالای MA200
کایتا,ایتالران‌,سایر محصولات کانی غیرفلزی,54.9,خنثی,75,80,95.5,10,17010,20261010,8.8,9.5,20.3,-46.1,6.8,13.8,-1.6,65,4,0,true,30.3,3.31,above,-50.6,1.58,16694,17302,4.72,5.42,4.68,5.26,0.98,,,,,16694,16413,17302,18603,0.49,نقدشوندگی پایین | بدون EPS مثبت | نقدشوندگی کمتر از ۱۰ میلیارد تومان
گشان,توسعه بین المللی پدیده شاندیز,هتل و رستوران,54.8,خنثی,95,45,37,32,29040,20261010,3.3,-1.5,34.7,-31.7,2,4.8,47.1,56.5,2,0,false,24.2,3.42,above,-8.6,1.02,28050,29990,-3.39,-28.22,2.17,12.76,11.96,3153,9.21,,,28050,27553,29990,30990,0.64,خروج مستمر پول حقیقی
وسالت,بانک قرض الحسنه رسالت,بانکها و موسسات اعتباری,54.8,خنثی,85,80,63,10,4150,20261006,8.1,1.7,11.9,-54.6,3.5,10.3,1.8,65.2,6,0,true,29.4,2.08,above,-42.1,1.06,3980,4214,3.35,-7.3,2.19,3.53,4.52,,,,,4064,3937,4214,4330,0.3,خروج مستمر پول حقیقی | بدون EPS مثبت | سهم صفی: 6 روز از ۲۰ روز در صف (ریسک نقدشوندگی و اجرای حد ضرر) | نقدشوندگی کمتر از ۱۰ میلیارد تومان | آخرین معامله 20261006 (متوقف یا کم‌معامله)
وامین,سرمایه گذاری امین مهرگان,سرمایه گذاریها,54.8,خنثی,100,50,22,37,6560,20261010,1.7,29.9,97.4,30.9,5.8,35.1,72.9,72.9,7,0,false,61.8,2.72,above,-4.4,1,6260,6860,-6.77,-6.97,3.12,-0.59,17.77,785,8.36,8.73,-4.3,6381,6171,6860,7217,0.77,سهم صفی: 7 روز از ۲۰ روز در صف (ریسک نقدشوندگی و اجرای حد ضرر) | رشد عمودی (97٪ در ۶۰ روز، 35٪ بالای MA50) | 73٪ بالای MA200
سپید,سپید ماکیان,زراعت و خدمات وابسته,54.7,خنثی,100,43,4.4,60,45400,20261010,-4.9,-6,65,-1.4,0.4,6.6,119.9,53.6,4,0,false,28.8,3.5,above,-9.6,0.81,42705,47230,-33.93,-169.63,0.88,-68.35,106.05,9010,5.04,6.33,-20.4,43810,41910,47230,48450,0.52,خروج مستمر پول حقیقی | 120٪ بالای MA200 | حد ضرر دور (7.7٪)
بیوتیک,آنتی بیوتیک سازی ایران,مواد و محصولات دارویی,54.6,خنثی,65,65,74.5,14,32720,20261010,7.1,-10.6,125.2,58.8,-0.7,9.4,87.3,54.5,4,0,false,33.9,3.43,above,-15.3,0.74,31060,35970,5.28,31.29,3.81,-2.29,25.4,1448,22.6,8.86,155,31597,30499,35970,38640,1.46,رشد عمودی (125٪ در ۶۰ روز، 9٪ بالای MA50) | توزیع: ورود حقیقی با سرانه خرید ضعیف (0.78 در ۲۰ روز) | 87٪ بالای MA200
لکما,کارخانجات‌مخابراتی‌ایران‌,ساخت دستگاه‌ها و وسایل ارتباطی,54.5,خنثی,100,55,44.2,10,1472,20261010,0.4,21.6,34.1,-32.4,6.9,23.7,25.7,75.3,9,1,true,51.5,2.24,above,-8.9,1.55,1455,1500,2.32,-5.95,1.11,-0.33,5.52,,,,,1455,1438,1500,1562,0.84,خروج مستمر پول حقیقی | بدون EPS مثبت | سهم صفی: 9 روز از ۲۰ روز در صف (ریسک نقدشوندگی و اجرای حد ضرر) | نقدشوندگی کمتر از ۱۰ میلیارد تومان | صف فروش در ۵ روز اخیر
وصنا,گروه‌صنایع‌بهشهرایران‌,سرمایه گذاریها,54.5,خنثی,100,85,6,24,7050,20261010,4.9,13.2,101.4,35,12.3,29.3,116.5,78.1,0,0,true,54.6,2.76,above,-0.6,0.75,6410,,-22.95,-72.38,0.98,-17.02,12.35,842,8.37,7.13,17.4,6855,6661,7634,8023,1.5,اشباع خرید | خروج مستمر پول حقیقی | رشد عمودی (101٪ در ۶۰ روز، 29٪ بالای MA50) | 117٪ بالای MA200
فولای,صنایع فولاد آلیاژی یزد,فلزات اساسی,54.5,خنثی,100,70,33,9,5980,20261010,9.7,28.3,92.3,25.9,16.2,39.6,51.9,83.4,4,0,true,79.5,3.06,above,-3.7,1.73,5216,,-11.39,-23.34,2.27,-68.73,27.47,393,15.22,8.05,89,5797,5614,6529,6895,1.5,اشباع خرید | فاصله زیاد از MA20 | رشد عمودی (92٪ در ۶۰ روز، 40٪ بالای MA50) | 52٪ بالای MA200
دتولید,داروسازی تولید دارو,مواد و محصولات دارویی,54.5,خنثی,100,70,38,4,10080,20261010,12.9,28.1,190.5,124.1,21.3,51.8,184.6,88,11,0,true,70.6,2.62,above,0,0.79,8330,,-3.77,-42.39,5.03,5.29,37.67,475,21.22,8.86,139.5,9816,9552,10872,11400,1.5,اشباع خرید | فاصله زیاد از MA20 | خروج مستمر پول حقیقی | سهم صفی: 11 روز از ۲۰ روز در صف (ریسک نقدشوندگی و اجرای حد ضرر) | رشد عمودی (190٪ در ۶۰ روز، 52٪ بالای MA50) | 185٪ بالای MA200
واتی,سرمایه‌ گذاری‌ آتیه‌ دماوند,سرمایه گذاریها,54.5,خنثی,100,45,53,9,7420,20261010,-0.9,-0.8,50.5,-15.9,3,6.3,43.1,55.9,1,0,false,23.8,3.26,above,-7,0.94,7120,7660,29.98,81.62,0.77,-16.89,27.92,537,13.82,7.13,93.8,7178,6999,7660,7860,0.57,واگرایی منفی RSI | توزیع: ورود حقیقی با سرانه خرید ضعیف (0.73 در ۲۰ روز) | سرانه خرید ضعیف (0.77) | واگرایی منفی
فروس,فروسیلیس‌ ایران‌,فلزات اساسی,54.5,خنثی,85,55,31.9,60,4170,20261007,2.5,2.5,40.1,-26.3,-1.8,14.1,58.2,57.4,10,0,false,34.4,3.03,above,-13.5,1.05,4000,4260,3.21,-28.74,0.98,-2.91,8.02,440,9.48,13.48,-29.7,4044,3937,4260,4820,0.39,خروج مستمر پول حقیقی | سهم صفی: 10 روز از ۲۰ روز در صف (ریسک نقدشوندگی و اجرای حد ضرر) | 58٪ بالای MA200 | نقدشوندگی کمتر از ۱۰ میلیارد تومان | آخرین معامله 20261007 (متوقف یا کم‌معامله)
غصینو,صنعتی مینو,محصولات غذایی و آشامیدنی به جز قند و شکر,54.4,خنثی,100,80,17.7,16,6420,20261010,0.3,2.9,33.2,-33.2,6.6,9.6,71.2,61.7,5,0,true,21,3.21,above,-0.5,1.09,6200,,-28.32,19.99,0.81,-31.48,30.9,698,9.2,7.05,30.5,6214,6097,7038,7450,1.91,71٪ بالای MA200
زهلال,کشت و صنعت هلال,زراعت و خدمات وابسته,54.4,خنثی,73,70,37,37,55480,20261010,0.7,3.4,15,-51.4,4.1,9.7,,61.7,0,0,true,19.2,3.33,,-2.6,1.17,53020,56960,-6.3,-23.54,7.9,31.3,10.25,6307,8.8,8.07,9,53634,52097,56960,60652,0.44,واگرایی منفی RSI | خروج مستمر پول حقیقی | واگرایی منفی
حپرتو,پرتو بار فرابر خلیج فارس,حمل ونقل، انبارداری و ارتباطات,54.4,خنثی,100,45,27.5,34,11080,20261010,-9.8,6.4,51.6,-14.8,1.3,20.8,40.8,57.1,7,3,false,49.4,3.33,above,-10.1,0.62,10274,12320,-0.64,15.88,0.41,-9.08,11.35,1121,9.88,7.68,28.7,10711,10158,12320,13058,1.34,سهم صفی: 7 روز از ۲۰ روز در صف (ریسک نقدشوندگی و اجرای حد ضرر) | توزیع: ورود حقیقی با سرانه خرید ضعیف (0.69 در ۲۰ روز) | سرانه خرید ضعیف (0.41) | حد ضرر دور (8.3٪) | صف فروش در ۵ روز اخیر
شصفها,پتروشیمی‌ اصفهان‌,محصولات شیمیایی,54.4,خنثی,90,15,87.5,70,3110,20260916,1.3,11.1,14.9,-51.5,3.9,13.6,3.1,94.7,20,0,false,77.9,0.93,above,-26.1,0.15,2919,3565,0.01,0.42,37.25,0.01,0.24,1217,2.56,,,3081,3052,3565,3687,7.84,نقدشوندگی پایین | اشباع خرید | سهم صفی: 20 روز از ۲۰ روز در صف (ریسک نقدشوندگی و اجرای حد ضرر) | نقدشوندگی کمتر از ۱۰ میلیارد تومان | آخرین معامله 20260916 (متوقف یا کم‌معامله)
سکارون,سیمان کارون,سیمان، آهک و گچ,54.3,خنثی,88,70,25.5,30,5290,20261010,-4,1.1,-1.3,-67.7,1.2,2.2,31.4,51.7,3,0,true,19.1,3.48,above,-10.5,1.04,4990,5405,-0.07,9.64,0.74,-9.94,4.69,243,21.77,,,5106,4898,5405,5525,0.29,توزیع: ورود حقیقی با سرانه خرید ضعیف (0.85 در ۲۰ روز) | سرانه خرید ضعیف (0.74) | حد ضرر دور (7.4٪) | نقدشوندگی کمتر از ۱۰ میلیارد تومان
خپارس,پارس خودرو,خودرو و ساخت قطعات,54.1,خنثی,90,65,46.5,10,1988,20261010,-3.3,16.4,75.9,9.5,-1.5,25.7,95.1,58.5,11,1,false,52.9,3.34,above,-12.3,0.77,1216,2117,2.37,-24.37,1.96,-7.92,74.73,,,,,1922,1855,2117,2266,0.97,بدون EPS مثبت | سهم صفی: 11 روز از ۲۰ روز در صف (ریسک نقدشوندگی و اجرای حد ضرر) | 95٪ بالای MA200 | صف فروش در ۵ روز اخیر
لخزر,پارس‌ خزر,ماشین آلات و تجهیزات,54.1,خنثی,85,55,2.5,68,4720,20261010,-1.5,1.9,55.4,-11,-1.4,9.8,49.6,54.2,2,0,false,28,3.23,above,-9.2,0.69,4610,4960,-2,-13.19,0.59,-12.41,9.62,1120,4.21,5.15,-18.2,4610,4534,4960,5200,1.29,خروج مستمر پول حقیقی | سرانه خرید ضعیف (0.59) | نقدشوندگی کمتر از ۱۰ میلیارد تومان | شناوری کم (10٪)
کالا,بورس کالای ایران,فعالیتهای کمکی به نهادهای مالی واسط,54.1,خنثی,100,70,31.5,9,14320,20261010,13.7,37.4,85.5,19.1,20.1,40.1,136.7,87.4,6,0,true,49.5,2.62,above,-0.1,0.78,11800,,10.95,-289.72,0.94,-123.32,167,885,16.18,5.92,173.3,13945,13571,15444,16193,1.5,اشباع خرید | فاصله زیاد از MA20 | خروج مستمر پول حقیقی | سهم صفی: 6 روز از ۲۰ روز در صف (ریسک نقدشوندگی و اجرای حد ضرر) | رشد عمودی (85٪ در ۶۰ روز، 40٪ بالای MA50) | 137٪ بالای MA200
چدن,تولیدی چدن سازان,ساخت محصولات فلزی,54.1,خنثی,100,70,16.4,24,5240,20261010,8.3,33.3,118.6,52.2,15.8,41.8,153.4,83.1,7,0,true,63.2,2.79,above,0,0.85,4560,,-23.24,-268.02,1.45,-1.77,49.1,544,9.63,7.54,27.8,5094,4948,5678,5970,1.5,اشباع خرید | فاصله زیاد از MA20 | خروج مستمر پول حقیقی | سهم صفی: 7 روز از ۲۰ روز در صف (ریسک نقدشوندگی و اجرای حد ضرر) | رشد عمودی (119٪ در ۶۰ روز، 42٪ بالای MA50) | 153٪ بالای MA200
وساخت,سرمایه‌ گذاری‌ ساختمان‌ایران‌,انبوه سازی، املاک و مستغلات,54.1,خنثی,90,45,53.3,19,2076,20261010,-5.9,0.4,52.3,-14.1,-2.1,8,55.7,53.3,5,0,false,20.8,3.19,above,-10.7,0.76,1980,2205,4.69,23.91,0.85,-13.03,22.88,144,14.42,6.61,118.1,2010,1946,2205,2324,1,56٪ بالای MA200
کساپا,سایپاشیشه‌,سایر محصولات کانی غیرفلزی,54,خنثی,83,55,62.5,10,3700,20261010,-0.8,0.3,15.3,-51.2,0.8,6.3,25,55.1,4,0,false,19.1,3.29,above,-7.3,0.7,3490,3780,1.09,1.74,1.99,-0.66,4.05,,,12.75,,3578,3429,3780,3990,0.3,بدون EPS مثبت | توزیع: ورود حقیقی با سرانه خرید ضعیف (0.84 در ۲۰ روز) | حد ضرر دور (7.3٪) | نقدشوندگی کمتر از ۱۰ میلیارد تومان
شتران,پالایش نفت تهران,فراورده های نفتی، کک و سوخت هسته ای,54,خنثی,100,55,2,70,6530,20261003,3,14,40.1,-26.4,0.5,17.3,82.4,58.5,3,0,false,51.9,3.43,above,-10.1,0.86,6240,7260,-108.52,-960.31,0.76,-432.19,472.84,1249,5.23,6.26,-16.5,6306,6128,7260,7708,1.82,خروج مستمر پول حقیقی | 82٪ بالای MA200 | سرانه خرید ضعیف (0.76) | آخرین معامله 20261003 (متوقف یا کم‌معامله)
ومپنا,مدیریت نیروگاهی ایرانیان مپنا,عرضه برق، گاز، بخاروآب گرم,54,خنثی,100,45,36,24,44360,20261010,2.4,-3.5,53.2,-13.3,2.7,15,90.1,61.9,0,0,false,28.2,2.91,above,-6.3,0.57,42820,47320,-24.06,-49.43,1.63,2.79,23.89,3838,11.56,10.04,15.1,43069,42175,47320,49901,1.35,واگرایی منفی RSI | خروج مستمر پول حقیقی | 90٪ بالای MA200 | واگرایی منفی
نطرین,عطرین نخ قم,منسوجات,54,خنثی,100,45,16.8,43,2421,20261010,2.1,24.4,27.9,-38.5,3.4,22,76.8,62.7,11,0,false,36.8,3.17,above,-6.4,1.42,2265,2460,-2.99,-7.46,0.99,-11.39,19.35,196,12.35,14.29,-13.6,2344,2229,2460,2613,0.2,سهم صفی: 11 روز از ۲۰ روز در صف (ریسک نقدشوندگی و اجرای حد ضرر) | 77٪ بالای MA200 | حد ضرر دور (7.9٪)
بکام,کارخانجات تولیدی شهید قندی,ماشین آلات و دستگاه‌های برقی,53.9,خنثی,95,53,55.4,4,3460,20261010,6.1,-0.3,61.1,-5.3,1.9,12.5,41.2,61.1,3,0,false,26.6,3.3,above,-9.2,0.78,3395,3810,2.44,-6.28,1.3,10.95,14.81,24,144.17,6.15,2244.2,3395,3338,3810,4038,2.87,P/E بالا (144)
آبادا,تولید نیروی برق آبادان,عرضه برق، گاز، بخاروآب گرم,53.9,خنثی,88,55,62,4,11680,20261010,2.6,4.4,25,-41.5,2.6,9.3,41.7,58.3,0,0,false,19.2,3.25,above,-2.7,0.9,11162,11799,0.29,-5.72,11.34,12.4,3.54,272,42.94,7.09,505.7,11300,10972,11799,12560,0.17,خروج مستمر پول حقیقی | P/E بالا (43) | نقدشوندگی کمتر از ۱۰ میلیارد تومان | شناوری کم (10٪)
خبهمن,گروه‌بهمن‌,خودرو و ساخت قطعات,53.9,خنثی,85,45,27.5,50,2592,20261010,-0.5,-4.8,46,-20.4,-1.1,2.7,46.8,51.4,1,0,false,22.6,3.5,above,-9.7,0.96,2538,2691,25.43,-3.8,0.73,-106.93,116.33,560,4.63,,,2538,2493,2691,2808,1,سرانه خرید ضعیف (0.73)
غشهد,شهد ایران ‌,محصولات غذایی و آشامیدنی به جز قند و شکر,53.7,خنثی,78,55,7.2,70,9560,20261010,3.9,12.3,32.1,-34.3,-1,11.2,46.2,55.9,8,0,false,18.8,3.35,above,-10.2,0.68,8940,10650,-3.12,-8.45,1.03,-4.29,8.82,1466,6.52,8.53,-23.6,9240,8780,10650,11291,1.4,سهم صفی: 8 روز از ۲۰ روز در صف (ریسک نقدشوندگی و اجرای حد ضرر) | حد ضرر دور (8.2٪) | نقدشوندگی کمتر از ۱۰ میلیارد تومان
ثاصفا,شرکت‌ ساختمان‌ اصفهان‌,انبوه سازی، املاک و مستغلات,53.7,خنثی,90,55,82.7,20,20060,20261010,2.3,19.3,30.1,-36.4,5,27.7,21.3,65.9,10,1,false,25.9,3.27,above,-7,1.22,19400,21162,0.1,0.69,1.47,2.82,1.27,8,2507.5,,,19404,19072,21162,21580,1.12,نقدشوندگی پایین | سهم صفی: 10 روز از ۲۰ روز در صف (ریسک نقدشوندگی و اجرای حد ضرر) | P/E بالا (2508) | نقدشوندگی کمتر از ۱۰ میلیارد تومان | صف فروش در ۵ روز اخیر
بپیوند,برق و انرژی پیوندگستر پارس,عرضه برق، گاز، بخاروآب گرم,53.5,خنثی,78,45,77.5,47,18440,20261010,-2,-3,23.3,-43.1,-1.1,2.6,42.3,50.5,1,0,false,15.8,3.34,above,-10.4,0.96,17850,19460,0.74,2.06,11.49,9.71,2.76,1762,10.47,10.04,4.2,17850,17542,19460,19939,1.14,نقدشوندگی پایین | نقدشوندگی کمتر از ۱۰ میلیارد تومان
کزغال,زغال سنگ پروده طبس,استخراج زغال سنگ,53.5,خنثی,100,65,38,4,6470,20261010,8.6,4.4,22.6,-43.8,10.3,18.3,51.6,71.1,7,0,true,24.2,3.28,above,-1.7,0.88,5462,6580,-6.55,-15.58,7.53,43.37,21.69,154,42.01,15.48,171.4,6258,6046,6580,7004,0.26,سهم صفی: 7 روز از ۲۰ روز در صف (ریسک نقدشوندگی و اجرای حد ضرر) | P/E بالا (42) | 52٪ بالای MA200
ونیرو,سرمایه‌گذاری‌نیرو,عرضه برق، گاز، بخاروآب گرم,53.3,خنثی,90,45,2,67,4070,20261010,-1.5,9.1,33.2,-33.3,2,23.8,13.1,61.7,3,0,false,40.4,3.15,above,-32.9,0.85,4022,4189,-5.22,-7.7,0.71,-66.63,61.56,599,6.79,7.09,-4.2,4022,3958,4189,4296,1.06,واگرایی منفی RSI | سرانه خرید ضعیف (0.71) | واگرایی منفی
وآوا,سرمایه گذاری آوا نوین,سرمایه گذاریها,53.3,خنثی,90,65,27,26,4210,20261010,-12.3,5.2,108.3,41.9,-6.7,20.2,85.1,51,13,3,false,61.1,3.17,above,-14.4,1.19,2668,4370,-6.21,26.45,0.17,-70.53,16.19,370,11.38,8.73,30.3,4077,3943,4370,4920,0.6,سهم صفی: 13 روز از ۲۰ روز در صف (ریسک نقدشوندگی و اجرای حد ضرر) | رشد عمودی (108٪ در ۶۰ روز، 20٪ بالای MA50) | توزیع: ورود حقیقی با سرانه خرید ضعیف (0.68 در ۲۰ روز) | 85٪ بالای MA200 | سرانه خرید ضعیف (0.17) | صف فروش در ۵ روز اخیر
سکرد,سیمان کردستان,سیمان، آهک و گچ,53.2,خنثی,90,55,3.9,57,15500,20261010,0.8,0.3,41,-25.4,-0.7,8.1,47.5,55.2,3,0,false,27.6,3.23,above,-10.4,0.91,14680,16170,-5.7,-9.02,0.85,-5.8,8.66,2014,7.7,7.14,7.8,14999,14430,16170,17300,0.63,خروج مستمر پول حقیقی | 163٪ بالای کف ۵۲ هفته | نقدشوندگی کمتر از ۱۰ میلیارد تومان | شناوری کم (14٪)
وبصادر,بانک صادرات ایران,بانکها و موسسات اعتباری,53.2,خنثی,85,45,60.9,14,965,20261010,3.2,-4.5,26.5,-39.9,-0.3,7.2,44.1,53.6,1,0,false,23.8,3.32,above,-10.3,0.73,926,975,102.41,-475.35,1.51,75.9,225.14,5,193,5.4,3474.1,933,910,975,1072,0.18,خروج مستمر پول حقیقی | P/E بالا (193)
آبین,کشت و صنعت آبشیرین,زراعت و خدمات وابسته,53.1,خنثی,100,70,36.5,20,15250,20261007,15.7,71.3,95.2,28.8,28,68.1,207.2,97.8,16,0,true,76.9,2.49,above,0,0.23,8305,,-0.08,-4.56,2.54,4.22,5.08,235,64.89,,,14870,14490,16390,17151,1.5,اشباع خرید | فاصله زیاد از MA20 | سهم صفی: 16 روز از ۲۰ روز در صف (ریسک نقدشوندگی و اجرای حد ضرر) | رشد عمودی (95٪ در ۶۰ روز، 68٪ بالای MA50) | P/E بالا (65) | 207٪ بالای MA200 | نقدشوندگی کمتر از ۱۰ میلیارد تومان | واگرایی مثبت RSI | آخرین معامله 20261007 (متوقف یا کم‌معامله)
تجلی,تجلی توسعه معادن و فلزات,استخراج کانه های فلزی,53.1,خنثی,100,55,44.5,4,2087,20261010,0,9.3,21.5,-44.9,1.7,12.5,32,60.7,1,0,false,33.4,3.25,above,-4.9,0.86,1979,2129,3.31,18.04,0.92,-13.15,18.56,37,56.41,14.44,290.6,2019,1945,2129,2194,0.3,P/E بالا (56)
شیراز,پتروشیمی‌شیراز,محصولات شیمیایی,53.1,خنثی,85,45,4.2,70,70460,20261010,0.1,-1.1,-2,-68.4,-0.6,5,36.5,52.9,0,0,false,20,3.7,above,-14.7,0.62,68464,73200,-12.59,-48.51,0.91,-31.58,61.82,9681,7.28,9.63,-24.4,68464,67158,73200,75580,0.83,188٪ بالای کف ۵۲ هفته | شناوری کم (12٪)
شارپیلن,پتروشیمی ارغوان گسترایلام,محصولات شیمیایی,53,خنثی,100,50,82,10,3650,20261010,6.1,12.8,15.6,-50.8,9.1,11.5,,99.9,20,0,true,94.2,2.59,above,-2.8,2.03,3068,3754,4.63,4.8,28.07,-0.12,0.85,,,9.63,,3555,3461,3754,3943,0.55,نقدشوندگی پایین | اشباع خرید | بدون EPS مثبت | سهم صفی: 20 روز از ۲۰ روز در صف (ریسک نقدشوندگی و اجرای حد ضرر) | نقدشوندگی کمتر از ۱۰ میلیارد تومان
تیپیکو,سرمایه گذاری دارویی تامین,مواد و محصولات دارویی,53,خنثی,100,70,5.9,30,29410,20261010,-1.8,12.7,43.9,-22.5,5.9,14,89,62.2,7,0,true,21.7,3.17,above,-4.3,0.67,28425,30720,-106.75,-270.34,0.99,-131.24,115.04,2097,14.02,12.91,8.6,28478,27959,30720,32584,0.9,خروج مستمر پول حقیقی | سهم صفی: 7 روز از ۲۰ روز در صف (ریسک نقدشوندگی و اجرای حد ضرر) | 89٪ بالای MA200
شلیا,شرکت مواد ویژه لیا,سایر محصولات کانی غیرفلزی,52.9,خنثی,100,70,15.7,20,26710,20261010,6,33.8,138.6,72.2,14,46.4,156.6,84.8,3,0,true,77.8,3.16,above,-1.4,1.34,24594,,0,0,1.03,-0.26,3.38,1094,24.41,,,25867,24603,29238,30924,1.2,اشباع خرید | رشد عمودی (139٪ در ۶۰ روز، 46٪ بالای MA50) | 157٪ بالای MA200 | حد ضرر دور (7.9٪) | نقدشوندگی کمتر از ۱۰ میلیارد تومان
فنر,پارس فنر,خودرو و ساخت قطعات,52.9,خنثی,100,75,22.5,9,8600,20261010,4.1,41.2,111.5,45.1,14.6,37.1,125.8,78.6,1,0,true,67.3,3.09,above,-6.5,1.08,6690,,-11.62,-1.08,1.78,-2.22,9.18,636,13.52,5.87,130.4,8334,8068,9397,9929,1.5,اشباع خرید | رشد عمودی (112٪ در ۶۰ روز، 37٪ بالای MA50) | 126٪ بالای MA200 | نقدشوندگی کمتر از ۱۰ میلیارد تومان
کدما,معدنی‌ دماوند,استخراج کانه های فلزی,52.6,خنثی,95,55,22.4,30,91430,20261010,3.6,5.4,33.3,-33.1,2.4,7.7,52.4,57.9,3,0,false,22,3.18,above,-7.8,0.92,85050,99130,-3.71,-11.54,1.06,1.41,15.82,6579,13.9,13.76,1,88518,84150,99130,104954,1.06,52٪ بالای MA200 | حد ضرر دور (8.0٪)
کصدف,کاشی صدف سرام استقلال آباده,کاشی و سرامیک,52.6,خنثی,85,45,37.2,35,7980,20261010,-2.1,-2.2,15.1,-51.4,-1.6,4,50,51.8,3,0,false,22,3.59,above,-12.9,1.04,7790,8210,-2.24,2.42,1.03,1.97,7.25,548,14.56,,,7790,7647,8210,8418,0.69,توزیع: ورود حقیقی با سرانه خرید ضعیف (0.79 در ۲۰ روز) | 191٪ بالای کف ۵۲ هفته | نقدشوندگی کمتر از ۱۰ میلیارد تومان
قیستو,شرکت قند بیستون,قند و شکر,52.5,خنثی,90,50,27,35,47770,20261010,-10.5,3.6,93.2,26.8,-6.8,13.1,75.8,49,3,3,false,56.7,3.88,above,-16.3,1.1,39630,48710,7.64,-10.1,0.62,-14.49,8.64,2437,19.6,,,45918,44066,48710,57050,0.25,واگرایی منفی RSI | خروج مستمر پول حقیقی | 76٪ بالای MA200 | سرانه خرید ضعیف (0.62) | واگرایی منفی | حد ضرر دور (7.8٪) | نقدشوندگی کمتر از ۱۰ میلیارد تومان | صف فروش در ۵ روز اخیر
فسوژ,سوژمیران,فلزات اساسی,52.4,خنثی,100,70,24.5,9,31700,20261010,14.5,33.6,254.2,187.8,21,57.1,250.4,91.2,11,0,true,80.2,2.61,above,0,0.7,25920,,-36.88,-125.47,3.55,-290.88,137.53,2590,12.24,8.05,52,30873,30045,34182,35836,1.5,اشباع خرید | فاصله زیاد از MA20 | سهم صفی: 11 روز از ۲۰ روز در صف (ریسک نقدشوندگی و اجرای حد ضرر) | رشد عمودی (254٪ در ۶۰ روز، 57٪ بالای MA50) | 250٪ بالای MA200
خراسان,پتروشیمی خراسان,محصولات شیمیایی,52.2,خنثی,83,45,23,50,56560,20261010,3.7,-2.5,30.2,-36.2,3.3,9.9,64.3,59.2,4,0,false,17.7,3.25,above,-7.8,1.14,55835,61321,-5.62,-16.05,1.88,-18.71,29.73,7006,8.07,9.63,-16.2,55835,54917,61321,64993,2.9,64٪ بالای MA200 | شناوری کم (6٪)
انرژی,بورس انرژی ایران,فعالیتهای کمکی به نهادهای مالی واسط,52.1,خنثی,75,45,78.5,4,23660,20261010,4.5,-3.2,31.9,-34.5,2.3,5.7,58.3,56,1,0,false,23.9,3.53,above,-9.3,0.69,21405,25950,8.61,46.88,1.66,19.38,58.26,522,45.33,5.92,665.6,22825,21572,25950,27620,1.1,P/E بالا (45) | توزیع: ورود حقیقی با سرانه خرید ضعیف (0.79 در ۲۰ روز) | 58٪ بالای MA200 | حد ضرر دور (8.8٪) | واگرایی مثبت RSI
شمواد,تولید مواداولیه الیاف مصنوعی,محصولات شیمیایی,52.1,خنثی,100,70,20.5,32,14600,20260930,11.9,26.6,91.3,24.9,15.8,37.8,183.1,82.8,7,0,true,57,3.19,above,-2.3,0.83,13370,,-23.92,-140.4,1.99,-23.77,26.15,1509,9.68,,,14135,13436,15996,16927,1.2,اشباع خرید | فاصله زیاد از MA20 | خروج مستمر پول حقیقی | سهم صفی: 7 روز از ۲۰ روز در صف (ریسک نقدشوندگی و اجرای حد ضرر) | رشد عمودی (91٪ در ۶۰ روز، 38٪ بالای MA50) | 183٪ بالای MA200 | حد ضرر دور (8.0٪) | آخرین معامله 20260930 (متوقف یا کم‌معامله)
بمپنا,تولید برق عسلویه  مپنا,عرضه برق، گاز، بخاروآب گرم,52.1,خنثی,65,30,79.3,27,7210,20261010,-4.9,-17.5,33,-33.4,-10.4,1.4,36.5,41,2,1,false,28.2,3.57,above,-23.2,2.28,5608,9390,71.11,26.86,1.25,33.67,17.88,576,12.52,10.04,24.7,6952,6695,9390,9905,4.23,توزیع: ورود حقیقی با سرانه خرید ضعیف (0.86 در ۲۰ روز) | حد ضرر دور (7.1٪) | صف فروش در ۵ روز اخیر
بهیر,س. توسعه تجارت هیرمند,سرمایه گذاریها,52,خنثی,100,40,76.2,20,4910,20261010,4.2,20,43.1,-23.3,10.3,22.7,38.9,81.7,9,0,true,64.2,2.26,above,-2.6,0.9,4210,,0.74,3.44,1.11,0.15,1.25,223,22.02,,,4799,4688,5243,5464,1.5,نقدشوندگی پایین | واگرایی منفی RSI | اشباع خرید | سهم صفی: 9 روز از ۲۰ روز در صف (ریسک نقدشوندگی و اجرای حد ضرر) | واگرایی منفی | نقدشوندگی کمتر از ۱۰ میلیارد تومان
غگلپا,شیر پاستوریزه پگاه گلپایگان,محصولات غذایی و آشامیدنی به جز قند و شکر,52,خنثی,100,75,12,16,27880,20261010,3.7,20.2,106.4,39.9,11.6,27.3,103.8,74,2,0,true,61.8,3.02,above,-3,1.26,24560,,-6.35,-19.01,0.74,-11.53,10.77,2729,10.22,7.05,44.9,27037,26193,30410,32096,1.5,خروج مستمر پول حقیقی | رشد عمودی (106٪ در ۶۰ روز، 27٪ بالای MA50) | 104٪ بالای MA200 | سرانه خرید ضعیف (0.74)
تاپیکو,س. نفت و گاز و پتروشیمی تأمین,محصولات شیمیایی,51.9,خنثی,100,75,18.5,9,54520,20261010,1.8,43.6,94.5,28.1,14,43.3,130.5,78.1,6,0,true,60.5,2.95,above,-0.1,1.14,53780,,-382.71,92.57,0.47,-785.99,413.94,3439,15.85,9.63,64.6,53780,52977,59339,62552,3.12,اشباع خرید | سهم صفی: 6 روز از ۲۰ روز در صف (ریسک نقدشوندگی و اجرای حد ضرر) | رشد عمودی (95٪ در ۶۰ روز، 43٪ بالای MA50) | توزیع: ورود حقیقی با سرانه خرید ضعیف (0.56 در ۲۰ روز) | 130٪ بالای MA200 | سرانه خرید ضعیف (0.47) | شناوری کم (11٪)
شسینا,صنایع‌شیمیایی‌سینا,محصولات شیمیایی,51.9,خنثی,90,35,1.5,70,4150,20261010,-5,-2.6,27.4,-39,-2.9,7.7,46.1,51.7,2,0,false,33.5,3.3,above,-12.6,1.27,4030,4500,-6.76,-10.95,0.57,-19.59,6.87,523,7.93,9.63,-17.6,4030,3962,4500,4750,1.86,خروج مستمر پول حقیقی | 158٪ بالای کف ۵۲ هفته | سرانه خرید ضعیف (0.57) | نقدشوندگی کمتر از ۱۰ میلیارد تومان
ومعلم,بیمه معلم,بیمه وصندوق بازنشستگی به جزتامین اجتماعی,51.9,خنثی,95,45,87.4,10,3350,20261010,2.8,-5.1,28.7,-37.7,0.8,7.3,17.4,55.7,3,0,false,21.7,3.57,above,-7.2,1.1,3270,3410,2.68,8.92,1.58,4.42,2.84,,,18.13,,3270,3210,3410,3531,0.43,نقدشوندگی پایین | بدون EPS مثبت | نقدشوندگی کمتر از ۱۰ میلیارد تومان
گنگین,گروه اقتصادی مالی نگین,شرکتهای چند رشته ای صنعتی,51.8,خنثی,100,45,79,32,17780,20261007,-0.8,9.8,52.4,-14.1,2.2,15.9,67.6,66.9,1,0,false,40.6,2.79,above,-3.8,1.05,16570,18480,3.93,1.55,2.24,2.47,2.09,1700,10.46,,,17283,16538,18480,19473,0.56,نقدشوندگی پایین | واگرایی منفی RSI | 68٪ بالای MA200 | واگرایی منفی | نقدشوندگی کمتر از ۱۰ میلیارد تومان | آخرین معامله 20261007 (متوقف یا کم‌معامله)
فسدید,لوله‌وتجهیزات‌ سدید,فلزات اساسی,51.8,خنثی,100,45,41,10,144700,20261010,-12.9,28,56,-10.4,0.4,30.4,37.9,58.9,13,2,false,69,2.92,above,-16,1.32,122503,172300,0.44,3.48,0.49,-14.67,6.47,,,,,140471,136242,172300,180758,3.26,بدون EPS مثبت | سهم صفی: 13 روز از ۲۰ روز در صف (ریسک نقدشوندگی و اجرای حد ضرر) | رشد عمودی (56٪ در ۶۰ روز، 30٪ بالای MA50) | توزیع: ورود حقیقی با سرانه خرید ضعیف (0.69 در ۲۰ روز) | سرانه خرید ضعیف (0.49) | نقدشوندگی کمتر از ۱۰ میلیارد تومان | صف فروش در ۵ روز اخیر
غاذر,کشت‌وصنعت‌پیاذر,محصولات غذایی و آشامیدنی به جز قند و شکر,51.5,خنثی,100,85,2.1,16,36340,20261010,4.2,10.6,91.9,25.5,13.6,31.9,155.8,74.4,8,0,true,49.8,2.99,above,-1.5,1.09,33699,,-59.68,-112.52,0.82,-52.35,36.66,3154,11.52,8.53,35.1,35255,33627,39595,41765,1.2,خروج مستمر پول حقیقی | سهم صفی: 8 روز از ۲۰ روز در صف (ریسک نقدشوندگی و اجرای حد ضرر) | رشد عمودی (92٪ در ۶۰ روز، 32٪ بالای MA50) | 156٪ بالای MA200 | حد ضرر دور (7.5٪)
فارس,صنایع پتروشیمی خلیج فارس,محصولات شیمیایی,51.5,خنثی,100,60,1,37,13500,20261010,2.7,14.9,67.8,1.4,7.7,26.1,70,70.3,3,0,false,32.1,2.97,above,-0.1,0.51,13040,,-510.13,-739.79,0.62,-466.84,442.69,1498,9.01,9.63,-6.4,13099,12839,14703,15505,1.82,خروج مستمر پول حقیقی | 70٪ بالای MA200 | سرانه خرید ضعیف (0.62)
سفارود,کارخانه فارسیت درود,سایر محصولات کانی غیرفلزی,51.5,خنثی,100,70,60,10,15560,20261010,10.2,47.3,122.5,56.1,19.5,51.5,104.5,98.5,18,0,true,90.6,1.65,above,0,0.19,7956,,0,30.88,4.34,2.2,2.39,,,,,15304,15048,16329,16841,1.5,نقدشوندگی پایین | اشباع خرید | فاصله زیاد از MA20 | بدون EPS مثبت | سهم صفی: 18 روز از ۲۰ روز در صف (ریسک نقدشوندگی و اجرای حد ضرر) | رشد عمودی (122٪ در ۶۰ روز، 52٪ بالای MA50) | 104٪ بالای MA200 | نقدشوندگی کمتر از ۱۰ میلیارد تومان
اپرداز,آتیه داده پرداز,اطلاعات و ارتباطات,51.4,خنثی,95,45,36.5,19,5320,20261010,10.8,-7,38.2,-28.2,1.5,7.7,43.1,58,3,0,false,25.4,3.42,above,-11.9,0.86,5110,6040,-4.62,-35.19,10.84,0.22,8.05,332,16.02,11.65,37.5,5138,5019,6040,6404,2.39,خروج مستمر پول حقیقی | نقدشوندگی کمتر از ۱۰ میلیارد تومان | واگرایی مثبت RSI
جوین,کشت و صنعت جوین,زراعت و خدمات وابسته,51.3,خنثی,100,53,10.8,32,6950,20261010,-0.4,2.5,66.3,-0.1,3.1,13.1,66.7,62.6,4,0,false,36.3,3.23,above,-5.3,0.77,6420,7340,-5.91,-10.69,1.13,-1.63,14.24,765,9.08,,,6726,6389,7340,7789,0.69,67٪ بالای MA200 | حد ضرر دور (8.1٪)
غپینو,پارس‌ مینو,محصولات غذایی و آشامیدنی به جز قند و شکر,51.3,خنثی,90,45,1,60,2022,20261010,-4.1,2.6,25.7,-40.7,-1.9,6.6,73.2,51.8,3,0,false,38.1,3.55,above,-9.7,0.65,1994,2193,-26.44,-83.63,0.49,-70.58,57.43,275,7.35,8.53,-13.8,1994,1958,2193,2239,2.68,خروج مستمر پول حقیقی | 73٪ بالای MA200 | سرانه خرید ضعیف (0.49)
حسینا,توسعه خدمات دریایی وبندری سینا,حمل ونقل، انبارداری و ارتباطات,51.3,خنثی,90,45,27,34,18470,20261010,-7.1,0.2,1.9,-64.5,-2.7,8.8,34.1,50.9,4,2,false,37.3,3.76,above,-10.1,1.03,17430,18698,5.23,-37.87,0.54,-37.72,28.85,2130,8.67,7.68,12.9,17775,17083,18698,20400,0.16,واگرایی منفی RSI | خروج مستمر پول حقیقی | سرانه خرید ضعیف (0.54) | واگرایی منفی | حد ضرر دور (7.5٪) | صف فروش در ۵ روز اخیر
جم,پتروشیمی جم,محصولات شیمیایی,51.3,خنثی,100,60,28,9,80990,20261010,6.4,30.8,135.4,69,15,41.4,78.7,87.3,3,0,true,67.1,3,above,-2.3,1.13,67480,,-45.64,90.14,0.74,-42.62,45.95,4968,16.3,9.63,69.3,78564,76137,88269,93122,1.5,اشباع خرید | فاصله زیاد از MA20 | رشد عمودی (135٪ در ۶۰ روز، 41٪ بالای MA50) | 79٪ بالای MA200 | سرانه خرید ضعیف (0.74)
پدرخش,درخشان‌ تهران‌,لاستیک و پلاستیک,51.3,خنثی,95,45,36,19,6560,20261010,6.3,-0.5,41.9,-24.5,0.8,12.1,56.3,59.7,4,0,false,26.3,3.53,above,-11.2,0.72,6015,7390,-0.74,3.92,3.89,-0.19,11.87,534,12.28,8.21,49.6,6328,5980,7390,7854,1.43,توزیع: ورود حقیقی با سرانه خرید ضعیف (0.80 در ۲۰ روز) | 56٪ بالای MA200 | حد ضرر دور (8.8٪)
خدیزل,بهمن  دیزل,خودرو و ساخت قطعات,51.1,خنثی,90,35,28.5,60,1792,20261007,-5.1,-1.2,11.4,-55,-0.4,4.6,34.2,52.3,2,0,false,26.7,3.54,above,-6.4,1.11,1749,1905,-1.18,51.51,0.6,-21.42,12.48,348,5.15,5.87,-12.3,1749,1718,1905,2032,1.52,توزیع: ورود حقیقی با سرانه خرید ضعیف (0.88 در ۲۰ روز) | 151٪ بالای کف ۵۲ هفته | سرانه خرید ضعیف (0.60) | آخرین معامله 20261007 (متوقف یا کم‌معامله)
فخوز,فولاد  خوزستان,فلزات اساسی,51,خنثی,100,40,22,30,3290,20261010,2.8,21,52,-14.5,7.3,33.7,93.1,72.9,8,0,false,41,3.14,above,-1.5,0.53,3140,,-286.89,-1109.84,1.91,-215.96,425.76,222,14.82,13.48,9.9,3187,3088,3600,3806,1.54,واگرایی منفی RSI | خروج مستمر پول حقیقی | سهم صفی: 8 روز از ۲۰ روز در صف (ریسک نقدشوندگی و اجرای حد ضرر) | رشد عمودی (52٪ در ۶۰ روز، 34٪ بالای MA50) | 93٪ بالای MA200 | واگرایی منفی
هجرت,پخش هجرت,مواد و محصولات دارویی,50.9,خنثی,100,70,3.5,24,9360,20261010,-1.6,13.9,49.5,-16.9,8,17.7,122.3,64.8,7,0,true,35.2,3.08,above,-4.6,1.94,8735,,-53.42,-11.51,0.64,-130.94,39.84,888,10.54,8.86,19,9072,8639,10225,10801,1.2,سهم صفی: 7 روز از ۲۰ روز در صف (ریسک نقدشوندگی و اجرای حد ضرر) | 122٪ بالای MA200 | سرانه خرید ضعیف (0.64) | حد ضرر دور (7.7٪)
زشریف,کشت وصنعت شریف آباد,زراعت و خدمات وابسته,50.9,خنثی,100,45,0.5,47,18900,20261010,-3.6,2.5,32.5,-33.9,0.2,6.1,64.6,53.7,4,0,false,22.5,3.29,above,-7.4,0.62,18450,19230,-10.01,-44.5,0.59,-15.47,10.29,2402,7.87,8.07,-2.5,18450,18139,19230,20350,0.43,خروج مستمر پول حقیقی | 65٪ بالای MA200 | سرانه خرید ضعیف (0.59)
شفا,سرمایه گذاری شفادارو,مواد و محصولات دارویی,50.9,خنثی,100,70,23.5,4,81060,20261010,15.1,28.9,198.3,131.9,24.3,46.4,228.5,85.8,13,0,true,62.2,2.52,above,-0.7,0.92,66970,,-6.09,-22.14,4.23,-41.88,30.43,2066,39.24,12.91,203.9,79015,76971,87194,91283,1.5,اشباع خرید | فاصله زیاد از MA20 | سهم صفی: 13 روز از ۲۰ روز در صف (ریسک نقدشوندگی و اجرای حد ضرر) | رشد عمودی (198٪ در ۶۰ روز، 46٪ بالای MA50) | P/E بالا (39) | 228٪ بالای MA200 | شناوری کم (9٪)
نیشکر,توسعه نیشکر و  صنایع جانبی,قند و شکر,50.9,خنثی,90,45,22.5,37,62680,20261010,-3.3,-7,25.4,-41,-0.3,3.6,17.7,52.5,1,0,false,25.3,3.98,above,-9.1,0.92,61433,66706,-17.51,-10.46,3.9,-5.87,9.3,6371,9.84,9.57,2.8,61433,60186,66706,71694,1.61,واگرایی منفی RSI | خروج مستمر پول حقیقی | واگرایی منفی | نقدشوندگی کمتر از ۱۰ میلیارد تومان
وآفری,بیمه کارآفرین,بیمه وصندوق بازنشستگی به جزتامین اجتماعی,50.9,خنثی,100,65,27.5,44,8840,20261010,-10.7,4.8,80.5,14.1,0.6,21.1,124.6,57.2,5,1,false,54,3.13,above,-11.4,1.24,7913,9977,-1.53,4.88,0.51,-5.66,2.16,1680,5.26,4.59,14.6,8563,8287,9977,10530,2.06,نقدشوندگی پایین | واگرایی منفی RSI | توزیع: ورود حقیقی با سرانه خرید ضعیف (0.75 در ۲۰ روز) | 125٪ بالای MA200 | سرانه خرید ضعیف (0.51) | واگرایی منفی | نقدشوندگی کمتر از ۱۰ میلیارد تومان | صف فروش در ۵ روز اخیر
ثنور,سرمایه گذاری کوه نور,انبوه سازی، املاک و مستغلات,50.7,خنثی,100,63,52.5,20,7630,20261010,7.8,5.5,66.2,-0.2,7.7,20.2,91.4,68.5,2,0,false,42.2,3,above,0,0.84,7540,,-0.61,0.55,2.74,5.86,3,26,293.46,,,7540,7426,8316,8774,3.36,نقدشوندگی پایین | P/E بالا (293) | 91٪ بالای MA200 | نقدشوندگی کمتر از ۱۰ میلیارد تومان
دجابر,داروسازی‌ جابرابن‌حیان‌,مواد و محصولات دارویی,50.7,خنثی,100,70,17.9,9,63690,20261010,11.7,42.8,258,191.6,23.6,47,232.6,88.5,11,0,true,69.6,2.8,above,-1.2,1.78,49510,,-7.8,-11.58,0.95,-128.27,34.6,3483,18.29,12.91,41.6,61908,60125,69037,72602,1.5,اشباع خرید | فاصله زیاد از MA20 | سهم صفی: 11 روز از ۲۰ روز در صف (ریسک نقدشوندگی و اجرای حد ضرر) | رشد عمودی (258٪ در ۶۰ روز، 47٪ بالای MA50) | 233٪ بالای MA200 | واگرایی مثبت RSI
شستا,سرمایه گذاری تامین اجتماعی,شرکتهای چند رشته ای صنعتی,50.7,خنثی,100,75,13.6,9,3820,20261010,4.4,15.4,76.4,10,6.5,22.7,89.3,68.1,2,0,false,42.6,3.02,above,0,0.87,3510,,-86.42,-687.17,1.26,-211.31,592.3,218,17.52,10.88,61.1,3705,3532,4166,4396,1.2,خروج مستمر پول حقیقی | 89٪ بالای MA200 | حد ضرر دور (7.5٪) | شناوری کم (13٪)
دعبید,لابراتوارداروسازی‌  دکترعبیدی‌,مواد و محصولات دارویی,50.6,خنثی,100,63,28,4,30110,20261010,0.5,22.7,65.3,-1.1,12,31.4,124.5,75.9,7,0,true,58.1,2.97,above,-2.2,1.33,28970,30800,-148.11,130.62,0.43,-525.49,156.95,1503,20.03,12.91,55.2,29216,28523,30800,32589,0.43,سهم صفی: 7 روز از ۲۰ روز در صف (ریسک نقدشوندگی و اجرای حد ضرر) | رشد عمودی (65٪ در ۶۰ روز، 31٪ بالای MA50) | توزیع: ورود حقیقی با سرانه خرید ضعیف (0.61 در ۲۰ روز) | 125٪ بالای MA200 | سرانه خرید ضعیف (0.43)
سقاین,سیمان‌ قائن‌,سیمان، آهک و گچ,50.6,خنثی,100,75,6.4,16,36000,20261010,3.5,10.5,113,46.6,6.7,25.1,143.3,67.5,4,0,false,44.7,2.96,above,-1.4,0.96,33130,,-3.46,-43.83,0.93,-11.22,19.62,3814,9.44,7.14,32.2,34934,33334,39199,41332,1.2,خروج مستمر پول حقیقی | رشد عمودی (113٪ در ۶۰ روز، 25٪ بالای MA50) | 143٪ بالای MA200 | حد ضرر دور (7.4٪) | شناوری کم (12٪)
کشرق,صنعتی و معدنی شمال شرق شاهرود,استخراج زغال سنگ,50.5,خنثی,76,80,77,10,147300,20261010,11.9,4.1,54.4,-12,9.6,4.2,45.6,63.8,3,0,true,23.5,3.29,inside,-12.8,0.85,135442,149373,0.31,0.04,1.56,1.85,1.36,,,15.48,,142454,135186,149373,168896,0.17,نقدشوندگی پایین | بدون EPS مثبت | توزیع: ورود حقیقی با سرانه خرید ضعیف (0.79 در ۲۰ روز) | حد ضرر دور (8.2٪) | نقدشوندگی کمتر از ۱۰ میلیارد تومان
قشهد,شهد,قند و شکر,50.5,خنثی,70,40,26,60,3540,20261010,-7.8,-0.6,78.6,12.2,-7.1,9.8,92.6,47.9,3,1,false,45.9,3.63,above,-15.9,0.65,2908,,-1.37,13.41,0.42,-15.25,9.02,416,8.51,9.8,-13.2,3412,3283,3925,4182,1.5,واگرایی منفی RSI | توزیع: ورود حقیقی با سرانه خرید ضعیف (0.64 در ۲۰ روز) | 93٪ بالای MA200 | سرانه خرید ضعیف (0.42) | واگرایی منفی | حد ضرر دور (7.3٪) | نقدشوندگی کمتر از ۱۰ میلیارد تومان | صف فروش در ۵ روز اخیر
سشرق,سیمان‌ شرق‌,سیمان، آهک و گچ,50.4,خنثی,100,73,7.3,16,28520,20261010,5.5,8.3,62.4,-4,11.8,23.8,80.9,72.1,3,0,true,34.4,3.31,above,-0.1,0.89,27445,,-16.72,-43.7,0.97,-12.44,34.89,3056,9.33,7.14,30.7,27576,26973,31352,33241,1.83,خروج مستمر پول حقیقی | 81٪ بالای MA200
ساربیل,سیمان آرتا اردبیل,سیمان، آهک و گچ,50.4,خنثی,83,70,12,34,89930,20261010,2.4,-0.3,22.3,-44.1,4.7,6.2,20.4,58.5,1,0,true,15.2,3.45,above,-11.3,1.59,88300,90970,-5.91,-1.15,0.68,-7.95,4.63,11188,8.04,7.14,12.6,88300,86749,90970,98760,0.33,سرانه خرید ضعیف (0.68) | نقدشوندگی کمتر از ۱۰ میلیارد تومان | شناوری کم (10٪)
غپونه,نوش پونه مشهد,محصولات غذایی و آشامیدنی به جز قند و شکر,50.3,خنثی,80,55,4.4,57,8770,20261010,-3.1,0.9,6.8,-59.7,0,2.4,68.2,52.2,4,0,false,14.3,3.51,above,-11.2,0.72,8504,9110,-4.28,-8.61,0.95,-3.12,12.13,1310,6.69,7.05,-5,8504,8350,9110,9290,0.81,بدون روند (ADX پایین) | 68٪ بالای MA200
فماک,ماداکتو استیل کرد,فلزات اساسی,50.3,خنثی,100,75,12.1,9,32820,20261010,1.2,16.2,111.3,44.9,3.7,27.3,123.3,65.9,7,1,false,54.3,3.36,above,-4.7,0.91,31022,34240,-1.08,-10.7,1.19,-13.13,10.66,2086,15.73,8.05,95.4,31718,30471,34240,36443,0.6,واگرایی منفی RSI | خروج مستمر پول حقیقی | سهم صفی: 7 روز از ۲۰ روز در صف (ریسک نقدشوندگی و اجرای حد ضرر) | رشد عمودی (111٪ در ۶۰ روز، 27٪ بالای MA50) | 123٪ بالای MA200 | واگرایی منفی | حد ضرر دور (7.2٪) | صف فروش در ۵ روز اخیر
سبهان,سیمان‌ بهبهان‌,سیمان، آهک و گچ,50.3,خنثی,74,45,6.2,70,6120,20261010,5.7,-4.5,18.1,-48.3,3,6.7,38.9,58,1,0,false,17.5,3.27,inside,-20.9,0.86,5770,6700,-5.65,-4.23,0.93,-5.09,10.9,989,6.19,7.14,-13.3,5920,5670,6700,7735,1.29,حد ضرر دور (7.4٪)
نیروترانسفو,کارخانجات تولیدی نیروترانسفو,ماشین آلات و دستگاه‌های برقی,50.3,خنثی,85,45,37,26,26180,20261010,6,-2.3,48.7,-17.8,-0.5,4.2,,55.4,8,0,false,23.7,3.22,above,-13.1,0.84,23950,27510,-3.27,-39.63,5.89,46.23,31.12,2731,9.59,5.95,61.1,25336,24069,27510,30140,0.63,واگرایی منفی RSI | خروج مستمر پول حقیقی | سهم صفی: 8 روز از ۲۰ روز در صف (ریسک نقدشوندگی و اجرای حد ضرر) | 225٪ بالای کف ۵۲ هفته | واگرایی منفی | حد ضرر دور (8.1٪)
ثنام,س ساختمانی ب نام آوران مهندسی,انبوه سازی، املاک و مستغلات,50.1,خنثی,100,58,64,10,2532,20261010,8.7,26.7,59.5,-6.9,12.6,31.2,78,85.3,4,0,true,63.5,3.53,above,0,0.6,2253,,3.1,-7.6,3.29,6.12,2.67,,,,,2443,2353,2800,2979,1.5,نقدشوندگی پایین | اشباع خرید | خروج مستمر پول حقیقی | بدون EPS مثبت | رشد عمودی (60٪ در ۶۰ روز، 31٪ بالای MA50) | 78٪ بالای MA200 | حد ضرر دور (7.1٪) | نقدشوندگی کمتر از ۱۰ میلیارد تومان
غگرجی,بیسکویت‌  گرجی‌,محصولات غذایی و آشامیدنی به جز قند و شکر,50.1,خنثی,81,70,33,14,4060,20261010,1.5,-2.4,51.8,-14.6,2.9,1.8,79.1,53.6,4,0,true,29.2,3.3,inside,-13.8,1.36,3510,4710,-5.42,-3.12,1.67,-3.26,3.87,45,90.22,8.53,957.7,3926,3792,4710,4978,2.42,P/E بالا (90) | 79٪ بالای MA200 | نقدشوندگی کمتر از ۱۰ میلیارد تومان
تملت,تامین سرمایه بانک ملت,فعالیتهای کمکی به نهادهای مالی واسط,50,خنثی,90,35,36,68,2189,20261010,-3.8,-0.3,31.5,-34.9,-0.4,8.5,45.5,56.7,0,0,false,38.3,2.7,above,-6,0.86,2078,2328,-3.57,-12.56,1.63,0.99,1.7,517,4.23,5.92,-28.5,2130,2049,2328,2447,0.99,نقدشوندگی پایین | واگرایی منفی RSI | خروج مستمر پول حقیقی | واگرایی منفی | نقدشوندگی کمتر از ۱۰ میلیارد تومان | شناوری کم (4٪)
بالبر,کابل‌ البرز,ماشین آلات و دستگاه‌های برقی,50,خنثی,60,45,67.9,24,27120,20261010,-0.8,-2.7,9.9,-56.5,-1,6.5,4.7,52.3,0,0,false,18.6,3.63,above,-35.8,0.78,26640,27760,3.27,3.78,1.24,2.97,5.13,309,87.77,6.15,1327.1,26640,26148,27760,28544,0.66,P/E بالا (88) | توزیع: ورود حقیقی با سرانه خرید ضعیف (0.87 در ۲۰ روز) | نقدشوندگی کمتر از ۱۰ میلیارد تومان
بجهرم,توسعه مولد نیروگاهی جهرم,عرضه برق، گاز، بخاروآب گرم,49.9,خنثی,85,30,26.7,47,3060,20261010,0,-9.5,25.8,-40.6,-2,1.7,46.1,49.7,1,0,false,23.1,3.39,above,-13.1,1.14,2980,3190,-6.98,-35.95,1.21,19.55,27.9,334,9.16,10.04,-8.7,2980,2928,3190,3400,0.99,خروج مستمر پول حقیقی
وامید,گروه مدیریت سرمایه گذاری امید,شرکتهای چند رشته ای صنعتی,49.9,خنثی,100,35,1.5,50,5900,20261010,-1.7,-0.5,-1.4,-67.8,0.3,8,22.8,55.2,0,0,false,25.2,2.54,above,-9.2,0.86,5772,6105,-26.63,-240.14,0.62,-33.63,39.65,638,9.25,10.88,-15,5772,5697,6105,6220,1.01,واگرایی منفی RSI | خروج مستمر پول حقیقی | سرانه خرید ضعیف (0.62) | واگرایی منفی | شناوری کم (6٪)
غمارگ,مارگارین,محصولات غذایی و آشامیدنی به جز قند و شکر,49.9,خنثی,85,40,30.4,35,2372,20261010,-7.6,-11.2,72.9,6.5,-10.3,7.3,66.3,43.3,11,0,false,40.5,3.58,above,-21,1.15,1860,2497,-1.14,18.31,0.92,-13.43,17.53,120,19.77,,,2287,2202,2497,2683,0.74,سهم صفی: 11 روز از ۲۰ روز در صف (ریسک نقدشوندگی و اجرای حد ضرر) | 66٪ بالای MA200 | حد ضرر دور (7.2٪)
پکرمان,گروه‌ صنعتی‌ بارز,لاستیک و پلاستیک,49.8,خنثی,100,65,3.4,24,8670,20261010,7.4,21.1,55.9,-10.5,11.7,22,32,73.2,4,0,true,38,2.86,above,0,1.05,8260,,-52.59,-107.69,0.85,-22.08,29.39,953,9.1,8.21,10.8,8422,8136,9414,9910,1.39,واگرایی منفی RSI | خروج مستمر پول حقیقی | واگرایی منفی
کپشیر,پشم‌شیشه‌ایران‌,سایر محصولات کانی غیرفلزی,49.8,خنثی,100,70,19,4,36310,20261010,14.8,40.1,225.5,159.1,23.4,57,185,87.2,7,0,true,71.6,3.14,above,0,1.02,28982,,-41.55,28.67,0.76,-100.19,39.63,1532,23.7,12.75,85.9,35169,34028,39733,42016,1.5,اشباع خرید | فاصله زیاد از MA20 | سهم صفی: 7 روز از ۲۰ روز در صف (ریسک نقدشوندگی و اجرای حد ضرر) | رشد عمودی (226٪ در ۶۰ روز، 57٪ بالای MA50) | توزیع: ورود حقیقی با سرانه خرید ضعیف (0.59 در ۲۰ روز) | 185٪ بالای MA200 | سرانه خرید ضعیف (0.76)
وآتوس,گروه سرمایه گذاری توسکا,سرمایه گذاریها,49.7,خنثی,85,63,56.4,10,1594,20261006,8.3,11.8,59.9,-6.5,4.7,12.4,5.9,60.1,3,0,false,27.1,3.26,above,-38.6,1.1,1572,1666,1.46,7.02,0.96,-3.99,6.68,,,,,1572,1546,1666,1714,1.51,بدون EPS مثبت | توزیع: ورود حقیقی با سرانه خرید ضعیف (0.86 در ۲۰ روز) | نقدشوندگی کمتر از ۱۰ میلیارد تومان | آخرین معامله 20261006 (متوقف یا کم‌معامله)
ثجوان,تامین مسکن جوانان,انبوه سازی، املاک و مستغلات,49.7,خنثی,90,45,29.7,25,2208,20261010,-3.1,7.8,24.9,-41.5,-0.8,10.1,39.6,52.4,0,0,false,32.9,3.6,above,-9.5,0.57,2152,2440,-0.86,-2.66,1.37,1.38,3.03,167,13.22,,,2152,2112,2440,2598,2.42,نقدشوندگی کمتر از ۱۰ میلیارد تومان
سباقر,سیمان باقران,سیمان، آهک و گچ,49.6,خنثی,100,75,2.5,16,408000,20261010,0.2,7.1,122.7,56.3,4.9,24.1,157.3,66.5,7,0,false,48,3.37,above,-3.1,1.19,384600,421000,-26.39,-75.53,0.64,-237.6,115.6,44486,9.17,6.69,37.1,394244,377722,421000,448512,0.43,واگرایی منفی RSI | سهم صفی: 7 روز از ۲۰ روز در صف (ریسک نقدشوندگی و اجرای حد ضرر) | رشد عمودی (123٪ در ۶۰ روز، 24٪ بالای MA50) | 157٪ بالای MA200 | سرانه خرید ضعیف (0.64) | واگرایی منفی | حد ضرر دور (7.4٪)
شوینده,مدیریت صنعت شوینده ت.ص.بهشهر,محصولات شیمیایی,49.6,خنثی,100,85,6.3,4,51710,20261010,13.7,19.3,84.2,17.7,14.3,23.4,83.5,76.4,5,0,true,33.9,2.9,above,-0.1,0.71,48510,,-21.07,-54.28,0.99,-11,14.34,1772,29.18,9.63,203,50212,47965,56204,59200,1.2,خروج مستمر پول حقیقی | 84٪ بالای MA200 | حد ضرر دور (7.2٪)
لپیام,گسترش صنایع پیام,ساخت دستگاه‌ها و وسایل ارتباطی,49.6,خنثی,100,70,2.2,20,150200,20261010,15.4,41.3,236.5,170.1,19.6,59.8,158.5,89.5,7,0,true,74.9,2.64,above,-0.2,0.58,130000,,-2.8,-38.35,0.85,-5.45,10.61,123,1221.14,,,146239,142279,162082,170003,1.5,اشباع خرید | فاصله زیاد از MA20 | خروج مستمر پول حقیقی | سهم صفی: 7 روز از ۲۰ روز در صف (ریسک نقدشوندگی و اجرای حد ضرر) | رشد عمودی (236٪ در ۶۰ روز، 60٪ بالای MA50) | P/E بالا (1221) | 158٪ بالای MA200
چنوپا,نیوپان‌ 22 بهمن‌,محصولات چوبی,49.5,خنثی,63,55,38.6,40,16560,20261010,0.7,7,13.1,-53.3,1.5,5.3,-14.6,53.6,3,0,false,19.7,3.36,above,-50.2,0.96,16250,16879,0,9.89,1.14,3.52,11.74,620,26.71,,,16250,15972,16879,17439,0.54,
ثشاهد,سرمایه‌ گذاری‌ شاهد,انبوه سازی، املاک و مستغلات,49.5,خنثی,95,55,36,4,12300,20261010,8.3,9.1,40.8,-25.6,3.8,16.8,48.9,62.6,5,0,false,31.3,3.21,above,-5,0.87,11586,12952,-3.08,-89.61,1.63,29.38,51.26,560,21.96,6.61,232.3,11906,11389,12952,13741,0.72,واگرایی منفی RSI | خروج مستمر پول حقیقی | 155٪ بالای کف ۵۲ هفته | واگرایی منفی | حد ضرر دور (7.4٪)
تمحرکه,ماشین سازی نیرو محرکه,ماشین آلات و تجهیزات,49.5,خنثی,95,55,50,30,9330,20261010,8.7,10,50.6,-15.8,2.6,16,25.9,62.5,7,0,false,39.9,3,above,-10.2,0.99,9057,9486,0,0.01,4.14,0.25,1.63,5,1866,,,9057,8917,9486,9747,0.38,نقدشوندگی پایین | سهم صفی: 7 روز از ۲۰ روز در صف (ریسک نقدشوندگی و اجرای حد ضرر) | P/E بالا (1866) | نقدشوندگی کمتر از ۱۰ میلیارد تومان
قشکر,شکر,قند و شکر,49.4,خنثی,95,53,31.4,10,5400,20261010,3.3,-3.4,60.2,-6.2,0.4,12.1,62.1,57.6,6,0,false,26.7,3.15,above,-13.2,0.98,4907,6220,0.73,-1.84,0.97,-5.8,5.88,,,9.8,,5230,4975,6220,6560,1.93,بدون EPS مثبت | سهم صفی: 6 روز از ۲۰ روز در صف (ریسک نقدشوندگی و اجرای حد ضرر) | 62٪ بالای MA200 | حد ضرر دور (7.9٪) | نقدشوندگی کمتر از ۱۰ میلیارد تومان
خودرو,ایران‌ خودرو,خودرو و ساخت قطعات,49.4,خنثی,95,70,17.7,10,747,20261010,5.8,-2.2,29.7,-36.7,5.9,11.4,32.5,63.2,1,0,true,27.6,3.25,above,-5,1.34,730,786,-287.96,-250.83,0.99,-403.8,597.96,,,,,730,718,786,834,1.34,واگرایی منفی RSI | بدون EPS مثبت | واگرایی منفی
فالوم,آلومتک,فلزات اساسی,49.4,خنثی,100,45,31.6,10,1469,20261010,-1.7,23.8,43.7,-22.7,2.1,24.4,27.1,63.9,9,0,false,38.4,2.83,above,-22.5,0.69,1433,1551,-0.5,17.49,1,-5.31,14.45,,,8.05,,1433,1412,1551,1848,1.44,بدون EPS مثبت | سهم صفی: 9 روز از ۲۰ روز در صف (ریسک نقدشوندگی و اجرای حد ضرر) | توزیع: ورود حقیقی با سرانه خرید ضعیف (0.77 در ۲۰ روز)
ثمسکن,سرمایه‌گذاری‌ مسکن‌,انبوه سازی، املاک و مستغلات,49.3,خنثی,100,80,4.3,9,3480,20261010,0.6,6.4,38.5,-27.9,5,13.8,48,63.9,1,0,true,36.3,3.12,above,-1.7,0.86,3440,3540,-41.1,-142.72,0.89,-43.18,25.81,226,15.4,6.61,133,3440,3386,3540,3757,0.64,خروج مستمر پول حقیقی
لازما,کارخانه های صنعتی آزمایش,ماشین آلات و تجهیزات,49.3,خنثی,100,70,1.1,20,240100,20261010,14.1,35.6,217.6,151.1,17,52.7,170.3,87.5,11,0,true,72.5,2.77,above,0,0.53,214400,,-8.31,-49.24,0.83,-4.13,10.37,4652,51.61,,,233440,226780,260080,273400,1.5,اشباع خرید | فاصله زیاد از MA20 | خروج مستمر پول حقیقی | سهم صفی: 11 روز از ۲۰ روز در صف (ریسک نقدشوندگی و اجرای حد ضرر) | رشد عمودی (218٪ در ۶۰ روز، 53٪ بالای MA50) | P/E بالا (52) | 170٪ بالای MA200
اوان,مبین وان کیش,اطلاعات و ارتباطات,49.1,خنثی,95,45,32.6,14,14610,20261010,6.6,-6.8,45.8,-20.6,1.6,10.1,76.2,55.7,0,0,false,26.1,3.9,above,-11.2,1.15,13595,14800,-1.41,-16.87,1.44,6.33,8.21,8,1826.25,11.65,15576,14040,13310,14800,16460,0.15,خروج مستمر پول حقیقی | P/E بالا (1826) | 76٪ بالای MA200 | حد ضرر دور (8.9٪) | نقدشوندگی کمتر از ۱۰ میلیارد تومان
غبشهر,صنعتی‌ بهشهر,محصولات غذایی و آشامیدنی به جز قند و شکر,49.1,خنثی,100,65,0.5,24,19100,20261010,-1.4,6.6,206.6,140.2,3.8,29.2,203.8,66.9,3,0,false,68.7,3.08,above,-3.1,0.86,16520,19540,-13.93,-138.52,0.69,-89.44,80.88,2019,9.46,8.53,10.9,18512,17923,19540,20717,0.37,خروج مستمر پول حقیقی | رشد عمودی (207٪ در ۶۰ روز، 29٪ بالای MA50) | 204٪ بالای MA200 | سرانه خرید ضعیف (0.69)
ولقمان,گروه سرمایه گذاری لقمان,سرمایه گذاریها,49.1,خنثی,100,50,71.5,25,4090,20261006,11.6,24.2,42.2,-24.2,11,27.2,65.7,93.8,5,0,true,69.3,1.76,above,-1.4,1.36,3760,,0.41,-1.23,2.76,0.59,0.31,243,16.83,,,4018,3946,4306,4450,1.5,نقدشوندگی پایین | اشباع خرید | خروج مستمر پول حقیقی | 66٪ بالای MA200 | نقدشوندگی کمتر از ۱۰ میلیارد تومان | آخرین معامله 20261006 (متوقف یا کم‌معامله)
بایکا,کارخانجات کابلسازی ‌ایران‌,ماشین آلات و دستگاه‌های برقی,49.1,خنثی,100,55,52.3,20,29900,20261010,3.4,26,21.3,-45.1,7.5,19.7,36,73.1,1,0,true,35.4,3.43,above,-4.3,0.88,28678,,0.55,-3.44,1.25,0.63,0.96,523,57.17,,,28875,28166,32974,35023,1.77,نقدشوندگی پایین | خروج مستمر پول حقیقی | P/E بالا (57) | نقدشوندگی کمتر از ۱۰ میلیارد تومان
زمگسا,کشاورزی‌ ودامپروی‌ مگسال‌,زراعت و خدمات وابسته,49,خنثی,100,73,1.5,16,116800,20261010,7.3,23.5,66.3,-0.1,14.9,25.1,86,74,7,0,true,34.9,3,above,-0.3,1.14,105920,,-27.61,-46.34,0.44,-26.06,13.29,12169,9.6,6.33,51.6,113295,109789,127316,134327,1.5,واگرایی منفی RSI | خروج مستمر پول حقیقی | سهم صفی: 7 روز از ۲۰ روز در صف (ریسک نقدشوندگی و اجرای حد ضرر) | 86٪ بالای MA200 | سرانه خرید ضعیف (0.44) | واگرایی منفی
ولانا,شرکت لیزینگ آریا دانا,سایر واسطه گریهای مالی,48.9,خنثی,100,55,21.8,10,5230,20261010,3.8,14.9,55.6,-10.8,3.1,17.2,29.8,61.8,7,0,false,41.7,3.33,above,-8.4,0.38,4937,5710,-0.4,2.33,1.03,-0.24,3.34,,,,,5056,4850,5710,6059,1.26,بدون EPS مثبت | سهم صفی: 7 روز از ۲۰ روز در صف (ریسک نقدشوندگی و اجرای حد ضرر) | حد ضرر دور (7.3٪) | نقدشوندگی کمتر از ۱۰ میلیارد تومان
وپست,پست بانک ایران,بانکها و موسسات اعتباری,48.8,خنثی,83,55,4.8,47,10500,20261010,3,5.8,22,-44.4,3.3,8,63.7,60.2,0,0,false,18,3.61,above,-5.6,0.74,10250,11120,-34.76,-51.6,0.93,-25.22,38.98,2033,5.16,5.4,-4.4,10250,10061,11120,11878,1.41,خروج مستمر پول حقیقی | 64٪ بالای MA200
وفیروزه,گروه توسعه مالی فیروزه,سرمایه گذاریها,48.8,خنثی,88,80,36.5,9,5640,20261007,7,10.2,33,-33.4,7.2,12,,65.7,3,0,true,15.9,2.94,above,-0.7,0.87,5495,,-0.05,-64.62,14.26,48.94,14.57,451,12.51,7.13,75.4,5495,5412,6138,6470,2.18,واگرایی منفی RSI | خروج مستمر پول حقیقی | واگرایی منفی | آخرین معامله 20261007 (متوقف یا کم‌معامله)
بسویچ,پارس‌سویچ‌,ماشین آلات و دستگاه‌های برقی,48.7,خنثی,85,45,53,44,5080,20261010,3.7,-5,51.2,-15.2,-0.2,10.6,48.3,57.6,0,0,false,30.7,3.47,above,-10.6,0.94,4940,5200,0.82,-3.97,1.26,0.88,1.95,676,7.51,6.15,22.2,4940,4852,5200,5510,0.53,نقدشوندگی پایین | خروج مستمر پول حقیقی | نقدشوندگی کمتر از ۱۰ میلیارد تومان
ثعتما,س. ساختمانی اعتماد گستر,انبوه سازی، املاک و مستغلات,48.7,خنثی,100,90,32.9,10,49460,20261010,-1.9,29.2,99.9,33.4,9.4,24.1,63.2,69,2,1,true,53.3,3.71,above,-7.1,0.83,42154,,-0.98,-1.73,1.52,2.4,1.69,,,,,47624,45788,54968,58640,1.5,نقدشوندگی پایین | واگرایی منفی RSI | خروج مستمر پول حقیقی | بدون EPS مثبت | 63٪ بالای MA200 | واگرایی منفی | حد ضرر دور (7.4٪) | نقدشوندگی کمتر از ۱۰ میلیارد تومان | صف فروش در ۵ روز اخیر
بموتو,موتوژن‌,ماشین آلات و دستگاه‌های برقی,48.7,خنثی,100,73,0.5,16,3970,20261010,9.7,8.8,66.1,-0.3,14.1,22.9,73.8,76.7,1,0,true,42.1,3.23,above,-1.5,0.93,3890,,-23.17,-7.55,0.7,-12.56,10.81,484,8.2,6.15,33.4,3890,3826,4355,4611,2.67,74٪ بالای MA200 | سرانه خرید ضعیف (0.70) | شناوری کم (14٪)
ثپردیس,سرمایه گذاری مسکن پردیس,انبوه سازی، املاک و مستغلات,48.7,خنثی,90,55,28.8,14,4590,20261010,2.7,1.1,53.5,-12.9,-1.7,9.5,49.8,55.2,3,0,false,43.2,3.63,above,-11.7,0.57,4370,5200,-8.64,82.4,0.93,-10.42,23.94,117,39.23,23.59,66.3,4423,4287,5200,5533,2.01,P/E بالا (39)
غپآذر,شیر پگاه آذربایجان شرقی,محصولات غذایی و آشامیدنی به جز قند و شکر,48.6,خنثی,100,70,2.5,16,36100,20261010,14.9,31,173.3,106.9,20.6,48.2,153.4,87.8,6,0,true,61.2,3.05,above,0,0.97,30500,,-15.44,-53.27,0.79,-26.49,21.01,3220,11.21,7.05,59,34999,33898,39404,41606,1.5,اشباع خرید | فاصله زیاد از MA20 | خروج مستمر پول حقیقی | سهم صفی: 6 روز از ۲۰ روز در صف (ریسک نقدشوندگی و اجرای حد ضرر) | رشد عمودی (173٪ در ۶۰ روز، 48٪ بالای MA50) | 153٪ بالای MA200 | سرانه خرید ضعیف (0.79)
کهرام,تولیدی گرانیت بهسرام,کاشی و سرامیک,48.6,خنثی,100,55,60.5,10,35580,20261010,0.1,14.8,50.2,-16.2,6.5,21.7,52.7,75.8,8,0,true,60.8,2.41,above,-4.3,1.4,32339,,0,0.05,2.6,1.61,0.7,,,,,34721,33862,38157,39874,1.5,نقدشوندگی پایین | بدون EPS مثبت | سهم صفی: 8 روز از ۲۰ روز در صف (ریسک نقدشوندگی و اجرای حد ضرر) | 53٪ بالای MA200 | نقدشوندگی کمتر از ۱۰ میلیارد تومان
خساپا,سایپا,خودرو و ساخت قطعات,48.6,خنثی,83,45,48.8,10,710,20261010,3.2,-7.6,27.7,-38.7,0.3,8.1,31.2,55.5,0,0,false,19.3,3.48,above,-9.9,0.85,670,788,109.55,41.84,1.01,-12.89,384.97,,,,,685,658,788,837,1.49,بدون EPS مثبت | توزیع: ورود حقیقی با سرانه خرید ضعیف (0.70 در ۲۰ روز) | حد ضرر دور (7.4٪)
دامین,داروسازی‌ امین‌,مواد و محصولات دارویی,48.4,خنثی,100,85,1.5,4,19080,20261010,8.4,24.1,70.4,3.9,16.4,21.3,69.2,74.5,4,1,true,42.4,3.01,above,-2.8,0.99,17190,,-24.98,-32.61,0.69,-41.34,39.38,378,50.48,12.91,291,18505,17931,20804,21953,1.5,فاصله زیاد از MA20 | P/E بالا (50) | 69٪ بالای MA200 | سرانه خرید ضعیف (0.69) | صف فروش در ۵ روز اخیر
شلرد,کود شیمیایی اوره لردگان,محصولات شیمیایی,48.4,خنثی,100,45,27.5,10,3600,20261010,-3.7,24.1,44.5,-22,2.8,28.3,94.2,63.3,8,0,false,47.5,3.09,above,-9.1,0.98,3160,3960,-37.01,109.26,0.74,-108.06,65.35,,,,,3489,3377,3960,4183,1.62,بدون EPS مثبت | سهم صفی: 8 روز از ۲۰ روز در صف (ریسک نقدشوندگی و اجرای حد ضرر) | 94٪ بالای MA200 | سرانه خرید ضعیف (0.74)
بمیلا,توسعه سرمایه گذاری میلاد پارس,تجارت عمده فروشی به جز وسایل نقلیه موتور,48.4,خنثی,80,45,51.5,10,7230,20261010,-3.6,-3.9,13.7,-52.7,-4.1,7.5,3.1,50.1,7,2,false,28.6,3.47,above,-37.9,0.82,6970,7950,0.22,14.89,0.39,-20.27,9.29,,,,,6979,6845,7950,8250,1.87,بدون EPS مثبت | سهم صفی: 7 روز از ۲۰ روز در صف (ریسک نقدشوندگی و اجرای حد ضرر) | توزیع: ورود حقیقی با سرانه خرید ضعیف (0.69 در ۲۰ روز) | سرانه خرید ضعیف (0.39) | نقدشوندگی کمتر از ۱۰ میلیارد تومان | صف فروش در ۵ روز اخیر
قزوین,کارخانجات‌ قند قزوین‌,قند و شکر,48.3,خنثی,90,45,12.3,37,12560,20261010,2.7,-0.4,36.5,-29.9,-0.5,5.1,52.1,55.4,0,0,false,30.5,3.19,above,-9.8,1.69,12153,12825,-1.6,-7.03,0.85,-3.07,4.17,1403,8.95,9.8,-8.7,12160,11953,12825,13920,0.44,خروج مستمر پول حقیقی | 52٪ بالای MA200 | نقدشوندگی کمتر از ۱۰ میلیارد تومان
خزر,فنرسازی‌زر,خودرو و ساخت قطعات,48.2,خنثی,85,45,2.9,52,2099,20261010,2.7,-14.8,48.7,-17.7,-1.9,4.8,46.6,52,2,0,false,23.2,3.52,above,-17.3,0.93,1975,2537,-1.66,-9.65,0.86,-10.98,11.11,394,5.33,,,2025,1938,2537,2685,2.71,حد ضرر دور (7.7٪)
دفرا,فرآورده‌های‌ تزریقی‌ ایران‌,مواد و محصولات دارویی,48.2,خنثی,46,70,54.6,27,49270,20261010,-0.4,-1,15.4,-51,2,-1.3,76.1,51.3,4,0,true,18.5,3.53,inside,-12,0.58,46845,50383,4.53,51.3,0.87,-3.03,11.96,3353,14.69,12.91,13.8,47530,45975,50383,51190,0.34,توزیع: ورود حقیقی با سرانه خرید ضعیف (0.72 در ۲۰ روز) | 76٪ بالای MA200
وایرا,سرمایه گذاری صنایع ایران,سرمایه گذاریها,48.1,خنثی,100,55,36.5,32,3570,20261010,-0.3,0.8,28,-38.4,1.4,9.7,22.5,59,1,0,false,22,3.01,above,-5.9,0.66,3450,3633,-1.08,-4.49,1.64,2.85,2.51,399,8.95,,,3463,3396,3633,3772,0.37,نقدشوندگی پایین | خروج مستمر پول حقیقی | نقدشوندگی کمتر از ۱۰ میلیارد تومان
ودانا,سرمایه گذاری دانایان,سرمایه گذاریها,48,خنثی,100,65,35,25,5990,20261010,10.6,15.9,52.5,-14,8.6,24.5,34.7,74.3,4,0,true,51.3,3.04,above,-8.9,0.76,5923,6051,0,0,1.65,1.21,1.99,487,12.3,,,5923,5832,6051,6574,0.39,نقدشوندگی پایین | نقدشوندگی کمتر از ۱۰ میلیارد تومان
سنیر,سیمان‌ سفید نی‌ریز,سیمان، آهک و گچ,47.9,خنثی,73,70,1,47,7050,20261010,5.1,-4,34,-32.4,2.9,1.1,51.4,55.7,1,0,true,13.5,3.58,above,-9.4,1.1,6415,7380,-12.3,-20.53,0.75,-11.76,8.97,963,7.32,7.14,2.5,6798,6419,7380,7550,0.52,خروج مستمر پول حقیقی | بدون روند (ADX پایین) | 51٪ بالای MA200 | سرانه خرید ضعیف (0.75) | حد ضرر دور (8.9٪) | نقدشوندگی کمتر از ۱۰ میلیارد تومان | واگرایی مثبت RSI
قرن,پدیده شیمی قرن,محصولات شیمیایی,47.6,خنثی,100,55,2.5,24,25710,20261010,0.5,7.5,56.1,-10.3,4.2,12.8,92.9,61,4,0,false,32.3,3.07,above,-3.7,1.16,24160,26250,-9.34,-57.49,0.76,-13.95,19.37,2371,10.84,9.63,12.6,24920,23765,26250,26690,0.28,خروج مستمر پول حقیقی | 93٪ بالای MA200 | سرانه خرید ضعیف (0.76) | حد ضرر دور (7.6٪)
دتماد,تولیدمواداولیه‌داروپخش‌,مواد و محصولات دارویی,47.4,خنثی,70,35,17.5,60,55140,20261010,-8.3,-3.1,41.2,-25.2,-0.5,5.2,97.5,50.2,3,0,false,22.4,3.51,above,-10.5,1.13,49000,61295,-32.76,11.45,0.51,-65.77,27.79,5718,9.64,12.91,-25.3,53207,51274,61295,65161,1.59,توزیع: ورود حقیقی با سرانه خرید ضعیف (0.67 در ۲۰ روز) | 98٪ بالای MA200 | سرانه خرید ضعیف (0.51) | حد ضرر دور (7.0٪)
قلرست,قند لرستان‌,قند و شکر,47.4,خنثی,65,45,28.5,47,28690,20261010,-3.4,-8.5,45.3,-21.2,-2,9.4,89.8,53.9,4,1,false,27.9,3.34,above,-12.4,0.8,26418,29893,6.41,-11.73,0.71,-1.95,8.5,3057,9.39,9.8,-4.2,27731,26293,29893,32756,0.5,خروج مستمر پول حقیقی | 90٪ بالای MA200 | سرانه خرید ضعیف (0.71) | حد ضرر دور (8.4٪) | نقدشوندگی کمتر از ۱۰ میلیارد تومان | صف فروش در ۵ روز اخیر
افرا,افرانت,رایانه و فعالیت‌های وابسته به آن,47.3,خنثی,35,55,74,29,9120,20261010,2.1,-11,-18.7,-85.2,0.1,-13.2,26.5,43.5,3,1,true,32.6,3.52,below,-34.4,0.47,8365,9300,5.07,49.82,4.35,-3.37,26.55,605,15.07,8.89,69.6,8799,8318,9300,10020,0.22,توزیع: ورود حقیقی با سرانه خرید ضعیف (0.59 در ۲۰ روز) | 199٪ بالای کف ۵۲ هفته | حد ضرر دور (8.8٪) | صف فروش در ۵ روز اخیر
حپارسا,توسعه حمل و نقل ریلی پارسیان,حمل ونقل، انبارداری و ارتباطات,47.2,خنثی,100,53,2.5,24,22430,20261010,-4.3,1.3,63.7,-2.7,2.1,10,102.2,57.8,4,1,false,30.6,3.55,above,-4.7,0.74,21200,23370,-5.67,-3.59,0.5,-7.8,6.23,2511,8.93,7.68,16.3,21633,20801,23370,24964,0.58,واگرایی منفی RSI | 102٪ بالای MA200 | سرانه خرید ضعیف (0.50) | واگرایی منفی | حد ضرر دور (7.3٪) | نقدشوندگی کمتر از ۱۰ میلیارد تومان | صف فروش در ۵ روز اخیر
هرمز,فولاد هرمزگان جنوب,فلزات اساسی,47.1,خنثی,100,55,8.2,16,4630,20261010,2.4,8.2,49.4,-17.1,3.5,19.3,98.7,63.4,5,1,false,39.5,2.95,above,-3.3,0.64,4260,,-21.94,-205.15,1.03,-20.31,57.15,435,10.64,8.05,32.2,4493,4288,5040,5313,1.2,واگرایی منفی RSI | خروج مستمر پول حقیقی | 99٪ بالای MA200 | واگرایی منفی | حد ضرر دور (7.4٪) | صف فروش در ۵ روز اخیر
غفارس,شیر پاستوریزه پگاه فارس,محصولات غذایی و آشامیدنی به جز قند و شکر,47,خنثی,100,70,3,9,36730,20261010,11,39.8,227.1,160.7,19.5,54.7,210.3,90.8,9,0,true,75.9,2.65,above,-1.7,0.94,29560,,-9.33,-8.52,0.75,-23.76,17.39,1963,18.71,7.05,165.4,35756,34783,39651,41598,1.5,اشباع خرید | فاصله زیاد از MA20 | سهم صفی: 9 روز از ۲۰ روز در صف (ریسک نقدشوندگی و اجرای حد ضرر) | رشد عمودی (227٪ در ۶۰ روز، 55٪ بالای MA50) | 210٪ بالای MA200 | سرانه خرید ضعیف (0.75)
والبر,سرمایه‌ گذاری‌ البرز(هلدینگ‌,مواد و محصولات دارویی,47,خنثی,88,70,17.2,9,4010,20261010,-2,3.1,47.4,-19,3.4,7,52.5,55.7,1,0,true,15.9,3.24,above,-5.4,0.81,3865,4090,-35.84,2.73,0.81,-31.41,43.74,201,19.95,12.91,54.5,3880,3800,4090,4220,0.38,واگرایی منفی RSI | توزیع: ورود حقیقی با سرانه خرید ضعیف (0.78 در ۲۰ روز) | 52٪ بالای MA200 | واگرایی منفی
ثشرق,سرمایه گذاری مسکن شمال شرق,انبوه سازی، املاک و مستغلات,46.9,خنثی,56,50,76.5,24,6420,20261007,15.5,60.8,6.2,-60.2,27.5,26,-39.8,81.5,14,0,true,41.2,2.57,inside,-62.7,0.46,6306,7462,0.01,0.22,5.02,18.94,10.24,238,26.97,6.61,308.1,6306,6224,7462,8399,5.31,اشباع خرید | فاصله زیاد از MA20 | سهم صفی: 14 روز از ۲۰ روز در صف (ریسک نقدشوندگی و اجرای حد ضرر) | آخرین معامله 20261007 (متوقف یا کم‌معامله)
بمولد,مولد نیروگاهی تجارت فارس,عرضه برق، گاز، بخاروآب گرم,46.8,خنثی,56,30,62,34,8770,20261010,3.2,-6.8,30.7,-35.7,-0.3,0.5,45.5,49.8,2,0,false,20.7,3.38,inside,-13.9,1.03,8250,8950,1.46,-0.97,3.61,9.51,6.34,778,11.27,10.04,12.3,8473,8102,8950,9160,0.27,حد ضرر دور (7.6٪) | نقدشوندگی کمتر از ۱۰ میلیارد تومان
تکنار,مجتمع معادن مس تکنار,استخراج کانه های فلزی,46.8,خنثی,100,70,61,10,172100,20261003,15.7,67.1,172.1,105.7,27.1,74.4,160,98.7,17,0,true,72.9,2.41,above,0,0.25,73341,,0,3.98,3.76,1.6,1.55,,,,,167946,163791,184563,192871,1.5,نقدشوندگی پایین | اشباع خرید | فاصله زیاد از MA20 | بدون EPS مثبت | سهم صفی: 17 روز از ۲۰ روز در صف (ریسک نقدشوندگی و اجرای حد ضرر) | رشد عمودی (172٪ در ۶۰ روز، 74٪ بالای MA50) | 160٪ بالای MA200 | نقدشوندگی کمتر از ۱۰ میلیارد تومان | آخرین معامله 20261003 (متوقف یا کم‌معامله)
ومهان,گروه توسعه مالی مهرآیندگان,سرمایه گذاریها,46.6,خنثی,95,63,6,16,6090,20261010,2,10.7,59.8,-6.6,4.8,16.7,58.6,64.2,5,0,false,34.2,3.01,above,-3.9,1.19,5913,6340,-45.22,-274.89,0.96,-7.11,72.47,532,11.45,7.13,60.6,5913,5822,6340,6707,0.93,خروج مستمر پول حقیقی | 59٪ بالای MA200 | شناوری کم (10٪)
های وب,داده گسترعصرنوین-های وب,اطلاعات و ارتباطات,46.6,خنثی,100,45,20.4,10,470,20261010,0.9,-3.1,40.3,-26.1,1.3,13,30.4,59.2,1,0,false,35.3,3.3,above,-20.8,0.8,450,482,-2.22,7.35,0.94,-1.7,26.62,,,7.97,,454,442,482,499,0.43,بدون EPS مثبت | توزیع: ورود حقیقی با سرانه خرید ضعیف (0.85 در ۲۰ روز)
کسرام,پارس‌ سرام‌,سایر محصولات کانی غیرفلزی,46.5,خنثی,100,70,6.2,4,17870,20261010,8.6,23.8,75.2,8.8,19.2,33.7,82.9,81,1,0,true,42.4,3,above,-0.1,0.93,15720,,-1,-7.98,0.91,-4.01,10.21,697,25.64,12.75,101.1,17334,16798,19478,20550,1.5,اشباع خرید | فاصله زیاد از MA20 | رشد عمودی (75٪ در ۶۰ روز، 34٪ بالای MA50) | 83٪ بالای MA200
سخاش,سیمان‌خاش‌,سیمان، آهک و گچ,46.2,خنثی,83,45,2,47,13170,20261010,4.9,-3.6,20.9,-45.5,2.9,7.2,42.5,57.4,0,0,false,16.2,3.33,above,-8.9,0.73,12790,14045,-11.5,-69.3,0.74,-9.93,11.25,1929,6.83,7.14,-4.4,12790,12571,14045,14450,1.46,خروج مستمر پول حقیقی | 188٪ بالای کف ۵۲ هفته | سرانه خرید ضعیف (0.74) | واگرایی مثبت RSI
شبندر,پالایش نفت بندرعباس,فراورده های نفتی، کک و سوخت هسته ای,46.1,خنثی,100,45,1.5,47,14830,20261003,1.9,12.5,37.8,-28.6,0.5,14.4,91.2,57.7,2,0,false,47.8,3.61,above,-9.1,0.76,14250,16310,-156.81,-1120.42,0.59,-630.73,505.74,2555,5.8,6.26,-7.3,14295,13982,16310,17381,1.75,خروج مستمر پول حقیقی | 91٪ بالای MA200 | سرانه خرید ضعیف (0.59) | آخرین معامله 20261003 (متوقف یا کم‌معامله)
سخوز,سیمان خوزستان,سیمان، آهک و گچ,45.9,خنثی,65,45,9.5,60,100360,20261010,-2,-3.3,25.8,-40.6,-0.5,8.2,28.6,53.6,3,0,false,21.4,3.69,above,-9.6,1.06,94687,104105,-15.23,-36.04,1.1,-16.53,15.06,15662,6.41,7.14,-10.3,96654,92834,104105,105774,0.5,خروج مستمر پول حقیقی | حد ضرر دور (7.5٪)
برکت,گروه دارویی برکت,مواد و محصولات دارویی,45.9,خنثی,100,53,17,4,5050,20261010,1,-3.8,62.9,-3.5,1.4,11.4,65.9,56.4,3,0,false,26.8,3.25,above,-6.5,1.04,4850,5260,-13.91,7.81,0.79,-92.68,75.62,47,107.45,12.91,732.3,4886,4768,5260,5400,0.74,P/E بالا (107) | توزیع: ورود حقیقی با سرانه خرید ضعیف (0.67 در ۲۰ روز) | 66٪ بالای MA200 | سرانه خرید ضعیف (0.79)
رانفور,خدمات‌انفورماتیک‌,رایانه و فعالیت‌های وابسته به آن,45.8,خنثی,49,70,54.4,14,5130,20261010,4.7,-11.2,-10.3,-76.7,0,-2.3,29,50.1,1,0,true,13.4,3.48,inside,-13.8,0.86,4910,5263,1.26,-8.94,1.29,2.22,7.01,154,33.31,18.19,83.1,4951,4821,5263,5475,0.43,خروج مستمر پول حقیقی | بدون روند (ADX پایین) | P/E بالا (33) | نقدشوندگی کمتر از ۱۰ میلیارد تومان | شناوری کم (14٪)
دبالک,مواد اولیه دارویی البرز بالک,مواد و محصولات دارویی,45.8,خنثی,100,65,2.1,9,16880,20261010,-1.6,-1.6,157.7,91.3,5.1,23,148.1,64.5,7,0,false,37.2,3.35,above,-6.4,0.84,16170,17180,-45.18,-92.49,0.8,-45.13,46.21,1079,15.64,8.86,76.6,16315,15887,17180,18040,0.3,خروج مستمر پول حقیقی | سهم صفی: 7 روز از ۲۰ روز در صف (ریسک نقدشوندگی و اجرای حد ضرر) | رشد عمودی (158٪ در ۶۰ روز، 23٪ بالای MA50) | 148٪ بالای MA200
ددام,داروسازی زاگرس فارمد پارس,مواد و محصولات دارویی,45.8,خنثی,85,65,2,27,12790,20261010,-3.8,-6.8,93.5,27.1,-3.7,19.3,89.3,54.7,5,3,false,42.9,4.03,above,-14.6,0.58,12250,13570,-14.19,-75.62,0.29,-41.4,25.13,887,14.42,12.91,11.7,12275,11992,13570,14980,0.98,خروج مستمر پول حقیقی | 89٪ بالای MA200 | سرانه خرید ضعیف (0.29) | صف فروش در ۵ روز اخیر
وتجارت,بانک تجارت,بانکها و موسسات اعتباری,45.7,خنثی,95,45,7,26,934,20261010,1,-3.8,50.8,-15.6,1,7.7,64.8,54.7,1,0,false,30.1,3.43,above,-10.4,0.78,869,953,-203.48,-1676.65,1.04,-404.77,629.74,105,8.9,5.4,64.7,902,854,953,970,0.24,خروج مستمر پول حقیقی | 65٪ بالای MA200 | حد ضرر دور (8.6٪)
سیلام,سیمان‌ ایلام‌,سیمان، آهک و گچ,45.6,خنثی,100,55,9.5,9,23490,20261010,3.9,4.3,54.3,-12.1,5.6,13.2,43.2,62.8,1,0,false,20.2,3.52,above,0,0.91,20810,,-4.63,-17.58,1.1,-1.31,5.34,1179,19.92,7.14,179,22664,21838,25968,27620,1.5,واگرایی منفی RSI | خروج مستمر پول حقیقی | واگرایی منفی | حد ضرر دور (7.0٪) | نقدشوندگی کمتر از ۱۰ میلیارد تومان
رانیز,کارخانجات رینگ اسپرت نورنی ریز,خودرو و ساخت قطعات,45.6,خنثی,0,30,88.5,70,17830,20261010,-1.1,-7.4,4.2,-62.2,-1.5,-3.2,,46.7,0,0,false,14.6,2.78,,-10.7,0.87,17380,18025,37.26,49.63,6.56,76.91,24.64,3513,5.08,5.87,-13.5,17380,17132,18025,18570,0.28,بدون روند (ADX پایین)
پسهند,صنایع‌ لاستیکی‌  سهند,لاستیک و پلاستیک,45.6,خنثی,100,45,27.4,19,23980,20261006,3.1,3.1,38.5,-28,3.2,11.3,26.2,58.6,1,0,false,26.8,3.43,above,-10.6,0.58,23330,24580,-7.61,6.54,0.85,-4.83,6.23,1468,16.34,8.21,99,23330,22919,24580,27815,0.57,توزیع: ورود حقیقی با سرانه خرید ضعیف (0.88 در ۲۰ روز) | نقدشوندگی کمتر از ۱۰ میلیارد تومان | آخرین معامله 20261006 (متوقف یا کم‌معامله)
فباهنر,مس‌ شهیدباهنر,فلزات اساسی,45.5,خنثی,95,45,2,30,13110,20261010,3.5,-4.3,37.6,-28.9,3.5,11.9,52,60.2,2,0,false,20.4,3.15,above,-7.1,0.89,11950,14110,-61.35,-207.17,0.75,-115.68,90.17,1069,12.26,13.48,-9,12697,12076,14110,14937,0.97,خروج مستمر پول حقیقی | 52٪ بالای MA200 | سرانه خرید ضعیف (0.75) | حد ضرر دور (7.9٪)
وسنا,سرمایه گذاری نیروگاهی ایران,سرمایه گذاریها,45.4,خنثی,100,50,1.5,20,51620,20261010,-1,32.4,152.8,86.4,8.2,44.8,153.5,73.6,8,1,false,80.8,3.09,above,-5.1,1.38,24074,54370,-74.82,-110.96,0.53,-72.21,24.57,998,51.72,,,50027,48435,54370,57555,0.86,خروج مستمر پول حقیقی | سهم صفی: 8 روز از ۲۰ روز در صف (ریسک نقدشوندگی و اجرای حد ضرر) | رشد عمودی (153٪ در ۶۰ روز، 45٪ بالای MA50) | P/E بالا (52) | 153٪ بالای MA200 | سرانه خرید ضعیف (0.53) | صف فروش در ۵ روز اخیر
فروژ,صنایع فروآلیاژ ایران,فلزات اساسی,45.3,خنثی,100,65,5.3,4,2079,20261010,-6.3,37.2,135.4,69,6.1,36.6,93.7,69.3,14,1,false,73.2,3.27,above,-8.6,1.43,1426,2274,-13.84,-37.74,0.93,-4.78,17.72,46,45.2,8.05,461.4,2011,1943,2274,2410,1.44,خروج مستمر پول حقیقی | سهم صفی: 14 روز از ۲۰ روز در صف (ریسک نقدشوندگی و اجرای حد ضرر) | رشد عمودی (135٪ در ۶۰ روز، 37٪ بالای MA50) | P/E بالا (45) | 94٪ بالای MA200 | صف فروش در ۵ روز اخیر
بهپاک,صنعتی بهپاک,محصولات غذایی و آشامیدنی به جز قند و شکر,45.1,خنثی,41,30,17.1,90,15300,20261010,-4.5,-12.1,18.7,-47.7,-4.5,-2.7,59,43.7,2,0,false,15.1,3.43,inside,-16.7,1.09,15015,15700,-14.35,3.18,0.8,-41.94,25.33,3539,4.32,7.05,-38.7,15015,14753,15700,16300,0.73,توزیع: ورود حقیقی با سرانه خرید ضعیف (0.64 در ۲۰ روز) | 59٪ بالای MA200 | واگرایی مثبت RSI
پرداخت,به پرداخت ملت,رایانه و فعالیت‌های وابسته به آن,44.7,خنثی,65,30,23.9,53,6720,20261010,-3,-14.3,29.2,-37.2,-4.5,0.6,17.8,46.6,5,0,false,20.6,3.56,above,-16.9,0.74,6570,7100,-1.18,1.39,1.08,-7.24,6.86,481,13.97,18.19,-23.2,6570,6450,7100,7490,1.41,توزیع: ورود حقیقی با سرانه خرید ضعیف (0.67 در ۲۰ روز) | نقدشوندگی کمتر از ۱۰ میلیارد تومان | شناوری کم (5٪)
وپترو,سرمایه‌گذاری صنایع پتروشیمی‌,محصولات شیمیایی,44.6,خنثی,65,65,1.5,47,75390,20261010,-2.1,-12.7,87,20.6,-5.5,14.7,72.4,50.9,7,1,false,39.5,3.46,above,-15.2,1.42,72490,84400,-107.75,-395.86,0.49,-137.51,65.5,7753,9.72,9.63,1,72782,71186,84400,88910,2.14,خروج مستمر پول حقیقی | سهم صفی: 7 روز از ۲۰ روز در صف (ریسک نقدشوندگی و اجرای حد ضرر) | 72٪ بالای MA200 | سرانه خرید ضعیف (0.49) | صف فروش در ۵ روز اخیر
فبستم,صنایع ‌بسته‌بندی‌ مشهد,ساخت محصولات فلزی,44.5,خنثی,50,30,64,30,16070,20261010,0.5,-10.8,11.6,-54.8,-6,-1.3,4.2,44,1,0,false,19,4.17,above,-18.2,1.56,15862,16285,7.47,12.87,0.77,-7.45,3.75,396,40.58,,,15862,15527,16285,16648,0.4,P/E بالا (41) | توزیع: ورود حقیقی با سرانه خرید ضعیف (0.57 در ۲۰ روز) | سرانه خرید ضعیف (0.77) | نقدشوندگی کمتر از ۱۰ میلیارد تومان
وملت,سرمایه گذاری ملت,سرمایه گذاریها,44.3,خنثی,100,50,45,32,4470,20260922,4,10.6,30.6,-35.8,5.1,11.8,23,99.4,20,0,true,92.6,0.86,above,-0.7,1.92,3935,,0,0,5.58,0.53,0.07,491,9.1,,,4432,4394,4585,4661,1.5,نقدشوندگی پایین | اشباع خرید | سهم صفی: 20 روز از ۲۰ روز در صف (ریسک نقدشوندگی و اجرای حد ضرر) | نقدشوندگی کمتر از ۱۰ میلیارد تومان | آخرین معامله 20260922 (متوقف یا کم‌معامله)
حفارس,حمل و نقل بین المللی خلیج فارس,حمل ونقل، انبارداری و ارتباطات,44.1,خنثی,100,65,0.5,4,9360,20261010,-1.9,26.7,74.4,8,5.5,35.6,143.5,69.1,1,0,false,70.7,3.16,above,-7,1.09,8351,,-105.08,-220.74,0.59,-117.26,47.73,149,62.82,19.33,225,9064,8768,10248,10839,1.5,خروج مستمر پول حقیقی | رشد عمودی (74٪ در ۶۰ روز، 36٪ بالای MA50) | P/E بالا (63) | 143٪ بالای MA200 | سرانه خرید ضعیف (0.59)
ثنظام,س. ساختمانی نظام مهندسی ایران,انبوه سازی، املاک و مستغلات,44.1,خنثی,90,65,46.5,10,86900,20261010,15.5,6.4,12.2,-54.2,14.1,9.9,40.9,71.3,7,0,true,27.2,3.06,above,0,2.34,85342,,-1.08,-0.71,2.05,5.04,1.2,,,,,85342,84014,94873,100188,2.76,نقدشوندگی پایین | بدون EPS مثبت | سهم صفی: 7 روز از ۲۰ روز در صف (ریسک نقدشوندگی و اجرای حد ضرر) | 161٪ بالای کف ۵۲ هفته | نقدشوندگی کمتر از ۱۰ میلیارد تومان
حبندر,دریایی و کشتیرانی خط دریابندر,حمل ونقل، انبارداری و ارتباطات,43.6,خنثی,100,70,6.5,32,10850,20261010,11.9,23.9,70.3,3.9,13.2,26.8,115.3,83.8,0,0,true,42,3.1,above,-1.8,1.09,9528,,-4.57,-1.31,0.94,-2.25,2.61,1112,9.76,,,10514,10177,11859,12532,1.5,نقدشوندگی پایین | اشباع خرید | 115٪ بالای MA200 | نقدشوندگی کمتر از ۱۰ میلیارد تومان
سفار,سیمان‌فارس‌,سیمان، آهک و گچ,43.5,خنثی,95,45,4.9,19,236300,20261010,1.6,-3.8,30.3,-36.1,0.3,10.5,23.7,56.3,3,0,false,23.8,3.22,above,-11.6,0.85,224111,244225,-4,-11.68,0.92,-1.13,3.66,19436,12.16,7.14,70.3,228703,220313,244225,267400,0.5,خروج مستمر پول حقیقی | نقدشوندگی کمتر از ۱۰ میلیارد تومان | شناوری کم (8٪)
زدشت,کشت و صنعت دشت خرم دره,زراعت و خدمات وابسته,43.3,خنثی,85,45,1,34,9660,20261010,-2.5,-3.9,32.7,-33.7,-1.9,4.4,45.8,50.8,0,0,false,26.6,3.65,above,-10.1,0.99,9460,10180,-15.47,-26.5,0.66,-13.7,14.12,1023,9.44,8.07,17,9460,9284,10180,10750,1.38,واگرایی منفی RSI | خروج مستمر پول حقیقی | 175٪ بالای کف ۵۲ هفته | سرانه خرید ضعیف (0.66) | واگرایی منفی
کارام,صنایع سرام آرا,کاشی و سرامیک,43.1,خنثی,90,80,50.5,10,2034,20260922,9.8,12.7,-8.7,-75.1,11.5,19.7,0.3,67.5,3,0,true,25.1,3.33,above,-24.6,0.99,1968,2122,-0.03,0.44,3.21,0.07,0.49,,,,,1968,1934,2122,2166,0.88,نقدشوندگی پایین | بدون EPS مثبت | نقدشوندگی کمتر از ۱۰ میلیارد تومان | آخرین معامله 20260922 (متوقف یا کم‌معامله)
سدشت,صنایع سیمان دشتستان,سیمان، آهک و گچ,43,خنثی,73,45,69.2,19,41950,20261010,8,-6.2,32.5,-33.9,-1.4,4.5,31.6,52.7,3,0,false,16.9,3.42,above,-15.5,1.38,40040,46300,1.45,-1.08,1.51,1.41,2.41,2835,14.8,7.14,107.2,40514,39322,46300,49630,1.66,نقدشوندگی پایین | نقدشوندگی کمتر از ۱۰ میلیارد تومان | شناوری کم (13٪)
قمرو,قند مرودشت‌,قند و شکر,42.9,خنثی,41,30,16.5,82,9700,20261010,-0.6,-11.6,30.9,-35.5,-3.5,-2.8,46.3,44.3,0,0,false,11.8,3.39,inside,-13.9,0.59,9418,9870,-0.39,1.51,0.7,-5.7,6.96,1450,6.69,9.8,-31.7,9418,9253,9870,10180,0.38,بدون روند (ADX پایین) | توزیع: ورود حقیقی با سرانه خرید ضعیف (0.61 در ۲۰ روز) | 216٪ بالای کف ۵۲ هفته | سرانه خرید ضعیف (0.70) | نقدشوندگی کمتر از ۱۰ میلیارد تومان
غناب,روغن‌ نباتی‌ ناب,محصولات غذایی و آشامیدنی به جز قند و شکر,42.8,خنثی,65,55,29.2,20,1155,20261010,-2.3,2.4,35.7,-30.7,-1.1,5.5,36.2,52,1,0,false,18,3.7,above,-7.9,0.78,1098,1226,1.87,-0.19,0.89,-0.98,5.59,41,28.17,,,1112,1076,1226,1253,0.9,نقدشوندگی کمتر از ۱۰ میلیارد تومان
وگستر,گسترش سرمایه گذاری ایرانیان,سرمایه گذاریها,42.8,خنثی,90,65,1,10,10680,20261010,-10.4,12.7,76.5,10.1,-1.9,11.6,58,52.9,4,2,false,47.8,3.42,above,-13.7,0.69,9860,10870,-14.94,-54.2,0.46,-22.92,11.54,,,8.73,,10315,9767,10870,12380,0.21,خروج مستمر پول حقیقی | بدون EPS مثبت | 58٪ بالای MA200 | سرانه خرید ضعیف (0.46) | حد ضرر دور (8.6٪) | صف فروش در ۵ روز اخیر
تفیرو,مهندسی فیروزا,ماشین آلات و تجهیزات,42.8,خنثی,100,70,35,20,290100,20261004,10.2,40.5,107.7,41.3,18.3,44.4,194.7,100,20,0,true,96.1,1.55,above,0,1.93,160990,,0,0,1.2,0.01,0.11,6541,44.35,,,285593,281086,303621,312636,1.5,نقدشوندگی پایین | اشباع خرید | فاصله زیاد از MA20 | سهم صفی: 20 روز از ۲۰ روز در صف (ریسک نقدشوندگی و اجرای حد ضرر) | رشد عمودی (108٪ در ۶۰ روز، 44٪ بالای MA50) | P/E بالا (44) | 195٪ بالای MA200 | نقدشوندگی کمتر از ۱۰ میلیارد تومان | آخرین معامله 20261004 (متوقف یا کم‌معامله)
بپاس,بیمه پاسارگاد,بیمه وصندوق بازنشستگی به جزتامین اجتماعی,42.7,خنثی,100,58,0.5,4,13800,20261010,6,10.7,60.1,-6.3,7,12.8,80.3,94.3,0,0,true,28.3,1.53,above,-1.1,1.07,12860,,-4.14,-114.64,0.69,-13.23,11.76,484,28.51,18.13,57.3,13588,13376,14435,14859,1.5,اشباع خرید | خروج مستمر پول حقیقی | 80٪ بالای MA200 | سرانه خرید ضعیف (0.69)
قنقش,قند نقش جهان,قند و شکر,42.7,خنثی,90,35,24.7,10,1946,20261010,-2.6,-3,49.6,-16.8,-0.6,4.5,6.1,53.5,0,0,false,22.2,3.59,above,-29.9,0.68,1921,2008,-5.9,-17.73,1.13,0.17,4.78,,,,,1921,1886,2008,2060,1.04,خروج مستمر پول حقیقی | بدون EPS مثبت | نقدشوندگی کمتر از ۱۰ میلیارد تومان
شاوان,پالایش نفت لاوان,فراورده های نفتی، کک و سوخت هسته ای,42.7,خنثی,100,35,5.6,37,54330,20261003,7.2,40.9,129.3,62.9,10.6,51.2,115.3,80.6,10,0,false,82.1,3.2,above,-1.9,0.69,49720,,-114.8,-314.37,0.99,-64.27,140.04,6145,8.84,8.12,8.9,52593,49988,59540,63014,1.2,اشباع خرید | خروج مستمر پول حقیقی | سهم صفی: 10 روز از ۲۰ روز در صف (ریسک نقدشوندگی و اجرای حد ضرر) | رشد عمودی (129٪ در ۶۰ روز، 51٪ بالای MA50) | 115٪ بالای MA200 | حد ضرر دور (8.0٪) | آخرین معامله 20261003 (متوقف یا کم‌معامله)
پشاهن,تولیدی پلاستیک‌ شاهین,لاستیک و پلاستیک,42.6,خنثی,100,70,29.4,25,135600,20261007,10.6,36.4,84.3,17.9,18.6,37.9,65.6,93.7,20,0,true,62.8,2.45,above,-0.8,1.6,100300,,0,0,1.58,-0.43,0.16,7250,18.7,,,132276,128952,145572,152220,1.5,نقدشوندگی پایین | واگرایی منفی RSI | اشباع خرید | فاصله زیاد از MA20 | سهم صفی: 20 روز از ۲۰ روز در صف (ریسک نقدشوندگی و اجرای حد ضرر) | رشد عمودی (84٪ در ۶۰ روز، 38٪ بالای MA50) | 66٪ بالای MA200 | واگرایی منفی | نقدشوندگی کمتر از ۱۰ میلیارد تومان | آخرین معامله 20261007 (متوقف یا کم‌معامله)
دپارس,پارس‌ دارو,مواد و محصولات دارویی,42.5,خنثی,65,45,16,40,58910,20261010,0.9,-6.1,37.3,-29.2,-1.1,3.3,66.8,50,2,0,false,14,3.4,above,-11,0.61,54410,61235,-14.77,27.2,0.77,-19.01,28.8,4755,12.39,12.91,-4,56907,53903,61235,62640,0.46,بدون روند (ADX پایین) | توزیع: ورود حقیقی با سرانه خرید ضعیف (0.68 در ۲۰ روز) | 67٪ بالای MA200 | سرانه خرید ضعیف (0.77) | حد ضرر دور (8.5٪)
فسا,پتروشیمی فسا,محصولات شیمیایی,42.5,خنثی,100,50,45,25,864,20261003,6.2,12.6,18.6,-47.8,10.8,18.2,24.2,82.3,16,0,true,50.4,1.84,above,0,1.28,852,,-0.11,-0.11,6.72,0.67,0.18,47,18.38,,,852,844,912,943,2.44,نقدشوندگی پایین | اشباع خرید | سهم صفی: 16 روز از ۲۰ روز در صف (ریسک نقدشوندگی و اجرای حد ضرر) | نقدشوندگی کمتر از ۱۰ میلیارد تومان | آخرین معامله 20261003 (متوقف یا کم‌معامله)
کتوسعه,توسعه صنایع و معادن کوثر,استخراج سایر معادن,42.3,خنثی,85,45,37,34,20270,20261010,-1.8,-7.8,40.7,-25.8,-0.6,8.1,48,54.2,1,0,false,40.3,3.07,above,-10.5,0.86,19545,20996,-0.46,-2.67,5.35,7.63,2.59,1794,11.3,9.57,18.1,19647,19234,20996,22643,0.7,نقدشوندگی پایین | خروج مستمر پول حقیقی | نقدشوندگی کمتر از ۱۰ میلیارد تومان
دکپسول,تولید ژلاتین کپسول ایران,مواد و محصولات دارویی,42.2,خنثی,46,30,52.5,37,173400,20261010,-2.4,0.3,16.4,-50,-1.7,-0.1,26.2,47.3,1,0,false,19.2,3.47,inside,-9.2,0.87,170275,178000,4.48,34.14,0.65,-32.48,21.07,20406,8.5,8.86,-4.1,170275,167271,178000,181450,0.75,توزیع: ورود حقیقی با سرانه خرید ضعیف (0.71 در ۲۰ روز) | سرانه خرید ضعیف (0.65)
دکوثر,داروسازی‌ کوثر,مواد و محصولات دارویی,42,خنثی,90,50,1,19,20030,20261010,-6.4,3.5,144,77.6,-2.1,4.2,71.3,49.3,2,1,false,28.8,3.37,above,-11,0.94,19430,20420,-31.81,-42.09,0.73,-33.61,46.7,1031,19.43,12.91,50.5,19430,19092,20420,21270,0.42,رشد عمودی (144٪ در ۶۰ روز، 4٪ بالای MA50) | 71٪ بالای MA200 | سرانه خرید ضعیف (0.73) | صف فروش در ۵ روز اخیر
نتوس,پشم‌ بافی‌ توس,منسوجات,42,خنثی,100,60,35,25,2162,20261007,5.6,40.3,156.9,90.5,15.6,49.4,109.3,98.5,17,0,true,89.9,2.54,above,-1.8,0.26,1160,,0,0,7.6,1.35,1.14,156,13.86,,,2107,2052,2327,2437,1.5,نقدشوندگی پایین | اشباع خرید | فاصله زیاد از MA20 | سهم صفی: 17 روز از ۲۰ روز در صف (ریسک نقدشوندگی و اجرای حد ضرر) | رشد عمودی (157٪ در ۶۰ روز، 49٪ بالای MA50) | 109٪ بالای MA200 | نقدشوندگی کمتر از ۱۰ میلیارد تومان | آخرین معامله 20261007 (متوقف یا کم‌معامله)
فجوش,جوش‌ و اکسیژن‌ ایران‌,ساخت محصولات فلزی,41.9,خنثی,100,70,21.7,10,5690,20261010,7,25.9,163,96.6,12.4,32.8,144.4,94.8,13,0,true,71.9,1.88,above,-0.2,0.86,4630,,0,0.08,1.07,-0.02,0.75,,,,,5583,5476,6011,6225,1.5,نقدشوندگی پایین | اشباع خرید | بدون EPS مثبت | سهم صفی: 13 روز از ۲۰ روز در صف (ریسک نقدشوندگی و اجرای حد ضرر) | رشد عمودی (163٪ در ۶۰ روز، 33٪ بالای MA50) | 144٪ بالای MA200 | نقدشوندگی کمتر از ۱۰ میلیارد تومان
درهآور,دارویی ره آورد تامین,مواد و محصولات دارویی,41.8,خنثی,49,30,37.3,47,14630,20261010,0.1,-12.9,25.7,-40.7,-2.6,-2,32.9,45.3,2,0,false,19.8,3.71,inside,-18.2,1.01,14100,15160,13.8,-20.36,1.15,-3.28,13.27,1808,8.09,8.86,-8.7,14100,13829,15160,15570,0.66,خروج مستمر پول حقیقی
گپارس,امور رفاهی کارگزاران پارس,هتل و رستوران,41.7,خنثی,100,70,30.9,20,285500,20261007,-1.7,19.8,30.6,-35.8,5.6,15.6,51.5,69.3,1,0,true,22.2,3.98,above,-4.6,1.41,220600,293550,0,-0.17,1.44,1.1,0.62,723,394.88,,,274143,262786,293550,299200,0.35,نقدشوندگی پایین | P/E بالا (395) | 52٪ بالای MA200 | حد ضرر دور (8.0٪) | نقدشوندگی کمتر از ۱۰ میلیارد تومان | آخرین معامله 20261007 (متوقف یا کم‌معامله)
حشکوه,دلیجان طلایی شکوه پارس,حمل ونقل، انبارداری و ارتباطات,41.6,خنثی,31,30,65,40,1291,20261010,-0.9,-6.7,2,-64.4,-2.5,0.8,-0.7,47.7,1,0,false,16.3,3.64,inside,-25.2,0.76,1271,1347,0.41,4.69,1.1,2.54,7.03,28,46.11,,,1271,1248,1347,1387,1.3,P/E بالا (46) | نقدشوندگی کمتر از ۱۰ میلیارد تومان
زقیام,کشت و دام قیام اصفهان,زراعت و خدمات وابسته,41.5,خنثی,55,20,27,57,10750,20261010,-9.1,-5.2,11,-55.4,-3.3,-0.3,60.1,45.7,5,1,false,20.5,3.46,above,-12,1.74,10090,11890,0.6,-1.63,0.61,-41.85,15,1396,7.7,8.07,-4.6,10378,9905,11890,12195,1.35,60٪ بالای MA200 | سرانه خرید ضعیف (0.61) | حد ضرر دور (7.9٪) | صف فروش در ۵ روز اخیر
بساما,بیمه سامان,بیمه وصندوق بازنشستگی به جزتامین اجتماعی,41.5,خنثی,100,45,0,10,14890,20261010,-1.2,15.8,38.4,-28,0.9,17.3,39.2,66.8,0,0,false,47.9,3.04,above,-6.9,0.53,14590,15190,-8.3,-20.92,0.29,-8.39,4.67,,,18.13,,14590,14364,15190,15990,0.57,خروج مستمر پول حقیقی | بدون EPS مثبت | سرانه خرید ضعیف (0.29) | نقدشوندگی کمتر از ۱۰ میلیارد تومان
نوری,پتروشیمی نوری,محصولات شیمیایی,41.3,خنثی,100,45,0,9,49910,20261010,0.2,21,51.9,-14.5,3,26.2,65.7,65.9,5,0,false,50,3.06,above,-3.6,0.48,47335,51515,-188.17,-232.99,0.66,-330.82,554.83,3744,13.33,9.63,38.4,48381,46570,51515,54573,0.48,66٪ بالای MA200 | سرانه خرید ضعیف (0.66) | شناوری کم (9٪)
آینده,بازرگانی آینده سازان بهشت پارس,زراعت و خدمات وابسته,41.2,خنثی,90,58,60.5,10,5030,20261004,10.5,34.1,56.8,-9.6,14.7,19.7,12.5,84.1,20,0,true,39.5,1.98,above,-26.5,1.89,4804,5303,0,0.24,3.9,1.6,0.34,,,,,4930,4781,5303,5820,1.09,نقدشوندگی پایین | اشباع خرید | بدون EPS مثبت | سهم صفی: 20 روز از ۲۰ روز در صف (ریسک نقدشوندگی و اجرای حد ضرر) | نقدشوندگی کمتر از ۱۰ میلیارد تومان | آخرین معامله 20261004 (متوقف یا کم‌معامله)
خاذین,سایپاآذین‌,خودرو و ساخت قطعات,41.1,خنثی,100,35,6.4,10,3180,20261010,-3.9,0,45.8,-20.6,1.3,15.8,44.3,59.1,1,0,false,42.2,3.37,above,-5.9,0.74,2954,3330,-3.52,-14.88,1.02,-4.02,6.41,,,,,3073,2912,3330,3380,0.56,واگرایی منفی RSI | خروج مستمر پول حقیقی | بدون EPS مثبت | واگرایی منفی | حد ضرر دور (8.4٪) | نقدشوندگی کمتر از ۱۰ میلیارد تومان
شگویا,پتروشیمی تندگویان,محصولات شیمیایی,41,خنثی,100,40,2.9,9,14900,20261010,5.2,39.9,53.6,-12.8,15.2,46.2,99.4,84.9,9,0,true,44.7,2.78,above,-1.5,0.79,13390,,-219.86,-417.97,0.83,-123.28,107.8,1099,13.56,8.01,69.3,14485,14071,16144,16973,1.5,اشباع خرید | فاصله زیاد از MA20 | خروج مستمر پول حقیقی | سهم صفی: 9 روز از ۲۰ روز در صف (ریسک نقدشوندگی و اجرای حد ضرر) | رشد عمودی (54٪ در ۶۰ روز، 46٪ بالای MA50) | 99٪ بالای MA200
بکهنوج,تولید برق ماهتاب کهنوج,عرضه برق، گاز، بخاروآب گرم,40.9,خنثی,85,55,27.6,10,1254,20260930,3.5,0.2,41.7,-24.7,-2.3,8,,52.5,4,1,false,31.8,3.5,above,-12.4,0.88,1211,1293,-0.33,-5.67,1.22,1.77,3.26,,,,,1211,1189,1293,1432,0.59,خروج مستمر پول حقیقی | بدون EPS مثبت | نقدشوندگی کمتر از ۱۰ میلیارد تومان | صف فروش در ۵ روز اخیر | آخرین معامله 20260930 (متوقف یا کم‌معامله)
قشیر,قند شیروان قوچان و بجنورد,قند و شکر,40.7,خنثی,65,45,24.9,24,16120,20261010,-0.4,-7,35.3,-31.1,-0.9,5.6,43.1,52.8,0,0,false,24.3,3.51,above,-9.7,0.85,15950,16700,-0.42,-9.44,1.14,1.83,6.92,1524,10.58,9.57,10.5,15950,15667,16700,17860,1.28,خروج مستمر پول حقیقی | نقدشوندگی کمتر از ۱۰ میلیارد تومان
وارس,سرمایه گذاری ارس صبا,سرمایه گذاریها,40.6,خنثی,31,30,61,60,14840,20260929,1.2,-2.8,18.2,-48.2,-3,-7.9,39.9,42.9,4,0,false,26.1,3.9,inside,-23.5,0.47,14353,15040,0.05,-25.42,5.17,1.65,8.53,3770,3.94,,,14353,14064,15040,17150,0.26,خروج مستمر پول حقیقی | 191٪ بالای کف ۵۲ هفته | نقدشوندگی کمتر از ۱۰ میلیارد تومان | آخرین معامله 20260929 (متوقف یا کم‌معامله)
لسرما,سرما آفرین‌,ماشین آلات و تجهیزات,40.4,خنثی,85,45,4.8,19,6510,20261010,-0.6,-3.8,50.7,-15.7,-3.7,4.2,36.4,50.3,3,0,false,32.9,3.41,above,-14.7,0.65,6429,6750,-1.76,-4.63,0.97,-4.35,7.04,411,15.84,5.15,207.6,6429,6318,6750,6992,1.25,نقدشوندگی کمتر از ۱۰ میلیارد تومان
شپنا,پالایش نفت اصفهان,فراورده های نفتی، کک و سوخت هسته ای,40.4,خنثی,85,55,1.5,34,13350,20261003,7.9,3.5,45.3,-21.1,-0.5,9.8,93.3,55.9,1,0,false,29.9,3.46,above,-9,0.79,12340,14670,-132.86,-75.9,0.69,-787.31,896.01,1816,7.35,6.26,17.4,12889,12197,14670,15593,1.14,93٪ بالای MA200 | سرانه خرید ضعیف (0.69) | حد ضرر دور (8.6٪) | آخرین معامله 20261003 (متوقف یا کم‌معامله)
فلات,گروه صنایع معادن فلات ایرانیان,سرمایه گذاریها,40.4,خنثی,100,70,35.5,10,28940,20260928,15.8,55.6,172,105.6,26.1,57,107.3,93.3,12,0,true,71.4,2.59,above,0,0.4,19650,,-0.93,-17.75,4.45,1.36,2.32,,,,,28190,27441,31189,32689,1.5,نقدشوندگی پایین | اشباع خرید | فاصله زیاد از MA20 | خروج مستمر پول حقیقی | بدون EPS مثبت | سهم صفی: 12 روز از ۲۰ روز در صف (ریسک نقدشوندگی و اجرای حد ضرر) | رشد عمودی (172٪ در ۶۰ روز، 57٪ بالای MA50) | 107٪ بالای MA200 | نقدشوندگی کمتر از ۱۰ میلیارد تومان | آخرین معامله 20260928 (متوقف یا کم‌معامله)
شتهران,داروسازی تهران شیمی,مواد و محصولات دارویی,40.3,خنثی,50,70,35,70,6770,20260928,3.1,10.6,-17.4,-83.9,5.7,1.3,-22.7,67.2,20,0,true,37.4,0.92,below,-40.5,0.91,6004,6951,0,0,3.8,0.29,0.1,1711,3.96,,,6707,6645,6951,7136,1.44,نقدشوندگی پایین | سهم صفی: 20 روز از ۲۰ روز در صف (ریسک نقدشوندگی و اجرای حد ضرر) | نقدشوندگی کمتر از ۱۰ میلیارد تومان | آخرین معامله 20260928 (متوقف یا کم‌معامله)
خفناور,مهندسی صنعتی روان فن آور,خودرو و ساخت قطعات,40.1,خنثی,100,35,32.3,20,25200,20261010,-2.7,-0.9,31.8,-34.6,1.7,12.5,32.6,57.9,0,0,false,39.4,3.32,above,-5.6,0.84,24940,26635,0.27,-4.41,1.05,-0.66,2.47,344,73.26,,,24940,24522,26635,28308,2.12,نقدشوندگی پایین | خروج مستمر پول حقیقی | P/E بالا (73) | نقدشوندگی کمتر از ۱۰ میلیارد تومان
سرود,سیمان‌شاهرود,سیمان، آهک و گچ,40,خنثی,70,35,1,47,18890,20261010,-3.7,0,45.3,-21.1,-1.1,6.5,81.6,53.4,2,0,false,23.6,3.58,above,-7.5,0.97,18470,20330,-100.49,-172.9,0.55,-119.15,61.9,2424,7.79,7.14,9.1,18470,18132,20330,21683,1.9,خروج مستمر پول حقیقی | 82٪ بالای MA200 | سرانه خرید ضعیف (0.55)
خعمرا,توسعه و عمران شهرستان نائین,خودرو و ساخت قطعات,39.7,اجتناب,90,45,20,35,6540,20261010,-8.2,12.4,40.3,-26.1,-1.1,14,31.5,53.9,6,1,false,41.8,3.46,above,-10.6,0.54,6141,6704,0,0.03,1,-0.1,1.81,458,14.28,,,6314,6028,6704,7131,0.32,نقدشوندگی پایین | سهم صفی: 6 روز از ۲۰ روز در صف (ریسک نقدشوندگی و اجرای حد ضرر) | حد ضرر دور (7.8٪) | نقدشوندگی کمتر از ۱۰ میلیارد تومان | صف فروش در ۵ روز اخیر
وطوبی,سرمایه گذاری اقتصاد شهر طوبی,سرمایه گذاریها,39.5,اجتناب,100,40,37,9,6280,20261010,6.5,20.9,43.1,-23.3,6.6,26.1,106.3,72.5,1,0,false,51.3,2.52,above,-3.2,0.87,5816,,-0.11,-7.01,1.62,0.79,1.73,459,13.68,8.73,56.7,6122,5884,6755,7072,1.2,نقدشوندگی پایین | خروج مستمر پول حقیقی | 106٪ بالای MA200 | نقدشوندگی کمتر از ۱۰ میلیارد تومان
آریان,سرمایه گذاری پارس آریان,سرمایه گذاریها,39.3,اجتناب,100,35,0,9,8090,20261010,2.9,17.8,69.6,3.2,4.7,21.9,67.4,82.4,1,0,false,68.8,2.63,above,-1,0.46,6650,,-33.67,-258.57,0.6,-19.64,28.22,492,16.44,8.73,88.4,7877,7665,8728,9153,1.5,اشباع خرید | خروج مستمر پول حقیقی | 67٪ بالای MA200 | سرانه خرید ضعیف (0.60)
سلار,شرکت سیمان لارستان,سیمان، آهک و گچ,39.2,اجتناب,56,30,75.5,30,3000,20261010,-1.9,-13.5,14.4,-52,-1.3,1,31.3,48.5,4,0,false,24.4,3.54,inside,-16.7,1.11,2886,3064,0.01,0.01,1.87,0.94,2.28,114,26.32,,,2894,2833,3064,3286,0.38,نقدشوندگی پایین | نقدشوندگی کمتر از ۱۰ میلیارد تومان
شپترو,پتروشیمی آبادان,محصولات شیمیایی,39.1,اجتناب,90,45,2.5,10,2691,20261010,-6.3,8.4,54.7,-11.7,-3.9,20.2,79.5,54.8,7,2,false,51.2,3.14,above,-11.5,0.82,1920,2763,-2.8,-6.41,0.79,-3.38,18.51,,,,,2607,2522,2763,2980,0.43,بدون EPS مثبت | سهم صفی: 7 روز از ۲۰ روز در صف (ریسک نقدشوندگی و اجرای حد ضرر) | 79٪ بالای MA200 | سرانه خرید ضعیف (0.79) | صف فروش در ۵ روز اخیر
بتک,کارخانجات کابل سازی‌ تک‌,ماشین آلات و دستگاه‌های برقی,39.1,اجتناب,100,58,10,20,264400,20261010,5.7,16.9,59.3,-7.1,9.5,20.4,35.4,85.3,5,0,true,46.3,2.27,above,-0.1,1.51,244259,,0,-0.33,0.79,-0.51,0.38,260,1016.92,,,258395,252389,282416,294427,1.5,نقدشوندگی پایین | اشباع خرید | P/E بالا (1017) | سرانه خرید ضعیف (0.79) | نقدشوندگی کمتر از ۱۰ میلیارد تومان
معیار,سرمایه گذاری معیار صنعت پارس,سرمایه گذاریها,39,اجتناب,100,70,20,20,3331,20261007,12.4,31.8,83.2,16.8,19.6,31.9,58.4,85,6,0,true,48.8,3.15,above,-2.9,0.77,3176,,0,-0.14,2.67,-1.16,2.95,80,41.64,,,3226,3124,3646,3856,1.52,نقدشوندگی پایین | اشباع خرید | فاصله زیاد از MA20 | سهم صفی: 6 روز از ۲۰ روز در صف (ریسک نقدشوندگی و اجرای حد ضرر) | رشد عمودی (83٪ در ۶۰ روز، 32٪ بالای MA50) | P/E بالا (42) | 58٪ بالای MA200 | نقدشوندگی کمتر از ۱۰ میلیارد تومان | آخرین معامله 20261007 (متوقف یا کم‌معامله)
اخشان,اخشان خراسان,زراعت و خدمات وابسته,38.9,اجتناب,83,55,36,16,17030,20261010,-0.5,1.8,19.6,-46.8,0.7,4.4,44.7,53.4,1,0,false,14.6,3.13,above,-8.6,0.69,16385,17308,-1.4,-9.98,6.51,4.79,2.39,1452,11.73,8.07,45.3,16497,16119,17308,18611,0.31,نقدشوندگی پایین | خروج مستمر پول حقیقی | بدون روند (ADX پایین) | 182٪ بالای کف ۵۲ هفته | نقدشوندگی کمتر از ۱۰ میلیارد تومان
گوهران,سرمایه گذاری توسعه گوهران امید,سرمایه گذاریها,38.9,اجتناب,100,48,13,24,7120,20261010,2.2,13.6,64,-2.4,7.3,14.1,70.2,83.4,0,0,true,44,2.31,above,-0.8,1.22,6863,,-3.69,-11.38,0.58,-2.7,2.21,725,9.82,8.73,12.5,6956,6781,7613,7942,1.46,نقدشوندگی پایین | واگرایی منفی RSI | اشباع خرید | خروج مستمر پول حقیقی | 70٪ بالای MA200 | سرانه خرید ضعیف (0.58) | واگرایی منفی | نقدشوندگی کمتر از ۱۰ میلیارد تومان
گکیش,توریستی ورفاهی آبادگران کیش,هتل و رستوران,38.8,اجتناب,70,30,77.2,30,9760,20261007,-6.9,3.5,41.5,-24.9,-3.2,1.6,24.6,47.6,2,0,false,27.1,4.22,above,-11.1,0.98,9463,9873,1.57,8.38,1.13,0.18,2,60,162.67,,,9463,9257,9873,10345,0.22,نقدشوندگی پایین | P/E بالا (163) | نقدشوندگی کمتر از ۱۰ میلیارد تومان | آخرین معامله 20261007 (متوقف یا کم‌معامله)
زاگرس,پتروشیمی زاگرس,محصولات شیمیایی,38.8,اجتناب,90,45,2,9,164800,20261010,-2.8,0.9,50.4,-16,-1.9,10.6,36.1,54.7,1,0,false,43.9,3.23,above,-7.4,0.84,159700,168899,-59.1,-124.34,0.74,-59.31,33.54,9222,17.87,8.01,123.1,159700,157038,168899,177850,0.53,واگرایی منفی RSI | خروج مستمر پول حقیقی | سرانه خرید ضعیف (0.74) | واگرایی منفی
حکشتی,کشتیرانی جمهوری اسلامی ایران,حمل ونقل، انبارداری و ارتباطات,38.7,اجتناب,65,45,26.9,14,8650,20261010,4.3,-5.4,8,-58.4,-1.7,4.8,32.2,52,4,0,false,25.1,3.54,above,-11.6,1.03,8254,9378,-74.82,89.12,1.21,-114.12,98.16,331,26.13,19.33,35.2,8344,8101,9378,9789,1.33,واگرایی منفی RSI | توزیع: ورود حقیقی با سرانه خرید ضعیف (0.62 در ۲۰ روز) | واگرایی منفی
وآفر,سرمایه گذاری ارزش آفرینان,سرمایه گذاریها,38.7,اجتناب,100,45,8.8,30,12810,20261010,0.7,5.9,32.9,-33.5,3.6,13.5,18.7,61.1,0,0,false,45.4,3.61,above,-19.9,0.89,12560,13220,-0.39,0,1.05,-0.26,2.87,369,34.72,,,12560,12329,13220,16000,0.85,نقدشوندگی پایین | واگرایی منفی RSI | P/E بالا (35) | واگرایی منفی | نقدشوندگی کمتر از ۱۰ میلیارد تومان
ذوب,ذوب آهن اصفهان,فلزات اساسی,38.4,اجتناب,85,45,1.5,14,666,20261010,-1.5,-4.6,56,-10.4,-4.5,15.4,53.6,53.8,8,0,false,33.8,3.03,above,-14.9,1.03,641,705,-99.58,-459.09,0.72,-474.42,351.62,12,55.5,13.48,311.7,646,630,705,783,1.1,خروج مستمر پول حقیقی | سهم صفی: 8 روز از ۲۰ روز در صف (ریسک نقدشوندگی و اجرای حد ضرر) | P/E بالا (56) | 54٪ بالای MA200 | سرانه خرید ضعیف (0.72)
وپاسار,بانک  پاسارگاد,بانکها و موسسات اعتباری,38.2,اجتناب,25,18,72.5,36,8550,20261010,0,-15.5,-11.5,-77.9,-9,-14.4,21.3,33.8,4,0,false,44.9,3.6,below,-25.2,0.59,8300,8940,458.57,5927.05,2,-76.5,554.17,813,10.52,5.4,94.8,8300,8146,8940,9640,0.97,
شراز,پالایش نفت شیراز,فراورده های نفتی، کک و سوخت هسته ای,38.2,اجتناب,85,53,2.5,26,92900,20261003,3.2,-5.3,64.7,-1.7,-5.9,10,111,50.5,2,0,false,45.9,3.65,above,-17.8,0.68,89000,113000,-26.96,-24.17,0.6,-96.68,84.01,10165,9.14,6.26,46,89507,87304,113000,119786,3.59,111٪ بالای MA200 | سرانه خرید ضعیف (0.60) | شناوری کم (13٪) | آخرین معامله 20261003 (متوقف یا کم‌معامله)
اتکاسا,بیمه اتکایی سامان,بیمه وصندوق بازنشستگی به جزتامین اجتماعی,37.6,اجتناب,70,53,2.1,82,6100,20261005,-12.5,12.2,58.2,-8.3,-4.9,16.4,,51.4,2,0,false,48.4,3.26,above,-14.1,1.06,4631,6361,-7.14,-17.95,0.83,-6.08,1.9,875,6.97,18.13,-61.5,5901,5702,6361,6768,0.66,نقدشوندگی پایین | واگرایی منفی RSI | خروج مستمر پول حقیقی | واگرایی منفی | نقدشوندگی کمتر از ۱۰ میلیارد تومان | آخرین معامله 20261005 (متوقف یا کم‌معامله)
قجام,فرآوردههای غذایی وقندتربت‌جام‌,قند و شکر,37.4,اجتناب,95,55,9.7,42,14460,20261006,-1.8,3.1,45.2,-21.2,1.4,7.6,51.7,56.4,3,0,false,23.5,3.77,above,-6.8,1.14,14110,14960,-0.28,-0.28,1.17,-2.69,2.75,2650,5.46,,,14110,13838,14960,15520,0.8,نقدشوندگی پایین | 52٪ بالای MA200 | نقدشوندگی کمتر از ۱۰ میلیارد تومان | آخرین معامله 20261006 (متوقف یا کم‌معامله)
حپترو,حمل و نقل پتروشیمی( سهامی عام,حمل ونقل، انبارداری و ارتباطات,37.1,اجتناب,95,70,14.5,4,18230,20261010,4.5,-3.9,44.4,-22.1,4.5,9,25,61.1,3,0,true,22.6,3.49,above,-7.6,1.84,18020,19740,-3.25,-3.19,0.94,-1.21,2.07,623,29.26,19.33,51.4,18020,17702,19740,21012,2.86,نقدشوندگی پایین | واگرایی منفی RSI | خروج مستمر پول حقیقی | واگرایی منفی | نقدشوندگی کمتر از ۱۰ میلیارد تومان
قاروم,قند ارومیه,قند و شکر,36.6,اجتناب,100,15,32.5,42,118500,20261006,1.9,9.8,34.7,-31.8,3.9,12.5,39.5,99.6,18,0,false,94.7,0.9,above,0,0.95,87277,,0,0,1.5,0.2,0.09,22219,5.33,,,117433,116367,121700,123833,1.5,نقدشوندگی پایین | اشباع خرید | سهم صفی: 18 روز از ۲۰ روز در صف (ریسک نقدشوندگی و اجرای حد ضرر) | نقدشوندگی کمتر از ۱۰ میلیارد تومان | آخرین معامله 20261006 (متوقف یا کم‌معامله)
ثعمرا,عمران و توسعه شاهد,انبوه سازی، املاک و مستغلات,35.4,اجتناب,65,45,23.4,4,15050,20261010,-0.6,-3.4,32.8,-33.7,-2.8,5.4,44,51.3,0,0,false,19,3.53,above,-9.3,0.85,14890,15900,-0.75,0.54,1.08,-0.16,3.16,378,39.81,23.59,68.8,14890,14624,15900,16592,2,P/E بالا (40) | نقدشوندگی کمتر از ۱۰ میلیارد تومان
شپلی,پلی اکریل ایران,محصولات شیمیایی,35.3,اجتناب,50,30,27,30,5900,20261010,-3.9,-10.6,20.9,-45.5,-9.7,-0.4,95.6,42.7,8,2,false,30.2,3.71,above,-20.3,1.37,5740,6170,3.53,-34.7,0.71,-72.44,56.85,237,24.89,,,5740,5630,6170,7400,1,سهم صفی: 8 روز از ۲۰ روز در صف (ریسک نقدشوندگی و اجرای حد ضرر) | 96٪ بالای MA200 | سرانه خرید ضعیف (0.71) | صف فروش در ۵ روز اخیر
میدکو,توسعه معادن وص.معدنی خاورمیانه,فلزات اساسی,35.1,اجتناب,25,30,72.5,14,6240,20261010,0.5,-8.1,-4.6,-71,-3.6,-5.1,11.1,43.9,2,0,false,14.1,3.43,below,-17.8,0.67,6088,6490,6.11,147.28,2,-68.45,90.62,93,67.1,13.48,397.8,6088,5980,6490,6610,0.96,بدون روند (ADX پایین) | P/E بالا (67) | توزیع: ورود حقیقی با سرانه خرید ضعیف (0.54 در ۲۰ روز) | شناوری کم (9٪)
بپردیس,بیمه پردیس,بیمه وصندوق بازنشستگی به جزتامین اجتماعی,35,اجتناب,100,75,0,20,3000,20261004,6.1,7.7,109.1,42.7,0.4,24.6,77.9,62.2,4,0,false,40,3,above,-8,0.75,2817,3262,-1.98,-4.41,0.66,-0.82,0.85,129,23.26,,,2910,2775,3262,3442,1.16,نقدشوندگی پایین | واگرایی منفی RSI | خروج مستمر پول حقیقی | رشد عمودی (109٪ در ۶۰ روز، 25٪ بالای MA50) | 78٪ بالای MA200 | سرانه خرید ضعیف (0.66) | واگرایی منفی | حد ضرر دور (7.5٪) | نقدشوندگی کمتر از ۱۰ میلیارد تومان | آخرین معامله 20261004 (متوقف یا کم‌معامله)
کورز,ورزیران‌,سایر محصولات کانی غیرفلزی,34.8,اجتناب,70,45,29.3,30,7220,20261010,-6.5,13.5,53.1,-13.3,-0.6,18.7,47.7,58.6,10,1,false,31.5,3.47,above,-10.1,1.17,7100,7400,0,4.64,0.97,-1.91,2.42,133,54.29,,,7100,6975,7400,7900,0.73,نقدشوندگی پایین | واگرایی منفی RSI | سهم صفی: 10 روز از ۲۰ روز در صف (ریسک نقدشوندگی و اجرای حد ضرر) | P/E بالا (54) | واگرایی منفی | نقدشوندگی کمتر از ۱۰ میلیارد تومان | صف فروش در ۵ روز اخیر
مبین,مبین انرژی خلیج فارس,عرضه برق، گاز، بخاروآب گرم,34.7,اجتناب,25,18,27.5,67,11090,20261010,-5.3,-11.8,-23.3,-89.7,-6.7,-17.5,0.2,31.5,0,0,false,29.3,4.21,below,-36.1,0.68,10597,11415,-67.79,682.72,0.45,-313.99,211.41,1581,7.01,7.09,-1.1,10623,10363,11415,11750,0.45,توزیع: ورود حقیقی با سرانه خرید ضعیف (0.52 در ۲۰ روز) | سرانه خرید ضعیف (0.45)
حآسا,آسیا سیر ارس,حمل ونقل، انبارداری و ارتباطات,34.7,اجتناب,65,30,22.6,14,4450,20261010,-1.3,-8.4,20.3,-46.1,-2.4,3.6,28.3,48.4,1,0,false,20.1,3.58,above,-11.4,0.72,4380,4730,-0.23,0.04,1.03,-1.44,3.7,152,29.28,7.68,281.2,4380,4300,4730,5020,1.87,توزیع: ورود حقیقی با سرانه خرید ضعیف (0.83 در ۲۰ روز) | نقدشوندگی کمتر از ۱۰ میلیارد تومان
شگامرن,مجتمع پترو صنعت گامرون,محصولات شیمیایی,34.5,اجتناب,100,15,62,4,27540,20261006,1,9.1,40.2,-26.3,6.4,22.6,43.3,83.7,0,0,false,48,2.5,above,-2,1.15,26136,28094,0.34,-2.25,1.8,0.14,0.43,288,95.63,8.01,1093.8,26853,25822,28094,29469,0.32,نقدشوندگی پایین | واگرایی منفی RSI | اشباع خرید | خروج مستمر پول حقیقی | P/E بالا (96) | واگرایی منفی | نقدشوندگی کمتر از ۱۰ میلیارد تومان | آخرین معامله 20261006 (متوقف یا کم‌معامله)
ولتجار,واسپاری تجارایرانیان,سایر واسطه گریهای مالی,34.2,اجتناب,40,30,28.8,36,3110,20261010,-4.6,-2.2,26.3,-40.1,-4.4,1.1,-18.1,46.4,2,0,false,24.1,3.96,above,-50.7,1.1,3049,3280,-1,9.43,0.87,-2.57,7.15,278,11.19,5.8,92.9,3049,2987,3280,3450,1.38,توزیع: ورود حقیقی با سرانه خرید ضعیف (0.86 در ۲۰ روز) | نقدشوندگی کمتر از ۱۰ میلیارد تومان
تشتاد,صنایع تولیدی اشتاد ایران‌,خودرو و ساخت قطعات,34,اجتناب,100,45,9.9,10,7160,20261010,-6.3,29.4,38.2,-28.2,7.2,29.1,42.7,69.1,5,1,false,44.3,3.25,above,-6.6,1.34,6212,7667,0,-0.1,1.2,-0.88,1.34,,,,,6928,6695,7667,8132,1.09,نقدشوندگی پایین | بدون EPS مثبت | نقدشوندگی کمتر از ۱۰ میلیارد تومان | صف فروش در ۵ روز اخیر
دشیمی,شیمی‌ داروئی‌ داروپخش‌,مواد و محصولات دارویی,33.8,اجتناب,56,50,14.1,14,42480,20261010,1.2,-16.3,83.5,17.1,-2,0.1,78.8,48.8,3,0,false,30.5,3.38,inside,-19.3,0.99,40850,44630,-1.89,-48.41,1.27,-9.77,12.16,2096,20.27,12.91,57,41044,40132,44630,46380,0.92,خروج مستمر پول حقیقی | 79٪ بالای MA200
غگز,صنایع غذایی سکه,محصولات غذایی و آشامیدنی به جز قند و شکر,33.4,اجتناب,10,55,53.5,24,3250,20261010,-1.5,-14.7,-42.8,-109.2,-2.3,-6.6,-1,44.2,6,0,true,21.7,3.46,below,-47.6,1.13,3130,3380,21.75,36.22,0.76,-37.75,25.67,81,40.12,7.05,469.1,3138,3074,3380,3920,0.74,سهم صفی: 6 روز از ۲۰ روز در صف (ریسک نقدشوندگی و اجرای حد ضرر) | P/E بالا (40) | توزیع: ورود حقیقی با سرانه خرید ضعیف (0.58 در ۲۰ روز) | سرانه خرید ضعیف (0.76)
شرنگی,شیمیایی رنگین,محصولات شیمیایی,33.3,اجتناب,95,63,4.6,4,20220,20261010,3.5,0.5,62.5,-3.9,2.1,12.2,57.4,58.7,1,0,false,32.6,3.73,above,-5.6,1,19424,21413,-5.94,-15.09,0.98,-0.19,2.42,317,63.79,8.01,696.3,19466,19047,21413,22921,1.02,نقدشوندگی پایین | واگرایی منفی RSI | خروج مستمر پول حقیقی | P/E بالا (64) | 57٪ بالای MA200 | واگرایی منفی | نقدشوندگی کمتر از ۱۰ میلیارد تومان
زفکا,کشت و دامداری فکا,زراعت و خدمات وابسته,33.3,اجتناب,50,30,2,47,7980,20261010,-2.1,-4.1,9.2,-57.2,-4.1,-0.4,39.5,46.3,2,0,false,14.2,3.6,above,-13.4,1.22,7815,8130,-4.8,-49.28,0.57,-59.65,32.32,910,8.77,8.07,8.7,7815,7672,8130,8470,0.49,خروج مستمر پول حقیقی | بدون روند (ADX پایین) | 207٪ بالای کف ۵۲ هفته | سرانه خرید ضعیف (0.57)
غالبر,لبنیات‌ کالبر,محصولات غذایی و آشامیدنی به جز قند و شکر,32.7,اجتناب,63,55,1,10,32590,20261010,1.1,1.9,24.5,-41.9,3.6,10.6,-5.4,59.2,3,1,false,17,3.17,above,-35.5,0.85,31325,33013,-10.3,-13.98,0.68,-12.18,16.01,,,8.53,,31557,30809,33013,33890,0.24,بدون EPS مثبت | سرانه خرید ضعیف (0.68) | صف فروش در ۵ روز اخیر
نوین,بیمه نوین,بیمه وصندوق بازنشستگی به جزتامین اجتماعی,32.6,اجتناب,70,40,0.5,14,9220,20261010,-8.1,-2.4,101.6,35.2,-11.1,4.5,120.9,42.9,5,1,false,43.5,3.41,above,-22,0.96,8880,11820,-13.86,-37.17,0.63,-15.21,10.5,358,25.75,18.13,42.1,8905,8723,11820,12449,5.23,واگرایی منفی RSI | خروج مستمر پول حقیقی | رشد عمودی (102٪ در ۶۰ روز، 5٪ بالای MA50) | 121٪ بالای MA200 | سرانه خرید ضعیف (0.63) | واگرایی منفی | صف فروش در ۵ روز اخیر
وتوس,توسعه‌شهری‌توس‌گستر,انبوه سازی، املاک و مستغلات,31.7,اجتناب,50,45,66.8,4,7800,20261010,0.1,-6.9,11.9,-54.5,-0.5,-0.1,21.5,50.6,1,0,false,17.7,3.61,above,-9.4,0.87,7333,7983,0.52,1.71,1.21,1.5,2.67,381,20.47,6.61,209.7,7518,7192,7983,8320,0.3,نقدشوندگی پایین | حد ضرر دور (7.8٪) | نقدشوندگی کمتر از ۱۰ میلیارد تومان
تپولا,مهندسی مرآت پولاد,خدمات فنی و مهندسی,31.4,اجتناب,90,30,23.6,10,18880,20261010,-7,0.6,43.6,-22.8,-4.8,5.2,27,48.3,6,1,false,34.6,3.51,above,-12.8,1.71,18400,19390,0,0,1.14,0.15,1.72,,,,,18400,18069,19390,20880,0.63,نقدشوندگی پایین | بدون EPS مثبت | سهم صفی: 6 روز از ۲۰ روز در صف (ریسک نقدشوندگی و اجرای حد ضرر) | نقدشوندگی کمتر از ۱۰ میلیارد تومان | صف فروش در ۵ روز اخیر
تپمپی,پمپ‌ سازی‌ ایران‌,ماشین آلات و تجهیزات,30.8,اجتناب,100,45,11.2,16,7370,20260927,0.1,7.9,42,-24.4,2.9,17.2,68.7,61.4,0,0,false,46.5,3.57,above,-6.7,1.89,7135,7900,-3.46,-11.83,0.83,-2.31,2.94,787,9.36,5.15,81.8,7135,7003,7900,8426,1.45,نقدشوندگی پایین | واگرایی منفی RSI | خروج مستمر پول حقیقی | 69٪ بالای MA200 | واگرایی منفی | نقدشوندگی کمتر از ۱۰ میلیارد تومان | آخرین معامله 20260927 (متوقف یا کم‌معامله)
وثخوز,سرمایه گذاری و توسعه خوزستان,انبوه سازی، املاک و مستغلات,30.7,اجتناب,49,80,30,10,5330,20261010,0,0.6,-11.6,-78,1.7,4.1,-2.3,53.4,4,1,true,11.3,3.52,inside,-35.4,0.77,5194,5450,0,4.93,0.96,-0.58,1.99,,,,,5194,5100,5450,5620,0.52,نقدشوندگی پایین | واگرایی منفی RSI | بدون روند (ADX پایین) | بدون EPS مثبت | واگرایی منفی | نقدشوندگی کمتر از ۱۰ میلیارد تومان | صف فروش در ۵ روز اخیر
دانا,بیمه دانا,بیمه وصندوق بازنشستگی به جزتامین اجتماعی,30.5,اجتناب,40,30,60.1,10,2253,20261003,2,-6.5,14.3,-52.1,-4.2,1.2,-5,45,1,0,false,21.6,3.35,above,-29.7,1.21,2180,2328,2.63,-16.73,1.16,0.37,4.54,,,4.59,,2180,2142,2328,2479,0.67,واگرایی منفی RSI | خروج مستمر پول حقیقی | بدون EPS مثبت | واگرایی منفی | نقدشوندگی کمتر از ۱۰ میلیارد تومان | آخرین معامله 20261003 (متوقف یا کم‌معامله)
ثفارس,عمران‌وتوسعه‌فارس‌,انبوه سازی، املاک و مستغلات,30.5,اجتناب,16,30,54.8,24,14330,20261010,-0.1,-14,10.2,-56.2,-7.2,-3.5,-8.7,42.7,2,0,false,20.1,3.62,inside,-35.3,1.03,13905,14749,34.98,107.63,0.89,-52.19,78.13,264,54.28,6.61,721.2,13905,13646,14749,15068,0.61,P/E بالا (54) | توزیع: ورود حقیقی با سرانه خرید ضعیف (0.68 در ۲۰ روز)
میهن,بیمه میهن,بیمه وصندوق بازنشستگی به جزتامین اجتماعی,30.4,اجتناب,65,20,17.5,10,2423,20261010,-6.7,-15.2,12.3,-54.1,-4.8,1.3,4.2,44.9,4,0,false,19.4,3.63,above,-20.3,1.04,2320,2558,-2.95,3.4,0.6,-34.6,17.02,,,18.13,,2335,2276,2558,2622,0.92,بدون EPS مثبت | توزیع: ورود حقیقی با سرانه خرید ضعیف (0.61 در ۲۰ روز) | سرانه خرید ضعیف (0.60)
بالاس,مهندسی ساختمان تاسیسات راه آهن,پیمانکاری صنعتی,30.2,اجتناب,16,20,40.5,45,48560,20261010,-7.7,-9.1,-2,-68.4,-5.4,-1.7,-11.4,42.4,1,0,false,15,3.68,inside,-41.6,0.76,47329,50866,0.03,1.07,0.75,-8.88,10.29,1907,25.46,25.78,-1.2,47329,46435,50866,51844,1.09,بدون روند (ADX پایین) | توزیع: ورود حقیقی با سرانه خرید ضعیف (0.76 در ۲۰ روز) | سرانه خرید ضعیف (0.75)
پاریز,پاریز شرق,انبوه سازی، املاک و مستغلات,30,اجتناب,0,55,52,24,37500,20261010,-2.6,-16.4,-7,-73.4,-3.3,-14.8,,41,13,1,true,34.8,3.52,,-27.8,1.5,36220,38383,-1.41,8.07,7.66,53.51,12.95,823,45.57,23.59,93.2,36220,35560,38383,39190,0.46,سهم صفی: 13 روز از ۲۰ روز در صف (ریسک نقدشوندگی و اجرای حد ضرر) | P/E بالا (46) | صف فروش در ۵ روز اخیر
وپسا,گ.س.پتروشیمی ساختمان خلیج فارس,پیمانکاری صنعتی,29.9,اجتناب,50,18,15,30,2353,20261010,-8.6,-15.8,19.4,-47,-12.2,-3.1,30.6,37.4,8,3,false,25,3.96,above,-24.3,0.66,2233,2493,0,0.87,0.63,-5.05,4.48,20,117.65,,,2260,2186,2493,2697,0.84,سهم صفی: 8 روز از ۲۰ روز در صف (ریسک نقدشوندگی و اجرای حد ضرر) | P/E بالا (118) | توزیع: ورود حقیقی با سرانه خرید ضعیف (0.82 در ۲۰ روز) | سرانه خرید ضعیف (0.63) | حد ضرر دور (7.1٪) | نقدشوندگی کمتر از ۱۰ میلیارد تومان | صف فروش در ۵ روز اخیر
ثتوسا,س.توسعه و عمران استان اردبیل,انبوه سازی، املاک و مستغلات,28.9,اجتناب,40,30,33.6,10,15170,20261010,-5.8,-9.7,16.3,-50.1,-4.9,2.5,-44.3,45.2,3,0,false,22.8,3.6,above,-76.6,0.68,14890,16380,0.16,-1.47,1.09,-0.67,5.58,,,,,14890,14617,16380,18100,2.19,بدون EPS مثبت | نقدشوندگی کمتر از ۱۰ میلیارد تومان
زماهان,مجتمع تولید گوشت مرغ ماهان,زراعت و خدمات وابسته,28.1,اجتناب,70,20,2.5,10,12700,20261010,-7,-9,10.5,-55.9,-4.4,2.6,16.5,46.4,4,0,false,20.4,3.66,above,-12.7,1.11,12390,13480,-2.76,-5.29,0.72,-28.16,13.48,,,8.07,,12390,12157,13480,13790,1.44,بدون EPS مثبت | سرانه خرید ضعیف (0.72)
سپ,پرداخت الکترونیک سامان کیش,رایانه و فعالیت‌های وابسته به آن,27.3,اجتناب,90,35,1.2,12,13550,20261010,-4,-2.6,35.1,-31.3,-2.8,10.6,13.4,52.3,1,0,false,44.4,3.93,above,-7.9,0.67,13262,13881,-0.21,-1.89,0.81,-0.38,0.79,662,20.47,18.19,12.5,13262,12996,13881,14317,0.6,نقدشوندگی پایین | واگرایی منفی RSI | خروج مستمر پول حقیقی | واگرایی منفی | نقدشوندگی کمتر از ۱۰ میلیارد تومان | شناوری کم (10٪)
ثامان,سامان‌ گستراصفهان‌,انبوه سازی، املاک و مستغلات,26.9,اجتناب,6,30,47.5,29,30510,20261010,8.3,-24.9,36.9,-29.5,-5.5,-11.8,-23.7,41.3,12,1,false,41.4,3.74,inside,-57.8,0.75,27150,36485,6.62,-2.23,3.14,-15.29,32.4,1764,17.3,6.61,161.7,29369,27658,36485,38474,2.1,واگرایی منفی RSI | سهم صفی: 12 روز از ۲۰ روز در صف (ریسک نقدشوندگی و اجرای حد ضرر) | واگرایی منفی | حد ضرر دور (9.3٪) | صف فروش در ۵ روز اخیر
تکشا,گسترش‌صنایع‌وخدمات‌کشاورزی‌,ماشین آلات و تجهیزات,26.1,اجتناب,35,30,14.2,24,9090,20261010,6.3,-10.2,-13.4,-79.8,-5.4,-2.8,6.1,44.1,4,0,false,18.6,3.9,below,-38.4,0.72,8948,9326,-0.43,-0.05,1.31,-9.33,9.87,310,29.32,5.15,469.4,8948,8771,9326,9499,0.74,نقدشوندگی کمتر از ۱۰ میلیارد تومان
ساذری,آذریت‌,سایر محصولات کانی غیرفلزی,25.3,اجتناب,35,55,45,10,29310,20261010,4.8,-2.8,-29.8,-96.2,3.3,-6.3,-8.4,49.8,6,1,true,32,3.7,below,-32.3,1.61,28757,30496,-0.09,-0.21,2.64,0.56,0.75,,,,,28757,28215,30496,31266,1.08,نقدشوندگی پایین | بدون EPS مثبت | سهم صفی: 6 روز از ۲۰ روز در صف (ریسک نقدشوندگی و اجرای حد ضرر) | نقدشوندگی کمتر از ۱۰ میلیارد تومان | صف فروش در ۵ روز اخیر
وایران,لیزینگ ایرانیان,سایر واسطه گریهای مالی,25.2,اجتناب,31,45,3.5,24,5050,20261010,1.2,-10,24.1,-42.3,0.8,0.5,-22,50.9,0,0,false,27.4,3.62,inside,-59.6,0.77,4740,5106,-1.13,-0.84,0.92,-1.66,6.33,200,25.25,9.94,154,4867,4649,5106,5957,0.14,حد ضرر دور (7.9٪) | نقدشوندگی کمتر از ۱۰ میلیارد تومان
آپ,آسان پرداخت پرشین,رایانه و فعالیت‌های وابسته به آن,23.7,اجتناب,10,18,54.3,14,10170,20261010,-3,-15.9,1.7,-64.7,-5.4,-8.9,-4,36.9,0,0,false,17.4,3.35,below,-21.1,1.45,9975,10611,15.78,41.8,0.81,-2.56,6.31,86,118.26,18.19,550.1,9975,9805,10611,10914,1.21,P/E بالا (118) | توزیع: ورود حقیقی با سرانه خرید ضعیف (0.80 در ۲۰ روز) | نقدشوندگی کمتر از ۱۰ میلیارد تومان
پارتا,مجتمع صنعتی آرتاویل تایر,لاستیک و پلاستیک,23.3,اجتناب,90,45,0,9,19160,20261006,-5.1,2.4,39.7,-26.7,-2.8,19.5,76.9,57.6,0,0,false,45.4,2.75,above,-8.6,0.55,18273,19699,-3.46,-13.83,0.23,-3.11,1.6,985,19.45,9.84,97.7,18634,18009,19699,20284,0.47,نقدشوندگی پایین | واگرایی منفی RSI | خروج مستمر پول حقیقی | 77٪ بالای MA200 | سرانه خرید ضعیف (0.23) | واگرایی منفی | نقدشوندگی کمتر از ۱۰ میلیارد تومان | آخرین معامله 20261006 (متوقف یا کم‌معامله)
چفیبر,تولید فیبر ایران‌,محصولات چوبی,22.9,اجتناب,25,30,2.5,35,6480,20261010,-6.6,-17.6,-1.1,-67.5,-5.7,-6.6,21.8,40.2,7,0,false,28.8,3.76,below,-24.1,1.31,6120,6950,-1.59,-1.92,0.65,-14.42,5.8,224,28.93,28.93,0,6236,5998,6950,7560,0.98,سهم صفی: 7 روز از ۲۰ روز در صف (ریسک نقدشوندگی و اجرای حد ضرر) | سرانه خرید ضعیف (0.65) | حد ضرر دور (7.4٪) | نقدشوندگی کمتر از ۱۰ میلیارد تومان
فکمند,گسترش قطعه سازی کمند,ساخت محصولات فلزی,22.7,اجتناب,40,20,16.9,10,11940,20261010,-4.9,-10.7,12.8,-53.6,-4.3,0.4,-15.4,44.3,0,0,false,14.6,4.05,above,-55.8,0.99,11668,12883,0,0.04,0.86,-3.21,3.12,,,,,11668,11426,12883,13172,1.84,بدون روند (ADX پایین) | بدون EPS مثبت | توزیع: ورود حقیقی با سرانه خرید ضعیف (0.83 در ۲۰ روز) | نقدشوندگی کمتر از ۱۰ میلیارد تومان
حرهشا,رهشاد سپاهان (سهامی عام,حمل ونقل، انبارداری و ارتباطات,22.5,اجتناب,70,20,0,30,28280,20261010,-3.7,-3.6,46.1,-20.3,-4,4.5,29.1,47.1,0,0,false,29.6,3.56,above,-10,1.71,27852,28902,-4.01,-7.02,0.72,-3.22,1.59,351,80.57,,,27852,27348,28902,30135,0.67,نقدشوندگی پایین | خروج مستمر پول حقیقی | P/E بالا (81) | سرانه خرید ضعیف (0.72) | نقدشوندگی کمتر از ۱۰ میلیارد تومان
ثنوسا,نوسازی‌وساختمان‌تهران‌,انبوه سازی، املاک و مستغلات,22.2,اجتناب,41,18,1,24,8040,20261010,-7.3,-23.3,22.9,-43.5,-9.4,-9.2,15.1,36.7,1,0,false,27.6,3.8,inside,-25.2,1.17,7830,8525,-2.06,-9.18,0.63,-18.82,8.66,62,129.68,6.61,1861.8,7830,7677,8525,9027,1.34,خروج مستمر پول حقیقی | P/E بالا (130) | سرانه خرید ضعیف (0.63) | نقدشوندگی کمتر از ۱۰ میلیارد تومان
تکنو,تکنوتار,ماشین آلات و تجهیزات,21.2,اجتناب,25,37,1,24,3890,20261010,-6.3,-17.6,-48.1,-114.5,-7.6,-23.8,10.2,28.8,1,0,true,52.5,3.79,below,-57.7,0.65,2511,4000,-1.68,-5.17,0.61,-25.49,19.7,154,25.26,5.15,390.5,3743,3595,4000,4295,0.37,233٪ بالای کف ۵۲ هفته | سرانه خرید ضعیف (0.61) | حد ضرر دور (7.6٪)
قتربت,قند تربت حیدریه,قند و شکر,20.6,اجتناب,0,43,4.1,44,8510,20261010,-0.1,-12.4,4.3,-62.1,-3.5,-13.5,,37.1,0,0,true,28.8,3.35,below,-27.1,0.52,8367,8850,-0.38,-3.86,0.9,-1.25,3.59,775,10.98,9.57,14.7,8367,8224,8850,9645,1.19,خروج مستمر پول حقیقی | 173٪ بالای کف ۵۲ هفته | نقدشوندگی کمتر از ۱۰ میلیارد تومان
پلاست,کارخانجات تولیدی پلاستیران,لاستیک و پلاستیک,20.5,اجتناب,25,33,1.5,24,1962,20261010,-5.2,-11.2,-44.1,-110.5,-3.2,-14.3,14.2,37.5,1,0,true,35.7,3.59,below,-46.7,0.75,1851,2012,-1.24,-1.89,0.53,-30.51,18.12,93,21.1,9.84,114.4,1892,1816,2012,2085,0.34,سرانه خرید ضعیف (0.53) | حد ضرر دور (7.5٪)
ثزاگرس,سرمایه گذاری توسعه عمران زاگرس,انبوه سازی، املاک و مستغلات,19.6,اجتناب,10,30,2.4,40,105800,20261010,-0.8,-10.2,-37.7,-104.1,-4.3,-3.7,-26.5,40.5,3,0,false,28.9,3.86,below,-51.5,0.83,103200,111885,0,-0.33,0.88,-3.21,5.64,123,860.16,,,103200,101159,111885,113600,1.31,P/E بالا (860) | نقدشوندگی کمتر از ۱۰ میلیارد تومان
تاتمس,کارخانجات صنعتی وتولیدی اتمسفر,ماشین آلات و تجهیزات,16,اجتناب,35,8,25.5,30,11220,20261010,-7.4,-15.1,-17.1,-83.6,-11.9,-9.1,6.9,32,4,1,false,26.6,3.6,below,-21.7,2.29,11008,11452,0.22,-1.85,0.39,-6.56,0.95,248,45.24,,,11008,10806,11452,11811,0.56,نقدشوندگی پایین | واگرایی منفی RSI | خروج مستمر پول حقیقی | P/E بالا (45) | سرانه خرید ضعیف (0.39) | واگرایی منفی | نقدشوندگی کمتر از ۱۰ میلیارد تومان | صف فروش در ۵ روز اخیر
نبروج,نساجی بروجرد,منسوجات,15,اجتناب,55,55,0,10,19520,20260914,4.1,-3.1,-11.9,-78.3,2.3,-8.8,11.8,45.3,12,0,true,48.7,1.25,below,-24.3,0.56,18380,22188,0,0,,0,0.37,,,,,19276,19033,22188,22725,5.48,نقدشوندگی پایین | بدون EPS مثبت | سهم صفی: 12 روز از ۲۰ روز در صف (ریسک نقدشوندگی و اجرای حد ضرر) | 1041٪ بالای کف ۵۲ هفته | نقدشوندگی کمتر از ۱۰ میلیارد تومان | آخرین معامله 20260914 (متوقف یا کم‌معامله)
خلیبل,مالیبل سایپا,خودرو و ساخت قطعات,5,اجتناب,35,8,1.6,10,1687,20261010,-5.3,-14.3,-8.7,-75.1,-8.9,-6.8,1.7,37,3,2,false,27,4.02,below,-20.6,1.37,1654,1725,0,0,0.86,-0.69,0.55,,,,,1654,1620,1725,1760,0.58,نقدشوندگی پایین | بدون EPS مثبت | نقدشوندگی کمتر از ۱۰ میلیارد تومان | صف فروش در ۵ روز اخیر
