symbol,name,sector,score,signal,trend,momentum,money,value,close,lastDate,ret5,ret20,ret60,rs60,vsSma20,vsSma50,vsSma200,rsi,lockedDays20,sellQueueDays5,macdAboveSignal,adx,atrPct,cloud,fromHigh52,volRatio,support1,resistance1,netReal5B,netReal20B,power5,smt5B,liquidityB,eps,pe,sectorPE,peVsSector,entryLow,stop,target1,target2,rr,flags
معین,بیمه ایران - معین,بیمه وصندوق بازنشستگی به جزتامین اجتماعی,88.9,قوی ولی پرریسک؛ فعلاً ورود نه,100,85,87.5,80,3200,20260927,14.3,30.3,69,28.5,10.5,28.2,56.5,74.6,5,0,true,56.9,3.1,above,-0.6,0.61,3130,,5.82,18.75,4.72,26.28,14.18,644,4.97,18.13,-72.6,3130,3080,3497,3695,2.49,عرضه حقوقی به حقیقی (-11 میلیارد تومان در ۲۰ روز) | 57٪ بالای MA200
ثاخت,بین‌المللی‌توسعه‌ساختمان,انبوه سازی، املاک و مستغلات,88.3,قوی ولی پرریسک؛ فعلاً ورود نه,100,100,73,80,810,20260927,13.4,2.9,44.6,4.1,6.6,16,56.4,65.9,3,0,true,28.2,3.27,above,0,1.32,783,,27.31,15.44,4.19,-12.09,33.18,199,4.07,6.61,-38.4,784,770,889,942,1.97,56٪ بالای MA200
آسیا,بیمه آسیا,بیمه وصندوق بازنشستگی به جزتامین اجتماعی,87.3,قوی؛ نزدیک مقاومت، منتظر شکست یا پولبک,100,75,89,80,3950,20260927,5.1,3.4,61.5,20.9,0.8,13.8,89,59.8,3,0,false,31.7,3.62,above,-5.5,0.95,3550,4170,23.97,61.36,1.8,18.73,23.53,1869,2.11,4.59,-54,3807,3593,4170,4456,0.62,عرضه حقوقی به حقیقی (-55 میلیارد تومان در ۲۰ روز) | 89٪ بالای MA200 | حد ضرر دور (9.0٪) | شناوری کم (14٪)
ولساپا,لیزینگ رایان‌ سایپا,سایر واسطه گریهای مالی,86.4,پرریسک؛ صفی/رشد عمودی,100,70,89.5,80,1508,20260927,15.3,40.3,77.8,37.3,24.4,49.1,99.1,89.2,9,0,true,58.9,2.64,above,0,1.14,1076,,26.17,56.67,15,45.52,16.62,335,4.5,9.94,-54.7,1468,1428,1627,1707,1.5,اشباع خرید | فاصله زیاد از MA20 | سهم صفی: 9 روز از ۲۰ روز در صف (ریسک نقدشوندگی و اجرای حد ضرر) | رشد عمودی (78٪ در ۶۰ روز، 49٪ بالای MA50) | عرضه حقوقی به حقیقی (-44 میلیارد تومان در ۲۰ روز) | 99٪ بالای MA200
وبوعلی,سرمایه‌گذاری‌بوعلی‌,سرمایه گذاریها,85,پرریسک؛ صفی/رشد عمودی,100,85,72,80,3810,20260927,11.1,20.2,68.8,28.3,11.4,31.4,82,77.6,2,0,true,59.1,3.43,above,0,1.2,3740,,7.8,-5.97,1.79,10.68,5.16,1066,3.57,7.13,-49.9,3740,3675,4202,4463,2.9,خروج مستمر پول حقیقی | رشد عمودی (69٪ در ۶۰ روز، 31٪ بالای MA50) | 82٪ بالای MA200 | نقدشوندگی کمتر از ۱۰ میلیارد تومان
پارس,پتروشیمی پارس,محصولات شیمیایی,83.1,پرریسک؛ صفی/رشد عمودی,100,65,88.5,72,3012,20260927,15.8,28.3,27.8,-12.7,17.2,31.5,43.6,78.1,6,0,true,42.4,2.93,above,0,0.78,2929,,259.14,400.25,8.17,255.7,101.25,492,6.12,9.63,-36.4,2929,2885,3277,3453,2.08,اشباع خرید | فاصله زیاد از MA20 | سهم صفی: 6 روز از ۲۰ روز در صف (ریسک نقدشوندگی و اجرای حد ضرر) | رشد عمودی (28٪ در ۶۰ روز، 32٪ بالای MA50) | عرضه حقوقی به حقیقی (-265 میلیارد تومان در ۲۰ روز) | شناوری کم (6٪)
داتام,گروه مالی داتام,سرمایه گذاریها,83,قوی؛ نزدیک مقاومت، منتظر شکست یا پولبک,100,55,88,80,3840,20260927,5.5,9.1,19.3,-21.3,1.1,14.7,45.1,59.9,1,0,false,35,3.46,above,-7.5,0.99,3527,3930,8.24,4.65,3.56,14.31,4.27,1405,2.73,7.13,-61.7,3707,3507,3930,4150,0.27,206٪ بالای کف ۵۲ هفته | حد ضرر دور (8.7٪) | نقدشوندگی کمتر از ۱۰ میلیارد تومان | شناوری کم (5٪)
پی پاد,پرداخت الکترونیک پاسارگاد,رایانه و فعالیت‌های وابسته به آن,82.5,پرریسک؛ صفی/رشد عمودی,100,75,78,72,7640,20260927,4.1,5.8,119.5,79,0.3,27.4,99.6,64.7,6,0,false,54.2,3.5,above,-8.5,0.95,7190,8350,46.96,5.49,8.17,76.66,40.25,1006,7.59,18.19,-58.2,7373,7056,8350,8885,1.22,سهم صفی: 6 روز از ۲۰ روز در صف (ریسک نقدشوندگی و اجرای حد ضرر) | رشد عمودی (120٪ در ۶۰ روز، 27٪ بالای MA50) | 100٪ بالای MA200 | حد ضرر دور (7.6٪) | شناوری کم (12٪)
کهمدا,شیشه‌ همدان‌,سایر محصولات کانی غیرفلزی,82,قوی ولی پرریسک؛ فعلاً ورود نه,90,75,78,82,5680,20260927,1.8,3.8,60,19.5,-0.6,12.7,106.4,56.6,4,0,false,37.5,3.8,above,-10.8,0.57,5580,6370,1.11,22.22,1.68,6.93,26.53,981,5.79,12.75,-54.6,5580,5472,6370,6802,3.32,عرضه حقوقی به حقیقی (-22 میلیارد تومان در ۲۰ روز) | 106٪ بالای MA200
وبانک,سرمایه گذاری گروه توسعه ملی,شرکتهای چند رشته ای صنعتی,81.9,پرریسک؛ صفی/رشد عمودی,100,60,87.5,72,12510,20260927,5.1,27.7,54.6,14.1,7.7,27.9,72.5,72.5,8,0,false,56.2,3.47,above,-0.6,0.49,11535,,13.27,173.59,1.89,57.19,171.93,2109,5.93,10.88,-45.5,12076,11424,13813,14682,1.2,واگرایی منفی RSI | سهم صفی: 8 روز از ۲۰ روز در صف (ریسک نقدشوندگی و اجرای حد ضرر) | 73٪ بالای MA200 | واگرایی منفی | حد ضرر دور (8.7٪)
خکرمان,سرمایه گذاری آرمان گستر پاریز,خودرو و ساخت قطعات,81,پرریسک؛ صفی/رشد عمودی,100,75,64,80,11340,20260927,3.3,12.5,92.9,52.4,10.5,39,111.8,76.2,3,0,true,56.8,3.83,above,-3.4,1.45,10205,,27.71,64.19,0.57,-119.54,33.66,4303,2.64,5.87,-55.1,10905,10253,12644,13514,1.2,رشد عمودی (93٪ در ۶۰ روز، 39٪ بالای MA50) | عرضه حقوقی به حقیقی (-50 میلیارد تومان در ۲۰ روز) | 112٪ بالای MA200 | سرانه خرید ضعیف (0.57) | حد ضرر دور (9.6٪)
سجام,مجتمع سیمان غرب آسیا,سیمان، آهک و گچ,80.8,قوی ولی پرریسک؛ فعلاً ورود نه,100,85,88.1,47,10650,20260927,12.3,23.3,48.5,8,11.4,22.5,107.3,71.6,4,0,true,34.2,3.41,above,-0.2,0.79,10420,,22.81,46.32,1.58,16.66,21.24,1760,6.05,6.69,-9.5,10420,10238,11741,12468,2.65,واگرایی منفی RSI | عرضه حقوقی به حقیقی (-35 میلیارد تومان در ۲۰ روز) | 107٪ بالای MA200 | واگرایی منفی
ثپهران,توسعه ساختمان سپهر تهران,انبوه سازی، املاک و مستغلات,80.6,پرریسک؛ صفی/رشد عمودی,100,70,99.5,47,5150,20260927,14.7,30.1,42.3,1.7,20.9,33.2,,85.6,3,0,true,39.1,2.65,above,0,1.3,4326,,36,41.35,20.5,93.56,15.39,721,7.14,6.61,8.1,5014,4878,5559,5831,1.5,واگرایی منفی RSI | اشباع خرید | فاصله زیاد از MA20 | رشد عمودی (42٪ در ۶۰ روز، 33٪ بالای MA50) | واگرایی منفی | شناوری کم (11٪)
خیمن,ایمن خودرو شرق,خودرو و ساخت قطعات,80.1,قوی؛ نزدیک مقاومت، منتظر شکست یا پولبک,95,65,74.6,80,5150,20260927,9.3,-5.5,77.8,37.3,3.8,9.7,54.7,61.9,2,0,false,25.7,3.56,above,-8.8,1.15,4930,5310,3.28,15.1,1.44,26.06,23.99,1533,3.36,5.87,-42.8,4967,4838,5310,5650,0.51,عرضه حقوقی به حقیقی (-11 میلیارد تومان در ۲۰ روز) | 55٪ بالای MA200
فگستر,گسترش صنایع روی ایرانیان,فلزات اساسی,79.8,پرریسک؛ صفی/رشد عمودی,100,65,87,60,11530,20260927,1.7,33,181.5,141,6.9,33.6,178.8,69.7,14,1,false,67.8,2.8,above,-7.9,1.58,10670,12520,2.08,1.84,1.82,61.31,29.33,1905,6.05,8.05,-24.8,11208,10724,12520,13165,1.23,سهم صفی: 14 روز از ۲۰ روز در صف (ریسک نقدشوندگی و اجرای حد ضرر) | رشد عمودی (182٪ در ۶۰ روز، 34٪ بالای MA50) | 179٪ بالای MA200 | صف فروش در ۵ روز اخیر
فخاس,فولاد خراسان,فلزات اساسی,79.8,قوی؛ نزدیک مقاومت، منتظر شکست یا پولبک,100,75,89,50,3490,20260927,7.4,17.4,70.6,30.1,7.5,27.4,69.6,69.5,4,0,false,47.8,3.3,above,-3.1,0.64,3100,3600,15.73,51.89,7.56,31.21,21.43,363,9.61,13.48,-28.7,3375,3259,3600,3831,0.48,واگرایی منفی RSI | عرضه حقوقی به حقیقی (-46 میلیارد تومان در ۲۰ روز) | 70٪ بالای MA200 | واگرایی منفی | شناوری کم (4٪)
حتاید,تایدواترخاورمیانه,حمل ونقل، انبارداری و ارتباطات,79.5,قوی؛ نزدیک مقاومت، منتظر شکست یا پولبک,100,55,82,72,8630,20260927,4.6,10.6,27.9,-12.6,3.3,10.6,40.8,59.5,3,0,false,28.3,3.43,above,-5.5,0.56,8215,9074,21.13,42.79,1.36,9.88,37.8,1376,6.27,19.33,-67.6,8334,8067,9074,9666,0.79,عرضه حقوقی به حقیقی (-39 میلیارد تومان در ۲۰ روز)
وپارس,بانک‌پارسیان‌,بانکها و موسسات اعتباری,79.4,پرریسک؛ صفی/رشد عمودی,100,50,77.5,80,2297,20260927,4.1,37.1,97.2,56.7,9,40.4,107.8,74.6,6,0,false,75,3.36,above,-3.4,0.87,2193,2366,142.56,354.18,2.16,52.41,439.41,668,3.44,5.4,-36.3,2220,2154,2366,2520,0.48,سهم صفی: 6 روز از ۲۰ روز در صف (ریسک نقدشوندگی و اجرای حد ضرر) | رشد عمودی (97٪ در ۶۰ روز، 40٪ بالای MA50) | عرضه حقوقی به حقیقی (-372 میلیارد تومان در ۲۰ روز) | 108٪ بالای MA200
ولبهمن,شرکت بهمن لیزینگ,سایر واسطه گریهای مالی,79.4,ورود پله‌ای,90,53,77,90,2996,20260927,-2.1,9,37.6,-2.9,-3.5,15.8,48.5,54.1,4,0,false,41.7,3.43,above,-16.1,1.3,2401,3570,23.6,4.75,10.87,8.06,12.26,776,3.86,5.8,-33.4,2893,2791,3570,3775,2.79,
غچین,کشت‌ و صنعت‌ چین‌ چین,محصولات غذایی و آشامیدنی به جز قند و شکر,79,قوی ولی پرریسک؛ فعلاً ورود نه,90,65,86,70,4690,20260927,-1.9,5.4,46.1,5.5,-2,13.8,55.1,55.7,2,1,false,40.3,3.51,above,-10.5,0.29,4060,5240,3.71,12.91,5.7,2.28,12.21,682,6.88,8.53,-19.4,4526,4361,5240,5569,1.67,55٪ بالای MA200 | حد ضرر دور (7.0٪) | صف فروش در ۵ روز اخیر
فتوسا,تولید و توسعه سرب روی ایرانیان,فلزات اساسی,78.8,پرریسک؛ صفی/رشد عمودی,100,65,63,80,6930,20260927,0.7,21.4,98.6,58.1,8.3,24.9,103.9,68.2,9,0,false,52.5,3.2,above,-5.7,1.3,5805,7350,-17.76,9.01,1.69,13.67,16.14,1389,4.99,8.05,-38,6708,6486,7350,7794,0.95,سهم صفی: 9 روز از ۲۰ روز در صف (ریسک نقدشوندگی و اجرای حد ضرر) | عرضه حقوقی به حقیقی (-7 میلیارد تومان در ۲۰ روز) | 104٪ بالای MA200
ومدیر,گ.مدیریت ارزش سرمایه ص ب کشوری,سرمایه گذاریها,78.5,قوی ولی پرریسک؛ فعلاً ورود نه,100,65,62,80,2929,20260927,-1.7,7.1,41,0.5,1.8,12.2,35.7,57.5,2,0,false,36.9,3.24,above,-9.3,1.74,2830,3229,1.34,-3.72,3.21,12.48,5.74,904,3.24,7.13,-54.6,2834,2783,3229,3419,2.05,نقدشوندگی کمتر از ۱۰ میلیارد تومان
ودی,بیمه  دی,بیمه وصندوق بازنشستگی به جزتامین اجتماعی,78.4,قوی ولی پرریسک؛ فعلاً ورود نه,100,75,61.5,72,6550,20260927,11.2,7.2,51.2,10.7,6.7,22.4,52.4,69.3,1,0,false,43.8,3.38,above,0,0.88,6410,,3.11,-4.41,1.92,6.81,3.78,1197,5.47,18.13,-69.8,6410,6299,7214,7657,2.65,خروج مستمر پول حقیقی | 52٪ بالای MA200 | نقدشوندگی کمتر از ۱۰ میلیارد تومان
زفجر,کشاورزی و دامپروری فجر اصفهان,زراعت و خدمات وابسته,78.3,قوی؛ نزدیک مقاومت، منتظر شکست یا پولبک,88,75,87.5,60,52700,20260927,12.4,7.9,55.1,14.5,5.5,12,89,62.6,1,0,false,18.5,3.34,above,-1.3,0.65,51750,53370,0.82,19.26,2.27,25.69,15.42,7903,6.67,8.07,-17.4,51750,50871,53370,56887,0.37,واگرایی منفی RSI | عرضه حقوقی به حقیقی (-19 میلیارد تومان در ۲۰ روز) | 89٪ بالای MA200 | واگرایی منفی
بتهران,بیمه اتکایی تهران رواک,بیمه وصندوق بازنشستگی به جزتامین اجتماعی,78.1,پرریسک؛ صفی/رشد عمودی,100,70,74.5,62,8930,20260927,15.5,39.3,225.9,185.4,19.9,50.8,,85.1,7,0,true,77.4,3.05,above,-1.3,1.11,7710,,11,28.51,1.7,-17.27,14.94,956,9.34,18.13,-48.5,8658,8385,9747,10292,1.5,واگرایی منفی RSI | اشباع خرید | فاصله زیاد از MA20 | سهم صفی: 7 روز از ۲۰ روز در صف (ریسک نقدشوندگی و اجرای حد ضرر) | رشد عمودی (226٪ در ۶۰ روز، 51٪ بالای MA50) | عرضه حقوقی به حقیقی (-20 میلیارد تومان در ۲۰ روز) | 360٪ بالای کف ۵۲ هفته | واگرایی منفی
وامین,سرمایه گذاری امین مهرگان,سرمایه گذاریها,78.1,پرریسک؛ صفی/رشد عمودی,100,70,99.5,37,6710,20260927,14.3,59.2,120.6,80.1,25.7,59.1,84.1,94.3,9,0,true,66.9,2.59,above,-0.3,1.47,4458,,33.32,59.12,7.47,34.97,9.84,785,8.55,8.73,-2.1,6536,6363,7231,7578,1.5,اشباع خرید | فاصله زیاد از MA20 | سهم صفی: 9 روز از ۲۰ روز در صف (ریسک نقدشوندگی و اجرای حد ضرر) | رشد عمودی (121٪ در ۶۰ روز، 59٪ بالای MA50) | عرضه حقوقی به حقیقی (-38 میلیارد تومان در ۲۰ روز) | 84٪ بالای MA200 | نقدشوندگی کمتر از ۱۰ میلیارد تومان
ثجنوب,سرمایه گذاری مسکن جنوب,انبوه سازی، املاک و مستغلات,78.1,قوی؛ نزدیک مقاومت، منتظر شکست یا پولبک,100,70,56.4,80,19270,20260927,-0.4,9.2,17.3,-23.2,6.5,12,61.7,62.1,2,0,true,24.9,3.77,above,-3.4,1,18950,19940,10.51,79.44,0.92,-12.51,21.1,6363,3.03,23.59,-87.2,18950,18587,19940,21393,0.98,عرضه حقوقی به حقیقی (-70 میلیارد تومان در ۲۰ روز) | 62٪ بالای MA200
شتوکا,توکا رنگ فولاد سپاهان,محصولات شیمیایی,78,پرریسک؛ صفی/رشد عمودی,100,70,89,47,12130,20260927,15.2,69.4,61.7,21.2,26.3,55.4,101.4,92.7,15,0,true,69.6,2.71,above,0,0.92,7760,,3.68,72.5,10.33,10.83,12.92,1545,7.85,8.01,-2,11802,11473,13115,13772,1.5,اشباع خرید | فاصله زیاد از MA20 | سهم صفی: 15 روز از ۲۰ روز در صف (ریسک نقدشوندگی و اجرای حد ضرر) | رشد عمودی (62٪ در ۶۰ روز، 55٪ بالای MA50) | عرضه حقوقی به حقیقی (-65 میلیارد تومان در ۲۰ روز) | 101٪ بالای MA200
حفاری,حفاری شمال,استخراج نفت گاز و خدمات جنبی جز اکتشاف,77.8,قوی ولی پرریسک؛ فعلاً ورود نه,85,63,93.7,65,5920,20260927,3.1,4.8,37.4,-3.1,-0.6,13.3,34.2,55.8,3,0,false,34.9,3.5,above,-12.9,1.62,5470,6800,204.22,209.85,1.47,37.27,85.77,2511,2.36,2.24,5.3,5713,5401,6800,7215,1.7,حد ضرر دور (8.8٪)
ساینا,صنایع بهداشتی ساینا,محصولات شیمیایی,77.8,پرریسک؛ صفی/رشد عمودی,100,85,63,60,13080,20260927,9.4,19.2,105.7,65.1,11.3,25.1,131.7,73.3,5,0,true,51.8,3.43,above,-0.7,0.53,11900,,3.92,-53.14,2.37,13.43,20.25,1820,7.19,8.01,-10.3,12631,11958,14426,15323,1.2,خروج مستمر پول حقیقی | رشد عمودی (106٪ در ۶۰ روز، 25٪ بالای MA50) | 132٪ بالای MA200 | حد ضرر دور (8.6٪)
دابور,داروسازی‌ ابوریحان‌,مواد و محصولات دارویی,77.7,قوی ولی پرشده؛ منتظر پولبک,100,85,72.8,50,69580,20260927,10.2,28.4,99.6,59.1,11.4,28.8,109.1,77.1,0,0,true,53.6,3.73,above,0,1.05,67740,,47.08,40.19,1.37,6.78,43.08,6272,11.09,12.91,-14.1,67740,66443,77361,82548,2.48,واگرایی منفی RSI | 109٪ بالای MA200 | واگرایی منفی
نیان,نیان الکترونیک,تولید محصولات کامپیوتری الکترونیکی ونوری,77.6,قوی؛ نزدیک مقاومت، منتظر شکست یا پولبک,95,65,62.5,82,3660,20260927,8.3,-4.7,51.1,10.6,2.7,13,24.1,59.2,3,0,false,26.6,3.46,above,-20,0.46,3402,3770,3,-48.38,3.26,18.79,14.24,678,5.4,7.98,-32.4,3533,3343,3770,3900,0.35,واگرایی منفی RSI | خروج مستمر پول حقیقی | واگرایی منفی | حد ضرر دور (8.7٪)
واعتبار,سرمایه گذاری اعتبار ایران,سرمایه گذاریها,77.6,پرریسک؛ صفی/رشد عمودی,100,60,62.5,80,3510,20260927,5.8,39.1,85.3,44.8,14.9,43.4,103,85.5,2,0,true,75.7,2.89,above,-3.8,1.12,2338,,0.18,-7.4,3.54,5.1,4.28,827,4.24,7.13,-40.5,3408,3307,3815,4018,1.5,اشباع خرید | خروج مستمر پول حقیقی | رشد عمودی (85٪ در ۶۰ روز، 43٪ بالای MA50) | 103٪ بالای MA200 | نقدشوندگی کمتر از ۱۰ میلیارد تومان
زبینا,کشاورزی و دامپروری بینالود,زراعت و خدمات وابسته,77.1,قوی؛ نزدیک مقاومت، منتظر شکست یا پولبک,95,75,87.5,47,14750,20260927,11,6.1,42.9,2.4,4.7,12.5,91,62,2,0,false,25.8,3.57,above,-5.8,1.15,14235,15650,20.67,42.28,2.57,19.39,17.19,1911,7.72,8.07,-4.4,14235,13972,15650,16702,1.16,91٪ بالای MA200
بترانس,ایران‌ ترانسفو,ماشین آلات و دستگاه‌های برقی,77.1,قوی ولی پرریسک؛ فعلاً ورود نه,100,80,56.5,68,3570,20260927,6.6,6.9,20,-20.5,6.2,13.7,45.2,63.5,1,0,true,20.2,3.43,above,-2.2,1.8,3330,,-1.38,176.81,1.54,-196.79,100.16,747,4.78,6.15,-22.3,3448,3269,3937,4182,1.22,عرضه حقوقی به حقیقی (-267 میلیارد تومان در ۲۰ روز) | حد ضرر دور (8.4٪)
شدوص,دوده‌ صنعتی‌ پارس‌,محصولات شیمیایی,76.8,قوی؛ نزدیک مقاومت، منتظر شکست یا پولبک,85,75,63.3,82,6920,20260927,-0.3,0.1,52.9,12.4,-3.2,8.4,49.5,50.9,3,0,false,40.6,3.89,above,-12.3,0.42,6685,7290,1.01,19.97,1.27,-5.05,11.16,1044,6.63,9.63,-31.2,6685,6551,7290,7660,1,عرضه حقوقی به حقیقی (-20 میلیارد تومان در ۲۰ روز)
قپیرا,فرآورده‌های‌غدایی‌وقندپیرانشهر,قند و شکر,76.8,پرریسک؛ صفی/رشد عمودی,100,60,89,50,25090,20260927,10.3,43.4,70.3,29.8,17.8,40.2,101.3,80.3,6,0,true,59.5,3.04,above,-4.6,1.03,18820,,7.33,28.13,2.13,3.95,4.61,2920,8.59,9.8,-12.3,24326,23562,27382,28909,1.5,اشباع خرید | فاصله زیاد از MA20 | سهم صفی: 6 روز از ۲۰ روز در صف (ریسک نقدشوندگی و اجرای حد ضرر) | رشد عمودی (70٪ در ۶۰ روز، 40٪ بالای MA50) | عرضه حقوقی به حقیقی (-24 میلیارد تومان در ۲۰ روز) | 101٪ بالای MA200 | نقدشوندگی کمتر از ۱۰ میلیارد تومان
زشگزا,شیر و گوشت زاگرس شهرکرد,زراعت و خدمات وابسته,76.6,قوی؛ نزدیک مقاومت، منتظر شکست یا پولبک,95,55,88.5,60,32920,20260927,10.4,4.2,16.3,-24.2,3.9,9,65.2,59.3,2,0,false,21.7,3.55,above,-3.7,0.77,31303,34115,14.45,46.4,2.9,23.83,18.96,4812,6.84,8.07,-15.2,31752,30719,34115,36451,0.54,عرضه حقوقی به حقیقی (-29 میلیارد تومان در ۲۰ روز) | 65٪ بالای MA200
فولاژ,فولاد آلیاژی ایران,فلزات اساسی,76.4,قوی؛ نزدیک مقاومت، منتظر شکست یا پولبک,100,75,75.8,50,6470,20260927,10.2,10,72.7,32.2,3.6,22.6,73.2,65.6,1,0,false,53.8,3.38,above,-5.1,0.82,5840,6820,32.16,44.98,1.13,9.9,22.76,541,11.96,13.48,-11.3,6251,5922,6820,7258,0.64,عرضه حقوقی به حقیقی (-25 میلیارد تومان در ۲۰ روز) | 73٪ بالای MA200 | حد ضرر دور (8.5٪)
سکرما,سیمان‌ کرمان‌,سیمان، آهک و گچ,76.4,قوی؛ نزدیک مقاومت، منتظر شکست یا پولبک,100,55,71.7,70,72230,20260927,6,7.5,-1.6,-42.1,3.3,9.4,35,59.9,1,0,false,25.9,3.63,above,-16.8,0.54,68970,76360,1.34,25.16,0.95,0.18,7.02,11282,6.4,7.14,-10.3,69604,67657,76360,78940,0.9,عرضه حقوقی به حقیقی (-25 میلیارد تومان در ۲۰ روز) | نقدشوندگی کمتر از ۱۰ میلیارد تومان
ونیرو,سرمایه‌گذاری‌نیرو,عرضه برق، گاز، بخاروآب گرم,76.4,پرریسک؛ صفی/رشد عمودی,90,85,62.5,67,4090,20260927,12.4,40.6,57.2,16.6,12.7,34.4,12,76.7,9,0,true,45.4,2.94,above,-32.5,0.93,4015,4189,55.81,-10.64,1.88,23.71,45.73,599,6.83,7.09,-3.7,4015,3954,4189,4296,0.73,سهم صفی: 9 روز از ۲۰ روز در صف (ریسک نقدشوندگی و اجرای حد ضرر) | رشد عمودی (57٪ در ۶۰ روز، 34٪ بالای MA50)
مهرمام,مهرمام میهن,سلامت انسان و مددکاری اجتماعی,76.3,پرریسک؛ صفی/رشد عمودی,100,75,88,37,4330,20260927,-1.4,32.4,47.8,7.3,11.6,25.3,53.6,74.3,7,1,true,52.5,3.18,above,-4.2,1.07,3523,4520,5.94,71.02,2.37,61.2,26.4,403,10.74,10.3,4.3,4192,4055,4520,4795,0.69,سهم صفی: 7 روز از ۲۰ روز در صف (ریسک نقدشوندگی و اجرای حد ضرر) | عرضه حقوقی به حقیقی (-53 میلیارد تومان در ۲۰ روز) | 54٪ بالای MA200 | صف فروش در ۵ روز اخیر
ثباغ,شهر سازی و خانه سازی باغمیشه,انبوه سازی، املاک و مستغلات,76.1,قوی؛ نزدیک مقاومت، منتظر شکست یا پولبک,100,75,52.6,72,7680,20260927,7.4,1.3,45.7,5.2,1.8,17.5,56.1,61.2,0,0,false,42.4,3.53,above,-4.4,0.47,7330,7980,4.47,-1.87,1.2,1.77,9.85,1129,6.8,23.59,-71.2,7409,7195,7980,8522,0.62,56٪ بالای MA200 | نقدشوندگی کمتر از ۱۰ میلیارد تومان
البرز,بیمه البرز,بیمه وصندوق بازنشستگی به جزتامین اجتماعی,76.1,پرریسک؛ صفی/رشد عمودی,100,70,73.5,55,3320,20260927,14.2,51.3,64.5,23.9,19.9,46.4,71.1,89.9,8,0,true,64.9,2.83,above,-0.6,1.15,2896,,43.94,158.85,7,-6.77,37.49,758,4.38,4.59,-4.6,3226,3132,3602,3790,1.5,اشباع خرید | فاصله زیاد از MA20 | سهم صفی: 8 روز از ۲۰ روز در صف (ریسک نقدشوندگی و اجرای حد ضرر) | رشد عمودی (64٪ در ۶۰ روز، 46٪ بالای MA50) | عرضه حقوقی به حقیقی (-131 میلیارد تومان در ۲۰ روز) | 71٪ بالای MA200 | شناوری کم (13٪)
شغدیر,پتروشیمی غدیر,محصولات شیمیایی,76,پرریسک؛ صفی/رشد عمودی,100,75,52,72,79410,20260927,2.5,11.2,220.2,179.7,5.3,27.7,104.9,65.6,1,0,false,63.9,3.32,above,-3.4,1.02,78430,82210,38.76,133.94,0.8,-56.32,70.92,12273,6.47,9.63,-32.8,78430,77111,82210,87485,1.22,واگرایی منفی RSI | رشد عمودی (220٪ در ۶۰ روز، 28٪ بالای MA50) | عرضه حقوقی به حقیقی (-155 میلیارد تومان در ۲۰ روز) | 105٪ بالای MA200 | سرانه خرید ضعیف (0.80) | واگرایی منفی
فن آوا,گروه فن آوا,رایانه و فعالیت‌های وابسته به آن,76,پرریسک؛ صفی/رشد عمودی,100,45,98,50,4030,20260927,9.2,50.5,187.9,147.4,16,59.8,141.2,85.2,14,0,false,81.5,2.73,above,0,1.35,3970,,11.04,43.83,1.72,5.37,15.11,1675,2.41,,,3970,3915,4360,4580,2.87,اشباع خرید | فاصله زیاد از MA20 | سهم صفی: 14 روز از ۲۰ روز در صف (ریسک نقدشوندگی و اجرای حد ضرر) | رشد عمودی (188٪ در ۶۰ روز، 60٪ بالای MA50) | عرضه حقوقی به حقیقی (-32 میلیارد تومان در ۲۰ روز) | 141٪ بالای MA200
کمنگنز,معادن‌منگنزایران‌,استخراج کانه های فلزی,75.9,قوی ولی پرریسک؛ فعلاً ورود نه,100,60,63.5,72,10020,20260927,13.3,15.4,71.1,30.6,8.9,25,103.2,73.5,5,0,false,56.6,3.23,above,0,0.71,9730,,14.19,-17.62,7.07,29.99,23.53,1317,7.61,13.76,-44.7,9730,9568,10991,11638,2.15,واگرایی منفی RSI | 103٪ بالای MA200 | واگرایی منفی
فغدیر,آهن و فولاد غدیر ایرانیان,فلزات اساسی,75.8,پرریسک؛ صفی/رشد عمودی,100,70,90,37,7960,20260927,15.5,77.3,128.7,88.2,29.6,65.8,99.3,96.3,20,0,true,67.6,2.21,above,0,0.35,5056,,14.52,199.96,4.06,18.18,12.65,974,8.17,8.05,1.5,7784,7609,8487,8838,1.5,واگرایی منفی RSI | اشباع خرید | فاصله زیاد از MA20 | سهم صفی: 20 روز از ۲۰ روز در صف (ریسک نقدشوندگی و اجرای حد ضرر) | رشد عمودی (129٪ در ۶۰ روز، 66٪ بالای MA50) | عرضه حقوقی به حقیقی (-190 میلیارد تومان در ۲۰ روز) | 99٪ بالای MA200 | واگرایی منفی
مارون,پتروشیمی مارون,محصولات شیمیایی,75.8,پرریسک؛ صفی/رشد عمودی,100,70,90,37,28560,20260927,15.8,60.1,60.1,19.6,28.9,46.5,51.9,92.3,14,0,true,55.8,2.38,above,0,0.24,23679,,27.19,407.44,8.79,28.68,25.7,3493,8.18,8.01,2.1,27880,27200,30601,31961,1.5,اشباع خرید | فاصله زیاد از MA20 | سهم صفی: 14 روز از ۲۰ روز در صف (ریسک نقدشوندگی و اجرای حد ضرر) | رشد عمودی (60٪ در ۶۰ روز، 47٪ بالای MA50) | عرضه حقوقی به حقیقی (-399 میلیارد تومان در ۲۰ روز) | 52٪ بالای MA200
دلر,داروسازی‌ اکسیر,مواد و محصولات دارویی,75.6,پرریسک؛ صفی/رشد عمودی,95,75,78.5,50,27340,20260927,14.9,5.6,102.9,62.4,6.4,11.7,114.2,63,3,0,false,28,3.53,above,-3.5,1.05,26000,28330,92.79,11.08,2.74,45.92,40.91,2845,9.61,12.91,-25.6,26374,25517,28330,30262,0.54,واگرایی منفی RSI | رشد عمودی (103٪ در ۶۰ روز، 12٪ بالای MA50) | 114٪ بالای MA200 | واگرایی منفی
توسن,توسعه سامانه ی نرم افزاری نگین,رایانه و فعالیت‌های وابسته به آن,75.6,پرریسک؛ صفی/رشد عمودی,100,75,50.3,72,12500,20260927,5.3,14.7,125.3,84.8,4.4,20.9,151.4,67.3,3,0,false,49.5,3.7,above,-5.8,1.05,11415,13265,8.57,-22.07,1.11,10,41.57,2242,5.58,8.89,-37.3,12038,11344,13265,14190,0.66,رشد عمودی (125٪ در ۶۰ روز، 21٪ بالای MA50) | 151٪ بالای MA200 | حد ضرر دور (9.2٪)
نخریس,نخریسی و نساجی خسروی خراسان,منسوجات,75.5,پرریسک؛ صفی/رشد عمودی,100,85,64,50,23960,20260927,7.6,24.5,87.7,47.2,13.7,35.5,86.9,79.2,1,0,true,49.1,3.15,above,0,0.76,23570,,4.98,-2.73,6.34,25.55,10.13,2027,11.82,14.29,-17.3,23570,23192,26226,27737,2.95,واگرایی منفی RSI | اشباع خرید | رشد عمودی (88٪ در ۶۰ روز، 36٪ بالای MA50) | 87٪ بالای MA200 | واگرایی منفی
وپویا,سرمایه گذاری پویا,سرمایه گذاریها,75.5,قوی؛ نزدیک مقاومت، منتظر شکست یا پولبک,100,75,62,80,2734,20260926,11.6,15.7,53.2,12.6,8.3,25.4,58.8,69.9,2,0,false,43.7,3.41,above,-1.3,1.06,2434,2770,2.06,-3.6,35.11,30.95,8.13,654,4.18,8.73,-52.1,2641,2547,2770,2957,0.19,واگرایی منفی RSI | 59٪ بالای MA200 | واگرایی منفی | نقدشوندگی کمتر از ۱۰ میلیارد تومان | آخرین معامله 20260926 (متوقف یا کم‌معامله)
غشاذر,پگاه‌آذربایجان‌غربی‌,محصولات غذایی و آشامیدنی به جز قند و شکر,75.1,قوی؛ نزدیک مقاومت، منتظر شکست یا پولبک,88,63,84.6,60,19460,20260927,2.1,4.7,37.2,-3.3,1.9,11.4,70.6,58.6,0,0,false,17.4,3.88,above,-5.5,0.65,19020,20060,9.75,16.23,1.5,3.52,13.65,2810,6.93,8.53,-18.8,19020,18643,20060,20600,0.73,واگرایی منفی RSI | 71٪ بالای MA200 | واگرایی منفی
دلقما,دارویی‌ لقمان‌,مواد و محصولات دارویی,75.1,پرریسک؛ صفی/رشد عمودی,95,65,62.5,72,10020,20260927,11.6,-2.1,199.6,159.1,4.5,22.3,179.1,63.2,6,0,false,42.8,3.69,above,-13.5,0.72,9630,10600,117.77,-59.1,9.2,100.05,77.85,1109,9.04,12.91,-30,9650,9445,10600,11590,1.01,سهم صفی: 6 روز از ۲۰ روز در صف (ریسک نقدشوندگی و اجرای حد ضرر) | رشد عمودی (200٪ در ۶۰ روز، 22٪ بالای MA50) | 179٪ بالای MA200
شبصیر,تولیدات پتروشیمی قائد بصیر,محصولات شیمیایی,74.9,پرریسک؛ صفی/رشد عمودی,100,50,67.6,72,15960,20260927,6.1,21.7,53,12.5,9.3,30.5,74.6,71.4,2,0,false,56.2,3.17,above,-0.7,0.98,14680,,12.21,23.71,1.2,17.64,30.17,2884,5.53,8.01,-30.9,15455,14697,17475,18486,1.2,رشد عمودی (53٪ در ۶۰ روز، 31٪ بالای MA50) | عرضه حقوقی به حقیقی (-15 میلیارد تومان در ۲۰ روز) | 75٪ بالای MA200 | حد ضرر دور (7.9٪)
دکپسول,تولید ژلاتین کپسول ایران,مواد و محصولات دارویی,74.8,قوی؛ نزدیک مقاومت، منتظر شکست یا پولبک,95,80,84,37,186300,20260927,11.7,5,13.8,-26.7,6.2,10.5,38.7,63.2,1,0,true,23.4,3.54,above,-2.2,0.87,181450,190500,10.92,61.69,1.4,14.72,21.35,20406,9.13,8.86,3,181450,178155,190500,203678,0.52,عرضه حقوقی به حقیقی (-56 میلیارد تومان در ۲۰ روز)
کربن,کانی کربن طبس,استخراج زغال سنگ,74.6,قوی ولی پرریسک؛ فعلاً ورود نه,85,65,62.5,82,9830,20260927,6.2,-1,69.2,28.7,-3,15.6,79.2,56.9,2,0,false,41.7,3.52,above,-13.8,0.44,9050,11400,18.91,-32.36,2.91,22.13,25.03,1449,6.78,15.48,-56.2,9484,8966,11400,12091,1.82,خروج مستمر پول حقیقی | 79٪ بالای MA200 | حد ضرر دور (8.8٪)
مهر,سرمایه گذاری مهر,سرمایه گذاریها,74.5,پرریسک؛ صفی/رشد عمودی,100,70,62,60,3960,20260927,13.8,26.5,81,40.5,14.3,42.9,84.7,82.9,3,0,true,57.9,2.96,above,0,0.65,3410,,18.74,-69.49,33.58,35.3,12.49,564,7.02,8.73,-19.6,3843,3726,4312,4546,1.5,اشباع خرید | خروج مستمر پول حقیقی | رشد عمودی (81٪ در ۶۰ روز، 43٪ بالای MA50) | 85٪ بالای MA200
نماد,گروه مالی نماد غدیر,سرمایه گذاریها,74,قوی؛ نزدیک مقاومت، منتظر شکست یا پولبک,100,75,36,80,4150,20260927,4.8,12.8,41.6,1.1,4.1,16.3,,64,1,0,false,37.7,3.46,above,-2.6,0.81,3927,4240,-0.99,-41.28,4.61,48.28,33.95,995,4.17,7.13,-41.5,4006,3855,4240,4527,0.31,خروج مستمر پول حقیقی | حد ضرر دور (7.1٪) | شناوری کم (9٪)
خصدرا,صنعتی‌ دریایی‌ ایران‌,پیمانکاری صنعتی,73.9,پرریسک؛ صفی/رشد عمودی,90,80,88.5,35,2429,20260927,15.7,6.8,6.4,-34.2,9.6,21,5.4,66.5,16,0,true,23.5,3.29,above,-19.6,0.43,2374,2518,6.33,9.12,15.59,13.87,6.96,191,12.72,,,2374,2334,2518,2635,0.94,واگرایی منفی RSI | سهم صفی: 16 روز از ۲۰ روز در صف (ریسک نقدشوندگی و اجرای حد ضرر) | عرضه حقوقی به حقیقی (-7 میلیارد تومان در ۲۰ روز) | واگرایی منفی | نقدشوندگی کمتر از ۱۰ میلیارد تومان
خپویش,سازه‌ پویش‌,خودرو و ساخت قطعات,73.9,پرریسک؛ صفی/رشد عمودی,100,70,99.5,20,5310,20260927,11.8,47.5,75.3,34.7,23.6,49.3,78.9,91,11,0,true,60.3,2.65,above,0,1.31,4001,,4.42,29.29,8.93,15.83,6.44,196,27.09,,,5169,5028,5733,6015,1.5,اشباع خرید | فاصله زیاد از MA20 | سهم صفی: 11 روز از ۲۰ روز در صف (ریسک نقدشوندگی و اجرای حد ضرر) | رشد عمودی (75٪ در ۶۰ روز، 49٪ بالای MA50) | عرضه حقوقی به حقیقی (-24 میلیارد تومان در ۲۰ روز) | 79٪ بالای MA200 | نقدشوندگی کمتر از ۱۰ میلیارد تومان
وکادو,تکادو,سرمایه گذاریها,73.8,پرریسک؛ صفی/رشد عمودی,100,75,63,52,4400,20260927,-2.9,80.9,119.3,78.8,22.8,53,99.9,73.4,10,0,true,46.6,4.29,above,-10.9,1.13,2737,4940,-7.85,18.87,2.7,18.69,12.3,668,6.59,,,4211,4022,4940,5318,1.43,فاصله زیاد از MA20 | سهم صفی: 10 روز از ۲۰ روز در صف (ریسک نقدشوندگی و اجرای حد ضرر) | رشد عمودی (119٪ در ۶۰ روز، 53٪ بالای MA50) | 100٪ بالای MA200 | حد ضرر دور (8.6٪)
بزندگی,بیمه زندگی آگاه,بیمه وصندوق بازنشستگی به جزتامین اجتماعی,73.8,پرریسک؛ صفی/رشد عمودی,100,70,99,20,6590,20260927,15.6,40.5,131.9,91.4,24.1,48,139,94.7,6,0,true,76.8,2.36,above,0,1.23,4840,,22,33.81,99.35,24.33,3.56,328,20.09,,,6435,6280,7056,7366,1.5,اشباع خرید | فاصله زیاد از MA20 | سهم صفی: 6 روز از ۲۰ روز در صف (ریسک نقدشوندگی و اجرای حد ضرر) | رشد عمودی (132٪ در ۶۰ روز، 48٪ بالای MA50) | عرضه حقوقی به حقیقی (-26 میلیارد تومان در ۲۰ روز) | 139٪ بالای MA200 | نقدشوندگی کمتر از ۱۰ میلیارد تومان
چاپ,ص.چاپ وبسته بندی آسان قزوین,محصولات کاغذی,73.6,قوی ولی پرریسک؛ فعلاً ورود نه,100,75,52.5,62,20410,20260927,0.8,7.1,83.9,43.4,0.6,22.4,,62.2,2,0,false,46.9,3.42,above,-8.6,0.86,19890,22340,-30.44,17.32,7.63,40.49,31.47,2147,9.51,16.48,-42.3,19890,19540,22340,23738,2.22,عرضه حقوقی به حقیقی (-16 میلیارد تومان در ۲۰ روز) | 205٪ بالای کف ۵۲ هفته
داترا,آترا زیست آرای,مواد و محصولات دارویی,73.6,قوی؛ نزدیک مقاومت، منتظر شکست یا پولبک,100,63,62,62,6760,20260927,1.8,0.6,40.1,-0.5,1.1,13.5,,56.7,1,0,false,34.4,3.88,above,-7.1,0.89,6430,7015,1.58,-29.31,2.11,50.28,31.55,777,8.7,12.91,-32.6,6498,6299,7015,7265,0.55,162٪ بالای کف ۵۲ هفته
کگل,معدنی و صنعتی گل گهر,استخراج کانه های فلزی,73.5,قوی؛ نزدیک مقاومت، منتظر شکست یا پولبک,85,65,87,53,2954,20260927,1.5,-2.6,50.8,10.3,-1.1,8.6,44.7,53.4,4,0,false,31.3,3.79,above,-10.8,0.83,2805,3071,278.39,221.78,3.65,136.55,210.26,241,12.26,13.76,-10.9,2842,2749,3071,3310,0.57,
فایرا,آلومینیوم‌ایران‌,فلزات اساسی,73.4,قوی؛ نزدیک مقاومت، منتظر شکست یا پولبک,95,75,47.5,72,15000,20260927,8,3.8,92.6,52.1,3.1,11.5,105.9,58.7,4,0,false,29.7,3.66,above,-7.5,0.47,13600,15970,18.78,-39.88,1.64,-19.68,85.29,2419,6.2,13.48,-54,14451,13628,15970,16220,0.71,106٪ بالای MA200 | حد ضرر دور (9.1٪)
قشهد,شهد,قند و شکر,73.4,پرریسک؛ صفی/رشد عمودی,100,60,88.5,37,4130,20260927,9.8,44,161.3,120.7,15.8,38.9,140,85.8,8,0,true,69.1,3.26,above,-1.9,0.58,2908,,3.51,23.13,1.63,2.99,7.01,416,9.93,9.8,1.3,3995,3860,4534,4804,1.5,واگرایی منفی RSI | اشباع خرید | فاصله زیاد از MA20 | سهم صفی: 8 روز از ۲۰ روز در صف (ریسک نقدشوندگی و اجرای حد ضرر) | رشد عمودی (161٪ در ۶۰ روز، 39٪ بالای MA50) | عرضه حقوقی به حقیقی (-25 میلیارد تومان در ۲۰ روز) | 140٪ بالای MA200 | واگرایی منفی | نقدشوندگی کمتر از ۱۰ میلیارد تومان
نمرینو,ایران‌ مرینوس‌,منسوجات,73.2,قوی؛ نزدیک مقاومت، منتظر شکست یا پولبک,100,63,85.3,37,8010,20260927,2.8,19.9,33.8,-6.7,10.9,23.9,40.2,73.2,2,0,true,40.1,3.15,above,-3.7,1.28,7200,8509,0.6,4.91,1.05,1.79,3.61,953,8.41,7.72,8.9,7758,7506,8509,8800,0.99,واگرایی منفی RSI | عرضه حقوقی به حقیقی (-4 میلیارد تومان در ۲۰ روز) | واگرایی منفی | نقدشوندگی کمتر از ۱۰ میلیارد تومان
سرچشمه,سرمایه گذاری مس سرچشمه,سرمایه گذاریها,73.2,پرریسک؛ صفی/رشد عمودی,100,75,52.7,60,8090,20260927,2.8,51.8,145,104.5,14.6,39.7,99.3,79.6,14,0,true,67.9,2.88,above,-3,1.61,5566,8340,-75.7,85.1,1.41,-252.39,67.6,1231,6.57,8.73,-24.7,7857,7624,8340,8806,0.54,اشباع خرید | سهم صفی: 14 روز از ۲۰ روز در صف (ریسک نقدشوندگی و اجرای حد ضرر) | رشد عمودی (145٪ در ۶۰ روز، 40٪ بالای MA50) | عرضه حقوقی به حقیقی (-158 میلیارد تومان در ۲۰ روز) | 99٪ بالای MA200
پترول,گ.س.وت.ص.پتروشیمی خلیج فارس,محصولات شیمیایی,73.1,قوی ولی پرریسک؛ فعلاً ورود نه,100,65,30.2,90,2479,20260927,-5.7,3.9,60.9,20.4,0.2,12.3,52.8,55.1,3,0,false,36.3,3.8,above,-12.2,0.81,2398,2825,-32.37,134.71,0.93,-55.5,72.54,710,3.49,9.63,-63.7,2398,2351,2825,3013,2.7,عرضه حقوقی به حقیقی (-142 میلیارد تومان در ۲۰ روز) | 53٪ بالای MA200
شصدف,صنعتی دوده فام,محصولات شیمیایی,73,قوی؛ نزدیک مقاومت، منتظر شکست یا پولبک,100,75,52,60,18400,20260927,1.4,1.6,67,26.4,3.6,20.4,56,61.2,3,0,false,53.2,3.8,above,-6.8,0.55,16300,18800,-12.31,5.76,1.69,6.94,32.2,2572,7.15,8.01,-10.7,17700,17001,18800,19740,0.29,56٪ بالای MA200 | حد ضرر دور (7.6٪)
غاذر,کشت‌وصنعت‌پیاذر,محصولات غذایی و آشامیدنی به جز قند و شکر,72.9,قوی ولی پرریسک؛ فعلاً ورود نه,100,75,87.5,24,31960,20260927,9.5,13.9,96.7,56.2,4.5,24.7,140.5,66.1,5,0,false,45.8,3.37,above,-7.9,0.5,28010,34700,7.69,47.77,5,19.74,41.73,3154,10.13,8.53,18.8,30883,29806,34700,36854,1.27,عرضه حقوقی به حقیقی (-39 میلیارد تومان در ۲۰ روز) | 140٪ بالای MA200
پاسا,ایران‌یاساتایرورابر,لاستیک و پلاستیک,72.9,قوی؛ نزدیک مقاومت، منتظر شکست یا پولبک,90,65,59.4,72,10290,20260927,-1.2,5.6,64.9,24.4,-0.5,18.7,67.7,58.8,0,0,false,48.6,3.84,above,-7.5,0.68,9910,10660,6.15,46.31,1.06,-1.77,28.33,2053,5.01,8.21,-39,9910,9712,10660,11120,0.64,واگرایی منفی RSI | عرضه حقوقی به حقیقی (-40 میلیارد تومان در ۲۰ روز) | 68٪ بالای MA200 | واگرایی منفی
پاکشو,گروه صنعتی پاکشو,محصولات شیمیایی,72.8,پرریسک؛ صفی/رشد عمودی,100,75,87,24,12530,20260927,5.8,3.6,88.5,48,6.9,18.3,100.1,64.4,7,0,false,30.8,3.54,above,-2.1,0.85,12400,12800,26.68,25.59,3.08,28.96,11.84,1090,11.5,9.63,19.4,12400,12178,12800,13687,0.77,واگرایی منفی RSI | سهم صفی: 7 روز از ۲۰ روز در صف (ریسک نقدشوندگی و اجرای حد ضرر) | 100٪ بالای MA200 | واگرایی منفی | شناوری کم (10٪)
شجم,صنایع پتروشیمی تخت جمشید,محصولات شیمیایی,72.8,قوی؛ نزدیک مقاومت، منتظر شکست یا پولبک,100,45,63,72,10690,20260927,-0.4,10.9,12.9,-27.6,3.3,16.8,20.9,61.6,0,0,false,31.1,3.5,above,-3.3,1.08,10345,10845,2.86,-4.43,3.19,4.76,10.42,1969,5.43,8.01,-32.2,10345,10157,10845,11050,0.29,واگرایی منفی RSI | واگرایی منفی
محتشم,نساجی هدیه البرز مشهد,منسوجات,72.6,پرریسک؛ صفی/رشد عمودی,100,75,73.5,37,16280,20260927,1.2,27.5,46.9,6.4,12.4,34.1,73.3,73,10,0,true,45.1,3.01,above,-3,1.38,13580,,-76.75,78.48,1.69,51.29,55.06,1926,8.45,7.72,9.5,15790,15300,17750,18730,1.5,واگرایی منفی RSI | سهم صفی: 10 روز از ۲۰ روز در صف (ریسک نقدشوندگی و اجرای حد ضرر) | رشد عمودی (47٪ در ۶۰ روز، 34٪ بالای MA50) | عرضه حقوقی به حقیقی (-108 میلیارد تومان در ۲۰ روز) | 73٪ بالای MA200 | واگرایی منفی
شکلر,نیروکلر,محصولات شیمیایی,72.6,پرریسک؛ صفی/رشد عمودی,100,60,62.5,60,31030,20260927,15.7,14.8,52.9,12.4,9.2,29,89,71.2,6,0,false,50.5,3.17,above,-0.2,0.44,28360,,37.92,-26.51,3.87,41.86,28.29,3984,7.79,9.63,-19.1,30046,28571,33981,35948,1.2,سهم صفی: 6 روز از ۲۰ روز در صف (ریسک نقدشوندگی و اجرای حد ضرر) | 89٪ بالای MA200 | حد ضرر دور (7.9٪)
کویر,تولیدی فولاد سپید فراب کویر,فلزات اساسی,72.5,پرریسک؛ صفی/رشد عمودی,100,75,48,62,2649,20260927,0.8,35.5,72,31.5,15.4,39.7,81.5,77,13,1,true,58.2,2.81,above,-5,1.69,1983,2787,-122.26,39.89,2.25,-186.39,70.32,292,9.07,13.48,-32.7,2575,2500,2787,2936,0.93,فاصله زیاد از MA20 | سهم صفی: 13 روز از ۲۰ روز در صف (ریسک نقدشوندگی و اجرای حد ضرر) | رشد عمودی (72٪ در ۶۰ روز، 40٪ بالای MA50) | عرضه حقوقی به حقیقی (-150 میلیارد تومان در ۲۰ روز) | 82٪ بالای MA200 | شناوری کم (10٪) | صف فروش در ۵ روز اخیر
قصفها,قنداصفهان‌,قند و شکر,72.4,قوی ولی پرریسک؛ فعلاً ورود نه,90,75,61.7,60,2321,20260927,2.6,6.6,42.4,1.9,-0.1,13.7,65.5,56.6,4,0,false,37.5,3.65,above,-11,0.79,2263,2607,0.43,18.55,1.19,-9.48,14.04,264,8.79,9.8,-10.3,2263,2221,2607,2776,2.85,عرضه حقوقی به حقیقی (-16 میلیارد تومان در ۲۰ روز) | 66٪ بالای MA200
وپخش,داروپخش‌ (هلدینگ‌,مواد و محصولات دارویی,72.4,پرریسک؛ صفی/رشد عمودی,83,100,79.8,30,51540,20260927,15.4,7.2,44.7,4.2,8.6,11.8,86.1,64.5,6,0,true,19.9,3.5,above,-1.2,1.17,51000,52180,54.87,73.81,1.29,3.83,33.64,3800,13.56,12.91,5.1,51000,50099,52180,55783,0.44,واگرایی منفی RSI | سهم صفی: 6 روز از ۲۰ روز در صف (ریسک نقدشوندگی و اجرای حد ضرر) | عرضه حقوقی به حقیقی (-55 میلیارد تومان در ۲۰ روز) | 86٪ بالای MA200 | واگرایی منفی | شناوری کم (11٪)
نطرین,عطرین نخ قم,منسوجات,72.3,پرریسک؛ صفی/رشد عمودی,100,90,47,50,2322,20260927,0.1,23.6,42.2,1.6,12.1,23.2,79,68.8,16,2,true,35.2,2.97,above,-5.6,1.43,2013,2460,-11.13,2.49,4.97,-47.77,9.88,196,11.85,14.29,-17.1,2253,2184,2460,2598,1,سهم صفی: 16 روز از ۲۰ روز در صف (ریسک نقدشوندگی و اجرای حد ضرر) | عرضه حقوقی به حقیقی (-17 میلیارد تومان در ۲۰ روز) | 79٪ بالای MA200 | نقدشوندگی کمتر از ۱۰ میلیارد تومان | صف فروش در ۵ روز اخیر
دزاگرس,دارویی و نهاده های زاگرس دارو,مواد و محصولات دارویی,72.3,قوی؛ نزدیک مقاومت، منتظر شکست یا پولبک,95,75,78,37,25520,20260927,15.1,0.7,57,16.5,5.5,12.4,101.8,61.9,4,0,false,41.2,3.23,above,-5.4,1.13,22820,26090,113.04,62.9,7.7,53.25,93.92,3000,8.51,8.86,-4,24696,23872,26090,26970,0.35,102٪ بالای MA200
فن افزار,توسعه فن افزار توسن,رایانه و فعالیت‌های وابسته به آن,72.3,پرریسک؛ صفی/رشد عمودی,100,60,61,60,11110,20260927,8.6,19.2,163.9,123.4,5,29.5,168,71.4,3,0,false,64.8,3.45,above,-5.4,0.69,9850,11750,22.51,-27.23,4.78,53.73,21.32,1478,7.52,8.89,-15.4,10726,10343,11750,12517,0.83,واگرایی منفی RSI | خروج مستمر پول حقیقی | رشد عمودی (164٪ در ۶۰ روز، 29٪ بالای MA50) | 168٪ بالای MA200 | واگرایی منفی
غدانه,پنبه و دانه های روغنی خراسان,محصولات غذایی و آشامیدنی به جز قند و شکر,72.1,قوی؛ نزدیک مقاومت، منتظر شکست یا پولبک,100,75,48.4,60,18400,20260927,2.8,2.5,83.6,43.1,2.6,7.2,61.8,56.5,5,0,false,37.3,3.44,above,-7.8,0.82,17400,19610,14.28,45.53,1.08,-13.18,47.09,3417,5.38,7.05,-23.6,17767,17084,19610,19950,0.92,واگرایی منفی RSI | 62٪ بالای MA200 | واگرایی منفی | حد ضرر دور (7.2٪)
شپاس,نفت پاسارگاد,فراورده های نفتی، کک و سوخت هسته ای,72.1,قوی؛ نزدیک مقاومت، منتظر شکست یا پولبک,100,55,77.3,47,46890,20260927,2.6,12.7,14.9,-25.7,0.7,15.8,24.2,59.1,4,0,false,30.8,3.69,above,-7.3,0.51,44304,49138,6.26,84.75,1.21,2.2,20.63,6293,7.45,8.12,-8.2,45157,43438,49138,50385,0.65,عرضه حقوقی به حقیقی (-78 میلیارد تومان در ۲۰ روز) | حد ضرر دور (7.4٪)
وسبحان,سرمایه گذاری سبحان,سرمایه گذاریها,72.1,قوی؛ نزدیک مقاومت، منتظر شکست یا پولبک,100,75,28.3,80,3450,20260927,4.2,6.5,76.6,36,3.8,19.2,84,64.6,0,0,false,49.8,3.31,above,-2.8,0.94,3290,3550,3.87,-12.75,0.87,-7.43,7.44,956,3.61,8.73,-58.7,3336,3233,3550,3779,0.46,واگرایی منفی RSI | خروج مستمر پول حقیقی | 84٪ بالای MA200 | واگرایی منفی | نقدشوندگی کمتر از ۱۰ میلیارد تومان
داسوه,داروسازی‌ اسوه‌,مواد و محصولات دارویی,72,پرریسک؛ صفی/رشد عمودی,95,75,87,27,96630,20260927,9.2,10.3,160.5,120,0.6,22,137.4,61.1,8,0,false,52.9,3.31,above,-11.4,0.73,92270,109090,17.65,17.73,8.95,14.9,11.21,6197,15.59,12.91,20.8,93436,90673,109090,115478,2.09,واگرایی منفی RSI | سهم صفی: 8 روز از ۲۰ روز در صف (ریسک نقدشوندگی و اجرای حد ضرر) | رشد عمودی (161٪ در ۶۰ روز، 22٪ بالای MA50) | عرضه حقوقی به حقیقی (-15 میلیارد تومان در ۲۰ روز) | 137٪ بالای MA200 | واگرایی منفی | شناوری کم (9٪)
خرینگ,رینگ‌سازی‌مشهد,خودرو و ساخت قطعات,71.8,قوی ولی پرریسک؛ فعلاً ورود نه,100,75,75.2,32,17590,20260927,2,16,56,15.5,8.6,27.2,58.3,70.5,2,1,true,68.4,3.64,above,-3.8,1.32,15750,,4.84,2.89,1.13,19.97,14.98,1668,10.55,,,16950,15990,19510,20790,1.2,58٪ بالای MA200 | حد ضرر دور (9.1٪) | صف فروش در ۵ روز اخیر
دارو,کارخانجات‌داروپخش‌,مواد و محصولات دارویی,71.8,پرریسک؛ صفی/رشد عمودی,95,75,63,50,8820,20260927,15.4,3.8,111.1,70.5,7,13.9,137.6,64.7,6,0,false,35.6,3.53,above,-6.2,0.51,7790,9400,85.54,-44.28,5.58,106.03,62.13,841,10.49,12.91,-18.8,8509,8197,9400,10023,0.93,سهم صفی: 6 روز از ۲۰ روز در صف (ریسک نقدشوندگی و اجرای حد ضرر) | رشد عمودی (111٪ در ۶۰ روز، 14٪ بالای MA50) | 138٪ بالای MA200 | حد ضرر دور (7.1٪) | شناوری کم (13٪)
فنورد,نوردوقطعات‌ فولادی‌,فلزات اساسی,71.6,قوی ولی پرریسک؛ فعلاً ورود نه,100,65,42.5,72,12150,20260927,-0.9,9,73.4,32.9,1.6,24.9,126,63.8,0,0,false,59.5,4.08,above,-9.3,0.48,11770,13400,7.12,9.35,0.79,-16.3,26.38,1550,7.84,13.48,-41.8,11770,11522,13400,14392,1.99,واگرایی منفی RSI | 126٪ بالای MA200 | سرانه خرید ضعیف (0.79) | واگرایی منفی
ریشمک,تولید و صادرات ریشمک,مواد و محصولات دارویی,71.6,پرریسک؛ صفی/رشد عمودی,100,75,36.5,70,15980,20260927,4.2,10.1,45,4.5,1.1,22.3,70.9,60.6,8,1,false,36.8,3.25,above,-10.9,1.04,14440,17940,-3.54,21.27,2.63,-7.53,23.81,2342,6.82,8.86,-23,15461,14683,17940,18978,1.51,سهم صفی: 8 روز از ۲۰ روز در صف (ریسک نقدشوندگی و اجرای حد ضرر) | عرضه حقوقی به حقیقی (-14 میلیارد تومان در ۲۰ روز) | 71٪ بالای MA200 | حد ضرر دور (8.1٪) | صف فروش در ۵ روز اخیر
بازرگام,پست پیشگامان,اطلاعات و ارتباطات,71.6,پرریسک؛ صفی/رشد عمودی,100,70,85.3,25,5460,20260927,9.6,31.6,59.4,18.9,17.3,37.7,50.3,86.3,7,0,true,48.7,3.08,above,-3.5,1.35,5339,5660,45.24,138.5,1.03,12.82,30.09,341,16.01,,,5339,5255,5660,5996,0.97,اشباع خرید | فاصله زیاد از MA20 | سهم صفی: 7 روز از ۲۰ روز در صف (ریسک نقدشوندگی و اجرای حد ضرر) | رشد عمودی (59٪ در ۶۰ روز، 38٪ بالای MA50) | عرضه حقوقی به حقیقی (-121 میلیارد تومان در ۲۰ روز) | 50٪ بالای MA200
فسبزوار,پارس فولاد سبزوار,فلزات اساسی,71.6,قوی ولی پرریسک؛ فعلاً ورود نه,100,53,51.8,72,75210,20260927,2.5,8.8,40.4,-0.2,2,8.4,61.7,55.4,3,0,false,24.5,3.51,above,-7.1,0.65,72900,,19.56,-56.72,1.19,22.99,57.07,14489,5.19,13.48,-61.5,72900,71581,83127,88404,2.18,واگرایی منفی RSI | 62٪ بالای MA200 | واگرایی منفی
خشرق,الکتریک‌ خودرو شرق‌,خودرو و ساخت قطعات,71.6,پرریسک؛ صفی/رشد عمودی,100,75,86.2,20,2853,20260927,0.9,14.1,54.9,14.3,0.9,21.2,45.2,61.3,6,0,false,52,3.77,above,-8.3,0.89,2669,3110,1.9,22.12,1.55,4.41,10.02,137,20.82,,,2745,2615,3110,3325,1.08,سهم صفی: 6 روز از ۲۰ روز در صف (ریسک نقدشوندگی و اجرای حد ضرر) | عرضه حقوقی به حقیقی (-21 میلیارد تومان در ۲۰ روز) | حد ضرر دور (8.3٪)
وفتخار,سرمایه گذاری افتخار سهام,سرمایه گذاریها,71.5,پرریسک؛ صفی/رشد عمودی,100,75,56,50,1985,20260927,1.3,27.7,58.7,18.1,10.6,25.4,32.2,72.6,7,0,true,48.2,3.42,above,-4.5,1.31,1910,2041,-2.21,5.01,3.77,-14.14,4.64,531,3.74,,,1917,1876,2041,2078,0.51,سهم صفی: 7 روز از ۲۰ روز در صف (ریسک نقدشوندگی و اجرای حد ضرر) | عرضه حقوقی به حقیقی (-7 میلیارد تومان در ۲۰ روز) | نقدشوندگی کمتر از ۱۰ میلیارد تومان
شکبیر,پتروشیمی امیرکبیر,محصولات شیمیایی,71.5,قوی ولی پرریسک؛ فعلاً ورود نه,100,55,62,60,136500,20260927,5.6,9.3,23.9,-16.6,2.6,18.8,41.5,61.5,3,0,false,34.8,3.26,above,-13.3,0.81,134000,143400,13.37,-1.7,4.83,10.01,5.95,27918,4.89,,,134000,131772,143400,157435,1.46,180٪ بالای کف ۵۲ هفته | نقدشوندگی کمتر از ۱۰ میلیارد تومان
خموتور,موتورسازان‌تراکتورسازی‌ایران‌,خودرو و ساخت قطعات,71.5,قوی؛ نزدیک مقاومت، منتظر شکست یا پولبک,95,53,77.5,52,2303,20260927,4,-2.1,38.2,-2.3,1.4,8.1,23.5,56,2,0,false,39.2,3.97,above,-14.1,0.98,2203,2430,20.89,6.11,5.62,17.16,7.93,385,5.98,,,2212,2158,2430,2681,0.87,نقدشوندگی کمتر از ۱۰ میلیارد تومان
دفارا,داروسازی‌ فارابی‌,مواد و محصولات دارویی,71.4,قوی ولی پرریسک؛ فعلاً ورود نه,95,75,61.7,50,18710,20260927,9,9.4,80.6,40.1,6.4,20.9,116.6,65.7,2,0,false,42.8,3.47,above,-0.8,1.25,18160,,16.16,37.44,1.17,-61.31,80.84,1956,9.57,12.91,-25.9,18160,17835,20658,21957,2.23,117٪ بالای MA200
دی,بانک دی,بانکها و موسسات اعتباری,71.4,پرریسک؛ صفی/رشد عمودی,100,70,79.5,50,1788,20260926,13,25.2,65.7,25.2,17.9,37.4,94,80.3,10,0,true,29.4,2.94,above,0,0.71,1525,,71.97,61.92,5.84,305.53,135.36,414,4.32,,,1735,1683,1946,2051,1.5,اشباع خرید | فاصله زیاد از MA20 | سهم صفی: 10 روز از ۲۰ روز در صف (ریسک نقدشوندگی و اجرای حد ضرر) | رشد عمودی (66٪ در ۶۰ روز، 37٪ بالای MA50) | 94٪ بالای MA200 | آخرین معامله 20260926 (متوقف یا کم‌معامله)
چکاوه,صنایع‌کاغذسازی‌کاوه‌,محصولات کاغذی,71.4,زیر نظر,100,70,99.5,10,13580,20260927,11.9,32.4,106.1,65.5,22,41.5,83.6,86.8,8,0,true,57.4,2.82,above,-3.2,2.19,12250,,15.27,43.91,2.38,26.94,10.62,,,16.48,,13197,12814,14729,15495,1.5,اشباع خرید | فاصله زیاد از MA20 | بدون EPS مثبت | سهم صفی: 8 روز از ۲۰ روز در صف (ریسک نقدشوندگی و اجرای حد ضرر) | رشد عمودی (106٪ در ۶۰ روز، 42٪ بالای MA50) | عرضه حقوقی به حقیقی (-38 میلیارد تومان در ۲۰ روز) | 84٪ بالای MA200
کمینا,شیشه سازی مینا,سایر محصولات کانی غیرفلزی,71.3,زیر نظر,100,70,89,20,16320,20260927,15.5,44.4,120.1,79.5,20.3,44.9,110,85.9,6,0,true,65.4,2.85,above,0,1.1,13770,,15.47,31.98,5.45,19.53,6.08,259,63.01,,,15855,15390,17715,18645,1.5,اشباع خرید | فاصله زیاد از MA20 | سهم صفی: 6 روز از ۲۰ روز در صف (ریسک نقدشوندگی و اجرای حد ضرر) | رشد عمودی (120٪ در ۶۰ روز، 45٪ بالای MA50) | P/E بالا (63) | 110٪ بالای MA200 | نقدشوندگی کمتر از ۱۰ میلیارد تومان
آردینه,نشاسته و گلوکز آردینه,محصولات غذایی و آشامیدنی به جز قند و شکر,71.2,قوی؛ نزدیک مقاومت، منتظر شکست یا پولبک,90,53,77.5,57,32600,20260927,-1.5,0.6,38.7,-1.9,-0.9,7.8,67.2,52.2,4,0,false,24.6,3.87,above,-11.8,0.41,31300,33080,7.54,25.44,1.99,13.64,28.33,4668,6.98,7.05,-0.9,31337,30668,33080,36980,0.25,عرضه حقوقی به حقیقی (-24 میلیارد تومان در ۲۰ روز) | 67٪ بالای MA200
زمگسا,کشاورزی‌ ودامپروی‌ مگسال‌,زراعت و خدمات وابسته,71.1,قوی؛ نزدیک مقاومت، منتظر شکست یا پولبک,100,55,86.5,34,97030,20260927,2.8,1,20,-20.5,3.8,12.6,63.5,57.8,5,1,false,23.3,3.5,above,-8.4,0.88,89485,98010,16.05,19.41,8.74,13.36,9.99,12169,7.97,6.33,26,93636,88546,98010,100920,0.12,واگرایی منفی RSI | 63٪ بالای MA200 | واگرایی منفی | حد ضرر دور (8.7٪) | نقدشوندگی کمتر از ۱۰ میلیارد تومان | صف فروش در ۵ روز اخیر
بهامرز,بیمه زندگی هامرز,بیمه وصندوق بازنشستگی به جزتامین اجتماعی,71.1,زیر نظر,100,70,88.5,20,7640,20260927,12.4,60.8,128.8,88.3,23.9,59.9,143.3,95.1,15,0,true,73.9,2.66,above,0,0.51,6600,,2.58,26.13,2.59,3.22,3.13,253,30.2,,,7436,7233,8251,8658,1.5,اشباع خرید | فاصله زیاد از MA20 | سهم صفی: 15 روز از ۲۰ روز در صف (ریسک نقدشوندگی و اجرای حد ضرر) | رشد عمودی (129٪ در ۶۰ روز، 60٪ بالای MA50) | P/E بالا (30) | عرضه حقوقی به حقیقی (-24 میلیارد تومان در ۲۰ روز) | 143٪ بالای MA200 | نقدشوندگی کمتر از ۱۰ میلیارد تومان
آواپارس,بیمه اتکایی آوای پارس,بیمه وصندوق بازنشستگی به جزتامین اجتماعی,71.1,پرریسک؛ صفی/رشد عمودی,100,70,98.5,50,4630,20260927,12.1,44.2,113.4,72.8,19.2,45.5,137.4,98,20,0,true,85.7,2.33,above,0,1.51,2583,,0.66,1.59,4.16,3.04,0.76,1471,3.15,,,4522,4414,4953,5169,1.5,نقدشوندگی پایین | واگرایی منفی RSI | اشباع خرید | فاصله زیاد از MA20 | سهم صفی: 20 روز از ۲۰ روز در صف (ریسک نقدشوندگی و اجرای حد ضرر) | رشد عمودی (113٪ در ۶۰ روز، 45٪ بالای MA50) | عرضه حقوقی به حقیقی (-1 میلیارد تومان در ۲۰ روز) | 137٪ بالای MA200 | واگرایی منفی | نقدشوندگی کمتر از ۱۰ میلیارد تومان
وحکمت,بیمه حکمت صبا,بیمه وصندوق بازنشستگی به جزتامین اجتماعی,71,قوی ولی پرریسک؛ فعلاً ورود نه,100,55,78,42,1580,20260927,8.7,0.7,29.2,-11.3,5.1,13.9,26.9,63,1,0,false,20.7,3.89,above,-1.2,0.81,1549,,2.76,10.66,2.16,19.03,11.21,199,7.94,,,1549,1518,1764,1887,2.99,عرضه حقوقی به حقیقی (-9 میلیارد تومان در ۲۰ روز)
ولکار,لیزینگ کارآفرین,سایر واسطه گریهای مالی,71,قوی؛ نزدیک مقاومت، منتظر شکست یا پولبک,85,30,88,70,5020,20260927,0.4,-12.5,23,-17.5,-3.6,3.8,44,47.4,1,0,false,23.6,4.13,above,-13.4,0.6,4840,5230,3.9,11.05,5.32,12.84,6.17,641,7.83,9.94,-21.2,4840,4736,5230,5650,0.74,عرضه حقوقی به حقیقی (-9 میلیارد تومان در ۲۰ روز) | نقدشوندگی کمتر از ۱۰ میلیارد تومان
اسیاتک,انتقال داده های آسیاتک,اطلاعات و ارتباطات,70.7,قوی ولی پرریسک؛ فعلاً ورود نه,100,75,22.8,80,4230,20260927,3.4,4.4,87.2,46.6,0.9,23.6,70.8,62.4,1,0,false,44.8,3.6,above,-5.6,0.66,4170,4470,-10.32,30.21,1.01,-16.05,44.91,1000,4.23,7.97,-46.9,4170,4094,4470,4775,1.76,واگرایی منفی RSI | عرضه حقوقی به حقیقی (-41 میلیارد تومان در ۲۰ روز) | 71٪ بالای MA200 | واگرایی منفی
دیران,ایران‌دارو,مواد و محصولات دارویی,70.6,پرریسک؛ صفی/رشد عمودی,100,60,77.5,37,18140,20260927,9.1,24.4,229.8,189.3,6.1,41.2,185.6,70.5,15,1,false,72,2.71,above,-6.5,0.78,16140,19400,8.26,3.7,3.33,14.14,32.24,1532,11.84,12.91,-8.3,17648,17156,19400,20384,1.28,سهم صفی: 15 روز از ۲۰ روز در صف (ریسک نقدشوندگی و اجرای حد ضرر) | رشد عمودی (230٪ در ۶۰ روز، 41٪ بالای MA50) | 186٪ بالای MA200 | صف فروش در ۵ روز اخیر
دتماد,تولیدمواداولیه‌داروپخش‌,مواد و محصولات دارویی,70.6,قوی ولی پرریسک؛ فعلاً ورود نه,85,65,68.3,60,54730,20260927,9.6,-1.8,73.5,32.9,-1.6,10.5,111.7,56.4,1,0,false,33.1,3.67,above,-11.1,0.77,49000,61590,43.61,8.19,1.23,22.88,35.28,5718,9.57,12.91,-25.9,52720,49705,61590,65610,1.37,112٪ بالای MA200 | حد ضرر دور (9.2٪)
والماس,س. الماس حکمت ایرانیان,سرمایه گذاریها,70.4,پرریسک؛ صفی/رشد عمودی,100,65,27.5,82,2766,20260927,-9,28.2,66.5,25.9,5.3,20.2,69.2,60.7,10,2,false,57,3.4,above,-11.7,1.03,2135,3132,-12.38,16.23,0.48,-15.36,10.24,462,5.99,8.73,-31.4,2672,2578,3132,3320,1.94,سهم صفی: 10 روز از ۲۰ روز در صف (ریسک نقدشوندگی و اجرای حد ضرر) | عرضه حقوقی به حقیقی (-25 میلیارد تومان در ۲۰ روز) | 69٪ بالای MA200 | سرانه خرید ضعیف (0.48) | صف فروش در ۵ روز اخیر
پخش,پخش البرز,مواد و محصولات دارویی,70.3,قوی؛ نزدیک مقاومت، منتظر شکست یا پولبک,100,55,57.1,60,14040,20260927,4.2,2.4,19,-21.5,4.4,11.7,78.1,62.8,2,0,false,35.1,3.98,above,-2.8,0.83,12920,14220,71.51,38.76,1.37,-21.78,64.02,2029,6.92,8.86,-21.9,13481,12643,14220,14450,0.13,واگرایی منفی RSI | 78٪ بالای MA200 | واگرایی منفی | حد ضرر دور (9.9٪)
کخاک,صنایع‌خاک‌چینی‌ایران‌,سایر محصولات کانی غیرفلزی,70.3,پرریسک؛ صفی/رشد عمودی,100,70,88,17,63820,20260927,15.8,31.3,86.3,45.8,15.8,35.3,122.7,81,5,0,true,63,3.17,above,0,0.54,58890,,32.98,92.44,5.56,17.15,20.91,4037,15.81,12.75,24,61797,58762,69890,73937,1.2,اشباع خرید | فاصله زیاد از MA20 | رشد عمودی (86٪ در ۶۰ روز، 35٪ بالای MA50) | عرضه حقوقی به حقیقی (-87 میلیارد تومان در ۲۰ روز) | 123٪ بالای MA200 | حد ضرر دور (7.9٪)
سیسکو,فولاد سیرجان ایرانیان,فلزات اساسی,70.1,پرریسک؛ صفی/رشد عمودی,100,65,36.5,72,6330,20260927,-2.8,11.8,99.1,58.6,3.8,26.3,126.9,61.5,8,0,false,60.5,3.02,above,-9.1,0.75,6150,6960,-129.05,-505.02,2.23,0.63,100.56,820,7.72,13.48,-42.7,6150,6054,6960,7342,2.29,خروج مستمر پول حقیقی | سهم صفی: 8 روز از ۲۰ روز در صف (ریسک نقدشوندگی و اجرای حد ضرر) | 127٪ بالای MA200 | شناوری کم (7٪)
فنر,پارس فنر,خودرو و ساخت قطعات,70.1,پرریسک؛ صفی/رشد عمودی,100,70,88.5,16,7410,20260927,10.4,26.2,105.6,65.1,13.1,34.7,109.1,85,3,0,true,54.6,3.47,above,-0.8,0.56,6690,,0.86,12.32,3.76,22,11.14,636,11.65,5.87,98.5,7153,6767,8181,8695,1.2,اشباع خرید | رشد عمودی (106٪ در ۶۰ روز، 35٪ بالای MA50) | عرضه حقوقی به حقیقی (-12 میلیارد تومان در ۲۰ روز) | 109٪ بالای MA200 | حد ضرر دور (8.7٪)
کلوند,کاشی‌ الوند,کاشی و سرامیک,69.8,زیر نظر,100,75,75,24,7080,20260927,5.8,3.5,45.4,4.9,0.3,14.9,63.7,59.1,1,0,false,32.8,3.48,above,-7.3,0.79,6740,7240,9.27,16.45,1.08,1.26,13.7,820,8.63,7.65,12.9,6834,6617,7240,7640,0.35,واگرایی منفی RSI | عرضه حقوقی به حقیقی (-10 میلیارد تومان در ۲۰ روز) | 64٪ بالای MA200 | واگرایی منفی
دالبر,البرزدارو,مواد و محصولات دارویی,69.8,زیر نظر,100,75,37,62,15510,20260927,2.6,3.8,135.4,94.8,0.5,15.4,131.8,55.9,5,1,false,51.4,3.08,above,-8.7,1.76,14660,15875,207.01,-16.24,0.67,-119.95,86.77,1779,8.72,12.91,-32.5,15033,14421,15875,16990,0.34,واگرایی منفی RSI | رشد عمودی (135٪ در ۶۰ روز، 15٪ بالای MA50) | 132٪ بالای MA200 | سرانه خرید ضعیف (0.67) | واگرایی منفی | حد ضرر دور (7.0٪) | صف فروش در ۵ روز اخیر
الکتروماد,صنایع الکترونیک مادیران,ماشین آلات و تجهیزات,69.8,زیر نظر,90,55,37,90,4640,20260927,-7,-2.1,81.1,40.6,-2.4,13.1,78.3,52.3,4,0,false,49.1,3.48,above,-13.6,0.91,4510,4790,-12.89,-14.15,4.32,13.34,18.66,957,4.85,9.66,-49.8,4510,4429,4790,5370,0.71,واگرایی منفی RSI | 78٪ بالای MA200 | واگرایی منفی
شاملا,معدنی‌ املاح‌  ایران‌,محصولات شیمیایی,69.8,زیر نظر,100,75,62,37,41800,20260927,13.4,11.6,50.8,10.3,6.1,19.5,88.8,68.2,2,0,false,34,3.63,above,0,0.58,38670,,16.03,-9.39,1.8,15.91,20.66,4322,9.67,9.63,0.4,40284,38010,46348,49379,1.2,89٪ بالای MA200 | حد ضرر دور (9.1٪)
سنوین,سرمایه گذاری اقتصاد نوین,سرمایه گذاریها,69.6,زیر نظر,100,85,88.5,42,3650,20260927,8.3,15.1,50.2,9.7,8.4,18.9,47.5,71.7,3,0,true,30.1,3.64,above,-0.3,1,3500,,2.9,6.82,5.19,4.02,2.99,612,5.96,,,3517,3434,4049,4315,1.84,نقدشوندگی پایین | واگرایی منفی RSI | عرضه حقوقی به حقیقی (-6 میلیارد تومان در ۲۰ روز) | واگرایی منفی | نقدشوندگی کمتر از ۱۰ میلیارد تومان
کپرور,فرآوری زغال سنگ پروده طبس,استخراج زغال سنگ,69.6,زیر نظر,90,55,54.5,72,19140,20260927,-2.4,-1.2,43.6,3.1,-1.3,16.2,75.9,56.5,2,0,false,43,3.85,above,-8.5,0.47,18140,20550,0.52,-76.71,1.3,3.59,23.15,2597,7.37,15.48,-52.4,18403,17772,20550,20910,1.03,واگرایی منفی RSI | خروج مستمر پول حقیقی | 76٪ بالای MA200 | واگرایی منفی | حد ضرر دور (7.1٪)
وسدید,گروه ‌صنعتی‌سدید,فلزات اساسی,69.6,زیر نظر,100,48,100,20,2400,20260927,13.1,58.3,38.7,-1.8,24.7,36.3,39.1,86.1,12,0,true,44,2.76,above,0,1.65,2294,,38.2,113.24,3.67,41.84,24.17,34,70.59,,,2334,2261,2599,2732,1.43,اشباع خرید | فاصله زیاد از MA20 | سهم صفی: 12 روز از ۲۰ روز در صف (ریسک نقدشوندگی و اجرای حد ضرر) | رشد عمودی (39٪ در ۶۰ روز، 36٪ بالای MA50) | P/E بالا (71) | عرضه حقوقی به حقیقی (-97 میلیارد تومان در ۲۰ روز) | واگرایی مثبت RSI
خریخت,صنایع‌ریخته‌گری‌ایران‌,خودرو و ساخت قطعات,69.5,زیر نظر,100,60,78,32,1702,20260927,8.4,44.1,68.4,27.9,19,38.1,71.9,89.1,6,0,true,54,3.16,above,0,1.2,1229,,2,11.51,1.34,-9.06,5.83,185,9.2,,,1648,1594,1864,1971,1.5,واگرایی منفی RSI | اشباع خرید | فاصله زیاد از MA20 | سهم صفی: 6 روز از ۲۰ روز در صف (ریسک نقدشوندگی و اجرای حد ضرر) | رشد عمودی (68٪ در ۶۰ روز، 38٪ بالای MA50) | عرضه حقوقی به حقیقی (-11 میلیارد تومان در ۲۰ روز) | 72٪ بالای MA200 | واگرایی منفی | نقدشوندگی کمتر از ۱۰ میلیارد تومان
ثامید,توسعه و عمران امید,انبوه سازی، املاک و مستغلات,69.4,زیر نظر,70,45,77.5,80,1814,20260927,-1.5,0.9,25.2,-15.3,-0.8,9.3,42.2,53.8,0,0,false,20.6,3.63,above,-9.3,0.81,1710,1836,19.69,5.82,4.73,39.63,14.53,547,3.32,6.61,-49.8,1748,1677,1836,2001,0.16,واگرایی منفی RSI | عرضه حقوقی به حقیقی (-6 میلیارد تومان در ۲۰ روز) | واگرایی منفی | حد ضرر دور (7.5٪) | شناوری کم (13٪)
وتوشه,سرمایه‌ گذاری‌ پارس‌ توشه‌,ماشین آلات و تجهیزات,69.3,زیر نظر,100,55,45.2,68,8680,20260927,7.4,0.9,29.8,-10.7,4.6,13.7,47.8,62.4,0,0,false,45.2,3.72,above,-1.4,0.44,8550,8775,0.13,0.87,0.91,-1.3,10.52,2049,4.24,5.15,-17.7,8550,8389,8775,9420,0.33,واگرایی منفی RSI | عرضه حقوقی به حقیقی (-1 میلیارد تومان در ۲۰ روز) | 151٪ بالای کف ۵۲ هفته | واگرایی منفی
ثرود,سرمایه‌گذاری مسکن زاینده رود,انبوه سازی، املاک و مستغلات,69.3,زیر نظر,100,65,43,62,6430,20260927,-0.6,16.9,62.1,21.6,6.3,23.2,71.3,65.6,6,1,false,55.7,3.66,above,-5.9,1.62,6150,6830,3.87,6.17,0.69,-19.22,8.68,595,10.81,23.59,-54.2,6194,6032,6830,7301,1.01,سهم صفی: 6 روز از ۲۰ روز در صف (ریسک نقدشوندگی و اجرای حد ضرر) | 71٪ بالای MA200 | سرانه خرید ضعیف (0.69) | نقدشوندگی کمتر از ۱۰ میلیارد تومان | صف فروش در ۵ روز اخیر
حآفرین,ریل پرداز نو آفرین,حمل ونقل، انبارداری و ارتباطات,69.1,زیر نظر,90,65,26.6,90,2799,20260927,-6.4,19.8,71.1,30.6,-1.4,27.2,83.3,57.1,13,1,false,56.3,3.51,above,-18.6,1.49,1834,3440,-39.39,141.66,0.82,-52.25,41.3,704,3.98,7.68,-48.2,2701,2602,3440,3637,3.26,سهم صفی: 13 روز از ۲۰ روز در صف (ریسک نقدشوندگی و اجرای حد ضرر) | عرضه حقوقی به حقیقی (-146 میلیارد تومان در ۲۰ روز) | 83٪ بالای MA200 | حد ضرر دور (7.0٪) | صف فروش در ۵ روز اخیر
تلیسه,دامداری تلیسه نمونه,زراعت و خدمات وابسته,69.1,زیر نظر,95,65,63.5,47,9770,20260927,5.5,-0.3,42.1,1.5,0.3,10.7,79.7,56.7,4,0,false,33,3.81,above,-9.6,0.52,9370,9880,4.08,-3.8,7.81,1.56,22.82,1266,7.72,8.07,-4.4,9397,9184,9880,10360,0.19,واگرایی منفی RSI | 80٪ بالای MA200 | واگرایی منفی
درازک,دارویی‌ رازک‌,مواد و محصولات دارویی,69.1,زیر نظر,100,75,46.5,50,4740,20260927,9,3.5,229.3,188.8,2.7,26.7,143.3,63.6,5,0,false,43.4,3.37,above,-6.3,1,4320,4810,25.75,-82.44,2.11,-5.33,50.1,453,10.46,12.91,-18.9,4580,4341,4810,5060,0.18,واگرایی منفی RSI | خروج مستمر پول حقیقی | رشد عمودی (229٪ در ۶۰ روز، 27٪ بالای MA50) | 143٪ بالای MA200 | واگرایی منفی | حد ضرر دور (8.4٪)
دسینا,داروسازی‌ سینا,مواد و محصولات دارویی,69.1,زیر نظر,95,63,62,50,90640,20260927,9.3,1.7,32.4,-8.1,4.3,13.2,77.9,60.2,6,0,false,28.4,3.28,above,-5.3,0.87,86130,92620,9.16,-36.1,5.9,7,11.74,9289,9.76,12.91,-24.4,87669,84644,92620,95740,0.33,خروج مستمر پول حقیقی | سهم صفی: 6 روز از ۲۰ روز در صف (ریسک نقدشوندگی و اجرای حد ضرر) | 78٪ بالای MA200
فاما,صنعتی‌ آما,ساخت محصولات فلزی,69,زیر نظر,100,65,47,57,6380,20260927,-7.9,15,50.4,9.9,1.1,16.9,93.2,57.1,6,1,false,51.7,3.41,above,-13.1,0.93,5360,7340,-2.5,14.68,9.73,-3.71,10.27,922,6.92,7.54,-8.2,6162,5945,7340,7775,2.2,سهم صفی: 6 روز از ۲۰ روز در صف (ریسک نقدشوندگی و اجرای حد ضرر) | عرضه حقوقی به حقیقی (-12 میلیارد تومان در ۲۰ روز) | 93٪ بالای MA200 | صف فروش در ۵ روز اخیر
ومپنا,مدیریت نیروگاهی ایرانیان مپنا,عرضه برق، گاز، بخاروآب گرم,69,زیر نظر,100,75,62,34,42540,20260927,4.5,1.5,63.5,23,0.2,19.4,93.4,58.5,0,0,false,38.5,3.39,above,-10.1,0.43,39510,47320,3.11,-68.94,4.95,13.94,32.82,3838,11.08,10.04,10.4,41099,38937,47320,50203,1.33,واگرایی منفی RSI | خروج مستمر پول حقیقی | 93٪ بالای MA200 | واگرایی منفی | حد ضرر دور (8.5٪)
تپسی,پیشگامان فن آوری و دانش آرامیس,رایانه و فعالیت‌های وابسته به آن,69,زیر نظر,100,70,90,10,25120,20260927,6,26.4,100.2,59.6,11.5,31.3,46.9,99.6,20,0,true,94.1,1.02,above,0,0.66,22600,,15.14,74.18,12.61,14.44,5.08,,,8.89,,24865,24610,25885,26395,1.5,اشباع خرید | بدون EPS مثبت | سهم صفی: 20 روز از ۲۰ روز در صف (ریسک نقدشوندگی و اجرای حد ضرر) | رشد عمودی (100٪ در ۶۰ روز، 31٪ بالای MA50) | عرضه حقوقی به حقیقی (-65 میلیارد تومان در ۲۰ روز) | نقدشوندگی کمتر از ۱۰ میلیارد تومان
کگاز,شیشه‌ و گاز,سایر محصولات کانی غیرفلزی,69,زیر نظر,100,53,53.5,60,51050,20260927,-6.8,11,30.7,-9.8,2.3,18,56.4,56.8,5,1,false,45.4,3.57,above,-12,0.87,47264,57980,8.27,111.93,0.48,-30.78,18.07,5055,10.1,12.75,-20.8,49227,46493,57980,61626,1.52,عرضه حقوقی به حقیقی (-111 میلیارد تومان در ۲۰ روز) | 56٪ بالای MA200 | سرانه خرید ضعیف (0.48) | حد ضرر دور (8.9٪) | صف فروش در ۵ روز اخیر
وخاور,بانک خاورمیانه,بانکها و موسسات اعتباری,69,زیر نظر,88,75,76.3,34,6440,20260927,5.6,2.7,41.2,0.7,4.9,8.9,77.7,61.4,1,0,false,19.8,3.6,above,-3.2,0.56,6320,6615,4.23,106.87,1.13,4.93,63.96,1045,6.16,5.4,14.1,6320,6204,6615,7078,0.74,عرضه حقوقی به حقیقی (-122 میلیارد تومان در ۲۰ روز) | 78٪ بالای MA200
فجر,فولاد امیرکبیرکاشان,فلزات اساسی,68.9,زیر نظر,100,65,31.5,72,7350,20260927,3.7,28.3,128.3,87.7,7.4,31.6,137.4,69.7,10,0,false,63,3.23,above,-5.8,1.42,6730,7800,-40.58,-76.33,1.71,-21.46,59.09,1065,6.9,13.48,-48.8,7113,6757,7800,8275,0.76,خروج مستمر پول حقیقی | سهم صفی: 10 روز از ۲۰ روز در صف (ریسک نقدشوندگی و اجرای حد ضرر) | رشد عمودی (128٪ در ۶۰ روز، 32٪ بالای MA50) | 137٪ بالای MA200 | حد ضرر دور (8.1٪)
ثنور,سرمایه گذاری کوه نور,انبوه سازی، املاک و مستغلات,68.9,زیر نظر,100,75,75.5,20,6880,20260927,3.9,9,75.1,34.6,0.2,16.9,80.3,58.7,0,0,false,61.8,3.67,above,-8.8,0.89,6640,7540,0.26,1.83,1.72,4.05,3.22,26,264.62,,,6640,6514,7540,8044,1.8,واگرایی منفی RSI | P/E بالا (265) | عرضه حقوقی به حقیقی (-2 میلیارد تومان در ۲۰ روز) | 80٪ بالای MA200 | واگرایی منفی | نقدشوندگی کمتر از ۱۰ میلیارد تومان
خبرنا,تولیدی برنا باطری,خودرو و ساخت قطعات,68.9,زیر نظر,100,63,89,16,8470,20260927,8,13.1,31.6,-8.9,1.8,18.3,31.7,61.2,2,0,false,37.1,3.43,above,-7.9,0.74,7690,9200,19.17,72.16,1.61,30.22,30.66,1058,8.01,5.87,36.4,8179,7744,9200,9781,1,عرضه حقوقی به حقیقی (-57 میلیارد تومان در ۲۰ روز) | حد ضرر دور (8.6٪)
لبوتان,گروه‌صنعتی‌بوتان‌,ماشین آلات و تجهیزات,68.8,زیر نظر,95,45,78.1,47,4350,20260927,5.8,-4.4,28,-12.6,0.6,7.3,41.3,55.6,1,0,false,33.2,3.73,above,-6.7,0.79,4165,4450,3.39,37.83,1.18,5.11,7.87,849,5.12,5.15,-0.5,4188,4084,4450,4580,0.38,عرضه حقوقی به حقیقی (-37 میلیارد تومان در ۲۰ روز) | نقدشوندگی کمتر از ۱۰ میلیارد تومان
غدیس,پاکدیس,محصولات غذایی و آشامیدنی به جز قند و شکر,68.8,زیر نظر,88,75,52.5,57,12500,20260927,3.1,0.6,94.7,54.2,2.2,6,69.6,55.1,2,0,false,19.8,3.79,above,-12.5,0.6,12130,13000,1.84,34.35,0.68,-7.19,11.76,1819,6.87,7.05,-2.5,12130,11893,13000,13220,0.82,عرضه حقوقی به حقیقی (-30 میلیارد تومان در ۲۰ روز) | 70٪ بالای MA200 | سرانه خرید ضعیف (0.68)
جوین,کشت و صنعت جوین,زراعت و خدمات وابسته,68.8,زیر نظر,100,75,63,32,6730,20260927,4.8,10,42.6,2.1,3.6,18.5,69.3,65.4,3,0,false,39.8,3.55,above,-3.6,0.45,6420,6935,5.33,-41.84,1.66,3.47,18.3,765,8.8,,,6491,6300,6935,7413,0.48,خروج مستمر پول حقیقی | 69٪ بالای MA200
ددانا,داروسازی دانا,مواد و محصولات دارویی,68.8,زیر نظر,95,65,62,47,21000,20260927,9.4,-1.9,149.7,109.2,2.1,12.7,131.9,58.3,5,0,false,35.6,3.28,above,-11.8,0.35,20150,22390,23.54,-203.43,11.17,37.23,44.61,2409,8.72,8.86,-1.6,20311,19806,22390,23810,1.16,خروج مستمر پول حقیقی | رشد عمودی (150٪ در ۶۰ روز، 13٪ بالای MA50) | 132٪ بالای MA200
کیمیا,ص. معدنی کیمیای زنجان گستران,فلزات اساسی,68.8,زیر نظر,100,65,31,72,6380,20260927,0.6,16,140.2,99.6,4.8,27.1,124.6,65.5,7,0,false,74.5,3.22,above,-8.9,1.24,5980,7000,-10.74,-12.88,6.25,-6.47,19.16,949,6.72,13.48,-50.1,6174,5877,7000,7411,1.23,سهم صفی: 7 روز از ۲۰ روز در صف (ریسک نقدشوندگی و اجرای حد ضرر) | رشد عمودی (140٪ در ۶۰ روز، 27٪ بالای MA50) | 125٪ بالای MA200 | حد ضرر دور (7.9٪)
ونفت,سرمایه‌گذاری‌ صنعت‌ نفت‌,فراورده های نفتی، کک و سوخت هسته ای,68.7,زیر نظر,100,55,20.9,90,10270,20260927,-5.8,-0.2,134.8,94.3,1.7,9.1,107.1,55.2,3,1,false,35.8,3.59,above,-11.1,1.11,10030,11550,-3.62,22.64,0.93,-66.69,33.99,3216,3.19,6.26,-49,10030,9846,11550,12288,3.02,واگرایی منفی RSI | رشد عمودی (135٪ در ۶۰ روز، 9٪ بالای MA50) | عرضه حقوقی به حقیقی (-26 میلیارد تومان در ۲۰ روز) | 107٪ بالای MA200 | واگرایی منفی | صف فروش در ۵ روز اخیر
ومعادن,توسعه‌معادن‌وفلزات‌,استخراج کانه های فلزی,68.6,زیر نظر,100,65,42.5,60,3390,20260927,-1.2,16.9,51,10.5,4.6,24.5,68.9,62.9,4,0,false,46.3,3.94,above,-10.3,0.73,2965,3780,73.87,51.21,0.45,-504.21,394.62,318,10.66,13.76,-22.5,3256,3123,3780,4047,1.46,69٪ بالای MA200 | سرانه خرید ضعیف (0.45) | حد ضرر دور (7.9٪)
ونیکی,سرمایه‌گذاری‌ ملی‌ایران‌,شرکتهای چند رشته ای صنعتی,68.6,زیر نظر,100,65,42.5,60,5490,20260927,-1.8,19.2,42.6,2,7.5,26.5,59.8,66.5,8,0,false,48.5,3.14,above,-6.5,0.94,4745,5870,21.12,24.62,0.39,-93.07,39.25,692,7.93,10.88,-27.1,5317,5145,5870,6215,1.1,سهم صفی: 8 روز از ۲۰ روز در صف (ریسک نقدشوندگی و اجرای حد ضرر) | عرضه حقوقی به حقیقی (-21 میلیارد تومان در ۲۰ روز) | 60٪ بالای MA200 | سرانه خرید ضعیف (0.39) | شناوری کم (13٪)
ولپارس,لیزینگ پارسیان,سایر واسطه گریهای مالی,68.6,زیر نظر,100,63,87,17,3900,20260927,2.9,8.9,38.7,-1.8,1.5,14.9,40.5,59.2,3,0,false,44.2,3.74,above,-9.3,1.09,3680,4300,1.46,8.7,8.76,14.37,3.33,307,12.7,9.94,27.8,3754,3607,4300,4591,1.37,عرضه حقوقی به حقیقی (-7 میلیارد تومان در ۲۰ روز) | حد ضرر دور (7.5٪) | نقدشوندگی کمتر از ۱۰ میلیارد تومان
شکربن,کربن‌ ایران‌,محصولات شیمیایی,68.5,زیر نظر,100,70,38,60,10620,20260927,14.1,22.6,70,29.5,17.1,30.8,69.2,81,2,0,true,44.7,2.89,above,0,1.04,8940,,-4.56,13.79,4.5,-4.23,22.16,1486,7.15,9.63,-25.8,10313,10005,11542,12156,1.5,واگرایی منفی RSI | اشباع خرید | فاصله زیاد از MA20 | رشد عمودی (70٪ در ۶۰ روز، 31٪ بالای MA50) | عرضه حقوقی به حقیقی (-27 میلیارد تومان در ۲۰ روز) | 69٪ بالای MA200 | واگرایی منفی
کلر,کلر پارس,محصولات شیمیایی,68.5,زیر نظر,100,55,63,47,11690,20260927,6.2,3,14.7,-25.8,3,13.8,59,60,5,0,false,22.5,3.49,above,-8.7,0.97,11500,12800,5.15,-13.81,5.53,18.43,17.29,1504,7.77,8.01,-3,11500,11296,12800,13616,2.82,واگرایی منفی RSI | 59٪ بالای MA200 | واگرایی منفی
دتوزیع,توزیع دارو پخش,مواد و محصولات دارویی,68.5,زیر نظر,95,75,63,37,6370,20260927,9.5,0.2,77.4,36.9,2.8,13,104.1,60.8,3,0,false,38.5,3.47,above,-6.2,0.65,6180,6560,23.36,-150.78,6.85,22.17,34.72,739,8.62,8.86,-2.7,6180,6070,6560,6790,0.63,واگرایی منفی RSI | خروج مستمر پول حقیقی | 104٪ بالای MA200 | واگرایی منفی
اردستان,سیمان اردستان,سیمان، آهک و گچ,68.4,زیر نظر,100,55,49.5,60,30890,20260927,5.6,13,13.8,-26.8,2.5,12.5,38.5,58.7,3,0,false,25.8,3.33,above,-7.7,0.66,29783,33470,2.91,-52.25,1.1,3.51,15.8,5074,6.09,7.14,-14.7,29861,29269,33470,35528,1.59,خروج مستمر پول حقیقی
کایزد,فرانسوز یزد,سایر محصولات کانی غیرفلزی,68.4,زیر نظر,100,70,88.5,9,3820,20260927,14.7,59,103.6,63.1,28,64,89.9,96.4,12,0,true,80.7,2.39,above,0,0.69,2633,,3.28,22.51,2.34,16.33,10.33,263,14.52,10.33,40.6,3729,3638,4094,4276,1.5,اشباع خرید | فاصله زیاد از MA20 | سهم صفی: 12 روز از ۲۰ روز در صف (ریسک نقدشوندگی و اجرای حد ضرر) | رشد عمودی (104٪ در ۶۰ روز، 64٪ بالای MA50) | عرضه حقوقی به حقیقی (-20 میلیارد تومان در ۲۰ روز) | 90٪ بالای MA200
دقاضی,داروسازی شهید قاضی,مواد و محصولات دارویی,68.4,زیر نظر,95,75,62.5,37,22780,20260927,9.8,3.4,76.8,36.3,4.7,7.4,105.2,59.8,4,0,false,24.8,3.39,above,-4.6,0.88,22090,23450,28.13,-65.5,2.44,19.89,28.4,2413,9.44,8.86,6.6,22090,21703,23450,23880,0.62,خروج مستمر پول حقیقی | 105٪ بالای MA200
هجرت,پخش هجرت,مواد و محصولات دارویی,68.4,زیر نظر,95,75,62.5,37,8470,20260927,9.6,0.1,85.3,44.8,3.4,13.9,119.1,62.2,2,0,false,29,3.63,above,-3.2,0.55,7965,8735,24.34,-40,8.7,6.54,44.78,888,9.54,8.86,7.7,8163,7811,8735,9349,0.4,119٪ بالای MA200 | حد ضرر دور (7.8٪)
توریل,توکاریل,حمل ونقل، انبارداری و ارتباطات,68.4,زیر نظر,90,35,77.4,60,3360,20260927,-2.6,-3.2,13.7,-26.9,-0.6,13.5,26.8,54.7,1,0,false,27.1,3.77,above,-8.7,0.64,3179,3530,5.45,50.06,1.16,0.86,13.17,616,5.45,7.68,-29,3233,3115,3530,3680,0.69,واگرایی منفی RSI | عرضه حقوقی به حقیقی (-44 میلیارد تومان در ۲۰ روز) | واگرایی منفی | حد ضرر دور (7.3٪)
ارفع,شرکت آهن و فولاد ارفع,فلزات اساسی,68.3,زیر نظر,100,75,46.2,47,14020,20260927,2.1,42.2,78.1,37.6,14.4,28.1,139.1,75.4,12,1,true,52.1,3.12,above,-6.4,1.22,11212,,-8.08,165.09,1.15,-145.08,54.5,1926,7.28,8.05,-9.6,13583,13145,15332,16207,1.5,واگرایی منفی RSI | سهم صفی: 12 روز از ۲۰ روز در صف (ریسک نقدشوندگی و اجرای حد ضرر) | عرضه حقوقی به حقیقی (-189 میلیارد تومان در ۲۰ روز) | 139٪ بالای MA200 | واگرایی منفی | صف فروش در ۵ روز اخیر
شفن,پتروشیمی فناوران,محصولات شیمیایی,68.3,زیر نظر,100,75,89,4,7440,20260927,7.1,25.7,104.1,63.6,12.2,33.1,56.3,74.8,3,0,true,60.1,3.05,above,-0.4,0.97,6860,,10.44,101.74,1.68,42.64,30.59,284,26.2,9.63,172,7213,6872,8122,8576,1.2,رشد عمودی (104٪ در ۶۰ روز، 33٪ بالای MA50) | عرضه حقوقی به حقیقی (-96 میلیارد تومان در ۲۰ روز) | 56٪ بالای MA200 | حد ضرر دور (7.6٪)
اپال,فرآوری معدنی اپال کانی پارس,استخراج کانه های فلزی,68.3,زیر نظر,70,65,77,60,14040,20260927,-0.7,-1.6,47.3,6.8,-5.6,11.4,40.7,50.9,0,0,false,36.3,3.74,above,-15.4,0.96,13460,16600,36.83,2.81,22.01,41.78,11.42,1442,9.74,13.76,-29.2,13515,13198,16600,17649,3.04,شناوری کم (9٪)
ورازی,بیمه رازی,بیمه وصندوق بازنشستگی به جزتامین اجتماعی,68.2,زیر نظر,100,90,60.6,20,1632,20260927,-0.9,38.4,97.3,56.8,11.8,29.3,68.3,69.9,7,2,true,50.1,3.32,above,-9.2,1.05,1295,,1.76,22.21,1.09,-0.53,6.12,18,90.67,,,1578,1524,1795,1903,1.5,سهم صفی: 7 روز از ۲۰ روز در صف (ریسک نقدشوندگی و اجرای حد ضرر) | P/E بالا (91) | عرضه حقوقی به حقیقی (-26 میلیارد تومان در ۲۰ روز) | 68٪ بالای MA200 | نقدشوندگی کمتر از ۱۰ میلیارد تومان | صف فروش در ۵ روز اخیر
غمینو,شرکت صنایع غذایی مینو شرق,محصولات غذایی و آشامیدنی به جز قند و شکر,68.1,زیر نظر,100,65,53.5,47,8580,20260927,-4.8,4.3,48.2,7.7,2.3,6,89.6,54.8,2,0,false,29.5,3.98,above,-9.7,0.77,8410,8750,4.27,69.68,0.67,-25.74,27.43,1231,6.97,7.05,-1.1,8410,8239,8750,9500,0.5,عرضه حقوقی به حقیقی (-68 میلیارد تومان در ۲۰ روز) | 90٪ بالای MA200 | سرانه خرید ضعیف (0.67)
غمارگ,مارگارین,محصولات غذایی و آشامیدنی به جز قند و شکر,68,زیر نظر,90,65,81.9,30,2535,20260927,-10.1,23.7,86.8,46.3,-1.8,26.8,86.8,56.4,18,4,false,62.3,3,above,-15.6,0.64,1860,3004,1.38,20.21,1.42,13.92,7.44,120,21.13,,,2459,2383,3004,3156,3.08,سهم صفی: 18 روز از ۲۰ روز در صف (ریسک نقدشوندگی و اجرای حد ضرر) | عرضه حقوقی به حقیقی (-19 میلیارد تومان در ۲۰ روز) | 87٪ بالای MA200 | نقدشوندگی کمتر از ۱۰ میلیارد تومان | صف فروش در ۵ روز اخیر
کیمیاتک,آریان کیمیا تک,محصولات شیمیایی,67.9,زیر نظر,100,65,62.5,37,20550,20260927,-0.3,17.4,79.2,38.6,5.5,18.5,119.9,63.4,4,0,false,46.8,3.21,above,-7.5,0.42,18400,22210,9.02,-5.6,2.78,15.79,25.1,1968,10.44,9.63,8.4,19891,19232,22210,23528,1.26,120٪ بالای MA200
حخزر,کشتیرانی دریای خزر,حمل و نقل آبی,67.9,زیر نظر,100,60,79.5,24,11080,20260927,10.4,56.1,193.7,153.2,19.3,50.4,193.6,89.3,4,0,true,80.4,2.9,above,-0.1,0.96,6430,,39.38,52.58,1.24,17.01,24.63,944,11.74,10.36,13.3,10758,10436,12045,12689,1.5,واگرایی منفی RSI | اشباع خرید | فاصله زیاد از MA20 | رشد عمودی (194٪ در ۶۰ روز، 50٪ بالای MA50) | 194٪ بالای MA200 | واگرایی منفی
کگهر,معدنی و صنعتی گهرزمین,استخراج کانه های فلزی,67.8,زیر نظر,70,55,71.3,72,7380,20260927,-4.3,-2,42.5,1.9,-4.4,10.4,43.1,50.1,2,0,false,37.2,3.5,above,-13.6,0.79,7130,7870,63.79,110.71,0.93,0.15,59.21,870,8.48,14.44,-41.3,7130,7001,7870,8540,1.29,واگرایی منفی RSI | واگرایی منفی
کاما,باما,استخراج کانه های فلزی,67.6,زیر نظر,85,65,34.5,82,5330,20260927,0.6,-2.7,68.8,28.3,-3.7,18.6,95.6,55.3,8,1,false,48,3.65,above,-14.3,0.43,3391,6220,25.49,-320.43,1.08,-28.44,168.78,786,6.78,13.76,-50.7,5135,4940,6220,6610,2.28,خروج مستمر پول حقیقی | سهم صفی: 8 روز از ۲۰ روز در صف (ریسک نقدشوندگی و اجرای حد ضرر) | 96٪ بالای MA200 | حد ضرر دور (7.3٪) | صف فروش در ۵ روز اخیر
ومشان,سرمایه گذاری مشانیر,سرمایه گذاریها,67.6,زیر نظر,100,70,74.5,20,33180,20260927,15.8,28.1,47.8,7.3,22.1,31.8,100.5,83.6,7,0,true,35.1,3.28,above,0,0.49,26683,,1.25,16.71,2.15,-7.13,6.36,143,232.03,,,32093,31006,36441,38614,1.5,اشباع خرید | فاصله زیاد از MA20 | سهم صفی: 7 روز از ۲۰ روز در صف (ریسک نقدشوندگی و اجرای حد ضرر) | رشد عمودی (48٪ در ۶۰ روز، 32٪ بالای MA50) | P/E بالا (232) | عرضه حقوقی به حقیقی (-17 میلیارد تومان در ۲۰ روز) | 101٪ بالای MA200 | نقدشوندگی کمتر از ۱۰ میلیارد تومان
زفارس,کشت وصنعت و دامپروری پگاه فارس,زراعت و خدمات وابسته,67.6,زیر نظر,90,35,77.5,57,23050,20260927,-4.8,-2.3,29.2,-11.3,-3.9,10.4,,50.9,2,0,false,40.6,3.52,above,-14.5,0.82,22390,24440,1.67,3.56,4.91,9.74,12.33,2916,7.9,8.07,-2,22390,21984,24440,26970,1.3,واگرایی منفی RSI | 161٪ بالای کف ۵۲ هفته | واگرایی منفی
قرن,پدیده شیمی قرن,محصولات شیمیایی,67.6,زیر نظر,100,65,61.5,37,24100,20260927,0.5,6.3,53.2,12.6,3.7,11.1,93,58.5,5,0,false,36.6,3.47,above,-9.7,0.4,23330,26690,4.79,-45.37,4.56,5.84,18.11,2371,10.16,9.63,5.6,23330,22912,26690,28361,2.18,خروج مستمر پول حقیقی | 93٪ بالای MA200
فرآور,فرآوری‌موادمعدنی‌ایران‌,فلزات اساسی,67.6,زیر نظر,100,63,83,17,7770,20260927,8.4,38.9,34.3,-6.3,20.3,35.7,46.3,79.7,13,0,true,41.6,2.59,above,-3.5,2.38,7565,,0.14,154.42,4.12,-10.4,26.46,456,17.04,13.48,26.4,7569,7464,8374,8777,1.97,واگرایی منفی RSI | اشباع خرید | فاصله زیاد از MA20 | سهم صفی: 13 روز از ۲۰ روز در صف (ریسک نقدشوندگی و اجرای حد ضرر) | رشد عمودی (34٪ در ۶۰ روز، 36٪ بالای MA50) | عرضه حقوقی به حقیقی (-173 میلیارد تومان در ۲۰ روز) | واگرایی منفی
حیات,بیمه زندگی مفید,بیمه وصندوق بازنشستگی به جزتامین اجتماعی,67.5,زیر نظر,100,60,82,20,9110,20260927,8.5,52.9,320.9,280.4,19.4,64.2,,99.9,18,0,true,98,2.31,above,0,1.87,2530,,14.77,23.64,2.07,-14.58,5.19,327,27.86,,,8900,8689,9741,10162,1.5,اشباع خرید | فاصله زیاد از MA20 | سهم صفی: 18 روز از ۲۰ روز در صف (ریسک نقدشوندگی و اجرای حد ضرر) | رشد عمودی (321٪ در ۶۰ روز، 64٪ بالای MA50) | 568٪ بالای کف ۵۲ هفته | نقدشوندگی کمتر از ۱۰ میلیارد تومان
قاسم,قاسم ایران,خرده فروشی،باستثنای وسایل نقلیه موتوری,67.4,زیر نظر,90,45,78.5,47,2258,20260927,3,-5.2,15.4,-25.1,-1.6,5.9,83.5,53.1,3,0,false,21.3,3.71,above,-8.4,0.83,2219,2458,20.8,8.15,6.53,20.51,16.05,345,6.54,6.17,6.1,2219,2177,2458,2625,2.46,83٪ بالای MA200
غگیلا,شیرپاستوریزه پگاه گیلان,محصولات غذایی و آشامیدنی به جز قند و شکر,67.4,زیر نظر,100,70,89.5,4,39140,20260927,14.5,54.2,134,93.4,26.5,57,133,95.3,9,0,true,78.9,2.72,above,0,1.11,24500,,2.97,13.18,13.1,13.15,4.78,1291,30.32,7.05,330,38074,37008,42338,44470,1.5,واگرایی منفی RSI | اشباع خرید | فاصله زیاد از MA20 | سهم صفی: 9 روز از ۲۰ روز در صف (ریسک نقدشوندگی و اجرای حد ضرر) | رشد عمودی (134٪ در ۶۰ روز، 57٪ بالای MA50) | P/E بالا (30) | عرضه حقوقی به حقیقی (-13 میلیارد تومان در ۲۰ روز) | 133٪ بالای MA200 | واگرایی منفی | نقدشوندگی کمتر از ۱۰ میلیارد تومان
سکرد,سیمان کردستان,سیمان، آهک و گچ,67.3,زیر نظر,100,45,56.3,57,15460,20260927,-0.3,12.5,28.5,-12,3.2,13.1,53.3,58.7,4,0,false,35,3.45,above,-10.6,0.96,14635,17300,3.55,17.23,0.93,-5.67,8.66,2014,7.68,7.14,7.5,14926,14368,17300,18367,1.69,عرضه حقوقی به حقیقی (-14 میلیارد تومان در ۲۰ روز) | 53٪ بالای MA200 | حد ضرر دور (7.1٪) | نقدشوندگی کمتر از ۱۰ میلیارد تومان | شناوری کم (14٪)
سبزوا,سیمان لار سبزوار,سیمان، آهک و گچ,67.3,زیر نظر,100,70,89,4,13750,20260927,14.7,60.1,73.6,33.1,26.3,48.1,106.9,92.9,10,0,true,58.6,2.68,above,-0.1,0.94,9780,,6.47,31.92,3.74,16.86,17.66,615,22.36,6.69,234.2,13381,13012,14857,15595,1.5,اشباع خرید | فاصله زیاد از MA20 | سهم صفی: 10 روز از ۲۰ روز در صف (ریسک نقدشوندگی و اجرای حد ضرر) | رشد عمودی (74٪ در ۶۰ روز، 48٪ بالای MA50) | عرضه حقوقی به حقیقی (-29 میلیارد تومان در ۲۰ روز) | 107٪ بالای MA200
درپاد,گروه صنعتی درپاد تبریز,فلزات اساسی,67.3,زیر نظر,100,70,89,4,4620,20260927,15.5,76.2,96.7,56.2,29.4,72.7,,97.7,18,0,true,76,2.19,above,0,0.76,3011,,25.21,46.36,413.99,32.76,6.93,24,192.5,8.05,2291.3,4519,4418,4924,5126,1.5,اشباع خرید | فاصله زیاد از MA20 | سهم صفی: 18 روز از ۲۰ روز در صف (ریسک نقدشوندگی و اجرای حد ضرر) | رشد عمودی (97٪ در ۶۰ روز، 73٪ بالای MA50) | P/E بالا (193) | عرضه حقوقی به حقیقی (-36 میلیارد تومان در ۲۰ روز) | 153٪ بالای کف ۵۲ هفته | نقدشوندگی کمتر از ۱۰ میلیارد تومان
عالیس,بهار رز عالیس چناران,محصولات غذایی و آشامیدنی به جز قند و شکر,67.1,زیر نظر,90,45,54.5,70,5870,20260927,-2.5,9.1,25.1,-15.4,-2.5,7,53.4,51.6,1,0,false,29.7,4.01,above,-11.7,0.86,5660,6650,47.37,251.57,0.68,-37.88,42.05,1000,5.87,7.05,-16.7,5660,5542,6650,7120,2.38,عرضه حقوقی به حقیقی (-246 میلیارد تومان در ۲۰ روز) | 53٪ بالای MA200 | سرانه خرید ضعیف (0.68)
ثپردیس,سرمایه گذاری مسکن پردیس,انبوه سازی، املاک و مستغلات,67,زیر نظر,100,90,72,4,4840,20260927,-1.4,15,68.1,27.5,7.1,23,63.3,66.8,4,2,true,63.2,3.52,above,-6.9,1.79,4370,5200,41.15,108.98,0.96,1.49,21.24,117,41.37,23.59,75.4,4669,4414,5200,5541,0.84,P/E بالا (41) | عرضه حقوقی به حقیقی (-109 میلیارد تومان در ۲۰ روز) | 63٪ بالای MA200 | حد ضرر دور (8.8٪) | صف فروش در ۵ روز اخیر
واحصا,احیاء صنایع خراسان,سرمایه گذاریها,67,زیر نظر,100,70,72,20,30970,20260927,12.8,28.7,99.8,59.3,12.6,28.5,127.9,84.1,0,0,true,47.3,3.46,above,-0.2,1.29,29130,,1.37,-8.17,3.64,9.76,3.63,126,245.79,,,29898,28594,34186,36330,1.35,واگرایی منفی RSI | اشباع خرید | خروج مستمر پول حقیقی | P/E بالا (246) | 128٪ بالای MA200 | واگرایی منفی | حد ضرر دور (7.7٪) | نقدشوندگی کمتر از ۱۰ میلیارد تومان
ثالوند,سرمایه گذاری مسکن الوند,انبوه سازی، املاک و مستغلات,67,زیر نظر,100,70,88,4,10920,20260927,15.7,73.9,124.6,84,29.1,72.9,131.7,97.2,15,0,true,81.5,2.26,above,0,0.68,6370,,16.86,30.13,2.87,17.27,8.91,230,47.48,23.59,101.3,10673,10427,11660,12153,1.5,اشباع خرید | فاصله زیاد از MA20 | سهم صفی: 15 روز از ۲۰ روز در صف (ریسک نقدشوندگی و اجرای حد ضرر) | رشد عمودی (125٪ در ۶۰ روز، 73٪ بالای MA50) | P/E بالا (47) | عرضه حقوقی به حقیقی (-23 میلیارد تومان در ۲۰ روز) | 132٪ بالای MA200 | نقدشوندگی کمتر از ۱۰ میلیارد تومان
مفاخر,توسعه فناوری اطلاعات خوارزمی,رایانه و فعالیت‌های وابسته به آن,67,زیر نظر,100,75,84,4,14400,20260927,2.3,38.1,109.3,68.8,13.7,31.8,84.7,77.9,8,0,true,63.4,3.37,above,-3.3,1.26,10870,14890,0.51,9.87,1.44,8.46,12.91,574,25.09,8.89,182.2,13915,13430,14890,15860,0.51,سهم صفی: 8 روز از ۲۰ روز در صف (ریسک نقدشوندگی و اجرای حد ضرر) | رشد عمودی (109٪ در ۶۰ روز، 32٪ بالای MA50) | عرضه حقوقی به حقیقی (-10 میلیارد تومان در ۲۰ روز) | 85٪ بالای MA200
مادیرا,صنایع مادیران,تولید محصولات کامپیوتری الکترونیکی ونوری,66.9,زیر نظر,100,53,79.3,26,3018,20260927,-2,0.6,30.8,-9.7,2,11.9,13,56.2,4,0,false,35.4,3.55,above,-16.4,1.12,2903,3050,14.13,37.79,1.23,23.69,29.09,252,11.98,7.98,50.1,2911,2849,3050,3118,0.19,واگرایی منفی RSI | عرضه حقوقی به حقیقی (-21 میلیارد تومان در ۲۰ روز) | واگرایی منفی
سمگا,گروه سرمایه گذاری میراث فرهنگی,هتل و رستوران,66.9,زیر نظر,100,65,27.5,68,3900,20260927,-1.3,0.3,41.8,1.3,2.1,13.2,49.4,58,2,1,false,30.2,3.33,above,-4.6,0.8,3510,4090,-15.28,54.41,0.74,-27.41,48.71,1002,3.89,4.69,-17,3770,3575,4090,4350,0.58,واگرایی منفی RSI | عرضه حقوقی به حقیقی (-69 میلیارد تومان در ۲۰ روز) | سرانه خرید ضعیف (0.74) | واگرایی منفی | حد ضرر دور (8.3٪) | صف فروش در ۵ روز اخیر
حسیر,ریل سیر کوثر,حمل ونقل، انبارداری و ارتباطات,66.9,زیر نظر,100,85,63.5,16,8170,20260927,6.9,17.2,65.8,25.3,10,28.8,85.8,73.8,2,0,true,62.3,3.29,above,-3.2,1.17,7360,,14.99,6.41,7.67,-12.42,17.5,758,10.78,7.68,40.3,7901,7632,8977,9516,1.5,واگرایی منفی RSI | عرضه حقوقی به حقیقی (-12 میلیارد تومان در ۲۰ روز) | 86٪ بالای MA200 | واگرایی منفی
شلرد,کود شیمیایی اوره لردگان,محصولات شیمیایی,66.9,زیر نظر,100,60,89.5,10,3660,20260927,12.6,57,48.6,8.1,22.4,45.2,111.3,87.5,11,0,true,48.1,2.76,above,0,0.73,3160,,34.01,157.11,2.2,60.32,45.82,,,,,3559,3458,3963,4166,1.5,اشباع خرید | فاصله زیاد از MA20 | بدون EPS مثبت | سهم صفی: 11 روز از ۲۰ روز در صف (ریسک نقدشوندگی و اجرای حد ضرر) | رشد عمودی (49٪ در ۶۰ روز، 45٪ بالای MA50) | عرضه حقوقی به حقیقی (-135 میلیارد تومان در ۲۰ روز) | 111٪ بالای MA200
وسرمد,بیمه  سرمد,بیمه وصندوق بازنشستگی به جزتامین اجتماعی,66.9,زیر نظر,65,38,99,60,1544,20260927,2.9,-7.4,40.4,-0.2,-4.7,1.5,32.4,46.1,2,0,false,32.6,4.06,above,-13.6,1.26,1498,1605,8.62,17.63,2.74,7.38,3.49,317,4.87,,,1498,1467,1605,1707,0.78,واگرایی منفی RSI | عرضه حقوقی به حقیقی (-15 میلیارد تومان در ۲۰ روز) | واگرایی منفی | نقدشوندگی کمتر از ۱۰ میلیارد تومان
وشهر,بانک شهر,بانکها و موسسات اعتباری,66.8,زیر نظر,83,80,61.5,42,3190,20260927,10.8,5.8,13.8,-26.7,5.8,8.7,28,65.1,0,0,true,19.8,2.88,above,0,0.79,3125,,7.97,-65.33,2.08,14.13,11.62,533,5.98,,,3125,3079,3466,3649,2.47,واگرایی منفی RSI | خروج مستمر پول حقیقی | 202٪ بالای کف ۵۲ هفته | واگرایی منفی
رایا,بیمه اتکایی رایا,بیمه وصندوق بازنشستگی به جزتامین اجتماعی,66.7,زیر نظر,100,70,40.9,50,5920,20260927,14.3,25.2,196.6,156,17.2,35,,82.9,3,0,true,64.2,2.86,above,-0.3,0.78,5040,,9.59,-14.14,1.28,-8.98,11.3,1471,4.02,,,5751,5582,6427,6765,1.5,واگرایی منفی RSI | اشباع خرید | فاصله زیاد از MA20 | خروج مستمر پول حقیقی | رشد عمودی (197٪ در ۶۰ روز، 35٪ بالای MA50) | 515٪ بالای کف ۵۲ هفته | واگرایی منفی
پسهند,صنایع‌ لاستیکی‌  سهند,لاستیک و پلاستیک,66.7,زیر نظر,100,53,85.5,19,23290,20260927,3.3,-0.7,37.9,-2.6,1.6,13.9,23.6,57.2,1,1,false,32.2,3.71,above,-16.3,1.07,22411,24110,7.81,12.38,1.48,2.16,6.38,1468,15.87,8.21,93.2,22427,21979,24110,26352,0.63,نقدشوندگی کمتر از ۱۰ میلیارد تومان | صف فروش در ۵ روز اخیر
وآوا,سرمایه گذاری آوا نوین,سرمایه گذاریها,66.6,زیر نظر,100,65,68.5,26,4370,20260927,-6.4,40.8,99.8,59.3,6.8,44.1,103.3,69.9,15,3,false,77,3.03,above,-11.2,1.19,2668,4920,4.53,30.12,0.57,8.81,9.82,370,11.81,8.73,35.3,4238,4106,4920,5184,2.08,سهم صفی: 15 روز از ۲۰ روز در صف (ریسک نقدشوندگی و اجرای حد ضرر) | رشد عمودی (100٪ در ۶۰ روز، 44٪ بالای MA50) | عرضه حقوقی به حقیقی (-32 میلیارد تومان در ۲۰ روز) | 103٪ بالای MA200 | سرانه خرید ضعیف (0.57) | نقدشوندگی کمتر از ۱۰ میلیارد تومان | صف فروش در ۵ روز اخیر
لپارس,پارس‌ الکتریک‌,ساخت دستگاه‌ها و وسایل ارتباطی,66.6,زیر نظر,100,65,69.4,25,32820,20260927,1.2,14.2,48.6,8.1,3.4,21.8,66.9,64.4,1,0,false,59.1,3.76,above,-5.1,0.61,24374,34410,0.98,1.07,1.3,5.61,14.14,1544,21.26,20.28,4.8,31585,30350,34410,36880,0.64,واگرایی منفی RSI | عرضه حقوقی به حقیقی (-1 میلیارد تومان در ۲۰ روز) | 67٪ بالای MA200 | واگرایی منفی | حد ضرر دور (7.5٪)
دسبحا,گروه دارویی سبحان,مواد و محصولات دارویی,66.4,زیر نظر,95,75,87.5,4,6600,20260927,9.5,3.8,82.3,41.8,0.2,14.8,93.2,58.3,7,0,false,36.7,3.49,above,-9.8,1.03,6080,6670,143.4,92.4,2.69,148.24,63.07,189,34.92,12.91,170.5,6370,6025,6670,7320,0.12,واگرایی منفی RSI | سهم صفی: 7 روز از ۲۰ روز در صف (ریسک نقدشوندگی و اجرای حد ضرر) | P/E بالا (35) | 93٪ بالای MA200 | واگرایی منفی | حد ضرر دور (8.7٪)
چخزر,صنایع چوب خزر کاسپین,محصولات چوبی,66.4,زیر نظر,95,65,62.5,37,197800,20260927,9.6,-2.8,115.6,75.1,5.1,14.1,131.8,64.8,3,0,false,29.1,3.43,above,-2.8,0.36,188600,203400,1.94,-16.06,16.98,18.79,14.17,20671,9.57,9.03,6,191012,185206,203400,216975,0.44,خروج مستمر پول حقیقی | رشد عمودی (116٪ در ۶۰ روز، 14٪ بالای MA50) | 132٪ بالای MA200
داوه,داروسازی آوه سینا,مواد و محصولات دارویی,66.4,زیر نظر,100,60,88.5,9,13880,20260927,9.9,35.2,164.4,123.9,10.2,48.1,171.7,77,12,0,false,74.3,2.93,above,0,1.16,12260,,62.37,81.44,5.54,77.23,26.74,760,18.26,8.86,106.1,13474,13068,15098,15911,1.5,سهم صفی: 12 روز از ۲۰ روز در صف (ریسک نقدشوندگی و اجرای حد ضرر) | رشد عمودی (164٪ در ۶۰ روز، 48٪ بالای MA50) | عرضه حقوقی به حقیقی (-69 میلیارد تومان در ۲۰ روز) | 172٪ بالای MA200
غفارس,شیر پاستوریزه پگاه فارس,محصولات غذایی و آشامیدنی به جز قند و شکر,66.3,زیر نظر,100,50,96,9,29460,20260927,4.2,42.8,165.6,125.1,12.7,48.6,178.7,79.7,9,0,false,76.6,3.22,above,-0.3,1.78,17390,,4.05,30.14,1.63,35.12,16.09,1963,15.01,7.05,112.9,28512,27563,32305,34202,1.5,اشباع خرید | سهم صفی: 9 روز از ۲۰ روز در صف (ریسک نقدشوندگی و اجرای حد ضرر) | رشد عمودی (166٪ در ۶۰ روز، 49٪ بالای MA50) | عرضه حقوقی به حقیقی (-21 میلیارد تومان در ۲۰ روز) | 179٪ بالای MA200
کانسار,معدنکاران نسوز,استخراج سایر معادن,66.3,زیر نظر,100,45,62,47,14610,20260927,1,6.6,-2.7,-43.2,3.5,10.5,15,58.2,2,0,false,26.3,3.63,above,-15.8,0.8,14349,14896,-9.91,52.67,2.57,19.69,16.08,1483,9.85,9.57,2.9,14349,14085,14896,15780,0.55,عرضه حقوقی به حقیقی (-50 میلیارد تومان در ۲۰ روز)
زقیام,کشت و دام قیام اصفهان,زراعت و خدمات وابسته,66.1,زیر نظر,95,45,77.5,37,11190,20260927,7.9,-1.4,29.8,-10.8,3.5,9.2,76.2,58.5,3,0,false,23.6,3.75,above,-8.1,0.39,10090,11890,7.55,4.31,6.31,12.44,13.58,1396,8.02,8.07,-0.7,10770,10140,11890,12180,0.67,76٪ بالای MA200 | حد ضرر دور (9.4٪)
درازی,پخش رازی,مواد و محصولات دارویی,66.1,زیر نظر,100,70,84.5,4,58910,20260927,15.9,78.6,427.2,386.7,30.3,87.3,244.4,99.8,19,0,true,96,2.15,above,0,1.65,16839,,6.54,19.76,2.01,-3.74,12.14,2400,24.55,8.86,177,57641,56371,62718,65256,1.5,اشباع خرید | فاصله زیاد از MA20 | سهم صفی: 19 روز از ۲۰ روز در صف (ریسک نقدشوندگی و اجرای حد ضرر) | رشد عمودی (427٪ در ۶۰ روز، 87٪ بالای MA50) | عرضه حقوقی به حقیقی (-16 میلیارد تومان در ۲۰ روز) | 244٪ بالای MA200
دحاوی,الحاوی,مواد و محصولات دارویی,66.1,زیر نظر,100,70,86.5,42,5270,20260927,11.9,42.4,185.9,145.3,19.1,50.4,150.5,99.6,20,0,true,94.4,2.32,above,-0.8,1.17,2354,,1.44,1.2,7.29,2.31,0.43,849,6.21,,,5148,5025,5637,5882,1.5,نقدشوندگی پایین | اشباع خرید | فاصله زیاد از MA20 | سهم صفی: 20 روز از ۲۰ روز در صف (ریسک نقدشوندگی و اجرای حد ضرر) | رشد عمودی (186٪ در ۶۰ روز، 50٪ بالای MA50) | عرضه حقوقی به حقیقی (-1 میلیارد تومان در ۲۰ روز) | 150٪ بالای MA200 | نقدشوندگی کمتر از ۱۰ میلیارد تومان
آریا,پلیمر آریا ساسول,محصولات شیمیایی,66,زیر نظر,100,58,73.5,24,47640,20260927,13.6,43.5,37.3,-3.2,23.2,45.1,53.7,92.7,4,0,true,56,3.15,above,-1.5,1.74,42434,,-13.9,164.85,8.98,116.1,82.97,4878,9.77,8.01,21.9,46141,44643,52136,55133,1.5,اشباع خرید | فاصله زیاد از MA20 | رشد عمودی (37٪ در ۶۰ روز، 45٪ بالای MA50) | عرضه حقوقی به حقیقی (-317 میلیارد تومان در ۲۰ روز) | 54٪ بالای MA200
وصنا,گروه‌صنایع‌بهشهرایران‌,سرمایه گذاریها,65.8,زیر نظر,100,75,36,47,6100,20260927,8.5,18.7,96,55.4,4.8,21.9,98.2,67.7,4,0,false,51.7,3.29,above,-4.8,0.52,5540,6410,-2.06,-55.97,1.84,6.59,14.65,842,7.24,7.13,1.6,5899,5598,6410,6812,0.62,خروج مستمر پول حقیقی | 98٪ بالای MA200 | حد ضرر دور (8.2٪)
بوعلی,پتروشیمی بوعلی سینا,محصولات شیمیایی,65.7,زیر نظر,100,60,34.8,60,61290,20260927,9.2,45.3,134.1,93.5,14.2,45.8,87.1,81.3,6,0,true,70.5,3.03,above,-1.7,0.91,60000,,-81.76,-120.47,1.53,16.53,123.48,8261,7.42,9.63,-23,60000,59071,66866,70583,2.51,اشباع خرید | سهم صفی: 6 روز از ۲۰ روز در صف (ریسک نقدشوندگی و اجرای حد ضرر) | رشد عمودی (134٪ در ۶۰ روز، 46٪ بالای MA50) | 87٪ بالای MA200 | شناوری کم (8٪)
وثوق,سرمایه گذاری وثوق امین,سرمایه گذاریها,65.6,زیر نظر,100,75,62.5,20,42920,20260927,12.4,8.7,123.5,83,5.7,14.9,91.4,65.8,0,0,false,33.2,3.01,above,-1.1,0.82,38020,,5.16,-1.3,1.73,7.87,5.24,81,529.88,,,41630,40339,46791,49371,1.5,رشد عمودی (124٪ در ۶۰ روز، 15٪ بالای MA50) | P/E بالا (530) | 91٪ بالای MA200 | نقدشوندگی کمتر از ۱۰ میلیارد تومان
تماوند,تامین سرمایه دماوند,فعالیتهای کمکی به نهادهای مالی واسط,65.5,زیر نظر,100,70,26,60,2475,20260927,1.2,5.6,15.2,-25.4,5.5,11.8,12.2,62.5,0,0,true,24.8,3.79,above,-6.2,0.8,2430,2521,-6.41,13.57,0.56,-8.61,5.7,337,7.34,9.46,-22.4,2430,2383,2521,2566,0.5,واگرایی منفی RSI | عرضه حقوقی به حقیقی (-18 میلیارد تومان در ۲۰ روز) | سرانه خرید ضعیف (0.56) | واگرایی منفی | نقدشوندگی کمتر از ۱۰ میلیارد تومان
رتاپ,تجارت الکترونیک  پارسیان,رایانه و فعالیت‌های وابسته به آن,65.3,زیر نظر,100,65,27.3,62,9330,20260927,1.9,4.9,74.4,33.9,3.8,11.4,112.4,59.7,4,1,false,47.7,3.18,above,-4.6,0.7,9120,9750,-15.29,-122.49,1.27,0.1,20.07,806,11.58,18.19,-36.4,9120,8972,9750,10343,1.17,خروج مستمر پول حقیقی | 112٪ بالای MA200 | صف فروش در ۵ روز اخیر
غگلپا,شیر پاستوریزه پگاه گلپایگان,محصولات غذایی و آشامیدنی به جز قند و شکر,65.2,زیر نظر,100,75,56.8,24,24010,20260927,6.6,13,71.6,31.1,6.2,22.2,87,69,0,0,false,57.5,3.52,above,-2.2,0.82,22270,24560,1.15,-22.09,1.41,3.25,8.39,2729,8.8,7.05,24.8,23164,21895,24560,26252,0.26,خروج مستمر پول حقیقی | 87٪ بالای MA200 | حد ضرر دور (8.8٪) | نقدشوندگی کمتر از ۱۰ میلیارد تومان
پردیس,سرمایه گذاری پردیس,سرمایه گذاریها,65.1,زیر نظر,100,55,36.3,60,2179,20260927,4.6,5.2,30.2,-10.4,3.4,14.9,30.1,62.5,0,0,false,36.3,3.34,above,-3.9,0.86,2011,2268,-2.63,-13.63,1.59,2.56,6.21,404,5.39,7.13,-24.4,2106,1997,2268,2413,0.49,واگرایی منفی RSI | خروج مستمر پول حقیقی | واگرایی منفی | حد ضرر دور (8.3٪) | نقدشوندگی کمتر از ۱۰ میلیارد تومان
حبندر,دریایی و کشتیرانی خط دریابندر,حمل ونقل، انبارداری و ارتباطات,65,زیر نظر,100,65,56,32,9320,20260927,-0.2,6.5,74.1,33.5,4.4,16.8,97.9,67.9,0,0,false,33.1,3.56,above,-2.2,0.7,9223,9528,1.55,-1.37,1.42,2.56,3.21,1112,8.38,,,9223,9057,9528,10192,0.79,98٪ بالای MA200 | نقدشوندگی کمتر از ۱۰ میلیارد تومان
ثبهساز,بهساز کاشانه تهران,انبوه سازی، املاک و مستغلات,65,زیر نظر,65,30,78,80,1857,20260927,0.6,-8.6,17.3,-23.2,-2.7,2.6,44.7,49,1,0,false,17,3.62,above,-8.8,0.76,1770,1920,30.3,21.9,2.86,61.12,28.6,655,2.84,6.61,-57.1,1790,1736,1920,2033,0.52,عرضه حقوقی به حقیقی (-16 میلیارد تومان در ۲۰ روز)
دسبحان,سبحان دارو,مواد و محصولات دارویی,65,زیر نظر,100,60,62,30,17580,20260927,11.7,31,253.9,213.3,10.3,44.7,224.4,76.7,11,0,false,77.6,2.94,above,-0.8,0.48,15270,,12.07,-31.03,5.09,61.3,79.79,1454,12.09,12.91,-6.3,17063,16547,19130,20163,1.5,سهم صفی: 11 روز از ۲۰ روز در صف (ریسک نقدشوندگی و اجرای حد ضرر) | رشد عمودی (254٪ در ۶۰ روز، 45٪ بالای MA50) | 224٪ بالای MA200
زکشت,کشاورزی مکانیزه اصفهان کشت,زراعت و خدمات وابسته,64.9,زیر نظر,83,55,56.1,60,14170,20260927,2.1,3,18.4,-22.1,1.4,8.8,67.7,57.2,3,0,false,17.1,3.61,above,-6.1,0.74,13305,14492,6.68,-5.12,1.35,4.37,11.44,2199,6.44,8.07,-20.2,13659,13049,14492,15092,0.29,68٪ بالای MA200 | حد ضرر دور (7.9٪)
دعبید,لابراتوارداروسازی‌  دکترعبیدی‌,مواد و محصولات دارویی,64.8,زیر نظر,100,85,62,9,26710,20260927,14,21.5,70.7,30.1,12.7,25.7,115.1,75.6,7,0,true,46.8,2.93,above,0,0.85,25440,,249.26,-55.23,8.56,243.22,104.41,1503,17.77,12.91,37.7,25927,25048,29059,30626,1.41,سهم صفی: 7 روز از ۲۰ روز در صف (ریسک نقدشوندگی و اجرای حد ضرر) | 115٪ بالای MA200
فطلوع,طلوع فولاد پارس,فلزات اساسی,64.6,زیر نظر,100,50,78.5,20,6050,20260927,1.9,42.4,118.8,78.3,11.3,43.1,,76.3,15,2,false,73.5,2.7,above,-4.3,1.55,5600,6320,4.72,28.76,1.42,-21.44,17.24,34,177.94,,,5887,5641,6320,6647,0.66,سهم صفی: 15 روز از ۲۰ روز در صف (ریسک نقدشوندگی و اجرای حد ضرر) | رشد عمودی (119٪ در ۶۰ روز، 43٪ بالای MA50) | P/E بالا (178) | 225٪ بالای کف ۵۲ هفته | صف فروش در ۵ روز اخیر
شرانل,نفت ایرانول,فراورده های نفتی، کک و سوخت هسته ای,64.6,زیر نظر,90,65,41.5,57,104800,20260927,-4.7,8.5,46,5.5,-1.7,12.4,86.2,53.1,4,0,false,37.4,3.56,above,-13.2,0.58,99320,120700,2.18,10.11,0.51,-35.19,39.9,13150,7.97,8.12,-1.9,101065,97453,120700,128170,2.16,86٪ بالای MA200 | سرانه خرید ضعیف (0.51) | حد ضرر دور (7.0٪)
بنو,بیمه تجارت نو,بیمه وصندوق بازنشستگی به جزتامین اجتماعی,64.6,زیر نظر,90,45,52.4,62,1972,20260927,1.5,-4.7,27.5,-13.1,-2.1,7.8,34.5,52.5,2,0,false,23.4,3.79,above,-10,0.38,1935,2074,1.49,56.02,0.82,-5.69,14.01,239,8.25,18.13,-54.5,1935,1898,2074,2130,1.37,عرضه حقوقی به حقیقی (-53 میلیارد تومان در ۲۰ روز)
غمهرا,تولیدی‌مهرام‌,محصولات غذایی و آشامیدنی به جز قند و شکر,64.5,زیر نظر,100,65,29,57,20160,20260927,-7.1,9.6,44.7,4.2,3.2,9.7,79.5,56.9,4,0,false,31.2,3.65,above,-11,1.08,18850,22640,-18.81,78.44,0.59,-47.77,22.91,2564,7.86,8.53,-7.8,19425,18482,22640,24111,1.48,عرضه حقوقی به حقیقی (-99 میلیارد تومان در ۲۰ روز) | 79٪ بالای MA200 | سرانه خرید ضعیف (0.59) | حد ضرر دور (8.3٪)
وهامون,سرمایه گذاری هامون صبا,سرمایه گذاریها,64.5,زیر نظر,90,45,33.9,80,1639,20260927,0.7,0.6,15.1,-25.4,-0.1,8.8,29,55.4,0,0,false,20.7,2.99,above,-6.9,0.45,1588,1669,-0.67,-11.22,1.5,4.38,6.66,427,3.84,8.73,-56,1590,1564,1669,1760,0.4,واگرایی منفی RSI | خروج مستمر پول حقیقی | واگرایی منفی | نقدشوندگی کمتر از ۱۰ میلیارد تومان
ولملت,واسپاری ملت,سایر واسطه گریهای مالی,64.5,زیر نظر,100,70,97.9,4,25550,20260926,15.8,52.6,189.7,149.2,26.1,44.4,193.2,87.5,14,0,true,47.7,2.49,above,0,1.44,19090,,17.6,32.56,1.51,19.59,17.56,824,31.01,9.94,211.9,24914,24279,27457,28728,1.5,واگرایی منفی RSI | اشباع خرید | فاصله زیاد از MA20 | سهم صفی: 14 روز از ۲۰ روز در صف (ریسک نقدشوندگی و اجرای حد ضرر) | رشد عمودی (190٪ در ۶۰ روز، 44٪ بالای MA50) | P/E بالا (31) | عرضه حقوقی به حقیقی (-30 میلیارد تومان در ۲۰ روز) | 193٪ بالای MA200 | واگرایی منفی | آخرین معامله 20260926 (متوقف یا کم‌معامله)
سکارون,سیمان کارون,سیمان، آهک و گچ,64.4,زیر نظر,73,70,83.9,30,5260,20260927,5.4,-2.2,11.3,-29.2,2.6,0.8,33.5,55.9,2,0,true,14,3.76,above,-11,1.65,4990,5405,8.54,10.24,1.01,2.61,3.8,243,21.65,,,5062,4891,5405,5525,0.39,واگرایی منفی RSI | بدون روند (ADX پایین) | واگرایی منفی | حد ضرر دور (7.0٪) | نقدشوندگی کمتر از ۱۰ میلیارد تومان
سبجنو,سیمان‌ بجنورد,سیمان، آهک و گچ,64.2,زیر نظر,78,55,49.4,70,50600,20260927,4.4,5.3,8.9,-31.6,-1.3,4.8,44.8,53,1,0,false,19.7,3.46,above,-10.2,0.4,47787,51170,3.89,-32.59,1.06,0.35,7.7,8801,5.75,7.14,-19.5,48850,46912,51170,52160,0.15,واگرایی منفی RSI | خروج مستمر پول حقیقی | واگرایی منفی | حد ضرر دور (7.3٪) | نقدشوندگی کمتر از ۱۰ میلیارد تومان | شناوری کم (11٪)
سرود,سیمان‌شاهرود,سیمان، آهک و گچ,64.1,زیر نظر,100,75,42.5,34,19150,20260927,3.6,7.8,56.5,16,3.7,14.9,95.6,62.6,1,0,false,35.7,3.91,above,-6.3,0.89,17577,20430,16.08,3.7,0.66,-74.89,55,2424,7.9,7.14,10.6,18401,17279,20430,21927,0.68,واگرایی منفی RSI | 96٪ بالای MA200 | سرانه خرید ضعیف (0.66) | واگرایی منفی | حد ضرر دور (9.8٪)
ولغدر,لیزینگ‌خودروغدیر,سایر واسطه گریهای مالی,64.1,زیر نظر,100,75,72.5,4,3710,20260927,5.4,14.9,67.4,26.9,2.7,23.3,50.9,63.8,2,0,false,61.9,3.84,above,-6.3,1.48,3480,3960,3.48,2.87,2.97,-4.53,5.71,80,46.38,9.94,366.5,3567,3409,3960,4245,0.83,P/E بالا (46) | عرضه حقوقی به حقیقی (-3 میلیارد تومان در ۲۰ روز) | 51٪ بالای MA200 | حد ضرر دور (8.1٪) | نقدشوندگی کمتر از ۱۰ میلیارد تومان
بموتو,موتوژن‌,ماشین آلات و دستگاه‌های برقی,64.1,زیر نظر,85,55,53.4,57,3250,20260927,1.2,2.2,30.2,-10.4,-5,8.6,48.6,50.2,0,0,false,37.2,4.09,above,-16.5,0.33,3080,3890,0.71,33.32,0.82,-3.63,12.24,484,6.71,6.15,9.2,3117,3014,3890,4156,2.71,عرضه حقوقی به حقیقی (-33 میلیارد تومان در ۲۰ روز) | 154٪ بالای کف ۵۲ هفته | حد ضرر دور (7.3٪) | شناوری کم (14٪)
شمواد,تولید مواداولیه الیاف مصنوعی,محصولات شیمیایی,64,زیر نظر,100,85,36,32,13820,20260927,10.5,30.6,97.4,56.9,14,34.4,177.9,79,8,0,true,53.3,3.19,above,0,0.73,13370,,-12.71,-116.68,4.91,13.99,24.22,1509,9.16,,,13379,13150,15142,16024,1.97,اشباع خرید | خروج مستمر پول حقیقی | سهم صفی: 8 روز از ۲۰ روز در صف (ریسک نقدشوندگی و اجرای حد ضرر) | رشد عمودی (97٪ در ۶۰ روز، 34٪ بالای MA50) | 178٪ بالای MA200
لخزر,پارس‌ خزر,ماشین آلات و تجهیزات,63.9,زیر نظر,100,65,15.5,68,4680,20260927,-3.7,3.5,45.9,5.4,0,18.2,53.5,57.2,2,0,false,42,3.21,above,-10,0.59,4375,5200,-2.73,8.11,0.58,-16.05,13.43,1120,4.18,5.15,-18.9,4530,4304,5200,5500,1.38,واگرایی منفی RSI | عرضه حقوقی به حقیقی (-10 میلیارد تومان در ۲۰ روز) | 53٪ بالای MA200 | سرانه خرید ضعیف (0.58) | واگرایی منفی | حد ضرر دور (8.0٪) | شناوری کم (10٪)
اتکای,بیمه اتکایی ایرانیان,بیمه وصندوق بازنشستگی به جزتامین اجتماعی,63.8,زیر نظر,100,70,7.1,72,3370,20260927,8,21.7,78.5,38,12.6,38.5,89.8,85,1,0,true,70.2,3.4,above,-2,0.47,2936,,-11.3,-22.17,0.98,-9.23,12.76,612,5.51,18.13,-69.6,3255,3141,3714,3943,1.5,اشباع خرید | خروج مستمر پول حقیقی | رشد عمودی (79٪ در ۶۰ روز، 39٪ بالای MA50) | 90٪ بالای MA200
تاصیکو,سرمایه گذاری صدرتامین,استخراج کانه های فلزی,63.8,زیر نظر,100,70,75,4,32690,20260927,15.8,56,155.5,115,27.4,57.6,168.7,93.1,11,0,true,71.9,3.07,above,0,0.48,29400,,324.06,1553.41,3.88,-121.69,325.82,560,58.38,13.76,324.2,31686,30683,35701,37709,1.5,اشباع خرید | فاصله زیاد از MA20 | سهم صفی: 11 روز از ۲۰ روز در صف (ریسک نقدشوندگی و اجرای حد ضرر) | رشد عمودی (156٪ در ۶۰ روز، 58٪ بالای MA50) | P/E بالا (58) | عرضه حقوقی به حقیقی (-1328 میلیارد تومان در ۲۰ روز) | 169٪ بالای MA200
پکویر,کویر تایر,لاستیک و پلاستیک,63.8,زیر نظر,90,30,53,70,3420,20260927,-10.2,3.7,22.5,-18,-3.6,6.6,14.1,48.4,7,3,false,20.1,3.57,above,-12.8,0.85,3318,3519,48.3,135.67,0.37,-49.15,42.33,544,6.29,8.21,-23.4,3318,3257,3519,3710,0.6,سهم صفی: 7 روز از ۲۰ روز در صف (ریسک نقدشوندگی و اجرای حد ضرر) | عرضه حقوقی به حقیقی (-111 میلیارد تومان در ۲۰ روز) | سرانه خرید ضعیف (0.37) | صف فروش در ۵ روز اخیر
ساروم,سیمان‌ارومیه‌,سیمان، آهک و گچ,63.7,زیر نظر,100,45,51.9,47,223700,20260927,3.4,11.2,21.2,-19.3,4.1,9.9,64,59.7,3,0,false,30.5,3.62,above,-5.7,0.62,211900,237300,20.34,-35.24,1.22,3.95,38.48,34336,6.52,7.14,-8.8,215605,207853,237300,253489,0.86,64٪ بالای MA200 | حد ضرر دور (7.1٪)
دپارس,پارس‌ دارو,مواد و محصولات دارویی,63.7,زیر نظر,85,65,70.7,30,59860,20260927,3.7,-2.3,46,5.5,-0.7,9.1,78,54.6,2,0,false,23.5,3.85,above,-9.5,1.36,58570,60820,29.99,62.17,1.11,-7.14,24.08,4755,12.59,12.91,-2.5,58570,57417,60820,62640,0.39,واگرایی منفی RSI | عرضه حقوقی به حقیقی (-63 میلیارد تومان در ۲۰ روز) | 78٪ بالای MA200 | واگرایی منفی
جم,پتروشیمی جم,محصولات شیمیایی,63.6,زیر نظر,100,50,85.5,9,67660,20260927,6.6,23.7,71.7,31.1,9.9,35.5,55.1,76.4,0,0,false,59.1,3.45,above,-0.7,0.52,62705,,1.17,92.88,1.56,11.77,46.27,4968,13.62,9.63,41.4,65327,61827,74659,79326,1.2,رشد عمودی (72٪ در ۶۰ روز، 36٪ بالای MA50) | عرضه حقوقی به حقیقی (-91 میلیارد تومان در ۲۰ روز) | 55٪ بالای MA200 | حد ضرر دور (8.6٪)
غشهد,شهد ایران ‌,محصولات غذایی و آشامیدنی به جز قند و شکر,63.6,زیر نظر,100,70,18.5,60,9770,20260927,-2.7,20.8,27.1,-13.4,8.5,20.6,54.5,64.1,7,2,true,29.8,3.16,above,-8.3,1.41,8380,10650,-1.84,3.29,0.8,-4.39,6.25,1466,6.66,8.53,-21.9,9461,9153,10650,11267,1.43,سهم صفی: 7 روز از ۲۰ روز در صف (ریسک نقدشوندگی و اجرای حد ضرر) | عرضه حقوقی به حقیقی (-7 میلیارد تومان در ۲۰ روز) | 54٪ بالای MA200 | نقدشوندگی کمتر از ۱۰ میلیارد تومان | صف فروش در ۵ روز اخیر
وساپا,سرمایه‌گذاری‌ سایپا,سرمایه گذاریها,63.6,زیر نظر,100,65,2.5,80,9390,20260927,-1.9,16.6,52.6,12.1,2.1,24.5,65.7,62.8,3,0,false,44.2,3.74,above,-6.9,0.91,8870,10090,-379.26,-245.32,0.63,-532.43,263,2887,3.25,7.13,-54.4,9039,8695,10090,10792,1.01,واگرایی منفی RSI | 66٪ بالای MA200 | سرانه خرید ضعیف (0.63) | واگرایی منفی | حد ضرر دور (7.4٪)
وکبهمن,مدیریت سرمایه گذاری کوثربهمن,سرمایه گذاریها,63.6,زیر نظر,100,53,20,72,3850,20260927,0.3,11.9,38.5,-2,5.1,18,63.1,66.8,1,0,false,45.5,3.53,above,-3.3,0.85,3660,3980,-14.54,-20.16,3.36,-1.14,4.24,671,5.74,8.73,-34.3,3714,3592,3980,4252,0.5,خروج مستمر پول حقیقی | 63٪ بالای MA200 | نقدشوندگی کمتر از ۱۰ میلیارد تومان
وبشهر,توسعه‌ صنایع‌ بهشهر(هلدینگ,محصولات غذایی و آشامیدنی به جز قند و شکر,63.6,زیر نظر,100,65,58.4,24,7130,20260927,0.6,26.6,41.4,0.9,6.9,23.6,97.9,66.7,7,0,false,49.8,3.43,above,-7.4,0.88,6720,7700,13.03,23.83,1.02,-7.03,17.99,748,9.53,8.53,11.7,6885,6598,7700,8189,1.07,سهم صفی: 7 روز از ۲۰ روز در صف (ریسک نقدشوندگی و اجرای حد ضرر) | عرضه حقوقی به حقیقی (-17 میلیارد تومان در ۲۰ روز) | 98٪ بالای MA200 | حد ضرر دور (7.5٪)
بتیس,بیمه زندگی ایساتیس,بیمه وصندوق بازنشستگی به جزتامین اجتماعی,63.5,زیر نظر,90,65,62,32,3520,20260927,-1.1,3.2,80.1,39.6,-0.2,15.3,,56.8,1,0,false,48.1,3.51,above,-8.6,0.59,3450,3825,0.04,-10.2,1.93,4.93,5.01,385,9.14,,,3450,3388,3825,4072,2.31,خروج مستمر پول حقیقی | نقدشوندگی کمتر از ۱۰ میلیارد تومان
شپدیس,پتروشیمی پردیس,محصولات شیمیایی,63.4,زیر نظر,90,45,27.5,82,12650,20260927,-5.9,9.2,-4.3,-44.8,-0.9,9.4,20,51.9,1,1,false,42.4,3.67,above,-22.2,0.97,12340,12854,-443.04,1122.72,0.44,-1341.04,671.47,1879,6.73,9.63,-30.1,12340,12108,12854,13270,0.38,عرضه حقوقی به حقیقی (-1590 میلیارد تومان در ۲۰ روز) | 156٪ بالای کف ۵۲ هفته | سرانه خرید ضعیف (0.44) | صف فروش در ۵ روز اخیر
کسعدی,کاشی‌ سعدی‌,کاشی و سرامیک,63.4,زیر نظر,100,70,88.5,9,28440,20260923,15.8,79.4,224.7,184.1,30.2,63.5,201.5,95.7,16,0,true,72.5,2.32,above,0,0.73,16500,,6.82,44.12,2.3,21.22,12.15,1590,17.89,7.65,133.8,27780,27120,30420,31740,1.5,واگرایی منفی RSI | اشباع خرید | فاصله زیاد از MA20 | سهم صفی: 16 روز از ۲۰ روز در صف (ریسک نقدشوندگی و اجرای حد ضرر) | رشد عمودی (225٪ در ۶۰ روز، 63٪ بالای MA50) | عرضه حقوقی به حقیقی (-44 میلیارد تومان در ۲۰ روز) | 202٪ بالای MA200 | واگرایی منفی | آخرین معامله 20260923 (متوقف یا کم‌معامله)
خلنت,لنت‌ ترمزایران‌,خودرو و ساخت قطعات,63.4,زیر نظر,95,45,61.5,42,5710,20260927,8.1,-0.2,24.2,-16.4,2.5,10.8,51.9,58.8,1,0,false,30,3.37,above,-4.8,0.59,5530,5910,1.18,-8.98,1.64,4.37,5.95,1027,5.56,,,5530,5434,5910,6000,0.72,خروج مستمر پول حقیقی | 52٪ بالای MA200 | نقدشوندگی کمتر از ۱۰ میلیارد تومان
کتوسعه,توسعه صنایع و معادن کوثر,استخراج سایر معادن,63.4,زیر نظر,90,75,61.5,24,19980,20260927,3.3,3.7,45.1,4.6,-0.8,16.6,53.4,58.7,2,0,false,54.2,3.53,above,-9.2,0.89,18310,22000,1.73,-11.89,9.08,10.45,3.28,1794,11.14,9.57,16.4,19276,18219,22000,23409,1.15,خروج مستمر پول حقیقی | 53٪ بالای MA200 | حد ضرر دور (8.8٪) | نقدشوندگی کمتر از ۱۰ میلیارد تومان
پارسیان,بیمه پارسیان,بیمه وصندوق بازنشستگی به جزتامین اجتماعی,63.3,زیر نظر,100,63,2.9,80,1840,20260927,4,9.3,38.8,-1.8,1.2,16.3,45.7,59.7,0,0,false,49.9,3.63,above,-6.6,0.74,1670,1970,-1.58,-17.38,0.87,-4.13,8.15,865,2.13,4.59,-53.7,1773,1673,1970,2103,0.78,خروج مستمر پول حقیقی | حد ضرر دور (9.1٪) | نقدشوندگی کمتر از ۱۰ میلیارد تومان
فولاد,فولاد مبارکه اصفهان,فلزات اساسی,63.3,زیر نظر,100,70,5.1,72,3330,20260927,3.7,20,4.2,-36.4,9.9,22.7,39.3,69.3,3,0,true,47.1,3.26,above,-2.3,0.71,3240,3409,-632.21,-207.34,0.96,-592.35,1182.98,518,6.43,13.48,-52.3,3240,3185,3409,3626,0.54,
وسپهر,گروه سرمایه گذاری سپهر صادرات,شرکتهای چند رشته ای صنعتی,63.3,زیر نظر,90,55,36,65,4630,20260927,-0.9,1.8,29,-11.6,-3,10.2,30.7,51.9,0,0,false,42.8,3.77,above,-10.1,0.49,4510,4790,-7.44,-31.21,3.07,18.73,16.96,1149,4.03,4.03,0,4510,4423,4790,5150,0.77,واگرایی منفی RSI | خروج مستمر پول حقیقی | واگرایی منفی
ممسنی,پتروشیمی ممسنی,محصولات شیمیایی,63.3,زیر نظر,100,70,87,10,13500,20260926,15.8,50,93.7,53.2,23.1,47.3,59.3,98.4,20,0,true,78.2,2.32,above,-11.5,0.37,13020,15250,1.49,60.48,3.91,1.96,4.21,,,,,13187,12864,15250,15875,2.75,اشباع خرید | فاصله زیاد از MA20 | بدون EPS مثبت | سهم صفی: 20 روز از ۲۰ روز در صف (ریسک نقدشوندگی و اجرای حد ضرر) | رشد عمودی (94٪ در ۶۰ روز، 47٪ بالای MA50) | عرضه حقوقی به حقیقی (-61 میلیارد تومان در ۲۰ روز) | 59٪ بالای MA200 | نقدشوندگی کمتر از ۱۰ میلیارد تومان | واگرایی مثبت RSI | آخرین معامله 20260926 (متوقف یا کم‌معامله)
خزامیا,زامیاد,خودرو و ساخت قطعات,63.2,زیر نظر,100,75,52.8,20,1725,20260927,5.1,7.9,51.5,11,2.6,21.1,45.8,62.7,2,1,false,45.2,3.48,above,-3.1,1.15,1630,1754,64.03,-97.99,1.19,40.59,165.33,85,20.29,,,1665,1600,1754,1874,0.23,واگرایی منفی RSI | واگرایی منفی | حد ضرر دور (7.2٪) | صف فروش در ۵ روز اخیر
غویتا,ویتانا,محصولات غذایی و آشامیدنی به جز قند و شکر,63.2,زیر نظر,100,53,0.3,90,6040,20260927,-3,7.7,36,-4.5,0,11.2,80,55,8,0,false,31.2,3.46,above,-12.1,0.78,5690,6870,-26.88,-80.14,0.81,-33.78,31.53,1338,4.51,7.05,-36,5831,5585,6870,7288,1.83,خروج مستمر پول حقیقی | سهم صفی: 8 روز از ۲۰ روز در صف (ریسک نقدشوندگی و اجرای حد ضرر) | 80٪ بالای MA200 | حد ضرر دور (7.5٪)
سامان,بانک سامان,بانکها و موسسات اعتباری,63.1,زیر نظر,100,75,0.5,72,8670,20260927,4.6,2.5,55.3,14.8,3.4,12.7,110,65.5,1,0,false,45.7,2.82,above,-1.3,0.74,8500,,-159.61,-851.53,0.4,-151.12,88.51,1396,6.21,12.04,-48.4,8500,8378,9403,9891,2.51,خروج مستمر پول حقیقی | 110٪ بالای MA200 | سرانه خرید ضعیف (0.40)
فجام,جام‌دارو,ساخت محصولات فلزی,63.1,زیر نظر,90,65,55.3,37,17800,20260927,1.5,-0.2,64.4,23.9,-0.9,17.9,94.3,57.4,3,0,false,39.9,3.46,above,-8.2,0.78,16945,18590,5.69,20.31,0.89,-7.86,8.29,2172,8.2,7.54,8.7,17184,16637,18590,19400,0.68,واگرایی منفی RSI | عرضه حقوقی به حقیقی (-17 میلیارد تومان در ۲۰ روز) | 94٪ بالای MA200 | واگرایی منفی | نقدشوندگی کمتر از ۱۰ میلیارد تومان
فلامی,لامیران‌,ساخت محصولات فلزی,63.1,زیر نظر,100,85,55.2,9,10730,20260927,6.7,25.5,72,31.4,11.7,24.1,58.5,73.4,7,0,true,33.4,3.31,above,-1,1.16,9570,10840,0.49,13.91,0.89,-2.17,3.11,586,18.31,7.54,142.8,10375,10020,10840,11550,0.15,سهم صفی: 7 روز از ۲۰ روز در صف (ریسک نقدشوندگی و اجرای حد ضرر) | عرضه حقوقی به حقیقی (-13 میلیارد تومان در ۲۰ روز) | 59٪ بالای MA200 | نقدشوندگی کمتر از ۱۰ میلیارد تومان
شپاکسا,پاکسان‌,محصولات شیمیایی,63,زیر نظر,100,75,22,50,2681,20260927,0.7,4.9,86.7,46.1,3,19.2,93.4,60.3,4,0,false,42.4,3.71,above,-8.8,0.72,2335,2940,-23.13,-75.02,5.82,-25.57,35.63,327,8.2,9.63,-14.9,2582,2482,2940,3139,1.3,واگرایی منفی RSI | خروج مستمر پول حقیقی | 93٪ بالای MA200 | واگرایی منفی | حد ضرر دور (7.4٪)
دشیری,شیرین دارو,مواد و محصولات دارویی,63,زیر نظر,100,65,78,42,414400,20260927,11.3,18.4,26.2,-14.3,10.1,22.1,67.2,72.2,1,0,true,52.5,3.21,above,-1.2,0.83,405500,,2.97,0.5,1.86,2.83,2.55,57790,7.17,,,405500,398857,454257,480829,2.56,نقدشوندگی پایین | واگرایی منفی RSI | 67٪ بالای MA200 | واگرایی منفی | نقدشوندگی کمتر از ۱۰ میلیارد تومان
شپارس,بین‌ المللی‌ محصولات‌  پارس‌,محصولات شیمیایی,62.9,زیر نظر,90,65,21.5,70,2537,20260927,-2.7,10,103.6,63.1,-1.3,24.6,101.8,58.5,7,1,false,57.4,3.31,above,-13.9,0.73,1670,2948,-23.05,-72.43,1.9,-14.93,22.74,370,6.86,9.63,-28.8,2453,2369,2948,3116,2.45,خروج مستمر پول حقیقی | سهم صفی: 7 روز از ۲۰ روز در صف (ریسک نقدشوندگی و اجرای حد ضرر) | رشد عمودی (104٪ در ۶۰ روز، 25٪ بالای MA50) | 102٪ بالای MA200 | صف فروش در ۵ روز اخیر
فوکا,فولاد کاویان,فلزات اساسی,62.9,زیر نظر,100,65,22.5,57,6420,20260927,-4.3,22.8,93.3,52.8,1.9,34.5,,64.7,12,0,false,68.8,3.44,above,-12.1,2,3563,7300,-26.92,-16.81,1.87,-1.3,10.81,817,7.86,8.05,-2.4,6199,5978,7300,7742,1.99,خروج مستمر پول حقیقی | سهم صفی: 12 روز از ۲۰ روز در صف (ریسک نقدشوندگی و اجرای حد ضرر) | رشد عمودی (93٪ در ۶۰ روز، 34٪ بالای MA50) | 213٪ بالای کف ۵۲ هفته
کورز,ورزیران‌,سایر محصولات کانی غیرفلزی,62.9,زیر نظر,100,70,95.5,20,7670,20260927,9.7,49.8,53.7,13.2,18.9,37.7,61.4,90.8,10,0,true,42,2.7,above,-0.1,1.6,5872,,4.64,4.68,2.11,1.18,1.3,133,57.67,,,7463,7256,8290,8704,1.5,نقدشوندگی پایین | اشباع خرید | فاصله زیاد از MA20 | سهم صفی: 10 روز از ۲۰ روز در صف (ریسک نقدشوندگی و اجرای حد ضرر) | رشد عمودی (54٪ در ۶۰ روز، 38٪ بالای MA50) | P/E بالا (58) | 61٪ بالای MA200 | نقدشوندگی کمتر از ۱۰ میلیارد تومان
سبهان,سیمان‌ بهبهان‌,سیمان، آهک و گچ,62.9,زیر نظر,90,40,41.5,70,5840,20260927,-0.2,2.6,-7.3,-47.8,-3.9,4.1,36.7,49.4,4,0,false,21.1,3.77,above,-24.5,0.62,5770,6700,3.84,10.92,0.73,-8.62,11.99,989,5.9,7.14,-17.3,5770,5660,6700,7735,4.77,عرضه حقوقی به حقیقی (-10 میلیارد تومان در ۲۰ روز) | سرانه خرید ضعیف (0.73)
بمولد,مولد نیروگاهی تجارت فارس,عرضه برق، گاز، بخاروآب گرم,62.9,زیر نظر,85,65,63.5,34,8900,20260927,4.5,-11.4,61.5,21,-2.7,6.3,52.7,51.5,4,0,false,30,3.85,above,-12.6,0.83,8090,10125,3.1,-22.25,111.43,22.19,8.93,778,11.44,10.04,13.9,8557,8043,10125,10810,1.43,خروج مستمر پول حقیقی | 53٪ بالای MA200 | حد ضرر دور (9.6٪) | نقدشوندگی کمتر از ۱۰ میلیارد تومان
غشهداب,کشت و صنعت شهداب ناب خراسان,محصولات غذایی و آشامیدنی به جز قند و شکر,62.8,زیر نظر,100,65,19.3,60,2470,20260927,-1.7,8.1,110.6,70.1,3.4,15.4,74.2,61.9,3,0,false,45.3,4.09,above,-7.2,0.63,2415,2662,-2.34,1.4,0.91,-6.12,22.46,401,6.16,7.05,-12.6,2415,2365,2662,2864,1.82,رشد عمودی (111٪ در ۶۰ روز، 15٪ بالای MA50) | عرضه حقوقی به حقیقی (-1 میلیارد تومان در ۲۰ روز) | 74٪ بالای MA200
کاسپین,داروسازی کاسپین تامین,مواد و محصولات دارویی,62.8,زیر نظر,100,75,47.2,24,37800,20260927,10.5,11,71.2,30.7,7.5,15,113.6,64.3,4,0,false,36,3.45,above,-0.7,0.93,36690,,6.24,0.46,1.03,-19.97,33.31,3831,9.87,8.86,11.4,36690,36037,41716,44326,2.22,واگرایی منفی RSI | 114٪ بالای MA200 | واگرایی منفی
وصنعت,سرمایه گذاری توسعه صنعت وتجارت,سرمایه گذاریها,62.7,زیر نظر,100,53,8.4,80,2860,20260927,-2.1,7.8,35.7,-4.9,1.8,14.9,51,58.5,2,0,false,41.4,3.56,above,-9.5,0.88,2700,3159,-2.29,-2.82,1.04,-2.02,4.55,884,3.24,7.13,-54.6,2758,2649,3159,3362,1.42,51٪ بالای MA200 | حد ضرر دور (7.4٪) | نقدشوندگی کمتر از ۱۰ میلیارد تومان | شناوری کم (13٪)
غزر,صنعتی زر ماکارون,محصولات غذایی و آشامیدنی به جز قند و شکر,62.7,زیر نظر,100,65,31.6,47,4950,20260927,-2.6,13.8,49.4,8.8,4.7,26.2,105.5,63.2,5,0,false,56,3.03,above,-7.8,1.03,4790,5370,-29.92,-130.12,1.36,29.65,75.42,620,7.98,8.53,-6.4,4800,4715,5370,5670,1.79,واگرایی منفی RSI | خروج مستمر پول حقیقی | 105٪ بالای MA200 | واگرایی منفی
سفاسی,شرکت فارسیت اهواز,سایر محصولات کانی غیرفلزی,62.6,زیر نظر,100,75,85.5,25,4900,20260927,3.2,8.9,98.9,58.4,2.2,17.3,59.6,67.2,2,0,false,53.6,4.07,above,-5,0.87,4690,5160,0.29,3.6,1.66,2.83,1.99,330,14.85,,,4700,4590,5160,5559,0.84,نقدشوندگی پایین | واگرایی منفی RSI | عرضه حقوقی به حقیقی (-3 میلیارد تومان در ۲۰ روز) | 60٪ بالای MA200 | واگرایی منفی | نقدشوندگی کمتر از ۱۰ میلیارد تومان
زنگان,صنعت روی زنگان,فلزات اساسی,62.5,زیر نظر,100,70,90,4,9420,20260926,15.6,32.7,84.9,44.4,23.1,38,85.6,87,9,0,true,47.8,2.83,above,0,0.59,7490,,9.24,11.8,5.69,23.38,6.21,403,23.37,8.05,190.4,9153,8887,10220,10753,1.5,اشباع خرید | فاصله زیاد از MA20 | سهم صفی: 9 روز از ۲۰ روز در صف (ریسک نقدشوندگی و اجرای حد ضرر) | رشد عمودی (85٪ در ۶۰ روز، 38٪ بالای MA50) | عرضه حقوقی به حقیقی (-12 میلیارد تومان در ۲۰ روز) | 86٪ بالای MA200 | نقدشوندگی کمتر از ۱۰ میلیارد تومان | آخرین معامله 20260926 (متوقف یا کم‌معامله)
خبنیان,بنیان دیزل,خودرو و ساخت قطعات,62.5,زیر نظر,80,55,69.9,40,1800,20260927,2.2,1.1,14.7,-25.8,-0.8,11.7,5,55.2,1,0,false,30,3.75,above,-26.6,0.94,1732,1865,9.09,8.4,1.32,6.05,12.97,10,180,,,1732,1699,1865,1924,0.64,P/E بالا (180)
سپاها,سیمان‌سپاهان‌,سیمان، آهک و گچ,62.5,زیر نظر,65,63,87.5,34,20020,20260927,3.2,1.1,31,-9.5,-1.3,6.4,49.1,53.3,1,0,false,22,3.66,above,-11,0.92,18870,20450,15.81,66.26,1.79,7.71,28.23,2433,8.23,7.14,15.2,19287,18503,20450,22500,0.28,واگرایی منفی RSI | عرضه حقوقی به حقیقی (-55 میلیارد تومان در ۲۰ روز) | واگرایی منفی | حد ضرر دور (7.6٪)
واتی,سرمایه‌ گذاری‌ آتیه‌ دماوند,سرمایه گذاریها,62.5,زیر نظر,95,53,84.5,9,7230,20260927,8.9,-6.1,36.7,-3.9,0.5,10.3,44.5,54.9,2,0,false,27.4,3.27,above,-9.4,1.36,7080,7660,31.84,35.19,1.8,-23.27,23.29,537,13.46,7.13,88.8,7080,6962,7660,7980,1.6,
زگلدشت,کشت و دام گلدشت نمونه اصفهان,زراعت و خدمات وابسته,62.3,زیر نظر,95,45,62,37,10670,20260927,5.2,-3.3,25.9,-14.6,1.9,7.1,71.7,57.2,1,0,false,24.9,3.77,above,-5.8,0.99,9770,10910,15.61,-23.04,3.62,11.46,16.99,1225,8.71,8.07,7.9,10268,9664,10910,11265,0.24,خروج مستمر پول حقیقی | 72٪ بالای MA200 | حد ضرر دور (9.4٪)
شگستر,گسترش سوخت سبززاگرس(سهامی عام),محصولات شیمیایی,62.1,زیر نظر,100,45,88.5,4,2097,20260927,15.8,44.2,100.9,60.4,15.2,52,97.5,82.5,14,0,false,63.7,2.78,above,0,0.55,1998,,30.06,122.14,5.7,32.59,49.54,36,58.25,9.63,504.9,2039,1969,2272,2388,1.36,اشباع خرید | فاصله زیاد از MA20 | سهم صفی: 14 روز از ۲۰ روز در صف (ریسک نقدشوندگی و اجرای حد ضرر) | رشد عمودی (101٪ در ۶۰ روز، 52٪ بالای MA50) | P/E بالا (58) | عرضه حقوقی به حقیقی (-109 میلیارد تومان در ۲۰ روز) | 98٪ بالای MA200
دکیمی,کیمیدارو,مواد و محصولات دارویی,62.1,زیر نظر,100,60,63.5,17,70180,20260927,4.7,10.4,139.4,98.9,10.2,32.8,153.2,71.9,7,0,false,52,3.26,above,0,0.49,65345,,4.71,-37.26,2.85,2.62,15.46,4266,16.45,12.91,27.4,67893,64463,77040,81614,1.2,واگرایی منفی RSI | خروج مستمر پول حقیقی | سهم صفی: 7 روز از ۲۰ روز در صف (ریسک نقدشوندگی و اجرای حد ضرر) | رشد عمودی (139٪ در ۶۰ روز، 33٪ بالای MA50) | 153٪ بالای MA200 | واگرایی منفی | حد ضرر دور (8.1٪)
تفارس,تامین سرمایه خلیج فارس,فعالیتهای کمکی به نهادهای مالی واسط,62,زیر نظر,90,75,8.1,72,1859,20260927,3.2,11.7,126.9,86.4,-1.8,26.9,94.6,60.9,1,0,false,44.4,3.86,above,-8.8,0.24,1834,2035,-2.2,-5.7,1.02,-3.27,13.06,329,5.65,9.46,-40.3,1834,1798,2035,2178,2.88,رشد عمودی (127٪ در ۶۰ روز، 27٪ بالای MA50) | 95٪ بالای MA200
غپینو,پارس‌ مینو,محصولات غذایی و آشامیدنی به جز قند و شکر,61.9,زیر نظر,100,45,21.5,70,1989,20260927,-5.6,2,25.5,-15,0.5,8.3,81.7,54.4,4,0,false,41.3,3.96,above,-11.2,0.78,1861,2239,-4.74,-68.22,2.99,-24.53,41.85,275,7.23,8.53,-15.2,1910,1822,2239,2396,1.49,خروج مستمر پول حقیقی | 82٪ بالای MA200 | حد ضرر دور (8.4٪)
دجابر,داروسازی‌ جابرابن‌حیان‌,مواد و محصولات دارویی,61.9,زیر نظر,100,60,62.5,17,50670,20260927,15.7,5.4,270.7,230.1,9.4,38,200.4,74.6,4,0,false,65.4,3.22,above,0,0.29,49510,,28.39,-183.73,4.29,51.75,65.17,3483,14.55,12.91,12.7,49510,48695,55559,58819,2.48,خروج مستمر پول حقیقی | رشد عمودی (271٪ در ۶۰ روز، 38٪ بالای MA50) | 200٪ بالای MA200 | واگرایی مثبت RSI
وثنو,سرمایه گذاری ساختمانی نوین,سرمایه گذاریها,61.9,زیر نظر,100,70,62.5,9,7560,20260927,13.9,45.7,140.4,99.9,22.1,47.4,129.9,89.4,8,0,true,72.5,2.85,above,-0.3,1.63,6000,,7.36,14.36,0.76,-32.08,13.79,540,14,8.73,60.4,7345,7129,8206,8637,1.5,واگرایی منفی RSI | اشباع خرید | فاصله زیاد از MA20 | سهم صفی: 8 روز از ۲۰ روز در صف (ریسک نقدشوندگی و اجرای حد ضرر) | رشد عمودی (140٪ در ۶۰ روز، 47٪ بالای MA50) | عرضه حقوقی به حقیقی (-30 میلیارد تومان در ۲۰ روز) | 130٪ بالای MA200 | سرانه خرید ضعیف (0.76) | واگرایی منفی
ملت,بیمه ملت,بیمه وصندوق بازنشستگی به جزتامین اجتماعی,61.9,زیر نظر,100,70,62.5,9,5680,20260927,15.4,59.1,122.8,82.2,26.8,65.1,78.7,97.5,7,0,true,83,2.49,above,0,0.46,4126,,1.28,-19.21,12.05,8.09,4.65,417,13.62,4.59,196.8,5539,5397,6104,6386,1.5,اشباع خرید | فاصله زیاد از MA20 | خروج مستمر پول حقیقی | سهم صفی: 7 روز از ۲۰ روز در صف (ریسک نقدشوندگی و اجرای حد ضرر) | رشد عمودی (123٪ در ۶۰ روز، 65٪ بالای MA50) | 79٪ بالای MA200 | نقدشوندگی کمتر از ۱۰ میلیارد تومان
شسپا,نفت سپاهان,فراورده های نفتی، کک و سوخت هسته ای,61.6,زیر نظر,100,65,27.5,47,21360,20260927,1.6,10.6,65.7,25.2,3,16.3,107.8,60.7,5,0,false,39.5,3.79,above,-8.7,0.83,20420,23390,67.3,-118.97,0.59,-143.71,107.74,3704,5.77,6.26,-7.9,20550,20015,23390,25010,1.51,خروج مستمر پول حقیقی | 108٪ بالای MA200 | سرانه خرید ضعیف (0.59)
دماوند,تولید نیروی برق دماوند,عرضه برق، گاز، بخاروآب گرم,61.6,زیر نظر,90,65,36.5,50,13310,20260927,1.1,-1.2,41.1,0.6,-1.3,9.3,44.9,53.4,1,0,false,26.4,3.22,above,-9.1,0.62,12760,13725,-23.05,12.25,1.61,-5.37,19.29,1503,8.86,10.04,-11.8,12881,12545,13725,14650,0.54,واگرایی منفی RSI | عرضه حقوقی به حقیقی (-13 میلیارد تومان در ۲۰ روز) | واگرایی منفی
خدیزل,بهمن  دیزل,خودرو و ساخت قطعات,61.5,زیر نظر,90,20,53.9,68,1736,20260927,-1.1,-1.3,8.5,-32,-2.5,3.9,34,49.5,1,0,false,27.4,3.96,above,-9.3,0.64,1663,1793,2.81,22.19,0.82,-2.28,8.54,348,4.99,5.87,-15,1667,1629,1793,1914,0.53,عرضه حقوقی به حقیقی (-21 میلیارد تومان در ۲۰ روز) | نقدشوندگی کمتر از ۱۰ میلیارد تومان
مدیریت,س. و خدمات مدیریت صند. ب کشوری,سرمایه گذاریها,61.5,زیر نظر,100,53,51.5,72,4780,20260927,-0.4,3.5,34.6,-5.9,1.2,11.4,43.8,57.2,2,0,false,35.2,3.45,above,-8.6,0.72,4680,5230,-0.33,0.18,3.76,3.52,1.87,955,5.01,8.73,-42.7,4680,4597,5230,5560,2.47,نقدشوندگی پایین | واگرایی منفی RSI | واگرایی منفی | نقدشوندگی کمتر از ۱۰ میلیارد تومان
کپشیر,پشم‌شیشه‌ایران‌,سایر محصولات کانی غیرفلزی,61.4,زیر نظر,100,60,68.8,9,29500,20260927,8.2,34.4,125,84.5,11.9,45.6,149.5,79.2,7,0,false,75.2,3.27,above,0,1.36,26060,,35.76,83.9,1.05,-4.45,30.57,1532,19.26,12.75,51,28534,27568,32398,34330,1.5,اشباع خرید | سهم صفی: 7 روز از ۲۰ روز در صف (ریسک نقدشوندگی و اجرای حد ضرر) | رشد عمودی (125٪ در ۶۰ روز، 46٪ بالای MA50) | عرضه حقوقی به حقیقی (-51 میلیارد تومان در ۲۰ روز) | 150٪ بالای MA200
رافزا,رایان هم افزا,رایانه و فعالیت‌های وابسته به آن,61.4,زیر نظر,90,65,35.5,70,18780,20260926,-7.9,17,55.2,14.6,-3.8,18.6,94.6,53,10,1,false,51.7,3.33,above,-16.7,1.18,14910,22550,-24.82,-30.11,1.63,19.14,13.47,2957,6.35,8.89,-28.6,18155,17529,22550,23801,3.01,خروج مستمر پول حقیقی | سهم صفی: 10 روز از ۲۰ روز در صف (ریسک نقدشوندگی و اجرای حد ضرر) | 95٪ بالای MA200 | صف فروش در ۵ روز اخیر | آخرین معامله 20260926 (متوقف یا کم‌معامله)
ولیز,لیزینگ ایران,سایر واسطه گریهای مالی,61.4,زیر نظر,100,70,37.5,32,4330,20260927,11.6,40.1,96.6,56,18.6,52.7,78.3,88.9,7,0,true,82.2,2.82,above,-0.5,0.87,3260,,-0.02,-5.7,1.86,13.01,6.42,458,9.45,,,4208,4086,4696,4941,1.5,اشباع خرید | فاصله زیاد از MA20 | سهم صفی: 7 روز از ۲۰ روز در صف (ریسک نقدشوندگی و اجرای حد ضرر) | رشد عمودی (97٪ در ۶۰ روز، 53٪ بالای MA50) | 78٪ بالای MA200 | نقدشوندگی کمتر از ۱۰ میلیارد تومان
آلومینا,آلومینای ایران,فلزات اساسی,61.1,زیر نظر,90,75,36.5,40,223000,20260927,1.2,2.8,41,0.4,-2.2,19,62.3,56.6,0,0,false,46.4,3.76,above,-12.9,0.65,210800,256100,-13.94,-192.99,1.69,15.87,34.44,16822,13.26,13.48,-1.7,214610,206605,256100,272879,2.02,خروج مستمر پول حقیقی | 62٪ بالای MA200 | حد ضرر دور (7.4٪) | شناوری کم (6٪)
زکوثر,سرمایه گذاری کشاورزی کوثر,زراعت و خدمات وابسته,61.1,زیر نظر,95,75,61.5,9,87490,20260927,12.5,5.8,137.5,97,4.2,20.7,101.9,66.3,3,0,false,41.6,3.44,above,-3.4,0.16,83360,90600,5.25,-130.37,14.1,10.98,24.64,6364,13.75,6.33,117.2,84478,81854,90600,96623,0.55,واگرایی منفی RSI | خروج مستمر پول حقیقی | رشد عمودی (137٪ در ۶۰ روز، 21٪ بالای MA50) | 102٪ بالای MA200 | واگرایی منفی
دزهراوی,داروسازی‌زهراوی‌,مواد و محصولات دارویی,61.1,زیر نظر,100,75,14.3,50,4830,20260927,6.2,5.5,103.4,62.8,5.5,14,113.1,62.6,1,0,false,41.7,3.54,above,-3.6,1.2,4735,5010,-21.49,-53.36,0.91,-13.49,21.84,492,9.82,12.91,-24,4735,4650,5010,5352,1,خروج مستمر پول حقیقی | رشد عمودی (103٪ در ۶۰ روز، 14٪ بالای MA50) | 113٪ بالای MA200
وآفر,سرمایه گذاری ارزش آفرینان,سرمایه گذاریها,60.9,زیر نظر,100,80,69.8,30,12780,20260927,12.6,16.5,15.9,-24.7,7,19.7,19.8,68.4,2,0,true,45.4,3.34,above,-20.1,1.44,12463,16000,1.57,1.33,1.49,-0.6,2.43,369,34.63,,,12463,12250,16000,16852,6.08,نقدشوندگی پایین | P/E بالا (35) | عرضه حقوقی به حقیقی (-1 میلیارد تومان در ۲۰ روز) | نقدشوندگی کمتر از ۱۰ میلیارد تومان
شیراز,پتروشیمی‌شیراز,محصولات شیمیایی,60.9,زیر نظر,81,30,52.6,70,67300,20260927,-7.5,3.2,-10.8,-51.3,-4.6,2,35.6,45.8,0,0,false,25.7,4.23,inside,-18.5,0.69,60011,68464,2.73,102.38,0.8,-36.44,69.21,9681,6.95,9.63,-27.8,64453,60182,68464,71020,0.16,عرضه حقوقی به حقیقی (-101 میلیارد تومان در ۲۰ روز) | 175٪ بالای کف ۵۲ هفته | حد ضرر دور (10.6٪) | شناوری کم (12٪)
کفپارس,فرآورده‌های‌ نسوز پارس‌,سایر محصولات کانی غیرفلزی,60.9,زیر نظر,90,65,1.5,82,5640,20260927,-8.4,3.3,50.8,10.3,-2.9,12,70.7,50.6,4,1,false,44.6,3.62,above,-14.8,0.91,5200,5970,-9.01,-8.72,0.61,-14.57,14.57,722,7.81,12.75,-38.7,5436,5129,5970,6620,0.65,71٪ بالای MA200 | سرانه خرید ضعیف (0.61) | حد ضرر دور (9.1٪) | صف فروش در ۵ روز اخیر
فزرین,زرین معدن آسیا,فلزات اساسی,60.8,زیر نظر,90,65,26,57,9360,20260927,-7.8,23.2,128.3,87.8,-1.3,25.2,131,59.2,16,2,false,67.5,3.19,above,-15.5,1.33,6630,11080,-15.57,81.42,0.5,-41.92,19.73,1184,7.91,8.05,-1.8,9061,8763,11080,11677,2.88,سهم صفی: 16 روز از ۲۰ روز در صف (ریسک نقدشوندگی و اجرای حد ضرر) | رشد عمودی (128٪ در ۶۰ روز، 25٪ بالای MA50) | عرضه حقوقی به حقیقی (-94 میلیارد تومان در ۲۰ روز) | 131٪ بالای MA200 | سرانه خرید ضعیف (0.50) | صف فروش در ۵ روز اخیر
تیپیکو,سرمایه گذاری دارویی تامین,مواد و محصولات دارویی,60.8,زیر نظر,95,65,47,30,27680,20260927,12.7,-3.1,71.2,30.7,4.8,12.7,90.4,61.3,4,0,false,21.7,3.29,above,-5.9,0.93,24583,28600,106.69,-243.7,4.97,-41.94,182.61,2097,13.2,12.91,2.2,26769,25858,28600,29408,0.5,خروج مستمر پول حقیقی | 90٪ بالای MA200
وپایا,سرمایه گذاری پایا تدبیرپارسا,سرمایه گذاریها,60.8,زیر نظر,100,75,46,37,1880,20260926,3.9,8.9,51.5,11,3,18.6,54.2,64.1,0,0,false,46.6,3.59,above,-4.1,1.31,1841,1960,-10.36,-17.62,5.2,6.47,3.39,235,8,8.73,-8.4,1841,1807,1960,2095,1.1,واگرایی منفی RSI | خروج مستمر پول حقیقی | 54٪ بالای MA200 | واگرایی منفی | نقدشوندگی کمتر از ۱۰ میلیارد تومان | آخرین معامله 20260926 (متوقف یا کم‌معامله)
ساروج,بین المللی ساروج بوشهر,سیمان، آهک و گچ,60.7,زیر نظر,69,45,46.2,78,57690,20260927,0.3,1.2,-8.7,-49.2,-0.1,1.7,10.8,50.6,1,0,false,16.2,3.66,inside,-17.3,0.46,55712,59275,1.54,4.04,0.95,-0.26,4.77,11890,4.85,6.69,-27.5,55712,54656,59275,61211,0.52,عرضه حقوقی به حقیقی (-2 میلیارد تومان در ۲۰ روز) | نقدشوندگی کمتر از ۱۰ میلیارد تومان
فسازان,غلتک سازان سپاهان,فلزات اساسی,60.6,زیر نظر,90,65,0.5,82,13310,20260927,-8.1,10.5,75.1,34.6,-2.9,14,132.7,52.9,5,1,false,54.8,3.39,above,-16.6,0.98,11580,15960,-42.92,-106.26,0.64,-45.06,45.27,2578,5.16,13.48,-61.7,12859,12409,15960,16861,2.94,خروج مستمر پول حقیقی | 133٪ بالای MA200 | سرانه خرید ضعیف (0.64) | صف فروش در ۵ روز اخیر
کپارس,کاشی‌ پارس‌,کاشی و سرامیک,60.6,زیر نظر,100,65,0.5,70,18030,20260927,-5.6,15.8,79.2,38.7,0.9,27.9,104.7,61.4,8,1,false,61.2,3.32,above,-12,0.63,16510,20500,-28.95,-57.26,0.47,-43.96,27.16,2681,6.73,7.65,-12.1,17431,16533,20500,21698,1.65,واگرایی منفی RSI | خروج مستمر پول حقیقی | سهم صفی: 8 روز از ۲۰ روز در صف (ریسک نقدشوندگی و اجرای حد ضرر) | 105٪ بالای MA200 | سرانه خرید ضعیف (0.47) | واگرایی منفی | حد ضرر دور (8.3٪) | صف فروش در ۵ روز اخیر
غپاک,لبنیات‌ پاک‌,محصولات غذایی و آشامیدنی به جز قند و شکر,60.6,زیر نظر,100,45,72.5,14,2209,20260927,-4.3,18,15.6,-24.9,0.6,16.8,52.6,58.5,9,1,false,39,3.81,above,-13.4,0.81,1968,2550,4.29,40.51,3.31,-16.66,14.07,97,22.77,8.53,167,2125,1999,2550,2718,1.62,سهم صفی: 9 روز از ۲۰ روز در صف (ریسک نقدشوندگی و اجرای حد ضرر) | عرضه حقوقی به حقیقی (-36 میلیارد تومان در ۲۰ روز) | 53٪ بالای MA200 | حد ضرر دور (9.5٪) | صف فروش در ۵ روز اخیر
وتوصا,گروه س توسعه صنعتی ایران,سرمایه گذاریها,60.6,زیر نظر,90,55,0.5,90,3010,20260927,-6.5,-2.9,52.4,11.9,-2.6,11.5,58.8,50.8,0,0,false,52.2,4.28,above,-11.7,0.97,2864,3124,-4.73,-23.44,0.67,-11.07,7.45,642,4.69,7.13,-34.2,2881,2799,3124,3410,0.54,واگرایی منفی RSI | خروج مستمر پول حقیقی | 59٪ بالای MA200 | سرانه خرید ضعیف (0.67) | واگرایی منفی | حد ضرر دور (7.0٪) | نقدشوندگی کمتر از ۱۰ میلیارد تومان
نیشکر,توسعه نیشکر و  صنایع جانبی,قند و شکر,60.6,زیر نظر,70,30,87.5,47,61120,20260927,-3.1,0.8,15.5,-25,-4.8,2.9,14.2,46,3,0,false,31.1,3.88,above,-13.3,0.23,58557,62753,0.42,27.73,2.65,6.62,11.36,6371,9.59,9.57,0.2,58749,57372,62753,70470,0.44,عرضه حقوقی به حقیقی (-27 میلیارد تومان در ۲۰ روز) | واگرایی مثبت RSI
ساراب,سیمان‌ داراب‌,سیمان، آهک و گچ,60.5,زیر نظر,90,65,25,57,17740,20260927,-5,18.6,69.6,29,-2,9.9,48.6,53.7,11,0,false,33.2,3.06,above,-14.1,0.56,17486,20660,-4.52,5.53,0.51,-8.22,5.33,2361,7.51,7.14,5.2,17486,17214,20660,21747,5.55,سهم صفی: 11 روز از ۲۰ روز در صف (ریسک نقدشوندگی و اجرای حد ضرر) | عرضه حقوقی به حقیقی (-6 میلیارد تومان در ۲۰ روز) | سرانه خرید ضعیف (0.51) | نقدشوندگی کمتر از ۱۰ میلیارد تومان
امید,تامین سرمایه امید,فعالیتهای کمکی به نهادهای مالی واسط,60.5,زیر نظر,65,30,62,78,3550,20260927,2.9,-10.1,19,-21.6,-3.3,1.1,21,47.2,1,0,false,29.2,2.77,above,-12.6,0.51,3398,3880,3.86,-12.45,3.36,4.05,3.06,755,4.7,5.92,-20.6,3452,3348,3880,4060,1.64,خروج مستمر پول حقیقی | نقدشوندگی کمتر از ۱۰ میلیارد تومان | شناوری کم (2٪)
ولراز,لیزینگ رازی,سایر واسطه گریهای مالی,60.5,زیر نظر,100,70,61,25,6220,20260923,15.2,63.7,227.9,187.4,26.9,66.8,153.5,97.5,11,0,true,83.3,2.51,above,0,0.36,2771,,-0.32,12.36,4.1,3.8,4.39,322,19.32,,,6064,5908,6688,7000,1.5,اشباع خرید | فاصله زیاد از MA20 | سهم صفی: 11 روز از ۲۰ روز در صف (ریسک نقدشوندگی و اجرای حد ضرر) | رشد عمودی (228٪ در ۶۰ روز، 67٪ بالای MA50) | عرضه حقوقی به حقیقی (-12 میلیارد تومان در ۲۰ روز) | 153٪ بالای MA200 | نقدشوندگی کمتر از ۱۰ میلیارد تومان | آخرین معامله 20260923 (متوقف یا کم‌معامله)
دامین,داروسازی‌ امین‌,مواد و محصولات دارویی,60.4,زیر نظر,95,88,53.4,4,16250,20260927,14.5,7.4,37.7,-2.8,8.1,11.5,50.8,63.9,3,0,true,23.1,3.46,above,-5.5,1.06,15400,17190,25.44,-30.21,1.19,9.24,32.82,378,42.99,12.91,233,15688,15119,17190,18314,0.83,P/E بالا (43) | 51٪ بالای MA200
کرازی,کارخانجات‌تولیدی‌شیشه‌رازی‌,سایر محصولات کانی غیرفلزی,60.4,زیر نظر,70,65,33.6,72,1791,20260927,1.3,-0.3,45.3,4.8,-2,11.9,59.8,53.9,2,0,false,32.6,3.9,above,-11.9,0.82,1700,1839,11.18,-0.12,1.11,-11.89,21.56,221,8.1,12.75,-36.4,1721,1665,1839,2032,0.38,60٪ بالای MA200 | حد ضرر دور (7.0٪)
فسپا,گروه‌صنعتی‌سپاهان‌,فلزات اساسی,60.4,زیر نظر,100,60,1.5,72,8510,20260927,8,43.8,161.1,120.6,17.3,49.7,186.2,87.4,11,0,true,74,3.05,above,0,0.91,6130,,-62.37,-93.58,0.76,-73.91,50.21,1216,7,13.48,-48.1,8250,7991,9289,9808,1.5,اشباع خرید | فاصله زیاد از MA20 | خروج مستمر پول حقیقی | سهم صفی: 11 روز از ۲۰ روز در صف (ریسک نقدشوندگی و اجرای حد ضرر) | رشد عمودی (161٪ در ۶۰ روز، 50٪ بالای MA50) | 186٪ بالای MA200 | سرانه خرید ضعیف (0.76)
شنفت,نفت‌ پارس‌,فراورده های نفتی، کک و سوخت هسته ای,60.4,زیر نظر,100,75,27.5,34,17250,20260927,6.9,14.5,62.9,22.4,5.8,24.1,75.4,65.9,2,0,false,45.6,3.06,above,-3.9,0.8,16050,17950,17.15,-7.61,0.7,-34.13,33.99,2291,7.53,6.26,20.3,16722,15929,17950,19007,0.53,واگرایی منفی RSI | 75٪ بالای MA200 | سرانه خرید ضعیف (0.70) | واگرایی منفی | حد ضرر دور (7.7٪) | شناوری کم (12٪)
سپید,سپید ماکیان,زراعت و خدمات وابسته,60.4,زیر نظر,65,50,45.4,78,43180,20260927,1,-5.5,48.6,8.1,-4.7,8.1,128.8,49.8,1,0,false,34.3,3.87,above,-14,0.7,42705,45370,55.22,-179.56,1.54,-4.29,134.42,9010,4.79,6.33,-24.3,42705,41869,45370,47230,1.67,خروج مستمر پول حقیقی | 129٪ بالای MA200
سیتا,سرمایه گذاری سیمان تامین,سیمان، آهک و گچ,60.3,زیر نظر,100,45,38.1,47,29580,20260927,-3.1,10.2,13.6,-26.9,1.4,8.7,56.8,54.7,6,0,false,22.9,3.3,above,-9.4,1.03,28990,32640,-8.48,53.97,1.25,-1.49,33.51,4273,6.92,7.14,-3,28990,28502,32640,34595,2.84,سهم صفی: 6 روز از ۲۰ روز در صف (ریسک نقدشوندگی و اجرای حد ضرر) | عرضه حقوقی به حقیقی (-54 میلیارد تومان در ۲۰ روز) | 57٪ بالای MA200 | شناوری کم (10٪)
شیفته,کشت و صنعت شیفته آرای شرق,محصولات غذایی و آشامیدنی به جز قند و شکر,60.3,زیر نظر,85,75,63,16,14580,20260927,4.4,9.4,47.9,7.4,4.4,15,,62.1,3,0,false,45.5,3.39,,-3.4,0.51,14045,15100,3.93,-46.92,9.41,42.9,22.03,1559,9.35,7.05,32.7,14086,13798,15100,16087,0.67,خروج مستمر پول حقیقی
وسین,بیمه سینا,بیمه وصندوق بازنشستگی به جزتامین اجتماعی,60.3,زیر نظر,100,60,63,10,3720,20260927,9.1,53.8,181.6,141.1,18,74.6,146.4,86.5,11,1,true,85.7,2.68,above,-2.6,0.7,2119,,15.66,-0.52,4.71,10.01,15.28,,,,,3620,3520,4020,4219,1.5,اشباع خرید | فاصله زیاد از MA20 | بدون EPS مثبت | سهم صفی: 11 روز از ۲۰ روز در صف (ریسک نقدشوندگی و اجرای حد ضرر) | رشد عمودی (182٪ در ۶۰ روز، 75٪ بالای MA50) | 146٪ بالای MA200 | صف فروش در ۵ روز اخیر
قچار,فراوردههای غذایی وقند چهارمحال,قند و شکر,60.2,زیر نظر,100,75,23.7,37,5710,20260927,3.8,14,77.4,36.9,7.5,23.2,86.8,70.6,2,0,true,62.3,3.73,above,-2.9,0.83,5450,5850,-2.77,6.24,1.03,-11.23,38.19,655,8.72,9.57,-8.9,5497,5344,5850,6276,0.38,عرضه حقوقی به حقیقی (-10 میلیارد تومان در ۲۰ روز) | 87٪ بالای MA200
کچاد,معدنی‌وصنعتی‌چادرملو,استخراج کانه های فلزی,60.1,زیر نظر,90,45,36.5,60,2844,20260927,-2.9,2.6,26.7,-13.8,-2.2,10.3,28.4,52.3,3,0,false,34.3,3.84,above,-12,0.62,2743,3230,-32.24,16.83,2.26,-131.4,159.68,277,10.27,13.76,-25.4,2743,2688,3230,3449,2.47,عرضه حقوقی به حقیقی (-16 میلیارد تومان در ۲۰ روز)
غشان,شیرپاستوریزه‌پگاه‌خراسان‌,محصولات غذایی و آشامیدنی به جز قند و شکر,60.1,زیر نظر,100,85,43.5,9,18970,20260927,9,25.6,136.8,96.3,16.1,36.8,184.1,79.3,2,0,true,64.2,3.03,above,0,1.06,18200,,3.35,1.6,0.75,-26.36,18.43,1497,12.67,8.53,48.6,18395,17912,20696,21846,1.63,واگرایی منفی RSI | اشباع خرید | فاصله زیاد از MA20 | رشد عمودی (137٪ در ۶۰ روز، 37٪ بالای MA50) | 184٪ بالای MA200 | سرانه خرید ضعیف (0.75) | واگرایی منفی
وتوکا,سرمایه‌گذاری‌توکافولاد(هلدینگ,فلزات اساسی,60,زیر نظر,70,55,22,90,3480,20260927,-6.5,-0.3,55.6,15,-3.7,18.1,41.8,53.4,3,0,false,44.1,3.64,above,-13.2,0.37,3290,3520,-13.42,-15.05,5.52,-18.85,56.49,724,4.81,13.48,-64.3,3353,3227,3520,3590,0.16,واگرایی منفی RSI | واگرایی منفی | حد ضرر دور (7.3٪)
شملی,ملی شیمی کشاورز,محصولات شیمیایی,59.9,زیر نظر,100,60,34.7,37,10550,20260927,9.9,24.7,122.6,82,10.1,41.5,119.6,76.4,7,0,false,67.2,3.2,above,0,0.64,9320,,-4.52,-12.23,1.51,10.53,25,1215,8.68,8.01,8.4,10213,9876,11562,12236,1.5,سهم صفی: 7 روز از ۲۰ روز در صف (ریسک نقدشوندگی و اجرای حد ضرر) | رشد عمودی (123٪ در ۶۰ روز، 41٪ بالای MA50) | 120٪ بالای MA200
شگل,گلتاش‌,محصولات شیمیایی,59.9,زیر نظر,100,65,20.5,47,3150,20260927,-1.3,10.1,90.7,50.2,2.2,17.9,82.1,58.9,7,0,false,37.9,3.42,above,-10.3,0.91,2934,3510,-15.48,-2.83,1.99,-18.24,12.05,339,9.29,9.63,-3.5,3042,2881,3510,3725,1.34,سهم صفی: 7 روز از ۲۰ روز در صف (ریسک نقدشوندگی و اجرای حد ضرر) | 82٪ بالای MA200 | حد ضرر دور (8.5٪)
وسنا,سرمایه گذاری نیروگاهی ایران,سرمایه گذاریها,59.9,زیر نظر,100,70,43.5,20,49900,20260927,14.8,57.5,192.4,151.8,23.6,63.9,169.2,91.4,10,0,true,85.5,2.49,above,0,0.41,24074,,1.21,-51.33,1.46,-3.48,20.1,998,50,,,48656,47411,53633,56122,1.5,اشباع خرید | فاصله زیاد از MA20 | خروج مستمر پول حقیقی | سهم صفی: 10 روز از ۲۰ روز در صف (ریسک نقدشوندگی و اجرای حد ضرر) | رشد عمودی (192٪ در ۶۰ روز، 64٪ بالای MA50) | P/E بالا (50) | 169٪ بالای MA200
فخوز,فولاد  خوزستان,فلزات اساسی,59.8,زیر نظر,100,75,29,30,3024,20260927,2.5,63.5,62.5,22,13.3,31.5,85.2,74.9,9,0,true,45,3.47,above,-3.7,0.84,2870,3140,-376.28,859.85,0.88,-346.91,346.86,222,13.62,13.48,1.1,2919,2817,3140,3350,0.56,سهم صفی: 9 روز از ۲۰ روز در صف (ریسک نقدشوندگی و اجرای حد ضرر) | رشد عمودی (62٪ در ۶۰ روز، 31٪ بالای MA50) | عرضه حقوقی به حقیقی (-1014 میلیارد تومان در ۲۰ روز) | 85٪ بالای MA200
تایرا,تراکتورسازی‌ایران‌,ماشین آلات و تجهیزات,59.7,زیر نظر,100,63,0.5,68,3210,20260927,4.6,9.2,37.2,-3.3,4.3,14.6,42.6,63.2,0,0,false,30,3.74,above,-3.6,0.81,3051,3330,-22.52,-55.32,0.67,-17.33,16.98,754,4.26,5.15,-17.3,3090,2991,3330,3570,0.55,واگرایی منفی RSI | خروج مستمر پول حقیقی | سرانه خرید ضعیف (0.67) | واگرایی منفی
کساوه,صنایع‌ کاشی‌ و سرامیک‌ سینا,کاشی و سرامیک,59.6,زیر نظر,100,65,6.4,60,29710,20260927,-7.9,9.1,60.1,19.5,2.3,15.7,89.8,58,8,1,false,40.7,3.32,above,-9.4,1.07,26432,32800,-20.26,-13.16,0.94,-23.49,21.49,4425,6.71,7.65,-12.2,28724,27737,32800,34773,1.57,سهم صفی: 8 روز از ۲۰ روز در صف (ریسک نقدشوندگی و اجرای حد ضرر) | 90٪ بالای MA200 | صف فروش در ۵ روز اخیر
شکام,صنایع شیمیایی کیمیاگران امروز,محصولات شیمیایی,59.5,زیر نظر,100,75,21,37,10570,20260927,8.9,17.3,125.2,84.6,4.3,29.6,144.9,68.2,5,0,false,45.5,3.72,above,-4.9,0.57,9420,11080,-46.01,-77.75,2.59,-112.31,116.81,1258,8.4,8.01,4.9,10177,9587,11080,11867,0.52,رشد عمودی (125٪ در ۶۰ روز، 30٪ بالای MA50) | 145٪ بالای MA200 | حد ضرر دور (9.3٪)
وآرین,گروه توسعه اقتصادی آرین,سرمایه گذاریها,59.5,زیر نظر,100,65,36,30,2777,20260927,-5.2,12.9,65.1,24.6,0.1,23.9,57.1,58.7,1,0,false,52,3.72,above,-13.8,0.76,2738,3220,-1,-17.86,1.63,2.85,3.62,62,44.79,,,2738,2687,3220,3427,4.91,خروج مستمر پول حقیقی | P/E بالا (45) | 57٪ بالای MA200 | نقدشوندگی کمتر از ۱۰ میلیارد تومان
پلوله,گازلوله‌,لاستیک و پلاستیک,59.5,زیر نظر,100,70,82,20,10660,20260927,11.7,60.5,150.1,109.5,22.9,54.9,111.5,96,19,0,true,74,2.35,above,-0.7,1.36,6800,,1.6,8.77,4.1,-1.87,1.94,517,20.62,,,10410,10160,11411,11911,1.5,نقدشوندگی پایین | اشباع خرید | فاصله زیاد از MA20 | سهم صفی: 19 روز از ۲۰ روز در صف (ریسک نقدشوندگی و اجرای حد ضرر) | رشد عمودی (150٪ در ۶۰ روز، 55٪ بالای MA50) | عرضه حقوقی به حقیقی (-9 میلیارد تومان در ۲۰ روز) | 112٪ بالای MA200 | نقدشوندگی کمتر از ۱۰ میلیارد تومان
وپترو,سرمایه‌گذاری صنایع پتروشیمی‌,محصولات شیمیایی,59.4,زیر نظر,100,75,20.5,37,81950,20260927,3.5,22.2,111.7,71.1,2.9,40.8,97.7,67.7,10,0,false,64.9,3.5,above,-7.8,0.51,75460,88910,-39.53,-272.16,2.97,-26.56,58.18,7753,10.57,9.63,9.8,79082,74780,88910,94646,0.97,خروج مستمر پول حقیقی | سهم صفی: 10 روز از ۲۰ روز در صف (ریسک نقدشوندگی و اجرای حد ضرر) | رشد عمودی (112٪ در ۶۰ روز، 41٪ بالای MA50) | 98٪ بالای MA200 | حد ضرر دور (8.7٪)
چکاپا,گروه صنایع کاغذ پارس,محصولات کاغذی,59.4,زیر نظر,100,75,47.5,10,2238,20260927,7.3,33.6,62.4,21.9,16.8,38.1,72.8,79.2,3,0,true,58.8,3.01,above,-4.6,1.24,1699,,-8.47,-7.53,2.88,22.08,32.24,,,16.48,,2171,2103,2440,2575,1.5,اشباع خرید | فاصله زیاد از MA20 | بدون EPS مثبت | رشد عمودی (62٪ در ۶۰ روز، 38٪ بالای MA50) | 73٪ بالای MA200
آریان,سرمایه گذاری پارس آریان,سرمایه گذاریها,59.3,زیر نظر,100,70,52.2,9,7940,20260927,7.9,22.7,53,12.5,12.5,33.4,73.2,83.2,1,0,true,69.3,3.3,above,-1.7,0.41,6650,,8.75,-267.9,1.21,2.3,37.42,492,16.14,8.73,84.9,7678,7416,8726,9249,1.5,اشباع خرید | خروج مستمر پول حقیقی | رشد عمودی (53٪ در ۶۰ روز، 33٪ بالای MA50) | 73٪ بالای MA200
وامیر,گروه صنعتی و معدنی امیر,استخراج کانه های فلزی,59.3,زیر نظر,100,50,52,25,10990,20260927,-6.1,37.5,153.8,113.2,7.8,39.8,138.1,70.9,13,3,false,75.5,3,above,-8.8,0.55,6610,12050,6.96,65.25,0.49,-7.44,16.59,598,18.38,,,10660,10330,12050,12710,1.61,سهم صفی: 13 روز از ۲۰ روز در صف (ریسک نقدشوندگی و اجرای حد ضرر) | رشد عمودی (154٪ در ۶۰ روز، 40٪ بالای MA50) | عرضه حقوقی به حقیقی (-65 میلیارد تومان در ۲۰ روز) | 138٪ بالای MA200 | سرانه خرید ضعیف (0.49) | صف فروش در ۵ روز اخیر
فصبا,صبا فولاد خلیج فارس,فلزات اساسی,59.2,زیر نظر,100,63,62.5,4,4040,20260927,3.1,30.7,34.8,-5.8,12.7,29.6,53,75.4,6,0,true,39.7,3.35,above,-0.7,0.97,3090,,-13.42,28.55,4.17,30.92,23.06,178,22.7,8.05,181.9,3904,3769,4447,4718,1.5,سهم صفی: 6 روز از ۲۰ روز در صف (ریسک نقدشوندگی و اجرای حد ضرر) | عرضه حقوقی به حقیقی (-22 میلیارد تومان در ۲۰ روز) | 53٪ بالای MA200
شگویا,پتروشیمی تندگویان,محصولات شیمیایی,59.2,زیر نظر,100,48,62.5,16,12930,20260927,11,56,36.2,-4.3,18.9,39.3,84.3,83.5,13,0,true,46.1,2.9,above,-1,1.13,11270,,-130.26,146.58,5.45,151.89,110.18,1099,11.77,8.01,46.9,12555,12179,14056,14807,1.5,اشباع خرید | فاصله زیاد از MA20 | سهم صفی: 13 روز از ۲۰ روز در صف (ریسک نقدشوندگی و اجرای حد ضرر) | رشد عمودی (36٪ در ۶۰ روز، 39٪ بالای MA50) | عرضه حقوقی به حقیقی (-229 میلیارد تومان در ۲۰ روز) | 84٪ بالای MA200
سخزر,سیمان‌ خزر,سیمان، آهک و گچ,59.2,زیر نظر,90,63,21.5,57,6410,20260927,1.4,8.6,31.4,-9.2,-1.3,12.7,45.9,56.1,6,0,false,28.9,3.68,above,-12,0.79,6100,7280,-12.96,-42.24,1.66,-20.24,21.61,822,7.8,7.14,9.2,6174,5982,7280,7752,2.03,خروج مستمر پول حقیقی | سهم صفی: 6 روز از ۲۰ روز در صف (ریسک نقدشوندگی و اجرای حد ضرر)
کنور,توسعه معدنی و صنعتی صبانور,استخراج کانه های فلزی,59.2,زیر نظر,100,65,2.9,62,6080,20260927,0.2,13.4,68,27.4,0.7,25.7,87.1,62.7,2,0,false,47.6,3.51,above,-6.5,0.28,5890,6380,-8.51,-54.31,0.84,-13.72,29.06,738,8.24,13.76,-40.1,5890,5783,6380,6500,1.01,واگرایی منفی RSI | خروج مستمر پول حقیقی | 87٪ بالای MA200 | واگرایی منفی | شناوری کم (9٪)
وکغدیر,بین المللی توسعه ص. معادن غدیر,شرکتهای چند رشته ای صنعتی,59.1,زیر نظر,100,65,27.5,37,6650,20260927,-2.1,24.3,116.6,76.1,7,36.7,88.3,68.6,8,0,false,68.3,3.24,above,-7.1,1.03,5440,7160,-55.21,336.78,0.57,-198.87,127.63,563,11.81,10.88,8.6,6434,6218,7160,7592,1.18,سهم صفی: 8 روز از ۲۰ روز در صف (ریسک نقدشوندگی و اجرای حد ضرر) | رشد عمودی (117٪ در ۶۰ روز، 37٪ بالای MA50) | عرضه حقوقی به حقیقی (-370 میلیارد تومان در ۲۰ روز) | 88٪ بالای MA200 | سرانه خرید ضعیف (0.57) | شناوری کم (10٪)
کپرسپولیس,مجتمع کاشی و سنگ پرسپولیس یزد,کاشی و سرامیک,59.1,زیر نظر,100,53,37,37,8600,20260927,-1.3,1.9,34.5,-6,2.2,12.1,,58.7,3,0,false,36.7,3.51,above,-6.3,0.75,8440,8790,-17.31,-6.61,2.59,26.23,17.54,966,8.9,9.26,-3.9,8440,8289,8790,9180,0.61,واگرایی منفی RSI | واگرایی منفی
شاراک,پتروشیمی شازند,محصولات شیمیایی,59,زیر نظر,100,50,16,60,28790,20260927,7.8,35.7,96.6,56.1,8.8,32.9,122.4,72,6,0,false,63.2,3.36,above,-4,0.83,26570,29490,-23.32,67.14,0.71,-177.19,148.4,3871,7.44,9.63,-22.8,27824,26374,29490,31423,0.29,سهم صفی: 6 روز از ۲۰ روز در صف (ریسک نقدشوندگی و اجرای حد ضرر) | رشد عمودی (97٪ در ۶۰ روز، 33٪ بالای MA50) | عرضه حقوقی به حقیقی (-66 میلیارد تومان در ۲۰ روز) | 122٪ بالای MA200 | سرانه خرید ضعیف (0.71) | حد ضرر دور (8.4٪)
وبهمن,سرمایه‌گذاری‌بهمن‌,سرمایه گذاریها,59,زیر نظر,65,20,52,90,2100,20260927,-3.8,-0.1,17.9,-22.6,-4.2,6.4,15.9,48.4,3,0,false,25.5,3.65,above,-13.5,0.7,2026,2166,2.84,105.66,0.72,-25.59,25.8,710,2.96,7.13,-58.5,2026,1987,2166,2215,0.59,عرضه حقوقی به حقیقی (-94 میلیارد تومان در ۲۰ روز) | سرانه خرید ضعیف (0.72)
ولانا,شرکت لیزینگ آریا دانا,سایر واسطه گریهای مالی,58.9,زیر نظر,100,75,45.5,10,5300,20260927,3.7,13.2,58.6,18.1,10.1,25.3,31.9,70.1,6,1,true,51.3,3.42,above,-7.2,0.46,4937,,0,4.14,1.63,-0.41,3.52,,,,,5119,4847,5844,6207,1.2,بدون EPS مثبت | سهم صفی: 6 روز از ۲۰ روز در صف (ریسک نقدشوندگی و اجرای حد ضرر) | عرضه حقوقی به حقیقی (-4 میلیارد تومان در ۲۰ روز) | حد ضرر دور (8.6٪) | نقدشوندگی کمتر از ۱۰ میلیارد تومان | صف فروش در ۵ روز اخیر
پتوسعه,س. و توسعه صنایع لاستیک,لاستیک و پلاستیک,58.9,زیر نظر,90,55,36.5,47,9260,20260927,-0.5,1.1,26.6,-13.9,-3.2,8,,51.9,3,0,false,29.5,3.39,above,-11.6,0.36,9167,9580,-1.58,-12.11,4.78,9.88,14.17,1012,9.15,9.84,-7,9167,9010,9580,10480,1.28,
وبیمه,سرمایه‌ گذاری‌ صنعت‌ بیمه‌,سرمایه گذاریها,58.8,زیر نظر,100,65,44.2,19,3120,20260927,-7.1,24.6,120.7,80.1,2.8,28.6,100.9,64,9,0,false,71.3,3.5,above,-11.4,0.8,2106,,0.14,-5.93,0.91,2.39,10.29,188,16.6,7.13,132.8,3011,2901,3448,3666,1.5,سهم صفی: 9 روز از ۲۰ روز در صف (ریسک نقدشوندگی و اجرای حد ضرر) | رشد عمودی (121٪ در ۶۰ روز، 29٪ بالای MA50) | 101٪ بالای MA200 | حد ضرر دور (7.0٪) | شناوری کم (12٪)
زهلال,کشت و صنعت هلال,زراعت و خدمات وابسته,58.8,زیر نظر,85,75,36,37,52480,20260927,6.5,6.4,41.6,1,1.4,8.1,,57.8,0,0,false,26.6,3.59,,-5.1,0.65,50890,55280,-1.74,-2.33,8.75,25.13,12.72,6307,8.32,8.07,3.1,50890,49947,55280,59051,1.11,
کتوکا,تولیدی و خدمات صنایع نسوز توکا,سایر محصولات کانی غیرفلزی,58.7,زیر نظر,100,65,2.8,60,8370,20260927,-6,31.2,104.3,63.8,3.4,40.1,105.9,67.4,11,1,false,77.7,3.21,above,-10.4,1.01,4456,9340,-6.53,-19.25,0.83,-8.77,27.39,983,8.51,10.33,-17.6,8101,7832,9340,9878,1.8,سهم صفی: 11 روز از ۲۰ روز در صف (ریسک نقدشوندگی و اجرای حد ضرر) | رشد عمودی (104٪ در ۶۰ روز، 40٪ بالای MA50) | 106٪ بالای MA200 | صف فروش در ۵ روز اخیر
دسانکو,داروسازی سبحان انکولوژی,مواد و محصولات دارویی,58.7,زیر نظر,95,75,56.7,4,3450,20260927,6.5,5.2,67,26.5,2.3,11.6,67.9,59.4,8,1,false,37.5,3.35,above,-9.7,0.98,3370,3820,15.69,-0.09,1.31,11.99,12.18,97,35.57,8.86,301.4,3370,3312,3820,4051,2.69,سهم صفی: 8 روز از ۲۰ روز در صف (ریسک نقدشوندگی و اجرای حد ضرر) | P/E بالا (36) | 68٪ بالای MA200 | صف فروش در ۵ روز اخیر
شاروم,پتروشیمی ارومیه,محصولات شیمیایی,58.6,زیر نظر,100,45,52.5,26,15170,20260927,-3.7,20.2,20,-20.5,1.6,17,54.4,57.8,6,0,false,42.7,3.18,above,-12.5,1.65,13706,17330,-29.65,11.47,2.41,25.23,15.9,1318,11.51,8.01,43.7,14688,14206,17330,18294,2.24,سهم صفی: 6 روز از ۲۰ روز در صف (ریسک نقدشوندگی و اجرای حد ضرر) | عرضه حقوقی به حقیقی (-7 میلیارد تومان در ۲۰ روز) | 54٪ بالای MA200 | واگرایی مثبت RSI
وهور,گروه س.انرژی امید  تابان هور,عرضه برق، گاز، بخاروآب گرم,58.6,زیر نظر,75,45,61.5,47,2532,20260927,5.9,-7.2,27.4,-13.1,0.7,7.9,39.5,54.2,7,0,false,25.2,3.51,above,-12.4,0.69,2484,2671,20.05,-139.88,14.51,11.19,34.66,230,11.01,10.04,9.6,2484,2440,2671,2889,1.5,خروج مستمر پول حقیقی | سهم صفی: 7 روز از ۲۰ روز در صف (ریسک نقدشوندگی و اجرای حد ضرر)
شمس,تولید انرژی برق شمس پاسارگاد,عرضه برق، گاز، بخاروآب گرم,58.5,زیر نظر,90,55,63,19,11600,20260927,-4.8,-5,63.6,23.1,-0.2,3,87.2,50.7,1,0,false,30.8,4.11,above,-10.2,0.53,11010,12900,-2.41,31.63,2.31,16.65,15.48,887,13.08,10.04,30.3,11123,10772,12900,13854,1.57,عرضه حقوقی به حقیقی (-29 میلیارد تومان در ۲۰ روز) | 87٪ بالای MA200 | حد ضرر دور (7.1٪)
زنجان,صنایع کشاورزی وکود زنجان,محصولات شیمیایی,58.5,زیر نظر,100,70,88,10,2499,20260927,9.6,35.7,77.5,36.9,16.7,36.4,73.4,97.2,20,0,true,74.8,2.31,above,-1,0.93,1788,,1.17,3.05,11.27,2.77,0.64,,,,,2441,2384,2672,2787,1.5,نقدشوندگی پایین | اشباع خرید | فاصله زیاد از MA20 | بدون EPS مثبت | سهم صفی: 20 روز از ۲۰ روز در صف (ریسک نقدشوندگی و اجرای حد ضرر) | رشد عمودی (77٪ در ۶۰ روز، 36٪ بالای MA50) | عرضه حقوقی به حقیقی (-3 میلیارد تومان در ۲۰ روز) | 73٪ بالای MA200 | نقدشوندگی کمتر از ۱۰ میلیارد تومان
شتران,پالایش نفت تهران,فراورده های نفتی، کک و سوخت هسته ای,58.5,زیر نظر,100,53,1.5,70,6390,20260927,-4.8,9.8,37.3,-3.2,1.2,18.8,83.6,57.9,3,0,false,53.6,3.68,above,-12,1.07,5005,7260,-782.46,-699,0.63,-956.59,505.05,1249,5.12,6.26,-18.3,6155,5920,7260,7730,1.85,خروج مستمر پول حقیقی | 84٪ بالای MA200 | سرانه خرید ضعیف (0.63) | حد ضرر دور (7.4٪)
چنوپا,نیوپان‌ 22 بهمن‌,محصولات چوبی,58.4,زیر نظر,70,60,61.5,40,16440,20260927,1.3,-3,-9.3,-49.8,2.3,7.7,-17.7,54.6,5,1,true,21.6,3.63,above,-50.5,0.89,16250,16879,0.17,4.33,1.72,-5.94,11.06,620,26.52,,,16250,15951,16879,17439,0.9,عرضه حقوقی به حقیقی (-4 میلیارد تومان در ۲۰ روز) | صف فروش در ۵ روز اخیر
غشصفا,شیرپاستوریزه‌پگاه‌اصفهان‌,محصولات غذایی و آشامیدنی به جز قند و شکر,58.4,زیر نظر,100,65,1.5,60,25430,20260927,-0.2,14,62.4,21.9,5.9,21.4,111,64.5,5,0,false,44.4,3.39,above,-7.6,0.74,22520,27510,-12.4,-40.24,0.69,-13.36,11.8,3764,6.76,8.53,-20.8,24569,23708,27510,29232,1.21,خروج مستمر پول حقیقی | 111٪ بالای MA200 | سرانه خرید ضعیف (0.69)
وسپه,سرمایه‌گذاری‌ سپه‌,سرمایه گذاریها,58.3,زیر نظر,100,65,1,60,7330,20260927,4.3,17.3,50.8,10.3,5.7,25.9,58,68.2,1,0,false,55.8,3.54,above,-5.4,0.77,6860,7750,-21.88,-126.31,0.56,-54.23,43.48,1251,5.86,7.13,-17.8,7071,6730,7750,8269,0.7,واگرایی منفی RSI | خروج مستمر پول حقیقی | 58٪ بالای MA200 | سرانه خرید ضعیف (0.56) | واگرایی منفی | حد ضرر دور (8.2٪)
جم پیلن,پتروشیمی جم پیلن,محصولات شیمیایی,58.3,زیر نظر,100,65,1,60,302400,20260927,2.5,23.4,92.5,52,4.1,24.5,71.6,66.2,1,0,false,45.3,3.24,above,-4.9,0.34,292000,318000,-4.67,-159.66,0.79,-15.55,37.3,41853,7.23,9.63,-25,292595,287098,318000,337610,1.02,واگرایی منفی RSI | خروج مستمر پول حقیقی | 72٪ بالای MA200 | سرانه خرید ضعیف (0.79) | واگرایی منفی | شناوری کم (11٪)
فارس,صنایع پتروشیمی خلیج فارس,محصولات شیمیایی,58.1,زیر نظر,100,45,16.5,60,11920,20260927,-4.5,30.2,22.6,-17.9,3.7,19.3,56.9,61.2,6,0,false,37,3.49,above,-8.7,1.24,10430,13050,-894.17,304.89,0.4,-1083.26,445,1498,7.96,9.63,-17.4,11504,11088,13050,13882,1.36,سهم صفی: 6 روز از ۲۰ روز در صف (ریسک نقدشوندگی و اجرای حد ضرر) | عرضه حقوقی به حقیقی (-650 میلیارد تومان در ۲۰ روز) | 57٪ بالای MA200 | سرانه خرید ضعیف (0.40)
فروی,ذوب روی اصفهان,فلزات اساسی,58,زیر نظر,90,65,53,19,2691,20260927,-9.4,5.4,59.8,19.3,-0.7,14,52.2,53.3,10,2,false,46.9,3.28,above,-14.6,0.94,2625,3150,1.6,42.3,0.69,-4.78,10.86,186,14.47,8.05,79.7,2625,2581,3150,3327,4.17,سهم صفی: 10 روز از ۲۰ روز در صف (ریسک نقدشوندگی و اجرای حد ضرر) | عرضه حقوقی به حقیقی (-40 میلیارد تومان در ۲۰ روز) | 52٪ بالای MA200 | سرانه خرید ضعیف (0.69) | صف فروش در ۵ روز اخیر
آبین,کشت و صنعت آبشیرین,زراعت و خدمات وابسته,58,زیر نظر,100,70,36,20,13180,20260927,14.6,66.2,78.2,37.6,26.2,58.4,182.6,96.1,12,0,true,68.8,2.76,above,0,0.84,8305,,-0.72,-5.79,2.33,6.14,7.04,235,56.09,,,12816,12452,14272,15000,1.5,اشباع خرید | فاصله زیاد از MA20 | سهم صفی: 12 روز از ۲۰ روز در صف (ریسک نقدشوندگی و اجرای حد ضرر) | رشد عمودی (78٪ در ۶۰ روز، 58٪ بالای MA50) | P/E بالا (56) | 183٪ بالای MA200 | نقدشوندگی کمتر از ۱۰ میلیارد تومان | واگرایی مثبت RSI
فزر,پویا زرکان آق دره,استخراج کانه های فلزی,57.9,زیر نظر,100,60,59.6,4,321000,20260927,11.7,47.7,150.9,110.4,16.6,49.4,161.8,86.7,6,0,true,77.6,2.92,above,0,1.11,309800,,1039.18,1187.31,1.05,-1241.97,854.4,9504,33.78,14.44,133.9,311618,305109,349146,367910,1.77,واگرایی منفی RSI | اشباع خرید | فاصله زیاد از MA20 | سهم صفی: 6 روز از ۲۰ روز در صف (ریسک نقدشوندگی و اجرای حد ضرر) | رشد عمودی (151٪ در ۶۰ روز، 49٪ بالای MA50) | P/E بالا (34) | عرضه حقوقی به حقیقی (-935 میلیارد تومان در ۲۰ روز) | 162٪ بالای MA200 | واگرایی منفی
بالبر,کابل‌ البرز,ماشین آلات و دستگاه‌های برقی,57.9,زیر نظر,90,55,55.6,24,27720,20260927,5.9,10,7.2,-33.4,1.5,13.2,8.4,58.4,0,0,false,26.7,4.01,above,-34.4,0.69,26640,28660,0.64,10.37,0.97,-3.07,8,309,89.71,6.15,1358.7,26640,26084,28660,34550,0.57,P/E بالا (90) | عرضه حقوقی به حقیقی (-10 میلیارد تومان در ۲۰ روز) | نقدشوندگی کمتر از ۱۰ میلیارد تومان
وایرا,سرمایه گذاری صنایع ایران,سرمایه گذاریها,57.9,زیر نظر,100,75,59.6,32,3540,20260927,2,9.3,48.7,8.2,4,14.2,22.2,61.4,1,0,false,25.7,3.24,above,-6.7,0.81,3445,3633,1.68,-6.9,1.5,3.7,2.79,399,8.87,,,3445,3388,3633,3772,0.61,نقدشوندگی پایین | خروج مستمر پول حقیقی | نقدشوندگی کمتر از ۱۰ میلیارد تومان
کسرام,پارس‌ سرام‌,سایر محصولات کانی غیرفلزی,57.9,زیر نظر,100,63,57.2,4,14690,20260927,14.5,15.6,37.5,-3,7.3,19.4,57.5,67,2,0,false,35.1,3.49,above,-1.9,0.88,12980,14980,5.6,-25.22,1.41,11.17,9.96,697,21.08,12.75,65.3,14177,13664,14980,16006,0.28,خروج مستمر پول حقیقی | 58٪ بالای MA200 | نقدشوندگی کمتر از ۱۰ میلیارد تومان
خراسان,پتروشیمی خراسان,محصولات شیمیایی,57.9,زیر نظر,70,30,53.5,70,51740,20260927,-4.7,1.9,2.9,-37.6,-6,5.9,57.2,46.9,2,0,false,26.8,3.89,above,-15.6,0.81,51105,54047,0.24,57.48,0.64,-33.87,29.55,7006,7.39,9.63,-23.3,51105,50099,54047,55471,1.41,عرضه حقوقی به حقیقی (-51 میلیارد تومان در ۲۰ روز) | 57٪ بالای MA200 | سرانه خرید ضعیف (0.64) | شناوری کم (6٪)
بشهاب,لامپ‌  پارس‌ شهاب‌,ماشین آلات و دستگاه‌های برقی,57.8,زیر نظر,90,50,26,57,7990,20260927,-10.9,3.7,43.9,3.4,-7.8,6.1,55.2,44.7,10,3,false,41.5,3.8,above,-18.4,0.17,7459,8458,-0.48,12.03,0.56,-5.38,11.09,1212,6.59,6.15,7.2,7686,7307,8458,9066,0.68,سهم صفی: 10 روز از ۲۰ روز در صف (ریسک نقدشوندگی و اجرای حد ضرر) | عرضه حقوقی به حقیقی (-13 میلیارد تومان در ۲۰ روز) | 55٪ بالای MA200 | سرانه خرید ضعیف (0.56) | حد ضرر دور (8.6٪) | شناوری کم (11٪) | صف فروش در ۵ روز اخیر
غپآذر,شیر پگاه آذربایجان شرقی,محصولات غذایی و آشامیدنی به جز قند و شکر,57.8,زیر نظر,100,45,51,24,29370,20260927,10.8,35.2,109,68.5,11.7,40.2,123.5,80.2,3,0,false,60.8,3.58,above,0,1.11,26280,,-24.47,4.78,1.68,17.72,20.68,3220,9.12,7.05,29.4,28319,26742,32524,34626,1.2,اشباع خرید | رشد عمودی (109٪ در ۶۰ روز، 40٪ بالای MA50) | 123٪ بالای MA200 | حد ضرر دور (8.9٪)
فپنتا,سپنتا,فلزات اساسی,57.8,زیر نظر,90,45,27,60,43970,20260927,-13.6,15.5,22.5,-18.1,-3.6,18.9,21.8,51.7,12,4,false,55.3,3.34,above,-22.3,1,43413,44504,-3.81,72.47,0.21,-46.99,23.75,4100,10.72,13.48,-20.4,43413,42678,44504,45942,0.41,سهم صفی: 12 روز از ۲۰ روز در صف (ریسک نقدشوندگی و اجرای حد ضرر) | عرضه حقوقی به حقیقی (-73 میلیارد تومان در ۲۰ روز) | سرانه خرید ضعیف (0.21) | صف فروش در ۵ روز اخیر
وآفری,بیمه کارآفرین,بیمه وصندوق بازنشستگی به جزتامین اجتماعی,57.8,زیر نظر,100,60,89,34,9150,20260926,9.6,30.2,107,66.5,11.1,39.5,152.4,77.2,7,0,false,62.6,3.14,above,0,0.7,8830,,1.78,6.41,2.55,1,1.81,1680,5.45,4.59,18.7,8863,8687,10011,10585,1.86,نقدشوندگی پایین | سهم صفی: 7 روز از ۲۰ روز در صف (ریسک نقدشوندگی و اجرای حد ضرر) | رشد عمودی (107٪ در ۶۰ روز، 40٪ بالای MA50) | عرضه حقوقی به حقیقی (-6 میلیارد تومان در ۲۰ روز) | 152٪ بالای MA200 | نقدشوندگی کمتر از ۱۰ میلیارد تومان | آخرین معامله 20260926 (متوقف یا کم‌معامله)
زشریف,کشت وصنعت شریف آباد,زراعت و خدمات وابسته,57.7,زیر نظر,100,45,27.9,47,18680,20260927,2.4,-1.9,24.4,-16.2,2,10.7,72.2,57,3,0,false,27.2,3.77,above,-8,0.72,17357,19230,0.54,-43.5,0.86,-4.13,11.86,2402,7.78,8.07,-3.6,17976,17005,19230,20300,0.33,واگرایی منفی RSI | خروج مستمر پول حقیقی | 72٪ بالای MA200 | واگرایی منفی | حد ضرر دور (9.0٪)
لوتوس,تامین سرمایه لوتوس پارسیان,فعالیتهای کمکی به نهادهای مالی واسط,57.7,زیر نظر,100,78,1.5,47,3460,20260927,2.4,15.5,32,-8.5,8.5,16.4,57.4,67.7,1,0,true,20.4,3.3,above,-3.4,0.57,3260,3580,-12.06,-46.58,0.65,-10.4,10.75,594,5.82,5.92,-1.6,3346,3203,3580,3809,0.47,خروج مستمر پول حقیقی | 57٪ بالای MA200 | سرانه خرید ضعیف (0.65) | حد ضرر دور (7.4٪) | شناوری کم (4٪)
کرماشا,صنایع پتروشیمی کرمانشاه,محصولات شیمیایی,57.6,زیر نظر,90,45,26.5,60,28500,20260927,-6.1,11.4,12.8,-27.7,-0.3,14.2,61.6,55.2,2,0,false,44.5,3.36,above,-12.3,0.36,27589,29000,-36.7,280.71,0.59,-68.88,109.18,3386,8.42,9.63,-12.6,27589,27110,29000,32490,0.36,عرضه حقوقی به حقیقی (-313 میلیارد تومان در ۲۰ روز) | 62٪ بالای MA200 | سرانه خرید ضعیف (0.59)
ختور,رادیاتور ایران‌,خودرو و ساخت قطعات,57.6,زیر نظر,100,60,20.5,42,4040,20260927,4.4,37.5,103.3,62.7,15.4,39,96.6,85.1,7,0,true,66.3,3.43,above,0,1.11,2780,,-45.33,13.19,0.96,-16.44,30.06,715,5.65,,,3901,3762,4456,4734,1.5,واگرایی منفی RSI | اشباع خرید | فاصله زیاد از MA20 | سهم صفی: 7 روز از ۲۰ روز در صف (ریسک نقدشوندگی و اجرای حد ضرر) | رشد عمودی (103٪ در ۶۰ روز، 39٪ بالای MA50) | عرضه حقوقی به حقیقی (-25 میلیارد تومان در ۲۰ روز) | 97٪ بالای MA200 | واگرایی منفی
فالوم,آلومتک,فلزات اساسی,57.6,زیر نظر,90,48,74,10,1506,20260927,6.7,50.1,40.2,-0.3,19,36.5,32.4,80.6,14,1,true,42.8,2.61,above,-26.2,0.97,1433,1848,7.75,24,2.88,-8.85,8.22,,,8.05,,1467,1413,1848,1988,3.69,اشباع خرید | فاصله زیاد از MA20 | بدون EPS مثبت | سهم صفی: 14 روز از ۲۰ روز در صف (ریسک نقدشوندگی و اجرای حد ضرر) | رشد عمودی (40٪ در ۶۰ روز، 37٪ بالای MA50) | عرضه حقوقی به حقیقی (-20 میلیارد تومان در ۲۰ روز) | نقدشوندگی کمتر از ۱۰ میلیارد تومان | صف فروش در ۵ روز اخیر
قیستو,شرکت قند بیستون,قند و شکر,57.5,زیر نظر,100,75,30,20,53990,20260927,7.5,42.2,98.1,57.6,15.1,43.9,111.1,79.6,2,0,true,73.4,3.46,above,-5.4,0.88,48710,,3.69,-30.02,0.94,-3.89,8.74,2437,22.15,,,52124,49324,59589,63322,1.2,اشباع خرید | فاصله زیاد از MA20 | خروج مستمر پول حقیقی | رشد عمودی (98٪ در ۶۰ روز، 44٪ بالای MA50) | 111٪ بالای MA200 | حد ضرر دور (8.6٪) | نقدشوندگی کمتر از ۱۰ میلیارد تومان
بهیر,س. توسعه تجارت هیرمند,سرمایه گذاریها,57.5,زیر نظر,100,65,73,25,4380,20260927,6.1,9.2,18.4,-22.1,6.1,17,26,75.1,4,0,true,56.2,2.56,above,-2.4,1.18,4210,,1.22,1.43,1.65,-0.5,1.22,223,19.64,,,4268,4154,4716,4940,1.49,نقدشوندگی پایین | واگرایی منفی RSI | عرضه حقوقی به حقیقی (-1 میلیارد تومان در ۲۰ روز) | واگرایی منفی | نقدشوندگی کمتر از ۱۰ میلیارد تومان
فهامون,آلیاژ گستر هامون,فلزات اساسی,57.4,زیر نظر,90,30,50.7,47,4830,20260927,-6.8,0.8,6.8,-33.7,-2.3,6.6,,49.8,4,1,false,31.4,3.78,above,-12.8,0.71,4720,4961,-13.37,13.76,1.55,21.01,23.06,596,8.1,8.05,0.7,4720,4629,4961,5234,0.65,عرضه حقوقی به حقیقی (-23 میلیارد تومان در ۲۰ روز) | صف فروش در ۵ روز اخیر
فنوال,نورد آلومینیوم‌,فلزات اساسی,57.4,زیر نظر,85,53,3.1,82,12580,20260927,1.5,-3.5,40.3,-0.2,-2,5.2,70.8,51.3,3,0,false,34.9,3.76,above,-11.2,1.07,12180,13330,-8.11,-28.83,0.9,-13.47,7.98,1597,7.88,13.48,-41.6,12180,11943,13330,13560,1.18,واگرایی منفی RSI | خروج مستمر پول حقیقی | 71٪ بالای MA200 | واگرایی منفی | نقدشوندگی کمتر از ۱۰ میلیارد تومان
حپرتو,پرتو بار فرابر خلیج فارس,حمل ونقل، انبارداری و ارتباطات,57.3,زیر نظر,100,60,37.2,24,11080,20260927,14.1,20.8,78.6,38,9,33.1,42.6,75.3,6,0,false,49.1,3.29,above,0,0.69,10274,11712,4.45,-4.77,1.17,-6.85,14.03,1121,9.88,7.68,28.7,10716,10170,11712,12441,0.69,سهم صفی: 6 روز از ۲۰ روز در صف (ریسک نقدشوندگی و اجرای حد ضرر) | رشد عمودی (79٪ در ۶۰ روز، 33٪ بالای MA50) | حد ضرر دور (8.2٪)
شاوان,پالایش نفت لاوان,فراورده های نفتی، کک و سوخت هسته ای,57.3,زیر نظر,100,50,32,37,51700,20260927,1.1,50.7,102.5,62,13,54.7,111.2,79,13,0,false,81.7,3.07,above,-4.7,1.28,31203,54270,-433.79,-120.13,3.7,-510.74,138.85,6145,8.41,8.12,3.6,50112,48523,54270,57447,0.81,اشباع خرید | سهم صفی: 13 روز از ۲۰ روز در صف (ریسک نقدشوندگی و اجرای حد ضرر) | رشد عمودی (103٪ در ۶۰ روز، 55٪ بالای MA50) | 111٪ بالای MA200
ولصنم,لیزینگ‌صنعت‌ومعدن‌,سایر واسطه گریهای مالی,57.3,زیر نظر,100,45,36,37,3200,20260927,-0.3,11.7,25.9,-14.6,2.7,16.8,19.8,60.6,0,0,false,42.8,3.8,above,-8.3,0.42,3050,3256,-3.03,-46.18,1.74,0.2,8.71,305,10.49,9.94,5.6,3078,2989,3256,3490,0.27,خروج مستمر پول حقیقی | نقدشوندگی کمتر از ۱۰ میلیارد تومان
کی بی سی,شرکت کی بی سی,مواد و محصولات دارویی,57.1,زیر نظر,100,65,22.5,34,11720,20260927,0.3,20,105.3,64.7,3.6,29.2,141.2,65.6,10,1,false,61.3,3.15,above,-10.7,1.18,11000,13120,-56.77,-41.45,1.99,-41.55,32.23,1043,11.24,8.86,26.8,11350,10815,13120,13859,1.55,خروج مستمر پول حقیقی | سهم صفی: 10 روز از ۲۰ روز در صف (ریسک نقدشوندگی و اجرای حد ضرر) | رشد عمودی (105٪ در ۶۰ روز، 29٪ بالای MA50) | 141٪ بالای MA200 | حد ضرر دور (7.7٪) | صف فروش در ۵ روز اخیر
زملارد,کشاورزی و دامپروری ملارد شیر,زراعت و خدمات وابسته,57,زیر نظر,85,53,36.5,47,1461,20260927,1.2,-6.2,34.2,-6.3,-0.3,10.2,54.3,54.7,4,0,false,31.4,3.92,above,-8.9,0.83,1388,1597,-9.19,-14.18,4.8,24.84,19.37,183,7.98,8.07,-1.1,1404,1359,1597,1712,1.34,54٪ بالای MA200
حتوکا,حمل‌ونقل‌توکا,حمل ونقل، انبارداری و ارتباطات,56.9,زیر نظر,100,45,9.6,62,2598,20260927,0.2,3.9,20.4,-20.1,1.8,17,35.4,58.9,1,0,false,43,4.01,above,-8.5,0.5,2283,2840,-5.9,-22.39,1.1,-1.9,12.38,320,8.12,19.33,-58,2494,2390,2840,3048,1.16,واگرایی منفی RSI | خروج مستمر پول حقیقی | واگرایی منفی | حد ضرر دور (8.0٪)
کزغال,زغال سنگ پروده طبس,استخراج زغال سنگ,56.9,زیر نظر,90,55,61.5,14,5600,20260927,-1.1,2.8,9.4,-31.2,-5,6.8,36,50.4,8,2,false,23.8,3.66,above,-14.9,0.56,5462,6580,-3.48,104.87,5.06,18.95,33.66,154,36.36,15.48,134.9,5462,5359,6580,6990,4.07,سهم صفی: 8 روز از ۲۰ روز در صف (ریسک نقدشوندگی و اجرای حد ضرر) | P/E بالا (36) | عرضه حقوقی به حقیقی (-104 میلیارد تومان در ۲۰ روز) | صف فروش در ۵ روز اخیر
بهپاک,صنعتی بهپاک,محصولات غذایی و آشامیدنی به جز قند و شکر,56.9,زیر نظر,65,20,43.5,90,15490,20260927,-2.6,-0.4,11.1,-29.4,-6.6,0.8,69.9,44.4,2,0,false,19.8,3.88,above,-15.6,0.77,14925,15700,8.22,8.63,0.67,-29.27,32.54,3539,4.38,7.05,-37.9,14925,14624,15700,16300,0.24,عرضه حقوقی به حقیقی (-8 میلیارد تومان در ۲۰ روز) | 70٪ بالای MA200 | سرانه خرید ضعیف (0.67)
تملت,تامین سرمایه بانک ملت,فعالیتهای کمکی به نهادهای مالی واسط,56.9,زیر نظر,100,55,35.5,68,2146,20260927,-0.5,1.7,28.9,-11.6,0.4,13.4,49.1,64,0,0,false,42.7,3.1,above,-3.7,0.77,2005,2183,-3.88,-12.1,2.25,1.24,2.04,517,4.15,5.92,-29.9,2079,1980,2183,2316,0.22,نقدشوندگی پایین | خروج مستمر پول حقیقی | حد ضرر دور (7.8٪) | نقدشوندگی کمتر از ۱۰ میلیارد تومان | شناوری کم (4٪)
حپارسا,توسعه حمل و نقل ریلی پارسیان,حمل ونقل، انبارداری و ارتباطات,56.8,زیر نظر,80,65,42,37,20940,20260927,-0.9,7.3,44.4,3.9,0.5,9.9,103.8,54.6,2,0,false,30.7,3.92,above,-9.7,0.57,20245,21200,1.24,-14.88,1.38,-0.66,6.69,2511,8.34,7.68,8.6,20245,19835,21200,23200,0.24,خروج مستمر پول حقیقی | 104٪ بالای MA200 | نقدشوندگی کمتر از ۱۰ میلیارد تومان
شستان,پتروشیمی شهید رئیسی گلستان,محصولات شیمیایی,56.8,زیر نظر,100,55,63,20,1848,20260926,3.4,4.3,29.4,-11.1,0.1,13.5,25.6,58.4,0,0,false,28.1,3.92,above,-8.2,0.79,1739,1924,0.87,1.46,1.02,0.17,3.57,7,264,,,1776,1703,1924,2003,0.52,واگرایی منفی RSI | P/E بالا (264) | عرضه حقوقی به حقیقی (-1 میلیارد تومان در ۲۰ روز) | واگرایی منفی | حد ضرر دور (7.9٪) | نقدشوندگی کمتر از ۱۰ میلیارد تومان | آخرین معامله 20260926 (متوقف یا کم‌معامله)
ستران,سیمان‌ تهران‌,سیمان، آهک و گچ,56.8,زیر نظر,70,55,42,57,13740,20260927,0,5.3,21.1,-19.4,-4.1,8.5,47.6,51.5,4,0,false,31.2,3.96,above,-14.5,0.95,13141,16070,2.01,31.37,0.7,-40.91,36.7,1902,7.22,7.14,1.2,13196,12869,16070,17158,2.67,سرانه خرید ضعیف (0.70)
وتعاون,بیمه تعاون,بیمه وصندوق بازنشستگی به جزتامین اجتماعی,56.6,زیر نظر,100,58,90,10,2884,20260927,15.8,33.1,38.8,-1.7,23.6,33.8,46.3,84.1,5,0,true,39.9,2.71,above,0,0.58,2561,,5.69,7.67,27.53,6.53,2.06,,,18.13,,2806,2728,3119,3275,1.5,نقدشوندگی پایین | اشباع خرید | فاصله زیاد از MA20 | بدون EPS مثبت | رشد عمودی (39٪ در ۶۰ روز، 34٪ بالای MA50) | عرضه حقوقی به حقیقی (-4 میلیارد تومان در ۲۰ روز) | نقدشوندگی کمتر از ۱۰ میلیارد تومان
سباقر,سیمان باقران,سیمان، آهک و گچ,56.5,زیر نظر,100,75,22.1,24,382700,20260927,4.4,17.3,102.9,62.4,5.4,31.9,168.8,68.5,6,0,false,63.1,3.31,above,-6.4,0.97,344000,409000,-23.28,5.03,0.98,-135.26,102.17,44486,8.6,6.69,28.6,370027,357354,409000,434346,1.04,سهم صفی: 6 روز از ۲۰ روز در صف (ریسک نقدشوندگی و اجرای حد ضرر) | رشد عمودی (103٪ در ۶۰ روز، 32٪ بالای MA50) | 169٪ بالای MA200
سشمال,سیمان‌ شمال‌,سیمان، آهک و گچ,56.5,زیر نظر,100,55,38,24,18660,20260927,6.1,15.5,21.8,-18.7,4.5,16.2,54.7,67,0,0,false,26.2,3.57,above,-2.8,0.21,18100,19200,-0.18,1.37,1.06,0.91,10.63,2297,8.12,7.14,13.8,18100,17767,19200,20531,0.6,عرضه حقوقی به حقیقی (-1 میلیارد تومان در ۲۰ روز) | 55٪ بالای MA200
رپویا,پویا,رایانه و فعالیت‌های وابسته به آن,56.2,زیر نظر,85,53,46.5,34,53420,20260927,0.3,-12,31.1,-9.5,-2,8.9,38.2,52.4,3,0,false,30.2,3.67,above,-13.7,1.5,52268,57433,-5.43,-41.91,11.41,13.56,7.42,5242,10.19,8.89,14.6,52268,51288,57433,61888,1.88,خروج مستمر پول حقیقی | نقدشوندگی کمتر از ۱۰ میلیارد تومان
سپیدار,سپیدار سیستم آسیا,رایانه و فعالیت‌های وابسته به آن,56.1,زیر نظر,100,55,51.5,9,10080,20260927,6.4,9.3,21.3,-19.2,4.9,14.2,45.6,61.1,1,0,false,32.6,3.28,above,-5,0.45,9397,10610,-1.57,0.08,4,10.31,7.4,830,12.14,8.89,36.6,9749,9253,10610,11272,0.64,عرضه حقوقی به حقیقی (-1 میلیارد تومان در ۲۰ روز) | حد ضرر دور (8.2٪) | نقدشوندگی کمتر از ۱۰ میلیارد تومان
بگیلان,توسعه مسیر برق گیلان,عرضه برق، گاز، بخاروآب گرم,56,زیر نظر,80,35,63,37,26140,20260927,-0.5,-2.8,29.9,-10.6,0,7.6,45.6,52.7,0,0,false,19.3,3.84,above,-7.9,0.57,23785,27800,0.65,-8.01,9.03,12.46,7.53,2382,10.97,10.04,9.3,25135,23629,27800,28390,0.66,واگرایی منفی RSI | خروج مستمر پول حقیقی | واگرایی منفی | حد ضرر دور (9.6٪) | نقدشوندگی کمتر از ۱۰ میلیارد تومان
خاذین,سایپاآذین‌,خودرو و ساخت قطعات,56,زیر نظر,100,53,51.5,10,3072,20260927,2.4,8.9,33.7,-6.8,1.9,21.3,44.2,62.5,1,0,false,44.8,3.63,above,-7.7,0.59,2954,3330,-0.28,3.54,3.01,2.36,6.29,,,,,2961,2898,3330,3553,1.49,واگرایی منفی RSI | بدون EPS مثبت | عرضه حقوقی به حقیقی (-3 میلیارد تومان در ۲۰ روز) | واگرایی منفی | نقدشوندگی کمتر از ۱۰ میلیارد تومان
ولنوین,لیزینگ اقتصاد نوین,سایر واسطه گریهای مالی,56,زیر نظر,90,53,36.5,37,2904,20260927,-3.9,5.1,37.1,-3.4,-2.1,13.4,42.9,54.2,0,0,false,39.9,4.06,above,-9.6,0.5,2829,2962,-3.21,-0.21,3.77,6.67,6.78,294,9.88,9.94,-0.6,2829,2770,2962,3075,0.44,نقدشوندگی کمتر از ۱۰ میلیارد تومان | شناوری کم (14٪)
خمحور,تولیدمحورخودرو,خودرو و ساخت قطعات,56,زیر نظر,88,45,40.2,42,5380,20260927,-2.2,2.3,0.7,-39.8,0.6,10.9,38.5,55.6,3,0,false,15.8,3.42,above,-9.1,0.4,5070,5540,-0.27,0.65,1.09,0.14,5.5,785,6.85,,,5196,4978,5540,5920,0.4,عرضه حقوقی به حقیقی (-1 میلیارد تومان در ۲۰ روز) | حد ضرر دور (7.5٪) | نقدشوندگی کمتر از ۱۰ میلیارد تومان | شناوری کم (9٪)
غکورش,صنعت غذایی کورش,محصولات غذایی و آشامیدنی به جز قند و شکر,56,زیر نظر,100,75,6.8,37,26710,20260927,6.5,13.4,75.2,34.7,6.4,23.1,155.3,67.5,4,0,false,46.3,3.65,above,-4.2,0.56,24340,27890,-70.39,-551.78,1.03,-74.83,118.76,2993,8.92,8.53,4.6,25735,24271,27890,29841,0.48,واگرایی منفی RSI | خروج مستمر پول حقیقی | 155٪ بالای MA200 | واگرایی منفی | حد ضرر دور (9.1٪) | شناوری کم (14٪)
غانیزان,فرآورده های دامی ولبنی دالاهو,محصولات غذایی و آشامیدنی به جز قند و شکر,55.9,زیر نظر,70,45,87.5,16,8850,20260927,-1.6,10.9,13.2,-27.3,-0.4,13.9,45.7,56.5,6,0,false,26.6,3.99,above,-9.3,0.74,8740,9760,4.43,11.43,3.08,13.59,11.11,797,11.1,8.53,30.2,8740,8563,9760,10466,3.18,سهم صفی: 6 روز از ۲۰ روز در صف (ریسک نقدشوندگی و اجرای حد ضرر) | عرضه حقوقی به حقیقی (-7 میلیارد تومان در ۲۰ روز)
فروس,فروسیلیس‌ ایران‌,فلزات اساسی,55.9,زیر نظر,90,53,1,72,4020,20260927,-12,23.7,31.1,-9.4,-2,15.6,57.6,53.3,15,3,false,49.9,3.25,above,-16.6,0.98,3335,4820,-15.19,-6.56,0.38,-20.36,7.8,440,9.14,13.48,-32.2,3889,3759,4820,5081,3.06,سهم صفی: 15 روز از ۲۰ روز در صف (ریسک نقدشوندگی و اجرای حد ضرر) | 58٪ بالای MA200 | سرانه خرید ضعیف (0.38) | نقدشوندگی کمتر از ۱۰ میلیارد تومان | صف فروش در ۵ روز اخیر
غصینو,صنعتی مینو,محصولات غذایی و آشامیدنی به جز قند و شکر,55.6,زیر نظر,65,30,86.5,34,5730,20260927,-0.5,-2.6,16.5,-24.1,-2,0.7,61.1,48.6,3,0,false,21.3,4.3,above,-10.7,0.78,5585,6065,29.78,35.32,2.25,19.08,27.74,698,8.21,7.05,16.4,5585,5462,6065,6200,1.25,عرضه حقوقی به حقیقی (-35 میلیارد تومان در ۲۰ روز) | 61٪ بالای MA200
فروسیل,فروسیلیسیم خمین,فلزات اساسی,55.6,زیر نظر,90,65,28.5,34,14600,20260927,-1.3,19.1,67.8,27.2,-0.2,19.8,65,58.7,10,1,false,54.1,3.44,above,-11.3,0.61,11520,16460,-8.96,6.1,1.28,-5.18,10.41,1620,9.01,8.05,12,14098,13596,16460,17464,1.85,سهم صفی: 10 روز از ۲۰ روز در صف (ریسک نقدشوندگی و اجرای حد ضرر) | عرضه حقوقی به حقیقی (-4 میلیارد تومان در ۲۰ روز) | 65٪ بالای MA200 | صف فروش در ۵ روز اخیر
خگستر,گسترش‌سرمایه‌گذاری‌ایران‌خودرو,خودرو و ساخت قطعات,55.5,زیر نظر,90,20,68,30,3840,20260927,-5.2,-7,16.5,-24.1,-6.4,7.1,29.3,46.6,2,0,false,33.7,3.93,above,-14.5,1.1,3612,4076,7.02,77.14,1.24,4,193.82,88,43.64,,,3689,3537,4076,4170,0.78,واگرایی منفی RSI | P/E بالا (44) | عرضه حقوقی به حقیقی (-40 میلیارد تومان در ۲۰ روز) | واگرایی منفی | حد ضرر دور (7.9٪)
وتوسم,سرمایه‌گذاری‌توسعه‌ملی‌,سرمایه گذاریها,55.4,زیر نظر,100,65,2.5,47,4430,20260927,-2.2,24.5,71.3,30.8,3.1,30.8,84.2,67.7,4,0,false,63.3,3.24,above,-6.5,0.2,4145,4740,-1.31,-97.44,0.61,-5.66,20.99,591,7.5,7.13,5.1,4286,4073,4740,5027,0.87,واگرایی منفی RSI | خروج مستمر پول حقیقی | رشد عمودی (71٪ در ۶۰ روز، 31٪ بالای MA50) | 84٪ بالای MA200 | سرانه خرید ضعیف (0.61) | واگرایی منفی | حد ضرر دور (8.1٪) | شناوری کم (12٪)
نوین,بیمه نوین,بیمه وصندوق بازنشستگی به جزتامین اجتماعی,55.4,زیر نظر,100,60,49.4,4,11300,20260927,7.2,43.8,197.1,156.5,16.3,41.4,197.9,80.2,0,0,true,69.7,2.89,above,-4.4,0.91,8880,,4.65,8.61,1.08,-7.82,11.85,358,31.56,18.13,74.1,10974,10647,12279,12932,1.5,اشباع خرید | فاصله زیاد از MA20 | رشد عمودی (197٪ در ۶۰ روز، 41٪ بالای MA50) | P/E بالا (32) | عرضه حقوقی به حقیقی (-12 میلیارد تومان در ۲۰ روز) | 198٪ بالای MA200
ثغرب,شرکت سرمایه گذاری مسکن شمالغرب,انبوه سازی، املاک و مستغلات,55.3,زیر نظر,100,60,69.1,4,17870,20260923,2.8,57.4,285.4,244.9,16.7,60.9,210.6,81,15,1,true,86.2,2.48,above,-5.8,0.9,9480,,8.75,31.83,1.46,-2.79,9.49,415,43.06,23.59,82.5,17427,16984,19198,20084,1.5,اشباع خرید | فاصله زیاد از MA20 | سهم صفی: 15 روز از ۲۰ روز در صف (ریسک نقدشوندگی و اجرای حد ضرر) | رشد عمودی (285٪ در ۶۰ روز، 61٪ بالای MA50) | P/E بالا (43) | عرضه حقوقی به حقیقی (-32 میلیارد تومان در ۲۰ روز) | 211٪ بالای MA200 | نقدشوندگی کمتر از ۱۰ میلیارد تومان | صف فروش در ۵ روز اخیر | آخرین معامله 20260923 (متوقف یا کم‌معامله)
انتخاب,گروه انتخاب الکترونیک آرمان,ماشین آلات و تجهیزات,55.3,زیر نظر,100,75,4.1,37,2481,20260927,5.3,16.5,93.1,52.5,4.7,30.9,104.5,67.8,4,0,false,63.2,3.18,above,-5.8,0.66,2287,2635,-82.4,-77.96,0.94,-29.96,64.62,271,9.15,9.66,-5.2,2402,2283,2635,2793,0.78,خروج مستمر پول حقیقی | رشد عمودی (93٪ در ۶۰ روز، 31٪ بالای MA50) | 105٪ بالای MA200 | حد ضرر دور (8.0٪)
پیزد,مجتمع صنایع لاستیک یزد,لاستیک و پلاستیک,55.3,زیر نظر,100,50,1,60,11990,20260927,-4.8,44.6,214.4,173.9,10.4,52.5,163.7,77.3,11,0,false,80.6,2.92,above,-5,1.28,5138,12620,-165.73,-186.99,0.66,-144.98,58.58,1599,7.5,9.84,-23.8,11640,11289,12620,13321,0.9,خروج مستمر پول حقیقی | سهم صفی: 11 روز از ۲۰ روز در صف (ریسک نقدشوندگی و اجرای حد ضرر) | رشد عمودی (214٪ در ۶۰ روز، 53٪ بالای MA50) | 164٪ بالای MA200 | سرانه خرید ضعیف (0.66)
سدبیر,س. تدبیرگران فارس وخوزستان,سرمایه گذاریها,55.2,زیر نظر,85,43,2.5,82,38550,20260927,-5.2,-2.1,31.3,-9.2,-1.5,9,12,52.7,0,0,false,34.7,4.01,above,-21.9,0.58,37422,40263,-5.5,-3.86,0.54,-12.65,10.32,7407,5.2,8.73,-40.4,37422,36649,40263,41768,0.9,واگرایی منفی RSI | سرانه خرید ضعیف (0.54) | واگرایی منفی
سهگمت,سیمان‌هگمتان‌,سیمان، آهک و گچ,55.2,زیر نظر,88,55,1,70,143100,20260927,5.2,3.3,-11.1,-51.6,1.3,5.7,21,55.6,0,0,false,13.1,3.13,above,-13.7,0.33,133651,152400,-9.83,-25.39,0.68,-8.96,17.78,27300,5.24,7.14,-26.6,138625,131912,152400,165789,0.83,خروج مستمر پول حقیقی | بدون روند (ADX پایین) | سرانه خرید ضعیف (0.68) | حد ضرر دور (7.8٪)
تنوین,تامین سرمایه نوین,فعالیتهای کمکی به نهادهای مالی واسط,55.1,زیر نظر,90,55,0.5,68,2740,20260927,-4.5,-5.3,73.6,33.1,-0.8,16.9,76.5,56.1,2,0,false,36.5,3.6,above,-8,0.53,2633,2964,-19.37,-89.71,0.52,-15.28,16.2,605,4.53,5.92,-23.5,2641,2584,2964,3161,1.43,واگرایی منفی RSI | خروج مستمر پول حقیقی | 77٪ بالای MA200 | سرانه خرید ضعیف (0.52) | واگرایی منفی
برکت,گروه دارویی برکت,مواد و محصولات دارویی,55.1,زیر نظر,95,65,50.3,4,5020,20260927,6.8,-0.2,44.9,4.4,1.9,19.5,72.8,61.3,4,0,false,38.9,3.36,above,-7,0.89,4500,5400,62.99,-58.63,1.13,4.83,82.04,47,106.81,12.91,727.3,4851,4683,5400,5737,1.13,واگرایی منفی RSI | P/E بالا (107) | 73٪ بالای MA200 | واگرایی منفی
شبندر,پالایش نفت بندرعباس,فراورده های نفتی، کک و سوخت هسته ای,55,زیر نظر,100,65,1,47,14680,20260927,-2.9,10.1,40.7,0.2,2,17,95.5,59.2,2,0,false,44.5,3.91,above,-10,0.9,13760,16310,-612.93,-1387.27,0.54,-860.48,565.52,2555,5.75,6.26,-8.2,14106,13473,16310,17458,1.35,خروج مستمر پول حقیقی | 95٪ بالای MA200 | سرانه خرید ضعیف (0.54) | حد ضرر دور (8.2٪)
شسینا,صنایع‌شیمیایی‌سینا,محصولات شیمیایی,54.8,خنثی,90,45,5.1,70,4050,20260927,-7.1,4.1,23.9,-16.7,-2.5,11.5,48,51.9,1,0,false,41.6,3.43,above,-14.7,0.98,3700,4750,-6.29,-6.34,0.95,-8.33,6.39,523,7.74,9.63,-19.6,3911,3703,4750,5028,2.02,152٪ بالای کف ۵۲ هفته | حد ضرر دور (8.6٪) | نقدشوندگی کمتر از ۱۰ میلیارد تومان
وحافظ,بیمه حافظ,بیمه وصندوق بازنشستگی به جزتامین اجتماعی,54.8,خنثی,54,70,46.3,52,2343,20260927,-0.9,4.1,-7.2,-47.8,1,1.3,-9.1,51.7,0,0,true,13.6,4.11,inside,-33.2,0.56,2243,2446,0.31,4.38,0.93,-2.49,8.04,199,11.77,,,2247,2195,2446,2512,0.69,بدون روند (ADX پایین) | عرضه حقوقی به حقیقی (-4 میلیارد تومان در ۲۰ روز) | نقدشوندگی کمتر از ۱۰ میلیارد تومان
نوری,پتروشیمی نوری,محصولات شیمیایی,54.6,خنثی,100,63,39.2,9,48950,20260927,1,33.5,36.3,-4.2,13.8,35.8,69.4,75.1,6,1,true,55.4,3.15,above,-5.4,1.63,38485,,-694.41,761.79,0.85,-1612.58,451.43,3744,13.07,9.63,35.8,47410,45871,53569,56648,1.5,واگرایی منفی RSI | سهم صفی: 6 روز از ۲۰ روز در صف (ریسک نقدشوندگی و اجرای حد ضرر) | رشد عمودی (36٪ در ۶۰ روز، 36٪ بالای MA50) | عرضه حقوقی به حقیقی (-1481 میلیارد تومان در ۲۰ روز) | 69٪ بالای MA200 | واگرایی منفی | شناوری کم (9٪) | صف فروش در ۵ روز اخیر
ونوین,بانک‌اقتصادنوین‌,بانکها و موسسات اعتباری,54.6,خنثی,100,63,1,47,3960,20260927,2.1,8.2,39.2,-1.3,3.8,14.7,86.9,62,1,0,false,38.3,3.81,above,-5.7,0.62,3870,4200,-109.21,-277.51,0.72,-145.04,231.1,711,5.57,5.4,3.1,3870,3794,4200,4502,1.45,واگرایی منفی RSI | خروج مستمر پول حقیقی | 87٪ بالای MA200 | سرانه خرید ضعیف (0.72) | واگرایی منفی
نان,صنایع غذایی رضوی,محصولات غذایی و آشامیدنی به جز قند و شکر,54.5,خنثی,70,20,61,57,6110,20260927,-5,-7.7,0.5,-40,-6.1,0.2,41.6,43.7,0,0,false,22.7,3.72,above,-14.3,0.9,5765,6216,13.38,-41.61,1.74,23.19,24.85,929,6.58,7.05,-6.7,5883,5651,6216,6360,0.23,خروج مستمر پول حقیقی | حد ضرر دور (7.5٪)
بنیرو,نیروترانس‌,ماشین آلات و دستگاه‌های برقی,54.5,خنثی,88,53,2,68,3800,20260927,1.3,-6.4,32.8,-7.8,0.3,4.3,46.6,53.7,1,0,false,11.1,3.39,above,-6.4,0.54,3637,3905,-5.48,-39.76,0.75,-8.35,12.91,830,4.58,6.15,-25.6,3671,3572,3905,3970,0.46,واگرایی منفی RSI | خروج مستمر پول حقیقی | بدون روند (ADX پایین) | 151٪ بالای کف ۵۲ هفته | سرانه خرید ضعیف (0.75) | واگرایی منفی
شصفها,پتروشیمی‌ اصفهان‌,محصولات شیمیایی,54.4,خنثی,90,15,87.5,70,3110,20260916,1.3,11.1,14.9,-25.6,3.9,13.6,3.1,94.7,20,0,false,77.9,0.93,above,-26.1,0.15,2919,3565,0.01,0.42,37.25,0.01,0.24,1217,2.56,,,3081,3052,3565,3687,7.84,نقدشوندگی پایین | اشباع خرید | سهم صفی: 20 روز از ۲۰ روز در صف (ریسک نقدشوندگی و اجرای حد ضرر) | عرضه حقوقی به حقیقی (0 میلیارد تومان در ۲۰ روز) | نقدشوندگی کمتر از ۱۰ میلیارد تومان | آخرین معامله 20260916 (متوقف یا کم‌معامله)
سفانو,سیمان فارس نو,سیمان، آهک و گچ,54.3,خنثی,65,20,53,70,53510,20260927,-2,-1.7,23.7,-16.9,-5.8,0.1,48.3,44.7,1,0,false,23.7,3.99,above,-17,0.91,52475,56415,4.63,41.56,0.49,-12.83,10.22,8458,6.33,7.14,-11.4,52475,51407,56415,64480,1.38,عرضه حقوقی به حقیقی (-36 میلیارد تومان در ۲۰ روز) | سرانه خرید ضعیف (0.49)
قجام,فرآوردههای غذایی وقندتربت‌جام‌,قند و شکر,54.3,خنثی,100,75,35,42,14500,20260927,2.6,2.9,45.7,5.2,3,14.1,57.1,59,2,0,false,26.9,3.67,above,-6.6,0.61,14110,14890,0,-0.31,2.03,2.58,2.51,2650,5.47,,,14110,13844,14890,15520,0.59,نقدشوندگی پایین | 57٪ بالای MA200 | نقدشوندگی کمتر از ۱۰ میلیارد تومان
غگلستا,شیر پاستوریزه پگاه گلستان,محصولات غذایی و آشامیدنی به جز قند و شکر,54.2,خنثی,90,53,40.5,26,15640,20260927,-6.7,8.5,38.2,-2.4,-4.8,12.1,58.3,50.5,6,0,false,40.2,4.01,above,-15.9,0.65,14280,18590,0.76,8.98,0.76,-8.75,12.54,1656,9.44,7.05,34,15013,14074,18590,19843,1.88,سهم صفی: 6 روز از ۲۰ روز در صف (ریسک نقدشوندگی و اجرای حد ضرر) | عرضه حقوقی به حقیقی (-6 میلیارد تومان در ۲۰ روز) | 58٪ بالای MA200 | سرانه خرید ضعیف (0.76) | حد ضرر دور (10.0٪)
سمتاز,سیمان ممتازان کرمان,سیمان، آهک و گچ,54.1,خنثی,100,45,26.5,34,64150,20260927,0.6,13.3,20.9,-19.6,2.9,11.6,74.2,58.4,3,0,false,39.3,3.59,above,-8.4,0.77,59740,66410,-2,7.96,0.66,-4.64,3.11,8478,7.57,6.69,13.1,61849,58590,66410,70000,0.41,عرضه حقوقی به حقیقی (-10 میلیارد تومان در ۲۰ روز) | 74٪ بالای MA200 | سرانه خرید ضعیف (0.66) | حد ضرر دور (8.7٪) | نقدشوندگی کمتر از ۱۰ میلیارد تومان
لپیام,گسترش صنایع پیام,ساخت دستگاه‌ها و وسایل ارتباطی,54.1,خنثی,100,50,26.2,30,116400,20260927,-5.2,41.8,136.6,96.1,7.9,49.4,112.1,73.8,8,0,false,81.9,3.44,above,-10.5,1.05,67838,130000,-15.13,-44.66,1.23,4.47,10.3,123,946.34,,,112394,108388,130000,138012,1.7,خروج مستمر پول حقیقی | سهم صفی: 8 روز از ۲۰ روز در صف (ریسک نقدشوندگی و اجرای حد ضرر) | رشد عمودی (137٪ در ۶۰ روز، 49٪ بالای MA50) | P/E بالا (946) | 112٪ بالای MA200
شفارا,پتروشیمی فارابی,محصولات شیمیایی,54.1,خنثی,90,65,21.2,35,1640,20260927,-2.7,12.2,67.7,27.2,-1.3,15,36.9,56.3,3,0,false,44.1,4.03,above,-10.8,0.52,1507,1659,-1,2.1,0.99,-4.71,13.27,126,13.02,,,1574,1475,1659,1806,0.11,واگرایی منفی RSI | عرضه حقوقی به حقیقی (-3 میلیارد تومان در ۲۰ روز) | واگرایی منفی | حد ضرر دور (10.1٪)
فسوژ,سوژمیران,فلزات اساسی,54,خنثی,100,50,32,24,24630,20260927,2.5,33.4,169,128.4,7.3,46.4,211.1,77,10,0,false,80,3.33,above,-5,1.51,10167,25920,-78.59,-122.78,1.7,-305.44,102.36,2590,9.51,8.05,18.1,23811,22991,25920,27559,0.79,خروج مستمر پول حقیقی | سهم صفی: 10 روز از ۲۰ روز در صف (ریسک نقدشوندگی و اجرای حد ضرر) | رشد عمودی (169٪ در ۶۰ روز، 46٪ بالای MA50) | 211٪ بالای MA200
حآسا,آسیا سیر ارس,حمل ونقل، انبارداری و ارتباطات,53.9,خنثی,90,63,43.2,14,4460,20260927,-1.3,4.2,35.2,-5.4,-3.7,7.6,31.9,51.5,3,0,false,29,3.86,above,-11.2,0.89,4270,5020,2.54,0.34,0.89,-2.11,5.58,152,29.34,7.68,282.1,4288,4184,5020,5364,2.03,نقدشوندگی کمتر از ۱۰ میلیارد تومان
کرومیت,توسعه معادن کرومیت کاوندگان,استخراج کانه های فلزی,53.8,خنثی,100,65,29.1,14,5350,20260927,-6.8,26.2,40.6,0.1,4,22.9,32.8,61.8,9,0,false,54,3.44,above,-10.1,1.28,5029,5950,-1.87,38.98,0.89,-6.91,23.79,198,27.02,14.44,87.1,5166,4937,5950,6318,1.45,سهم صفی: 9 روز از ۲۰ روز در صف (ریسک نقدشوندگی و اجرای حد ضرر) | عرضه حقوقی به حقیقی (-41 میلیارد تومان در ۲۰ روز) | حد ضرر دور (7.7٪)
غبهار,کشت وصنعت بهاران گلبهار خراسان,محصولات غذایی و آشامیدنی به جز قند و شکر,53.7,خنثی,90,65,2.8,52,4580,20260927,-5,6.3,123.6,83.1,-1.5,18.5,61.8,56.1,6,1,false,56.5,3.74,above,-14.4,0.99,4520,5350,-0.62,-0.09,0.91,-0.09,10.09,798,5.74,,,4520,4434,5350,5693,5.29,واگرایی منفی RSI | سهم صفی: 6 روز از ۲۰ روز در صف (ریسک نقدشوندگی و اجرای حد ضرر) | رشد عمودی (124٪ در ۶۰ روز، 19٪ بالای MA50) | 62٪ بالای MA200 | واگرایی منفی | صف فروش در ۵ روز اخیر
وامید,گروه مدیریت سرمایه گذاری امید,شرکتهای چند رشته ای صنعتی,53.6,خنثی,100,55,0.5,50,5910,20260927,4.2,3.5,-1.1,-41.6,3.1,10.4,26.3,60.5,0,0,false,28.6,2.98,above,-9.1,0.35,5788,6105,-18.33,-199.48,0.7,-16.07,56.63,638,9.26,10.88,-14.9,5788,5700,6105,6498,0.93,خروج مستمر پول حقیقی | سرانه خرید ضعیف (0.70) | شناوری کم (6٪)
گکوثر,هتل پارسیان کوثر اصفهان,هتل و رستوران,53.6,خنثی,100,70,34.3,4,5970,20260927,14.8,60.1,67.2,26.7,25,59,112,93.4,4,0,true,77,2.47,above,-0.2,1.95,4660,,-7.9,7.08,1.01,-0.85,12.77,257,23.23,4.69,395.3,5822,5675,6413,6708,1.5,اشباع خرید | فاصله زیاد از MA20 | رشد عمودی (67٪ در ۶۰ روز، 59٪ بالای MA50) | عرضه حقوقی به حقیقی (-17 میلیارد تومان در ۲۰ روز) | 112٪ بالای MA200
فاراک,ماشین‌ سازی‌ اراک‌,ساخت محصولات فلزی,53.5,خنثی,90,40,17,57,2896,20260927,-7.2,-1.8,88.7,48.1,-4.7,13,91.1,49.2,2,0,false,47.2,4.13,above,-13.6,0.69,2724,3090,-7.42,48.35,0.54,-78.99,67.52,423,6.85,7.54,-9.2,2777,2664,3090,3280,0.84,واگرایی منفی RSI | عرضه حقوقی به حقیقی (-53 میلیارد تومان در ۲۰ روز) | 91٪ بالای MA200 | سرانه خرید ضعیف (0.54) | واگرایی منفی | حد ضرر دور (8.0٪)
دتولید,داروسازی تولید دارو,مواد و محصولات دارویی,53.5,خنثی,100,60,37,9,7960,20260927,9.2,26.3,147,106.4,7.7,40.2,147.4,72.9,10,0,false,70,2.85,above,-4.4,0.53,7080,8330,-1.91,-79.19,8.98,26.72,39.68,475,16.76,8.86,89.1,7733,7507,8330,8783,0.82,خروج مستمر پول حقیقی | سهم صفی: 10 روز از ۲۰ روز در صف (ریسک نقدشوندگی و اجرای حد ضرر) | رشد عمودی (147٪ در ۶۰ روز، 40٪ بالای MA50) | 147٪ بالای MA200
وطوبی,سرمایه گذاری اقتصاد شهر طوبی,سرمایه گذاریها,53.5,خنثی,100,70,68.8,9,6120,20260927,8.1,31,57.7,17.2,15.5,33.3,118,95.8,0,0,true,58.7,2.2,above,-0.2,1.21,4570,,3.1,-3.83,1.47,1.97,1.07,459,13.33,8.73,52.7,5986,5851,6523,6792,1.5,نقدشوندگی پایین | اشباع خرید | فاصله زیاد از MA20 | خروج مستمر پول حقیقی | رشد عمودی (58٪ در ۶۰ روز، 33٪ بالای MA50) | 118٪ بالای MA200 | نقدشوندگی کمتر از ۱۰ میلیارد تومان
گکیش,توریستی ورفاهی آبادگران کیش,هتل و رستوران,53.4,خنثی,100,55,89.5,20,9590,20260926,-6,-0.1,45.5,5,2.1,8,30.2,55.2,2,0,false,33.8,4.41,above,-8.5,0.91,9029,9870,3.78,7.93,2.36,4.38,1.72,60,159.83,,,9167,8817,9870,10280,0.36,نقدشوندگی پایین | P/E بالا (160) | عرضه حقوقی به حقیقی (-5 میلیارد تومان در ۲۰ روز) | حد ضرر دور (8.1٪) | نقدشوندگی کمتر از ۱۰ میلیارد تومان | آخرین معامله 20260926 (متوقف یا کم‌معامله)
فافق,صنایع مس افق کرمان,فلزات اساسی,53.3,خنثی,90,65,1,52,14360,20260927,-5.7,16.4,68.2,27.6,-0.7,12.7,79.5,55,5,0,false,44.7,3.67,above,-13.2,0.8,13860,16540,-3.87,-10.98,0.56,-12.37,9.23,2178,6.59,,,13860,13596,16540,17594,2.85,واگرایی منفی RSI | خروج مستمر پول حقیقی | 80٪ بالای MA200 | سرانه خرید ضعیف (0.56) | واگرایی منفی | نقدشوندگی کمتر از ۱۰ میلیارد تومان
ومعلم,بیمه معلم,بیمه وصندوق بازنشستگی به جزتامین اجتماعی,53.1,خنثی,100,55,78.6,10,3350,20260927,2.4,8.1,20.3,-20.2,2.1,13.1,18.7,58.7,2,0,false,25.2,3.72,above,-7.2,1.14,3270,3531,4.92,3.47,1.28,4.05,2.81,,,18.13,,3270,3207,3531,3610,1.27,نقدشوندگی پایین | بدون EPS مثبت | نقدشوندگی کمتر از ۱۰ میلیارد تومان
کازرو,پتروشیمی کازرون,محصولات شیمیایی,53.1,خنثی,100,70,86.5,10,13450,20260926,15.6,45.7,95.2,54.7,21.8,44.8,75,97.7,20,0,true,79.4,2.33,above,-9.4,0.17,9730,13940,0,23.31,3.07,1.15,1.76,,,,,13136,12822,13940,14850,0.78,نقدشوندگی پایین | اشباع خرید | فاصله زیاد از MA20 | بدون EPS مثبت | سهم صفی: 20 روز از ۲۰ روز در صف (ریسک نقدشوندگی و اجرای حد ضرر) | رشد عمودی (95٪ در ۶۰ روز، 45٪ بالای MA50) | عرضه حقوقی به حقیقی (-23 میلیارد تومان در ۲۰ روز) | 75٪ بالای MA200 | نقدشوندگی کمتر از ۱۰ میلیارد تومان | آخرین معامله 20260926 (متوقف یا کم‌معامله)
حگردش,ریل گردش ایرانیان,حمل ونقل، انبارداری و ارتباطات,53.1,خنثی,53,45,72.9,40,2282,20260927,0.7,-2.3,-2.9,-43.4,0,7.5,-2.7,53.1,1,0,false,18.5,3.89,above,-32.4,0.57,2194,2346,0.9,6.94,1.08,0.48,5.15,68,33.56,,,2194,2150,2346,2414,0.49,واگرایی منفی RSI | P/E بالا (34) | عرضه حقوقی به حقیقی (-6 میلیارد تومان در ۲۰ روز) | واگرایی منفی | نقدشوندگی کمتر از ۱۰ میلیارد تومان
گوهران,سرمایه گذاری توسعه گوهران امید,سرمایه گذاریها,53,خنثی,100,60,47.1,37,6580,20260927,4.8,7,66.2,25.6,5.5,13.1,66.9,75,0,0,false,35.9,2.89,above,-2.7,0.75,6180,6760,0.66,-14.91,1,0.52,2.02,725,9.08,8.73,4,6390,6105,6760,7140,0.38,نقدشوندگی پایین | واگرایی منفی RSI | خروج مستمر پول حقیقی | 67٪ بالای MA200 | واگرایی منفی | حد ضرر دور (7.2٪) | نقدشوندگی کمتر از ۱۰ میلیارد تومان
خعمرا,توسعه و عمران شهرستان نائین,خودرو و ساخت قطعات,53,خنثی,100,73,48.5,25,7110,20260927,5.4,20.1,35.1,-5.4,10.9,30.1,40.5,76.3,6,1,true,39.9,3.34,above,-5.6,1.41,6321,,0,0.06,1.12,0.87,1.26,458,15.52,,,6872,6635,7823,8298,1.5,نقدشوندگی پایین | سهم صفی: 6 روز از ۲۰ روز در صف (ریسک نقدشوندگی و اجرای حد ضرر) | رشد عمودی (35٪ در ۶۰ روز، 30٪ بالای MA50) | عرضه حقوقی به حقیقی (0 میلیارد تومان در ۲۰ روز) | نقدشوندگی کمتر از ۱۰ میلیارد تومان | صف فروش در ۵ روز اخیر
شیران,س. صنایع‌شیمیایی‌ایران,محصولات شیمیایی,52.8,خنثی,65,53,30.8,60,11110,20260927,8.1,-7,32.6,-7.9,0,3,50.1,52.4,1,0,false,20,3.54,above,-10.8,0.91,10930,11380,-6.76,-17.26,1.33,5,41.8,1359,8.18,9.63,-15.1,10930,10734,11380,11640,0.72,50٪ بالای MA200 | شناوری کم (14٪)
کولان,کولان سل,محصولات کاغذی,52.8,خنثی,85,45,36,37,30140,20260927,-2.2,6.3,8.1,-32.4,1.2,6,,54.9,2,0,false,22.7,3.35,,-8,0.66,29290,32750,-8.63,-8.29,5.17,24.74,13.96,3233,9.32,10.19,-8.5,29290,28785,32750,34768,1.93,
پدرخش,درخشان‌ تهران‌,لاستیک و پلاستیک,52.6,خنثی,90,45,40.5,26,6180,20260927,-9.3,15.9,10.6,-29.9,-2.6,11.9,53.6,51.3,7,1,false,36.2,3.88,above,-16.4,1.2,5729,7390,5.65,5.7,0.56,-19.39,10.14,534,11.57,8.21,41,5940,5610,7390,7869,2.12,سهم صفی: 7 روز از ۲۰ روز در صف (ریسک نقدشوندگی و اجرای حد ضرر) | 54٪ بالای MA200 | سرانه خرید ضعیف (0.56) | حد ضرر دور (9.2٪) | صف فروش در ۵ روز اخیر
وبرق,س.کارکنان صنعت برق زنجان وقزوی,سرمایه گذاریها,52.6,خنثی,90,65,15.5,35,61640,20260927,-10.4,6.1,96.6,56.1,-3.5,25.2,82.2,54.8,6,2,false,69.8,3.5,above,-16.7,0.88,56590,74000,0,4.87,0.65,-8.12,15.3,4946,12.46,,,59482,56246,74000,78315,2.29,واگرایی منفی RSI | سهم صفی: 6 روز از ۲۰ روز در صف (ریسک نقدشوندگی و اجرای حد ضرر) | عرضه حقوقی به حقیقی (-5 میلیارد تومان در ۲۰ روز) | 82٪ بالای MA200 | سرانه خرید ضعیف (0.65) | واگرایی منفی | حد ضرر دور (8.8٪) | صف فروش در ۵ روز اخیر
شبریز,پالایش نفت تبریز,فراورده های نفتی، کک و سوخت هسته ای,52.6,خنثی,90,53,3,57,54760,20260927,-8.7,8.1,38.2,-2.3,-3.8,13.3,77.9,51.4,1,0,false,47.7,3.96,above,-15.9,0.76,49020,65100,-87.29,-298,0.63,-208.39,170.04,9661,5.67,6.26,-9.5,52589,49333,65100,69442,1.91,خروج مستمر پول حقیقی | 78٪ بالای MA200 | سرانه خرید ضعیف (0.63) | حد ضرر دور (9.9٪)
نیروترانسفو,کارخانجات تولیدی نیروترانسفو,ماشین آلات و دستگاه‌های برقی,52.5,خنثی,90,50,36,26,25050,20260927,-9.7,1,56.7,16.1,-3.7,5.2,,46.6,8,1,false,36,3.63,above,-16.9,1.03,22850,27510,-52.3,-39.84,2.08,16.72,34.86,2731,9.17,5.95,54.2,24140,22774,27510,30140,1.08,واگرایی منفی RSI | خروج مستمر پول حقیقی | سهم صفی: 8 روز از ۲۰ روز در صف (ریسک نقدشوندگی و اجرای حد ضرر) | 211٪ بالای کف ۵۲ هفته | واگرایی منفی | حد ضرر دور (9.1٪) | صف فروش در ۵ روز اخیر
بیوتیک,آنتی بیوتیک سازی ایران,مواد و محصولات دارویی,52.5,خنثی,85,65,42,14,32240,20260927,-4.4,1.5,120.8,80.3,-5.9,19,94.3,52.4,6,1,false,57.7,3.69,above,-16.6,1.05,16181,35970,11.27,9.51,0.75,-22.7,25,1448,22.27,8.86,151.3,31049,29859,35970,38640,1.57,سهم صفی: 6 روز از ۲۰ روز در صف (ریسک نقدشوندگی و اجرای حد ضرر) | رشد عمودی (121٪ در ۶۰ روز، 19٪ بالای MA50) | 94٪ بالای MA200 | سرانه خرید ضعیف (0.75) | حد ضرر دور (7.4٪) | صف فروش در ۵ روز اخیر
بکاب,صنایع‌جوشکاب‌یزد,ماشین آلات و دستگاه‌های برقی,52.5,خنثی,90,30,52,26,12020,20260927,-12.6,5.1,27.7,-12.8,-4.9,9.6,35.6,46.8,4,1,false,38.7,3.88,above,-18.9,1.36,11737,12740,1.41,15.11,0.7,-15,8.22,1077,11.16,6.15,81.5,11737,11504,12740,13050,1.39,عرضه حقوقی به حقیقی (-15 میلیارد تومان در ۲۰ روز) | سرانه خرید ضعیف (0.70) | نقدشوندگی کمتر از ۱۰ میلیارد تومان | صف فروش در ۵ روز اخیر
لکما,کارخانجات‌مخابراتی‌ایران‌,ساخت دستگاه‌ها و وسایل ارتباطی,52.5,خنثی,90,40,60,10,1369,20260927,5.3,21.5,21.9,-18.6,10.1,22.5,19.3,88.2,6,0,true,43.4,2.44,above,-15.2,0.89,1291,1455,-2.72,4.52,2.6,4.99,4.26,,,,,1336,1285,1455,1500,1.03,اشباع خرید | بدون EPS مثبت | سهم صفی: 6 روز از ۲۰ روز در صف (ریسک نقدشوندگی و اجرای حد ضرر) | عرضه حقوقی به حقیقی (-7 میلیارد تومان در ۲۰ روز) | نقدشوندگی کمتر از ۱۰ میلیارد تومان
بانیان,نیان باتری خاوران,ماشین آلات و دستگاه‌های برقی,52.5,خنثی,95,53,37.5,16,18320,20260927,1.1,-4.4,31.5,-9.1,3.8,14.3,,61.9,1,0,false,29.4,3.43,above,-7.3,0.77,18040,18600,-5.49,-48.52,4.7,30.08,15.11,1652,11.09,5.95,86.4,18040,17726,18600,19303,0.47,خروج مستمر پول حقیقی
شهر,گروه مالی شهر,سرمایه گذاریها,52.4,خنثی,100,38,35.3,24,2355,20260927,1.6,10.8,33.8,-6.7,5.4,19.2,40.4,70.9,0,0,false,51.1,3.84,above,-3,0.75,2249,2428,-14.78,-33.8,1.59,1.33,4.81,291,8.09,7.13,13.5,2264,2204,2428,2609,0.48,خروج مستمر پول حقیقی | نقدشوندگی کمتر از ۱۰ میلیارد تومان | شناوری کم (7٪)
حسینا,توسعه خدمات دریایی وبندری سینا,حمل ونقل، انبارداری و ارتباطات,52.4,خنثی,100,55,21.5,24,19120,20260927,4.4,22,24,-16.5,5.9,16.5,43.6,64.5,4,0,false,36.8,3.68,above,-5.6,0.8,18698,20260,-16.44,-51.61,2.88,-15.13,31.23,2130,8.98,7.68,16.9,18698,18346,20260,21668,1.47,خروج مستمر پول حقیقی
ثجوان,تامین مسکن جوانان,انبوه سازی، املاک و مستغلات,52.4,خنثی,100,73,46,25,2399,20260927,5.5,11.6,38.8,-1.7,10.9,24.4,51.4,70.4,3,0,true,40.1,3.46,above,-3.1,1.27,2239,,-0.19,-4.12,1.75,7.36,2.66,167,14.37,,,2316,2198,2648,2814,1.24,نقدشوندگی پایین | خروج مستمر پول حقیقی | 51٪ بالای MA200 | حد ضرر دور (8.4٪) | نقدشوندگی کمتر از ۱۰ میلیارد تومان
خاور,ایران خودرو دیزل,خودرو و ساخت قطعات,52.3,خنثی,65,30,88,19,1502,20260927,-1.8,-8.9,6.9,-33.7,-5.5,4,24.2,46.9,1,0,false,26.5,4.13,above,-15.4,0.68,1477,1567,50.09,107.93,1.79,20.91,74.56,91,16.51,5.87,181.2,1477,1446,1567,1722,1.16,عرضه حقوقی به حقیقی (-56 میلیارد تومان در ۲۰ روز)
معیار,سرمایه گذاری معیار صنعت پارس,سرمایه گذاریها,52.2,خنثی,100,85,30.8,30,2789,20260927,8.6,10.1,48.7,8.1,8.7,19,34.1,70.1,1,0,true,31.3,3.41,above,-12.2,1.15,2710,2886,-0.25,-1.66,1.41,3.44,2.38,80,34.86,,,2710,2662,2886,3176,0.77,نقدشوندگی پایین | P/E بالا (35) | نقدشوندگی کمتر از ۱۰ میلیارد تومان
فملی,ملی‌ صنایع‌ مس‌ ایران‌,فلزات اساسی,52.1,خنثی,100,65,27.5,9,25090,20260927,-1.7,22.2,60.8,20.3,1.8,26.1,120.2,62.9,7,0,false,55.4,3.5,above,-10,1.11,24160,27870,-367.55,2345.12,0.45,-2985.24,1311.68,1411,17.78,13.48,31.9,24212,23721,27870,29626,2.03,سهم صفی: 7 روز از ۲۰ روز در صف (ریسک نقدشوندگی و اجرای حد ضرر) | عرضه حقوقی به حقیقی (-2257 میلیارد تومان در ۲۰ روز) | 120٪ بالای MA200 | سرانه خرید ضعیف (0.45)
شپنا,پالایش نفت اصفهان,فراورده های نفتی، کک و سوخت هسته ای,52.1,خنثی,90,50,16.5,44,12700,20260927,-2.8,1.1,54.2,13.7,-4.6,7.2,89.7,49.9,1,0,false,33.2,3.82,above,-13.4,0.84,11930,14670,-525.36,101.51,0.7,-998.35,1048.28,1816,6.99,6.26,11.7,12215,11688,14670,15640,1.95,عرضه حقوقی به حقیقی (-178 میلیارد تومان در ۲۰ روز) | 90٪ بالای MA200 | سرانه خرید ضعیف (0.70) | حد ضرر دور (8.0٪)
سدور,سیمان‌ دورود,سیمان، آهک و گچ,52.1,خنثی,100,65,26.5,10,33190,20260927,-7.3,27.4,73.6,33.1,1.9,30.9,86.8,62.2,8,1,false,62.8,3.59,above,-10.8,0.91,25890,37220,-8.04,33.79,0.39,-38.2,14.71,,,7.14,,31998,30806,37220,39604,1.69,بدون EPS مثبت | سهم صفی: 8 روز از ۲۰ روز در صف (ریسک نقدشوندگی و اجرای حد ضرر) | رشد عمودی (74٪ در ۶۰ روز، 31٪ بالای MA50) | عرضه حقوقی به حقیقی (-38 میلیارد تومان در ۲۰ روز) | 87٪ بالای MA200 | سرانه خرید ضعیف (0.39) | حد ضرر دور (7.2٪) | صف فروش در ۵ روز اخیر
خبهمن,گروه‌بهمن‌,خودرو و ساخت قطعات,52.1,خنثی,90,40,8.3,60,2535,20260927,-4.4,-9.5,43,2.4,-4.7,7,48.4,48.5,2,0,false,33.7,3.9,above,-11.6,0.91,2261,2808,-56.96,-82.28,1.05,-168.95,132.22,560,4.53,,,2436,2288,2808,2869,1.11,واگرایی منفی RSI | واگرایی منفی | حد ضرر دور (9.7٪)
ثتران,سرمایه گذاری مسکن تهران,انبوه سازی، املاک و مستغلات,52,خنثی,90,65,38.2,10,7910,20260927,1.4,-4,56,15.5,-3.2,11.6,47.3,53.1,0,0,false,44.4,4,above,-9.3,0.65,7490,8130,-0.52,3.35,1.07,0.04,8.78,,,23.59,,7593,7332,8130,8480,0.38,بدون EPS مثبت | عرضه حقوقی به حقیقی (-5 میلیارد تومان در ۲۰ روز) | حد ضرر دور (7.3٪) | نقدشوندگی کمتر از ۱۰ میلیارد تومان
غناب,روغن‌ نباتی‌ ناب,محصولات غذایی و آشامیدنی به جز قند و شکر,52,خنثی,100,53,25.7,20,1191,20260927,3.5,-4.7,36.6,-3.9,2.6,16.1,42.8,59.8,2,0,false,23.4,3.74,above,-5,0.74,1098,1253,-2.01,-9.85,1.15,3.09,7.25,41,29.05,,,1146,1079,1253,1342,0.55,واگرایی منفی RSI | خروج مستمر پول حقیقی | واگرایی منفی | حد ضرر دور (9.4٪) | نقدشوندگی کمتر از ۱۰ میلیارد تومان
پارسان,گسترش نفت و گاز پارسیان,محصولات شیمیایی,52,خنثی,90,45,17,47,33960,20260927,-4.4,7.3,15,-25.6,-1.8,13.8,42,54.4,0,0,false,35,3.69,above,-10.3,0.6,31720,37860,-31.44,27.36,0.53,-94.87,153.5,3483,9.75,9.63,1.2,32707,31094,37860,40365,1.36,عرضه حقوقی به حقیقی (-48 میلیارد تومان در ۲۰ روز) | سرانه خرید ضعیف (0.53) | حد ضرر دور (8.4٪)
چدن,تولیدی چدن سازان,ساخت محصولات فلزی,52,خنثی,100,50,1,47,4320,20260927,0.2,29.3,95.5,54.9,8.8,33.2,127.9,73,4,0,false,61.5,3.22,above,-4.6,0.68,3172,4530,-46.4,-206.67,0.79,-21.03,39.18,544,7.94,7.54,5.3,4181,4042,4530,4808,0.76,خروج مستمر پول حقیقی | رشد عمودی (95٪ در ۶۰ روز، 33٪ بالای MA50) | 128٪ بالای MA200 | سرانه خرید ضعیف (0.79)
سغدیر,توسعه سرمایه و صنعت غدیر,سیمان، آهک و گچ,52,خنثی,90,55,29.8,26,22860,20260927,1,1.8,27.1,-13.4,-1.8,10.6,50.9,54,3,0,false,36,3.8,above,-14.4,0.75,21325,23570,13.42,-44.02,0.91,-0.8,15.96,2624,8.71,6.69,30.2,21991,20891,23570,26720,0.36,خروج مستمر پول حقیقی | 51٪ بالای MA200 | حد ضرر دور (8.6٪)
هرمز,فولاد هرمزگان جنوب,فلزات اساسی,51.9,خنثی,100,65,1.5,34,4290,20260927,-5.1,28.1,48.9,8.4,2.4,17.7,96.8,59.6,10,0,false,48.6,3.38,above,-10.4,0.51,3700,,-12.01,-121.09,0.78,-33.36,55.21,435,9.86,8.05,22.5,4145,4000,4725,5015,1.5,واگرایی منفی RSI | خروج مستمر پول حقیقی | سهم صفی: 10 روز از ۲۰ روز در صف (ریسک نقدشوندگی و اجرای حد ضرر) | 97٪ بالای MA200 | سرانه خرید ضعیف (0.78) | واگرایی منفی
ثشرق,سرمایه گذاری مسکن شمال شرق,انبوه سازی، املاک و مستغلات,51.9,خنثی,35,80,77.5,24,5100,20260927,15.4,8.1,-33.7,-74.2,16.3,-0.7,-54,61.2,9,0,true,33.5,3.21,below,-70.4,0.18,3853,5613,0.73,0.61,5.24,6.63,9.8,238,21.43,6.61,224.2,4937,4773,5613,6306,1.57,فاصله زیاد از MA20 | سهم صفی: 9 روز از ۲۰ روز در صف (ریسک نقدشوندگی و اجرای حد ضرر) | نقدشوندگی کمتر از ۱۰ میلیارد تومان
فرود,فولاد شاهرود,فلزات اساسی,51.8,خنثی,90,65,13.1,34,8610,20260927,-5,12,67.8,27.3,-2.2,22.6,101.8,56.6,7,1,false,58,3.66,above,-14.3,0.91,6200,10050,-10.24,-10.06,1.26,-7.28,13.66,910,9.46,8.05,17.5,8295,7980,10050,10680,2.29,سهم صفی: 7 روز از ۲۰ روز در صف (ریسک نقدشوندگی و اجرای حد ضرر) | 102٪ بالای MA200 | حد ضرر دور (7.3٪) | صف فروش در ۵ روز اخیر
بساما,بیمه سامان,بیمه وصندوق بازنشستگی به جزتامین اجتماعی,51.7,خنثی,100,60,28.9,10,15330,20260927,5.7,26.1,47.5,7,14.4,31.1,47.8,80.4,0,0,true,53.4,3.51,above,-4.1,0.76,12900,,-1.17,-12.34,1.28,0.74,4.53,,,18.13,,14791,14252,16946,18024,1.5,اشباع خرید | خروج مستمر پول حقیقی | بدون EPS مثبت | رشد عمودی (48٪ در ۶۰ روز، 31٪ بالای MA50) | حد ضرر دور (7.0٪) | نقدشوندگی کمتر از ۱۰ میلیارد تومان
سنیر,سیمان‌ سفید نی‌ریز,سیمان، آهک و گچ,51.7,خنثی,65,45,35.8,57,6900,20260927,2.7,-3.1,9.7,-30.8,-0.7,1.9,54.8,50.3,1,0,false,18.3,4,above,-11.3,0.59,6430,7380,0.26,-14.95,1.17,-4.97,9.4,963,7.17,7.14,0.4,6624,6292,7380,7550,0.79,واگرایی منفی RSI | خروج مستمر پول حقیقی | 55٪ بالای MA200 | واگرایی منفی | حد ضرر دور (8.8٪) | نقدشوندگی کمتر از ۱۰ میلیارد تومان
ما,بیمه  ما,بیمه وصندوق بازنشستگی به جزتامین اجتماعی,51.6,خنثی,100,65,0.5,34,3820,20260927,0,3.8,44.9,4.3,0.7,16.4,54.7,57.8,4,0,false,46.9,3.65,above,-7.5,0.39,3760,4130,-6.62,-14.87,0.47,-6.32,4.97,755,5.06,4.59,10.2,3760,3690,4130,4409,2.39,واگرایی منفی RSI | خروج مستمر پول حقیقی | 55٪ بالای MA200 | سرانه خرید ضعیف (0.47) | واگرایی منفی | نقدشوندگی کمتر از ۱۰ میلیارد تومان
تکمبا,کمباین‌ سازی‌ ایران‌,ماشین آلات و تجهیزات,51.6,خنثی,90,45,36.5,26,8350,20260927,-6.4,2.2,19.3,-21.2,-2.3,10.1,34.6,50.1,5,0,false,42.2,3.8,above,-15.6,1.1,7840,8600,-3.33,1.03,1,0.98,5.21,809,10.32,5.15,100.4,8032,7681,8600,9890,0.37,عرضه حقوقی به حقیقی (-2 میلیارد تومان در ۲۰ روز) | حد ضرر دور (8.0٪) | نقدشوندگی کمتر از ۱۰ میلیارد تومان
شفا,سرمایه گذاری شفادارو,مواد و محصولات دارویی,51.5,خنثی,100,75,22,4,62610,20260927,8.6,11.4,170.1,129.6,3.7,30.5,186.7,67.1,9,0,false,60.2,3.11,above,-6.5,0.71,61140,66970,-23.87,-118.33,2.73,-11.99,38.61,2066,30.3,12.91,134.7,61140,60165,66970,70869,1.78,خروج مستمر پول حقیقی | سهم صفی: 9 روز از ۲۰ روز در صف (ریسک نقدشوندگی و اجرای حد ضرر) | رشد عمودی (170٪ در ۶۰ روز، 30٪ بالای MA50) | P/E بالا (30) | 187٪ بالای MA200 | شناوری کم (9٪)
سفارود,کارخانه فارسیت درود,سایر محصولات کانی غیرفلزی,51.5,خنثی,100,70,60,10,13060,20260927,10.2,41.6,86,45.5,19.3,50,90.8,97.6,14,0,true,87.5,1.71,above,0,0.41,7360,,0,30.88,5.44,1.87,2.45,,,,,12837,12613,13730,14176,1.5,نقدشوندگی پایین | اشباع خرید | فاصله زیاد از MA20 | بدون EPS مثبت | سهم صفی: 14 روز از ۲۰ روز در صف (ریسک نقدشوندگی و اجرای حد ضرر) | رشد عمودی (86٪ در ۶۰ روز، 50٪ بالای MA50) | عرضه حقوقی به حقیقی (-31 میلیارد تومان در ۲۰ روز) | 91٪ بالای MA200 | نقدشوندگی کمتر از ۱۰ میلیارد تومان
حریل,ریل پردازسیر,حمل ونقل، انبارداری و ارتباطات,51.4,خنثی,90,45,27.5,34,2867,20260927,-7.5,3.8,28.9,-11.6,-4,12.7,33.6,50.5,4,0,false,44,3.39,above,-15.9,0.78,2739,3410,-0.75,7.05,0.86,-2.49,4.59,303,9.46,7.68,23.2,2770,2690,3410,3604,3.08,عرضه حقوقی به حقیقی (-8 میلیارد تومان در ۲۰ روز) | نقدشوندگی کمتر از ۱۰ میلیارد تومان
غبشهر,صنعتی‌ بهشهر,محصولات غذایی و آشامیدنی به جز قند و شکر,51.4,خنثی,100,60,0.5,37,18680,20260927,11.5,25.5,267.6,227,6.9,41.9,229,75.5,8,0,false,77.8,3.18,above,-4.4,0.78,16520,19540,-12.52,-65.64,0.57,-115.81,77.29,2019,9.25,8.53,8.5,18085,17490,19540,20730,0.72,سهم صفی: 8 روز از ۲۰ روز در صف (ریسک نقدشوندگی و اجرای حد ضرر) | رشد عمودی (268٪ در ۶۰ روز، 42٪ بالای MA50) | 229٪ بالای MA200 | سرانه خرید ضعیف (0.57)
وساخت,سرمایه‌ گذاری‌ ساختمان‌ایران‌,انبوه سازی، املاک و مستغلات,51.4,خنثی,90,65,26.5,19,2014,20260927,-6.3,5.8,42.7,2.2,-1,11.9,57.5,53.6,6,0,false,30,3.67,above,-13.3,0.65,1993,2324,-9.56,35.73,0.72,-16.33,24.65,144,13.99,6.61,111.6,1993,1956,2324,2472,5.35,سهم صفی: 6 روز از ۲۰ روز در صف (ریسک نقدشوندگی و اجرای حد ضرر) | عرضه حقوقی به حقیقی (-42 میلیارد تومان در ۲۰ روز) | 58٪ بالای MA200 | سرانه خرید ضعیف (0.72)
تاپیکو,س. نفت و گاز و پتروشیمی تأمین,محصولات شیمیایی,51.3,خنثی,100,60,28,9,47800,20260927,5.9,34.9,106.3,65.8,16.7,43.1,118.6,81.3,5,0,true,53.4,3.28,above,-0.2,0.91,38039,,157.96,-334.85,0.61,-437.29,332.58,3439,13.9,9.63,44.3,46233,44665,52502,55637,1.5,واگرایی منفی RSI | اشباع خرید | فاصله زیاد از MA20 | خروج مستمر پول حقیقی | رشد عمودی (106٪ در ۶۰ روز، 43٪ بالای MA50) | 119٪ بالای MA200 | سرانه خرید ضعیف (0.61) | واگرایی منفی | شناوری کم (11٪)
شپترو,پتروشیمی آبادان,محصولات شیمیایی,51.2,خنثی,100,90,2.9,10,2770,20260927,-6.2,44.6,92.2,51.7,9.1,34.6,94.8,69.5,12,1,true,65.9,3.08,above,-8.9,1.9,1920,3040,-7.81,-0.63,0.85,-13.49,13.53,,,,,2685,2599,3040,3211,1.58,بدون EPS مثبت | سهم صفی: 12 روز از ۲۰ روز در صف (ریسک نقدشوندگی و اجرای حد ضرر) | رشد عمودی (92٪ در ۶۰ روز، 35٪ بالای MA50) | 95٪ بالای MA200 | صف فروش در ۵ روز اخیر
وگستر,گسترش سرمایه گذاری ایرانیان,سرمایه گذاریها,51.2,خنثی,100,85,6.8,10,11190,20260927,10.9,30.3,104.9,64.4,15,27.8,73,77.7,2,0,true,54.3,3.43,above,0,0.75,10870,,-15.79,-19.78,0.99,-2.04,12.6,,,8.73,,10870,10678,12340,13107,2.25,خروج مستمر پول حقیقی | بدون EPS مثبت | رشد عمودی (105٪ در ۶۰ روز، 28٪ بالای MA50) | 73٪ بالای MA200
چافست,افست‌,انتشار، چاپ و تکثیر,51.1,خنثی,85,55,1.5,57,22020,20260927,-1,-1.9,55.3,14.8,-1.4,8.9,67.6,51.6,3,0,false,38.2,4.01,above,-12.6,0.48,20780,24060,-10.37,-40.96,0.72,-8.34,8.95,4380,5.03,5.01,0.3,21138,20339,24060,25200,1.21,خروج مستمر پول حقیقی | 68٪ بالای MA200 | سرانه خرید ضعیف (0.72) | حد ضرر دور (7.6٪) | نقدشوندگی کمتر از ۱۰ میلیارد تومان
فنفت,صنایع تجهیزات نفت,فلزات اساسی,51.1,خنثی,85,53,26,34,4840,20260927,0.8,-11,33.5,-7,-3,6.4,37.4,50.1,1,0,false,27.8,3.63,above,-11.4,0.73,4590,5310,0.35,-10.87,0.7,-9.03,7.45,529,9.15,8.05,13.7,4664,4502,5310,5460,1.39,خروج مستمر پول حقیقی | سرانه خرید ضعیف (0.70) | نقدشوندگی کمتر از ۱۰ میلیارد تومان
آبادا,تولید نیروی برق آبادان,عرضه برق، گاز، بخاروآب گرم,50.9,خنثی,100,53,37,4,11340,20260927,1.9,-3.1,32,-8.5,1.7,11.6,42.1,58.4,0,0,false,23.8,3.62,above,-4.2,0.61,11010,11675,-4.75,-9.38,5.55,6.05,4.22,272,41.69,7.09,488,11010,10805,11675,12497,0.63,خروج مستمر پول حقیقی | P/E بالا (42) | نقدشوندگی کمتر از ۱۰ میلیارد تومان | شناوری کم (10٪)
غمایه,شرکت خمیرمایه رضوی,محصولات غذایی و آشامیدنی به جز قند و شکر,50.7,خنثی,100,65,6.8,24,24180,20260927,-0.3,6.1,41,0.5,1.9,14.7,87.2,57.9,1,0,false,35.4,3.62,above,-9,0.43,22900,26570,-3.18,-22.43,0.99,-2.65,9.6,2821,8.57,7.05,21.6,23305,22463,26570,28319,1.39,خروج مستمر پول حقیقی | 87٪ بالای MA200 | حد ضرر دور (7.1٪) | نقدشوندگی کمتر از ۱۰ میلیارد تومان
لابسا,آبسال‌,ماشین آلات و تجهیزات,50.7,خنثی,88,63,30.7,16,5450,20260927,-0.2,4.4,39,-1.6,3.1,12.3,39,58.7,1,0,false,18.1,3.57,above,-4.6,0.64,5170,5705,-0.34,-0.35,1.29,0.21,3.12,484,11.26,5.15,118.6,5256,5073,5705,6094,0.68,نقدشوندگی کمتر از ۱۰ میلیارد تومان
پکرمان,گروه‌ صنعتی‌ بارز,لاستیک و پلاستیک,50.6,خنثی,90,45,1.5,57,7250,20260927,-5.2,0.4,20.7,-19.8,-0.3,9.1,12,52.5,4,0,false,32.5,3.42,above,-18.3,0.91,7057,7431,-46.84,-48.29,0.62,-51.16,26.82,953,7.61,8.21,-7.3,7057,6933,7431,7878,0.57,واگرایی منفی RSI | خروج مستمر پول حقیقی | سرانه خرید ضعیف (0.62) | واگرایی منفی
خمحرکه,نیرو محرکه‌,خودرو و ساخت قطعات,50.6,خنثی,70,35,60.5,30,5980,20260927,-2.8,-4,16.8,-23.8,-2.2,11.1,38.4,52.8,2,0,false,35,3.91,above,-11.3,0.87,5700,6260,1,2.56,2.72,-3.42,13.97,130,46,,,5746,5583,6260,6380,0.71,واگرایی منفی RSI | P/E بالا (46) | واگرایی منفی
دفرا,فرآورده‌های‌ تزریقی‌ ایران‌,مواد و محصولات دارویی,50.6,خنثی,31,50,98.2,27,48260,20260927,3.7,-12.3,46.9,6.4,-2.3,-3.5,83.2,48.6,3,0,false,28.7,4.11,inside,-13.8,1.32,46720,50383,26.55,57.23,1.55,5.1,10.96,3353,14.39,12.91,11.5,46720,45727,50383,55770,0.84,عرضه حقوقی به حقیقی (-29 میلیارد تومان در ۲۰ روز) | 83٪ بالای MA200
بسویچ,پارس‌سویچ‌,ماشین آلات و دستگاه‌های برقی,50.5,خنثی,90,53,7.8,44,5090,20260927,0,9.9,34.1,-6.4,-1.7,18.9,53.3,59.8,2,0,false,47.8,4,above,-10.4,0.38,4041,5510,-0.35,-1.27,1.01,-0.71,3.22,676,7.53,6.15,22.4,4887,4683,5510,5680,1.03,53٪ بالای MA200 | حد ضرر دور (8.0٪) | نقدشوندگی کمتر از ۱۰ میلیارد تومان
قنیشا,قند  نیشابور,قند و شکر,50.5,خنثی,100,65,25.8,4,3410,20260927,3.6,12.1,41.8,1.3,3.6,19.1,45.4,61.9,0,0,false,53,3.4,above,-5.5,0.68,3325,3610,-0.74,-4.67,1.19,2,5.26,119,28.66,9.8,192.4,3325,3267,3610,3842,1.4,واگرایی منفی RSI | واگرایی منفی | نقدشوندگی کمتر از ۱۰ میلیارد تومان
کطبس,ذغال‌سنگ‌ نگین‌ ط‌بس‌,استخراج زغال سنگ,50.4,خنثی,100,50,4.5,37,19300,20260927,1.1,14.6,78.9,38.3,7.4,30.9,109.6,73.2,3,0,false,57.5,3.54,above,-3,0.42,17710,19900,-6.47,-38.92,0.94,-4.17,11.69,1904,10.14,9.67,4.8,18616,17590,19900,21268,0.35,واگرایی منفی RSI | خروج مستمر پول حقیقی | رشد عمودی (79٪ در ۶۰ روز، 31٪ بالای MA50) | 110٪ بالای MA200 | واگرایی منفی | حد ضرر دور (8.9٪)
همراه,شرکت ارتباطات سیار ایران,مخابرات,50.4,خنثی,85,65,0.5,47,9360,20260927,-0.5,-6.5,78.6,38.1,-3.9,14,83.8,52.2,0,0,false,37.3,3.66,above,-11.4,0.58,9070,10495,-31.08,-266.69,0.54,-35.68,46.33,1086,8.62,8.37,3,9070,8899,10495,11181,2.46,واگرایی منفی RSI | خروج مستمر پول حقیقی | 84٪ بالای MA200 | سرانه خرید ضعیف (0.54) | واگرایی منفی | شناوری کم (11٪)
اتکام,بیمه اتکایی امین,بیمه وصندوق بازنشستگی به جزتامین اجتماعی,50.4,خنثی,100,65,1.5,68,3025,20260927,1.8,0,48.7,8.2,1,11.6,37.8,58.7,0,0,false,39.5,3.31,above,-5.3,0.6,2839,3123,-0.98,-8.34,0.71,-1.05,1.6,925,3.27,4.59,-28.8,2925,2789,3123,3194,0.42,نقدشوندگی پایین | واگرایی منفی RSI | خروج مستمر پول حقیقی | سرانه خرید ضعیف (0.71) | واگرایی منفی | حد ضرر دور (7.8٪) | نقدشوندگی کمتر از ۱۰ میلیارد تومان | شناوری کم (14٪)
اتکاسا,بیمه اتکایی سامان,بیمه وصندوق بازنشستگی به جزتامین اجتماعی,50.4,خنثی,100,60,21.5,72,6780,20260926,5.3,42.7,85.3,44.8,15.1,40.9,,82.8,3,0,true,65.2,3.02,above,-2.9,1.13,6650,,-5.05,-13.63,3.28,-4.24,1.95,875,7.75,18.13,-57.3,6650,6548,7393,7802,2.64,نقدشوندگی پایین | اشباع خرید | فاصله زیاد از MA20 | خروج مستمر پول حقیقی | رشد عمودی (85٪ در ۶۰ روز، 41٪ بالای MA50) | 165٪ بالای کف ۵۲ هفته | نقدشوندگی کمتر از ۱۰ میلیارد تومان | آخرین معامله 20260926 (متوقف یا کم‌معامله)
سیستم,همکاران سیستم,رایانه و فعالیت‌های وابسته به آن,50.4,خنثی,70,28,42,53,52820,20260927,-2.9,-0.2,34.4,-6.2,-5.4,0.7,45.9,45.6,0,0,false,25.5,4.03,above,-14.5,1.13,52230,53500,2.09,5.44,0.63,-6.76,6.27,3654,14.46,18.19,-20.5,52230,51166,53500,61750,0.41,سرانه خرید ضعیف (0.63) | نقدشوندگی کمتر از ۱۰ میلیارد تومان | واگرایی مثبت RSI
اخابر,مخابرات ایران,مخابرات,50.3,خنثی,90,55,2,47,996,20260927,-7.3,-4.7,73.5,32.9,-3.5,13.1,75.8,51.3,4,1,false,41.7,3.81,above,-13.4,0.55,946,1069,-61.33,-110.82,0.52,-171.21,154.58,124,8.03,8.37,-4,958,927,1069,1150,1.06,واگرایی منفی RSI | 76٪ بالای MA200 | سرانه خرید ضعیف (0.52) | واگرایی منفی | صف فروش در ۵ روز اخیر
رتکو,کنترل ‌خوردگی ‌تکین ‌کوی,خدمات فنی و مهندسی,50.3,خنثی,100,70,45,20,22380,20260927,9.5,25.6,88.8,48.3,13.9,32.9,70.3,81.3,3,0,true,59.8,3.73,above,-3.8,2.04,19700,,0,0,4.15,5.54,1.49,641,34.91,,,21545,20710,24885,26555,1.5,نقدشوندگی پایین | واگرایی منفی RSI | اشباع خرید | رشد عمودی (89٪ در ۶۰ روز، 33٪ بالای MA50) | P/E بالا (35) | 70٪ بالای MA200 | واگرایی منفی | حد ضرر دور (7.5٪) | نقدشوندگی کمتر از ۱۰ میلیارد تومان
تکاردان,تامین سرمایه کاردان,فعالیتهای کمکی به نهادهای مالی واسط,50.1,خنثی,80,45,60.5,68,2662,20260922,-0.4,4.7,23.2,-17.3,0.6,10.5,55.5,61.2,0,0,false,26,3.51,above,-4.2,1.81,2574,2732,0.81,-5.29,10.92,2.67,1.36,632,4.21,5.92,-28.9,2574,2527,2732,2780,0.52,نقدشوندگی پایین | خروج مستمر پول حقیقی | 56٪ بالای MA200 | نقدشوندگی کمتر از ۱۰ میلیارد تومان | شناوری کم (5٪) | آخرین معامله 20260922 (متوقف یا کم‌معامله)
زپارس,ملی کشت و صنعت و دامپروری پارس,زراعت و خدمات وابسته,50.1,خنثی,100,53,22,16,40390,20260927,1.8,-2.9,38.4,-2.1,2.5,17.4,62.6,59.5,5,0,false,28.9,3.48,above,-6.6,0.91,37195,43190,-9.37,-19.33,2.42,-17.67,9.6,4640,8.7,6.33,37.5,38986,36881,43190,45997,0.8,واگرایی منفی RSI | خروج مستمر پول حقیقی | 63٪ بالای MA200 | واگرایی منفی | حد ضرر دور (8.7٪) | نقدشوندگی کمتر از ۱۰ میلیارد تومان | شناوری کم (13٪)
شوینده,مدیریت صنعت شوینده ت.ص.بهشهر,محصولات شیمیایی,50,خنثی,90,65,26,14,41440,20260927,-6,6,58.7,18.2,-1.1,5.1,54.6,50.3,6,1,false,33.5,3.44,above,-14.6,1.52,40410,44300,-12.9,14.93,0.65,-42.26,11.9,1772,23.39,9.63,142.8,40410,39698,44300,48510,1.64,سهم صفی: 6 روز از ۲۰ روز در صف (ریسک نقدشوندگی و اجرای حد ضرر) | عرضه حقوقی به حقیقی (-26 میلیارد تومان در ۲۰ روز) | 55٪ بالای MA200 | سرانه خرید ضعیف (0.65) | صف فروش در ۵ روز اخیر
تکنار,مجتمع معادن مس تکنار,استخراج کانه های فلزی,50,خنثی,100,60,82,10,148700,20260926,10.3,67.3,151.3,110.8,25.3,69.5,138.7,97.9,16,0,true,75.9,2.58,above,0,1.95,71227,,0.13,5.91,5.22,-0.56,1.77,,,,,144869,141038,160193,167855,1.5,نقدشوندگی پایین | اشباع خرید | فاصله زیاد از MA20 | بدون EPS مثبت | سهم صفی: 16 روز از ۲۰ روز در صف (ریسک نقدشوندگی و اجرای حد ضرر) | رشد عمودی (151٪ در ۶۰ روز، 69٪ بالای MA50) | عرضه حقوقی به حقیقی (-6 میلیارد تومان در ۲۰ روز) | 139٪ بالای MA200 | نقدشوندگی کمتر از ۱۰ میلیارد تومان | آخرین معامله 20260926 (متوقف یا کم‌معامله)
بجهرم,توسعه مولد نیروگاهی جهرم,عرضه برق، گاز، بخاروآب گرم,50,خنثی,85,50,10.8,47,3050,20260927,-2.6,-6.2,45.3,4.8,-4.4,5.6,50.8,47.8,2,0,false,35.4,3.7,above,-13.4,0.81,2980,3400,-28.96,-81.61,1.15,-10.16,33.92,334,9.13,10.04,-9,2980,2924,3400,3520,2.77,واگرایی منفی RSI | خروج مستمر پول حقیقی | 51٪ بالای MA200 | واگرایی منفی
بپویا,دانش محور پویا نیرو,ماشین آلات و دستگاه‌های برقی,50,خنثی,44,20,87,44,5780,20260927,-5.4,-0.7,-8.4,-48.9,-3.6,1.2,-2.5,45.6,2,1,false,19.2,3.78,inside,-20.4,0.56,5518,5895,1.27,19.79,1.65,8.8,12.56,752,7.69,6.15,25,5562,5409,5895,6074,0.31,عرضه حقوقی به حقیقی (-18 میلیارد تومان در ۲۰ روز) | شناوری کم (7٪) | صف فروش در ۵ روز اخیر
سصوفی,سیمان‌ صوفیان‌,سیمان، آهک و گچ,49.9,خنثی,65,30,27.5,70,165100,20260927,1.6,-4.7,-10.4,-50.9,-2.4,0.4,25.2,48.3,1,0,false,15.3,3.66,above,-13.6,0.55,161300,169200,-0.28,112.94,0.69,-39.87,58.21,30922,5.34,7.14,-25.2,161300,158277,169200,176400,0.6,واگرایی منفی RSI | عرضه حقوقی به حقیقی (-124 میلیارد تومان در ۲۰ روز) | سرانه خرید ضعیف (0.69) | واگرایی منفی
آواک,صنایع ارتباطی آوا,اطلاعات و ارتباطات,49.9,خنثی,90,30,27.5,60,2690,20260923,-13.2,9.8,19.6,-20.9,-5.5,9.1,13.1,47.1,4,2,false,49.9,4.11,above,-16.6,0.41,2600,2718,-1.53,37.54,0.78,-0.62,14.59,328,8.2,11.65,-29.6,2600,2545,2718,2767,0.19,عرضه حقوقی به حقیقی (-38 میلیارد تومان در ۲۰ روز) | سرانه خرید ضعیف (0.78) | صف فروش در ۵ روز اخیر | آخرین معامله 20260923 (متوقف یا کم‌معامله)
سقاین,سیمان‌ قائن‌,سیمان، آهک و گچ,49.8,خنثی,100,65,3.3,24,32710,20260927,1.3,24.8,106.4,65.8,4.7,27.6,142.6,65.4,5,0,false,51.4,3.25,above,-9.4,0.98,25695,36090,-16.13,-32.61,0.85,-23.15,18.49,3814,8.58,7.14,20.1,31648,30585,36090,38215,1.59,خروج مستمر پول حقیقی | رشد عمودی (106٪ در ۶۰ روز، 28٪ بالای MA50) | 143٪ بالای MA200 | شناوری کم (12٪)
سشرق,سیمان‌ شرق‌,سیمان، آهک و گچ,49.8,خنثی,90,55,3.1,44,24400,20260927,1.8,7.5,26.3,-14.2,-1.6,12.9,62.1,56.6,0,0,false,29.2,3.93,above,-11.1,0.57,22950,27450,-0.85,-0.16,0.82,-23.79,49.64,3056,7.98,7.14,11.8,23441,22470,27450,29368,1.58,62٪ بالای MA200 | حد ضرر دور (7.9٪)
کیانا,گروه مالی کیان,سرمایه گذاریها,49.8,خنثی,70,40,49,34,7280,20260927,-9.6,-10.8,65.7,25.2,-10.8,8.1,104.4,42.7,2,0,false,52,3.72,above,-21,0.64,5630,7710,-4.15,10.74,1.12,1.3,6.56,804,9.05,7.13,27,7009,6738,7710,8280,0.79,واگرایی منفی RSI | عرضه حقوقی به حقیقی (-13 میلیارد تومان در ۲۰ روز) | 104٪ بالای MA200 | واگرایی منفی | حد ضرر دور (7.4٪) | نقدشوندگی کمتر از ۱۰ میلیارد تومان | شناوری کم (9٪)
بپیوند,برق و انرژی پیوندگستر پارس,عرضه برق، گاز، بخاروآب گرم,49.8,خنثی,65,45,38,47,18050,20260927,1.6,-4.5,23.1,-17.4,-1,7.3,46.3,51.7,1,1,false,23.2,3.75,above,-10.6,0.66,17150,19560,-0.69,-0.36,11.4,7.11,3.12,1762,10.24,10.04,2,17374,16812,19560,20190,1.22,نقدشوندگی کمتر از ۱۰ میلیارد تومان | صف فروش در ۵ روز اخیر
غبهنوش,بهنوش‌ ایران‌,محصولات غذایی و آشامیدنی به جز قند و شکر,49.7,خنثی,63,70,53,14,81800,20260927,5.6,17,12.8,-27.7,9,2.3,16.1,59.5,1,0,true,19.7,3.41,below,-20.5,1.2,78310,84490,-5.08,8.28,1.7,13.76,18.84,1714,47.72,8.53,459.5,79010,76915,84490,86100,0.55,P/E بالا (48) | عرضه حقوقی به حقیقی (-19 میلیارد تومان در ۲۰ روز)
غالبر,لبنیات‌ کالبر,محصولات غذایی و آشامیدنی به جز قند و شکر,49.6,خنثی,75,55,54.2,10,31930,20260927,5,8.7,6,-34.5,5.2,13.5,-8.4,61,5,0,false,22,3.55,above,-38.7,0.74,31325,33080,1.57,3.37,1.31,-1.67,17.11,,,8.53,,31325,30759,33080,33890,0.98,بدون EPS مثبت
میهن,بیمه میهن,بیمه وصندوق بازنشستگی به جزتامین اجتماعی,49.5,خنثی,60,55,72,10,2501,20260927,0,4.7,14.1,-26.4,-3.6,9.3,8.7,52,7,0,false,28.9,3.9,above,-17.8,0.64,2442,2558,4.18,34.77,2.59,-13.71,21.47,,,18.13,,2442,2393,2558,2622,0.53,بدون EPS مثبت | سهم صفی: 7 روز از ۲۰ روز در صف (ریسک نقدشوندگی و اجرای حد ضرر) | عرضه حقوقی به حقیقی (-30 میلیارد تومان در ۲۰ روز)
غشوکو,شوکو پارس,محصولات غذایی و آشامیدنی به جز قند و شکر,49.5,خنثی,95,65,0,32,12320,20260927,-0.8,-5.4,65.8,25.3,2.4,5.1,94.3,56.5,2,0,false,24.1,3.8,above,-8.2,0.66,11490,12780,-5.89,-19.8,0.79,-4.79,6.95,1478,8.34,,,11852,11256,12780,13345,0.43,خروج مستمر پول حقیقی | 94٪ بالای MA200 | سرانه خرید ضعیف (0.79) | حد ضرر دور (8.6٪) | نقدشوندگی کمتر از ۱۰ میلیارد تومان
فروژ,صنایع فروآلیاژ ایران,فلزات اساسی,49.5,خنثی,100,70,38,4,2082,20260926,15.7,55.5,117.3,76.8,27.7,59.8,105.7,94.9,11,0,true,73.5,2.58,above,0,0.5,1426,,-8.38,-25.76,9.84,7.63,9.49,46,45.26,8.05,462.2,2028,1975,2243,2350,1.5,اشباع خرید | فاصله زیاد از MA20 | خروج مستمر پول حقیقی | سهم صفی: 11 روز از ۲۰ روز در صف (ریسک نقدشوندگی و اجرای حد ضرر) | رشد عمودی (117٪ در ۶۰ روز، 60٪ بالای MA50) | P/E بالا (45) | 106٪ بالای MA200 | نقدشوندگی کمتر از ۱۰ میلیارد تومان | آخرین معامله 20260926 (متوقف یا کم‌معامله)
امین,تامین سرمایه امین,فعالیتهای کمکی به نهادهای مالی واسط,49.5,خنثی,100,45,35,47,2737,20260927,-2.4,3.6,25.9,-14.6,0.6,10,30.7,58.3,0,0,false,32.6,3.19,above,-5.6,0.58,2563,2800,-2.03,-9.73,4.8,2.54,2.13,469,5.84,5.92,-1.4,2650,2519,2800,2898,0.29,نقدشوندگی پایین | واگرایی منفی RSI | خروج مستمر پول حقیقی | واگرایی منفی | حد ضرر دور (8.0٪) | نقدشوندگی کمتر از ۱۰ میلیارد تومان | شناوری کم (10٪)
دهدشت,صنایع پتروشیمی دهدشت,محصولات شیمیایی,49.5,خنثی,100,70,72,10,13160,20260923,9.7,26.8,71.8,31.3,14.9,32.4,50.7,94.9,20,0,true,66.3,2.51,above,-1,1.28,11250,,0.19,-0.78,3.19,1.25,0.29,,,,,12829,12499,14152,14813,1.5,نقدشوندگی پایین | اشباع خرید | خروج مستمر پول حقیقی | بدون EPS مثبت | سهم صفی: 20 روز از ۲۰ روز در صف (ریسک نقدشوندگی و اجرای حد ضرر) | رشد عمودی (72٪ در ۶۰ روز، 32٪ بالای MA50) | 51٪ بالای MA200 | نقدشوندگی کمتر از ۱۰ میلیارد تومان | آخرین معامله 20260923 (متوقف یا کم‌معامله)
های وب,داده گسترعصرنوین-های وب,اطلاعات و ارتباطات,49.3,خنثی,90,45,43.3,10,452,20260927,0,13.9,22.8,-17.7,-1.1,15.9,28.2,56.4,1,0,false,42.4,3.76,above,-27.2,0.76,432,499,2.49,3.93,0.83,-14.46,36.88,,,7.97,,435,424,499,545,1.65,بدون EPS مثبت | عرضه حقوقی به حقیقی (-4 میلیارد تومان در ۲۰ روز)
خچرخش,چرخشگر,خودرو و ساخت قطعات,49.2,خنثی,100,53,42.6,32,22080,20260927,-2,12.7,38.9,-1.6,1.3,13.1,37.6,61.6,0,0,false,44.4,3.45,above,-7.2,0.58,21362,23791,-0.66,1.23,1.26,1.17,1.91,2337,9.45,,,21362,20981,23791,25313,1.56,نقدشوندگی پایین | عرضه حقوقی به حقیقی (-1 میلیارد تومان در ۲۰ روز) | نقدشوندگی کمتر از ۱۰ میلیارد تومان
کماسه,تامین‌ ماسه‌ ریخته‌گری‌,استخراج سایر معادن,49.1,خنثی,90,65,1.5,35,5260,20260927,-10.2,20.1,105.7,65.2,0,32.9,88.3,61.1,7,1,false,72.1,3.57,above,-13.6,1.1,3952,6090,-69.54,-45.94,0.6,-61.57,42,209,25.17,26.17,-3.8,5072,4885,6090,6465,2.21,خروج مستمر پول حقیقی | سهم صفی: 7 روز از ۲۰ روز در صف (ریسک نقدشوندگی و اجرای حد ضرر) | رشد عمودی (106٪ در ۶۰ روز، 33٪ بالای MA50) | 88٪ بالای MA200 | سرانه خرید ضعیف (0.60) | حد ضرر دور (7.1٪) | صف فروش در ۵ روز اخیر
وآذر,سرمایه‌گذاری‌توسعه‌آذربایجان‌,انبوه سازی، املاک و مستغلات,49.1,خنثی,100,55,22.5,10,7230,20260927,3.9,7.4,26.6,-13.9,1.9,18.9,55.8,63.8,2,0,false,26,4.13,above,-5.5,0.74,6570,7650,-6.33,-17.73,1.1,3.16,11.69,,,6.61,,6932,6484,7650,8247,0.56,خروج مستمر پول حقیقی | بدون EPS مثبت | 56٪ بالای MA200 | حد ضرر دور (10.3٪)
فولای,صنایع فولاد آلیاژی یزد,فلزات اساسی,49.1,خنثی,90,53,37,9,4900,20260927,2.9,19.5,36.5,-4,5.8,29.5,28.6,69.5,0,0,false,67.2,3.39,above,-8.9,0.59,4699,5009,-4.59,-60.36,1.84,19.88,24.65,393,12.47,8.05,54.9,4734,4616,5009,5216,0.38,خروج مستمر پول حقیقی
لسرما,سرما آفرین‌,ماشین آلات و تجهیزات,48.9,خنثی,90,65,16.5,19,6560,20260927,-7.7,7.2,51.7,11.2,-1.9,12,40.4,51.6,6,3,false,45.1,3.65,above,-14.1,1.03,6429,6909,-4.16,1.29,0.45,-4.09,6.13,411,15.96,5.15,209.9,6429,6309,6909,7633,1.39,واگرایی منفی RSI | سهم صفی: 6 روز از ۲۰ روز در صف (ریسک نقدشوندگی و اجرای حد ضرر) | عرضه حقوقی به حقیقی (-3 میلیارد تومان در ۲۰ روز) | سرانه خرید ضعیف (0.45) | واگرایی منفی | نقدشوندگی کمتر از ۱۰ میلیارد تومان | صف فروش در ۵ روز اخیر
لطیف,محصولات کاغذی لطیف,محصولات کاغذی,48.8,خنثی,90,20,37,34,3690,20260927,-4.9,-5.6,13,-27.5,-3.3,7.4,35.5,49.1,4,0,false,31.4,3.65,above,-13,0.92,3530,3920,-15.05,-13.97,2.59,9.67,9.74,315,11.71,10.19,15,3555,3463,3920,4240,1.01,خروج مستمر پول حقیقی | نقدشوندگی کمتر از ۱۰ میلیارد تومان
پتایر,ایران‌ تایر,لاستیک و پلاستیک,48.5,خنثی,65,55,2,70,2694,20260927,-2.4,-8.5,49.9,9.4,-3.6,13.4,48,52.1,3,0,false,36.7,4.21,above,-10.6,0.86,2630,2954,-4.6,-5.52,0.61,-43.03,26.09,392,6.87,8.21,-16.3,2630,2573,2954,3015,2.15,واگرایی منفی RSI | سرانه خرید ضعیف (0.61) | واگرایی منفی
ثاصفا,شرکت‌ ساختمان‌ اصفهان‌,انبوه سازی، املاک و مستغلات,48.4,خنثی,90,55,61.5,20,19540,20260927,2.7,30.9,16.5,-24,11.2,33.3,18.4,75,13,1,true,40,3.18,above,-9.5,1.17,18927,19939,0,1,1.66,0.95,0.86,8,2442.5,,,18927,18616,19939,20287,0.43,نقدشوندگی پایین | سهم صفی: 13 روز از ۲۰ روز در صف (ریسک نقدشوندگی و اجرای حد ضرر) | رشد عمودی (17٪ در ۶۰ روز، 33٪ بالای MA50) | P/E بالا (2443) | عرضه حقوقی به حقیقی (-1 میلیارد تومان در ۲۰ روز) | نقدشوندگی کمتر از ۱۰ میلیارد تومان | صف فروش در ۵ روز اخیر
قمرو,قند مرودشت‌,قند و شکر,48.3,خنثی,65,20,17,82,9920,20260927,-2.8,-3.2,12.1,-28.4,-3.4,3.2,56.5,46.5,1,0,false,16,3.86,above,-12,1.17,9510,10180,-3.41,6.13,0.46,-22.55,8.05,1450,6.84,9.8,-30.2,9537,9318,10180,10510,0.43,عرضه حقوقی به حقیقی (-8 میلیارد تومان در ۲۰ روز) | 56٪ بالای MA200 | سرانه خرید ضعیف (0.46) | نقدشوندگی کمتر از ۱۰ میلیارد تومان
ومهان,گروه توسعه مالی مهرآیندگان,سرمایه گذاریها,48.2,خنثی,90,53,16.5,26,5510,20260927,-7.4,5.8,35.4,-5.1,-3.6,11.7,48.6,52.2,8,0,false,34.5,3.46,above,-13.1,0.49,4700,5913,-120.84,92.96,0.3,-178.66,114.86,532,10.36,7.13,45.3,5319,5129,5913,6340,1.06,واگرایی منفی RSI | سهم صفی: 8 روز از ۲۰ روز در صف (ریسک نقدشوندگی و اجرای حد ضرر) | عرضه حقوقی به حقیقی (-155 میلیارد تومان در ۲۰ روز) | سرانه خرید ضعیف (0.30) | واگرایی منفی | شناوری کم (10٪)
دبالک,مواد اولیه دارویی البرز بالک,مواد و محصولات دارویی,48,خنثی,90,75,5.1,19,15230,20260927,-0.8,9.9,170,129.5,-3.4,26.6,146.4,58.2,10,0,false,54.1,3.32,above,-15.6,0.91,14460,18040,-60.79,-149.02,0.92,-80.02,53.38,1079,14.11,8.86,59.3,14724,14207,18040,19052,2.75,خروج مستمر پول حقیقی | سهم صفی: 10 روز از ۲۰ روز در صف (ریسک نقدشوندگی و اجرای حد ضرر) | رشد عمودی (170٪ در ۶۰ روز، 27٪ بالای MA50) | 146٪ بالای MA200
ددام,داروسازی زاگرس فارمد پارس,مواد و محصولات دارویی,48,خنثی,90,65,5,27,12740,20260927,-4.6,31.2,89,48.5,-2.3,31.5,99.7,59.6,8,0,false,56.3,3.78,above,-15,0.91,8020,14980,-23.46,-69.16,0.98,-14.64,27.47,887,14.36,12.91,11.3,12259,11777,14980,15943,2.33,خروج مستمر پول حقیقی | سهم صفی: 8 روز از ۲۰ روز در صف (ریسک نقدشوندگی و اجرای حد ضرر) | رشد عمودی (89٪ در ۶۰ روز، 32٪ بالای MA50) | 100٪ بالای MA200 | حد ضرر دور (7.6٪)
خمهر,مهرکام‌پارس‌,خودرو و ساخت قطعات,48,خنثی,90,65,2,30,3540,20260927,-8.5,16.4,50.7,10.2,-0.4,19.8,57.8,57.3,1,1,false,61,4,above,-13.2,0.9,2596,4080,-22.8,-17.04,0.61,-24.72,19.97,105,33.71,,,3399,3257,4080,4363,1.91,P/E بالا (34) | 58٪ بالای MA200 | سرانه خرید ضعیف (0.61) | حد ضرر دور (8.0٪) | صف فروش در ۵ روز اخیر
شراز,پالایش نفت شیراز,فراورده های نفتی، کک و سوخت هسته ای,47.9,خنثی,90,50,17.5,26,91170,20260927,-2.5,0.1,81.7,41.1,-7.8,12.3,114.5,48.2,3,0,false,51,4.02,above,-19.3,0.61,68720,113000,-3.56,60.48,0.57,-86.62,83.98,10165,8.97,6.26,43.3,87508,83845,113000,120325,2.98,واگرایی منفی RSI | عرضه حقوقی به حقیقی (-71 میلیارد تومان در ۲۰ روز) | 114٪ بالای MA200 | سرانه خرید ضعیف (0.57) | واگرایی منفی | حد ضرر دور (8.0٪) | شناوری کم (13٪)
وسینا,بانک سینا,بانکها و موسسات اعتباری,47.9,خنثی,90,45,0.5,47,3350,20260927,-0.6,-2,24.6,-16,-0.3,10.3,46.4,54.2,1,0,false,28.9,3.48,above,-8,0.67,3290,3470,-59.69,-212.81,0.54,-57.36,59.03,584,5.74,5.4,6.2,3290,3232,3470,3640,1.01,واگرایی منفی RSI | خروج مستمر پول حقیقی | سرانه خرید ضعیف (0.54) | واگرایی منفی
وبملت,بانک ملت,بانکها و موسسات اعتباری,47.8,خنثی,70,20,1,90,1456,20260927,-3.9,-5,14.2,-26.4,-3.9,7.6,40.7,49.4,2,0,false,20.7,3.51,above,-10.2,0.81,1375,1611,-668.45,-2703.59,0.54,-1594.91,1344.26,454,3.21,5.4,-40.6,1405,1349,1611,1713,1.45,واگرایی منفی RSI | خروج مستمر پول حقیقی | سرانه خرید ضعیف (0.54) | واگرایی منفی | حد ضرر دور (7.3٪)
شپلی,پلی اکریل ایران,محصولات شیمیایی,47.8,خنثی,90,65,1,30,6430,20260927,-9.8,23.4,89.2,48.7,-0.8,10,130.8,53.4,9,3,false,42.8,3.21,above,-13.1,1.15,6170,7400,-31.74,-21.94,0.66,-31.48,36.72,237,27.13,,,6224,6067,7400,7813,2.67,سهم صفی: 9 روز از ۲۰ روز در صف (ریسک نقدشوندگی و اجرای حد ضرر) | 131٪ بالای MA200 | سرانه خرید ضعیف (0.66) | صف فروش در ۵ روز اخیر
کفرا,فراورده‌ های‌ نسوزایران‌,سایر محصولات کانی غیرفلزی,47.8,خنثی,90,65,21,10,4400,20260927,-1.3,10.8,169.4,128.9,-2.6,25.9,142.4,58.4,11,1,false,59.5,3.02,above,-14.2,1.34,4210,5130,-18.79,-50.78,2.28,-16.87,17.48,,,12.75,,4267,4144,5130,5396,2.85,خروج مستمر پول حقیقی | بدون EPS مثبت | سهم صفی: 11 روز از ۲۰ روز در صف (ریسک نقدشوندگی و اجرای حد ضرر) | رشد عمودی (169٪ در ۶۰ روز، 26٪ بالای MA50) | 142٪ بالای MA200 | صف فروش در ۵ روز اخیر
فاهواز,نورد و لوله اهواز,فلزات اساسی,47.8,خنثی,65,45,35,42,7080,20260927,-0.1,-0.6,10.5,-30.1,-0.8,2.8,10.1,56.1,4,1,false,30,1.47,above,-6.7,1.04,6810,7327,-0.78,-1.07,1.68,4.32,3.29,1119,6.33,,,6976,6819,7327,7590,0.94,نقدشوندگی کمتر از ۱۰ میلیارد تومان | صف فروش در ۵ روز اخیر
ودانا,سرمایه گذاری دانایان,سرمایه گذاریها,47.7,خنثی,100,53,26.5,42,5160,20260927,-3.4,17,35,-5.5,0.4,14.8,19.2,57.9,6,1,false,50.6,3.43,above,-22.8,1.28,4737,5313,0,0,1.26,2.16,1.99,487,10.6,,,4983,4718,5313,5429,0.35,نقدشوندگی پایین | سهم صفی: 6 روز از ۲۰ روز در صف (ریسک نقدشوندگی و اجرای حد ضرر) | حد ضرر دور (8.6٪) | نقدشوندگی کمتر از ۱۰ میلیارد تومان | صف فروش در ۵ روز اخیر
ذوب,ذوب آهن اصفهان,فلزات اساسی,47.6,خنثی,90,65,16.5,14,659,20260927,-10.7,21.4,47.1,6.6,-2.7,24.3,57.8,55.1,13,1,false,51.8,3.11,above,-15.8,1.74,478,783,-82,232.85,0.47,-1028.22,297.27,12,54.92,13.48,307.4,638,618,783,824,3.02,سهم صفی: 13 روز از ۲۰ روز در صف (ریسک نقدشوندگی و اجرای حد ضرر) | P/E بالا (55) | عرضه حقوقی به حقیقی (-228 میلیارد تومان در ۲۰ روز) | 58٪ بالای MA200 | سرانه خرید ضعیف (0.47) | صف فروش در ۵ روز اخیر
لازما,کارخانه های صنعتی آزمایش,ماشین آلات و تجهیزات,47.5,خنثی,100,50,0,30,190300,20260927,-6.1,34.2,161.6,121.1,5.8,44.2,132.3,70.6,10,1,false,76.8,3.47,above,-11.2,1.07,84600,214400,-16.03,-52.15,0.79,-6.16,9.94,4652,40.91,,,183689,177079,214400,227621,1.82,خروج مستمر پول حقیقی | سهم صفی: 10 روز از ۲۰ روز در صف (ریسک نقدشوندگی و اجرای حد ضرر) | رشد عمودی (162٪ در ۶۰ روز، 44٪ بالای MA50) | P/E بالا (41) | 132٪ بالای MA200 | سرانه خرید ضعیف (0.79) | نقدشوندگی کمتر از ۱۰ میلیارد تومان | صف فروش در ۵ روز اخیر
سمازن,سیمان‌مازندران‌,سیمان، آهک و گچ,47.5,خنثی,90,28,2.4,57,81340,20260927,-2,-2,32.5,-8,-4.1,6,63.8,49,0,0,false,32.2,4.12,above,-13,0.78,78840,84265,-2.43,-34.58,0.82,-10.49,19.25,11804,6.89,7.14,-3.5,78840,77165,84265,93470,0.7,خروج مستمر پول حقیقی | 64٪ بالای MA200
بتک,کارخانجات کابل سازی‌ تک‌,ماشین آلات و دستگاه‌های برقی,47.4,خنثی,100,48,51.3,20,244400,20260927,4,9.1,33.5,-7,5.4,16.9,26,76.3,3,0,false,37.2,2.4,above,-1.9,1.27,233042,,0,0.15,1.25,0.21,0.41,260,940,,,238530,230107,262010,273751,1.23,نقدشوندگی پایین | P/E بالا (940) | عرضه حقوقی به حقیقی (0 میلیارد تومان در ۲۰ روز) | نقدشوندگی کمتر از ۱۰ میلیارد تومان
وتجارت,بانک تجارت,بانکها و موسسات اعتباری,47.4,خنثی,85,65,9.6,26,934,20260927,4.2,-5,46.6,6.1,-2.1,16.8,72.4,56.6,2,0,false,42.3,3.63,above,-10.4,0.57,866,953,-208.34,-1650.18,1.1,-254.71,1107.98,105,8.9,5.4,64.7,900,849,953,1015,0.22,خروج مستمر پول حقیقی | 72٪ بالای MA200 | حد ضرر دور (9.1٪)
اوان,مبین وان کیش,اطلاعات و ارتباطات,47.4,خنثی,90,75,7.4,14,14330,20260927,4.8,1.5,48.2,7.7,-1.9,14.5,84.1,56.6,1,0,false,38.2,3.99,above,-12.9,0.84,13640,16460,-7.86,-17.68,1.06,-4.16,9.09,8,1791.25,11.65,15275.5,13758,13354,16460,17605,2.18,خروج مستمر پول حقیقی | P/E بالا (1791) | 84٪ بالای MA200 | نقدشوندگی کمتر از ۱۰ میلیارد تومان
وپسا,گ.س.پتروشیمی ساختمان خلیج فارس,پیمانکاری صنعتی,47.1,خنثی,70,40,42.5,30,2521,20260927,-13.1,-1.5,42.5,2,-7.9,7.4,43,44.9,5,3,false,43.7,3.86,above,-18.9,0.8,2482,2684,0.37,0.54,0.5,-7.23,5.8,20,126.05,,,2482,2433,2684,3110,1.86,واگرایی منفی RSI | P/E بالا (126) | عرضه حقوقی به حقیقی (0 میلیارد تومان در ۲۰ روز) | سرانه خرید ضعیف (0.50) | واگرایی منفی | نقدشوندگی کمتر از ۱۰ میلیارد تومان | صف فروش در ۵ روز اخیر
تفیرو,مهندسی فیروزا,ماشین آلات و تجهیزات,47.1,خنثی,100,70,32.5,20,273900,20260927,10,40.5,102,61.5,17.8,42.8,191.5,100,20,0,true,95.7,1.56,above,0,1.34,158045,,0,0,1.1,0.09,0.1,6541,41.87,,,269639,265378,286683,295206,1.5,نقدشوندگی پایین | اشباع خرید | فاصله زیاد از MA20 | سهم صفی: 20 روز از ۲۰ روز در صف (ریسک نقدشوندگی و اجرای حد ضرر) | رشد عمودی (102٪ در ۶۰ روز، 43٪ بالای MA50) | P/E بالا (42) | 191٪ بالای MA200 | نقدشوندگی کمتر از ۱۰ میلیارد تومان
وغدیر,سرمایه‌گذاری‌غدیر(هلدینگ‌,شرکتهای چند رشته ای صنعتی,47,خنثی,90,53,0.5,37,20660,20260927,-2,4.3,36.3,-4.2,-0.3,15.5,57.9,56.1,0,0,false,35.7,3.73,above,-9.7,0.55,20260,22890,-57.41,-261.89,0.6,-82.81,207.04,1940,10.65,10.88,-2.1,20260,19874,22890,24433,2.84,واگرایی منفی RSI | خروج مستمر پول حقیقی | 58٪ بالای MA200 | سرانه خرید ضعیف (0.60) | واگرایی منفی
سآبیک,سیمان آبیک,سیمان، آهک و گچ,47,خنثی,65,30,28.8,57,71140,20260927,-0.5,-6.1,9.6,-31,-5.1,0.7,36.8,45.7,0,0,false,24.4,4.03,above,-14.1,0.92,66900,77390,3.87,-30.56,0.91,-2.48,15.47,10205,6.97,7.14,-2.4,68275,65467,77390,78590,1.1,خروج مستمر پول حقیقی | حد ضرر دور (8.0٪)
سفارس,سیمان فارس و خوزستان,سیمان، آهک و گچ,46.9,خنثی,65,30,28.5,57,27050,20260927,4.1,-10.8,1.7,-38.8,-3.6,2.9,43.2,48.2,2,0,false,25.5,3.97,above,-12.5,0.47,26675,27370,3.54,-4.36,0.71,-27.08,78.13,3912,6.91,7.14,-3.2,26675,26137,27370,28020,0.35,واگرایی منفی RSI | سرانه خرید ضعیف (0.71) | واگرایی منفی
سیمرغ,سیمرغ,زراعت و خدمات وابسته,46.8,خنثی,90,65,1,26,5340,20260927,-8.2,7.4,67.9,27.4,-2.5,20.4,98.6,54.6,5,0,false,56.9,3.16,above,-14.8,1.51,5240,6270,-51.92,-80.51,0.32,-86.98,18.2,513,10.41,6.33,64.4,5240,5155,6270,6608,5.04,واگرایی منفی RSI | خروج مستمر پول حقیقی | 99٪ بالای MA200 | سرانه خرید ضعیف (0.32) | واگرایی منفی
والبر,سرمایه‌ گذاری‌ البرز(هلدینگ‌,مواد و محصولات دارویی,46.7,خنثی,75,45,51.7,9,3860,20260927,9,-6.8,17.9,-22.7,0.8,8.5,53,56,2,0,false,23.1,3.58,above,-9,0.97,3750,4090,56.58,-27.12,1.19,17.46,44.57,201,19.2,12.91,48.8,3750,3681,4090,4240,1.28,53٪ بالای MA200
زاگرس,پتروشیمی زاگرس,محصولات شیمیایی,46.7,خنثی,100,65,5.7,9,168200,20260927,2.9,15.2,50,9.5,5.4,22.9,43.9,65.3,1,0,false,51.9,3.32,above,-5.3,0.89,163500,177700,-21.87,-29.9,0.95,-1.36,31.45,9222,18.24,8.01,127.7,163500,160708,177700,188870,1.27,
سیلام,سیمان‌ ایلام‌,سیمان، آهک و گچ,46.7,خنثی,95,45,27.6,9,22160,20260927,7.4,-4.8,27.7,-12.8,0.7,12.9,38.8,57,2,0,false,22.9,3.87,above,-5.2,0.54,20810,23320,-1.73,-13.87,1.31,2.24,6.55,1179,18.8,7.14,163.2,21302,20381,23320,25036,0.65,خروج مستمر پول حقیقی | حد ضرر دور (8.0٪) | نقدشوندگی کمتر از ۱۰ میلیارد تومان
تجلی,تجلی توسعه معادن و فلزات,استخراج کانه های فلزی,46.6,خنثی,100,45,26.5,4,2026,20260927,-4.1,13.2,13.6,-27,4.6,14.7,30.9,60.2,1,0,false,39.3,3.41,above,-7.7,0.66,1933,2194,-17.09,33.2,0.64,-15.78,16.44,37,54.76,14.44,279.2,1957,1898,2194,2332,1.32,P/E بالا (55) | عرضه حقوقی به حقیقی (-43 میلیارد تومان در ۲۰ روز) | سرانه خرید ضعیف (0.64)
فلوله,لوله‌وماشین‌سازی‌ایران‌,فلزات اساسی,46.6,خنثی,50,18,52,60,2476,20260927,-5.2,-16.5,21,-19.6,-8.6,-2.2,21.8,39.5,1,0,false,27.8,4.59,above,-17.2,0.86,2401,2506,0.65,11.55,0.53,-18.74,10.08,226,10.96,13.48,-18.7,2401,2344,2506,2619,0.23,عرضه حقوقی به حقیقی (-11 میلیارد تومان در ۲۰ روز) | سرانه خرید ضعیف (0.53)
ویسا,سرمایه گذاری ایساتیس پویا,سرمایه گذاریها,46.6,خنثی,100,65,22.3,32,5140,20260927,-2.7,25.7,57,16.5,4,24.1,49.6,63.6,2,0,false,58.9,3.36,above,-9.8,0.51,4118,5700,-1.3,0.97,0.99,-0.25,2.6,633,8.12,,,4967,4795,5700,6045,1.62,نقدشوندگی پایین | عرضه حقوقی به حقیقی (-2 میلیارد تومان در ۲۰ روز) | نقدشوندگی کمتر از ۱۰ میلیارد تومان
گپارس,امور رفاهی کارگزاران پارس,هتل و رستوران,46.6,خنثی,100,60,38.3,20,289600,20260927,9.7,32.2,49.7,9.1,14.3,18.7,56.7,82.5,0,0,true,24.4,3.73,above,-1.3,1.22,220600,293550,0,-0.17,1.33,0.97,0.58,723,400.55,,,278811,268022,293550,315128,0.18,نقدشوندگی پایین | اشباع خرید | P/E بالا (401) | 57٪ بالای MA200 | حد ضرر دور (7.5٪) | نقدشوندگی کمتر از ۱۰ میلیارد تومان
کبافق,معادن‌ بافق‌,استخراج کانه های فلزی,46.5,خنثی,90,53,21.8,14,41440,20260927,-9,7.1,39.8,-0.7,-2.2,18.6,61.6,54,7,1,false,50.9,3.93,above,-15.3,0.97,37370,48940,-14.13,2.15,0.99,-18.53,8.74,1583,26.18,13.76,90.2,39811,37367,48940,52199,1.84,واگرایی منفی RSI | سهم صفی: 7 روز از ۲۰ روز در صف (ریسک نقدشوندگی و اجرای حد ضرر) | عرضه حقوقی به حقیقی (-11 میلیارد تومان در ۲۰ روز) | 62٪ بالای MA200 | واگرایی منفی | حد ضرر دور (9.8٪) | نقدشوندگی کمتر از ۱۰ میلیارد تومان | صف فروش در ۵ روز اخیر
وخارزم,سرمایه گذاری خوارزمی,سرمایه گذاریها,46.5,خنثی,100,60,22,16,9080,20260923,2.8,18.5,86,45.5,8.4,29.3,127.7,71.8,1,0,false,64.4,3.14,above,0,1.31,8290,,-92.84,-411.44,1.24,-42.71,112.77,830,10.94,7.13,53.4,8795,8368,9934,10504,1.2,واگرایی منفی RSI | خروج مستمر پول حقیقی | 128٪ بالای MA200 | واگرایی منفی | حد ضرر دور (7.8٪) | آخرین معامله 20260923 (متوقف یا کم‌معامله)
بخاور,بیمه زندگی خاورمیانه,بیمه وصندوق بازنشستگی به جزتامین اجتماعی,46.5,خنثی,100,53,1.5,62,6840,20260927,4.6,7,33.5,-7,4.5,12.3,64.5,64.7,2,0,false,33.6,2.88,above,-2.4,0.93,6570,7010,-2.2,-18.86,0.55,-2.61,2.76,813,8.41,18.13,-53.6,6643,6472,7010,7403,0.46,نقدشوندگی پایین | خروج مستمر پول حقیقی | 64٪ بالای MA200 | سرانه خرید ضعیف (0.55) | نقدشوندگی کمتر از ۱۰ میلیارد تومان
رنیک,جنرال مکانیک,خدمات فنی و مهندسی,46.5,خنثی,40,20,75.9,46,12170,20260927,-1.4,-3.2,21.3,-19.3,-3.5,4.6,-4,47.1,2,0,false,21.9,3.52,above,-28.4,0.52,12021,12309,12.03,170.2,1.05,1.71,22.3,1608,7.57,2.41,214,12021,11806,12309,12590,0.38,عرضه حقوقی به حقیقی (-158 میلیارد تومان در ۲۰ روز)
مبین,مبین انرژی خلیج فارس,عرضه برق، گاز، بخاروآب گرم,46.4,خنثی,25,43,54,67,11740,20260927,-1.8,-14.8,-11,-51.5,-5.8,-18,8.1,31.8,0,0,true,27.1,4.58,below,-32.4,0.7,11389,12270,54.74,1648.64,0.59,-268.26,233.82,1581,7.43,7.09,4.7,11389,11121,12270,12930,0.86,عرضه حقوقی به حقیقی (-1708 میلیارد تومان در ۲۰ روز) | 177٪ بالای کف ۵۲ هفته | سرانه خرید ضعیف (0.59) | واگرایی مثبت RSI
فبستم,صنایع ‌بسته‌بندی‌ مشهد,ساخت محصولات فلزی,46.2,خنثی,90,30,83,30,16890,20260923,-4.7,7.6,4.4,-36.1,-4.6,4.2,8.5,46.7,2,0,false,27.1,4.18,above,-15.5,0.64,16580,17430,1.34,3.49,1.4,1.05,1.18,396,42.65,,,16580,16227,17430,17900,0.81,نقدشوندگی پایین | P/E بالا (43) | عرضه حقوقی به حقیقی (-3 میلیارد تومان در ۲۰ روز) | نقدشوندگی کمتر از ۱۰ میلیارد تومان | آخرین معامله 20260923 (متوقف یا کم‌معامله)
سمایه,بانک سرمایه,بانکها و موسسات اعتباری,46.2,خنثی,90,45,30.9,10,5060,20260927,-1.7,8.8,7,-33.5,-0.6,6.6,18.7,53.3,3,0,false,25.5,4.11,above,-9.6,1.93,4910,5145,-0.6,-0.04,1.34,5.56,3.53,,,,,4910,4806,5145,5405,0.33,واگرایی منفی RSI | بدون EPS مثبت | واگرایی منفی | نقدشوندگی کمتر از ۱۰ میلیارد تومان
وملی,گروه‌ صنعتی‌ ملی‌ (هلدینگ‌,دباغی، پرداخت چرم و ساخت انواع پاپوش,46,خنثی,90,30,17,35,266500,20260927,-11.3,1.6,21.6,-18.9,-3.3,10.8,29.4,49.1,4,0,false,41.3,3.78,above,-16.6,0.83,250959,319700,-19.28,1.2,0.34,-38.61,15.31,3197,83.36,87.3,-4.5,256428,245923,319700,339844,2.59,P/E بالا (83) | عرضه حقوقی به حقیقی (-17 میلیارد تومان در ۲۰ روز) | سرانه خرید ضعیف (0.34) | حد ضرر دور (7.7٪)
شفارس,صنایع‌ شیمیایی‌ فارس‌,محصولات شیمیایی,46,خنثی,90,35,1,47,2124,20260927,-8,-1.2,26.2,-14.3,-2.5,12,31.6,51.5,2,0,false,34.6,4.05,above,-14.3,0.81,1927,2157,-4.78,-6.08,0.62,-13.54,10.22,231,9.19,9.63,-4.5,2038,1909,2157,2311,0.15,واگرایی منفی RSI | سرانه خرید ضعیف (0.62) | واگرایی منفی | حد ضرر دور (10.1٪)
فمراد,آلومراد,فلزات اساسی,45.9,خنثی,100,65,1.5,10,3720,20260927,-4.6,7.8,48.6,8.1,0.3,14.3,37.5,56.9,3,1,false,42.4,3.93,above,-9.3,0.93,3630,3780,-3.18,-2.23,0.63,-10.48,7.46,,,13.48,,3630,3557,3780,4100,0.37,واگرایی منفی RSI | بدون EPS مثبت | سرانه خرید ضعیف (0.63) | واگرایی منفی | نقدشوندگی کمتر از ۱۰ میلیارد تومان | صف فروش در ۵ روز اخیر
غدشت,دشت‌ مرغاب‌,محصولات غذایی و آشامیدنی به جز قند و شکر,45.9,خنثی,70,35,1.5,70,3810,20260927,-3.3,-2.3,27.8,-12.8,-2.4,9,35.4,51.3,3,0,false,16.6,3.65,above,-11.2,0.97,3690,4290,-6.86,-0.17,0.76,-11.43,9.88,591,6.45,8.53,-24.4,3690,3620,4290,4568,2.53,سرانه خرید ضعیف (0.76) | نقدشوندگی کمتر از ۱۰ میلیارد تومان
غسالم,سالمین‌,محصولات غذایی و آشامیدنی به جز قند و شکر,45.9,خنثی,55,20,31.4,70,8270,20260927,-8,-7,7.3,-33.2,-5.3,-0.1,41.5,43.7,3,0,false,19.4,3.87,above,-16.5,0.76,8000,8610,1.05,-2.12,0.96,-5.99,11.68,1348,6.14,8.53,-28.1,8000,7840,8610,9270,0.79,206٪ بالای کف ۵۲ هفته
بکام,کارخانجات تولیدی شهید قندی,ماشین آلات و دستگاه‌های برقی,45.9,خنثی,90,43,27,14,3260,20260927,-7.9,-3.6,36.3,-4.2,-2.8,13.6,36.5,51.7,5,0,false,43.3,3.65,above,-14.4,1.05,3084,3380,-12.26,20.01,0.73,-18.22,14.95,24,135.83,6.15,2108.7,3141,3024,3380,3810,0.51,واگرایی منفی RSI | P/E بالا (136) | عرضه حقوقی به حقیقی (-25 میلیارد تومان در ۲۰ روز) | سرانه خرید ضعیف (0.73) | واگرایی منفی | حد ضرر دور (7.2٪)
وملت,سرمایه گذاری ملت,سرمایه گذاریها,45.9,خنثی,100,58,45,32,4470,20260922,4,10.6,30.6,-9.9,5.1,11.8,23,99.4,20,0,true,92.6,0.86,above,-0.7,1.92,3935,,0,0,5.58,0.53,0.07,491,9.1,,,4432,4394,4585,4661,1.5,نقدشوندگی پایین | اشباع خرید | سهم صفی: 20 روز از ۲۰ روز در صف (ریسک نقدشوندگی و اجرای حد ضرر) | نقدشوندگی کمتر از ۱۰ میلیارد تومان | آخرین معامله 20260922 (متوقف یا کم‌معامله)
چکارن,کارتن‌ ایران‌,محصولات کاغذی,45.8,خنثی,70,20,51.4,72,4540,20260927,-4.4,-4.6,15.6,-24.9,-3.9,5.9,36,46.5,0,0,false,30.9,3.58,above,-12.9,0.78,4410,4900,0.19,-0.01,1.24,0.22,2.43,476,9.54,16.48,-42.1,4410,4329,4900,5210,1.7,نقدشوندگی پایین | واگرایی منفی RSI | واگرایی منفی | نقدشوندگی کمتر از ۱۰ میلیارد تومان
بفجر,فجر انرژی خلیج فارس,عرضه برق، گاز، بخاروآب گرم,45.8,خنثی,10,43,57,80,10610,20260927,1,-12.1,-16,-56.5,-4.3,-16.5,-6.9,37.2,1,0,true,29.8,4.26,below,-31.5,0.98,10269,11072,116.16,466.31,0.94,-12.02,74.63,1802,5.89,7.09,-17,10269,10043,11072,11477,0.81,عرضه حقوقی به حقیقی (-453 میلیارد تومان در ۲۰ روز) | واگرایی مثبت RSI
ثنام,س ساختمانی ب نام آوران مهندسی,انبوه سازی، املاک و مستغلات,45.8,خنثی,100,85,25.2,10,2289,20260927,9.4,31.2,87.2,46.6,12,28.1,66.3,79.3,2,0,true,56.3,3.76,above,-1.1,1.26,2242,,-9.81,-10.42,1.37,-3.33,2.26,,,,,2242,2199,2547,2719,2.87,نقدشوندگی پایین | اشباع خرید | خروج مستمر پول حقیقی | بدون EPS مثبت | 66٪ بالای MA200 | نقدشوندگی کمتر از ۱۰ میلیارد تومان
شستا,سرمایه گذاری تامین اجتماعی,شرکتهای چند رشته ای صنعتی,45.8,خنثی,100,65,2,9,3460,20260927,-2.8,14.6,55.5,15,4.3,21.8,82,61.8,5,0,false,51.5,3.19,above,-9.2,1.02,3047,3810,-316.21,-769.98,0.69,-748.38,573.92,218,15.87,10.88,45.9,3350,3239,3810,4031,1.59,خروج مستمر پول حقیقی | 82٪ بالای MA200 | سرانه خرید ضعیف (0.69) | شناوری کم (13٪)
پشاهن,تولیدی پلاستیک‌ شاهین,لاستیک و پلاستیک,45.7,خنثی,100,70,21.9,25,121100,20260927,11.3,35.4,85.8,45.2,18,36.3,62.7,93.1,20,0,true,60.8,2.47,above,0,1.72,91457,,0,0,1.28,-0.45,0.15,7250,16.7,,,118109,115118,130074,136056,1.5,نقدشوندگی پایین | واگرایی منفی RSI | اشباع خرید | فاصله زیاد از MA20 | سهم صفی: 20 روز از ۲۰ روز در صف (ریسک نقدشوندگی و اجرای حد ضرر) | رشد عمودی (86٪ در ۶۰ روز، 36٪ بالای MA50) | 63٪ بالای MA200 | واگرایی منفی | نقدشوندگی کمتر از ۱۰ میلیارد تومان
وتوسکا,سرمایه گذاری توسعه توکا,سرمایه گذاریها,45.7,خنثی,90,43,65.2,35,1621,20260926,-9.2,-1.3,34.5,-6,-1.4,11.3,26.6,52.8,5,1,false,36.5,3.61,above,-10.5,0.73,1519,1734,0.04,1.24,1.15,0.61,1.31,100,16.21,,,1562,1490,1734,1812,0.86,نقدشوندگی پایین | واگرایی منفی RSI | عرضه حقوقی به حقیقی (-1 میلیارد تومان در ۲۰ روز) | واگرایی منفی | حد ضرر دور (8.1٪) | نقدشوندگی کمتر از ۱۰ میلیارد تومان | صف فروش در ۵ روز اخیر | آخرین معامله 20260926 (متوقف یا کم‌معامله)
خودکفا,اقتصادی و خودکفایی آزادگان,محصولات غذایی و آشامیدنی به جز قند و شکر,45.6,خنثی,85,40,6.6,42,14510,20260927,-2.4,-1.6,108.7,68.1,-4.4,1.3,73.9,47.8,2,0,false,42.2,3.96,above,-13.8,0.71,14185,15370,-8.7,-62.07,1.04,-1.59,17.97,1687,8.6,,,14185,13898,15370,16830,1.4,خروج مستمر پول حقیقی | رشد عمودی (109٪ در ۶۰ روز، 1٪ بالای MA50) | 74٪ بالای MA200
ثعمرا,عمران و توسعه شاهد,انبوه سازی، املاک و مستغلات,45.5,خنثی,90,45,34.2,4,15250,20260927,-2.8,6.6,27.6,-12.9,-0.2,13.9,51,55.5,0,0,false,28.4,3.81,above,-8.1,0.67,14511,16592,-0.17,-4.92,1.49,2.59,3.31,378,40.34,23.59,71,14669,14220,16592,17755,1.3,واگرایی منفی RSI | خروج مستمر پول حقیقی | P/E بالا (40) | 51٪ بالای MA200 | واگرایی منفی | نقدشوندگی کمتر از ۱۰ میلیارد تومان
کالا,بورس کالای ایران,فعالیتهای کمکی به نهادهای مالی واسط,45.5,خنثی,100,65,1,9,11240,20260927,1.6,16,52.7,12.2,7.8,20.4,101.5,67.9,6,0,false,33.6,3.27,above,-4.7,0.7,9730,11800,-66.39,-353.98,0.73,-105.24,150.99,885,12.7,5.92,114.5,10873,10506,11800,12534,0.76,خروج مستمر پول حقیقی | سهم صفی: 6 روز از ۲۰ روز در صف (ریسک نقدشوندگی و اجرای حد ضرر) | 102٪ بالای MA200 | سرانه خرید ضعیف (0.73)
فجهان,جهان فولاد سیرجان,فلزات اساسی,45.5,خنثی,100,50,13,9,3170,20260927,-0.3,31.8,94.2,53.7,7.2,39.7,78,72.9,8,0,false,63.6,3.28,above,-6.5,0.52,2064,3390,-39.57,-67.66,1.28,-10.55,36.74,171,18.54,8.05,130.3,3066,2962,3390,3598,1.06,خروج مستمر پول حقیقی | سهم صفی: 8 روز از ۲۰ روز در صف (ریسک نقدشوندگی و اجرای حد ضرر) | رشد عمودی (94٪ در ۶۰ روز، 40٪ بالای MA50) | 78٪ بالای MA200
افق,فروشگاههای زنجیره ای افق کوروش,خرده فروشی،باستثنای وسایل نقلیه موتوری,45.5,خنثی,85,45,13.9,30,70840,20260927,1.4,-4.2,29,-11.5,-1.4,4.1,79.3,51.7,3,0,false,29.1,3.8,above,-8.7,0.71,69950,75440,-6.51,-120.71,1.32,-18.12,38.46,5195,13.64,12.78,6.7,69950,68605,75440,77550,2.06,واگرایی منفی RSI | خروج مستمر پول حقیقی | 79٪ بالای MA200 | واگرایی منفی | شناوری کم (12٪)
ثمسکن,سرمایه‌گذاری‌ مسکن‌,انبوه سازی، املاک و مستغلات,45.4,خنثی,100,65,0.6,9,3220,20260927,-0.9,1.6,43.6,3,0.8,11.9,41.7,57.2,1,0,false,30.9,3.48,above,-6.4,0.77,3180,3440,-21.48,-99.65,0.8,-27.72,29.16,226,14.25,6.61,115.5,3180,3124,3440,3664,2.29,واگرایی منفی RSI | خروج مستمر پول حقیقی | واگرایی منفی
خزر,فنرسازی‌زر,خودرو و ساخت قطعات,45.4,خنثی,70,38,15,52,2013,20260927,-7.9,2.3,33.1,-7.5,-8.9,6.7,45.2,44.5,6,0,false,41.2,3.76,above,-20.7,0.97,1898,2537,-3.72,0.7,0.52,-19.96,11.41,394,5.11,,,1937,1860,2537,2688,3.43,سهم صفی: 6 روز از ۲۰ روز در صف (ریسک نقدشوندگی و اجرای حد ضرر) | عرضه حقوقی به حقیقی (-2 میلیارد تومان در ۲۰ روز) | سرانه خرید ضعیف (0.52) | حد ضرر دور (7.6٪)
وآتوس,گروه سرمایه گذاری توسکا,سرمایه گذاریها,45.3,خنثی,65,50,53,10,1474,20260927,-8.4,2.5,43.6,3.1,-2.3,5.7,-2.6,49.5,3,1,false,29.3,3.63,above,-43.2,1.03,1447,1497,1.48,7.2,0.62,-7.33,6.15,,,,,1447,1420,1497,1533,0.43,بدون EPS مثبت | عرضه حقوقی به حقیقی (-6 میلیارد تومان در ۲۰ روز) | سرانه خرید ضعیف (0.62) | نقدشوندگی کمتر از ۱۰ میلیارد تومان | صف فروش در ۵ روز اخیر
ثعتما,س. ساختمانی اعتماد گستر,انبوه سازی، املاک و مستغلات,45.3,خنثی,100,70,35,10,50350,20260927,13.3,19.8,109.8,69.3,18.2,32.2,66,84,2,0,true,48.4,3.72,above,0,0.63,43300,,0,-7.12,1.86,2.27,2.03,,,,,48479,46608,55963,59704,1.5,نقدشوندگی پایین | واگرایی منفی RSI | اشباع خرید | فاصله زیاد از MA20 | خروج مستمر پول حقیقی | بدون EPS مثبت | رشد عمودی (110٪ در ۶۰ روز، 32٪ بالای MA50) | 66٪ بالای MA200 | واگرایی منفی | حد ضرر دور (7.4٪) | نقدشوندگی کمتر از ۱۰ میلیارد تومان
قشیر,قند شیروان قوچان و بجنورد,قند و شکر,45.1,خنثی,70,55,5.5,47,15980,20260927,-0.7,2.2,22.3,-18.3,-2,11,46.6,53.8,0,0,false,31.7,4.06,above,-10.5,0.71,15105,17860,-0.69,-3.86,0.98,-2.7,8.65,1524,10.49,9.57,9.6,15331,14780,17860,19158,1.57,حد ضرر دور (7.5٪) | نقدشوندگی کمتر از ۱۰ میلیارد تومان
آباد,توریستی ورفاهی آبادگران ایران,هتل و رستوران,45.1,خنثی,70,45,15.5,45,955,20260927,-3.5,8.9,28.8,-11.7,-4.3,13.4,15.1,52.6,7,0,false,34.3,3.84,above,-29.2,0.67,943,977,-1.91,7.35,0.75,-8.52,9.71,3,318.33,307,3.7,943,925,977,1014,0.72,سهم صفی: 7 روز از ۲۰ روز در صف (ریسک نقدشوندگی و اجرای حد ضرر) | P/E بالا (318) | عرضه حقوقی به حقیقی (-7 میلیارد تومان در ۲۰ روز) | سرانه خرید ضعیف (0.75) | نقدشوندگی کمتر از ۱۰ میلیارد تومان
سخوز,سیمان خوزستان,سیمان، آهک و گچ,45.1,خنثی,70,45,0.5,60,97440,20260927,1.1,-0.4,7.1,-33.4,-0.7,13.7,31.5,55.1,2,0,false,27,3.77,above,-9.6,0.55,91990,102761,-11.05,-69.09,0.67,-15.38,15.81,15662,6.22,7.14,-12.9,93764,90152,102761,107800,0.73,واگرایی منفی RSI | خروج مستمر پول حقیقی | سرانه خرید ضعیف (0.67) | واگرایی منفی | حد ضرر دور (7.5٪)
سفار,سیمان‌فارس‌,سیمان، آهک و گچ,45.1,خنثی,90,45,10.5,26,225400,20260927,-5.9,7.2,12.6,-27.9,-3.5,10.5,20.1,50.6,3,0,false,34.8,3.87,above,-15.7,0.48,207734,245450,-1.48,-2.67,1.16,-3.03,4.51,19436,11.6,7.14,62.4,216687,203618,245450,267400,0.92,حد ضرر دور (9.7٪) | نقدشوندگی کمتر از ۱۰ میلیارد تومان | شناوری کم (8٪)
تادیکو,س.کشت ودام صنایع لبنی تامین,زراعت و خدمات وابسته,45,خنثی,73,45,37.5,19,7480,20260927,-4.3,7.6,12.5,-28.1,1,3.7,,53.5,0,0,false,16.3,3.51,,-13.3,0.76,7282,7990,-20.04,-11.84,3.01,40.59,26.51,546,13.7,6.33,116.4,7282,7151,7990,8624,1.55,شناوری کم (6٪)
وپست,پست بانک ایران,بانکها و موسسات اعتباری,45,خنثی,70,20,2,78,9770,20260927,-4.4,-2.6,19.5,-21.1,-3,5.3,59.3,49,0,0,false,27.9,4.14,above,-12.1,0.71,9650,9870,-16.91,-133.73,0.59,-38.73,46.23,2033,4.81,5.4,-11,9650,9448,9870,10060,0.31,خروج مستمر پول حقیقی | 59٪ بالای MA200 | سرانه خرید ضعیف (0.59)
بمیلا,توسعه سرمایه گذاری میلاد پارس,تجارت عمده فروشی به جز وسایل نقلیه موتور,45,خنثی,90,45,26,10,7510,20260927,-1.6,26.4,-2,-42.5,3.9,16.9,4.5,60.3,7,1,false,34.6,3.49,above,-35.5,0.73,6960,7780,-0.77,21.82,0.78,-2.92,8.56,,,,,7248,6855,7780,8250,0.41,بدون EPS مثبت | سهم صفی: 7 روز از ۲۰ روز در صف (ریسک نقدشوندگی و اجرای حد ضرر) | عرضه حقوقی به حقیقی (-23 میلیارد تومان در ۲۰ روز) | سرانه خرید ضعیف (0.78) | حد ضرر دور (8.7٪) | نقدشوندگی کمتر از ۱۰ میلیارد تومان | صف فروش در ۵ روز اخیر
بمپنا,تولید برق عسلویه  مپنا,عرضه برق، گاز، بخاروآب گرم,44.9,خنثی,90,65,0.5,19,7800,20260927,-10.2,3.9,57.6,17,-5.9,17.7,52.2,50.4,3,1,false,45.4,3.64,above,-16.9,0.32,7270,9390,-26.86,-197.77,0.38,-24.52,34.67,576,13.54,10.04,34.9,7516,7128,9390,9957,2.37,خروج مستمر پول حقیقی | 52٪ بالای MA200 | سرانه خرید ضعیف (0.38) | حد ضرر دور (8.6٪) | صف فروش در ۵ روز اخیر
فجوش,جوش‌ و اکسیژن‌ ایران‌,ساخت محصولات فلزی,44.9,خنثی,100,70,53.4,10,5200,20260926,5.3,18.2,146.9,106.4,9.9,33.6,137.7,90.8,7,0,true,64.9,2.07,above,-1,0.78,4630,,0.08,-0.37,1.32,0.54,0.96,,,,,5092,4984,5523,5739,1.5,نقدشوندگی پایین | اشباع خرید | بدون EPS مثبت | سهم صفی: 7 روز از ۲۰ روز در صف (ریسک نقدشوندگی و اجرای حد ضرر) | رشد عمودی (147٪ در ۶۰ روز، 34٪ بالای MA50) | 138٪ بالای MA200 | نقدشوندگی کمتر از ۱۰ میلیارد تومان | آخرین معامله 20260926 (متوقف یا کم‌معامله)
اعتلا,شرکت سرمایه گذاری اعتلاء البرز,سرمایه گذاریها,44.8,خنثی,70,20,17,82,2288,20260923,-6.7,-1.4,29.9,-10.7,-3.9,5,37.7,46,0,0,false,30.3,3.63,above,-11.4,0.56,2253,2380,-1.92,3.84,0.77,-1.15,3.94,377,6.07,8.73,-30.5,2253,2212,2380,2418,1.2,عرضه حقوقی به حقیقی (-4 میلیارد تومان در ۲۰ روز) | سرانه خرید ضعیف (0.77) | نقدشوندگی کمتر از ۱۰ میلیارد تومان | آخرین معامله 20260923 (متوقف یا کم‌معامله)
کوثر,بیمه کوثر,بیمه وصندوق بازنشستگی به جزتامین اجتماعی,44.7,خنثی,90,45,20.9,14,1794,20260927,1.4,1.7,16.5,-24,0.3,13.1,4.8,55.8,1,0,false,37.6,3.72,above,-21.3,0.45,1756,1875,-4.16,21.4,1,-9.43,28.9,53,33.85,18.13,86.7,1756,1722,1875,1938,1.13,واگرایی منفی RSI | P/E بالا (34) | عرضه حقوقی به حقیقی (-19 میلیارد تومان در ۲۰ روز) | واگرایی منفی
بکابل,سیم و کابل ابهر,ماشین آلات و دستگاه‌های برقی,44.5,خنثی,65,20,27,57,5630,20260927,-6.2,-8.3,23.3,-17.3,-2.9,5.8,26.7,48.4,2,0,false,25.5,3.92,above,-13,0.67,5466,5850,-0.77,44.52,0.58,-19.1,15.32,1041,5.41,5.95,-9.1,5466,5356,5850,6240,0.8,عرضه حقوقی به حقیقی (-43 میلیارد تومان در ۲۰ روز) | سرانه خرید ضعیف (0.58)
کیا,کیا الکترود شرق,ساخت محصولات فلزی,44.4,خنثی,100,73,35.2,4,10080,20260927,4.5,15.6,32.8,-7.7,9.6,17,23.1,70.9,0,0,true,22.8,3.72,above,-1.9,1.6,9923,10270,-2.12,-4.52,1.17,1.02,2.01,262,38.47,6.02,539.1,9923,9736,10270,11021,0.55,نقدشوندگی پایین | خروج مستمر پول حقیقی | P/E بالا (38) | نقدشوندگی کمتر از ۱۰ میلیارد تومان
تپکو,تولیدتجهیزات‌سنگین‌هپکو,ماشین آلات و تجهیزات,44.4,خنثی,90,53,17,10,528,20260927,-9.6,14,31.3,-9.2,-5.4,14.4,28.5,50.3,9,0,false,48,3.55,above,-17.8,1.06,510,556,-2.46,26.08,0.76,-25.69,35.6,,,,,510,501,556,642,1.02,بدون EPS مثبت | سهم صفی: 9 روز از ۲۰ روز در صف (ریسک نقدشوندگی و اجرای حد ضرر) | عرضه حقوقی به حقیقی (-26 میلیارد تومان در ۲۰ روز) | سرانه خرید ضعیف (0.76)
کحافظ,کاشی‌ وسرامیک‌ حافظ‌,کاشی و سرامیک,44.4,خنثی,70,28,1,70,2470,20260927,-5.5,-4.4,34.4,-6.1,-4.2,8.9,55.2,49.2,2,0,false,38.6,3.91,above,-14.1,0.85,2393,2586,-19.83,-33.41,0.53,-35.53,21.09,388,6.37,7.65,-16.8,2393,2345,2586,2875,0.93,واگرایی منفی RSI | خروج مستمر پول حقیقی | 55٪ بالای MA200 | سرانه خرید ضعیف (0.53) | واگرایی منفی
پرداخت,به پرداخت ملت,رایانه و فعالیت‌های وابسته به آن,44.4,خنثی,70,18,26,53,6510,20260927,-9.6,0.2,25.7,-14.9,-10.7,0.3,15.4,39.8,5,2,false,34.7,4.21,above,-19.5,0.64,6370,6670,-4.15,43.87,0.5,-12.21,9.96,481,13.53,18.19,-25.6,6370,6233,6670,7490,0.58,عرضه حقوقی به حقیقی (-44 میلیارد تومان در ۲۰ روز) | سرانه خرید ضعیف (0.50) | نقدشوندگی کمتر از ۱۰ میلیارد تومان | شناوری کم (5٪) | صف فروش در ۵ روز اخیر
کصدف,کاشی صدف سرام استقلال آباده,کاشی و سرامیک,44.2,خنثی,65,20,47.9,35,7360,20260927,-8.2,-8.3,24.8,-15.7,-6.7,2.2,47.2,44.2,3,1,false,32.5,3.75,above,-17.3,0.72,7210,7570,0.24,-1.48,1.02,1.83,7.78,548,13.43,,,7210,7072,7570,8180,0.73,177٪ بالای کف ۵۲ هفته | نقدشوندگی کمتر از ۱۰ میلیارد تومان | صف فروش در ۵ روز اخیر
سخاش,سیمان‌خاش‌,سیمان، آهک و گچ,44.2,خنثی,70,40,3.7,57,12480,20260927,-1.3,4.3,2.5,-38.1,-4.3,2.9,39.9,48.7,0,0,false,22.8,3.94,above,-13.6,0.55,12110,12790,-8.23,-66.07,0.89,-16.04,19.39,1929,6.47,7.14,-9.4,12110,11864,12790,14045,0.5,خروج مستمر پول حقیقی | 194٪ بالای کف ۵۲ هفته
کیسون,شرکت کیسون,خدمات فنی و مهندسی,44.1,خنثی,90,20,16.5,36,1739,20260927,-10,-7.4,22.8,-17.8,-6.9,4.1,6.7,42.6,3,1,false,26.1,4.1,above,-44.1,0.88,1717,1806,-8.47,3.64,0.59,-42.38,32.07,166,10.48,2.41,334.7,1717,1681,1806,1881,1.17,عرضه حقوقی به حقیقی (-10 میلیارد تومان در ۲۰ روز) | سرانه خرید ضعیف (0.59) | صف فروش در ۵ روز اخیر
دکوثر,داروسازی‌ کوثر,مواد و محصولات دارویی,44.1,خنثی,95,65,1.5,9,20430,20260927,-0.1,-6.8,112.1,71.6,1,18.1,85.8,57.8,1,0,false,37.4,3.71,above,-9.2,0.71,19430,21270,-30.78,-13.97,0.6,-71.51,54.93,1031,19.82,12.91,53.5,19671,19051,21270,21600,0.61,رشد عمودی (112٪ در ۶۰ روز، 18٪ بالای MA50) | 86٪ بالای MA200 | سرانه خرید ضعیف (0.60)
وکار,بانک‌ کارآفرین‌,بانکها و موسسات اعتباری,44.1,خنثی,90,65,0.5,16,6050,20260927,-3,13.3,83.3,42.8,-0.7,29.8,116.3,64.1,0,0,false,67,3.5,above,-7.5,0.24,3500,6540,-26.14,-353.42,0.57,-24.32,57.06,650,9.31,5.4,72.4,5838,5627,6540,6963,1.16,خروج مستمر پول حقیقی | 116٪ بالای MA200 | سرانه خرید ضعیف (0.57)
کهرام,تولیدی گرانیت بهسرام,کاشی و سرامیک,44.1,خنثی,100,70,50.5,10,35710,20260926,8.5,24,50.7,10.1,12,28.4,56.7,88.5,9,0,true,60.3,2.23,above,-0.4,0.77,32000,,0,0.05,2.32,1.31,0.64,,,,,34913,34117,38100,39693,1.5,نقدشوندگی پایین | اشباع خرید | بدون EPS مثبت | سهم صفی: 9 روز از ۲۰ روز در صف (ریسک نقدشوندگی و اجرای حد ضرر) | عرضه حقوقی به حقیقی (0 میلیارد تومان در ۲۰ روز) | 57٪ بالای MA200 | نقدشوندگی کمتر از ۱۰ میلیارد تومان | آخرین معامله 20260926 (متوقف یا کم‌معامله)
تشتاد,صنایع تولیدی اشتاد ایران‌,خودرو و ساخت قطعات,44,خنثی,100,70,30.2,10,7240,20260927,9.4,42.2,43.8,3.3,21.4,37.8,47,87.3,4,0,true,49.1,3.05,above,-0.5,1.07,6220,,0,-0.12,1.41,1.2,0.95,,,,,7019,6798,7902,8344,1.5,نقدشوندگی پایین | اشباع خرید | فاصله زیاد از MA20 | بدون EPS مثبت | رشد عمودی (44٪ در ۶۰ روز، 38٪ بالای MA50) | نقدشوندگی کمتر از ۱۰ میلیارد تومان
قزوین,کارخانجات‌ قند قزوین‌,قند و شکر,44,خنثی,100,45,0,60,12270,20260927,-5.1,6.2,17.8,-22.8,0.8,7.8,55.1,52.9,2,0,false,30.4,3.67,above,-11.9,0.53,11690,12730,-3.06,-12.69,0.61,-3.47,2.97,1403,8.75,9.8,-10.8,11820,11465,12730,13920,0.57,نقدشوندگی پایین | خروج مستمر پول حقیقی | 55٪ بالای MA200 | سرانه خرید ضعیف (0.61) | نقدشوندگی کمتر از ۱۰ میلیارد تومان
نتوس,پشم‌ بافی‌ توس,منسوجات,44,خنثی,100,70,35,25,2003,20260926,11.8,52.2,128.2,87.6,20.5,54.9,102.7,97.9,17,0,true,85.6,2.49,above,-1.9,1.14,1148,,0,0,3.02,1.48,1.08,156,12.84,,,1953,1903,2152,2252,1.5,نقدشوندگی پایین | اشباع خرید | فاصله زیاد از MA20 | سهم صفی: 17 روز از ۲۰ روز در صف (ریسک نقدشوندگی و اجرای حد ضرر) | رشد عمودی (128٪ در ۶۰ روز، 55٪ بالای MA50) | 103٪ بالای MA200 | نقدشوندگی کمتر از ۱۰ میلیارد تومان | آخرین معامله 20260926 (متوقف یا کم‌معامله)
ساربیل,سیمان آرتا اردبیل,سیمان، آهک و گچ,43.8,خنثی,56,30,27,57,84020,20260927,2.7,-2,-5.6,-46.1,-4.1,0.9,14.7,48,0,0,false,19.8,4.21,inside,-17.1,0.71,78906,88300,3.65,-1.61,0.75,-2.45,3.93,11188,7.51,7.14,5.2,80481,77137,88300,98760,0.62,سرانه خرید ضعیف (0.75) | حد ضرر دور (8.2٪) | نقدشوندگی کمتر از ۱۰ میلیارد تومان | شناوری کم (10٪)
حرهشا,رهشاد سپاهان (سهامی عام,حمل ونقل، انبارداری و ارتباطات,43.7,خنثی,100,75,14.9,20,30500,20260927,2.7,10.6,67.1,26.6,1.3,13.4,35.2,64.1,0,0,false,43.6,3.37,above,-5.7,0.52,29750,30950,-0.56,-3.36,1.36,-0.21,1.22,351,86.89,,,29750,29237,30950,32360,0.36,نقدشوندگی پایین | واگرایی منفی RSI | خروج مستمر پول حقیقی | P/E بالا (87) | واگرایی منفی | نقدشوندگی کمتر از ۱۰ میلیارد تومان
خکمک,کمک‌فنرایندامین‌,خودرو و ساخت قطعات,43.6,خنثی,70,30,26.5,40,2664,20260927,-11.8,2.5,12.8,-27.7,-5.8,10.5,14.9,46.7,4,1,false,37.9,3.91,above,-29,0.76,2502,2754,-4.88,16.28,0.56,-18.18,10.98,47,56.68,,,2560,2450,2754,2950,0.42,P/E بالا (57) | عرضه حقوقی به حقیقی (-19 میلیارد تومان در ۲۰ روز) | سرانه خرید ضعیف (0.56) | حد ضرر دور (8.0٪) | صف فروش در ۵ روز اخیر
آینده,بازرگانی آینده سازان بهشت پارس,زراعت و خدمات وابسته,43.6,خنثی,90,70,60.5,10,4820,20260926,6.9,35.8,51,10.5,13.2,16,7.7,80.1,20,0,true,35.1,2.05,above,-32.1,1.21,4719,5303,0,0.24,6,0.63,0.28,,,,,4721,4670,5303,5820,3.21,نقدشوندگی پایین | اشباع خرید | بدون EPS مثبت | سهم صفی: 20 روز از ۲۰ روز در صف (ریسک نقدشوندگی و اجرای حد ضرر) | عرضه حقوقی به حقیقی (0 میلیارد تومان در ۲۰ روز) | نقدشوندگی کمتر از ۱۰ میلیارد تومان | آخرین معامله 20260926 (متوقف یا کم‌معامله)
شگامرن,مجتمع پترو صنعت گامرون,محصولات شیمیایی,43.6,خنثی,100,35,62.5,4,27520,20260927,0.5,10,42.9,2.4,6.2,23.1,42.9,83,0,0,false,46.9,2.65,above,-2.5,0.95,26269,28237,0.66,-2.26,2.08,0.45,0.4,288,95.56,8.01,1093,26791,25904,28237,29696,0.44,نقدشوندگی پایین | واگرایی منفی RSI | اشباع خرید | خروج مستمر پول حقیقی | P/E بالا (96) | واگرایی منفی | نقدشوندگی کمتر از ۱۰ میلیارد تومان
گدنا,تهیه توزیع غذای دنا آفرین فدک,هتل و رستوران,43.5,خنثی,65,20,36,44,6570,20260927,-7.3,-8.5,15.8,-24.7,-6.8,5.3,24.3,44.8,3,0,false,36.4,3.72,above,-16.8,0.87,6500,7040,-2.54,-7.13,6.58,20.6,16.81,1145,5.74,4.69,22.3,6500,6378,7040,7190,2.45,واگرایی منفی RSI | واگرایی منفی
فماک,ماداکتو استیل کرد,فلزات اساسی,43.5,خنثی,100,35,16.9,9,32170,20260927,3.2,26.8,155.9,115.4,11.7,43.6,141.6,83,4,0,false,77.6,3.52,above,-2.7,0.98,26880,33060,-3.6,-15.52,1.38,-13.97,9.31,2086,15.42,8.05,91.6,31039,29908,33060,35322,0.39,واگرایی منفی RSI | اشباع خرید | خروج مستمر پول حقیقی | رشد عمودی (156٪ در ۶۰ روز، 44٪ بالای MA50) | 142٪ بالای MA200 | واگرایی منفی | حد ضرر دور (7.0٪) | نقدشوندگی کمتر از ۱۰ میلیارد تومان
خنصیر,مهندسی‌نصیرماشین‌,خودرو و ساخت قطعات,43.3,خنثی,65,30,29.1,42,4230,20260927,-2.5,-4.7,18.5,-22,-4.4,7.4,34.6,48.5,1,0,false,38.4,3.89,above,-14.2,0.77,3778,4410,0.01,-0.4,0.92,-1.09,5.8,485,8.72,,,4066,3819,4410,4490,0.44,واگرایی منفی RSI | واگرایی منفی | حد ضرر دور (9.7٪) | نقدشوندگی کمتر از ۱۰ میلیارد تومان
ساوه,سیمان ساوه,سیمان، آهک و گچ,43.3,خنثی,40,20,42,67,10450,20260927,-5.3,-0.3,-20.2,-60.8,-4.4,-0.1,21.6,44.5,2,0,false,19.3,3.89,below,-32.9,0.72,10090,10650,0.45,1.36,0.66,-16.04,18.13,1489,7.02,6.69,4.9,10090,9887,10650,11430,0.35,سرانه خرید ضعیف (0.66)
شرنگی,شیمیایی رنگین,محصولات شیمیایی,43.2,خنثی,100,55,4.8,4,19150,20260927,-2.5,-0.3,61,20.5,1.3,18.7,62.6,61.5,1,0,false,42.3,4.07,above,-5.3,0.53,17681,20227,-2.91,-10.19,0.95,-1.67,3.2,317,60.41,8.01,654.2,18370,17291,20227,21786,0.58,واگرایی منفی RSI | خروج مستمر پول حقیقی | P/E بالا (60) | 63٪ بالای MA200 | واگرایی منفی | حد ضرر دور (9.7٪) | نقدشوندگی کمتر از ۱۰ میلیارد تومان
خپارس,پارس خودرو,خودرو و ساخت قطعات,43.2,خنثی,100,50,2.8,10,2035,20260927,-4.8,34.6,93.6,53.1,8.5,40.2,108.7,72,11,2,false,62.6,3.37,above,-10.2,1.32,1216,2266,-47.45,-54.5,0.83,-40.81,79.13,,,,,1966,1898,2266,2403,1.69,بدون EPS مثبت | سهم صفی: 11 روز از ۲۰ روز در صف (ریسک نقدشوندگی و اجرای حد ضرر) | رشد عمودی (94٪ در ۶۰ روز، 40٪ بالای MA50) | 109٪ بالای MA200 | صف فروش در ۵ روز اخیر
دروز,داروسازی‌ روزدارو,مواد و محصولات دارویی,43.2,خنثی,100,50,8.6,4,27940,20260927,-3.3,45.3,196.6,156.1,12.4,47.8,118,78.1,7,0,false,59.1,3.22,above,-6.1,1.91,18716,29757,-12.37,-1.81,1.04,-12.86,5.14,164,170.37,12.91,1219.6,27041,26141,29757,31556,1.01,اشباع خرید | سهم صفی: 7 روز از ۲۰ روز در صف (ریسک نقدشوندگی و اجرای حد ضرر) | رشد عمودی (197٪ در ۶۰ روز، 48٪ بالای MA50) | P/E بالا (170) | 118٪ بالای MA200 | نقدشوندگی کمتر از ۱۰ میلیارد تومان
زدشت,کشت و صنعت دشت خرم دره,زراعت و خدمات وابسته,43.1,خنثی,90,35,2.5,34,9540,20260927,-3.3,-2,16.9,-23.6,-2,9.1,50.2,50.9,0,0,false,33.1,4.26,above,-11.3,0.8,8970,10180,-2.73,-11.87,0.84,-7.42,15.59,1023,9.33,8.07,15.6,9134,8767,10180,10750,0.83,واگرایی منفی RSI | 50٪ بالای MA200 | واگرایی منفی | حد ضرر دور (8.1٪)
کارام,صنایع سرام آرا,کاشی و سرامیک,43.1,خنثی,90,80,50.5,10,2034,20260922,9.8,12.7,-8.7,-49.2,11.5,19.7,0.3,67.5,3,0,true,25.1,3.33,above,-24.6,0.99,1968,2122,-0.03,0.44,3.21,0.07,0.49,,,,,1968,1934,2122,2166,0.88,نقدشوندگی پایین | بدون EPS مثبت | عرضه حقوقی به حقیقی (0 میلیارد تومان در ۲۰ روز) | نقدشوندگی کمتر از ۱۰ میلیارد تومان | آخرین معامله 20260922 (متوقف یا کم‌معامله)
قنقش,قند نقش جهان,قند و شکر,43,خنثی,90,65,2,10,1940,20260927,-0.9,4.6,41,0.5,2,9.8,4.4,57.7,1,0,false,27.8,4.31,above,-30.1,1.22,1865,1960,-11.48,-2.95,0.47,-17.07,5.04,,,,,1865,1823,1960,2008,0.17,بدون EPS مثبت | سرانه خرید ضعیف (0.47) | نقدشوندگی کمتر از ۱۰ میلیارد تومان
قلرست,قند لرستان‌,قند و شکر,43,خنثی,70,50,1,47,28120,20260927,-7.8,7.9,49.1,8.6,-6.8,11.9,91.9,48.1,8,1,false,44.9,3.7,above,-16.7,0.45,26630,33750,-0.3,-2.73,0.78,-7.58,12.38,3057,9.2,9.8,-6.1,27078,26109,33750,35834,2.8,سهم صفی: 8 روز از ۲۰ روز در صف (ریسک نقدشوندگی و اجرای حد ضرر) | 92٪ بالای MA200 | سرانه خرید ضعیف (0.78) | حد ضرر دور (7.2٪) | صف فروش در ۵ روز اخیر
خبازرس,بازرسی مهندسی و صنعتی ایران,فعالیت مهندسی، تجزیه، تحلیل و آزمایش فنی,42.8,خنثی,85,65,35,42,27740,20260926,2.9,-1.3,83,42.5,-1.8,11,76.4,53.8,1,0,false,34.8,4.21,above,-13.8,0.72,27160,28370,-0.82,-2.8,2.12,0.53,1.25,2944,9.42,,,27160,26576,28370,30130,0.54,نقدشوندگی پایین | خروج مستمر پول حقیقی | 76٪ بالای MA200 | نقدشوندگی کمتر از ۱۰ میلیارد تومان | آخرین معامله 20260926 (متوقف یا کم‌معامله)
ورنا,سرمایه‌گذاری‌ رنا(هلدینگ‌,خودرو و ساخت قطعات,42.6,خنثی,90,38,2,30,7090,20260927,-8.4,3.1,30.6,-10,-5.4,13.6,46.8,49,3,1,false,53.7,3.97,above,-11.3,0.68,6980,7975,-49.86,-90.21,0.39,-180.54,117.96,218,32.52,,,6980,6839,7975,8538,3.53,واگرایی منفی RSI | P/E بالا (33) | 152٪ بالای کف ۵۲ هفته | سرانه خرید ضعیف (0.39) | واگرایی منفی | صف فروش در ۵ روز اخیر
زفکا,کشت و دامداری فکا,زراعت و خدمات وابسته,42.5,خنثی,70,45,16,34,8160,20260927,-3.4,1.5,15.9,-24.6,-1.1,4.7,48.6,50.9,1,0,false,16.7,4.01,above,-11.4,0.69,7815,8470,-24.09,10.53,0.75,-36.25,25.47,910,8.97,8.07,11.1,7832,7651,8470,9210,0.61,عرضه حقوقی به حقیقی (-23 میلیارد تومان در ۲۰ روز) | 228٪ بالای کف ۵۲ هفته | سرانه خرید ضعیف (0.75)
ثقزوی,شرکت عمران و سازندگی قزوین,انبوه سازی، املاک و مستغلات,42.4,خنثی,100,65,27.5,30,2804,20260926,-6.6,27.2,96.7,56.2,6.9,36,50.7,66.8,7,3,false,64.7,3.33,above,-11.6,0.46,2372,3172,0,8.64,0.64,-0.68,2.36,35,80.11,,,2711,2617,3172,3359,1.97,نقدشوندگی پایین | سهم صفی: 7 روز از ۲۰ روز در صف (ریسک نقدشوندگی و اجرای حد ضرر) | رشد عمودی (97٪ در ۶۰ روز، 36٪ بالای MA50) | P/E بالا (80) | عرضه حقوقی به حقیقی (-9 میلیارد تومان در ۲۰ روز) | 51٪ بالای MA200 | سرانه خرید ضعیف (0.64) | نقدشوندگی کمتر از ۱۰ میلیارد تومان | صف فروش در ۵ روز اخیر | آخرین معامله 20260926 (متوقف یا کم‌معامله)
فسدید,لوله‌وتجهیزات‌ سدید,فلزات اساسی,42.3,خنثی,90,70,15.2,10,153300,20260926,15.7,69.1,60.9,20.3,28.2,58,53.1,96.7,16,0,true,73.1,2.15,above,0,0.72,119000,,0,0.11,0.81,-7.01,3.74,,,,,149997,146693,163210,169817,1.5,اشباع خرید | فاصله زیاد از MA20 | بدون EPS مثبت | سهم صفی: 16 روز از ۲۰ روز در صف (ریسک نقدشوندگی و اجرای حد ضرر) | رشد عمودی (61٪ در ۶۰ روز، 58٪ بالای MA50) | عرضه حقوقی به حقیقی (0 میلیارد تومان در ۲۰ روز) | 53٪ بالای MA200 | نقدشوندگی کمتر از ۱۰ میلیارد تومان | آخرین معامله 20260926 (متوقف یا کم‌معامله)
ختراک,ریخته‌گری‌ تراکتورسازی‌ ایران‌,خودرو و ساخت قطعات,42.1,خنثی,70,20,16.5,52,1608,20260927,-5.2,-6.8,6.1,-34.4,-3.4,1.8,4.5,46.5,2,0,false,17,3.91,above,-20.5,0.87,1569,1679,-6.36,5.79,0.56,-12.85,7.22,206,7.81,,,1569,1537,1679,1718,1,واگرایی منفی RSI | عرضه حقوقی به حقیقی (-9 میلیارد تومان در ۲۰ روز) | سرانه خرید ضعیف (0.56) | واگرایی منفی | نقدشوندگی کمتر از ۱۰ میلیارد تومان
فباهنر,مس‌ شهیدباهنر,فلزات اساسی,42,خنثی,70,30,0,60,12020,20260927,-4,6.1,13.5,-27,-4.3,8.6,44.8,49.7,3,0,false,31.1,3.62,above,-14.8,0.95,11436,14110,-102.4,-104.74,0.52,-193.35,95.34,1069,11.24,13.48,-16.6,11585,11218,14110,14980,2.61,خروج مستمر پول حقیقی | 180٪ بالای کف ۵۲ هفته | سرانه خرید ضعیف (0.52)
رکیش,کارت اعتباری ایران کیش,رایانه و فعالیت‌های وابسته به آن,41.8,خنثی,70,50,3.3,40,2472,20260927,-3.4,-5.9,41.3,0.8,-6.8,4.6,38.4,45.9,2,0,false,35.4,4.17,above,-14.9,0.77,2325,2510,-0.37,-2.21,0.89,-3.49,4.49,141,17.53,18.19,-3.6,2369,2273,2510,2554,0.19,واگرایی منفی RSI | واگرایی منفی | حد ضرر دور (8.0٪) | نقدشوندگی کمتر از ۱۰ میلیارد تومان
فلات,گروه صنایع معادن فلات ایرانیان,سرمایه گذاریها,41.6,خنثی,100,70,20.5,10,28100,20260927,11.9,46.6,172,131.5,25.3,55.2,102.3,92.6,12,0,true,69.9,2.64,above,0,0.92,19650,,-7.42,-17.75,3.68,-2.29,2.29,,,,,27357,26614,30328,31814,1.5,نقدشوندگی پایین | اشباع خرید | فاصله زیاد از MA20 | خروج مستمر پول حقیقی | بدون EPS مثبت | سهم صفی: 12 روز از ۲۰ روز در صف (ریسک نقدشوندگی و اجرای حد ضرر) | رشد عمودی (172٪ در ۶۰ روز، 55٪ بالای MA50) | 102٪ بالای MA200 | نقدشوندگی کمتر از ۱۰ میلیارد تومان
کساپا,سایپاشیشه‌,سایر محصولات کانی غیرفلزی,41.4,خنثی,65,20,61.5,10,3550,20260927,-3.5,-4.6,12.8,-27.8,-2.7,5.5,22.2,49.2,2,0,false,28.4,3.74,above,-11,0.64,3490,3790,0.3,0.74,2.93,-4.72,5.04,,,12.75,,3490,3424,3790,3990,1.9,واگرایی منفی RSI | بدون EPS مثبت | عرضه حقوقی به حقیقی (0 میلیارد تومان در ۲۰ روز) | واگرایی منفی | نقدشوندگی کمتر از ۱۰ میلیارد تومان
تمحرکه,ماشین سازی نیرو محرکه,ماشین آلات و تجهیزات,41.4,خنثی,90,65,15.5,30,8410,20260927,-12.7,10.1,49.1,8.6,-1.2,12.2,16.6,51.6,6,1,false,53.4,3.3,above,-16.7,1,8167,8530,0,0.09,0.61,-1.37,1.38,5,1682,,,8167,8028,8530,8865,0.31,نقدشوندگی پایین | سهم صفی: 6 روز از ۲۰ روز در صف (ریسک نقدشوندگی و اجرای حد ضرر) | P/E بالا (1682) | عرضه حقوقی به حقیقی (0 میلیارد تومان در ۲۰ روز) | سرانه خرید ضعیف (0.61) | نقدشوندگی کمتر از ۱۰ میلیارد تومان | صف فروش در ۵ روز اخیر
گشان,توسعه بین المللی پدیده شاندیز,هتل و رستوران,41.2,خنثی,70,40,6.9,42,27020,20260927,-5.4,-11.8,43.6,3,-6.9,-0.2,41.2,40.6,1,0,false,34.4,4.3,above,-14.9,0.9,26018,28050,-10.61,-36.22,1.06,-2.21,12.67,3153,8.57,,,26018,25437,28050,29990,0.65,واگرایی منفی RSI | خروج مستمر پول حقیقی | واگرایی منفی
کمرجان,بازرگانی و تولیدی مرجان کار,سایر محصولات کانی غیرفلزی,41.1,خنثی,90,45,1.5,19,4490,20260927,-6.1,3.7,-10.1,-50.6,-0.2,8.3,34.5,52.4,2,0,false,28.3,3.62,above,-14.8,0.82,4400,4630,-7.57,-12.14,0.8,-10.48,8.88,299,15.02,10.33,45.4,4400,4319,4630,5180,0.82,خروج مستمر پول حقیقی | سرانه خرید ضعیف (0.80) | نقدشوندگی کمتر از ۱۰ میلیارد تومان
کوچین,تولیدی کوچین,محصولات غذایی و آشامیدنی به جز قند و شکر,41,خنثی,65,20,13,57,16160,20260927,-3.3,-1.8,30.3,-10.2,-5.7,3.6,,47,3,0,false,35.9,3.9,above,-15.6,0.62,15940,17250,-32.96,-129.74,1.24,-28.65,50.7,2530,6.39,7.05,-9.4,15940,15625,17250,19140,2.04,خروج مستمر پول حقیقی | 289٪ بالای کف ۵۲ هفته
فاذر,صنایع‌ آذرآب‌,ساخت محصولات فلزی,40.9,خنثی,70,55,21.5,14,1556,20260927,-5.1,-0.3,66.8,26.2,-0.9,12,52.3,53,5,1,false,34.7,3.85,above,-13.4,1.04,1456,1638,-23.71,-31.38,2.39,-51.3,31.12,60,25.93,7.54,243.9,1496,1426,1638,1796,0.63,خروج مستمر پول حقیقی | 52٪ بالای MA200 | حد ضرر دور (8.4٪) | صف فروش در ۵ روز اخیر
وفیروزه,گروه توسعه مالی فیروزه,سرمایه گذاریها,40.9,خنثی,58,53,35.5,16,5150,20260927,0.4,-6.2,38.4,-2.1,-1.3,5,,52.1,2,0,false,19.8,3.47,,-9.3,0.44,5000,5495,-12.79,-115.93,4.07,20.6,20.73,451,11.42,7.13,60.2,5000,4911,5495,5680,1.44,واگرایی منفی RSI | خروج مستمر پول حقیقی | واگرایی منفی
خکار,ایرکا پارت صنعت,خودرو و ساخت قطعات,40.6,خنثی,70,20,2.4,60,1787,20260927,-3.1,-5.7,27.6,-13,-3.7,5,38.3,48.2,1,0,false,25.6,3.89,above,-12.7,0.61,1738,1812,-4.32,-23.85,0.86,-8.4,13.01,504,3.55,,,1738,1703,1812,1940,0.3,واگرایی منفی RSI | خروج مستمر پول حقیقی | واگرایی منفی
گنگین,گروه اقتصادی مالی نگین,شرکتهای چند رشته ای صنعتی,40.5,خنثی,100,35,22,32,17530,20260927,2,20.2,74.1,33.6,6.9,22.9,73.5,83.9,1,1,false,57.9,2.93,above,-1.3,1.05,16570,17760,-0.54,-6.05,2.63,-0.24,1.43,1700,10.31,,,17016,16313,17760,18788,0.19,نقدشوندگی پایین | اشباع خرید | خروج مستمر پول حقیقی | 73٪ بالای MA200 | نقدشوندگی کمتر از ۱۰ میلیارد تومان | صف فروش در ۵ روز اخیر
شتهران,داروسازی تهران شیمی,مواد و محصولات دارویی,40.3,خنثی,50,70,35,70,6650,20260926,2.3,8.6,-18.5,-59,5.3,0.1,-23.5,63.8,20,0,true,37.7,0.94,below,-41,0.7,5950,6888,0,0,3.8,0.19,0.09,1711,3.89,,,6588,6526,6888,7072,1.92,نقدشوندگی پایین | سهم صفی: 20 روز از ۲۰ روز در صف (ریسک نقدشوندگی و اجرای حد ضرر) | نقدشوندگی کمتر از ۱۰ میلیارد تومان | آخرین معامله 20260926 (متوقف یا کم‌معامله)
بپاس,بیمه پاسارگاد,بیمه وصندوق بازنشستگی به جزتامین اجتماعی,40,خنثی,100,45,0,4,12830,20260927,1.3,3.4,59,18.5,2.5,11.5,77.6,83.7,0,0,false,26.2,1.79,above,-0.2,0.86,12300,,-43.91,-188.97,0.33,-37.5,13.42,484,26.51,18.13,46.2,12600,12255,13520,13980,1.2,اشباع خرید | خروج مستمر پول حقیقی | 78٪ بالای MA200 | سرانه خرید ضعیف (0.33)
فسا,پتروشیمی فسا,محصولات شیمیایی,40,خنثی,100,50,35,25,782,20260922,4.7,12.2,14.2,-26.3,9.5,16.7,22,80.1,15,0,true,48.6,1.87,above,-1.1,0.55,755,,-0.11,-0.11,7.44,0.26,0.14,47,16.64,,,767,747,826,855,1.27,نقدشوندگی پایین | اشباع خرید | سهم صفی: 15 روز از ۲۰ روز در صف (ریسک نقدشوندگی و اجرای حد ضرر) | نقدشوندگی کمتر از ۱۰ میلیارد تومان | آخرین معامله 20260922 (متوقف یا کم‌معامله)
ختوقا,قطعات‌ اتومبیل‌ ایران‌,خودرو و ساخت قطعات,40,اجتناب,85,30,3.8,30,5190,20260927,-2.6,-6,15.9,-24.6,-6.3,4.4,28.5,46.5,0,0,false,35.4,4.27,above,-14.4,0.68,4726,5490,-2.69,-7.15,0.89,-2.9,15.66,127,40.87,,,4968,4636,5490,5820,0.54,واگرایی منفی RSI | P/E بالا (41) | واگرایی منفی | حد ضرر دور (10.7٪)
تبرک,گروه کارخانجات صنعتی تبرک,محصولات غذایی و آشامیدنی به جز قند و شکر,39.9,اجتناب,70,50,1.7,34,19570,20260927,-7.3,5.8,41,0.5,-5.7,4.8,38.8,47,5,0,false,25.7,4.12,above,-16.2,0.62,18801,23340,-1.79,-1.03,0.85,-2.7,4.6,2192,8.93,7.05,26.6,18801,18398,23340,24951,3.22,نقدشوندگی کمتر از ۱۰ میلیارد تومان
تپمپی,پمپ‌ سازی‌ ایران‌,ماشین آلات و تجهیزات,39.8,اجتناب,100,65,11.2,16,7370,20260927,0.1,7.9,42,1.5,2.9,17.2,68.7,61.4,0,0,false,46.5,3.57,above,-6.7,1.89,7135,7900,-3.46,-11.83,0.83,-2.31,2.94,787,9.36,5.15,81.8,7135,7003,7900,8426,1.45,نقدشوندگی پایین | واگرایی منفی RSI | خروج مستمر پول حقیقی | 69٪ بالای MA200 | واگرایی منفی | نقدشوندگی کمتر از ۱۰ میلیارد تومان
شفام,تولیدی و صنعتی گوهرفام,محصولات شیمیایی,39.5,اجتناب,70,20,23.9,34,2558,20260927,-9.1,-1,26.7,-13.8,-5.9,2.4,25.5,45.2,4,0,false,31.9,3.89,above,-16.9,1.08,2502,2634,-3.69,3.47,1.06,-0.36,4.87,282,9.07,8.01,13.2,2502,2452,2634,2736,0.72,عرضه حقوقی به حقیقی (-5 میلیارد تومان در ۲۰ روز) | نقدشوندگی کمتر از ۱۰ میلیارد تومان
فبیرا,بسته‌ بندی‌ ایران‌,ساخت محصولات فلزی,39.2,اجتناب,90,40,21.9,35,2309,20260927,-8.2,-11.6,99.7,59.2,-5.8,10.4,71.1,47.1,12,2,false,44.5,3.62,above,-17.1,0.91,2205,2711,0,0.08,1.08,-0.06,2.11,155,14.9,,,2225,2163,2711,2786,2.76,نقدشوندگی پایین | واگرایی منفی RSI | سهم صفی: 12 روز از ۲۰ روز در صف (ریسک نقدشوندگی و اجرای حد ضرر) | عرضه حقوقی به حقیقی (0 میلیارد تومان در ۲۰ روز) | 71٪ بالای MA200 | واگرایی منفی | نقدشوندگی کمتر از ۱۰ میلیارد تومان | صف فروش در ۵ روز اخیر
کرمان,س. توسعه و عمران استان کرمان,انبوه سازی، املاک و مستغلات,39,اجتناب,90,20,18,14,1370,20260927,-10.3,-1.8,23,-17.5,-6.1,9.2,29.6,46.5,4,1,false,51.8,3.7,above,-16.5,0.96,1334,1454,-8.93,16.45,0.5,-142.96,76.64,2,685,23.59,2803.8,1334,1309,1454,1640,1.37,واگرایی منفی RSI | P/E بالا (685) | عرضه حقوقی به حقیقی (-32 میلیارد تومان در ۲۰ روز) | سرانه خرید ضعیف (0.50) | واگرایی منفی | صف فروش در ۵ روز اخیر
بالاس,مهندسی ساختمان تاسیسات راه آهن,پیمانکاری صنعتی,38.8,اجتناب,44,20,41.5,45,48210,20260927,-1,-1.1,-17.9,-58.4,-4.6,1.8,-10,44.4,1,0,false,18.2,4,inside,-40.9,0.54,46430,49900,0.02,5.4,0.7,-12.23,14.85,1907,25.28,25.78,-1.9,46430,45465,49900,50860,0.62,عرضه حقوقی به حقیقی (-5 میلیارد تومان در ۲۰ روز) | سرانه خرید ضعیف (0.70)
سلیم,سرمایه گذاری سلیم,سرمایه گذاریها,38.8,اجتناب,65,30,6.3,47,1324,20260927,-0.8,-5.4,20.8,-19.7,-2.9,3.3,20.6,49,0,0,false,30.7,3.88,above,-12.6,1,1309,1491,-4.05,-17.56,1.03,-3.75,10.95,146,9.07,8.73,3.9,1309,1283,1491,1578,4.1,واگرایی منفی RSI | خروج مستمر پول حقیقی | واگرایی منفی
خکاوه,سایپا دیزل,خودرو و ساخت قطعات,38.7,اجتناب,70,40,3.7,35,876,20260927,-4.7,-4.1,54.8,14.2,-4.6,6,26.3,48.1,0,0,false,30.8,4.01,above,-13.7,0.84,796,891,-6.13,-23.27,0.89,-20.61,52.3,53,16.53,,,841,788,891,947,0.17,واگرایی منفی RSI | واگرایی منفی | حد ضرر دور (10.0٪)
وپاسار,بانک  پاسارگاد,بانکها و موسسات اعتباری,38.3,اجتناب,41,12,68.5,26,8920,20260927,-10.1,-19.3,-13.6,-54.1,-12.8,-10.7,30.2,29.7,1,1,false,36,3.92,inside,-22,0.68,8100,9640,688.08,6247.62,0.58,6.05,533.22,813,10.97,5.4,103.2,8570,8046,9640,9860,0.82,عرضه حقوقی به حقیقی (-6222 میلیارد تومان در ۲۰ روز) | 176٪ بالای کف ۵۲ هفته | سرانه خرید ضعیف (0.58) | حد ضرر دور (9.8٪) | صف فروش در ۵ روز اخیر
وهنر,گروه توسعه هنر ایران,فعالیت های هنری، سرگرمی و خلاقانه,38.3,اجتناب,65,45,29.2,10,4490,20260927,-4.1,9.2,24.8,-15.7,-1.7,13,-28.3,54.4,0,0,false,29.3,3.83,above,-54.7,1.5,4430,4850,0.35,-11.78,0.87,-2.99,4.79,,,,,4430,4344,4850,4980,2.47,واگرایی منفی RSI | خروج مستمر پول حقیقی | بدون EPS مثبت | واگرایی منفی | نقدشوندگی کمتر از ۱۰ میلیارد تومان
اروند,پتروشیمی اروند,محصولات شیمیایی,38,اجتناب,81,30,11.6,19,52200,20260927,-6.4,7,-14.6,-55.2,-3.9,5.9,,47.3,2,0,false,38.8,3.57,inside,-22.6,0.98,50684,54323,-190.03,-233.26,1.22,-51.08,113.48,3275,15.94,9.63,65.5,50684,49752,54323,58131,0.87,خروج مستمر پول حقیقی | شناوری کم (13٪)
شلیا,شرکت مواد ویژه لیا,سایر محصولات کانی غیرفلزی,37.8,اجتناب,100,60,3.3,20,23100,20260927,2.5,35.9,109.4,68.9,13.6,46.7,143.2,82.6,3,0,true,77.3,3.18,above,-3.3,0.95,12055,23880,0,0,0.93,-1,2.88,1094,21.12,,,22366,21633,23880,25347,0.53,نقدشوندگی پایین | اشباع خرید | رشد عمودی (109٪ در ۶۰ روز، 47٪ بالای MA50) | 143٪ بالای MA200 | نقدشوندگی کمتر از ۱۰ میلیارد تومان
قاروم,قند ارومیه,قند و شکر,37.6,اجتناب,100,23,30,42,116800,20260922,1,9.8,34.7,-5.8,3.4,12,38.5,99.5,17,0,false,95.1,0.91,above,-0.9,0.31,86825,,0,0,1.4,0,0.09,22219,5.26,,,115741,114682,119978,122096,1.5,نقدشوندگی پایین | اشباع خرید | سهم صفی: 17 روز از ۲۰ روز در صف (ریسک نقدشوندگی و اجرای حد ضرر) | نقدشوندگی کمتر از ۱۰ میلیارد تومان | آخرین معامله 20260922 (متوقف یا کم‌معامله)
کقزوی,شیشه‌ قزوین‌,سایر محصولات کانی غیرفلزی,37.5,اجتناب,70,55,11.9,10,793,20260927,-4.6,-4.2,79.8,39.3,-3.8,10.2,32.4,50.8,0,0,false,40.8,3.96,above,-13.8,0.52,778,801,0,-4.14,1.24,-0.2,6.38,,,,,778,762,801,838,0.26,واگرایی منفی RSI | بدون EPS مثبت | واگرایی منفی | نقدشوندگی کمتر از ۱۰ میلیارد تومان
درهآور,دارویی ره آورد تامین,مواد و محصولات دارویی,37.4,اجتناب,65,30,0.5,47,14930,20260927,2.1,-4.4,30.4,-10.1,-5.6,3.7,39.9,46.9,1,0,false,30.3,4,above,-16.5,0.81,13780,15160,-8.77,-75.94,0.62,-21.93,18.59,1808,8.26,8.86,-6.8,14332,13481,15160,16790,0.16,واگرایی منفی RSI | خروج مستمر پول حقیقی | سرانه خرید ضعیف (0.62) | واگرایی منفی | حد ضرر دور (9.7٪)
سغرب,سیمان‌غرب‌,سیمان، آهک و گچ,37.2,اجتناب,56,30,0.5,57,7960,20260927,1.5,-6.2,-1.6,-42.1,-3.6,0.4,10.9,45.7,0,0,false,22.3,3.68,inside,-21,0.43,7490,8318,-1.87,-12.64,0.59,-6.41,8.18,1220,6.52,7.14,-8.6,7667,7344,8318,8670,0.58,خروج مستمر پول حقیقی | سرانه خرید ضعیف (0.59) | حد ضرر دور (7.7٪) | نقدشوندگی کمتر از ۱۰ میلیارد تومان
نبابک,نساجی بابکان,منسوجات,37.1,اجتناب,60,20,36.5,24,8030,20260927,-3.7,-8,28.7,-11.8,-4.5,8.5,7.8,49,0,0,false,30.4,4.17,above,-33.6,0.6,7832,8220,-6.43,-15.62,3.3,12.37,10.65,351,22.88,14.29,60.1,7832,7665,8220,8536,0.52,واگرایی منفی RSI | خروج مستمر پول حقیقی | واگرایی منفی
غنوش,نوش‌ مازندران‌,محصولات غذایی و آشامیدنی به جز قند و شکر,37,اجتناب,70,30,26,14,17280,20260927,-6.7,1.8,8.4,-32.1,-3.2,1.3,38,47.7,5,0,false,22,3.62,above,-14.1,0.43,16940,18050,-49.2,154.67,0.68,-53.17,80.77,487,35.48,8.53,316,16940,16628,18050,19740,1.18,P/E بالا (35) | عرضه حقوقی به حقیقی (-155 میلیارد تومان در ۲۰ روز) | 183٪ بالای کف ۵۲ هفته | سرانه خرید ضعیف (0.68)
بپردیس,بیمه پردیس,بیمه وصندوق بازنشستگی به جزتامین اجتماعی,37,اجتناب,90,75,0,20,2956,20260927,-0.4,7.5,105.9,65.4,-0.4,26,76.7,60.1,5,0,false,41.8,3.31,above,-9.4,0.69,2818,3264,-1.64,-3.61,0.59,-0.54,0.81,129,22.91,,,2858,2769,3264,3459,1.65,نقدشوندگی پایین | واگرایی منفی RSI | خروج مستمر پول حقیقی | رشد عمودی (106٪ در ۶۰ روز، 26٪ بالای MA50) | 77٪ بالای MA200 | سرانه خرید ضعیف (0.59) | واگرایی منفی | نقدشوندگی کمتر از ۱۰ میلیارد تومان
تپولا,مهندسی مرآت پولاد,خدمات فنی و مهندسی,37,اجتناب,90,53,27.6,10,18590,20260927,-8.5,8.1,36.8,-3.7,-0.8,11,25.9,51.4,6,1,false,41.5,4.06,above,-14.1,0.74,18370,19390,0,0,1.3,1.16,1.41,,,,,18370,17992,19390,21640,1.34,نقدشوندگی پایین | بدون EPS مثبت | سهم صفی: 6 روز از ۲۰ روز در صف (ریسک نقدشوندگی و اجرای حد ضرر) | نقدشوندگی کمتر از ۱۰ میلیارد تومان | صف فروش در ۵ روز اخیر
شلعاب,لعابیران‌,محصولات شیمیایی,36.5,اجتناب,90,35,1,9,1268,20260927,-0.4,-1.9,20.6,-19.9,-0.6,9,39.6,53.5,2,0,false,32.8,3.75,above,-9.5,1,1199,1319,-0.22,-2.67,0.71,-10.45,7.09,70,18.11,9.63,88.1,1220,1175,1319,1401,0.55,واگرایی منفی RSI | سرانه خرید ضعیف (0.71) | واگرایی منفی | حد ضرر دور (7.3٪) | نقدشوندگی کمتر از ۱۰ میلیارد تومان
حفارس,حمل و نقل بین المللی خلیج فارس,حمل ونقل، انبارداری و ارتباطات,36.4,اجتناب,100,50,1.5,4,9040,20260923,-1.2,44.4,102.1,61.6,12.7,41.3,149.2,79,4,1,false,69.5,2.9,above,-4,0.75,5640,9420,-52.02,-48.14,0.75,-11.82,32.48,149,60.67,19.33,213.9,8778,8516,9420,9944,0.73,اشباع خرید | خروج مستمر پول حقیقی | رشد عمودی (102٪ در ۶۰ روز، 41٪ بالای MA50) | P/E بالا (61) | 149٪ بالای MA200 | سرانه خرید ضعیف (0.75) | صف فروش در ۵ روز اخیر | آخرین معامله 20260923 (متوقف یا کم‌معامله)
بزاگرس,نیروگاه زاگرس کوثر,عرضه برق، گاز، بخاروآب گرم,36.4,اجتناب,65,28,26,19,7590,20260927,-5.6,-5.6,32.7,-7.8,-9.1,9.2,43.7,45.2,1,0,false,37.5,4.16,above,-19.5,0.47,6123,9430,-1.47,12.56,0.73,-4.76,9.39,466,16.29,10.04,62.2,7275,6959,9430,10061,2.92,عرضه حقوقی به حقیقی (-13 میلیارد تومان در ۲۰ روز) | سرانه خرید ضعیف (0.73) | حد ضرر دور (8.3٪) | نقدشوندگی کمتر از ۱۰ میلیارد تومان
حگهر,حمل و نقل گهرترابر سیرجان,حمل ونقل، انبارداری و ارتباطات,36.2,اجتناب,46,20,26.5,67,2843,20260926,-7.4,-6.2,15.3,-25.2,-5.1,-2.3,6.6,42.9,4,1,false,20.1,3.55,inside,-30.9,0.53,2784,2921,-5.84,22.56,0.51,-8.51,7.43,397,7.16,7.68,-6.8,2784,2734,2921,3120,0.71,واگرایی منفی RSI | عرضه حقوقی به حقیقی (-22 میلیارد تومان در ۲۰ روز) | سرانه خرید ضعیف (0.51) | واگرایی منفی | نقدشوندگی کمتر از ۱۰ میلیارد تومان | صف فروش در ۵ روز اخیر | آخرین معامله 20260926 (متوقف یا کم‌معامله)
غپونه,نوش پونه مشهد,محصولات غذایی و آشامیدنی به جز قند و شکر,35.8,اجتناب,46,30,7,57,8360,20260927,-6.7,0.7,9,-31.5,-3.7,-2.4,70,45.7,3,0,false,21.8,3.89,inside,-15.4,0.52,8064,8481,-4.26,-15.3,1.04,-8.08,16.29,1310,6.38,7.05,-9.5,8064,7901,8481,8790,0.26,70٪ بالای MA200
ثنوسا,نوسازی‌وساختمان‌تهران‌,انبوه سازی، املاک و مستغلات,35.6,اجتناب,65,30,26.5,14,8700,20260927,-3.2,-11,28.9,-11.6,-8.2,3,28.3,43.4,2,0,false,33.5,3.82,above,-19.1,0.88,8525,9040,3.48,-4.4,0.76,-8.24,9.13,62,140.32,6.61,2022.9,8525,8359,9040,9380,1,واگرایی منفی RSI | P/E بالا (140) | سرانه خرید ضعیف (0.76) | واگرایی منفی | نقدشوندگی کمتر از ۱۰ میلیارد تومان
کدما,معدنی‌ دماوند,استخراج کانه های فلزی,35.5,اجتناب,70,20,2,40,85050,20260927,-8.1,-6.2,12.5,-28.1,-3.2,5.8,47.5,48.1,4,0,false,27.9,3.66,above,-14.2,1.04,83300,91475,-6.62,-10.46,0.49,-37.64,16.14,6579,12.93,13.76,-6.1,83300,81742,91475,99130,1.94,واگرایی منفی RSI | 166٪ بالای کف ۵۲ هفته | سرانه خرید ضعیف (0.49) | واگرایی منفی
حشکوه,دلیجان طلایی شکوه پارس,حمل ونقل، انبارداری و ارتباطات,35.4,اجتناب,21,8,70,40,1250,20260927,-9.2,-8,-14.3,-54.8,-8.5,-0.9,-3.5,39.6,3,0,false,24.5,3.98,inside,-27.6,0.69,1237,1271,1.38,17.2,0.94,0.15,9.92,28,44.64,,,1237,1213,1271,1298,0.56,واگرایی منفی RSI | P/E بالا (45) | عرضه حقوقی به حقیقی (-17 میلیارد تومان در ۲۰ روز) | واگرایی منفی | نقدشوندگی کمتر از ۱۰ میلیارد تومان
بایکا,کارخانجات کابلسازی ‌ایران‌,ماشین آلات و دستگاه‌های برقی,35.1,اجتناب,100,50,20.5,20,30110,20260926,6,19.3,23.1,-17.4,12.1,21.5,36.7,81.4,1,0,true,37.3,3.66,above,-0.1,1.12,28962,,-1.99,-3.68,1.96,-1.76,0.84,523,57.57,,,29008,28411,33416,35619,1.95,نقدشوندگی پایین | اشباع خرید | خروج مستمر پول حقیقی | P/E بالا (58) | نقدشوندگی کمتر از ۱۰ میلیارد تومان | آخرین معامله 20260926 (متوقف یا کم‌معامله)
خفناور,مهندسی صنعتی روان فن آور,خودرو و ساخت قطعات,35.1,اجتناب,90,53,0,30,23330,20260927,-4.1,0.8,35,-5.5,-2.3,10.1,23.9,51.8,1,0,false,35.9,4.17,above,-12.6,0.7,22400,23800,-2.28,-2.89,0.64,-3.04,2.76,344,67.82,,,22400,21914,23800,26700,0.33,نقدشوندگی پایین | واگرایی منفی RSI | خروج مستمر پول حقیقی | P/E بالا (68) | سرانه خرید ضعیف (0.64) | واگرایی منفی | نقدشوندگی کمتر از ۱۰ میلیارد تومان
وایران,لیزینگ ایرانیان,سایر واسطه گریهای مالی,34.3,اجتناب,40,30,41,24,4880,20260927,-2,-13.2,-0.8,-41.3,-9.4,1.9,-27.8,41.5,0,0,false,34.7,4.12,above,-61,0.62,4740,5099,0.23,0.26,0.71,-7.4,9.23,200,24.4,9.94,145.5,4740,4639,5099,5957,0.91,عرضه حقوقی به حقیقی (0 میلیارد تومان در ۲۰ روز) | سرانه خرید ضعیف (0.71) | نقدشوندگی کمتر از ۱۰ میلیارد تومان
اپرداز,آتیه داده پرداز,اطلاعات و ارتباطات,34.2,اجتناب,70,30,1.8,27,4970,20260927,-8.3,3.1,18.9,-21.6,-6.8,4.3,38.1,45.4,2,0,false,40.2,3.88,above,-17.7,1.02,4514,6040,-17.33,-32.19,0.85,-19.77,10.08,332,14.97,11.65,28.5,4777,4487,6040,6426,2.22,خروج مستمر پول حقیقی | حد ضرر دور (9.7٪)
قشکر,شکر,قند و شکر,34,اجتناب,70,50,2,10,4990,20260927,-10.9,0.4,92.8,52.3,-8.3,10.7,54.3,46.3,7,2,false,44.3,3.69,above,-19.8,0.79,4920,5320,-4.38,-0.89,0.47,-9.03,8.47,,,9.8,,4920,4828,5320,6220,2.04,بدون EPS مثبت | سهم صفی: 7 روز از ۲۰ روز در صف (ریسک نقدشوندگی و اجرای حد ضرر) | 54٪ بالای MA200 | سرانه خرید ضعیف (0.47) | نقدشوندگی کمتر از ۱۰ میلیارد تومان | صف فروش در ۵ روز اخیر
پلاسک,پلاسکوکار,لاستیک و پلاستیک,33.9,اجتناب,90,20,1.5,10,5630,20260927,-6.6,-1.7,17.5,-23,-3.4,7.4,26.6,49.1,0,0,false,36.5,4.23,above,-12.2,0.85,5400,5700,-1.29,-1.5,0.79,-4,3.6,,,8.21,,5400,5281,5700,5900,0.2,بدون EPS مثبت | سرانه خرید ضعیف (0.79) | نقدشوندگی کمتر از ۱۰ میلیارد تومان
زماهان,مجتمع تولید گوشت مرغ ماهان,زراعت و خدمات وابسته,33.7,اجتناب,70,20,24.7,10,12760,20260927,-4.2,-6.2,9.6,-30.9,-3.2,8.1,19.6,49.9,4,0,false,30.3,3.94,above,-12.2,0.7,12520,13385,-4.14,4.61,1.15,-13.01,13.49,,,8.07,,12520,12269,13385,13790,1.27,واگرایی منفی RSI | بدون EPS مثبت | عرضه حقوقی به حقیقی (-5 میلیارد تومان در ۲۰ روز) | واگرایی منفی
شارپیلن,پتروشیمی ارغوان گسترایلام,محصولات شیمیایی,33.5,اجتناب,95,50,30,10,3320,20260926,2.5,3.8,8.1,-32.4,3.1,3.9,,99.4,20,0,true,90.6,2.71,above,-10.5,2.21,3033,3711,-0.1,-0.1,2.13,-1.64,0.29,,,9.63,,3230,3140,3711,3891,2.17,نقدشوندگی پایین | اشباع خرید | بدون EPS مثبت | سهم صفی: 20 روز از ۲۰ روز در صف (ریسک نقدشوندگی و اجرای حد ضرر) | نقدشوندگی کمتر از ۱۰ میلیارد تومان | آخرین معامله 20260926 (متوقف یا کم‌معامله)
وسکاب,س.ص.بازنشستگی کارکنان بانکها,سرمایه گذاریها,33.2,اجتناب,41,30,2.5,57,3170,20260927,0.3,-15.5,20.2,-20.4,-4.2,-4.1,45.1,43.1,1,0,false,22.6,3.87,inside,-19.1,0.37,3040,3250,-7.56,-27.91,0.69,-10.61,17.07,437,7.25,7.13,1.7,3047,2979,3250,3500,0.42,خروج مستمر پول حقیقی | 175٪ بالای کف ۵۲ هفته | سرانه خرید ضعیف (0.69)
دشیمی,شیمی‌ داروئی‌ داروپخش‌,مواد و محصولات دارویی,33.1,اجتناب,65,50,0.5,14,42190,20260927,-2.5,-13.3,90,49.5,-9.7,6.8,88.1,45,1,0,false,47.5,3.74,above,-19.9,1.26,23770,46380,-8,-104.22,0.53,-33.03,14.52,2096,20.13,12.91,55.9,40613,39036,46380,51120,1.33,واگرایی منفی RSI | خروج مستمر پول حقیقی | 88٪ بالای MA200 | سرانه خرید ضعیف (0.53) | واگرایی منفی | حد ضرر دور (7.5٪)
خوساز,محورسازان‌ایران‌خودرو,خودرو و ساخت قطعات,33,اجتناب,70,20,21.8,10,18200,20260927,-3.4,-1.6,28.9,-11.6,-4.1,7.4,18.1,49.9,0,0,false,26.8,4.01,above,-13.1,0.42,17410,18630,-0.41,-17.11,0.97,0.5,5.95,,,,,17470,17045,18630,19350,0.37,خروج مستمر پول حقیقی | بدون EPS مثبت | نقدشوندگی کمتر از ۱۰ میلیارد تومان
اخشان,اخشان خراسان,زراعت و خدمات وابسته,32.9,اجتناب,78,20,36,26,16590,20260927,-7.3,-11.3,22.2,-18.3,-4.3,2.3,43.8,46.3,2,0,false,19.8,3.72,above,-12.4,0.61,16091,16765,-2.64,-10.62,3.39,1.76,2.42,1452,11.43,8.07,41.6,16091,15782,16765,18914,0.22,نقدشوندگی پایین | خروج مستمر پول حقیقی | 170٪ بالای کف ۵۲ هفته | نقدشوندگی کمتر از ۱۰ میلیارد تومان
قثابت,قند ثابت‌ خراسان‌,قند و شکر,32.6,اجتناب,41,20,51.2,14,3760,20260927,-3.8,-10,10.6,-29.9,-4.5,-3,48.7,43.1,1,0,false,30.5,4.17,inside,-15.9,0.86,3690,3990,1.79,8.12,1.17,-4.09,10.66,150,25.07,9.8,155.8,3690,3612,3990,4100,1.55,واگرایی منفی RSI | عرضه حقوقی به حقیقی (-6 میلیارد تومان در ۲۰ روز) | 173٪ بالای کف ۵۲ هفته | واگرایی منفی
کترام,تولیدی‌ کاشی‌ تکسرام‌,کاشی و سرامیک,32.5,اجتناب,70,20,16,14,3320,20260927,-4.3,-5.4,23.3,-17.2,-6.3,4,39.9,45.1,0,0,false,34,4.36,above,-14.7,0.82,3200,3365,-0.24,0.03,0.58,-9.36,5.85,18,184.44,7.65,2311,3200,3128,3365,3650,0.23,واگرایی منفی RSI | P/E بالا (184) | عرضه حقوقی به حقیقی (0 میلیارد تومان در ۲۰ روز) | سرانه خرید ضعیف (0.58) | واگرایی منفی | نقدشوندگی کمتر از ۱۰ میلیارد تومان
فرابورس,فرابورس ایران,فعالیتهای کمکی به نهادهای مالی واسط,32.4,اجتناب,78,20,1,19,7030,20260927,-9.6,-3.7,18.9,-21.6,-3.7,4.4,43.7,47.4,2,1,false,18.1,3.79,above,-12.2,0.56,6535,7320,-39.27,-123.23,0.42,-123.59,89.91,441,15.94,9.46,68.5,6764,6402,7320,7460,0.46,خروج مستمر پول حقیقی | 161٪ بالای کف ۵۲ هفته | سرانه خرید ضعیف (0.42) | حد ضرر دور (8.9٪) | صف فروش در ۵ روز اخیر
خودرو,ایران‌ خودرو,خودرو و ساخت قطعات,32.4,اجتناب,85,20,1.5,10,661,20260927,-5.2,-9.5,16.6,-23.9,-7.6,3.8,20.4,43.5,1,0,false,26.2,3.92,above,-15.9,0.7,632,674,-353.15,-938.28,0.55,-751.12,599.21,,,,,635,619,674,730,0.31,واگرایی منفی RSI | خروج مستمر پول حقیقی | بدون EPS مثبت | سرانه خرید ضعیف (0.55) | واگرایی منفی
وبصادر,بانک صادرات ایران,بانکها و موسسات اعتباری,31.9,اجتناب,70,28,7.2,14,949,20260927,-4.5,-6.6,33.7,-6.9,-5.5,11.6,46.1,49.8,2,0,false,37.5,3.6,above,-11.8,0.43,774,974,-123.39,-576.38,1.03,-166.19,473.4,5,189.8,5.4,3414.8,915,881,974,1072,0.36,خروج مستمر پول حقیقی | P/E بالا (190) | حد ضرر دور (7.2٪)
ولقمان,گروه سرمایه گذاری لقمان,سرمایه گذاریها,31.8,اجتناب,100,15,30,25,3630,20260923,1.4,15.9,28.4,-12.1,6.4,21.3,55.8,88.5,2,0,false,68.1,1.61,above,0,1.26,3480,,-1.29,-2.5,2.05,-0.74,0.31,243,14.94,,,3572,3484,3805,3922,1.2,نقدشوندگی پایین | اشباع خرید | خروج مستمر پول حقیقی | 56٪ بالای MA200 | نقدشوندگی کمتر از ۱۰ میلیارد تومان | آخرین معامله 20260923 (متوقف یا کم‌معامله)
افرا,افرانت,رایانه و فعالیت‌های وابسته به آن,31.4,اجتناب,25,18,52,29,8870,20260927,-4.2,-23.6,-30,-70.6,-10.2,-18.8,27.5,31,5,0,false,33.5,4.29,below,-36.2,0.61,6348,10020,1.34,83.98,0.67,-39.5,40.05,605,14.66,8.89,64.9,8489,8108,10020,10240,1.51,عرضه حقوقی به حقیقی (-83 میلیارد تومان در ۲۰ روز) | 191٪ بالای کف ۵۲ هفته | سرانه خرید ضعیف (0.67) | حد ضرر دور (8.6٪)
ثزاگرس,سرمایه گذاری توسعه عمران زاگرس,انبوه سازی، املاک و مستغلات,31.3,اجتناب,5,55,35,40,109000,20260927,0,2.6,-36.6,-77.2,-2,-7.2,-26.6,44.1,3,0,true,25.5,4.25,below,-50.1,0.72,103200,111885,0,0.1,1.95,-1.3,6.75,123,886.18,,,104366,100883,111885,118650,0.36,P/E بالا (886) | عرضه حقوقی به حقیقی (0 میلیارد تومان در ۲۰ روز) | حد ضرر دور (7.4٪) | نقدشوندگی کمتر از ۱۰ میلیارد تومان
پارتا,مجتمع صنعتی آرتاویل تایر,لاستیک و پلاستیک,31.1,اجتناب,100,50,0.5,4,19750,20260927,-1,22.8,61.8,21.3,5,32.5,91.1,74.8,0,0,false,53.6,2.85,above,-4.4,0.61,19416,19993,-5.32,-9.54,0.54,-3.37,1.98,985,20.05,9.84,103.8,19416,19135,19993,20660,0.39,نقدشوندگی پایین | واگرایی منفی RSI | خروج مستمر پول حقیقی | رشد عمودی (62٪ در ۶۰ روز، 33٪ بالای MA50) | 91٪ بالای MA200 | سرانه خرید ضعیف (0.54) | واگرایی منفی | نقدشوندگی کمتر از ۱۰ میلیارد تومان
ولتجار,واسپاری تجارایرانیان,سایر واسطه گریهای مالی,30.6,اجتناب,45,20,16.5,36,3080,20260927,-11,-7.2,22.5,-18.1,-6.9,5.6,-21.3,44,3,1,false,39.5,3.92,above,-51.1,0.57,2740,3150,-0.69,0.36,0.47,-5.24,5.28,278,11.08,5.8,91,2959,2778,3150,3450,0.23,واگرایی منفی RSI | عرضه حقوقی به حقیقی (-1 میلیارد تومان در ۲۰ روز) | سرانه خرید ضعیف (0.47) | واگرایی منفی | حد ضرر دور (9.8٪) | نقدشوندگی کمتر از ۱۰ میلیارد تومان | صف فروش در ۵ روز اخیر
حکشتی,کشتیرانی جمهوری اسلامی ایران,حمل ونقل، انبارداری و ارتباطات,30.3,اجتناب,70,20,27,14,8620,20260926,-12.3,-1.6,25.8,-14.7,-7.5,2.2,28.3,42.7,2,1,false,36.5,4.01,above,-15.8,0.54,8456,8995,-41.21,397.84,0.26,-187.48,122.19,331,26.04,19.33,34.7,8456,8284,8995,9810,1.11,واگرایی منفی RSI | عرضه حقوقی به حقیقی (-423 میلیارد تومان در ۲۰ روز) | سرانه خرید ضعیف (0.26) | واگرایی منفی | صف فروش در ۵ روز اخیر | آخرین معامله 20260926 (متوقف یا کم‌معامله)
خفنر,فنرسازی‌خاور,خودرو و ساخت قطعات,30.2,اجتناب,65,8,1.5,35,2304,20260927,-9.8,-17,7.2,-33.3,-9.9,0.2,44,39.8,3,2,false,27.4,4.39,above,-21.3,0.83,2200,2385,-1.68,-15.53,0.36,-21.33,14.4,130,17.72,,,2203,2149,2385,2631,0.52,خروج مستمر پول حقیقی | سرانه خرید ضعیف (0.36) | صف فروش در ۵ روز اخیر
غگرجی,بیسکویت‌  گرجی‌,محصولات غذایی و آشامیدنی به جز قند و شکر,30.2,اجتناب,41,38,27,14,3610,20260927,-7.2,-19.8,51.7,11.2,-10.9,-4.1,68.5,37,0,0,false,40.2,4.06,inside,-23.4,0.72,2782,4080,0.64,-0.89,0.69,-4.37,4.58,45,80.22,8.53,840.5,3463,3317,4080,4710,1.6,P/E بالا (80) | 68٪ بالای MA200 | سرانه خرید ضعیف (0.69) | حد ضرر دور (8.1٪) | نقدشوندگی کمتر از ۱۰ میلیارد تومان
انرژی,بورس انرژی ایران,فعالیتهای کمکی به نهادهای مالی واسط,29.2,اجتناب,65,28,2.5,14,22080,20260927,-7.4,-14.1,30.7,-9.8,-7.9,2.6,54.1,43.6,0,0,false,33.5,4.22,above,-15.3,0.49,20135,23535,-73.2,-264.28,0.62,-124.88,107.63,522,42.3,5.92,614.5,21148,19751,23535,25950,0.62,خروج مستمر پول حقیقی | P/E بالا (42) | 54٪ بالای MA200 | سرانه خرید ضعیف (0.62) | حد ضرر دور (10.5٪)
ثشاهد,سرمایه‌ گذاری‌ شاهد,انبوه سازی، املاک و مستغلات,28.6,اجتناب,70,20,0.5,14,11250,20260927,-8.5,-4.2,26.3,-14.3,-5.2,10.5,36.9,47.4,4,1,false,39.6,3.77,above,-14.6,1.03,10790,11790,-56.62,-76.35,0.58,-103.9,54.82,560,20.09,6.61,203.9,10826,10578,11790,13180,0.8,واگرایی منفی RSI | خروج مستمر پول حقیقی | سرانه خرید ضعیف (0.58) | واگرایی منفی | صف فروش در ۵ روز اخیر
خساپا,سایپا,خودرو و ساخت قطعات,28.1,اجتناب,70,20,2.5,10,682,20260927,-3.7,-0.1,20.1,-20.5,-6.1,9.5,29.5,47.7,1,0,false,33,3.93,above,-13.5,0.64,630,788,-228.36,-65.11,0.64,-501.65,498.52,,,,,655,616,788,842,1.61,بدون EPS مثبت | سرانه خرید ضعیف (0.64) | حد ضرر دور (9.7٪)
دانا,بیمه دانا,بیمه وصندوق بازنشستگی به جزتامین اجتماعی,28.1,اجتناب,40,30,30.2,10,2219,20260927,-3.1,-8.9,3,-37.5,-7.2,0.7,-6.4,40.2,2,0,false,26.9,4,above,-30.8,0.83,2180,2328,1.52,-19.75,0.99,-0.26,4.41,,,4.59,,2180,2135,2328,2479,1.3,واگرایی منفی RSI | خروج مستمر پول حقیقی | بدون EPS مثبت | واگرایی منفی | نقدشوندگی کمتر از ۱۰ میلیارد تومان
بکهنوج,تولید برق ماهتاب کهنوج,عرضه برق، گاز، بخاروآب گرم,28,اجتناب,65,28,1.5,10,1193,20260927,-9.9,-6.9,37.4,-3.1,-7.3,4.3,,43.6,3,2,false,38.5,4.03,above,-16.7,0.83,1140,1211,-2.49,-12.71,0.75,-3.37,3.79,,,,,1145,1116,1211,1293,0.23,خروج مستمر پول حقیقی | بدون EPS مثبت | سرانه خرید ضعیف (0.75) | نقدشوندگی کمتر از ۱۰ میلیارد تومان | صف فروش در ۵ روز اخیر
ناما,تولیدی مخازن گازطبیعی آسیاناما,خودرو و ساخت قطعات,27.6,اجتناب,41,20,1,44,3990,20260927,-4.1,-13.4,3.4,-37.2,-6.2,-3.4,15.5,42.4,3,0,false,19.2,4.28,inside,-16.7,0.82,3781,4105,-0.24,-8.31,0.68,-12.42,8.78,583,6.84,5.87,16.6,3819,3695,4105,4520,0.39,سرانه خرید ضعیف (0.68) | حد ضرر دور (7.4٪) | نقدشوندگی کمتر از ۱۰ میلیارد تومان
خنور,نورایستا پلاستیک,خودرو و ساخت قطعات,27.5,اجتناب,50,16,1,36,7810,20260927,-11,-16.9,33.6,-7,-14.6,-1.9,10.8,35.4,4,2,false,35.9,4.31,above,-25.3,0.99,7560,7900,-17.78,-18.58,0.73,-3.26,17.69,745,10.48,5.87,78.6,7560,7392,7900,8306,0.22,خروج مستمر پول حقیقی | سرانه خرید ضعیف (0.73) | صف فروش در ۵ روز اخیر
ثفارس,عمران‌وتوسعه‌فارس‌,انبوه سازی، املاک و مستغلات,27.2,اجتناب,30,8,42.5,24,14340,20260927,-13.1,-8.1,-0.4,-40.9,-9.6,-1.7,-9.8,38.3,2,1,false,29.5,3.86,above,-37.8,0.86,13930,14698,29.18,70,0.47,-154.31,82.71,264,54.32,6.61,721.8,13930,13653,14698,15068,0.52,P/E بالا (54) | عرضه حقوقی به حقیقی (-67 میلیارد تومان در ۲۰ روز) | سرانه خرید ضعیف (0.47) | صف فروش در ۵ روز اخیر
پلاست,کارخانجات تولیدی پلاستیران,لاستیک و پلاستیک,27.2,اجتناب,25,18,40.3,24,1965,20260927,-2.6,-5.1,-38.9,-79.4,-7,-20.1,17.3,33.6,2,0,false,41.1,4.08,below,-46.6,0.38,1634,2012,0.84,-4.73,1.35,-27.51,37.61,93,21.13,9.84,114.7,1885,1805,2012,2150,0.29,حد ضرر دور (8.2٪)
فکمند,گسترش قطعه سازی کمند,ساخت محصولات فلزی,26.7,اجتناب,48,20,63.4,10,11780,20260927,1,-7.8,-1.2,-41.7,-4.1,5.1,-16.7,47.5,1,0,false,20,4.36,above,-55.1,1.06,11597,12570,0.04,0.11,1.11,0.41,2.96,,,,,11597,11340,12570,12835,1.79,نقدشوندگی پایین | واگرایی منفی RSI | بدون EPS مثبت | عرضه حقوقی به حقیقی (0 میلیارد تومان در ۲۰ روز) | واگرایی منفی | نقدشوندگی کمتر از ۱۰ میلیارد تومان
وارس,سرمایه گذاری ارس صبا,سرمایه گذاریها,26.6,اجتناب,25,8,0,70,14290,20260927,-7.6,-11.6,13.7,-26.8,-7,-11.1,35.9,35.6,2,0,false,26.5,4.23,below,-26.3,0.98,13310,15040,-17.86,-26.34,0.75,-16.72,9.14,3770,3.79,,,13686,13008,15040,17150,0.59,خروج مستمر پول حقیقی | 180٪ بالای کف ۵۲ هفته | سرانه خرید ضعیف (0.75) | حد ضرر دور (9.0٪) | نقدشوندگی کمتر از ۱۰ میلیارد تومان
پاریز,پاریز شرق,انبوه سازی، املاک و مستغلات,26.2,اجتناب,0,22,63,24,35880,20260927,-8.6,-27.9,11,-29.6,-16.7,-18.5,,27.6,8,3,false,38.3,4.2,,-31,0.99,35463,38383,8.66,-2.89,6.28,27.13,18.84,823,43.6,23.59,84.8,35463,34709,38383,41413,2.14,سهم صفی: 8 روز از ۲۰ روز در صف (ریسک نقدشوندگی و اجرای حد ضرر) | P/E بالا (44) | صف فروش در ۵ روز اخیر
غگل,گلوکوزان‌,محصولات غذایی و آشامیدنی به جز قند و شکر,26,اجتناب,41,8,1.5,47,6310,20260927,-7.3,-10.9,-4.1,-44.6,-6.4,-4.5,29.3,39.8,2,0,false,19.5,3.72,inside,-15.6,0.59,6240,6405,-4.41,-1.56,0.7,-11.91,15.34,706,8.94,8.53,4.8,6240,6122,6405,6520,0.51,واگرایی منفی RSI | سرانه خرید ضعیف (0.70) | واگرایی منفی
ثتوسا,س.توسعه و عمران استان اردبیل,انبوه سازی، املاک و مستغلات,26,اجتناب,45,30,16,10,15040,20260927,-7.8,1.5,5.2,-35.4,-8.5,5.6,-48.6,43.9,7,2,false,29.5,3.85,above,-76.8,0.54,14880,18100,-0.49,1.71,0.79,-2.66,7.24,,,,,14880,14591,18100,21850,6.81,بدون EPS مثبت | سهم صفی: 7 روز از ۲۰ روز در صف (ریسک نقدشوندگی و اجرای حد ضرر) | عرضه حقوقی به حقیقی (-3 میلیارد تومان در ۲۰ روز) | سرانه خرید ضعیف (0.79) | نقدشوندگی کمتر از ۱۰ میلیارد تومان | صف فروش در ۵ روز اخیر
چفیبر,تولید فیبر ایران‌,محصولات چوبی,26,اجتناب,41,12,0,45,6190,20260927,-12.4,-24.7,-7.7,-48.3,-17,-8.6,19.1,28.4,6,4,false,37.7,4.46,inside,-27.5,0.62,5990,7560,-2.89,-4.75,0.35,-12.54,8.52,224,27.63,28.93,-4.5,5990,5852,7560,8540,4.05,سهم صفی: 6 روز از ۲۰ روز در صف (ریسک نقدشوندگی و اجرای حد ضرر) | سرانه خرید ضعیف (0.35) | نقدشوندگی کمتر از ۱۰ میلیارد تومان | صف فروش در ۵ روز اخیر
رانفور,خدمات‌انفورماتیک‌,رایانه و فعالیت‌های وابسته به آن,25.5,اجتناب,31,30,27,14,5160,20260927,1.4,-0.2,3.2,-37.3,-3,-3.8,32.7,46.4,2,0,false,16.2,3.8,inside,-13.3,0.31,5080,5275,-1.73,68.94,0.79,-3.72,11.63,154,33.51,18.19,84.2,5080,4982,5275,5475,0.65,P/E بالا (34) | عرضه حقوقی به حقیقی (-70 میلیارد تومان در ۲۰ روز) | سرانه خرید ضعیف (0.79) | شناوری کم (14٪)
قهکمت,قندهکمتان‌,قند و شکر,25.3,اجتناب,65,20,0,47,9900,20260927,-7.9,-8.8,30.2,-10.3,-7.3,4.4,57,43.7,0,0,false,29.9,4.23,above,-15.8,0.41,8985,10153,-1.8,-18.59,0.5,-2.8,2.45,1018,9.72,9.8,-0.8,9481,8853,10153,11762,0.24,نقدشوندگی پایین | واگرایی منفی RSI | خروج مستمر پول حقیقی | 57٪ بالای MA200 | سرانه خرید ضعیف (0.50) | واگرایی منفی | حد ضرر دور (10.6٪) | نقدشوندگی کمتر از ۱۰ میلیارد تومان
وتوس,توسعه‌شهری‌توس‌گستر,انبوه سازی، املاک و مستغلات,24.9,اجتناب,41,20,15.5,19,7610,20260927,-5.2,-4,11.1,-29.4,-5.4,-0.6,20.6,42.9,0,0,false,26,4.38,inside,-11.6,0.47,7320,7800,-0.07,1.9,0.8,-1.79,4.11,381,19.97,6.61,202.2,7320,7153,7800,7955,0.42,واگرایی منفی RSI | عرضه حقوقی به حقیقی (-2 میلیارد تومان در ۲۰ روز) | سرانه خرید ضعیف (0.80) | واگرایی منفی | نقدشوندگی کمتر از ۱۰ میلیارد تومان
میدکو,توسعه معادن وص.معدنی خاورمیانه,فلزات اساسی,24.8,اجتناب,35,20,27,14,6340,20260927,-5.9,-15.2,-7.4,-47.9,-5.7,-2.3,15.3,42.2,3,0,false,15.7,3.74,below,-16.5,0.49,6230,6450,-39.16,167.02,0.4,-165.53,128.86,93,68.17,13.48,405.7,6230,6111,6450,6610,0.48,واگرایی منفی RSI | P/E بالا (68) | عرضه حقوقی به حقیقی (-213 میلیارد تومان در ۲۰ روز) | سرانه خرید ضعیف (0.40) | واگرایی منفی | شناوری کم (9٪)
سپ,پرداخت الکترونیک سامان کیش,رایانه و فعالیت‌های وابسته به آن,24.6,اجتناب,90,45,2.6,12,13620,20260922,-5.9,2.2,28.5,-12,-2.6,12.4,13.8,53.8,1,0,false,46.4,4.02,above,-7.7,0.44,13291,14015,-0.65,-1.41,0.88,-0.84,0.85,662,20.57,18.19,13.1,13291,13017,14015,14348,0.66,نقدشوندگی پایین | واگرایی منفی RSI | خروج مستمر پول حقیقی | واگرایی منفی | نقدشوندگی کمتر از ۱۰ میلیارد تومان | شناوری کم (10٪) | آخرین معامله 20260922 (متوقف یا کم‌معامله)
تکنو,تکنوتار,ماشین آلات و تجهیزات,24.2,اجتناب,25,33,16.5,24,4220,20260927,-2.8,-9.2,-27.1,-67.6,-5,-28.7,23.7,32,2,1,true,57.5,4.2,below,-54.1,0.52,2511,4300,-0.16,4.12,0.46,-32.93,34.71,154,27.4,5.15,432.1,4043,3865,4300,4382,0.23,عرضه حقوقی به حقیقی (-3 میلیارد تومان در ۲۰ روز) | 261٪ بالای کف ۵۲ هفته | سرانه خرید ضعیف (0.46) | حد ضرر دور (8.4٪) | صف فروش در ۵ روز اخیر
آپ,آسان پرداخت پرشین,رایانه و فعالیت‌های وابسته به آن,24.2,اجتناب,20,8,52.5,14,10290,20260927,-6.4,-16.3,3.2,-37.3,-10,-8.7,-3.5,32.7,1,0,false,19.4,4.21,below,-20.8,0.46,10107,10613,4.31,22.98,0.84,-1.31,6.44,86,119.65,18.19,557.8,10107,9890,10613,10914,0.81,P/E بالا (120) | عرضه حقوقی به حقیقی (-19 میلیارد تومان در ۲۰ روز) | نقدشوندگی کمتر از ۱۰ میلیارد تومان
حپترو,حمل و نقل پتروشیمی( سهامی عام,حمل ونقل، انبارداری و ارتباطات,23.4,اجتناب,65,20,25.5,14,16210,20260927,-7.2,-6,17,-23.6,-9.5,3.4,12.5,40.5,2,2,false,34.2,4.13,above,-17.9,0.55,16015,16675,0,-6.05,0.79,-0.76,2.34,623,26.02,19.33,34.6,16015,15680,16675,17280,0.88,نقدشوندگی پایین | واگرایی منفی RSI | خروج مستمر پول حقیقی | سرانه خرید ضعیف (0.79) | واگرایی منفی | نقدشوندگی کمتر از ۱۰ میلیارد تومان | صف فروش در ۵ روز اخیر
وثخوز,سرمایه گذاری و توسعه خوزستان,انبوه سازی، املاک و مستغلات,22.4,اجتناب,39,20,56.9,10,5180,20260927,-2.3,-8.6,-12.2,-52.7,-1.1,0.7,-3.5,48.7,3,1,false,14.4,4.14,inside,-37.2,0.62,5065,5450,2.51,3.58,0.98,-0.3,2.89,,,,,5065,4958,5450,5620,1.22,نقدشوندگی پایین | واگرایی منفی RSI | بدون روند (ADX پایین) | بدون EPS مثبت | واگرایی منفی | نقدشوندگی کمتر از ۱۰ میلیارد تومان | صف فروش در ۵ روز اخیر
سدشت,صنایع سیمان دشتستان,سیمان، آهک و گچ,22.1,اجتناب,70,30,1.5,19,39980,20260927,-11.1,1.2,3.8,-36.8,-8.3,3.1,28.5,42.2,3,1,false,26.3,4.17,above,-19.4,0.83,39200,46300,-0.85,-0.57,0.43,-3.72,2.06,2835,14.1,7.14,97.5,39200,38367,46300,49630,3.92,نقدشوندگی پایین | سرانه خرید ضعیف (0.43) | نقدشوندگی کمتر از ۱۰ میلیارد تومان | شناوری کم (13٪) | صف فروش در ۵ روز اخیر
تکشا,گسترش‌صنایع‌وخدمات‌کشاورزی‌,ماشین آلات و تجهیزات,22,اجتناب,35,8,15.5,24,8610,20260927,-9.7,-8.1,-27.5,-68.1,-12.3,-8.4,1.1,30.5,4,2,false,23.5,4.67,below,-42,0.93,8490,8820,-0.4,4.33,0.41,-29.78,11.35,310,27.77,5.15,439.3,8490,8289,8820,9010,0.65,عرضه حقوقی به حقیقی (-5 میلیارد تومان در ۲۰ روز) | سرانه خرید ضعیف (0.41) | صف فروش در ۵ روز اخیر
غگز,صنایع غذایی سکه,محصولات غذایی و آشامیدنی به جز قند و شکر,21.1,اجتناب,10,8,42,24,3120,20260927,-6.9,-1.3,-46.4,-86.9,-9.1,-18.3,-4.3,33.4,3,0,false,28.1,4.19,below,-49.7,0.69,3080,3371,12.26,9.98,0.61,-54.68,35.68,81,38.52,7.05,446.4,3080,3015,3371,3920,2.38,P/E بالا (39) | سرانه خرید ضعیف (0.61)
تاپکیش,تجارت الکترونیک پارسیان کیش,رایانه و فعالیت‌های وابسته به آن,20.2,اجتناب,25,30,2.6,24,2475,20260927,-4.3,-11.8,17.9,-22.7,-4.5,-10.2,43.2,40.5,1,0,false,19.7,3.96,below,-25.3,1.04,2413,2676,-2.61,-6.31,0.82,-12.64,9.05,96,25.78,8.89,190,2413,2364,2676,2856,1.81,196٪ بالای کف ۵۲ هفته | نقدشوندگی کمتر از ۱۰ میلیارد تومان
سلار,شرکت سیمان لارستان,سیمان، آهک و گچ,18.5,اجتناب,50,30,0,30,2859,20260927,-2.4,-14.7,18.8,-21.7,-10.3,-0.2,29,40.5,4,0,false,32.5,3.8,above,-19.7,1.24,2760,3010,0,-0.12,0.71,-4.22,2.41,114,25.08,,,2760,2705,3010,3250,0.98,نقدشوندگی پایین | واگرایی منفی RSI | سرانه خرید ضعیف (0.71) | واگرایی منفی | نقدشوندگی کمتر از ۱۰ میلیارد تومان
کایتا,ایتالران‌,سایر محصولات کانی غیرفلزی,17.1,اجتناب,65,30,16.4,10,15710,20260926,-4.3,0.1,13.2,-27.3,-2.1,5.3,-14.6,49.2,1,1,false,33.3,4.01,above,-55.8,0.58,15493,16170,0,0.61,0.84,-0.66,0.98,,,,,15493,15178,16170,16450,0.86,نقدشوندگی پایین | بدون EPS مثبت | عرضه حقوقی به حقیقی (-1 میلیارد تومان در ۲۰ روز) | نقدشوندگی کمتر از ۱۰ میلیارد تومان | صف فروش در ۵ روز اخیر | آخرین معامله 20260926 (متوقف یا کم‌معامله)
قتربت,قند تربت حیدریه,قند و شکر,15.5,اجتناب,0,22,0.5,44,8230,20260927,-8.2,-25.5,2.2,-38.3,-15.1,-16.8,,27.8,0,0,false,33.8,4.45,below,-29.5,0.4,7560,8330,-2.03,-8.84,0.45,-7.02,8.05,775,10.62,9.57,11,7864,7377,8330,8890,0.12,خروج مستمر پول حقیقی | 164٪ بالای کف ۵۲ هفته | سرانه خرید ضعیف (0.45) | حد ضرر دور (10.4٪) | نقدشوندگی کمتر از ۱۰ میلیارد تومان
نبروج,نساجی بروجرد,منسوجات,15,اجتناب,55,55,0,10,19520,20260914,4.1,-3.1,-11.9,-52.4,2.3,-8.8,11.8,45.3,12,0,true,48.7,1.25,below,-24.3,0.56,18380,22188,0,0,,0,0.37,,,,,19276,19033,22188,22725,5.48,نقدشوندگی پایین | بدون EPS مثبت | سهم صفی: 12 روز از ۲۰ روز در صف (ریسک نقدشوندگی و اجرای حد ضرر) | 1041٪ بالای کف ۵۲ هفته | نقدشوندگی کمتر از ۱۰ میلیارد تومان | آخرین معامله 20260914 (متوقف یا کم‌معامله)
وسالت,بانک قرض الحسنه رسالت,بانکها و موسسات اعتباری,14.9,اجتناب,36,8,0,10,3700,20260927,-7.7,0,-6.3,-46.9,-7.2,0.4,-9.8,37,7,1,false,36.3,2.56,inside,-48.4,0.84,3647,3751,-7.26,-5.16,0.41,-10,4.39,,,,,3647,3600,3751,3902,0.51,خروج مستمر پول حقیقی | بدون EPS مثبت | سهم صفی: 7 روز از ۲۰ روز در صف (ریسک نقدشوندگی و اجرای حد ضرر) | سرانه خرید ضعیف (0.41) | نقدشوندگی کمتر از ۱۰ میلیارد تومان | صف فروش در ۵ روز اخیر
ثامان,سامان‌ گستراصفهان‌,انبوه سازی، املاک و مستغلات,13.5,اجتناب,16,32,0,29,28070,20260926,-14.1,-27,54.1,13.6,-22,-17.8,-31.8,23.8,8,5,false,43.7,4.45,inside,-63.5,0.07,20550,36485,-0.97,-12.67,0.15,-6.67,28.11,1764,15.91,6.61,140.7,26822,25573,36485,38474,3.37,واگرایی منفی RSI | سهم صفی: 8 روز از ۲۰ روز در صف (ریسک نقدشوندگی و اجرای حد ضرر) | سرانه خرید ضعیف (0.15) | واگرایی منفی | حد ضرر دور (8.9٪) | صف فروش در ۵ روز اخیر | آخرین معامله 20260926 (متوقف یا کم‌معامله)
خلیبل,مالیبل سایپا,خودرو و ساخت قطعات,11.5,اجتناب,50,20,0,10,1728,20260927,-7.4,-11,2.6,-37.9,-8.3,-3.1,6.4,41.3,1,0,false,27,4.21,above,-16.8,0.48,1616,1749,0,0,0.7,-0.53,0.62,,,,,1655,1580,1749,1797,0.14,نقدشوندگی پایین | بدون EPS مثبت | سرانه خرید ضعیف (0.70) | حد ضرر دور (8.6٪) | نقدشوندگی کمتر از ۱۰ میلیارد تومان
تاتمس,کارخانجات صنعتی وتولیدی اتمسفر,ماشین آلات و تجهیزات,6.5,اجتناب,41,8,0.5,30,12830,20260923,-13.7,-8.1,-9.9,-50.4,-8.1,-1.4,16.9,39.7,3,3,false,30.2,3.65,inside,-15.4,0.88,12500,13040,0,-5.58,0.46,-0.33,0.54,248,51.73,,,12500,12266,13040,13320,0.37,نقدشوندگی پایین | واگرایی منفی RSI | خروج مستمر پول حقیقی | P/E بالا (52) | سرانه خرید ضعیف (0.46) | واگرایی منفی | نقدشوندگی کمتر از ۱۰ میلیارد تومان | صف فروش در ۵ روز اخیر | آخرین معامله 20260923 (متوقف یا کم‌معامله)
ثنظام,س. ساختمانی نظام مهندسی ایران,انبوه سازی، املاک و مستغلات,6.5,اجتناب,25,18,11.6,10,68280,20260927,-4.4,-7,1.5,-39.1,-8.9,-11.3,17.4,33.4,3,2,false,33.5,4.16,below,-18.2,0.58,66150,70380,-0.11,-0.38,1.16,-0.05,0.91,,,,,66150,64730,70380,78250,0.59,نقدشوندگی پایین | بدون EPS مثبت | نقدشوندگی کمتر از ۱۰ میلیارد تومان | صف فروش در ۵ روز اخیر
کشرق,صنعتی و معدنی شمال شرق شاهرود,استخراج زغال سنگ,0.4,اجتناب,31,18,0,10,120000,20260926,-7.2,-21.1,26.2,-14.3,-11.6,-11.6,22.8,30.9,1,0,false,27,4.61,inside,-27.8,0.54,114550,126300,-0.1,-0.4,0.66,-1.37,1.66,,,15.48,,114550,111785,126300,133200,0.77,نقدشوندگی پایین | بدون EPS مثبت | سرانه خرید ضعیف (0.66) | نقدشوندگی کمتر از ۱۰ میلیارد تومان | آخرین معامله 20260926 (متوقف یا کم‌معامله)
ساذری,آذریت‌,سایر محصولات کانی غیرفلزی,-2.9,اجتناب,10,8,0,10,24870,20260927,-3.8,-13.4,-36.9,-77.4,-8.4,-20.2,-17.1,30.7,0,0,false,43,4.3,below,-39.1,0.85,24300,25675,0,-0.12,0.71,-0.82,0.79,,,,,24300,23765,25675,26213,0.73,نقدشوندگی پایین | بدون EPS مثبت | سرانه خرید ضعیف (0.71) | نقدشوندگی کمتر از ۱۰ میلیارد تومان
