symbol,name,sector,score,signal,trend,momentum,money,value,close,lastDate,ret5,ret20,ret60,rs60,vsSma20,vsSma50,vsSma200,rsi,lockedDays20,sellQueueDays5,macdAboveSignal,adx,atrPct,cloud,fromHigh52,volRatio,support1,resistance1,netReal5B,netReal20B,power5,smt5B,liquidityB,eps,pe,sectorPE,peVsSector,entryLow,stop,target1,target2,rr,flags
وبوعلی,سرمایه‌گذاری‌بوعلی‌,سرمایه گذاریها,91.4,پرریسک؛ صفی/رشد عمودی,100,85,97.5,80,3910,20260928,12,24.9,78.1,31.1,13.1,33.3,85.6,79.8,2,0,true,59.4,3.3,above,-0.3,1.63,3740,,28.23,15.14,2.26,26.37,5.83,1066,3.67,7.13,-48.6,3781,3675,4298,4556,1.65,اشباع خرید | رشد عمودی (78٪ در ۶۰ روز، 33٪ بالای MA50) | 86٪ بالای MA200 | نقدشوندگی کمتر از ۱۰ میلیارد تومان
خیمن,ایمن خودرو شرق,خودرو و ساخت قطعات,89.6,قوی؛ نزدیک مقاومت، منتظر شکست یا پولبک,95,90,92.3,80,5260,20260928,9.8,-0.6,77,30.1,6,11.3,57.4,65,1,0,true,26,3.44,above,-6.9,1.22,4930,5650,2.36,31.27,1.37,22.26,24.03,1533,3.43,5.87,-41.5,5079,4840,5650,6012,0.93,57٪ بالای MA200 | حد ضرر دور (8.0٪)
ولساپا,لیزینگ رایان‌ سایپا,سایر واسطه گریهای مالی,88.9,پرریسک؛ صفی/رشد عمودی,100,70,99.5,80,1553,20260928,15.3,48.6,82.5,35.5,25.5,51.4,103.6,90.3,10,0,true,60.8,2.58,above,0,1.32,1076,,40.25,78.25,6.35,59.35,17.01,335,4.64,9.94,-53.4,1513,1473,1673,1754,1.5,اشباع خرید | فاصله زیاد از MA20 | سهم صفی: 10 روز از ۲۰ روز در صف (ریسک نقدشوندگی و اجرای حد ضرر) | رشد عمودی (82٪ در ۶۰ روز، 51٪ بالای MA50) | 104٪ بالای MA200
معین,بیمه ایران - معین,بیمه وصندوق بازنشستگی به جزتامین اجتماعی,87,پرریسک؛ صفی/رشد عمودی,100,85,88,72,3280,20260928,13.8,30.9,78.5,31.5,11.8,30.2,59.8,76.8,5,0,true,57.5,3,above,-0.3,0.76,3130,,8.3,18.34,4.04,30.4,13,644,5.09,18.13,-71.9,3182,3081,3575,3772,1.48,رشد عمودی (78٪ در ۶۰ روز، 30٪ بالای MA50) | 60٪ بالای MA200
ولبهمن,شرکت بهمن لیزینگ,سایر واسطه گریهای مالی,86.4,قوی ولی پرریسک؛ فعلاً ورود نه,90,63,97,90,3085,20260928,3.9,9,46,-1,-1.1,18.2,52.3,58,4,0,false,39.7,3.3,above,-13.6,1.51,2810,3570,45.5,22.58,12.74,29.65,12.72,776,3.98,5.8,-31.5,2983,2831,3570,3774,1.91,52٪ بالای MA200 | حد ضرر دور (8.2٪)
ثاخت,بین‌المللی‌توسعه‌ساختمان,انبوه سازی، املاک و مستغلات,86,قوی ولی پرریسک؛ فعلاً ورود نه,100,88,73.5,80,834,20260928,14.6,5,45.5,-1.4,9.5,18.6,60.3,69.3,4,0,true,29.1,3.15,above,0,1.35,808,,37.09,24.33,5.91,-10.54,31.67,199,4.19,6.61,-36.6,808,795,913,965,2.01,توزیع: ورود حقیقی با سرانه خرید ضعیف (0.76 در ۲۰ روز) | 60٪ بالای MA200
داتام,گروه مالی داتام,سرمایه گذاریها,85.6,قوی؛ نزدیک مقاومت، منتظر شکست یا پولبک,100,55,98.5,80,3850,20260928,7.5,7.2,23,-24,1.1,14.2,44.7,60.3,1,0,false,34.7,3.54,above,-7.2,1.5,3527,3930,11.74,8.32,3.84,22.78,4.84,1405,2.74,7.13,-61.6,3714,3509,3930,4150,0.23,206٪ بالای کف ۵۲ هفته | حد ضرر دور (8.9٪) | نقدشوندگی کمتر از ۱۰ میلیارد تومان | شناوری کم (5٪)
کهمدا,شیشه‌ همدان‌,سایر محصولات کانی غیرفلزی,85,قوی ولی پرریسک؛ فعلاً ورود نه,100,75,88,72,5850,20260928,6,10.2,69.1,22.1,1.9,15.1,110.8,61,5,0,false,36.2,3.63,above,-8.2,0.52,5580,6370,8.28,63.74,5.06,13.16,24,981,5.96,12.75,-53.2,5637,5474,6370,6795,1.38,111٪ بالای MA200
آسیا,بیمه آسیا,بیمه وصندوق بازنشستگی به جزتامین اجتماعی,83.4,قوی؛ نزدیک مقاومت، منتظر شکست یا پولبک,100,75,73.5,80,4060,20260928,10.9,3.3,70.1,23.1,3.5,16.2,92.8,63.5,4,0,false,31,3.46,above,-2.9,0.74,3550,4170,5.69,57.08,1.62,-5.5,23.9,1869,2.17,4.59,-52.7,3919,3779,4170,4451,0.39,93٪ بالای MA200 | شناوری کم (14٪)
زفجر,کشاورزی و دامپروری فجر اصفهان,زراعت و خدمات وابسته,83.3,قوی ولی پرریسک؛ فعلاً ورود نه,88,100,87.5,60,54280,20260928,12.9,8,55.2,8.2,8.2,14.9,93.3,66.1,2,0,true,19.3,3.22,above,0,0.61,53370,,2.03,17.67,7.87,25.15,14.58,7903,6.87,8.07,-14.9,53370,52497,59517,63008,2.94,واگرایی منفی RSI | 93٪ بالای MA200 | واگرایی منفی
شبصیر,تولیدات پتروشیمی قائد بصیر,محصولات شیمیایی,82,پرریسک؛ صفی/رشد عمودی,100,75,88,60,16430,20260928,8,26.7,61.9,15,11.2,32.7,78.7,74.3,3,0,true,55.8,3.06,above,0,0.94,16000,,30.99,41.48,2.57,34.55,30.16,2884,5.7,8.01,-28.9,16000,15749,17938,18943,2.21,رشد عمودی (62٪ در ۶۰ روز، 33٪ بالای MA50) | 79٪ بالای MA200
فتوسا,تولید و توسعه سرب روی ایرانیان,فلزات اساسی,82,پرریسک؛ صفی/رشد عمودی,100,60,88,72,7110,20260928,6.4,26.7,97.9,50.9,9.8,26.9,107.7,70.9,9,0,false,52.1,3.1,above,-3.3,0.96,5805,7350,4.91,16.84,2.07,31.9,16.5,1389,5.12,8.05,-36.4,6889,6669,7350,7791,0.54,سهم صفی: 9 روز از ۲۰ روز در صف (ریسک نقدشوندگی و اجرای حد ضرر) | 108٪ بالای MA200
غدانه,پنبه و دانه های روغنی خراسان,محصولات غذایی و آشامیدنی به جز قند و شکر,81.8,پرریسک؛ صفی/رشد عمودی,100,75,87,60,18950,20260928,8.8,8.7,83.6,36.7,5.2,9.6,66.1,60.5,6,0,false,36.6,3.31,above,-5,0.72,17400,19610,22.93,47.17,3.78,9.31,44.99,3417,5.55,7.05,-21.3,18323,17383,19610,19950,0.42,واگرایی منفی RSI | سهم صفی: 6 روز از ۲۰ روز در صف (ریسک نقدشوندگی و اجرای حد ضرر) | توزیع: ورود حقیقی با سرانه خرید ضعیف (0.70 در ۲۰ روز) | 66٪ بالای MA200 | واگرایی منفی | حد ضرر دور (8.3٪)
دابور,داروسازی‌ ابوریحان‌,مواد و محصولات دارویی,81.6,پرریسک؛ صفی/رشد عمودی,100,85,88.5,50,71660,20260928,12.3,29,100.3,53.3,13.3,31.3,113.6,79.6,1,0,true,54.3,3.57,above,0,1.04,67740,,51.31,55.57,2.07,29.89,42.88,6272,11.43,12.91,-11.5,69103,66462,79331,84445,1.48,واگرایی منفی RSI | اشباع خرید | رشد عمودی (100٪ در ۶۰ روز، 31٪ بالای MA50) | توزیع: ورود حقیقی با سرانه خرید ضعیف (0.76 در ۲۰ روز) | 114٪ بالای MA200 | واگرایی منفی | حد ضرر دور (7.3٪)
زشگزا,شیر و گوشت زاگرس شهرکرد,زراعت و خدمات وابسته,81.6,قوی ولی پرریسک؛ فعلاً ورود نه,95,80,88.5,60,33900,20260928,13.8,6.7,23.4,-23.5,6.6,11.8,69.1,63.4,3,0,true,21.9,3.41,above,-0.8,0.81,32660,,20.37,54.85,3.25,30.71,18.73,4812,7.04,8.07,-12.7,32745,32083,37364,39674,1.91,69٪ بالای MA200
غچین,کشت‌ و صنعت‌ چین‌ چین,محصولات غذایی و آشامیدنی به جز قند و شکر,81.6,قوی؛ نزدیک مقاومت، منتظر شکست یا پولبک,100,75,86.5,60,4830,20260928,4.1,5.5,50,3,0.7,16.3,58.9,60.1,3,0,false,39.4,3.37,above,-7.8,0.39,4390,5240,13.01,18.82,7.73,12.15,12.27,682,7.08,8.53,-17,4667,4423,5240,5565,1.01,توزیع: ورود حقیقی با سرانه خرید ضعیف (0.82 در ۲۰ روز) | 59٪ بالای MA200 | حد ضرر دور (8.4٪)
پی پاد,پرداخت الکترونیک پاسارگاد,رایانه و فعالیت‌های وابسته به آن,81.1,پرریسک؛ صفی/رشد عمودی,95,75,78.5,72,7650,20260928,7.3,3,119.8,72.9,0.3,25.7,98.5,64.9,5,0,false,52.3,3.49,above,-8.4,1.02,7190,8350,52.59,7.84,8.26,87.65,40.8,1006,7.6,18.19,-58.2,7383,7057,8350,8884,1.18,رشد عمودی (120٪ در ۶۰ روز، 26٪ بالای MA50) | 99٪ بالای MA200 | حد ضرر دور (7.8٪) | شناوری کم (12٪)
خکرمان,سرمایه گذاری آرمان گستر پاریز,خودرو و ساخت قطعات,81,پرریسک؛ صفی/رشد عمودی,100,75,64,80,11580,20260928,2.5,16.5,95.5,48.6,11.9,40.1,114.6,78.1,3,0,true,56.8,3.7,above,-1.4,1.51,10205,11740,34.93,83.48,0.47,-137.5,35.62,4303,2.69,5.87,-54.2,11152,10724,11740,12596,0.19,اشباع خرید | رشد عمودی (96٪ در ۶۰ روز، 40٪ بالای MA50) | توزیع: ورود حقیقی با سرانه خرید ضعیف (0.57 در ۲۰ روز) | 115٪ بالای MA200 | سرانه خرید ضعیف (0.47) | حد ضرر دور (7.4٪)
شکربن,کربن‌ ایران‌,محصولات شیمیایی,81,پرریسک؛ صفی/رشد عمودی,100,70,88,60,10930,20260928,14.2,25.8,69.9,22.9,19,33.3,73.4,83,3,0,true,46.5,2.81,above,0,0.92,8940,,4.84,29,5.48,11.79,23.02,1486,7.36,9.63,-23.6,10623,10315,11852,12467,1.5,واگرایی منفی RSI | اشباع خرید | فاصله زیاد از MA20 | رشد عمودی (70٪ در ۶۰ روز، 33٪ بالای MA50) | 73٪ بالای MA200 | واگرایی منفی
ومدیر,گ.مدیریت ارزش سرمایه ص ب کشوری,سرمایه گذاریها,81,قوی ولی پرریسک؛ فعلاً ورود نه,100,65,72,80,2963,20260928,1.8,10.5,47,0.1,2.5,12.7,36.8,59.3,2,0,false,35.4,3.1,above,-8.2,1.77,2830,3229,2.39,-1.75,3.35,13.86,5.73,904,3.28,7.13,-54,2871,2784,3229,3412,1.49,نقدشوندگی کمتر از ۱۰ میلیارد تومان
سجام,مجتمع سیمان غرب آسیا,سیمان، آهک و گچ,80.9,قوی ولی پرشده؛ منتظر پولبک,100,85,88.5,47,10960,20260928,12.6,28.8,56.1,9.2,13.2,24.9,111.5,74.4,5,0,true,35.4,3.28,above,0,0.73,10420,,22.6,50.69,1.84,18.62,20.44,1760,6.23,6.69,-6.9,10600,10240,12039,12759,1.5,واگرایی منفی RSI | 112٪ بالای MA200 | واگرایی منفی
کمنگنز,معادن‌منگنزایران‌,استخراج کانه های فلزی,80.9,پرریسک؛ صفی/رشد عمودی,100,85,63.5,72,10320,20260928,14.7,17.5,76.8,29.8,11.2,27.4,107.6,76.3,6,0,true,56.9,3.12,above,0,0.51,9730,,8.03,-19.95,9.91,34.71,22.36,1317,7.84,13.76,-43.1,9998,9569,11286,11930,1.29,واگرایی منفی RSI | سهم صفی: 6 روز از ۲۰ روز در صف (ریسک نقدشوندگی و اجرای حد ضرر) | 108٪ بالای MA200 | واگرایی منفی | حد ضرر دور (7.3٪)
دلر,داروسازی‌ اکسیر,مواد و محصولات دارویی,80.6,پرریسک؛ صفی/رشد عمودی,95,100,78.5,50,28160,20260928,15,12,102.9,55.9,9,14.2,118.7,66.5,4,0,true,28.6,3.39,above,-0.6,1,27595,,87.95,25.02,3.75,40.09,38.95,2845,9.9,12.91,-23.3,27595,27117,31027,32938,2.75,واگرایی منفی RSI | رشد عمودی (103٪ در ۶۰ روز، 14٪ بالای MA50) | توزیع: ورود حقیقی با سرانه خرید ضعیف (0.67 در ۲۰ روز) | 119٪ بالای MA200 | واگرایی منفی
ریشمک,تولید و صادرات ریشمک,مواد و محصولات دارویی,80.5,پرریسک؛ صفی/رشد عمودی,100,75,82,60,16420,20260928,10.3,16,53.2,6.2,3.1,24.4,74.7,63.8,8,0,false,36.4,3.14,above,-8.5,1.21,14440,17940,6.79,30.74,2.76,-7.25,25.41,2342,7.01,8.86,-20.9,15905,15389,17940,18971,1.47,سهم صفی: 8 روز از ۲۰ روز در صف (ریسک نقدشوندگی و اجرای حد ضرر) | 75٪ بالای MA200
پارس,پتروشیمی پارس,محصولات شیمیایی,80.3,پرریسک؛ صفی/رشد عمودی,100,50,89,72,3102,20260928,15.8,36.1,35.3,-11.7,18.8,34.2,47.6,80.3,7,0,true,44.5,2.85,above,0,0.54,2929,,235.18,406.07,7.28,232.01,99.46,492,6.3,9.63,-34.5,3014,2885,3367,3544,1.22,اشباع خرید | فاصله زیاد از MA20 | سهم صفی: 7 روز از ۲۰ روز در صف (ریسک نقدشوندگی و اجرای حد ضرر) | رشد عمودی (35٪ در ۶۰ روز، 34٪ بالای MA50) | شناوری کم (6٪)
چاپ,ص.چاپ وبسته بندی آسان قزوین,محصولات کاغذی,80,قوی؛ نزدیک مقاومت، منتظر شکست یا پولبک,100,75,78,62,21010,20260928,6.8,7.7,85,38,3.2,24.5,,66.1,2,0,false,44.8,3.3,above,-6,0.59,19890,22340,7.34,13.79,8.36,53.23,29.65,2147,9.79,16.48,-40.6,20317,19544,22340,23725,0.91,214٪ بالای کف ۵۲ هفته
زبینا,کشاورزی و دامپروری بینالود,زراعت و خدمات وابسته,79.9,قوی؛ نزدیک مقاومت، منتظر شکست یا پولبک,95,88,88,47,15190,20260928,15.4,10.8,43.5,-3.4,7.3,15.2,95.2,65.8,3,0,true,25.9,3.42,above,-2.9,1.19,14235,15650,34.24,47.79,3.34,31.99,16.6,1911,7.95,8.07,-1.5,14670,13975,15650,16690,0.38,95٪ بالای MA200 | حد ضرر دور (8.0٪)
ودی,بیمه  دی,بیمه وصندوق بازنشستگی به جزتامین اجتماعی,79.7,قوی ولی پرریسک؛ فعلاً ورود نه,100,85,58.8,72,6730,20260928,11.2,7.7,59.2,12.2,9.2,24.5,55.9,72.4,1,0,true,44,3.26,above,-0.1,0.8,6410,,4.19,-3.45,1.47,4.49,3.68,1197,5.62,18.13,-69,6511,6300,7388,7826,1.53,56٪ بالای MA200 | نقدشوندگی کمتر از ۱۰ میلیارد تومان
دفارا,داروسازی‌ فارابی‌,مواد و محصولات دارویی,79.5,قوی ولی پرریسک؛ فعلاً ورود نه,100,75,88,50,19270,20260928,15.2,13.1,80.7,33.7,8.9,23.5,121.1,68.9,3,0,false,43,3.34,above,0,0.92,18870,,177.31,110.33,2.86,97.6,81.87,1956,9.85,12.91,-23.7,18870,18549,21199,22485,2.67,توزیع: ورود حقیقی با سرانه خرید ضعیف (0.77 در ۲۰ روز) | 121٪ بالای MA200
نیان,نیان الکترونیک,تولید محصولات کامپیوتری الکترونیکی ونوری,79.5,قوی ولی پرریسک؛ فعلاً ورود نه,95,75,62,82,3750,20260928,9.3,0.5,59.5,12.6,5.1,15.1,27,62.5,3,0,false,26.9,3.33,above,-16.2,0.48,3696,3900,2.81,-46.94,3.65,19.88,14.46,678,5.53,7.98,-30.7,3696,3633,3900,4185,1.28,واگرایی منفی RSI | خروج مستمر پول حقیقی | واگرایی منفی
فاما,صنعتی‌ آما,ساخت محصولات فلزی,79.1,پرریسک؛ صفی/رشد عمودی,100,65,87.5,57,6570,20260928,-2.4,15.9,58.7,11.7,3.4,19.3,97.6,60.9,7,0,false,49.9,3.28,above,-10.5,1.08,5360,7340,12.54,21.44,10.34,9.2,10.6,922,7.13,7.54,-5.5,6354,6139,7340,7771,1.78,سهم صفی: 7 روز از ۲۰ روز در صف (ریسک نقدشوندگی و اجرای حد ضرر) | 98٪ بالای MA200
فگستر,گسترش صنایع روی ایرانیان,فلزات اساسی,78.8,پرریسک؛ صفی/رشد عمودی,100,60,87,60,11870,20260928,7.9,32.9,181.4,134.4,8.6,35.6,183.7,72.4,14,0,false,66.6,2.73,above,-5.2,1.52,10670,12520,7.08,6.03,5.75,75.47,29.57,1905,6.23,8.05,-22.6,11546,11223,12520,13167,1,سهم صفی: 14 روز از ۲۰ روز در صف (ریسک نقدشوندگی و اجرای حد ضرر) | رشد عمودی (181٪ در ۶۰ روز، 36٪ بالای MA50) | 184٪ بالای MA200
شجم,صنایع پتروشیمی تخت جمشید,محصولات شیمیایی,78.6,قوی ولی پرریسک؛ فعلاً ورود نه,100,55,78.5,72,11010,20260928,2.9,11.2,19.8,-27.2,5.8,19.4,24.2,65.6,1,0,false,31.6,3.37,above,-0.4,0.93,10845,,13.43,6.2,4.56,19.85,10.62,1969,5.59,8.01,-30.2,10845,10660,12122,12863,3.17,واگرایی منفی RSI | واگرایی منفی
خموتور,موتورسازان‌تراکتورسازی‌ایران‌,خودرو و ساخت قطعات,78.6,قوی؛ نزدیک مقاومت، منتظر شکست یا پولبک,95,63,98,52,2372,20260928,5.5,3.9,46.7,-0.3,4.2,10.7,27,60.6,3,0,false,39.3,3.79,above,-11.5,1.49,2203,2430,41.9,33.13,5.73,28.98,8.7,385,6.16,,,2282,2158,2430,2681,0.27,حد ضرر دور (9.0٪) | نقدشوندگی کمتر از ۱۰ میلیارد تومان
خدیزل,بهمن  دیزل,خودرو و ساخت قطعات,78.3,قوی ولی پرریسک؛ فعلاً ورود نه,100,55,89,60,1785,20260928,3,4.1,12.3,-34.7,0,6.6,37.3,54.8,1,0,false,27.7,3.79,above,-6.7,0.98,1749,1914,27.75,50.32,1.83,23.18,9.7,348,5.13,5.87,-12.6,1749,1716,1914,2049,1.86,نقدشوندگی کمتر از ۱۰ میلیارد تومان
پخش,پخش البرز,مواد و محصولات دارویی,78.1,قوی ولی پرریسک؛ فعلاً ورود نه,100,55,88.5,60,14460,20260928,9.3,8.7,26.3,-20.7,7,14.6,82.2,67,3,0,false,35.5,3.8,above,0,0.9,14220,,88.75,125.75,2.19,4.13,59.68,2029,7.13,8.86,-19.6,14220,13946,16107,17204,3.2,واگرایی منفی RSI | توزیع: ورود حقیقی با سرانه خرید ضعیف (0.76 در ۲۰ روز) | 82٪ بالای MA200 | واگرایی منفی
بتهران,بیمه اتکایی تهران رواک,بیمه وصندوق بازنشستگی به جزتامین اجتماعی,78.1,پرریسک؛ صفی/رشد عمودی,100,70,74.5,62,9190,20260928,15.5,39.2,225.8,178.8,21.3,52.4,,86.5,8,0,true,77.1,2.96,above,0,1.13,7710,,14.53,33.06,1.79,-14.45,15.12,956,9.61,18.13,-47,8918,8647,10005,10548,1.5,واگرایی منفی RSI | اشباع خرید | فاصله زیاد از MA20 | سهم صفی: 8 روز از ۲۰ روز در صف (ریسک نقدشوندگی و اجرای حد ضرر) | رشد عمودی (226٪ در ۶۰ روز، 52٪ بالای MA50) | 373٪ بالای کف ۵۲ هفته | واگرایی منفی
وتوکا,سرمایه‌گذاری‌توکافولاد(هلدینگ,فلزات اساسی,78,قوی ولی پرریسک؛ فعلاً ورود نه,90,65,62,90,3580,20260928,-0.8,3.2,65,18,-1.1,20.2,45.4,57.5,3,0,false,41.6,3.49,above,-10.7,0.38,3520,4010,2.53,41.08,5.59,-8.28,42.68,724,4.94,13.48,-63.3,3520,3458,4010,4260,3.51,واگرایی منفی RSI | واگرایی منفی
دلقما,دارویی‌ لقمان‌,مواد و محصولات دارویی,78,پرریسک؛ صفی/رشد عمودی,95,75,78,60,10320,20260928,15.7,3.9,201.5,154.5,7.4,24.2,183.8,66.4,7,0,false,43,3.53,above,-11,0.59,9630,10600,131.48,24.33,9.71,136.18,73.21,1109,9.31,12.91,-27.9,9955,9448,10600,11590,0.32,سهم صفی: 7 روز از ۲۰ روز در صف (ریسک نقدشوندگی و اجرای حد ضرر) | رشد عمودی (201٪ در ۶۰ روز، 24٪ بالای MA50) | توزیع: ورود حقیقی با سرانه خرید ضعیف (0.58 در ۲۰ روز) | 184٪ بالای MA200 | حد ضرر دور (8.5٪)
سمگا,گروه سرمایه گذاری میراث فرهنگی,هتل و رستوران,77.9,قوی؛ نزدیک مقاومت، منتظر شکست یا پولبک,100,53,81.3,68,4010,20260928,-0.2,5.8,45.1,-1.8,4.7,15.7,52.9,62.1,2,1,false,31,3.21,above,-2,0.98,3890,4090,71.22,146.49,1.33,63.89,53.72,1002,4,4.69,-14.7,3890,3826,4090,4347,0.43,واگرایی منفی RSI | 53٪ بالای MA200 | واگرایی منفی | صف فروش در ۵ روز اخیر
اپال,فرآوری معدنی اپال کانی پارس,استخراج کانه های فلزی,77.9,قوی ولی پرریسک؛ فعلاً ورود نه,85,65,97.5,60,14260,20260928,2.9,-2.9,47.3,0.3,-4,12.5,42.5,53.5,0,0,false,33.7,3.55,above,-14.1,1.56,13460,16600,52.9,28.33,21.87,41.61,12.11,1442,9.89,13.76,-28.1,13754,13207,16600,17612,2.22,حد ضرر دور (7.4٪) | شناوری کم (9٪)
ثجنوب,سرمایه گذاری مسکن جنوب,انبوه سازی، املاک و مستغلات,77.8,قوی؛ نزدیک مقاومت، منتظر شکست یا پولبک,100,70,55,80,19450,20260928,-0.3,13.5,21.8,-25.2,6.8,12.7,62.4,63.4,2,0,true,24.9,3.8,above,-2.5,0.95,18950,19940,9.71,79.62,0.88,-18.04,22.03,6363,3.06,23.59,-87,18950,18581,19940,21418,0.56,62٪ بالای MA200
حفاری,حفاری شمال,استخراج نفت گاز و خدمات جنبی جز اکتشاف,77.6,قوی ولی پرریسک؛ فعلاً ورود نه,85,63,92.8,65,5950,20260928,5.9,8.2,42.3,-4.6,-0.5,13.3,34.6,56.6,3,0,false,34,3.59,above,-12.5,1.62,5470,6800,212.98,214.62,1.43,14.85,86.01,2511,2.37,2.24,5.8,5737,5417,6800,7227,1.59,حد ضرر دور (9.0٪)
ثپهران,توسعه ساختمان سپهر تهران,انبوه سازی، املاک و مستغلات,77.5,پرریسک؛ صفی/رشد عمودی,100,70,100,34,5300,20260928,14.7,37,50.6,3.6,22.3,35.6,,87.2,4,0,true,41.7,2.59,above,0,1.32,4326,,40.3,52.52,25.71,96.11,15.65,721,7.35,6.61,11.2,5163,5026,5712,5986,1.5,واگرایی منفی RSI | اشباع خرید | فاصله زیاد از MA20 | رشد عمودی (51٪ در ۶۰ روز، 36٪ بالای MA50) | واگرایی منفی | شناوری کم (11٪)
وکادو,تکادو,سرمایه گذاریها,77.5,پرریسک؛ صفی/رشد عمودی,100,75,88,42,4530,20260928,2.7,80.9,130.6,83.6,23,54.8,104.6,75.2,10,0,true,46.8,4.08,above,-8.3,0.78,2737,4940,7.53,18.22,9.02,21.06,12.27,668,6.78,,,4345,4161,4940,5309,1.11,فاصله زیاد از MA20 | سهم صفی: 10 روز از ۲۰ روز در صف (ریسک نقدشوندگی و اجرای حد ضرر) | رشد عمودی (131٪ در ۶۰ روز، 55٪ بالای MA50) | 105٪ بالای MA200 | حد ضرر دور (8.2٪)
دزاگرس,دارویی و نهاده های زاگرس دارو,مواد و محصولات دارویی,77.4,قوی؛ نزدیک مقاومت، منتظر شکست یا پولبک,95,100,78.5,37,26280,20260928,15.8,6.9,66.4,19.5,8.3,15,106.1,65.3,4,0,true,41.7,3.12,above,-2.6,1.06,22820,26970,141.03,95.08,7.7,49.37,99.29,3000,8.76,8.86,-1.1,25460,24641,26970,28609,0.42,106٪ بالای MA200
شدوص,دوده‌ صنعتی‌ پارس‌,محصولات شیمیایی,77.3,قوی؛ نزدیک مقاومت، منتظر شکست یا پولبک,85,75,87,60,7120,20260928,4.2,5.6,59.9,12.9,-0.6,10.7,53.2,55.1,4,0,false,39.6,3.71,above,-9.8,0.68,6663,7290,19.57,37.02,4.28,15.27,11.39,1044,6.82,9.63,-29.2,6856,6531,7290,7660,0.29,توزیع: ورود حقیقی با سرانه خرید ضعیف (0.77 در ۲۰ روز) | 53٪ بالای MA200 | حد ضرر دور (8.3٪)
وپخش,داروپخش‌ (هلدینگ‌,مواد و محصولات دارویی,77.1,پرریسک؛ صفی/رشد عمودی,100,88,88,30,53080,20260928,15.8,13.3,44.8,-2.1,11.1,14.8,90.2,67.8,7,0,true,20.7,3.36,above,0,1.12,52180,,59.65,86.69,2.87,14.93,33.12,3800,13.97,12.91,8.2,52180,51289,58428,61993,2.99,واگرایی منفی RSI | سهم صفی: 7 روز از ۲۰ روز در صف (ریسک نقدشوندگی و اجرای حد ضرر) | توزیع: ورود حقیقی با سرانه خرید ضعیف (0.65 در ۲۰ روز) | 90٪ بالای MA200 | واگرایی منفی | شناوری کم (11٪)
فایرا,آلومینیوم‌ایران‌,فلزات اساسی,77,قوی؛ نزدیک مقاومت، منتظر شکست یا پولبک,95,75,62.1,72,15420,20260928,9.2,10,92.2,45.3,5.5,13.7,110,62.3,3,0,false,29.5,3.51,above,-4.9,0.47,15050,15970,6.46,24.49,1.59,-27.2,81.73,2419,6.37,13.48,-52.7,15050,14779,15970,16220,0.86,توزیع: ورود حقیقی با سرانه خرید ضعیف (0.55 در ۲۰ روز) | 110٪ بالای MA200
نخریس,نخریسی و نساجی خسروی خراسان,منسوجات,77,پرریسک؛ صفی/رشد عمودی,100,70,89,43,24670,20260928,10.1,32.1,97.2,50.3,15.4,37.5,91.4,81.5,2,0,true,49.8,3.05,above,0,0.62,23570,,9.45,9.88,41.42,23.16,9.8,2027,12.17,14.29,-14.8,23918,23194,26927,28431,1.53,واگرایی منفی RSI | اشباع خرید | فاصله زیاد از MA20 | رشد عمودی (97٪ در ۶۰ روز، 38٪ بالای MA50) | 91٪ بالای MA200 | واگرایی منفی | نقدشوندگی کمتر از ۱۰ میلیارد تومان
پارسیان,بیمه پارسیان,بیمه وصندوق بازنشستگی به جزتامین اجتماعی,76.9,قوی؛ نزدیک مقاومت، منتظر شکست یا پولبک,100,75,47.7,80,1895,20260928,4.4,11.3,47.2,0.3,3.7,18.7,49.5,64.2,1,0,false,48.7,3.48,above,-3.8,0.72,1670,1970,4.04,-15.15,1.05,1.03,8.24,865,2.19,4.59,-52.3,1829,1763,1970,2102,0.57,خروج مستمر پول حقیقی | نقدشوندگی کمتر از ۱۰ میلیارد تومان
ثامید,توسعه و عمران امید,انبوه سازی، املاک و مستغلات,76.9,قوی؛ نزدیک مقاومت، منتظر شکست یا پولبک,88,55,78,80,1853,20260928,2.3,3.9,31.8,-15.2,1.1,10.9,44.6,57.3,0,0,false,19.9,3.5,above,-7.4,0.66,1710,2001,7.98,6.48,3.55,28.64,14.18,547,3.39,6.61,-48.8,1788,1691,2001,2131,0.91,واگرایی منفی RSI | واگرایی منفی | حد ضرر دور (8.7٪) | شناوری کم (13٪)
سنوین,سرمایه گذاری اقتصاد نوین,سرمایه گذاریها,76.9,قوی ولی پرریسک؛ فعلاً ورود نه,100,73,87.2,42,3660,20260928,5.5,16.2,46.4,-0.6,7.9,18.6,47.5,72,3,0,true,31.4,3.61,above,-1.3,1.17,3500,,2.76,7.78,1.53,3.63,3.16,612,5.98,,,3528,3434,4056,4320,1.75,واگرایی منفی RSI | واگرایی منفی | نقدشوندگی کمتر از ۱۰ میلیارد تومان
دارو,کارخانجات‌داروپخش‌,مواد و محصولات دارویی,76.9,پرریسک؛ صفی/رشد عمودی,95,100,63.5,50,9080,20260928,15.5,9.9,111.2,64.2,9.6,16.2,142,68.1,7,0,true,35.9,3.39,above,-3.4,0.42,8850,9400,87.03,-15.97,6.95,100.56,57.94,841,10.8,12.91,-16.4,8850,8696,9400,10015,0.83,سهم صفی: 7 روز از ۲۰ روز در صف (ریسک نقدشوندگی و اجرای حد ضرر) | رشد عمودی (111٪ در ۶۰ روز، 16٪ بالای MA50) | 142٪ بالای MA200 | شناوری کم (13٪)
فخاس,فولاد خراسان,فلزات اساسی,76.6,قوی ولی پرریسک؛ فعلاً ورود نه,100,60,88.5,50,3590,20260928,12.5,21.4,80.6,33.7,9.5,29.5,73.7,72.4,5,0,false,47.5,3.18,above,-0.3,0.71,3100,,8.47,47.98,7.67,35.91,20.89,363,9.89,13.48,-26.6,3476,3362,3933,4161,1.5,واگرایی منفی RSI | 74٪ بالای MA200 | واگرایی منفی | شناوری کم (4٪)
ونیرو,سرمایه‌گذاری‌نیرو,عرضه برق، گاز، بخاروآب گرم,76.5,پرریسک؛ صفی/رشد عمودی,90,85,63,67,4210,20260928,13.5,40.6,57.6,10.6,14.1,37.4,15.5,78.9,9,0,true,46.1,2.86,above,-30.6,0.77,4015,4296,59.73,-9.33,3.51,33.1,45.78,599,7.03,7.09,-0.9,4090,3954,4296,4410,0.33,اشباع خرید | سهم صفی: 9 روز از ۲۰ روز در صف (ریسک نقدشوندگی و اجرای حد ضرر) | رشد عمودی (58٪ در ۶۰ روز، 37٪ بالای MA50)
البرز,بیمه البرز,بیمه وصندوق بازنشستگی به جزتامین اجتماعی,76.3,پرریسک؛ صفی/رشد عمودی,100,70,74,55,3410,20260928,13.9,50.9,65.5,18.6,20.6,48.4,74.9,90.9,8,0,true,66.2,2.75,above,0,1.19,2896,,40.76,138.93,5.92,-10.88,35.97,758,4.5,4.59,-2,3316,3223,3691,3879,1.5,اشباع خرید | فاصله زیاد از MA20 | سهم صفی: 8 روز از ۲۰ روز در صف (ریسک نقدشوندگی و اجرای حد ضرر) | رشد عمودی (66٪ در ۶۰ روز، 48٪ بالای MA50) | 75٪ بالای MA200 | شناوری کم (13٪)
مهرمام,مهرمام میهن,سلامت انسان و مددکاری اجتماعی,76.3,پرریسک؛ صفی/رشد عمودی,100,75,88,37,4390,20260928,0,30.7,54.5,7.5,11.7,25.9,55.2,75.7,6,1,true,53.7,3.3,above,-2.9,0.98,3523,4520,22.2,75.11,2.25,47.68,28.92,403,10.89,10.3,5.8,4245,4100,4520,4810,0.45,سهم صفی: 6 روز از ۲۰ روز در صف (ریسک نقدشوندگی و اجرای حد ضرر) | 55٪ بالای MA200 | صف فروش در ۵ روز اخیر
اسیاتک,انتقال داده های آسیاتک,اطلاعات و ارتباطات,76.2,قوی؛ نزدیک مقاومت، منتظر شکست یا پولبک,100,75,44.9,80,4350,20260928,7.9,8.5,98.2,51.2,3.3,25.6,74.7,66.2,2,0,false,42.8,3.45,above,-2.9,0.62,4170,4470,-11.68,17.75,1.32,4.61,41.66,1000,4.35,7.97,-45.4,4200,4095,4470,4770,0.47,واگرایی منفی RSI | توزیع: ورود حقیقی با سرانه خرید ضعیف (0.89 در ۲۰ روز) | 75٪ بالای MA200 | واگرایی منفی
کرازی,کارخانجات‌تولیدی‌شیشه‌رازی‌,سایر محصولات کانی غیرفلزی,76.1,قوی؛ نزدیک مقاومت، منتظر شکست یا پولبک,80,75,86.5,62,1844,20260928,5.6,3.3,53.9,6.9,0.8,14.3,63.8,58.1,3,0,false,30.5,3.72,above,-9.3,0.98,1700,2032,57.45,46.31,6.68,29.7,22.37,221,8.34,12.75,-34.6,1775,1673,2032,2169,1.1,توزیع: ورود حقیقی با سرانه خرید ضعیف (0.89 در ۲۰ روز) | 64٪ بالای MA200 | حد ضرر دور (9.3٪)
وحکمت,بیمه حکمت صبا,بیمه وصندوق بازنشستگی به جزتامین اجتماعی,76.1,ورود پله‌ای,100,80,88.5,32,1623,20260928,8.5,6.6,35.7,-11.3,7.6,16.3,30.1,66.8,2,0,true,21.8,3.72,above,-0.2,0.77,1589,,3.2,12.57,2.08,17.27,11,199,8.16,,,1589,1558,1804,1925,2.81,
داترا,آترا زیست آرای,مواد و محصولات دارویی,76,قوی؛ نزدیک مقاومت، منتظر شکست یا پولبک,100,75,62,62,6950,20260928,7.3,6.6,47.7,0.7,3.6,15.9,,60.7,1,0,false,33.1,3.71,above,-4.5,0.92,6430,7265,14.03,-8.47,2.24,60.54,31.44,777,8.94,12.91,-30.7,6692,6306,7265,7780,0.49,170٪ بالای کف ۵۲ هفته | حد ضرر دور (9.3٪)
قصفها,قنداصفهان‌,قند و شکر,76,قوی ولی پرریسک؛ فعلاً ورود نه,100,75,87,37,2390,20260928,8.2,8.7,50.7,3.8,2.4,16.2,69.6,60.7,5,0,false,36.5,3.5,above,-8.3,0.66,2263,2607,4.4,21.15,2.03,0.99,12.74,264,9.05,9.8,-7.6,2306,2221,2607,2774,1.29,توزیع: ورود حقیقی با سرانه خرید ضعیف (0.66 در ۲۰ روز) | 70٪ بالای MA200 | حد ضرر دور (7.1٪)
شصدف,صنعتی دوده فام,محصولات شیمیایی,76,قوی ولی پرریسک؛ فعلاً ورود نه,100,75,77,47,18770,20260928,6.2,6.8,75.5,28.6,5.3,21.5,58.5,63.6,3,0,false,52.7,3.66,above,-4.9,0.49,18400,19740,0.96,11.14,1.79,18.61,31.91,2572,7.3,8.01,-8.9,18400,18057,19740,21113,1.36,58٪ بالای MA200
وامین,سرمایه گذاری امین مهرگان,سرمایه گذاریها,76,پرریسک؛ صفی/رشد عمودی,100,60,99,37,6750,20260928,11.8,56.2,117.5,70.5,23.7,57.3,84.3,94.5,9,0,true,68.5,2.55,above,-1.6,1.44,4458,,21.85,56.69,6.4,27.75,10.52,785,8.6,8.73,-1.5,6578,6406,7266,7610,1.5,اشباع خرید | فاصله زیاد از MA20 | سهم صفی: 9 روز از ۲۰ روز در صف (ریسک نقدشوندگی و اجرای حد ضرر) | رشد عمودی (117٪ در ۶۰ روز، 57٪ بالای MA50) | 84٪ بالای MA200
ثبهساز,بهساز کاشانه تهران,انبوه سازی، املاک و مستغلات,75.9,قوی؛ نزدیک مقاومت، منتظر شکست یا پولبک,83,45,88,80,1912,20260928,4.8,-3.2,24.4,-22.6,0.4,5.1,48.4,54.2,2,0,false,15.8,3.47,above,-6.1,0.72,1842,2033,19.32,30.82,5.14,56.01,26.86,655,2.92,6.61,-55.8,1846,1809,2033,2166,1.17,
غشاذر,پگاه‌آذربایجان‌غربی‌,محصولات غذایی و آشامیدنی به جز قند و شکر,75.9,قوی؛ نزدیک مقاومت، منتظر شکست یا پولبک,88,63,87.5,60,20040,20260928,6.4,9.9,45.3,-1.6,4.4,13.9,74.6,63.1,1,0,false,17.2,3.7,above,-2.7,0.82,19020,20600,26.54,29.75,5.34,21.03,13.08,2810,7.13,8.53,-16.4,19298,18649,20600,22084,0.4,واگرایی منفی RSI | 75٪ بالای MA200 | واگرایی منفی
شکبیر,پتروشیمی امیرکبیر,محصولات شیمیایی,75.9,قوی؛ نزدیک مقاومت، منتظر شکست یا پولبک,100,55,87.5,52,140500,20260928,9.2,14.1,23.8,-23.2,4.9,21.4,45,65,4,0,false,35,3.15,above,-10.8,1.05,134000,143400,17.54,8.41,5.57,14.27,5.67,27918,5.03,,,136077,131789,143400,157435,0.33,185٪ بالای کف ۵۲ هفته | نقدشوندگی کمتر از ۱۰ میلیارد تومان
قپیرا,فرآورده‌های‌غدایی‌وقندپیرانشهر,قند و شکر,75.9,پرریسک؛ صفی/رشد عمودی,100,75,73.5,50,24600,20260928,5,36.5,70.8,23.9,13.7,35.8,96,75,6,0,true,60.6,3.17,above,-6.4,0.94,18820,,3.93,26.78,1.7,-1.54,4.73,2920,8.42,9.8,-14,23820,23040,26940,28500,1.5,سهم صفی: 6 روز از ۲۰ روز در صف (ریسک نقدشوندگی و اجرای حد ضرر) | رشد عمودی (71٪ در ۶۰ روز، 36٪ بالای MA50) | 96٪ بالای MA200 | نقدشوندگی کمتر از ۱۰ میلیارد تومان
وبانک,سرمایه گذاری گروه توسعه ملی,شرکتهای چند رشته ای صنعتی,75.8,پرریسک؛ صفی/رشد عمودی,100,60,63,72,12880,20260928,8.9,27.7,63.9,16.9,9.5,30.4,76.7,75.4,8,0,false,56.7,3.34,above,0,0.52,12545,,46.95,-120.72,2.59,103.2,156.56,2109,6.11,10.88,-43.9,12545,12330,14169,15029,2.34,واگرایی منفی RSI | سهم صفی: 8 روز از ۲۰ روز در صف (ریسک نقدشوندگی و اجرای حد ضرر) | رشد عمودی (64٪ در ۶۰ روز، 30٪ بالای MA50) | 77٪ بالای MA200 | واگرایی منفی
توسن,توسعه سامانه ی نرم افزاری نگین,رایانه و فعالیت‌های وابسته به آن,75.8,پرریسک؛ صفی/رشد عمودی,100,60,63,72,12870,20260928,7.1,16.5,125.5,78.5,6.7,23.2,156.2,70.8,4,0,false,49.2,3.54,above,-3,0.9,11415,13265,1.99,-18.17,2.89,16.74,40.5,2242,5.74,8.89,-35.4,12414,11958,13265,14176,0.43,رشد عمودی (125٪ در ۶۰ روز، 23٪ بالای MA50) | 156٪ بالای MA200 | حد ضرر دور (7.1٪)
فغدیر,آهن و فولاد غدیر ایرانیان,فلزات اساسی,75.8,پرریسک؛ صفی/رشد عمودی,100,70,90,37,8190,20260928,15.5,77.3,141,94,29.6,67.6,104.1,96.7,20,0,true,69.5,2.19,above,0,0.39,5056,,15.53,178.33,5.57,18.82,11.52,974,8.41,8.05,4.5,8011,7831,8728,9087,1.5,واگرایی منفی RSI | اشباع خرید | فاصله زیاد از MA20 | سهم صفی: 20 روز از ۲۰ روز در صف (ریسک نقدشوندگی و اجرای حد ضرر) | رشد عمودی (141٪ در ۶۰ روز، 68٪ بالای MA50) | 104٪ بالای MA200 | واگرایی منفی
مارون,پتروشیمی مارون,محصولات شیمیایی,75.8,پرریسک؛ صفی/رشد عمودی,100,70,90,37,29410,20260928,15.8,64.2,60.2,13.2,29.4,49.3,55.9,93.1,15,0,true,58.2,2.35,above,0,0.24,23679,,25.89,400.95,12.71,26.87,24.77,3493,8.42,8.01,5.1,28718,28025,31487,32872,1.5,اشباع خرید | فاصله زیاد از MA20 | سهم صفی: 15 روز از ۲۰ روز در صف (ریسک نقدشوندگی و اجرای حد ضرر) | رشد عمودی (60٪ در ۶۰ روز، 49٪ بالای MA50) | 56٪ بالای MA200
وخاور,بانک خاورمیانه,بانکها و موسسات اعتباری,75.7,قوی ولی پرریسک؛ فعلاً ورود نه,100,88,78.4,34,6630,20260928,8.5,8.3,45.7,-1.2,7.5,11.4,81.9,65.8,1,0,true,20.5,3.45,above,-0.3,0.75,6320,,4.3,97.94,1.22,11.1,66.96,1045,6.34,5.4,17.5,6401,6206,7316,7773,1.62,توزیع: ورود حقیقی با سرانه خرید ضعیف (0.88 در ۲۰ روز) | 82٪ بالای MA200
وپارس,بانک‌پارسیان‌,بانکها و موسسات اعتباری,75.6,پرریسک؛ صفی/رشد عمودی,100,50,62.5,80,2274,20260928,0.1,31.7,93.1,46.1,6.6,37.3,104.3,71.8,5,0,false,72.8,3.52,above,-4.3,0.82,2193,2372,13,231.59,1.9,-328.32,452.47,668,3.4,5.4,-37,2194,2153,2372,2531,0.81,واگرایی منفی RSI | رشد عمودی (93٪ در ۶۰ روز، 37٪ بالای MA50) | توزیع: ورود حقیقی با سرانه خرید ضعیف (0.84 در ۲۰ روز) | 104٪ بالای MA200 | واگرایی منفی
شاملا,معدنی‌ املاح‌  ایران‌,محصولات شیمیایی,75.6,قوی ولی پرریسک؛ فعلاً ورود نه,100,85,77.5,37,43050,20260928,13.9,15.7,56.5,9.5,8.4,21.9,93.1,71.5,2,0,true,34.4,3.48,above,0,0.77,41515,,24.72,10.37,1.74,14.22,21.11,4322,9.96,9.63,3.4,41553,40767,47541,50535,1.97,توزیع: ورود حقیقی با سرانه خرید ضعیف (0.71 در ۲۰ روز) | 93٪ بالای MA200
واعتبار,سرمایه گذاری اعتبار ایران,سرمایه گذاریها,75.6,پرریسک؛ صفی/رشد عمودی,100,60,54.5,80,3610,20260928,5.8,40.8,93.5,46.5,16.2,45.4,107.3,87.2,2,0,true,76.5,2.81,above,-1.1,1.49,2338,,0.48,-5.41,1.46,-0.6,4.77,827,4.37,7.13,-38.8,3509,3407,3914,4117,1.5,اشباع خرید | فاصله زیاد از MA20 | خروج مستمر پول حقیقی | رشد عمودی (93٪ در ۶۰ روز، 45٪ بالای MA50) | 107٪ بالای MA200 | نقدشوندگی کمتر از ۱۰ میلیارد تومان
دپارس,پارس‌ دارو,مواد و محصولات دارویی,75.5,قوی؛ نزدیک مقاومت، منتظر شکست یا پولبک,95,75,98,30,61650,20260928,9.9,1.4,55,8,2.2,11.7,82.2,58.5,3,0,false,22.7,3.68,above,-6.8,1.21,60820,62640,26.61,64.71,1.81,2.26,23.09,4755,12.97,12.91,0.4,60820,59685,62640,65825,0.5,واگرایی منفی RSI | توزیع: ورود حقیقی با سرانه خرید ضعیف (0.81 در ۲۰ روز) | 82٪ بالای MA200 | واگرایی منفی
شتوکا,توکا رنگ فولاد سپاهان,محصولات شیمیایی,75.5,پرریسک؛ صفی/رشد عمودی,100,70,89,37,12490,20260928,15.2,69.5,63.1,16.1,26.7,57.5,106,93.4,15,0,true,71.3,2.65,above,0,1.02,7760,,10.06,70.36,7.9,15.79,12.88,1545,8.08,8.01,0.9,12159,11829,13482,14144,1.5,اشباع خرید | فاصله زیاد از MA20 | سهم صفی: 15 روز از ۲۰ روز در صف (ریسک نقدشوندگی و اجرای حد ضرر) | رشد عمودی (63٪ در ۶۰ روز، 57٪ بالای MA50) | 106٪ بالای MA200
وپویا,سرمایه گذاری پویا,سرمایه گذاریها,75.5,قوی؛ نزدیک مقاومت، منتظر شکست یا پولبک,100,75,62,80,2734,20260926,11.6,15.7,53.2,6.2,8.3,25.4,58.8,69.9,2,0,false,43.7,3.41,above,-1.3,1.06,2434,2770,2.06,-3.6,35.11,30.95,8.13,654,4.18,8.73,-52.1,2641,2547,2770,2957,0.19,واگرایی منفی RSI | 59٪ بالای MA200 | واگرایی منفی | نقدشوندگی کمتر از ۱۰ میلیارد تومان | آخرین معامله 20260926 (متوقف یا کم‌معامله)
غشهداب,کشت و صنعت شهداب ناب خراسان,محصولات غذایی و آشامیدنی به جز قند و شکر,75.4,پرریسک؛ صفی/رشد عمودی,100,75,61.6,60,2542,20260928,3.8,8.4,110.6,63.6,6,17.7,78.3,65.7,3,0,false,44.9,3.9,above,-4.5,0.55,2415,2662,1.26,1.58,0.99,2.53,22.11,401,6.34,7.05,-10.1,2443,2365,2662,2860,0.68,رشد عمودی (111٪ در ۶۰ روز، 18٪ بالای MA50) | 78٪ بالای MA200
شکلر,نیروکلر,محصولات شیمیایی,75.3,پرریسک؛ صفی/رشد عمودی,100,85,63,50,31960,20260928,15.8,16,62.2,15.2,11.7,31.5,93.3,73.9,7,0,true,50.8,3.07,above,0,0.54,31080,,53.28,-8.97,5.95,58.05,26.24,3984,8.02,9.63,-16.7,31080,30590,34899,36858,2.15,سهم صفی: 7 روز از ۲۰ روز در صف (ریسک نقدشوندگی و اجرای حد ضرر) | رشد عمودی (62٪ در ۶۰ روز، 31٪ بالای MA50) | 93٪ بالای MA200
چخزر,صنایع چوب خزر کاسپین,محصولات چوبی,75,پرریسک؛ صفی/رشد عمودی,100,100,63,37,203700,20260928,15.3,2.8,115.6,68.6,8.1,16.3,136.4,68.5,4,0,true,29.6,3.3,above,0,0.35,197900,,5.63,-13.26,24.25,21.01,13.25,20671,9.85,9.03,9.1,197900,194538,223873,237322,2.2,خروج مستمر پول حقیقی | رشد عمودی (116٪ در ۶۰ روز، 16٪ بالای MA50) | 136٪ بالای MA200
کربن,کانی کربن طبس,استخراج زغال سنگ,74.8,قوی ولی پرریسک؛ فعلاً ورود نه,85,65,63,82,10100,20260928,7.8,-1.2,71.8,24.8,-0.2,17.7,83.1,60.7,1,0,false,41.3,3.38,above,-11.4,0.51,9050,11400,19.23,-31.7,2.99,26.15,24.61,1449,6.97,15.48,-55,9758,9416,11400,12084,1.9,خروج مستمر پول حقیقی | 83٪ بالای MA200
کپرور,فرآوری زغال سنگ پروده طبس,استخراج زغال سنگ,74.5,قوی؛ نزدیک مقاومت، منتظر شکست یا پولبک,100,65,54.2,72,19710,20260928,0.2,-1.2,52.4,5.4,1.7,18.7,80,61,1,0,false,41.8,3.68,above,-5.7,0.49,18140,20550,1.82,-74.16,1.27,2.67,22.64,2597,7.59,15.48,-51,18985,17898,20550,20910,0.46,واگرایی منفی RSI | خروج مستمر پول حقیقی | 80٪ بالای MA200 | واگرایی منفی | حد ضرر دور (9.2٪)
مهر,سرمایه گذاری مهر,سرمایه گذاریها,74.5,پرریسک؛ صفی/رشد عمودی,100,70,62,60,4070,20260928,14.3,33.4,82.8,35.8,15.8,44.7,88.7,84.6,3,0,true,58.4,2.87,above,0,0.74,3410,,16.88,-48.58,31.4,35.43,11.42,564,7.22,8.73,-17.3,3953,3837,4420,4653,1.5,اشباع خرید | فاصله زیاد از MA20 | خروج مستمر پول حقیقی | رشد عمودی (83٪ در ۶۰ روز، 45٪ بالای MA50) | 89٪ بالای MA200
فنوال,نورد آلومینیوم‌,فلزات اساسی,74.3,قوی؛ نزدیک مقاومت، منتظر شکست یا پولبک,95,75,61,62,12950,20260928,7.2,1.6,48.4,1.4,0.8,7.6,74.7,55.8,4,0,false,33.6,3.6,above,-8.6,0.87,12180,13330,1.03,-20.08,1.9,0.83,7.98,1597,8.11,13.48,-39.8,12484,11947,13330,13560,0.38,واگرایی منفی RSI | خروج مستمر پول حقیقی | 75٪ بالای MA200 | واگرایی منفی | حد ضرر دور (7.7٪) | نقدشوندگی کمتر از ۱۰ میلیارد تومان
خلنت,لنت‌ ترمزایران‌,خودرو و ساخت قطعات,74.3,قوی؛ نزدیک مقاومت، منتظر شکست یا پولبک,95,55,97,42,5880,20260928,12.9,5.6,25.8,-21.2,5.3,13.4,55.8,63,2,0,false,29.6,3.24,above,-2,1.28,5530,6000,28.73,20.41,2.72,29.35,6.68,1027,5.73,,,5689,5435,6000,6381,0.27,56٪ بالای MA200 | حد ضرر دور (7.6٪) | نقدشوندگی کمتر از ۱۰ میلیارد تومان
نماد,گروه مالی نماد غدیر,سرمایه گذاریها,74,قوی؛ نزدیک مقاومت، منتظر شکست یا پولبک,100,75,36,80,4260,20260928,5.2,14.8,49.5,2.5,6.1,18.5,,67.7,1,0,false,38.8,3.33,above,-0.2,0.88,3927,,-8.66,-51.69,4.27,45.79,33.66,995,4.28,7.13,-40,4118,3905,4686,4970,1.2,خروج مستمر پول حقیقی | حد ضرر دور (8.3٪) | شناوری کم (9٪)
بزندگی,بیمه زندگی آگاه,بیمه وصندوق بازنشستگی به جزتامین اجتماعی,73.9,پرریسک؛ صفی/رشد عمودی,100,70,99.5,20,6780,20260928,15.5,47.7,138.6,91.6,25.1,49.7,143.8,95.3,7,0,true,77.8,2.33,above,0,1.41,4840,,22.5,43.16,54.29,28.03,4.14,328,20.67,,,6622,6465,7253,7569,1.5,اشباع خرید | فاصله زیاد از MA20 | سهم صفی: 7 روز از ۲۰ روز در صف (ریسک نقدشوندگی و اجرای حد ضرر) | رشد عمودی (139٪ در ۶۰ روز، 50٪ بالای MA50) | 144٪ بالای MA200 | نقدشوندگی کمتر از ۱۰ میلیارد تومان
خصدرا,صنعتی‌ دریایی‌ ایران‌,پیمانکاری صنعتی,73.9,پرریسک؛ صفی/رشد عمودی,90,80,88.5,35,2501,20260928,15.7,6.9,9.1,-37.8,12.4,24.2,8.6,69.1,17,0,true,24.8,3.17,above,-17.2,0.56,2374,2635,4.5,8.75,12.28,14.34,5.51,191,13.09,,,2422,2334,2635,2697,0.8,واگرایی منفی RSI | سهم صفی: 17 روز از ۲۰ روز در صف (ریسک نقدشوندگی و اجرای حد ضرر) | واگرایی منفی | نقدشوندگی کمتر از ۱۰ میلیارد تومان
دکپسول,تولید ژلاتین کپسول ایران,مواد و محصولات دارویی,73.7,قوی؛ نزدیک مقاومت، منتظر شکست یا پولبک,95,80,79.9,37,186400,20260928,9.8,1.9,17.3,-29.6,6.1,10.1,38.4,63.3,1,0,true,24.2,3.57,above,-2.4,0.96,181450,190500,8.69,59.63,1.23,1.2,21.74,20406,9.13,8.86,3.1,181450,178126,190500,203794,0.5,توزیع: ورود حقیقی با سرانه خرید ضعیف (0.76 در ۲۰ روز)
حتاید,تایدواترخاورمیانه,حمل ونقل، انبارداری و ارتباطات,73.7,قوی؛ نزدیک مقاومت، منتظر شکست یا پولبک,100,55,58.7,72,8700,20260928,2.5,9.3,25.3,-21.7,3.6,11.5,41.5,60.8,3,0,false,28.7,3.3,above,-4.7,0.49,8215,9074,1.57,47.57,1.05,-21.34,36.69,1376,6.32,19.33,-67.3,8413,8072,9074,9648,0.59,توزیع: ورود حقیقی با سرانه خرید ضعیف (0.88 در ۲۰ روز) | حد ضرر دور (7.2٪)
وصنعت,سرمایه گذاری توسعه صنعت وتجارت,سرمایه گذاریها,73.6,قوی؛ نزدیک مقاومت، منتظر شکست یا پولبک,100,53,52.1,80,2937,20260928,2.7,12.5,43.6,-3.3,4,17,54.4,62.5,2,0,false,40.4,3.42,above,-7,0.76,2700,3159,0.34,-0.95,1.19,1.04,4.56,884,3.32,7.13,-53.4,2836,2686,3159,3360,0.88,54٪ بالای MA200 | حد ضرر دور (8.6٪) | نقدشوندگی کمتر از ۱۰ میلیارد تومان | شناوری کم (13٪)
فن آوا,گروه فن آوا,رایانه و فعالیت‌های وابسته به آن,73.6,پرریسک؛ صفی/رشد عمودی,100,45,88.5,50,4150,20260928,14.6,50.5,189.3,142.3,17.1,61.1,146.4,86.7,14,0,false,81.3,2.67,above,0,0.93,3970,,23.87,48.46,3.43,10.05,15.34,1675,2.48,,,4039,3915,4482,4703,1.41,اشباع خرید | فاصله زیاد از MA20 | سهم صفی: 14 روز از ۲۰ روز در صف (ریسک نقدشوندگی و اجرای حد ضرر) | رشد عمودی (189٪ در ۶۰ روز، 61٪ بالای MA50) | 146٪ بالای MA200
آردینه,نشاسته و گلوکز آردینه,محصولات غذایی و آشامیدنی به جز قند و شکر,73.6,قوی ولی پرریسک؛ فعلاً ورود نه,100,63,77,47,33540,20260928,3,6.6,41.9,-5.1,1.6,10.2,71.2,56.3,5,0,false,23.9,3.7,above,-9.3,0.48,33080,36980,0.87,27.52,1.73,12.17,28.1,4668,7.19,7.05,1.9,33080,32459,36980,39465,3.18,71٪ بالای MA200
دقاضی,داروسازی شهید قاضی,مواد و محصولات دارویی,73.5,قوی؛ نزدیک مقاومت، منتظر شکست یا پولبک,95,100,63,37,23460,20260928,15.8,9.5,76.8,29.8,7.3,10.1,109.6,63.5,5,0,true,24.9,3.27,above,-1.8,0.87,22090,23880,47.02,-29.94,4.11,45.15,26.22,2413,9.72,8.86,9.7,22693,21707,23880,25413,0.24,خروج مستمر پول حقیقی | 110٪ بالای MA200 | حد ضرر دور (7.5٪)
توریل,توکاریل,حمل ونقل، انبارداری و ارتباطات,73.5,قوی؛ نزدیک مقاومت، منتظر شکست یا پولبک,100,45,77.8,60,3390,20260928,-0.3,0.3,18.2,-28.8,0.3,13.8,27.6,56.2,1,0,false,27.4,3.72,above,-7.9,0.65,3179,3530,7.48,52.09,1.17,2.08,12.83,616,5.5,7.68,-28.3,3264,3115,3530,3680,0.51,واگرایی منفی RSI | واگرایی منفی | حد ضرر دور (8.1٪)
غمینو,شرکت صنایع غذایی مینو شرق,محصولات غذایی و آشامیدنی به جز قند و شکر,73.1,قوی؛ نزدیک مقاومت، منتظر شکست یا پولبک,100,65,73.5,47,8830,20260928,-1.2,9.8,51.5,4.5,4.8,8.5,93.7,59.1,3,0,false,29.2,3.79,above,-7.1,0.7,8410,9500,18.54,78.71,6.38,-4.94,27.63,1231,7.17,7.05,1.7,8495,8243,9500,10170,1.14,توزیع: ورود حقیقی با سرانه خرید ضعیف (0.87 در ۲۰ روز) | 94٪ بالای MA200
کلوند,کاشی‌ الوند,کاشی و سرامیک,73.1,قوی؛ نزدیک مقاومت، منتظر شکست یا پولبک,100,75,88.5,24,7290,20260928,7.5,3.6,52.1,5.1,3.1,17.2,67.8,63.4,2,0,false,32.5,3.34,above,-4.6,0.74,6740,7640,14.9,26.4,3.74,14.21,13.3,820,8.89,7.65,16.2,7047,6681,7640,8127,0.58,واگرایی منفی RSI | توزیع: ورود حقیقی با سرانه خرید ضعیف (0.88 در ۲۰ روز) | 68٪ بالای MA200 | واگرایی منفی | حد ضرر دور (8.3٪)
پترول,گ.س.وت.ص.پتروشیمی خلیج فارس,محصولات شیمیایی,73.1,قوی ولی پرریسک؛ فعلاً ورود نه,100,65,30.4,90,2531,20260928,-1.1,9,59.8,12.8,1.8,13.8,55.4,58.3,3,0,false,35.5,3.66,above,-10.4,0.64,2398,2825,-6.94,126.07,0.93,-32.51,70.5,710,3.56,9.63,-63,2438,2352,2825,3010,1.64,55٪ بالای MA200 | حد ضرر دور (7.1٪)
شپاکسا,پاکسان‌,محصولات شیمیایی,73,قوی ولی پرریسک؛ فعلاً ورود نه,100,75,62,50,2761,20260928,6.8,10.9,97.6,50.6,5.6,21.4,97.8,63.9,5,0,false,41.5,3.55,above,-6.1,0.65,2700,2940,13.56,-0.1,9.37,10.67,31.71,327,8.44,9.63,-12.3,2700,2651,2940,3136,1.63,واگرایی منفی RSI | 98٪ بالای MA200 | واگرایی منفی
وشهر,بانک شهر,بانکها و موسسات اعتباری,73,قوی ولی پرریسک؛ فعلاً ورود نه,95,80,72,42,3280,20260928,11.6,6.9,18.5,-28.4,8.4,11.4,31.3,69.3,1,0,true,22.1,2.8,above,0,1.51,3125,,27.29,-44.94,2.72,33.54,14.59,533,6.15,,,3188,3079,3555,3739,1.37,واگرایی منفی RSI | خروج مستمر پول حقیقی | 210٪ بالای کف ۵۲ هفته | واگرایی منفی
غاذر,کشت‌وصنعت‌پیاذر,محصولات غذایی و آشامیدنی به جز قند و شکر,73,پرریسک؛ صفی/رشد عمودی,100,75,88,24,32910,20260928,14.8,20.3,96.7,49.7,6.6,27.2,145.2,69.2,6,0,false,45.2,3.24,above,-5.2,0.35,28010,34700,13.44,60.85,5.32,23.73,38.46,3154,10.43,8.53,22.3,31842,30774,34700,36836,0.84,سهم صفی: 6 روز از ۲۰ روز در صف (ریسک نقدشوندگی و اجرای حد ضرر) | توزیع: ورود حقیقی با سرانه خرید ضعیف (0.82 در ۲۰ روز) | 145٪ بالای MA200
فسبزوار,پارس فولاد سبزوار,فلزات اساسی,73,قوی ولی پرریسک؛ فعلاً ورود نه,100,63,49.5,72,77430,20260928,2.7,15.3,40.8,-6.2,4.3,10.9,65.6,59.5,3,0,false,24.2,3.37,above,-4.3,0.61,74940,,3.51,-39.22,1.08,5.78,55.54,14489,5.34,13.48,-60.4,74940,73634,85263,90486,2.06,واگرایی منفی RSI | 66٪ بالای MA200 | واگرایی منفی
شپاس,نفت پاسارگاد,فراورده های نفتی، کک و سوخت هسته ای,72.9,قوی؛ نزدیک مقاومت، منتظر شکست یا پولبک,100,55,80.5,47,48240,20260928,8.2,13.3,21.8,-25.1,3,18.4,27.4,63,4,0,false,30.4,3.54,above,-4.7,0.5,46976,49138,6.59,67.26,1.32,8.06,19.35,6293,7.67,8.12,-5.6,46976,46121,49138,50385,0.42,
کگل,معدنی و صنعتی گل گهر,استخراج کانه های فلزی,72.9,قوی ولی پرریسک؛ فعلاً ورود نه,95,75,87.5,30,3042,20260928,7.1,2.7,59.5,12.6,1.7,11.1,48.4,57.8,5,0,false,30.5,3.62,above,-8.1,0.86,2931,3310,481.07,541.23,6.09,398.28,215.83,241,12.62,13.76,-8.3,2932,2875,3310,3530,1.61,توزیع: ورود حقیقی با سرانه خرید ضعیف (0.73 در ۲۰ روز)
پاکشو,گروه صنعتی پاکشو,محصولات شیمیایی,72.9,پرریسک؛ صفی/رشد عمودی,100,75,87.5,24,12900,20260928,10.7,9.9,99.7,52.7,9.5,20.7,104.5,67.5,8,0,false,30.9,3.4,above,0,1.06,12400,,30.28,27.35,4.48,32.9,9.58,1090,11.83,9.63,22.9,12462,12181,14215,15092,1.83,واگرایی منفی RSI | سهم صفی: 8 روز از ۲۰ روز در صف (ریسک نقدشوندگی و اجرای حد ضرر) | 105٪ بالای MA200 | واگرایی منفی | نقدشوندگی کمتر از ۱۰ میلیارد تومان | شناوری کم (10٪)
بترانس,ایران‌ ترانسفو,ماشین آلات و دستگاه‌های برقی,72.5,قوی ولی پرریسک؛ فعلاً ورود نه,100,80,38,68,3660,20260928,6.1,13,24.7,-22.3,8.2,16.1,48.3,66.9,1,0,true,21,3.3,above,-0.3,1.75,3570,,-93.7,170.01,0.6,-286.58,103.08,747,4.9,6.15,-20.3,3570,3510,4022,4264,2.41,توزیع: ورود حقیقی با سرانه خرید ضعیف (0.88 در ۲۰ روز) | سرانه خرید ضعیف (0.60)
ونفت,سرمایه‌گذاری‌ صنعت‌ نفت‌,فراورده های نفتی، کک و سوخت هسته ای,72.5,پرریسک؛ صفی/رشد عمودی,100,65,28,90,10350,20260928,-7.8,3.6,130.1,83.1,2.3,8.9,107,56.4,3,1,false,34.1,3.53,above,-10.4,1.24,10030,11550,-3.45,38.64,0.49,-86.04,33.9,3216,3.22,6.26,-48.6,10030,9847,11550,12281,2.39,واگرایی منفی RSI | رشد عمودی (130٪ در ۶۰ روز، 9٪ بالای MA50) | توزیع: ورود حقیقی با سرانه خرید ضعیف (0.76 در ۲۰ روز) | 107٪ بالای MA200 | سرانه خرید ضعیف (0.49) | واگرایی منفی | صف فروش در ۵ روز اخیر
خرینگ,رینگ‌سازی‌مشهد,خودرو و ساخت قطعات,72.5,قوی؛ نزدیک مقاومت، منتظر شکست یا پولبک,100,75,77.8,32,18070,20260928,1.8,18,57.9,10.9,10.6,29.3,62,73.4,2,1,true,68.7,3.49,above,-1.2,1.26,15750,18290,8.64,10.04,1.21,20.1,15.03,1668,10.83,,,17439,16807,18290,19553,0.17,واگرایی منفی RSI | 62٪ بالای MA200 | واگرایی منفی | صف فروش در ۵ روز اخیر
فن افزار,توسعه فن افزار توسن,رایانه و فعالیت‌های وابسته به آن,72.4,پرریسک؛ صفی/رشد عمودی,100,60,61.5,60,11280,20260928,11.7,17.6,163.6,116.6,5.8,29.8,169.1,73,3,0,false,63.7,3.44,above,-4,0.7,9850,11750,29.36,-23.14,4.65,54.27,21.37,1478,7.63,8.89,-14.2,10892,10503,11750,12527,0.61,واگرایی منفی RSI | خروج مستمر پول حقیقی | رشد عمودی (164٪ در ۶۰ روز، 30٪ بالای MA50) | 169٪ بالای MA200 | واگرایی منفی
فولاژ,فولاد آلیاژی ایران,فلزات اساسی,72.2,قوی؛ نزدیک مقاومت، منتظر شکست یا پولبک,100,75,78.8,30,6660,20260928,10.8,10.8,82.6,35.7,6.1,24.9,77.4,68.9,2,0,false,52.5,3.26,above,-2.3,0.86,5840,6820,35.06,39.62,1.23,11.91,21.49,541,12.31,13.48,-8.7,6443,6226,6820,7254,0.37,توزیع: ورود حقیقی با سرانه خرید ضعیف (0.71 در ۲۰ روز) | 77٪ بالای MA200
کگهر,معدنی و صنعتی گهرزمین,استخراج کانه های فلزی,72.1,قوی؛ نزدیک مقاومت، منتظر شکست یا پولبک,90,65,56.4,72,7480,20260928,-0.5,-2.2,48.7,1.7,-3,11.1,44.6,52.3,2,0,false,35,3.41,above,-12.4,0.91,7130,7870,71.28,102.54,0.91,-4.49,52.3,870,8.6,14.44,-40.5,7225,7002,7870,8540,0.82,واگرایی منفی RSI | توزیع: ورود حقیقی با سرانه خرید ضعیف (0.63 در ۲۰ روز) | واگرایی منفی
وسبحان,سرمایه گذاری سبحان,سرمایه گذاریها,72.1,قوی ولی پرریسک؛ فعلاً ورود نه,100,75,28.3,80,3550,20260928,5.3,9.9,86.3,39.3,6.3,21.3,88,68.6,0,0,false,49.3,3.19,above,0,1,3290,,5.83,-4.73,0.85,-7.94,7.55,956,3.71,8.73,-57.5,3437,3267,3890,4116,1.2,واگرایی منفی RSI | 88٪ بالای MA200 | واگرایی منفی | حد ضرر دور (8.0٪) | نقدشوندگی کمتر از ۱۰ میلیارد تومان
وسدید,گروه ‌صنعتی‌سدید,فلزات اساسی,72,زیر نظر,100,60,100,20,2472,20260928,13.1,58.4,47.2,0.3,25.4,38.8,43.2,87.5,12,0,true,46.4,2.7,above,0,1.37,2294,,23.05,113.02,3.85,39.55,24.57,34,72.71,,,2405,2305,2672,2806,1.2,اشباع خرید | فاصله زیاد از MA20 | سهم صفی: 12 روز از ۲۰ روز در صف (ریسک نقدشوندگی و اجرای حد ضرر) | رشد عمودی (47٪ در ۶۰ روز، 39٪ بالای MA50) | P/E بالا (73) | واگرایی مثبت RSI
خشرق,الکتریک‌ خودرو شرق‌,خودرو و ساخت قطعات,72,پرریسک؛ صفی/رشد عمودی,100,75,88,20,2938,20260928,6.8,16.8,58.9,11.9,3.1,23.6,49,65.2,7,0,false,51,3.6,above,-5.5,0.67,2669,3110,4.07,23.44,2.01,11.66,9.83,137,21.45,,,2832,2673,3110,3322,0.65,سهم صفی: 7 روز از ۲۰ روز در صف (ریسک نقدشوندگی و اجرای حد ضرر) | حد ضرر دور (9.0٪) | نقدشوندگی کمتر از ۱۰ میلیارد تومان
غمارگ,مارگارین,محصولات غذایی و آشامیدنی به جز قند و شکر,72,پرریسک؛ صفی/رشد عمودی,100,65,86,30,2611,20260928,-4.5,23.7,98.3,51.3,0.1,29.1,91.2,59.9,18,3,false,59.7,2.91,above,-13.1,0.7,1860,3004,1.38,22.11,2.37,15.83,7.22,120,21.76,,,2535,2459,3004,3156,2.58,سهم صفی: 18 روز از ۲۰ روز در صف (ریسک نقدشوندگی و اجرای حد ضرر) | 91٪ بالای MA200 | نقدشوندگی کمتر از ۱۰ میلیارد تومان | صف فروش در ۵ روز اخیر
ثباغ,شهر سازی و خانه سازی باغمیشه,انبوه سازی، املاک و مستغلات,72,قوی؛ نزدیک مقاومت، منتظر شکست یا پولبک,100,53,53.4,72,7760,20260928,5.6,-0.5,43.2,-3.8,2.9,17.8,57.1,62.6,0,0,false,43.2,3.45,above,-3.4,0.59,7330,7980,5.67,-3.07,1.22,1.5,9.47,1129,6.87,23.59,-70.9,7492,7196,7980,8516,0.39,57٪ بالای MA200 | حد ضرر دور (7.3٪) | نقدشوندگی کمتر از ۱۰ میلیارد تومان
سپید,سپید ماکیان,زراعت و خدمات وابسته,71.9,قوی؛ نزدیک مقاومت، منتظر شکست یا پولبک,85,75,47.5,78,44470,20260928,1,0.3,57.7,10.7,-1.9,10.5,133.3,54.4,2,0,false,32.5,3.7,above,-11.4,0.65,42705,45370,34.34,-39.87,3.91,-15.53,120.34,9010,4.94,6.33,-22,42825,41883,45370,47230,0.35,133٪ بالای MA200
الکتروماد,صنایع الکترونیک مادیران,ماشین آلات و تجهیزات,71.8,قوی ولی پرریسک؛ فعلاً ورود نه,90,65,37,90,4760,20260928,-2.1,3.5,86.1,39.1,-0.1,14.8,81.8,56.1,4,0,false,46.6,3.34,above,-11.4,0.87,4510,5370,-8.9,-12.09,5.88,22.02,18.88,957,4.97,9.66,-48.5,4601,4430,5370,5688,1.85,واگرایی منفی RSI | 82٪ بالای MA200 | واگرایی منفی
فنورد,نوردوقطعات‌ فولادی‌,فلزات اساسی,71.7,قوی؛ نزدیک مقاومت، منتظر شکست یا پولبک,100,75,44.6,62,12510,20260928,4.2,9.4,83.9,37,4.2,27.1,130.6,67.6,1,0,false,57.6,3.89,above,-6.6,0.53,11770,13400,9.07,8.96,0.87,-8.77,23.81,1550,8.07,13.48,-40.1,12024,11527,13400,14372,0.91,واگرایی منفی RSI | توزیع: ورود حقیقی با سرانه خرید ضعیف (0.62 در ۲۰ روز) | 131٪ بالای MA200 | واگرایی منفی | حد ضرر دور (7.9٪)
ثرود,سرمایه‌گذاری مسکن زاینده رود,انبوه سازی، املاک و مستغلات,71.6,پرریسک؛ صفی/رشد عمودی,100,65,52.5,62,6340,20260928,0.8,14.6,56.6,9.6,4.1,20.6,68.1,62.3,6,1,false,55.3,3.73,above,-7.2,1.65,6150,6830,3.93,6.15,0.62,-25.8,9.24,595,10.66,23.59,-54.8,6150,6032,6830,7303,1.59,سهم صفی: 6 روز از ۲۰ روز در صف (ریسک نقدشوندگی و اجرای حد ضرر) | توزیع: ورود حقیقی با سرانه خرید ضعیف (0.84 در ۲۰ روز) | 68٪ بالای MA200 | سرانه خرید ضعیف (0.62) | نقدشوندگی کمتر از ۱۰ میلیارد تومان | صف فروش در ۵ روز اخیر
ولکار,لیزینگ کارآفرین,سایر واسطه گریهای مالی,71.6,قوی؛ نزدیک مقاومت، منتظر شکست یا پولبک,85,45,88.5,60,5170,20260928,0.6,-7.7,25.8,-21.2,-0.4,6.4,47.7,52.9,1,0,false,22.8,3.93,above,-10.9,0.6,5010,5230,2.85,12.31,4.71,12.84,6.17,641,8.07,9.94,-18.9,5010,4908,5230,5650,0.23,نقدشوندگی کمتر از ۱۰ میلیارد تومان
درازک,دارویی‌ رازک‌,مواد و محصولات دارویی,71.5,پرریسک؛ صفی/رشد عمودی,95,75,62,50,4880,20260928,14.8,9.7,229.2,182.2,5.3,28.4,148,66.7,5,0,false,42.5,3.24,above,-3.6,1.04,4810,5060,54.32,-18.93,2.36,18.72,47.04,453,10.77,12.91,-16.6,4810,4731,5060,5377,1.21,واگرایی منفی RSI | رشد عمودی (229٪ در ۶۰ روز، 28٪ بالای MA50) | 148٪ بالای MA200 | واگرایی منفی
دی,بانک دی,بانکها و موسسات اعتباری,71.4,پرریسک؛ صفی/رشد عمودی,100,70,79.5,50,1788,20260926,13,25.2,65.7,18.7,17.9,37.4,94,80.3,10,0,true,29.4,2.94,above,0,0.71,1525,,71.97,61.92,5.84,305.53,135.36,414,4.32,,,1735,1683,1946,2051,1.5,اشباع خرید | فاصله زیاد از MA20 | سهم صفی: 10 روز از ۲۰ روز در صف (ریسک نقدشوندگی و اجرای حد ضرر) | رشد عمودی (66٪ در ۶۰ روز، 37٪ بالای MA50) | 94٪ بالای MA200 | آخرین معامله 20260926 (متوقف یا کم‌معامله)
قاسم,قاسم ایران,خرده فروشی،باستثنای وسایل نقلیه موتوری,71.4,قوی؛ نزدیک مقاومت، منتظر شکست یا پولبک,95,45,88.5,47,2325,20260928,9.2,-3.1,22.5,-24.5,1.5,8.6,87.6,57.3,4,0,false,20.6,3.55,above,-5.7,0.84,2219,2458,33.87,24.62,8.54,34.42,15.65,345,6.74,6.17,9.2,2243,2177,2458,2622,0.9,88٪ بالای MA200
لبوتان,گروه‌صنعتی‌بوتان‌,ماشین آلات و تجهیزات,71.4,قوی؛ نزدیک مقاومت، منتظر شکست یا پولبک,95,45,88.5,47,4480,20260928,8,-0.2,35.5,-11.5,3.6,10,45.1,60.4,2,0,false,32.7,3.57,above,-3.9,0.61,4165,4580,4.68,39.39,1.71,4.24,7.44,849,5.28,5.15,2.5,4320,4085,4580,4660,0.25,توزیع: ورود حقیقی با سرانه خرید ضعیف (0.90 در ۲۰ روز) | حد ضرر دور (8.8٪) | نقدشوندگی کمتر از ۱۰ میلیارد تومان
چکاوه,صنایع‌کاغذسازی‌کاوه‌,محصولات کاغذی,71.4,زیر نظر,100,70,99.5,10,13980,20260928,11.8,40.2,106.2,59.2,23.3,43.9,88.1,88.2,9,0,true,57.8,2.75,above,-0.4,2.4,12250,,12.13,45.32,1.81,8.23,12.51,,,16.48,,13596,13211,15133,15901,1.5,اشباع خرید | فاصله زیاد از MA20 | بدون EPS مثبت | سهم صفی: 9 روز از ۲۰ روز در صف (ریسک نقدشوندگی و اجرای حد ضرر) | رشد عمودی (106٪ در ۶۰ روز، 44٪ بالای MA50) | 88٪ بالای MA200
خپویش,سازه‌ پویش‌,خودرو و ساخت قطعات,71.4,پرریسک؛ صفی/رشد عمودی,100,70,89.5,20,5460,20260928,14.9,47.6,80,33,24.5,51.6,83.1,91.9,12,0,true,62.2,2.59,above,0,0.74,4001,,12.8,32.9,12.58,17.22,6.45,196,27.86,,,5318,5177,5885,6168,1.5,اشباع خرید | فاصله زیاد از MA20 | سهم صفی: 12 روز از ۲۰ روز در صف (ریسک نقدشوندگی و اجرای حد ضرر) | رشد عمودی (80٪ در ۶۰ روز، 52٪ بالای MA50) | 83٪ بالای MA200 | نقدشوندگی کمتر از ۱۰ میلیارد تومان
دتماد,تولیدمواداولیه‌داروپخش‌,مواد و محصولات دارویی,71.2,قوی ولی پرریسک؛ فعلاً ورود نه,95,65,68.8,50,56290,20260928,9.8,-1.8,74.8,27.9,1.3,12.9,115.9,60.4,1,0,false,31.6,3.52,above,-8.6,0.85,49000,61590,48.04,6.99,1.23,23.57,34.23,5718,9.84,12.91,-23.7,54306,52323,61590,65557,1.34,توزیع: ورود حقیقی با سرانه خرید ضعیف (0.58 در ۲۰ روز) | 116٪ بالای MA200 | حد ضرر دور (7.0٪)
قشهد,شهد,قند و شکر,71.2,پرریسک؛ صفی/رشد عمودی,100,75,67.7,37,4040,20260928,4.4,36.8,157.2,110.2,11.6,34.1,132.8,78.3,7,0,true,69.2,3.33,above,-4,1.06,2908,,3.02,18.85,1.39,-15.61,7.71,416,9.71,9.8,-0.9,3906,3771,4443,4712,1.5,واگرایی منفی RSI | اشباع خرید | سهم صفی: 7 روز از ۲۰ روز در صف (ریسک نقدشوندگی و اجرای حد ضرر) | رشد عمودی (157٪ در ۶۰ روز، 34٪ بالای MA50) | توزیع: ورود حقیقی با سرانه خرید ضعیف (0.85 در ۲۰ روز) | 133٪ بالای MA200 | واگرایی منفی | نقدشوندگی کمتر از ۱۰ میلیارد تومان
کمینا,شیشه سازی مینا,سایر محصولات کانی غیرفلزی,71.1,زیر نظر,100,70,88.5,20,16800,20260928,15.4,44.4,120.1,73.1,21.5,47.2,114.7,87.3,7,0,true,66.8,2.77,above,0,1.18,13770,,14.43,32.37,3.68,19.24,5.66,259,64.86,,,16334,15868,18198,19130,1.5,اشباع خرید | فاصله زیاد از MA20 | سهم صفی: 7 روز از ۲۰ روز در صف (ریسک نقدشوندگی و اجرای حد ضرر) | رشد عمودی (120٪ در ۶۰ روز، 47٪ بالای MA50) | P/E بالا (65) | 115٪ بالای MA200 | نقدشوندگی کمتر از ۱۰ میلیارد تومان
آواپارس,بیمه اتکایی آوای پارس,بیمه وصندوق بازنشستگی به جزتامین اجتماعی,71.1,پرریسک؛ صفی/رشد عمودی,100,70,98.5,50,4730,20260928,12.9,43.3,111.6,64.7,19.6,46.4,140.4,98.2,20,0,true,86.6,2.31,above,-0.6,1.54,2583,,0.24,1.59,2.61,2.89,0.75,1471,3.22,,,4621,4511,5058,5277,1.5,نقدشوندگی پایین | واگرایی منفی RSI | اشباع خرید | فاصله زیاد از MA20 | سهم صفی: 20 روز از ۲۰ روز در صف (ریسک نقدشوندگی و اجرای حد ضرر) | رشد عمودی (112٪ در ۶۰ روز، 46٪ بالای MA50) | 140٪ بالای MA200 | واگرایی منفی | نقدشوندگی کمتر از ۱۰ میلیارد تومان
بهامرز,بیمه زندگی هامرز,بیمه وصندوق بازنشستگی به جزتامین اجتماعی,71,زیر نظر,100,70,88,20,7860,20260928,15.6,65.5,128.6,81.6,24.3,61.4,147.9,95.6,16,0,true,75,2.61,above,0,0.43,6600,,2.58,25.84,2.27,3.22,3.17,253,31.07,,,7655,7450,8474,8884,1.5,اشباع خرید | فاصله زیاد از MA20 | سهم صفی: 16 روز از ۲۰ روز در صف (ریسک نقدشوندگی و اجرای حد ضرر) | رشد عمودی (129٪ در ۶۰ روز، 61٪ بالای MA50) | P/E بالا (31) | 148٪ بالای MA200 | نقدشوندگی کمتر از ۱۰ میلیارد تومان
زفارس,کشت وصنعت و دامپروری پگاه فارس,زراعت و خدمات وابسته,70.7,قوی؛ نزدیک مقاومت، منتظر شکست یا پولبک,90,63,77.5,47,23740,20260928,0.8,0,37.1,-9.9,-1.1,12.9,,55.7,3,0,false,38.8,3.38,above,-12,0.81,22390,24440,9.05,8.65,8.43,20.9,12.16,2916,8.14,8.07,0.9,22937,21988,24440,26970,0.4,واگرایی منفی RSI | 169٪ بالای کف ۵۲ هفته | واگرایی منفی | حد ضرر دور (7.4٪)
وثوق,سرمایه گذاری وثوق امین,سرمایه گذاریها,70.6,زیر نظر,100,100,62.5,20,43380,20260928,11.4,12.7,119.6,72.7,6.2,15.1,92.4,67.3,0,0,true,33.5,2.96,above,-1.6,0.94,38020,,2.46,-1.41,1.65,7.18,5.16,81,535.56,,,42097,40814,47229,49796,1.5,رشد عمودی (120٪ در ۶۰ روز، 15٪ بالای MA50) | P/E بالا (536) | 92٪ بالای MA200 | نقدشوندگی کمتر از ۱۰ میلیارد تومان
چافست,افست‌,انتشار، چاپ و تکثیر,70.6,قوی؛ نزدیک مقاومت، منتظر شکست یا پولبک,95,75,61.5,47,22680,20260928,1.8,4.1,64.8,17.9,1.3,11.2,71.7,56.6,4,0,false,37.6,3.82,above,-10,0.67,20780,24060,0.56,-21.46,6.94,2.28,8.88,4380,5.18,5.01,3.4,21813,20514,24060,25200,0.64,خروج مستمر پول حقیقی | 72٪ بالای MA200 | حد ضرر دور (9.6٪) | نقدشوندگی کمتر از ۱۰ میلیارد تومان
ورازی,بیمه رازی,بیمه وصندوق بازنشستگی به جزتامین اجتماعی,70.6,زیر نظر,100,90,70.4,20,1628,20260928,-4,36.9,96.9,49.9,9.9,27.8,67.1,69.3,7,2,true,50.5,3.51,above,-9.4,1.51,1295,1797,1.24,24.16,0.88,1.85,7.71,18,90.44,,,1571,1514,1797,1911,1.48,سهم صفی: 7 روز از ۲۰ روز در صف (ریسک نقدشوندگی و اجرای حد ضرر) | P/E بالا (90) | 67٪ بالای MA200 | حد ضرر دور (7.0٪) | نقدشوندگی کمتر از ۱۰ میلیارد تومان | صف فروش در ۵ روز اخیر
کخاک,صنایع‌خاک‌چینی‌ایران‌,سایر محصولات کانی غیرفلزی,70.4,پرریسک؛ صفی/رشد عمودی,100,70,88.5,17,65730,20260928,15.9,34.7,97.7,50.7,17.5,37.6,127.4,82.9,6,0,true,63.8,3.07,above,0,0.23,58890,,8.78,95.58,7.46,12.01,20.79,4037,16.28,12.75,27.7,63715,61699,71776,75806,1.5,اشباع خرید | فاصله زیاد از MA20 | سهم صفی: 6 روز از ۲۰ روز در صف (ریسک نقدشوندگی و اجرای حد ضرر) | رشد عمودی (98٪ در ۶۰ روز، 38٪ بالای MA50) | توزیع: ورود حقیقی با سرانه خرید ضعیف (0.78 در ۲۰ روز) | 127٪ بالای MA200
وهامون,سرمایه گذاری هامون صبا,سرمایه گذاریها,70.3,قوی ولی پرریسک؛ فعلاً ورود نه,100,55,37,80,1686,20260928,3,2.6,21.9,-25.1,2.6,11.3,32.4,60.8,0,0,false,20.4,2.91,above,-4.2,0.5,1669,1760,-0.11,-9.07,1.89,6.27,6.64,427,3.95,8.73,-54.8,1669,1645,1760,1858,1.78,واگرایی منفی RSI | خروج مستمر پول حقیقی | واگرایی منفی | نقدشوندگی کمتر از ۱۰ میلیارد تومان
نیشکر,توسعه نیشکر و  صنایع جانبی,قند و شکر,70.3,ورود پله‌ای,85,55,88,47,62950,20260928,2.1,5.6,20.2,-26.7,-2.2,5.4,17.3,51.5,4,0,false,29,3.71,above,-10.7,0.37,61094,,7.91,35.01,11.75,14.57,11.89,6371,9.88,9.57,3.2,61094,59928,69948,74614,2.32,
وبهمن,سرمایه‌گذاری‌بهمن‌,سرمایه گذاریها,70.1,قوی؛ نزدیک مقاومت، منتظر شکست یا پولبک,85,45,52.5,90,2151,20260928,1.4,-0.1,24.5,-22.5,-1.8,8.3,18.6,52.2,3,0,false,23.9,3.51,above,-11.4,0.52,2080,2215,10.85,108.96,0.77,-11.05,24.96,710,3.03,7.13,-57.5,2080,2042,2215,2428,0.59,توزیع: ورود حقیقی با سرانه خرید ضعیف (0.75 در ۲۰ روز) | سرانه خرید ضعیف (0.77)
سیسکو,فولاد سیرجان ایرانیان,فلزات اساسی,70,پرریسک؛ صفی/رشد عمودی,100,65,36,72,6490,20260928,2.5,18,106.3,59.4,5.6,27.8,130.6,64.3,8,0,false,59,2.93,above,-6.8,0.55,6150,6960,-71.28,-485.21,2.34,33.55,97.88,820,7.91,13.48,-41.3,6300,6055,6960,7341,1.08,خروج مستمر پول حقیقی | سهم صفی: 8 روز از ۲۰ روز در صف (ریسک نقدشوندگی و اجرای حد ضرر) | رشد عمودی (106٪ در ۶۰ روز، 28٪ بالای MA50) | 131٪ بالای MA200 | شناوری کم (7٪)
فنر,پارس فنر,خودرو و ساخت قطعات,70,پرریسک؛ صفی/رشد عمودی,100,70,88,16,7610,20260928,10.9,29.4,105,58.1,14.7,36.5,113.2,86.7,3,0,true,55.7,3.34,above,-0.3,0.52,6690,,0.76,12.72,3.74,19,10.47,636,11.97,5.87,103.8,7356,7101,8373,8882,1.5,اشباع خرید | رشد عمودی (105٪ در ۶۰ روز، 37٪ بالای MA50) | 113٪ بالای MA200
مدیریت,س. و خدمات مدیریت صند. ب کشوری,سرمایه گذاریها,69.9,زیر نظر,100,63,77,72,4880,20260928,4.3,8.4,41,-5.9,2.9,13,46.2,60.7,2,0,false,34.4,3.35,above,-6.7,0.66,4680,5230,0.64,1.36,5.01,4.01,1.83,955,5.11,8.73,-41.5,4717,4598,5230,5557,1.24,نقدشوندگی پایین | واگرایی منفی RSI | واگرایی منفی | نقدشوندگی کمتر از ۱۰ میلیارد تومان
شغدیر,پتروشیمی غدیر,محصولات شیمیایی,69.8,زیر نظر,100,75,27,72,81500,20260928,2.1,17.6,219.2,172.2,7.2,29.1,108.9,68.5,1,0,false,63.8,3.21,above,-0.9,0.79,78430,,-66.83,195.23,0.71,-96.99,67.73,12273,6.64,9.63,-31,78881,77120,89357,94595,1.79,واگرایی منفی RSI | رشد عمودی (219٪ در ۶۰ روز، 29٪ بالای MA50) | توزیع: ورود حقیقی با سرانه خرید ضعیف (0.86 در ۲۰ روز) | 109٪ بالای MA200 | سرانه خرید ضعیف (0.71) | واگرایی منفی
قرن,پدیده شیمی قرن,محصولات شیمیایی,69.8,زیر نظر,100,75,62,37,24820,20260928,6.4,12.8,62.6,15.6,6.1,13.7,97.3,62.3,6,0,false,36.1,3.33,above,-7,0.46,23330,26690,10.01,-40.47,6.3,13.41,17.04,2371,10.47,9.63,8.7,23993,22916,26690,28345,0.98,خروج مستمر پول حقیقی | سهم صفی: 6 روز از ۲۰ روز در صف (ریسک نقدشوندگی و اجرای حد ضرر) | 97٪ بالای MA200 | حد ضرر دور (7.7٪)
داسوه,داروسازی‌ اسوه‌,مواد و محصولات دارویی,69.6,زیر نظر,95,75,87.5,17,99520,20260928,15.9,10.3,160.6,113.6,3.1,23.9,142.3,64.4,8,0,false,51.6,3.19,above,-8.8,0.53,92270,109090,15.67,17.6,10.13,17.15,10.94,6197,16.06,12.91,24.4,96348,91590,109090,115434,1.21,واگرایی منفی RSI | سهم صفی: 8 روز از ۲۰ روز در صف (ریسک نقدشوندگی و اجرای حد ضرر) | رشد عمودی (161٪ در ۶۰ روز، 24٪ بالای MA50) | توزیع: ورود حقیقی با سرانه خرید ضعیف (0.82 در ۲۰ روز) | 142٪ بالای MA200 | واگرایی منفی | حد ضرر دور (8.0٪) | شناوری کم (9٪)
حآفرین,ریل پرداز نو آفرین,حمل ونقل، انبارداری و ارتباطات,69.6,زیر نظر,90,65,28.3,90,2785,20260928,-4.3,15.7,68.4,21.4,-2.6,25.4,81.3,56.3,12,0,false,53.9,3.69,above,-19,1.56,1834,3440,-12.98,112.9,0.89,-48.07,42.08,704,3.96,7.68,-48.5,2682,2579,3440,3646,3.19,سهم صفی: 12 روز از ۲۰ روز در صف (ریسک نقدشوندگی و اجرای حد ضرر) | 81٪ بالای MA200 | حد ضرر دور (7.4٪)
غپینو,پارس‌ مینو,محصولات غذایی و آشامیدنی به جز قند و شکر,69.5,زیر نظر,100,45,62,60,2048,20260928,-0.3,8.2,26.1,-20.9,3.1,11,85.7,58.9,4,0,false,40.5,3.77,above,-8.5,0.78,1983,2239,27.15,-41.3,4.9,13.95,41.5,275,7.45,8.53,-12.7,1983,1944,2239,2394,1.84,86٪ بالای MA200
شگل,گلتاش‌,محصولات شیمیایی,69.5,زیر نظر,100,75,61,37,3244,20260928,4.3,16.8,90.7,43.7,4.4,20.2,86.4,62.4,8,0,false,36.8,3.29,above,-7.6,0.89,2933,3510,1.35,5.16,5.95,-0.54,12.26,339,9.57,9.63,-0.6,3137,2977,3510,3723,1,سهم صفی: 8 روز از ۲۰ روز در صف (ریسک نقدشوندگی و اجرای حد ضرر) | 86٪ بالای MA200 | حد ضرر دور (8.2٪)
بنو,بیمه تجارت نو,بیمه وصندوق بازنشستگی به جزتامین اجتماعی,69.4,زیر نظر,95,55,57.7,62,2030,20260928,7.5,1,35.2,-11.7,0.7,10.3,38,56.7,2,0,false,23.1,3.63,above,-7.3,0.39,1935,2074,3.14,57.72,1.01,-1.82,13.98,239,8.49,18.13,-53.2,1956,1898,2074,2130,0.33,توزیع: ورود حقیقی با سرانه خرید ضعیف (0.84 در ۲۰ روز)
محتشم,نساجی هدیه البرز مشهد,منسوجات,69.4,زیر نظر,100,75,73.5,24,16750,20260928,1.1,27.4,54.2,7.2,14.2,36.5,77.6,75.5,9,0,true,45.6,2.92,above,-0.2,1.27,13580,,-95.11,75.41,2.4,36.66,55.97,1926,8.7,7.72,12.7,16261,15771,18218,19197,1.5,واگرایی منفی RSI | سهم صفی: 9 روز از ۲۰ روز در صف (ریسک نقدشوندگی و اجرای حد ضرر) | رشد عمودی (54٪ در ۶۰ روز، 36٪ بالای MA50) | 78٪ بالای MA200 | واگرایی منفی
فجام,جام‌دارو,ساخت محصولات فلزی,69.3,زیر نظر,100,75,73.1,24,18320,20260928,7,0.1,64.4,17.4,2,20.2,98.6,61.4,3,0,false,38.3,3.33,above,-5.6,0.37,16945,18590,4.15,17.53,0.98,0.41,7.56,2172,8.43,7.54,11.9,17710,16795,18590,19400,0.18,واگرایی منفی RSI | توزیع: ورود حقیقی با سرانه خرید ضعیف (0.89 در ۲۰ روز) | 99٪ بالای MA200 | واگرایی منفی | حد ضرر دور (8.3٪) | نقدشوندگی کمتر از ۱۰ میلیارد تومان
دسینا,داروسازی‌ سینا,مواد و محصولات دارویی,69.2,زیر نظر,95,63,62.5,50,93350,20260928,15.9,7.8,38.6,-8.3,7,15.7,82.1,63.8,7,0,false,28.7,3.16,above,-2.5,0.85,86130,95740,20.73,-25.15,7.27,22.56,11.26,9289,10.05,12.91,-22.2,90398,85969,95740,101645,0.32,خروج مستمر پول حقیقی | سهم صفی: 7 روز از ۲۰ روز در صف (ریسک نقدشوندگی و اجرای حد ضرر) | 82٪ بالای MA200 | حد ضرر دور (7.9٪)
لپارس,پارس‌ الکتریک‌,ساخت دستگاه‌ها و وسایل ارتباطی,69.1,زیر نظر,100,75,71.3,25,33800,20260928,6.6,14.3,57.2,10.2,5.8,24.2,71,68,2,0,false,58.8,3.6,above,-2.3,0.64,24374,34410,1.18,1.32,1.35,8.24,13,1544,21.89,20.28,7.9,32583,31367,34410,36843,0.25,واگرایی منفی RSI | 71٪ بالای MA200 | واگرایی منفی | حد ضرر دور (7.2٪)
دالبر,البرزدارو,مواد و محصولات دارویی,69,زیر نظر,85,75,52,62,15430,20260928,5,6.3,127.9,81,-0.4,13.7,128.5,55.1,5,1,false,50.1,3.3,above,-9.2,2.18,14660,15875,259.32,90.44,0.58,-248.88,100.35,1779,8.67,12.91,-32.8,14921,14405,15875,16990,0.43,واگرایی منفی RSI | رشد عمودی (128٪ در ۶۰ روز، 14٪ بالای MA50) | توزیع: ورود حقیقی با سرانه خرید ضعیف (0.64 در ۲۰ روز) | 128٪ بالای MA200 | سرانه خرید ضعیف (0.58) | واگرایی منفی | صف فروش در ۵ روز اخیر
کچاد,معدنی‌وصنعتی‌چادرملو,استخراج کانه های فلزی,69,زیر نظر,100,55,62,50,2929,20260928,2.1,5.9,34.5,-12.5,0.4,12.8,31.9,57.1,4,0,false,33,3.67,above,-9.3,0.54,2840,3230,13.89,20.27,3.36,-52.37,147.54,277,10.57,13.76,-23.2,2840,2786,3230,3445,2.11,توزیع: ورود حقیقی با سرانه خرید ضعیف (0.59 در ۲۰ روز)
هجرت,پخش هجرت,مواد و محصولات دارویی,69,زیر نظر,95,75,78,24,8720,20260928,14,5.6,68.7,21.7,6.2,16.6,123.6,65.9,3,0,false,29.1,3.48,above,-0.3,0.56,8520,,26.96,16.81,11.5,12,39.9,888,9.82,8.86,10.8,8520,8368,9629,10235,2.59,توزیع: ورود حقیقی با سرانه خرید ضعیف (0.84 در ۲۰ روز) | 124٪ بالای MA200
تپسی,پیشگامان فن آوری و دانش آرامیس,رایانه و فعالیت‌های وابسته به آن,69,زیر نظر,100,70,90,10,25420,20260928,6,26.4,100.2,53.2,11.5,31.3,48.3,99.6,20,0,true,94.5,1.02,above,0,0.66,22600,,15.28,75.06,13.03,14.62,5.03,,,8.89,,25162,24903,26195,26711,1.5,اشباع خرید | بدون EPS مثبت | سهم صفی: 20 روز از ۲۰ روز در صف (ریسک نقدشوندگی و اجرای حد ضرر) | رشد عمودی (100٪ در ۶۰ روز، 31٪ بالای MA50) | نقدشوندگی کمتر از ۱۰ میلیارد تومان
نمرینو,ایران‌ مرینوس‌,منسوجات,68.9,زیر نظر,100,63,81.3,24,8250,20260928,4.4,22,40.8,-6.1,13.1,26.6,44,76.2,3,0,true,41.5,3.05,above,0,1.19,7200,8509,1.04,5.59,1.29,3.07,3.57,953,8.66,7.72,12.1,7999,7747,8509,8800,0.51,واگرایی منفی RSI | واگرایی منفی | نقدشوندگی کمتر از ۱۰ میلیارد تومان
فرود,فولاد شاهرود,فلزات اساسی,68.9,زیر نظر,100,75,61.5,34,8860,20260928,0.8,12.3,77.9,30.9,0.1,24.6,105.9,60.3,8,0,false,55.4,3.5,above,-11.8,0.9,6200,10050,0.42,-4.94,7.52,6.16,13.51,910,9.74,8.05,20.9,8550,8240,10050,10670,1.92,سهم صفی: 8 روز از ۲۰ روز در صف (ریسک نقدشوندگی و اجرای حد ضرر) | 106٪ بالای MA200 | حد ضرر دور (7.0٪)
شلرد,کود شیمیایی اوره لردگان,محصولات شیمیایی,68.9,زیر نظر,100,70,89.5,10,3760,20260928,15,57.9,48.3,1.3,22.9,47.6,115.4,88.6,11,0,true,50,2.69,above,0,0.55,3160,,26.25,159.87,2.03,8.98,47.16,,,,,3659,3558,4063,4265,1.5,اشباع خرید | فاصله زیاد از MA20 | بدون EPS مثبت | سهم صفی: 11 روز از ۲۰ روز در صف (ریسک نقدشوندگی و اجرای حد ضرر) | رشد عمودی (48٪ در ۶۰ روز، 48٪ بالای MA50) | 115٪ بالای MA200
جوین,کشت و صنعت جوین,زراعت و خدمات وابسته,68.9,زیر نظر,100,75,63.5,32,6930,20260928,8.6,11.1,48.1,1.1,6.1,20.9,73.4,69.4,4,0,false,39.6,3.41,above,-0.7,0.45,6420,,6.93,-34.25,2.04,8.22,17.18,765,9.06,,,6694,6339,7639,8111,1.2,خروج مستمر پول حقیقی | 73٪ بالای MA200 | حد ضرر دور (8.5٪)
دیران,ایران‌دارو,مواد و محصولات دارویی,68.9,زیر نظر,100,60,77.5,30,18680,20260928,15.7,24.5,247.2,200.2,8.1,42.6,190.5,73,15,0,false,70.7,2.65,above,-3.7,0.76,16140,19400,8.51,3.7,4.19,22.93,32.43,1532,12.19,12.91,-5.6,18185,17689,19400,20391,0.73,سهم صفی: 15 روز از ۲۰ روز در صف (ریسک نقدشوندگی و اجرای حد ضرر) | رشد عمودی (247٪ در ۶۰ روز، 43٪ بالای MA50) | توزیع: ورود حقیقی با سرانه خرید ضعیف (0.79 در ۲۰ روز) | 190٪ بالای MA200
خبرنا,تولیدی برنا باطری,خودرو و ساخت قطعات,68.9,زیر نظر,100,63,89,16,8680,20260928,8.4,12.6,38.9,-8,3.7,20.2,34.6,64.3,1,0,false,36.6,3.31,above,-5.7,0.7,7690,9200,16.79,66.23,1.66,28.75,30.9,1058,8.2,5.87,39.8,8392,8105,9200,9775,0.9,
اردستان,سیمان اردستان,سیمان، آهک و گچ,68.8,زیر نظر,100,55,51.4,60,31700,20260928,5.3,19.4,20.3,-26.6,4.3,14.9,41.8,62.4,3,0,false,25.6,3.32,above,-5.3,0.8,29783,33470,13.34,-42.29,1.16,7.93,16.28,5074,6.25,7.14,-12.5,30648,29257,33470,35574,0.72,خروج مستمر پول حقیقی | حد ضرر دور (7.7٪)
خریخت,صنایع‌ریخته‌گری‌ایران‌,خودرو و ساخت قطعات,68.8,زیر نظر,100,60,75,32,1753,20260928,8.4,51.3,68.5,21.5,20,40.9,76.2,90.4,7,0,true,55.9,3.06,above,0,1.2,1229,,1.9,11.43,1.92,-9.55,5.73,185,9.48,,,1699,1646,1914,2021,1.5,واگرایی منفی RSI | اشباع خرید | فاصله زیاد از MA20 | سهم صفی: 7 روز از ۲۰ روز در صف (ریسک نقدشوندگی و اجرای حد ضرر) | رشد عمودی (68٪ در ۶۰ روز، 41٪ بالای MA50) | 76٪ بالای MA200 | واگرایی منفی | نقدشوندگی کمتر از ۱۰ میلیارد تومان
زمگسا,کشاورزی‌ ودامپروی‌ مگسال‌,زراعت و خدمات وابسته,68.8,زیر نظر,100,55,87,24,99940,20260928,9.1,7.2,27.4,-19.5,6.5,15.2,67.4,61.4,5,0,false,23.5,3.36,above,-5.6,1,98010,105920,28.74,32.87,15.87,27.7,10.44,12169,8.21,6.33,29.7,98010,96330,105920,112638,1.66,واگرایی منفی RSI | 67٪ بالای MA200 | واگرایی منفی
دعبید,لابراتوارداروسازی‌  دکترعبیدی‌,مواد و محصولات دارویی,68.6,زیر نظر,100,85,77.5,9,27510,20260928,15.8,27.7,79.3,32.4,14.6,28.5,119.8,78.2,8,0,true,47.7,2.85,above,0,0.91,25440,,329.26,53.1,10.45,323.1,103.51,1503,18.3,12.91,41.8,26726,25549,29863,31432,1.2,اشباع خرید | سهم صفی: 8 روز از ۲۰ روز در صف (ریسک نقدشوندگی و اجرای حد ضرر) | توزیع: ورود حقیقی با سرانه خرید ضعیف (0.84 در ۲۰ روز) | 120٪ بالای MA200 | حد ضرر دور (7.1٪)
دتوزیع,توزیع دارو پخش,مواد و محصولات دارویی,68.6,زیر نظر,95,75,63.5,37,6560,20260928,15.3,6.3,77.4,30.4,5.5,15.6,108.5,64.4,4,0,false,38.3,3.33,above,-3.4,0.82,6180,6790,62.56,-68.27,10.81,63.67,33.99,739,8.88,8.86,0.2,6341,6071,6790,7227,0.47,واگرایی منفی RSI | خروج مستمر پول حقیقی | 108٪ بالای MA200 | واگرایی منفی | حد ضرر دور (7.5٪)
بتیس,بیمه زندگی ایساتیس,بیمه وصندوق بازنشستگی به جزتامین اجتماعی,68.6,زیر نظر,100,75,62.5,32,3580,20260928,0.8,6.5,88.6,41.6,1.2,16,,59.5,1,0,false,46.6,3.4,above,-7,0.68,3510,3825,0.15,-10.12,1.7,4.43,4.76,385,9.3,,,3510,3449,3825,4069,1.87,خروج مستمر پول حقیقی | نقدشوندگی کمتر از ۱۰ میلیارد تومان
کاسپین,داروسازی کاسپین تامین,مواد و محصولات دارویی,68.6,زیر نظر,100,100,50.4,24,38920,20260928,15.6,17.7,71.2,24.3,9.8,17.6,118,67.5,4,0,true,36.6,3.32,above,0,0.94,38060,,25.26,12.18,1.14,-5.01,32.86,3831,10.16,8.86,14.7,38060,37414,42798,45383,2.57,واگرایی منفی RSI | توزیع: ورود حقیقی با سرانه خرید ضعیف (0.59 در ۲۰ روز) | 118٪ بالای MA200 | واگرایی منفی
حخزر,کشتیرانی دریای خزر,حمل و نقل آبی,68.5,زیر نظر,100,60,89,17,11410,20260928,10.3,56.1,193.7,146.7,20.2,52.3,198.4,90.5,5,0,true,81.4,2.83,above,0,0.82,6430,,35.77,59.16,2.54,16.82,24.22,944,12.09,10.36,16.7,11088,10765,12377,13022,1.5,واگرایی منفی RSI | اشباع خرید | فاصله زیاد از MA20 | رشد عمودی (194٪ در ۶۰ روز، 52٪ بالای MA50) | 198٪ بالای MA200 | واگرایی منفی
کویر,تولیدی فولاد سپید فراب کویر,فلزات اساسی,68.5,زیر نظر,100,75,31.8,62,2723,20260928,0.6,42.3,82.1,35.1,16.5,41.9,85.5,79.1,13,1,true,59,2.74,above,-2.3,1.75,1983,2787,-128.3,43.62,0.95,-191.08,70.51,292,9.33,13.48,-30.8,2648,2574,2787,2936,0.43,اشباع خرید | فاصله زیاد از MA20 | سهم صفی: 13 روز از ۲۰ روز در صف (ریسک نقدشوندگی و اجرای حد ضرر) | رشد عمودی (82٪ در ۶۰ روز، 42٪ بالای MA50) | 86٪ بالای MA200 | شناوری کم (10٪) | صف فروش در ۵ روز اخیر
ددانا,داروسازی دانا,مواد و محصولات دارویی,68.4,زیر نظر,95,75,62.5,37,21630,20260928,15.6,4.1,149.8,102.8,5,14.9,136.6,62,6,0,false,35,3.16,above,-9.2,0.53,20150,22390,52.72,-46.89,12.96,70.11,37.88,2409,8.98,8.86,1.3,20946,19919,22390,23810,0.44,خروج مستمر پول حقیقی | سهم صفی: 6 روز از ۲۰ روز در صف (ریسک نقدشوندگی و اجرای حد ضرر) | رشد عمودی (150٪ در ۶۰ روز، 15٪ بالای MA50) | 137٪ بالای MA200 | حد ضرر دور (7.9٪)
کیمیا,ص. معدنی کیمیای زنجان گستران,فلزات اساسی,68.4,زیر نظر,100,75,21.5,72,6550,20260928,6.3,20.8,139.4,92.5,6.6,28.9,128.7,68.4,7,0,false,73.4,3.12,above,-6.4,0.73,5980,7000,-9.15,-7.8,6.37,-3.62,18.63,949,6.9,13.48,-48.8,6345,6039,7000,7409,0.88,سهم صفی: 7 روز از ۲۰ روز در صف (ریسک نقدشوندگی و اجرای حد ضرر) | رشد عمودی (139٪ در ۶۰ روز، 29٪ بالای MA50) | 129٪ بالای MA200 | حد ضرر دور (7.8٪)
بپیوند,برق و انرژی پیوندگستر پارس,عرضه برق، گاز، بخاروآب گرم,68.3,زیر نظر,95,55,78,37,18580,20260928,7,1.3,30.4,-16.6,1.8,9.8,50,56.5,1,1,false,22.1,3.59,above,-8,0.6,17150,19560,0.25,2.65,15.13,6.73,3.03,1762,10.54,10.04,5,17913,16914,19560,20190,0.59,50٪ بالای MA200 | حد ضرر دور (9.0٪) | نقدشوندگی کمتر از ۱۰ میلیارد تومان | صف فروش در ۵ روز اخیر
ومعادن,توسعه‌معادن‌وفلزات‌,استخراج کانه های فلزی,68.1,زیر نظر,100,75,42.5,50,3490,20260928,4.2,17.2,52.4,5.4,6.9,26.9,72.9,66.2,5,0,false,45.3,3.76,above,-7.7,0.69,2965,3780,124.23,190.62,0.52,-413.06,379.36,318,10.97,13.76,-20.2,3359,3228,3780,4042,1.1,توزیع: ورود حقیقی با سرانه خرید ضعیف (0.48 در ۲۰ روز) | 73٪ بالای MA200 | سرانه خرید ضعیف (0.52) | حد ضرر دور (7.5٪)
شفن,پتروشیمی فناوران,محصولات شیمیایی,68.1,زیر نظر,100,75,88.5,4,7660,20260928,8.5,29.2,114.9,67.9,14,35.6,60.3,77.3,4,0,true,60.2,2.96,above,0,0.94,7430,,5.11,92.46,1.66,41.05,30.7,284,26.97,9.63,180.1,7433,7317,8340,8794,1.98,رشد عمودی (115٪ در ۶۰ روز، 36٪ بالای MA50) | 60٪ بالای MA200
زقیام,کشت و دام قیام اصفهان,زراعت و خدمات وابسته,68.1,زیر نظر,95,55,77.5,37,11520,20260928,11.8,4.6,30.1,-16.9,6.3,11.9,80.2,62.8,4,0,false,23.7,3.59,above,-5.4,0.47,10090,11890,14.92,10.49,7.14,19.67,13.42,1396,8.25,8.07,2.3,11107,10693,11890,12180,0.45,توزیع: ورود حقیقی با سرانه خرید ضعیف (0.81 در ۲۰ روز) | 80٪ بالای MA200 | حد ضرر دور (7.2٪)
کانسار,معدنکاران نسوز,استخراج سایر معادن,68.1,زیر نظر,100,55,61.5,47,14770,20260928,4.5,11.1,-0.5,-47.5,4.1,11.3,16,59.9,2,0,false,26.7,3.46,above,-14.9,0.73,14349,15780,-3.9,50.25,2.58,19.79,16.01,1483,9.96,9.57,4.1,14349,14094,15780,17356,1.49,
فخوز,فولاد  خوزستان,فلزات اساسی,68,زیر نظر,100,75,62,30,3114,20260928,4.8,63.7,65.2,18.2,14.1,34.4,89.8,77.3,10,0,true,45.2,3.34,above,-0.8,0.76,2870,,-91.87,1081.26,8.48,20.59,362.57,222,14.03,13.48,4.1,3010,2854,3426,3634,1.2,سهم صفی: 10 روز از ۲۰ روز در صف (ریسک نقدشوندگی و اجرای حد ضرر) | رشد عمودی (65٪ در ۶۰ روز، 34٪ بالای MA50) | 90٪ بالای MA200 | حد ضرر دور (8.3٪)
کاما,باما,استخراج کانه های فلزی,68,زیر نظر,85,65,36,82,5480,20260928,5.2,-2.5,78.3,31.3,-0.9,20.5,99.5,59.3,8,1,false,46.6,3.5,above,-11.9,0.49,5300,6220,90.19,-219.09,1.12,-5.47,152.85,786,6.97,13.76,-49.3,5300,5204,6220,6603,2.68,خروج مستمر پول حقیقی | سهم صفی: 8 روز از ۲۰ روز در صف (ریسک نقدشوندگی و اجرای حد ضرر) | 100٪ بالای MA200 | صف فروش در ۵ روز اخیر
شپارس,بین‌ المللی‌ محصولات‌  پارس‌,محصولات شیمیایی,67.9,زیر نظر,100,75,21.5,70,2613,20260928,3.3,11.1,116,69,1.2,26.7,106.2,62.2,8,0,false,54.9,3.19,above,-11.4,0.78,2391,2948,-15.97,-57.12,7.29,-6.55,20.32,370,7.06,9.63,-26.7,2530,2405,2948,3115,1.61,خروج مستمر پول حقیقی | سهم صفی: 8 روز از ۲۰ روز در صف (ریسک نقدشوندگی و اجرای حد ضرر) | رشد عمودی (116٪ در ۶۰ روز، 27٪ بالای MA50) | 106٪ بالای MA200 | حد ضرر دور (8.0٪)
فجر,فولاد امیرکبیرکاشان,فلزات اساسی,67.9,زیر نظر,100,60,31.5,72,7570,20260928,9.2,28.3,141.9,94.9,9.3,33.6,142,72.5,11,0,false,62.2,3.12,above,-2.9,1.35,6730,7800,-50.73,-87.09,2.39,-18.25,57.23,1065,7.11,13.48,-47.3,7334,7098,7800,8272,0.49,خروج مستمر پول حقیقی | سهم صفی: 11 روز از ۲۰ روز در صف (ریسک نقدشوندگی و اجرای حد ضرر) | رشد عمودی (142٪ در ۶۰ روز، 34٪ بالای MA50) | 142٪ بالای MA200
فوکا,فولاد کاویان,فلزات اساسی,67.9,زیر نظر,100,65,62.5,37,6610,20260928,1.4,25.7,105.2,58.2,3.8,36.4,,68.1,13,0,false,66.4,3.31,above,-9.5,1.05,3563,7300,13.17,-24.01,3.23,17.26,8.67,817,8.09,8.05,0.5,6391,6173,7300,7737,1.58,خروج مستمر پول حقیقی | سهم صفی: 13 روز از ۲۰ روز در صف (ریسک نقدشوندگی و اجرای حد ضرر) | رشد عمودی (105٪ در ۶۰ روز، 36٪ بالای MA50) | 222٪ بالای کف ۵۲ هفته | نقدشوندگی کمتر از ۱۰ میلیارد تومان
حیات,بیمه زندگی مفید,بیمه وصندوق بازنشستگی به جزتامین اجتماعی,67.8,زیر نظر,100,70,75.3,20,9230,20260928,9.2,50.6,314.1,267.1,18.6,62.5,,99.9,18,0,true,98.1,2.33,above,-1.6,1.95,2530,,14.77,20.75,1.33,-14.76,5.12,327,28.23,,,9015,8801,9874,10303,1.5,اشباع خرید | فاصله زیاد از MA20 | سهم صفی: 18 روز از ۲۰ روز در صف (ریسک نقدشوندگی و اجرای حد ضرر) | رشد عمودی (314٪ در ۶۰ روز، 63٪ بالای MA50) | 577٪ بالای کف ۵۲ هفته | نقدشوندگی کمتر از ۱۰ میلیارد تومان
فطلوع,طلوع فولاد پارس,فلزات اساسی,67.8,زیر نظر,100,60,83,20,6230,20260928,8,42.9,132.2,85.2,12.6,45.1,,78.5,16,1,false,73,2.64,above,-1.4,1.42,5600,6320,12.61,29.65,1.67,-7.51,16.42,34,183.24,,,6065,5901,6320,6649,0.27,اشباع خرید | سهم صفی: 16 روز از ۲۰ روز در صف (ریسک نقدشوندگی و اجرای حد ضرر) | رشد عمودی (132٪ در ۶۰ روز، 45٪ بالای MA50) | P/E بالا (183) | 234٪ بالای کف ۵۲ هفته | صف فروش در ۵ روز اخیر
وآفری,بیمه کارآفرین,بیمه وصندوق بازنشستگی به جزتامین اجتماعی,67.8,زیر نظر,100,85,89,34,9700,20260928,15.5,30.1,106.9,60,12.9,41.6,157.1,79.4,7,0,true,62.4,3.03,above,0,0.77,9091,,3.08,8.18,30.57,2.43,1.9,1680,5.77,4.59,25.8,9406,8964,10583,11172,1.2,نقدشوندگی پایین | اشباع خرید | سهم صفی: 7 روز از ۲۰ روز در صف (ریسک نقدشوندگی و اجرای حد ضرر) | رشد عمودی (107٪ در ۶۰ روز، 42٪ بالای MA50) | 157٪ بالای MA200 | حد ضرر دور (7.6٪) | نقدشوندگی کمتر از ۱۰ میلیارد تومان
حبندر,دریایی و کشتیرانی خط دریابندر,حمل ونقل، انبارداری و ارتباطات,67.7,زیر نظر,100,60,70.8,32,9590,20260928,3.9,7.1,74,27,7.1,19.3,102.2,72.2,0,0,false,33.8,3.42,above,0,0.86,9223,,3.56,0.9,1.39,2.89,3.28,1112,8.62,,,9262,9059,10573,11228,1.85,102٪ بالای MA200 | نقدشوندگی کمتر از ۱۰ میلیارد تومان
سپاها,سیمان‌سپاهان‌,سیمان، آهک و گچ,67.5,زیر نظر,95,55,88,24,20620,20260928,9.3,6,33.2,-13.8,1.4,9,53,57.4,2,0,false,20.8,3.51,above,-8.4,0.84,18870,22500,11.1,70.11,2.08,14.14,27.34,2433,8.48,7.14,18.7,19896,18811,22500,23947,1.04,واگرایی منفی RSI | 53٪ بالای MA200 | واگرایی منفی | حد ضرر دور (8.8٪)
تماوند,تامین سرمایه دماوند,فعالیتهای کمکی به نهادهای مالی واسط,67.5,زیر نظر,100,80,26,60,2481,20260928,1.8,9,19,-28,5.3,11.6,12.4,62.9,0,0,true,23.9,3.84,above,-6,0.67,2418,2521,-7.42,11.81,0.55,-7.87,5.89,337,7.36,9.46,-22.2,2418,2371,2521,2566,0.36,واگرایی منفی RSI | توزیع: ورود حقیقی با سرانه خرید ضعیف (0.88 در ۲۰ روز) | سرانه خرید ضعیف (0.55) | واگرایی منفی | نقدشوندگی کمتر از ۱۰ میلیارد تومان
ولیز,لیزینگ ایران,سایر واسطه گریهای مالی,67.5,زیر نظر,100,70,62,32,4410,20260928,11.6,39.1,95.2,48.3,18.8,52.9,80.6,89.7,7,0,true,83.2,2.77,above,-0.9,0.85,3260,,0.17,-4.66,1.82,12.43,6.41,458,9.63,,,4288,4166,4776,5020,1.5,اشباع خرید | فاصله زیاد از MA20 | سهم صفی: 7 روز از ۲۰ روز در صف (ریسک نقدشوندگی و اجرای حد ضرر) | رشد عمودی (95٪ در ۶۰ روز، 53٪ بالای MA50) | 81٪ بالای MA200 | نقدشوندگی کمتر از ۱۰ میلیارد تومان
سکارون,سیمان کارون,سیمان، آهک و گچ,67.4,زیر نظر,73,80,98,20,5410,20260928,5.7,3.6,11.2,-35.8,5.4,3.7,37,60.6,3,0,true,15.3,3.59,above,-8.5,1.5,4990,5525,8.07,10.2,4.09,2.49,3.64,243,22.26,,,5216,4924,5525,5870,0.24,واگرایی منفی RSI | توزیع: ورود حقیقی با سرانه خرید ضعیف (0.86 در ۲۰ روز) | واگرایی منفی | حد ضرر دور (9.0٪) | نقدشوندگی کمتر از ۱۰ میلیارد تومان
غگیلا,شیرپاستوریزه پگاه گیلان,محصولات غذایی و آشامیدنی به جز قند و شکر,67.4,زیر نظر,100,70,89.5,4,40310,20260928,14.5,55.3,134.9,87.9,27.4,58.7,137.9,95.8,10,0,true,80.2,2.66,above,0,1.2,24500,,3.6,10.36,37.01,12.09,4.37,1291,31.22,7.05,342.9,39237,38163,43530,45677,1.5,واگرایی منفی RSI | اشباع خرید | فاصله زیاد از MA20 | سهم صفی: 10 روز از ۲۰ روز در صف (ریسک نقدشوندگی و اجرای حد ضرر) | رشد عمودی (135٪ در ۶۰ روز، 59٪ بالای MA50) | P/E بالا (31) | 138٪ بالای MA200 | واگرایی منفی | نقدشوندگی کمتر از ۱۰ میلیارد تومان
سکرما,سیمان‌ کرمان‌,سیمان، آهک و گچ,67.3,زیر نظر,100,80,28.4,57,74340,20260928,6.8,13.7,4.4,-42.6,5.7,12.1,38.4,64.8,1,0,true,26.7,3.49,above,-14.3,0.64,72500,76360,-4.84,21.08,0.82,-3.92,6.94,11282,6.59,7.14,-7.7,72500,71204,76360,78940,0.64,نقدشوندگی کمتر از ۱۰ میلیارد تومان
غصینو,صنعتی مینو,محصولات غذایی و آشامیدنی به جز قند و شکر,67.3,زیر نظر,95,55,87,24,5900,20260928,5,3,23.4,-23.5,0.8,3.4,64.9,53.4,4,0,false,20.1,4.09,above,-8.1,0.82,5700,6065,47.94,63.37,2.42,32.02,28.34,698,8.45,7.05,19.9,5700,5579,6065,6200,0.51,65٪ بالای MA200
شگستر,گسترش سوخت سبززاگرس(سهامی عام),محصولات شیمیایی,67.3,زیر نظر,100,70,89,4,2159,20260928,15.8,44.2,102.2,55.3,16.5,53.9,102.1,84.2,14,0,true,64.1,2.71,above,0,0.2,1998,,28.09,130.06,8.01,42.06,49.98,36,59.97,9.63,522.8,2100,2013,2335,2452,1.2,اشباع خرید | فاصله زیاد از MA20 | سهم صفی: 14 روز از ۲۰ روز در صف (ریسک نقدشوندگی و اجرای حد ضرر) | رشد عمودی (102٪ در ۶۰ روز، 54٪ بالای MA50) | P/E بالا (60) | 102٪ بالای MA200
درپاد,گروه صنعتی درپاد تبریز,فلزات اساسی,67.3,زیر نظر,100,70,89,4,4750,20260928,15.3,76,96.6,49.6,29.4,74.1,,97.9,18,0,true,77.4,2.17,above,0,0.81,3011,,26.16,55.25,343.58,35.42,7.25,24,197.92,8.05,2358.6,4647,4543,5060,5266,1.5,اشباع خرید | فاصله زیاد از MA20 | سهم صفی: 18 روز از ۲۰ روز در صف (ریسک نقدشوندگی و اجرای حد ضرر) | رشد عمودی (97٪ در ۶۰ روز، 74٪ بالای MA50) | P/E بالا (198) | 160٪ بالای کف ۵۲ هفته | نقدشوندگی کمتر از ۱۰ میلیارد تومان
وتوشه,سرمایه‌ گذاری‌ پارس‌ توشه‌,ماشین آلات و تجهیزات,67.3,زیر نظر,100,80,17,68,8910,20260928,7.1,5.8,33.7,-13.3,7,16,51.1,66.1,0,0,true,46.2,3.57,above,-0.3,0.63,8775,,-0.86,0.67,0.75,-12.3,11.16,2049,4.35,5.15,-15.6,8775,8616,9865,10501,3.25,واگرایی منفی RSI | توزیع: ورود حقیقی با سرانه خرید ضعیف (0.65 در ۲۰ روز) | 51٪ بالای MA200 | سرانه خرید ضعیف (0.75) | واگرایی منفی
وسپهر,گروه سرمایه گذاری سپهر صادرات,شرکتهای چند رشته ای صنعتی,67.1,زیر نظر,90,55,61.5,55,4750,20260928,2.8,1.9,36.1,-10.9,-0.6,12.3,33.7,56.1,0,0,false,41.2,3.6,above,-7.8,0.67,4510,5150,3.82,-28.54,3.71,34.7,17.27,1149,4.13,4.03,2.6,4579,4424,5150,5492,1.23,واگرایی منفی RSI | خروج مستمر پول حقیقی | واگرایی منفی
غدیس,پاکدیس,محصولات غذایی و آشامیدنی به جز قند و شکر,67,زیر نظر,88,75,55.4,47,12870,20260928,8.2,6.7,94.8,47.9,4.9,8.4,73.7,59,3,0,false,19.6,3.62,above,-9.9,0.56,12130,13000,2.49,31.05,0.94,-2.95,11.64,1819,7.08,7.05,0.4,12404,11897,13000,13220,0.13,توزیع: ورود حقیقی با سرانه خرید ضعیف (0.79 در ۲۰ روز) | 74٪ بالای MA200 | حد ضرر دور (7.6٪)
ثالوند,سرمایه گذاری مسکن الوند,انبوه سازی، املاک و مستغلات,67,زیر نظر,100,70,88,4,11240,20260928,15.6,74,134.5,87.5,29.3,74.2,136.5,97.5,16,0,true,82.6,2.24,above,0,0.53,6370,,12,29.44,2.65,10.58,8.32,230,48.87,23.59,107.2,10988,10736,11995,12499,1.5,اشباع خرید | فاصله زیاد از MA20 | سهم صفی: 16 روز از ۲۰ روز در صف (ریسک نقدشوندگی و اجرای حد ضرر) | رشد عمودی (134٪ در ۶۰ روز، 74٪ بالای MA50) | P/E بالا (49) | 136٪ بالای MA200 | نقدشوندگی کمتر از ۱۰ میلیارد تومان
ثنور,سرمایه گذاری کوه نور,انبوه سازی، املاک و مستغلات,67,زیر نظر,100,65,76,20,7060,20260928,3.8,9,77.4,30.5,2.4,19,84.1,62.5,0,0,false,59.1,3.52,above,-6.4,0.86,6640,7540,0.41,1.59,1.8,4.36,3.27,26,271.54,,,6812,6516,7540,8037,0.88,واگرایی منفی RSI | P/E بالا (272) | 84٪ بالای MA200 | واگرایی منفی | حد ضرر دور (7.7٪) | نقدشوندگی کمتر از ۱۰ میلیارد تومان
خمحور,تولیدمحورخودرو,خودرو و ساخت قطعات,66.9,زیر نظر,88,55,75.9,42,5530,20260928,1.7,6.8,4.9,-42,3.1,13.4,41.9,60,3,0,false,16.2,3.3,above,-6.6,0.59,5330,5920,3.9,4.57,1.52,4.94,5.57,785,7.04,,,5348,5239,5920,6285,1.34,نقدشوندگی کمتر از ۱۰ میلیارد تومان | شناوری کم (9٪)
وکبهمن,مدیریت سرمایه گذاری کوثربهمن,سرمایه گذاریها,66.9,زیر نظر,100,38,45,72,3950,20260928,5.3,16.9,46.4,-0.5,7,20.2,66.4,70.5,2,0,false,45.5,3.4,above,-0.8,1.24,3660,,-22.01,-27.88,3.49,1.77,4.69,671,5.89,8.73,-32.6,3816,3614,4353,4621,1.2,خروج مستمر پول حقیقی | 66٪ بالای MA200 | حد ضرر دور (8.5٪) | نقدشوندگی کمتر از ۱۰ میلیارد تومان
غبهار,کشت وصنعت بهاران گلبهار خراسان,محصولات غذایی و آشامیدنی به جز قند و شکر,66.8,زیر نظر,100,75,35.3,52,4710,20260928,0.4,7.3,136.6,89.6,1,20.5,65.8,60.1,7,1,false,53.3,3.57,above,-12,0.85,4520,5350,-0.62,0.29,0.99,0.42,9.47,798,5.9,,,4542,4436,5350,5687,2.33,واگرایی منفی RSI | سهم صفی: 7 روز از ۲۰ روز در صف (ریسک نقدشوندگی و اجرای حد ضرر) | رشد عمودی (137٪ در ۶۰ روز، 20٪ بالای MA50) | توزیع: ورود حقیقی با سرانه خرید ضعیف (0.80 در ۲۰ روز) | 66٪ بالای MA200 | واگرایی منفی | نقدشوندگی کمتر از ۱۰ میلیارد تومان | صف فروش در ۵ روز اخیر
پاسا,ایران‌یاساتایرورابر,لاستیک و پلاستیک,66.8,زیر نظر,100,65,23.2,72,10590,20260928,1,5.9,73.3,26.4,2.1,20.9,71.7,63.1,0,0,false,48.1,3.67,above,-4.8,0.94,9910,11120,-21.15,10.73,1.01,-21.56,29.42,2053,5.16,8.21,-37.2,10201,9716,11120,11897,0.61,واگرایی منفی RSI | توزیع: ورود حقیقی با سرانه خرید ضعیف (0.51 در ۲۰ روز) | 72٪ بالای MA200 | واگرایی منفی | حد ضرر دور (8.3٪)
کیمیاتک,آریان کیمیا تک,محصولات شیمیایی,66.8,زیر نظر,100,75,63,24,21160,20260928,5.5,18,81,34,7.8,21,124.5,66.8,4,0,false,46.4,3.1,above,-4.7,0.42,19400,22210,10.48,-4.29,3.19,17.56,24.66,1968,10.75,9.63,11.7,20505,19521,22210,23521,0.64,124٪ بالای MA200 | حد ضرر دور (7.7٪)
حپارسا,توسعه حمل و نقل ریلی پارسیان,حمل ونقل، انبارداری و ارتباطات,66.8,زیر نظر,100,75,63,24,21560,20260928,3.2,12.2,51.3,4.3,2.9,12.3,108.1,58.6,3,0,false,29.2,3.74,above,-7.1,0.64,21200,23200,3.66,-11.09,3.41,2.64,6.71,2511,8.59,7.68,11.8,21200,20797,23200,24811,2.15,خروج مستمر پول حقیقی | 108٪ بالای MA200 | نقدشوندگی کمتر از ۱۰ میلیارد تومان
تلیسه,دامداری تلیسه نمونه,زراعت و خدمات وابسته,66.7,زیر نظر,95,53,63.5,47,10060,20260928,9.3,0,42.2,-4.8,3.3,13.5,83.7,60.9,5,0,false,32.7,3.64,above,-6.9,0.5,9880,10360,14.93,-1.07,9.62,18.09,20.92,1266,7.95,8.07,-1.5,9880,9697,10360,10810,0.83,واگرایی منفی RSI | 84٪ بالای MA200 | واگرایی منفی
دسبحا,گروه دارویی سبحان,مواد و محصولات دارویی,66.5,زیر نظر,95,75,88,4,6790,20260928,15.5,3.7,92.9,45.9,2.9,16.9,97.4,61.8,7,0,false,35.6,3.35,above,-7.2,0.75,6670,7320,152.88,89.68,4.37,139.27,61.84,189,35.93,12.91,178.3,6670,6556,7320,7775,2.27,واگرایی منفی RSI | سهم صفی: 7 روز از ۲۰ روز در صف (ریسک نقدشوندگی و اجرای حد ضرر) | P/E بالا (36) | توزیع: ورود حقیقی با سرانه خرید ضعیف (0.81 در ۲۰ روز) | 97٪ بالای MA200 | واگرایی منفی
عالیس,بهار رز عالیس چناران,محصولات غذایی و آشامیدنی به جز قند و شکر,66.5,زیر نظر,90,55,54,60,6040,20260928,0,9.2,32.6,-14.4,0,9.4,57.1,57.4,1,0,false,28.7,3.82,above,-9.2,0.61,5870,6650,6.11,240.34,0.69,-32.3,41.61,1000,6.04,7.05,-14.3,5870,5755,6650,7111,2.14,توزیع: ورود حقیقی با سرانه خرید ضعیف (0.82 در ۲۰ روز) | 57٪ بالای MA200 | سرانه خرید ضعیف (0.69)
ستران,سیمان‌ تهران‌,سیمان، آهک و گچ,66.5,زیر نظر,90,55,56.9,57,14150,20260928,5.8,5.6,21.1,-25.8,-1.5,11.2,51.4,56.5,5,0,false,29.4,3.78,above,-11.9,0.89,13141,16070,17.2,41.54,0.97,-12.95,35.7,1902,7.44,7.14,4.2,13615,12874,16070,17139,1.5,توزیع: ورود حقیقی با سرانه خرید ضعیف (0.68 در ۲۰ روز) | 51٪ بالای MA200 | حد ضرر دور (9.0٪)
رافزا,رایان هم افزا,رایانه و فعالیت‌های وابسته به آن,66.4,زیر نظر,90,65,35.5,70,19920,20260928,-2.2,17.1,59.9,13,-1.6,21,98.9,56.7,11,0,false,46.9,3.21,above,-14.2,1.27,15356,23225,-15.63,-20.5,44.08,29.51,13.27,2957,6.74,8.89,-24.2,19281,18641,23225,24504,2.58,خروج مستمر پول حقیقی | سهم صفی: 11 روز از ۲۰ روز در صف (ریسک نقدشوندگی و اجرای حد ضرر) | 99٪ بالای MA200
دسانکو,داروسازی سبحان انکولوژی,مواد و محصولات دارویی,66.3,زیر نظر,95,75,87.1,4,3550,20260928,12.7,11.3,77.1,30.1,4.7,14.1,71.9,63.2,8,0,false,37,3.22,above,-7.1,1.18,3370,3820,22.51,15.21,1.5,14.72,12.17,97,36.6,8.86,313.1,3436,3313,3820,4049,1.14,سهم صفی: 8 روز از ۲۰ روز در صف (ریسک نقدشوندگی و اجرای حد ضرر) | P/E بالا (37) | توزیع: ورود حقیقی با سرانه خرید ضعیف (0.81 در ۲۰ روز) | 72٪ بالای MA200
کلر,کلر پارس,محصولات شیمیایی,66.1,زیر نظر,100,55,63.5,37,12040,20260928,9.7,7.3,14.8,-32.2,5.7,16.8,62.9,63.7,6,0,false,22.5,3.35,above,-5.9,1.09,11500,12800,7.15,-10.78,5.64,22.2,17.81,1504,8.01,8.01,-0.1,11636,11298,12800,13608,1.02,واگرایی منفی RSI | سهم صفی: 6 روز از ۲۰ روز در صف (ریسک نقدشوندگی و اجرای حد ضرر) | 63٪ بالای MA200 | واگرایی منفی
درازی,پخش رازی,مواد و محصولات دارویی,66.1,زیر نظر,100,70,84.5,4,60670,20260928,15.9,78.6,442,395.1,30.3,87.4,249.9,99.8,19,0,true,96.2,2.15,above,0,1.61,16839,,6.76,20.46,1.95,-4.65,12.43,2400,25.28,8.86,185.3,59366,58061,64583,67192,1.5,اشباع خرید | فاصله زیاد از MA20 | سهم صفی: 19 روز از ۲۰ روز در صف (ریسک نقدشوندگی و اجرای حد ضرر) | رشد عمودی (442٪ در ۶۰ روز، 87٪ بالای MA50) | 250٪ بالای MA200
دحاوی,الحاوی,مواد و محصولات دارویی,66.1,زیر نظر,100,70,86.5,42,5410,20260928,11.5,43.9,184.9,138,20.1,51.8,154.6,99.7,20,0,true,94.7,2.3,above,-0.2,1.04,2354,,0.96,1.2,5.82,1.93,0.45,849,6.37,,,5286,5161,5783,6031,1.5,نقدشوندگی پایین | اشباع خرید | فاصله زیاد از MA20 | سهم صفی: 20 روز از ۲۰ روز در صف (ریسک نقدشوندگی و اجرای حد ضرر) | رشد عمودی (185٪ در ۶۰ روز، 52٪ بالای MA50) | 155٪ بالای MA200 | نقدشوندگی کمتر از ۱۰ میلیارد تومان
ساروم,سیمان‌ارومیه‌,سیمان، آهک و گچ,66.1,زیر نظر,100,55,53.4,47,230000,20260928,5.3,17.9,28.3,-18.6,6.2,12.3,67.8,63.6,3,0,false,30.7,3.48,above,-3.1,0.69,225900,237300,26.27,-10.9,1.26,6.51,35.65,34336,6.7,7.14,-6.2,225900,221902,237300,253290,0.9,68٪ بالای MA200
کنور,توسعه معدنی و صنعتی صبانور,استخراج کانه های فلزی,66,زیر نظر,100,75,22.1,62,6260,20260928,2.3,13.4,77.3,30.4,3.1,27.8,91.5,66.4,3,0,false,46.3,3.37,above,-3.7,0.33,5890,6380,-0.59,-54.41,1.58,-4.36,28.03,738,8.48,13.76,-38.4,6049,5784,6380,6500,0.25,واگرایی منفی RSI | خروج مستمر پول حقیقی | 92٪ بالای MA200 | واگرایی منفی | حد ضرر دور (7.6٪) | شناوری کم (9٪)
ارفع,شرکت آهن و فولاد ارفع,فلزات اساسی,66,زیر نظر,100,75,37,47,14430,20260928,2.1,45.7,78.1,31.1,15.6,30.7,143.6,78,13,1,true,52.4,3.02,above,-3.7,1.24,11212,14980,-19.3,158.73,0.47,-154.62,55.08,1926,7.49,8.05,-6.9,13994,13558,14980,15852,0.63,اشباع خرید | فاصله زیاد از MA20 | سهم صفی: 13 روز از ۲۰ روز در صف (ریسک نقدشوندگی و اجرای حد ضرر) | رشد عمودی (78٪ در ۶۰ روز، 31٪ بالای MA50) | توزیع: ورود حقیقی با سرانه خرید ضعیف (0.74 در ۲۰ روز) | 144٪ بالای MA200 | سرانه خرید ضعیف (0.47) | صف فروش در ۵ روز اخیر
سبهان,سیمان‌ بهبهان‌,سیمان، آهک و گچ,66,زیر نظر,90,55,42,70,6010,20260928,4.9,3.1,-1.8,-48.8,-1.3,6.9,40.2,54.3,4,0,false,20.9,3.61,above,-22.3,0.56,5770,6700,1.94,8.35,0.8,-6.04,11.07,989,6.08,7.14,-14.9,5793,5662,6700,7735,1.98,توزیع: ورود حقیقی با سرانه خرید ضعیف (0.66 در ۲۰ روز) | سرانه خرید ضعیف (0.80)
آریا,پلیمر آریا ساسول,محصولات شیمیایی,66,زیر نظر,100,58,73.5,24,48910,20260928,13.3,48.8,45.3,-1.7,23.9,47.1,57.1,93.5,4,0,true,58.3,3.07,above,-0.3,1.7,42434,,-43.77,196.97,3.87,97.61,86.02,4878,10.03,8.01,25.2,47407,45904,53419,56425,1.5,اشباع خرید | فاصله زیاد از MA20 | رشد عمودی (45٪ در ۶۰ روز، 47٪ بالای MA50) | 57٪ بالای MA200
سیستم,همکاران سیستم,رایانه و فعالیت‌های وابسته به آن,66,زیر نظر,90,63,52.5,53,54380,20260928,1.7,2.1,39,-7.9,-2.8,3.4,49.6,51.3,0,0,false,24,3.84,above,-11.9,1.56,53500,61750,3.82,4.42,0.74,-3.43,7.22,3654,14.88,18.19,-18.2,53500,52456,61750,65927,3.83,توزیع: ورود حقیقی با سرانه خرید ضعیف (0.67 در ۲۰ روز) | سرانه خرید ضعیف (0.74) | نقدشوندگی کمتر از ۱۰ میلیارد تومان | واگرایی مثبت RSI
تیپیکو,سرمایه گذاری دارویی تامین,مواد و محصولات دارویی,65.9,زیر نظر,95,90,47.5,30,28510,20260928,12.9,0,71.2,24.3,7.9,15.3,94.6,64.6,5,0,true,22.4,3.18,above,-3.1,1.07,24583,29408,92.19,-163.57,4.74,-55.23,155.4,2097,13.6,12.91,5.3,27605,26699,29408,31219,0.5,خروج مستمر پول حقیقی | 95٪ بالای MA200
زکشت,کشاورزی مکانیزه اصفهان کشت,زراعت و خدمات وابسته,65.8,زیر نظر,83,55,59.6,60,14590,20260928,8.2,6.5,21.2,-25.7,4.1,11.7,71.6,61.4,4,0,false,17.3,3.46,above,-3.3,0.85,13305,15092,10.25,-2.26,1.46,7.01,11.74,2199,6.63,8.07,-17.8,14085,13329,15092,16101,0.4,72٪ بالای MA200 | حد ضرر دور (8.6٪)
وپایا,سرمایه گذاری پایا تدبیرپارسا,سرمایه گذاریها,65.8,زیر نظر,100,75,46,37,1993,20260928,10.3,9.6,53.6,6.6,5.6,21,58.1,68.2,1,0,false,46.1,3.44,above,-1.2,1.47,1895,2017,-7.23,-15,74.19,8.78,3.32,235,8.48,8.73,-2.9,1924,1861,2017,2154,0.18,واگرایی منفی RSI | خروج مستمر پول حقیقی | 58٪ بالای MA200 | واگرایی منفی | نقدشوندگی کمتر از ۱۰ میلیارد تومان
وآرین,گروه توسعه اقتصادی آرین,سرمایه گذاریها,65.8,زیر نظر,100,65,61,30,2822,20260928,-1,18.1,69.3,22.3,1,24.7,59.3,60.9,1,0,false,50.7,3.67,above,-12.4,0.45,2738,3220,0.71,-15.93,1.76,2.11,3.53,62,45.52,,,2738,2687,3220,3427,2.94,خروج مستمر پول حقیقی | P/E بالا (46) | 59٪ بالای MA200 | نقدشوندگی کمتر از ۱۰ میلیارد تومان
غویتا,ویتانا,محصولات غذایی و آشامیدنی به جز قند و شکر,65.7,زیر نظر,100,53,20.5,80,6220,20260928,2.1,13.1,44,-3,2.4,13.8,84.2,59.1,9,0,false,30.7,3.33,above,-9.5,0.64,5690,6870,-13.79,-73.64,4.81,-15.14,28.4,1338,4.65,7.05,-34.1,6013,5702,6870,7284,1.26,خروج مستمر پول حقیقی | سهم صفی: 9 روز از ۲۰ روز در صف (ریسک نقدشوندگی و اجرای حد ضرر) | 84٪ بالای MA200 | حد ضرر دور (8.3٪)
ولصنم,لیزینگ‌صنعت‌ومعدن‌,سایر واسطه گریهای مالی,65.6,زیر نظر,100,55,61.5,37,3290,20260928,4.8,16.1,30.7,-16.3,4.8,19.2,23,64.6,0,0,false,42.1,3.63,above,-5.7,0.39,3256,3490,0.89,-42.9,2.14,5.04,8.09,305,10.79,9.94,8.5,3256,3197,3490,3729,2.14,خروج مستمر پول حقیقی | نقدشوندگی کمتر از ۱۰ میلیارد تومان
فصبا,صبا فولاد خلیج فارس,فلزات اساسی,65.6,زیر نظر,100,63,88,4,4160,20260928,6.9,37.3,42.5,-4.5,14.3,32.2,56.9,78,7,0,true,40.3,3.23,above,0,0.79,4070,,6.02,37.58,8.75,38.92,23.32,178,23.37,8.05,190.3,4070,4003,4563,4832,2.56,سهم صفی: 7 روز از ۲۰ روز در صف (ریسک نقدشوندگی و اجرای حد ضرر) | رشد عمودی (43٪ در ۶۰ روز، 32٪ بالای MA50) | 57٪ بالای MA200
غگلستا,شیر پاستوریزه پگاه گلستان,محصولات غذایی و آشامیدنی به جز قند و شکر,65.6,زیر نظر,90,53,86,26,16100,20260928,-1.2,8.9,46.5,-0.5,-2.4,14.6,62.1,54.8,7,0,false,38.1,3.82,above,-13.4,0.75,14280,18590,11.21,15.44,3.39,3.26,11.74,1656,9.72,7.05,37.9,15485,14563,18590,19819,1.62,سهم صفی: 7 روز از ۲۰ روز در صف (ریسک نقدشوندگی و اجرای حد ضرر) | 62٪ بالای MA200 | حد ضرر دور (9.5٪)
ساروج,بین المللی ساروج بوشهر,سیمان، آهک و گچ,65.5,زیر نظر,79,55,45.4,78,58950,20260928,2.5,4.4,-3.9,-50.8,1.9,3.8,13,55,1,0,false,16.5,3.54,inside,-15.5,0.49,57816,61211,1.16,3.84,0.92,-0.71,4.68,11890,4.96,6.69,-25.9,57816,56774,61211,63320,1.04,توزیع: ورود حقیقی با سرانه خرید ضعیف (0.74 در ۲۰ روز) | نقدشوندگی کمتر از ۱۰ میلیارد تومان
کایزد,فرانسوز یزد,سایر محصولات کانی غیرفلزی,65.5,زیر نظر,100,60,85.2,9,3710,20260928,8.5,55,92,45,21.7,56.6,83.7,86.7,13,1,true,80.3,2.49,above,-2.9,0.81,2633,,2.9,22.46,1.49,10.68,9.72,263,14.11,10.33,36.6,3617,3525,3988,4173,1.5,اشباع خرید | فاصله زیاد از MA20 | سهم صفی: 13 روز از ۲۰ روز در صف (ریسک نقدشوندگی و اجرای حد ضرر) | رشد عمودی (92٪ در ۶۰ روز، 57٪ بالای MA50) | 84٪ بالای MA200 | نقدشوندگی کمتر از ۱۰ میلیارد تومان | صف فروش در ۵ روز اخیر
رپویا,پویا,رایانه و فعالیت‌های وابسته به آن,65.5,زیر نظر,95,53,71.5,34,55020,20260928,6.5,-9.3,39.1,-7.9,1.5,11.5,41.9,56.9,4,0,false,29.1,3.52,above,-11.1,1.45,52268,57433,7.93,-27.89,21.68,20.31,7.47,5242,10.5,8.89,18.1,53084,51300,57433,61888,0.65,خروج مستمر پول حقیقی | نقدشوندگی کمتر از ۱۰ میلیارد تومان
غفارس,شیر پاستوریزه پگاه فارس,محصولات غذایی و آشامیدنی به جز قند و شکر,65.4,زیر نظر,100,45,96.5,9,30340,20260928,10,42.8,165.7,118.7,14,50.1,183.8,81.7,10,0,false,75.5,3.11,above,0,1.48,29560,,6.93,27.2,1.62,27.48,16.07,1963,15.46,7.05,119.2,29560,29088,33170,35057,2.26,اشباع خرید | سهم صفی: 10 روز از ۲۰ روز در صف (ریسک نقدشوندگی و اجرای حد ضرر) | رشد عمودی (166٪ در ۶۰ روز، 50٪ بالای MA50) | 184٪ بالای MA200
فسپا,گروه‌صنعتی‌سپاهان‌,فلزات اساسی,65.4,زیر نظر,100,60,21.5,72,8760,20260928,8,52.3,161,114.1,18.3,51.3,191.2,88.7,12,0,true,73.5,2.96,above,0,0.7,6130,,-57.35,-57.13,3.31,-50.49,46.86,1216,7.2,13.48,-46.6,8501,8242,9537,10055,1.5,اشباع خرید | فاصله زیاد از MA20 | خروج مستمر پول حقیقی | سهم صفی: 12 روز از ۲۰ روز در صف (ریسک نقدشوندگی و اجرای حد ضرر) | رشد عمودی (161٪ در ۶۰ روز، 51٪ بالای MA50) | 191٪ بالای MA200
اتکاسا,بیمه اتکایی سامان,بیمه وصندوق بازنشستگی به جزتامین اجتماعی,65.4,زیر نظر,100,60,61.5,72,6970,20260928,9.2,40.1,81.9,34.9,14.3,40.5,,83.4,2,0,true,62,2.92,above,-1.9,0.59,6768,,1.78,-14.76,3.41,2.26,1.83,875,7.97,18.13,-56.1,6768,6666,7580,7986,2.01,نقدشوندگی پایین | اشباع خرید | خروج مستمر پول حقیقی | رشد عمودی (82٪ در ۶۰ روز، 40٪ بالای MA50) | 168٪ بالای کف ۵۲ هفته | نقدشوندگی کمتر از ۱۰ میلیارد تومان
وسرمد,بیمه  سرمد,بیمه وصندوق بازنشستگی به جزتامین اجتماعی,65.4,زیر نظر,65,53,89,52,1590,20260928,6.4,-4.7,40.5,-6.4,-1.7,4,36,52.2,3,0,false,30.6,3.87,above,-11,0.97,1498,1707,6.77,18.8,3.16,6.09,3.57,317,5.02,,,1528,1467,1707,1787,0.95,واگرایی منفی RSI | واگرایی منفی | حد ضرر دور (7.7٪) | نقدشوندگی کمتر از ۱۰ میلیارد تومان
شمس,تولید انرژی برق شمس پاسارگاد,عرضه برق، گاز، بخاروآب گرم,65.3,زیر نظر,100,55,88,9,11800,20260928,-0.5,-0.4,61.6,14.7,1.5,4.3,89.1,53.7,1,0,false,29.9,3.96,above,-8.7,0.51,11270,12900,1.65,36.13,2.51,19.57,15.82,887,13.3,10.04,32.5,11333,11036,12900,13834,1.44,89٪ بالای MA200
ومپنا,مدیریت نیروگاهی ایرانیان مپنا,عرضه برق، گاز، بخاروآب گرم,65.1,زیر نظر,95,75,62.5,24,43030,20260928,4.3,5.8,65.1,18.1,1.1,19.9,94.3,60.1,0,0,false,36.5,3.34,above,-9.1,0.4,39510,47320,4.79,-54.03,4.71,13.67,31.81,3838,11.21,10.04,11.7,41594,39439,47320,50192,1.19,واگرایی منفی RSI | خروج مستمر پول حقیقی | 94٪ بالای MA200 | واگرایی منفی | حد ضرر دور (8.3٪)
پردیس,سرمایه گذاری پردیس,سرمایه گذاریها,65.1,زیر نظر,100,55,36.5,60,2234,20260928,7.8,5.7,36.8,-10.2,5.8,17,33,66,0,0,false,36.6,3.23,above,-1.5,0.97,2176,2268,-4.53,-16.35,1.62,2.18,6.11,404,5.53,7.13,-22.4,2176,2140,2268,2412,0.36,واگرایی منفی RSI | خروج مستمر پول حقیقی | واگرایی منفی | نقدشوندگی کمتر از ۱۰ میلیارد تومان
دسبحان,سبحان دارو,مواد و محصولات دارویی,65.1,زیر نظر,100,60,62.5,30,18100,20260928,15.7,31,254.2,207.2,12.1,46.2,229.1,78.9,12,0,false,76.7,2.86,above,0,0.11,17730,,23.03,-78.1,5.5,34.34,72.45,1454,12.45,12.91,-3.6,17730,17472,19650,20684,2.47,اشباع خرید | خروج مستمر پول حقیقی | سهم صفی: 12 روز از ۲۰ روز در صف (ریسک نقدشوندگی و اجرای حد ضرر) | رشد عمودی (254٪ در ۶۰ روز، 46٪ بالای MA50) | 229٪ بالای MA200
ولپارس,لیزینگ پارسیان,سایر واسطه گریهای مالی,65.1,زیر نظر,95,63,87,9,3970,20260928,6.7,10.9,45.3,-1.7,2.8,16,42.6,61.8,3,0,false,43.5,3.61,above,-7.7,0.96,3680,4300,1.46,8.7,9.02,12.81,3.3,307,12.93,9.94,30.1,3827,3612,4300,4586,0.92,حد ضرر دور (9.0٪) | نقدشوندگی کمتر از ۱۰ میلیارد تومان
نطرین,عطرین نخ قم,منسوجات,65.1,زیر نظر,100,78,27.9,50,2330,20260928,-2.5,27.5,38.5,-8.4,11.2,23.2,78.6,69.1,15,2,true,35.5,3.13,above,-5.3,2.07,2013,2460,-11.43,3.57,1.26,-51.69,13.59,196,11.89,14.29,-16.8,2257,2184,2460,2606,0.89,سهم صفی: 15 روز از ۲۰ روز در صف (ریسک نقدشوندگی و اجرای حد ضرر) | توزیع: ورود حقیقی با سرانه خرید ضعیف (0.88 در ۲۰ روز) | 79٪ بالای MA200 | صف فروش در ۵ روز اخیر
شیران,س. صنایع‌شیمیایی‌ایران,محصولات شیمیایی,65,زیر نظر,75,53,77.5,50,11440,20260928,8.5,-1.5,40.7,-6.3,3,5.5,53.9,56.8,1,0,false,18.6,3.39,above,-8.1,0.88,10930,11640,9.57,18.78,1.94,26.97,40.54,1359,8.42,9.63,-12.6,11052,10736,11640,11850,0.28,توزیع: ورود حقیقی با سرانه خرید ضعیف (0.69 در ۲۰ روز) | 54٪ بالای MA200 | شناوری کم (14٪)
فروی,ذوب روی اصفهان,فلزات اساسی,64.9,زیر نظر,100,65,68.5,19,2759,20260928,-4.5,9.5,59.1,12.1,1.3,16.1,55.4,57,10,2,false,45.2,3.18,above,-12.4,0.97,2625,3150,3.06,40.93,0.82,2.03,10.76,186,14.83,8.05,84.3,2671,2581,3150,3325,2.2,سهم صفی: 10 روز از ۲۰ روز در صف (ریسک نقدشوندگی و اجرای حد ضرر) | 55٪ بالای MA200 | صف فروش در ۵ روز اخیر
ومشان,سرمایه گذاری مشانیر,سرمایه گذاریها,64.7,زیر نظر,100,70,62.9,20,34170,20260928,15.8,33.5,56.7,9.8,23.8,34.6,105,85.3,8,0,true,37.8,3.16,above,0,0.51,26683,,0.56,17.3,1.14,-8.91,6.25,143,238.95,,,33090,32010,37410,39570,1.5,اشباع خرید | فاصله زیاد از MA20 | سهم صفی: 8 روز از ۲۰ روز در صف (ریسک نقدشوندگی و اجرای حد ضرر) | رشد عمودی (57٪ در ۶۰ روز، 35٪ بالای MA50) | P/E بالا (239) | 105٪ بالای MA200 | نقدشوندگی کمتر از ۱۰ میلیارد تومان
بازرگام,پست پیشگامان,اطلاعات و ارتباطات,64.6,زیر نظر,100,70,57.5,25,5590,20260928,12.9,30.9,59,12.1,18.4,39.4,53.7,87.5,6,0,true,50.6,3,above,-0.5,0.94,5339,5660,27.7,134.69,0.94,-4.72,30.91,341,16.39,,,5422,5255,5660,5995,0.21,اشباع خرید | فاصله زیاد از MA20 | سهم صفی: 6 روز از ۲۰ روز در صف (ریسک نقدشوندگی و اجرای حد ضرر) | رشد عمودی (59٪ در ۶۰ روز، 39٪ بالای MA50) | 54٪ بالای MA200
کی بی سی,شرکت کی بی سی,مواد و محصولات دارویی,64.6,زیر نظر,100,75,62.5,16,12070,20260928,6.5,20.3,117.9,70.9,5.7,31.4,146,68.8,11,0,false,59.9,3.05,above,-8,0.72,11000,13120,37.66,-32.7,3.65,37.13,32.02,1043,11.57,8.86,30.6,11702,11150,13120,13856,1.14,خروج مستمر پول حقیقی | سهم صفی: 11 روز از ۲۰ روز در صف (ریسک نقدشوندگی و اجرای حد ضرر) | رشد عمودی (118٪ در ۶۰ روز، 31٪ بالای MA50) | 146٪ بالای MA200 | حد ضرر دور (7.6٪)
وسنا,سرمایه گذاری نیروگاهی ایران,سرمایه گذاریها,64.6,زیر نظر,100,70,62.5,20,51390,20260928,15.6,58.9,192.4,145.5,24.4,65.5,174.3,92.3,11,0,true,86.4,2.46,above,0,0.37,24074,,3.19,-49.52,1.95,3.74,16.78,998,51.49,,,50128,48866,55176,57699,1.5,اشباع خرید | فاصله زیاد از MA20 | خروج مستمر پول حقیقی | سهم صفی: 11 روز از ۲۰ روز در صف (ریسک نقدشوندگی و اجرای حد ضرر) | رشد عمودی (192٪ در ۶۰ روز، 66٪ بالای MA50) | P/E بالا (51) | 174٪ بالای MA200
رایا,بیمه اتکایی رایا,بیمه وصندوق بازنشستگی به جزتامین اجتماعی,64.6,زیر نظر,100,70,32.5,50,6010,20260928,13,30.4,192.4,145.4,17.4,35,,83.9,3,0,true,65.3,2.87,above,-1.3,0.97,5040,,3.43,-9.5,0.94,-17.53,11.56,1471,4.09,,,5837,5665,6528,6874,1.5,واگرایی منفی RSI | اشباع خرید | فاصله زیاد از MA20 | رشد عمودی (192٪ در ۶۰ روز، 35٪ بالای MA50) | 524٪ بالای کف ۵۲ هفته | واگرایی منفی
ساربیل,سیمان آرتا اردبیل,سیمان، آهک و گچ,64.5,زیر نظر,73,45,77.5,57,86540,20260928,4.9,-1.1,0.3,-46.7,-1.2,3.7,17.9,53.3,1,0,false,18.8,4.01,above,-14.7,0.79,83650,88300,5.42,0.65,2.23,0.11,3.86,11188,7.74,7.14,8.3,83650,81917,88300,98760,0.38,توزیع: ورود حقیقی با سرانه خرید ضعیف (0.70 در ۲۰ روز) | نقدشوندگی کمتر از ۱۰ میلیارد تومان | شناوری کم (10٪)
غانیزان,فرآورده های دامی ولبنی دالاهو,محصولات غذایی و آشامیدنی به جز قند و شکر,64.5,زیر نظر,100,55,78,16,9100,20260928,2.8,11.9,18.8,-28.2,1.8,16.6,49.2,60.5,6,0,false,24.9,3.81,above,-6.8,0.67,8740,9760,3.65,9.53,3.08,14.13,11.18,797,11.42,8.53,33.9,8754,8567,9760,10453,1.24,سهم صفی: 6 روز از ۲۰ روز در صف (ریسک نقدشوندگی و اجرای حد ضرر)
واحصا,احیاء صنایع خراسان,سرمایه گذاریها,64.5,زیر نظر,100,70,62,20,31670,20260928,13,28.7,98.4,51.5,13.7,29.9,130.9,85.7,0,0,true,47.9,3.35,above,-0.7,1.19,29130,,0.91,-7.64,3.58,9.2,3.71,126,251.35,,,30609,29017,34853,36976,1.2,واگرایی منفی RSI | اشباع خرید | خروج مستمر پول حقیقی | P/E بالا (251) | 131٪ بالای MA200 | واگرایی منفی | حد ضرر دور (8.4٪) | نقدشوندگی کمتر از ۱۰ میلیارد تومان
ولملت,واسپاری ملت,سایر واسطه گریهای مالی,64.5,زیر نظر,100,70,97.9,4,25550,20260926,15.8,52.6,189.7,142.7,26.1,44.4,193.2,87.5,14,0,true,47.7,2.49,above,0,1.44,19090,,17.6,32.56,1.51,19.59,17.56,824,31.01,9.94,211.9,24914,24279,27457,28728,1.5,واگرایی منفی RSI | اشباع خرید | فاصله زیاد از MA20 | سهم صفی: 14 روز از ۲۰ روز در صف (ریسک نقدشوندگی و اجرای حد ضرر) | رشد عمودی (190٪ در ۶۰ روز، 44٪ بالای MA50) | P/E بالا (31) | 193٪ بالای MA200 | واگرایی منفی | آخرین معامله 20260926 (متوقف یا کم‌معامله)
ساینا,صنایع بهداشتی ساینا,محصولات شیمیایی,64.4,زیر نظر,100,85,22.5,47,13420,20260928,10.2,25,114,67.1,12.9,26.9,135.5,75.8,5,0,true,52.5,3.31,above,-0.4,0.87,13170,,-11.53,-52.65,2.07,-14.46,21.16,1820,7.37,8.01,-7.9,13170,12948,14753,15642,2.82,خروج مستمر پول حقیقی | رشد عمودی (114٪ در ۶۰ روز، 27٪ بالای MA50) | 136٪ بالای MA200
خاذین,سایپاآذین‌,خودرو و ساخت قطعات,64.4,زیر نظر,100,63,77,10,3163,20260928,5.8,10.3,39.8,-7.2,4.4,24,48,66.3,1,0,false,44.1,3.48,above,-5,0.88,2954,3330,1.1,3.55,2.95,1.65,6.63,,,,,3053,2899,3330,3550,0.63,واگرایی منفی RSI | بدون EPS مثبت | واگرایی منفی | حد ضرر دور (8.3٪) | نقدشوندگی کمتر از ۱۰ میلیارد تومان
کساوه,صنایع‌ کاشی‌ و سرامیک‌ سینا,کاشی و سرامیک,64.3,زیر نظر,100,65,38,47,30600,20260928,-2.3,15.1,60.1,13.1,4.6,18.4,94,61.7,9,1,false,39.7,3.2,above,-6.7,1.17,29564,32800,-5.96,7.18,5.25,-7.14,21.15,4425,6.92,7.65,-9.6,29620,29074,32800,34759,1.44,سهم صفی: 9 روز از ۲۰ روز در صف (ریسک نقدشوندگی و اجرای حد ضرر) | توزیع: ورود حقیقی با سرانه خرید ضعیف (0.84 در ۲۰ روز) | 94٪ بالای MA200 | صف فروش در ۵ روز اخیر
آلومینا,آلومینای ایران,فلزات اساسی,64.3,زیر نظر,100,75,37,40,229500,20260928,5.7,6.7,49.5,2.6,0.3,21.1,66.3,60.9,0,0,false,44,3.6,above,-10.4,0.63,210800,256100,-7.56,-166.6,2.16,21.79,32.64,16822,13.64,13.48,1.2,221238,208845,256100,272624,1.29,خروج مستمر پول حقیقی | 66٪ بالای MA200 | حد ضرر دور (9.0٪) | شناوری کم (6٪)
سرود,سیمان‌شاهرود,سیمان، آهک و گچ,64.3,زیر نظر,100,75,43,34,19180,20260928,5.4,11.1,54,7.1,3.3,14.2,94.6,62.8,1,0,false,34.1,3.88,above,-6.1,1.12,17577,20430,23.09,24.72,0.66,-107.13,58.35,2424,7.91,7.14,10.8,18435,17317,20430,21920,0.67,واگرایی منفی RSI | توزیع: ورود حقیقی با سرانه خرید ضعیف (0.59 در ۲۰ روز) | 95٪ بالای MA200 | سرانه خرید ضعیف (0.66) | واگرایی منفی | حد ضرر دور (9.7٪)
سخزر,سیمان‌ خزر,سیمان، آهک و گچ,64.1,زیر نظر,100,63,62,24,6600,20260928,7.3,8.7,39.2,-7.7,1.2,15.2,49.8,60.3,7,0,false,28.5,3.53,above,-9.3,0.59,6100,7280,3.66,-34.74,2.19,3.04,20.98,822,8.03,7.14,12.5,6367,6018,7280,7745,1.17,خروج مستمر پول حقیقی | سهم صفی: 7 روز از ۲۰ روز در صف (ریسک نقدشوندگی و اجرای حد ضرر) | حد ضرر دور (8.8٪)
فپنتا,سپنتا,فلزات اساسی,64,زیر نظر,90,45,52,60,45280,20260928,-8.3,16.9,29.9,-17,-1.4,21.4,25.3,55.6,13,3,false,52.2,3.22,above,-20,1.26,44504,45942,30.46,100.1,0.8,-16.87,24.65,4100,11.04,13.48,-18.1,44504,43775,45942,47742,0.44,سهم صفی: 13 روز از ۲۰ روز در صف (ریسک نقدشوندگی و اجرای حد ضرر) | توزیع: ورود حقیقی با سرانه خرید ضعیف (0.79 در ۲۰ روز) | صف فروش در ۵ روز اخیر
جم,پتروشیمی جم,محصولات شیمیایی,64,زیر نظر,100,50,87,9,69660,20260928,6.8,24.6,81.5,34.5,11.9,37.7,59.2,79,0,0,false,59.5,3.32,above,0,0.64,67480,,40.33,132.47,3.76,48.97,45.9,4968,14.02,9.63,45.6,67480,66325,76592,81214,2.08,اشباع خرید | رشد عمودی (82٪ در ۶۰ روز، 38٪ بالای MA50) | 59٪ بالای MA200
وفتخار,سرمایه گذاری افتخار سهام,سرمایه گذاریها,64,زیر نظر,100,75,26,50,2042,20260928,1.2,27.6,58.5,11.6,12.4,28,35.8,75.6,7,0,true,49,3.3,above,-1.7,1.42,1910,2078,-3.05,4.34,0.59,-15.62,4.71,531,3.85,,,1975,1876,2078,2213,0.22,سهم صفی: 7 روز از ۲۰ روز در صف (ریسک نقدشوندگی و اجرای حد ضرر) | سرانه خرید ضعیف (0.59) | حد ضرر دور (8.1٪) | نقدشوندگی کمتر از ۱۰ میلیارد تومان
سرچشمه,سرمایه گذاری مس سرچشمه,سرمایه گذاریها,63.9,زیر نظر,100,60,27.5,60,8140,20260928,0.5,48.5,150.8,103.8,13.2,38.7,99.3,80.1,13,0,true,68.7,2.95,above,-2.4,1.7,5566,8340,-76.08,68.29,0.48,-305.11,70.1,1231,6.61,8.73,-24.3,7900,7660,8340,8820,0.42,اشباع خرید | سهم صفی: 13 روز از ۲۰ روز در صف (ریسک نقدشوندگی و اجرای حد ضرر) | رشد عمودی (151٪ در ۶۰ روز، 39٪ بالای MA50) | توزیع: ورود حقیقی با سرانه خرید ضعیف (0.76 در ۲۰ روز) | 99٪ بالای MA200 | سرانه خرید ضعیف (0.48)
دکیمی,کیمیدارو,مواد و محصولات دارویی,63.9,زیر نظر,100,60,78.5,9,72280,20260928,10.7,17.2,149.6,102.6,12.5,34.9,158.3,74.5,7,0,false,52,3.15,above,0,0.54,70170,,7.64,7.94,4.7,6.79,13.36,4266,16.94,12.91,31.2,70170,69033,79100,83647,2.1,واگرایی منفی RSI | سهم صفی: 7 روز از ۲۰ روز در صف (ریسک نقدشوندگی و اجرای حد ضرر) | رشد عمودی (150٪ در ۶۰ روز، 35٪ بالای MA50) | 158٪ بالای MA200 | واگرایی منفی
زملارد,کشاورزی و دامپروری ملارد شیر,زراعت و خدمات وابسته,63.9,زیر نظر,95,53,62,37,1504,20260928,7.1,-0.5,42.4,-4.5,2.7,12.7,58.2,59.1,4,0,false,30.7,3.74,above,-6.2,0.55,1388,1597,4.36,-8.04,11.42,29.39,19.39,183,8.22,8.07,1.8,1448,1363,1597,1710,0.66,58٪ بالای MA200 | حد ضرر دور (9.4٪)
وساپا,سرمایه‌گذاری‌ سایپا,سرمایه گذاریها,63.8,زیر نظر,100,65,3,80,9610,20260928,-2.2,16.1,52.2,5.2,3.7,26.2,68.6,65.9,3,0,false,44.1,3.6,above,-4.8,0.84,8870,10090,-389.6,-251.53,0.69,-473.44,256.51,2887,3.33,7.13,-53.3,9264,8745,10090,10782,0.56,واگرایی منفی RSI | 69٪ بالای MA200 | سرانه خرید ضعیف (0.69) | واگرایی منفی | حد ضرر دور (9.0٪)
تاصیکو,سرمایه گذاری صدرتامین,استخراج کانه های فلزی,63.8,زیر نظر,100,70,75,4,33670,20260928,15.8,61.6,155.7,108.7,28,59.2,173.7,93.8,12,0,true,73,2.98,above,0,0.5,29400,,323.71,1588.28,3.95,-137.24,305.73,560,60.13,13.76,337,32668,31666,36676,38680,1.5,اشباع خرید | فاصله زیاد از MA20 | سهم صفی: 12 روز از ۲۰ روز در صف (ریسک نقدشوندگی و اجرای حد ضرر) | رشد عمودی (156٪ در ۶۰ روز، 59٪ بالای MA50) | P/E بالا (60) | توزیع: ورود حقیقی با سرانه خرید ضعیف (0.67 در ۲۰ روز) | 174٪ بالای MA200
شسپا,نفت سپاهان,فراورده های نفتی، کک و سوخت هسته ای,63.6,زیر نظر,100,75,27.5,47,22000,20260928,3.3,15.8,67.8,20.9,5.3,18.9,112.2,64.7,5,0,false,39.7,3.63,above,-5.9,0.84,20420,23390,85.15,-53.68,0.69,-111.61,105.9,3704,5.94,6.26,-5.1,21202,20021,23390,24985,0.7,112٪ بالای MA200 | سرانه خرید ضعیف (0.69) | حد ضرر دور (9.0٪)
غشهد,شهد ایران ‌,محصولات غذایی و آشامیدنی به جز قند و شکر,63.6,زیر نظر,100,70,18.5,60,9840,20260928,-4.8,23.5,32,-15,8.1,20.6,55,65,7,2,true,28.9,3.31,above,-7.6,1.49,8380,10650,-2.76,3.11,0.65,-8.34,6.67,1466,6.71,8.53,-21.3,9514,9188,10650,11302,1.24,سهم صفی: 7 روز از ۲۰ روز در صف (ریسک نقدشوندگی و اجرای حد ضرر) | 55٪ بالای MA200 | سرانه خرید ضعیف (0.65) | نقدشوندگی کمتر از ۱۰ میلیارد تومان | صف فروش در ۵ روز اخیر
سکرد,سیمان کردستان,سیمان، آهک و گچ,63.6,زیر نظر,100,55,56.5,34,15890,20260928,5.4,15.9,36.2,-10.8,5.3,15.5,56.8,62.3,4,0,false,34.8,3.32,above,-8.2,0.86,14635,17300,5.78,16.81,0.94,-3.93,8.65,2014,7.89,7.14,10.5,15362,14569,17300,18357,1.07,توزیع: ورود حقیقی با سرانه خرید ضعیف (0.88 در ۲۰ روز) | 57٪ بالای MA200 | حد ضرر دور (8.3٪) | نقدشوندگی کمتر از ۱۰ میلیارد تومان | شناوری کم (14٪)
شپدیس,پتروشیمی پردیس,محصولات شیمیایی,63.5,زیر نظر,100,45,28,70,12980,20260928,-6.2,9,1.2,-45.8,1.3,12,22.7,55.7,1,1,false,41.4,3.53,above,-20.2,0.8,12540,13270,-833.75,984.14,0.4,-1373.79,656.7,1879,6.91,9.63,-28.3,12540,12311,13270,14075,0.43,توزیع: ورود حقیقی با سرانه خرید ضعیف (0.65 در ۲۰ روز) | 162٪ بالای کف ۵۲ هفته | سرانه خرید ضعیف (0.40) | صف فروش در ۵ روز اخیر
کفپارس,فرآورده‌های‌ نسوز پارس‌,سایر محصولات کانی غیرفلزی,63.5,زیر نظر,90,65,22,72,5800,20260928,-3,9.4,59.8,12.8,-0.6,14.2,74.6,54.8,4,0,false,42.3,3.47,above,-12.4,0.89,5665,5970,-7.02,-6.84,6.66,-10.19,14.46,722,8.03,12.75,-37,5665,5564,5970,6620,0.72,75٪ بالای MA200
شملی,ملی شیمی کشاورز,محصولات شیمیایی,63.5,زیر نظر,100,60,62,24,10860,20260928,14.7,25,122.5,75.6,12.1,43.4,124.3,78.7,8,0,false,66.9,3.09,above,0,0.64,10530,,24.53,-11.7,2.44,29.4,23.1,1215,8.94,8.01,11.6,10530,10362,11866,12536,2.02,اشباع خرید | سهم صفی: 8 روز از ۲۰ روز در صف (ریسک نقدشوندگی و اجرای حد ضرر) | رشد عمودی (123٪ در ۶۰ روز، 43٪ بالای MA50) | 124٪ بالای MA200
فزرین,زرین معدن آسیا,فلزات اساسی,63.5,زیر نظر,100,65,34.9,47,9640,20260928,-2.1,23.3,128.3,81.3,0.7,27.5,135.8,63.1,16,1,false,65.7,3.08,above,-13,1.38,6630,11080,-10.4,83.31,1.14,-30.74,19.99,1184,8.14,8.05,1.1,9343,9046,11080,11674,2.42,سهم صفی: 16 روز از ۲۰ روز در صف (ریسک نقدشوندگی و اجرای حد ضرر) | رشد عمودی (128٪ در ۶۰ روز، 28٪ بالای MA50) | توزیع: ورود حقیقی با سرانه خرید ضعیف (0.88 در ۲۰ روز) | 136٪ بالای MA200 | صف فروش در ۵ روز اخیر
خبنیان,بنیان دیزل,خودرو و ساخت قطعات,63.4,زیر نظر,90,55,71.5,30,1854,20260928,7.7,5.6,19.8,-27.1,1.9,14.6,8.2,59.3,2,0,false,29.5,3.59,above,-24.4,0.85,1816,1924,9.11,8.42,1.36,8.72,12.46,10,185.4,,,1816,1782,1924,2032,0.97,P/E بالا (185)
کسعدی,کاشی‌ سعدی‌,کاشی و سرامیک,63.4,زیر نظر,100,70,88.5,9,28440,20260923,15.8,79.4,224.7,177.7,30.2,63.5,201.5,95.7,16,0,true,72.5,2.32,above,0,0.73,16500,,6.82,44.12,2.3,21.22,12.15,1590,17.89,7.65,133.8,27780,27120,30420,31740,1.5,واگرایی منفی RSI | اشباع خرید | فاصله زیاد از MA20 | سهم صفی: 16 روز از ۲۰ روز در صف (ریسک نقدشوندگی و اجرای حد ضرر) | رشد عمودی (225٪ در ۶۰ روز، 63٪ بالای MA50) | 202٪ بالای MA200 | واگرایی منفی | آخرین معامله 20260923 (متوقف یا کم‌معامله)
لخزر,پارس‌ خزر,ماشین آلات و تجهیزات,63.4,زیر نظر,90,65,15.5,78,4670,20260928,-1.3,4.9,49.4,2.5,-0.4,17,52.6,56.7,2,0,false,40.5,3.19,above,-10.2,0.64,4375,5200,-6.5,2.01,0.54,-21.27,13.66,1120,4.17,5.15,-19,4521,4301,5200,5498,1.43,واگرایی منفی RSI | توزیع: ورود حقیقی با سرانه خرید ضعیف (0.62 در ۲۰ روز) | 53٪ بالای MA200 | سرانه خرید ضعیف (0.54) | واگرایی منفی | حد ضرر دور (7.9٪) | شناوری کم (10٪)
وتوصا,گروه س توسعه صنعتی ایران,سرمایه گذاریها,63.3,زیر نظر,100,65,1.4,80,3100,20260928,-2.2,2.6,61.5,14.6,0.2,13.8,62.8,56.5,0,0,false,49.7,4.06,above,-9.1,0.85,2864,3410,-0.16,-20.84,0.82,-5.64,7.48,642,4.83,7.13,-32.3,2974,2801,3410,3662,1.04,واگرایی منفی RSI | خروج مستمر پول حقیقی | 63٪ بالای MA200 | واگرایی منفی | حد ضرر دور (9.7٪) | نقدشوندگی کمتر از ۱۰ میلیارد تومان
خراسان,پتروشیمی خراسان,محصولات شیمیایی,63.3,زیر نظر,70,55,55.4,70,53290,20260928,0.8,1.9,9.3,-37.7,-3.2,8.5,61.1,51.8,2,0,false,24.9,3.72,above,-13.1,0.68,51105,54047,18.96,52.52,0.87,-10.89,29.84,7006,7.61,9.63,-21,51310,50115,54047,55471,0.24,توزیع: ورود حقیقی با سرانه خرید ضعیف (0.63 در ۲۰ روز) | 61٪ بالای MA200 | شناوری کم (6٪)
کزغال,زغال سنگ پروده طبس,استخراج زغال سنگ,63.3,زیر نظر,90,55,87,14,5760,20260928,4.7,2.7,15,-31.9,-2.4,9.7,39.4,54.9,8,1,false,22.9,3.5,above,-12.5,0.59,5462,6580,3.38,103.76,5.63,35.47,33.94,154,37.4,15.48,141.6,5558,5361,6580,6983,2.05,سهم صفی: 8 روز از ۲۰ روز در صف (ریسک نقدشوندگی و اجرای حد ضرر) | P/E بالا (37) | صف فروش در ۵ روز اخیر
ممسنی,پتروشیمی ممسنی,محصولات شیمیایی,63.3,زیر نظر,100,70,87,10,13500,20260926,15.8,50,93.7,46.7,23.1,47.3,59.3,98.4,20,0,true,78.2,2.32,above,-11.5,0.37,13020,15250,1.49,60.48,3.91,1.96,4.21,,,,,13187,12864,15250,15875,2.75,اشباع خرید | فاصله زیاد از MA20 | بدون EPS مثبت | سهم صفی: 20 روز از ۲۰ روز در صف (ریسک نقدشوندگی و اجرای حد ضرر) | رشد عمودی (94٪ در ۶۰ روز، 47٪ بالای MA50) | 59٪ بالای MA200 | نقدشوندگی کمتر از ۱۰ میلیارد تومان | واگرایی مثبت RSI | آخرین معامله 20260926 (متوقف یا کم‌معامله)
مادیرا,صنایع مادیران,تولید محصولات کامپیوتری الکترونیکی ونوری,63.2,زیر نظر,100,45,77.7,19,3041,20260928,1.4,4.5,35.8,-11.1,2.6,11.9,13.7,57.3,3,0,false,35,3.52,above,-15.7,0.96,2895,3118,16.51,38.92,1.19,18.61,30.16,252,12.07,7.98,51.2,2934,2842,3118,3189,0.39,واگرایی منفی RSI | واگرایی منفی
پکویر,کویر تایر,لاستیک و پلاستیک,63.2,زیر نظر,78,45,53,70,3510,20260928,-8.1,3.7,25.3,-21.6,-1.2,9.1,16.9,52.4,7,3,false,19.1,3.44,above,-10.5,0.65,3420,3710,20.15,142.18,0.35,-44.12,42.43,544,6.45,8.21,-21.4,3420,3360,3710,3920,1.33,سهم صفی: 7 روز از ۲۰ روز در صف (ریسک نقدشوندگی و اجرای حد ضرر) | توزیع: ورود حقیقی با سرانه خرید ضعیف (0.66 در ۲۰ روز) | سرانه خرید ضعیف (0.35) | صف فروش در ۵ روز اخیر
کپشیر,پشم‌شیشه‌ایران‌,سایر محصولات کانی غیرفلزی,63.1,زیر نظر,100,45,87.5,9,30380,20260928,14.6,35.5,138.8,91.8,13.5,47.4,154.2,81.3,8,0,false,74.6,3.16,above,0,1.06,29450,,56.7,96.13,1.8,38.17,30.06,1532,19.83,12.75,55.5,29450,28970,33260,35180,2.04,اشباع خرید | سهم صفی: 8 روز از ۲۰ روز در صف (ریسک نقدشوندگی و اجرای حد ضرر) | رشد عمودی (139٪ در ۶۰ روز، 47٪ بالای MA50) | توزیع: ورود حقیقی با سرانه خرید ضعیف (0.79 در ۲۰ روز) | 154٪ بالای MA200
تنوین,تامین سرمایه نوین,فعالیتهای کمکی به نهادهای مالی واسط,63.1,زیر نظر,100,55,20.5,68,2822,20260928,0.1,0,80.3,33.4,2.1,19.2,80.8,60.3,3,0,false,35.3,3.45,above,-5.2,0.79,2633,2964,-13.19,-68.91,2.45,-7.99,12.19,605,4.66,5.92,-21.2,2725,2584,2964,3159,0.6,واگرایی منفی RSI | خروج مستمر پول حقیقی | 81٪ بالای MA200 | واگرایی منفی | حد ضرر دور (8.4٪)
حپرتو,پرتو بار فرابر خلیج فارس,حمل ونقل، انبارداری و ارتباطات,63,زیر نظر,100,85,48,16,11410,20260928,14.1,25,79.4,32.4,11.1,35.6,46.7,77.9,7,0,true,49.5,3.17,above,0,0.78,10990,11712,5.82,-2.14,2.24,-5.39,12.49,1121,10.18,7.68,32.5,11048,10809,11712,12436,0.5,سهم صفی: 7 روز از ۲۰ روز در صف (ریسک نقدشوندگی و اجرای حد ضرر) | رشد عمودی (79٪ در ۶۰ روز، 36٪ بالای MA50)
فرآور,فرآوری‌موادمعدنی‌ایران‌,فلزات اساسی,63,زیر نظر,100,40,83,17,7900,20260928,7,45.3,33.1,-13.8,20.1,36.8,48.1,80.8,13,0,true,43.6,2.6,above,-1.9,2.52,7701,,3.09,157.22,3.15,-16.7,29.28,456,17.32,13.48,28.5,7701,7598,8517,8928,2.04,واگرایی منفی RSI | اشباع خرید | فاصله زیاد از MA20 | سهم صفی: 13 روز از ۲۰ روز در صف (ریسک نقدشوندگی و اجرای حد ضرر) | رشد عمودی (33٪ در ۶۰ روز، 37٪ بالای MA50) | واگرایی منفی
بگیلان,توسعه مسیر برق گیلان,عرضه برق، گاز، بخاروآب گرم,62.9,زیر نظر,88,55,78,24,26910,20260928,1.9,3.1,31.1,-15.8,2.8,10.2,49.4,57.3,0,0,false,18.1,3.67,above,-5.2,0.75,26010,27800,5.06,4.11,9.41,18.28,7.39,2382,11.3,10.04,12.5,26010,25516,27800,28390,0.64,واگرایی منفی RSI | واگرایی منفی | نقدشوندگی کمتر از ۱۰ میلیارد تومان
کورز,ورزیران‌,سایر محصولات کانی غیرفلزی,62.9,زیر نظر,100,70,95.5,20,7730,20260928,9.8,46.7,50.5,3.5,17.6,37.3,62.2,91.1,11,0,true,43.6,2.7,above,-2.2,1.7,7100,,4.64,4.68,1.92,1.06,1.26,133,58.12,,,7522,7313,8355,8772,1.5,نقدشوندگی پایین | اشباع خرید | فاصله زیاد از MA20 | سهم صفی: 11 روز از ۲۰ روز در صف (ریسک نقدشوندگی و اجرای حد ضرر) | رشد عمودی (50٪ در ۶۰ روز، 37٪ بالای MA50) | P/E بالا (58) | 62٪ بالای MA200 | نقدشوندگی کمتر از ۱۰ میلیارد تومان
ویسا,سرمایه گذاری ایساتیس پویا,سرمایه گذاریها,62.9,زیر نظر,100,65,87.5,32,5270,20260928,2.3,25.2,56.3,9.4,5.5,26.1,53,66.7,2,0,false,57.4,3.24,above,-7.5,0.83,4118,5700,1.92,2.32,2,2.82,2.26,633,8.33,,,5099,4928,5700,6042,1.26,نقدشوندگی پایین | 53٪ بالای MA200 | نقدشوندگی کمتر از ۱۰ میلیارد تومان
شرانل,نفت ایرانول,فراورده های نفتی، کک و سوخت هسته ای,62.9,زیر نظر,100,53,42,47,107600,20260928,-1.5,13.2,46.1,-0.9,0.4,14.5,89.8,57.4,4,0,false,35.8,3.43,above,-10.9,0.59,99320,120700,6.75,22.16,0.5,-33.71,39.72,13150,8.18,8.12,0.8,103910,98376,120700,128079,1.42,توزیع: ورود حقیقی با سرانه خرید ضعیف (0.57 در ۲۰ روز) | 90٪ بالای MA200 | سرانه خرید ضعیف (0.50) | حد ضرر دور (8.6٪)
فلامی,لامیران‌,ساخت محصولات فلزی,62.8,زیر نظر,100,85,54.3,9,11040,20260928,12.3,30.7,82.2,35.2,13.4,26.4,62.5,76.1,7,0,true,34.3,3.19,above,-0.1,1.13,10840,,1.5,14.44,0.85,-3.63,3.4,586,18.84,7.54,149.9,10840,10664,12098,12803,2.81,سهم صفی: 7 روز از ۲۰ روز در صف (ریسک نقدشوندگی و اجرای حد ضرر) | 62٪ بالای MA200 | نقدشوندگی کمتر از ۱۰ میلیارد تومان
فزر,پویا زرکان آق دره,استخراج کانه های فلزی,62.8,زیر نظر,100,70,71.1,4,330600,20260928,12.4,50.1,166.3,119.3,17.7,51.2,166.6,88.2,7,0,true,78,2.84,above,0,0.85,309800,,841.68,1450.88,1.48,-668.23,807.1,9504,34.79,14.44,140.9,321202,307106,358793,377588,1.2,واگرایی منفی RSI | اشباع خرید | فاصله زیاد از MA20 | سهم صفی: 7 روز از ۲۰ روز در صف (ریسک نقدشوندگی و اجرای حد ضرر) | رشد عمودی (166٪ در ۶۰ روز، 51٪ بالای MA50) | P/E بالا (35) | توزیع: ورود حقیقی با سرانه خرید ضعیف (0.53 در ۲۰ روز) | 167٪ بالای MA200 | واگرایی منفی | حد ضرر دور (7.1٪)
سشرق,سیمان‌ شرق‌,سیمان، آهک و گچ,62.8,زیر نظر,100,55,63,24,25130,20260928,6.3,7.7,33.7,-13.2,1,15.5,66.2,60.8,1,0,false,28.6,3.75,above,-8.5,0.52,22950,27450,8.8,10.31,4.4,-1.07,47.4,3056,8.22,7.14,15.2,24187,22773,27450,29335,0.98,توزیع: ورود حقیقی با سرانه خرید ضعیف (0.63 در ۲۰ روز) | 66٪ بالای MA200 | حد ضرر دور (9.4٪)
فافق,صنایع مس افق کرمان,فلزات اساسی,62.7,زیر نظر,100,65,26.9,52,14770,20260928,-0.6,16.7,68,21.1,1.4,15.1,83.5,59.6,5,0,false,42.6,3.52,above,-10.7,0.78,13860,16540,0.76,-5.58,0.84,-6.73,9.11,2178,6.78,,,14250,13600,16540,17580,1.51,واگرایی منفی RSI | 84٪ بالای MA200 | واگرایی منفی | حد ضرر دور (7.9٪) | نقدشوندگی کمتر از ۱۰ میلیارد تومان
پتوسعه,س. و توسعه صنایع لاستیک,لاستیک و پلاستیک,62.6,زیر نظر,90,55,61.5,37,9500,20260928,4.6,2.8,29.7,-17.2,-0.8,10.2,,56.4,3,0,false,28.3,3.27,above,-9.4,0.31,9167,10480,3.33,-10.5,5.78,11.31,13.26,1012,9.39,9.84,-4.6,9189,9011,10480,11102,2.01,
سخوز,سیمان خوزستان,سیمان، آهک و گچ,62.6,زیر نظر,100,55,26.3,60,100320,20260928,7.1,5.7,13.6,-33.3,1.9,16.2,34.9,58.9,2,0,false,25.4,3.61,above,-6.9,0.83,98280,102761,0.75,-43.43,0.81,-5.27,16.21,15662,6.41,7.14,-10.3,98280,96469,102761,107800,0.63,واگرایی منفی RSI | خروج مستمر پول حقیقی | واگرایی منفی
غشصفا,شیرپاستوریزه‌پگاه‌اصفهان‌,محصولات غذایی و آشامیدنی به جز قند و شکر,62.6,زیر نظر,100,75,10.2,60,26190,20260928,5.9,21,72,25,8.1,23.6,115.5,67.9,6,0,false,43.6,3.26,above,-4.8,0.9,22520,27510,-1.01,-8.53,1.15,-3.05,10.66,3764,6.96,8.53,-18.4,25336,24482,27510,29218,0.77,سهم صفی: 6 روز از ۲۰ روز در صف (ریسک نقدشوندگی و اجرای حد ضرر) | 115٪ بالای MA200
زنگان,صنعت روی زنگان,فلزات اساسی,62.5,زیر نظر,100,70,90,4,9420,20260926,15.6,32.7,84.9,37.9,23.1,38,85.6,87,9,0,true,47.8,2.83,above,0,0.59,7490,,9.24,11.8,5.69,23.38,6.21,403,23.37,8.05,190.4,9153,8887,10220,10753,1.5,اشباع خرید | فاصله زیاد از MA20 | سهم صفی: 9 روز از ۲۰ روز در صف (ریسک نقدشوندگی و اجرای حد ضرر) | رشد عمودی (85٪ در ۶۰ روز، 38٪ بالای MA50) | 86٪ بالای MA200 | نقدشوندگی کمتر از ۱۰ میلیارد تومان | آخرین معامله 20260926 (متوقف یا کم‌معامله)
واتی,سرمایه‌ گذاری‌ آتیه‌ دماوند,سرمایه گذاریها,62.5,زیر نظر,95,53,84.5,9,7430,20260928,9.1,-0.7,44.6,-2.4,3.4,12.4,47.9,58.7,2,0,false,26.6,3.22,above,-6.9,1.55,7080,7660,26.25,39.24,1.79,-23.97,24.99,537,13.84,7.13,94.1,7191,6960,7660,7980,0.49,توزیع: ورود حقیقی با سرانه خرید ضعیف (0.68 در ۲۰ روز)
افق,فروشگاههای زنجیره ای افق کوروش,خرده فروشی،باستثنای وسایل نقلیه موتوری,62.4,زیر نظر,95,55,61.5,30,72960,20260928,5,1.7,29,-17.9,1.5,6.6,83.4,56.5,4,0,false,28.4,3.63,above,-5.9,0.77,69950,75440,21.99,-96.35,3.83,12.78,37.69,5195,14.04,12.78,9.9,70311,68625,75440,77550,0.57,واگرایی منفی RSI | خروج مستمر پول حقیقی | 83٪ بالای MA200 | واگرایی منفی | شناوری کم (12٪)
پسهند,صنایع‌ لاستیکی‌  سهند,لاستیک و پلاستیک,62.4,زیر نظر,100,53,68.1,19,23900,20260928,3.1,4.2,45.1,-1.9,4,16,26.7,60.9,1,1,false,30.9,3.56,above,-14.1,1.08,23500,24580,7.82,13.09,1.38,-0.79,6.3,1468,16.28,8.21,98.3,23500,23075,24580,26352,0.82,توزیع: ورود حقیقی با سرانه خرید ضعیف (0.87 در ۲۰ روز) | نقدشوندگی کمتر از ۱۰ میلیارد تومان | صف فروش در ۵ روز اخیر
غمهرا,تولیدی‌مهرام‌,محصولات غذایی و آشامیدنی به جز قند و شکر,62.3,زیر نظر,100,65,40.3,37,20760,20260928,-2.2,16.3,48.3,1.4,5.5,12.6,83.6,61,5,0,false,30.9,3.5,above,-8.3,1,18850,22640,-17.43,80.87,1.25,-35.24,22.53,2564,8.1,8.53,-5.1,20034,18946,22640,24091,1.04,توزیع: ورود حقیقی با سرانه خرید ضعیف (0.71 در ۲۰ روز) | 84٪ بالای MA200 | حد ضرر دور (8.7٪)
والماس,س. الماس حکمت ایرانیان,سرمایه گذاریها,62.3,زیر نظر,100,65,17,60,2848,20260928,-7.1,28.9,71.9,25,7.2,22.7,73.2,64.2,10,2,false,55.3,3.27,above,-9.1,0.99,2135,3132,-20.93,6.47,0.37,-23.26,10.68,462,6.16,8.73,-29.4,2755,2662,3132,3318,1.52,سهم صفی: 10 روز از ۲۰ روز در صف (ریسک نقدشوندگی و اجرای حد ضرر) | 73٪ بالای MA200 | سرانه خرید ضعیف (0.37) | صف فروش در ۵ روز اخیر
زپارس,ملی کشت و صنعت و دامپروری پارس,زراعت و خدمات وابسته,62.2,زیر نظر,100,63,62.5,16,41600,20260928,8,3.1,38.4,-8.5,5.4,20,66.6,63.1,5,0,false,28.8,3.34,above,-3.8,0.42,40770,43190,1.8,-14.79,4.33,0.94,9.46,4640,8.97,6.33,41.6,40770,40075,43190,45970,1.04,واگرایی منفی RSI | خروج مستمر پول حقیقی | 67٪ بالای MA200 | واگرایی منفی | نقدشوندگی کمتر از ۱۰ میلیارد تومان | شناوری کم (13٪)
بپویا,دانش محور پویا نیرو,ماشین آلات و دستگاه‌های برقی,62.2,زیر نظر,68,45,87,44,5940,20260928,-0.5,5.1,-3,-49.9,-1.2,4.1,0.3,50.7,2,1,false,18.5,3.62,above,-18.2,0.49,5740,6074,2.86,20.46,1.88,8.42,11.9,752,7.9,6.15,28.4,5740,5633,6074,6284,0.44,شناوری کم (7٪) | صف فروش در ۵ روز اخیر
فولاد,فولاد مبارکه اصفهان,فلزات اساسی,62.1,زیر نظر,100,55,12.5,72,3420,20260928,4,23.4,7.7,-39.2,11.7,25.2,42.8,72.2,3,0,true,48.5,3.14,above,0,0.63,3240,,-314.71,-19,1.24,-329.63,1171.16,518,6.6,13.48,-51,3313,3186,3742,3956,1.37,
مفاخر,توسعه فناوری اطلاعات خوارزمی,رایانه و فعالیت‌های وابسته به آن,62,زیر نظر,100,75,84,4,14400,20260927,2.3,38.1,109.3,62.3,13.7,31.8,84.7,77.9,8,0,true,63.4,3.37,above,-3.3,1.26,10870,14890,0.51,9.87,1.44,8.46,12.91,574,25.09,8.89,182.2,13915,13430,14890,15860,0.51,سهم صفی: 8 روز از ۲۰ روز در صف (ریسک نقدشوندگی و اجرای حد ضرر) | رشد عمودی (109٪ در ۶۰ روز، 32٪ بالای MA50) | 85٪ بالای MA200 | آخرین معامله 20260927 (متوقف یا کم‌معامله)
اتکای,بیمه اتکایی ایرانیان,بیمه وصندوق بازنشستگی به جزتامین اجتماعی,61.9,زیر نظر,100,60,7.7,72,3400,20260928,5.9,19.3,85.6,38.6,12.5,37.8,90.3,85.6,0,0,true,71.2,3.36,above,-1.7,0.45,2936,,-14.66,-26.12,1.01,-8.23,13.08,612,5.56,18.13,-69.4,3286,3171,3743,3972,1.5,اشباع خرید | خروج مستمر پول حقیقی | رشد عمودی (86٪ در ۶۰ روز، 38٪ بالای MA50) | 90٪ بالای MA200
سیتا,سرمایه گذاری سیمان تامین,سیمان، آهک و گچ,61.9,زیر نظر,100,45,44.5,47,30450,20260928,2,10.2,19.3,-27.7,3.8,11.3,60.7,58.9,6,0,false,22.5,3.19,above,-6.7,0.97,29872,32640,-9.16,19.13,1.32,1.85,32.11,4273,7.13,7.14,-0.2,29872,29387,32640,34581,2.06,سهم صفی: 6 روز از ۲۰ روز در صف (ریسک نقدشوندگی و اجرای حد ضرر) | 61٪ بالای MA200 | شناوری کم (10٪)
دجابر,داروسازی‌ جابرابن‌حیان‌,مواد و محصولات دارویی,61.9,زیر نظر,100,60,62.5,17,52190,20260928,15.9,7.8,270.7,223.7,12.3,39.6,205.4,77,5,0,false,65.2,3.11,above,0,0.23,49510,,34.32,-188.61,4.85,48.89,56.76,3483,14.98,12.91,16.1,50568,48699,57056,60300,1.39,خروج مستمر پول حقیقی | رشد عمودی (271٪ در ۶۰ روز، 40٪ بالای MA50) | 205٪ بالای MA200 | واگرایی مثبت RSI
شسینا,صنایع‌شیمیایی‌سینا,محصولات شیمیایی,61.9,زیر نظر,100,45,21.5,70,4170,20260928,-1.4,6.4,25.3,-21.7,0.1,14.1,51.7,56.5,2,0,false,39.9,3.3,above,-12.2,0.83,4030,4750,-1.51,-4.94,1.79,-2.28,6.18,523,7.97,9.63,-17.2,4032,3961,4750,5025,2.78,52٪ بالای MA200 | نقدشوندگی کمتر از ۱۰ میلیارد تومان
ملت,بیمه ملت,بیمه وصندوق بازنشستگی به جزتامین اجتماعی,61.9,زیر نظر,100,70,62.5,9,5850,20260928,15.6,62.5,134.8,87.8,27.4,66.6,83.4,97.7,8,0,true,84,2.45,above,0,0.56,4126,,3.9,-11.19,9.74,10.11,4.56,417,14.03,4.59,205.6,5707,5563,6280,6567,1.5,اشباع خرید | فاصله زیاد از MA20 | خروج مستمر پول حقیقی | سهم صفی: 8 روز از ۲۰ روز در صف (ریسک نقدشوندگی و اجرای حد ضرر) | رشد عمودی (135٪ در ۶۰ روز، 67٪ بالای MA50) | 83٪ بالای MA200 | نقدشوندگی کمتر از ۱۰ میلیارد تومان
کتوسعه,توسعه صنایع و معادن کوثر,استخراج سایر معادن,61.9,زیر نظر,85,75,61.5,24,19900,20260928,5.5,0.8,48.9,1.9,-1.3,15.2,52.4,57.9,2,0,false,52.9,3.57,above,-9.5,0.93,18310,22000,1.85,-9.31,9.02,10.58,3.2,1794,11.09,9.57,15.9,19189,18124,22000,23421,1.18,خروج مستمر پول حقیقی | 52٪ بالای MA200 | حد ضرر دور (8.9٪) | نقدشوندگی کمتر از ۱۰ میلیارد تومان
بوعلی,پتروشیمی بوعلی سینا,محصولات شیمیایی,61.6,زیر نظر,100,60,18.3,60,63110,20260928,9.2,45.2,139.4,92.5,15.5,47.7,91.6,83.3,6,0,true,70,2.94,above,0,0.86,60000,,-86.47,-119.73,1.45,-5.64,124.29,8261,7.64,9.63,-20.7,61253,59072,68680,72393,1.38,اشباع خرید | فاصله زیاد از MA20 | سهم صفی: 6 روز از ۲۰ روز در صف (ریسک نقدشوندگی و اجرای حد ضرر) | رشد عمودی (139٪ در ۶۰ روز، 48٪ بالای MA50) | 92٪ بالای MA200 | شناوری کم (8٪)
قچار,فراوردههای غذایی وقند چهارمحال,قند و شکر,61.3,زیر نظر,100,50,48.4,37,5720,20260928,1.4,13.1,72.5,25.6,7,22.4,86,70.9,2,0,false,63.1,3.67,above,-2.7,0.84,5450,5850,1.21,3.67,1.01,-12.32,36.44,655,8.73,9.57,-8.7,5510,5345,5850,6270,0.35,توزیع: ورود حقیقی با سرانه خرید ضعیف (0.80 در ۲۰ روز) | 86٪ بالای MA200
خاور,ایران خودرو دیزل,خودرو و ساخت قطعات,61.3,زیر نظر,85,45,88,19,1547,20260928,2.7,-8.1,7.8,-39.1,-2.3,6.8,27.6,52.1,1,0,false,25.2,3.93,above,-12.9,0.84,1477,1567,92.57,138.7,1.83,34.09,72.36,91,17,5.87,189.6,1486,1447,1567,1722,0.2,توزیع: ورود حقیقی با سرانه خرید ضعیف (0.76 در ۲۰ روز)
زکوثر,سرمایه گذاری کشاورزی کوثر,زراعت و خدمات وابسته,61.3,زیر نظر,95,75,62,9,90110,20260928,15.4,8.8,137.5,90.5,6.8,23,106.3,69.8,4,0,false,41,3.31,above,-0.5,0.06,83360,,1.78,-120.89,19.51,6.95,23.55,6364,14.16,6.33,123.7,87126,82651,99061,105028,1.2,واگرایی منفی RSI | خروج مستمر پول حقیقی | رشد عمودی (138٪ در ۶۰ روز، 23٪ بالای MA50) | 106٪ بالای MA200 | واگرایی منفی | حد ضرر دور (8.3٪)
خمحرکه,نیرو محرکه‌,خودرو و ساخت قطعات,61.1,زیر نظر,100,55,60.5,20,6140,20260928,2.5,1.3,19.5,-27.4,0.4,13.5,41.6,56.7,2,0,false,32.6,3.74,above,-8.9,0.76,5700,6260,1.2,1.98,2.73,-1.36,13.36,130,47.23,,,5911,5585,6260,6380,0.22,واگرایی منفی RSI | P/E بالا (47) | واگرایی منفی | حد ضرر دور (9.0٪)
ثجوان,تامین مسکن جوانان,انبوه سازی، املاک و مستغلات,61,زیر نظر,100,70,43.2,25,2341,20260928,2,12.2,34.4,-12.6,7.6,20.7,47.5,64.6,2,0,true,39.4,3.6,above,-5.4,1.42,2239,,-0.44,-4.59,1.49,2.94,3.03,167,14.02,,,2257,2197,2594,2762,1.76,خروج مستمر پول حقیقی | نقدشوندگی کمتر از ۱۰ میلیارد تومان
دزهراوی,داروسازی‌زهراوی‌,مواد و محصولات دارویی,61,زیر نظر,100,75,14.1,50,4960,20260928,12.2,11.5,102.8,55.8,7.7,16.1,117,65.8,1,0,false,41,3.4,above,-1,1.23,4735,5010,-17.36,-48,0.92,-12.62,21.8,492,10.08,12.91,-21.9,4791,4651,5010,5347,0.16,خروج مستمر پول حقیقی | رشد عمودی (103٪ در ۶۰ روز، 16٪ بالای MA50) | 117٪ بالای MA200
شمواد,تولید مواداولیه الیاف مصنوعی,محصولات شیمیایی,61,زیر نظر,100,70,36,32,14230,20260928,11,30.7,97.6,50.7,15.8,37,182.7,81.1,8,0,true,54.4,3.08,above,0,0.54,13370,,-1.07,-116.64,5.43,15.86,24.17,1509,9.43,,,13791,13151,15546,16423,1.22,اشباع خرید | فاصله زیاد از MA20 | خروج مستمر پول حقیقی | سهم صفی: 8 روز از ۲۰ روز در صف (ریسک نقدشوندگی و اجرای حد ضرر) | رشد عمودی (98٪ در ۶۰ روز، 37٪ بالای MA50) | 183٪ بالای MA200 | حد ضرر دور (7.6٪)
کگاز,شیشه‌ و گاز,سایر محصولات کانی غیرفلزی,61,زیر نظر,100,45,28,60,51150,20260928,-9.2,14.6,30.3,-16.7,1.8,17.6,56,57.1,5,1,false,43.7,3.53,above,-11.8,0.73,47264,57980,-0.35,112.42,0.42,-32.45,18.32,5055,10.12,12.75,-20.6,49342,46631,57980,61595,1.51,توزیع: ورود حقیقی با سرانه خرید ضعیف (0.61 در ۲۰ روز) | 56٪ بالای MA200 | سرانه خرید ضعیف (0.42) | حد ضرر دور (8.8٪) | صف فروش در ۵ روز اخیر
زگلدشت,کشت و دام گلدشت نمونه اصفهان,زراعت و خدمات وابسته,61,زیر نظر,95,55,62,24,10990,20260928,9.1,1.7,26.1,-20.8,4.8,9.8,75.8,61.7,2,0,false,24.9,3.61,above,-3,1.08,10720,11265,29.16,-9.08,4.6,24.38,16.99,1225,8.97,8.07,11.2,10720,10522,11265,12058,0.59,76٪ بالای MA200
دامین,داروسازی‌ امین‌,مواد و محصولات دارویی,61,زیر نظر,95,88,55.5,4,16690,20260928,14.8,13.1,45.8,-1.2,10.4,13.6,54.2,67.2,3,0,true,24.9,3.33,above,-2.9,1.09,16140,17190,28.43,-14.5,1.26,14.47,31.64,378,44.15,12.91,242,16140,15862,17190,18303,0.6,P/E بالا (44) | 54٪ بالای MA200
سقاین,سیمان‌ قائن‌,سیمان، آهک و گچ,60.8,زیر نظر,100,75,39.3,24,33690,20260928,7.4,25,111.2,64.3,6.7,29.6,147.3,68.5,6,0,false,50.7,3.14,above,-6.7,0.75,25695,36090,6.93,-36.03,1.27,-1.1,17.48,3814,8.83,7.14,23.7,32634,31577,36090,38203,1.14,خروج مستمر پول حقیقی | سهم صفی: 6 روز از ۲۰ روز در صف (ریسک نقدشوندگی و اجرای حد ضرر) | رشد عمودی (111٪ در ۶۰ روز، 30٪ بالای MA50) | 147٪ بالای MA200 | شناوری کم (12٪)
غزر,صنعتی زر ماکارون,محصولات غذایی و آشامیدنی به جز قند و شکر,60.8,زیر نظر,100,65,34.3,37,5090,20260928,3.2,20.6,58.3,11.3,6.6,28.3,109.6,66.4,5,0,false,54.8,2.93,above,-5.2,1,4790,5370,-17.26,-83.86,1.47,63.5,76.74,620,8.21,8.53,-3.8,4941,4717,5370,5668,0.75,واگرایی منفی RSI | خروج مستمر پول حقیقی | 110٪ بالای MA200 | واگرایی منفی | حد ضرر دور (7.3٪)
فروژ,صنایع فروآلیاژ ایران,فلزات اساسی,60.8,زیر نظر,100,70,63,4,2144,20260928,15.8,55.8,129.6,82.6,28.4,61.5,110.4,95.5,12,0,true,75,2.53,above,0,0.23,1426,,6.96,-20.71,15.6,12.11,9.41,46,46.61,8.05,479,2090,2035,2307,2415,1.5,اشباع خرید | فاصله زیاد از MA20 | خروج مستمر پول حقیقی | سهم صفی: 12 روز از ۲۰ روز در صف (ریسک نقدشوندگی و اجرای حد ضرر) | رشد عمودی (130٪ در ۶۰ روز، 62٪ بالای MA50) | P/E بالا (47) | 110٪ بالای MA200 | نقدشوندگی کمتر از ۱۰ میلیارد تومان
وآفر,سرمایه گذاری ارزش آفرینان,سرمایه گذاریها,60.7,زیر نظر,100,80,69,30,12690,20260928,8.6,13.1,13.6,-33.4,5.6,18.2,18.8,66.6,1,0,true,46.5,3.51,above,-20.7,1.48,12463,16000,0.75,0.83,1.46,-1.36,2.57,369,34.39,,,12463,12240,16000,16892,7.36,نقدشوندگی پایین | P/E بالا (34) | نقدشوندگی کمتر از ۱۰ میلیارد تومان
خگستر,گسترش‌سرمایه‌گذاری‌ایران‌خودرو,خودرو و ساخت قطعات,60.7,زیر نظر,90,45,69,30,3930,20260928,-0.8,-2.7,18.2,-28.8,-4.1,9.1,31.9,50.5,2,0,false,32.3,3.76,above,-12.5,1.07,3842,4076,21.82,56.86,1.28,58.19,193.51,88,44.66,,,3842,3768,4076,4170,0.9,واگرایی منفی RSI | P/E بالا (45) | توزیع: ورود حقیقی با سرانه خرید ضعیف (0.86 در ۲۰ روز) | واگرایی منفی
فسازان,غلتک سازان سپاهان,فلزات اساسی,60.6,زیر نظر,90,65,0.5,82,13700,20260928,-2.6,11,85.4,38.4,-0.6,16.3,137,56.8,6,1,false,52.6,3.26,above,-14.2,0.91,11580,15960,-23.29,-118.27,0.79,-23.13,42.84,2578,5.31,13.48,-60.6,13254,12807,15960,16853,2.53,خروج مستمر پول حقیقی | سهم صفی: 6 روز از ۲۰ روز در صف (ریسک نقدشوندگی و اجرای حد ضرر) | 137٪ بالای MA200 | سرانه خرید ضعیف (0.79) | صف فروش در ۵ روز اخیر
فهامون,آلیاژ گستر هامون,فلزات اساسی,60.6,زیر نظر,90,45,51.5,47,4840,20260928,-5.3,0.6,9.4,-37.6,-2.1,6.5,,50.2,4,1,false,30.1,3.68,above,-12.6,1.01,4720,4961,-16.15,9.48,1.65,35.89,24.09,596,8.12,8.05,0.9,4720,4631,4961,5234,0.58,صف فروش در ۵ روز اخیر
غپاک,لبنیات‌ پاک‌,محصولات غذایی و آشامیدنی به جز قند و شکر,60.6,زیر نظر,100,45,72.5,14,2275,20260928,1.6,20.7,21.3,-25.7,2.7,19.6,56.5,62.5,10,0,false,37.6,3.64,above,-10.8,0.84,1968,2550,7.32,43.54,8.17,-10.49,13.86,97,23.45,8.53,175,2192,2109,2550,2716,1.66,سهم صفی: 10 روز از ۲۰ روز در صف (ریسک نقدشوندگی و اجرای حد ضرر) | توزیع: ورود حقیقی با سرانه خرید ضعیف (0.77 در ۲۰ روز) | 56٪ بالای MA200 | حد ضرر دور (7.3٪)
شنفت,نفت‌ پارس‌,فراورده های نفتی، کک و سوخت هسته ای,60.6,زیر نظر,100,75,28.2,34,17750,20260928,7.3,19.6,62.8,15.8,7.9,26.5,79.4,69.2,2,0,false,45,2.97,above,-1.1,0.79,16050,17950,28.13,-0.41,0.81,-29.2,33.23,2291,7.75,6.26,23.8,17223,16696,17950,19004,0.19,واگرایی منفی RSI | 79٪ بالای MA200 | واگرایی منفی | شناوری کم (12٪)
ولراز,لیزینگ رازی,سایر واسطه گریهای مالی,60.5,زیر نظر,100,70,61,25,6220,20260923,15.2,63.7,227.9,180.9,26.9,66.8,153.5,97.5,11,0,true,83.3,2.51,above,0,0.36,2771,,-0.32,12.36,4.1,3.8,4.39,322,19.32,,,6064,5908,6688,7000,1.5,اشباع خرید | فاصله زیاد از MA20 | سهم صفی: 11 روز از ۲۰ روز در صف (ریسک نقدشوندگی و اجرای حد ضرر) | رشد عمودی (228٪ در ۶۰ روز، 67٪ بالای MA50) | 153٪ بالای MA200 | نقدشوندگی کمتر از ۱۰ میلیارد تومان | آخرین معامله 20260923 (متوقف یا کم‌معامله)
زشریف,کشت وصنعت شریف آباد,زراعت و خدمات وابسته,60.4,زیر نظر,100,55,40.6,37,19240,20260928,8.2,3.1,32,-15,4.9,13.4,76.2,60.9,4,0,false,26.8,3.6,above,-5.2,0.74,17357,20300,0.54,-43.6,1.38,-2.25,11.34,2402,8.01,8.07,-0.7,18547,17507,20300,21687,0.61,واگرایی منفی RSI | خروج مستمر پول حقیقی | 76٪ بالای MA200 | واگرایی منفی | حد ضرر دور (9.0٪)
بخاور,بیمه زندگی خاورمیانه,بیمه وصندوق بازنشستگی به جزتامین اجتماعی,60.4,زیر نظر,100,63,49.1,62,7040,20260928,5.1,11.4,40.6,-6.3,6.9,15.1,68.4,69.3,3,0,false,33,2.8,above,0,0.95,6570,,2.45,-13.74,1.08,1.03,2.91,813,8.66,18.13,-52.2,6843,6548,7631,8025,1.2,نقدشوندگی پایین | خروج مستمر پول حقیقی | 68٪ بالای MA200 | نقدشوندگی کمتر از ۱۰ میلیارد تومان
غناب,روغن‌ نباتی‌ ناب,محصولات غذایی و آشامیدنی به جز قند و شکر,60.3,زیر نظر,100,63,50.9,20,1226,20260928,9,1.1,41.7,-5.2,5.6,18.6,46.6,63.7,2,0,false,22.7,3.58,above,-2.2,0.65,1098,1253,0.1,-8.84,1.13,2.67,7.34,41,29.9,,,1182,1116,1253,1340,0.24,واگرایی منفی RSI | خروج مستمر پول حقیقی | واگرایی منفی | حد ضرر دور (9.0٪) | نقدشوندگی کمتر از ۱۰ میلیارد تومان
کسرام,پارس‌ سرام‌,سایر محصولات کانی غیرفلزی,60.3,زیر نظر,100,73,58.6,4,15130,20260928,15.4,18.4,45.5,-1.5,9.6,22,61.5,70.2,2,0,true,36.1,3.36,above,0,0.91,12980,,9.56,-21.46,1.44,12.45,9.59,697,21.71,12.75,70.3,14622,14114,16654,17670,1.5,خروج مستمر پول حقیقی | 62٪ بالای MA200 | نقدشوندگی کمتر از ۱۰ میلیارد تومان
پیزد,مجتمع صنایع لاستیک یزد,لاستیک و پلاستیک,60.3,زیر نظر,100,50,21,60,12340,20260928,0.8,44.7,214.2,167.2,11.7,53.9,168.6,79.5,11,0,false,79.6,2.84,above,-2.2,0.97,5138,12620,-96.53,-180.03,3.27,-83.53,59.11,1599,7.72,9.84,-21.6,11990,11639,12620,13321,0.4,اشباع خرید | خروج مستمر پول حقیقی | سهم صفی: 11 روز از ۲۰ روز در صف (ریسک نقدشوندگی و اجرای حد ضرر) | رشد عمودی (214٪ در ۶۰ روز، 54٪ بالای MA50) | 169٪ بالای MA200
سامان,بانک سامان,بانکها و موسسات اعتباری,60.3,زیر نظر,100,60,1,72,8920,20260928,5.9,4.8,58.9,12,6.1,15,114.2,70.6,1,0,false,45.2,2.75,above,-0.1,0.77,8747,,-112.11,-829.77,0.53,-121.69,89.57,1396,6.39,12.04,-46.9,8747,8624,9656,10147,2.49,خروج مستمر پول حقیقی | 114٪ بالای MA200 | سرانه خرید ضعیف (0.53)
شیراز,پتروشیمی‌شیراز,محصولات شیمیایی,60.3,زیر نظر,90,45,27,70,69310,20260928,-4,3.6,-5.3,-52.3,-2,5,39,50.7,0,0,false,24.5,4.02,above,-16.1,0.7,68464,71020,-3.95,81.41,0.75,-38.86,68.3,9681,7.16,9.63,-25.7,68464,67070,71020,75580,0.76,توزیع: ورود حقیقی با سرانه خرید ضعیف (0.80 در ۲۰ روز) | 183٪ بالای کف ۵۲ هفته | سرانه خرید ضعیف (0.75) | شناوری کم (12٪)
شیفته,کشت و صنعت شیفته آرای شرق,محصولات غذایی و آشامیدنی به جز قند و شکر,60.3,زیر نظر,85,75,63,16,15000,20260928,5.6,15.9,47.9,0.9,6.6,17.4,,66,3,0,false,45.7,3.26,,-0.7,0.61,14045,,3.28,-11.79,8.95,45.9,20.09,1559,9.62,7.05,36.5,14511,13800,16467,17445,1.22,حد ضرر دور (8.0٪)
گکیش,توریستی ورفاهی آبادگران کیش,هتل و رستوران,60.3,زیر نظر,100,65,89,20,10160,20260928,-0.3,4.8,54,7,4.8,10.5,33.7,60.3,3,0,false,22.7,4.18,above,-5.8,0.96,9293,10581,2.26,6.87,2.19,3.34,1.71,60,169.33,,,9735,9098,10581,10787,0.4,نقدشوندگی پایین | P/E بالا (169) | حد ضرر دور (10.5٪) | نقدشوندگی کمتر از ۱۰ میلیارد تومان
اعتلا,شرکت سرمایه گذاری اعتلاء البرز,سرمایه گذاریها,60.2,زیر نظر,90,45,36.9,60,2323,20260928,-1.5,0.3,35.5,-11.4,-1.6,6.9,40.6,51.5,0,0,false,28.6,3.49,above,-9.2,0.62,2232,2358,-1.02,3.92,0.98,0.55,3.93,377,6.16,8.73,-29.4,2242,2192,2358,2396,0.27,نقدشوندگی کمتر از ۱۰ میلیارد تومان
سدبیر,س. تدبیرگران فارس وخوزستان,سرمایه گذاریها,60.2,زیر نظر,95,53,2.5,82,39490,20260928,0.1,-2,37.3,-9.7,1,11.1,14.6,56.7,0,0,false,33.1,3.85,above,-19.9,0.59,38461,40263,-3.47,-3.94,0.7,-8.98,10.15,7407,5.33,8.73,-38.9,38461,37701,40263,41768,0.43,واگرایی منفی RSI | سرانه خرید ضعیف (0.70) | واگرایی منفی
تفارس,تامین سرمایه خلیج فارس,فعالیتهای کمکی به نهادهای مالی واسط,60.2,زیر نظر,90,65,8.8,72,1849,20260928,5.1,-6.6,119.2,72.3,-2,24.8,92.5,59.8,1,0,false,42.8,3.71,above,-9.3,0.23,1715,2035,-2.23,-0.69,1.05,-2.15,11.83,329,5.62,9.46,-40.6,1780,1681,2035,2172,1.1,رشد عمودی (119٪ در ۶۰ روز، 25٪ بالای MA50) | 92٪ بالای MA200 | حد ضرر دور (9.1٪)
سصوفی,سیمان‌ صوفیان‌,سیمان، آهک و گچ,60.2,زیر نظر,83,55,27,70,169900,20260928,2.7,1,-4.9,-51.9,0.4,3.1,28.5,53.2,2,0,false,14.5,3.51,above,-11,0.63,161300,176400,-23.24,108.67,0.64,-55.36,57.87,30922,5.49,7.14,-23,163936,158318,176400,181000,0.56,واگرایی منفی RSI | بدون روند (ADX پایین) | توزیع: ورود حقیقی با سرانه خرید ضعیف (0.66 در ۲۰ روز) | سرانه خرید ضعیف (0.64) | واگرایی منفی
چکاپا,گروه صنایع کاغذ پارس,محصولات کاغذی,60.1,زیر نظر,100,60,62.5,10,2299,20260928,7.1,41.3,72,25,17.9,40,76.6,81.2,4,0,true,60.4,2.93,above,-2,1.25,1699,,-9.64,0.5,3.68,29.68,32.45,,,16.48,,2232,2164,2501,2636,1.5,اشباع خرید | فاصله زیاد از MA20 | بدون EPS مثبت | رشد عمودی (72٪ در ۶۰ روز، 40٪ بالای MA50) | 77٪ بالای MA200
فالوم,آلومتک,فلزات اساسی,60.1,زیر نظر,90,48,84,10,1540,20260928,6,49.1,39.3,-7.6,19.3,38.5,35.1,82.1,13,1,true,44.3,2.58,above,-22.5,1.53,1433,1848,8.66,23.8,2.53,-25.69,10.35,,,8.05,,1500,1441,1848,1988,3.1,اشباع خرید | فاصله زیاد از MA20 | بدون EPS مثبت | سهم صفی: 13 روز از ۲۰ روز در صف (ریسک نقدشوندگی و اجرای حد ضرر) | رشد عمودی (39٪ در ۶۰ روز، 38٪ بالای MA50) | توزیع: ورود حقیقی با سرانه خرید ضعیف (0.78 در ۲۰ روز) | صف فروش در ۵ روز اخیر
والبر,سرمایه‌ گذاری‌ البرز(هلدینگ‌,مواد و محصولات دارویی,60,زیر نظر,95,45,81,9,3970,20260928,9.7,-1.2,24.9,-22,3.7,10.9,56.6,60.2,3,0,false,21.6,3.43,above,-6.4,0.99,3860,4090,58.76,43.37,1.34,28.02,43.04,201,19.75,12.91,53,3860,3792,4090,4240,0.67,توزیع: ورود حقیقی با سرانه خرید ضعیف (0.74 در ۲۰ روز) | 57٪ بالای MA200
ونیکی,سرمایه‌گذاری‌ ملی‌ایران‌,شرکتهای چند رشته ای صنعتی,60,زیر نظر,100,53,27.5,50,5650,20260928,-1.6,26.1,42.6,-4.4,9.4,29.1,63.7,69.6,9,0,false,49.2,3.04,above,-3.7,0.86,4745,5870,-0.22,63.29,0.38,-81.38,35.15,692,8.16,10.88,-25,5478,5307,5870,6213,0.64,سهم صفی: 9 روز از ۲۰ روز در صف (ریسک نقدشوندگی و اجرای حد ضرر) | توزیع: ورود حقیقی با سرانه خرید ضعیف (0.57 در ۲۰ روز) | 64٪ بالای MA200 | سرانه خرید ضعیف (0.38) | شناوری کم (13٪)
انتخاب,گروه انتخاب الکترونیک آرمان,ماشین آلات و تجهیزات,59.9,زیر نظر,100,75,22.6,37,2490,20260928,8.7,19.8,93.8,46.8,4.2,29.8,103.9,68.3,4,0,false,62.5,3.2,above,-5.5,0.64,2287,2635,-36.48,-11.96,1.08,9.81,62.63,271,9.19,9.66,-4.9,2410,2291,2635,2794,0.73,104٪ بالای MA200 | حد ضرر دور (8.0٪)
فسوژ,سوژمیران,فلزات اساسی,59.9,زیر نظر,100,60,47.5,24,25360,20260928,8.7,33.4,172,125,9,48,215.9,79.5,10,0,false,79.2,3.21,above,-2.2,1.06,10167,25920,43.61,-107.34,3.22,-147.1,103.19,2590,9.79,8.05,21.6,24547,23734,25920,27546,0.34,اشباع خرید | خروج مستمر پول حقیقی | سهم صفی: 10 روز از ۲۰ روز در صف (ریسک نقدشوندگی و اجرای حد ضرر) | رشد عمودی (172٪ در ۶۰ روز، 48٪ بالای MA50) | 216٪ بالای MA200
دتولید,داروسازی تولید دارو,مواد و محصولات دارویی,59.9,زیر نظر,100,60,62.5,9,8190,20260928,15.5,26.4,150,103,9.5,41.8,152,75.3,10,0,false,69,2.77,above,-1.7,0.29,7080,8330,22.32,-70.78,9.34,33.43,39.57,475,17.24,8.86,94.6,7963,7736,8330,8784,0.31,خروج مستمر پول حقیقی | سهم صفی: 10 روز از ۲۰ روز در صف (ریسک نقدشوندگی و اجرای حد ضرر) | رشد عمودی (150٪ در ۶۰ روز، 42٪ بالای MA50) | 152٪ بالای MA200
وآوا,سرمایه گذاری آوا نوین,سرمایه گذاریها,59.9,زیر نظر,100,50,53.5,26,4410,20260928,-7.7,37.9,106.9,59.9,6.3,43.1,103.9,70.8,14,3,false,75.6,2.99,above,-10.4,0.91,2668,4920,4.18,34.58,0.44,-11.19,11.37,370,11.92,8.73,36.5,4278,4146,4920,5184,1.93,سهم صفی: 14 روز از ۲۰ روز در صف (ریسک نقدشوندگی و اجرای حد ضرر) | رشد عمودی (107٪ در ۶۰ روز، 43٪ بالای MA50) | 104٪ بالای MA200 | سرانه خرید ضعیف (0.44) | صف فروش در ۵ روز اخیر
آباد,توریستی ورفاهی آبادگران ایران,هتل و رستوران,59.8,زیر نظر,90,55,42.3,45,981,20260928,2.1,8.6,28.5,-18.4,-2.1,15.9,18.1,56.7,7,0,false,32.5,3.67,above,-26.9,0.53,943,1014,0.7,6.23,0.85,-3.49,9.68,3,327,307,6.5,945,925,1014,1055,0.58,سهم صفی: 7 روز از ۲۰ روز در صف (ریسک نقدشوندگی و اجرای حد ضرر) | P/E بالا (327) | توزیع: ورود حقیقی با سرانه خرید ضعیف (0.79 در ۲۰ روز) | نقدشوندگی کمتر از ۱۰ میلیارد تومان
حسیر,ریل سیر کوثر,حمل ونقل، انبارداری و ارتباطات,59.8,زیر نظر,100,75,43,16,8120,20260928,3.3,19.9,68.5,21.6,8.4,26.9,83.6,71.9,1,0,true,61.2,3.39,above,-3.8,1.19,7360,,3.02,8.21,0.61,-30.79,17.71,758,10.71,7.68,39.5,7845,7433,8945,9495,1.2,واگرایی منفی RSI | توزیع: ورود حقیقی با سرانه خرید ضعیف (0.76 در ۲۰ روز) | 84٪ بالای MA200 | سرانه خرید ضعیف (0.61) | واگرایی منفی | حد ضرر دور (8.5٪)
بکابل,سیم و کابل ابهر,ماشین آلات و دستگاه‌های برقی,59.8,زیر نظر,85,35,52,57,5780,20260928,-0.9,-3.2,27.3,-19.6,-0.2,8.1,29.6,53,2,0,false,24.2,3.75,above,-10.7,0.65,5466,5850,3.21,48.23,0.62,-15.46,15.61,1041,5.55,5.95,-6.7,5563,5358,5850,6240,0.17,توزیع: ورود حقیقی با سرانه خرید ضعیف (0.70 در ۲۰ روز) | سرانه خرید ضعیف (0.62) | حد ضرر دور (7.3٪)
کحافظ,کاشی‌ وسرامیک‌ حافظ‌,کاشی و سرامیک,59.7,زیر نظر,90,63,10.5,70,2544,20260928,0.2,1.4,42.2,-4.7,-1.4,11.4,59.1,54.3,3,0,false,36.3,3.73,above,-11.5,0.75,2393,2586,-8.23,-30.86,1.16,-20.52,19.27,388,6.56,7.65,-14.3,2449,2346,2586,2875,0.21,واگرایی منفی RSI | خروج مستمر پول حقیقی | 59٪ بالای MA200 | واگرایی منفی | حد ضرر دور (7.8٪)
امید,تامین سرمایه امید,فعالیتهای کمکی به نهادهای مالی واسط,59.6,زیر نظر,85,45,62.5,78,3650,20260928,4.9,-5.2,20.6,-26.4,-0.3,3.6,24.1,53.1,2,0,false,27.3,2.7,above,-10.1,0.71,3398,3880,5.98,-2.37,5.16,6.07,2.7,755,4.83,5.92,-18.3,3551,3404,3880,4060,0.93,نقدشوندگی پایین | نقدشوندگی کمتر از ۱۰ میلیارد تومان | شناوری کم (2٪)
سفاسی,شرکت فارسیت اهواز,سایر محصولات کانی غیرفلزی,59.6,زیر نظر,100,60,85.5,25,5000,20260928,5.7,8.7,108.2,61.2,3.8,18.5,62.3,70.5,3,0,false,51.4,3.91,above,-3.1,0.71,4690,5160,0.29,3.6,2.52,3.74,1.99,330,15.15,,,4805,4592,5160,5551,0.39,نقدشوندگی پایین | واگرایی منفی RSI | رشد عمودی (108٪ در ۶۰ روز، 19٪ بالای MA50) | 62٪ بالای MA200 | واگرایی منفی | حد ضرر دور (8.2٪) | نقدشوندگی کمتر از ۱۰ میلیارد تومان
تبرک,گروه کارخانجات صنعتی تبرک,محصولات غذایی و آشامیدنی به جز قند و شکر,59.6,زیر نظر,70,53,86,26,20150,20260928,-1.6,7.3,41,-6,-3.2,7.7,42.4,51.7,6,0,false,23.9,3.92,above,-13.7,1.02,19612,23340,15.68,14.6,3.05,14.7,5.1,2192,9.19,7.05,30.4,19612,19217,23340,24919,3.42,سهم صفی: 6 روز از ۲۰ روز در صف (ریسک نقدشوندگی و اجرای حد ضرر) | نقدشوندگی کمتر از ۱۰ میلیارد تومان
کوثر,بیمه کوثر,بیمه وصندوق بازنشستگی به جزتامین اجتماعی,59.6,زیر نظر,90,55,72.4,14,1842,20260928,3.5,7.6,23.2,-23.8,2.6,15.6,7.5,59.9,1,0,false,36.6,3.57,above,-19.2,0.45,1800,1875,3.02,27.67,1.43,1.63,28.99,53,34.75,18.13,91.7,1800,1767,1875,1938,0.44,واگرایی منفی RSI | P/E بالا (35) | توزیع: ورود حقیقی با سرانه خرید ضعیف (0.86 در ۲۰ روز) | واگرایی منفی
فروسیل,فروسیلیسیم خمین,فلزات اساسی,59.6,زیر نظر,100,75,34.3,24,15010,20260928,4.6,18.9,74,27.1,1.7,21.8,69,62.1,10,0,false,51.6,3.31,above,-8.8,0.65,11520,16460,-6.95,5.03,1.49,-2.96,10.3,1620,9.27,8.05,15.1,14513,14016,16460,17454,1.46,سهم صفی: 10 روز از ۲۰ روز در صف (ریسک نقدشوندگی و اجرای حد ضرر) | توزیع: ورود حقیقی با سرانه خرید ضعیف (0.89 در ۲۰ روز) | 69٪ بالای MA200
بمولد,مولد نیروگاهی تجارت فارس,عرضه برق، گاز، بخاروآب گرم,59.5,زیر نظر,95,65,38,34,9160,20260928,9.8,-6.1,62.1,15.2,0.4,8.9,56.5,55.9,4,0,false,28.2,3.68,above,-10,0.84,8950,10125,-6.52,-18.2,110.26,15.74,8.64,778,11.77,10.04,17.3,8950,8782,10125,10799,2.55,خروج مستمر پول حقیقی | 56٪ بالای MA200 | نقدشوندگی کمتر از ۱۰ میلیارد تومان
پلوله,گازلوله‌,لاستیک و پلاستیک,59.5,زیر نظر,100,70,82,20,10880,20260928,13.9,59.5,162.2,115.2,22.6,55.2,114.3,96.3,20,0,true,75.3,2.34,above,-0.8,1.58,6800,,1.7,8.88,3.69,-1.66,1.79,517,21.04,,,10626,10371,11643,12152,1.5,نقدشوندگی پایین | اشباع خرید | فاصله زیاد از MA20 | سهم صفی: 20 روز از ۲۰ روز در صف (ریسک نقدشوندگی و اجرای حد ضرر) | رشد عمودی (162٪ در ۶۰ روز، 55٪ بالای MA50) | 114٪ بالای MA200 | نقدشوندگی کمتر از ۱۰ میلیارد تومان
رنیک,جنرال مکانیک,خدمات فنی و مهندسی,59.4,زیر نظر,60,55,75.7,46,12420,20260928,-0.3,1.2,27.5,-19.4,-1.5,6.2,-2.1,51.1,2,0,false,21.2,3.41,above,-26.9,0.55,12021,12590,15.25,172.6,1.05,1.8,22.23,1608,7.72,2.41,220.5,12021,11809,12590,12846,0.28,
کپارس,کاشی‌ پارس‌,کاشی و سرامیک,59.4,زیر نظر,100,65,18.6,47,18570,20260928,0.3,15.8,89.7,42.7,3.2,30,109.1,65.1,9,0,false,58.8,3.2,above,-9.4,0.71,16510,20500,-25.07,-83.83,1.5,-32.33,22.24,2681,6.93,7.65,-9.5,17975,17380,20500,21690,1.62,واگرایی منفی RSI | خروج مستمر پول حقیقی | سهم صفی: 9 روز از ۲۰ روز در صف (ریسک نقدشوندگی و اجرای حد ضرر) | 109٪ بالای MA200 | واگرایی منفی
دماوند,تولید نیروی برق دماوند,عرضه برق، گاز، بخاروآب گرم,59.4,زیر نظر,95,63,36,37,13650,20260928,4.5,4.4,42.7,-4.3,1,11.5,48,58.1,1,0,false,25.5,3.12,above,-6.8,0.47,12760,14650,-15.45,13.45,1.67,-5.7,18.64,1503,9.08,10.04,-9.5,13224,12584,14650,15503,0.94,واگرایی منفی RSI | واگرایی منفی | حد ضرر دور (7.8٪)
شاراک,پتروشیمی شازند,محصولات شیمیایی,59.1,زیر نظر,100,50,16.5,60,28860,20260928,5,32.1,103.1,56.1,7.6,31.4,121,72.3,5,0,false,63.6,3.32,above,-3.8,0.84,26570,29490,-11.2,78.96,0.64,-206.84,153.43,3871,7.46,9.63,-22.6,27901,26463,29490,31408,0.26,رشد عمودی (103٪ در ۶۰ روز، 31٪ بالای MA50) | توزیع: ورود حقیقی با سرانه خرید ضعیف (0.68 در ۲۰ روز) | 121٪ بالای MA200 | سرانه خرید ضعیف (0.64) | حد ضرر دور (8.3٪)
دشیری,شیرین دارو,مواد و محصولات دارویی,59.1,زیر نظر,100,65,62.5,42,426600,20260928,11.7,25.1,33.9,-13.1,12,24.6,71.1,75.3,1,0,true,53.5,3.1,above,0,0.88,405500,,2.25,-0.18,1.66,1.86,2.57,57790,7.38,,,413378,398889,466267,492712,1.43,نقدشوندگی پایین | واگرایی منفی RSI | 71٪ بالای MA200 | واگرایی منفی | نقدشوندگی کمتر از ۱۰ میلیارد تومان
کپرسپولیس,مجتمع کاشی و سنگ پرسپولیس یزد,کاشی و سرامیک,59.1,زیر نظر,100,53,37,37,8730,20260928,-2.1,6.3,40.5,-6.5,3.4,13,,61.3,3,0,false,37,3.39,above,-4.9,0.72,8440,9180,-26.16,-8.1,2.26,17.94,17.18,966,9.04,9.26,-2.4,8440,8292,9180,9771,1.03,واگرایی منفی RSI | واگرایی منفی
وهور,گروه س.انرژی امید  تابان هور,عرضه برق، گاز، بخاروآب گرم,59,زیر نظر,95,45,62,24,2607,20260928,12,-1.5,32.4,-14.6,3.8,10.5,43.1,58.3,7,0,false,23.8,3.37,above,-9.8,0.69,2484,2671,59.84,-56.56,15.47,52.92,33.65,230,11.33,10.04,12.9,2519,2440,2671,2889,0.38,خروج مستمر پول حقیقی | سهم صفی: 7 روز از ۲۰ روز در صف (ریسک نقدشوندگی و اجرای حد ضرر)
وبرق,س.کارکنان صنعت برق زنجان وقزوی,سرمایه گذاریها,59,زیر نظر,90,65,41,35,63280,20260928,-5.3,5.8,108.1,61.1,-1.2,26.7,86.2,58.3,6,2,false,67.1,3.37,above,-14.5,0.91,61600,74000,0.19,2.52,0.68,-5.48,14.86,4946,12.79,,,61600,60533,74000,78270,3.9,واگرایی منفی RSI | سهم صفی: 6 روز از ۲۰ روز در صف (ریسک نقدشوندگی و اجرای حد ضرر) | رشد عمودی (108٪ در ۶۰ روز، 27٪ بالای MA50) | توزیع: ورود حقیقی با سرانه خرید ضعیف (0.86 در ۲۰ روز) | 86٪ بالای MA200 | سرانه خرید ضعیف (0.68) | واگرایی منفی | صف فروش در ۵ روز اخیر
وتعاون,بیمه تعاون,بیمه وصندوق بازنشستگی به جزتامین اجتماعی,59,زیر نظر,100,70,90,10,2970,20260928,15.8,40.7,47.3,0.4,25,36.3,50.3,85.8,6,0,true,42.6,2.65,above,0,0.6,2561,,6.09,9.18,26.57,6.79,2.03,,,18.13,,2891,2813,3206,3364,1.5,نقدشوندگی پایین | اشباع خرید | فاصله زیاد از MA20 | بدون EPS مثبت | سهم صفی: 6 روز از ۲۰ روز در صف (ریسک نقدشوندگی و اجرای حد ضرر) | رشد عمودی (47٪ در ۶۰ روز، 36٪ بالای MA50) | 50٪ بالای MA200 | نقدشوندگی کمتر از ۱۰ میلیارد تومان
شبریز,پالایش نفت تبریز,فراورده های نفتی، کک و سوخت هسته ای,59,زیر نظر,90,53,28.5,57,55720,20260928,-4.4,10.3,42,-5,-2.5,14.5,79.8,54.3,1,0,false,45.9,3.82,above,-14.4,0.74,49020,65100,16.84,-222.66,0.67,-142.05,163.54,9661,5.77,6.26,-7.9,53593,51465,65100,69355,2.2,خروج مستمر پول حقیقی | 80٪ بالای MA200 | سرانه خرید ضعیف (0.67) | حد ضرر دور (7.6٪)
سنیر,سیمان‌ سفید نی‌ریز,سیمان، آهک و گچ,58.9,زیر نظر,83,55,35,57,6960,20260928,5.1,0.6,13.9,-33.1,0.2,2.3,55.3,51.9,1,0,false,17.6,3.98,above,-10.5,0.81,6430,7380,0.22,-14.58,1.14,-10.06,9.32,963,7.23,7.14,1.2,6683,6292,7380,7550,0.63,واگرایی منفی RSI | خروج مستمر پول حقیقی | 55٪ بالای MA200 | واگرایی منفی | حد ضرر دور (9.6٪) | نقدشوندگی کمتر از ۱۰ میلیارد تومان
ذوب,ذوب آهن اصفهان,فلزات اساسی,58.9,زیر نظر,90,65,61.5,14,678,20260928,-5.3,21.3,51.7,4.7,-0.8,26.7,61.6,58.7,13,1,false,49.4,3.01,above,-13.4,1.28,478,783,6.35,223.37,6,-605.21,297.06,12,56.5,13.48,319.1,658,637,783,824,2.57,سهم صفی: 13 روز از ۲۰ روز در صف (ریسک نقدشوندگی و اجرای حد ضرر) | P/E بالا (57) | توزیع: ورود حقیقی با سرانه خرید ضعیف (0.89 در ۲۰ روز) | 62٪ بالای MA200 | صف فروش در ۵ روز اخیر
رتاپ,تجارت الکترونیک  پارسیان,رایانه و فعالیت‌های وابسته به آن,58.8,زیر نظر,100,65,1,62,9160,20260928,-2.8,2.2,66.2,19.3,1.8,8.7,106.8,55.5,4,1,false,46,3.29,above,-6.3,0.74,8250,9290,-16.2,-108.32,0.61,-19.33,19.72,806,11.36,18.19,-37.5,8858,8557,9290,9765,0.22,واگرایی منفی RSI | خروج مستمر پول حقیقی | 107٪ بالای MA200 | سرانه خرید ضعیف (0.61) | واگرایی منفی | صف فروش در ۵ روز اخیر
زدشت,کشت و صنعت دشت خرم دره,زراعت و خدمات وابسته,58.7,زیر نظر,100,55,47,24,9810,20260928,0.2,3.9,18.3,-28.7,0.6,11.4,53.7,55.4,0,0,false,32,4.05,above,-8.7,0.92,8970,10180,3.44,6.95,1,-2.14,14.97,1023,9.59,8.07,18.8,9413,8817,10180,10750,0.37,واگرایی منفی RSI | 54٪ بالای MA200 | واگرایی منفی | حد ضرر دور (10.1٪)
دبالک,مواد اولیه دارویی البرز بالک,مواد و محصولات دارویی,58.6,زیر نظر,90,75,47.5,19,15680,20260928,5.2,9.9,186.1,139.2,-1,28.5,151.1,61.7,10,0,false,51.1,3.2,above,-13.1,0.4,14460,18040,7.63,-144.35,3.72,-9.07,53.73,1079,14.53,8.86,64,15178,14425,18040,19044,1.88,خروج مستمر پول حقیقی | سهم صفی: 10 روز از ۲۰ روز در صف (ریسک نقدشوندگی و اجرای حد ضرر) | رشد عمودی (186٪ در ۶۰ روز، 28٪ بالای MA50) | 151٪ بالای MA200 | حد ضرر دور (8.0٪)
شاروم,پتروشیمی ارومیه,محصولات شیمیایی,58.6,زیر نظر,100,45,52.5,26,15510,20260928,1.5,19.4,19.2,-27.8,3,18.9,57.1,60.7,6,0,false,41.9,3.09,above,-10.5,0.95,13706,17330,-2.77,14.74,2.49,28.08,16.13,1318,11.77,8.01,46.9,15030,14550,17330,18290,1.9,سهم صفی: 6 روز از ۲۰ روز در صف (ریسک نقدشوندگی و اجرای حد ضرر) | 57٪ بالای MA200 | واگرایی مثبت RSI
شفا,سرمایه گذاری شفادارو,مواد و محصولات دارویی,58.6,زیر نظر,100,60,62.5,4,64480,20260928,15.3,12,186.7,139.7,6.1,32.4,191.6,70,10,0,false,59.1,3.01,above,-3.7,0.49,61140,66970,9.9,-115.55,3.45,35.38,34.94,2066,31.21,12.91,141.8,62536,60168,66970,70858,0.58,خروج مستمر پول حقیقی | سهم صفی: 10 روز از ۲۰ روز در صف (ریسک نقدشوندگی و اجرای حد ضرر) | رشد عمودی (187٪ در ۶۰ روز، 32٪ بالای MA50) | P/E بالا (31) | 192٪ بالای MA200 | شناوری کم (9٪)
بشهاب,لامپ‌  پارس‌ شهاب‌,ماشین آلات و دستگاه‌های برقی,58.6,زیر نظر,90,38,51.8,44,8240,20260928,-5.2,3.9,44.2,-2.8,-5,8.7,59.3,49.9,10,2,false,39.2,3.64,above,-15.8,0.31,7459,8458,1.5,12.47,0.83,-2.28,11.31,1212,6.8,6.15,10.5,7940,7490,8458,9066,0.29,سهم صفی: 10 روز از ۲۰ روز در صف (ریسک نقدشوندگی و اجرای حد ضرر) | توزیع: ورود حقیقی با سرانه خرید ضعیف (0.81 در ۲۰ روز) | 59٪ بالای MA200 | حد ضرر دور (9.1٪) | شناوری کم (11٪) | صف فروش در ۵ روز اخیر
حگردش,ریل گردش ایرانیان,حمل ونقل، انبارداری و ارتباطات,58.5,زیر نظر,63,55,74.5,40,2316,20260928,4.4,2,0.1,-46.9,1.3,8.7,-1.2,55.7,1,0,false,17.6,3.84,above,-31.4,0.61,2266,2346,1.63,7.66,1.12,1.35,5.11,68,34.06,,,2266,2221,2346,2414,0.32,واگرایی منفی RSI | P/E بالا (34) | واگرایی منفی | نقدشوندگی کمتر از ۱۰ میلیارد تومان
شفارا,پتروشیمی فارابی,محصولات شیمیایی,58.5,زیر نظر,100,65,36.9,25,1689,20260928,-0.5,12.2,67.8,20.8,1.1,17.6,40.8,60.7,4,0,false,43,3.84,above,-8.1,0.53,1659,1806,-0.51,1.66,1.6,-1.82,11.19,126,13.4,,,1659,1627,1806,1838,1.87,واگرایی منفی RSI | توزیع: ورود حقیقی با سرانه خرید ضعیف (0.65 در ۲۰ روز) | واگرایی منفی
قزوین,کارخانجات‌ قند قزوین‌,قند و شکر,58.4,زیر نظر,100,45,40.5,37,12590,20260928,0.1,12.2,23.8,-23.2,2.9,9.9,58.4,56.7,2,0,false,30.3,3.52,above,-9.6,1.09,12210,12730,4.36,-5.49,0.8,0.2,3.3,1403,8.97,9.8,-8.4,12210,11988,12730,13920,0.23,خروج مستمر پول حقیقی | 58٪ بالای MA200 | نقدشوندگی کمتر از ۱۰ میلیارد تومان
فاراک,ماشین‌ سازی‌ اراک‌,ساخت محصولات فلزی,58.4,زیر نظر,90,65,16.5,57,2974,20260928,-3.4,3.3,89.7,42.7,-2.3,14.7,94.9,53.5,2,0,false,45.2,3.94,above,-11.2,0.76,2892,3090,-15.13,36.54,0.53,-83.18,65.98,423,7.03,7.54,-6.8,2892,2833,3090,3280,0.83,واگرایی منفی RSI | توزیع: ورود حقیقی با سرانه خرید ضعیف (0.82 در ۲۰ روز) | 95٪ بالای MA200 | سرانه خرید ضعیف (0.53) | واگرایی منفی
جم پیلن,پتروشیمی جم پیلن,محصولات شیمیایی,58.4,زیر نظر,100,65,1.5,60,311300,20260928,3.1,23.8,93.1,46.1,6,26.7,75.6,69.9,1,0,false,44.8,3.13,above,-2.1,0.56,292000,318000,-3.41,-166.74,0.78,-14.59,35.4,41853,7.44,9.63,-22.8,301553,287126,318000,337495,0.28,واگرایی منفی RSI | خروج مستمر پول حقیقی | 76٪ بالای MA200 | سرانه خرید ضعیف (0.78) | واگرایی منفی | حد ضرر دور (7.8٪) | شناوری کم (11٪)
وبشهر,توسعه‌ صنایع‌ بهشهر(هلدینگ,محصولات غذایی و آشامیدنی به جز قند و شکر,58.4,زیر نظر,100,53,47,24,7170,20260928,3.6,24.5,38.1,-8.8,6.4,23.3,97.6,67.3,7,0,false,49.6,3.33,above,-6.9,0.95,6720,7700,6.89,13.58,0.98,-12.42,17.57,748,9.59,8.53,12.4,6931,6601,7700,8177,0.93,سهم صفی: 7 روز از ۲۰ روز در صف (ریسک نقدشوندگی و اجرای حد ضرر) | 98٪ بالای MA200 | حد ضرر دور (7.9٪)
غشان,شیرپاستوریزه‌پگاه‌خراسان‌,محصولات غذایی و آشامیدنی به جز قند و شکر,58.3,زیر نظر,100,70,48.1,9,19530,20260928,15.1,28,148.2,101.2,18,38.9,188.8,81.3,3,0,true,64.9,2.94,above,0,0.96,18200,,20.63,4.88,0.98,-10.43,17.4,1497,13.05,8.53,52.9,18956,18095,21252,22401,1.2,واگرایی منفی RSI | اشباع خرید | فاصله زیاد از MA20 | رشد عمودی (148٪ در ۶۰ روز، 39٪ بالای MA50) | توزیع: ورود حقیقی با سرانه خرید ضعیف (0.86 در ۲۰ روز) | 189٪ بالای MA200 | واگرایی منفی | حد ضرر دور (7.3٪)
تایرا,تراکتورسازی‌ایران‌,ماشین آلات و تجهیزات,58.3,زیر نظر,100,55,1,68,3300,20260928,6.5,14.2,36.9,-10,6.5,17,46.2,67.2,0,0,false,29.7,3.57,above,-0.9,0.97,3051,,-20.12,-41.75,0.71,-14.55,16.89,754,4.38,5.15,-15,3182,3005,3654,3889,1.2,واگرایی منفی RSI | خروج مستمر پول حقیقی | سرانه خرید ضعیف (0.71) | واگرایی منفی | حد ضرر دور (8.9٪)
ختور,رادیاتور ایران‌,خودرو و ساخت قطعات,58.2,زیر نظر,100,60,22.8,42,4150,20260928,5.9,44.9,102.7,55.8,16.4,41.2,100.7,86.7,7,0,true,66.9,3.31,above,-0.2,1,3720,,-27.73,20.02,1.03,-4.25,30.24,715,5.8,,,4013,3875,4562,4837,1.5,واگرایی منفی RSI | اشباع خرید | فاصله زیاد از MA20 | سهم صفی: 7 روز از ۲۰ روز در صف (ریسک نقدشوندگی و اجرای حد ضرر) | رشد عمودی (103٪ در ۶۰ روز، 41٪ بالای MA50) | 101٪ بالای MA200 | واگرایی منفی
کتوکا,تولیدی و خدمات صنایع نسوز توکا,سایر محصولات کانی غیرفلزی,58.1,زیر نظر,100,50,22.5,50,8620,20260928,-2.5,31.2,116.2,69.2,5.2,42.2,110.5,70.5,11,1,false,76.6,3.1,above,-7.7,0.61,4456,9340,-5.95,-18.43,3.27,-4.43,27.46,983,8.77,10.33,-15.1,8352,8085,9340,9875,1.35,سهم صفی: 11 روز از ۲۰ روز در صف (ریسک نقدشوندگی و اجرای حد ضرر) | رشد عمودی (116٪ در ۶۰ روز، 42٪ بالای MA50) | 110٪ بالای MA200 | صف فروش در ۵ روز اخیر
ساراب,سیمان‌ داراب‌,سیمان، آهک و گچ,58.1,زیر نظر,90,65,15.5,57,18010,20260928,-0.6,16.9,73.1,26.1,-1.2,10.9,50.3,56.1,10,0,false,32.3,2.92,above,-12.8,0.42,17508,20660,-0.15,3.46,0.6,-4.37,5.27,2361,7.63,7.14,6.8,17508,17245,20660,21712,3.46,سهم صفی: 10 روز از ۲۰ روز در صف (ریسک نقدشوندگی و اجرای حد ضرر) | توزیع: ورود حقیقی با سرانه خرید ضعیف (0.79 در ۲۰ روز) | 50٪ بالای MA200 | سرانه خرید ضعیف (0.60) | نقدشوندگی کمتر از ۱۰ میلیارد تومان
تکنار,مجتمع معادن مس تکنار,استخراج کانه های فلزی,58.1,زیر نظر,100,70,86.5,10,157600,20260928,13.8,67.2,151.6,104.7,25.7,70.8,143.9,98.1,16,0,true,70.3,2.53,above,0,0.9,73341,,1.09,5.47,5.71,0.47,1.74,,,,,153617,149633,169550,177517,1.5,نقدشوندگی پایین | اشباع خرید | فاصله زیاد از MA20 | بدون EPS مثبت | سهم صفی: 16 روز از ۲۰ روز در صف (ریسک نقدشوندگی و اجرای حد ضرر) | رشد عمودی (152٪ در ۶۰ روز، 71٪ بالای MA50) | 144٪ بالای MA200 | نقدشوندگی کمتر از ۱۰ میلیارد تومان
وسپه,سرمایه‌گذاری‌ سپه‌,سرمایه گذاریها,58,زیر نظر,100,60,4.2,60,7530,20260928,5.6,18,58.9,11.9,7.7,27.9,61.5,71.4,2,0,false,55,3.4,above,-2.8,0.77,6860,7750,-10.5,-117.18,0.91,-39.34,41.8,1251,6.02,7.13,-15.6,7274,6891,7750,8262,0.34,واگرایی منفی RSI | خروج مستمر پول حقیقی | 61٪ بالای MA200 | واگرایی منفی | حد ضرر دور (8.5٪)
خودکفا,اقتصادی و خودکفایی آزادگان,محصولات غذایی و آشامیدنی به جز قند و شکر,58,زیر نظر,85,65,36,42,14940,20260928,2.8,-0.5,110.4,63.5,-1.6,3.9,77.9,53,3,0,false,40.7,3.78,above,-11.2,0.63,14620,15370,-4.41,-59.03,1.92,4.3,17.01,1687,8.86,,,14620,14338,15370,16830,0.71,خروج مستمر پول حقیقی | رشد عمودی (110٪ در ۶۰ روز، 4٪ بالای MA50) | 78٪ بالای MA200
آبین,کشت و صنعت آبشیرین,زراعت و خدمات وابسته,58,زیر نظر,100,70,36,20,13570,20260928,15.8,66.3,78.2,31.2,26.6,60.6,187.5,96.6,12,0,true,70.6,2.7,above,0,0.71,8305,,-1.11,-4.78,2.46,3.07,6.67,235,57.74,,,13204,12838,14668,15400,1.5,اشباع خرید | فاصله زیاد از MA20 | سهم صفی: 12 روز از ۲۰ روز در صف (ریسک نقدشوندگی و اجرای حد ضرر) | رشد عمودی (78٪ در ۶۰ روز، 61٪ بالای MA50) | P/E بالا (58) | 187٪ بالای MA200 | نقدشوندگی کمتر از ۱۰ میلیارد تومان | واگرایی مثبت RSI
میهن,بیمه میهن,بیمه وصندوق بازنشستگی به جزتامین اجتماعی,57.9,زیر نظر,75,55,87.5,10,2576,20260928,5.9,6.3,19.9,-27.1,-1,12.1,11.9,56.6,8,0,false,27.5,3.72,above,-15.3,0.46,2442,2622,8.95,37.4,3.81,7.21,19.26,,,18.13,,2480,2394,2622,2797,0.25,بدون EPS مثبت | سهم صفی: 8 روز از ۲۰ روز در صف (ریسک نقدشوندگی و اجرای حد ضرر) | توزیع: ورود حقیقی با سرانه خرید ضعیف (0.72 در ۲۰ روز) | حد ضرر دور (7.1٪)
ولغدر,لیزینگ‌خودروغدیر,سایر واسطه گریهای مالی,57.8,زیر نظر,100,65,55.1,4,3660,20260928,1.1,10.6,68.6,21.6,0.8,20.4,48.6,60.6,2,0,false,60.4,3.93,above,-7.6,1.71,3480,3960,2.86,2.76,0.9,-8.79,6.24,80,45.75,9.94,360.3,3516,3408,3960,4248,1.19,P/E بالا (46) | نقدشوندگی کمتر از ۱۰ میلیارد تومان
آواک,صنایع ارتباطی آوا,اطلاعات و ارتباطات,57.8,زیر نظر,90,30,27,72,2651,20260928,-11.9,5.4,21.5,-25.4,-7,7.1,11.3,45,4,2,false,46.7,4.01,above,-17.8,0.43,2600,2718,-2.45,36.84,0.71,-2.97,14.66,328,8.08,11.65,-30.6,2600,2547,2718,2767,0.65,سرانه خرید ضعیف (0.71) | صف فروش در ۵ روز اخیر
شراز,پالایش نفت شیراز,فراورده های نفتی، کک و سوخت هسته ای,57.6,زیر نظر,85,75,42.5,26,93590,20260928,-0.9,0.5,81.1,34.1,-5.4,14.2,118.2,52.7,3,0,false,49.3,3.84,above,-17.2,0.63,68720,113000,0.13,67.58,0.63,-74.12,86.09,10165,9.21,6.26,47.1,89994,86399,113000,120191,2.7,واگرایی منفی RSI | توزیع: ورود حقیقی با سرانه خرید ضعیف (0.52 در ۲۰ روز) | 118٪ بالای MA200 | سرانه خرید ضعیف (0.63) | واگرایی منفی | حد ضرر دور (7.7٪) | شناوری کم (13٪)
رکیش,کارت اعتباری ایران کیش,رایانه و فعالیت‌های وابسته به آن,57.6,زیر نظر,90,65,30.4,40,2541,20260928,1.9,-5.9,49.6,2.7,-3.9,6.8,41.9,50.6,2,0,false,33.4,3.98,above,-12.6,0.74,2510,2781,0.78,-2.34,0.96,-1.99,4.39,141,18.02,18.19,-0.9,2510,2459,2781,2906,2.94,واگرایی منفی RSI | واگرایی منفی | نقدشوندگی کمتر از ۱۰ میلیارد تومان
برکت,گروه دارویی برکت,مواد و محصولات دارویی,57.5,زیر نظر,95,75,52.2,4,5160,20260928,12.7,5.7,53.1,6.2,4.4,21.7,76.6,64.7,4,0,false,38,3.24,above,-4.4,0.96,5060,5400,89.3,-6.92,1.19,18.88,77.87,47,109.79,12.91,750.4,5060,4976,5400,5734,1.31,واگرایی منفی RSI | P/E بالا (110) | 77٪ بالای MA200 | واگرایی منفی
غمایه,شرکت خمیرمایه رضوی,محصولات غذایی و آشامیدنی به جز قند و شکر,57.5,زیر نظر,100,63,35.6,24,24880,20260928,5.6,12.1,43.3,-3.7,4.2,16.9,91.2,61.7,1,0,false,34.3,3.47,above,-6.4,0.4,22900,26570,0.71,-15.76,1.14,-0.14,9.3,2821,8.82,7.05,25.1,24016,22721,26570,28297,0.78,خروج مستمر پول حقیقی | 91٪ بالای MA200 | حد ضرر دور (8.7٪) | نقدشوندگی کمتر از ۱۰ میلیارد تومان
وایرا,سرمایه گذاری صنایع ایران,سرمایه گذاریها,57.5,زیر نظر,100,75,57.9,32,3630,20260928,7.4,13.1,48.1,1.1,6,16.3,25.2,64.8,1,0,false,25.8,3.13,above,-4.3,0.93,3445,3772,2.92,-6.19,1.42,2.01,2.94,399,9.1,,,3516,3388,3772,3999,0.59,نقدشوندگی پایین | خروج مستمر پول حقیقی | نقدشوندگی کمتر از ۱۰ میلیارد تومان
شگویا,پتروشیمی تندگویان,محصولات شیمیایی,57.5,زیر نظر,100,48,62.5,9,13310,20260928,11,56,40.1,-6.9,19.8,42.3,88.5,85.2,13,0,true,46.1,2.82,above,0,1.01,11270,,-111.53,136.06,9,137.36,109.74,1099,12.11,8.01,51.2,12934,12559,14437,15188,1.5,اشباع خرید | فاصله زیاد از MA20 | سهم صفی: 13 روز از ۲۰ روز در صف (ریسک نقدشوندگی و اجرای حد ضرر) | رشد عمودی (40٪ در ۶۰ روز، 42٪ بالای MA50) | 88٪ بالای MA200
شفارس,صنایع‌ شیمیایی‌ فارس‌,محصولات شیمیایی,57.4,زیر نظر,100,45,26.7,47,2186,20260928,-2.7,4.7,29.8,-17.2,0.1,14.6,35.1,56,2,0,false,33.3,3.86,above,-11.7,0.73,2157,2311,0.05,-1.08,0.81,-8.17,10.01,231,9.46,9.63,-1.7,2157,2115,2311,2477,1.75,واگرایی منفی RSI | واگرایی منفی
ولانا,شرکت لیزینگ آریا دانا,سایر واسطه گریهای مالی,57.4,زیر نظر,100,90,27.7,10,5180,20260928,-1.5,13.6,59.5,12.6,6.9,21.5,28.9,64.6,6,1,true,50.8,3.49,above,-9.3,1.03,4937,,-0.49,3.64,1.29,-4.55,4.24,,,,,4999,4847,5722,6083,1.63,بدون EPS مثبت | سهم صفی: 6 روز از ۲۰ روز در صف (ریسک نقدشوندگی و اجرای حد ضرر) | نقدشوندگی کمتر از ۱۰ میلیارد تومان | صف فروش در ۵ روز اخیر
قلرست,قند لرستان‌,قند و شکر,57.4,زیر نظر,70,65,46.5,47,28960,20260928,-2.2,7.9,49.7,2.8,-4.4,14.3,96.1,52.5,8,1,false,42,3.55,above,-14.2,0.43,26630,33750,1.01,-6.43,2.37,-3.37,12.04,3057,9.47,9.8,-3.3,27933,26391,33750,35805,1.86,سهم صفی: 8 روز از ۲۰ روز در صف (ریسک نقدشوندگی و اجرای حد ضرر) | 96٪ بالای MA200 | حد ضرر دور (8.9٪) | صف فروش در ۵ روز اخیر
غدشت,دشت‌ مرغاب‌,محصولات غذایی و آشامیدنی به جز قند و شکر,57.4,زیر نظر,88,45,27.8,60,3920,20260928,2.1,-2.2,28.1,-18.8,0.5,11.5,38.9,55.8,3,0,false,15.6,3.5,above,-8.6,0.85,3690,4290,-1.7,1.21,1.25,-6.32,9.83,591,6.63,8.53,-22.2,3783,3621,4290,4564,1.24,توزیع: ورود حقیقی با سرانه خرید ضعیف (0.81 در ۲۰ روز) | حد ضرر دور (7.6٪) | نقدشوندگی کمتر از ۱۰ میلیارد تومان
شوینده,مدیریت صنعت شوینده ت.ص.بهشهر,محصولات شیمیایی,57.3,زیر نظر,100,65,43.1,14,42660,20260928,-0.2,12.5,68.3,21.3,1.2,7.5,58.4,54.6,7,0,false,31.8,3.31,above,-12.1,1.65,41160,44300,-6.81,20.83,1.48,-29.71,12.03,1772,24.07,9.63,150,41249,40455,44300,48510,0.74,سهم صفی: 7 روز از ۲۰ روز در صف (ریسک نقدشوندگی و اجرای حد ضرر) | 58٪ بالای MA200
سهگمت,سیمان‌هگمتان‌,سیمان، آهک و گچ,57.3,زیر نظر,88,55,9.5,70,147200,20260928,7.1,8.5,-5.7,-52.7,3.8,8.4,24.2,60.6,0,0,false,13.4,3.03,above,-11.2,0.37,142850,152400,-8.67,-26.38,1.12,-4.12,17.12,27300,5.39,7.14,-24.5,142850,140622,152400,165789,0.79,خروج مستمر پول حقیقی | بدون روند (ADX پایین)
ثپردیس,سرمایه گذاری مسکن پردیس,انبوه سازی، املاک و مستغلات,57.3,زیر نظر,100,65,53,4,4760,20260928,-5.7,15.3,69.6,22.6,4.6,19.9,59.9,62.7,4,2,false,62.8,3.66,above,-8.5,1.51,4370,5200,26,108.98,0.77,-21.45,21.4,117,40.68,23.59,72.5,4586,4325,5200,5548,1.01,P/E بالا (41) | 60٪ بالای MA200 | سرانه خرید ضعیف (0.77) | حد ضرر دور (9.1٪) | صف فروش در ۵ روز اخیر
قیستو,شرکت قند بیستون,قند و شکر,57.2,زیر نظر,100,75,28.9,20,54070,20260928,5.8,40.8,104.4,57.5,13.4,42,109.9,79.7,2,0,true,73.2,3.5,above,-5.2,0.83,48710,,2.41,-30.59,0.9,-5.16,8.82,2437,22.19,,,52176,49334,59753,63542,1.2,اشباع خرید | خروج مستمر پول حقیقی | رشد عمودی (104٪ در ۶۰ روز، 42٪ بالای MA50) | 110٪ بالای MA200 | حد ضرر دور (8.8٪) | نقدشوندگی کمتر از ۱۰ میلیارد تومان
خزامیا,زامیاد,خودرو و ساخت قطعات,57.2,زیر نظر,100,75,28.7,20,1769,20260928,5.1,7.5,58,11,4.8,23.1,49,66,1,1,false,45.3,3.36,above,-0.6,1.12,1727,,14.3,-110.27,0.85,-17.39,167.59,85,20.81,,,1727,1697,1947,2066,2.49,صف فروش در ۵ روز اخیر
تملت,تامین سرمایه بانک ملت,فعالیتهای کمکی به نهادهای مالی واسط,56.9,زیر نظر,100,55,35.5,68,2197,20260928,4.3,1.4,28.3,-18.6,2.8,15.4,52,69.2,0,0,false,42.4,3.02,above,-1.4,0.8,2055,,-3,-12.92,2.46,1.92,1.94,517,4.25,5.92,-28.2,2131,2031,2396,2529,1.2,نقدشوندگی پایین | خروج مستمر پول حقیقی | 52٪ بالای MA200 | حد ضرر دور (7.5٪) | نقدشوندگی کمتر از ۱۰ میلیارد تومان | شناوری کم (4٪)
اتکام,بیمه اتکایی امین,بیمه وصندوق بازنشستگی به جزتامین اجتماعی,56.9,زیر نظر,100,75,19.4,68,3059,20260928,5.1,0.5,54,7,2.2,11.9,39,60.8,0,0,false,38.4,3.21,above,-4.2,0.62,2839,3123,-0.02,-8.15,0.92,0.03,1.56,925,3.31,4.59,-28,2961,2814,3123,3194,0.26,نقدشوندگی پایین | واگرایی منفی RSI | خروج مستمر پول حقیقی | واگرایی منفی | حد ضرر دور (8.0٪) | نقدشوندگی کمتر از ۱۰ میلیارد تومان | شناوری کم (14٪)
حتوکا,حمل‌ونقل‌توکا,حمل ونقل، انبارداری و ارتباطات,56.8,زیر نظر,100,45,9.3,62,2670,20260928,1.4,10.1,27.2,-19.8,4.1,19.2,38.7,63.1,1,0,false,42.8,3.83,above,-6,0.55,2576,2840,-6.86,-22.55,1.09,-1.9,12.4,320,8.34,19.33,-56.8,2576,2525,2840,3044,1.17,واگرایی منفی RSI | خروج مستمر پول حقیقی | واگرایی منفی
شستان,پتروشیمی شهید رئیسی گلستان,محصولات شیمیایی,56.8,زیر نظر,100,55,63,20,1848,20260926,3.4,4.3,29.4,-17.6,0.1,13.5,25.6,58.4,0,0,false,28.1,3.92,above,-8.2,0.79,1739,1924,0.87,1.46,1.02,0.17,3.57,7,264,,,1776,1703,1924,2003,0.52,واگرایی منفی RSI | P/E بالا (264) | توزیع: ورود حقیقی با سرانه خرید ضعیف (0.86 در ۲۰ روز) | واگرایی منفی | حد ضرر دور (7.9٪) | نقدشوندگی کمتر از ۱۰ میلیارد تومان | آخرین معامله 20260926 (متوقف یا کم‌معامله)
شکام,صنایع شیمیایی کیمیاگران امروز,محصولات شیمیایی,56.6,زیر نظر,100,60,21.5,37,10880,20260928,12.3,17.2,129.2,82.2,6.5,31.7,149.5,71.3,5,0,false,43.7,3.56,above,-2.2,0.46,9420,11080,-29.31,-73.31,2.79,-96.25,117.54,1258,8.65,8.01,8,10493,10105,11080,11855,0.26,رشد عمودی (129٪ در ۶۰ روز، 32٪ بالای MA50) | 149٪ بالای MA200 | حد ضرر دور (7.1٪)
نان,صنایع غذایی رضوی,محصولات غذایی و آشامیدنی به جز قند و شکر,56.6,زیر نظر,70,30,61.5,57,6240,20260928,-0.2,-3.1,4.6,-42.4,-3.9,2.2,44.1,47.7,0,0,false,21.6,3.59,above,-12.5,1.07,5765,6360,18.68,-17.03,1.82,27.92,23.44,929,6.72,7.05,-4.7,6016,5680,6360,6630,0.21,حد ضرر دور (9.0٪)
کطبس,ذغال‌سنگ‌ نگین‌ ط‌بس‌,استخراج زغال سنگ,56.6,زیر نظر,100,60,21.5,37,19870,20260928,5.5,15.5,89.8,42.9,9.7,32.9,114,76.2,4,0,false,56.8,3.4,above,-0.2,0.42,17710,,-2.22,-33.92,1.71,-0.64,10.2,1904,10.44,9.67,7.9,19194,18518,21898,23250,1.5,واگرایی منفی RSI | خروج مستمر پول حقیقی | رشد عمودی (90٪ در ۶۰ روز، 33٪ بالای MA50) | 114٪ بالای MA200 | واگرایی منفی
اخابر,مخابرات ایران,مخابرات,56.5,زیر نظر,90,55,27,47,1014,20260928,-2.9,-1,71.6,24.6,-1.8,14.3,77.9,54.1,4,1,false,40.2,3.68,above,-11.8,0.56,946,1069,26.57,-81.61,0.63,-109.5,145.04,124,8.18,8.37,-2.3,977,927,1069,1150,0.63,واگرایی منفی RSI | 78٪ بالای MA200 | سرانه خرید ضعیف (0.63) | واگرایی منفی | حد ضرر دور (8.5٪) | صف فروش در ۵ روز اخیر
زهلال,کشت و صنعت هلال,زراعت و خدمات وابسته,56.5,زیر نظر,85,63,36.5,37,53970,20260928,7.6,11.4,41.4,-5.6,3.7,10.8,,62.2,0,0,false,25.3,3.45,,-2.4,0.64,50890,55280,-2.38,-2.25,7.55,24.39,12.08,6307,8.56,8.07,6,52107,49959,55280,59006,0.33,حد ضرر دور (7.4٪)
ولنوین,لیزینگ اقتصاد نوین,سایر واسطه گریهای مالی,56.4,زیر نظر,90,55,36.5,37,2970,20260928,1.3,4.5,36.2,-10.8,-0.1,15.3,45.6,57.7,0,0,false,39,3.88,above,-7.5,0.45,2803,3075,-2.11,-2.42,4.18,5.98,6.3,294,10.1,9.94,1.6,2855,2745,3075,3141,0.47,حد ضرر دور (7.6٪) | نقدشوندگی کمتر از ۱۰ میلیارد تومان | شناوری کم (14٪)
ثشرق,سرمایه گذاری مسکن شمال شرق,انبوه سازی، املاک و مستغلات,56.4,زیر نظر,50,80,77.5,24,5250,20260928,15.4,14.6,-29.7,-76.6,18.8,2.5,-52.4,64.5,10,0,true,33.2,3.1,below,-69.5,0.18,3853,5613,0.52,0.61,5.31,6.56,9.44,238,22.06,6.61,233.7,5088,4925,5613,6306,1.12,فاصله زیاد از MA20 | سهم صفی: 10 روز از ۲۰ روز در صف (ریسک نقدشوندگی و اجرای حد ضرر) | توزیع: ورود حقیقی با سرانه خرید ضعیف (0.68 در ۲۰ روز) | نقدشوندگی کمتر از ۱۰ میلیارد تومان
بهیر,س. توسعه تجارت هیرمند,سرمایه گذاریها,56.4,زیر نظر,100,65,73.5,20,4460,20260928,5.9,12.1,20.7,-26.2,7.4,18.5,28.1,77.7,5,0,true,57,2.46,above,-0.7,1.06,4210,,1.25,1.83,1.85,-0.22,1.21,223,20,,,4350,4186,4789,5008,1.2,نقدشوندگی پایین | واگرایی منفی RSI | واگرایی منفی | نقدشوندگی کمتر از ۱۰ میلیارد تومان
چنوپا,نیوپان‌ 22 بهمن‌,محصولات چوبی,56.3,زیر نظر,70,60,53.3,40,16410,20260928,-1.8,-3,-8.4,-55.4,2.3,7.2,-17.6,54.2,5,1,true,21.3,3.58,above,-50.6,1.1,15819,16879,0.45,6.33,1.27,-10.81,11.26,620,26.47,,,15822,15525,16879,17439,0.53,توزیع: ورود حقیقی با سرانه خرید ضعیف (0.78 در ۲۰ روز) | صف فروش در ۵ روز اخیر
دفرا,فرآورده‌های‌ تزریقی‌ ایران‌,مواد و محصولات دارویی,56.3,زیر نظر,50,53,95.8,27,49700,20260928,9.3,-8.4,46.9,-0.1,1.1,-0.8,87.4,53.7,4,0,false,27.1,3.92,above,-11.3,1.3,46720,50383,25.83,60.36,1.45,3.15,10.95,3353,14.82,12.91,14.8,47754,45747,50383,55770,0.17,توزیع: ورود حقیقی با سرانه خرید ضعیف (0.68 در ۲۰ روز) | 87٪ بالای MA200 | حد ضرر دور (8.0٪)
وحافظ,بیمه حافظ,بیمه وصندوق بازنشستگی به جزتامین اجتماعی,56.2,زیر نظر,54,80,43.9,52,2363,20260928,2.3,4.1,-9.1,-56.1,1.6,2.5,-8.2,53.3,0,0,true,13.9,4.01,inside,-32.6,0.68,2335,2446,0.94,5.04,0.84,-4.83,7.86,199,11.87,,,2335,2287,2446,2512,1.1,بدون روند (ADX پایین) | توزیع: ورود حقیقی با سرانه خرید ضعیف (0.87 در ۲۰ روز) | نقدشوندگی کمتر از ۱۰ میلیارد تومان
شتران,پالایش نفت تهران,فراورده های نفتی، کک و سوخت هسته ای,56.1,زیر نظر,100,53,2,60,6570,20260928,0.2,14.7,37.2,-9.8,3.3,21.2,87.5,61.7,3,0,false,52.9,3.53,above,-9.5,0.93,5005,7260,-572.45,-655.3,0.75,-654.57,500.16,1249,5.26,6.26,-16,6338,6106,7260,7724,1.49,خروج مستمر پول حقیقی | 87٪ بالای MA200 | سرانه خرید ضعیف (0.75) | حد ضرر دور (7.1٪)
وامیر,گروه صنعتی و معدنی امیر,استخراج کانه های فلزی,56,زیر نظر,100,65,27,25,10940,20260928,-9,33.1,145.3,98.3,5.9,37.2,134.9,69.8,12,3,false,73,2.95,above,-9.2,0.61,6610,12050,-2.04,47.34,0.52,-5.26,17.6,598,18.29,,,10617,10294,12050,12696,1.72,سهم صفی: 12 روز از ۲۰ روز در صف (ریسک نقدشوندگی و اجرای حد ضرر) | رشد عمودی (145٪ در ۶۰ روز، 37٪ بالای MA50) | 135٪ بالای MA200 | سرانه خرید ضعیف (0.52) | صف فروش در ۵ روز اخیر
بموتو,موتوژن‌,ماشین آلات و دستگاه‌های برقی,56,زیر نظر,85,63,27.5,44,3340,20260928,1.2,2.5,37.7,-9.3,-2.5,10.8,52.1,55,1,0,false,35.9,3.89,above,-14.1,0.57,3080,3890,-2.06,20.4,0.73,-6.84,12.19,484,6.9,6.15,12.2,3210,3015,3890,4150,1.69,توزیع: ورود حقیقی با سرانه خرید ضعیف (0.80 در ۲۰ روز) | 52٪ بالای MA200 | سرانه خرید ضعیف (0.73) | حد ضرر دور (9.7٪) | شناوری کم (14٪)
غپآذر,شیر پگاه آذربایجان شرقی,محصولات غذایی و آشامیدنی به جز قند و شکر,55.9,زیر نظر,100,45,51.5,16,30250,20260928,13.8,35.3,109.6,62.7,13.4,42.1,128.2,82.3,4,0,false,61.6,3.43,above,0,0.74,26280,,-9.19,8.79,3.3,12.39,20.31,3220,9.39,7.05,33.3,29211,28172,33367,35445,1.5,اشباع خرید | رشد عمودی (110٪ در ۶۰ روز، 42٪ بالای MA50) | 128٪ بالای MA200
کبافق,معادن‌ بافق‌,استخراج کانه های فلزی,55.8,زیر نظر,100,65,37,14,42680,20260928,-3.6,7,48.5,1.5,0.4,21.1,65.6,57.9,8,1,false,49.1,3.75,above,-12.8,0.82,41060,48940,-6.32,0.87,6.06,-10.05,8.49,1583,26.96,13.76,95.9,41078,40259,48940,52143,2.59,واگرایی منفی RSI | سهم صفی: 8 روز از ۲۰ روز در صف (ریسک نقدشوندگی و اجرای حد ضرر) | 66٪ بالای MA200 | واگرایی منفی | نقدشوندگی کمتر از ۱۰ میلیارد تومان | صف فروش در ۵ روز اخیر
فارس,صنایع پتروشیمی خلیج فارس,محصولات شیمیایی,55.6,زیر نظر,100,45,16.5,50,12250,20260928,-4.4,30.1,26,-21,5.3,21.6,60.5,64.6,5,0,false,36.1,3.36,above,-6.1,0.87,10430,13050,-853.87,194.95,0.48,-927.39,446.05,1498,8.18,9.63,-15.1,11839,11427,13050,13873,0.97,توزیع: ورود حقیقی با سرانه خرید ضعیف (0.80 در ۲۰ روز) | 60٪ بالای MA200 | سرانه خرید ضعیف (0.48)
نیروترانسفو,کارخانجات تولیدی نیروترانسفو,ماشین آلات و دستگاه‌های برقی,55.6,زیر نظر,90,65,36.5,26,25710,20260928,-4.5,6.9,56.4,9.4,-1.5,7.2,,50.7,8,0,false,34,3.56,above,-14.7,1,22850,27510,-30.83,-34.29,3.11,49.46,35.14,2731,9.41,5.95,58.2,24794,23878,27510,30140,0.98,واگرایی منفی RSI | سهم صفی: 8 روز از ۲۰ روز در صف (ریسک نقدشوندگی و اجرای حد ضرر) | 219٪ بالای کف ۵۲ هفته | واگرایی منفی | حد ضرر دور (7.1٪)
ثعمرا,عمران و توسعه شاهد,انبوه سازی، املاک و مستغلات,55.5,زیر نظر,100,45,62,4,15680,20260928,2.6,7.8,35.1,-11.8,2.3,16.3,54.6,59.6,0,0,false,28.1,3.65,above,-5.5,0.69,14511,16592,0.81,-3.24,1.64,3.36,3.2,378,41.48,23.59,75.8,15108,14250,16592,17737,0.64,واگرایی منفی RSI | خروج مستمر پول حقیقی | P/E بالا (41) | 55٪ بالای MA200 | واگرایی منفی | حد ضرر دور (9.1٪) | نقدشوندگی کمتر از ۱۰ میلیارد تومان
ثاصفا,شرکت‌ ساختمان‌ اصفهان‌,انبوه سازی، املاک و مستغلات,55.5,زیر نظر,90,70,67.9,30,19040,20260928,-2.6,23.8,13,-34,7.2,29.1,15.3,68,12,1,true,38.3,3.36,above,-11.8,1.69,18268,19458,0.19,1.19,1.46,-0.11,1.1,8,2380,,,18400,17949,19458,19939,0.38,نقدشوندگی پایین | سهم صفی: 12 روز از ۲۰ روز در صف (ریسک نقدشوندگی و اجرای حد ضرر) | P/E بالا (2380) | نقدشوندگی کمتر از ۱۰ میلیارد تومان | صف فروش در ۵ روز اخیر
وصنا,گروه‌صنایع‌بهشهرایران‌,سرمایه گذاریها,55.4,زیر نظر,100,60,6.8,47,6280,20260928,9,18.7,104.6,57.6,7,24.2,102.8,71,3,0,false,51,3.18,above,-2,0.55,5540,6410,-14.88,-64.52,1.03,-4.98,15.05,842,7.46,7.13,4.6,6081,5881,6410,6809,0.33,خروج مستمر پول حقیقی | رشد عمودی (105٪ در ۶۰ روز، 24٪ بالای MA50) | 103٪ بالای MA200
خکار,ایرکا پارت صنعت,خودرو و ساخت قطعات,55.4,زیر نظر,90,45,17.7,60,1840,20260928,2.2,-0.1,30.4,-16.6,-0.9,7.7,41.8,52.8,2,0,false,24.1,3.72,above,-10.1,0.61,1812,1940,-1.49,-21.98,1.45,-1.62,11.59,504,3.65,,,1812,1778,1940,2047,1.61,واگرایی منفی RSI | خروج مستمر پول حقیقی | واگرایی منفی
ومعلم,بیمه معلم,بیمه وصندوق بازنشستگی به جزتامین اجتماعی,55.3,زیر نظر,100,55,87.4,10,3360,20260928,3.1,10.9,24.1,-22.8,1.9,12.7,18.9,59.2,2,0,false,25,3.68,above,-6.9,1.27,3270,3531,4.92,3.47,1.23,3.21,2.78,,,18.13,,3270,3208,3531,3610,1.12,نقدشوندگی پایین | بدون EPS مثبت | نقدشوندگی کمتر از ۱۰ میلیارد تومان
ثغرب,شرکت سرمایه گذاری مسکن شمالغرب,انبوه سازی، املاک و مستغلات,55.3,زیر نظر,100,60,69.1,4,17870,20260923,2.8,57.4,285.4,238.4,16.7,60.9,210.6,81,15,1,true,86.2,2.48,above,-5.8,0.9,9480,,8.75,31.83,1.46,-2.79,9.49,415,43.06,23.59,82.5,17427,16984,19198,20084,1.5,اشباع خرید | فاصله زیاد از MA20 | سهم صفی: 15 روز از ۲۰ روز در صف (ریسک نقدشوندگی و اجرای حد ضرر) | رشد عمودی (285٪ در ۶۰ روز، 61٪ بالای MA50) | P/E بالا (43) | 211٪ بالای MA200 | نقدشوندگی کمتر از ۱۰ میلیارد تومان | صف فروش در ۵ روز اخیر | آخرین معامله 20260923 (متوقف یا کم‌معامله)
وسین,بیمه سینا,بیمه وصندوق بازنشستگی به جزتامین اجتماعی,55.3,زیر نظر,100,60,63,10,3720,20260927,9.1,53.8,181.6,134.6,18,74.6,146.4,86.5,11,1,true,85.7,2.68,above,-2.6,0.7,2119,,15.66,-0.52,4.71,10.01,15.28,,,,,3620,3520,4020,4219,1.5,اشباع خرید | فاصله زیاد از MA20 | بدون EPS مثبت | سهم صفی: 11 روز از ۲۰ روز در صف (ریسک نقدشوندگی و اجرای حد ضرر) | رشد عمودی (182٪ در ۶۰ روز، 75٪ بالای MA50) | 146٪ بالای MA200 | صف فروش در ۵ روز اخیر | آخرین معامله 20260927 (متوقف یا کم‌معامله)
سغدیر,توسعه سرمایه و صنعت غدیر,سیمان، آهک و گچ,55.2,زیر نظر,100,55,30.9,26,23530,20260928,6.8,2.8,34.8,-12.2,1,13.1,54.7,58,3,0,false,34.9,3.63,above,-11.9,0.76,21325,26720,13.93,-38.67,0.94,-0.09,15.8,2624,8.97,6.69,34,22675,21392,26720,28430,1.49,خروج مستمر پول حقیقی | 55٪ بالای MA200 | حد ضرر دور (9.1٪)
سبزوا,سیمان لار سبزوار,سیمان، آهک و گچ,55.1,زیر نظر,100,60,48.5,4,13660,20260928,11.3,54.7,77.6,30.7,22.7,45.2,104.1,90.5,10,0,true,60.8,2.94,above,-3.5,1.14,9780,,-1.31,23.51,3.61,-8.7,19.95,615,22.21,6.69,232,13259,12858,14864,15666,1.5,اشباع خرید | فاصله زیاد از MA20 | سهم صفی: 10 روز از ۲۰ روز در صف (ریسک نقدشوندگی و اجرای حد ضرر) | رشد عمودی (78٪ در ۶۰ روز، 45٪ بالای MA50) | 104٪ بالای MA200
بهپاک,صنعتی بهپاک,محصولات غذایی و آشامیدنی به جز قند و شکر,55,زیر نظر,65,30,28,90,15950,20260928,-1.6,-0.3,17.8,-29.2,-3.8,3.4,73.9,49.5,2,0,false,18.6,3.71,above,-13.1,0.67,15700,16300,1.89,-13.88,0.62,-30.78,30.44,3539,4.51,7.05,-36.1,15700,15404,16300,18360,0.64,74٪ بالای MA200 | سرانه خرید ضعیف (0.62)
سفانو,سیمان فارس نو,سیمان، آهک و گچ,55,زیر نظر,65,40,53,57,55110,20260928,0.4,3.1,31.2,-15.8,-3.1,2.7,52.1,50,2,0,false,22.5,3.81,above,-14.5,1.03,52475,56415,5.52,41.22,0.66,-9.89,10.54,8458,6.52,7.14,-8.7,53012,51426,56415,64480,0.35,توزیع: ورود حقیقی با سرانه خرید ضعیف (0.57 در ۲۰ روز) | 52٪ بالای MA200 | سرانه خرید ضعیف (0.66)
وتوسکا,سرمایه گذاری توسعه توکا,سرمایه گذاریها,55,زیر نظر,100,35,87,25,1716,20260928,-3.8,-0.3,34.3,-12.7,1.4,13.7,30,56.7,5,0,false,32.4,3.47,above,-8,0.87,1564,1785,0.55,1.69,2.02,1.6,1.32,100,17.16,,,1656,1567,1785,1866,0.47,نقدشوندگی پایین | واگرایی منفی RSI | واگرایی منفی | حد ضرر دور (8.7٪) | نقدشوندگی کمتر از ۱۰ میلیارد تومان
پکرمان,گروه‌ صنعتی‌ بارز,لاستیک و پلاستیک,54.9,خنثی,100,45,6.7,57,7440,20260928,-0.1,6.1,26.9,-20,2,11.3,14.8,56.4,3,0,false,31.9,3.29,above,-16.2,0.66,7304,7878,-28.89,-45.02,1.01,-27.36,27.14,953,7.81,8.21,-4.9,7304,7181,7878,8260,1.69,واگرایی منفی RSI | خروج مستمر پول حقیقی | واگرایی منفی
غالبر,لبنیات‌ کالبر,محصولات غذایی و آشامیدنی به جز قند و شکر,54.9,خنثی,75,80,55.5,10,32870,20260928,9.6,14.9,12.1,-34.9,7.5,16.2,-5.6,64.8,5,0,true,22.7,3.4,above,-36.8,0.8,31325,33890,1.79,4.01,1.34,-0.34,16.52,,,8.53,,31751,30766,33890,35146,0.48,بدون EPS مثبت | توزیع: ورود حقیقی با سرانه خرید ضعیف (0.86 در ۲۰ روز)
های وب,داده گسترعصرنوین-های وب,اطلاعات و ارتباطات,54.9,خنثی,100,55,45.5,10,463,20260928,4.3,14,29.3,-17.6,0.7,18,31,59.9,1,0,false,41.5,3.61,above,-25.4,0.77,432,499,8.38,9.82,0.9,-6.09,36.18,,,7.97,,446,424,499,545,0.91,بدون EPS مثبت | توزیع: ورود حقیقی با سرانه خرید ضعیف (0.86 در ۲۰ روز) | حد ضرر دور (8.5٪)
کرماشا,صنایع پتروشیمی کرمانشاه,محصولات شیمیایی,54.9,خنثی,100,45,26.4,37,29350,20260928,-2.3,11.4,12.8,-34.1,2.2,16.9,65.4,59.4,2,0,false,43.8,3.24,above,-9.7,0.36,29000,32490,-36.69,180.68,0.82,-49.76,102.43,3386,8.67,9.63,-10,29000,28524,32490,34392,3.8,توزیع: ورود حقیقی با سرانه خرید ضعیف (0.79 در ۲۰ روز) | 65٪ بالای MA200
خبهمن,گروه‌بهمن‌,خودرو و ساخت قطعات,54.7,خنثی,90,65,9,50,2604,20260928,1,-4.3,48.5,1.6,-1.8,9,51.8,52.7,2,0,false,32.4,3.73,above,-9.2,0.79,2538,2808,-7,-40.48,1.08,-95.65,126.97,560,4.65,,,2538,2489,2808,2869,1.78,واگرایی منفی RSI | 52٪ بالای MA200 | واگرایی منفی
وامید,گروه مدیریت سرمایه گذاری امید,شرکتهای چند رشته ای صنعتی,54.7,خنثی,100,55,4.9,50,6070,20260928,4.7,8.6,4.3,-42.7,5.4,13.5,29.3,64.9,0,0,false,29.5,2.89,above,-6.6,0.47,5788,6498,-3.91,-163.07,0.96,-1.98,50.62,638,9.51,10.88,-12.6,5894,5700,6498,6850,1.16,خروج مستمر پول حقیقی | شناوری کم (6٪)
لوتوس,تامین سرمایه لوتوس پارسیان,فعالیتهای کمکی به نهادهای مالی واسط,54.7,خنثی,100,63,1.5,47,3560,20260928,2.3,22.3,39.6,-7.4,10.5,19.1,61.2,71.3,1,0,true,20.7,3.18,above,-0.6,0.58,3260,,-9.86,-27.23,0.69,-8.97,9.61,594,5.99,5.92,1.2,3447,3277,3900,4126,1.2,خروج مستمر پول حقیقی | 61٪ بالای MA200 | سرانه خرید ضعیف (0.69) | حد ضرر دور (8.0٪) | نقدشوندگی کمتر از ۱۰ میلیارد تومان | شناوری کم (4٪)
بمیلا,توسعه سرمایه گذاری میلاد پارس,تجارت عمده فروشی به جز وسایل نقلیه موتور,54.7,خنثی,90,55,56.8,10,7720,20260928,4,27,2.9,-44,5.6,19.6,7.7,63.8,8,1,false,34.7,3.35,above,-33.7,0.78,6970,8250,1.24,22.26,1.03,-0.58,8.28,,,,,7461,7073,8250,9115,0.82,بدون EPS مثبت | سهم صفی: 8 روز از ۲۰ روز در صف (ریسک نقدشوندگی و اجرای حد ضرر) | حد ضرر دور (8.4٪) | نقدشوندگی کمتر از ۱۰ میلیارد تومان | صف فروش در ۵ روز اخیر
غکورش,صنعت غذایی کورش,محصولات غذایی و آشامیدنی به جز قند و شکر,54.7,خنثی,100,60,13.7,37,27510,20260928,9,20.1,75.3,28.3,8.6,25.6,159.9,70.7,5,0,false,46.4,3.5,above,-1.4,0.61,24340,27890,-33.24,-205.09,1.29,-52.19,96.34,2993,9.19,8.53,7.8,26547,25584,27890,29816,0.2,واگرایی منفی RSI | خروج مستمر پول حقیقی | 160٪ بالای MA200 | واگرایی منفی | حد ضرر دور (7.0٪) | شناوری کم (14٪)
ونوین,بانک‌اقتصادنوین‌,بانکها و موسسات اعتباری,54.6,خنثی,100,63,1,47,4050,20260928,6.9,7.7,41.7,-5.3,5.7,16.7,89.8,64.9,1,0,false,38.1,3.66,above,-3.6,0.65,3870,4200,-128.8,-335.59,0.75,-124.29,232.49,711,5.7,5.4,5.5,3902,3796,4200,4496,0.59,واگرایی منفی RSI | خروج مستمر پول حقیقی | 90٪ بالای MA200 | سرانه خرید ضعیف (0.75) | واگرایی منفی
غشوکو,شوکو پارس,محصولات غذایی و آشامیدنی به جز قند و شکر,54.5,خنثی,95,90,0,32,12620,20260928,2.1,-1.9,65,18,5,7,97.6,60.3,2,0,true,24.8,3.65,above,-6,0.73,12300,12780,-4,-20.42,0.79,-4.93,6.32,1478,8.54,,,12300,12070,12780,13345,0.29,خروج مستمر پول حقیقی | 98٪ بالای MA200 | سرانه خرید ضعیف (0.79) | نقدشوندگی کمتر از ۱۰ میلیارد تومان
شصفها,پتروشیمی‌ اصفهان‌,محصولات شیمیایی,54.4,خنثی,90,15,87.5,70,3110,20260916,1.3,11.1,14.9,-32.1,3.9,13.6,3.1,94.7,20,0,false,77.9,0.93,above,-26.1,0.15,2919,3565,0.01,0.42,37.25,0.01,0.24,1217,2.56,,,3081,3052,3565,3687,7.84,نقدشوندگی پایین | اشباع خرید | سهم صفی: 20 روز از ۲۰ روز در صف (ریسک نقدشوندگی و اجرای حد ضرر) | نقدشوندگی کمتر از ۱۰ میلیارد تومان | آخرین معامله 20260916 (متوقف یا کم‌معامله)
سمازن,سیمان‌مازندران‌,سیمان، آهک و گچ,54.4,خنثی,90,63,2,57,83670,20260928,2.7,1.3,40.5,-6.5,-1.4,8.3,67.6,54.6,0,0,false,31.2,3.93,above,-10.5,0.75,78840,93470,-8.91,-36.36,0.72,-13.58,19.13,11804,7.09,7.14,-0.7,80384,77197,93470,100041,1.51,خروج مستمر پول حقیقی | 68٪ بالای MA200 | سرانه خرید ضعیف (0.72) | حد ضرر دور (7.7٪)
وساخت,سرمایه‌ گذاری‌ ساختمان‌ایران‌,انبوه سازی، املاک و مستغلات,54.3,خنثی,100,65,26,19,2074,20260928,-1,7.2,51.4,4.4,1.6,14.3,61.5,57.8,7,0,false,28.7,3.52,above,-10.8,0.66,1993,2324,-15.72,26.01,0.7,-16.5,23.44,144,14.4,6.61,117.9,2001,1957,2324,2470,2.13,سهم صفی: 7 روز از ۲۰ روز در صف (ریسک نقدشوندگی و اجرای حد ضرر) | 61٪ بالای MA200 | سرانه خرید ضعیف (0.70)
فروس,فروسیلیس‌ ایران‌,فلزات اساسی,54.3,خنثی,90,45,1,72,4140,20260928,-6.8,24,31.1,-15.9,-0.1,18.3,61.6,57.4,15,3,false,47.6,3.14,above,-14.1,0.75,3335,4820,-3.37,-8.77,0.6,-12.08,7.8,440,9.41,13.48,-30.2,4010,3880,4820,5080,2.62,خروج مستمر پول حقیقی | سهم صفی: 15 روز از ۲۰ روز در صف (ریسک نقدشوندگی و اجرای حد ضرر) | 62٪ بالای MA200 | سرانه خرید ضعیف (0.60) | نقدشوندگی کمتر از ۱۰ میلیارد تومان | صف فروش در ۵ روز اخیر
قجام,فرآوردههای غذایی وقندتربت‌جام‌,قند و شکر,54.3,خنثی,100,75,35,42,14760,20260928,6.9,7.9,52.6,5.7,4.5,15.1,59.1,61.5,2,0,false,26.9,3.6,above,-4.9,0.63,14580,15520,0,-0.31,2.01,2.51,2.53,2650,5.57,,,14580,14315,15520,16581,1.71,نقدشوندگی پایین | 59٪ بالای MA200 | نقدشوندگی کمتر از ۱۰ میلیارد تومان
ساوه,سیمان ساوه,سیمان، آهک و گچ,54.2,خنثی,69,30,43.2,67,10750,20260928,0.3,5,-15.4,-62.4,-1.8,2.6,24.8,49.3,2,0,false,18.1,3.72,inside,-31,0.61,10090,11430,7,6.43,0.83,-7.33,17.76,1489,7.22,6.69,7.9,10350,9890,11430,12190,0.79,توزیع: ورود حقیقی با سرانه خرید ضعیف (0.84 در ۲۰ روز) | حد ضرر دور (8.0٪)
نوری,پتروشیمی نوری,محصولات شیمیایی,54.2,خنثی,100,63,37.5,9,49980,20260928,0.1,39.6,42.4,-4.6,14.3,37.4,72.1,76.9,6,1,true,56.6,3.07,above,-3.4,1.7,38485,51760,-928.72,678.6,0.43,-1848.34,470.03,3744,13.35,9.63,38.6,48446,46912,51760,54828,0.58,سهم صفی: 6 روز از ۲۰ روز در صف (ریسک نقدشوندگی و اجرای حد ضرر) | رشد عمودی (42٪ در ۶۰ روز، 37٪ بالای MA50) | توزیع: ورود حقیقی با سرانه خرید ضعیف (0.72 در ۲۰ روز) | 72٪ بالای MA200 | سرانه خرید ضعیف (0.43) | شناوری کم (9٪) | صف فروش در ۵ روز اخیر
وطوبی,سرمایه گذاری اقتصاد شهر طوبی,سرمایه گذاریها,54.2,خنثی,100,70,71.8,9,6210,20260928,8.6,32.7,58.4,11.5,15.5,34.1,119.3,96.1,0,0,true,60.6,2.15,above,-0.5,1.3,4570,,3.91,-2.62,1.57,2.39,1.1,459,13.53,8.73,55,6077,5943,6610,6877,1.5,نقدشوندگی پایین | اشباع خرید | فاصله زیاد از MA20 | خروج مستمر پول حقیقی | رشد عمودی (58٪ در ۶۰ روز، 34٪ بالای MA50) | 119٪ بالای MA200 | نقدشوندگی کمتر از ۱۰ میلیارد تومان
سمتاز,سیمان ممتازان کرمان,سیمان، آهک و گچ,54.1,خنثی,100,45,26.5,34,64410,20260928,-1.8,15.5,19.8,-27.1,2.6,11.6,74,59,3,0,false,37.1,3.49,above,-8,0.8,59740,66410,-3.79,7.72,0.6,-5.66,3.25,8478,7.6,6.69,13.6,62162,58790,66410,70000,0.36,توزیع: ورود حقیقی با سرانه خرید ضعیف (0.80 در ۲۰ روز) | 74٪ بالای MA200 | سرانه خرید ضعیف (0.60) | حد ضرر دور (8.7٪) | نقدشوندگی کمتر از ۱۰ میلیارد تومان
سباقر,سیمان باقران,سیمان، آهک و گچ,54,خنثی,100,60,32.2,16,394100,20260928,10.4,18.8,102.9,55.9,7.6,34,173.5,71.5,7,0,false,61.7,3.19,above,-3.6,0.69,344000,409000,10.15,-38.92,0.99,-73.77,91.28,44486,8.86,6.69,32.4,381518,368936,409000,434164,0.59,سهم صفی: 7 روز از ۲۰ روز در صف (ریسک نقدشوندگی و اجرای حد ضرر) | رشد عمودی (103٪ در ۶۰ روز، 34٪ بالای MA50) | 173٪ بالای MA200
پتایر,ایران‌ تایر,لاستیک و پلاستیک,54,خنثی,85,65,2,60,2774,20260928,2.6,-3,57.5,10.5,-0.6,15.8,51.8,56.7,3,0,false,34.9,4.01,above,-8,0.88,2630,2954,-6.64,-18.45,0.65,-37.82,25.02,392,7.08,8.21,-13.8,2663,2574,2954,3015,0.9,واگرایی منفی RSI | 52٪ بالای MA200 | سرانه خرید ضعیف (0.65) | واگرایی منفی | حد ضرر دور (7.2٪)
گوهران,سرمایه گذاری توسعه گوهران امید,سرمایه گذاریها,53.9,خنثی,100,85,30.5,37,6690,20260928,6.2,11.3,73.3,26.4,6.7,14.2,68.8,77.8,0,0,true,37,2.79,above,-1,0.6,6180,6760,0.03,-13.17,0.92,-0.14,1.99,725,9.23,8.73,5.7,6504,6224,6760,7133,0.15,نقدشوندگی پایین | واگرایی منفی RSI | خروج مستمر پول حقیقی | 69٪ بالای MA200 | واگرایی منفی | نقدشوندگی کمتر از ۱۰ میلیارد تومان
فاذر,صنایع‌ آذرآب‌,ساخت محصولات فلزی,53.8,خنثی,100,75,21,14,1602,20260928,0.7,5.8,76.8,29.9,1.7,14.2,56.2,57,6,1,false,32.6,3.68,above,-10.8,1.19,1456,1638,-24.32,-9.39,2.53,-31.74,32.5,60,26.7,7.54,254.1,1543,1455,1638,1796,0.24,سهم صفی: 6 روز از ۲۰ روز در صف (ریسک نقدشوندگی و اجرای حد ضرر) | 56٪ بالای MA200 | حد ضرر دور (9.2٪) | صف فروش در ۵ روز اخیر
داوه,داروسازی آوه سینا,مواد و محصولات دارویی,53.8,خنثی,100,60,38,9,14290,20260928,15.8,35.2,180.2,133.2,11.8,49.5,176.5,79.2,12,0,false,73.3,2.84,above,0,1.03,13840,,-25.41,23.05,5.17,-53.3,31.66,760,18.8,8.86,112.2,13884,13637,15509,16322,1.87,اشباع خرید | سهم صفی: 12 روز از ۲۰ روز در صف (ریسک نقدشوندگی و اجرای حد ضرر) | رشد عمودی (180٪ در ۶۰ روز، 49٪ بالای MA50) | 177٪ بالای MA200
سبجنو,سیمان‌ بجنورد,سیمان، آهک و گچ,53.7,خنثی,88,55,5.1,60,52050,20260928,6.6,6.1,15.1,-31.9,1.2,7.4,48.4,58.3,1,0,false,19,3.33,above,-7.7,0.74,51170,56370,-3.72,-30.11,0.88,-9.9,7.55,8801,5.91,7.14,-17.2,51170,50304,56370,59835,2.47,واگرایی منفی RSI | خروج مستمر پول حقیقی | واگرایی منفی | نقدشوندگی کمتر از ۱۰ میلیارد تومان | شناوری کم (11٪)
فلوله,لوله‌وماشین‌سازی‌ایران‌,فلزات اساسی,53.6,خنثی,65,30,52.5,60,2547,20260928,0.1,-11.8,27,-19.9,-5.4,0.1,25,45,1,0,false,27.3,4.35,above,-14.8,0.82,2506,2619,1.49,13.48,0.59,-14.44,9.81,226,11.27,13.48,-16.4,2506,2451,2619,2669,0.75,توزیع: ورود حقیقی با سرانه خرید ضعیف (0.55 در ۲۰ روز) | سرانه خرید ضعیف (0.59) | نقدشوندگی کمتر از ۱۰ میلیارد تومان
شلعاب,لعابیران‌,محصولات شیمیایی,53.6,خنثی,100,55,41.5,9,1306,20260928,5,3.9,27.5,-19.5,2.2,11.6,43.3,58.4,2,0,false,31.7,3.59,above,-6.8,0.93,1199,1401,2.4,0.74,0.78,-6.5,6.99,70,18.66,9.63,93.7,1259,1189,1401,1495,0.81,واگرایی منفی RSI | توزیع: ورود حقیقی با سرانه خرید ضعیف (0.80 در ۲۰ روز) | سرانه خرید ضعیف (0.78) | واگرایی منفی | حد ضرر دور (9.0٪) | نقدشوندگی کمتر از ۱۰ میلیارد تومان
زنجان,صنایع کشاورزی وکود زنجان,محصولات شیمیایی,53.5,خنثی,100,70,88,10,2499,20260927,9.6,35.7,77.5,30.5,16.7,36.4,73.4,97.2,20,0,true,74.8,2.31,above,-1,0.93,1788,,1.17,3.05,11.27,2.77,0.64,,,,,2441,2384,2672,2787,1.5,نقدشوندگی پایین | اشباع خرید | فاصله زیاد از MA20 | بدون EPS مثبت | سهم صفی: 20 روز از ۲۰ روز در صف (ریسک نقدشوندگی و اجرای حد ضرر) | رشد عمودی (77٪ در ۶۰ روز، 36٪ بالای MA50) | 73٪ بالای MA200 | نقدشوندگی کمتر از ۱۰ میلیارد تومان | آخرین معامله 20260927 (متوقف یا کم‌معامله)
تاپیکو,س. نفت و گاز و پتروشیمی تأمین,محصولات شیمیایی,53.5,خنثی,100,60,36.9,9,49230,20260928,6,39.4,106.3,59.4,18.2,45.7,123.3,83.1,6,0,true,54.6,3.16,above,0,0.8,38039,,61.56,-188.83,1.16,-326.49,332.89,3439,14.32,9.63,48.7,47672,46115,53903,57018,1.5,واگرایی منفی RSI | اشباع خرید | فاصله زیاد از MA20 | سهم صفی: 6 روز از ۲۰ روز در صف (ریسک نقدشوندگی و اجرای حد ضرر) | رشد عمودی (106٪ در ۶۰ روز، 46٪ بالای MA50) | 123٪ بالای MA200 | واگرایی منفی | شناوری کم (11٪)
کوچین,تولیدی کوچین,محصولات غذایی و آشامیدنی به جز قند و شکر,53.4,خنثی,65,53,36.2,57,16640,20260928,2.2,-0.7,38.2,-8.8,-2.9,6.3,,51.9,4,0,false,33.6,3.72,above,-13.1,0.59,15940,17250,-13.77,-127.08,1.55,1.34,48.75,2530,6.58,7.05,-6.7,16021,15631,17250,19140,0.6,خروج مستمر پول حقیقی | 300٪ بالای کف ۵۲ هفته
شپنا,پالایش نفت اصفهان,فراورده های نفتی، کک و سوخت هسته ای,53.4,خنثی,90,75,1.5,44,13060,20260928,2.4,1.3,54.8,7.8,-1.9,9.6,93.6,54.1,1,0,false,31.7,3.65,above,-11,0.76,11930,14670,-306.11,-341.24,0.76,-697.77,985.79,1816,7.19,6.26,14.9,12583,11867,14670,15625,1.35,94٪ بالای MA200 | سرانه خرید ضعیف (0.76) | حد ضرر دور (9.1٪)
کماسه,تامین‌ ماسه‌ ریخته‌گری‌,استخراج سایر معادن,53.3,خنثی,100,65,6.2,35,5410,20260928,-5.9,21,106.5,59.5,1.9,34.8,92.6,64.7,8,1,false,69.9,3.42,above,-11.2,1.07,3952,6090,-53.6,-39.16,0.97,-49.51,39.84,209,25.89,26.17,-1.1,5225,5040,6090,6460,1.84,سهم صفی: 8 روز از ۲۰ روز در صف (ریسک نقدشوندگی و اجرای حد ضرر) | رشد عمودی (106٪ در ۶۰ روز، 35٪ بالای MA50) | 93٪ بالای MA200 | صف فروش در ۵ روز اخیر
فباهنر,مس‌ شهیدباهنر,فلزات اساسی,53.1,خنثی,90,55,0.5,60,12340,20260928,1.6,7.2,20.1,-26.9,-2.1,10.8,48.1,53.8,3,0,false,29.2,3.48,above,-12.5,0.78,11436,14110,-14.47,-69.22,0.66,-102.83,93.17,1069,11.54,13.48,-14.4,11910,11265,14110,14970,1.65,188٪ بالای کف ۵۲ هفته | سرانه خرید ضعیف (0.66) | حد ضرر دور (8.7٪)
وپترو,سرمایه‌گذاری صنایع پتروشیمی‌,محصولات شیمیایی,53.1,خنثی,100,60,20.5,24,84400,20260928,8.5,22.2,112.6,65.6,5,42.7,102.2,70.6,9,0,false,63.8,3.36,above,-5.1,0.54,75460,88910,-46.37,-296.06,2.9,-37.89,60.71,7753,10.89,9.63,13,81562,78724,88910,94586,0.79,خروج مستمر پول حقیقی | سهم صفی: 9 روز از ۲۰ روز در صف (ریسک نقدشوندگی و اجرای حد ضرر) | رشد عمودی (113٪ در ۶۰ روز، 43٪ بالای MA50) | 102٪ بالای MA200
کازرو,پتروشیمی کازرون,محصولات شیمیایی,53.1,خنثی,100,70,86.5,10,13450,20260926,15.6,45.7,95.2,48.2,21.8,44.8,75,97.7,20,0,true,79.4,2.33,above,-9.4,0.17,9730,13940,0,23.31,3.07,1.15,1.76,,,,,13136,12822,13940,14850,0.78,نقدشوندگی پایین | اشباع خرید | فاصله زیاد از MA20 | بدون EPS مثبت | سهم صفی: 20 روز از ۲۰ روز در صف (ریسک نقدشوندگی و اجرای حد ضرر) | رشد عمودی (95٪ در ۶۰ روز، 45٪ بالای MA50) | 75٪ بالای MA200 | نقدشوندگی کمتر از ۱۰ میلیارد تومان | آخرین معامله 20260926 (متوقف یا کم‌معامله)
وثنو,سرمایه گذاری ساختمانی نوین,سرمایه گذاریها,53,خنثی,100,70,27,9,7450,20260928,9.4,39.5,143.5,96.5,18.3,43.1,124.9,84.6,8,0,true,73.1,2.92,above,-1.8,1.58,6000,,-0.19,9.43,0.55,-46.1,14.47,540,13.8,8.73,58,7232,7014,8104,8539,1.5,واگرایی منفی RSI | اشباع خرید | فاصله زیاد از MA20 | سهم صفی: 8 روز از ۲۰ روز در صف (ریسک نقدشوندگی و اجرای حد ضرر) | رشد عمودی (143٪ در ۶۰ روز، 43٪ بالای MA50) | توزیع: ورود حقیقی با سرانه خرید ضعیف (0.88 در ۲۰ روز) | 125٪ بالای MA200 | سرانه خرید ضعیف (0.55) | واگرایی منفی
وسینا,بانک سینا,بانکها و موسسات اعتباری,52.9,خنثی,100,55,0.5,47,3450,20260928,4.5,2.4,32.2,-14.8,2.6,12.9,50.2,58.5,1,0,false,28.6,3.35,above,-5.2,0.67,3290,3640,-56.46,-177.55,0.65,-45.95,55.32,584,5.91,5.4,9.4,3334,3232,3640,3871,0.87,واگرایی منفی RSI | خروج مستمر پول حقیقی | 50٪ بالای MA200 | سرانه خرید ضعیف (0.65) | واگرایی منفی
کولان,کولان سل,محصولات کاغذی,52.9,خنثی,85,45,36.5,37,30880,20260928,-0.1,11.2,13.7,-33.3,3.2,8.2,,59.4,2,0,false,22.7,3.24,,-5.7,0.76,30072,32750,-5.33,-4.96,5.75,32.69,14.12,3233,9.55,10.19,-6.3,30072,29571,32750,34753,1.43,
غسالم,سالمین‌,محصولات غذایی و آشامیدنی به جز قند و شکر,52.8,خنثی,78,20,31.5,70,8510,20260928,-2.5,-1.4,13.3,-33.6,-2.5,2.5,45,48.5,4,0,false,18.1,3.69,above,-14,0.63,8000,8610,1.8,-4.09,0.98,-2.49,11.47,1348,6.31,8.53,-26,8196,7843,8610,9270,0.15,215٪ بالای کف ۵۲ هفته | حد ضرر دور (7.8٪)
شبندر,پالایش نفت بندرعباس,فراورده های نفتی، کک و سوخت هسته ای,52.7,خنثی,100,53,1.5,47,15100,20260928,-0.3,13,40.6,-6.4,4.3,19.4,99.5,63.2,2,0,false,45.5,3.74,above,-7.4,0.87,13760,16310,-553,-1227.61,0.56,-817.02,547.9,2555,5.91,6.26,-5.6,14536,13689,16310,17439,0.86,خروج مستمر پول حقیقی | 99٪ بالای MA200 | سرانه خرید ضعیف (0.56) | حد ضرر دور (9.3٪)
بجهرم,توسعه مولد نیروگاهی جهرم,عرضه برق، گاز، بخاروآب گرم,52.7,خنثی,85,65,9.8,47,3120,20260928,2,-1.6,52.3,5.4,-2.1,7.6,53.6,51.6,2,0,false,33.9,3.56,above,-11.4,0.66,2980,3400,-28.87,-72.3,1.11,-15.74,30.4,334,9.34,10.04,-7,3009,2924,3400,3520,1.43,واگرایی منفی RSI | خروج مستمر پول حقیقی | 54٪ بالای MA200 | واگرایی منفی
گکوثر,هتل پارسیان کوثر اصفهان,هتل و رستوران,52.7,خنثی,100,70,30.6,4,6130,20260928,14.6,60.1,76.7,29.7,25.3,60.5,116,94,4,0,true,78.4,2.43,above,-0.2,1.95,4660,,-9.15,6.28,0.88,-9.33,13.56,257,23.85,4.69,408.6,5981,5832,6578,6876,1.5,اشباع خرید | فاصله زیاد از MA20 | رشد عمودی (77٪ در ۶۰ روز، 60٪ بالای MA50) | 116٪ بالای MA200
خنصیر,مهندسی‌نصیرماشین‌,خودرو و ساخت قطعات,52.6,خنثی,85,45,30.5,42,4310,20260928,2.1,-0.2,20,-27,-2.6,8.8,36.7,52,1,0,false,36.2,3.74,above,-12.6,0.88,4200,4410,0.01,-0.21,0.98,-1.39,5.69,485,8.89,,,4200,4119,4410,4490,0.52,واگرایی منفی RSI | واگرایی منفی | نقدشوندگی کمتر از ۱۰ میلیارد تومان
پارسان,گسترش نفت و گاز پارسیان,محصولات شیمیایی,52.6,خنثی,100,45,17.5,37,34940,20260928,-0.5,7.4,21.9,-25.1,0.7,16.4,45.5,59,0,0,false,34.3,3.54,above,-7.7,0.54,33650,37860,-12.99,3.55,0.79,-56.9,149.16,3483,10.03,9.63,4.2,33705,33032,37860,40331,1.53,توزیع: ورود حقیقی با سرانه خرید ضعیف (0.65 در ۲۰ روز) | سرانه خرید ضعیف (0.79)
پدرخش,درخشان‌ تهران‌,لاستیک و پلاستیک,52.6,خنثی,90,45,40.5,26,6250,20260928,-5.6,14.3,13.6,-33.3,-2.1,12.6,54.6,53.2,7,1,false,35.1,3.8,above,-15.4,1.15,5729,7390,5.65,5.66,0.53,-19.86,10.07,534,11.7,8.21,42.6,6012,5656,7390,7865,1.92,سهم صفی: 7 روز از ۲۰ روز در صف (ریسک نقدشوندگی و اجرای حد ضرر) | 55٪ بالای MA200 | سرانه خرید ضعیف (0.53) | حد ضرر دور (9.5٪) | صف فروش در ۵ روز اخیر
قشیر,قند شیروان قوچان و بجنورد,قند و شکر,52.6,خنثی,100,55,22.4,24,16380,20260928,4.7,5.8,28.6,-18.3,0.2,13.1,49.7,57.9,0,0,false,29.5,3.88,above,-8.3,0.67,15950,17860,-0.09,-4.02,1.06,0.44,8.29,1524,10.75,9.57,12.3,15950,15632,17860,19132,1.98,نقدشوندگی کمتر از ۱۰ میلیارد تومان
حسینا,توسعه خدمات دریایی وبندری سینا,حمل ونقل، انبارداری و ارتباطات,52.5,خنثی,100,55,22,24,19650,20260928,10,22.4,23.8,-23.2,7.8,19.5,47,67.8,4,0,false,37.3,3.53,above,-3,0.78,18698,20260,-7.99,-49.31,2.94,-7.92,29.5,2130,9.23,7.68,20.1,18956,18351,20260,21649,0.47,خروج مستمر پول حقیقی | 152٪ بالای کف ۵۲ هفته
بکاب,صنایع‌جوشکاب‌یزد,ماشین آلات و دستگاه‌های برقی,52.5,خنثی,90,30,52,26,12220,20260928,-8.5,8,33.8,-13.1,-3.7,10.8,37.4,49.3,4,1,false,36.4,3.74,above,-17.5,1.19,12070,12740,1.64,14.49,0.64,-18.86,8.12,1077,11.35,6.15,84.5,12070,11842,12740,13050,1.37,سرانه خرید ضعیف (0.64) | نقدشوندگی کمتر از ۱۰ میلیارد تومان | صف فروش در ۵ روز اخیر
وتوسم,سرمایه‌گذاری‌توسعه‌ملی‌,سرمایه گذاریها,52.5,خنثی,100,50,3,47,4540,20260928,-1.9,24.2,73.9,26.9,4.6,32.5,87.6,70.7,3,0,false,62.5,3.21,above,-4.2,0.18,4435,4740,-1.91,-104.43,0.68,-5.09,20.76,591,7.68,7.13,7.7,4435,4362,4740,5031,1.12,واگرایی منفی RSI | خروج مستمر پول حقیقی | رشد عمودی (74٪ در ۶۰ روز، 32٪ بالای MA50) | 88٪ بالای MA200 | سرانه خرید ضعیف (0.68) | واگرایی منفی | شناوری کم (12٪)
بالبر,کابل‌ البرز,ماشین آلات و دستگاه‌های برقی,52.4,خنثی,90,45,41.8,24,27800,20260928,3.7,7.1,10.8,-36.2,1.5,13.2,8.5,58.9,0,0,false,25.6,3.97,above,-34.2,0.77,26640,28605,0.64,2.33,0.81,-5.27,7.1,309,89.97,6.15,1362.9,26697,26088,28605,34550,0.47,P/E بالا (90) | توزیع: ورود حقیقی با سرانه خرید ضعیف (0.83 در ۲۰ روز) | نقدشوندگی کمتر از ۱۰ میلیارد تومان
کفرا,فراورده‌ های‌ نسوزایران‌,سایر محصولات کانی غیرفلزی,52.4,خنثی,90,75,31.5,10,4530,20260928,4.6,11,184.7,137.8,-0.2,27.8,147.1,61.9,12,0,false,56.9,2.93,above,-11.7,1.3,4210,5130,-13.36,-48.45,3.27,-6.34,16.98,,,12.75,,4397,4198,5130,5395,1.81,خروج مستمر پول حقیقی | بدون EPS مثبت | سهم صفی: 12 روز از ۲۰ روز در صف (ریسک نقدشوندگی و اجرای حد ضرر) | رشد عمودی (185٪ در ۶۰ روز، 28٪ بالای MA50) | 147٪ بالای MA200 | حد ضرر دور (7.3٪)
سپیدار,سپیدار سیستم آسیا,رایانه و فعالیت‌های وابسته به آن,52.4,خنثی,100,55,36.5,9,10140,20260928,5.6,13.2,19.4,-27.6,4.8,14.3,46.1,61.9,1,0,false,32.9,3.23,above,-4.4,0.53,9397,10610,-2.1,-0.97,3.57,11.33,7.3,830,12.22,8.89,37.4,9813,9322,10610,11264,0.57,حد ضرر دور (8.1٪) | نقدشوندگی کمتر از ۱۰ میلیارد تومان
سدور,سیمان‌ دورود,سیمان، آهک و گچ,52.3,خنثی,100,65,27,10,33830,20260928,-3.8,26,80.4,33.5,2.8,31.7,89.3,64.5,7,1,false,60.7,3.52,above,-9.1,0.94,25890,37220,-2.07,36.45,0.48,-32.97,15.48,,,7.14,,32638,31446,37220,39604,1.42,بدون EPS مثبت | سهم صفی: 7 روز از ۲۰ روز در صف (ریسک نقدشوندگی و اجرای حد ضرر) | رشد عمودی (80٪ در ۶۰ روز، 32٪ بالای MA50) | توزیع: ورود حقیقی با سرانه خرید ضعیف (0.76 در ۲۰ روز) | 89٪ بالای MA200 | سرانه خرید ضعیف (0.48) | حد ضرر دور (7.0٪) | صف فروش در ۵ روز اخیر
لکما,کارخانجات‌مخابراتی‌ایران‌,ساخت دستگاه‌ها و وسایل ارتباطی,52.2,خنثی,90,40,58.8,10,1394,20260928,5.8,21.3,21.7,-25.2,11,24.1,21.3,89.5,6,0,true,43.6,2.37,above,-13.7,1.02,1291,1455,-2.55,4.68,1.53,5.52,4.31,,,,,1361,1328,1455,1500,0.92,اشباع خرید | بدون EPS مثبت | سهم صفی: 6 روز از ۲۰ روز در صف (ریسک نقدشوندگی و اجرای حد ضرر) | نقدشوندگی کمتر از ۱۰ میلیارد تومان
حآسا,آسیا سیر ارس,حمل ونقل، انبارداری و ارتباطات,52.1,خنثی,90,63,46.1,4,4580,20260928,4.1,4.1,38.8,-8.2,-1.3,10.1,35,56.1,2,0,false,28.1,3.69,above,-8.8,0.82,4270,5020,4.59,-0.03,0.98,0.42,5.42,152,30.13,7.68,292.3,4411,4185,5020,5358,1.12,P/E بالا (30) | حد ضرر دور (8.6٪) | نقدشوندگی کمتر از ۱۰ میلیارد تومان
فملی,ملی‌ صنایع‌ مس‌ ایران‌,فلزات اساسی,52.1,خنثی,100,65,27.5,9,25830,20260928,3.7,22.1,60.9,13.9,3.8,28.4,124.5,66.5,6,0,false,54.1,3.36,above,-7.3,0.85,24160,27870,-193.65,2505.16,0.53,-2043.32,1294.35,1411,18.31,13.48,35.8,24961,23726,27870,29607,0.97,سهم صفی: 6 روز از ۲۰ روز در صف (ریسک نقدشوندگی و اجرای حد ضرر) | توزیع: ورود حقیقی با سرانه خرید ضعیف (0.48 در ۲۰ روز) | 125٪ بالای MA200 | سرانه خرید ضعیف (0.53) | حد ضرر دور (8.1٪)
دهدشت,صنایع پتروشیمی دهدشت,محصولات شیمیایی,52.1,خنثی,100,70,62.5,10,14060,20260928,9.9,28.6,70.8,23.8,16,34.3,53.7,95.5,20,0,true,68,2.49,above,-0.7,1.19,11754,,0.2,-0.6,3.72,1.17,0.29,,,,,13710,13360,15110,15810,1.5,نقدشوندگی پایین | اشباع خرید | فاصله زیاد از MA20 | خروج مستمر پول حقیقی | بدون EPS مثبت | سهم صفی: 20 روز از ۲۰ روز در صف (ریسک نقدشوندگی و اجرای حد ضرر) | رشد عمودی (71٪ در ۶۰ روز، 34٪ بالای MA50) | 54٪ بالای MA200 | نقدشوندگی کمتر از ۱۰ میلیارد تومان
شهر,گروه مالی شهر,سرمایه گذاریها,51.9,خنثی,100,38,33.1,24,2412,20260928,4.1,16.8,40.6,-6.4,7.1,21.1,43.4,74.5,0,0,false,51.7,3.67,above,-0.7,0.78,2249,,-13.98,-28.96,1.5,1.18,4.43,291,8.29,7.13,16.3,2324,2205,2677,2854,1.28,خروج مستمر پول حقیقی | حد ضرر دور (8.6٪) | نقدشوندگی کمتر از ۱۰ میلیارد تومان | شناوری کم (7٪)
قنیشا,قند  نیشابور,قند و شکر,51.8,خنثی,100,75,23.3,4,3510,20260928,3.8,15.9,50.5,3.5,5.8,21.3,49.2,65.6,0,0,false,53.3,3.27,above,-2.8,0.72,3260,3610,-1.27,-5.24,1.09,1,5.28,119,29.5,9.8,201,3395,3223,3610,3839,0.35,واگرایی منفی RSI | واگرایی منفی | حد ضرر دور (8.2٪) | نقدشوندگی کمتر از ۱۰ میلیارد تومان
سشمال,سیمان‌ شمال‌,سیمان، آهک و گچ,51.8,خنثی,100,55,19,24,18960,20260928,5.3,16.2,27.5,-19.5,5.4,17.2,56.4,69.5,0,0,false,25.9,3.41,above,-1.2,0.23,18670,19200,-0.89,0.37,0.9,-0.96,10.39,2297,8.25,7.14,15.6,18670,18346,19200,20495,0.39,توزیع: ورود حقیقی با سرانه خرید ضعیف (0.74 در ۲۰ روز) | 56٪ بالای MA200
ما,بیمه  ما,بیمه وصندوق بازنشستگی به جزتامین اجتماعی,51.8,خنثی,100,65,1,34,3930,20260928,1.6,7.1,53.5,6.6,3.3,18.6,58.5,61.9,4,0,false,46.6,3.49,above,-4.8,0.49,3760,4130,-6.21,-11.8,0.57,-5.97,4.81,755,5.21,4.59,13.4,3793,3691,4130,4405,0.84,واگرایی منفی RSI | خروج مستمر پول حقیقی | 58٪ بالای MA200 | سرانه خرید ضعیف (0.57) | واگرایی منفی | نقدشوندگی کمتر از ۱۰ میلیارد تومان
زماهان,مجتمع تولید گوشت مرغ ماهان,زراعت و خدمات وابسته,51.7,خنثی,90,45,52.6,10,13140,20260928,1.5,-0.5,15,-32,-0.3,10.9,22.8,54.7,4,0,false,28.7,3.76,above,-9.6,0.52,12760,13385,0.08,5.45,1.24,-6.55,13.42,,,8.07,,12760,12513,13385,13790,0.39,واگرایی منفی RSI | بدون EPS مثبت | توزیع: ورود حقیقی با سرانه خرید ضعیف (0.90 در ۲۰ روز) | واگرایی منفی
تپکو,تولیدتجهیزات‌سنگین‌هپکو,ماشین آلات و تجهیزات,51.6,خنثی,90,53,46.1,10,543,20260928,-4.6,14.3,37.5,-9.5,-3.3,17.1,32,54.6,9,0,false,45.2,3.41,above,-15.4,0.92,510,556,0.1,26.29,0.96,-12.5,35.9,,,,,525,501,556,642,0.31,بدون EPS مثبت | سهم صفی: 9 روز از ۲۰ روز در صف (ریسک نقدشوندگی و اجرای حد ضرر) | حد ضرر دور (7.8٪)
غگلپا,شیر پاستوریزه پگاه گلپایگان,محصولات غذایی و آشامیدنی به جز قند و شکر,51.6,خنثی,100,60,14.3,24,24730,20260928,7.8,18.5,81.8,34.9,8.5,24.5,91.3,72.5,0,0,false,57.8,3.38,above,0,0.98,22270,,-4.15,-26.02,1.31,-2.47,8.7,2729,9.06,7.05,28.5,23893,22637,27241,28915,1.2,خروج مستمر پول حقیقی | 91٪ بالای MA200 | حد ضرر دور (8.5٪) | نقدشوندگی کمتر از ۱۰ میلیارد تومان
حریل,ریل پردازسیر,حمل ونقل، انبارداری و ارتباطات,51.6,خنثی,90,45,28.2,34,2914,20260928,-3.2,4.6,34.8,-12.2,-2.6,14,35.3,53.1,4,0,false,42,3.3,above,-14.5,0.72,2868,3410,-0.75,7.05,0.89,-1.41,4.26,303,9.62,7.68,25.2,2868,2820,3410,3603,5.27,نقدشوندگی کمتر از ۱۰ میلیارد تومان
بنیرو,نیروترانس‌,ماشین آلات و دستگاه‌های برقی,51.5,خنثی,83,45,2.5,68,3900,20260928,1,-1,32.3,-14.6,3,6.9,49.8,58.1,1,0,false,11.3,3.27,above,-3.9,0.52,3835,3970,-6.31,-32.05,0.82,-5.59,12.74,830,4.7,6.15,-23.6,3835,3771,3970,4060,0.54,واگرایی منفی RSI | خروج مستمر پول حقیقی | بدون روند (ADX پایین) | 158٪ بالای کف ۵۲ هفته | واگرایی منفی
امین,تامین سرمایه امین,فعالیتهای کمکی به نهادهای مالی واسط,51.5,خنثی,100,55,35,47,2812,20260928,3.4,3.3,28.7,-18.3,3.2,12.4,33.9,63.8,0,0,false,31.7,3.09,above,-3,0.59,2563,2898,-1.98,-8.42,6.01,2.73,2.07,469,6,5.92,1.3,2725,2594,2898,3072,0.4,نقدشوندگی پایین | واگرایی منفی RSI | خروج مستمر پول حقیقی | واگرایی منفی | حد ضرر دور (7.7٪) | نقدشوندگی کمتر از ۱۰ میلیارد تومان | شناوری کم (10٪)
کقزوی,شیشه‌ قزوین‌,سایر محصولات کانی غیرفلزی,51.5,خنثی,90,75,28,10,816,20260928,0.2,0.7,83,36,-1,12.6,36.1,55.4,0,0,false,38.6,3.77,above,-11.3,0.52,801,838,-2.45,-6.56,1.3,0.22,6.14,,,,,801,786,838,856,0.73,واگرایی منفی RSI | خروج مستمر پول حقیقی | بدون EPS مثبت | واگرایی منفی | نقدشوندگی کمتر از ۱۰ میلیارد تومان
بتک,کارخانجات کابل سازی‌ تک‌,ماشین آلات و دستگاه‌های برقی,51.4,خنثی,100,73,47,20,249200,20260928,8.1,9.1,38.9,-8.1,7,18.3,28.4,79.2,3,0,true,37.8,2.32,above,0,1.05,243428,,0,0.15,1.48,0.69,0.4,260,958.46,,,243428,240531,266581,278168,2.01,نقدشوندگی پایین | اشباع خرید | P/E بالا (958) | نقدشوندگی کمتر از ۱۰ میلیارد تومان
وگستر,گسترش سرمایه گذاری ایرانیان,سرمایه گذاریها,51.3,خنثی,100,85,7.1,10,11500,20260928,12.4,30.4,117,70,16.5,29.8,76.9,79.9,2,0,true,55.2,3.3,above,-0.2,0.69,10870,,-11.99,-23.36,1.02,-0.13,12.5,,,8.73,,11120,10680,12639,13398,1.39,اشباع خرید | فاصله زیاد از MA20 | خروج مستمر پول حقیقی | بدون EPS مثبت | رشد عمودی (117٪ در ۶۰ روز، 30٪ بالای MA50) | 77٪ بالای MA200 | حد ضرر دور (7.1٪)
لابسا,آبسال‌,ماشین آلات و تجهیزات,51.3,خنثی,88,63,33.1,16,5580,20260928,4.9,9.8,46.4,-0.6,5,14,41.9,62.4,1,0,false,17.8,3.44,above,-2.3,0.82,5500,5705,-0.06,-0.29,1.38,1.34,3.11,484,11.53,5.15,123.9,5500,5404,5705,6089,0.71,نقدشوندگی کمتر از ۱۰ میلیارد تومان
فجهان,جهان فولاد سیرجان,فلزات اساسی,51.3,خنثی,100,50,36,9,3250,20260928,3.5,31.4,93.3,46.4,8.5,41.4,81.7,75.2,8,0,false,62.6,3.17,above,-4.1,0.49,2064,3390,-23.52,-46.71,1.67,3.07,34.46,171,19.01,8.05,136.1,3147,3044,3390,3596,0.68,خروج مستمر پول حقیقی | سهم صفی: 8 روز از ۲۰ روز در صف (ریسک نقدشوندگی و اجرای حد ضرر) | رشد عمودی (93٪ در ۶۰ روز، 41٪ بالای MA50) | 82٪ بالای MA200
بسویچ,پارس‌سویچ‌,ماشین آلات و دستگاه‌های برقی,51.2,خنثی,90,63,2.5,44,5100,20260928,0,7.1,37.2,-9.7,-1.8,18.1,53,60.2,1,0,false,45.7,3.98,above,-10.2,0.51,4041,5510,-0.59,-1.62,0.8,-2.49,3.13,676,7.54,6.15,22.7,4897,4694,5510,5680,1.01,53٪ بالای MA200 | سرانه خرید ضعیف (0.80) | حد ضرر دور (8.0٪) | نقدشوندگی کمتر از ۱۰ میلیارد تومان
وکغدیر,بین المللی توسعه ص. معادن غدیر,شرکتهای چند رشته ای صنعتی,51.1,خنثی,100,50,27.5,17,6840,20260928,-1.7,31.5,129.5,82.6,8.6,38.5,92.6,71.4,8,0,false,67.5,3.13,above,-4.5,0.79,5440,7160,-62.21,345.53,0.77,-152.92,129.39,563,12.15,10.88,11.7,6626,6412,7160,7588,0.75,سهم صفی: 8 روز از ۲۰ روز در صف (ریسک نقدشوندگی و اجرای حد ضرر) | رشد عمودی (130٪ در ۶۰ روز، 38٪ بالای MA50) | توزیع: ورود حقیقی با سرانه خرید ضعیف (0.90 در ۲۰ روز) | 93٪ بالای MA200 | سرانه خرید ضعیف (0.77) | شناوری کم (10٪)
فنفت,صنایع تجهیزات نفت,فلزات اساسی,51.1,خنثی,85,53,26,34,4890,20260928,4.5,-7.9,39,-8,-1.6,6.8,38.4,51.9,1,0,false,25.9,3.5,above,-10.4,0.71,4810,5310,1.56,-9.25,0.78,-6.02,7.06,529,9.24,8.05,14.8,4810,4724,5310,5460,2.54,خروج مستمر پول حقیقی | سرانه خرید ضعیف (0.78) | نقدشوندگی کمتر از ۱۰ میلیارد تومان
سفارس,سیمان فارس و خوزستان,سیمان، آهک و گچ,51,خنثی,65,45,43,47,27850,20260928,7.3,-5.4,7.1,-39.9,-0.5,5.5,46.9,53.6,2,0,false,24.2,3.79,above,-9.9,0.6,27370,29248,2.6,4.78,0.76,-22.33,77.75,3912,7.12,7.14,-0.3,27370,26842,29248,30330,1.39,واگرایی منفی RSI | توزیع: ورود حقیقی با سرانه خرید ضعیف (0.47 در ۲۰ روز) | سرانه خرید ضعیف (0.76) | واگرایی منفی
خمهر,مهرکام‌پارس‌,خودرو و ساخت قطعات,50.9,خنثی,100,65,1.5,30,3640,20260928,-4.7,20.1,55,8.1,1.5,22,61.6,61.7,1,1,false,59.3,3.81,above,-10.8,0.8,2596,4080,-13.08,-19.05,0.59,-23.61,19.71,105,34.67,,,3501,3363,4080,4357,1.59,P/E بالا (35) | 62٪ بالای MA200 | سرانه خرید ضعیف (0.59) | حد ضرر دور (7.6٪) | صف فروش در ۵ روز اخیر
وآذر,سرمایه‌گذاری‌توسعه‌آذربایجان‌,انبوه سازی، املاک و مستغلات,50.9,خنثی,95,55,35.5,10,7440,20260928,6.9,7.4,27,-20,4.5,21.4,59.7,68.1,3,0,false,25.6,3.92,above,-2.7,0.65,6570,7650,-3.44,-15.53,10.97,7.18,11.7,,,6.61,,7148,6710,7650,8234,0.29,خروج مستمر پول حقیقی | بدون EPS مثبت | 60٪ بالای MA200 | حد ضرر دور (9.8٪)
معیار,سرمایه گذاری معیار صنعت پارس,سرمایه گذاریها,50.9,خنثی,100,85,35.5,20,2872,20260928,14,10.9,48.7,1.7,11.3,21.5,38,73.3,2,0,true,33.1,3.28,above,-9.6,1.17,2764,3176,0,-1.66,1.98,3.97,2.29,80,35.9,,,2778,2717,3176,3365,1.96,نقدشوندگی پایین | P/E بالا (36) | نقدشوندگی کمتر از ۱۰ میلیارد تومان
لپیام,گسترش صنایع پیام,ساخت دستگاه‌ها و وسایل ارتباطی,50.9,خنثی,100,50,23.4,20,119600,20260928,-5.3,41.8,139.9,93,9.1,50.7,116.8,76.2,9,0,false,79.6,3.31,above,-8,0.97,67838,130000,-13.81,-45.71,1.14,2.36,10.24,123,972.36,,,115637,111674,130000,137926,1.31,خروج مستمر پول حقیقی | سهم صفی: 9 روز از ۲۰ روز در صف (ریسک نقدشوندگی و اجرای حد ضرر) | رشد عمودی (140٪ در ۶۰ روز، 51٪ بالای MA50) | P/E بالا (972) | 117٪ بالای MA200
وپست,پست بانک ایران,بانکها و موسسات اعتباری,50.8,خنثی,90,35,2,65,9910,20260928,-1.9,-2.9,23.9,-23,-1.4,6.4,60.8,51.8,0,0,false,26,3.99,above,-10.9,0.8,9650,10060,-9.96,-109.81,0.65,-36.15,45.08,2033,4.87,5.4,-9.7,9650,9452,10060,10250,0.33,خروج مستمر پول حقیقی | 61٪ بالای MA200 | سرانه خرید ضعیف (0.65)
بانیان,نیان باتری خاوران,ماشین آلات و دستگاه‌های برقی,50.8,خنثی,95,45,37,16,18350,20260928,1.3,-1.3,28.5,-18.5,4,13.8,,62.1,1,0,false,30.1,3.32,above,-7.1,0.95,18040,18600,-9.15,-18.75,4.63,33.12,14.18,1652,11.11,5.95,86.7,18040,17736,18600,19303,0.41,خروج مستمر پول حقیقی
شپلی,پلی اکریل ایران,محصولات شیمیایی,50.6,خنثی,100,65,0.5,30,6540,20260928,-7.9,22,88.9,41.9,0,11.3,132.4,56,8,2,false,40.3,3.22,above,-11.6,1.38,6170,7400,-31.51,-24.54,0.78,-44.6,39.39,237,27.59,,,6329,6065,7400,7822,1.81,سهم صفی: 8 روز از ۲۰ روز در صف (ریسک نقدشوندگی و اجرای حد ضرر) | 132٪ بالای MA200 | سرانه خرید ضعیف (0.78) | حد ضرر دور (7.3٪) | صف فروش در ۵ روز اخیر
بیوتیک,آنتی بیوتیک سازی ایران,مواد و محصولات دارویی,50.6,خنثی,85,55,42.5,14,32100,20260928,-5.3,-0.4,126.5,79.5,-6.3,17,92.3,51.7,6,1,false,53.6,3.72,above,-16.9,1.13,16181,35970,18.77,17.55,0.72,-26.68,25.74,1448,22.17,8.86,150.2,30907,29713,35970,38640,1.62,سهم صفی: 6 روز از ۲۰ روز در صف (ریسک نقدشوندگی و اجرای حد ضرر) | رشد عمودی (126٪ در ۶۰ روز، 17٪ بالای MA50) | توزیع: ورود حقیقی با سرانه خرید ضعیف (0.78 در ۲۰ روز) | 92٪ بالای MA200 | سرانه خرید ضعیف (0.72) | حد ضرر دور (7.4٪) | صف فروش در ۵ روز اخیر
خچرخش,چرخشگر,خودرو و ساخت قطعات,50.6,خنثی,100,53,47.9,32,22710,20260928,2.2,12.6,43.3,-3.6,3.5,15.6,41.2,66.9,1,0,false,44.6,3.32,above,-4.5,0.46,21362,23791,-0.26,0.29,1.48,0.91,1.79,2337,9.72,,,21956,20985,23791,25298,0.63,نقدشوندگی پایین | حد ضرر دور (7.6٪) | نقدشوندگی کمتر از ۱۰ میلیارد تومان
بکام,کارخانجات تولیدی شهید قندی,ماشین آلات و دستگاه‌های برقی,50.5,خنثی,90,53,37.7,14,3340,20260928,-3.2,1.8,43.9,-3.1,-0.5,15.5,39.5,55.3,6,0,false,41.8,3.5,above,-12.3,0.79,3084,3380,-9.91,23.17,1.23,-17.45,14.59,24,139.17,6.15,2162.9,3223,3048,3380,3810,0.14,واگرایی منفی RSI | سهم صفی: 6 روز از ۲۰ روز در صف (ریسک نقدشوندگی و اجرای حد ضرر) | P/E بالا (139) | توزیع: ورود حقیقی با سرانه خرید ضعیف (0.88 در ۲۰ روز) | واگرایی منفی | حد ضرر دور (8.8٪)
سمایه,بانک سرمایه,بانکها و موسسات اعتباری,50.4,خنثی,100,45,35.7,10,5190,20260928,-1.7,8.6,6.5,-40.4,1.6,9.2,21.6,58.2,2,0,false,24.9,3.92,above,-7.3,2.03,4910,5405,-0.35,-0.1,1.51,7.77,3.68,,,,,4986,4808,5405,5510,0.56,واگرایی منفی RSI | بدون EPS مثبت | واگرایی منفی | حد ضرر دور (7.4٪) | نقدشوندگی کمتر از ۱۰ میلیارد تومان
وبملت,بانک ملت,بانکها و موسسات اعتباری,50.4,خنثی,70,45,1.5,80,1486,20260928,0.2,-4.4,19.9,-27.1,-1.7,9.3,43,53,2,0,false,19.4,3.4,above,-8.3,0.74,1450,1611,-658.29,-2565.2,0.57,-1387.69,1267.71,454,3.27,5.4,-39.4,1450,1425,1611,1712,2.03,واگرایی منفی RSI | خروج مستمر پول حقیقی | سرانه خرید ضعیف (0.57) | واگرایی منفی
نوین,بیمه نوین,بیمه وصندوق بازنشستگی به جزتامین اجتماعی,50.4,خنثی,100,75,17.5,4,10970,20260928,1.3,43.8,183,136.1,11,35.2,185.7,72.1,1,1,true,68.5,2.98,above,-7.2,0.93,8880,,-5.57,4.06,0.71,-20.61,11.72,358,30.64,18.13,69,10643,10317,11950,12604,1.5,رشد عمودی (183٪ در ۶۰ روز، 35٪ بالای MA50) | P/E بالا (31) | 186٪ بالای MA200 | سرانه خرید ضعیف (0.71) | صف فروش در ۵ روز اخیر
غپونه,نوش پونه مشهد,محصولات غذایی و آشامیدنی به جز قند و شکر,50.4,خنثی,81,45,11.3,57,8590,20260928,-1.3,1.1,14.2,-32.8,-1.1,0.2,73.5,50.5,3,0,false,20.4,3.73,inside,-13.1,0.44,8481,8790,-0.24,-15.81,1.21,-0.55,15.6,1310,6.56,7.05,-7,8481,8321,8790,9110,0.74,خروج مستمر پول حقیقی | 74٪ بالای MA200
رتکو,کنترل ‌خوردگی ‌تکین ‌کوی,خدمات فنی و مهندسی,50.3,خنثی,100,70,45,20,23020,20260928,9.4,30.2,88.6,41.6,15.5,35.1,74.6,83.4,3,0,true,60.8,3.68,above,-1,2.18,19700,,0,0,1.82,5.87,1.55,641,35.91,,,22172,21325,25563,27258,1.5,نقدشوندگی پایین | واگرایی منفی RSI | اشباع خرید | فاصله زیاد از MA20 | رشد عمودی (89٪ در ۶۰ روز، 35٪ بالای MA50) | P/E بالا (36) | 75٪ بالای MA200 | واگرایی منفی | حد ضرر دور (7.4٪) | نقدشوندگی کمتر از ۱۰ میلیارد تومان
وبیمه,سرمایه‌ گذاری‌ صنعت‌ بیمه‌,سرمایه گذاریها,50.1,خنثی,100,65,19.6,9,3170,20260928,-4.5,25,130.2,83.2,3.4,29,102.8,66,9,0,false,69.3,3.4,above,-9.9,0.68,2106,,-4.31,-5.11,0.9,0.96,9.43,188,16.86,7.13,136.5,3062,2954,3494,3709,1.5,سهم صفی: 9 روز از ۲۰ روز در صف (ریسک نقدشوندگی و اجرای حد ضرر) | رشد عمودی (130٪ در ۶۰ روز، 29٪ بالای MA50) | 103٪ بالای MA200 | نقدشوندگی کمتر از ۱۰ میلیارد تومان | شناوری کم (12٪)
تکاردان,تامین سرمایه کاردان,فعالیتهای کمکی به نهادهای مالی واسط,50.1,خنثی,80,45,60.5,68,2662,20260922,-0.4,4.7,23.2,-23.8,0.6,10.5,55.5,61.2,0,0,false,26,3.51,above,-4.2,1.81,2574,2732,0.81,-5.29,10.92,2.67,1.36,632,4.21,5.92,-28.9,2574,2527,2732,2780,0.52,نقدشوندگی پایین | خروج مستمر پول حقیقی | 56٪ بالای MA200 | نقدشوندگی کمتر از ۱۰ میلیارد تومان | شناوری کم (5٪) | آخرین معامله 20260922 (متوقف یا کم‌معامله)
وغدیر,سرمایه‌گذاری‌غدیر(هلدینگ‌,شرکتهای چند رشته ای صنعتی,50.1,خنثی,100,53,1,37,21220,20260928,0.8,7.9,44.3,-2.7,2.1,17.6,61.3,60.2,0,0,false,34.8,3.58,above,-7.3,0.57,20260,22890,-39.42,-186.02,0.73,-62.34,202.3,1940,10.94,10.88,0.5,20460,19880,22890,24410,1.25,واگرایی منفی RSI | 61٪ بالای MA200 | سرانه خرید ضعیف (0.73) | واگرایی منفی
سلیم,سرمایه گذاری سلیم,سرمایه گذاریها,50.1,خنثی,85,55,7.3,47,1362,20260928,4.9,0.1,24.4,-22.6,-0.1,5.8,23.8,53.8,0,0,false,29.3,3.71,above,-10,1.06,1309,1491,-9.12,-24.82,1.07,-1.66,11,146,9.33,8.73,6.9,1311,1284,1491,1578,1.65,واگرایی منفی RSI | خروج مستمر پول حقیقی | واگرایی منفی
لطیف,محصولات کاغذی لطیف,محصولات کاغذی,50,خنثی,90,35,37,27,3800,20260928,0.8,0,19.9,-27.1,-0.4,9.9,39.1,53.9,4,0,false,30.2,3.5,above,-10.4,0.61,3600,3920,-5,-12.49,10.97,13.17,9.67,315,12.06,10.19,18.4,3667,3534,3920,4240,0.45,خروج مستمر پول حقیقی | حد ضرر دور (7.0٪) | نقدشوندگی کمتر از ۱۰ میلیارد تومان
سآبیک,سیمان آبیک,سیمان، آهک و گچ,49.9,خنثی,65,45,28.7,57,73270,20260928,2.2,-0.8,16.3,-30.6,-2.2,3.3,40.5,50.8,1,0,false,22.7,3.84,above,-11.6,1.01,71480,77390,0.32,-27.25,0.91,-2.87,14.9,10205,7.18,7.14,0.6,71480,70074,77390,78590,1.29,خروج مستمر پول حقیقی
خزر,فنرسازی‌زر,خودرو و ساخت قطعات,49.9,خنثی,90,30,15.5,52,2072,20260928,-2.5,3.2,35.7,-11.3,-6.4,9.2,48.9,49.3,7,0,false,38.7,3.6,above,-18.3,1,1898,2537,-1.71,0.56,0.69,-14.47,11.31,394,5.26,,,1997,1886,2537,2686,2.5,سهم صفی: 7 روز از ۲۰ روز در صف (ریسک نقدشوندگی و اجرای حد ضرر) | توزیع: ورود حقیقی با سرانه خرید ضعیف (0.76 در ۲۰ روز) | سرانه خرید ضعیف (0.69) | حد ضرر دور (9.0٪)
زفکا,کشت و دامداری فکا,زراعت و خدمات وابسته,49.6,خنثی,88,55,24.9,24,8400,20260928,2.2,5.9,22.8,-24.1,1.5,7.4,52.2,55.9,2,0,false,15.8,3.82,above,-8.8,0.62,8130,9210,-5.07,21.64,1.16,-13.18,25.15,910,9.23,8.07,14.4,8130,7969,9210,9853,1.88,توزیع: ورود حقیقی با سرانه خرید ضعیف (0.81 در ۲۰ روز) | 52٪ بالای MA200
فجوش,جوش‌ و اکسیژن‌ ایران‌,ساخت محصولات فلزی,49.6,خنثی,100,60,60.5,10,5230,20260928,4,17.3,141.2,94.3,9.6,32.5,137.1,91.1,8,0,true,65.8,2.06,above,-1.5,0.46,4630,,0.08,-0.46,1.8,0.52,0.94,,,,,5122,5014,5554,5770,1.5,نقدشوندگی پایین | اشباع خرید | بدون EPS مثبت | سهم صفی: 8 روز از ۲۰ روز در صف (ریسک نقدشوندگی و اجرای حد ضرر) | رشد عمودی (141٪ در ۶۰ روز، 32٪ بالای MA50) | 137٪ بالای MA200 | نقدشوندگی کمتر از ۱۰ میلیارد تومان
چدن,تولیدی چدن سازان,ساخت محصولات فلزی,49.5,خنثی,100,50,1,37,4440,20260928,2.3,30.2,106.9,60,10.4,35.1,132,75.7,5,0,false,61.7,3.1,above,-2,0.6,4170,4530,-42.69,-195.58,0.82,-16.13,38.55,544,8.16,7.54,8.2,4302,4101,4530,4805,0.27,خروج مستمر پول حقیقی | رشد عمودی (107٪ در ۶۰ روز، 35٪ بالای MA50) | 132٪ بالای MA200 | حد ضرر دور (7.6٪)
هرمز,فولاد هرمزگان جنوب,فلزات اساسی,49.4,خنثی,100,65,1.6,24,4400,20260928,-2.7,27.5,54,7,3.9,19.8,100.3,62.8,9,0,false,47.6,3.25,above,-8.1,0.52,3700,,-4.04,-129.62,0.8,-27.97,55.85,435,10.11,8.05,25.7,4257,4114,4830,5116,1.5,واگرایی منفی RSI | خروج مستمر پول حقیقی | سهم صفی: 9 روز از ۲۰ روز در صف (ریسک نقدشوندگی و اجرای حد ضرر) | 100٪ بالای MA200 | واگرایی منفی
کیانا,گروه مالی کیان,سرمایه گذاریها,49.4,خنثی,65,40,61.5,26,7490,20260928,-4.1,-7.6,65.9,19,-7.9,10.3,108.5,47.5,2,0,false,49.1,3.56,above,-18.8,0.71,5630,7710,-2.53,12.17,1.89,5.57,6.25,804,9.32,7.13,30.7,7224,6957,7710,8280,0.41,واگرایی منفی RSI | 108٪ بالای MA200 | واگرایی منفی | حد ضرر دور (7.1٪) | نقدشوندگی کمتر از ۱۰ میلیارد تومان | شناوری کم (9٪)
شاوان,پالایش نفت لاوان,فراورده های نفتی، کک و سوخت هسته ای,49.3,خنثی,100,35,12,37,53230,20260928,1,50.7,108.9,62,14.1,56.4,115.8,81,12,0,false,81.7,2.98,above,-1.9,1.39,31203,54270,-426.49,-122.63,0.69,-506.09,136.15,6145,8.66,8.12,6.7,51644,50059,54270,57441,0.33,اشباع خرید | سهم صفی: 12 روز از ۲۰ روز در صف (ریسک نقدشوندگی و اجرای حد ضرر) | رشد عمودی (109٪ در ۶۰ روز، 56٪ بالای MA50) | 116٪ بالای MA200 | سرانه خرید ضعیف (0.69)
بساما,بیمه سامان,بیمه وصندوق بازنشستگی به جزتامین اجتماعی,49.2,خنثی,100,75,6.8,10,14950,20260928,0.9,25,47.7,0.7,10.3,26.8,43.6,72.1,0,0,true,54.3,3.56,above,-6.5,0.82,12900,,-2.19,-12.37,1.01,-4.26,4.72,,,18.13,,14418,13885,16547,17612,1.5,خروج مستمر پول حقیقی | بدون EPS مثبت | حد ضرر دور (7.1٪) | نقدشوندگی کمتر از ۱۰ میلیارد تومان
فولای,صنایع فولاد آلیاژی یزد,فلزات اساسی,49.1,خنثی,100,38,37,9,5030,20260928,2.9,19.2,44.1,-2.8,7.7,31.4,31.6,72.4,0,0,false,68.7,3.26,above,-6.5,0.74,4719,5216,-3.56,-62.23,1.76,23.05,25.55,393,12.8,8.05,59,4866,4637,5216,5544,0.47,خروج مستمر پول حقیقی | رشد عمودی (44٪ در ۶۰ روز، 31٪ بالای MA50) | حد ضرر دور (7.8٪)
وملی,گروه‌ صنعتی‌ ملی‌ (هلدینگ‌,دباغی، پرداخت چرم و ساخت انواع پاپوش,49,خنثی,90,45,17,35,274000,20260928,-6.4,7.5,27.6,-19.4,-0.9,13.1,32.7,53.5,4,0,false,38.9,3.62,above,-14.3,0.87,267300,319700,-16.38,4.12,0.52,-31.04,15.08,3197,85.71,87.3,-1.8,267300,262342,319700,339533,3.92,P/E بالا (86) | توزیع: ورود حقیقی با سرانه خرید ضعیف (0.76 در ۲۰ روز) | سرانه خرید ضعیف (0.52)
کرومیت,توسعه معادن کرومیت کاوندگان,استخراج کانه های فلزی,48.7,خنثی,100,53,28.6,4,5490,20260928,-3.5,32.6,46.9,-0.1,5.4,25.1,36,65.2,9,0,false,52.1,3.32,above,-7.7,0.9,5029,5950,-1.22,39.58,0.86,-14.09,23.76,198,27.73,14.44,92,5308,5035,5950,6314,1.01,سهم صفی: 9 روز از ۲۰ روز در صف (ریسک نقدشوندگی و اجرای حد ضرر) | حد ضرر دور (8.3٪)
سخاش,سیمان‌خاش‌,سیمان، آهک و گچ,48.7,خنثی,70,55,9.9,57,12840,20260928,4.4,5.6,8.6,-38.3,-1.8,5.6,43.3,53,0,0,false,21.3,3.76,above,-11.1,0.48,12110,14045,-0.85,-56.33,1.12,-5.58,18,1929,6.66,7.14,-6.8,12357,11868,14045,14450,1.24,خروج مستمر پول حقیقی | 198٪ بالای کف ۵۲ هفته | حد ضرر دور (7.6٪)
سیلام,سیمان‌ ایلام‌,سیمان، آهک و گچ,48.6,خنثی,95,55,27.6,9,22680,20260928,6.7,0.4,34.8,-12.2,3,14.8,41.6,60.1,1,0,false,22.6,3.72,above,-3,0.5,20810,23320,-2.09,-14.23,1.3,1.92,6.68,1179,19.24,7.14,169.4,21836,20570,23320,25008,0.3,خروج مستمر پول حقیقی | حد ضرر دور (9.3٪) | نقدشوندگی کمتر از ۱۰ میلیارد تومان
آینده,بازرگانی آینده سازان بهشت پارس,زراعت و خدمات وابسته,48.6,خنثی,90,70,60.5,10,4930,20260928,8.6,35.1,52.1,5.1,14.1,18,10.2,82.3,20,0,true,37.3,2.02,above,-29.5,1.33,4804,5303,0,0.24,4.8,0.7,0.27,,,,,4830,4754,5303,5820,2.11,نقدشوندگی پایین | اشباع خرید | بدون EPS مثبت | سهم صفی: 20 روز از ۲۰ روز در صف (ریسک نقدشوندگی و اجرای حد ضرر) | نقدشوندگی کمتر از ۱۰ میلیارد تومان
کساپا,سایپاشیشه‌,سایر محصولات کانی غیرفلزی,48.5,خنثی,65,55,62,10,3650,20260928,2,1.1,17.9,-29.1,0,8.1,25.3,53.8,3,0,false,26.9,3.57,above,-8.5,0.6,3490,3790,0.65,1.09,3.3,-1.13,4.9,,,12.75,,3520,3425,3790,3990,0.62,واگرایی منفی RSI | بدون EPS مثبت | توزیع: ورود حقیقی با سرانه خرید ضعیف (0.82 در ۲۰ روز) | واگرایی منفی | نقدشوندگی کمتر از ۱۰ میلیارد تومان
اوان,مبین وان کیش,اطلاعات و ارتباطات,48.5,خنثی,95,75,5.9,14,14740,20260928,5.2,3.7,48.1,1.2,0.8,16.8,88,60.7,1,0,false,37.3,3.81,above,-10.4,0.9,13640,16460,-7.86,-15.98,1,-4.8,8.98,8,1842.5,11.65,15715.5,14178,13359,16460,17583,1.25,خروج مستمر پول حقیقی | P/E بالا (1843) | 88٪ بالای MA200 | حد ضرر دور (9.4٪) | نقدشوندگی کمتر از ۱۰ میلیارد تومان
ثمسکن,سرمایه‌گذاری‌ مسکن‌,انبوه سازی، املاک و مستغلات,48.2,خنثی,100,75,3.9,9,3300,20260928,2.5,7.1,50.1,3.2,3,14,44.7,61.1,1,0,false,30.8,3.35,above,-4.1,0.6,3180,3440,-23.51,-99.46,0.92,-14.58,28.52,226,14.6,6.61,120.9,3189,3125,3440,3661,0.8,واگرایی منفی RSI | خروج مستمر پول حقیقی | واگرایی منفی
بفجر,فجر انرژی خلیج فارس,عرضه برق، گاز، بخاروآب گرم,48.2,خنثی,10,55,56.7,80,10780,20260928,3.8,-8.1,-14.8,-61.7,-2.4,-14.8,-5.5,40,1,0,true,29.6,4.08,below,-30.4,0.98,10269,11051,121.28,482.27,0.93,-15.41,76.99,1802,5.98,7.09,-15.6,10340,10049,11051,11477,0.37,توزیع: ورود حقیقی با سرانه خرید ضعیف (0.63 در ۲۰ روز) | واگرایی مثبت RSI
غبشهر,صنعتی‌ بهشهر,محصولات غذایی و آشامیدنی به جز قند و شکر,48.1,خنثی,100,60,0.5,24,19060,20260928,10.5,24.3,264.2,217.2,8,42.1,230.7,77.2,7,0,false,77.1,3.24,above,-2.5,0.85,16520,19540,-35.23,-102.7,0.59,-124.58,79.76,2019,9.44,8.53,10.7,18442,17824,19540,20776,0.39,خروج مستمر پول حقیقی | سهم صفی: 7 روز از ۲۰ روز در صف (ریسک نقدشوندگی و اجرای حد ضرر) | رشد عمودی (264٪ در ۶۰ روز، 42٪ بالای MA50) | 231٪ بالای MA200 | سرانه خرید ضعیف (0.59)
سفار,سیمان‌فارس‌,سیمان، آهک و گچ,48,خنثی,90,45,22,26,232100,20260928,-0.3,13.3,19.5,-27.4,-1.2,13.2,23.5,55.1,4,0,false,33.5,3.69,above,-13.2,0.42,224111,245450,-0.2,-1.94,1.95,-1.17,4.34,19436,11.94,7.14,67.3,224111,219827,245450,267400,1.09,نقدشوندگی کمتر از ۱۰ میلیارد تومان | شناوری کم (8٪)
ودانا,سرمایه گذاری دانایان,سرمایه گذاریها,48,خنثی,100,53,27.5,42,5280,20260928,1,16.3,40.5,-6.5,2,16.8,22,61.6,5,1,false,50,3.31,above,-17.6,1.14,5179,5455,0,0,1.3,2.08,2.02,487,10.84,,,5179,5091,5455,5774,0.92,نقدشوندگی پایین | نقدشوندگی کمتر از ۱۰ میلیارد تومان | صف فروش در ۵ روز اخیر
وتجارت,بانک تجارت,بانکها و موسسات اعتباری,47.9,خنثی,95,65,9.6,16,959,20260928,7.5,-5.2,54.4,7.4,0.8,18.9,76,60.2,1,0,false,41.5,3.5,above,-8,0.56,866,1015,-241.37,-1757.49,1.12,-218.35,1124.4,105,9.13,5.4,69.1,925,875,1015,1042,0.67,خروج مستمر پول حقیقی | 76٪ بالای MA200 | حد ضرر دور (8.7٪)
همراه,شرکت ارتباطات سیار ایران,مخابرات,47.9,خنثی,85,65,0.5,37,9620,20260928,2.9,-0.9,88.6,41.7,-1.1,16,87.8,56.3,0,0,false,35.1,3.52,above,-8.9,0.7,9300,10495,-28.82,-232.28,0.68,-27.46,40.62,1086,8.86,8.37,5.8,9300,9131,10495,11172,1.79,واگرایی منفی RSI | خروج مستمر پول حقیقی | 88٪ بالای MA200 | سرانه خرید ضعیف (0.68) | واگرایی منفی | شناوری کم (11٪)
حرهشا,رهشاد سپاهان (سهامی عام,حمل ونقل، انبارداری و ارتباطات,47.8,خنثی,100,75,31.3,20,30240,20260928,3,7.5,63.6,16.7,0.1,11.8,34.1,60.9,0,0,false,41.3,3.44,above,-6.6,0.46,29750,30950,-0.09,-3.36,1.41,0.22,1.26,351,86.15,,,29750,29230,30950,32360,0.7,نقدشوندگی پایین | واگرایی منفی RSI | خروج مستمر پول حقیقی | P/E بالا (86) | واگرایی منفی | نقدشوندگی کمتر از ۱۰ میلیارد تومان
ثتران,سرمایه گذاری مسکن تهران,انبوه سازی، املاک و مستغلات,47.7,خنثی,90,65,20.7,10,8130,20260928,1.2,-4,55.7,8.8,-0.3,13.9,50.8,58,0,0,false,43.5,3.82,above,-6.8,0.7,7490,8485,-2.46,1.62,0.97,-1.24,8.3,,,23.59,,7820,7354,8485,8720,0.46,واگرایی منفی RSI | بدون EPS مثبت | 51٪ بالای MA200 | واگرایی منفی | حد ضرر دور (9.5٪) | نقدشوندگی کمتر از ۱۰ میلیارد تومان
لازما,کارخانه های صنعتی آزمایش,ماشین آلات و تجهیزات,47.6,خنثی,100,50,10.4,20,193800,20260928,-6.9,33.3,174.5,127.5,6.3,44.3,134.7,72.4,11,1,false,74.9,3.38,above,-9.6,0.93,84600,214400,-14.15,-51.29,1.22,-4.94,9.64,4652,41.66,,,187254,180709,214400,227491,1.57,خروج مستمر پول حقیقی | سهم صفی: 11 روز از ۲۰ روز در صف (ریسک نقدشوندگی و اجرای حد ضرر) | رشد عمودی (175٪ در ۶۰ روز، 44٪ بالای MA50) | P/E بالا (42) | 135٪ بالای MA200 | نقدشوندگی کمتر از ۱۰ میلیارد تومان | صف فروش در ۵ روز اخیر
شپترو,پتروشیمی آبادان,محصولات شیمیایی,47.5,خنثی,100,50,20,10,2841,20260928,-2.5,44,91.4,44.5,10.1,36.6,98.6,71.9,11,1,false,65,3,above,-6.5,1.55,1920,3040,-3.38,1.5,0.92,-10.5,14.01,,,,,2756,2670,3040,3211,1.17,بدون EPS مثبت | سهم صفی: 11 روز از ۲۰ روز در صف (ریسک نقدشوندگی و اجرای حد ضرر) | رشد عمودی (91٪ در ۶۰ روز، 37٪ بالای MA50) | 99٪ بالای MA200 | صف فروش در ۵ روز اخیر
سغرب,سیمان‌غرب‌,سیمان، آهک و گچ,47.5,خنثی,56,45,29.8,57,8190,20260928,4.2,-0.7,4.3,-42.6,-0.8,3.1,14,52,0,0,false,20.9,3.52,inside,-18.7,0.52,7957,8318,1.09,-10.31,0.95,-2.08,7.81,1220,6.71,7.14,-6,7957,7813,8318,8670,0.34,خروج مستمر پول حقیقی | نقدشوندگی کمتر از ۱۰ میلیارد تومان
ثقزوی,شرکت عمران و سازندگی قزوین,انبوه سازی، املاک و مستغلات,47.3,خنثی,100,65,27,30,2720,20260928,-11.8,26.5,95.5,48.5,2.6,30.2,46,60.7,8,4,false,62.6,3.41,above,-14.3,0.23,2372,3172,-0.02,8.61,0.51,-1.1,2.22,35,77.71,,,2627,2535,3172,3358,2.44,نقدشوندگی پایین | سهم صفی: 8 روز از ۲۰ روز در صف (ریسک نقدشوندگی و اجرای حد ضرر) | رشد عمودی (95٪ در ۶۰ روز، 30٪ بالای MA50) | P/E بالا (78) | سرانه خرید ضعیف (0.51) | نقدشوندگی کمتر از ۱۰ میلیارد تومان | صف فروش در ۵ روز اخیر
ددام,داروسازی زاگرس فارمد پارس,مواد و محصولات دارویی,47.1,خنثی,90,65,1.2,27,13120,20260928,1.2,31.2,95.8,48.9,-0.6,33.6,104.1,62.9,7,0,false,54.2,3.61,above,-12.4,0.95,8020,14980,-10.16,-68.58,0.81,-25.21,25.61,887,14.79,12.91,14.6,12646,12172,14980,15928,1.96,خروج مستمر پول حقیقی | سهم صفی: 7 روز از ۲۰ روز در صف (ریسک نقدشوندگی و اجرای حد ضرر) | رشد عمودی (96٪ در ۶۰ روز، 34٪ بالای MA50) | 104٪ بالای MA200 | حد ضرر دور (7.2٪)
نتوس,پشم‌ بافی‌ توس,منسوجات,47,خنثی,100,60,35,25,2026,20260928,10.2,49.5,135.2,88.2,19.4,53.9,103.9,98,17,0,true,86.4,2.52,above,-2.2,0.61,1148,,0,0,3.74,1.32,1.09,156,12.99,,,1975,1924,2179,2282,1.5,نقدشوندگی پایین | اشباع خرید | فاصله زیاد از MA20 | سهم صفی: 17 روز از ۲۰ روز در صف (ریسک نقدشوندگی و اجرای حد ضرر) | رشد عمودی (135٪ در ۶۰ روز، 54٪ بالای MA50) | 104٪ بالای MA200 | نقدشوندگی کمتر از ۱۰ میلیارد تومان
تکمبا,کمباین‌ سازی‌ ایران‌,ماشین آلات و تجهیزات,46.9,خنثی,90,45,17.5,26,8360,20260928,-3.8,4.5,22.2,-24.8,-2.4,9.6,34.3,50.3,5,0,false,40.9,3.82,above,-15.5,0.84,7840,8600,-1.48,1.33,0.86,-4.93,5.35,809,10.33,5.15,100.7,8041,7680,8600,9890,0.35,حد ضرر دور (8.1٪) | نقدشوندگی کمتر از ۱۰ میلیارد تومان
سیمرغ,سیمرغ,زراعت و خدمات وابسته,46.9,خنثی,90,65,1.5,26,5320,20260928,-6,4.5,62.4,15.5,-3,18.8,96.5,54,5,0,false,54.5,3.33,above,-15.2,1.5,5240,6270,-41.68,-78.17,0.33,-85.16,18.41,513,10.37,6.33,63.8,5240,5152,6270,6624,5.64,واگرایی منفی RSI | خروج مستمر پول حقیقی | 97٪ بالای MA200 | سرانه خرید ضعیف (0.33) | واگرایی منفی
درهآور,دارویی ره آورد تامین,مواد و محصولات دارویی,46.8,خنثی,65,45,26,47,15290,20260928,7.7,-1.9,29.9,-17.1,-3.3,5.7,42.7,51.3,1,0,false,28.7,3.83,above,-14.5,0.85,13780,16790,0.39,-50.4,0.73,-12.48,15.76,1808,8.46,8.86,-4.6,14704,13824,16790,17880,1.02,واگرایی منفی RSI | خروج مستمر پول حقیقی | سرانه خرید ضعیف (0.73) | واگرایی منفی | حد ضرر دور (9.6٪)
خکمک,کمک‌فنرایندامین‌,خودرو و ساخت قطعات,46.6,خنثی,70,45,26.5,40,2735,20260928,-7,8.4,19.2,-27.7,-3.6,12.8,17.8,50.8,4,1,false,35.4,3.74,above,-26.4,0.79,2647,2950,-2.53,18.4,0.6,-16.6,10.9,47,58.19,,,2647,2596,2950,3250,1.54,P/E بالا (58) | سرانه خرید ضعیف (0.60) | صف فروش در ۵ روز اخیر
غبهنوش,بهنوش‌ ایران‌,محصولات غذایی و آشامیدنی به جز قند و شکر,46.6,خنثی,81,70,19.1,14,84250,20260928,4.4,17,17.6,-29.4,11.4,5.3,19.3,63,2,0,true,20.1,3.28,inside,-18.2,1.05,78310,86100,-12.28,-11.48,1.44,-8,17.36,1714,49.15,8.53,476.2,81484,77336,86100,90023,0.27,P/E بالا (49) | حد ضرر دور (8.2٪)
وخارزم,سرمایه گذاری خوارزمی,سرمایه گذاریها,46.5,خنثی,100,60,22,16,9080,20260923,2.8,18.5,86,39,8.4,29.3,127.7,71.8,1,0,false,64.4,3.14,above,0,1.31,8290,,-92.84,-411.44,1.24,-42.71,112.77,830,10.94,7.13,53.4,8795,8368,9934,10504,1.2,واگرایی منفی RSI | خروج مستمر پول حقیقی | 128٪ بالای MA200 | واگرایی منفی | حد ضرر دور (7.8٪) | آخرین معامله 20260923 (متوقف یا کم‌معامله)
ومهان,گروه توسعه مالی مهرآیندگان,سرمایه گذاریها,46.5,خنثی,90,45,16,26,5650,20260928,-2.9,5.4,34.9,-12,-1.4,13.8,51.8,56,7,0,false,33.2,3.34,above,-10.9,0.42,5500,5913,-85.22,55.5,0.35,-139.36,115.36,532,10.62,7.13,49,5500,5406,5913,6340,1.08,واگرایی منفی RSI | سهم صفی: 7 روز از ۲۰ روز در صف (ریسک نقدشوندگی و اجرای حد ضرر) | توزیع: ورود حقیقی با سرانه خرید ضعیف (0.61 در ۲۰ روز) | 52٪ بالای MA200 | سرانه خرید ضعیف (0.35) | واگرایی منفی | شناوری کم (10٪)
تجلی,تجلی توسعه معادن و فلزات,استخراج کانه های فلزی,46.5,خنثی,100,45,26,4,2055,20260928,-0.6,18,18.6,-28.4,5.3,15.7,32.4,62.3,1,0,false,39.2,3.27,above,-6.3,0.6,1933,2194,-19.06,31.45,0.54,-22.08,16.37,37,55.54,14.44,284.6,1988,1899,2194,2328,0.89,P/E بالا (56) | سرانه خرید ضعیف (0.54) | حد ضرر دور (7.6٪)
سفارود,کارخانه فارسیت درود,سایر محصولات کانی غیرفلزی,46.5,خنثی,100,70,60,10,13060,20260927,10.2,41.6,86,39.1,19.3,50,90.8,97.6,14,0,true,87.5,1.71,above,0,0.41,7360,,0,30.88,5.44,1.87,2.45,,,,,12837,12613,13730,14176,1.5,نقدشوندگی پایین | اشباع خرید | فاصله زیاد از MA20 | بدون EPS مثبت | سهم صفی: 14 روز از ۲۰ روز در صف (ریسک نقدشوندگی و اجرای حد ضرر) | رشد عمودی (86٪ در ۶۰ روز، 50٪ بالای MA50) | 91٪ بالای MA200 | نقدشوندگی کمتر از ۱۰ میلیارد تومان | آخرین معامله 20260927 (متوقف یا کم‌معامله)
گپارس,امور رفاهی کارگزاران پارس,هتل و رستوران,46.4,خنثی,100,58,39.2,20,290500,20260928,7.5,30.8,45.8,-1.2,13.1,18.6,56.7,82.7,0,0,true,26.1,3.66,above,-2.5,1.22,220600,293550,0,-0.17,1.37,0.92,0.56,723,401.8,,,279874,269249,293550,314801,0.14,نقدشوندگی پایین | اشباع خرید | P/E بالا (402) | 57٪ بالای MA200 | حد ضرر دور (7.3٪) | نقدشوندگی کمتر از ۱۰ میلیارد تومان
مبین,مبین انرژی خلیج فارس,عرضه برق، گاز، بخاروآب گرم,46.4,خنثی,25,43,54,67,12080,20260928,-0.1,-10.9,-9.9,-56.8,-2.5,-15.2,10.9,38.4,0,0,true,27.5,4.34,below,-30.4,0.71,11750,12270,111.03,1754.02,0.6,-261.11,242.13,1581,7.64,7.09,7.8,11750,11488,12270,12930,0.32,توزیع: ورود حقیقی با سرانه خرید ضعیف (0.62 در ۲۰ روز) | 185٪ بالای کف ۵۲ هفته | سرانه خرید ضعیف (0.60) | واگرایی مثبت RSI
خوساز,محورسازان‌ایران‌خودرو,خودرو و ساخت قطعات,46.1,خنثی,90,55,22.6,10,18710,20260928,1.6,2.3,31.2,-15.8,-1.5,10.1,21.2,54.7,0,0,false,25.1,3.83,above,-10.7,0.45,18070,19350,-0.41,-14.73,1.02,1.25,5.81,,,,,18070,17712,19350,20950,0.64,خروج مستمر پول حقیقی | بدون EPS مثبت | نقدشوندگی کمتر از ۱۰ میلیارد تومان
دروز,داروسازی‌ روزدارو,مواد و محصولات دارویی,46.1,خنثی,100,35,32.5,4,28770,20260928,0.2,46.1,210.5,163.5,13.7,49.3,122.8,80.3,8,0,false,58.1,3.11,above,-3.3,1.71,18716,29757,-11.5,-3.88,2.87,-6.62,4.78,164,175.43,12.91,1258.8,27876,26981,29757,31546,0.55,اشباع خرید | سهم صفی: 8 روز از ۲۰ روز در صف (ریسک نقدشوندگی و اجرای حد ضرر) | رشد عمودی (210٪ در ۶۰ روز، 49٪ بالای MA50) | P/E بالا (175) | 123٪ بالای MA200 | نقدشوندگی کمتر از ۱۰ میلیارد تومان
آریان,سرمایه گذاری پارس آریان,سرمایه گذاریها,45.9,خنثی,100,60,6.6,9,7930,20260928,4.8,23.5,57.3,10.4,11.2,31.7,72,82.7,1,0,true,70.4,3.22,above,-1.9,0.4,6650,,-15.11,-225.16,1.01,-16.52,34.81,492,16.12,8.73,84.6,7675,7419,8696,9206,1.5,اشباع خرید | خروج مستمر پول حقیقی | رشد عمودی (57٪ در ۶۰ روز، 32٪ بالای MA50) | 72٪ بالای MA200
شستا,سرمایه گذاری تامین اجتماعی,شرکتهای چند رشته ای صنعتی,45.9,خنثی,100,65,2.5,9,3550,20260928,-2.5,20,64,17,6.1,23.7,85.5,65,5,0,false,50.6,3.09,above,-6.8,0.93,3047,3810,-377.98,-539.69,0.68,-752.07,566.11,218,16.28,10.88,49.7,3440,3331,3810,4029,1.19,86٪ بالای MA200 | سرانه خرید ضعیف (0.68) | شناوری کم (13٪)
لسرما,سرما آفرین‌,ماشین آلات و تجهیزات,45.8,خنثی,90,50,16,19,6480,20260928,-6.2,6.4,49.8,2.8,-3.4,9.9,38.3,49.6,6,2,false,44,3.63,above,-15.1,1.36,5885,6574,-2.37,1.63,0.57,-7.82,6.73,411,15.77,5.15,206.1,6245,5892,6574,6909,0.16,واگرایی منفی RSI | سهم صفی: 6 روز از ۲۰ روز در صف (ریسک نقدشوندگی و اجرای حد ضرر) | سرانه خرید ضعیف (0.57) | واگرایی منفی | حد ضرر دور (9.1٪) | نقدشوندگی کمتر از ۱۰ میلیارد تومان | صف فروش در ۵ روز اخیر
زاگرس,پتروشیمی زاگرس,محصولات شیمیایی,45.6,خنثی,100,65,1.5,9,173000,20260928,3.6,22,53.2,6.2,7.4,25.1,47.4,68.8,1,0,false,52.4,3.2,above,-2.6,0.85,168899,177700,-29.4,-17.66,0.78,-16.47,29.73,9222,18.76,8.01,134.2,168899,166128,177700,188786,0.68,سرانه خرید ضعیف (0.78)
کیا,کیا الکترود شرق,ساخت محصولات فلزی,45.5,خنثی,100,73,39.4,4,10370,20260928,10.6,17.7,40.1,-6.8,11.8,19.5,26.3,74.2,0,0,true,24.4,3.57,above,-0.1,1.71,9923,,-0.11,-4.48,1.34,3.33,2.17,262,39.58,6.02,557.5,10000,9738,11480,12220,1.76,نقدشوندگی پایین | خروج مستمر پول حقیقی | P/E بالا (40) | نقدشوندگی کمتر از ۱۰ میلیارد تومان
گدنا,تهیه توزیع غذای دنا آفرین فدک,هتل و رستوران,45.4,خنثی,65,30,35.5,44,6760,20260928,-1.9,-3.2,20.6,-26.4,-3.9,7.8,27.6,49.4,3,0,false,34,3.55,above,-14.4,0.86,6500,7040,-4.25,-5.71,8,24.17,16.15,1145,5.9,4.69,25.9,6520,6380,7040,7190,0.74,واگرایی منفی RSI | واگرایی منفی
ولتجار,واسپاری تجارایرانیان,سایر واسطه گریهای مالی,45.4,خنثی,65,20,51.5,36,3140,20260928,-7.1,-6.3,28.7,-18.3,-4.7,7.1,-19.5,47.6,3,1,false,36.8,3.77,above,-50.2,1.12,3089,3450,9.73,10.88,0.63,-2.2,5.74,278,11.29,5.8,94.7,3089,3029,3450,3679,2.8,واگرایی منفی RSI | توزیع: ورود حقیقی با سرانه خرید ضعیف (0.81 در ۲۰ روز) | سرانه خرید ضعیف (0.63) | واگرایی منفی | نقدشوندگی کمتر از ۱۰ میلیارد تومان | صف فروش در ۵ روز اخیر
فلات,گروه صنایع معادن فلات ایرانیان,سرمایه گذاریها,45.4,خنثی,100,70,35.5,10,28940,20260928,15.8,55.6,172,125.1,26.1,57,107.3,93.3,12,0,true,71.4,2.59,above,0,0.4,19650,,-0.93,-17.75,4.45,1.36,2.32,,,,,28190,27441,31189,32689,1.5,نقدشوندگی پایین | اشباع خرید | فاصله زیاد از MA20 | خروج مستمر پول حقیقی | بدون EPS مثبت | سهم صفی: 12 روز از ۲۰ روز در صف (ریسک نقدشوندگی و اجرای حد ضرر) | رشد عمودی (172٪ در ۶۰ روز، 57٪ بالای MA50) | 107٪ بالای MA200 | نقدشوندگی کمتر از ۱۰ میلیارد تومان
قمرو,قند مرودشت‌,قند و شکر,45.3,خنثی,65,20,17,70,9990,20260928,-2.3,-0.2,16.3,-30.7,-2.7,3.5,56.7,47.9,1,0,false,15,3.81,above,-11.4,0.85,9870,10180,-2.65,6.12,0.43,-19.86,8.15,1450,6.89,9.8,-29.7,9870,9680,10180,10510,0.61,بدون روند (ADX پایین) | توزیع: ورود حقیقی با سرانه خرید ضعیف (0.61 در ۲۰ روز) | 57٪ بالای MA200 | سرانه خرید ضعیف (0.43) | نقدشوندگی کمتر از ۱۰ میلیارد تومان
شتهران,داروسازی تهران شیمی,مواد و محصولات دارویی,45.3,خنثی,50,70,35,70,6770,20260928,3.1,10.6,-17.4,-64.4,5.7,1.3,-22.7,67.2,20,0,true,37.4,0.92,below,-40.5,0.91,6004,6951,0,0,3.8,0.29,0.1,1711,3.96,,,6707,6645,6951,7136,1.44,نقدشوندگی پایین | سهم صفی: 20 روز از ۲۰ روز در صف (ریسک نقدشوندگی و اجرای حد ضرر) | نقدشوندگی کمتر از ۱۰ میلیارد تومان | واگرایی مثبت RSI
قنقش,قند نقش جهان,قند و شکر,45.1,خنثی,90,75,2.5,10,1997,20260928,4.1,10.7,49.6,2.6,4.4,12.2,7.7,62.5,1,0,false,27.4,4.09,above,-28.1,1.07,1960,2067,-7.25,-1.65,0.4,-15.29,5.16,,,,,1960,1919,2067,2124,0.9,بدون EPS مثبت | سرانه خرید ضعیف (0.40) | نقدشوندگی کمتر از ۱۰ میلیارد تومان
تادیکو,س.کشت ودام صنایع لبنی تامین,زراعت و خدمات وابسته,45,خنثی,73,45,37.5,19,7690,20260928,-0.8,8.2,12.3,-34.7,3.4,6.7,,57.9,0,0,false,16.2,3.38,,-10.8,0.82,7521,7990,-27.81,-19.24,3.08,40.05,26.76,546,14.08,6.33,122.5,7521,7391,7990,8624,1,شناوری کم (6٪)
پرداخت,به پرداخت ملت,رایانه و فعالیت‌های وابسته به آن,44.9,خنثی,70,20,26.5,53,6690,20260928,-4.3,0,28.7,-18.3,-8.2,2.7,18.4,44.7,4,1,false,32.3,4.01,above,-17.3,0.68,6370,7490,-2.79,39.66,0.72,-8.14,9.93,481,13.91,18.19,-23.5,6422,6236,7490,8090,1.76,توزیع: ورود حقیقی با سرانه خرید ضعیف (0.83 در ۲۰ روز) | سرانه خرید ضعیف (0.72) | نقدشوندگی کمتر از ۱۰ میلیارد تومان | شناوری کم (5٪) | صف فروش در ۵ روز اخیر
کمرجان,بازرگانی و تولیدی مرجان کار,سایر محصولات کانی غیرفلزی,44.8,خنثی,100,45,4.3,19,4600,20260928,-0.9,8.2,-5.1,-52,1.8,10.6,37.4,56.1,2,0,false,27.2,3.48,above,-12.7,0.75,4400,5180,-1.73,-9.35,0.91,-3.51,8.39,299,15.38,10.33,48.9,4440,4320,5180,5268,2.07,خروج مستمر پول حقیقی | نقدشوندگی کمتر از ۱۰ میلیارد تومان
خعمرا,توسعه و عمران شهرستان نائین,خودرو و ساخت قطعات,44.8,خنثی,100,55,30,25,6970,20260928,0.8,16.8,32.4,-14.5,7.9,26.3,37.6,70.3,5,1,true,40.4,3.46,above,-7.4,1.59,6321,,0,0.06,0.98,-2.02,1.57,458,15.22,,,6729,6366,7694,8177,1.2,نقدشوندگی پایین | حد ضرر دور (8.7٪) | نقدشوندگی کمتر از ۱۰ میلیارد تومان | صف فروش در ۵ روز اخیر
وپسا,گ.س.پتروشیمی ساختمان خلیج فارس,پیمانکاری صنعتی,44.7,خنثی,70,28,42.5,30,2565,20260928,-9,-1.6,43.8,-3.2,-6.2,8.7,45.1,47.7,5,2,false,40.9,3.76,above,-17.5,1.12,2482,2684,0.23,1.06,0.64,-8.25,5.62,20,128.25,,,2482,2434,2684,3110,0.91,واگرایی منفی RSI | P/E بالا (128) | سرانه خرید ضعیف (0.64) | واگرایی منفی | نقدشوندگی کمتر از ۱۰ میلیارد تومان | صف فروش در ۵ روز اخیر
کصدف,کاشی صدف سرام استقلال آباده,کاشی و سرامیک,44.7,خنثی,65,20,49.7,35,7570,20260928,-2.7,-5,27.3,-19.6,-3.8,4.8,50.8,48.6,3,0,false,30.2,3.59,above,-14.9,0.85,7210,8180,0.24,-1.23,1.11,1.44,7.68,548,13.81,,,7298,7074,8180,8900,1.23,51٪ بالای MA200 | نقدشوندگی کمتر از ۱۰ میلیارد تومان
شفام,تولیدی و صنعتی گوهرفام,محصولات شیمیایی,44.7,خنثی,70,20,44.6,34,2630,20260928,-3.8,-1,33.4,-13.6,-3.2,4.9,28.7,49.6,4,0,false,30,3.72,above,-14.6,0.98,2502,2736,-0.96,3.51,1.28,2.87,4.67,282,9.33,8.01,16.4,2532,2453,2736,3079,0.6,نقدشوندگی کمتر از ۱۰ میلیارد تومان
ثنام,س ساختمانی ب نام آوران مهندسی,انبوه سازی، املاک و مستغلات,44.6,خنثی,100,85,20.5,10,2298,20260928,10.1,29.2,82.7,35.7,11.1,27.6,66.4,79.7,2,0,true,57,3.72,above,-2.5,1.06,2242,,-6.97,-9.89,1.62,-0.87,2.23,,,,,2242,2199,2554,2725,2.6,نقدشوندگی پایین | اشباع خرید | خروج مستمر پول حقیقی | بدون EPS مثبت | 66٪ بالای MA200 | نقدشوندگی کمتر از ۱۰ میلیارد تومان
وهنر,گروه توسعه هنر ایران,فعالیت های هنری، سرگرمی و خلاقانه,44.5,خنثی,65,55,46.2,10,4540,20260928,-0.2,7.3,30,-17,-0.9,13.7,-27.2,56.1,0,0,false,28.1,3.8,above,-54.2,1.29,4430,4850,2.95,-13.57,0.97,1.09,4.93,,,,,4430,4344,4850,4980,1.58,واگرایی منفی RSI | خروج مستمر پول حقیقی | بدون EPS مثبت | واگرایی منفی | نقدشوندگی کمتر از ۱۰ میلیارد تومان
کدما,معدنی‌ دماوند,استخراج کانه های فلزی,44.4,خنثی,90,35,1.5,40,87380,20260928,-2.8,-0.7,14.8,-32.2,-0.5,8.1,50.9,52.1,4,0,false,26.4,3.52,above,-11.9,1.06,83300,91475,-6.16,-11.28,0.58,-30.43,15.77,6579,13.28,13.76,-3.5,84305,81763,91475,99130,0.73,واگرایی منفی RSI | 51٪ بالای MA200 | سرانه خرید ضعیف (0.58) | واگرایی منفی
بزاگرس,نیروگاه زاگرس کوثر,عرضه برق، گاز، بخاروآب گرم,44.4,خنثی,85,38,26,19,7800,20260928,-2.3,-2.9,38,-9,-6.4,11.6,47.1,49.9,1,0,false,35.2,3.96,above,-17.3,0.46,6123,9430,-0.37,14.52,0.76,-4.52,8.72,466,16.74,10.04,66.7,7491,7183,9430,10047,2.64,توزیع: ورود حقیقی با سرانه خرید ضعیف (0.81 در ۲۰ روز) | سرانه خرید ضعیف (0.76) | حد ضرر دور (7.9٪) | نقدشوندگی کمتر از ۱۰ میلیارد تومان
وکار,بانک‌ کارآفرین‌,بانکها و موسسات اعتباری,44.3,خنثی,90,65,1,16,6060,20260928,-2.9,10.2,78.2,31.3,-1,28.4,115.1,64.4,0,0,false,63.6,3.5,above,-7.3,0.21,3500,6420,-17.27,-356.87,0.74,-16.89,54.63,650,9.32,5.4,72.6,5848,5635,6420,6540,0.85,خروج مستمر پول حقیقی | 115٪ بالای MA200 | سرانه خرید ضعیف (0.74) | حد ضرر دور (7.0٪)
آبادا,تولید نیروی برق آبادان,عرضه برق، گاز، بخاروآب گرم,44.3,خنثی,100,45,37,4,11340,20260927,1.9,-3.1,32,-15,1.7,11.6,42.1,58.4,0,0,false,23.8,3.62,above,-4.2,0.61,11010,11675,-4.75,-9.38,5.55,6.05,4.22,272,41.69,7.09,488,11010,10805,11675,12497,0.63,خروج مستمر پول حقیقی | P/E بالا (42) | نقدشوندگی کمتر از ۱۰ میلیارد تومان | شناوری کم (10٪) | آخرین معامله 20260927 (متوقف یا کم‌معامله)
وملت,سرمایه گذاری ملت,سرمایه گذاریها,44.3,خنثی,100,50,45,32,4470,20260922,4,10.6,30.6,-16.4,5.1,11.8,23,99.4,20,0,true,92.6,0.86,above,-0.7,1.92,3935,,0,0,5.58,0.53,0.07,491,9.1,,,4432,4394,4585,4661,1.5,نقدشوندگی پایین | اشباع خرید | سهم صفی: 20 روز از ۲۰ روز در صف (ریسک نقدشوندگی و اجرای حد ضرر) | نقدشوندگی کمتر از ۱۰ میلیارد تومان | آخرین معامله 20260922 (متوقف یا کم‌معامله)
کیسون,شرکت کیسون,خدمات فنی و مهندسی,44.1,خنثی,90,20,16.5,36,1790,20260928,-4.7,-1.8,22.9,-24,-4.1,6.6,10,48,3,1,false,24.3,3.91,above,-42.4,0.87,1755,1881,-5.44,8.49,0.65,-33.21,30.98,166,10.78,2.41,347.4,1755,1720,1881,1944,1.31,سرانه خرید ضعیف (0.65) | صف فروش در ۵ روز اخیر
غگرجی,بیسکویت‌  گرجی‌,محصولات غذایی و آشامیدنی به جز قند و شکر,44.1,خنثی,50,50,62.5,14,3710,20260928,-1.9,-16.1,57.8,10.8,-7.6,-2.1,72.2,42.1,1,0,false,39.3,3.86,above,-21.2,0.67,2782,4080,1.3,0.93,1.6,-1.71,4.21,45,82.44,8.53,866.5,3567,3423,4080,4710,1.29,P/E بالا (82) | توزیع: ورود حقیقی با سرانه خرید ضعیف (0.86 در ۲۰ روز) | 72٪ بالای MA200 | حد ضرر دور (7.7٪) | نقدشوندگی کمتر از ۱۰ میلیارد تومان
کهرام,تولیدی گرانیت بهسرام,کاشی و سرامیک,44.1,خنثی,100,70,50.5,10,35710,20260926,8.5,24,50.7,3.7,12,28.4,56.7,88.5,9,0,true,60.3,2.23,above,-0.4,0.77,32000,,0,0.05,2.32,1.31,0.64,,,,,34913,34117,38100,39693,1.5,نقدشوندگی پایین | اشباع خرید | بدون EPS مثبت | سهم صفی: 9 روز از ۲۰ روز در صف (ریسک نقدشوندگی و اجرای حد ضرر) | 57٪ بالای MA200 | نقدشوندگی کمتر از ۱۰ میلیارد تومان | آخرین معامله 20260926 (متوقف یا کم‌معامله)
وفیروزه,گروه توسعه مالی فیروزه,سرمایه گذاریها,43.9,خنثی,68,53,35.5,16,5290,20260928,1.3,-0.8,38.1,-8.8,1.5,7.5,,56.4,2,0,false,19.2,3.34,,-6.9,0.39,5000,5495,-9.28,-99.78,4.27,20.59,19.57,451,11.73,7.13,64.5,5113,4912,5495,5680,0.54,واگرایی منفی RSI | خروج مستمر پول حقیقی | واگرایی منفی | حد ضرر دور (7.2٪)
خپارس,پارس خودرو,خودرو و ساخت قطعات,43.9,خنثی,100,50,5.4,10,2096,20260928,-4.7,37.6,95.5,48.6,10,42.7,113.5,74.8,10,2,false,62.7,3.24,above,-7.5,1.09,1216,2266,-27.55,-33.59,0.92,-1.85,82.82,,,,,2028,1960,2266,2402,1.25,بدون EPS مثبت | سهم صفی: 10 روز از ۲۰ روز در صف (ریسک نقدشوندگی و اجرای حد ضرر) | رشد عمودی (96٪ در ۶۰ روز، 43٪ بالای MA50) | 114٪ بالای MA200 | صف فروش در ۵ روز اخیر
گشان,توسعه بین المللی پدیده شاندیز,هتل و رستوران,43.5,خنثی,85,28,7.6,42,27760,20260928,-2.4,-8.1,43.2,-3.7,-4,2.2,44.6,47,1,0,false,32.9,4.1,above,-12.6,0.93,26018,28050,-8.66,-34.57,1.07,-1.41,12.69,3153,8.8,,,26623,25449,28050,29990,0.13,واگرایی منفی RSI | خروج مستمر پول حقیقی | واگرایی منفی | حد ضرر دور (8.3٪)
فمراد,آلومراد,فلزات اساسی,43.5,خنثی,100,53,1.5,10,3720,20260928,-6.8,5.4,44.3,-2.7,0.1,13.5,37.2,56.9,3,1,false,40.8,3.9,above,-9.3,0.88,3630,3780,-1.96,-3.7,0.61,-10.33,7.58,,,13.48,,3630,3557,3780,4100,0.37,واگرایی منفی RSI | بدون EPS مثبت | سرانه خرید ضعیف (0.61) | واگرایی منفی | نقدشوندگی کمتر از ۱۰ میلیارد تومان | صف فروش در ۵ روز اخیر
کالا,بورس کالای ایران,فعالیتهای کمکی به نهادهای مالی واسط,43.4,خنثی,100,50,4.6,9,11570,20260928,3.5,22.8,62,15.1,9.9,23,105.7,71.3,6,0,false,34.4,3.15,above,-1.9,0.79,9730,11800,-36.17,-256.85,0.92,-59.78,146.61,885,13.07,5.92,120.8,11205,10841,11800,12529,0.32,خروج مستمر پول حقیقی | سهم صفی: 6 روز از ۲۰ روز در صف (ریسک نقدشوندگی و اجرای حد ضرر) | 106٪ بالای MA200
کارام,صنایع سرام آرا,کاشی و سرامیک,43.1,خنثی,90,80,50.5,10,2034,20260922,9.8,12.7,-8.7,-55.7,11.5,19.7,0.3,67.5,3,0,true,25.1,3.33,above,-24.6,0.99,1968,2122,-0.03,0.44,3.21,0.07,0.49,,,,,1968,1934,2122,2166,0.88,نقدشوندگی پایین | بدون EPS مثبت | نقدشوندگی کمتر از ۱۰ میلیارد تومان | آخرین معامله 20260922 (متوقف یا کم‌معامله)
ورنا,سرمایه‌گذاری‌ رنا(هلدینگ‌,خودرو و ساخت قطعات,43.1,خنثی,90,53,2,20,7290,20260928,-6.7,3.7,38.3,-8.6,-2.9,15.8,50.3,53.9,3,1,false,50.9,3.79,above,-8.8,0.69,6980,7975,-61.79,-98.18,0.47,-147.85,113.75,218,33.44,,,7013,6842,7975,8528,1.53,واگرایی منفی RSI | P/E بالا (33) | 50٪ بالای MA200 | سرانه خرید ضعیف (0.47) | واگرایی منفی | صف فروش در ۵ روز اخیر
دکوثر,داروسازی‌ کوثر,مواد و محصولات دارویی,43,خنثی,95,65,2,4,21040,20260928,5.3,-1.1,125,78.1,4.1,20.1,89.9,61.6,1,0,false,37,3.56,above,-6.5,0.64,20420,21270,-11.44,-7.17,0.66,-57.41,55.78,1031,20.41,12.91,58.1,20420,20046,21270,21600,0.23,رشد عمودی (125٪ در ۶۰ روز، 20٪ بالای MA50) | 90٪ بالای MA200 | سرانه خرید ضعیف (0.66)
گنگین,گروه اقتصادی مالی نگین,شرکتهای چند رشته ای صنعتی,43,خنثی,100,35,32,32,17840,20260928,3.4,20.1,72,25.1,7.8,23.9,75.5,85.8,1,1,false,56.8,2.86,above,-0.9,1.27,16570,,-1.68,-6.84,2.17,-0.49,1.45,1700,10.49,,,17329,16563,19372,20393,1.2,نقدشوندگی پایین | اشباع خرید | خروج مستمر پول حقیقی | 75٪ بالای MA200 | حد ضرر دور (7.2٪) | نقدشوندگی کمتر از ۱۰ میلیارد تومان | صف فروش در ۵ روز اخیر
ختوقا,قطعات‌ اتومبیل‌ ایران‌,خودرو و ساخت قطعات,43,خنثی,85,45,3.9,30,5310,20260928,1.5,-6.2,17.3,-29.7,-3.8,6.5,31.1,50.6,0,0,false,34.1,4.08,above,-12.4,0.75,4726,5490,-5.05,-12.43,0.9,-3.5,14.98,127,41.81,,,5094,4769,5490,5820,0.33,واگرایی منفی RSI | P/E بالا (42) | واگرایی منفی | حد ضرر دور (10.2٪)
فاهواز,نورد و لوله اهواز,فلزات اساسی,42.8,خنثی,65,45,35,42,7080,20260927,-0.1,-0.6,10.5,-36.5,-0.8,2.8,10.1,56.1,4,1,false,30,1.47,above,-6.7,1.04,6810,7327,-0.78,-1.07,1.68,4.32,3.29,1119,6.33,,,6976,6819,7327,7590,0.94,نقدشوندگی کمتر از ۱۰ میلیارد تومان | صف فروش در ۵ روز اخیر | آخرین معامله 20260927 (متوقف یا کم‌معامله)
خبازرس,بازرسی مهندسی و صنعتی ایران,فعالیت مهندسی، تجزیه، تحلیل و آزمایش فنی,42.8,خنثی,85,65,35,42,27740,20260926,2.9,-1.3,83,36,-1.8,11,76.4,53.8,1,0,false,34.8,4.21,above,-13.8,0.72,27160,28370,-0.82,-2.8,2.12,0.53,1.25,2944,9.42,,,27160,26576,28370,30130,0.54,نقدشوندگی پایین | خروج مستمر پول حقیقی | 76٪ بالای MA200 | نقدشوندگی کمتر از ۱۰ میلیارد تومان | آخرین معامله 20260926 (متوقف یا کم‌معامله)
ختراک,ریخته‌گری‌ تراکتورسازی‌ ایران‌,خودرو و ساخت قطعات,42.6,خنثی,70,35,16.5,42,1653,20260928,-0.2,-1.3,12.2,-34.7,-0.6,4.4,7.4,51.3,2,0,false,16.4,3.74,above,-16.9,0.69,1611,1679,-3.87,6.63,0.57,-10.14,7.06,206,8.02,,,1611,1580,1679,1718,0.35,واگرایی منفی RSI | توزیع: ورود حقیقی با سرانه خرید ضعیف (0.80 در ۲۰ روز) | سرانه خرید ضعیف (0.57) | واگرایی منفی | نقدشوندگی کمتر از ۱۰ میلیارد تومان
فسدید,لوله‌وتجهیزات‌ سدید,فلزات اساسی,42.3,خنثی,90,70,15.2,10,153300,20260926,15.7,69.1,60.9,13.9,28.2,58,53.1,96.7,16,0,true,73.1,2.15,above,0,0.72,119000,,0,0.11,0.81,-7.01,3.74,,,,,149997,146693,163210,169817,1.5,اشباع خرید | فاصله زیاد از MA20 | بدون EPS مثبت | سهم صفی: 16 روز از ۲۰ روز در صف (ریسک نقدشوندگی و اجرای حد ضرر) | رشد عمودی (61٪ در ۶۰ روز، 58٪ بالای MA50) | توزیع: ورود حقیقی با سرانه خرید ضعیف (0.72 در ۲۰ روز) | 53٪ بالای MA200 | نقدشوندگی کمتر از ۱۰ میلیارد تومان | آخرین معامله 20260926 (متوقف یا کم‌معامله)
تفیرو,مهندسی فیروزا,ماشین آلات و تجهیزات,42.1,خنثی,100,70,32.5,20,273900,20260927,10,40.5,102,55,17.8,42.8,191.5,100,20,0,true,95.7,1.56,above,0,1.34,158045,,0,0,1.1,0.09,0.1,6541,41.87,,,269639,265378,286683,295206,1.5,نقدشوندگی پایین | اشباع خرید | فاصله زیاد از MA20 | سهم صفی: 20 روز از ۲۰ روز در صف (ریسک نقدشوندگی و اجرای حد ضرر) | رشد عمودی (102٪ در ۶۰ روز، 43٪ بالای MA50) | P/E بالا (42) | 191٪ بالای MA200 | نقدشوندگی کمتر از ۱۰ میلیارد تومان | آخرین معامله 20260927 (متوقف یا کم‌معامله)
بمپنا,تولید برق عسلویه  مپنا,عرضه برق، گاز، بخاروآب گرم,42,خنثی,90,50,1,19,7760,20260928,-7.9,0.4,59,12.1,-6.4,16.2,50.9,49.5,2,0,false,42.7,3.74,above,-17.4,0.35,7270,9390,-26.82,-135.84,0.47,-26.39,35,576,13.47,10.04,34.2,7470,7125,9390,9970,2.57,خروج مستمر پول حقیقی | 51٪ بالای MA200 | سرانه خرید ضعیف (0.47) | حد ضرر دور (8.2٪)
تمحرکه,ماشین سازی نیرو محرکه,ماشین آلات و تجهیزات,41.4,خنثی,90,65,15.5,30,8530,20260928,-9.1,13,51,4,-0.4,13.1,18.3,53.8,6,1,false,51.5,3.28,above,-15.5,1.08,8167,8865,0,0.11,0.76,-0.77,1.4,5,1706,,,8251,8027,8865,9000,0.67,نقدشوندگی پایین | سهم صفی: 6 روز از ۲۰ روز در صف (ریسک نقدشوندگی و اجرای حد ضرر) | P/E بالا (1706) | سرانه خرید ضعیف (0.76) | نقدشوندگی کمتر از ۱۰ میلیارد تومان | صف فروش در ۵ روز اخیر
حگهر,حمل و نقل گهرترابر سیرجان,حمل ونقل، انبارداری و ارتباطات,41.2,خنثی,46,20,26.5,67,2914,20260928,-2.2,-5.4,14.8,-32.2,-2.5,-0.1,9.4,47.3,5,0,false,19.8,3.39,inside,-29.2,0.54,2847,3120,-0.82,25.16,0.72,-5.22,7.56,397,7.34,7.68,-4.4,2847,2798,3120,3180,1.78,واگرایی منفی RSI | توزیع: ورود حقیقی با سرانه خرید ضعیف (0.85 در ۲۰ روز) | سرانه خرید ضعیف (0.72) | واگرایی منفی | نقدشوندگی کمتر از ۱۰ میلیارد تومان
ناما,تولیدی مخازن گازطبیعی آسیاناما,خودرو و ساخت قطعات,40.9,خنثی,50,30,35.5,44,4100,20260928,1.2,-8.5,5.1,-41.8,-3.2,-0.6,18.5,47.1,3,0,false,18.2,4.06,above,-14.4,0.71,4010,4520,6.3,-4.34,1.16,-2.57,8.9,583,7.03,5.87,19.8,4010,3927,4520,4610,2.42,نقدشوندگی کمتر از ۱۰ میلیارد تومان
خساپا,سایپا,خودرو و ساخت قطعات,40.9,خنثی,90,35,17.5,10,695,20260928,-2.9,-0.1,19.4,-27.5,-4.3,11.1,31.5,51.3,1,0,false,30.9,3.79,above,-11.8,0.64,630,788,-254.72,18.89,0.57,-578.53,483.27,,,,,669,629,788,841,1.41,بدون EPS مثبت | توزیع: ورود حقیقی با سرانه خرید ضعیف (0.67 در ۲۰ روز) | سرانه خرید ضعیف (0.57) | حد ضرر دور (9.5٪)
چکارن,کارتن‌ ایران‌,محصولات کاغذی,40.8,خنثی,70,20,51.4,72,4540,20260927,-4.4,-4.6,15.6,-31.4,-3.9,5.9,36,46.5,0,0,false,30.9,3.58,above,-12.9,0.78,4410,4900,0.19,-0.01,1.24,0.22,2.43,476,9.54,16.48,-42.1,4410,4329,4900,5210,1.7,نقدشوندگی پایین | واگرایی منفی RSI | واگرایی منفی | نقدشوندگی کمتر از ۱۰ میلیارد تومان | آخرین معامله 20260927 (متوقف یا کم‌معامله)
تپولا,مهندسی مرآت پولاد,خدمات فنی و مهندسی,40.8,خنثی,100,53,30.9,10,19090,20260928,-4.8,14.2,40,-7,1.2,13,29.2,55.7,7,1,false,39.7,3.88,above,-11.8,0.75,18745,19390,0,0,1.44,1.44,1.32,,,,,18745,18375,19390,21640,0.42,نقدشوندگی پایین | بدون EPS مثبت | سهم صفی: 7 روز از ۲۰ روز در صف (ریسک نقدشوندگی و اجرای حد ضرر) | نقدشوندگی کمتر از ۱۰ میلیارد تومان | صف فروش در ۵ روز اخیر
پشاهن,تولیدی پلاستیک‌ شاهین,لاستیک و پلاستیک,40.7,خنثی,100,70,21.9,25,121100,20260927,11.3,35.4,85.8,38.8,18,36.3,62.7,93.1,20,0,true,60.8,2.47,above,0,1.72,91457,,0,0,1.28,-0.45,0.15,7250,16.7,,,118109,115118,130074,136056,1.5,نقدشوندگی پایین | واگرایی منفی RSI | اشباع خرید | فاصله زیاد از MA20 | سهم صفی: 20 روز از ۲۰ روز در صف (ریسک نقدشوندگی و اجرای حد ضرر) | رشد عمودی (86٪ در ۶۰ روز، 36٪ بالای MA50) | 63٪ بالای MA200 | واگرایی منفی | نقدشوندگی کمتر از ۱۰ میلیارد تومان | آخرین معامله 20260927 (متوقف یا کم‌معامله)
نبابک,نساجی بابکان,منسوجات,40.6,خنثی,55,45,36.5,24,8260,20260928,1.7,-3.4,33,-14,-1.6,11,10.8,53.5,1,0,false,28.3,3.97,above,-31.6,0.49,8007,8536,-4.51,-14.91,4.65,9.94,10.16,351,23.53,14.29,64.7,8007,7843,8536,8786,0.66,واگرایی منفی RSI | خروج مستمر پول حقیقی | واگرایی منفی
کترام,تولیدی‌ کاشی‌ تکسرام‌,کاشی و سرامیک,40.6,خنثی,90,30,16.5,14,3400,20260928,-0.3,-4.2,23.1,-23.9,-3.9,6.1,42.8,49.9,0,0,false,31.7,4.14,above,-12.6,0.75,3365,3650,-0.07,0.02,0.67,-6.25,5.55,18,188.89,7.65,2369.1,3365,3295,3650,3890,2.37,واگرایی منفی RSI | P/E بالا (189) | سرانه خرید ضعیف (0.67) | واگرایی منفی | نقدشوندگی کمتر از ۱۰ میلیارد تومان
فبستم,صنایع ‌بسته‌بندی‌ مشهد,ساخت محصولات فلزی,40.4,خنثی,70,30,63.7,30,16440,20260928,-6.2,3.6,6.5,-40.4,-5.6,2.9,7.4,45.2,2,0,false,25.8,4.33,above,-16.3,0.88,15862,16648,1.61,3.41,1.23,-0.55,1.27,396,41.52,,,15862,15506,16648,17119,0.22,نقدشوندگی پایین | P/E بالا (42) | توزیع: ورود حقیقی با سرانه خرید ضعیف (0.82 در ۲۰ روز) | نقدشوندگی کمتر از ۱۰ میلیارد تومان
ثعتما,س. ساختمانی اعتماد گستر,انبوه سازی، املاک و مستغلات,40.3,خنثی,100,70,35,10,50350,20260927,13.3,19.8,109.8,62.8,18.2,32.2,66,84,2,0,true,48.4,3.72,above,0,0.63,43300,,0,-7.12,1.86,2.27,2.03,,,,,48479,46608,55963,59704,1.5,نقدشوندگی پایین | واگرایی منفی RSI | اشباع خرید | فاصله زیاد از MA20 | خروج مستمر پول حقیقی | بدون EPS مثبت | رشد عمودی (110٪ در ۶۰ روز، 32٪ بالای MA50) | 66٪ بالای MA200 | واگرایی منفی | حد ضرر دور (7.4٪) | نقدشوندگی کمتر از ۱۰ میلیارد تومان | آخرین معامله 20260927 (متوقف یا کم‌معامله)
غنوش,نوش‌ مازندران‌,محصولات غذایی و آشامیدنی به جز قند و شکر,40.1,خنثی,70,45,26.5,14,17720,20260928,-1.5,1.7,8,-39,-0.9,3.9,41.1,51.6,5,0,false,20.5,3.48,above,-11.9,0.45,17290,18050,-48.97,86.1,0.73,-48.5,76.82,487,36.39,8.53,326.6,17290,16982,18050,19740,0.45,P/E بالا (36) | توزیع: ورود حقیقی با سرانه خرید ضعیف (0.77 در ۲۰ روز) | 190٪ بالای کف ۵۲ هفته | سرانه خرید ضعیف (0.73)
بایکا,کارخانجات کابلسازی ‌ایران‌,ماشین آلات و دستگاه‌های برقی,40.1,خنثی,100,50,20.5,20,30630,20260928,9,23.5,25,-21.9,12.8,23.1,38.8,83,1,0,true,37,3.6,above,-1.5,1.07,28962,,-0.87,-3.68,2.19,-0.29,0.91,523,58.57,,,29528,28410,33937,36142,1.49,نقدشوندگی پایین | اشباع خرید | خروج مستمر پول حقیقی | P/E بالا (59) | حد ضرر دور (7.2٪) | نقدشوندگی کمتر از ۱۰ میلیارد تومان
بپاس,بیمه پاسارگاد,بیمه وصندوق بازنشستگی به جزتامین اجتماعی,40,خنثی,100,45,0,4,12890,20260928,1.9,4.6,59.5,12.6,2.7,11.2,77.3,84.9,0,0,false,25.1,1.75,above,-0.6,0.8,12300,,-37.37,-164.74,0.27,-38.84,12.46,484,26.63,18.13,46.9,12664,12326,13567,14018,1.2,اشباع خرید | خروج مستمر پول حقیقی | 77٪ بالای MA200 | سرانه خرید ضعیف (0.27)
فسا,پتروشیمی فسا,محصولات شیمیایی,40,خنثی,100,50,35,25,782,20260922,4.7,12.2,14.2,-32.8,9.5,16.7,22,80.1,15,0,true,48.6,1.87,above,-1.1,0.55,755,,-0.11,-0.11,7.44,0.26,0.14,47,16.64,,,767,747,826,855,1.27,نقدشوندگی پایین | اشباع خرید | سهم صفی: 15 روز از ۲۰ روز در صف (ریسک نقدشوندگی و اجرای حد ضرر) | نقدشوندگی کمتر از ۱۰ میلیارد تومان | آخرین معامله 20260922 (متوقف یا کم‌معامله)
وتوس,توسعه‌شهری‌توس‌گستر,انبوه سازی، املاک و مستغلات,39.8,اجتناب,65,30,53.4,4,7810,20260928,-0.1,-3.9,15.7,-31.3,-2.7,1.8,23.5,48.8,0,0,false,24.5,4.17,above,-9.3,0.51,7320,7955,0.45,3.82,0.89,-0.79,3.78,381,20.5,6.61,210.1,7485,7157,7955,8320,0.22,واگرایی منفی RSI | توزیع: ورود حقیقی با سرانه خرید ضعیف (0.89 در ۲۰ روز) | واگرایی منفی | حد ضرر دور (8.4٪) | نقدشوندگی کمتر از ۱۰ میلیارد تومان
اپرداز,آتیه داده پرداز,اطلاعات و ارتباطات,39,اجتناب,90,30,5.1,19,5100,20260928,-3,2.8,24.9,-22,-4.5,6.5,41.2,49.6,2,0,false,37.8,3.71,above,-15.6,0.88,4950,6040,-6.92,-36.48,0.96,-10.91,9.58,332,15.36,11.65,31.9,4950,4855,6040,6419,3.84,خروج مستمر پول حقیقی | نقدشوندگی کمتر از ۱۰ میلیارد تومان
خفنر,فنرسازی‌خاور,خودرو و ساخت قطعات,39,اجتناب,65,20,27,35,2373,20260928,-6.9,-16.5,12.9,-34.1,-6.3,2.9,47.7,45.2,4,2,false,26.1,4.16,above,-18.9,0.75,2200,2631,1.85,-13.37,0.62,-14.92,13.74,130,18.25,,,2274,2151,2631,2926,1.16,سرانه خرید ضعیف (0.62) | حد ضرر دور (9.4٪) | صف فروش در ۵ روز اخیر
فبیرا,بسته‌ بندی‌ ایران‌,ساخت محصولات فلزی,39,اجتناب,90,40,20.8,35,2351,20260928,-3.6,-7.2,97.7,50.8,-3.8,11.3,73.5,49.9,11,2,false,42.5,3.52,above,-15.6,0.69,2205,2711,0,0.08,1.03,-0.89,2.13,155,15.17,,,2268,2164,2711,2786,1.92,نقدشوندگی پایین | واگرایی منفی RSI | سهم صفی: 11 روز از ۲۰ روز در صف (ریسک نقدشوندگی و اجرای حد ضرر) | 74٪ بالای MA200 | واگرایی منفی | حد ضرر دور (8.0٪) | نقدشوندگی کمتر از ۱۰ میلیارد تومان | صف فروش در ۵ روز اخیر
ولقمان,گروه سرمایه گذاری لقمان,سرمایه گذاریها,38.9,اجتناب,100,25,30.5,25,3850,20260928,3.5,18,32.6,-14.3,7.8,23,58.4,90.4,3,0,false,68,1.67,above,-0.8,1.4,3760,,-1.16,-2.43,2.38,-0.58,0.31,243,15.84,,,3786,3727,4043,4171,1.57,نقدشوندگی پایین | اشباع خرید | خروج مستمر پول حقیقی | 58٪ بالای MA200 | نقدشوندگی کمتر از ۱۰ میلیارد تومان
اروند,پتروشیمی اروند,محصولات شیمیایی,38.7,اجتناب,81,45,2.5,19,53740,20260928,-6.4,7.3,-9.4,-56.4,-1.4,8.8,,52,2,0,false,37.6,3.43,inside,-20.3,1.04,52540,54323,-272.96,-313.29,0.86,-112.4,111.69,3275,16.41,9.63,70.4,52540,51619,54323,58131,0.27,خروج مستمر پول حقیقی | شناوری کم (13٪)
شارپیلن,پتروشیمی ارغوان گسترایلام,محصولات شیمیایی,38.5,اجتناب,95,50,30,10,3340,20260928,2.5,4.4,8.5,-38.4,3.5,4.4,,99.5,20,0,true,91.2,2.7,above,-10,2,3033,3711,-0.1,-0.1,2.12,-1.65,0.32,,,9.63,,3250,3160,3711,3891,2.06,نقدشوندگی پایین | اشباع خرید | بدون EPS مثبت | سهم صفی: 20 روز از ۲۰ روز در صف (ریسک نقدشوندگی و اجرای حد ضرر) | نقدشوندگی کمتر از ۱۰ میلیارد تومان
فماک,ماداکتو استیل کرد,فلزات اساسی,38.5,اجتناب,100,35,16.9,9,32170,20260927,3.2,26.8,155.9,109,11.7,43.6,141.6,83,4,0,false,77.6,3.52,above,-2.7,0.98,26880,33060,-3.6,-15.52,1.38,-13.97,9.31,2086,15.42,8.05,91.6,31039,29908,33060,35322,0.39,واگرایی منفی RSI | اشباع خرید | خروج مستمر پول حقیقی | رشد عمودی (156٪ در ۶۰ روز، 44٪ بالای MA50) | 142٪ بالای MA200 | واگرایی منفی | حد ضرر دور (7.0٪) | نقدشوندگی کمتر از ۱۰ میلیارد تومان | آخرین معامله 20260927 (متوقف یا کم‌معامله)
کرمان,س. توسعه و عمران استان کرمان,انبوه سازی، املاک و مستغلات,38.3,اجتناب,90,35,3,14,1405,20260928,-5.3,-0.5,30,-17,-3.7,11.2,32.5,50.9,4,1,false,49.5,3.56,above,-14.3,1.03,1381,1454,-18.68,-1.15,0.54,-136.69,71.92,2,702.5,23.59,2878,1381,1356,1454,1640,1,واگرایی منفی RSI | P/E بالا (703) | سرانه خرید ضعیف (0.54) | واگرایی منفی | صف فروش در ۵ روز اخیر
خکاوه,سایپا دیزل,خودرو و ساخت قطعات,38.3,اجتناب,70,40,2,35,870,20260928,-7.1,-7.2,56.2,9.2,-4.9,4.6,25.4,46.9,0,0,false,29.1,4,above,-14.3,0.78,796,891,-7.64,-16.78,0.7,-58.17,53.93,53,16.42,,,835,783,891,947,0.24,واگرایی منفی RSI | سرانه خرید ضعیف (0.70) | واگرایی منفی | حد ضرر دور (10.0٪)
شرنگی,شیمیایی رنگین,محصولات شیمیایی,38.2,اجتناب,100,55,4.8,4,19150,20260927,-2.5,-0.3,61,14.1,1.3,18.7,62.6,61.5,1,0,false,42.3,4.07,above,-5.3,0.53,17681,20227,-2.91,-10.19,0.95,-1.67,3.2,317,60.41,8.01,654.2,18370,17291,20227,21786,0.58,واگرایی منفی RSI | خروج مستمر پول حقیقی | P/E بالا (60) | 63٪ بالای MA200 | واگرایی منفی | حد ضرر دور (9.7٪) | نقدشوندگی کمتر از ۱۰ میلیارد تومان | آخرین معامله 20260927 (متوقف یا کم‌معامله)
وآتوس,گروه سرمایه گذاری توسکا,سرمایه گذاریها,37.9,اجتناب,65,38,53,10,1474,20260927,-8.4,2.5,43.6,-3.3,-2.3,5.7,-2.6,49.5,3,1,false,29.3,3.63,above,-43.2,1.03,1447,1497,1.48,7.2,0.62,-7.33,6.15,,,,,1447,1420,1497,1533,0.43,بدون EPS مثبت | توزیع: ورود حقیقی با سرانه خرید ضعیف (0.84 در ۲۰ روز) | سرانه خرید ضعیف (0.62) | نقدشوندگی کمتر از ۱۰ میلیارد تومان | صف فروش در ۵ روز اخیر | آخرین معامله 20260927 (متوقف یا کم‌معامله)
وبصادر,بانک صادرات ایران,بانکها و موسسات اعتباری,37.2,اجتناب,70,53,8.5,14,968,20260928,-0.2,-7.4,40.3,-6.7,-3.3,13.2,48.5,52.8,2,0,false,35,3.49,above,-10,0.48,774,1072,-106.96,-881.98,1.06,-155.6,428.36,5,193.6,5.4,3485.2,934,900,1072,1140,1.54,خروج مستمر پول حقیقی | P/E بالا (194)
قشکر,شکر,قند و شکر,37,اجتناب,70,65,2,10,5120,20260928,-5.9,0.2,92.1,45.2,-5.9,12.8,57.8,50.4,6,1,false,41.3,3.54,above,-17.7,0.87,4920,5320,-3.61,-1.38,0.64,-8.06,8.36,,,9.8,,4939,4829,5320,6220,0.69,بدون EPS مثبت | سهم صفی: 6 روز از ۲۰ روز در صف (ریسک نقدشوندگی و اجرای حد ضرر) | 58٪ بالای MA200 | سرانه خرید ضعیف (0.64) | نقدشوندگی کمتر از ۱۰ میلیارد تومان | صف فروش در ۵ روز اخیر
تشتاد,صنایع تولیدی اشتاد ایران‌,خودرو و ساخت قطعات,36.6,اجتناب,100,58,30.2,10,7240,20260927,9.4,42.2,43.8,-3.2,21.4,37.8,47,87.3,4,0,true,49.1,3.05,above,-0.5,1.07,6220,,0,-0.12,1.41,1.2,0.95,,,,,7019,6798,7902,8344,1.5,نقدشوندگی پایین | اشباع خرید | فاصله زیاد از MA20 | بدون EPS مثبت | رشد عمودی (44٪ در ۶۰ روز، 38٪ بالای MA50) | نقدشوندگی کمتر از ۱۰ میلیارد تومان | آخرین معامله 20260927 (متوقف یا کم‌معامله)
خفناور,مهندسی صنعتی روان فن آور,خودرو و ساخت قطعات,36.5,اجتناب,100,45,0,30,24020,20260928,1.2,6.4,35,-11.9,0.2,12.8,27.5,56,1,0,false,35.2,3.97,above,-10,0.71,22400,26700,-2.45,-3.25,0.7,-2.53,2.68,344,69.83,,,23067,21924,26700,28606,1.28,نقدشوندگی پایین | واگرایی منفی RSI | خروج مستمر پول حقیقی | P/E بالا (70) | سرانه خرید ضعیف (0.70) | واگرایی منفی | حد ضرر دور (8.7٪) | نقدشوندگی کمتر از ۱۰ میلیارد تومان
حفارس,حمل و نقل بین المللی خلیج فارس,حمل ونقل، انبارداری و ارتباطات,36.4,اجتناب,100,50,1.5,4,9040,20260923,-1.2,44.4,102.1,55.1,12.7,41.3,149.2,79,4,1,false,69.5,2.9,above,-4,0.75,5640,9420,-52.02,-48.14,0.75,-11.82,32.48,149,60.67,19.33,213.9,8778,8516,9420,9944,0.73,اشباع خرید | خروج مستمر پول حقیقی | رشد عمودی (102٪ در ۶۰ روز، 41٪ بالای MA50) | P/E بالا (61) | 149٪ بالای MA200 | سرانه خرید ضعیف (0.75) | صف فروش در ۵ روز اخیر | آخرین معامله 20260923 (متوقف یا کم‌معامله)
شگامرن,مجتمع پترو صنعت گامرون,محصولات شیمیایی,36.2,اجتناب,100,23,62.5,4,27520,20260927,0.5,10,42.9,-4,6.2,23.1,42.9,83,0,0,false,46.9,2.65,above,-2.5,0.95,26269,28237,0.66,-2.26,2.08,0.45,0.4,288,95.56,8.01,1093,26791,25904,28237,29696,0.44,نقدشوندگی پایین | واگرایی منفی RSI | اشباع خرید | خروج مستمر پول حقیقی | P/E بالا (96) | واگرایی منفی | نقدشوندگی کمتر از ۱۰ میلیارد تومان | آخرین معامله 20260927 (متوقف یا کم‌معامله)
قاروم,قند ارومیه,قند و شکر,36,اجتناب,100,15,30,42,116800,20260922,1,9.8,34.7,-12.2,3.4,12,38.5,99.5,17,0,false,95.1,0.91,above,-0.9,0.31,86825,,0,0,1.4,0,0.09,22219,5.26,,,115741,114682,119978,122096,1.5,نقدشوندگی پایین | اشباع خرید | سهم صفی: 17 روز از ۲۰ روز در صف (ریسک نقدشوندگی و اجرای حد ضرر) | نقدشوندگی کمتر از ۱۰ میلیارد تومان | آخرین معامله 20260922 (متوقف یا کم‌معامله)
پلاسک,پلاسکوکار,لاستیک و پلاستیک,35.9,اجتناب,90,30,1.5,10,5650,20260928,-4.4,0.5,21.1,-25.9,-3.1,7.5,26.8,49.8,0,0,false,34.5,4.24,above,-11.9,0.82,5400,5900,-1.52,-1.57,0.73,-4.74,3.47,,,8.21,,5410,5280,5900,6410,0.68,بدون EPS مثبت | سرانه خرید ضعیف (0.73) | نقدشوندگی کمتر از ۱۰ میلیارد تومان
دشیمی,شیمی‌ داروئی‌ داروپخش‌,مواد و محصولات دارویی,35.8,اجتناب,65,50,11,14,43340,20260928,2.9,-12.7,98.5,51.5,-6.6,8.6,92,49.1,1,0,false,44.5,3.59,above,-17.7,1.23,23770,46380,-6.17,-98.19,0.5,-33.91,13.88,2096,20.68,12.91,60.2,41785,40231,46380,51120,0.98,واگرایی منفی RSI | خروج مستمر پول حقیقی | 92٪ بالای MA200 | سرانه خرید ضعیف (0.50) | واگرایی منفی | حد ضرر دور (7.2٪)
ثنوسا,نوسازی‌وساختمان‌تهران‌,انبوه سازی، املاک و مستغلات,35.8,اجتناب,65,30,27,14,8780,20260928,0.6,-10.1,26.3,-20.6,-6.8,3.3,29,45,2,0,false,31.7,3.79,above,-18.3,0.83,8525,9040,3.45,-4.03,0.79,-5.64,8.74,62,141.61,6.61,2042.4,8525,8359,9040,9380,0.62,واگرایی منفی RSI | P/E بالا (142) | سرانه خرید ضعیف (0.79) | واگرایی منفی | نقدشوندگی کمتر از ۱۰ میلیارد تومان
کایتا,ایتالران‌,سایر محصولات کانی غیرفلزی,35.5,اجتناب,75,55,38,10,16240,20260928,1.8,2.9,14.5,-32.4,1,8.5,-11.3,55.3,1,1,false,32.4,3.84,above,-54.3,0.82,15800,16450,0,0.61,1.12,0.22,0.99,,,,,15800,15488,16450,16815,0.28,نقدشوندگی پایین | بدون EPS مثبت | نقدشوندگی کمتر از ۱۰ میلیارد تومان | صف فروش در ۵ روز اخیر
قثابت,قند ثابت‌ خراسان‌,قند و شکر,35.1,اجتناب,41,30,53.2,14,3870,20260928,1.3,-4.7,17.3,-29.6,-1.5,-0.5,52.3,48.5,1,0,false,28.9,3.97,inside,-13.4,0.87,3690,3990,1.89,9.25,1.23,-1.95,10.5,150,25.8,9.8,163.3,3716,3613,3990,4100,0.47,واگرایی منفی RSI | 52٪ بالای MA200 | واگرایی منفی
فرابورس,فرابورس ایران,فعالیتهای کمکی به نهادهای مالی واسط,34.9,اجتناب,78,45,1,9,7220,20260928,-5.4,1.5,18.7,-28.2,-1.2,7,46.9,51.9,2,1,false,17.2,3.63,above,-9.9,0.55,6535,7320,-30.83,-103.16,0.61,-82.43,85.01,441,16.37,9.46,73.1,6958,6564,7320,7460,0.15,خروج مستمر پول حقیقی | 168٪ بالای کف ۵۲ هفته | سرانه خرید ضعیف (0.61) | حد ضرر دور (9.1٪) | صف فروش در ۵ روز اخیر
وثخوز,سرمایه گذاری و توسعه خوزستان,انبوه سازی، املاک و مستغلات,34.6,اجتناب,49,45,73.6,10,5290,20260928,1.3,-4.5,-9,-55.9,1.2,3.1,-1.7,52.4,3,1,false,14.7,3.95,inside,-35.9,0.61,5194,5450,2.51,3.63,1.05,0.05,2.86,,,,,5194,5089,5450,5620,0.8,نقدشوندگی پایین | واگرایی منفی RSI | بدون روند (ADX پایین) | بدون EPS مثبت | توزیع: ورود حقیقی با سرانه خرید ضعیف (0.87 در ۲۰ روز) | واگرایی منفی | نقدشوندگی کمتر از ۱۰ میلیارد تومان | صف فروش در ۵ روز اخیر
وایران,لیزینگ ایرانیان,سایر واسطه گریهای مالی,34.5,اجتناب,40,30,42,24,5020,20260928,3.3,-12.5,4.6,-42.4,-6.2,4.3,-25.4,47,0,0,false,33.1,3.92,above,-59.8,0.57,4740,5099,0.43,0.43,0.82,-4.28,8.93,200,25.1,9.94,152.5,4823,4642,5099,5957,0.21,توزیع: ورود حقیقی با سرانه خرید ضعیف (0.59 در ۲۰ روز) | حد ضرر دور (7.5٪) | نقدشوندگی کمتر از ۱۰ میلیارد تومان
خودرو,ایران‌ خودرو,خودرو و ساخت قطعات,34.5,اجتناب,85,30,2,10,676,20260928,-1.5,-5.2,16.2,-30.8,-5.3,5.7,22.8,47.7,1,0,false,25,3.76,above,-14,0.7,655,730,-298.7,-764.86,0.54,-709.71,562.24,,,,,655,642,730,786,1.6,واگرایی منفی RSI | خروج مستمر پول حقیقی | بدون EPS مثبت | سرانه خرید ضعیف (0.54) | واگرایی منفی
ثفارس,عمران‌وتوسعه‌فارس‌,انبوه سازی، املاک و مستغلات,34.1,اجتناب,45,20,42.5,24,14680,20260928,-8.4,-3.1,4.5,-42.5,-7.3,0.5,-7.6,42.4,2,1,false,28.3,3.71,above,-36.3,0.92,14403,15068,9.39,63.36,0.46,-172.22,83.69,264,55.61,6.61,741.2,14403,14131,15068,16000,0.71,P/E بالا (56) | توزیع: ورود حقیقی با سرانه خرید ضعیف (0.68 در ۲۰ روز) | سرانه خرید ضعیف (0.46) | صف فروش در ۵ روز اخیر
بکهنوج,تولید برق ماهتاب کهنوج,عرضه برق، گاز، بخاروآب گرم,34,اجتناب,85,28,1.5,10,1224,20260928,-4.8,-1.9,38,-9,-4.8,6.5,,48.2,3,2,false,35.8,3.86,above,-14.5,0.85,1211,1293,-2.08,-8.04,0.79,-3.33,3.48,,,,,1211,1187,1293,1432,1.87,خروج مستمر پول حقیقی | بدون EPS مثبت | سرانه خرید ضعیف (0.79) | نقدشوندگی کمتر از ۱۰ میلیارد تومان | صف فروش در ۵ روز اخیر
وپاسار,بانک  پاسارگاد,بانکها و موسسات اعتباری,33.8,اجتناب,41,8,53.5,26,9070,20260928,-9.3,-18.3,-14.6,-61.6,-10.4,-9.2,32,33.3,1,1,false,37.4,3.78,inside,-20.6,0.42,8940,9640,21.88,6302.72,0.36,-416.73,541.16,813,11.16,5.4,106.6,8940,8768,9640,9860,1.89,181٪ بالای کف ۵۲ هفته | سرانه خرید ضعیف (0.36) | صف فروش در ۵ روز اخیر
ثشاهد,سرمایه‌ گذاری‌ شاهد,انبوه سازی، املاک و مستغلات,33.6,اجتناب,70,45,0.5,14,11560,20260928,-3.2,1,33.6,-13.3,-2.6,12.7,40.2,51.9,4,1,false,36.9,3.61,above,-12.3,0.83,10790,11790,-27.85,-80,0.61,-73.21,53.32,560,20.64,6.61,212.3,11143,10581,11790,13180,0.24,واگرایی منفی RSI | خروج مستمر پول حقیقی | سرانه خرید ضعیف (0.61) | واگرایی منفی | حد ضرر دور (8.5٪) | صف فروش در ۵ روز اخیر
بالاس,مهندسی ساختمان تاسیسات راه آهن,پیمانکاری صنعتی,33.5,اجتناب,39,20,26,45,49370,20260928,-0.9,-1.3,-13.3,-60.3,-2.2,4,-7.8,48.9,1,0,false,17.8,3.84,inside,-39.5,0.57,47733,49900,0.02,-0.12,0.74,-10.59,13.34,1907,25.89,25.78,0.4,47733,46786,49900,50860,0.21,سرانه خرید ضعیف (0.74)
اخشان,اخشان خراسان,زراعت و خدمات وابسته,33.4,اجتناب,78,35,36,16,17080,20260928,-1.8,-8.6,22.2,-24.8,-1,5,47.4,51.5,2,0,false,18.9,3.56,above,-9.8,0.6,16765,18914,-1.22,-10.37,5.31,3.87,2.42,1452,11.76,8.07,45.8,16765,16461,18914,20130,2.96,نقدشوندگی پایین | خروج مستمر پول حقیقی | 178٪ بالای کف ۵۲ هفته | نقدشوندگی کمتر از ۱۰ میلیارد تومان
انرژی,بورس انرژی ایران,فعالیتهای کمکی به نهادهای مالی واسط,33.4,اجتناب,65,30,17.5,14,22730,20260928,-2.2,-9.1,30.8,-16.2,-4.8,5.1,57.9,48.5,0,0,false,31.4,4.01,above,-12.8,0.54,20135,23535,-40.15,6.17,0.76,-79.3,88.47,522,43.54,5.92,635.5,21818,20449,23535,25950,0.35,P/E بالا (44) | توزیع: ورود حقیقی با سرانه خرید ضعیف (0.68 در ۲۰ روز) | 58٪ بالای MA200 | سرانه خرید ضعیف (0.76) | حد ضرر دور (10.0٪)
شلیا,شرکت مواد ویژه لیا,سایر محصولات کانی غیرفلزی,32.8,اجتناب,100,60,3.3,20,23100,20260927,2.5,35.9,109.4,62.5,13.6,46.7,143.2,82.6,3,0,true,77.3,3.18,above,-3.3,0.95,12055,23880,0,0,0.93,-1,2.88,1094,21.12,,,22366,21633,23880,25347,0.53,نقدشوندگی پایین | اشباع خرید | رشد عمودی (109٪ در ۶۰ روز، 47٪ بالای MA50) | 143٪ بالای MA200 | نقدشوندگی کمتر از ۱۰ میلیارد تومان | آخرین معامله 20260927 (متوقف یا کم‌معامله)
پلاست,کارخانجات تولیدی پلاستیران,لاستیک و پلاستیک,32.6,اجتناب,25,43,42,24,2021,20260928,3,-2.6,-38.9,-85.9,-4.3,-16.9,20.3,38.8,2,0,true,40.3,3.88,below,-45.1,0.37,1634,2150,0.51,-4.46,1.4,-21.77,35.82,93,21.73,9.84,120.8,1942,1864,2150,2325,0.82,حد ضرر دور (7.8٪)
تپمپی,پمپ‌ سازی‌ ایران‌,ماشین آلات و تجهیزات,32.4,اجتناب,100,53,11.2,16,7370,20260927,0.1,7.9,42,-5,2.9,17.2,68.7,61.4,0,0,false,46.5,3.57,above,-6.7,1.89,7135,7900,-3.46,-11.83,0.83,-2.31,2.94,787,9.36,5.15,81.8,7135,7003,7900,8426,1.45,نقدشوندگی پایین | واگرایی منفی RSI | خروج مستمر پول حقیقی | 69٪ بالای MA200 | واگرایی منفی | نقدشوندگی کمتر از ۱۰ میلیارد تومان | آخرین معامله 20260927 (متوقف یا کم‌معامله)
خنور,نورایستا پلاستیک,خودرو و ساخت قطعات,32.3,اجتناب,50,26,22.2,26,7970,20260928,-6.5,-14.7,40.4,-6.5,-12.2,-0.3,13,39.1,4,1,false,34.5,4.13,above,-23.7,1.2,7560,8306,-17.8,-18.5,1.05,1.96,15.68,745,10.7,5.87,82.2,7641,7396,8306,8720,0.59,خروج مستمر پول حقیقی | حد ضرر دور (7.2٪) | صف فروش در ۵ روز اخیر
بپردیس,بیمه پردیس,بیمه وصندوق بازنشستگی به جزتامین اجتماعی,32,اجتناب,90,75,0,20,2956,20260927,-0.4,7.5,105.9,59,-0.4,26,76.7,60.1,5,0,false,41.8,3.31,above,-9.4,0.69,2818,3264,-1.64,-3.61,0.59,-0.54,0.81,129,22.91,,,2858,2769,3264,3459,1.65,نقدشوندگی پایین | واگرایی منفی RSI | خروج مستمر پول حقیقی | رشد عمودی (106٪ در ۶۰ روز، 26٪ بالای MA50) | 77٪ بالای MA200 | سرانه خرید ضعیف (0.59) | واگرایی منفی | نقدشوندگی کمتر از ۱۰ میلیارد تومان | آخرین معامله 20260927 (متوقف یا کم‌معامله)
افرا,افرانت,رایانه و فعالیت‌های وابسته به آن,31.4,اجتناب,25,18,52,29,9130,20260928,1.4,-19,-25.9,-72.8,-6.5,-16.2,30.7,36.2,5,0,false,33.8,4.08,below,-34.4,0.49,6348,10020,0.53,84.19,0.69,-31.14,40.22,605,15.09,8.89,69.8,8758,8386,10020,10240,1.2,توزیع: ورود حقیقی با سرانه خرید ضعیف (0.49 در ۲۰ روز) | 200٪ بالای کف ۵۲ هفته | سرانه خرید ضعیف (0.69) | حد ضرر دور (8.2٪)
وسکاب,س.ص.بازنشستگی کارکنان بانکها,سرمایه گذاریها,31.1,اجتناب,31,30,6.3,57,3250,20260928,3.8,-10.7,27,-20,-1.2,-2,48,47.9,1,0,false,21.8,3.7,inside,-17.1,0.37,3040,3500,-1.02,-1.09,0.95,-2.68,16.12,437,7.44,7.13,4.3,3130,2980,3500,3920,0.93,181٪ بالای کف ۵۲ هفته | حد ضرر دور (8.3٪)
پارتا,مجتمع صنعتی آرتاویل تایر,لاستیک و پلاستیک,31.1,اجتناب,100,50,0.5,4,19890,20260928,-0.2,21.2,61.4,14.4,4.8,32.1,91.4,75.7,0,0,false,53.3,2.78,above,-3.7,0.52,19416,20660,-4.09,-8.57,0.55,-2.67,1.84,985,20.19,9.84,105.2,19416,19140,20660,21766,1.03,نقدشوندگی پایین | واگرایی منفی RSI | خروج مستمر پول حقیقی | رشد عمودی (61٪ در ۶۰ روز، 32٪ بالای MA50) | 91٪ بالای MA200 | سرانه خرید ضعیف (0.55) | واگرایی منفی | نقدشوندگی کمتر از ۱۰ میلیارد تومان
وارس,سرمایه گذاری ارس صبا,سرمایه گذاریها,31,اجتناب,31,8,20.5,60,14600,20260928,-2.7,-6.9,19.7,-27.3,-4.7,-9.2,38.2,39.8,3,0,false,26.7,4.05,inside,-24.7,0.48,14353,15040,-1.69,-24.42,4.81,-1.11,9.17,3770,3.87,,,14353,14058,15040,17150,0.81,خروج مستمر پول حقیقی | 186٪ بالای کف ۵۲ هفته | نقدشوندگی کمتر از ۱۰ میلیارد تومان
حکشتی,کشتیرانی جمهوری اسلامی ایران,حمل ونقل، انبارداری و ارتباطات,30.3,اجتناب,70,20,27,14,8620,20260926,-12.3,-1.6,25.8,-21.1,-7.5,2.2,28.3,42.7,2,1,false,36.5,4.01,above,-15.8,0.54,8456,8995,-41.21,397.84,0.26,-187.48,122.19,331,26.04,19.33,34.7,8456,8284,8995,9810,1.11,واگرایی منفی RSI | توزیع: ورود حقیقی با سرانه خرید ضعیف (0.76 در ۲۰ روز) | سرانه خرید ضعیف (0.26) | واگرایی منفی | صف فروش در ۵ روز اخیر | آخرین معامله 20260926 (متوقف یا کم‌معامله)
چفیبر,تولید فیبر ایران‌,محصولات چوبی,30,اجتناب,50,18,0.5,45,6370,20260928,-7.1,-23.3,-7.8,-54.8,-13.5,-6,22.2,34.1,6,3,false,38,4.22,above,-25.4,0.66,5990,7560,-1.25,-4.28,0.53,-10.57,8.24,224,28.44,28.93,-1.7,6101,5856,7560,8540,2.31,سهم صفی: 6 روز از ۲۰ روز در صف (ریسک نقدشوندگی و اجرای حد ضرر) | سرانه خرید ضعیف (0.53) | حد ضرر دور (8.1٪) | نقدشوندگی کمتر از ۱۰ میلیارد تومان | صف فروش در ۵ روز اخیر
ثزاگرس,سرمایه گذاری توسعه عمران زاگرس,انبوه سازی، املاک و مستغلات,29.8,اجتناب,0,55,35,40,110200,20260928,3.9,2.2,-35.6,-82.5,-1.1,-5.2,-25.6,46.2,3,0,true,25.8,4.15,below,-49.5,0.66,103200,111885,0,0.1,1.98,-0.15,6.55,123,895.93,,,105625,100913,111885,118650,0.18,P/E بالا (896) | توزیع: ورود حقیقی با سرانه خرید ضعیف (0.85 در ۲۰ روز) | حد ضرر دور (8.4٪) | نقدشوندگی کمتر از ۱۰ میلیارد تومان
ثنظام,س. ساختمانی نظام مهندسی ایران,انبوه سازی، املاک و مستغلات,29.7,اجتناب,31,30,87.5,10,70310,20260928,1.3,-7,1.5,-45.5,-5.8,-8.5,20.5,40.7,4,2,false,32.4,3.96,inside,-15.8,0.83,68150,78250,0.37,0.95,2.19,0.87,0.89,,,,,68150,66759,78250,79790,2.24,نقدشوندگی پایین | بدون EPS مثبت | نقدشوندگی کمتر از ۱۰ میلیارد تومان | صف فروش در ۵ روز اخیر
پاریز,پاریز شرق,انبوه سازی، املاک و مستغلات,29,اجتناب,0,18,77.5,24,36950,20260928,-3,-24.1,11,-35.9,-13,-16,,32.8,9,2,false,38.8,3.99,,-28.9,1.01,35463,38383,9.82,3.89,19.16,34.4,16.63,823,44.9,23.59,90.3,35475,34725,38383,41413,0.64,سهم صفی: 9 روز از ۲۰ روز در صف (ریسک نقدشوندگی و اجرای حد ضرر) | P/E بالا (45) | صف فروش در ۵ روز اخیر
تکنو,تکنوتار,ماشین آلات و تجهیزات,28.7,اجتناب,25,43,26.5,24,4210,20260928,-0.7,-8.7,-29.4,-76.3,-4.8,-28,22.9,31.8,2,1,true,56.6,4.15,below,-54.2,0.68,4000,4300,0.19,-26.25,0.52,-35.32,29.34,154,27.34,5.15,430.8,4035,3913,4300,4382,0.3,260٪ بالای کف ۵۲ هفته | سرانه خرید ضعیف (0.52) | حد ضرر دور (7.1٪) | صف فروش در ۵ روز اخیر
تاپکیش,تجارت الکترونیک پارسیان کیش,رایانه و فعالیت‌های وابسته به آن,28.7,اجتناب,25,30,46.8,14,2487,20260928,-3,-8.7,15.1,-31.9,-3.6,-9.8,43.3,41.4,1,0,false,18.9,3.97,below,-25,0.8,2413,2676,3.45,0.2,0.97,-2.47,9.37,96,25.91,8.89,191.4,2413,2364,2676,2856,1.53,توزیع: ورود حقیقی با سرانه خرید ضعیف (0.66 در ۲۰ روز) | 198٪ بالای کف ۵۲ هفته | نقدشوندگی کمتر از ۱۰ میلیارد تومان
میدکو,توسعه معادن وص.معدنی خاورمیانه,فلزات اساسی,28.7,اجتناب,41,30,27.5,14,6470,20260928,-1.5,-10.9,-7.2,-54.2,-3.2,-0.4,17.3,45.8,2,0,false,15.3,3.62,inside,-14.8,0.5,6230,6610,-35.69,240.43,0.48,-151.52,127.28,93,69.57,13.48,416.1,6236,6113,6610,6778,0.39,واگرایی منفی RSI | P/E بالا (70) | توزیع: ورود حقیقی با سرانه خرید ضعیف (0.54 در ۲۰ روز) | سرانه خرید ضعیف (0.48) | واگرایی منفی | شناوری کم (9٪)
غگل,گلوکوزان‌,محصولات غذایی و آشامیدنی به جز قند و شکر,28.6,اجتناب,41,20,2.2,47,6470,20260928,-2.3,-5.8,-0.2,-47.2,-3.8,-2.1,32.2,44.6,2,0,false,19.1,3.57,inside,-13.5,0.61,6405,6633,-3.79,-1.21,0.83,-6.76,15.36,706,9.16,8.53,7.4,6405,6290,6633,6889,0.9,واگرایی منفی RSI | واگرایی منفی
دانا,بیمه دانا,بیمه وصندوق بازنشستگی به جزتامین اجتماعی,28.4,اجتناب,40,30,31.7,10,2245,20260928,0.7,-9.4,7.4,-39.5,-5.6,1.7,-5.3,43.5,2,0,false,25.5,3.77,above,-30,1.06,2180,2328,2.46,-18.47,1.03,-0.67,4.6,,,4.59,,2180,2138,2328,2479,0.77,واگرایی منفی RSI | خروج مستمر پول حقیقی | بدون EPS مثبت | واگرایی منفی | نقدشوندگی کمتر از ۱۰ میلیارد تومان
آپ,آسان پرداخت پرشین,رایانه و فعالیت‌های وابسته به آن,28.2,اجتناب,20,8,68.6,14,10260,20260928,-6.8,-14.1,1.8,-45.2,-9.6,-9,-3.7,32.3,1,0,false,20.3,4.04,below,-20.4,0.73,10107,10613,11.46,29.69,0.86,0.49,6.48,86,119.3,18.19,555.9,10107,9899,10613,10914,0.98,P/E بالا (119) | توزیع: ورود حقیقی با سرانه خرید ضعیف (0.75 در ۲۰ روز) | نقدشوندگی کمتر از ۱۰ میلیارد تومان
رانفور,خدمات‌انفورماتیک‌,رایانه و فعالیت‌های وابسته به آن,28,اجتناب,39,30,27,14,5150,20260928,1.4,-2.6,0.3,-46.6,-3,-3.9,32,46,2,0,false,15.2,3.77,inside,-13.4,0.39,5080,5275,-3.12,63.79,0.71,-7.82,11.55,154,33.44,18.19,83.8,5080,4983,5275,5475,0.75,P/E بالا (33) | سرانه خرید ضعیف (0.71) | شناوری کم (14٪)
قهکمت,قندهکمتان‌,قند و شکر,26.9,اجتناب,65,28,0,47,10190,20260928,-2.4,-8.8,37,-9.9,-4.1,6.8,60.9,49.2,1,0,false,28.5,4.02,above,-13.4,0.41,9887,11762,-1.52,-19.62,0.63,-1.76,2.45,1018,10.01,9.8,2.1,9887,9682,11762,12581,3.09,نقدشوندگی پایین | واگرایی منفی RSI | خروج مستمر پول حقیقی | 61٪ بالای MA200 | سرانه خرید ضعیف (0.63) | واگرایی منفی | نقدشوندگی کمتر از ۱۰ میلیارد تومان
حشکوه,دلیجان طلایی شکوه پارس,حمل ونقل، انبارداری و ارتباطات,26.8,اجتناب,21,20,26,40,1261,20260928,-6,-9.8,-13.9,-60.9,-7.2,0,-2.7,41.4,3,0,false,23.2,3.9,inside,-27,0.58,1237,1298,-0.13,15.81,0.79,-4.81,10,28,45.04,,,1237,1213,1298,1351,0.77,واگرایی منفی RSI | P/E بالا (45) | سرانه خرید ضعیف (0.79) | واگرایی منفی | نقدشوندگی کمتر از ۱۰ میلیارد تومان
ثتوسا,س.توسعه و عمران استان اردبیل,انبوه سازی، املاک و مستغلات,26.1,اجتناب,45,30,16.5,10,15480,20260928,-7.9,1.4,11.3,-35.7,-5.8,8.4,-46.6,48.6,8,2,false,28.8,3.68,above,-76.1,0.47,14880,18100,-0.56,1.63,0.77,-4.28,7.13,,,,,14910,14595,18100,21850,2.96,بدون EPS مثبت | سهم صفی: 8 روز از ۲۰ روز در صف (ریسک نقدشوندگی و اجرای حد ضرر) | توزیع: ورود حقیقی با سرانه خرید ضعیف (0.89 در ۲۰ روز) | سرانه خرید ضعیف (0.77) | نقدشوندگی کمتر از ۱۰ میلیارد تومان | صف فروش در ۵ روز اخیر
سپ,پرداخت الکترونیک سامان کیش,رایانه و فعالیت‌های وابسته به آن,24.6,اجتناب,90,45,2.6,12,13620,20260922,-5.9,2.2,28.5,-18.5,-2.6,12.4,13.8,53.8,1,0,false,46.4,4.02,above,-7.7,0.44,13291,14015,-0.65,-1.41,0.88,-0.84,0.85,662,20.57,18.19,13.1,13291,13017,14015,14348,0.66,نقدشوندگی پایین | واگرایی منفی RSI | خروج مستمر پول حقیقی | واگرایی منفی | نقدشوندگی کمتر از ۱۰ میلیارد تومان | شناوری کم (10٪) | آخرین معامله 20260922 (متوقف یا کم‌معامله)
فکمند,گسترش قطعه سازی کمند,ساخت محصولات فلزی,24.4,اجتناب,48,35,41.9,10,12090,20260928,0.8,-2.7,4.2,-42.7,-1.4,7.5,-14.1,51.9,1,0,false,18.8,4.15,above,-53.9,0.97,11597,12683,0.04,0.11,0.86,-1.54,2.91,,,,,11597,11346,12683,12890,0.8,نقدشوندگی پایین | بدون EPS مثبت | توزیع: ورود حقیقی با سرانه خرید ضعیف (0.86 در ۲۰ روز) | نقدشوندگی کمتر از ۱۰ میلیارد تومان
حپترو,حمل و نقل پتروشیمی( سهامی عام,حمل ونقل، انبارداری و ارتباطات,23.4,اجتناب,65,20,25.5,14,16180,20260928,-5.8,-7.8,17,-30,-9.3,2.6,12.2,40.2,2,2,false,34.1,4.07,above,-18,0.68,16015,16350,0,-3.98,0.54,-1.82,2.26,623,25.97,19.33,34.4,16015,15686,16350,16675,0.34,نقدشوندگی پایین | واگرایی منفی RSI | خروج مستمر پول حقیقی | سرانه خرید ضعیف (0.54) | واگرایی منفی | نقدشوندگی کمتر از ۱۰ میلیارد تومان | صف فروش در ۵ روز اخیر
غگز,صنایع غذایی سکه,محصولات غذایی و آشامیدنی به جز قند و شکر,22,اجتناب,10,8,45.7,24,3210,20260928,-1.8,-0.3,-46.4,-93.4,-6.5,-14.8,-1.6,38.5,4,0,false,27.6,3.98,below,-48.2,0.67,3080,3371,15.81,13.14,0.93,-36.7,35.35,81,39.63,7.05,462.1,3082,3016,3371,3920,0.83,P/E بالا (40) | توزیع: ورود حقیقی با سرانه خرید ضعیف (0.66 در ۲۰ روز)
تکشا,گسترش‌صنایع‌وخدمات‌کشاورزی‌,ماشین آلات و تجهیزات,22,اجتناب,35,8,15.5,24,8750,20260928,-8,-5.2,-24.1,-71.1,-10.7,-6.8,2.5,34.1,4,2,false,23.5,4.44,below,-41.1,1.08,8490,9010,-0.35,4.37,0.36,-33.2,10.7,310,28.23,5.15,448.1,8490,8296,9010,9390,0.57,توزیع: ورود حقیقی با سرانه خرید ضعیف (0.64 در ۲۰ روز) | سرانه خرید ضعیف (0.36) | صف فروش در ۵ روز اخیر
سدشت,صنایع سیمان دشتستان,سیمان، آهک و گچ,20,اجتناب,70,20,1,19,39580,20260928,-9.3,-2.4,5.2,-41.8,-9.1,1.7,26.9,40.9,3,1,false,24.5,4.18,above,-20.2,1.02,36880,40040,-0.96,-0.82,0.43,-4.86,2.08,2835,13.96,7.14,95.5,37924,36052,40040,46300,0.13,نقدشوندگی پایین | سرانه خرید ضعیف (0.43) | حد ضرر دور (8.9٪) | نقدشوندگی کمتر از ۱۰ میلیارد تومان | شناوری کم (13٪) | صف فروش در ۵ روز اخیر
وسالت,بانک قرض الحسنه رسالت,بانکها و موسسات اعتباری,19.4,اجتناب,36,30,0.5,10,3770,20260928,-4.3,1.3,-2.8,-49.8,-5.5,2.1,-8,42.8,8,1,false,35.3,2.47,inside,-47.4,0.79,3647,3902,-4.76,-3.59,0.72,-7.69,4.3,,,,,3677,3600,3902,3980,0.78,بدون EPS مثبت | سهم صفی: 8 روز از ۲۰ روز در صف (ریسک نقدشوندگی و اجرای حد ضرر) | سرانه خرید ضعیف (0.72) | نقدشوندگی کمتر از ۱۰ میلیارد تومان | صف فروش در ۵ روز اخیر
تاتمس,کارخانجات صنعتی وتولیدی اتمسفر,ماشین آلات و تجهیزات,16.5,اجتناب,50,20,0,30,12590,20260928,-10.3,-8.9,-11.4,-58.4,-6.7,-0.4,17.9,41.8,3,3,false,28.4,3.44,above,-14.4,0.54,12130,12925,0,-5.53,0.51,-0.42,0.49,248,50.77,,,12157,11913,12925,13158,0.5,نقدشوندگی پایین | واگرایی منفی RSI | خروج مستمر پول حقیقی | P/E بالا (51) | سرانه خرید ضعیف (0.51) | واگرایی منفی | نقدشوندگی کمتر از ۱۰ میلیارد تومان | صف فروش در ۵ روز اخیر
نبروج,نساجی بروجرد,منسوجات,15,اجتناب,55,55,0,10,19520,20260914,4.1,-3.1,-11.9,-58.8,2.3,-8.8,11.8,45.3,12,0,true,48.7,1.25,below,-24.3,0.56,18380,22188,0,0,,0,0.37,,,,,19276,19033,22188,22725,5.48,نقدشوندگی پایین | بدون EPS مثبت | سهم صفی: 12 روز از ۲۰ روز در صف (ریسک نقدشوندگی و اجرای حد ضرر) | 1041٪ بالای کف ۵۲ هفته | نقدشوندگی کمتر از ۱۰ میلیارد تومان | آخرین معامله 20260914 (متوقف یا کم‌معامله)
قتربت,قند تربت حیدریه,قند و شکر,14.9,اجتناب,0,18,1,44,8400,20260928,-3.8,-25.1,7.6,-39.4,-12.1,-15,,31.8,0,0,false,33.9,4.25,below,-28,0.39,7560,8890,-0.75,-13.92,0.51,-5.67,7.55,775,10.84,9.57,13.3,8043,7507,8890,9645,0.55,خروج مستمر پول حقیقی | 169٪ بالای کف ۵۲ هفته | سرانه خرید ضعیف (0.51) | حد ضرر دور (10.6٪) | نقدشوندگی کمتر از ۱۰ میلیارد تومان
خلیبل,مالیبل سایپا,خودرو و ساخت قطعات,13.8,اجتناب,50,30,1.3,10,1777,20260928,-2.7,-11,8.8,-38.2,-5.2,-0.3,9.4,46.3,1,0,false,26.2,4.01,above,-14.4,0.59,1749,1797,0,0,0.85,-0.44,0.59,,,,,1749,1714,1797,1842,0.32,نقدشوندگی پایین | بدون EPS مثبت | نقدشوندگی کمتر از ۱۰ میلیارد تومان
سلار,شرکت سیمان لارستان,سیمان، آهک و گچ,13.5,اجتناب,50,30,0,30,2859,20260927,-2.4,-14.7,18.8,-28.2,-10.3,-0.2,29,40.5,4,0,false,32.5,3.8,above,-19.7,1.24,2760,3010,0,-0.12,0.71,-4.22,2.41,114,25.08,,,2760,2705,3010,3250,0.98,نقدشوندگی پایین | واگرایی منفی RSI | سرانه خرید ضعیف (0.71) | واگرایی منفی | نقدشوندگی کمتر از ۱۰ میلیارد تومان | آخرین معامله 20260927 (متوقف یا کم‌معامله)
ثامان,سامان‌ گستراصفهان‌,انبوه سازی، املاک و مستغلات,13.5,اجتناب,16,32,0,29,28070,20260926,-14.1,-27,54.1,7.2,-22,-17.8,-31.8,23.8,8,5,false,43.7,4.45,inside,-63.5,0.07,20550,36485,-0.97,-12.67,0.15,-6.67,28.11,1764,15.91,6.61,140.7,26822,25573,36485,38474,3.37,واگرایی منفی RSI | سهم صفی: 8 روز از ۲۰ روز در صف (ریسک نقدشوندگی و اجرای حد ضرر) | سرانه خرید ضعیف (0.15) | واگرایی منفی | حد ضرر دور (8.9٪) | صف فروش در ۵ روز اخیر | آخرین معامله 20260926 (متوقف یا کم‌معامله)
کشرق,صنعتی و معدنی شمال شرق شاهرود,استخراج زغال سنگ,5.4,اجتناب,31,18,0,10,122200,20260928,-2.6,-17.2,24.8,-22.1,-9.1,-10.3,24.9,34.8,2,0,false,27.2,4.37,inside,-26.4,0.55,114550,126300,-0.06,-0.36,0.74,-1.02,1.57,,,15.48,,116859,111879,126300,133200,0.4,نقدشوندگی پایین | بدون EPS مثبت | سرانه خرید ضعیف (0.74) | حد ضرر دور (8.4٪) | نقدشوندگی کمتر از ۱۰ میلیارد تومان
ساذری,آذریت‌,سایر محصولات کانی غیرفلزی,-7.9,اجتناب,10,8,0,10,24870,20260927,-3.8,-13.4,-36.9,-83.8,-8.4,-20.2,-17.1,30.7,0,0,false,43,4.3,below,-39.1,0.85,24300,25675,0,-0.12,0.71,-0.82,0.79,,,,,24300,23765,25675,26213,0.73,نقدشوندگی پایین | بدون EPS مثبت | سرانه خرید ضعیف (0.71) | نقدشوندگی کمتر از ۱۰ میلیارد تومان | آخرین معامله 20260927 (متوقف یا کم‌معامله)
