symbol,name,sector,score,signal,trend,momentum,money,value,close,lastDate,ret5,ret20,ret60,rs60,vsSma20,vsSma50,vsSma200,rsi,lockedDays20,sellQueueDays5,macdAboveSignal,adx,atrPct,cloud,fromHigh52,volRatio,support1,resistance1,netReal5B,netReal20B,power5,smt5B,liquidityB,eps,pe,sectorPE,peVsSector,entryLow,stop,target1,target2,rr,flags
وسبحان,سرمایه گذاری سبحان,سرمایه گذاریها,91.5,قوی ولی پرشده؛ منتظر پولبک,100,85,98,80,3850,20261003,14.9,23,88.2,38,12.3,26.8,99.6,77.5,2,0,true,51,2.89,above,-0.3,1.58,3550,,36.46,32.12,1.74,7,9.31,956,4.03,8.73,-53.9,3739,3572,4184,4407,1.2,واگرایی منفی RSI | توزیع: ورود حقیقی با سرانه خرید ضعیف (0.87 در ۲۰ روز) | 100٪ بالای MA200 | واگرایی منفی | حد ضرر دور (7.2٪) | نقدشوندگی کمتر از ۱۰ میلیارد تومان
آسیا,بیمه آسیا,بیمه وصندوق بازنشستگی به جزتامین اجتماعی,90.5,قوی ولی پرریسک؛ فعلاً ورود نه,95,100,88,80,4220,20261003,9.9,6.8,66.2,16,6.7,18.3,96.2,68.1,4,0,true,28,3.45,above,-1.2,1.03,4170,,3.68,84.06,1.67,11.07,24.2,1869,2.26,4.59,-50.8,4170,4097,4656,4947,3.56,96٪ بالای MA200 | شناوری کم (14٪)
وبوعلی,سرمایه‌گذاری‌بوعلی‌,سرمایه گذاریها,89.5,قوی ولی پرریسک؛ فعلاً ورود نه,100,75,98,80,3880,20261003,4.9,24.8,67,16.9,8.4,28.1,80.8,71.7,2,0,true,59.4,3.36,above,-2.8,1.71,3740,,27.8,24.22,2.04,19.61,6.51,1066,3.64,7.13,-49,3750,3675,4271,4531,1.91,81٪ بالای MA200 | نقدشوندگی کمتر از ۱۰ میلیارد تومان
شدوص,دوده‌ صنعتی‌ پارس‌,محصولات شیمیایی,87.9,پرریسک؛ صفی/رشد عمودی,95,100,97.5,60,7760,20261003,15.5,7,65.5,15.3,7.2,17.4,64.9,66.1,6,0,true,40,3.27,above,-1.6,2.06,7660,7890,48.77,72.67,8.64,52.47,17.47,1044,7.43,9.63,-22.8,7660,7533,7890,8398,0.57,سهم صفی: 6 روز از ۲۰ روز در صف (ریسک نقدشوندگی و اجرای حد ضرر) | توزیع: ورود حقیقی با سرانه خرید ضعیف (0.80 در ۲۰ روز) | 65٪ بالای MA200
کهمدا,شیشه‌ همدان‌,سایر محصولات کانی غیرفلزی,86.9,پرریسک؛ صفی/رشد عمودی,100,85,87.5,72,6370,20261003,15.4,16.9,69.4,19.3,8.6,21.8,123.5,71.2,6,0,true,36.5,3.23,above,-0.2,0.8,5580,,12.02,72.07,6.94,37.06,24.37,981,6.49,12.75,-49.1,6165,5959,6986,7397,1.5,سهم صفی: 6 روز از ۲۰ روز در صف (ریسک نقدشوندگی و اجرای حد ضرر) | 124٪ بالای MA200
ولساپا,لیزینگ رایان‌ سایپا,سایر واسطه گریهای مالی,86.9,پرریسک؛ صفی/رشد عمودی,100,70,99.5,72,1695,20261003,15.7,69,95.4,45.3,27.2,57.4,117.2,92.9,13,0,true,66.3,2.45,above,0,1.45,1076,,36.21,101.6,4.86,92.3,23.22,335,5.06,9.94,-49.1,1653,1612,1820,1903,1.5,اشباع خرید | فاصله زیاد از MA20 | سهم صفی: 13 روز از ۲۰ روز در صف (ریسک نقدشوندگی و اجرای حد ضرر) | رشد عمودی (95٪ در ۶۰ روز، 57٪ بالای MA50) | 117٪ بالای MA200
غدانه,پنبه و دانه های روغنی خراسان,محصولات غذایی و آشامیدنی به جز قند و شکر,86.8,پرریسک؛ صفی/رشد عمودی,100,100,87,60,20350,20261003,13.9,24.2,81,30.9,10,15.4,76.2,68.9,7,0,true,37.6,3.2,above,-1.6,0.77,19950,,20.55,63.53,4.51,20.3,40.98,3417,5.96,7.05,-15.5,19950,19624,22306,23610,2.69,واگرایی منفی RSI | سهم صفی: 7 روز از ۲۰ روز در صف (ریسک نقدشوندگی و اجرای حد ضرر) | توزیع: ورود حقیقی با سرانه خرید ضعیف (0.89 در ۲۰ روز) | 76٪ بالای MA200 | واگرایی منفی
پترول,گ.س.وت.ص.پتروشیمی خلیج فارس,محصولات شیمیایی,86.1,قوی ولی پرریسک؛ فعلاً ورود نه,90,75,86.4,90,2512,20261003,3.9,12.1,53.4,3.2,-0.5,10.7,52.4,55.4,3,0,false,32.9,3.55,above,-11.1,0.67,2406,2825,14.86,133.47,1.55,19.51,71.06,710,3.54,9.63,-63.3,2423,2361,2825,3003,2.08,52٪ بالای MA200
کرازی,کارخانجات‌تولیدی‌شیشه‌رازی‌,سایر محصولات کانی غیرفلزی,85.5,قوی ولی پرریسک؛ فعلاً ورود نه,95,100,98,50,2012,20261003,15.7,14.4,74.1,24,8,21.2,76.2,68.7,5,0,true,28.1,3.29,above,-1,1.83,1839,,124.57,120.76,9.17,73.62,27.25,221,9.1,12.75,-28.6,1946,1847,2211,2343,1.2,76٪ بالای MA200 | حد ضرر دور (8.2٪)
سمگا,گروه سرمایه گذاری میراث فرهنگی,هتل و رستوران,85.1,قوی ولی پرریسک؛ فعلاً ورود نه,100,85,97.5,55,4320,20261003,12.5,20.7,51.3,1.1,10.2,22,62.5,71.1,3,0,true,35.8,3.1,above,-1.1,1.73,4090,,215.55,278.72,3.26,198.69,68.52,1002,4.31,4.69,-8.1,4186,4023,4722,4990,1.35,واگرایی منفی RSI | 63٪ بالای MA200 | واگرایی منفی
ولبهمن,شرکت بهمن لیزینگ,سایر واسطه گریهای مالی,85.1,قوی؛ نزدیک مقاومت، منتظر شکست یا پولبک,95,75,98.5,68,3350,20261003,15.2,11.2,72.2,22.1,5.8,24.6,63,67.5,5,0,false,37.6,3.09,above,-6.2,1.79,2810,3570,67.93,61.72,14.04,34.12,17.67,776,4.32,5.8,-25.6,3247,3143,3570,3777,1.06,63٪ بالای MA200
خیمن,ایمن خودرو شرق,خودرو و ساخت قطعات,84.6,قوی ولی پرریسک؛ فعلاً ورود نه,95,100,64.6,80,5410,20261003,6.9,5.9,67.4,17.3,8.2,12.2,60.3,69.1,0,0,true,28.4,3.57,above,-4.2,1.4,5310,5650,3.54,40.89,0.88,-48.19,27.72,1533,3.53,5.87,-39.9,5310,5213,5650,6037,1.22,60٪ بالای MA200
بتهران,بیمه اتکایی تهران رواک,بیمه وصندوق بازنشستگی به جزتامین اجتماعی,84.3,پرریسک؛ صفی/رشد عمودی,100,70,99,62,9630,20261003,9.1,44.8,221.9,171.7,22.5,54,,88.5,9,0,true,77,2.75,above,-0.1,1.27,7710,,49.45,68.41,1.81,1.83,17.31,956,10.07,18.13,-44.4,9365,9100,10425,10955,1.5,واگرایی منفی RSI | اشباع خرید | فاصله زیاد از MA20 | سهم صفی: 9 روز از ۲۰ روز در صف (ریسک نقدشوندگی و اجرای حد ضرر) | رشد عمودی (222٪ در ۶۰ روز، 54٪ بالای MA50) | 396٪ بالای کف ۵۲ هفته | واگرایی منفی
ثاخت,بین‌المللی‌توسعه‌ساختمان,انبوه سازی، املاک و مستغلات,84.2,قوی ولی پرشده؛ منتظر پولبک,95,73,84.5,80,900,20261003,14.4,21,44.9,-5.2,15.4,24.4,70.6,76.7,5,0,true,34,2.94,above,-1.1,1.23,808,,62.56,72.31,7.29,-35.56,39.41,199,4.52,6.61,-31.6,874,847,979,1032,1.5,فاصله زیاد از MA20 | توزیع: ورود حقیقی با سرانه خرید ضعیف (0.81 در ۲۰ روز) | 71٪ بالای MA200
معین,بیمه ایران - معین,بیمه وصندوق بازنشستگی به جزتامین اجتماعی,84.1,پرریسک؛ صفی/رشد عمودی,100,70,88.5,72,3520,20261003,12.5,29.7,83.8,33.7,15.1,35.5,69.4,82.2,5,0,true,60.4,2.83,above,-1.4,0.83,3130,,14.84,20.77,6.73,37.89,12.71,644,5.47,18.13,-69.9,3420,3321,3819,4018,1.5,اشباع خرید | فاصله زیاد از MA20 | رشد عمودی (84٪ در ۶۰ روز، 35٪ بالای MA50) | 69٪ بالای MA200
غشاذر,پگاه‌آذربایجان‌غربی‌,محصولات غذایی و آشامیدنی به جز قند و شکر,84.1,قوی ولی پرریسک؛ فعلاً ورود نه,100,73,98,60,21320,20261003,12.8,16.2,41.7,-8.5,8.8,18.1,82.2,70.8,3,0,true,20.7,3.54,above,-2.5,1.23,20600,,33.17,51.65,4.98,9.66,13.75,2810,7.59,8.53,-11.1,20600,20223,23581,25089,2.06,واگرایی منفی RSI | 82٪ بالای MA200 | واگرایی منفی
شجم,صنایع پتروشیمی تخت جمشید,محصولات شیمیایی,84.1,قوی ولی پرشده؛ منتظر پولبک,100,73,98,60,12010,20261003,15.5,19.5,42.1,-8,12.7,26.6,34.6,74.9,3,0,true,36,3.04,above,-0.2,1.25,11050,,22.51,14.17,5.11,33.65,12.12,1969,6.1,8.01,-23.9,11645,11098,13104,13833,1.2,واگرایی منفی RSI | واگرایی منفی | حد ضرر دور (7.6٪)
داترا,آترا زیست آرای,مواد و محصولات دارویی,84,قوی ولی پرریسک؛ فعلاً ورود نه,100,85,98,50,7580,20261003,14.3,17,64,13.9,10.7,23.2,,71,4,0,true,33,3.28,above,0,1.22,7265,,65.77,40.68,16.01,97.16,33.8,777,9.76,12.91,-24.4,7332,7141,8325,8822,1.7,194٪ بالای کف ۵۲ هفته
ودی,بیمه  دی,بیمه وصندوق بازنشستگی به جزتامین اجتماعی,83.6,قوی ولی پرریسک؛ فعلاً ورود نه,100,100,62.5,72,6910,20261003,8.6,17.3,65.2,15,9.7,23.7,58,69.8,1,0,true,45.8,3.13,above,-2.9,1.2,6410,,3.76,-1.47,1.65,3.69,3.31,1197,5.77,18.13,-68.2,6694,6370,7558,7990,1.2,58٪ بالای MA200 | حد ضرر دور (7.8٪) | نقدشوندگی کمتر از ۱۰ میلیارد تومان
وتوکا,سرمایه‌گذاری‌توکافولاد(هلدینگ,فلزات اساسی,83.3,قوی؛ نزدیک مقاومت، منتظر شکست یا پولبک,95,75,87,72,3870,20261003,14.5,12.2,75.2,25,5.4,25.4,55.5,67.2,4,0,false,38.6,3.21,above,-3.5,0.67,3590,4010,17.54,46.78,6.43,24.66,35.48,724,5.35,13.48,-60.3,3746,3560,4010,4258,0.45,واگرایی منفی RSI | 56٪ بالای MA200 | واگرایی منفی | حد ضرر دور (8.0٪)
دتماد,تولیدمواداولیه‌داروپخش‌,مواد و محصولات دارویی,83.3,قوی؛ نزدیک مقاومت، منتظر شکست یا پولبک,95,100,89,50,60100,20261003,10.4,0.3,78.5,28.3,8,17.9,124.4,68.6,3,0,true,29.5,3.38,above,-2.4,0.79,49000,61590,23.46,33.58,2.13,6.37,32.78,5718,10.51,12.91,-18.6,58069,56039,61590,65651,0.37,توزیع: ورود حقیقی با سرانه خرید ضعیف (0.64 در ۲۰ روز) | 124٪ بالای MA200
وبهمن,سرمایه‌گذاری‌بهمن‌,سرمایه گذاریها,83,قوی ولی پرریسک؛ فعلاً ورود نه,95,55,93.9,80,2248,20261003,9.8,8.9,30.8,-19.4,1.9,10.8,23.4,59,2,0,false,21.5,3.2,above,-7.4,1.25,2215,2428,106.15,208.76,1.42,36.15,30.89,710,3.17,7.13,-55.6,2215,2179,2428,2572,2.62,توزیع: ورود حقیقی با سرانه خرید ضعیف (0.88 در ۲۰ روز)
داتام,گروه مالی داتام,سرمایه گذاریها,82.9,قوی؛ نزدیک مقاومت، منتظر شکست یا پولبک,100,55,87.5,80,3920,20261003,2.6,5.1,21.7,-28.4,1.8,13.7,45.2,59.9,2,1,false,34.2,3.36,above,-5.5,1.18,3527,4150,6,9,2.55,12.99,4.62,1405,2.79,7.13,-60.9,3788,3590,4150,4414,0.7,212٪ بالای کف ۵۲ هفته | حد ضرر دور (8.4٪) | نقدشوندگی کمتر از ۱۰ میلیارد تومان | شناوری کم (5٪) | صف فروش در ۵ روز اخیر
خدیزل,بهمن  دیزل,خودرو و ساخت قطعات,82.5,قوی؛ نزدیک مقاومت، منتظر شکست یا پولبک,100,80,99,47,1846,20261003,8.2,7,9.8,-40.4,2.2,8.9,40.2,58.4,2,0,true,30.5,3.55,above,-3.6,1.74,1793,1914,47.53,74.87,1.98,30.9,11.82,348,5.3,5.87,-9.6,1793,1760,1914,2045,0.79,159٪ بالای کف ۵۲ هفته
فپنتا,سپنتا,فلزات اساسی,82.5,پرریسک؛ صفی/رشد عمودی,100,75,97,53,49290,20261003,9.4,22.9,54.7,4.5,4.4,27.9,36,65.6,14,0,false,47.3,2.93,above,-12.9,2.08,47742,50404,59.6,129.98,2.2,35.16,28.59,4100,12.02,13.48,-10.8,47844,47019,50404,52467,0.49,سهم صفی: 14 روز از ۲۰ روز در صف (ریسک نقدشوندگی و اجرای حد ضرر) | توزیع: ورود حقیقی با سرانه خرید ضعیف (0.87 در ۲۰ روز)
بخاور,بیمه زندگی خاورمیانه,بیمه وصندوق بازنشستگی به جزتامین اجتماعی,82.1,پرریسک؛ صفی/رشد عمودی,100,73,88,62,7680,20261003,15.5,24.3,49.2,-0.9,13.4,23.4,80.7,79.4,6,0,true,35.1,2.61,above,0,1.56,7010,,17.22,1.5,4.23,14.98,3.56,813,9.45,18.13,-47.9,7480,7280,8281,8681,1.5,اشباع خرید | سهم صفی: 6 روز از ۲۰ روز در صف (ریسک نقدشوندگی و اجرای حد ضرر) | 81٪ بالای MA200 | نقدشوندگی کمتر از ۱۰ میلیارد تومان
فایرا,آلومینیوم‌ایران‌,فلزات اساسی,81.9,قوی ولی پرریسک؛ فعلاً ورود نه,100,100,55.6,72,16340,20261003,11.3,18.8,86.7,36.6,8.9,17.5,117.2,69,2,0,true,31.6,3.35,above,-2.3,0.91,15970,,43.84,142.78,0.9,-17,73.24,2419,6.75,13.48,-49.9,15970,15697,17980,19074,2.55,توزیع: ورود حقیقی با سرانه خرید ضعیف (0.69 در ۲۰ روز) | 117٪ بالای MA200
فتوسا,تولید و توسعه سرب روی ایرانیان,فلزات اساسی,81.9,پرریسک؛ صفی/رشد عمودی,100,60,87.5,72,7360,20261003,9,31.7,88.6,38.5,9.5,27.4,110.3,72.5,10,0,false,50.3,3.18,above,-0.8,1,6470,,9.58,27.98,3.06,37.95,17.33,1389,5.3,8.05,-34.2,7126,6893,8061,8529,1.5,سهم صفی: 10 روز از ۲۰ روز در صف (ریسک نقدشوندگی و اجرای حد ضرر) | 110٪ بالای MA200
نیان,نیان الکترونیک,تولید محصولات کامپیوتری الکترونیکی ونوری,81.6,قوی ولی پرریسک؛ فعلاً ورود نه,95,100,62.5,70,3950,20261003,10.6,14.8,54.5,4.4,9.1,18.7,33.3,69,3,0,true,28.9,3.24,above,-11.7,0.82,3900,4185,1.72,-8.02,5.89,23.33,10.89,678,5.83,7.98,-27,3900,3836,4185,4473,2.05,واگرایی منفی RSI | واگرایی منفی
فگستر,گسترش صنایع روی ایرانیان,فلزات اساسی,81.4,پرریسک؛ صفی/رشد عمودی,100,85,77.5,60,12910,20261003,15.3,33.9,181.5,131.4,13.2,41,197.3,79,14,0,true,65.3,2.56,above,-0.2,0.88,12520,,16.98,21.04,9.54,13.25,30.26,1905,6.78,8.05,-15.8,12579,12355,13903,14565,1.79,اشباع خرید | سهم صفی: 14 روز از ۲۰ روز در صف (ریسک نقدشوندگی و اجرای حد ضرر) | رشد عمودی (182٪ در ۶۰ روز، 41٪ بالای MA50) | 197٪ بالای MA200
شسپا,نفت سپاهان,فراورده های نفتی، کک و سوخت هسته ای,81,پرریسک؛ صفی/رشد عمودی,100,85,89,47,23850,20261003,13.9,28.1,72.3,22.2,10.5,25.3,123.9,73.8,7,0,true,42.5,3.24,above,0,0.88,23390,,248.17,262.63,3.6,164.31,99.27,3704,6.44,6.26,2.9,23390,23003,26169,27715,2.74,سهم صفی: 7 روز از ۲۰ روز در صف (ریسک نقدشوندگی و اجرای حد ضرر) | توزیع: ورود حقیقی با سرانه خرید ضعیف (0.70 در ۲۰ روز) | 124٪ بالای MA200
شکبیر,پتروشیمی امیرکبیر,محصولات شیمیایی,81,قوی ولی پرریسک؛ فعلاً ورود نه,100,80,98,42,145100,20261003,9.4,11.3,36.2,-13.9,6.2,22.2,47.8,65.7,5,0,true,37.5,3.03,above,-7.8,1.44,143400,157435,11.6,15.59,2.43,12.23,5.47,27918,5.2,,,143400,141200,157435,166233,3.16,186٪ بالای کف ۵۲ هفته | نقدشوندگی کمتر از ۱۰ میلیارد تومان
ثباغ,شهر سازی و خانه سازی باغمیشه,انبوه سازی، املاک و مستغلات,80.8,قوی؛ نزدیک مقاومت، منتظر شکست یا پولبک,95,55,93,72,7640,20261003,2.3,1.2,34.5,-15.6,1.6,13.4,52.7,58.9,0,0,false,41.9,3.69,above,-4.9,1.25,7330,7957,20.83,17.49,1.38,12.26,9.62,1129,6.77,23.59,-71.3,7358,7189,7957,8520,0.7,توزیع: ورود حقیقی با سرانه خرید ضعیف (0.87 در ۲۰ روز) | 53٪ بالای MA200 | نقدشوندگی کمتر از ۱۰ میلیارد تومان
خموتور,موتورسازان‌تراکتورسازی‌ایران‌,خودرو و ساخت قطعات,80.8,قوی؛ نزدیک مقاومت، منتظر شکست یا پولبک,95,85,99,42,2553,20261003,14.2,16,50.9,0.7,10.2,16.5,36.1,70.2,2,0,true,42,3.68,above,-4.8,2.01,2430,2681,43.57,53.58,5.16,17.1,12.29,385,6.63,,,2459,2383,2681,2868,0.75,
غمینو,شرکت صنایع غذایی مینو شرق,محصولات غذایی و آشامیدنی به جز قند و شکر,80.5,قوی ولی پرریسک؛ فعلاً ورود نه,100,100,88,34,9640,20261003,15.6,29,52.5,2.4,10.9,16.6,106.4,70,5,0,true,31.5,3.34,above,0,0.68,9500,,25.92,98.61,8.97,46.75,26.61,1231,7.83,7.05,11.1,9500,9339,10606,11250,3.21,106٪ بالای MA200
وپایا,سرمایه گذاری پایا تدبیرپارسا,سرمایه گذاریها,80.5,قوی ولی پرشده؛ منتظر پولبک,100,85,97,37,2176,20261003,12.3,19.8,68.5,18.3,12.9,27.7,70.3,77.5,4,0,true,47.2,3.08,above,0,1.45,2017,,14.88,5.65,396.86,20.8,3.5,235,9.26,8.73,6.1,2109,2008,2377,2511,1.2,واگرایی منفی RSI | 70٪ بالای MA200 | واگرایی منفی | حد ضرر دور (7.7٪) | نقدشوندگی کمتر از ۱۰ میلیارد تومان
غویتا,ویتانا,محصولات غذایی و آشامیدنی به جز قند و شکر,80.3,پرریسک؛ صفی/رشد عمودی,100,100,61,60,6780,20261003,15.3,23.9,55.1,5,8.5,21.3,96.7,69.2,12,0,true,32.3,2.99,above,-1.3,0.36,5860,6870,1.78,-60.41,7.36,23.74,24.4,1338,5.07,7.05,-28.1,6577,6374,6870,7276,0.22,خروج مستمر پول حقیقی | سهم صفی: 12 روز از ۲۰ روز در صف (ریسک نقدشوندگی و اجرای حد ضرر) | 97٪ بالای MA200
فولاد,فولاد مبارکه اصفهان,فلزات اساسی,80.1,پرریسک؛ صفی/رشد عمودی,100,65,76.5,72,3710,20261003,13.8,40.9,25.1,-25,15.9,32.8,53.8,79.4,3,0,true,53.7,2.85,above,-0.3,0.71,3409,,531.56,835.37,3.54,802.18,1233.22,518,7.16,13.48,-46.9,3604,3445,4027,4239,1.2,اشباع خرید | فاصله زیاد از MA20 | رشد عمودی (25٪ در ۶۰ روز، 33٪ بالای MA50) | 54٪ بالای MA200 | حد ضرر دور (7.1٪)
شبصیر,تولیدات پتروشیمی قائد بصیر,محصولات شیمیایی,80.1,قوی ولی پرریسک؛ فعلاً ورود نه,100,85,72.5,60,16710,20261003,7,29.2,65.8,15.6,8.7,29.6,78.4,72.1,3,0,true,56.9,3.2,above,-3.9,1.13,16000,,2.59,36.48,2.32,-9.84,30.15,2884,5.79,8.01,-27.7,16175,15732,18316,19387,1.64,78٪ بالای MA200
لبوتان,گروه‌صنعتی‌بوتان‌,ماشین آلات و تجهیزات,80.1,قوی ولی پرریسک؛ فعلاً ورود نه,95,88,89,47,4760,20261003,12.3,12.8,40.7,-9.4,8.7,14.7,52.6,68.8,1,0,true,34.8,3.37,above,-1.9,0.86,4660,,5.5,41.83,2.06,3.94,7.95,849,5.61,5.15,8.9,4660,4580,5241,5561,2.67,53٪ بالای MA200 | نقدشوندگی کمتر از ۱۰ میلیارد تومان
فسبزوار,پارس فولاد سبزوار,فلزات اساسی,79.8,قوی ولی پرریسک؛ فعلاً ورود نه,100,80,63,72,83770,20261003,14,23.4,39.5,-10.7,9.5,17.4,76.2,69,4,0,true,26.8,3.06,above,-0.7,0.86,74940,,19.1,-56.89,1.65,71.31,55.46,14489,5.78,13.48,-57.1,81203,78636,91471,96605,1.5,واگرایی منفی RSI | خروج مستمر پول حقیقی | 76٪ بالای MA200 | واگرایی منفی
فنورد,نوردوقطعات‌ فولادی‌,فلزات اساسی,79.5,پرریسک؛ صفی/رشد عمودی,100,60,88,62,13130,20261003,11.3,19.4,102.7,52.6,6.9,28.3,135.5,71.3,3,0,false,54.1,3.54,above,-2,1.09,11770,13400,11.52,25.43,1.81,8.49,21.57,1550,8.47,13.48,-37.2,12665,11967,13400,14330,0.23,واگرایی منفی RSI | رشد عمودی (103٪ در ۶۰ روز، 28٪ بالای MA50) | توزیع: ورود حقیقی با سرانه خرید ضعیف (0.73 در ۲۰ روز) | 135٪ بالای MA200 | واگرایی منفی | حد ضرر دور (8.9٪)
شغدیر,پتروشیمی غدیر,محصولات شیمیایی,79.5,پرریسک؛ صفی/رشد عمودی,100,85,69.9,60,88000,20261003,12.9,22.5,215.5,165.4,12.3,33.1,120.8,75.8,2,0,true,65.2,3.07,above,0,0.71,82210,,32.82,180.28,1.49,-2.94,66.5,12273,7.17,9.63,-25.5,85299,81248,96102,101503,1.2,واگرایی منفی RSI | رشد عمودی (216٪ در ۶۰ روز، 33٪ بالای MA50) | توزیع: ورود حقیقی با سرانه خرید ضعیف (0.87 در ۲۰ روز) | 121٪ بالای MA200 | واگرایی منفی | حد ضرر دور (7.7٪)
کویر,تولیدی فولاد سپید فراب کویر,فلزات اساسی,79.4,پرریسک؛ صفی/رشد عمودی,100,75,87.5,50,2851,20261003,10.7,49.9,95,44.9,14.9,42.4,90.7,79.3,15,0,true,60.9,2.68,above,-1.3,0.67,2787,,54.94,81.79,6,36.17,76.27,292,9.76,13.48,-27.6,2787,2749,3081,3234,2.25,اشباع خرید | سهم صفی: 15 روز از ۲۰ روز در صف (ریسک نقدشوندگی و اجرای حد ضرر) | رشد عمودی (95٪ در ۶۰ روز، 42٪ بالای MA50) | 91٪ بالای MA200 | شناوری کم (10٪)
حآفرین,ریل پرداز نو آفرین,حمل ونقل، انبارداری و ارتباطات,79.3,پرریسک؛ صفی/رشد عمودی,85,75,65.3,90,2756,20261003,1.3,8.2,68.6,18.4,-5,20.6,76.3,53.7,11,0,false,47.1,3.62,above,-19.9,1.15,1834,2881,16.5,77.56,1.33,-1.49,41.04,704,3.91,7.68,-49,2656,2556,2881,3440,0.63,سهم صفی: 11 روز از ۲۰ روز در صف (ریسک نقدشوندگی و اجرای حد ضرر) | 76٪ بالای MA200 | حد ضرر دور (7.2٪)
قاسم,قاسم ایران,خرده فروشی،باستثنای وسایل نقلیه موتوری,79.2,پرریسک؛ صفی/رشد عمودی,95,88,98.5,34,2538,20261003,15.7,10.1,41.7,-8.5,9.7,16.2,100.2,68,7,0,true,22.3,3.16,above,0,1.35,2458,,91.81,94.68,9.68,86.97,15.79,345,7.36,6.17,19.2,2458,2417,2779,2939,2,سهم صفی: 7 روز از ۲۰ روز در صف (ریسک نقدشوندگی و اجرای حد ضرر) | 100٪ بالای MA200
دابور,داروسازی‌ ابوریحان‌,مواد و محصولات دارویی,79.1,قوی ولی پرریسک؛ فعلاً ورود نه,100,85,78.5,50,72650,20261003,7.5,21.4,86.4,36.3,10.8,28.7,111.4,74.2,2,1,true,56.3,3.42,above,-2.9,0.91,67740,,62.24,41.06,1.99,17.23,42.94,6272,11.58,12.91,-10.3,70164,66497,80108,85080,1.21,واگرایی منفی RSI | توزیع: ورود حقیقی با سرانه خرید ضعیف (0.73 در ۲۰ روز) | 111٪ بالای MA200 | واگرایی منفی | حد ضرر دور (8.5٪) | صف فروش در ۵ روز اخیر
شکلر,نیروکلر,محصولات شیمیایی,79,پرریسک؛ صفی/رشد عمودی,100,85,78,50,34380,20261003,14.1,30.1,60,9.8,16,36.4,103.4,79.7,7,0,true,53.1,2.85,above,-0.8,1.08,31080,,11.93,2.18,4.07,35.3,26.54,3984,8.63,9.63,-10.4,33401,32421,37318,39277,1.5,اشباع خرید | فاصله زیاد از MA20 | سهم صفی: 7 روز از ۲۰ روز در صف (ریسک نقدشوندگی و اجرای حد ضرر) | رشد عمودی (60٪ در ۶۰ روز، 36٪ بالای MA50) | توزیع: ورود حقیقی با سرانه خرید ضعیف (0.81 در ۲۰ روز) | 103٪ بالای MA200
پی پاد,پرداخت الکترونیک پاسارگاد,رایانه و فعالیت‌های وابسته به آن,79,قوی ولی پرریسک؛ فعلاً ورود نه,85,65,80,82,7440,20261003,-1.2,-2.9,96.3,46.2,-2.6,17.4,89.4,57,5,1,false,46.1,3.69,above,-10.9,1.05,7190,8350,29.2,59.16,1.24,44.55,38.82,1006,7.4,18.19,-59.3,7190,7053,8350,8900,2.35,89٪ بالای MA200 | شناوری کم (12٪) | صف فروش در ۵ روز اخیر
غدیس,پاکدیس,محصولات غذایی و آشامیدنی به جز قند و شکر,78.7,قوی ولی پرریسک؛ فعلاً ورود نه,88,100,82.1,47,13540,20261003,11.5,19.8,87.9,37.8,8.1,11.8,79.7,65.6,3,0,true,18.3,3.44,above,-5.2,1.15,13220,14290,20.28,49.59,1.38,20.27,13.97,1819,7.44,7.05,5.6,13220,12987,14290,15220,1.36,80٪ بالای MA200
فاما,صنعتی‌ آما,ساخت محصولات فلزی,78.6,پرریسک؛ صفی/رشد عمودی,100,75,87.5,47,7030,20261003,13.4,26.9,83.7,33.6,7.3,23.9,106.8,68.6,9,0,false,47.6,3.16,above,-4.2,1,6160,7340,19.69,22.99,11.25,18.92,11.34,922,7.62,7.54,1.1,6808,6586,7340,7784,0.7,سهم صفی: 9 روز از ۲۰ روز در صف (ریسک نقدشوندگی و اجرای حد ضرر) | 107٪ بالای MA200
تنوین,تامین سرمایه نوین,فعالیتهای کمکی به نهادهای مالی واسط,78.6,قوی ولی پرریسک؛ فعلاً ورود نه,100,60,86.5,60,3074,20261003,15.5,14.6,98.1,47.9,9.9,25.5,93.4,70.4,4,0,false,35.6,3.08,above,0,1.62,2964,,38.33,3.28,7.65,34.37,14.15,605,5.08,5.92,-14.2,2979,2917,3358,3548,1.81,واگرایی منفی RSI | 93٪ بالای MA200 | واگرایی منفی
دزاگرس,دارویی و نهاده های زاگرس دارو,مواد و محصولات دارویی,78.5,پرریسک؛ صفی/رشد عمودی,100,85,89,37,28700,20261003,15.8,20,73.9,23.7,15.3,22.8,119.6,74.1,6,0,true,45,2.85,above,0,0.68,26970,,66.2,120.83,7.24,40.86,86.5,3000,9.57,8.86,8,27883,26657,31152,32787,1.2,فاصله زیاد از MA20 | سهم صفی: 6 روز از ۲۰ روز در صف (ریسک نقدشوندگی و اجرای حد ضرر) | 120٪ بالای MA200 | حد ضرر دور (7.1٪)
کیمیا,ص. معدنی کیمیای زنجان گستران,فلزات اساسی,78.4,پرریسک؛ صفی/رشد عمودی,100,75,61.5,72,6640,20261003,4.7,22.3,122.3,72.1,4.8,25.8,126,67.3,8,0,false,67.1,3.12,above,-5.1,1.01,5980,7000,14.95,17.92,1.73,-4.78,20.81,949,7,13.48,-48.1,6433,6225,7000,7415,0.87,سهم صفی: 8 روز از ۲۰ روز در صف (ریسک نقدشوندگی و اجرای حد ضرر) | رشد عمودی (122٪ در ۶۰ روز، 26٪ بالای MA50) | توزیع: ورود حقیقی با سرانه خرید ضعیف (0.86 در ۲۰ روز) | 126٪ بالای MA200
دالبر,البرزدارو,مواد و محصولات دارویی,78.3,پرریسک؛ صفی/رشد عمودی,100,75,83,50,16460,20261003,3.2,13,136.5,86.4,4.4,17.5,136.9,63.2,7,1,false,48,3.23,above,-3.1,1.49,15913,16990,16.68,120.49,3.59,-211.83,109.35,1779,9.25,12.91,-28.3,15929,15648,16990,18053,0.65,سهم صفی: 7 روز از ۲۰ روز در صف (ریسک نقدشوندگی و اجرای حد ضرر) | رشد عمودی (136٪ در ۶۰ روز، 18٪ بالای MA50) | توزیع: ورود حقیقی با سرانه خرید ضعیف (0.67 در ۲۰ روز) | 137٪ بالای MA200 | صف فروش در ۵ روز اخیر
کپرور,فرآوری زغال سنگ پروده طبس,استخراج زغال سنگ,78.3,قوی ولی پرریسک؛ فعلاً ورود نه,100,85,63,62,21420,20261003,15.2,9.6,68.5,18.4,9.7,24.9,91.8,71.3,2,0,true,42,3.27,above,-0.1,0.67,20910,,20.17,-37.43,2.01,21.98,19.6,2597,8.25,15.48,-46.7,20910,20560,23522,24923,2.44,واگرایی منفی RSI | خروج مستمر پول حقیقی | 92٪ بالای MA200 | واگرایی منفی
غدشت,دشت‌ مرغاب‌,محصولات غذایی و آشامیدنی به جز قند و شکر,78.3,قوی ولی پرریسک؛ فعلاً ورود نه,88,88,77,60,4260,20261003,14.5,12.1,45.9,-4.3,8.1,18.5,49.3,66.7,4,0,true,17.1,3.12,above,-0.7,1.03,3695,,5.71,5.06,6.14,9.18,10.89,591,7.21,8.53,-15.5,4127,3994,4659,4925,1.5,توزیع: ورود حقیقی با سرانه خرید ضعیف (0.89 در ۲۰ روز)
ثبهساز,بهساز کاشانه تهران,انبوه سازی، املاک و مستغلات,78.2,قوی؛ نزدیک مقاومت، منتظر شکست یا پولبک,83,80,89,80,2011,20260930,9.8,6.3,27.2,-22.9,5.2,9.1,54.8,62,1,0,true,16,3.24,above,-1.2,1.15,1920,2033,36.38,67.89,4.98,100.8,31.38,655,3.07,6.61,-53.6,1946,1887,2033,2163,0.18,55٪ بالای MA200 | آخرین معامله 20260930 (متوقف یا کم‌معامله)
کساوه,صنایع‌ کاشی‌ و سرامیک‌ سینا,کاشی و سرامیک,78.1,پرریسک؛ صفی/رشد عمودی,100,85,77.5,47,33150,20261003,14.8,15.4,64.7,14.5,10.8,25.2,105.3,70.2,11,0,true,39.9,3.09,above,-0.8,1.02,32800,,20.21,3.55,13.68,23.81,22.79,4425,7.49,7.65,-2.1,32800,32288,36224,38274,3.56,سهم صفی: 11 روز از ۲۰ روز در صف (ریسک نقدشوندگی و اجرای حد ضرر) | توزیع: ورود حقیقی با سرانه خرید ضعیف (0.87 در ۲۰ روز) | 105٪ بالای MA200
توریل,توکاریل,حمل ونقل، انبارداری و ارتباطات,78.1,قوی؛ نزدیک مقاومت، منتظر شکست یا پولبک,100,55,88.5,60,3490,20261003,6.4,9.4,24.7,-25.4,2.6,14.6,30.2,59.9,1,0,false,28.2,3.43,above,-5.2,0.92,3260,3530,22.47,65.31,4.41,24.95,13.31,616,5.67,7.68,-26.2,3370,3200,3530,3680,0.14,واگرایی منفی RSI | واگرایی منفی | حد ضرر دور (8.3٪)
حپارسا,توسعه حمل و نقل ریلی پارسیان,حمل ونقل، انبارداری و ارتباطات,78.1,قوی ولی پرریسک؛ فعلاً ورود نه,100,100,88.5,24,23440,20261003,15.2,21.8,67.2,17,8.9,18.9,120.4,68.4,5,0,true,29.2,3.48,above,-0.4,1.24,23200,,11.61,0.12,10.69,10.32,6.39,2511,9.33,7.68,21.5,23200,22793,25884,27514,3.78,120٪ بالای MA200 | نقدشوندگی کمتر از ۱۰ میلیارد تومان
ثامید,توسعه و عمران امید,انبوه سازی، املاک و مستغلات,78,قوی ولی پرریسک؛ فعلاً ورود نه,83,55,88.5,80,1877,20261003,6.3,6.8,24.3,-25.8,1.7,10.1,44.8,58.8,0,0,false,19.1,3.28,above,-6.2,0.89,1836,2001,0.64,17.86,4.31,38.16,14.1,547,3.43,6.61,-48.1,1836,1805,2001,2124,1.73,واگرایی منفی RSI | واگرایی منفی | شناوری کم (13٪)
وبانک,سرمایه گذاری گروه توسعه ملی,شرکتهای چند رشته ای صنعتی,78,پرریسک؛ صفی/رشد عمودی,100,70,64,72,14040,20261003,15.2,30,84.4,34.2,14.9,37.2,89.4,82.3,8,0,true,59.8,3.01,above,0,0.78,12545,,185.69,-199.19,2.04,7.89,153.08,2109,6.66,10.88,-38.8,13618,13196,15306,16150,1.5,واگرایی منفی RSI | اشباع خرید | خروج مستمر پول حقیقی | سهم صفی: 8 روز از ۲۰ روز در صف (ریسک نقدشوندگی و اجرای حد ضرر) | رشد عمودی (84٪ در ۶۰ روز، 37٪ بالای MA50) | 89٪ بالای MA200 | واگرایی منفی
کپرسپولیس,مجتمع کاشی و سنگ پرسپولیس یزد,کاشی و سرامیک,78,قوی ولی پرریسک؛ فعلاً ورود نه,100,85,87,37,9510,20261003,9.6,17.8,58.3,8.1,10.3,20.1,,73.2,5,0,true,40.3,3.04,above,-0.1,0.81,9180,,15.43,23.42,31.89,57.06,18.08,966,9.84,9.26,6.3,9221,9035,10378,10956,1.83,واگرایی منفی RSI | واگرایی منفی
خلنت,لنت‌ ترمزایران‌,خودرو و ساخت قطعات,78,قوی ولی پرریسک؛ فعلاً ورود نه,95,73,97.5,42,6360,20261003,14.2,14.6,46.7,-3.4,11.7,19.7,66.3,72.3,4,0,true,32,2.96,above,0,2.08,6000,,29.18,22.7,1.99,24.36,8.84,1027,6.19,,,6172,5906,6924,7300,1.24,66٪ بالای MA200 | حد ضرر دور (7.1٪) | نقدشوندگی کمتر از ۱۰ میلیارد تومان
دفارا,داروسازی‌ فارابی‌,مواد و محصولات دارویی,77.9,قوی ولی پرشده؛ منتظر پولبک,100,85,73.5,50,20320,20261003,11.8,16.9,76.1,26,12,26.5,126.9,73.1,5,0,true,45.3,3.33,above,-3.4,1.13,18870,,98.47,94.65,3.26,-36.65,91.35,1956,10.39,12.91,-19.5,19644,18630,22349,23701,1.2,توزیع: ورود حقیقی با سرانه خرید ضعیف (0.73 در ۲۰ روز) | 127٪ بالای MA200 | حد ضرر دور (8.3٪)
رافزا,رایان هم افزا,رایانه و فعالیت‌های وابسته به آن,77.9,پرریسک؛ صفی/رشد عمودی,100,75,71.5,60,20970,20261003,6.2,14.1,64,13.9,1.4,23.5,104.4,62.2,13,0,false,42.3,3.11,above,-9.7,1.31,19157,23225,3.94,-9.06,62.93,18.6,13.24,2957,7.09,8.89,-20.2,20318,19339,23225,24530,1.38,سهم صفی: 13 روز از ۲۰ روز در صف (ریسک نقدشوندگی و اجرای حد ضرر) | 104٪ بالای MA200 | حد ضرر دور (7.8٪)
توسن,توسعه سامانه ی نرم افزاری نگین,رایانه و فعالیت‌های وابسته به آن,77.8,پرریسک؛ صفی/رشد عمودی,100,85,63,60,14030,20261003,15.6,22.2,125.4,75.3,12.9,30.1,170.2,78.9,6,0,true,51.1,3.16,above,-0.1,0.96,13265,,4.71,-22.44,2.82,7.81,43.76,2242,6.26,8.89,-29.6,13587,13043,15359,16244,1.35,اشباع خرید | سهم صفی: 6 روز از ۲۰ روز در صف (ریسک نقدشوندگی و اجرای حد ضرر) | رشد عمودی (125٪ در ۶۰ روز، 30٪ بالای MA50) | 170٪ بالای MA200 | حد ضرر دور (7.0٪)
فسپا,گروه‌صنعتی‌سپاهان‌,فلزات اساسی,77.5,پرریسک؛ صفی/رشد عمودی,100,70,62,72,9560,20261003,15.6,55.2,175.5,125.4,21.1,55.6,206.1,92,15,0,true,73.6,2.73,above,0,0.35,6130,,47.97,-15.92,11.48,53.76,40.71,1216,7.86,13.48,-41.7,9299,9039,10342,10863,1.5,اشباع خرید | فاصله زیاد از MA20 | سهم صفی: 15 روز از ۲۰ روز در صف (ریسک نقدشوندگی و اجرای حد ضرر) | رشد عمودی (176٪ در ۶۰ روز، 56٪ بالای MA50) | 206٪ بالای MA200
ثپهران,توسعه ساختمان سپهر تهران,انبوه سازی، املاک و مستغلات,77.5,پرریسک؛ صفی/رشد عمودی,100,70,100,34,5620,20261003,12.4,46,53.1,3,22.5,39.1,,89.9,5,0,true,49.4,2.7,above,-0.2,1.55,4326,,31.59,65.9,21.14,136.32,23.53,721,7.79,6.61,17.9,5468,5316,6075,6379,1.5,واگرایی منفی RSI | اشباع خرید | فاصله زیاد از MA20 | رشد عمودی (53٪ در ۶۰ روز، 39٪ بالای MA50) | واگرایی منفی | شناوری کم (11٪)
پارس,پتروشیمی پارس,محصولات شیمیایی,77.3,پرریسک؛ صفی/رشد عمودی,100,85,49,72,3230,20261003,10.4,43.7,50.8,0.6,16.9,35.2,52.4,78.7,9,0,true,49.5,2.78,above,-2.1,1.21,2929,,-231.02,90.16,5.24,-239.38,137.94,492,6.57,9.63,-31.8,3140,3050,3500,3680,1.5,اشباع خرید | فاصله زیاد از MA20 | سهم صفی: 9 روز از ۲۰ روز در صف (ریسک نقدشوندگی و اجرای حد ضرر) | رشد عمودی (51٪ در ۶۰ روز، 35٪ بالای MA50) | توزیع: ورود حقیقی با سرانه خرید ضعیف (0.86 در ۲۰ روز) | 52٪ بالای MA200 | شناوری کم (6٪)
زملارد,کشاورزی و دامپروری ملارد شیر,زراعت و خدمات وابسته,77.3,قوی؛ نزدیک مقاومت، منتظر شکست یا پولبک,95,100,78,37,1572,20261003,10.8,11.1,55.5,5.3,6,15,63.3,65.1,3,0,true,32,3.68,above,-2.8,1.06,1388,1597,23.93,11,11.26,60.21,19.31,183,8.59,8.07,6.4,1514,1456,1597,1713,0.22,63٪ بالای MA200 | حد ضرر دور (7.4٪)
غچین,کشت‌ و صنعت‌ چین‌ چین,محصولات غذایی و آشامیدنی به جز قند و شکر,77,قوی؛ نزدیک مقاومت، منتظر شکست یا پولبک,100,63,77.5,60,5160,20261003,13.2,10,47.4,-2.7,6.3,20.8,67,68.4,4,0,false,38.3,3.23,above,-1.5,0.94,4390,5240,17.73,10.04,7.49,14.17,10.25,682,7.57,8.53,-11.3,4993,4826,5240,5574,0.24,توزیع: ورود حقیقی با سرانه خرید ضعیف (0.89 در ۲۰ روز) | 67٪ بالای MA200
سجام,مجتمع سیمان غرب آسیا,سیمان، آهک و گچ,76.9,قوی ولی پرریسک؛ فعلاً ورود نه,100,100,60.7,47,10930,20261003,5.5,27.5,56.4,6.2,8.4,21.3,105.5,68.7,5,0,true,39.3,3.26,above,-4.6,1.19,10420,,10.91,37.05,1.11,-37.23,20.89,1760,6.21,6.69,-7.2,10574,10242,11998,12710,1.55,واگرایی منفی RSI | توزیع: ورود حقیقی با سرانه خرید ضعیف (0.86 در ۲۰ روز) | 105٪ بالای MA200 | واگرایی منفی
فجر,فولاد امیرکبیرکاشان,فلزات اساسی,76.9,پرریسک؛ صفی/رشد عمودی,100,85,47.5,72,8250,20261003,15.2,34.6,144.1,93.9,14.2,39.3,155.6,79.4,13,0,true,61.8,2.85,above,0,0.8,7800,,7.06,-56.14,2.64,-28.85,60.16,1065,7.75,13.48,-42.5,8015,7683,8955,9425,1.24,اشباع خرید | سهم صفی: 13 روز از ۲۰ روز در صف (ریسک نقدشوندگی و اجرای حد ضرر) | رشد عمودی (144٪ در ۶۰ روز، 39٪ بالای MA50) | 156٪ بالای MA200
فولاژ,فولاد آلیاژی ایران,فلزات اساسی,76.7,قوی؛ نزدیک مقاومت، منتظر شکست یا پولبک,100,100,76.7,30,6690,20261003,6.4,9.5,88.1,37.9,4.7,21.7,75.5,65.5,2,0,true,50.4,3.15,above,-4,1,5840,6820,24.93,44.3,1.15,0.99,21.65,541,12.37,13.48,-8.3,6479,6268,6820,7242,0.31,توزیع: ورود حقیقی با سرانه خرید ضعیف (0.72 در ۲۰ روز) | 76٪ بالای MA200
پخش,پخش البرز,مواد و محصولات دارویی,76.4,قوی ولی پرریسک؛ فعلاً ورود نه,100,65,73.5,60,15390,20261003,12.8,19.2,30.5,-19.6,11.2,20,89.9,74.2,3,0,true,37.7,3.59,above,-2,1,14450,,78.04,180.48,2.13,-43.32,67.67,2029,7.59,8.86,-14.4,14837,14174,17049,18155,1.36,واگرایی منفی RSI | توزیع: ورود حقیقی با سرانه خرید ضعیف (0.74 در ۲۰ روز) | 90٪ بالای MA200 | واگرایی منفی | حد ضرر دور (7.9٪)
دسینا,داروسازی‌ سینا,مواد و محصولات دارویی,76.4,پرریسک؛ صفی/رشد عمودی,95,85,73.5,50,100520,20261003,14.2,19.8,51.1,1,12.3,21.5,92.1,71.6,9,0,true,32.1,2.89,above,-0.9,1.37,95740,,15.32,-10.93,9.91,8.67,11.28,9289,10.82,12.91,-16.2,97618,94289,109225,115028,1.4,سهم صفی: 9 روز از ۲۰ روز در صف (ریسک نقدشوندگی و اجرای حد ضرر) | 92٪ بالای MA200
دارو,کارخانجات‌داروپخش‌,مواد و محصولات دارویی,76.1,پرریسک؛ صفی/رشد عمودی,100,85,79.5,37,9910,20261003,15.6,22,111.8,61.6,16.5,23.4,155.6,76.4,9,0,true,39.1,3.04,above,0,0.56,9400,,28.41,34.57,5.79,75.89,55.4,841,11.78,12.91,-8.7,9608,9249,10815,11418,1.37,فاصله زیاد از MA20 | سهم صفی: 9 روز از ۲۰ روز در صف (ریسک نقدشوندگی و اجرای حد ضرر) | رشد عمودی (112٪ در ۶۰ روز، 23٪ بالای MA50) | توزیع: ورود حقیقی با سرانه خرید ضعیف (0.77 در ۲۰ روز) | 156٪ بالای MA200 | شناوری کم (13٪)
کفپارس,فرآورده‌های‌ نسوز پارس‌,سایر محصولات کانی غیرفلزی,76.1,پرریسک؛ صفی/رشد عمودی,100,75,62.5,62,6310,20261003,14.3,18.2,61,10.8,5.7,20.3,86.8,65.6,6,0,false,39.6,3.1,above,-4.7,0.65,5970,6620,5.13,-4.8,9.65,23.92,12.57,722,8.74,12.75,-31.5,6114,5872,6620,7011,0.71,سهم صفی: 6 روز از ۲۰ روز در صف (ریسک نقدشوندگی و اجرای حد ضرر) | 87٪ بالای MA200
خبرنا,تولیدی برنا باطری,خودرو و ساخت قطعات,76.1,قوی؛ نزدیک مقاومت، منتظر شکست یا پولبک,100,100,88.5,16,9010,20261003,9.2,8.9,51.5,1.3,5.9,21.1,38.7,66.3,1,0,true,37.9,3.32,above,-4.1,0.82,7690,9200,19.69,68.46,1.94,48.57,29.44,1058,8.52,5.87,45.1,8711,8411,9200,9799,0.32,
وحکمت,بیمه حکمت صبا,بیمه وصندوق بازنشستگی به جزتامین اجتماعی,76.1,قوی ولی پرریسک؛ فعلاً ورود نه,100,80,88.5,32,1676,20261003,7.9,17.6,36.7,-13.4,8.8,17.2,33.5,66.9,1,0,true,27.5,3.69,above,-4.7,0.93,1589,,10.71,21.36,2.48,29.2,12.11,199,8.42,,,1614,1558,1861,1985,1.57,حد ضرر دور (7.1٪)
کاما,باما,استخراج کانه های فلزی,76.1,پرریسک؛ صفی/رشد عمودی,95,75,58.3,72,5820,20261003,12.4,6,88.5,38.4,4.5,23.3,106.9,66.9,8,0,false,45.3,3.29,above,-6.4,1.16,5300,6220,111.73,156.16,0.99,-79.21,122.87,786,7.4,13.76,-46.2,5628,5341,6220,6603,0.83,سهم صفی: 8 روز از ۲۰ روز در صف (ریسک نقدشوندگی و اجرای حد ضرر) | توزیع: ورود حقیقی با سرانه خرید ضعیف (0.75 در ۲۰ روز) | 107٪ بالای MA200 | حد ضرر دور (8.2٪)
خکرمان,سرمایه گذاری آرمان گستر پاریز,خودرو و ساخت قطعات,76,پرریسک؛ صفی/رشد عمودی,100,50,64,80,11580,20261003,3.3,23.9,94.6,44.5,8.5,34.4,109.7,72.2,3,0,false,56.5,3.47,above,-3.4,1.27,10880,11740,62.68,135.79,0.55,-89.77,39.65,4303,2.69,5.87,-54.2,11178,10679,11740,12544,0.18,رشد عمودی (95٪ در ۶۰ روز، 34٪ بالای MA50) | توزیع: ورود حقیقی با سرانه خرید ضعیف (0.59 در ۲۰ روز) | 110٪ بالای MA200 | سرانه خرید ضعیف (0.55) | حد ضرر دور (7.8٪)
مدیریت,س. و خدمات مدیریت صند. ب کشوری,سرمایه گذاریها,75.9,قوی؛ نزدیک مقاومت، منتظر شکست یا پولبک,100,80,87.5,72,5150,20261003,9.8,18.4,39.6,-10.6,6.3,16.6,52.3,68.5,3,0,true,34.9,3.18,above,-1.7,1.05,4680,5230,2.66,4.7,8.42,8.94,1.98,955,5.39,8.73,-38.2,4986,4741,5230,5557,0.2,نقدشوندگی پایین | واگرایی منفی RSI | 52٪ بالای MA200 | واگرایی منفی | حد ضرر دور (7.9٪) | نقدشوندگی کمتر از ۱۰ میلیارد تومان
دلقما,دارویی‌ لقمان‌,مواد و محصولات دارویی,75.8,پرریسک؛ صفی/رشد عمودی,95,100,49,60,10250,20261003,5.3,5.1,176,125.9,5.4,18.4,171.3,61.9,7,0,true,42.1,3.54,above,-11.6,1.47,9630,10600,-2.36,21.72,2.51,-167.97,87.71,1109,9.24,12.91,-28.4,9887,9448,10600,11590,0.44,سهم صفی: 7 روز از ۲۰ روز در صف (ریسک نقدشوندگی و اجرای حد ضرر) | رشد عمودی (176٪ در ۶۰ روز، 18٪ بالای MA50) | توزیع: ورود حقیقی با سرانه خرید ضعیف (0.61 در ۲۰ روز) | 171٪ بالای MA200 | حد ضرر دور (7.8٪)
زفجر,کشاورزی و دامپروری فجر اصفهان,زراعت و خدمات وابسته,75.7,قوی ولی پرریسک؛ فعلاً ورود نه,100,88,52.5,60,55840,20261003,9.1,13.2,46.3,-3.8,9.4,16.4,94.3,65.5,3,0,true,23.3,3.1,above,-3,1,53370,,-7.29,8.07,7.4,8.56,13.91,7903,7.07,8.07,-12.4,54109,52504,61033,64495,1.56,واگرایی منفی RSI | 94٪ بالای MA200 | واگرایی منفی
اپال,فرآوری معدنی اپال کانی پارس,استخراج کانه های فلزی,75.7,قوی ولی پرریسک؛ فعلاً ورود نه,85,53,98.5,60,14440,20261003,5.9,-3.9,45.3,-4.9,-2.2,11.8,42.9,55.6,0,0,false,27.9,3.3,above,-13,2.02,14170,16600,60.83,53.05,21.8,55.45,11.74,1442,10.01,13.76,-27.2,14170,13932,16600,17552,4.25,شناوری کم (9٪)
وپویا,سرمایه گذاری پویا,سرمایه گذاریها,75.5,قوی؛ نزدیک مقاومت، منتظر شکست یا پولبک,100,75,62,80,2734,20260926,11.6,15.7,53.2,3,8.3,25.4,58.8,69.9,2,0,false,43.7,3.41,above,-1.3,1.06,2434,2770,2.06,-3.6,35.11,30.95,8.13,654,4.18,8.73,-52.1,2641,2547,2770,2957,0.19,واگرایی منفی RSI | 59٪ بالای MA200 | واگرایی منفی | نقدشوندگی کمتر از ۱۰ میلیارد تومان | آخرین معامله 20260926 (متوقف یا کم‌معامله)
دلر,داروسازی‌ اکسیر,مواد و محصولات دارویی,75.4,پرریسک؛ صفی/رشد عمودی,100,85,63.5,50,29790,20261003,11.8,18.2,100.1,49.9,12.2,17.9,125.1,72.1,4,0,true,32.3,3.36,above,-3,0.97,28330,,35.4,35.79,2.39,-18.84,40.03,2845,10.47,12.91,-18.9,28789,27830,32793,34795,1.53,واگرایی منفی RSI | رشد عمودی (100٪ در ۶۰ روز، 18٪ بالای MA50) | توزیع: ورود حقیقی با سرانه خرید ضعیف (0.68 در ۲۰ روز) | 125٪ بالای MA200 | واگرایی منفی
کلوند,کاشی‌ الوند,کاشی و سرامیک,75.3,قوی ولی پرریسک؛ فعلاً ورود نه,100,85,89,24,7950,20261003,15.2,14.6,71.5,21.4,10.5,23.9,80.3,73.7,5,0,true,35.2,3,above,0,1.13,7640,,33.86,60.45,8.18,42.28,13.86,820,9.7,7.65,26.7,7711,7521,8667,9144,1.67,واگرایی منفی RSI | 80٪ بالای MA200 | واگرایی منفی
جوین,کشت و صنعت جوین,زراعت و خدمات وابسته,75.2,قوی؛ نزدیک مقاومت، منتظر شکست یا پولبک,100,88,78.5,32,6980,20261003,6.7,12.9,47.6,-2.6,4.8,18.2,71.7,65.8,5,0,true,41.1,3.4,above,-4.9,0.69,6420,,3.12,13.97,3.47,13.84,16.05,765,9.12,,,6743,6387,7691,8165,1.2,72٪ بالای MA200 | حد ضرر دور (8.5٪)
وخاور,بانک خاورمیانه,بانکها و موسسات اعتباری,74.8,قوی ولی پرشده؛ منتظر پولبک,100,73,86.9,34,7200,20261003,14.8,19.8,46.5,-3.7,14.1,18.3,93.8,75.5,1,0,true,25.8,3.1,above,-0.1,0.91,6615,,44.76,147.47,1.56,48.08,70.53,1045,6.89,5.4,27.6,6977,6642,7869,8315,1.2,94٪ بالای MA200 | حد ضرر دور (7.7٪)
فزرین,زرین معدن آسیا,فلزات اساسی,74.8,پرریسک؛ صفی/رشد عمودی,100,75,82,37,9980,20261003,6.6,17,116.4,66.2,1.9,27.5,137.4,66.1,14,0,false,58.6,3.11,above,-9.9,1.82,9190,11080,7.53,65.16,2.75,-55.89,28.71,1184,8.43,8.05,4.7,9669,9204,11080,11701,1.42,سهم صفی: 14 روز از ۲۰ روز در صف (ریسک نقدشوندگی و اجرای حد ضرر) | رشد عمودی (116٪ در ۶۰ روز، 27٪ بالای MA50) | توزیع: ورود حقیقی با سرانه خرید ضعیف (0.68 در ۲۰ روز) | 137٪ بالای MA200 | حد ضرر دور (7.8٪)
فن آوا,گروه فن آوا,رایانه و فعالیت‌های وابسته به آن,74.8,پرریسک؛ صفی/رشد عمودی,100,70,73,50,4200,20261003,7.1,39.4,200.3,150.2,12.2,53.1,143.3,80.5,12,1,true,80.9,2.69,above,-4.1,0.88,3970,,9.63,47.54,3.06,-8.03,17.65,1675,2.51,,,4087,3917,4540,4766,1.2,اشباع خرید | سهم صفی: 12 روز از ۲۰ روز در صف (ریسک نقدشوندگی و اجرای حد ضرر) | رشد عمودی (200٪ در ۶۰ روز، 53٪ بالای MA50) | 143٪ بالای MA200 | صف فروش در ۵ روز اخیر
کربن,کانی کربن طبس,استخراج زغال سنگ,74.8,قوی ولی پرریسک؛ فعلاً ورود نه,85,65,63,82,9900,20261003,3.6,-7.9,54.4,4.3,-1.3,12.4,76.5,55.4,0,0,false,36.9,3.42,above,-13.2,0.78,9050,11400,14.08,-5.75,2.77,23.99,18.13,1449,6.83,15.48,-55.9,9562,9054,11400,12077,1.77,76٪ بالای MA200 | حد ضرر دور (8.5٪)
شبریز,پالایش نفت تبریز,فراورده های نفتی، کک و سوخت هسته ای,74.7,قوی ولی پرریسک؛ فعلاً ورود نه,90,63,83.4,57,56390,20261003,4.6,6.4,40.2,-10,-2.5,13.3,78.5,55.3,2,0,false,40.7,3.68,above,-13.4,1.28,53180,65100,296.3,29.02,1.42,55.68,168.91,9661,5.84,6.26,-6.8,54314,52142,65100,69252,2.05,توزیع: ورود حقیقی با سرانه خرید ضعیف (0.66 در ۲۰ روز) | 78٪ بالای MA200 | حد ضرر دور (7.5٪)
شپاکسا,پاکسان‌,محصولات شیمیایی,74.5,پرریسک؛ صفی/رشد عمودی,100,85,73,37,2965,20261003,13.9,26,118.7,68.6,10.2,25.7,107.7,71.5,6,0,true,41.9,3.14,above,-0.5,1.14,2700,,50.6,37.86,11.82,-11.56,36.96,327,9.07,9.63,-5.8,2872,2732,3245,3431,1.2,واگرایی منفی RSI | سهم صفی: 6 روز از ۲۰ روز در صف (ریسک نقدشوندگی و اجرای حد ضرر) | رشد عمودی (119٪ در ۶۰ روز، 26٪ بالای MA50) | توزیع: ورود حقیقی با سرانه خرید ضعیف (0.77 در ۲۰ روز) | 108٪ بالای MA200 | واگرایی منفی | حد ضرر دور (7.9٪)
مهرمام,مهرمام میهن,سلامت انسان و مددکاری اجتماعی,74.5,پرریسک؛ صفی/رشد عمودی,100,70,98,24,4690,20261003,11.1,36.7,80.2,30.1,14.3,30.8,63.9,81.6,6,0,true,57.8,3.13,above,-0.2,1.37,4520,,45.4,72.5,2.82,106.11,31.65,403,11.64,10.3,13,4543,4447,5130,5423,1.81,اشباع خرید | سهم صفی: 6 روز از ۲۰ روز در صف (ریسک نقدشوندگی و اجرای حد ضرر) | رشد عمودی (80٪ در ۶۰ روز، 31٪ بالای MA50) | 64٪ بالای MA200
حبندر,دریایی و کشتیرانی خط دریابندر,حمل ونقل، انبارداری و ارتباطات,74.4,قوی ولی پرریسک؛ فعلاً ورود نه,100,60,97.5,32,9700,20261003,7.1,17.6,65.2,15.1,6.3,18.5,100.1,71.8,0,0,false,35.3,3.62,above,-2.2,1.29,9528,,4.76,4.83,2.07,5.7,3,1112,8.72,,,9528,9352,10754,11456,3.03,100٪ بالای MA200 | نقدشوندگی کمتر از ۱۰ میلیارد تومان
کگل,معدنی و صنعتی گل گهر,استخراج کانه های فلزی,74.4,قوی ولی پرریسک؛ فعلاً ورود نه,95,88,83,30,3110,20261003,8.4,8.6,50.1,0,2.5,11,49.7,58.7,4,0,true,30.4,3.43,above,-6,1.2,3071,3310,156.08,509.71,5.71,-30.42,249.02,241,12.9,13.76,-6.2,3071,3018,3310,3524,2.16,توزیع: ورود حقیقی با سرانه خرید ضعیف (0.73 در ۲۰ روز)
شپاس,نفت پاسارگاد,فراورده های نفتی، کک و سوخت هسته ای,74.3,ورود پله‌ای,100,65,88,37,52070,20261003,14.3,13.9,32.7,-17.5,8.9,24.4,36.2,71.7,5,0,true,32.5,3.2,above,-1.2,0.81,50385,,15.23,58.68,2.32,21.31,19.25,6293,8.27,8.12,1.9,50405,49553,57065,60395,1.98,
شمس,تولید انرژی برق شمس پاسارگاد,عرضه برق، گاز، بخاروآب گرم,74.3,قوی؛ نزدیک مقاومت، منتظر شکست یا پولبک,100,100,88,9,12600,20261003,10.5,15.2,58.3,8.1,6.8,9.6,97.6,63.7,0,0,true,30.3,3.67,above,-2.5,0.65,11270,12900,19.58,69.83,4.39,37.69,15.72,887,14.21,10.04,41.5,12137,11443,12900,13826,0.26,98٪ بالای MA200 | حد ضرر دور (9.2٪)
ولکار,لیزینگ کارآفرین,سایر واسطه گریهای مالی,74.3,قوی؛ نزدیک مقاومت، منتظر شکست یا پولبک,95,55,89,50,5250,20261003,6.9,1,28,-22.1,1.3,6.2,48.2,54,1,1,false,22.6,3.68,above,-9.5,0.68,5010,5650,2.91,14.23,6.58,16.99,6.42,641,8.19,9.94,-17.6,5057,4913,5650,5785,1.19,نقدشوندگی کمتر از ۱۰ میلیارد تومان | صف فروش در ۵ روز اخیر | واگرایی مثبت RSI
خرینگ,رینگ‌سازی‌مشهد,خودرو و ساخت قطعات,74.1,پرریسک؛ صفی/رشد عمودی,100,70,88.5,32,19580,20261003,13.7,33.6,71.6,21.5,15.5,35.2,73.1,80.6,2,0,true,70.6,3.15,above,-0.1,0.88,18290,,12.14,19.65,2.18,29.84,15.41,1668,11.74,,,18964,18040,21428,22660,1.2,واگرایی منفی RSI | اشباع خرید | فاصله زیاد از MA20 | رشد عمودی (72٪ در ۶۰ روز، 35٪ بالای MA50) | 73٪ بالای MA200 | واگرایی منفی | حد ضرر دور (7.9٪)
ساینا,صنایع بهداشتی ساینا,محصولات شیمیایی,74.1,پرریسک؛ صفی/رشد عمودی,100,70,73.5,47,14240,20261003,12.1,38.9,119.8,69.6,15,30,143,80.9,6,0,true,55.4,3.37,above,-0.4,1.78,13170,,12.29,9.52,1.88,-36.93,24.17,1820,7.82,8.01,-2.3,13760,13039,15681,16641,1.2,اشباع خرید | سهم صفی: 6 روز از ۲۰ روز در صف (ریسک نقدشوندگی و اجرای حد ضرر) | رشد عمودی (120٪ در ۶۰ روز، 30٪ بالای MA50) | 143٪ بالای MA200 | حد ضرر دور (8.4٪)
شتوکا,توکا رنگ فولاد سپاهان,محصولات شیمیایی,74.1,پرریسک؛ صفی/رشد عمودی,100,70,83.5,37,13430,20261003,14,68.9,89.7,39.5,25.9,60.6,116.8,95,16,0,true,75.9,2.74,above,-1.4,1.56,7760,,5.82,36.74,2.52,-22.82,15.54,1545,8.69,8.01,8.5,13061,12693,14536,15273,1.5,اشباع خرید | فاصله زیاد از MA20 | سهم صفی: 16 روز از ۲۰ روز در صف (ریسک نقدشوندگی و اجرای حد ضرر) | رشد عمودی (90٪ در ۶۰ روز، 61٪ بالای MA50) | 117٪ بالای MA200
ختور,رادیاتور ایران‌,خودرو و ساخت قطعات,74,پرریسک؛ صفی/رشد عمودی,100,70,78,42,4500,20261003,14.5,48.7,101.5,51.3,19.1,47.2,113.5,90.5,7,0,true,69.5,2.99,above,0,0.58,3720,,11.75,19.22,1.79,31.83,30.67,715,6.29,,,4365,4231,4904,5173,1.5,واگرایی منفی RSI | اشباع خرید | فاصله زیاد از MA20 | سهم صفی: 7 روز از ۲۰ روز در صف (ریسک نقدشوندگی و اجرای حد ضرر) | رشد عمودی (101٪ در ۶۰ روز، 47٪ بالای MA50) | 113٪ بالای MA200 | واگرایی منفی
واعتبار,سرمایه گذاری اعتبار ایران,سرمایه گذاریها,74,پرریسک؛ صفی/رشد عمودی,100,60,48,80,3720,20261003,4.8,35.3,101.6,51.4,13.8,43.1,108.9,80.8,3,0,true,77.6,2.81,above,-3.4,1.42,2338,,-0.23,-4.32,5.41,0.94,5.07,827,4.5,7.13,-36.9,3615,3511,4034,4244,1.5,اشباع خرید | رشد عمودی (102٪ در ۶۰ روز، 43٪ بالای MA50) | 109٪ بالای MA200 | نقدشوندگی کمتر از ۱۰ میلیارد تومان
چافست,افست‌,انتشار، چاپ و تکثیر,74,پرریسک؛ صفی/رشد عمودی,100,100,62,34,24780,20261003,15.9,14.5,89.9,39.7,8.7,17.9,84.3,68.7,7,0,true,39.3,3.36,above,-1.7,0.74,24060,25200,9.57,-6.3,11.12,12.18,8,4380,5.66,5.01,12.9,24060,23643,25200,26867,0.37,سهم صفی: 7 روز از ۲۰ روز در صف (ریسک نقدشوندگی و اجرای حد ضرر) | 84٪ بالای MA200 | نقدشوندگی کمتر از ۱۰ میلیارد تومان
پاسا,ایران‌یاساتایرورابر,لاستیک و پلاستیک,74,قوی ولی پرریسک؛ فعلاً ورود نه,100,60,55.9,72,11520,20261003,13.5,13.6,95.9,45.8,9.3,26.7,83.5,73.1,0,0,false,49.7,3.26,above,-0.1,1.35,11120,,-45,0.25,1.38,7.77,30.87,2053,5.61,8.21,-31.7,11145,10932,12645,13395,1.92,واگرایی منفی RSI | توزیع: ورود حقیقی با سرانه خرید ضعیف (0.55 در ۲۰ روز) | 84٪ بالای MA200 | واگرایی منفی
تایرا,تراکتورسازی‌ایران‌,ماشین آلات و تجهیزات,73.9,قوی ولی پرریسک؛ فعلاً ورود نه,100,73,62,55,3520,20261003,12.8,21.8,47.7,-2.4,10.5,21.9,54.6,74.9,2,0,true,32.9,3.39,above,-1.9,0.95,3330,,9.56,-26.66,13.67,11.84,16.61,754,4.67,5.15,-9.4,3401,3270,3878,4117,1.43,واگرایی منفی RSI | خروج مستمر پول حقیقی | 55٪ بالای MA200 | واگرایی منفی | حد ضرر دور (7.1٪)
ونیرو,سرمایه‌گذاری‌نیرو,عرضه برق، گاز، بخاروآب گرم,73.8,پرریسک؛ صفی/رشد عمودی,90,90,48,67,4130,20261003,3.8,26.3,65.6,15.5,7.3,31.5,13.8,69.2,6,0,true,46.7,3.05,above,-31.9,0.97,4015,4189,10.81,-7.61,3.29,-54.58,59.79,599,6.89,7.09,-2.8,4015,3952,4189,4296,0.33,سهم صفی: 6 روز از ۲۰ روز در صف (ریسک نقدشوندگی و اجرای حد ضرر) | رشد عمودی (66٪ در ۶۰ روز، 31٪ بالای MA50)
زشگزا,شیر و گوشت زاگرس شهرکرد,زراعت و خدمات وابسته,73.8,قوی ولی پرریسک؛ فعلاً ورود نه,95,80,57,60,34340,20261003,7.4,10.5,24.7,-25.5,6.2,11.5,68.4,62,3,0,true,24.8,3.33,above,-3.5,1.22,32660,,-10.97,44.25,2.57,-33.27,23.42,4812,7.14,8.07,-11.6,33196,32088,37772,40060,1.52,توزیع: ورود حقیقی با سرانه خرید ضعیف (0.87 در ۲۰ روز) | 68٪ بالای MA200
دقاضی,داروسازی شهید قاضی,مواد و محصولات دارویی,73.8,پرریسک؛ صفی/رشد عمودی,95,85,89,24,25190,20261003,13.9,19,73.9,23.7,12.3,16.5,119.5,71.2,7,0,true,28.3,3.2,above,-1.7,1.23,23880,,44.67,24.62,5.29,4.52,28.96,2413,10.44,8.86,17.8,24384,23477,27608,29220,1.41,سهم صفی: 7 روز از ۲۰ روز در صف (ریسک نقدشوندگی و اجرای حد ضرر) | توزیع: ورود حقیقی با سرانه خرید ضعیف (0.88 در ۲۰ روز) | 119٪ بالای MA200
سفانو,سیمان فارس نو,سیمان، آهک و گچ,73.7,قوی؛ نزدیک مقاومت، منتظر شکست یا پولبک,95,80,69.6,47,60140,20261003,14.2,8.9,38.4,-11.8,4.6,10.5,63.6,62.9,4,0,true,21.2,3.36,above,-6.7,1.6,56415,64480,4.92,32.31,1.07,-1.41,11.58,8458,7.11,7.14,-0.4,58121,55405,64480,68518,0.92,توزیع: ورود حقیقی با سرانه خرید ضعیف (0.60 در ۲۰ روز) | 64٪ بالای MA200 | حد ضرر دور (7.9٪)
غمهرا,تولیدی‌مهرام‌,محصولات غذایی و آشامیدنی به جز قند و شکر,73.6,قوی؛ نزدیک مقاومت، منتظر شکست یا پولبک,100,88,67.1,37,21990,20261003,11.6,25.9,47.3,-2.9,8.3,17.6,90.5,68,5,0,true,32.9,3.33,above,-2.9,0.7,19620,22640,0.48,75.8,1.37,-23.13,25.05,2564,8.58,8.53,0.5,21257,20524,22640,24106,0.44,توزیع: ورود حقیقی با سرانه خرید ضعیف (0.68 در ۲۰ روز) | 90٪ بالای MA200
نخریس,نخریسی و نساجی خسروی خراسان,منسوجات,73.6,پرریسک؛ صفی/رشد عمودی,100,70,88.5,30,26610,20261003,14.3,39.2,124.1,73.9,18.5,41.6,102.6,86.2,4,0,true,53.5,2.87,above,-1.2,0.71,23570,,18.62,36.53,67.59,29.33,9.9,2027,13.13,14.29,-8.1,25847,25085,28898,30423,1.5,واگرایی منفی RSI | اشباع خرید | فاصله زیاد از MA20 | رشد عمودی (124٪ در ۶۰ روز، 42٪ بالای MA50) | 103٪ بالای MA200 | واگرایی منفی | نقدشوندگی کمتر از ۱۰ میلیارد تومان
ددانا,داروسازی دانا,مواد و محصولات دارویی,73.6,پرریسک؛ صفی/رشد عمودی,95,85,88.5,24,23490,20261003,15.2,14.5,148.8,98.7,12.1,20.7,149.4,70.8,8,0,true,36.1,2.89,above,-1.3,1.39,22390,23810,39.8,8.28,6.39,62.01,35.44,2409,9.75,8.86,10.1,22810,22050,23810,25169,0.22,سهم صفی: 8 روز از ۲۰ روز در صف (ریسک نقدشوندگی و اجرای حد ضرر) | رشد عمودی (149٪ در ۶۰ روز، 21٪ بالای MA50) | 149٪ بالای MA200
غمارگ,مارگارین,محصولات غذایی و آشامیدنی به جز قند و شکر,73.6,پرریسک؛ صفی/رشد عمودی,90,75,96.5,30,2568,20261003,2.8,11.4,88.4,38.3,-3.5,22.4,84.9,56.8,16,1,false,52.6,3.32,above,-14.5,2.48,2497,3004,4.46,27.07,2.88,24.45,13.42,120,21.4,,,2497,2454,3004,3174,3.84,سهم صفی: 16 روز از ۲۰ روز در صف (ریسک نقدشوندگی و اجرای حد ضرر) | 85٪ بالای MA200 | صف فروش در ۵ روز اخیر
شگل,گلتاش‌,محصولات شیمیایی,73.5,پرریسک؛ صفی/رشد عمودی,100,75,77,37,3340,20261003,9.2,18.5,84,33.9,4.6,20.1,88.3,63.3,9,0,false,35.9,3.16,above,-4.8,1.08,2933,3510,19.38,0.44,8.24,9.42,11.38,339,9.85,9.63,2.3,3234,3129,3510,3721,0.8,سهم صفی: 9 روز از ۲۰ روز در صف (ریسک نقدشوندگی و اجرای حد ضرر) | 88٪ بالای MA200
قصفها,قنداصفهان‌,قند و شکر,73.4,قوی ولی پرریسک؛ فعلاً ورود نه,85,75,71.5,60,2326,20261003,3.2,6,52.8,2.6,-1.6,10.2,62.5,54.1,5,0,false,33.8,3.45,above,-10.8,0.99,2263,2607,3.54,19.24,1.95,-11.13,12.78,264,8.81,9.8,-10.1,2263,2223,2607,2767,2.73,توزیع: ورود حقیقی با سرانه خرید ضعیف (0.65 در ۲۰ روز) | 63٪ بالای MA200
وهور,گروه س.انرژی امید  تابان هور,عرضه برق، گاز، بخاروآب گرم,73.4,پرریسک؛ صفی/رشد عمودی,95,80,98.5,17,2815,20261003,14.5,14,31.4,-18.8,10.5,16.6,52.9,67.6,8,0,true,23.9,3.25,above,-2.6,1.82,2671,2889,91.98,75.44,3.76,134.75,36.83,230,12.24,10.04,21.9,2723,2625,2889,3072,0.39,سهم صفی: 8 روز از ۲۰ روز در صف (ریسک نقدشوندگی و اجرای حد ضرر) | 53٪ بالای MA200
وکبهمن,مدیریت سرمایه گذاری کوثربهمن,سرمایه گذاریها,73.4,قوی ولی پرشده؛ منتظر پولبک,100,85,45.5,60,4240,20261003,10.7,25.1,52.4,2.2,11.4,25.5,75.6,78.6,3,0,true,48.2,3.1,above,-0.5,1.31,3980,,-17.06,-32.02,10.96,8.66,4.94,671,6.32,8.73,-27.6,4109,3914,4634,4897,1.21,اشباع خرید | خروج مستمر پول حقیقی | 76٪ بالای MA200 | حد ضرر دور (7.7٪) | نقدشوندگی کمتر از ۱۰ میلیارد تومان
وصنعت,سرمایه گذاری توسعه صنعت وتجارت,سرمایه گذاریها,73.3,قوی؛ نزدیک مقاومت، منتظر شکست یا پولبک,100,55,49.3,80,2922,20261003,4.9,12.7,39.1,-11,1.6,13.5,51.7,59.8,2,0,false,36.4,3.26,above,-7.5,0.73,2765,3159,0.68,1.35,1.09,-0.16,4.55,884,3.31,7.13,-53.6,2827,2717,3159,3350,1.16,52٪ بالای MA200 | حد ضرر دور (7.0٪) | نقدشوندگی کمتر از ۱۰ میلیارد تومان | شناوری کم (13٪)
غگلستا,شیر پاستوریزه پگاه گلستان,محصولات غذایی و آشامیدنی به جز قند و شکر,73.3,پرریسک؛ صفی/رشد عمودی,100,75,97,16,17540,20261003,15.5,13.5,59.5,9.3,4.5,21.7,73.8,65.7,8,0,false,36.1,3.37,above,-5.6,1.28,15120,18590,22.62,20.54,6.97,3.48,11.7,1656,10.59,7.05,50.2,16949,16359,18590,19771,0.89,سهم صفی: 8 روز از ۲۰ روز در صف (ریسک نقدشوندگی و اجرای حد ضرر) | 74٪ بالای MA200
کگهر,معدنی و صنعتی گهرزمین,استخراج کانه های فلزی,73.1,قوی؛ نزدیک مقاومت، منتظر شکست یا پولبک,85,63,68.1,72,7440,20261003,3.6,0.7,43.1,-7.1,-3.5,8.1,42.6,51.2,1,0,false,29.1,3.47,above,-12.9,1.41,7140,7870,68.96,140.19,0.96,-21.73,56.56,870,8.55,14.44,-40.8,7182,7011,7870,8540,1,واگرایی منفی RSI | توزیع: ورود حقیقی با سرانه خرید ضعیف (0.69 در ۲۰ روز) | واگرایی منفی
زپارس,ملی کشت و صنعت و دامپروری پارس,زراعت و خدمات وابسته,73.1,پرریسک؛ صفی/رشد عمودی,100,85,88.5,16,45440,20261003,15.9,20.5,51.6,1.5,12.6,27.8,79.2,72.4,7,0,true,31.4,3.01,above,0,0.82,43190,,20.4,13.46,6.14,20.61,9.34,4640,9.79,6.33,54.7,44072,42506,49545,52282,1.4,واگرایی منفی RSI | سهم صفی: 7 روز از ۲۰ روز در صف (ریسک نقدشوندگی و اجرای حد ضرر) | 79٪ بالای MA200 | واگرایی منفی | نقدشوندگی کمتر از ۱۰ میلیارد تومان | شناوری کم (13٪)
غصینو,صنعتی مینو,محصولات غذایی و آشامیدنی به جز قند و شکر,73,پرریسک؛ صفی/رشد عمودی,95,80,98,16,6400,20261003,14.9,15.5,27.7,-22.4,7.4,10.8,75.7,64.6,6,0,true,20.9,3.57,above,-0.5,1.41,6200,,31.53,34.8,5.1,30.6,32.76,698,9.17,7.05,30.1,6200,6086,7085,7542,2.18,سهم صفی: 6 روز از ۲۰ روز در صف (ریسک نقدشوندگی و اجرای حد ضرر) | 76٪ بالای MA200
زقیام,کشت و دام قیام اصفهان,زراعت و خدمات وابسته,73,قوی؛ نزدیک مقاومت، منتظر شکست یا پولبک,95,80,77,37,11820,20261003,8.7,14,34.4,-15.7,7,12.6,81.2,63.1,4,0,true,26.1,3.39,above,-3.2,0.75,10090,12180,0.57,2.25,4.08,5.2,13.66,1396,8.47,8.07,4.9,11419,11018,12180,12982,0.45,توزیع: ورود حقیقی با سرانه خرید ضعیف (0.88 در ۲۰ روز) | 81٪ بالای MA200
سدبیر,س. تدبیرگران فارس وخوزستان,سرمایه گذاریها,72.8,قوی؛ نزدیک مقاومت، منتظر شکست یا پولبک,95,63,44.8,82,39880,20261003,6.5,1.4,42.8,-7.4,1.9,9.9,15.4,56.4,0,0,false,30.8,3.63,above,-19.2,0.6,38461,41768,0.25,2.03,0.93,-0.96,9.46,7407,5.38,8.73,-38.3,38461,37737,41768,42636,0.88,واگرایی منفی RSI | توزیع: ورود حقیقی با سرانه خرید ضعیف (0.79 در ۲۰ روز) | واگرایی منفی | نقدشوندگی کمتر از ۱۰ میلیارد تومان
بترانس,ایران‌ ترانسفو,ماشین آلات و دستگاه‌های برقی,72.8,قوی ولی پرریسک؛ فعلاً ورود نه,100,80,47,60,3770,20261003,6.2,22,39,-11.1,8.6,17.8,50.8,69.7,2,0,true,23.7,3.18,above,-1.6,0.77,3570,,-35.36,188.08,1.96,-30.23,104.52,747,5.05,6.15,-17.9,3650,3510,4129,4369,1.38,51٪ بالای MA200
کیمیاتک,آریان کیمیا تک,محصولات شیمیایی,72.6,پرریسک؛ صفی/رشد عمودی,100,85,78.5,24,22520,20261003,12.4,29.5,76.4,26.2,10.8,25.3,132.7,73.4,6,0,true,47.1,2.95,above,0,0.2,22210,,9.46,10.5,11.06,16.97,23.39,1968,11.44,9.63,18.8,22210,21878,24512,25841,3.1,سهم صفی: 6 روز از ۲۰ روز در صف (ریسک نقدشوندگی و اجرای حد ضرر) | 133٪ بالای MA200
سپاها,سیمان‌سپاهان‌,سیمان، آهک و گچ,72.5,قوی؛ نزدیک مقاومت، منتظر شکست یا پولبک,95,80,88,24,22120,20261003,13.7,10.5,38.1,-12.1,7.3,14.7,62.1,66,3,0,true,21.2,3.28,above,-1.7,0.79,20450,22500,2.53,39.95,1.97,20.5,24.59,2433,9.09,7.14,27.3,21394,20306,22500,23952,0.21,واگرایی منفی RSI | 62٪ بالای MA200 | واگرایی منفی | حد ضرر دور (8.2٪)
وکادو,تکادو,سرمایه گذاریها,72.5,پرریسک؛ صفی/رشد عمودی,100,75,88,42,4650,20260929,8.4,80.3,130.5,80.4,22.8,56.1,108.7,76.7,9,0,true,47.2,3.89,above,-5.9,0.98,2737,4940,42.78,44.41,9.36,43.1,14.17,668,6.96,,,4469,4289,4940,5301,0.8,فاصله زیاد از MA20 | سهم صفی: 9 روز از ۲۰ روز در صف (ریسک نقدشوندگی و اجرای حد ضرر) | رشد عمودی (131٪ در ۶۰ روز، 56٪ بالای MA50) | 109٪ بالای MA200 | حد ضرر دور (7.8٪) | آخرین معامله 20260929 (متوقف یا کم‌معامله)
فغدیر,آهن و فولاد غدیر ایرانیان,فلزات اساسی,72.5,پرریسک؛ صفی/رشد عمودی,100,70,90,24,8940,20261003,15.7,77.7,172.9,122.8,29.8,72.6,119,97.6,20,0,true,74.6,2.17,above,0,0.43,5056,,17.29,148.65,7.24,20.04,10.3,974,9.18,8.05,14,8746,8553,9521,9908,1.5,واگرایی منفی RSI | اشباع خرید | فاصله زیاد از MA20 | سهم صفی: 20 روز از ۲۰ روز در صف (ریسک نقدشوندگی و اجرای حد ضرر) | رشد عمودی (173٪ در ۶۰ روز، 73٪ بالای MA50) | 119٪ بالای MA200 | واگرایی منفی
جم پیلن,پتروشیمی جم پیلن,محصولات شیمیایی,72.5,پرریسک؛ صفی/رشد عمودی,100,85,52,50,337100,20261003,11,27,91.5,41.4,11,31.8,86.6,78,2,0,true,46.3,2.88,above,-0.2,0.96,318000,,14.54,-107.18,1.18,10.03,29.89,41853,8.05,9.63,-16.4,327393,313146,366222,385636,1.22,واگرایی منفی RSI | اشباع خرید | خروج مستمر پول حقیقی | رشد عمودی (92٪ در ۶۰ روز، 32٪ بالای MA50) | 87٪ بالای MA200 | واگرایی منفی | حد ضرر دور (7.1٪) | شناوری کم (11٪)
خمحور,تولیدمحورخودرو,خودرو و ساخت قطعات,72.4,قوی ولی پرریسک؛ فعلاً ورود نه,100,55,83.5,42,5640,20261003,7.4,15.1,8.3,-41.9,3.2,13.3,43.2,60,2,0,false,20.1,3.23,above,-4.7,0.94,5540,5920,3.65,7.09,1.46,4.95,5.2,785,7.18,,,5540,5449,5920,6284,1.47,نقدشوندگی کمتر از ۱۰ میلیارد تومان | شناوری کم (9٪)
رپویا,پویا,رایانه و فعالیت‌های وابسته به آن,72.4,قوی؛ نزدیک مقاومت، منتظر شکست یا پولبک,95,100,71.5,24,59040,20261003,13.8,6.6,55.8,5.7,8.6,16.6,50.6,66,3,0,true,29.6,3.36,above,-4.6,1.42,57433,61888,10.33,-33.35,25.93,33.26,8.78,5242,11.26,8.89,26.7,57433,56441,61888,65856,1.1,خروج مستمر پول حقیقی | 51٪ بالای MA200 | نقدشوندگی کمتر از ۱۰ میلیارد تومان
سکارون,سیمان کارون,سیمان، آهک و گچ,72.3,قوی ولی پرریسک؛ فعلاً ورود نه,90,80,97,20,5510,20261003,7.8,8.5,8.2,-42,5.7,5.6,38.5,60.4,3,0,true,20.8,3.4,above,-6.8,1.45,5405,5870,6.04,10.2,4.64,4.62,4.32,243,22.67,,,5405,5311,5870,6245,1.81,واگرایی منفی RSI | واگرایی منفی | نقدشوندگی کمتر از ۱۰ میلیارد تومان
نمرینو,ایران‌ مرینوس‌,منسوجات,72.3,پرریسک؛ صفی/رشد عمودی,100,70,89,24,9000,20261003,13.2,28.6,61.7,11.6,18.7,34.2,55.7,83,5,0,true,46.9,2.79,above,0,0.99,8509,,3.66,7.64,2.09,8.67,4.05,953,9.44,7.72,22.3,8749,8383,9754,10256,1.22,واگرایی منفی RSI | اشباع خرید | فاصله زیاد از MA20 | رشد عمودی (62٪ در ۶۰ روز، 34٪ بالای MA50) | 56٪ بالای MA200 | واگرایی منفی | نقدشوندگی کمتر از ۱۰ میلیارد تومان
ثجنوب,سرمایه گذاری مسکن جنوب,انبوه سازی، املاک و مستغلات,72,قوی؛ نزدیک مقاومت، منتظر شکست یا پولبک,100,45,52,80,19080,20261003,1.9,15.7,14,-36.2,2.5,9.4,57,57,1,0,false,24.5,3.78,above,-4.3,0.93,18243,19890,0.44,73.96,0.71,-39.4,24.18,6363,3,23.59,-87.3,18359,17883,19890,21331,0.68,توزیع: ورود حقیقی با سرانه خرید ضعیف (0.89 در ۲۰ روز) | 57٪ بالای MA200 | سرانه خرید ضعیف (0.71)
ثتران,سرمایه گذاری مسکن تهران,انبوه سازی، املاک و مستغلات,71.9,زیر نظر,100,100,77.5,10,8840,20261003,11.6,5.5,65.2,15.1,7.9,20.4,61.9,69.8,0,0,true,44.1,3.37,above,-0.2,0.67,8720,,0.52,3.37,1.91,10.65,8.13,,,23.59,,8720,8571,9733,10329,3.32,واگرایی منفی RSI | بدون EPS مثبت | 62٪ بالای MA200 | واگرایی منفی | نقدشوندگی کمتر از ۱۰ میلیارد تومان
فنوال,نورد آلومینیوم‌,فلزات اساسی,71.9,پرریسک؛ صفی/رشد عمودی,95,100,31.5,62,14130,20261003,15.6,11.9,55.3,5.2,8.4,15,86.9,67.1,7,0,true,33.7,3.2,above,-0.3,1.32,13560,,-12.97,-32.52,2.94,-1.91,9.03,1597,8.85,13.48,-34.4,13678,13334,15485,16389,1.7,واگرایی منفی RSI | خروج مستمر پول حقیقی | سهم صفی: 7 روز از ۲۰ روز در صف (ریسک نقدشوندگی و اجرای حد ضرر) | 87٪ بالای MA200 | واگرایی منفی | نقدشوندگی کمتر از ۱۰ میلیارد تومان
ومدیر,گ.مدیریت ارزش سرمایه ص ب کشوری,سرمایه گذاریها,71.9,قوی؛ نزدیک مقاومت، منتظر شکست یا پولبک,100,63,37,80,3100,20261003,8.2,18.3,46.6,-3.5,4.7,15.4,41.7,65,2,0,false,33.4,3.02,above,-4,0.98,2830,3229,-3.84,-4.97,2.59,13.27,6.05,904,3.43,7.13,-51.9,3007,2866,3229,3416,0.55,حد ضرر دور (7.5٪) | نقدشوندگی کمتر از ۱۰ میلیارد تومان
کاسپین,داروسازی کاسپین تامین,مواد و محصولات دارویی,71.8,قوی ولی پرریسک؛ فعلاً ورود نه,100,100,63,24,39070,20261003,6.4,19.8,62.5,12.3,7,15.8,113.2,64.8,4,0,true,38.5,3.22,above,-2.6,1.37,38060,,32.89,42.41,0.7,-59.25,36.57,3831,10.2,8.86,15.1,38060,37431,42846,45363,2.3,واگرایی منفی RSI | توزیع: ورود حقیقی با سرانه خرید ضعیف (0.66 در ۲۰ روز) | 113٪ بالای MA200 | سرانه خرید ضعیف (0.70) | واگرایی منفی
نان,صنایع غذایی رضوی,محصولات غذایی و آشامیدنی به جز قند و شکر,71.7,قوی؛ نزدیک مقاومت، منتظر شکست یا پولبک,73,55,98,57,6410,20261003,7.7,0.9,12.3,-37.9,-1.2,4.2,46.4,52.9,1,0,false,18.6,3.34,above,-10.1,1.2,6216,6630,35.31,35.88,2.47,50.45,22.83,929,6.9,7.05,-2.1,6216,6109,6630,7130,0.73,
قرن,پدیده شیمی قرن,محصولات شیمیایی,71.6,پرریسک؛ صفی/رشد عمودی,100,100,62.5,24,25570,20261003,9.3,19.7,54.1,4,6.3,14.6,98.7,63,6,0,true,36.7,3.2,above,-4.2,0.85,23330,26690,10.13,-37.48,4.53,15.04,17,2371,10.78,9.63,12,24752,23524,26690,28327,0.55,خروج مستمر پول حقیقی | سهم صفی: 6 روز از ۲۰ روز در صف (ریسک نقدشوندگی و اجرای حد ضرر) | 99٪ بالای MA200 | حد ضرر دور (8.0٪)
ساربیل,سیمان آرتا اردبیل,سیمان، آهک و گچ,71.4,قوی ولی پرریسک؛ فعلاً ورود نه,83,70,73,57,87830,20261003,7.1,-3,10.9,-39.2,0.4,4.4,18.8,54.6,1,0,true,18.9,3.78,above,-13.4,1.24,83650,98760,0.97,1.56,2.2,-3.69,4.1,11188,7.85,7.14,9.9,84514,81992,98760,101400,1.87,توزیع: ورود حقیقی با سرانه خرید ضعیف (0.68 در ۲۰ روز) | نقدشوندگی کمتر از ۱۰ میلیارد تومان | شناوری کم (10٪)
چکاوه,صنایع‌کاغذسازی‌کاوه‌,محصولات کاغذی,71.4,زیر نظر,100,70,99.5,10,15230,20261003,11.7,60.3,106.1,55.9,25.9,50.3,101.6,91.5,12,0,true,60.4,2.58,above,0,1.75,12250,,21.87,67.29,2.98,33.26,14.92,,,16.48,,14837,14444,16409,17194,1.5,اشباع خرید | فاصله زیاد از MA20 | بدون EPS مثبت | سهم صفی: 12 روز از ۲۰ روز در صف (ریسک نقدشوندگی و اجرای حد ضرر) | رشد عمودی (106٪ در ۶۰ روز، 50٪ بالای MA50) | 102٪ بالای MA200
قپیرا,فرآورده‌های‌غدایی‌وقندپیرانشهر,قند و شکر,71.4,پرریسک؛ صفی/رشد عمودی,100,65,53.5,60,23480,20261003,-8,31.2,57.9,7.8,4.2,25,83.4,62.1,8,2,false,61.2,3.38,above,-10.7,0.87,18820,26290,4.2,27.23,0.56,-5.13,4.8,2920,8.04,9.8,-17.9,22685,21891,26290,27879,1.77,سهم صفی: 8 روز از ۲۰ روز در صف (ریسک نقدشوندگی و اجرای حد ضرر) | 83٪ بالای MA200 | سرانه خرید ضعیف (0.56) | نقدشوندگی کمتر از ۱۰ میلیارد تومان | صف فروش در ۵ روز اخیر
خپویش,سازه‌ پویش‌,خودرو و ساخت قطعات,71.4,زیر نظر,100,70,89.5,20,5950,20261003,15.3,56.6,101.6,51.4,27.2,58.1,96.2,94.2,15,0,true,67.5,2.45,above,0,0.7,4001,,22.22,43.86,14.89,23.75,6.51,196,30.36,,,5804,5658,6388,6680,1.5,اشباع خرید | فاصله زیاد از MA20 | سهم صفی: 15 روز از ۲۰ روز در صف (ریسک نقدشوندگی و اجرای حد ضرر) | رشد عمودی (102٪ در ۶۰ روز، 58٪ بالای MA50) | P/E بالا (30) | 96٪ بالای MA200 | نقدشوندگی کمتر از ۱۰ میلیارد تومان
البرز,بیمه البرز,بیمه وصندوق بازنشستگی به جزتامین اجتماعی,71.3,پرریسک؛ صفی/رشد عمودی,100,70,74,55,3410,20260928,13.9,50.9,65.5,15.4,20.6,48.4,74.9,90.9,8,0,true,66.2,2.75,above,0,1.19,2896,,40.76,138.93,5.92,-10.88,35.97,758,4.5,4.59,-2,3316,3223,3691,3879,1.5,اشباع خرید | فاصله زیاد از MA20 | سهم صفی: 8 روز از ۲۰ روز در صف (ریسک نقدشوندگی و اجرای حد ضرر) | رشد عمودی (66٪ در ۶۰ روز، 48٪ بالای MA50) | 75٪ بالای MA200 | شناوری کم (13٪) | آخرین معامله 20260928 (متوقف یا کم‌معامله)
داسوه,داروسازی‌ اسوه‌,مواد و محصولات دارویی,71.3,پرریسک؛ صفی/رشد عمودی,100,85,88,9,108600,20261003,15.8,11.9,185.1,135,10.6,29.8,156.8,72.9,10,0,true,50.6,2.9,above,-0.4,0.58,92270,,0.21,16.02,6.06,6.6,10.5,6197,17.52,12.91,35.7,105450,102300,118049,124349,1.5,واگرایی منفی RSI | سهم صفی: 10 روز از ۲۰ روز در صف (ریسک نقدشوندگی و اجرای حد ضرر) | رشد عمودی (185٪ در ۶۰ روز، 30٪ بالای MA50) | توزیع: ورود حقیقی با سرانه خرید ضعیف (0.84 در ۲۰ روز) | 157٪ بالای MA200 | واگرایی منفی | شناوری کم (9٪)
فجام,جام‌دارو,ساخت محصولات فلزی,71.3,قوی ولی پرریسک؛ فعلاً ورود نه,100,85,73,24,19960,20261003,15.4,16.9,86.7,36.6,9.3,26.5,111.4,71.3,4,0,true,37.7,3.01,above,-0.1,0.96,19400,,6.49,17.13,3.62,-0.52,6.6,2172,9.19,7.54,21.9,19400,19100,21761,22961,2.09,واگرایی منفی RSI | 111٪ بالای MA200 | واگرایی منفی | نقدشوندگی کمتر از ۱۰ میلیارد تومان
تلیسه,دامداری تلیسه نمونه,زراعت و خدمات وابسته,71.2,پرریسک؛ صفی/رشد عمودی,95,88,63.5,37,10840,20261003,14.2,12.1,41.6,-8.6,9.8,19.9,93.7,69.7,6,0,true,35,3.38,above,-1.4,0.98,10360,,0.52,-1.53,7.5,12.92,22.08,1266,8.56,8.07,6.1,10474,10177,11938,12671,1.66,واگرایی منفی RSI | سهم صفی: 6 روز از ۲۰ روز در صف (ریسک نقدشوندگی و اجرای حد ضرر) | 94٪ بالای MA200 | واگرایی منفی
وپخش,داروپخش‌ (هلدینگ‌,مواد و محصولات دارویی,71.1,پرریسک؛ صفی/رشد عمودی,100,73,89,17,57990,20261003,15.9,31.3,46.2,-3.9,17.2,23.8,102.8,76,9,0,true,25.4,3.02,above,0,0.79,52180,,75.48,132.9,5.56,51.53,33.39,3800,15.26,12.91,18.2,56236,54482,63252,66760,1.5,واگرایی منفی RSI | فاصله زیاد از MA20 | سهم صفی: 9 روز از ۲۰ روز در صف (ریسک نقدشوندگی و اجرای حد ضرر) | توزیع: ورود حقیقی با سرانه خرید ضعیف (0.77 در ۲۰ روز) | 103٪ بالای MA200 | واگرایی منفی | شناوری کم (11٪)
شرانل,نفت ایرانول,فراورده های نفتی، کک و سوخت هسته ای,71,قوی؛ نزدیک مقاومت، منتظر شکست یا پولبک,100,63,76.7,37,113700,20261003,9.4,17.4,49.6,-0.6,3.5,17.6,96,64.9,5,0,false,33.4,3.37,above,-5.8,0.63,99320,120700,38.59,52.97,1.17,2.79,39.72,13150,8.65,8.12,6.5,109866,106031,120700,128369,0.91,توزیع: ورود حقیقی با سرانه خرید ضعیف (0.62 در ۲۰ روز) | 96٪ بالای MA200
فطلوع,طلوع فولاد پارس,فلزات اساسی,71,زیر نظر,100,70,88,20,6700,20261003,13.9,41.1,146.7,96.5,15.1,48.4,,83.3,17,0,true,73,2.73,above,-1.3,0.69,6320,,5.24,22.18,2.81,2.32,16.44,34,197.06,,,6517,6243,7248,7613,1.2,اشباع خرید | فاصله زیاد از MA20 | سهم صفی: 17 روز از ۲۰ روز در صف (ریسک نقدشوندگی و اجرای حد ضرر) | رشد عمودی (147٪ در ۶۰ روز، 48٪ بالای MA50) | P/E بالا (197) | 260٪ بالای کف ۵۲ هفته
کمینا,شیشه سازی مینا,سایر محصولات کانی غیرفلزی,71,زیر نظر,100,70,88,20,18280,20261003,15.3,44.6,119.9,69.8,24.7,53.7,128.7,90.5,8,0,true,71.1,2.68,above,-0.3,1.05,13770,,9.19,26.62,4.63,18.95,6.3,259,70.58,,,17789,17299,19752,20733,1.5,اشباع خرید | فاصله زیاد از MA20 | سهم صفی: 8 روز از ۲۰ روز در صف (ریسک نقدشوندگی و اجرای حد ضرر) | رشد عمودی (120٪ در ۶۰ روز، 54٪ بالای MA50) | P/E بالا (71) | 129٪ بالای MA200 | نقدشوندگی کمتر از ۱۰ میلیارد تومان
آواپارس,بیمه اتکایی آوای پارس,بیمه وصندوق بازنشستگی به جزتامین اجتماعی,70.9,پرریسک؛ صفی/رشد عمودی,100,70,97.5,50,5140,20261003,14.2,45.2,111.5,61.4,22.8,52,153.9,98.8,20,0,true,88.9,2.26,above,-0.4,1.47,2583,,0.48,1.84,4.9,2.92,0.74,1471,3.49,,,5024,4908,5489,5721,1.5,نقدشوندگی پایین | اشباع خرید | فاصله زیاد از MA20 | سهم صفی: 20 روز از ۲۰ روز در صف (ریسک نقدشوندگی و اجرای حد ضرر) | رشد عمودی (112٪ در ۶۰ روز، 52٪ بالای MA50) | 154٪ بالای MA200 | نقدشوندگی کمتر از ۱۰ میلیارد تومان
بشهاب,لامپ‌  پارس‌ شهاب‌,ماشین آلات و دستگاه‌های برقی,70.8,پرریسک؛ صفی/رشد عمودی,85,75,77,44,8720,20261003,9,2.6,54.5,4.4,-0.1,12.3,66,58.2,11,0,false,35.3,3.39,above,-10.9,1.06,8458,9066,5.37,11.32,1.89,11.4,11.82,1212,7.19,6.15,17,8458,8310,9066,9787,0.84,سهم صفی: 11 روز از ۲۰ روز در صف (ریسک نقدشوندگی و اجرای حد ضرر) | توزیع: ورود حقیقی با سرانه خرید ضعیف (0.84 در ۲۰ روز) | 66٪ بالای MA200 | شناوری کم (11٪)
پکرمان,گروه‌ صنعتی‌ بارز,لاستیک و پلاستیک,70.8,قوی؛ نزدیک مقاومت، منتظر شکست یا پولبک,100,80,62,37,8070,20261003,12.4,19.9,35.4,-14.8,8.2,17.8,23.9,66.9,4,0,true,33.6,2.98,above,-2.6,0.6,7878,8260,5.38,-41.63,5.22,22.94,27.01,953,8.47,8.21,3.1,7878,7758,8260,9022,0.61,واگرایی منفی RSI | خروج مستمر پول حقیقی | واگرایی منفی
دتوزیع,توزیع دارو پخش,مواد و محصولات دارویی,70.8,پرریسک؛ صفی/رشد عمودی,95,85,64,37,7150,20261003,15.5,16.8,77.2,27.1,12.7,23.1,121.5,73.4,6,0,true,40.3,3,above,0,0.54,6790,,62.35,-0.89,12.79,66.57,28.15,739,9.68,8.86,9.2,6936,6683,7793,8222,1.38,واگرایی منفی RSI | سهم صفی: 6 روز از ۲۰ روز در صف (ریسک نقدشوندگی و اجرای حد ضرر) | 122٪ بالای MA200 | واگرایی منفی
زفارس,کشت وصنعت و دامپروری پگاه فارس,زراعت و خدمات وابسته,70.8,قوی ولی پرریسک؛ فعلاً ورود نه,95,55,88,37,24500,20261003,9.4,6.2,30.2,-19.9,1.2,13.9,,58.4,4,0,false,36.3,3.22,above,-9.2,0.89,22340,26970,12.71,20.93,18.44,27.6,11.84,2916,8.4,8.07,4.1,23711,22528,26970,28548,1.25,واگرایی منفی RSI | 178٪ بالای کف ۵۲ هفته | واگرایی منفی | حد ضرر دور (8.1٪)
شپارس,بین‌ المللی‌ محصولات‌  پارس‌,محصولات شیمیایی,70.6,پرریسک؛ صفی/رشد عمودی,100,75,62.5,60,2771,20260930,14.2,19.6,118.2,68,5.7,30.5,115.2,68.6,10,0,false,52.1,2.98,above,-6,0.42,2391,2948,8.32,-26.68,10.89,23.16,15.82,370,7.49,9.63,-22.2,2688,2606,2948,3113,1.07,خروج مستمر پول حقیقی | سهم صفی: 10 روز از ۲۰ روز در صف (ریسک نقدشوندگی و اجرای حد ضرر) | رشد عمودی (118٪ در ۶۰ روز، 30٪ بالای MA50) | 115٪ بالای MA200 | آخرین معامله 20260930 (متوقف یا کم‌معامله)
حخزر,کشتیرانی دریای خزر,حمل و نقل آبی,70.6,پرریسک؛ صفی/رشد عمودی,100,70,89.5,17,12460,20261003,15.7,58.3,193.6,143.5,22.7,57.7,213,93.2,7,0,true,84.3,2.63,above,0,0.52,6430,,27.42,58.64,2.62,11.98,22.79,944,13.2,10.36,27.4,12132,11804,13444,14100,1.5,واگرایی منفی RSI | اشباع خرید | فاصله زیاد از MA20 | سهم صفی: 7 روز از ۲۰ روز در صف (ریسک نقدشوندگی و اجرای حد ضرر) | رشد عمودی (194٪ در ۶۰ روز، 58٪ بالای MA50) | 213٪ بالای MA200 | واگرایی منفی
الکتروماد,صنایع الکترونیک مادیران,ماشین آلات و تجهیزات,70.6,پرریسک؛ صفی/رشد عمودی,95,75,36.5,72,5190,20261003,14.8,16.4,116.7,66.5,7.2,21.3,94.6,67.1,6,0,false,43.5,3.01,above,-3.4,0.88,4790,5370,-5.52,-9.41,20.52,39.55,17.83,957,5.42,9.66,-43.9,5034,4800,5370,5682,0.46,واگرایی منفی RSI | سهم صفی: 6 روز از ۲۰ روز در صف (ریسک نقدشوندگی و اجرای حد ضرر) | رشد عمودی (117٪ در ۶۰ روز، 21٪ بالای MA50) | 95٪ بالای MA200 | واگرایی منفی | حد ضرر دور (7.5٪)
خریخت,صنایع‌ریخته‌گری‌ایران‌,خودرو و ساخت قطعات,70.6,پرریسک؛ صفی/رشد عمودی,100,70,74.5,32,1889,20261003,14.3,53.4,76.5,26.3,21.3,47,87.2,93,7,0,true,61.8,2.84,above,-0.3,0.64,1229,,2.06,11.98,1.96,-2.68,6.24,185,10.21,,,1835,1782,2050,2157,1.5,واگرایی منفی RSI | اشباع خرید | فاصله زیاد از MA20 | سهم صفی: 7 روز از ۲۰ روز در صف (ریسک نقدشوندگی و اجرای حد ضرر) | رشد عمودی (76٪ در ۶۰ روز، 47٪ بالای MA50) | 87٪ بالای MA200 | واگرایی منفی | نقدشوندگی کمتر از ۱۰ میلیارد تومان
سیتا,سرمایه گذاری سیمان تامین,سیمان، آهک و گچ,70.5,پرریسک؛ صفی/رشد عمودی,100,80,51,47,31420,20261003,9,13.6,20.7,-29.4,5.3,12.6,63.3,61.5,6,0,true,24.2,3.25,above,-3.7,1.06,29872,32640,-1.15,15.63,2.33,27.64,35.83,4273,7.35,7.14,3,30398,29361,32640,34684,0.59,سهم صفی: 6 روز از ۲۰ روز در صف (ریسک نقدشوندگی و اجرای حد ضرر) | 63٪ بالای MA200 | شناوری کم (10٪)
پارسیان,بیمه پارسیان,بیمه وصندوق بازنشستگی به جزتامین اجتماعی,70.3,قوی ولی پرریسک؛ فعلاً ورود نه,100,63,30.7,80,1963,20261003,7,12.9,47.4,-2.8,5.2,19.4,53,65.9,2,0,false,47.1,3.3,above,-2.3,0.81,1670,,0.54,-24.46,0.95,-0.42,7.7,865,2.27,4.59,-50.6,1898,1834,2157,2287,1.5,خروج مستمر پول حقیقی | 53٪ بالای MA200 | نقدشوندگی کمتر از ۱۰ میلیارد تومان
وشهر,بانک شهر,بانکها و موسسات اعتباری,70.1,قوی ولی پرریسک؛ فعلاً ورود نه,95,65,72.5,42,3390,20261003,10.4,13,24.7,-25.4,10.7,14.2,34.9,73.5,3,0,true,27.5,2.72,above,-2.3,1.49,3125,,32.15,-31.87,2.97,33.18,14.45,533,6.36,,,3298,3160,3667,3851,1.2,واگرایی منفی RSI | خروج مستمر پول حقیقی | 221٪ بالای کف ۵۲ هفته | واگرایی منفی
وهامون,سرمایه گذاری هامون صبا,سرمایه گذاریها,70.1,قوی؛ نزدیک مقاومت، منتظر شکست یا پولبک,100,55,36.5,80,1706,20261003,5.6,8,18.6,-31.5,2.8,10.8,32.9,62.7,0,0,false,20.9,2.75,above,-3.1,0.8,1669,1760,-0.48,-1.12,2.16,9.18,5.13,427,4,8.73,-54.2,1669,1646,1760,1854,0.89,واگرایی منفی RSI | واگرایی منفی | نقدشوندگی کمتر از ۱۰ میلیارد تومان
وامیر,گروه صنعتی و معدنی امیر,استخراج کانه های فلزی,70,پرریسک؛ صفی/رشد عمودی,100,60,87.1,25,11840,20261003,8.1,35.8,143.1,92.9,9.8,42.2,147.3,77.3,12,0,false,68.1,2.74,above,-1.7,1.06,10640,12050,2.41,33.79,1.58,11.58,15.81,598,19.8,,,11516,11191,12050,12699,0.32,سهم صفی: 12 روز از ۲۰ روز در صف (ریسک نقدشوندگی و اجرای حد ضرر) | رشد عمودی (143٪ در ۶۰ روز، 42٪ بالای MA50) | 147٪ بالای MA200
کچاد,معدنی‌وصنعتی‌چادرملو,استخراج کانه های فلزی,70,قوی؛ نزدیک مقاومت، منتظر شکست یا پولبک,95,55,72,50,3020,20261003,9.3,10.8,32.1,-18.1,1.8,13.7,34.6,59.5,4,0,false,31.6,3.51,above,-6.5,0.92,2840,3230,64.28,186,3.42,-77.22,139.27,277,10.9,13.76,-20.8,2914,2787,3230,3442,0.9,توزیع: ورود حقیقی با سرانه خرید ضعیف (0.64 در ۲۰ روز) | حد ضرر دور (7.7٪)
دی,بانک دی,بانکها و موسسات اعتباری,70,پرریسک؛ صفی/رشد عمودی,100,70,54,50,1840,20261003,15.7,30.8,72,21.8,19.7,39.7,98.3,82.2,10,0,true,30.6,2.86,above,-0.1,0.82,1525,,-11.92,53.68,5.62,118.91,146.21,414,4.44,,,1787,1735,1998,2103,1.5,اشباع خرید | فاصله زیاد از MA20 | سهم صفی: 10 روز از ۲۰ روز در صف (ریسک نقدشوندگی و اجرای حد ضرر) | رشد عمودی (72٪ در ۶۰ روز، 40٪ بالای MA50) | 98٪ بالای MA200
دیران,ایران‌دارو,مواد و محصولات دارویی,70,پرریسک؛ صفی/رشد عمودی,100,85,62,30,20400,20261003,15.8,28.1,280.6,230.5,13.9,47,205.1,79.6,17,0,true,69.1,2.51,above,0,0.24,19400,,1.01,-3.35,3.76,23.54,26.41,1532,13.32,12.91,3.1,19889,19144,21933,22955,1.22,اشباع خرید | سهم صفی: 17 روز از ۲۰ روز در صف (ریسک نقدشوندگی و اجرای حد ضرر) | رشد عمودی (281٪ در ۶۰ روز، 47٪ بالای MA50) | 205٪ بالای MA200
نماد,گروه مالی نماد غدیر,سرمایه گذاریها,69.9,زیر نظر,100,55,35.5,80,4200,20261003,4,10.8,37.3,-12.9,2.7,14.2,,62.8,1,0,false,38.9,3.19,above,-2.8,0.88,3927,,-30.38,-45.39,2.69,48.17,33.34,995,4.22,7.13,-40.8,4066,3865,4603,4871,1.2,خروج مستمر پول حقیقی | حد ضرر دور (8.0٪) | شناوری کم (9٪)
بنیرو,نیروترانس‌,ماشین آلات و دستگاه‌های برقی,69.8,زیر نظر,80,80,51.1,68,3890,20261003,4.3,4.9,20.9,-29.3,2.2,6.1,47.5,56,0,0,true,9.9,3.22,above,-4.2,0.62,3835,3970,0.68,-18.37,1.17,2.5,12.28,830,4.69,6.15,-23.8,3835,3772,3970,4060,0.68,واگرایی منفی RSI | خروج مستمر پول حقیقی | بدون روند (ADX پایین) | 157٪ بالای کف ۵۲ هفته | واگرایی منفی
پارسان,گسترش نفت و گاز پارسیان,محصولات شیمیایی,69.5,زیر نظر,100,55,77,37,36780,20261003,10.3,10,31.8,-18.3,4.4,19.5,51.3,66.1,0,0,false,35.5,3.34,above,-2.9,0.67,33870,37860,65.3,119.93,1.72,84.56,143.4,3483,10.56,9.63,9.7,35552,33711,37860,40315,0.35,توزیع: ورود حقیقی با سرانه خرید ضعیف (0.72 در ۲۰ روز) | 51٪ بالای MA200 | حد ضرر دور (8.3٪)
سیسکو,فولاد سیرجان ایرانیان,فلزات اساسی,69.5,زیر نظر,100,75,36,62,6700,20261003,8.4,25,93.6,43.5,5.3,26.5,131.6,64.7,9,0,false,55.9,2.86,above,-3.7,0.79,6150,6960,-90.9,-437.73,2.48,7.08,93.71,820,8.17,13.48,-39.4,6508,6221,6960,7343,0.54,خروج مستمر پول حقیقی | سهم صفی: 9 روز از ۲۰ روز در صف (ریسک نقدشوندگی و اجرای حد ضرر) | 132٪ بالای MA200 | حد ضرر دور (7.2٪) | شناوری کم (7٪)
تبرک,گروه کارخانجات صنعتی تبرک,محصولات غذایی و آشامیدنی به جز قند و شکر,69.5,زیر نظر,95,63,97.5,16,21940,20261003,14.7,10.6,43.2,-6.9,4.1,16.1,53.2,63.2,7,0,false,22.9,3.44,above,-6,1.24,19612,23340,16.54,15.31,7.48,19.31,4.49,2192,10.01,7.05,42,21184,20428,23340,24852,0.93,سهم صفی: 7 روز از ۲۰ روز در صف (ریسک نقدشوندگی و اجرای حد ضرر) | 53٪ بالای MA200 | نقدشوندگی کمتر از ۱۰ میلیارد تومان
وتوصا,گروه س توسعه صنعتی ایران,سرمایه گذاریها,69.4,زیر نظر,90,75,29.6,80,3070,20261003,0.7,4.1,57.2,7.1,-1.5,9.7,59,53.2,0,0,false,43.6,3.81,above,-10,0.87,2970,3124,3.36,-17.14,0.93,-2.89,7.6,642,4.78,7.13,-32.9,2970,2912,3124,3410,0.34,واگرایی منفی RSI | خروج مستمر پول حقیقی | 59٪ بالای MA200 | واگرایی منفی | نقدشوندگی کمتر از ۱۰ میلیارد تومان
ونفت,سرمایه‌گذاری‌ صنعت‌ نفت‌,فراورده های نفتی، کک و سوخت هسته ای,69.4,زیر نظر,90,65,27.5,90,10180,20261003,-3.2,8,107.5,57.4,-0.4,4.6,98.9,52.4,3,0,false,29.6,3.5,above,-11.9,1.06,10030,10330,-3.99,56.62,0.73,-51.06,35.03,3216,3.17,6.26,-49.4,10030,9852,10330,11550,0.46,واگرایی منفی RSI | رشد عمودی (108٪ در ۶۰ روز، 5٪ بالای MA50) | توزیع: ورود حقیقی با سرانه خرید ضعیف (0.82 در ۲۰ روز) | 99٪ بالای MA200 | سرانه خرید ضعیف (0.73) | واگرایی منفی
لپارس,پارس‌ الکتریک‌,ساخت دستگاه‌ها و وسایل ارتباطی,69.4,زیر نظر,100,85,77.5,12,35540,20261003,11.4,19.4,72.4,22.3,8.2,26.2,77,72.2,3,0,true,58.3,3.44,above,-2.3,0.76,34410,,2.14,2.75,1.65,14.14,11.86,1544,23.02,20.28,13.5,34410,33798,39209,41656,2.11,واگرایی منفی RSI | 77٪ بالای MA200 | واگرایی منفی
ولملت,واسپاری ملت,سایر واسطه گریهای مالی,69.4,زیر نظر,100,70,97.5,4,25550,20261003,15.8,59.4,189.8,139.6,26.8,46.3,198.3,88.7,15,0,true,49.8,2.45,above,0,1.29,18538,,13.49,36.36,1.5,16.88,17.04,824,31.01,9.94,211.9,24924,24298,27428,28679,1.5,واگرایی منفی RSI | اشباع خرید | فاصله زیاد از MA20 | سهم صفی: 15 روز از ۲۰ روز در صف (ریسک نقدشوندگی و اجرای حد ضرر) | رشد عمودی (190٪ در ۶۰ روز، 46٪ بالای MA50) | P/E بالا (31) | 198٪ بالای MA200 | واگرایی منفی
فخاس,فولاد خراسان,فلزات اساسی,69.3,زیر نظر,100,85,39.3,50,3810,20261003,12.4,28.9,95.5,45.4,12.1,32.2,81.5,77.8,5,0,true,48.6,3.15,above,-0.5,1.46,3600,,-19.53,20.51,1.25,-6.41,25.88,363,10.5,13.48,-22.1,3690,3540,4170,4410,1.33,واگرایی منفی RSI | رشد عمودی (96٪ در ۶۰ روز، 32٪ بالای MA50) | 82٪ بالای MA200 | واگرایی منفی | حد ضرر دور (7.1٪) | شناوری کم (4٪)
مهر,سرمایه گذاری مهر,سرمایه گذاریها,69.3,زیر نظر,100,75,37,60,4000,20261003,3.9,27.8,83.2,33,9.2,35.8,82.1,74.6,3,0,true,58.7,2.85,above,-4.3,1.1,3410,,-29.38,-64.67,15.99,10.85,12.83,564,7.09,8.73,-18.8,3886,3772,4342,4570,1.5,خروج مستمر پول حقیقی | رشد عمودی (83٪ در ۶۰ روز، 36٪ بالای MA50) | 82٪ بالای MA200
ثنور,سرمایه گذاری کوه نور,انبوه سازی، املاک و مستغلات,69.3,زیر نظر,100,75,77,20,7080,20261003,1.3,9.6,70.2,20,1.2,16.5,82,60.3,1,0,false,52.1,3.32,above,-6.1,0.72,6640,7270,0.95,2.59,2.74,4.46,3.13,26,272.31,,,6845,6522,7270,7540,0.34,P/E بالا (272) | 82٪ بالای MA200 | حد ضرر دور (7.9٪) | نقدشوندگی کمتر از ۱۰ میلیارد تومان
کپارس,کاشی‌ پارس‌,کاشی و سرامیک,69.1,زیر نظر,100,60,61.5,47,20280,20261003,15.8,26.9,110.4,60.2,9.2,35.8,122.5,74.1,12,0,false,55.4,2.91,above,-1.1,0.33,17360,20500,1.84,-46.77,4.09,10.8,17.81,2681,7.56,7.65,-1.1,19690,19100,20500,21680,0.19,واگرایی منفی RSI | خروج مستمر پول حقیقی | سهم صفی: 12 روز از ۲۰ روز در صف (ریسک نقدشوندگی و اجرای حد ضرر) | رشد عمودی (110٪ در ۶۰ روز، 36٪ بالای MA50) | 123٪ بالای MA200 | واگرایی منفی
خشرق,الکتریک‌ خودرو شرق‌,خودرو و ساخت قطعات,69,زیر نظر,100,60,88,20,3140,20261003,13.4,16.1,67.2,17.1,7.6,27.6,57.5,72.7,8,0,false,51.1,3.4,above,-1.9,0.73,2669,,5.28,17.89,2.69,17.81,9.13,137,22.92,,,3033,2926,3461,3674,1.5,سهم صفی: 8 روز از ۲۰ روز در صف (ریسک نقدشوندگی و اجرای حد ضرر) | 57٪ بالای MA200 | نقدشوندگی کمتر از ۱۰ میلیارد تومان
تپسی,پیشگامان فن آوری و دانش آرامیس,رایانه و فعالیت‌های وابسته به آن,69,زیر نظر,100,70,90,10,26330,20261003,6,26.4,100.2,50.1,11.5,31.3,52.5,99.7,20,0,true,95.5,1.02,above,0,0.64,22600,,15.08,74.01,10.76,14.81,4.85,,,8.89,,26063,25795,27132,27667,1.5,اشباع خرید | بدون EPS مثبت | سهم صفی: 20 روز از ۲۰ روز در صف (ریسک نقدشوندگی و اجرای حد ضرر) | رشد عمودی (100٪ در ۶۰ روز، 31٪ بالای MA50) | 52٪ بالای MA200 | نقدشوندگی کمتر از ۱۰ میلیارد تومان
والبر,سرمایه‌ گذاری‌ البرز(هلدینگ‌,مواد و محصولات دارویی,69,زیر نظر,95,88,87.6,4,4090,20261003,8.2,8.5,40.5,-9.6,5.8,12,59,62,2,0,true,20.6,3.24,above,-3.5,1.29,3860,4240,13.71,64.37,1.18,5.25,45.39,201,20.35,12.91,57.6,3958,3794,4240,4505,0.51,توزیع: ورود حقیقی با سرانه خرید ضعیف (0.83 در ۲۰ روز) | 59٪ بالای MA200 | حد ضرر دور (7.2٪)
محتشم,نساجی هدیه البرز مشهد,منسوجات,68.9,زیر نظر,100,85,63.5,24,17690,20261003,6.8,34.1,68.1,18,17.4,40.8,85.8,79.7,9,0,true,47.5,2.78,above,-0.4,0.7,16030,,-17.44,95.23,6.39,75.36,59.78,1926,9.18,7.72,19,17198,16707,19165,20148,1.5,واگرایی منفی RSI | اشباع خرید | فاصله زیاد از MA20 | سهم صفی: 9 روز از ۲۰ روز در صف (ریسک نقدشوندگی و اجرای حد ضرر) | رشد عمودی (68٪ در ۶۰ روز، 41٪ بالای MA50) | 86٪ بالای MA200 | واگرایی منفی
وسپهر,گروه سرمایه گذاری سپهر صادرات,شرکتهای چند رشته ای صنعتی,68.9,زیر نظر,95,55,62.5,55,4910,20261003,8.4,5.8,36.4,-13.8,2.2,13.6,37,61.1,0,0,false,38.8,3.37,above,-4.7,1.17,4790,5150,29.98,-3.53,6.58,76.86,17.14,1149,4.27,4.03,6,4790,4707,5150,5481,1.18,واگرایی منفی RSI | واگرایی منفی
شسینا,صنایع‌شیمیایی‌سینا,محصولات شیمیایی,68.9,زیر نظر,100,55,61.5,50,4370,20261003,10.4,14.1,36,-14.2,3,16.9,56.9,62.5,2,0,false,38.5,3.26,above,-8,1.09,4030,4750,2.16,-2.62,2,3.4,6.37,523,8.36,9.63,-13.2,4227,4013,4750,5035,1.07,57٪ بالای MA200 | حد ضرر دور (8.2٪) | نقدشوندگی کمتر از ۱۰ میلیارد تومان
بزندگی,بیمه زندگی آگاه,بیمه وصندوق بازنشستگی به جزتامین اجتماعی,68.9,زیر نظر,100,70,99.5,20,6780,20260928,15.5,47.7,138.6,88.4,25.1,49.7,143.8,95.3,7,0,true,77.8,2.33,above,0,1.41,4840,,22.5,43.16,54.29,28.03,4.14,328,20.67,,,6622,6465,7253,7569,1.5,اشباع خرید | فاصله زیاد از MA20 | سهم صفی: 7 روز از ۲۰ روز در صف (ریسک نقدشوندگی و اجرای حد ضرر) | رشد عمودی (139٪ در ۶۰ روز، 50٪ بالای MA50) | 144٪ بالای MA200 | نقدشوندگی کمتر از ۱۰ میلیارد تومان | آخرین معامله 20260928 (متوقف یا کم‌معامله)
لابسا,آبسال‌,ماشین آلات و تجهیزات,68.9,زیر نظر,100,85,78.5,9,6030,20261003,12.9,18.7,62.5,12.4,11,19.6,51.9,72.2,2,0,true,20.5,3.1,above,0,1,5705,,0.47,0.24,2.28,8.17,3.32,484,12.46,5.15,141.9,5843,5611,6591,6965,1.34,52٪ بالای MA200 | نقدشوندگی کمتر از ۱۰ میلیارد تومان
سنوین,سرمایه گذاری اقتصاد نوین,سرمایه گذاریها,68.8,زیر نظر,100,45,77.4,42,3440,20261003,-3.4,6.5,36.3,-13.8,0,9.8,37.4,55,2,0,false,30.3,3.61,above,-7.3,0.94,3270,3500,2.1,7.62,1.17,2.34,3.33,612,5.62,,,3316,3208,3500,3710,0.26,واگرایی منفی RSI | واگرایی منفی | نقدشوندگی کمتر از ۱۰ میلیارد تومان
کایزد,فرانسوز یزد,سایر محصولات کانی غیرفلزی,68.8,زیر نظر,100,60,98,9,3850,20261003,3.8,54.6,112.9,62.8,18.3,54.2,88.1,87.8,15,2,true,79.9,2.66,above,-1.8,1.68,2636,,9.83,31.3,3.32,41.1,13.75,263,14.64,10.33,41.7,3748,3645,4157,4362,1.5,اشباع خرید | فاصله زیاد از MA20 | سهم صفی: 15 روز از ۲۰ روز در صف (ریسک نقدشوندگی و اجرای حد ضرر) | رشد عمودی (113٪ در ۶۰ روز، 54٪ بالای MA50) | 88٪ بالای MA200 | صف فروش در ۵ روز اخیر
کولان,کولان سل,محصولات کاغذی,68.8,زیر نظر,85,80,72,37,32780,20261003,11.5,17.8,24.9,-25.2,7,13.5,,68.5,3,0,true,25.9,3.21,,-2.2,1.23,30072,,1.17,-2.1,11.49,88.05,17.96,3233,10.14,10.19,-0.5,31729,30153,35932,38033,1.2,حد ضرر دور (8.0٪)
وساخت,سرمایه‌ گذاری‌ ساختمان‌ایران‌,انبوه سازی، املاک و مستغلات,68.8,زیر نظر,100,75,86,9,2207,20261003,12,20.5,50.2,0.1,5.8,18.5,69.3,65.8,7,0,false,27.4,3.25,above,-5,0.89,1980,2324,0.16,46.2,3.02,22.75,24.6,144,15.33,6.61,131.9,2135,2063,2324,2468,0.81,سهم صفی: 7 روز از ۲۰ روز در صف (ریسک نقدشوندگی و اجرای حد ضرر) | 69٪ بالای MA200
دحاوی,الحاوی,مواد و محصولات دارویی,68.8,زیر نظر,100,70,97,42,5770,20261003,12.3,41.1,178.3,128.2,21.2,53.4,163.3,99.8,20,0,true,95.7,2.29,above,-1.9,1.49,2354,,1.18,2.78,4.17,2.34,0.46,849,6.8,,,5638,5506,6166,6431,1.5,نقدشوندگی پایین | اشباع خرید | فاصله زیاد از MA20 | سهم صفی: 20 روز از ۲۰ روز در صف (ریسک نقدشوندگی و اجرای حد ضرر) | رشد عمودی (178٪ در ۶۰ روز، 53٪ بالای MA50) | 163٪ بالای MA200 | نقدشوندگی کمتر از ۱۰ میلیارد تومان
کخاک,صنایع‌خاک‌چینی‌ایران‌,سایر محصولات کانی غیرفلزی,68.6,زیر نظر,100,70,89.5,9,71820,20261003,15.9,47.8,121.9,71.7,21.7,44.3,141.7,87.7,9,0,true,67.1,2.81,above,0,0.13,58890,,10.72,92.25,9.04,12.47,19.48,4037,17.79,12.75,39.5,69801,67782,77876,81914,1.5,اشباع خرید | فاصله زیاد از MA20 | سهم صفی: 9 روز از ۲۰ روز در صف (ریسک نقدشوندگی و اجرای حد ضرر) | رشد عمودی (122٪ در ۶۰ روز، 44٪ بالای MA50) | توزیع: ورود حقیقی با سرانه خرید ضعیف (0.77 در ۲۰ روز) | 142٪ بالای MA200
دعبید,لابراتوارداروسازی‌  دکترعبیدی‌,مواد و محصولات دارویی,68.5,زیر نظر,100,70,89,9,29960,20261003,15.5,41.2,78.9,28.7,18.9,36.2,133.3,84,10,0,true,51.7,2.66,above,-0.3,1.16,25440,,372.53,350.53,6.62,61.13,123.17,1503,19.93,12.91,54.4,29164,28367,32349,33942,1.5,اشباع خرید | فاصله زیاد از MA20 | سهم صفی: 10 روز از ۲۰ روز در صف (ریسک نقدشوندگی و اجرای حد ضرر) | رشد عمودی (79٪ در ۶۰ روز، 36٪ بالای MA50) | 133٪ بالای MA200
افق,فروشگاههای زنجیره ای افق کوروش,خرده فروشی،باستثنای وسایل نقلیه موتوری,68.5,زیر نظر,95,100,63,17,78680,20261003,14.2,13.3,52.4,2.3,7.7,13,93.6,66.9,5,0,true,30.1,3.39,above,-1.3,0.91,77550,,57.15,-37.31,7.99,44.41,40.77,5195,15.15,12.78,18.5,77550,76215,86689,92028,3.25,واگرایی منفی RSI | 94٪ بالای MA200 | واگرایی منفی | شناوری کم (12٪)
کمنگنز,معادن‌منگنزایران‌,استخراج کانه های فلزی,68.5,زیر نظر,100,85,24,62,10630,20261003,9.2,16.7,84.1,34,11.6,27,108.6,73.1,8,0,true,57.9,3.01,above,-2.7,0.85,9730,,-8.95,-32.21,8,-57.36,23.58,1317,8.07,13.76,-41.3,10310,9831,11589,12228,1.2,واگرایی منفی RSI | خروج مستمر پول حقیقی | سهم صفی: 8 روز از ۲۰ روز در صف (ریسک نقدشوندگی و اجرای حد ضرر) | 109٪ بالای MA200 | واگرایی منفی | حد ضرر دور (7.5٪)
کسعدی,کاشی‌ سعدی‌,کاشی و سرامیک,68.4,زیر نظر,100,70,88.5,9,29290,20261003,15.8,79.5,224.7,174.6,30.2,65,206.6,96.1,16,0,true,74,2.3,above,0,0.87,16500,,8.19,44.86,2.75,35,13.04,1590,18.42,7.65,140.8,28616,27943,31311,32658,1.5,واگرایی منفی RSI | اشباع خرید | فاصله زیاد از MA20 | سهم صفی: 16 روز از ۲۰ روز در صف (ریسک نقدشوندگی و اجرای حد ضرر) | رشد عمودی (225٪ در ۶۰ روز، 65٪ بالای MA50) | 207٪ بالای MA200 | واگرایی منفی
دکیمی,کیمیدارو,مواد و محصولات دارویی,68.4,زیر نظر,100,70,88.5,9,78870,20261003,15.7,31.4,167.8,117.7,18,40.6,173.2,81,9,0,true,53.9,2.87,above,-0.1,0.87,70170,,23.99,36.15,5.52,7.6,10.54,4266,18.49,12.91,43.2,76605,74339,85666,90197,1.5,واگرایی منفی RSI | اشباع خرید | فاصله زیاد از MA20 | سهم صفی: 9 روز از ۲۰ روز در صف (ریسک نقدشوندگی و اجرای حد ضرر) | رشد عمودی (168٪ در ۶۰ روز، 41٪ بالای MA50) | 173٪ بالای MA200 | واگرایی منفی
جم,پتروشیمی جم,محصولات شیمیایی,68.3,زیر نظر,100,70,88,9,76100,20261003,15.1,38.9,117.4,67.2,16.8,44,71.9,85.1,3,0,true,62.3,2.99,above,0,0.91,67480,,166.96,299.34,8.94,170.46,46.81,4968,15.32,9.63,59.1,73821,71543,82936,87494,1.5,اشباع خرید | فاصله زیاد از MA20 | رشد عمودی (117٪ در ۶۰ روز، 44٪ بالای MA50) | 72٪ بالای MA200
وسدید,گروه ‌صنعتی‌سدید,فلزات اساسی,68.3,زیر نظر,100,60,85,20,2471,20261003,6,51.4,60.8,10.6,17.3,34.3,42.6,80.8,11,0,true,52.4,2.85,above,-4.6,1.31,2294,,13.24,102.79,2.21,-9.47,31.01,34,72.68,,,2400,2295,2683,2824,1.2,اشباع خرید | فاصله زیاد از MA20 | سهم صفی: 11 روز از ۲۰ روز در صف (ریسک نقدشوندگی و اجرای حد ضرر) | رشد عمودی (61٪ در ۶۰ روز، 34٪ بالای MA50) | P/E بالا (73) | حد ضرر دور (7.1٪) | واگرایی مثبت RSI
ممسنی,پتروشیمی ممسنی,محصولات شیمیایی,68.3,زیر نظر,100,70,87,10,15620,20261003,15.8,49.9,99.1,49,24.1,49.6,64,98.6,20,0,true,79.5,2.29,above,-8.9,0.38,15160,17138,1.69,62.7,3.21,1.96,4.37,,,,,15262,14981,17138,17854,2.37,اشباع خرید | فاصله زیاد از MA20 | بدون EPS مثبت | سهم صفی: 20 روز از ۲۰ روز در صف (ریسک نقدشوندگی و اجرای حد ضرر) | رشد عمودی (99٪ در ۶۰ روز، 50٪ بالای MA50) | 64٪ بالای MA200 | نقدشوندگی کمتر از ۱۰ میلیارد تومان | واگرایی مثبت RSI
سمایه,بانک سرمایه,بانکها و موسسات اعتباری,68.1,زیر نظر,100,80,78.5,10,5600,20261003,9.4,10.9,5.7,-44.5,8.1,16.8,30.6,69.7,2,0,true,27.4,3.55,above,-0.5,0.88,5510,,1.78,0.88,2.74,9.35,3.8,,,,,5510,5411,6196,6593,3.15,واگرایی منفی RSI | بدون EPS مثبت | واگرایی منفی | نقدشوندگی کمتر از ۱۰ میلیارد تومان
خصدرا,صنعتی‌ دریایی‌ ایران‌,پیمانکاری صنعتی,68.1,زیر نظر,90,65,87.5,25,2732,20261003,15.8,11.9,22.4,-27.7,21,33.8,18.5,75.9,19,0,true,30.2,2.89,above,-9.6,0.98,2697,3021,0.41,9.02,5.77,19.61,4.32,191,14.3,,,2697,2657,3021,3178,3.87,واگرایی منفی RSI | فاصله زیاد از MA20 | سهم صفی: 19 روز از ۲۰ روز در صف (ریسک نقدشوندگی و اجرای حد ضرر) | رشد عمودی (22٪ در ۶۰ روز، 34٪ بالای MA50) | واگرایی منفی | نقدشوندگی کمتر از ۱۰ میلیارد تومان
وسپه,سرمایه‌گذاری‌ سپه‌,سرمایه گذاریها,68.1,زیر نظر,100,75,32.4,60,7700,20261003,7.7,22.4,58.4,8.3,6.7,26.2,62.4,69.7,2,0,false,54,3.25,above,-3.1,0.85,6860,,10.43,-82.85,1.01,-34.62,41.99,1251,6.16,7.13,-13.7,7450,7200,8450,8950,1.5,واگرایی منفی RSI | خروج مستمر پول حقیقی | 62٪ بالای MA200 | واگرایی منفی
سپید,سپید ماکیان,زراعت و خدمات وابسته,68,زیر نظر,95,75,38,60,47760,20261003,13.9,6.3,65.4,15.3,4.6,15.7,142.8,64.1,4,0,false,31.5,3.47,above,-4.9,0.51,47230,50220,-0.42,-109.23,4.63,28.23,115.76,9010,5.3,6.33,-16.3,47230,46401,50220,53535,1.81,143٪ بالای MA200
قلرست,قند لرستان‌,قند و شکر,68,زیر نظر,85,75,63,47,29880,20261003,8.4,3.8,57.8,7.7,-2.3,14.5,97.6,55.7,6,0,false,35.5,3.39,above,-11.5,0.57,27220,33750,10,-11.22,3.12,10.66,9.47,3057,9.77,9.8,-0.3,28867,27347,33750,35776,1.53,خروج مستمر پول حقیقی | سهم صفی: 6 روز از ۲۰ روز در صف (ریسک نقدشوندگی و اجرای حد ضرر) | 98٪ بالای MA200 | حد ضرر دور (8.5٪) | نقدشوندگی کمتر از ۱۰ میلیارد تومان
فارس,صنایع پتروشیمی خلیج فارس,محصولات شیمیایی,68,زیر نظر,100,48,76.5,37,13140,20261003,11.5,28.2,44.6,-5.6,8.8,26.8,69.5,72,6,0,false,35.6,3.01,above,0.7,0.59,11550,,20.45,197.47,5.34,23.25,462.56,1498,8.77,9.63,-8.9,12744,12348,14328,15120,1.5,سهم صفی: 6 روز از ۲۰ روز در صف (ریسک نقدشوندگی و اجرای حد ضرر) | توزیع: ورود حقیقی با سرانه خرید ضعیف (0.81 در ۲۰ روز) | 70٪ بالای MA200
فرود,فولاد شاهرود,فلزات اساسی,67.9,زیر نظر,100,60,87.5,16,9670,20261003,15.7,18.9,93,42.9,6.8,30.8,118.9,70,10,0,false,51.4,3.13,above,-3.8,0.94,8090,10050,22.06,18.2,10.63,30.79,11.8,910,10.63,8.05,32,9368,9065,10050,10655,0.63,سهم صفی: 10 روز از ۲۰ روز در صف (ریسک نقدشوندگی و اجرای حد ضرر) | رشد عمودی (93٪ در ۶۰ روز، 31٪ بالای MA50) | 119٪ بالای MA200
چاپ,ص.چاپ وبسته بندی آسان قزوین,محصولات کاغذی,67.9,زیر نظر,85,75,37.5,72,20000,20261003,0.8,4.3,62.3,12.1,-2.9,14.5,,54.3,2,0,false,38.1,3.34,above,-10.5,1.08,19090,22340,-44.8,-20.63,6,14.87,30.49,2147,9.32,16.48,-43.5,19333,18756,22340,23674,1.88,199٪ بالای کف ۵۲ هفته
شفارس,صنایع‌ شیمیایی‌ فارس‌,محصولات شیمیایی,67.8,زیر نظر,100,55,70.2,37,2291,20261003,9.9,15.4,39.9,-10.3,3,17.5,40.7,61.8,1,0,false,33.1,3.75,above,-7.5,1.02,2157,2477,0.34,0.89,1.39,4.12,9.76,231,9.92,9.63,3,2205,2114,2477,2649,1.05,واگرایی منفی RSI | واگرایی منفی | حد ضرر دور (7.7٪) | نقدشوندگی کمتر از ۱۰ میلیارد تومان
ومعادن,توسعه‌معادن‌وفلزات‌,استخراج کانه های فلزی,67.8,زیر نظر,100,60,53,50,3680,20261003,11.5,33.6,72.4,22.3,8.6,29.4,79.1,71.6,6,0,false,43.7,3.53,above,-2.6,0.88,2965,3780,341.1,838.26,0.67,-460.47,389.93,318,11.57,13.76,-15.9,3550,3420,3780,4040,0.38,سهم صفی: 6 روز از ۲۰ روز در صف (ریسک نقدشوندگی و اجرای حد ضرر) | توزیع: ورود حقیقی با سرانه خرید ضعیف (0.53 در ۲۰ روز) | 79٪ بالای MA200 | سرانه خرید ضعیف (0.67) | حد ضرر دور (7.1٪)
کبافق,معادن‌ بافق‌,استخراج کانه های فلزی,67.8,زیر نظر,100,75,77,14,44040,20261003,8.9,15.2,64.8,14.6,1.7,21.1,68.2,59.7,8,0,false,46,3.51,above,-10,0.88,41060,48940,5.67,3.36,6.9,13.51,8.48,1583,27.82,13.76,102.2,42496,40288,48940,52029,1.31,واگرایی منفی RSI | سهم صفی: 8 روز از ۲۰ روز در صف (ریسک نقدشوندگی و اجرای حد ضرر) | 68٪ بالای MA200 | واگرایی منفی | حد ضرر دور (8.5٪) | نقدشوندگی کمتر از ۱۰ میلیارد تومان
درپاد,گروه صنعتی درپاد تبریز,فلزات اساسی,67.8,زیر نظر,100,60,99,4,4870,20261003,11.6,71.5,90.2,40,25.5,70.1,,96.4,18,0,true,78.8,2.23,above,-3.2,1.52,3100,,18.95,58.25,238.03,63.11,8.56,24,202.92,8.05,2420.7,4761,4653,5196,5414,1.5,اشباع خرید | فاصله زیاد از MA20 | سهم صفی: 18 روز از ۲۰ روز در صف (ریسک نقدشوندگی و اجرای حد ضرر) | رشد عمودی (90٪ در ۶۰ روز، 70٪ بالای MA50) | P/E بالا (203) | 159٪ بالای کف ۵۲ هفته | نقدشوندگی کمتر از ۱۰ میلیارد تومان
دزهراوی,داروسازی‌زهراوی‌,مواد و محصولات دارویی,67.6,زیر نظر,100,100,20.5,50,5110,20261003,9,16.9,91.3,41.2,8.1,16.8,117.9,65.8,2,0,true,40.9,3.3,above,-3.6,1.15,5010,,-9.72,-40.92,4.61,-18.43,23.71,492,10.39,12.91,-19.5,5010,4926,5616,5953,2.74,خروج مستمر پول حقیقی | 118٪ بالای MA200
ولپارس,لیزینگ پارسیان,سایر واسطه گریهای مالی,67.6,زیر نظر,95,63,97,9,4040,20261003,6.6,12.5,43.4,-6.7,3.2,15.3,43.9,62.7,3,0,false,40.8,3.46,above,-6,1.36,3680,4300,7.61,14.43,77.61,24.73,4.28,307,13.16,9.94,32.4,3900,3690,4300,4580,0.74,حد ضرر دور (8.7٪) | نقدشوندگی کمتر از ۱۰ میلیارد تومان
مادیرا,صنایع مادیران,تولید محصولات کامپیوتری الکترونیکی ونوری,67.5,زیر نظر,100,55,87,19,3150,20261003,7.4,14.8,37.4,-12.7,4.8,13.1,17.4,62,2,0,false,33.9,3.25,above,-12.7,0.99,3118,3189,18.82,54.77,1.56,42.54,31.44,252,12.5,7.98,56.6,3118,3067,3189,3288,0.47,واگرایی منفی RSI | واگرایی منفی
تاصیکو,سرمایه گذاری صدرتامین,استخراج کانه های فلزی,67.5,زیر نظر,100,70,90,4,36790,20261003,15.9,73,155.8,105.6,28.9,64.3,188.7,95.5,14,0,true,76.4,2.75,above,0,0.5,29400,,610.22,1927.27,3.02,31.95,310.27,560,65.7,13.76,377.4,35780,34770,39820,41840,1.5,اشباع خرید | فاصله زیاد از MA20 | سهم صفی: 14 روز از ۲۰ روز در صف (ریسک نقدشوندگی و اجرای حد ضرر) | رشد عمودی (156٪ در ۶۰ روز، 64٪ بالای MA50) | P/E بالا (66) | توزیع: ورود حقیقی با سرانه خرید ضعیف (0.71 در ۲۰ روز) | 189٪ بالای MA200
ومشان,سرمایه گذاری مشانیر,سرمایه گذاریها,67.5,زیر نظر,100,70,74,20,37000,20261003,14.8,46.8,74.9,24.8,26.9,41.3,116.9,88.9,10,0,true,45.9,2.9,above,-0.9,0.59,26683,,0.95,21.76,4.5,-4.67,6,143,258.74,,,35926,34851,40223,42371,1.5,اشباع خرید | فاصله زیاد از MA20 | سهم صفی: 10 روز از ۲۰ روز در صف (ریسک نقدشوندگی و اجرای حد ضرر) | رشد عمودی (75٪ در ۶۰ روز، 41٪ بالای MA50) | P/E بالا (259) | 117٪ بالای MA200 | نقدشوندگی کمتر از ۱۰ میلیارد تومان
هجرت,پخش هجرت,مواد و محصولات دارویی,67.5,زیر نظر,95,85,64,24,9510,20261003,15.6,16.7,70.1,20,13.8,24.3,136.9,74.9,6,0,true,32.3,3.1,above,0,0.33,8735,,34.22,-3.83,16.44,40.68,31.54,888,10.71,8.86,20.9,9215,8772,10396,10986,1.2,سهم صفی: 6 روز از ۲۰ روز در صف (ریسک نقدشوندگی و اجرای حد ضرر) | 137٪ بالای MA200 | حد ضرر دور (7.8٪)
چخزر,صنایع چوب خزر کاسپین,محصولات چوبی,67.5,زیر نظر,95,85,64,24,222400,20261003,15.8,20.2,115.5,65.3,15.5,23.2,150.3,77.3,6,0,true,33.8,2.98,above,0,0.27,203400,,7.64,-3.82,43.49,16.35,11.54,20671,10.76,9.03,19.1,215772,205830,242284,255540,1.2,فاصله زیاد از MA20 | سهم صفی: 6 روز از ۲۰ روز در صف (ریسک نقدشوندگی و اجرای حد ضرر) | رشد عمودی (115٪ در ۶۰ روز، 23٪ بالای MA50) | 150٪ بالای MA200 | حد ضرر دور (7.5٪)
زنگان,صنعت روی زنگان,فلزات اساسی,67.5,زیر نظر,100,70,90,4,9280,20261003,13.9,31.2,93.3,43.1,23,38.3,87.1,87.7,9,0,true,48.6,2.88,above,-1.5,1.14,7276,,9.35,11.84,3.96,26.3,7.37,403,23.03,8.05,186.1,9013,8746,10081,10614,1.5,اشباع خرید | فاصله زیاد از MA20 | سهم صفی: 9 روز از ۲۰ روز در صف (ریسک نقدشوندگی و اجرای حد ضرر) | رشد عمودی (93٪ در ۶۰ روز، 38٪ بالای MA50) | 87٪ بالای MA200 | نقدشوندگی کمتر از ۱۰ میلیارد تومان
فصبا,صبا فولاد خلیج فارس,فلزات اساسی,67.5,زیر نظر,100,73,87.5,4,4280,20261003,8.6,38.5,43.1,-7,11.8,31.7,59.4,74.2,9,0,true,42.5,3.09,above,-2.7,1.01,4070,,8.17,28.82,9.89,40.71,27.66,178,24.04,8.05,198.7,4148,4004,4677,4941,1.44,سهم صفی: 9 روز از ۲۰ روز در صف (ریسک نقدشوندگی و اجرای حد ضرر) | رشد عمودی (43٪ در ۶۰ روز، 32٪ بالای MA50) | 59٪ بالای MA200
شگستر,گسترش سوخت سبززاگرس(سهامی عام),محصولات شیمیایی,67.4,زیر نظر,100,70,89.5,4,2357,20261003,15.8,44.2,139.7,89.5,20.3,59,116.1,88.3,13,0,true,66.5,2.55,above,0,1.07,1998,,213.16,287.25,10.13,121.6,66.99,36,65.47,9.63,579.9,2297,2237,2537,2657,1.5,اشباع خرید | فاصله زیاد از MA20 | سهم صفی: 13 روز از ۲۰ روز در صف (ریسک نقدشوندگی و اجرای حد ضرر) | رشد عمودی (140٪ در ۶۰ روز، 59٪ بالای MA50) | P/E بالا (65) | 116٪ بالای MA200
حتاید,تایدواترخاورمیانه,حمل ونقل، انبارداری و ارتباطات,67.4,زیر نظر,90,45,53.5,72,8300,20261003,-3.8,5.2,9.6,-40.5,-2.2,6.1,33.8,50.3,3,0,false,26,3.46,above,-9.1,0.99,8215,8800,17.98,94.16,0.45,-69.34,38.39,1376,6.03,19.33,-68.8,8215,8072,8800,9074,2.19,توزیع: ورود حقیقی با سرانه خرید ضعیف (0.85 در ۲۰ روز) | سرانه خرید ضعیف (0.45)
وتوشه,سرمایه‌ گذاری‌ پارس‌ توشه‌,ماشین آلات و تجهیزات,67.4,زیر نظر,100,80,17.5,68,8810,20261003,4.5,11.7,34.6,-15.5,4.3,12.3,47.6,60.3,0,0,true,48.5,3.41,above,-2.8,0.93,8550,,-3.06,7.5,0.86,-11.15,10.97,2049,4.3,5.15,-16.5,8550,8400,9712,10313,2.2,واگرایی منفی RSI | توزیع: ورود حقیقی با سرانه خرید ضعیف (0.69 در ۲۰ روز) | 155٪ بالای کف ۵۲ هفته | واگرایی منفی
فزر,پویا زرکان آق دره,استخراج کانه های فلزی,67.3,زیر نظر,100,70,89,4,361200,20261003,15.9,51.1,184,133.8,21,56,181.3,91.5,9,0,true,79.7,2.65,above,0,0.14,309800,,225.88,1502.5,2.46,345.73,753.04,9504,38.01,14.44,163.2,351640,342079,389881,409002,1.5,واگرایی منفی RSI | اشباع خرید | فاصله زیاد از MA20 | سهم صفی: 9 روز از ۲۰ روز در صف (ریسک نقدشوندگی و اجرای حد ضرر) | رشد عمودی (184٪ در ۶۰ روز، 56٪ بالای MA50) | P/E بالا (38) | توزیع: ورود حقیقی با سرانه خرید ضعیف (0.53 در ۲۰ روز) | 181٪ بالای MA200 | واگرایی منفی
وپارس,بانک‌پارسیان‌,بانکها و موسسات اعتباری,67.3,زیر نظر,100,65,17,80,2202,20261003,-4.9,18.3,86.5,36.3,0.3,28.3,94.1,61.2,6,2,false,66,3.51,above,-7.4,0.74,1244,2372,-160.53,17.61,0.46,-612.3,446.28,668,3.3,5.4,-39,2125,2047,2372,2526,1.1,واگرایی منفی RSI | سهم صفی: 6 روز از ۲۰ روز در صف (ریسک نقدشوندگی و اجرای حد ضرر) | توزیع: ورود حقیقی با سرانه خرید ضعیف (0.76 در ۲۰ روز) | 94٪ بالای MA200 | سرانه خرید ضعیف (0.46) | واگرایی منفی | حد ضرر دور (7.0٪) | صف فروش در ۵ روز اخیر
ثالوند,سرمایه گذاری مسکن الوند,انبوه سازی، املاک و مستغلات,67.3,زیر نظر,100,70,89,4,12260,20261003,15.6,74.1,174.5,124.4,29.6,77.5,151,98.2,16,0,true,85.5,2.2,above,0,0.51,6370,,14.62,38.16,1.6,8.59,8.53,230,53.3,23.59,126,11991,11721,13068,13607,1.5,اشباع خرید | فاصله زیاد از MA20 | سهم صفی: 16 روز از ۲۰ روز در صف (ریسک نقدشوندگی و اجرای حد ضرر) | رشد عمودی (175٪ در ۶۰ روز، 77٪ بالای MA50) | P/E بالا (53) | 151٪ بالای MA200 | نقدشوندگی کمتر از ۱۰ میلیارد تومان
سکرما,سیمان‌ کرمان‌,سیمان، آهک و گچ,67.2,زیر نظر,100,80,27.8,57,74390,20261003,4.8,13.1,14.1,-36.1,3.4,10.2,37.1,60.8,1,0,true,27.9,3.55,above,-14.3,1.19,72500,76360,-15.02,13.22,0.83,-15.39,8.28,11282,6.59,7.14,-7.7,72500,71181,76360,78940,0.61,نقدشوندگی کمتر از ۱۰ میلیارد تومان
فوکا,فولاد کاویان,فلزات اساسی,67.1,زیر نظر,100,60,63.5,37,7210,20261003,15.4,27.8,129.6,79.5,9.4,41.7,,76.4,15,0,false,63,2.98,above,-1.2,0.38,6180,7300,6.16,-23.87,4.82,10.89,7.81,817,8.82,8.05,9.6,6995,6780,7300,7730,0.21,خروج مستمر پول حقیقی | سهم صفی: 15 روز از ۲۰ روز در صف (ریسک نقدشوندگی و اجرای حد ضرر) | رشد عمودی (130٪ در ۶۰ روز، 42٪ بالای MA50) | 252٪ بالای کف ۵۲ هفته | نقدشوندگی کمتر از ۱۰ میلیارد تومان
سفاسی,شرکت فارسیت اهواز,سایر محصولات کانی غیرفلزی,67.1,زیر نظر,100,85,95.5,25,5240,20261003,8.3,12.2,117.2,67,6.9,20.6,68.2,76.9,3,0,true,48.9,3.73,above,-2.2,1.21,5160,,0.29,3.6,2.44,5.98,2.22,330,15.88,,,5160,5062,5826,6217,3.3,نقدشوندگی پایین | واگرایی منفی RSI | رشد عمودی (117٪ در ۶۰ روز، 21٪ بالای MA50) | 68٪ بالای MA200 | واگرایی منفی | نقدشوندگی کمتر از ۱۰ میلیارد تومان
ورازی,بیمه رازی,بیمه وصندوق بازنشستگی به جزتامین اجتماعی,67.1,زیر نظر,100,50,88.3,20,1702,20261003,1.2,33.6,88.7,38.5,9.9,30,72.4,72.4,7,1,false,52.5,3.52,above,-5.3,1.42,1584,1797,6.65,29.78,1.19,13.14,8.75,18,94.56,,,1642,1554,1797,1917,0.64,سهم صفی: 7 روز از ۲۰ روز در صف (ریسک نقدشوندگی و اجرای حد ضرر) | رشد عمودی (89٪ در ۶۰ روز، 30٪ بالای MA50) | P/E بالا (95) | 72٪ بالای MA200 | حد ضرر دور (8.7٪) | نقدشوندگی کمتر از ۱۰ میلیارد تومان | صف فروش در ۵ روز اخیر
آردینه,نشاسته و گلوکز آردینه,محصولات غذایی و آشامیدنی به جز قند و شکر,66.9,زیر نظر,100,63,50.2,47,34680,20261003,9.2,14.8,40.5,-9.6,3.3,11.6,74.4,60.8,5,0,false,20,3.71,above,-6.2,0.72,33080,36980,-18.25,9.02,1.53,12.28,25.38,4668,7.43,7.05,5.4,33393,32436,36980,39555,1.03,74٪ بالای MA200
پیزد,مجتمع صنایع لاستیک یزد,لاستیک و پلاستیک,66.9,زیر نظر,100,45,61.5,50,13310,20261003,14.1,43,224.5,174.3,14.3,56.3,180.5,84.3,9,0,false,78.2,2.67,above,-0.8,0.59,12620,,4.81,-173.61,3.52,1.78,65.7,1599,8.32,9.84,-15.4,12954,12442,14377,15089,1.23,اشباع خرید | خروج مستمر پول حقیقی | سهم صفی: 9 روز از ۲۰ روز در صف (ریسک نقدشوندگی و اجرای حد ضرر) | رشد عمودی (224٪ در ۶۰ روز، 56٪ بالای MA50) | 181٪ بالای MA200
کوچین,تولیدی کوچین,محصولات غذایی و آشامیدنی به جز قند و شکر,66.9,زیر نظر,95,55,62.5,47,17250,20261003,9.6,3.5,38.9,-11.3,0.2,8.6,,57.1,4,0,false,28.3,3.57,above,-9.9,0.93,15940,19140,13.15,-114.06,2.06,65.48,45.74,2530,6.82,7.05,-3.3,16633,15709,19140,20373,1.23,خروج مستمر پول حقیقی | 315٪ بالای کف ۵۲ هفته | حد ضرر دور (8.9٪)
آباد,توریستی ورفاهی آبادگران ایران,هتل و رستوران,66.9,زیر نظر,95,55,87.5,22,1070,20261003,15.3,11,35.3,-14.9,5.2,24,28.4,67.8,9,0,false,31.2,3.26,above,-16.6,0.79,1055,1147,7.14,10.02,2.33,18.82,8.63,3,356.67,307,16.2,1055,1038,1147,1283,2.4,سهم صفی: 9 روز از ۲۰ روز در صف (ریسک نقدشوندگی و اجرای حد ضرر) | P/E بالا (357) | توزیع: ورود حقیقی با سرانه خرید ضعیف (0.84 در ۲۰ روز) | نقدشوندگی کمتر از ۱۰ میلیارد تومان
خاور,ایران خودرو دیزل,خودرو و ساخت قطعات,66.8,زیر نظر,95,45,98,19,1581,20261003,8.2,-1.9,13.7,-36.5,0.4,7.5,29.4,54.6,0,0,false,24.5,3.74,above,-11,1.26,1477,1722,101.96,167.3,2.03,13.38,75.16,91,17.37,5.87,196,1522,1448,1722,1776,1.05,توزیع: ورود حقیقی با سرانه خرید ضعیف (0.81 در ۲۰ روز) | حد ضرر دور (8.4٪)
کنور,توسعه معدنی و صنعتی صبانور,استخراج کانه های فلزی,66.8,زیر نظر,100,60,37,62,6810,20261003,15.2,16.4,90.2,40.1,9.6,33.3,104.3,75.3,5,0,false,46.2,3.03,above,-0.1,0.45,6500,,-0.46,-88.1,2.34,3.41,26.67,738,9.23,13.76,-32.9,6604,6397,7429,7842,1.5,واگرایی منفی RSI | خروج مستمر پول حقیقی | رشد عمودی (90٪ در ۶۰ روز، 33٪ بالای MA50) | 104٪ بالای MA200 | واگرایی منفی | شناوری کم (9٪)
سهگمت,سیمان‌هگمتان‌,سیمان، آهک و گچ,66.7,زیر نظر,88,80,37,60,154600,20261003,11.1,14.8,8.4,-41.7,6.9,12.3,29.6,66.5,1,0,true,17.6,2.99,above,-6.7,0.81,152400,165789,-15.74,-42.88,1.88,0.18,17.98,27300,5.66,7.14,-20.7,152400,150089,165789,175034,2.48,خروج مستمر پول حقیقی
وخارزم,سرمایه گذاری خوارزمی,سرمایه گذاریها,66.6,زیر نظر,100,85,62.5,16,9470,20261003,15.3,23.1,109,58.9,14.9,35.9,141.2,79.4,4,0,true,64,2.86,above,0,0.69,8604,,181.38,-214.57,4.03,230.14,112.19,830,11.41,7.13,60,9200,8929,10281,10822,1.5,واگرایی منفی RSI | اشباع خرید | خروج مستمر پول حقیقی | رشد عمودی (109٪ در ۶۰ روز، 36٪ بالای MA50) | 141٪ بالای MA200 | واگرایی منفی
ونیکی,سرمایه‌گذاری‌ ملی‌ایران‌,شرکتهای چند رشته ای صنعتی,66.6,زیر نظر,100,55,52.5,50,5800,20261003,8.2,28,34.2,-16,8.3,29.3,65.6,68.8,9,0,false,51.6,2.94,above,-2.7,0.76,5360,5870,17.59,73.9,0.42,-55.59,36.08,692,8.38,10.88,-23,5629,5373,5870,6212,0.16,سهم صفی: 9 روز از ۲۰ روز در صف (ریسک نقدشوندگی و اجرای حد ضرر) | توزیع: ورود حقیقی با سرانه خرید ضعیف (0.50 در ۲۰ روز) | 66٪ بالای MA200 | سرانه خرید ضعیف (0.42) | حد ضرر دور (7.4٪) | شناوری کم (13٪)
فن افزار,توسعه فن افزار توسن,رایانه و فعالیت‌های وابسته به آن,66.6,زیر نظر,90,65,36.5,70,10400,20261003,-3.6,2.2,123.2,73,-3.4,15.8,140.6,54.4,2,0,false,57.3,3.61,above,-11.5,1.15,9850,11440,-0.05,-52.07,2.08,9.21,23.13,1478,7.04,8.89,-20.8,10025,9662,11440,11750,1.41,خروج مستمر پول حقیقی | رشد عمودی (123٪ در ۶۰ روز، 16٪ بالای MA50) | 141٪ بالای MA200 | حد ضرر دور (7.1٪)
عالیس,بهار رز عالیس چناران,محصولات غذایی و آشامیدنی به جز قند و شکر,66.5,زیر نظر,90,55,54.2,60,6070,20261003,5.4,4.3,34.6,-15.5,-0.5,7.7,55.6,56.4,1,0,false,27.2,3.75,above,-8.7,0.98,5870,6650,27.55,246.53,0.81,-37.68,43.6,1000,6.07,7.05,-13.9,5870,5756,6650,7106,1.85,توزیع: ورود حقیقی با سرانه خرید ضعیف (0.76 در ۲۰ روز) | 56٪ بالای MA200
درازک,دارویی‌ رازک‌,مواد و محصولات دارویی,66.5,زیر نظر,95,75,42.1,50,4790,20261003,3.7,6,195.9,145.8,2,20.8,136.5,60.8,4,0,false,40.7,3.37,above,-5.3,1.63,4320,5060,30.43,-14.73,0.96,-70.13,54.15,453,10.57,12.91,-18.1,4629,4386,5060,5383,0.67,واگرایی منفی RSI | رشد عمودی (196٪ در ۶۰ روز، 21٪ بالای MA50) | 137٪ بالای MA200 | واگرایی منفی | حد ضرر دور (8.4٪)
پردیس,سرمایه گذاری پردیس,سرمایه گذاریها,66.4,زیر نظر,100,80,21.6,60,2276,20261003,7,13.4,31.2,-19,5.9,16.5,34.3,65.9,0,0,true,38.2,3.08,above,-2.6,0.99,2176,,-5.21,-8.53,1.03,0.46,5.72,404,5.63,7.13,-21,2206,2141,2486,2626,1.56,واگرایی منفی RSI | خروج مستمر پول حقیقی | واگرایی منفی | نقدشوندگی کمتر از ۱۰ میلیارد تومان
شیران,س. صنایع‌شیمیایی‌ایران,محصولات شیمیایی,66.3,زیر نظر,83,80,51.5,50,11590,20261003,7.1,3.8,31,-19.2,3.7,5.2,53.9,56.9,1,0,true,16.3,3.29,above,-6.9,1.03,11380,11850,-6.61,23.67,2.09,35.57,44.28,1359,8.53,9.63,-11.4,11380,11189,11850,12450,0.65,توزیع: ورود حقیقی با سرانه خرید ضعیف (0.76 در ۲۰ روز) | 54٪ بالای MA200 | شناوری کم (14٪)
غگل,گلوکوزان‌,محصولات غذایی و آشامیدنی به جز قند و شکر,66.3,زیر نظر,83,80,77.5,24,6920,20261003,12.3,5.2,5.5,-44.6,2.7,4,40,55.8,1,0,true,17,3.4,above,-7.5,0.9,6633,7241,7.6,7.68,2.04,33.7,16.65,706,9.8,8.53,14.9,6684,6515,7241,7435,0.79,واگرایی منفی RSI | واگرایی منفی
وسرمد,بیمه  سرمد,بیمه وصندوق بازنشستگی به جزتامین اجتماعی,66.2,زیر نظر,85,53,88.5,52,1597,20260930,4.6,-2.3,40.8,-9.3,-1,3.3,35.8,52.3,3,0,false,27,3.73,above,-10.6,1.07,1498,1707,6.15,21.93,2.22,4.98,4.04,317,5.04,,,1537,1468,1707,1787,0.85,واگرایی منفی RSI | واگرایی منفی | حد ضرر دور (8.1٪) | نقدشوندگی کمتر از ۱۰ میلیارد تومان | آخرین معامله 20260930 (متوقف یا کم‌معامله)
وکغدیر,بین المللی توسعه ص. معادن غدیر,شرکتهای چند رشته ای صنعتی,66,زیر نظر,100,60,79,17,7420,20261003,14.7,38.4,138.6,88.4,12.6,43,105.1,78.4,8,0,false,67,2.86,above,-0.1,0.88,7160,,144.47,477.83,1.24,53.14,145.95,563,13.18,10.88,21.1,7207,7054,8058,8483,1.74,اشباع خرید | سهم صفی: 8 روز از ۲۰ روز در صف (ریسک نقدشوندگی و اجرای حد ضرر) | رشد عمودی (139٪ در ۶۰ روز، 43٪ بالای MA50) | توزیع: ورود حقیقی با سرانه خرید ضعیف (0.88 در ۲۰ روز) | 105٪ بالای MA200 | شناوری کم (10٪)
شیفته,کشت و صنعت شیفته آرای شرق,محصولات غذایی و آشامیدنی به جز قند و شکر,66,زیر نظر,85,85,78,16,16280,20261003,14.1,25.6,55.8,5.6,12.1,23.8,,75.1,3,0,true,48.9,3.15,,-0.4,0.78,15100,,12.27,11.39,37.05,66.94,20.01,1559,10.44,7.05,48.1,15767,14997,17820,18847,1.2,حد ضرر دور (7.9٪)
چکاپا,گروه صنایع کاغذ پارس,محصولات کاغذی,66,زیر نظر,100,70,78,10,2511,20261003,9.3,55.7,89.1,38.9,20.9,46.2,89.8,86.4,7,0,true,65.3,2.71,above,0,0.85,1699,,39.46,31.14,7.74,74.02,32.56,,,16.48,,2443,2375,2715,2851,1.5,اشباع خرید | فاصله زیاد از MA20 | بدون EPS مثبت | سهم صفی: 7 روز از ۲۰ روز در صف (ریسک نقدشوندگی و اجرای حد ضرر) | رشد عمودی (89٪ در ۶۰ روز، 46٪ بالای MA50) | 90٪ بالای MA200
پاکشو,گروه صنعتی پاکشو,محصولات شیمیایی,65.9,زیر نظر,100,85,86.5,9,13670,20260930,15.7,23.4,99.8,49.6,13.9,25.4,113.6,73.1,9,0,true,32.4,3.15,above,0,0.44,12800,,0.25,19.57,3.25,8.62,9.4,1090,12.54,9.63,30.2,13239,12592,14963,15825,1.2,واگرایی منفی RSI | سهم صفی: 9 روز از ۲۰ روز در صف (ریسک نقدشوندگی و اجرای حد ضرر) | 114٪ بالای MA200 | واگرایی منفی | حد ضرر دور (7.9٪) | نقدشوندگی کمتر از ۱۰ میلیارد تومان | شناوری کم (10٪) | آخرین معامله 20260930 (متوقف یا کم‌معامله)
فنر,پارس فنر,خودرو و ساخت قطعات,65.9,زیر نظر,100,70,78.5,9,8260,20261003,13.8,29.1,128,77.8,19.6,42.3,126.1,90.7,1,0,true,60,3.02,above,-0.4,0.54,6690,,8.49,8.97,6.16,23.43,10.48,636,12.99,5.87,121.3,8010,7761,9009,9508,1.5,اشباع خرید | فاصله زیاد از MA20 | رشد عمودی (128٪ در ۶۰ روز، 42٪ بالای MA50) | 126٪ بالای MA200
امید,تامین سرمایه امید,فعالیتهای کمکی به نهادهای مالی واسط,65.9,زیر نظر,85,45,87.5,78,3630,20261003,4.9,-2.2,19.9,-30.3,-0.4,2.1,22.6,50.8,2,0,false,24.2,2.69,above,-10.6,1.31,3398,3880,5.07,0.86,5.32,5.96,2.57,755,4.81,5.92,-18.8,3532,3386,3880,4060,1.02,نقدشوندگی پایین | نقدشوندگی کمتر از ۱۰ میلیارد تومان | شناوری کم (2٪)
خودکفا,اقتصادی و خودکفایی آزادگان,محصولات غذایی و آشامیدنی به جز قند و شکر,65.8,زیر نظر,95,100,37,32,16310,20261003,15.5,11.3,114.3,64.1,6.3,11.7,90.4,65.6,6,0,true,40.2,3.33,above,-3.1,0.75,15370,16830,-3.56,-48.67,3.73,17.41,15.65,1687,9.67,,,15767,15099,16830,17916,0.43,خروج مستمر پول حقیقی | سهم صفی: 6 روز از ۲۰ روز در صف (ریسک نقدشوندگی و اجرای حد ضرر) | رشد عمودی (114٪ در ۶۰ روز، 12٪ بالای MA50) | 90٪ بالای MA200 | حد ضرر دور (7.4٪)
غفارس,شیر پاستوریزه پگاه فارس,محصولات غذایی و آشامیدنی به جز قند و شکر,65.6,زیر نظر,100,70,77.5,9,33100,20261003,15.7,45.9,203.1,153,17.9,54.3,198.5,86.6,12,0,true,74.3,2.85,above,-0.1,0.68,29560,,5.33,9.5,2.18,3.14,14.59,1963,16.86,7.05,139.2,32158,31217,35925,37809,1.5,اشباع خرید | فاصله زیاد از MA20 | سهم صفی: 12 روز از ۲۰ روز در صف (ریسک نقدشوندگی و اجرای حد ضرر) | رشد عمودی (203٪ در ۶۰ روز، 54٪ بالای MA50) | 198٪ بالای MA200
شگویا,پتروشیمی تندگویان,محصولات شیمیایی,65.6,زیر نظر,100,70,77.5,9,14170,20261003,12.8,52.4,55.9,5.7,19.5,47.1,96.5,88.2,13,0,true,47.5,2.65,above,-0.3,0.48,11270,,10.51,56.64,14.56,56.03,102.37,1099,12.89,8.01,61,13795,13420,15295,16044,1.5,اشباع خرید | فاصله زیاد از MA20 | سهم صفی: 13 روز از ۲۰ روز در صف (ریسک نقدشوندگی و اجرای حد ضرر) | رشد عمودی (56٪ در ۶۰ روز، 47٪ بالای MA50) | 96٪ بالای MA200
کطبس,ذغال‌سنگ‌ نگین‌ ط‌بس‌,استخراج زغال سنگ,65.6,زیر نظر,100,70,62.5,24,21700,20261003,15.3,33,123.9,73.8,15.7,38.9,127.6,83.2,7,0,true,57.5,3.06,above,0,0.55,19900,,6.03,-5.33,5.49,10.71,8.18,1904,11.4,9.67,17.9,21037,20042,23689,25015,1.2,واگرایی منفی RSI | اشباع خرید | فاصله زیاد از MA20 | سهم صفی: 7 روز از ۲۰ روز در صف (ریسک نقدشوندگی و اجرای حد ضرر) | رشد عمودی (124٪ در ۶۰ روز، 39٪ بالای MA50) | 128٪ بالای MA200 | واگرایی منفی | حد ضرر دور (7.6٪) | نقدشوندگی کمتر از ۱۰ میلیارد تومان
بگیلان,توسعه مسیر برق گیلان,عرضه برق، گاز، بخاروآب گرم,65.6,زیر نظر,80,55,98.5,24,26960,20261003,5.6,10.6,20.4,-29.8,1.5,8.7,47.9,55.7,0,0,false,15.7,3.58,above,-5,1.25,26010,27800,18.66,16.87,9.56,40.34,8.18,2382,11.32,10.04,12.7,26010,25528,27800,28390,0.59,واگرایی منفی RSI | واگرایی منفی | نقدشوندگی کمتر از ۱۰ میلیارد تومان
خبهمن,گروه‌بهمن‌,خودرو و ساخت قطعات,65.6,زیر نظر,85,65,58.5,50,2606,20261003,5.5,-0.2,52.3,2.2,-1.6,6.7,50.2,52.1,1,0,false,29.8,3.6,above,-9.2,0.95,2538,2808,56.07,44.12,1.48,-21,123.34,560,4.65,,,2538,2491,2808,2869,1.76,واگرایی منفی RSI | توزیع: ورود حقیقی با سرانه خرید ضعیف (0.70 در ۲۰ روز) | 50٪ بالای MA200 | واگرایی منفی
شاراک,پتروشیمی شازند,محصولات شیمیایی,65.6,زیر نظر,100,60,34.4,60,30860,20261003,4.9,30.7,119.4,69.3,10.6,34.2,129.8,78.5,5,0,false,65.4,3.1,above,-1.1,0.8,29490,,74.11,-15.8,1.07,-63.71,152.96,3871,7.97,9.63,-17.2,29903,29012,33730,35644,1.55,اشباع خرید | رشد عمودی (119٪ در ۶۰ روز، 34٪ بالای MA50) | 130٪ بالای MA200
زبینا,کشاورزی و دامپروری بینالود,زراعت و خدمات وابسته,65.5,زیر نظر,95,80,47,37,15790,20261003,10.2,16,36.9,-13.2,9,17.4,98.2,69.7,3,0,true,28.4,3.42,above,-1.8,1.22,14235,,-19,15.99,2.46,-19.32,20.55,1911,8.26,8.07,2.4,15250,14441,17409,18488,1.2,توزیع: ورود حقیقی با سرانه خرید ضعیف (0.89 در ۲۰ روز) | 98٪ بالای MA200 | حد ضرر دور (8.5٪)
اسیاتک,انتقال داده های آسیاتک,اطلاعات و ارتباطات,65.5,زیر نظر,100,60,14,80,4540,20261003,9.9,10.2,111.6,61.4,6.3,26.2,79.3,70.8,2,0,false,40.7,3.42,above,-1.1,1.12,4470,,-38.02,-25.86,1.3,-49.52,44.47,1000,4.54,7.97,-43,4470,4392,5006,5317,3.16,واگرایی منفی RSI | رشد عمودی (112٪ در ۶۰ روز، 26٪ بالای MA50) | 79٪ بالای MA200 | واگرایی منفی
ثمسکن,سرمایه‌گذاری‌ مسکن‌,انبوه سازی، املاک و مستغلات,65.5,زیر نظر,100,88,62.5,9,3460,20261003,10.2,14.8,45.1,-5,6,16.9,49.9,67.7,1,0,true,33.7,3.31,above,-2.3,0.61,3180,,8.84,-100.8,3.15,33.44,27.44,226,15.31,6.61,131.6,3345,3174,3804,4033,1.2,واگرایی منفی RSI | خروج مستمر پول حقیقی | واگرایی منفی | حد ضرر دور (8.3٪)
سامان,بانک سامان,بانکها و موسسات اعتباری,65.3,زیر نظر,100,85,1,72,9530,20261003,10.3,17.8,63.8,13.7,11.5,19.5,122.6,79.3,0,0,true,46.6,2.56,above,-0.1,0.84,8747,,-52.29,-595.64,0.65,-83.16,79.45,1396,6.83,12.04,-43.3,9286,9043,10261,10748,1.5,اشباع خرید | خروج مستمر پول حقیقی | 123٪ بالای MA200 | سرانه خرید ضعیف (0.65)
تماوند,تامین سرمایه دماوند,فعالیتهای کمکی به نهادهای مالی واسط,65.3,زیر نظر,100,70,25,60,2469,20261003,1.6,12.4,18.8,-31.4,2.9,9.4,11.6,59.5,0,0,true,22.3,3.63,above,-6.4,0.66,2418,2521,-6.26,9.52,0.77,-5.4,6.18,337,7.33,9.46,-22.6,2418,2374,2521,2566,0.55,واگرایی منفی RSI | توزیع: ورود حقیقی با سرانه خرید ضعیف (0.89 در ۲۰ روز) | سرانه خرید ضعیف (0.77) | واگرایی منفی | نقدشوندگی کمتر از ۱۰ میلیارد تومان
نیشکر,توسعه نیشکر و  صنایع جانبی,قند و شکر,65.3,زیر نظر,85,55,78,37,64620,20261003,8.5,3,33.9,-16.2,-0.4,6.4,19.6,54.7,3,0,false,27.5,3.84,above,-8.3,1.06,62753,,14.74,9.81,13.28,33.21,10.43,6371,10.14,9.57,6,62753,61512,72070,77036,2.4,
غگلپا,شیر پاستوریزه پگاه گلپایگان,محصولات غذایی و آشامیدنی به جز قند و شکر,65.2,زیر نظر,100,70,68.9,16,26890,20261003,15.3,27.5,89.2,39.1,14,30.4,103.8,80.4,2,0,true,60.2,3.06,above,-0.3,1.36,24560,,6.56,-24.28,1.48,4.98,9.31,2729,9.85,7.05,39.8,26068,24835,29356,30999,1.2,اشباع خرید | خروج مستمر پول حقیقی | رشد عمودی (89٪ در ۶۰ روز، 30٪ بالای MA50) | 104٪ بالای MA200 | حد ضرر دور (7.6٪) | نقدشوندگی کمتر از ۱۰ میلیارد تومان
قثابت,قند ثابت‌ خراسان‌,قند و شکر,65.1,زیر نظر,95,80,78.5,4,4080,20261003,11.5,7.4,28.7,-21.4,3.5,3.7,58.2,57.6,0,0,true,25,3.79,above,-8.7,0.9,3990,4265,1.48,10.11,1.99,21.87,11.08,150,27.2,9.8,177.6,3990,3913,4265,4470,1.11,واگرایی منفی RSI | 58٪ بالای MA200 | واگرایی منفی
وآوا,سرمایه گذاری آوا نوین,سرمایه گذاریها,65.1,زیر نظر,100,60,83.5,9,4800,20261003,6.7,38.3,140,89.8,10.5,48,117.5,78.4,15,1,false,73.3,2.76,above,-2.4,1.34,4370,4920,15.75,42.51,3.07,-11.07,12.43,370,12.97,8.73,48.6,4668,4535,4920,5185,0.45,اشباع خرید | سهم صفی: 15 روز از ۲۰ روز در صف (ریسک نقدشوندگی و اجرای حد ضرر) | رشد عمودی (140٪ در ۶۰ روز، 48٪ بالای MA50) | 118٪ بالای MA200 | صف فروش در ۵ روز اخیر
ناما,تولیدی مخازن گازطبیعی آسیاناما,خودرو و ساخت قطعات,65,زیر نظر,83,80,62.5,34,4350,20261003,11.8,2.6,12.1,-38,3,5.4,25,56.7,2,0,true,16.8,3.55,above,-9.2,0.81,4105,4520,9.61,0,1.88,11.37,8.11,583,7.46,5.87,27.1,4196,4028,4520,4610,0.53,حد ضرر دور (7.4٪) | نقدشوندگی کمتر از ۱۰ میلیارد تومان
حیات,بیمه زندگی مفید,بیمه وصندوق بازنشستگی به جزتامین اجتماعی,65,زیر نظر,100,60,72,20,9610,20261003,8.6,43.9,301.1,250.9,16.7,58.1,,99.9,18,0,true,98.5,2.36,above,-2.3,1.09,2530,,9.42,19.32,2.18,-4.61,5.05,327,29.39,,,9384,9157,10289,10742,1.5,اشباع خرید | فاصله زیاد از MA20 | سهم صفی: 18 روز از ۲۰ روز در صف (ریسک نقدشوندگی و اجرای حد ضرر) | رشد عمودی (301٪ در ۶۰ روز، 58٪ بالای MA50) | 604٪ بالای کف ۵۲ هفته | نقدشوندگی کمتر از ۱۰ میلیارد تومان
شکام,صنایع شیمیایی کیمیاگران امروز,محصولات شیمیایی,64.9,زیر نظر,100,85,47.5,24,11840,20261003,15.3,19,130.5,80.3,12.9,37,162.8,78.8,7,0,true,42.1,3.18,above,-0.3,0.43,11080,,21.51,-216.48,3.46,-2.22,91.83,1258,9.41,8.01,17.5,11464,10900,12968,13720,1.2,اشباع خرید | خروج مستمر پول حقیقی | سهم صفی: 7 روز از ۲۰ روز در صف (ریسک نقدشوندگی و اجرای حد ضرر) | رشد عمودی (130٪ در ۶۰ روز، 37٪ بالای MA50) | 163٪ بالای MA200 | حد ضرر دور (7.9٪)
فولای,صنایع فولاد آلیاژی یزد,فلزات اساسی,64.9,زیر نظر,100,85,62.5,9,5450,20261003,14,24.1,60.3,10.2,13,37,41.2,79.7,2,0,true,73,2.96,above,0,0.7,5216,,11.89,-30.62,3.54,35.21,21.8,393,13.87,8.05,72.3,5289,5135,5934,6256,1.54,اشباع خرید | خروج مستمر پول حقیقی | رشد عمودی (60٪ در ۶۰ روز، 37٪ بالای MA50)
شفام,تولیدی و صنعتی گوهرفام,محصولات شیمیایی,64.9,زیر نظر,95,55,77.5,24,2869,20261003,13.9,13.3,35,-15.1,4.5,12.7,39,61.4,5,0,false,26.7,3.29,above,-6.8,1.16,2736,3079,1.87,3.33,18.01,15.32,4.55,282,10.17,8.01,27,2774,2689,3079,3268,1.17,نقدشوندگی کمتر از ۱۰ میلیارد تومان
مارون,پتروشیمی مارون,محصولات شیمیایی,64.9,زیر نظر,100,70,59.5,24,31020,20261003,15.2,67.8,64.8,14.7,29.4,54.1,63.3,94.3,16,0,true,62.7,2.34,above,-0.5,1.8,23679,,-14.64,338.99,11.39,-30.84,47.15,3493,8.88,8.01,10.9,30295,29571,33194,34643,1.5,اشباع خرید | فاصله زیاد از MA20 | سهم صفی: 16 روز از ۲۰ روز در صف (ریسک نقدشوندگی و اجرای حد ضرر) | رشد عمودی (65٪ در ۶۰ روز، 54٪ بالای MA50) | 63٪ بالای MA200
غگیلا,شیرپاستوریزه پگاه گیلان,محصولات غذایی و آشامیدنی به جز قند و شکر,64.9,زیر نظر,100,70,99.5,4,41510,20260929,14.5,58,135.2,85,28.1,60.2,142.9,96.2,11,0,true,81.3,2.61,above,0,1.29,24500,,4.48,11.51,46.15,12.28,4.3,1291,32.15,7.05,356.1,40428,39345,44757,46922,1.5,واگرایی منفی RSI | اشباع خرید | فاصله زیاد از MA20 | سهم صفی: 11 روز از ۲۰ روز در صف (ریسک نقدشوندگی و اجرای حد ضرر) | رشد عمودی (135٪ در ۶۰ روز، 60٪ بالای MA50) | P/E بالا (32) | 143٪ بالای MA200 | واگرایی منفی | نقدشوندگی کمتر از ۱۰ میلیارد تومان | آخرین معامله 20260929 (متوقف یا کم‌معامله)
رکیش,کارت اعتباری ایران کیش,رایانه و فعالیت‌های وابسته به آن,64.9,زیر نظر,95,53,73.1,30,2637,20261003,9.7,-0.3,43,-7.1,0.1,8.4,45.9,56.9,1,0,false,30.3,3.76,above,-9.3,0.94,2554,2781,3.08,0.33,1.44,4.84,4.13,141,18.7,18.19,2.8,2554,2504,2781,2906,1.09,واگرایی منفی RSI | توزیع: ورود حقیقی با سرانه خرید ضعیف (0.81 در ۲۰ روز) | واگرایی منفی | نقدشوندگی کمتر از ۱۰ میلیارد تومان
بنو,بیمه تجارت نو,بیمه وصندوق بازنشستگی به جزتامین اجتماعی,64.8,زیر نظر,85,45,59.1,62,2014,20261003,5.1,-1.1,33.9,-16.2,-0.3,7.4,35.6,54.4,2,0,false,22.9,3.63,above,-8,0.42,1935,2074,1.69,52.75,1.06,-2.19,13.77,239,8.43,18.13,-53.5,1941,1898,2074,2130,0.52,توزیع: ورود حقیقی با سرانه خرید ضعیف (0.79 در ۲۰ روز)
کالا,بورس کالای ایران,فعالیتهای کمکی به نهادهای مالی واسط,64.8,زیر نظر,100,85,62,9,12600,20261003,15.3,38.8,64.3,14.1,14.6,30.1,118.3,79.4,8,0,true,39.1,2.87,above,-0.2,0.86,11800,,58.76,-155.55,2.5,97.14,147.83,885,14.24,5.92,140.5,12238,11696,13685,14409,1.2,اشباع خرید | خروج مستمر پول حقیقی | سهم صفی: 8 روز از ۲۰ روز در صف (ریسک نقدشوندگی و اجرای حد ضرر) | رشد عمودی (64٪ در ۶۰ روز، 30٪ بالای MA50) | 118٪ بالای MA200 | حد ضرر دور (7.2٪)
غکورش,صنعت غذایی کورش,محصولات غذایی و آشامیدنی به جز قند و شکر,64.8,زیر نظر,100,85,47,24,29940,20261003,15.4,30.7,96.7,46.5,14,32.7,172.7,78.2,7,0,true,48.7,3.14,above,0,0.66,27890,,26.91,-124.96,1.91,-18.05,79.73,2993,10,8.53,17.3,29001,27592,32758,34637,1.2,واگرایی منفی RSI | اشباع خرید | خروج مستمر پول حقیقی | سهم صفی: 7 روز از ۲۰ روز در صف (ریسک نقدشوندگی و اجرای حد ضرر) | رشد عمودی (97٪ در ۶۰ روز، 33٪ بالای MA50) | 173٪ بالای MA200 | واگرایی منفی | حد ضرر دور (7.8٪) | شناوری کم (14٪)
حسیر,ریل سیر کوثر,حمل ونقل، انبارداری و ارتباطات,64.8,زیر نظر,100,75,63,16,8600,20261003,2.7,25,64.7,14.5,11.3,30.3,91,78.1,1,0,true,57.8,3.31,above,-0.7,1.52,8440,,14.98,34.31,0.65,-38.33,21.76,758,11.35,7.68,47.7,8440,8298,9453,10021,2.82,اشباع خرید | رشد عمودی (65٪ در ۶۰ روز، 30٪ بالای MA50) | توزیع: ورود حقیقی با سرانه خرید ضعیف (0.81 در ۲۰ روز) | 91٪ بالای MA200 | سرانه خرید ضعیف (0.65)
وصنا,گروه‌صنایع‌بهشهرایران‌,سرمایه گذاریها,64.8,زیر نظر,100,85,37,34,6720,20261003,12.9,24.2,116.1,65.9,11.2,29.3,112.9,77.7,3,0,true,51.3,2.93,above,-0.3,0.72,6410,,-3.62,-46.25,2.01,8.4,13.13,842,7.98,7.13,11.9,6523,6312,7311,7705,1.45,خروج مستمر پول حقیقی | رشد عمودی (116٪ در ۶۰ روز، 29٪ بالای MA50) | 113٪ بالای MA200
غگرجی,بیسکویت‌  گرجی‌,محصولات غذایی و آشامیدنی به جز قند و شکر,64.8,زیر نظر,95,65,79,14,4000,20261003,13.3,-4.8,61.6,11.4,1.1,3.5,82.3,54.4,3,0,false,33,3.58,above,-15.1,0.72,3510,4080,1.66,2.19,2.85,4.05,3.65,45,88.89,8.53,942.1,3857,3714,4080,4710,0.28,P/E بالا (89) | توزیع: ورود حقیقی با سرانه خرید ضعیف (0.89 در ۲۰ روز) | 82٪ بالای MA200 | حد ضرر دور (7.2٪) | نقدشوندگی کمتر از ۱۰ میلیارد تومان
آواک,صنایع ارتباطی آوا,اطلاعات و ارتباطات,64.7,زیر نظر,90,30,54.7,72,2670,20261003,-3.6,-1.7,18.8,-31.3,-6.6,6.4,11.6,46.3,3,1,false,39.9,3.8,above,-17.2,0.79,2600,2718,-1.07,30.84,1.35,12.67,14.8,328,8.14,11.65,-30.1,2600,2549,2718,2767,0.4,صف فروش در ۵ روز اخیر
شنفت,نفت‌ پارس‌,فراورده های نفتی، کک و سوخت هسته ای,64.7,زیر نظر,100,85,46.7,24,18460,20261003,9.1,25,66.6,16.5,8.4,27.4,82.9,70.7,2,0,true,44.8,2.88,above,-1.6,0.76,17950,,13.99,18.79,0.97,-26.68,32.85,2291,8.06,6.26,28.7,17950,17684,20054,21116,2.05,واگرایی منفی RSI | توزیع: ورود حقیقی با سرانه خرید ضعیف (0.57 در ۲۰ روز) | 83٪ بالای MA200 | واگرایی منفی | شناوری کم (12٪)
اخابر,مخابرات ایران,مخابرات,64.6,زیر نظر,85,60,51.5,57,978,20261003,-0.8,0.3,58,7.9,-5.1,8,68.8,47.8,3,0,false,33.8,4.02,above,-15,1,946,1069,33.28,130.39,0.77,-154.61,127.54,124,7.89,8.37,-5.8,946,926,1069,1150,1.76,واگرایی منفی RSI | توزیع: ورود حقیقی با سرانه خرید ضعیف (0.70 در ۲۰ روز) | 69٪ بالای MA200 | سرانه خرید ضعیف (0.77) | واگرایی منفی
شکربن,کربن‌ ایران‌,محصولات شیمیایی,64.6,زیر نظر,100,70,22.5,60,11390,20261003,10.4,35.8,77.5,27.3,18.3,34.1,78,83.3,3,0,true,52.4,2.95,above,-3.6,1.08,8940,,-37.3,-16.45,5.3,-39.4,28.59,1486,7.66,9.63,-20.4,11054,10717,12399,13072,1.5,واگرایی منفی RSI | اشباع خرید | فاصله زیاد از MA20 | رشد عمودی (77٪ در ۶۰ روز، 34٪ بالای MA50) | 78٪ بالای MA200 | واگرایی منفی
غانیزان,فرآورده های دامی ولبنی دالاهو,محصولات غذایی و آشامیدنی به جز قند و شکر,64.6,زیر نظر,100,55,78.5,16,9440,20261003,9.4,11.8,33.9,-16.2,4.1,19.1,52.8,64.1,7,0,false,21.2,3.5,above,-3.3,0.69,8740,9760,1.53,4.23,36.58,12.31,10.36,797,11.84,8.53,38.9,9109,8614,9760,10421,0.39,سهم صفی: 7 روز از ۲۰ روز در صف (ریسک نقدشوندگی و اجرای حد ضرر) | 53٪ بالای MA200 | حد ضرر دور (8.8٪)
خکمک,کمک‌فنرایندامین‌,خودرو و ساخت قطعات,64.5,زیر نظر,85,55,82,30,2827,20261003,4,8.3,30.3,-19.8,-1.4,14.3,21.5,55.8,4,0,false,29.5,3.47,above,-18.9,1.21,2754,2950,3.15,19.6,1.02,0.25,11.36,47,60.15,,,2754,2704,2950,3250,1,P/E بالا (60)
شاروم,پتروشیمی ارومیه,محصولات شیمیایی,64.4,زیر نظر,90,45,87.5,26,15270,20261003,2.8,14,19.4,-30.7,-0.8,14.6,52.5,56.4,5,0,false,37.8,3.11,above,-11.9,1.12,14820,17330,15.66,22.57,3.29,54.32,16.79,1318,11.59,8.01,44.6,14820,14582,17330,18281,3,52٪ بالای MA200
والماس,س. الماس حکمت ایرانیان,سرمایه گذاریها,64.4,زیر نظر,100,65,25.5,60,2857,20261003,1.5,25.9,71.2,21.1,3.7,19.7,70.6,61.7,10,0,false,52.3,3.27,above,-8.8,1.23,2732,3132,-21.74,1.55,0.69,-20.5,11.63,462,6.18,8.73,-29.2,2763,2685,3132,3319,1.6,سهم صفی: 10 روز از ۲۰ روز در صف (ریسک نقدشوندگی و اجرای حد ضرر) | توزیع: ورود حقیقی با سرانه خرید ضعیف (0.89 در ۲۰ روز) | 71٪ بالای MA200 | سرانه خرید ضعیف (0.69)
ویسا,سرمایه گذاری ایساتیس پویا,سرمایه گذاریها,64.4,زیر نظر,100,60,97.5,32,5740,20261003,8.1,26.1,56,5.8,9.1,30.9,60.9,72.7,3,0,false,55.9,3.02,above,-2.2,1.53,4234,5868,7.88,9.97,2.19,1.48,2.62,633,9.07,,,5567,5393,5868,6215,0.37,نقدشوندگی پایین | رشد عمودی (56٪ در ۶۰ روز، 31٪ بالای MA50) | 61٪ بالای MA200 | نقدشوندگی کمتر از ۱۰ میلیارد تومان
ثرود,سرمایه‌گذاری مسکن زاینده رود,انبوه سازی، املاک و مستغلات,64.3,زیر نظر,90,45,41,72,6110,20261003,-5,15.9,39.8,-10.3,-1.7,13.7,59.7,54.1,5,0,false,51.5,3.85,above,-10.5,1.57,5690,6830,3.28,5.91,0.61,-33.56,9.88,595,10.27,23.59,-56.5,5875,5573,6830,7300,1.34,توزیع: ورود حقیقی با سرانه خرید ضعیف (0.81 در ۲۰ روز) | 60٪ بالای MA200 | سرانه خرید ضعیف (0.61) | حد ضرر دور (8.8٪) | نقدشوندگی کمتر از ۱۰ میلیارد تومان
غشصفا,شیرپاستوریزه‌پگاه‌اصفهان‌,محصولات غذایی و آشامیدنی به جز قند و شکر,64.1,زیر نظر,100,75,16.5,60,26720,20261003,8.2,26.4,76,25.9,6.4,22.1,114.2,66.5,6,0,false,43.7,3.39,above,-3.6,1.22,23510,27510,-4.31,-10.32,1,-13.43,10.58,3764,7.1,8.53,-16.8,25815,24909,27510,29321,0.44,سهم صفی: 6 روز از ۲۰ روز در صف (ریسک نقدشوندگی و اجرای حد ضرر) | 114٪ بالای MA200
حپرتو,پرتو بار فرابر خلیج فارس,حمل ونقل، انبارداری و ارتباطات,64.1,زیر نظر,100,70,64.5,16,12290,20261003,14.2,26.3,77.1,27,15.5,41.2,57.2,83.3,6,0,true,52,2.91,above,-0.2,0.99,10990,,14.54,8.66,1.96,-22.44,14.67,1121,10.96,7.68,42.8,11932,11574,13364,14080,1.5,اشباع خرید | فاصله زیاد از MA20 | سهم صفی: 6 روز از ۲۰ روز در صف (ریسک نقدشوندگی و اجرای حد ضرر) | رشد عمودی (77٪ در ۶۰ روز، 41٪ بالای MA50) | توزیع: ورود حقیقی با سرانه خرید ضعیف (0.70 در ۲۰ روز) | 57٪ بالای MA200
دسبحا,گروه دارویی سبحان,مواد و محصولات دارویی,64,زیر نظر,95,100,58,4,7310,20261003,14,8.8,101.4,51.2,9.5,21.7,107.8,69.9,9,0,true,35.9,3.18,above,-1.2,1.36,6670,,-12.51,90.29,5.1,-105.42,70,189,38.68,12.91,199.6,7077,6729,8008,8473,1.2,واگرایی منفی RSI | سهم صفی: 9 روز از ۲۰ روز در صف (ریسک نقدشوندگی و اجرای حد ضرر) | رشد عمودی (101٪ در ۶۰ روز، 22٪ بالای MA50) | P/E بالا (39) | توزیع: ورود حقیقی با سرانه خرید ضعیف (0.76 در ۲۰ روز) | 108٪ بالای MA200 | واگرایی منفی | حد ضرر دور (8.0٪)
غپینو,پارس‌ مینو,محصولات غذایی و آشامیدنی به جز قند و شکر,63.9,زیر نظر,100,55,31.5,60,2108,20261003,9.1,17.6,29.6,-20.6,3.9,12.7,86.9,61.8,3,0,false,41.1,3.81,above,-5.9,1.6,1983,2239,-10.92,-60.43,4.79,-92.74,56.14,275,7.67,8.53,-10.1,2028,1943,2239,2400,0.79,خروج مستمر پول حقیقی | 87٪ بالای MA200 | حد ضرر دور (7.8٪)
شفارا,پتروشیمی فارابی,محصولات شیمیایی,63.9,زیر نظر,100,60,62.5,25,1844,20261003,15.5,18.2,67.9,17.7,7.9,25.5,52.9,71.4,7,0,false,43.3,3.38,above,0,0.46,1806,,2.79,-0.19,3.58,14.17,10.09,126,14.63,,,1806,1775,2031,2155,2.7,واگرایی منفی RSI | سهم صفی: 7 روز از ۲۰ روز در صف (ریسک نقدشوندگی و اجرای حد ضرر) | 53٪ بالای MA200 | واگرایی منفی
شفا,سرمایه گذاری شفادارو,مواد و محصولات دارویی,63.9,زیر نظر,100,85,63.5,4,70450,20261003,15.9,15.7,200.3,150.2,13.5,38.2,206.4,77.5,11,0,true,58.4,2.77,above,0,0.33,66970,,37.53,-82.16,5.4,44.01,33.4,2066,34.1,12.91,164.1,68496,65993,76311,80218,1.32,خروج مستمر پول حقیقی | سهم صفی: 11 روز از ۲۰ روز در صف (ریسک نقدشوندگی و اجرای حد ضرر) | رشد عمودی (200٪ در ۶۰ روز، 38٪ بالای MA50) | P/E بالا (34) | 206٪ بالای MA200 | شناوری کم (9٪)
دسبحان,سبحان دارو,مواد و محصولات دارویی,63.8,زیر نظر,100,70,49,30,19760,20261003,15.8,36.7,254.8,204.6,16.9,50.4,243.1,84.4,14,0,true,76,2.65,above,0,0.8,17730,,86.94,-32.91,2.81,-32.37,73.93,1454,13.59,12.91,5.3,19236,18712,21333,22381,1.5,اشباع خرید | فاصله زیاد از MA20 | سهم صفی: 14 روز از ۲۰ روز در صف (ریسک نقدشوندگی و اجرای حد ضرر) | رشد عمودی (255٪ در ۶۰ روز، 50٪ بالای MA50) | 243٪ بالای MA200
ریشمک,تولید و صادرات ریشمک,مواد و محصولات دارویی,63.7,زیر نظر,100,85,6.9,60,17790,20261003,14.3,17.1,69.1,19,9.1,30.2,86,72,7,0,true,37.8,2.88,above,-0.8,1.04,14440,,-20.34,-18.5,1,-5.93,24.92,2342,7.6,8.86,-14.3,17278,16765,19327,20352,1.5,سهم صفی: 7 روز از ۲۰ روز در صف (ریسک نقدشوندگی و اجرای حد ضرر) | رشد عمودی (69٪ در ۶۰ روز، 30٪ بالای MA50) | 86٪ بالای MA200
لخزر,پارس‌ خزر,ماشین آلات و تجهیزات,63.7,زیر نظر,100,63,16.5,68,4790,20261003,4.1,7.4,40.4,-9.7,1,16.7,54.7,59.1,2,0,false,37.5,3.2,above,-7.9,0.8,4710,5200,-5.2,2.54,0.77,-14.67,13.23,1120,4.28,5.15,-17,4710,4633,5200,5507,2.62,واگرایی منفی RSI | توزیع: ورود حقیقی با سرانه خرید ضعیف (0.65 در ۲۰ روز) | 55٪ بالای MA200 | سرانه خرید ضعیف (0.77) | واگرایی منفی | شناوری کم (10٪)
خبنیان,بنیان دیزل,خودرو و ساخت قطعات,63.7,زیر نظر,85,55,78.8,30,1848,20261003,5.7,4.8,23.7,-26.4,0.7,12.3,7.7,57.6,2,0,false,26.5,3.59,above,-24.7,1.04,1816,1924,10.3,13.31,1.25,10.59,12.53,10,184.8,,,1816,1782,1924,2029,1.15,P/E بالا (185)
زکشت,کشاورزی مکانیزه اصفهان کشت,زراعت و خدمات وابسته,63.6,زیر نظر,83,80,30.9,60,15160,20261003,10.2,2.1,30.5,-19.7,7.3,14.7,74.9,63.9,5,0,true,19.8,3.27,above,-2.2,1.26,14492,,-12.49,-18.45,1.56,-25.64,13.88,2199,6.89,8.07,-14.6,14664,14244,16648,17640,1.62,خروج مستمر پول حقیقی | 75٪ بالای MA200
فخوز,فولاد  خوزستان,فلزات اساسی,63.6,زیر نظر,100,85,36.5,30,3200,20261003,8.5,36.3,56.4,6.3,10.1,35.1,92.3,73.6,12,1,true,46.8,3.19,above,-3.1,1.06,3140,,-100.03,371.2,8.52,-222.1,435.89,222,14.41,13.48,6.9,3140,3089,3507,3711,2.76,سهم صفی: 12 روز از ۲۰ روز در صف (ریسک نقدشوندگی و اجرای حد ضرر) | رشد عمودی (56٪ در ۶۰ روز، 35٪ بالای MA50) | توزیع: ورود حقیقی با سرانه خرید ضعیف (0.80 در ۲۰ روز) | 92٪ بالای MA200 | صف فروش در ۵ روز اخیر
اردستان,سیمان اردستان,سیمان، آهک و گچ,63.5,زیر نظر,90,45,50.2,60,30470,20261003,-1.1,8.1,21.8,-28.4,-1.5,8.8,35.3,53.6,3,0,false,25.1,3.47,above,-9,1.25,29783,33470,17.65,-33.89,1.05,5.29,17.92,5074,6.01,7.14,-15.9,29783,29254,33470,35586,2.47,خروج مستمر پول حقیقی
خنصیر,مهندسی‌نصیرماشین‌,خودرو و ساخت قطعات,63.5,زیر نظر,95,55,64.1,32,4440,20261003,7.8,3,28.4,-21.8,0.3,9.9,39.6,57.2,1,0,false,30.2,3.45,above,-9.9,1.03,4200,4490,0.73,0.48,1.1,1.49,5.56,485,9.15,,,4287,4124,4490,4930,0.16,واگرایی منفی RSI | توزیع: ورود حقیقی با سرانه خرید ضعیف (0.90 در ۲۰ روز) | واگرایی منفی | حد ضرر دور (7.1٪) | نقدشوندگی کمتر از ۱۰ میلیارد تومان
بوعلی,پتروشیمی بوعلی سینا,محصولات شیمیایی,63.5,زیر نظر,100,85,6.1,60,64760,20261003,7,39.8,132.4,82.3,12.3,43.8,93.2,78,5,0,true,68.6,2.9,above,-2.9,0.73,60000,,-123.71,-216.7,0.98,-124.34,134.77,8261,7.84,9.63,-18.6,62879,60057,70403,74165,1.2,خروج مستمر پول حقیقی | رشد عمودی (132٪ در ۶۰ روز، 44٪ بالای MA50) | 93٪ بالای MA200 | حد ضرر دور (7.3٪) | شناوری کم (8٪)
شستان,پتروشیمی شهید رئیسی گلستان,محصولات شیمیایی,63.5,زیر نظر,100,55,70,20,1962,20261003,10.2,4.5,29.2,-21,5.5,18.1,32.9,66.9,1,0,false,28.9,3.6,above,-2.6,0.94,1924,2003,1.62,1.75,1.28,2.69,3.52,7,280.29,,,1924,1889,2003,2144,0.56,واگرایی منفی RSI | P/E بالا (280) | توزیع: ورود حقیقی با سرانه خرید ضعیف (0.88 در ۲۰ روز) | واگرایی منفی | نقدشوندگی کمتر از ۱۰ میلیارد تومان
وثوق,سرمایه گذاری وثوق امین,سرمایه گذاریها,63.5,زیر نظر,100,100,33.8,20,44360,20261003,4.7,8.4,105.8,55.7,6.8,14.4,93.4,65.5,0,0,true,34.9,2.93,above,-3.1,1.1,42950,,-5.31,-3.95,1.45,5.45,5.57,81,547.65,,,43060,42300,48260,50859,1.89,رشد عمودی (106٪ در ۶۰ روز، 14٪ بالای MA50) | P/E بالا (548) | 93٪ بالای MA200 | نقدشوندگی کمتر از ۱۰ میلیارد تومان
سمازن,سیمان‌مازندران‌,سیمان، آهک و گچ,63.4,زیر نظر,95,100,12.7,47,90850,20261003,14.2,10.4,53.8,3.7,5.8,14.7,79,67.2,1,0,true,32.1,3.51,above,-2.8,0.85,84265,93470,-7.57,-24.98,1.21,-0.49,18.7,11804,7.7,7.14,7.8,87659,82874,93470,99851,0.33,خروج مستمر پول حقیقی | 79٪ بالای MA200 | حد ضرر دور (8.8٪)
حریل,ریل پردازسیر,حمل ونقل، انبارداری و ارتباطات,63.3,زیر نظر,85,55,73.1,34,2924,20261003,2.8,7.7,28.9,-21.3,-3.1,12.2,34.5,53.5,4,0,false,36.3,3.14,above,-14.3,0.97,2868,3410,0.24,8.05,1.07,1.29,4.4,303,9.65,7.68,25.7,2868,2822,3410,3594,4.77,نقدشوندگی کمتر از ۱۰ میلیارد تومان
ارفع,شرکت آهن و فولاد ارفع,فلزات اساسی,63.3,زیر نظر,100,75,26,47,14930,20261003,5.7,46.2,83.5,33.4,12.7,31,144.2,75.4,13,0,true,53.4,2.97,above,-2.9,0.87,13740,,-101.95,68.32,0.46,-150.56,62.04,1926,7.75,8.05,-3.7,14487,13821,16260,17147,1.2,سهم صفی: 13 روز از ۲۰ روز در صف (ریسک نقدشوندگی و اجرای حد ضرر) | رشد عمودی (84٪ در ۶۰ روز، 31٪ بالای MA50) | توزیع: ورود حقیقی با سرانه خرید ضعیف (0.67 در ۲۰ روز) | 144٪ بالای MA200 | سرانه خرید ضعیف (0.46) | حد ضرر دور (7.4٪)
کلر,کلر پارس,محصولات شیمیایی,63.3,زیر نظر,100,80,32,37,12530,20261003,10.4,16.8,21.8,-28.3,7.5,19.5,66.6,66,6,0,true,25.4,3.3,above,-3.5,1.54,11500,12800,-54.16,-60.01,4.08,-28.23,23.88,1504,8.33,8.01,4,12117,11498,12800,13626,0.26,واگرایی منفی RSI | خروج مستمر پول حقیقی | سهم صفی: 6 روز از ۲۰ روز در صف (ریسک نقدشوندگی و اجرای حد ضرر) | 67٪ بالای MA200 | واگرایی منفی | حد ضرر دور (8.2٪)
تفارس,تامین سرمایه خلیج فارس,فعالیتهای کمکی به نهادهای مالی واسط,63.3,زیر نظر,85,65,17,82,1814,20261003,-3.4,-5.2,97,46.9,-3,18.7,85.8,55.5,1,0,false,36.9,3.77,above,-11,0.47,1715,1834,-2.55,0.86,0.77,-4.8,7.43,329,5.51,9.46,-41.7,1746,1681,1834,1904,0.15,توزیع: ورود حقیقی با سرانه خرید ضعیف (0.77 در ۲۰ روز) | 86٪ بالای MA200 | سرانه خرید ضعیف (0.77) | حد ضرر دور (7.3٪) | نقدشوندگی کمتر از ۱۰ میلیارد تومان
سشرق,سیمان‌ شرق‌,سیمان، آهک و گچ,63.1,زیر نظر,100,88,38,24,27040,20261003,14.1,10.7,43.5,-6.6,7,21.5,76.1,69.7,3,0,true,30.5,3.56,above,-1.5,0.64,22950,27450,-10.35,-6.3,5.57,4.48,42.69,3056,8.85,7.14,23.9,26078,25116,27450,29374,0.21,76٪ بالای MA200 | حد ضرر دور (7.1٪)
واحصا,احیاء صنایع خراسان,سرمایه گذاریها,63,زیر نظر,100,70,56.2,20,33650,20261003,11.7,30.6,96.9,46.8,15.9,33.2,138.5,89.3,1,0,true,49.9,3.31,above,-1.5,1.19,29130,,1.54,-5.31,1.35,6.82,4.18,126,267.06,,,32537,31424,36989,39216,1.5,واگرایی منفی RSI | اشباع خرید | فاصله زیاد از MA20 | خروج مستمر پول حقیقی | رشد عمودی (97٪ در ۶۰ روز، 33٪ بالای MA50) | P/E بالا (267) | 139٪ بالای MA200 | واگرایی منفی | نقدشوندگی کمتر از ۱۰ میلیارد تومان
پکویر,کویر تایر,لاستیک و پلاستیک,62.9,زیر نظر,78,45,52,70,3490,20261003,-0.3,-5.3,21.4,-28.7,-1.6,7.1,15.7,50.7,6,0,false,18.5,3.38,above,-11,1.05,3410,3710,21.73,80.76,0.64,-51.48,38.78,544,6.42,8.21,-21.9,3410,3351,3710,3920,1.58,سهم صفی: 6 روز از ۲۰ روز در صف (ریسک نقدشوندگی و اجرای حد ضرر) | توزیع: ورود حقیقی با سرانه خرید ضعیف (0.60 در ۲۰ روز) | سرانه خرید ضعیف (0.64)
غپآذر,شیر پگاه آذربایجان شرقی,محصولات غذایی و آشامیدنی به جز قند و شکر,62.9,زیر نظر,100,85,47.5,16,31430,20261003,10.2,31.8,137.7,87.6,12.5,40.5,131.1,79.6,4,0,true,63.3,3.43,above,-4.5,0.77,26280,,0.26,-0.15,3.05,-1.91,21.02,3220,9.76,7.05,38.5,30353,29276,34660,36814,1.5,اشباع خرید | رشد عمودی (138٪ در ۶۰ روز، 40٪ بالای MA50) | 131٪ بالای MA200
فروسیل,فروسیلیسیم خمین,فلزات اساسی,62.9,زیر نظر,100,75,47.5,24,15810,20261003,11.4,14.8,73.4,23.2,4.7,24.1,75.5,67.9,9,0,false,46.7,3.27,above,-3.9,0.77,13910,16460,8.7,-0.42,4.04,-0.79,10.26,1620,9.76,8.05,21.2,15292,14775,16460,17495,0.63,سهم صفی: 9 روز از ۲۰ روز در صف (ریسک نقدشوندگی و اجرای حد ضرر) | 76٪ بالای MA200
کحافظ,کاشی‌ وسرامیک‌ حافظ‌,کاشی و سرامیک,62.8,زیر نظر,95,75,17.4,60,2668,20261003,10.4,9,50.5,0.3,2,14,64.4,60.5,3,0,false,32.7,3.62,above,-7.2,1.16,2586,2875,-6.31,-16.44,1.43,-3.01,19.46,388,6.88,7.65,-10.1,2586,2538,2875,3068,1.59,واگرایی منفی RSI | 64٪ بالای MA200 | واگرایی منفی
غبهار,کشت وصنعت بهاران گلبهار خراسان,محصولات غذایی و آشامیدنی به جز قند و شکر,62.7,زیر نظر,95,75,34.8,42,5100,20261003,11.4,17.2,148.1,97.9,4.9,23.8,73,66.5,7,0,false,45.7,3.31,above,-7.4,0.87,4651,5505,-7.57,-6.73,1.57,13.71,10.17,798,6.39,,,4931,4678,5505,5843,0.96,واگرایی منفی RSI | سهم صفی: 7 روز از ۲۰ روز در صف (ریسک نقدشوندگی و اجرای حد ضرر) | رشد عمودی (148٪ در ۶۰ روز، 24٪ بالای MA50) | 73٪ بالای MA200 | واگرایی منفی | حد ضرر دور (8.3٪)
کپشیر,پشم‌شیشه‌ایران‌,سایر محصولات کانی غیرفلزی,62.6,زیر نظر,100,85,58.5,4,31390,20261003,9.6,34,170.1,119.9,11.8,44.1,154.1,77.8,9,0,true,73.2,3.17,above,-4.1,1.31,29450,,-13.28,52.18,2.33,-118.31,36.88,1532,20.49,12.75,60.7,30394,28952,34379,36371,1.23,سهم صفی: 9 روز از ۲۰ روز در صف (ریسک نقدشوندگی و اجرای حد ضرر) | رشد عمودی (170٪ در ۶۰ روز، 44٪ بالای MA50) | توزیع: ورود حقیقی با سرانه خرید ضعیف (0.59 در ۲۰ روز) | 154٪ بالای MA200 | حد ضرر دور (7.8٪)
دجابر,داروسازی‌ جابرابن‌حیان‌,مواد و محصولات دارویی,62.6,زیر نظر,95,70,63.5,17,57020,20261003,15.9,22.3,271,220.8,19.2,44.4,220.1,82.9,8,0,true,66.1,2.84,above,0,0.19,49510,,15.18,-75.5,5.18,29.79,35.88,3483,16.37,12.91,26.8,55400,53780,61880,65120,1.5,اشباع خرید | فاصله زیاد از MA20 | خروج مستمر پول حقیقی | سهم صفی: 8 روز از ۲۰ روز در صف (ریسک نقدشوندگی و اجرای حد ضرر) | رشد عمودی (271٪ در ۶۰ روز، 44٪ بالای MA50) | 220٪ بالای MA200 | واگرایی مثبت RSI
سرچشمه,سرمایه گذاری مس سرچشمه,سرمایه گذاریها,62.6,زیر نظر,100,50,30.4,60,8190,20261003,2.9,37.2,138.7,88.6,8.6,34.6,96.8,76.6,10,0,false,70.6,3.04,above,-2.3,0.9,5566,8340,32.71,-39.06,0.9,-81.84,71.95,1231,6.65,8.73,-23.8,7941,7691,8340,8839,0.3,سهم صفی: 10 روز از ۲۰ روز در صف (ریسک نقدشوندگی و اجرای حد ضرر) | رشد عمودی (139٪ در ۶۰ روز، 35٪ بالای MA50) | 97٪ بالای MA200
غسالم,سالمین‌,محصولات غذایی و آشامیدنی به جز قند و شکر,62.5,زیر نظر,83,55,36.5,70,8870,20261003,10.2,9.4,26.1,-24,0.6,5.4,49,54.3,4,0,false,16.9,3.42,above,-10.4,0.87,8610,9270,-11.53,-15.56,2.04,5.07,11.67,1348,6.58,8.53,-22.9,8610,8458,9270,9900,0.97,خروج مستمر پول حقیقی | 228٪ بالای کف ۵۲ هفته
غاذر,کشت‌وصنعت‌پیاذر,محصولات غذایی و آشامیدنی به جز قند و شکر,62.5,زیر نظر,100,85,38,24,34890,20261003,15.8,21,96.7,46.6,13.1,34.5,159.3,76.9,8,0,true,46.4,2.94,above,0,0.79,33699,,-29.13,10.37,4.33,-35.23,39.6,3154,11.06,8.53,29.7,33864,33186,37968,40020,1.81,سهم صفی: 8 روز از ۲۰ روز در صف (ریسک نقدشوندگی و اجرای حد ضرر) | رشد عمودی (97٪ در ۶۰ روز، 35٪ بالای MA50) | توزیع: ورود حقیقی با سرانه خرید ضعیف (0.76 در ۲۰ روز) | 159٪ بالای MA200
اتکام,بیمه اتکایی امین,بیمه وصندوق بازنشستگی به جزتامین اجتماعی,62.5,زیر نظر,100,75,62,68,3150,20260929,7.9,6.5,63.3,13.2,4.9,14.3,42.7,65.9,1,0,false,37.9,3.1,above,-1.4,0.9,2839,3194,3.57,-4.01,2.36,3.54,1.58,925,3.41,4.59,-25.8,3052,2955,3194,3389,0.22,نقدشوندگی پایین | واگرایی منفی RSI | خروج مستمر پول حقیقی | واگرایی منفی | نقدشوندگی کمتر از ۱۰ میلیارد تومان | شناوری کم (14٪) | آخرین معامله 20260929 (متوقف یا کم‌معامله)
پتایر,ایران‌ تایر,لاستیک و پلاستیک,62.5,زیر نظر,85,75,27.8,60,2767,20261003,5.8,3.7,60.7,10.5,-1.2,12.3,49.8,54.8,2,0,false,32.3,3.99,above,-8.2,1.03,2630,2954,4.12,-13.7,0.81,-22.19,24.4,392,7.06,8.21,-14,2657,2575,2954,3015,0.97,واگرایی منفی RSI | واگرایی منفی
فروی,ذوب روی اصفهان,فلزات اساسی,62.4,زیر نظر,100,75,60.6,9,2885,20261003,8.4,21.3,52.4,2.3,3.8,19,60.4,63.3,9,0,false,42.4,3.11,above,-8.4,1.47,2642,3150,-0.52,37.28,1.12,5.71,12.69,186,15.51,8.05,92.7,2795,2661,3150,3329,1.18,سهم صفی: 9 روز از ۲۰ روز در صف (ریسک نقدشوندگی و اجرای حد ضرر) | 60٪ بالای MA200 | حد ضرر دور (7.8٪)
فملی,ملی‌ صنایع‌ مس‌ ایران‌,فلزات اساسی,62.4,زیر نظر,100,60,72.5,9,28120,20261003,14.5,24.8,78.6,28.4,9.4,34.8,137.2,75.2,7,0,false,53.5,3.04,above,-0.3,0.73,24160,,312.19,2381.54,2.17,-837.49,1307.97,1411,19.93,13.48,47.8,27266,26412,30682,32390,1.5,سهم صفی: 7 روز از ۲۰ روز در صف (ریسک نقدشوندگی و اجرای حد ضرر) | رشد عمودی (79٪ در ۶۰ روز، 35٪ بالای MA50) | توزیع: ورود حقیقی با سرانه خرید ضعیف (0.49 در ۲۰ روز) | 137٪ بالای MA200
زگلدشت,کشت و دام گلدشت نمونه اصفهان,زراعت و خدمات وابسته,62.4,زیر نظر,95,80,47.5,24,11260,20261003,8.7,9.5,36.4,-13.8,5.9,10.7,76.8,61.8,3,0,true,27.2,3.4,above,-3.3,1.08,10910,,5.07,-9.37,4.03,-5.59,18.77,1225,9.19,8.07,13.9,10910,10718,12410,13176,2.12,77٪ بالای MA200
کتوسعه,توسعه صنایع و معادن کوثر,استخراج سایر معادن,62.4,زیر نظر,85,65,61.5,34,19570,20261003,0.9,-2.3,51.7,1.5,-3,10.5,48.6,52.9,1,0,false,48.7,3.29,above,-11,0.9,18310,20400,0.62,-6.31,5.3,10.38,3.07,1794,10.91,9.57,14,18926,17988,20400,22000,0.52,خروج مستمر پول حقیقی | حد ضرر دور (8.1٪) | نقدشوندگی کمتر از ۱۰ میلیارد تومان
کسرام,پارس‌ سرام‌,سایر محصولات کانی غیرفلزی,62.3,زیر نظر,100,85,57,4,16460,20261003,15.3,26.3,51.8,1.7,15.3,29,73,77.8,2,0,true,40.6,3.03,above,-0.2,0.97,14980,,13.8,-15.17,1.32,11.22,9.8,697,23.62,12.75,85.2,15961,15212,17958,18956,1.2,فاصله زیاد از MA20 | خروج مستمر پول حقیقی | 73٪ بالای MA200 | حد ضرر دور (7.6٪) | نقدشوندگی کمتر از ۱۰ میلیارد تومان
دتولید,داروسازی تولید دارو,مواد و محصولات دارویی,62.3,زیر نظر,100,70,64,9,8930,20261003,15.5,31.1,190.9,140.7,14.8,46.9,166.5,81.5,12,0,true,68.2,2.59,above,-0.1,0.75,8330,,32.73,-33.12,11.18,48.74,31.71,475,18.8,8.86,112.2,8698,8351,9625,10088,1.2,اشباع خرید | خروج مستمر پول حقیقی | سهم صفی: 12 روز از ۲۰ روز در صف (ریسک نقدشوندگی و اجرای حد ضرر) | رشد عمودی (191٪ در ۶۰ روز، 47٪ بالای MA50) | 167٪ بالای MA200
تاپیکو,س. نفت و گاز و پتروشیمی تأمین,محصولات شیمیایی,62.1,زیر نظر,100,70,63.5,9,53540,20261003,15.2,42.5,116.1,66,21.9,51.8,136.5,87.5,7,0,true,59.1,2.9,above,-0.4,0.77,38039,,325.7,107.42,1.64,-1.66,364.1,3439,15.57,9.63,61.7,51989,50439,58192,61293,1.5,واگرایی منفی RSI | اشباع خرید | فاصله زیاد از MA20 | سهم صفی: 7 روز از ۲۰ روز در صف (ریسک نقدشوندگی و اجرای حد ضرر) | رشد عمودی (116٪ در ۶۰ روز، 52٪ بالای MA50) | توزیع: ورود حقیقی با سرانه خرید ضعیف (0.62 در ۲۰ روز) | 136٪ بالای MA200 | واگرایی منفی | شناوری کم (11٪)
سبهان,سیمان‌ بهبهان‌,سیمان، آهک و گچ,62.1,زیر نظر,76,30,53,80,5790,20261003,1.8,-4.8,3.2,-46.9,-4.8,2.1,33.6,47.2,3,0,false,20.2,3.63,inside,-25.1,1.54,5487,6700,3.39,4.99,0.77,-23.3,12.47,989,5.85,7.14,-18,5580,5382,6700,7735,2.23,توزیع: ورود حقیقی با سرانه خرید ضعیف (0.61 در ۲۰ روز) | سرانه خرید ضعیف (0.77) | حد ضرر دور (7.1٪)
مفاخر,توسعه فناوری اطلاعات خوارزمی,رایانه و فعالیت‌های وابسته به آن,62,زیر نظر,100,75,84,4,14400,20260927,2.3,38.1,109.3,59.2,13.7,31.8,84.7,77.9,8,0,true,63.4,3.37,above,-3.3,1.26,10870,14890,0.51,9.87,1.44,8.46,12.91,574,25.09,8.89,182.2,13915,13430,14890,15860,0.51,سهم صفی: 8 روز از ۲۰ روز در صف (ریسک نقدشوندگی و اجرای حد ضرر) | رشد عمودی (109٪ در ۶۰ روز، 32٪ بالای MA50) | 85٪ بالای MA200 | آخرین معامله 20260927 (متوقف یا کم‌معامله)
غشهداب,کشت و صنعت شهداب ناب خراسان,محصولات غذایی و آشامیدنی به جز قند و شکر,62,زیر نظر,100,75,8,60,2516,20261003,4.8,13.8,91.1,40.9,3.1,13.9,73.7,61.4,2,0,false,41.2,3.7,above,-5.5,0.78,2415,2662,-0.05,-0.57,1.02,-9.88,22.1,401,6.27,7.05,-11,2423,2368,2662,2848,0.99,74٪ بالای MA200
فسازان,غلتک سازان سپاهان,فلزات اساسی,61.9,زیر نظر,85,75,3.8,82,13950,20261003,7.8,12.6,75.9,25.8,-0.6,15.1,134,57.8,6,0,false,47.7,3.25,above,-12.6,1.19,12930,15960,-17.6,-111.14,0.93,-57.48,45.38,2578,5.41,13.48,-59.9,13497,12817,15960,16867,1.77,خروج مستمر پول حقیقی | سهم صفی: 6 روز از ۲۰ روز در صف (ریسک نقدشوندگی و اجرای حد ضرر) | 134٪ بالای MA200 | حد ضرر دور (8.1٪)
ملت,بیمه ملت,بیمه وصندوق بازنشستگی به جزتامین اجتماعی,61.9,زیر نظر,100,70,62.5,9,6360,20261003,15.2,71.4,168.8,118.7,27.9,69.9,97,98.3,10,0,true,86.8,2.36,above,-0.2,1.17,4126,,2,-9.11,6.09,7.49,5.41,417,15.25,4.59,232.3,6210,6060,6810,7110,1.5,اشباع خرید | فاصله زیاد از MA20 | خروج مستمر پول حقیقی | سهم صفی: 10 روز از ۲۰ روز در صف (ریسک نقدشوندگی و اجرای حد ضرر) | رشد عمودی (169٪ در ۶۰ روز، 70٪ بالای MA50) | 97٪ بالای MA200 | نقدشوندگی کمتر از ۱۰ میلیارد تومان
پتوسعه,س. و توسعه صنایع لاستیک,لاستیک و پلاستیک,61.8,زیر نظر,85,45,62,47,9300,20261003,3,-2.3,29.6,-20.5,-2.7,6.3,,51.6,3,0,false,26.4,3.65,above,-11.3,0.55,9167,9580,4.64,-13.32,5.87,15.49,9.78,1012,9.19,9.84,-6.6,9167,8997,9580,10480,0.92,خروج مستمر پول حقیقی | نقدشوندگی کمتر از ۱۰ میلیارد تومان
وساپا,سرمایه‌گذاری‌ سایپا,سرمایه گذاریها,61.7,زیر نظر,90,65,6.7,80,9390,20261003,1.6,8.3,52.8,2.7,-0.3,19.7,62.2,58.5,2,0,false,42.7,3.57,above,-6.9,0.74,9160,10090,-41.36,-349.92,0.97,-103.95,255.31,2887,3.25,7.13,-54.4,9160,8992,10090,10761,1.76,واگرایی منفی RSI | خروج مستمر پول حقیقی | 62٪ بالای MA200 | واگرایی منفی
پرداخت,به پرداخت ملت,رایانه و فعالیت‌های وابسته به آن,61.6,زیر نظر,85,45,55.5,53,6930,20261003,5.3,-4.3,36.1,-14,-4.7,5.2,22.2,50.4,5,0,false,27.8,3.72,above,-14.3,0.81,6670,7490,1.14,20.75,0.98,-1.65,8.17,481,14.41,18.19,-20.8,6672,6541,7490,8090,1.44,توزیع: ورود حقیقی با سرانه خرید ضعیف (0.79 در ۲۰ روز) | نقدشوندگی کمتر از ۱۰ میلیارد تومان | شناوری کم (5٪)
دسانکو,داروسازی سبحان انکولوژی,مواد و محصولات دارویی,61.6,زیر نظر,85,75,70.5,14,3370,20261003,0.6,3.7,54.9,4.7,-1.7,6.8,60.8,52.9,8,0,false,32.3,3.39,above,-11.8,1.38,3040,3550,15.12,33.17,1.06,-21.21,12.84,97,34.74,8.86,292.1,3256,3084,3550,3820,0.63,سهم صفی: 8 روز از ۲۰ روز در صف (ریسک نقدشوندگی و اجرای حد ضرر) | P/E بالا (35) | توزیع: ورود حقیقی با سرانه خرید ضعیف (0.79 در ۲۰ روز) | 61٪ بالای MA200 | حد ضرر دور (8.5٪)
سغدیر,توسعه سرمایه و صنعت غدیر,سیمان، آهک و گچ,61.6,زیر نظر,95,63,65.9,16,24600,20261003,9.9,12.2,45.7,-4.4,4.3,15.6,59.9,63.9,2,0,false,31.6,3.38,above,-7.9,1.32,23570,26720,31.4,-2.79,1.29,14.83,17.54,2624,9.38,6.69,40.1,23769,23154,26720,28382,1.47,60٪ بالای MA200
غپونه,نوش پونه مشهد,محصولات غذایی و آشامیدنی به جز قند و شکر,61.5,زیر نظر,83,80,35.5,47,9050,20261003,11.3,7.7,17.2,-32.9,3.2,5.3,79.1,58.6,4,0,true,19,3.57,above,-8.4,0.54,8790,9580,-0.69,-6.47,2.37,9.1,14.78,1310,6.91,7.05,-2,8790,8628,9580,9880,1.26,79٪ بالای MA200
شاملا,معدنی‌ املاح‌  ایران‌,محصولات شیمیایی,61.5,زیر نظر,100,88,18.7,37,42900,20261003,5.7,6.5,48.8,-1.3,6.4,18.1,88.6,67.9,2,0,true,33.5,3.52,above,-3.1,1.43,41515,,-5.22,-25.42,1.03,-12.37,26.21,4322,9.93,9.63,3.1,41515,40759,47434,50456,2.12,89٪ بالای MA200
کانسار,معدنکاران نسوز,استخراج سایر معادن,61.5,زیر نظر,85,45,61,47,14330,20261003,0.6,10.5,2.5,-47.7,-0.5,6.9,11.9,53.1,2,0,false,24.9,3.68,above,-17.4,0.81,13937,14631,-8.7,33.07,1.73,20.91,16.59,1483,9.66,9.57,1,13937,13674,14631,14896,0.46,
هرمز,فولاد هرمزگان جنوب,فلزات اساسی,61.4,زیر نظر,100,63,51.1,24,4520,20261003,8.1,21.8,44.9,-5.2,3.3,20,101.1,63.3,9,1,false,46.4,3.11,above,-5.6,0.64,3700,,21.68,-154.32,1.16,5.26,50.29,435,10.39,8.05,29.1,4379,4239,4942,5223,1.5,واگرایی منفی RSI | خروج مستمر پول حقیقی | سهم صفی: 9 روز از ۲۰ روز در صف (ریسک نقدشوندگی و اجرای حد ضرر) | 101٪ بالای MA200 | واگرایی منفی | صف فروش در ۵ روز اخیر
بپویا,دانش محور پویا نیرو,ماشین آلات و دستگاه‌های برقی,61.3,زیر نظر,73,55,87.5,26,6120,20261003,7.6,8.3,2.9,-47.2,0.8,7.2,3.5,56.2,2,0,false,17.1,3.45,above,-15.7,0.74,5895,6284,6.16,20.71,3.37,25.58,12.1,752,8.14,6.15,32.3,5909,5790,6284,6420,0.5,شناوری کم (7٪)
زماهان,مجتمع تولید گوشت مرغ ماهان,زراعت و خدمات وابسته,61.3,زیر نظر,95,55,77,10,13660,20261003,10.3,10.4,23.3,-26.9,2.4,13.4,26.7,58.9,4,0,false,27,3.67,above,-6.1,1.02,13480,14540,5.75,6.44,1.62,6.39,13.62,,,8.07,,13480,13230,14540,15542,2.04,واگرایی منفی RSI | بدون EPS مثبت | واگرایی منفی
سپیدار,سپیدار سیستم آسیا,رایانه و فعالیت‌های وابسته به آن,61.3,زیر نظر,100,80,52,9,10480,20261003,6.2,18.8,31.6,-18.6,5.4,15.9,49.7,63.3,2,0,true,33.9,3.09,above,-2.4,0.86,9397,10610,-0.96,2.65,5.18,21.52,7.75,830,12.63,8.89,42,10156,9832,10610,11258,0.2,نقدشوندگی کمتر از ۱۰ میلیارد تومان
دهدشت,صنایع پتروشیمی دهدشت,محصولات شیمیایی,61.3,زیر نظر,100,70,99,10,15350,20261003,13.8,37.8,70.8,20.7,20.9,42.3,66.2,97.1,20,0,true,72.9,2.39,above,0,2.93,11754,,11.38,10.86,6.79,10.49,0.95,,,,,14984,14618,16448,17181,1.5,نقدشوندگی پایین | اشباع خرید | فاصله زیاد از MA20 | بدون EPS مثبت | سهم صفی: 20 روز از ۲۰ روز در صف (ریسک نقدشوندگی و اجرای حد ضرر) | رشد عمودی (71٪ در ۶۰ روز، 42٪ بالای MA50) | 66٪ بالای MA200 | نقدشوندگی کمتر از ۱۰ میلیارد تومان
شلعاب,لعابیران‌,محصولات شیمیایی,61.2,زیر نظر,100,80,51.7,9,1398,20261003,13.5,16.4,38.8,-11.3,7.4,16.9,51.7,67.8,2,0,true,32.7,3.34,above,-1.8,1.14,1319,,7.02,6.58,1.17,-0.78,7.3,70,19.97,9.63,107.4,1351,1296,1538,1631,1.37,واگرایی منفی RSI | 52٪ بالای MA200 | واگرایی منفی | حد ضرر دور (7.3٪) | نقدشوندگی کمتر از ۱۰ میلیارد تومان
خکار,ایرکا پارت صنعت,خودرو و ساخت قطعات,61.1,زیر نظر,95,55,36.5,50,1963,20261003,12.3,11.2,31.5,-18.6,4.6,13.2,49.5,61.8,2,0,false,24.6,3.57,above,-4.1,1.17,1940,2047,-8.18,-27.24,1.85,16.2,11.76,504,3.89,,,1940,1905,2047,2187,1.45,واگرایی منفی RSI | خروج مستمر پول حقیقی | واگرایی منفی
حسینا,توسعه خدمات دریایی وبندری سینا,حمل ونقل، انبارداری و ارتباطات,61,زیر نظر,100,80,36.1,24,19890,20261003,6.6,18.4,15,-35.2,6,19.7,47,66.5,4,0,true,39.7,3.45,above,-3.2,0.75,18698,20260,0.38,-34.26,1.17,-2.88,27.14,2130,9.34,7.68,21.6,19204,18355,20260,21633,0.24,خروج مستمر پول حقیقی | 155٪ بالای کف ۵۲ هفته | حد ضرر دور (7.7٪)
غپاک,لبنیات‌ پاک‌,محصولات غذایی و آشامیدنی به جز قند و شکر,61,زیر نظر,100,40,88,4,2475,20261003,15.4,20.3,34.1,-16,8.7,27.6,67.6,72,8,0,false,36.8,3.3,above,-2.9,0.62,2078,2550,7.49,41.24,8.6,8.53,15.26,97,25.52,8.53,199.1,2393,2311,2550,2714,0.46,سهم صفی: 8 روز از ۲۰ روز در صف (ریسک نقدشوندگی و اجرای حد ضرر) | توزیع: ورود حقیقی با سرانه خرید ضعیف (0.76 در ۲۰ روز) | 68٪ بالای MA200
میهن,بیمه میهن,بیمه وصندوق بازنشستگی به جزتامین اجتماعی,61,زیر نظر,85,55,88,10,2596,20261003,6.9,1,25.2,-25,-0.9,10.9,12.2,56,7,0,false,26.2,3.64,above,-14.7,0.97,2558,2622,9.32,22.38,3.75,3.35,19.12,,,18.13,,2558,2511,2622,2797,0.3,بدون EPS مثبت | سهم صفی: 7 روز از ۲۰ روز در صف (ریسک نقدشوندگی و اجرای حد ضرر) | توزیع: ورود حقیقی با سرانه خرید ضعیف (0.71 در ۲۰ روز)
پلوله,گازلوله‌,لاستیک و پلاستیک,61,زیر نظر,100,70,88,20,11860,20261003,13.7,62.5,163.3,113.2,24.4,59.5,128.2,97.4,20,0,true,79,2.27,above,0,0.36,6800,,0.6,7.79,2.53,1.27,1.83,517,22.94,,,11590,11321,12669,13208,1.5,نقدشوندگی پایین | اشباع خرید | فاصله زیاد از MA20 | سهم صفی: 20 روز از ۲۰ روز در صف (ریسک نقدشوندگی و اجرای حد ضرر) | رشد عمودی (163٪ در ۶۰ روز، 59٪ بالای MA50) | 128٪ بالای MA200 | نقدشوندگی کمتر از ۱۰ میلیارد تومان
ثغرب,شرکت سرمایه گذاری مسکن شمالغرب,انبوه سازی، املاک و مستغلات,61,زیر نظر,100,60,71.9,4,18400,20261003,2.8,57.4,285.3,235.1,17.6,62,215.7,82.7,15,1,true,84.6,2.44,above,-3.1,0.82,9480,18980,7.18,33.67,1.56,-3.89,9.91,415,44.34,23.59,87.9,17951,17502,18980,19878,0.65,اشباع خرید | فاصله زیاد از MA20 | سهم صفی: 15 روز از ۲۰ روز در صف (ریسک نقدشوندگی و اجرای حد ضرر) | رشد عمودی (285٪ در ۶۰ روز، 62٪ بالای MA50) | P/E بالا (44) | 216٪ بالای MA200 | نقدشوندگی کمتر از ۱۰ میلیارد تومان | صف فروش در ۵ روز اخیر
ولنوین,لیزینگ اقتصاد نوین,سایر واسطه گریهای مالی,61,زیر نظر,100,63,36.5,37,3210,20261003,12.9,9.3,42.7,-7.4,7,21.6,55.5,68,0,0,false,39.5,3.42,above,-0.3,0.49,3141,,-0.08,-6.77,6.54,7.5,5.63,294,10.92,9.94,9.8,3141,3086,3540,3759,2.66,خروج مستمر پول حقیقی | 55٪ بالای MA200 | نقدشوندگی کمتر از ۱۰ میلیارد تومان | شناوری کم (14٪)
کگاز,شیشه‌ و گاز,سایر محصولات کانی غیرفلزی,60.9,زیر نظر,90,30,51.5,60,48990,20261003,-5.7,12.9,28.5,-21.7,-4.4,10.6,47.5,49.3,5,0,false,37.9,3.64,above,-15.5,0.82,47264,57980,4.07,110.21,0.56,-29.69,18.68,5055,9.69,12.75,-24,47264,46373,57980,61542,3.44,توزیع: ورود حقیقی با سرانه خرید ضعیف (0.63 در ۲۰ روز) | 156٪ بالای کف ۵۲ هفته | سرانه خرید ضعیف (0.56)
نبابک,نساجی بابکان,منسوجات,60.9,زیر نظر,95,55,61.5,24,8760,20261003,11.5,5.7,31.9,-18.2,4.3,15.2,17.3,62.2,1,0,false,24,3.66,above,-27.5,0.63,8536,9049,4.29,-18.65,7.17,20.64,9.34,351,24.96,14.29,74.6,8536,8376,9049,9206,0.75,واگرایی منفی RSI | خروج مستمر پول حقیقی | واگرایی منفی | نقدشوندگی کمتر از ۱۰ میلیارد تومان
سفارس,سیمان فارس و خوزستان,سیمان، آهک و گچ,60.8,زیر نظر,95,80,18.3,47,28920,20261003,10,0.8,20.9,-29.2,3.2,7.6,50.8,58,3,0,true,21.2,3.51,above,-6.4,0.96,28020,29248,-17.75,78.03,0.85,-17.29,80.82,3912,7.39,7.14,3.5,28020,27512,29248,30330,0.23,واگرایی منفی RSI | توزیع: ورود حقیقی با سرانه خرید ضعیف (0.57 در ۲۰ روز) | 51٪ بالای MA200 | واگرایی منفی
شصدف,صنعتی دوده فام,محصولات شیمیایی,60.7,زیر نظر,90,65,12.9,70,17650,20261003,-1.2,3.6,65.7,15.6,-1.8,11.1,47.3,52.2,2,0,false,47,3.82,above,-10.6,1.01,17140,18400,-21.1,-29.07,1.26,-21.76,31.2,2572,6.86,8.01,-14.3,17140,16803,18400,18860,0.89,
کرومیت,توسعه معادن کرومیت کاوندگان,استخراج کانه های فلزی,60.7,زیر نظر,100,53,76.3,4,5510,20261003,4,22.4,45,-5.1,2.3,22.2,35.5,63.8,7,0,false,45.5,3.38,above,-7.4,0.67,5200,5950,2.58,32.36,1.17,9.98,25.09,198,27.83,14.44,92.7,5324,5107,5950,6322,1.09,سهم صفی: 7 روز از ۲۰ روز در صف (ریسک نقدشوندگی و اجرای حد ضرر) | حد ضرر دور (7.3٪)
بکاب,صنایع‌جوشکاب‌یزد,ماشین آلات و دستگاه‌های برقی,60.7,زیر نظر,90,63,58.3,26,12680,20261003,3.2,12.1,41,-9.1,-1.5,12.8,40.9,55.2,4,0,false,30.9,3.63,above,-14.4,1.23,12000,13050,0.72,8.41,1.05,-3.86,8.43,1077,11.77,6.15,91.4,12220,11770,13050,13510,0.41,158٪ بالای کف ۵۲ هفته | حد ضرر دور (7.2٪) | نقدشوندگی کمتر از ۱۰ میلیارد تومان
رتاپ,تجارت الکترونیک  پارسیان,رایانه و فعالیت‌های وابسته به آن,60.6,زیر نظر,100,65,8.6,62,9340,20261003,-0.6,11.6,72.6,22.5,2.9,9.1,105.8,58,3,0,false,40.9,3.12,above,-4.5,1.05,9120,9765,-37.62,-132.53,1.1,-29.4,19,806,11.59,18.19,-36.3,9120,8974,9765,10347,1.16,واگرایی منفی RSI | خروج مستمر پول حقیقی | 106٪ بالای MA200 | واگرایی منفی
دروز,داروسازی‌ روزدارو,مواد و محصولات دارویی,60.6,زیر نظر,100,70,62.5,4,31320,20261003,15.4,48.4,258,207.8,17,53.1,137,85.4,9,0,true,57.8,2.85,above,-0.3,0.84,29757,,3.24,-3.97,2.95,1.64,4.9,164,190.98,12.91,1379.3,30428,29311,33997,35782,1.33,اشباع خرید | فاصله زیاد از MA20 | سهم صفی: 9 روز از ۲۰ روز در صف (ریسک نقدشوندگی و اجرای حد ضرر) | رشد عمودی (258٪ در ۶۰ روز، 53٪ بالای MA50) | P/E بالا (191) | 137٪ بالای MA200 | نقدشوندگی کمتر از ۱۰ میلیارد تومان
ولراز,لیزینگ رازی,سایر واسطه گریهای مالی,60.5,زیر نظر,100,70,61,25,6220,20260923,15.2,63.7,227.9,177.7,26.9,66.8,153.5,97.5,11,0,true,83.3,2.51,above,0,0.36,2771,,-0.32,12.36,4.1,3.8,4.39,322,19.32,,,6064,5908,6688,7000,1.5,اشباع خرید | فاصله زیاد از MA20 | سهم صفی: 11 روز از ۲۰ روز در صف (ریسک نقدشوندگی و اجرای حد ضرر) | رشد عمودی (228٪ در ۶۰ روز، 67٪ بالای MA50) | 153٪ بالای MA200 | نقدشوندگی کمتر از ۱۰ میلیارد تومان | آخرین معامله 20260923 (متوقف یا کم‌معامله)
آلومینا,آلومینای ایران,فلزات اساسی,60.4,زیر نظر,95,60,62.5,17,249600,20261003,13.9,10.3,76.6,26.5,7.8,26.8,78.1,71.1,2,0,false,41.2,3.21,above,-2.5,1.02,210800,256100,19.55,-122.33,3.62,65.55,33.33,16822,14.84,13.48,10.1,241588,233575,256100,272125,0.41,خروج مستمر پول حقیقی | 78٪ بالای MA200 | شناوری کم (6٪)
وامین,سرمایه گذاری امین مهرگان,سرمایه گذاریها,60.3,زیر نظر,100,75,24.2,37,6450,20261003,-1.4,45.7,126.7,76.6,11.5,43.2,73.7,77.4,9,0,true,68.4,2.78,above,-6,1.54,4458,6860,-43.44,8.66,1.07,-21.28,14.22,785,8.22,8.73,-5.9,6271,6091,6860,7219,1.14,سهم صفی: 9 روز از ۲۰ روز در صف (ریسک نقدشوندگی و اجرای حد ضرر) | رشد عمودی (127٪ در ۶۰ روز، 43٪ بالای MA50) | 74٪ بالای MA200
فلامی,لامیران‌,ساخت محصولات فلزی,60.3,زیر نظر,100,70,61,4,11740,20261003,12.5,38.8,86.1,35.9,15,30.4,70.5,81.1,9,0,true,38.4,3.2,above,-2.5,1.11,10840,,3.22,14.87,1.12,-1.52,3.79,586,20.03,7.54,165.7,11365,10802,12865,13616,1.2,اشباع خرید | سهم صفی: 9 روز از ۲۰ روز در صف (ریسک نقدشوندگی و اجرای حد ضرر) | رشد عمودی (86٪ در ۶۰ روز، 30٪ بالای MA50) | 70٪ بالای MA200 | حد ضرر دور (8.0٪) | نقدشوندگی کمتر از ۱۰ میلیارد تومان
شپدیس,پتروشیمی پردیس,محصولات شیمیایی,60.3,زیر نظر,90,30,27,82,12310,20261003,-4.8,2.8,-1.5,-51.7,-4.8,5.2,15.3,46.6,1,0,false,36.4,3.54,above,-24.3,0.68,11940,12540,-213.45,861.61,0.51,-855.31,658.9,1879,6.55,9.63,-32,11940,11722,12540,12854,0.39,توزیع: ورود حقیقی با سرانه خرید ضعیف (0.63 در ۲۰ روز) | سرانه خرید ضعیف (0.51)
اتکای,بیمه اتکایی ایرانیان,بیمه وصندوق بازنشستگی به جزتامین اجتماعی,60.3,زیر نظر,100,60,1,72,3430,20261003,2.4,23.6,99.4,49.2,10.2,33.5,88.5,86.3,0,0,true,72.9,3.3,above,-2,0.5,2936,,-21.57,-41.47,0.65,-11.05,11.5,612,5.6,18.13,-69.1,3317,3204,3770,3996,1.5,اشباع خرید | خروج مستمر پول حقیقی | رشد عمودی (99٪ در ۶۰ روز، 34٪ بالای MA50) | 89٪ بالای MA200 | سرانه خرید ضعیف (0.65)
وامید,گروه مدیریت سرمایه گذاری امید,شرکتهای چند رشته ای صنعتی,60.2,زیر نظر,100,80,6.8,50,6000,20261003,4,10.5,11,-39.2,2.5,12,26.6,59.8,0,0,true,31.7,2.77,above,-7.7,0.63,5788,6105,-13.64,-180.5,1.03,-15.39,44.76,638,9.4,10.88,-13.6,5834,5705,6105,6498,0.36,خروج مستمر پول حقیقی | شناوری کم (6٪)
کی بی سی,شرکت کی بی سی,مواد و محصولات دارویی,60.1,زیر نظر,100,60,63.5,9,13110,20261003,15.2,27.5,122.2,72.1,10.9,37.4,159.2,76.4,14,0,false,58.5,2.81,above,-0.2,0.82,11000,,35.34,-32.53,3.07,1.23,30.72,1043,12.57,8.86,41.9,12741,12373,14216,14953,1.5,خروج مستمر پول حقیقی | سهم صفی: 14 روز از ۲۰ روز در صف (ریسک نقدشوندگی و اجرای حد ضرر) | رشد عمودی (122٪ در ۶۰ روز، 37٪ بالای MA50) | 159٪ بالای MA200
زهلال,کشت و صنعت هلال,زراعت و خدمات وابسته,60.1,زیر نظر,85,80,37.5,37,55110,20261003,6.8,9,32.3,-17.9,4.1,11.5,,62.4,0,0,true,24.2,3.3,,-3.2,0.78,50890,,-5.19,-16.98,8.09,26.41,11.07,6307,8.74,8.07,8.3,53294,50570,60559,64191,1.2,خروج مستمر پول حقیقی | حد ضرر دور (8.2٪)
تیپیکو,سرمایه گذاری دارویی تامین,مواد و محصولات دارویی,60,زیر نظر,100,100,23,17,29960,20261003,8.6,12.3,64.7,14.6,11.7,18.8,99.8,68.5,6,0,true,25.2,3.12,above,-2.5,0.88,29408,,-97.92,-98.21,2.6,-160.2,128.63,2097,14.29,12.91,10.7,29408,28941,32763,34631,2.75,سهم صفی: 6 روز از ۲۰ روز در صف (ریسک نقدشوندگی و اجرای حد ضرر) | 100٪ بالای MA200
دبالک,مواد اولیه دارویی البرز بالک,مواد و محصولات دارویی,59.9,زیر نظر,100,60,62.5,9,17160,20261003,16,10.1,200,149.9,6.8,34.4,165.9,71.1,11,0,false,46.6,2.94,above,-4.9,0.61,14460,18040,25,-110.31,5.3,21.82,54.22,1079,15.9,8.86,79.5,16656,16152,18040,19048,0.87,خروج مستمر پول حقیقی | سهم صفی: 11 روز از ۲۰ روز در صف (ریسک نقدشوندگی و اجرای حد ضرر) | رشد عمودی (200٪ در ۶۰ روز، 34٪ بالای MA50) | 166٪ بالای MA200
قزوین,کارخانجات‌ قند قزوین‌,قند و شکر,59.9,زیر نظر,90,45,35.5,60,12230,20261003,1.2,12,24.9,-25.2,-2,4.8,51.6,51,2,0,false,30.1,3.54,above,-12.1,1.39,11690,12730,3.45,-6.17,0.8,-0.81,3.33,1403,8.72,9.8,-11.1,11797,11473,12730,13920,0.66,خروج مستمر پول حقیقی | 52٪ بالای MA200 | سرانه خرید ضعیف (0.80) | نقدشوندگی کمتر از ۱۰ میلیارد تومان
زشریف,کشت وصنعت شریف آباد,زراعت و خدمات وابسته,59.8,زیر نظر,100,80,18.1,37,19600,20261003,8,13.2,25.3,-24.8,5.1,13.1,75.9,60.7,4,0,true,27.8,3.43,above,-3.9,0.98,19230,20300,-12.54,-43.36,1.48,-7.34,11.15,2402,8.16,8.07,1.1,19230,18894,20300,21644,0.99,واگرایی منفی RSI | خروج مستمر پول حقیقی | 76٪ بالای MA200 | واگرایی منفی
سغرب,سیمان‌غرب‌,سیمان، آهک و گچ,59.7,زیر نظر,83,80,18.2,57,8610,20261003,11.2,5,15.4,-34.7,3.5,7,19.5,60.5,0,0,true,19.6,3.34,above,-14.6,1.28,8318,8950,-6.51,-18.31,1.07,-3.9,8.94,1220,7.06,7.14,-1.2,8322,8175,8950,10080,0.78,خروج مستمر پول حقیقی | نقدشوندگی کمتر از ۱۰ میلیارد تومان
حفاری,حفاری شمال,استخراج نفت گاز و خدمات جنبی جز اکتشاف,59.7,زیر نظر,85,55,27.8,65,5820,20261003,1,0.9,31.4,-18.7,-3.2,8.9,30.8,51.9,2,0,false,31.7,3.71,above,-14.4,1.05,5470,6090,-3.57,212.2,0.81,-93.81,90.22,2511,2.32,2.24,3.5,5604,5362,6090,6800,0.59,توزیع: ورود حقیقی با سرانه خرید ضعیف (0.86 در ۲۰ روز) | حد ضرر دور (7.9٪)
درازی,پخش رازی,مواد و محصولات دارویی,59.7,زیر نظر,100,70,78.8,4,64360,20260930,15.9,78.7,476.4,426.3,30.4,87.5,261,99.9,19,0,true,96.7,2.14,above,0,1.78,16938,,5.92,19.17,1.37,-14.94,13.08,2400,26.82,8.86,202.7,62981,61602,68497,71255,1.5,اشباع خرید | فاصله زیاد از MA20 | سهم صفی: 19 روز از ۲۰ روز در صف (ریسک نقدشوندگی و اجرای حد ضرر) | رشد عمودی (476٪ در ۶۰ روز، 87٪ بالای MA50) | 261٪ بالای MA200 | آخرین معامله 20260930 (متوقف یا کم‌معامله)
فسدید,لوله‌وتجهیزات‌ سدید,فلزات اساسی,59.6,زیر نظر,100,60,60.5,10,166100,20261003,11.6,64.5,76.8,26.7,24.8,59.3,59.9,94.7,16,0,true,76.4,2.43,above,-3.6,1.17,122503,,2.92,3.04,2.17,-4.64,5.32,,,,,162056,158012,178232,186320,1.5,اشباع خرید | فاصله زیاد از MA20 | بدون EPS مثبت | سهم صفی: 16 روز از ۲۰ روز در صف (ریسک نقدشوندگی و اجرای حد ضرر) | رشد عمودی (77٪ در ۶۰ روز، 59٪ بالای MA50) | توزیع: ورود حقیقی با سرانه خرید ضعیف (0.72 در ۲۰ روز) | 60٪ بالای MA200 | نقدشوندگی کمتر از ۱۰ میلیارد تومان
کصدف,کاشی صدف سرام استقلال آباده,کاشی و سرامیک,59.6,زیر نظر,95,55,45.5,35,8150,20261003,8,4.6,28.3,-21.9,0.4,8.8,56.4,55.2,3,0,false,28,3.33,above,-11,0.65,7790,8418,0.14,2.25,0.96,-2.23,7.19,548,14.87,,,7879,7654,8418,9159,0.54,توزیع: ورود حقیقی با سرانه خرید ضعیف (0.72 در ۲۰ روز) | 56٪ بالای MA200 | نقدشوندگی کمتر از ۱۰ میلیارد تومان
لطیف,محصولات کاغذی لطیف,محصولات کاغذی,59.5,زیر نظر,95,55,63,17,4140,20261003,14,14,34,-16.2,6.9,16.8,49.8,65.4,6,0,false,31,3.12,above,-2.4,0.75,3920,,3.25,-8.09,19.73,22.6,8.67,315,13.14,10.19,29,4011,3855,4527,4785,1.36,سهم صفی: 6 روز از ۲۰ روز در صف (ریسک نقدشوندگی و اجرای حد ضرر) | نقدشوندگی کمتر از ۱۰ میلیارد تومان
وفتخار,سرمایه گذاری افتخار سهام,سرمایه گذاریها,59.4,زیر نظر,100,63,17,50,2087,20261003,7.4,27.5,48.6,-1.5,10.7,27.3,38.1,75.4,7,0,true,52.2,3.43,above,-3.1,0.87,2041,,-2.11,4.38,0.8,-4.43,5.19,531,3.93,,,2041,2005,2302,2445,2.62,سهم صفی: 7 روز از ۲۰ روز در صف (ریسک نقدشوندگی و اجرای حد ضرر) | سرانه خرید ضعیف (0.80) | نقدشوندگی کمتر از ۱۰ میلیارد تومان
قشهد,شهد,قند و شکر,59.3,زیر نظر,100,65,28,37,3840,20261003,-6.3,24.9,124,73.8,2.5,23.5,116.3,64,7,1,false,62.5,3.5,above,-8.8,1.69,2908,,-0.87,19.52,0.52,-33.03,8,416,9.23,9.8,-5.8,3706,3571,4243,4512,1.5,واگرایی منفی RSI | سهم صفی: 7 روز از ۲۰ روز در صف (ریسک نقدشوندگی و اجرای حد ضرر) | رشد عمودی (124٪ در ۶۰ روز، 23٪ بالای MA50) | توزیع: ورود حقیقی با سرانه خرید ضعیف (0.78 در ۲۰ روز) | 116٪ بالای MA200 | سرانه خرید ضعیف (0.52) | واگرایی منفی | حد ضرر دور (7.0٪) | نقدشوندگی کمتر از ۱۰ میلیارد تومان | صف فروش در ۵ روز اخیر
ساروم,سیمان‌ارومیه‌,سیمان، آهک و گچ,59.2,زیر نظر,100,80,5.9,47,238400,20261003,9.7,20.6,36.3,-13.8,6.7,14.2,71.2,65.6,2,0,true,33.1,3.27,above,-2.1,0.83,225900,,-16.71,-43.99,0.98,-22.36,36.27,34336,6.94,7.14,-2.8,230602,222001,261793,277388,1.43,خروج مستمر پول حقیقی | 71٪ بالای MA200
سخزر,سیمان‌ خزر,سیمان، آهک و گچ,59.1,زیر نظر,100,88,22,24,7070,20261003,13.5,8.9,47,-3.2,6.9,20.1,58.8,68.8,6,0,true,30.6,3.25,above,-2.9,0.91,6100,7280,-19.61,-59.29,2.1,-8.77,20.36,822,8.6,7.14,20.5,6840,6610,7280,7740,0.46,خروج مستمر پول حقیقی | سهم صفی: 6 روز از ۲۰ روز در صف (ریسک نقدشوندگی و اجرای حد ضرر) | 59٪ بالای MA200
خراسان,پتروشیمی خراسان,محصولات شیمیایی,59.1,زیر نظر,85,55,20.3,70,54540,20261003,6,3.7,15.3,-34.8,-1.3,8.9,62.4,54.4,2,0,false,22.3,3.56,above,-11.1,1.14,50886,55471,-5.69,19.07,0.89,-24.62,28.11,7006,7.78,9.63,-19.2,52601,49916,55471,61321,0.2,توزیع: ورود حقیقی با سرانه خرید ضعیف (0.62 در ۲۰ روز) | 62٪ بالای MA200 | حد ضرر دور (8.5٪) | شناوری کم (6٪)
شتران,پالایش نفت تهران,فراورده های نفتی، کک و سوخت هسته ای,59,زیر نظر,100,55,2,70,6530,20261003,3,14,40.1,-10.1,0.5,17.3,82.4,58.5,3,0,false,51.9,3.43,above,-10.1,0.86,6240,7260,-108.52,-960.31,0.76,-432.19,472.84,1249,5.23,6.26,-16.5,6306,6128,7260,7708,1.82,خروج مستمر پول حقیقی | 82٪ بالای MA200 | سرانه خرید ضعیف (0.76)
غزر,صنعتی زر ماکارون,محصولات غذایی و آشامیدنی به جز قند و شکر,58.9,زیر نظر,100,60,30.6,37,5510,20261003,14.1,32.1,75.3,25.1,11.2,33.6,121.2,74.3,6,0,false,54,2.72,above,-0.4,0.99,5370,,-36.82,-110.62,1.34,34.47,84.83,620,8.89,8.53,4.2,5370,5295,5960,6260,2.09,واگرایی منفی RSI | خروج مستمر پول حقیقی | سهم صفی: 6 روز از ۲۰ روز در صف (ریسک نقدشوندگی و اجرای حد ضرر) | رشد عمودی (75٪ در ۶۰ روز، 34٪ بالای MA50) | 121٪ بالای MA200 | واگرایی منفی
وآرین,گروه توسعه اقتصادی آرین,سرمایه گذاریها,58.9,زیر نظر,100,75,35.5,20,2903,20261003,6.6,16.5,77.9,27.8,1.5,24,62.9,64.8,1,0,false,47.9,3.64,above,-9.8,0.66,2713,3220,-1.45,-14.99,1.81,3.98,3.5,62,46.82,,,2797,2660,3220,3431,1.31,خروج مستمر پول حقیقی | P/E بالا (47) | 63٪ بالای MA200 | حد ضرر دور (8.4٪) | نقدشوندگی کمتر از ۱۰ میلیارد تومان
نطرین,عطرین نخ قم,منسوجات,58.8,زیر نظر,100,70,16,43,2371,20261003,-0.9,33.9,29.8,-20.3,8.2,23.6,78.5,67.3,14,1,true,36.8,3.09,above,-3.9,2.29,2265,2460,-9.15,5.06,0.69,-34.34,14.51,196,12.1,14.29,-15.3,2298,2228,2460,2606,0.62,سهم صفی: 14 روز از ۲۰ روز در صف (ریسک نقدشوندگی و اجرای حد ضرر) | 79٪ بالای MA200 | سرانه خرید ضعیف (0.69) | صف فروش در ۵ روز اخیر
ومپنا,مدیریت نیروگاهی ایرانیان مپنا,عرضه برق، گاز، بخاروآب گرم,58.8,زیر نظر,95,75,37,24,43320,20261003,4.1,8.1,71.2,21.1,0.6,17.9,91.8,60.2,0,0,false,31,3.18,above,-8.5,0.52,42820,47320,-5.72,-56.34,4.04,12.87,31.39,3838,11.29,10.04,12.4,42820,42130,47320,50079,3.36,واگرایی منفی RSI | خروج مستمر پول حقیقی | 92٪ بالای MA200 | واگرایی منفی
دکپسول,تولید ژلاتین کپسول ایران,مواد و محصولات دارویی,58.8,زیر نظر,95,70,28,37,177700,20261003,-2.3,2.2,7.2,-43,0.9,3.6,30.9,52.1,1,0,true,24.5,3.63,above,-6.9,1.02,171000,181450,-0.03,62.06,0.76,-33.32,21.99,20406,8.71,8.86,-1.7,171253,167776,181450,185259,0.38,توزیع: ورود حقیقی با سرانه خرید ضعیف (0.75 در ۲۰ روز) | سرانه خرید ضعیف (0.76)
سبجنو,سیمان‌ بجنورد,سیمان، آهک و گچ,58.7,زیر نظر,100,65,15.7,47,56580,20261003,12.8,11.9,26,-24.2,8.4,14.8,59.3,70.3,2,0,true,21.6,3.05,above,-0.4,1.64,52160,,-19.15,-29.77,0.91,-19.35,8.58,8801,6.43,7.14,-10,54853,52262,61761,65216,1.2,واگرایی منفی RSI | خروج مستمر پول حقیقی | 59٪ بالای MA200 | واگرایی منفی | حد ضرر دور (7.6٪) | نقدشوندگی کمتر از ۱۰ میلیارد تومان | شناوری کم (11٪)
زنجان,صنایع کشاورزی وکود زنجان,محصولات شیمیایی,58.6,زیر نظر,100,70,88.5,10,2681,20261003,11.7,39.2,85.5,35.4,18.6,40,80.4,97.8,20,0,true,76.9,2.29,above,-1,0.99,1827,,0.72,3.56,12.8,2.51,0.68,,,,,2620,2558,2865,2988,1.5,نقدشوندگی پایین | اشباع خرید | فاصله زیاد از MA20 | بدون EPS مثبت | سهم صفی: 20 روز از ۲۰ روز در صف (ریسک نقدشوندگی و اجرای حد ضرر) | رشد عمودی (85٪ در ۶۰ روز، 40٪ بالای MA50) | 80٪ بالای MA200 | نقدشوندگی کمتر از ۱۰ میلیارد تومان
ولغدر,لیزینگ‌خودروغدیر,سایر واسطه گریهای مالی,58.5,زیر نظر,100,65,58,4,3720,20261003,-0.8,10.4,67.3,17.1,1.2,18.9,50.1,61.6,4,1,false,56.7,3.81,above,-6.1,1.71,3480,3900,1.92,6.5,1.42,-13.51,7.87,80,46.5,9.94,367.8,3578,3409,3900,3960,0.58,P/E بالا (47) | 50٪ بالای MA200 | حد ضرر دور (8.4٪) | نقدشوندگی کمتر از ۱۰ میلیارد تومان | صف فروش در ۵ روز اخیر
کقزوی,شیشه‌ قزوین‌,سایر محصولات کانی غیرفلزی,58.4,زیر نظر,85,75,61.5,10,813,20261003,5.3,2.8,67.3,17.1,-1.9,9.7,35.2,53.4,0,0,false,34.4,3.57,above,-11.6,0.82,801,838,3.35,-0.81,1.68,6.03,6.02,,,,,801,786,838,856,0.95,واگرایی منفی RSI | بدون EPS مثبت | واگرایی منفی | نقدشوندگی کمتر از ۱۰ میلیارد تومان
شیراز,پتروشیمی‌شیراز,محصولات شیمیایی,58.4,زیر نظر,85,55,17.5,70,70400,20261003,6.4,4.2,-7.9,-58,-1.3,5.9,39.3,52.4,0,0,false,24.1,3.99,above,-14.8,0.66,68464,75580,-29.31,28.6,0.84,-31.28,67.28,9681,7.27,9.63,-24.5,68464,67060,75580,78980,1.55,توزیع: ورود حقیقی با سرانه خرید ضعیف (0.77 در ۲۰ روز) | 188٪ بالای کف ۵۲ هفته | شناوری کم (12٪)
انتخاب,گروه انتخاب الکترونیک آرمان,ماشین آلات و تجهیزات,58.3,زیر نظر,100,65,24,37,2440,20261003,0.1,10.8,75.3,25.1,0.3,22.7,96,61.8,3,0,false,57.9,3.36,above,-7.4,0.9,2287,2547,-30.27,-91.38,1.16,4.46,59.89,271,9,9.66,-6.8,2358,2246,2547,2635,0.55,خروج مستمر پول حقیقی | 96٪ بالای MA200 | حد ضرر دور (8.0٪)
فهامون,آلیاژ گستر هامون,فلزات اساسی,58.3,زیر نظر,85,30,50,57,4730,20261003,-0.4,2.6,10.9,-39.3,-4.6,2.9,,45.6,4,1,false,25.6,3.39,above,-14.6,1.08,4638,4961,-15.39,7.77,2.57,51.29,25.04,596,7.94,8.05,-1.4,4638,4558,4961,5234,1.34,صف فروش در ۵ روز اخیر
کازرو,پتروشیمی کازرون,محصولات شیمیایی,58.3,زیر نظر,100,70,87,10,14830,20261003,13.5,44.5,97,46.9,21.9,46.6,80.9,98.1,20,0,true,81.8,2.33,above,-1.9,0.2,14176,15745,0,20.6,5.01,1.38,1.63,,,,,14484,14003,15745,16212,1.11,نقدشوندگی پایین | اشباع خرید | فاصله زیاد از MA20 | بدون EPS مثبت | سهم صفی: 20 روز از ۲۰ روز در صف (ریسک نقدشوندگی و اجرای حد ضرر) | رشد عمودی (97٪ در ۶۰ روز، 47٪ بالای MA50) | 81٪ بالای MA200 | نقدشوندگی کمتر از ۱۰ میلیارد تومان
کرماشا,صنایع پتروشیمی کرمانشاه,محصولات شیمیایی,58.2,زیر نظر,90,45,28.8,60,28110,20261003,0.6,5.6,10.6,-39.6,-3.4,9.8,55.8,50.8,2,0,false,40.8,3.28,above,-13.5,0.5,27765,29000,-2.89,135.79,0.91,-50.61,97.84,3386,8.3,9.63,-13.8,27765,27304,29000,32490,1.1,توزیع: ورود حقیقی با سرانه خرید ضعیف (0.74 در ۲۰ روز) | 56٪ بالای MA200
کیسون,شرکت کیسون,خدمات فنی و مهندسی,58.2,زیر نظر,85,40,62.8,36,1806,20261003,3.5,3.2,22.8,-27.4,-3.3,5.7,11.5,49.9,2,0,false,20.2,3.75,above,-40.5,1.1,1755,1881,11.33,23.9,1.03,0.3,29.74,166,10.88,2.41,351.4,1755,1721,1881,1944,0.89,
فباهنر,مس‌ شهیدباهنر,فلزات اساسی,58.1,زیر نظر,85,55,26.5,60,12670,20261003,7.1,6.6,32.8,-17.3,-0.8,11.4,50,56.2,3,0,false,26.2,3.31,above,-10.2,0.98,11660,14110,28.35,-72.93,0.78,-107.83,95.78,1069,11.85,13.48,-12.1,12251,11622,14110,14949,1.37,50٪ بالای MA200 | سرانه خرید ضعیف (0.78) | حد ضرر دور (8.3٪)
رایا,بیمه اتکایی رایا,بیمه وصندوق بازنشستگی به جزتامین اجتماعی,58.1,زیر نظر,100,75,2.5,50,6030,20261003,4.5,29.1,168.7,118.5,12.7,29.8,,76.3,4,1,true,68.1,2.97,above,-4.7,1.2,5040,,-4.76,-12.46,0.57,-28.62,11.07,1471,4.1,,,5851,5672,6566,6924,1.5,واگرایی منفی RSI | خروج مستمر پول حقیقی | رشد عمودی (169٪ در ۶۰ روز، 30٪ بالای MA50) | 526٪ بالای کف ۵۲ هفته | سرانه خرید ضعیف (0.57) | واگرایی منفی | صف فروش در ۵ روز اخیر
بهامرز,بیمه زندگی هامرز,بیمه وصندوق بازنشستگی به جزتامین اجتماعی,58.1,زیر نظر,100,70,36.2,20,8480,20261003,14.3,64,143.5,93.4,24.5,64.4,159.6,96.8,17,0,true,78.2,2.64,above,0,1.11,6600,,-4.18,16.15,1.15,-6.17,3.34,253,33.52,,,8256,8032,9151,9599,1.5,اشباع خرید | فاصله زیاد از MA20 | سهم صفی: 17 روز از ۲۰ روز در صف (ریسک نقدشوندگی و اجرای حد ضرر) | رشد عمودی (144٪ در ۶۰ روز، 64٪ بالای MA50) | P/E بالا (34) | 160٪ بالای MA200 | نقدشوندگی کمتر از ۱۰ میلیارد تومان
خپارس,پارس خودرو,خودرو و ساخت قطعات,58,زیر نظر,100,65,50,10,2047,20261003,-0.2,25.5,84.9,34.8,3.6,34.2,104.5,66,9,0,false,59.6,3.34,above,-9.7,1.21,1991,2266,12.24,-22.65,1.12,67.72,82.28,,,,,1991,1957,2266,2403,2.43,بدون EPS مثبت | سهم صفی: 9 روز از ۲۰ روز در صف (ریسک نقدشوندگی و اجرای حد ضرر) | رشد عمودی (85٪ در ۶۰ روز، 34٪ بالای MA50) | 104٪ بالای MA200
کتوکا,تولیدی و خدمات صنایع نسوز توکا,سایر محصولات کانی غیرفلزی,58,زیر نظر,90,65,22,50,8410,20261003,2.7,17.5,122.3,72.1,-0.4,32.7,101,61.7,8,0,false,71.1,3.28,above,-10,0.96,8180,9340,-1.8,-10.23,3.43,-32.83,33.64,983,8.56,10.33,-17.2,8180,8042,9340,9891,2.53,سهم صفی: 8 روز از ۲۰ روز در صف (ریسک نقدشوندگی و اجرای حد ضرر) | رشد عمودی (122٪ در ۶۰ روز، 33٪ بالای MA50) | 101٪ بالای MA200
شملی,ملی شیمی کشاورز,محصولات شیمیایی,58,زیر نظر,100,70,32,24,11840,20261003,15.5,36.9,142.1,92,16.8,48.6,138.3,84.4,9,0,true,67.8,2.82,above,-0.1,1.28,10530,,-13.71,-26.65,1.97,-15.7,26.71,1215,9.74,8.01,21.7,11506,11171,12843,13512,1.5,اشباع خرید | فاصله زیاد از MA20 | سهم صفی: 9 روز از ۲۰ روز در صف (ریسک نقدشوندگی و اجرای حد ضرر) | رشد عمودی (142٪ در ۶۰ روز، 49٪ بالای MA50) | 138٪ بالای MA200
بازرگام,پست پیشگامان,اطلاعات و ارتباطات,58,زیر نظر,100,60,58.9,25,5710,20260930,9,33.1,69,18.9,17.7,39.1,56.5,87.6,5,0,true,54.3,2.9,above,-0.2,0.87,5339,,14.22,112.9,0.99,-5.48,27.77,341,16.74,,,5544,5296,6207,6539,1.2,اشباع خرید | فاصله زیاد از MA20 | رشد عمودی (69٪ در ۶۰ روز، 39٪ بالای MA50) | 57٪ بالای MA200 | حد ضرر دور (7.3٪) | آخرین معامله 20260930 (متوقف یا کم‌معامله)
غشان,شیرپاستوریزه‌پگاه‌خراسان‌,محصولات غذایی و آشامیدنی به جز قند و شکر,57.9,زیر نظر,100,70,46.5,9,20950,20261003,13.7,45.2,154.2,104.1,20.3,42.3,198,85.4,4,0,true,67.8,2.77,above,-1.7,0.85,18200,,9.51,13.96,0.92,-17.94,18.12,1497,13.99,8.53,64.1,20371,19791,22688,23847,1.5,واگرایی منفی RSI | اشباع خرید | فاصله زیاد از MA20 | رشد عمودی (154٪ در ۶۰ روز، 42٪ بالای MA50) | 198٪ بالای MA200 | واگرایی منفی
وآفر,سرمایه گذاری ارزش آفرینان,سرمایه گذاریها,57.8,زیر نظر,100,70,65.4,30,12720,20261003,2.5,6.4,19.7,-30.5,4.9,16.3,18.7,64.6,0,0,true,46.3,3.68,above,-20.5,1.18,12463,13150,0.54,0.86,1.09,0.54,2.63,369,34.47,,,12463,12229,13150,16000,0.88,نقدشوندگی پایین | P/E بالا (34) | نقدشوندگی کمتر از ۱۰ میلیارد تومان
حتوکا,حمل‌ونقل‌توکا,حمل ونقل، انبارداری و ارتباطات,57.8,زیر نظر,100,55,5.1,62,2629,20261003,2.6,12.7,32.1,-18,0.8,14.4,35.3,57.5,0,0,false,43.1,3.89,above,-7.4,0.7,2576,2840,-10.96,-28.01,0.94,-4.1,12.11,320,8.22,19.33,-57.5,2576,2525,2840,3044,2.03,واگرایی منفی RSI | خروج مستمر پول حقیقی | واگرایی منفی
وحافظ,بیمه حافظ,بیمه وصندوق بازنشستگی به جزتامین اجتماعی,57.5,زیر نظر,49,80,55,52,2369,20261003,1.1,5.1,-16.4,-66.5,1.4,3.3,-7.7,53.6,0,0,true,13.7,3.79,inside,-32.4,0.94,2335,2409,4.21,8.64,0.88,-2.42,7.43,199,11.9,,,2335,2290,2409,2462,0.51,بدون روند (ADX پایین) | توزیع: ورود حقیقی با سرانه خرید ضعیف (0.87 در ۲۰ روز) | نقدشوندگی کمتر از ۱۰ میلیارد تومان
بتیس,بیمه زندگی ایساتیس,بیمه وصندوق بازنشستگی به جزتامین اجتماعی,57.4,زیر نظر,90,75,29.6,32,3510,20261003,1.2,7.3,94.2,44.1,-1.7,10.4,,54.6,1,0,false,42.6,3.72,above,-8.8,0.74,3445,3825,-2.02,-9.32,1.3,2.3,4.5,385,9.12,,,3445,3380,3825,4086,2.42,خروج مستمر پول حقیقی | نقدشوندگی کمتر از ۱۰ میلیارد تومان
خودرو,ایران‌ خودرو,خودرو و ساخت قطعات,57.3,زیر نظر,85,45,81.4,10,706,20261003,9,0,31,-19.2,-0.8,8.6,27.2,55.5,1,0,false,23.1,3.41,above,-10.2,1.21,674,730,575.66,126.11,1.36,593.28,558.79,,,,,682,662,730,786,0.54,واگرایی منفی RSI | بدون EPS مثبت | توزیع: ورود حقیقی با سرانه خرید ضعیف (0.74 در ۲۰ روز) | واگرایی منفی
فافق,صنایع مس افق کرمان,فلزات اساسی,57.3,زیر نظر,100,75,7.3,42,15370,20261003,7.2,17.6,60.2,10.1,2.9,16.7,87.3,63.4,5,0,false,40.6,3.5,above,-7.1,1,13885,16540,-1.08,-5.56,1.05,-1.58,9.1,2178,7.06,,,14832,14026,16540,17616,0.87,واگرایی منفی RSI | 87٪ بالای MA200 | واگرایی منفی | حد ضرر دور (8.7٪) | نقدشوندگی کمتر از ۱۰ میلیارد تومان
بهپاک,صنعتی بهپاک,محصولات غذایی و آشامیدنی به جز قند و شکر,57.3,زیر نظر,73,30,27.5,90,16020,20261003,5.5,-3.1,17.9,-32.3,-3.3,2.7,71.4,49.7,2,0,false,16.7,3.52,above,-12.7,0.82,15700,16300,2.07,-22.67,0.77,-16.8,29.01,3539,4.53,7.05,-35.8,15700,15418,16300,18360,0.47,71٪ بالای MA200 | سرانه خرید ضعیف (0.77)
داوه,داروسازی آوه سینا,مواد و محصولات دارویی,57.3,زیر نظر,100,70,49,4,15510,20261003,15.1,35.1,228.3,178.2,16,52.8,189.6,84.3,14,0,true,72.3,2.66,above,0,0.91,13840,,-36.37,36.47,4.81,-58.88,31.19,760,20.41,8.86,130.3,15098,14686,16746,17570,1.5,اشباع خرید | فاصله زیاد از MA20 | سهم صفی: 14 روز از ۲۰ روز در صف (ریسک نقدشوندگی و اجرای حد ضرر) | رشد عمودی (228٪ در ۶۰ روز، 53٪ بالای MA50) | 190٪ بالای MA200
خوساز,محورسازان‌ایران‌خودرو,خودرو و ساخت قطعات,57.1,زیر نظر,95,55,60.5,10,19840,20261003,11.3,4,27.5,-22.6,4,15,27.8,63.7,0,0,false,24,3.45,above,-5.3,0.93,19350,20950,0.27,-1.04,1.65,8.95,4.98,,,,,19350,19008,20950,22318,1.33,بدون EPS مثبت | نقدشوندگی کمتر از ۱۰ میلیارد تومان
وپترو,سرمایه‌گذاری صنایع پتروشیمی‌,محصولات شیمیایی,57,زیر نظر,90,65,21,47,77040,20261003,-3.2,3.4,88.7,38.5,-5.4,24.8,81.1,53.9,11,3,false,55.4,3.58,above,-13.4,0.49,75460,84400,-16.18,-222.58,2.35,-34.19,50.76,7753,9.94,9.63,3.2,75460,74080,84400,88910,2.49,خروج مستمر پول حقیقی | سهم صفی: 11 روز از ۲۰ روز در صف (ریسک نقدشوندگی و اجرای حد ضرر) | 81٪ بالای MA200 | صف فروش در ۵ روز اخیر
تملت,تامین سرمایه بانک ملت,فعالیتهای کمکی به نهادهای مالی واسط,57,زیر نظر,100,55,36,68,2231,20261003,4,8.3,31.2,-19,3.4,14.6,52.4,69.6,0,0,false,42.5,2.83,above,-3.1,1.04,2183,,-2.66,-10.84,1.94,3.18,1.81,517,4.32,5.92,-27.1,2183,2151,2421,2547,2.37,نقدشوندگی پایین | خروج مستمر پول حقیقی | 52٪ بالای MA200 | نقدشوندگی کمتر از ۱۰ میلیارد تومان | شناوری کم (4٪)
ولصنم,لیزینگ‌صنعت‌ومعدن‌,سایر واسطه گریهای مالی,56.9,زیر نظر,90,45,46.5,37,3150,20261003,1,10.1,22.4,-27.8,-1.3,11.8,17.4,54.5,0,0,false,37,3.58,above,-9.7,0.49,3050,3273,0.13,-45.12,1.73,-0.24,7.77,305,10.33,9.94,3.9,3050,2994,3273,3490,0.79,خروج مستمر پول حقیقی | نقدشوندگی کمتر از ۱۰ میلیارد تومان
بکام,کارخانجات تولیدی شهید قندی,ماشین آلات و دستگاه‌های برقی,56.8,زیر نظر,85,55,67.1,14,3260,20261003,2.8,5.8,39.1,-11.1,-3.6,10.1,35,50.6,5,0,false,35.1,3.56,above,-14.4,0.94,3170,3380,1.75,23.77,1.4,-12,16.16,24,135.83,6.15,2108.7,3170,3112,3380,3810,0.81,واگرایی منفی RSI | P/E بالا (136) | توزیع: ورود حقیقی با سرانه خرید ضعیف (0.86 در ۲۰ روز) | واگرایی منفی
دماوند,تولید نیروی برق دماوند,عرضه برق، گاز، بخاروآب گرم,56.7,زیر نظر,85,30,40.9,60,13110,20261003,-1.6,1.8,30.4,-19.8,-3.5,5.6,40.6,49.1,1,0,false,22.5,3.12,above,-10.5,0.67,12760,13717,-11.79,0.53,1.22,0.6,18.36,1503,8.72,10.04,-13.1,12760,12556,13717,14650,1.09,
زمگسا,کشاورزی‌ ودامپروی‌ مگسال‌,زراعت و خدمات وابسته,56.7,زیر نظر,100,73,32.5,16,108900,20261003,15.6,23.1,41.5,-8.6,13,22.3,79.1,70.5,6,0,true,26.6,3.03,above,-0.2,1.53,105920,,-26.37,-10.62,16.63,-18.22,12.63,12169,8.95,6.33,41.4,105920,104270,118798,125397,2.14,واگرایی منفی RSI | سهم صفی: 6 روز از ۲۰ روز در صف (ریسک نقدشوندگی و اجرای حد ضرر) | 79٪ بالای MA200 | واگرایی منفی
ساراب,سیمان‌ داراب‌,سیمان، آهک و گچ,56.6,زیر نظر,90,75,1.5,57,17540,20261003,-0.2,4.2,66.5,16.4,-5,6.2,44.8,50.3,7,0,false,30.3,2.93,above,-15.1,0.56,14873,20660,-0.63,-13.5,0.58,-5.58,4.82,2361,7.43,7.14,4,17026,16513,20660,21687,3.04,خروج مستمر پول حقیقی | سهم صفی: 7 روز از ۲۰ روز در صف (ریسک نقدشوندگی و اجرای حد ضرر) | سرانه خرید ضعیف (0.58) | نقدشوندگی کمتر از ۱۰ میلیارد تومان
گوهران,سرمایه گذاری توسعه گوهران امید,سرمایه گذاریها,56.6,زیر نظر,100,70,53.2,37,6870,20261003,6.7,13.4,72.6,22.5,7.5,14.8,70.4,81.6,0,0,true,41.3,2.47,above,-0.9,0.68,6760,,1.32,-11.56,1.21,0.58,2.02,725,9.48,8.73,8.5,6760,6675,7378,7717,2.61,نقدشوندگی پایین | واگرایی منفی RSI | اشباع خرید | خروج مستمر پول حقیقی | 70٪ بالای MA200 | واگرایی منفی | نقدشوندگی کمتر از ۱۰ میلیارد تومان
ثپردیس,سرمایه گذاری مسکن پردیس,انبوه سازی، املاک و مستغلات,56.5,زیر نظر,90,65,52,14,4470,20261003,-7.5,12.9,50.7,0.5,-3.4,9.9,48.5,50.1,5,1,false,56.3,3.81,above,-14,0.97,4370,5200,0.17,105.62,0.6,-35.45,22.7,117,38.21,23.59,62,4370,4285,5200,5540,3.94,P/E بالا (38) | سرانه خرید ضعیف (0.60) | صف فروش در ۵ روز اخیر
شفن,پتروشیمی فناوران,محصولات شیمیایی,56.5,زیر نظر,100,85,33.9,4,7790,20261003,7.3,40.1,100.1,50,10.5,33.9,61,72.8,4,1,true,60.9,2.92,above,-3.7,0.94,7430,,-25.99,79.82,1.06,-17.95,33.53,284,27.43,9.63,184.8,7563,7316,8472,8927,1.44,رشد عمودی (100٪ در ۶۰ روز، 34٪ بالای MA50) | 61٪ بالای MA200 | صف فروش در ۵ روز اخیر
کفرا,فراورده‌ های‌ نسوزایران‌,سایر محصولات کانی غیرفلزی,56.4,زیر نظر,100,60,47.5,10,4920,20261003,15,13.6,189.4,139.3,6.3,32.7,160,70.6,13,0,false,53.2,2.7,above,-4.1,1.11,4210,5130,0.23,-49.38,5.34,-32.37,20.08,,,12.75,,4787,4654,5130,5396,0.79,خروج مستمر پول حقیقی | بدون EPS مثبت | سهم صفی: 13 روز از ۲۰ روز در صف (ریسک نقدشوندگی و اجرای حد ضرر) | رشد عمودی (189٪ در ۶۰ روز، 33٪ بالای MA50) | 160٪ بالای MA200
تکمبا,کمباین‌ سازی‌ ایران‌,ماشین آلات و تجهیزات,56.2,زیر نظر,95,55,40.6,26,8720,20261003,6.6,13.2,35.6,-14.5,0.4,12,38.6,57.5,4,0,false,38.4,3.72,above,-11.8,0.95,8600,9890,-1.06,0.86,1.18,0.67,5.52,809,10.78,5.15,109.3,8600,8438,9890,10538,4.15,نقدشوندگی کمتر از ۱۰ میلیارد تومان
زکوثر,سرمایه گذاری کشاورزی کوثر,زراعت و خدمات وابسته,56.1,زیر نظر,95,100,21.5,9,92740,20261003,9.2,11,123.8,73.6,7.9,22.4,107.1,68.6,4,0,true,41.2,3.17,above,-3,1.19,90600,,-31.86,-98.87,11.65,-36.37,26.1,6364,14.57,6.33,130.2,90600,89128,101569,107456,2.44,واگرایی منفی RSI | خروج مستمر پول حقیقی | رشد عمودی (124٪ در ۶۰ روز، 22٪ بالای MA50) | 107٪ بالای MA200 | واگرایی منفی
سلیم,سرمایه گذاری سلیم,سرمایه گذاریها,56.1,زیر نظر,95,55,29.5,37,1384,20261003,7.5,4.1,26.9,-23.2,1,6,25.1,56,0,0,false,26.5,3.57,above,-7.2,0.94,1309,1491,-10.44,-22.49,1.36,8.31,10.67,146,9.48,8.73,8.6,1335,1284,1491,1590,1.07,واگرایی منفی RSI | خروج مستمر پول حقیقی | واگرایی منفی | حد ضرر دور (7.2٪)
فاذر,صنایع‌ آذرآب‌,ساخت محصولات فلزی,56,زیر نظر,95,75,46,4,1743,20261003,15.4,22.6,108,57.9,8.3,20.9,68,67.1,7,0,false,30.6,3.27,above,-3,1.22,1638,1796,-2.4,-17.6,4.35,8.33,35.62,60,29.05,7.54,285.3,1686,1610,1796,1910,0.4,سهم صفی: 7 روز از ۲۰ روز در صف (ریسک نقدشوندگی و اجرای حد ضرر) | رشد عمودی (108٪ در ۶۰ روز، 21٪ بالای MA50) | 68٪ بالای MA200 | حد ضرر دور (7.7٪)
همراه,شرکت ارتباطات سیار ایران,مخابرات,55.9,زیر نظر,95,75,12.6,37,9770,20261003,2.2,2.6,93.8,43.7,0.2,14.2,87.4,58.1,0,0,false,31.6,3.47,above,-7.5,0.85,9300,10495,-26.97,-171.86,1.26,-21.15,36.2,1086,9,8.37,7.5,9431,9130,10495,11173,1.13,واگرایی منفی RSI | خروج مستمر پول حقیقی | 87٪ بالای MA200 | واگرایی منفی | شناوری کم (11٪)
فاهواز,نورد و لوله اهواز,فلزات اساسی,55.8,زیر نظر,95,40,35,42,7280,20261003,1.5,0.2,13.3,-36.8,0.9,3.9,12,70.8,4,1,false,27.5,1.35,above,-5,0.46,7082,7373,0,-1.07,4.07,3.72,3.38,1119,6.51,,,7182,7034,7373,7666,0.38,نقدشوندگی کمتر از ۱۰ میلیارد تومان | صف فروش در ۵ روز اخیر
شپترو,پتروشیمی آبادان,محصولات شیمیایی,55.7,زیر نظر,100,65,40.6,10,2873,20261003,0.9,34.1,77.3,27.2,6.2,33.8,97.1,68.4,10,0,false,63,2.98,above,-5.5,1.5,2763,3040,0.53,-3.61,0.92,-17,15.33,,,,,2788,2720,3040,3211,1.09,بدون EPS مثبت | سهم صفی: 10 روز از ۲۰ روز در صف (ریسک نقدشوندگی و اجرای حد ضرر) | رشد عمودی (77٪ در ۶۰ روز، 34٪ بالای MA50) | 97٪ بالای MA200
ددام,داروسازی زاگرس فارمد پارس,مواد و محصولات دارویی,55.5,زیر نظر,90,75,27,27,12990,20261003,4.9,6.3,93.6,43.4,-2.8,27,97.5,59.7,6,0,false,50.1,3.89,above,-13.3,1.16,12250,14980,1.81,-55.1,0.82,-17.21,23.24,887,14.64,12.91,13.4,12484,11997,14980,15992,2,خروج مستمر پول حقیقی | سهم صفی: 6 روز از ۲۰ روز در صف (ریسک نقدشوندگی و اجرای حد ضرر) | 98٪ بالای MA200 | حد ضرر دور (7.6٪)
ثنام,س ساختمانی ب نام آوران مهندسی,انبوه سازی، املاک و مستغلات,55.5,زیر نظر,100,75,72,10,2330,20261003,3.7,23.5,69.8,19.7,8.8,26.2,67,77.6,2,0,true,59.1,3.77,above,-3.1,1.52,2242,,0.86,-9.23,2,5.97,2.73,,,,,2242,2198,2594,2770,2,نقدشوندگی پایین | خروج مستمر پول حقیقی | بدون EPS مثبت | 67٪ بالای MA200 | نقدشوندگی کمتر از ۱۰ میلیارد تومان
لازما,کارخانه های صنعتی آزمایش,ماشین آلات و تجهیزات,55.5,زیر نظر,100,60,34,20,210500,20261003,9.1,35.5,188.9,138.8,10.7,48.1,148.5,79.6,11,0,false,71.9,3.17,above,-1.8,1.1,187300,214400,-11,-47.57,1.54,0.89,9.81,4652,45.25,,,203832,197164,214400,227736,0.29,اشباع خرید | خروج مستمر پول حقیقی | سهم صفی: 11 روز از ۲۰ روز در صف (ریسک نقدشوندگی و اجرای حد ضرر) | رشد عمودی (189٪ در ۶۰ روز، 48٪ بالای MA50) | P/E بالا (45) | 148٪ بالای MA200 | نقدشوندگی کمتر از ۱۰ میلیارد تومان
فالوم,آلومتک,فلزات اساسی,55.5,زیر نظر,90,63,53.5,10,1494,20261003,-3.7,40.7,41.6,-8.6,10.2,31.3,30.3,70.5,12,2,true,45.1,2.74,above,-24.9,1.79,1433,1551,1.88,21.52,0.57,-32.58,13.07,,,8.05,,1453,1412,1551,1848,0.7,بدون EPS مثبت | سهم صفی: 12 روز از ۲۰ روز در صف (ریسک نقدشوندگی و اجرای حد ضرر) | رشد عمودی (42٪ در ۶۰ روز، 31٪ بالای MA50) | توزیع: ورود حقیقی با سرانه خرید ضعیف (0.73 در ۲۰ روز) | سرانه خرید ضعیف (0.57) | صف فروش در ۵ روز اخیر
ستران,سیمان‌ تهران‌,سیمان، آهک و گچ,55.4,زیر نظر,95,80,9.8,34,15200,20261003,13.9,6.3,19.3,-30.8,4.8,17.2,60.5,66.6,5,0,true,28.7,3.6,above,-5.4,1.01,13141,16070,-71.93,-48.95,1.13,-23.59,38.35,1902,7.99,7.14,11.9,14653,14107,16070,17163,0.8,خروج مستمر پول حقیقی | 61٪ بالای MA200 | حد ضرر دور (7.2٪)
فجهان,جهان فولاد سیرجان,فلزات اساسی,55.4,زیر نظر,100,45,61.5,4,3490,20261003,13.3,34.6,97.4,47.3,11.8,45.5,92.4,81.1,8,0,false,61.8,2.99,above,0,0.65,3390,,12.67,-21.06,3.09,49.48,34.17,171,20.41,8.05,153.5,3390,3338,3803,4011,2.06,اشباع خرید | سهم صفی: 8 روز از ۲۰ روز در صف (ریسک نقدشوندگی و اجرای حد ضرر) | رشد عمودی (97٪ در ۶۰ روز، 45٪ بالای MA50) | 92٪ بالای MA200
واتی,سرمایه‌ گذاری‌ آتیه‌ دماوند,سرمایه گذاریها,55.4,زیر نظر,95,88,28,9,7490,20261003,0.9,2.7,40.8,-9.4,3.6,10.4,47.3,57.9,1,0,true,27.4,3.57,above,-6.1,1.39,7120,7660,-12.64,25.63,0.78,-29.65,27.11,537,13.95,7.13,95.6,7222,6986,7660,7980,0.34,توزیع: ورود حقیقی با سرانه خرید ضعیف (0.70 در ۲۰ روز) | سرانه خرید ضعیف (0.78)
وغدیر,سرمایه‌گذاری‌غدیر(هلدینگ‌,شرکتهای چند رشته ای صنعتی,55.3,زیر نظر,100,75,4.2,37,22340,20261003,9.9,16.5,54.4,4.2,5.3,20.2,66.9,66.6,0,0,false,34.8,3.31,above,-2.4,0.63,20260,22890,-55.69,-122.13,0.93,-47.59,190.24,1940,11.52,10.88,5.8,21600,20491,22890,24369,0.3,واگرایی منفی RSI | 67٪ بالای MA200 | واگرایی منفی | حد ضرر دور (8.3٪)
کیانا,گروه مالی کیان,سرمایه گذاریها,55.3,زیر نظر,65,50,77,26,7570,20261003,3.8,-3.6,65.9,15.8,-6.4,8.8,105.4,49.3,2,0,false,39.7,3.4,above,-17.9,0.76,7150,7710,1.09,4.65,2.71,10.2,5.59,804,9.42,7.13,32.1,7313,7021,7710,8280,0.26,واگرایی منفی RSI | 105٪ بالای MA200 | واگرایی منفی | حد ضرر دور (7.2٪) | نقدشوندگی کمتر از ۱۰ میلیارد تومان | شناوری کم (9٪)
وسین,بیمه سینا,بیمه وصندوق بازنشستگی به جزتامین اجتماعی,55.3,زیر نظر,100,60,63,10,3720,20260927,9.1,53.8,181.6,131.5,18,74.6,146.4,86.5,11,1,true,85.7,2.68,above,-2.6,0.7,2119,,15.66,-0.52,4.71,10.01,15.28,,,,,3620,3520,4020,4219,1.5,اشباع خرید | فاصله زیاد از MA20 | بدون EPS مثبت | سهم صفی: 11 روز از ۲۰ روز در صف (ریسک نقدشوندگی و اجرای حد ضرر) | رشد عمودی (182٪ در ۶۰ روز، 75٪ بالای MA50) | 146٪ بالای MA200 | صف فروش در ۵ روز اخیر | آخرین معامله 20260927 (متوقف یا کم‌معامله)
فاراک,ماشین‌ سازی‌ اراک‌,ساخت محصولات فلزی,55.2,زیر نظر,85,75,1.7,57,2933,20261003,2.6,2.6,94.6,44.5,-4,9.4,88.5,50.9,2,0,false,39.3,3.89,above,-12.4,1.15,2892,3090,-61.48,-19.47,0.83,-89.85,67.49,423,6.93,7.54,-8,2892,2835,3090,3280,1.6,واگرایی منفی RSI | 88٪ بالای MA200 | واگرایی منفی
فسوژ,سوژمیران,فلزات اساسی,55.1,زیر نظر,100,45,48.5,16,27680,20261003,15.7,35.2,200.4,150.2,13.8,52.3,230.2,85.3,12,0,false,78.5,2.91,above,-0.1,0.69,25920,,46.52,-86.06,5.06,-187.2,110.09,2590,10.69,8.05,32.8,26873,25664,30100,31713,1.2,اشباع خرید | سهم صفی: 12 روز از ۲۰ روز در صف (ریسک نقدشوندگی و اجرای حد ضرر) | رشد عمودی (200٪ در ۶۰ روز، 52٪ بالای MA50) | 230٪ بالای MA200 | حد ضرر دور (7.3٪)
ثشرق,سرمایه گذاری مسکن شمال شرق,انبوه سازی، املاک و مستغلات,55.1,زیر نظر,56,65,77,24,5720,20261003,15.3,36.7,-16.1,-66.2,24.2,12.2,-47.4,72.9,10,0,true,35,2.82,inside,-66.8,0.93,5613,6306,0.01,0.61,3.04,14.98,12.36,238,24.03,6.61,263.6,5613,5533,6306,6433,3.13,فاصله زیاد از MA20 | سهم صفی: 10 روز از ۲۰ روز در صف (ریسک نقدشوندگی و اجرای حد ضرر) | توزیع: ورود حقیقی با سرانه خرید ضعیف (0.82 در ۲۰ روز)
وثخوز,سرمایه گذاری و توسعه خوزستان,انبوه سازی، املاک و مستغلات,54.9,خنثی,49,80,86.9,10,5330,20261003,5.3,1.9,-0.2,-50.3,2.2,4.3,-1.4,53.8,3,1,true,13.2,3.73,inside,-35.4,0.64,5194,5450,2.28,5.39,1.6,3.41,3.03,,,,,5194,5095,5450,5620,0.51,واگرایی منفی RSI | بدون روند (ADX پایین) | بدون EPS مثبت | واگرایی منفی | نقدشوندگی کمتر از ۱۰ میلیارد تومان | صف فروش در ۵ روز اخیر
حگردش,ریل گردش ایرانیان,حمل ونقل، انبارداری و ارتباطات,54.9,خنثی,48,55,77.8,40,2294,20261003,2.4,6.2,8.6,-41.6,-0.6,6.5,-2,52.4,0,0,false,16.2,3.54,above,-32.1,0.92,2266,2346,1.35,7.61,1.25,4.01,5.32,68,33.74,,,2266,2225,2346,2414,0.76,واگرایی منفی RSI | P/E بالا (34) | واگرایی منفی | نقدشوندگی کمتر از ۱۰ میلیارد تومان
بکابل,سیم و کابل ابهر,ماشین آلات و دستگاه‌های برقی,54.8,خنثی,65,40,52,57,5680,20261003,2.9,0.2,17.4,-32.8,-1.9,4.4,26.2,49.5,1,0,false,19.8,3.68,above,-12.2,0.79,5461,5850,6.62,50.35,0.8,-9.47,16.1,1041,5.46,5.95,-8.3,5471,5357,5850,6240,0.53,توزیع: ورود حقیقی با سرانه خرید ضعیف (0.71 در ۲۰ روز) | سرانه خرید ضعیف (0.80)
سکرد,سیمان کردستان,سیمان، آهک و گچ,54.8,خنثی,90,45,18,57,15380,20261003,1.5,14.3,27.6,-22.5,-0.3,9.8,49.6,55.3,4,0,false,33.9,3.36,above,-11.1,1.16,14635,17300,-8.64,7.08,0.62,-21.4,9.04,2014,7.64,7.14,7,14864,14377,17300,18332,1.91,توزیع: ورود حقیقی با سرانه خرید ضعیف (0.83 در ۲۰ روز) | 161٪ بالای کف ۵۲ هفته | سرانه خرید ضعیف (0.62) | نقدشوندگی کمتر از ۱۰ میلیارد تومان | شناوری کم (14٪)
فروژ,صنایع فروآلیاژ ایران,فلزات اساسی,54.8,خنثی,100,60,47,4,2218,20261003,9.7,64.5,152,101.9,23.4,57.6,113.2,91,14,1,true,79.1,2.71,above,-2.5,1.44,1426,,-8.58,-31.71,10.47,9.53,12.59,46,48.22,8.05,499,2158,2098,2398,2518,1.5,اشباع خرید | فاصله زیاد از MA20 | خروج مستمر پول حقیقی | سهم صفی: 14 روز از ۲۰ روز در صف (ریسک نقدشوندگی و اجرای حد ضرر) | رشد عمودی (152٪ در ۶۰ روز، 58٪ بالای MA50) | P/E بالا (48) | 113٪ بالای MA200 | صف فروش در ۵ روز اخیر
کترام,تولیدی‌ کاشی‌ تکسرام‌,کاشی و سرامیک,54.6,خنثی,85,55,68.6,4,3510,20261003,7.7,0.9,28.6,-21.5,-0.7,8.1,46,55.5,1,0,false,27.5,4,above,-9.8,0.96,3365,3650,1.59,1.73,1.28,3.86,5.58,18,195,7.65,2449,3370,3295,3650,3890,0.65,واگرایی منفی RSI | P/E بالا (195) | واگرایی منفی | نقدشوندگی کمتر از ۱۰ میلیارد تومان
شلرد,کود شیمیایی اوره لردگان,محصولات شیمیایی,54.6,خنثی,100,63,38.1,10,3740,20261003,5.1,49.2,44,-6.1,14.6,41.4,109.3,79.6,12,1,true,52.5,2.93,above,-5.6,0.91,3160,,-5.38,161.51,1.19,-47.13,52.35,,,,,3631,3521,4068,4287,1.5,اشباع خرید | بدون EPS مثبت | سهم صفی: 12 روز از ۲۰ روز در صف (ریسک نقدشوندگی و اجرای حد ضرر) | رشد عمودی (44٪ در ۶۰ روز، 41٪ بالای MA50) | 109٪ بالای MA200 | صف فروش در ۵ روز اخیر
آریا,پلیمر آریا ساسول,محصولات شیمیایی,54.6,خنثی,100,60,26.5,24,49100,20261003,4.6,50.4,51.5,1.4,16.9,41.7,55.9,84.5,4,0,true,64.4,3.16,above,-4.4,1.19,42434,,-181.06,60.8,1.18,-133.05,102.25,4878,10.07,8.01,25.7,47547,45993,53760,56867,1.5,اشباع خرید | فاصله زیاد از MA20 | رشد عمودی (52٪ در ۶۰ روز، 42٪ بالای MA50) | 56٪ بالای MA200
خگستر,گسترش‌سرمایه‌گذاری‌ایران‌خودرو,خودرو و ساخت قطعات,54.6,خنثی,85,55,52.5,20,4050,20261003,8.3,1,23.5,-26.7,-1.1,10.7,34.7,55.5,3,0,false,28,3.61,above,-9.8,1.14,3850,4170,-27.5,33.69,1.92,170.63,190.08,88,46.02,,,3904,3777,4170,4490,0.44,واگرایی منفی RSI | P/E بالا (46) | واگرایی منفی
وثنو,سرمایه گذاری ساختمانی نوین,سرمایه گذاریها,54.6,خنثی,100,65,27.5,19,6810,20261003,-7.5,19.7,115.5,65.4,4.5,25.8,101.6,62.1,10,3,false,69.2,3.18,above,-10.3,0.67,6000,7590,-10.94,15.04,0.37,-28.43,13.75,540,12.61,8.73,44.5,6593,6376,7590,8024,1.8,سهم صفی: 10 روز از ۲۰ روز در صف (ریسک نقدشوندگی و اجرای حد ضرر) | رشد عمودی (116٪ در ۶۰ روز، 26٪ بالای MA50) | توزیع: ورود حقیقی با سرانه خرید ضعیف (0.76 در ۲۰ روز) | 102٪ بالای MA200 | سرانه خرید ضعیف (0.37) | صف فروش در ۵ روز اخیر
وتوسکا,سرمایه گذاری توسعه توکا,سرمایه گذاریها,54.6,خنثی,90,35,87.5,35,1657,20261003,1.3,-1.5,24,-26.2,-1.9,8,24.9,50.2,5,1,false,30.2,3.47,above,-11.2,0.78,1634,1785,0.87,1.8,2.56,2.5,1.37,100,16.57,,,1634,1605,1785,1866,2.48,نقدشوندگی پایین | واگرایی منفی RSI | واگرایی منفی | نقدشوندگی کمتر از ۱۰ میلیارد تومان | صف فروش در ۵ روز اخیر
فرآور,فرآوری‌موادمعدنی‌ایران‌,فلزات اساسی,54.6,خنثی,100,40,57.5,9,8300,20261003,4,51,28.3,-21.8,19,39.6,53.5,84.1,14,0,true,49.6,2.78,above,-1.7,1.32,7720,,-7.11,154.96,3.53,-47.47,35.87,456,18.2,13.48,35,8069,7723,8992,9454,1.2,واگرایی منفی RSI | اشباع خرید | فاصله زیاد از MA20 | سهم صفی: 14 روز از ۲۰ روز در صف (ریسک نقدشوندگی و اجرای حد ضرر) | رشد عمودی (28٪ در ۶۰ روز، 40٪ بالای MA50) | 54٪ بالای MA200 | واگرایی منفی
شصفها,پتروشیمی‌ اصفهان‌,محصولات شیمیایی,54.4,خنثی,90,15,87.5,70,3110,20260916,1.3,11.1,14.9,-35.2,3.9,13.6,3.1,94.7,20,0,false,77.9,0.93,above,-26.1,0.15,2919,3565,0.01,0.42,37.25,0.01,0.24,1217,2.56,,,3081,3052,3565,3687,7.84,نقدشوندگی پایین | اشباع خرید | سهم صفی: 20 روز از ۲۰ روز در صف (ریسک نقدشوندگی و اجرای حد ضرر) | نقدشوندگی کمتر از ۱۰ میلیارد تومان | آخرین معامله 20260916 (متوقف یا کم‌معامله)
شهر,گروه مالی شهر,سرمایه گذاریها,54.4,خنثی,100,48,35,24,2435,20261003,3.6,20.6,44.1,-6.1,5.3,19.2,43.4,72.1,0,0,false,53.3,3.37,above,-0.8,0.83,2249,,-12.15,-31.85,1.85,3.03,4.71,291,8.37,7.13,17.4,2353,2230,2681,2846,1.2,خروج مستمر پول حقیقی | حد ضرر دور (8.4٪) | نقدشوندگی کمتر از ۱۰ میلیارد تومان | شناوری کم (7٪)
اعتلا,شرکت سرمایه گذاری اعتلاء البرز,سرمایه گذاریها,54.3,خنثی,85,45,19.3,60,2338,20261003,3.4,-1,37.5,-12.6,-0.7,5.6,40,52.8,0,0,false,25.2,3.43,above,-8.6,0.85,2240,2396,-1.24,2.46,0.91,-2.06,3.97,377,6.2,8.73,-29,2258,2200,2396,2498,0.42,نقدشوندگی کمتر از ۱۰ میلیارد تومان
بموتو,موتوژن‌,ماشین آلات و دستگاه‌های برقی,54.3,خنثی,95,63,18.9,34,3620,20261003,14.2,3.1,47,-3.1,5.2,17.2,62.6,66.7,1,0,false,35.9,3.56,above,-6.9,1.01,3150,3890,-13.46,2.94,0.89,-6.79,11.49,484,7.48,6.15,21.6,3491,3362,3890,4148,1.05,توزیع: ورود حقیقی با سرانه خرید ضعیف (0.72 در ۲۰ روز) | 63٪ بالای MA200 | حد ضرر دور (7.1٪) | شناوری کم (14٪)
ومهان,گروه توسعه مالی مهرآیندگان,سرمایه گذاریها,54.3,خنثی,100,75,21,16,5970,20261003,10.1,7,50.4,0.3,3.6,18,58.5,63.9,6,0,false,31.9,3.04,above,-5.8,0.5,5500,6340,-4.1,-62.82,2.39,-29.35,88.21,532,11.22,7.13,57.4,5788,5516,6340,6703,0.81,واگرایی منفی RSI | سهم صفی: 6 روز از ۲۰ روز در صف (ریسک نقدشوندگی و اجرای حد ضرر) | 59٪ بالای MA200 | واگرایی منفی | حد ضرر دور (7.6٪) | شناوری کم (10٪)
وآفری,بیمه کارآفرین,بیمه وصندوق بازنشستگی به جزتامین اجتماعی,54.3,خنثی,100,70,75,26,10200,20260930,14.7,29.2,105.5,55.4,15.6,44.6,164.3,82.7,6,0,true,63,2.94,above,-0.8,1.1,9091,,4.97,10.24,30.43,-0.75,2.34,1680,6.07,4.59,32.3,9901,9601,11098,11697,1.5,نقدشوندگی پایین | اشباع خرید | فاصله زیاد از MA20 | سهم صفی: 6 روز از ۲۰ روز در صف (ریسک نقدشوندگی و اجرای حد ضرر) | رشد عمودی (106٪ در ۶۰ روز، 45٪ بالای MA50) | توزیع: ورود حقیقی با سرانه خرید ضعیف (0.87 در ۲۰ روز) | 164٪ بالای MA200 | نقدشوندگی کمتر از ۱۰ میلیارد تومان | آخرین معامله 20260930 (متوقف یا کم‌معامله)
ولیز,لیزینگ ایران,سایر واسطه گریهای مالی,54.1,خنثی,100,60,36.5,32,4410,20260930,5.8,43.2,105.5,55.4,14.7,47.5,78.6,82.8,6,0,true,83.7,2.86,above,-3.5,0.83,3260,,-1.98,-3.22,1.87,12.31,6.79,458,9.63,,,4284,4158,4788,5040,1.5,اشباع خرید | سهم صفی: 6 روز از ۲۰ روز در صف (ریسک نقدشوندگی و اجرای حد ضرر) | رشد عمودی (105٪ در ۶۰ روز، 48٪ بالای MA50) | 79٪ بالای MA200 | نقدشوندگی کمتر از ۱۰ میلیارد تومان | آخرین معامله 20260930 (متوقف یا کم‌معامله)
گکیش,توریستی ورفاهی آبادگران کیش,هتل و رستوران,54,خنثی,80,65,88,20,9880,20261003,-0.7,9.2,51.2,1,0.5,5.7,29.2,52.5,2,0,false,18.6,4.32,above,-8.4,1.24,9696,10159,1.77,8.31,1.54,2.74,1.96,60,164.67,,,9696,9483,10159,10581,0.7,نقدشوندگی پایین | P/E بالا (165) | نقدشوندگی کمتر از ۱۰ میلیارد تومان
کمرجان,بازرگانی و تولیدی مرجان کار,سایر محصولات کانی غیرفلزی,54,خنثی,85,55,51,19,4590,20261003,5.3,12.2,3.6,-46.5,-0.1,8.8,35.7,54.4,2,0,false,25.9,3.42,above,-12.9,0.81,4400,5180,0.7,-6.35,1.18,2.32,8.1,299,15.35,10.33,48.6,4433,4322,5180,5268,2.2,نقدشوندگی کمتر از ۱۰ میلیارد تومان
کزغال,زغال سنگ پروده طبس,استخراج زغال سنگ,54,خنثی,95,45,62,4,5960,20261003,9.4,-1.8,24.7,-25.4,1,12.4,42.5,60.2,7,0,false,21,3.57,above,-9.4,0.92,5462,6580,4.12,-3.41,5.94,48.01,27.6,154,38.7,15.48,150,5747,5428,6580,7006,1.16,سهم صفی: 7 روز از ۲۰ روز در صف (ریسک نقدشوندگی و اجرای حد ضرر) | P/E بالا (39) | حد ضرر دور (8.9٪)
وتعاون,بیمه تعاون,بیمه وصندوق بازنشستگی به جزتامین اجتماعی,54,خنثی,100,70,90,10,3148,20260930,15.8,49.8,65.2,15.1,27.3,40.9,58.2,88.5,8,0,true,47.9,2.55,above,-0.1,1.07,2561,,7.49,14.25,22.89,8.04,2.31,,,18.13,,3068,2987,3389,3550,1.5,نقدشوندگی پایین | اشباع خرید | فاصله زیاد از MA20 | بدون EPS مثبت | سهم صفی: 8 روز از ۲۰ روز در صف (ریسک نقدشوندگی و اجرای حد ضرر) | رشد عمودی (65٪ در ۶۰ روز، 41٪ بالای MA50) | 58٪ بالای MA200 | نقدشوندگی کمتر از ۱۰ میلیارد تومان | آخرین معامله 20260930 (متوقف یا کم‌معامله)
شوینده,مدیریت صنعت شوینده ت.ص.بهشهر,محصولات شیمیایی,53.9,خنثی,100,75,31.5,4,45460,20261003,7.6,20.3,65.5,15.3,5.1,12.2,66.2,62.9,7,0,false,30.1,3.36,above,-6.3,1.5,44300,48510,-24.12,-10.54,1.78,-16.69,13.89,1772,25.65,9.63,166.4,44300,43537,48510,51562,1.59,سهم صفی: 7 روز از ۲۰ روز در صف (ریسک نقدشوندگی و اجرای حد ضرر) | 66٪ بالای MA200
ختراک,ریخته‌گری‌ تراکتورسازی‌ ایران‌,خودرو و ساخت قطعات,53.9,خنثی,65,55,51.5,42,1648,20261003,4.4,5,18.1,-32.1,-1.1,3.4,7.1,51,1,0,false,15.3,3.63,above,-14.9,1.12,1611,1679,4.85,14.14,0.78,-7.38,7.55,206,8,,,1611,1581,1679,1718,0.46,واگرایی منفی RSI | توزیع: ورود حقیقی با سرانه خرید ضعیف (0.86 در ۲۰ روز) | سرانه خرید ضعیف (0.78) | واگرایی منفی | نقدشوندگی کمتر از ۱۰ میلیارد تومان
چکارن,کارتن‌ ایران‌,محصولات کاغذی,53.9,خنثی,95,55,35.5,62,4900,20261003,2,7.8,21,-29.2,0.2,9.3,41.3,55.1,0,0,false,25.2,3.39,above,-8.6,0.86,4536,5040,0,-0.01,1.65,2.61,2.2,476,10.29,16.48,-37.5,4734,4485,5040,5359,0.34,نقدشوندگی پایین | واگرایی منفی RSI | واگرایی منفی | حد ضرر دور (8.5٪) | نقدشوندگی کمتر از ۱۰ میلیارد تومان
دپارس,پارس‌ دارو,مواد و محصولات دارویی,53.7,خنثی,73,50,47,40,58390,20261003,0.5,-1.7,57.1,6.9,-3.1,4.4,69.8,49.5,3,0,false,18.8,3.77,above,-11.7,1.42,54410,61235,-26.85,28.9,1.67,-64.72,29.01,4755,12.28,12.91,-4.9,56186,53308,61235,62640,0.56,توزیع: ورود حقیقی با سرانه خرید ضعیف (0.70 در ۲۰ روز) | 70٪ بالای MA200 | حد ضرر دور (8.7٪)
چدن,تولیدی چدن سازان,ساخت محصولات فلزی,53.5,خنثی,100,70,14.2,24,4840,20261003,15,40.7,126.4,76.3,14.9,40.8,145.7,82.5,6,0,true,64,2.83,above,0,1.26,4530,,-153.62,-292.6,0.97,-99.08,43.52,544,8.9,7.54,18,4703,4498,5251,5524,1.2,اشباع خرید | خروج مستمر پول حقیقی | سهم صفی: 6 روز از ۲۰ روز در صف (ریسک نقدشوندگی و اجرای حد ضرر) | رشد عمودی (126٪ در ۶۰ روز، 41٪ بالای MA50) | 146٪ بالای MA200 | حد ضرر دور (7.1٪)
قهکمت,قندهکمتان‌,قند و شکر,53.5,خنثی,95,75,56.1,24,11040,20261003,11.7,6.9,56.3,6.2,3.7,12.9,71.6,62,4,0,false,25.1,3.53,above,-6.1,1.11,10153,11762,3.79,-13.73,1.38,3.66,2.66,1018,10.84,9.8,10.7,10650,10065,11762,12542,0.74,نقدشوندگی پایین | واگرایی منفی RSI | خروج مستمر پول حقیقی | 72٪ بالای MA200 | واگرایی منفی | حد ضرر دور (8.8٪) | نقدشوندگی کمتر از ۱۰ میلیارد تومان
گدنا,تهیه توزیع غذای دنا آفرین فدک,هتل و رستوران,53.5,خنثی,85,40,36,44,6680,20261003,4.5,0.3,25.8,-24.4,-5.1,4.8,25.2,47.4,2,0,false,27.9,3.39,above,-15.4,1.09,6500,7040,-17.51,-20.7,8.44,37.27,17.98,1145,5.83,4.69,24.4,6500,6387,7040,7190,1.23,واگرایی منفی RSI | خروج مستمر پول حقیقی | واگرایی منفی
ولتجار,واسپاری تجارایرانیان,سایر واسطه گریهای مالی,53.5,خنثی,60,55,62,36,3260,20261003,4.8,0.6,38.7,-11.5,-0.7,9,-15.5,54.4,2,0,false,31.6,3.72,above,-48.3,1.68,3130,3450,10.88,11.2,0.77,-8.36,6.6,278,11.73,5.8,102.2,3139,3069,3450,3679,1,واگرایی منفی RSI | توزیع: ورود حقیقی با سرانه خرید ضعیف (0.80 در ۲۰ روز) | سرانه خرید ضعیف (0.77) | واگرایی منفی | نقدشوندگی کمتر از ۱۰ میلیارد تومان
کرمان,س. توسعه و عمران استان کرمان,انبوه سازی، املاک و مستغلات,53.4,خنثی,85,55,53.7,14,1436,20261003,4.7,4.3,28.2,-21.9,-1.7,11.1,34.1,54.5,3,0,false,43.3,3.45,above,-12.4,1.34,1381,1454,16.43,23.81,0.85,-60.33,78.45,2,718,23.59,2943.7,1386,1356,1454,1640,0.23,واگرایی منفی RSI | P/E بالا (718) | توزیع: ورود حقیقی با سرانه خرید ضعیف (0.81 در ۲۰ روز) | واگرایی منفی
وبملت,بانک ملت,بانکها و موسسات اعتباری,53.3,خنثی,73,55,1.5,80,1490,20261003,2.9,0.3,23.7,-26.4,-1.2,7.8,41.8,52.7,1,0,false,16.3,3.29,above,-8.1,0.86,1445,1611,-521.72,-2008.52,0.8,-906.36,1168.37,454,3.28,5.4,-39.2,1445,1421,1611,1708,1.74,واگرایی منفی RSI | خروج مستمر پول حقیقی | سرانه خرید ضعیف (0.80) | واگرایی منفی
سیستم,همکاران سیستم,رایانه و فعالیت‌های وابسته به آن,53.3,خنثی,95,55,12,43,58290,20261003,11.7,3.7,37.3,-12.9,3.6,9.7,58.4,62.5,0,0,false,24.4,3.44,above,-5.6,1.41,53500,61750,-2.83,-5.49,0.73,-6.08,7.11,3654,15.95,18.19,-12.3,56285,53278,61750,65759,0.69,58٪ بالای MA200 | سرانه خرید ضعیف (0.73) | حد ضرر دور (8.6٪) | نقدشوندگی کمتر از ۱۰ میلیارد تومان
گنگین,گروه اقتصادی مالی نگین,شرکتهای چند رشته ای صنعتی,53.3,خنثی,100,35,73,32,18380,20261003,4.7,23.5,62.2,12.1,8,23.9,77.4,88.6,1,0,false,51.5,2.63,above,-0.4,1.76,17760,,1.51,-3.46,2.22,2.44,2.02,1700,10.81,,,17896,17518,19832,20800,1.68,نقدشوندگی پایین | اشباع خرید | خروج مستمر پول حقیقی | 77٪ بالای MA200 | نقدشوندگی کمتر از ۱۰ میلیارد تومان
بجهرم,توسعه مولد نیروگاهی جهرم,عرضه برق، گاز، بخاروآب گرم,53.2,خنثی,85,38,33.4,47,3060,20261003,2.3,-0.3,45.1,-5,-4.1,4.1,48.8,47.8,1,0,false,30.2,3.44,above,-13.1,0.64,2980,3400,-0.06,-48.45,1.48,11.97,27.34,334,9.16,10.04,-8.7,2980,2927,3400,3520,2.56,واگرایی منفی RSI | خروج مستمر پول حقیقی | واگرایی منفی
تپکو,تولیدتجهیزات‌سنگین‌هپکو,ماشین آلات و تجهیزات,53.2,خنثی,90,55,50.8,10,539,20261003,0.4,5.3,33.1,-17.1,-5.3,14.2,30.5,52.2,8,0,false,39.6,3.38,above,-16,1.1,522,556,3.39,15.2,1.13,-3.46,35.84,,,,,522,513,556,642,0.65,بدون EPS مثبت | سهم صفی: 8 روز از ۲۰ روز در صف (ریسک نقدشوندگی و اجرای حد ضرر)
قچار,فراوردههای غذایی وقند چهارمحال,قند و شکر,53.2,خنثی,100,65,3.7,37,5730,20261003,-0.5,15,68.1,17.9,5.3,19.6,83,67.9,2,0,false,62.9,3.72,above,-2.6,1.07,5450,5865,-11.7,-12.23,0.87,-28.69,35.33,655,8.75,9.57,-8.6,5517,5343,5865,6292,0.35,واگرایی منفی RSI | 83٪ بالای MA200 | واگرایی منفی
آبین,کشت و صنعت آبشیرین,زراعت و خدمات وابسته,53,خنثی,100,70,36,20,13970,20260929,15.7,67.7,78.2,28,27,62.6,192.4,96.9,13,0,true,72.2,2.64,above,0,0.69,8305,,-1.84,-4.78,2.41,1.86,6.45,235,59.45,,,13602,13233,15075,15812,1.5,اشباع خرید | فاصله زیاد از MA20 | سهم صفی: 13 روز از ۲۰ روز در صف (ریسک نقدشوندگی و اجرای حد ضرر) | رشد عمودی (78٪ در ۶۰ روز، 63٪ بالای MA50) | P/E بالا (59) | 192٪ بالای MA200 | نقدشوندگی کمتر از ۱۰ میلیارد تومان | واگرایی مثبت RSI | آخرین معامله 20260929 (متوقف یا کم‌معامله)
کماسه,تامین‌ ماسه‌ ریخته‌گری‌,استخراج سایر معادن,53,خنثی,100,60,39,25,5730,20260930,4.8,26.5,122.7,72.6,5.7,38.4,101.6,71.1,9,1,false,67.3,3.17,above,-5.9,1.46,5170,6090,-2.04,6.74,1.28,-3.85,41.17,209,27.42,26.17,4.8,5548,5367,6090,6453,0.99,سهم صفی: 9 روز از ۲۰ روز در صف (ریسک نقدشوندگی و اجرای حد ضرر) | رشد عمودی (123٪ در ۶۰ روز، 38٪ بالای MA50) | 102٪ بالای MA200 | صف فروش در ۵ روز اخیر | آخرین معامله 20260930 (متوقف یا کم‌معامله)
لپیام,گسترش صنایع پیام,ساخت دستگاه‌ها و وسایل ارتباطی,52.9,خنثی,100,45,35.5,20,130100,20261003,11.6,41.7,178.9,128.7,12.9,54.3,131.8,82.4,9,0,false,75.6,2.99,above,-0.1,0.94,113200,,-5.66,-42.63,1.76,5.98,10.45,123,1057.72,,,126208,122317,141775,149558,1.5,اشباع خرید | خروج مستمر پول حقیقی | سهم صفی: 9 روز از ۲۰ روز در صف (ریسک نقدشوندگی و اجرای حد ضرر) | رشد عمودی (179٪ در ۶۰ روز، 54٪ بالای MA50) | P/E بالا (1058) | 132٪ بالای MA200
سقاین,سیمان‌ قائن‌,سیمان، آهک و گچ,52.8,خنثی,100,75,7.3,24,34780,20261003,9.5,22.6,125.7,75.6,6.4,28.4,147.3,67.9,6,0,false,49.6,3.03,above,-3.6,1.06,25695,36090,-0.29,-22,0.97,-38.33,17.71,3814,9.12,7.14,27.7,33727,32673,36090,38197,0.62,خروج مستمر پول حقیقی | سهم صفی: 6 روز از ۲۰ روز در صف (ریسک نقدشوندگی و اجرای حد ضرر) | رشد عمودی (126٪ در ۶۰ روز، 28٪ بالای MA50) | 147٪ بالای MA200 | شناوری کم (12٪)
های وب,داده گسترعصرنوین-های وب,اطلاعات و ارتباطات,52.8,خنثی,90,55,49.2,10,466,20261003,5.9,8.9,35.9,-14.3,-0.1,16.3,30.8,58.9,1,0,false,40.6,3.55,above,-23.5,0.7,435,499,5.36,10.5,1.07,-1.57,33.57,,,7.97,,449,427,499,545,0.84,بدون EPS مثبت | توزیع: ورود حقیقی با سرانه خرید ضعیف (0.87 در ۲۰ روز) | حد ضرر دور (8.4٪)
بانیان,نیان باتری خاوران,ماشین آلات و دستگاه‌های برقی,52.8,خنثی,95,55,37,16,18090,20261003,1.2,4.9,32.3,-17.8,2.1,9.9,,56.4,0,0,false,29.2,3.29,above,-8.5,1.05,17310,18600,-1.72,-12.66,5.15,45.46,15.41,1652,10.95,5.95,84,17495,17012,18600,19303,0.47,
شارپیلن,پتروشیمی ارغوان گسترایلام,محصولات شیمیایی,52.8,خنثی,100,50,81,10,3410,20261003,4,6.6,10,-40.1,4.6,6.1,,99.7,20,0,true,92.8,2.7,above,-8.1,2.26,3033,3711,0.63,0.63,27.74,-2.4,0.46,,,9.63,,3318,3226,3711,3895,1.64,نقدشوندگی پایین | اشباع خرید | بدون EPS مثبت | سهم صفی: 20 روز از ۲۰ روز در صف (ریسک نقدشوندگی و اجرای حد ضرر) | نقدشوندگی کمتر از ۱۰ میلیارد تومان
برکت,گروه دارویی برکت,مواد و محصولات دارویی,52.7,خنثی,95,63,42.5,4,5000,20261003,2.2,5.5,50.1,0,0.1,14.7,68.5,57.6,3,0,false,33.2,3.49,above,-7.4,1.1,4500,5060,30.5,43.24,0.72,-115.62,76.98,47,106.38,12.91,724,4825,4563,5060,5400,0.14,واگرایی منفی RSI | P/E بالا (106) | توزیع: ورود حقیقی با سرانه خرید ضعیف (0.68 در ۲۰ روز) | 69٪ بالای MA200 | سرانه خرید ضعیف (0.72) | واگرایی منفی | حد ضرر دور (8.7٪)
وبرق,س.کارکنان صنعت برق زنجان وقزوی,سرمایه گذاریها,52.6,خنثی,85,75,13.6,35,61970,20261003,1.6,5,97.1,47,-4,19,79.8,53.8,5,0,false,59.2,3.75,above,-16.3,1.75,60000,74000,-3.62,-2.77,0.92,-8,14.99,4946,12.53,,,60000,58839,74000,78644,3.84,واگرایی منفی RSI | 80٪ بالای MA200 | واگرایی منفی
وآذر,سرمایه‌گذاری‌توسعه‌آذربایجان‌,انبوه سازی، املاک و مستغلات,52.6,خنثی,100,55,36.5,10,7480,20261003,6.1,8.6,36.2,-13.9,3.7,19,58.4,64.1,2,0,false,26.7,3.72,above,-4.7,0.87,6570,7650,-0.3,-12.49,10.94,3.93,11.8,,,6.61,,7202,6923,7650,8207,0.31,خروج مستمر پول حقیقی | بدون EPS مثبت | 58٪ بالای MA200 | حد ضرر دور (7.4٪)
بفجر,فجر انرژی خلیج فارس,عرضه برق، گاز، بخاروآب گرم,52.6,خنثی,20,65,54.4,80,11330,20261003,6.3,2.9,-12.5,-62.7,2.7,-9.3,-1,48.7,2,0,true,26.8,3.81,below,-26.9,0.53,11051,11477,70.36,528.46,0.82,-26.15,82.57,1802,6.29,7.09,-11.3,11051,10835,11477,12107,0.3,توزیع: ورود حقیقی با سرانه خرید ضعیف (0.66 در ۲۰ روز)
سآبیک,سیمان آبیک,سیمان، آهک و گچ,52.3,خنثی,95,55,4.3,47,76820,20261003,10.4,3.9,28.4,-21.8,1.8,6.7,45.9,57.9,1,0,false,21.3,3.63,above,-7.3,1.09,71480,78590,-14.5,-21.22,0.93,-4.77,13.75,10205,7.53,7.14,5.4,74029,70084,78590,82850,0.26,خروج مستمر پول حقیقی | حد ضرر دور (8.8٪)
وتوسم,سرمایه‌گذاری‌توسعه‌ملی‌,سرمایه گذاریها,52.3,خنثی,90,65,2,47,4360,20261003,-0.5,10.2,79.9,29.8,-1.6,23,76.9,59.6,1,0,false,60,3.33,above,-8,0.42,4145,4740,-6.4,-123.88,0.6,-17.37,17.04,591,7.38,7.13,3.5,4215,4072,4740,5031,1.32,واگرایی منفی RSI | خروج مستمر پول حقیقی | 77٪ بالای MA200 | سرانه خرید ضعیف (0.60) | واگرایی منفی | شناوری کم (12٪)
کورز,ورزیران‌,سایر محصولات کانی غیرفلزی,52.2,خنثی,100,48,70.5,20,7720,20261003,3.5,36.9,45.8,-4.3,11.9,33.2,60.4,86.1,11,0,true,40.8,3.05,above,-2.3,1.74,7100,7900,0,4.64,2.09,0.15,1.93,133,58.05,,,7485,7132,7900,8370,0.31,نقدشوندگی پایین | اشباع خرید | سهم صفی: 11 روز از ۲۰ روز در صف (ریسک نقدشوندگی و اجرای حد ضرر) | رشد عمودی (46٪ در ۶۰ روز، 33٪ بالای MA50) | P/E بالا (58) | 60٪ بالای MA200 | حد ضرر دور (7.6٪) | نقدشوندگی کمتر از ۱۰ میلیارد تومان
شمواد,تولید مواداولیه الیاف مصنوعی,محصولات شیمیایی,52.1,خنثی,100,70,20.5,32,14600,20260930,11.9,26.6,91.3,41.2,15.8,37.8,183.1,82.8,7,0,true,57,3.19,above,-2.3,0.83,13370,,-23.92,-140.4,1.99,-23.77,26.15,1509,9.68,,,14135,13436,15996,16927,1.2,اشباع خرید | فاصله زیاد از MA20 | خروج مستمر پول حقیقی | سهم صفی: 7 روز از ۲۰ روز در صف (ریسک نقدشوندگی و اجرای حد ضرر) | رشد عمودی (91٪ در ۶۰ روز، 38٪ بالای MA50) | 183٪ بالای MA200 | حد ضرر دور (8.0٪) | آخرین معامله 20260930 (متوقف یا کم‌معامله)
کساپا,سایپاشیشه‌,سایر محصولات کانی غیرفلزی,52.1,خنثی,65,55,76.5,10,3640,20261003,5.5,4.6,17.4,-32.7,-1.1,6.4,24.1,52.3,3,0,false,22.4,3.48,above,-8.8,0.56,3490,3790,0.52,1.17,3.41,0.79,4.66,,,12.75,,3513,3427,3790,3990,0.7,واگرایی منفی RSI | بدون EPS مثبت | توزیع: ورود حقیقی با سرانه خرید ضعیف (0.88 در ۲۰ روز) | واگرایی منفی | نقدشوندگی کمتر از ۱۰ میلیارد تومان
گکوثر,هتل پارسیان کوثر اصفهان,هتل و رستوران,52.1,خنثی,100,70,28.5,4,6630,20261003,14.1,59.4,100.3,50.2,26.2,64.2,128.1,95.5,5,0,true,82.1,2.35,above,0,1.09,4660,,-1.01,1.07,1.22,-3.9,14.21,257,25.8,4.69,450.1,6474,6318,7098,7410,1.5,اشباع خرید | فاصله زیاد از MA20 | رشد عمودی (100٪ در ۶۰ روز، 64٪ بالای MA50) | 128٪ بالای MA200
خچرخش,چرخشگر,خودرو و ساخت قطعات,51.9,خنثی,100,48,77,32,23570,20260930,5.9,16.3,43.5,-6.6,6,18.4,45.9,72.5,1,0,false,46.5,3.25,above,-1.8,0.83,21521,,0.07,0.36,1.63,1.95,1.48,2337,10.09,,,22804,21654,25869,27401,1.2,نقدشوندگی پایین | حد ضرر دور (8.1٪) | نقدشوندگی کمتر از ۱۰ میلیارد تومان | آخرین معامله 20260930 (متوقف یا کم‌معامله)
رنیک,جنرال مکانیک,خدمات فنی و مهندسی,51.8,خنثی,48,55,59.7,46,12460,20261003,2.5,3.4,29,-21.1,-1.8,4.7,-1.8,51,3,0,false,20,3.42,above,-26.7,0.71,12028,12590,2.14,150.88,1.03,-5.89,22.63,1608,7.75,2.41,221.5,12034,11815,12590,12846,0.2,
تادیکو,س.کشت ودام صنایع لبنی تامین,زراعت و خدمات وابسته,51.8,خنثی,73,80,36.5,19,7680,20261003,5.5,6.1,2.9,-47.3,2.4,6.3,,56.2,0,0,true,16,3.31,,-11,0.85,7521,7990,-26.08,-43.55,3.83,48.85,24.7,546,14.07,6.33,122.2,7521,7393,7990,8624,1.08,خروج مستمر پول حقیقی | شناوری کم (6٪)
وپست,پست بانک ایران,بانکها و موسسات اعتباری,51.8,خنثی,95,55,2,47,10190,20261003,5.6,3.8,24.2,-25.9,1,7.9,62.8,55.6,0,0,false,23,3.69,above,-8.4,0.89,10060,10510,-6.94,-98.45,0.74,-20.28,45.09,2033,5.01,5.4,-7.2,10060,9872,10510,11120,1.01,خروج مستمر پول حقیقی | 63٪ بالای MA200 | سرانه خرید ضعیف (0.74)
بپیوند,برق و انرژی پیوندگستر پارس,عرضه برق، گاز، بخاروآب گرم,51.8,خنثی,95,55,52,37,18810,20261003,1.7,3.6,28.8,-21.4,0.8,7.5,47.8,54.1,1,1,false,20.6,3.51,above,-8.6,0.67,17482,19939,-0.31,1.91,13.18,7.08,2.84,1762,10.68,10.04,6.3,18149,17157,19939,20581,0.68,نقدشوندگی پایین | حد ضرر دور (8.8٪) | نقدشوندگی کمتر از ۱۰ میلیارد تومان | صف فروش در ۵ روز اخیر
تکنار,مجتمع معادن مس تکنار,استخراج کانه های فلزی,51.8,خنثی,100,70,61,10,172100,20261003,15.7,67.1,172.1,122,27.1,74.4,160,98.7,17,0,true,72.9,2.41,above,0,0.25,73341,,0,3.98,3.76,1.6,1.55,,,,,167946,163791,184563,192871,1.5,نقدشوندگی پایین | اشباع خرید | فاصله زیاد از MA20 | بدون EPS مثبت | سهم صفی: 17 روز از ۲۰ روز در صف (ریسک نقدشوندگی و اجرای حد ضرر) | رشد عمودی (172٪ در ۶۰ روز، 74٪ بالای MA50) | 160٪ بالای MA200 | نقدشوندگی کمتر از ۱۰ میلیارد تومان
سرود,سیمان‌شاهرود,سیمان، آهک و گچ,51.7,خنثی,100,63,12.5,24,19620,20261003,4.6,13.3,49.5,-0.7,3.4,13.8,94.8,62.3,2,1,false,30.6,3.63,above,-4,1.42,17577,20430,-64.38,-35.81,0.49,-197.31,62.89,2424,8.09,7.14,13.4,18907,17838,20430,21856,0.45,واگرایی منفی RSI | 95٪ بالای MA200 | سرانه خرید ضعیف (0.49) | واگرایی منفی | حد ضرر دور (9.1٪) | صف فروش در ۵ روز اخیر
وبیمه,سرمایه‌ گذاری‌ صنعت‌ بیمه‌,سرمایه گذاریها,51.7,خنثی,90,65,27.8,19,3050,20261003,-4.7,16,118.5,68.3,-2.8,20.4,91.3,57,9,1,false,61.1,3.42,above,-13.4,1.08,2106,,2.48,-0.6,0.81,-7.97,8.29,188,16.22,7.13,127.5,2946,2841,3363,3572,1.5,سهم صفی: 9 روز از ۲۰ روز در صف (ریسک نقدشوندگی و اجرای حد ضرر) | رشد عمودی (118٪ در ۶۰ روز، 20٪ بالای MA50) | 91٪ بالای MA200 | نقدشوندگی کمتر از ۱۰ میلیارد تومان | شناوری کم (12٪) | صف فروش در ۵ روز اخیر
امین,تامین سرمایه امین,فعالیتهای کمکی به نهادهای مالی واسط,51.6,خنثی,100,55,35.5,47,2866,20261003,7.1,8.2,32.4,-17.7,4.2,12.4,35.4,67.3,0,0,false,29.7,2.83,above,-1.1,0.97,2800,2898,-3.46,-12.03,7.78,4.24,1.93,469,6.11,5.92,3.2,2800,2759,2898,3060,0.3,نقدشوندگی پایین | واگرایی منفی RSI | خروج مستمر پول حقیقی | واگرایی منفی | نقدشوندگی کمتر از ۱۰ میلیارد تومان | شناوری کم (10٪)
وسنا,سرمایه گذاری نیروگاهی ایران,سرمایه گذاریها,51.5,خنثی,100,60,18.1,20,52150,20261003,7.6,54.9,171.9,121.7,17.8,58.7,169.3,84,12,1,true,88.7,2.67,above,-4.1,1.07,24074,,-9.2,-35.59,1.43,-40.28,16.49,998,52.25,,,50757,49363,56330,59116,1.5,اشباع خرید | فاصله زیاد از MA20 | خروج مستمر پول حقیقی | سهم صفی: 12 روز از ۲۰ روز در صف (ریسک نقدشوندگی و اجرای حد ضرر) | رشد عمودی (172٪ در ۶۰ روز، 59٪ بالای MA50) | P/E بالا (52) | 169٪ بالای MA200 | صف فروش در ۵ روز اخیر
ختوقا,قطعات‌ اتومبیل‌ ایران‌,خودرو و ساخت قطعات,51.5,خنثی,95,45,36,20,5570,20261003,10.5,-1.4,24.9,-25.3,1.2,10.2,36.4,58.5,0,0,false,33.6,3.84,above,-8.1,1.05,5490,5820,-0.43,-10.85,1.56,12.28,14.19,127,43.86,,,5490,5383,5820,6060,1.34,واگرایی منفی RSI | P/E بالا (44) | واگرایی منفی
دفرا,فرآورده‌های‌ تزریقی‌ ایران‌,مواد و محصولات دارویی,51.5,خنثی,41,70,73.8,27,49450,20261003,5.5,-4.9,34,-16.2,1.2,-1.6,82.6,51.7,4,0,true,23,3.8,inside,-11.7,1.45,46720,50383,7.57,57.25,1.21,-18.36,13.11,3353,14.75,12.91,14.2,47572,45781,50383,55770,0.25,توزیع: ورود حقیقی با سرانه خرید ضعیف (0.65 در ۲۰ روز) | 83٪ بالای MA200 | حد ضرر دور (7.4٪)
وملی,گروه‌ صنعتی‌ ملی‌ (هلدینگ‌,دباغی، پرداخت چرم و ساخت انواع پاپوش,51.3,خنثی,90,55,18.3,35,281200,20261003,3.6,13.6,36.3,-13.8,-0.2,13.5,35.1,56.1,3,0,false,34.8,3.42,above,-12,0.94,265350,319700,-3.03,7,0.87,-14.09,16.03,3197,87.96,87.3,0.8,271583,260542,319700,338934,1.86,P/E بالا (88) | توزیع: ورود حقیقی با سرانه خرید ضعیف (0.82 در ۲۰ روز) | حد ضرر دور (7.3٪)
پسهند,صنایع‌ لاستیکی‌  سهند,لاستیک و پلاستیک,51.3,خنثی,100,45,30.1,19,24010,20261003,0.5,8.2,34.4,-15.8,3.7,13.8,26.9,60.1,1,0,false,28,3.55,above,-13.7,1.08,23500,24580,-5.02,11.58,0.9,-8.42,6.49,1468,16.36,8.21,99.2,23500,23073,24580,26352,0.61,نقدشوندگی کمتر از ۱۰ میلیارد تومان
فروس,فروسیلیس‌ ایران‌,فلزات اساسی,51.3,خنثی,90,30,1,72,3970,20261003,-2.9,9.1,33.4,-16.8,-6,11.3,53,49.9,12,0,false,42,3.3,above,-17.6,1.13,3335,4820,-1.25,-22.2,0.76,-13.57,8.18,440,9.02,13.48,-33.1,3839,3708,4820,5082,3.25,خروج مستمر پول حقیقی | سهم صفی: 12 روز از ۲۰ روز در صف (ریسک نقدشوندگی و اجرای حد ضرر) | 53٪ بالای MA200 | سرانه خرید ضعیف (0.76) | نقدشوندگی کمتر از ۱۰ میلیارد تومان
سمتاز,سیمان ممتازان کرمان,سیمان، آهک و گچ,51.3,خنثی,90,45,27,34,63340,20261003,-0.8,11,10.6,-39.6,-1,8.5,68.3,54.1,3,0,false,31.4,3.41,above,-9.5,0.89,59740,66410,-1.66,6.91,0.73,-3.52,3.34,8478,7.47,6.69,11.7,61179,58659,66410,70000,0.66,توزیع: ورود حقیقی با سرانه خرید ضعیف (0.78 در ۲۰ روز) | 68٪ بالای MA200 | سرانه خرید ضعیف (0.73) | حد ضرر دور (7.4٪) | نقدشوندگی کمتر از ۱۰ میلیارد تومان
اتکاسا,بیمه اتکایی سامان,بیمه وصندوق بازنشستگی به جزتامین اجتماعی,51.3,خنثی,100,65,1,72,6430,20261003,-7.4,25.1,69.4,19.2,1.5,25.1,,61.4,2,0,false,55.4,3.14,above,-9.5,1.04,6361,6768,-6.4,-16.21,0.52,-5.82,1.9,875,7.35,18.13,-59.5,6361,6260,6768,7104,1.98,نقدشوندگی پایین | واگرایی منفی RSI | خروج مستمر پول حقیقی | سرانه خرید ضعیف (0.52) | واگرایی منفی | نقدشوندگی کمتر از ۱۰ میلیارد تومان
غمایه,شرکت خمیرمایه رضوی,محصولات غذایی و آشامیدنی به جز قند و شکر,51.2,خنثی,95,63,16.6,24,24390,20261003,3.3,11.7,44.3,-5.8,0.6,12,83.6,56.9,2,0,false,28.3,3.54,above,-8.2,1.17,22900,26570,-3.82,-7,1.38,-7.09,9.14,2821,8.65,7.05,22.6,23527,22468,26570,28297,1.13,84٪ بالای MA200 | حد ضرر دور (7.9٪) | نقدشوندگی کمتر از ۱۰ میلیارد تومان
وگستر,گسترش سرمایه گذاری ایرانیان,سرمایه گذاریها,51.2,خنثی,100,85,6.8,10,11920,20261003,9.7,35.9,123.6,73.5,15.2,29.8,80.4,77.7,3,0,true,57.6,3.27,above,-3.7,0.79,10870,,-16.88,-39.23,1.03,-4.46,13.47,,,8.73,,11531,10946,13088,13867,1.2,فاصله زیاد از MA20 | خروج مستمر پول حقیقی | بدون EPS مثبت | رشد عمودی (124٪ در ۶۰ روز، 30٪ بالای MA50) | 80٪ بالای MA200 | حد ضرر دور (8.2٪)
شبندر,پالایش نفت بندرعباس,فراورده های نفتی، کک و سوخت هسته ای,51.1,خنثی,100,45,1.5,47,14830,20261003,1.9,12.5,37.8,-12.3,0.5,14.4,91.2,57.7,2,0,false,47.8,3.61,above,-9.1,0.76,14250,16310,-156.81,-1120.42,0.59,-630.73,505.74,2555,5.8,6.26,-7.3,14295,13982,16310,17381,1.75,خروج مستمر پول حقیقی | 91٪ بالای MA200 | سرانه خرید ضعیف (0.59)
پدرخش,درخشان‌ تهران‌,لاستیک و پلاستیک,51.1,خنثی,90,55,26.5,26,6170,20261003,0.5,8.1,22.6,-27.5,-4.7,9.1,50.5,50.5,6,0,false,30.7,3.8,above,-16.5,1.28,6040,7390,-0.99,4.67,0.77,-14.96,10.6,534,11.55,8.21,40.7,6040,5923,7390,7859,4.93,سهم صفی: 6 روز از ۲۰ روز در صف (ریسک نقدشوندگی و اجرای حد ضرر) | توزیع: ورود حقیقی با سرانه خرید ضعیف (0.84 در ۲۰ روز) | 51٪ بالای MA200 | سرانه خرید ضعیف (0.77)
آبادا,تولید نیروی برق آبادان,عرضه برق، گاز، بخاروآب گرم,51.1,خنثی,100,55,36.5,4,11420,20261003,0.4,2.9,27.9,-22.2,0.5,8.5,39.4,54.3,0,0,false,22.1,3.44,above,-5.1,0.87,11194,11870,-5.77,-6.89,6.31,9.53,4.19,272,41.99,7.09,492.2,11194,10997,11870,12656,1.06,خروج مستمر پول حقیقی | P/E بالا (42) | نقدشوندگی کمتر از ۱۰ میلیارد تومان | شناوری کم (10٪)
فبیرا,بسته‌ بندی‌ ایران‌,ساخت محصولات فلزی,51.1,خنثی,85,75,47.4,35,2364,20261003,1.9,2.2,90.6,40.5,-2.8,8.9,72.4,51.3,9,0,false,37.7,3.57,above,-15.1,0.83,2205,2711,0,0.08,1.5,2.23,2.41,155,15.25,,,2280,2163,2711,2786,1.72,نقدشوندگی پایین | واگرایی منفی RSI | سهم صفی: 9 روز از ۲۰ روز در صف (ریسک نقدشوندگی و اجرای حد ضرر) | 72٪ بالای MA200 | واگرایی منفی | حد ضرر دور (8.5٪) | نقدشوندگی کمتر از ۱۰ میلیارد تومان
بهیر,س. توسعه تجارت هیرمند,سرمایه گذاریها,50.9,خنثی,100,50,63.6,20,4710,20261003,6.8,15.4,30.1,-20,11,22.6,34.6,84,7,0,true,60.5,2.23,above,-0.2,1.03,4210,,1.34,2.79,1.17,-0.09,1.3,223,21.12,,,4605,4500,5025,5236,1.5,نقدشوندگی پایین | واگرایی منفی RSI | اشباع خرید | سهم صفی: 7 روز از ۲۰ روز در صف (ریسک نقدشوندگی و اجرای حد ضرر) | واگرایی منفی | نقدشوندگی کمتر از ۱۰ میلیارد تومان
لوتوس,تامین سرمایه لوتوس پارسیان,فعالیتهای کمکی به نهادهای مالی واسط,50.9,خنثی,100,45,0.5,47,3400,20261003,-0.9,16.6,29.3,-20.8,2.7,11.9,51.9,57.9,2,1,false,21.8,3.34,above,-7.1,1.39,3360,3580,-53.8,-70.54,0.42,-66.73,12.7,594,5.72,5.92,-3.3,3360,3303,3580,3807,1.86,خروج مستمر پول حقیقی | 52٪ بالای MA200 | سرانه خرید ضعیف (0.42) | شناوری کم (4٪) | صف فروش در ۵ روز اخیر
ذوب,ذوب آهن اصفهان,فلزات اساسی,50.9,خنثی,90,63,31,14,676,20261003,2.1,11.9,49.6,-0.6,-3.1,22.9,59,56.7,12,0,false,44.6,3.03,above,-13.7,1.82,643,783,-181.03,-156,6.05,-916.55,288.41,12,56.33,13.48,317.9,656,633,783,824,2.47,سهم صفی: 12 روز از ۲۰ روز در صف (ریسک نقدشوندگی و اجرای حد ضرر) | P/E بالا (56) | 59٪ بالای MA200
معیار,سرمایه گذاری معیار صنعت پارس,سرمایه گذاریها,50.8,خنثی,100,85,35,20,3052,20261003,12.7,17.2,56.8,6.7,15.5,25.9,46.2,79,3,0,true,39.5,3.23,above,-3.9,1.09,2886,3176,0,-1.13,2.09,3.73,2.66,80,38.15,,,2953,2837,3176,3374,0.58,نقدشوندگی پایین | اشباع خرید | فاصله زیاد از MA20 | P/E بالا (38) | حد ضرر دور (7.0٪) | نقدشوندگی کمتر از ۱۰ میلیارد تومان
سخوز,سیمان خوزستان,سیمان، آهک و گچ,50.8,خنثی,65,55,11,70,96520,20261003,2,2,19.6,-30.5,-2.5,9.5,28.7,51.9,2,0,false,21.9,3.82,above,-10.5,1.25,91990,98280,-13.13,-41.5,0.78,-19.49,15.42,15662,6.16,7.14,-13.7,92834,90147,98280,102761,0.28,واگرایی منفی RSI | خروج مستمر پول حقیقی | سرانه خرید ضعیف (0.78) | واگرایی منفی
ولقمان,گروه سرمایه گذاری لقمان,سرمایه گذاریها,50.7,خنثی,100,58,71.5,25,4060,20260930,10.7,23.7,40.8,-9.4,11.4,27.4,65.4,93.5,5,0,true,68.7,1.74,above,-0.2,1.2,3760,,0.59,-1.24,3.4,0.86,0.31,243,16.71,,,3989,3919,4272,4413,1.5,نقدشوندگی پایین | اشباع خرید | خروج مستمر پول حقیقی | 65٪ بالای MA200 | نقدشوندگی کمتر از ۱۰ میلیارد تومان | آخرین معامله 20260930 (متوقف یا کم‌معامله)
کیا,کیا الکترود شرق,ساخت محصولات فلزی,50.7,خنثی,100,58,72.4,4,11290,20261003,14.9,29.3,48.6,-1.6,17.6,27,36.2,81.8,1,0,true,31.3,3.18,above,0,1.71,10270,,6.21,1.69,1.04,0.32,2.73,262,43.09,6.02,615.8,10931,10392,12368,13087,1.2,نقدشوندگی پایین | اشباع خرید | فاصله زیاد از MA20 | P/E بالا (43) | حد ضرر دور (8.0٪) | نقدشوندگی کمتر از ۱۰ میلیارد تومان
دامین,داروسازی‌ امین‌,مواد و محصولات دارویی,50.4,خنثی,100,73,19.1,4,17600,20261003,11.4,19.1,49.5,-0.6,13.3,16.8,60.3,72.9,3,0,true,31.5,3.32,above,-2.4,1.31,17190,,-14.75,-24.62,1.04,-3.04,36.17,378,46.56,12.91,260.7,17190,16898,19351,20518,2.49,P/E بالا (47) | 60٪ بالای MA200
قیستو,شرکت قند بیستون,قند و شکر,50.3,خنثی,100,50,21.1,20,53380,20261003,-3.8,33.5,120.1,70,7.1,34.1,102.7,72.3,2,0,false,71.6,3.77,above,-6.4,0.66,48710,57050,-0.75,-24.31,0.98,0.44,8.39,2437,21.9,,,51366,48344,57050,61079,0.73,واگرایی منفی RSI | خروج مستمر پول حقیقی | رشد عمودی (120٪ در ۶۰ روز، 34٪ بالای MA50) | 103٪ بالای MA200 | واگرایی منفی | حد ضرر دور (9.4٪) | نقدشوندگی کمتر از ۱۰ میلیارد تومان
بمیلا,توسعه سرمایه گذاری میلاد پارس,تجارت عمده فروشی به جز وسایل نقلیه موتور,50.2,خنثی,80,45,58.9,10,7500,20261003,2.5,15.2,7.3,-42.8,-0.1,14.2,5.4,56.1,9,1,false,35.4,3.43,above,-35.6,0.81,6970,8250,3.14,22.85,1.12,-2.91,8.34,,,,,7243,6857,8250,9115,1.17,بدون EPS مثبت | سهم صفی: 9 روز از ۲۰ روز در صف (ریسک نقدشوندگی و اجرای حد ضرر) | توزیع: ورود حقیقی با سرانه خرید ضعیف (0.88 در ۲۰ روز) | حد ضرر دور (8.6٪) | نقدشوندگی کمتر از ۱۰ میلیارد تومان | صف فروش در ۵ روز اخیر
سشمال,سیمان‌ شمال‌,سیمان، آهک و گچ,50.2,خنثی,100,65,4.7,24,19400,20261003,5.8,11.8,38.5,-11.7,5.9,17.4,57.9,72.6,0,0,true,27.1,3.15,above,-2.5,0.62,19200,,-6.28,-20.99,0.95,-2.43,8.08,2297,8.45,7.14,18.3,19200,18894,21235,22459,3.63,خروج مستمر پول حقیقی | 58٪ بالای MA200 | نقدشوندگی کمتر از ۱۰ میلیارد تومان
گشان,توسعه بین المللی پدیده شاندیز,هتل و رستوران,50.1,خنثی,85,30,32.3,42,28100,20261003,4.2,-2,33.1,-17.1,-2.4,2.4,44.8,49.3,0,0,false,30.8,3.8,above,-11.5,0.91,26500,29990,-3.16,-30.73,1.45,13.72,12.53,3153,8.91,,,27031,25965,29990,30990,0.89,واگرایی منفی RSI | خروج مستمر پول حقیقی | واگرایی منفی | حد ضرر دور (7.6٪)
ثاصفا,شرکت‌ ساختمان‌ اصفهان‌,انبوه سازی، املاک و مستغلات,50,خنثی,90,45,76.2,20,19610,20261003,-2.6,27.6,26,-24.1,6.6,29.8,18.7,67.5,12,2,false,34.4,3.2,above,-9.1,1.66,19400,19939,0.19,1.21,1.23,0.07,1.06,8,2451.25,,,19400,19085,19939,20287,0.63,نقدشوندگی پایین | سهم صفی: 12 روز از ۲۰ روز در صف (ریسک نقدشوندگی و اجرای حد ضرر) | P/E بالا (2451) | نقدشوندگی کمتر از ۱۰ میلیارد تومان | صف فروش در ۵ روز اخیر
خاذین,سایپاآذین‌,خودرو و ساخت قطعات,50,خنثی,100,48,31.5,10,3310,20261003,11,14.8,50,-0.2,7.1,26.2,53,71.5,1,0,false,44.6,3.35,above,-2.1,1.24,2954,,-9.28,-7.96,3.03,-1.8,6.88,,,,,3199,3088,3643,3865,1.5,واگرایی منفی RSI | خروج مستمر پول حقیقی | بدون EPS مثبت | 53٪ بالای MA200 | واگرایی منفی | نقدشوندگی کمتر از ۱۰ میلیارد تومان
تجلی,تجلی توسعه معادن و فلزات,استخراج کانه های فلزی,49.9,خنثی,100,45,39.5,4,2086,20261003,3.7,21.1,14.2,-35.9,4,15.4,33.5,63.5,1,0,false,37.9,3.32,above,-4.9,0.69,1986,2194,-15.38,25.32,1.36,-19.22,17.42,37,56.38,14.44,290.4,2017,1951,2194,2333,0.8,P/E بالا (56)
فلوله,لوله‌وماشین‌سازی‌ایران‌,فلزات اساسی,49.8,خنثی,50,30,55.4,60,2575,20261003,6.6,-5.4,25.9,-24.3,-3.4,-0.4,25.5,47.1,0,0,false,22.9,4.23,above,-13.9,1.03,2506,2619,2.7,14.46,0.91,-3.95,10.41,226,11.39,13.48,-15.5,2506,2452,2619,2669,0.36,توزیع: ورود حقیقی با سرانه خرید ضعیف (0.62 در ۲۰ روز)
سصوفی,سیمان‌ صوفیان‌,سیمان، آهک و گچ,49.8,خنثی,65,30,27,70,166500,20261003,3.8,-0.3,1.4,-48.7,-2,0.3,24.9,48.9,2,0,false,13.2,3.35,above,-12.8,0.95,160200,169200,-11.62,100.14,0.77,-50.42,60.36,30922,5.38,7.14,-24.6,160922,157411,169200,176400,0.3,واگرایی منفی RSI | بدون روند (ADX پایین) | توزیع: ورود حقیقی با سرانه خرید ضعیف (0.68 در ۲۰ روز) | سرانه خرید ضعیف (0.77) | واگرایی منفی
ثعمرا,عمران و توسعه شاهد,انبوه سازی، املاک و مستغلات,49.7,خنثی,90,45,50.9,4,15140,20261003,0.9,6.4,31.3,-18.8,-2.3,9.7,47.4,52.2,0,0,false,25.8,3.62,above,-8.8,1.12,14890,16592,0.26,-1.37,1.17,0.28,3.18,378,40.05,23.59,69.8,14890,14616,16592,17689,2.77,واگرایی منفی RSI | P/E بالا (40) | واگرایی منفی | نقدشوندگی کمتر از ۱۰ میلیارد تومان
قشکر,شکر,قند و شکر,49.5,خنثی,85,75,26,10,5230,20261003,4.8,0.4,79.7,29.6,-4.3,12.6,59.5,52.8,5,0,false,35.4,3.39,above,-15.9,1.06,4890,5320,0.78,-1.85,0.79,-9.95,7.41,,,9.8,,5052,4801,5320,6220,0.21,بدون EPS مثبت | 60٪ بالای MA200 | سرانه خرید ضعیف (0.79) | حد ضرر دور (8.2٪) | نقدشوندگی کمتر از ۱۰ میلیارد تومان
غشوکو,شوکو پارس,محصولات غذایی و آشامیدنی به جز قند و شکر,49.5,خنثی,95,90,0,32,12620,20260928,2.1,-1.9,65,14.8,5,7,97.6,60.3,2,0,true,24.8,3.65,above,-6,0.73,12300,12780,-4,-20.42,0.79,-4.93,6.32,1478,8.54,,,12300,12070,12780,13345,0.29,خروج مستمر پول حقیقی | 98٪ بالای MA200 | سرانه خرید ضعیف (0.79) | نقدشوندگی کمتر از ۱۰ میلیارد تومان | آخرین معامله 20260928 (متوقف یا کم‌معامله)
ونوین,بانک‌اقتصادنوین‌,بانکها و موسسات اعتباری,49.4,خنثی,95,45,0.5,47,3890,20261003,0.8,5.4,30,-20.2,0.6,10.1,78.9,55.6,1,0,false,35.1,3.75,above,-7.4,0.83,3680,4200,-288.99,-526.3,0.6,-309.16,225.9,711,5.47,5.4,1.3,3744,3607,4200,4492,1.1,واگرایی منفی RSI | خروج مستمر پول حقیقی | 79٪ بالای MA200 | سرانه خرید ضعیف (0.60) | واگرایی منفی | حد ضرر دور (7.3٪)
چفیبر,تولید فیبر ایران‌,محصولات چوبی,49.4,خنثی,65,30,60.4,35,6940,20261003,10.2,-12.8,-6.1,-56.2,-3.1,1.6,32,48.9,7,0,false,33.3,3.66,above,-18.7,0.94,6120,7560,3.82,-0.54,1.54,2.5,7.48,224,30.98,28.93,7.1,6686,6432,7560,8540,1.22,سهم صفی: 7 روز از ۲۰ روز در صف (ریسک نقدشوندگی و اجرای حد ضرر) | P/E بالا (31) | حد ضرر دور (7.3٪) | نقدشوندگی کمتر از ۱۰ میلیارد تومان
خزامیا,زامیاد,خودرو و ساخت قطعات,49.2,خنثی,100,65,4.8,20,1742,20261003,-0.4,7,54.4,4.3,2.3,17.8,45.3,60.2,1,0,false,43.9,3.35,above,-2.7,1.01,1630,1767,-41.8,-11.21,0.87,-142.97,152.15,85,20.49,,,1684,1601,1767,1884,0.18,حد ضرر دور (8.1٪)
شستا,سرمایه گذاری تامین اجتماعی,شرکتهای چند رشته ای صنعتی,49.1,خنثی,100,75,7.5,9,3660,20261003,8.3,26,55.5,5.4,5.8,23.3,87.5,66,5,0,false,49.2,3.1,above,-3.9,0.7,3370,3810,-56.82,-410.64,1.04,-190.73,571.37,218,16.79,10.88,54.3,3547,3376,3810,4037,0.53,87٪ بالای MA200 | حد ضرر دور (7.7٪) | شناوری کم (13٪)
لسرما,سرما آفرین‌,ماشین آلات و تجهیزات,49.1,خنثی,85,75,15.5,19,6550,20261003,-3.1,8.3,55,4.9,-3.5,8.5,38.7,50.9,6,1,false,41.2,3.59,above,-14.2,1.46,6429,6992,-3.42,2.94,0.69,-17.11,6.73,411,15.94,5.15,209.5,6429,6311,6992,7633,1.85,سهم صفی: 6 روز از ۲۰ روز در صف (ریسک نقدشوندگی و اجرای حد ضرر) | توزیع: ورود حقیقی با سرانه خرید ضعیف (0.86 در ۲۰ روز) | سرانه خرید ضعیف (0.69) | نقدشوندگی کمتر از ۱۰ میلیارد تومان | صف فروش در ۵ روز اخیر
ثنظام,س. ساختمانی نظام مهندسی ایران,انبوه سازی، املاک و مستغلات,48.9,خنثی,61,70,96.5,10,75260,20261003,12.7,-7.4,6.4,-43.7,2,-1.8,27.7,54.9,5,0,true,27.1,3.53,inside,-9.9,1.43,70380,78250,1.44,2.15,3.02,2.69,0.73,,,,,72603,69051,78250,79790,0.48,نقدشوندگی پایین | بدون EPS مثبت | حد ضرر دور (8.2٪) | نقدشوندگی کمتر از ۱۰ میلیارد تومان
غبهنوش,بهنوش‌ ایران‌,محصولات غذایی و آشامیدنی به جز قند و شکر,48.9,خنثی,90,65,21.5,14,90360,20261003,13.8,32.5,26.2,-24,15.1,12.8,26.8,70.3,2,0,true,23.9,3.13,above,-12.2,0.78,86100,97150,-19.03,-22.85,1.67,-0.82,16.76,1714,52.72,8.53,518,87529,84684,97150,100805,1.2,فاصله زیاد از MA20 | خروج مستمر پول حقیقی | P/E بالا (53)
ثجوان,تامین مسکن جوانان,انبوه سازی، املاک و مستغلات,48.8,خنثی,100,45,14.1,25,2368,20261003,-4,18.2,26.6,-23.6,6.5,19.5,48.5,64,1,0,false,36.6,3.57,above,-4.3,1.2,2239,2475,-0.47,-4.59,1.34,-0.64,3.2,167,14.18,,,2283,2197,2475,2644,0.63,خروج مستمر پول حقیقی | حد ضرر دور (7.2٪) | نقدشوندگی کمتر از ۱۰ میلیارد تومان
وبشهر,توسعه‌ صنایع‌ بهشهر(هلدینگ,محصولات غذایی و آشامیدنی به جز قند و شکر,48.7,خنثی,100,48,12.5,24,7460,20261003,3.9,27.7,45.6,-4.5,6.9,25.2,101.2,71.1,7,0,false,50.5,3.33,above,-3.2,1.21,6720,7700,-1.08,-1.48,0.6,-31.76,17.71,748,9.97,8.53,16.9,7212,6840,7700,8196,0.39,سهم صفی: 7 روز از ۲۰ روز در صف (ریسک نقدشوندگی و اجرای حد ضرر) | 101٪ بالای MA200 | سرانه خرید ضعیف (0.60) | حد ضرر دور (8.3٪)
کوثر,بیمه کوثر,بیمه وصندوق بازنشستگی به جزتامین اجتماعی,48.7,خنثی,90,55,28.7,14,1844,20261003,3.9,11.2,25.4,-24.7,1,13.6,7.5,57.8,1,0,false,35.1,3.42,above,-19.1,0.61,1800,1875,-3.88,4.21,1.27,-1.01,26.26,53,34.79,18.13,91.9,1800,1768,1875,1938,0.41,واگرایی منفی RSI | P/E بالا (35) | توزیع: ورود حقیقی با سرانه خرید ضعیف (0.88 در ۲۰ روز) | واگرایی منفی
وسینا,بانک سینا,بانکها و موسسات اعتباری,48.6,خنثی,85,55,1.4,47,3370,20261003,3.1,6.6,40.1,-10.1,-0.5,8,45.1,53.2,0,0,false,26.2,3.34,above,-7.4,0.69,3290,3470,-37.17,-128.46,0.84,-25.92,52.78,584,5.77,5.4,6.9,3290,3234,3470,3640,0.73,واگرایی منفی RSI | خروج مستمر پول حقیقی | 151٪ بالای کف ۵۲ هفته | واگرایی منفی
دشیری,شیرین دارو,مواد و محصولات دارویی,48.6,خنثی,100,70,26.2,32,464600,20261003,12.7,29.1,59,8.9,17.5,31.5,82.9,82.5,2,0,true,57.7,2.99,above,-0.3,0.81,405500,,-0.98,-0.53,1.15,0.15,2.67,57790,8.04,,,450705,436810,506285,534074,1.5,نقدشوندگی پایین | واگرایی منفی RSI | اشباع خرید | فاصله زیاد از MA20 | رشد عمودی (59٪ در ۶۰ روز، 31٪ بالای MA50) | 83٪ بالای MA200 | واگرایی منفی | نقدشوندگی کمتر از ۱۰ میلیارد تومان
ومعلم,بیمه معلم,بیمه وصندوق بازنشستگی به جزتامین اجتماعی,48.5,خنثی,90,45,80.2,10,3260,20261003,-0.3,5.5,30.1,-20.1,-2.2,7.6,15,51.6,4,2,false,23.8,3.62,above,-9.7,1.18,3218,3339,5.14,3.6,1.37,3.04,2.77,,,18.13,,3218,3159,3339,3410,0.78,نقدشوندگی پایین | بدون EPS مثبت | نقدشوندگی کمتر از ۱۰ میلیارد تومان | صف فروش در ۵ روز اخیر
حفارس,حمل و نقل بین المللی خلیج فارس,حمل ونقل، انبارداری و ارتباطات,48.4,خنثی,100,70,13.6,4,9690,20261003,10.9,46.6,104.2,54.1,16.4,47.5,161.5,83.6,3,0,true,70,2.91,above,-0.1,1.37,9420,,-62.59,-77.05,0.91,-46.43,39.45,149,65.03,19.33,236.4,9420,9279,10535,11098,2.06,اشباع خرید | فاصله زیاد از MA20 | خروج مستمر پول حقیقی | رشد عمودی (104٪ در ۶۰ روز، 48٪ بالای MA50) | P/E بالا (65) | 161٪ بالای MA200
وتوس,توسعه‌شهری‌توس‌گستر,انبوه سازی، املاک و مستغلات,48.4,خنثی,85,30,63.6,4,7790,20261003,1.7,-0.6,13.2,-36.9,-2.6,0.6,22.4,48.2,0,0,false,20.6,3.91,above,-9.5,0.68,7330,7955,0.9,3.03,1.08,1.24,3.26,381,20.45,6.61,209.3,7485,7178,7955,8320,0.27,واگرایی منفی RSI | واگرایی منفی | حد ضرر دور (7.9٪) | نقدشوندگی کمتر از ۱۰ میلیارد تومان
سفار,سیمان‌فارس‌,سیمان، آهک و گچ,48.4,خنثی,85,55,21.5,26,232600,20261003,6,5.7,11.5,-38.7,-2.3,11.3,22.9,53.8,4,0,false,31.6,3.47,above,-13,0.66,224111,245450,-1.93,-1.67,2.05,-3.25,4.22,19436,11.97,7.14,67.6,224528,220076,245450,267400,1.03,نقدشوندگی کمتر از ۱۰ میلیارد تومان | شناوری کم (8٪)
وپسا,گ.س.پتروشیمی ساختمان خلیج فارس,پیمانکاری صنعتی,48.3,خنثی,85,48,23,30,2573,20261003,-0.3,2.3,41.8,-8.3,-6.2,7.6,44.3,47.9,5,0,false,33.7,3.74,above,-17.3,1.46,2493,2684,0,1.06,1.06,-5.21,5.27,20,128.65,,,2493,2445,2684,3110,0.87,واگرایی منفی RSI | P/E بالا (129) | واگرایی منفی | نقدشوندگی کمتر از ۱۰ میلیارد تومان
رتکو,کنترل ‌خوردگی ‌تکین ‌کوی,خدمات فنی و مهندسی,48.3,خنثی,100,60,45,20,23800,20261003,5.4,31.2,89.2,39.1,14.7,34.5,78.6,85.7,3,0,true,62,3.47,above,-2.4,1.4,19700,,0,0,2.24,6.02,1.75,641,37.13,,,22973,22146,26281,27935,1.5,نقدشوندگی پایین | واگرایی منفی RSI | اشباع خرید | رشد عمودی (89٪ در ۶۰ روز، 35٪ بالای MA50) | P/E بالا (37) | 79٪ بالای MA200 | واگرایی منفی | نقدشوندگی کمتر از ۱۰ میلیارد تومان
وایرا,سرمایه گذاری صنایع ایران,سرمایه گذاریها,48.2,خنثی,100,55,36.7,32,3580,20261003,4.1,12.9,33.8,-16.4,2.8,12.6,23.3,60.4,1,0,false,25.2,3.28,above,-5.6,0.88,3445,3633,1.29,-5.9,1.19,-0.04,2.99,399,8.97,,,3463,3386,3633,3772,0.28,نقدشوندگی پایین | خروج مستمر پول حقیقی | نقدشوندگی کمتر از ۱۰ میلیارد تومان
بتک,کارخانجات کابل سازی‌ تک‌,ماشین آلات و دستگاه‌های برقی,48.2,خنثی,100,58,46.2,20,254100,20261003,6,13.1,41.7,-8.5,7.8,18.7,30.8,81.7,4,0,true,39.4,2.27,above,-0.5,1.28,243428,,0,0.15,1.05,0.26,0.42,260,977.31,,,248336,240546,271392,282920,1.28,نقدشوندگی پایین | اشباع خرید | P/E بالا (977) | نقدشوندگی کمتر از ۱۰ میلیارد تومان
زاگرس,پتروشیمی زاگرس,محصولات شیمیایی,48.1,خنثی,100,65,11.5,9,169600,20261003,3.6,18.7,51.9,1.8,2.2,18.9,42.7,61.5,2,1,false,53,3.22,above,-4.7,1.32,163500,177700,-56.26,-32.15,0.61,-86.41,33.12,9222,18.39,8.01,129.6,164131,160765,177700,188638,0.92,سرانه خرید ضعیف (0.61) | صف فروش در ۵ روز اخیر
غشهد,شهد ایران ‌,محصولات غذایی و آشامیدنی به جز قند و شکر,48,خنثی,70,45,2,70,9200,20261003,-8.2,17,34.2,-15.9,-1.4,10.4,43.3,51.5,7,0,false,24.8,3.59,above,-13.6,1.83,8380,10650,-8.21,-2.04,0.54,-36.23,8.45,1466,6.28,8.53,-26.4,8869,8374,10650,11311,1.75,سهم صفی: 7 روز از ۲۰ روز در صف (ریسک نقدشوندگی و اجرای حد ضرر) | سرانه خرید ضعیف (0.54) | حد ضرر دور (9.0٪) | نقدشوندگی کمتر از ۱۰ میلیارد تومان
ما,بیمه  ما,بیمه وصندوق بازنشستگی به جزتامین اجتماعی,47.9,خنثی,85,30,0.5,65,3630,20261003,-2.9,5.2,37.3,-12.9,-5.4,6.8,44.5,47.4,4,0,false,41.1,3.63,above,-12.1,0.96,3420,3680,-6.15,-7.37,0.45,-10.25,4.62,755,4.81,4.59,4.7,3498,3354,3680,3760,0.18,خروج مستمر پول حقیقی | سرانه خرید ضعیف (0.45) | حد ضرر دور (7.6٪) | نقدشوندگی کمتر از ۱۰ میلیارد تومان
ثقزوی,شرکت عمران و سازندگی قزوین,انبوه سازی، املاک و مستغلات,47.8,خنثی,90,65,41.2,30,2624,20261003,-9.2,17.8,77.6,27.5,-3.9,21,40.4,53.2,10,3,false,55.3,3.45,above,-17.3,1.5,2372,3172,-0.14,6.55,0.83,1.48,2.7,35,74.97,,,2534,2398,3172,3353,2.42,نقدشوندگی پایین | سهم صفی: 10 روز از ۲۰ روز در صف (ریسک نقدشوندگی و اجرای حد ضرر) | P/E بالا (75) | حد ضرر دور (8.6٪) | نقدشوندگی کمتر از ۱۰ میلیارد تومان | صف فروش در ۵ روز اخیر
شاوان,پالایش نفت لاوان,فراورده های نفتی، کک و سوخت هسته ای,47.7,خنثی,100,35,5.6,37,54330,20261003,7.2,40.9,129.3,79.1,10.6,51.2,115.3,80.6,10,0,false,82.1,3.2,above,-1.9,0.69,49720,,-114.8,-314.37,0.99,-64.27,140.04,6145,8.84,8.12,8.9,52593,49988,59540,63014,1.2,اشباع خرید | خروج مستمر پول حقیقی | سهم صفی: 10 روز از ۲۰ روز در صف (ریسک نقدشوندگی و اجرای حد ضرر) | رشد عمودی (129٪ در ۶۰ روز، 51٪ بالای MA50) | 115٪ بالای MA200 | حد ضرر دور (8.0٪)
خمهر,مهرکام‌پارس‌,خودرو و ساخت قطعات,47.6,خنثی,100,60,2.4,20,3920,20261003,10.4,19.9,60.1,10,6.5,27,71.5,71.4,2,0,false,57.7,3.52,above,-3.9,1,3470,4080,-9.14,-24.78,0.89,-10.1,19.46,105,37.33,,,3782,3644,4080,4356,0.58,خروج مستمر پول حقیقی | P/E بالا (37) | 71٪ بالای MA200 | حد ضرر دور (7.0٪)
گپارس,امور رفاهی کارگزاران پارس,هتل و رستوران,47.6,خنثی,100,63,39.9,20,288200,20261003,4.2,25.1,42.9,-7.3,9.6,17,54.4,78.7,0,0,true,24.6,3.99,above,-3.7,1.24,220600,293550,0,-0.17,1.4,1.1,0.61,723,398.62,,,276698,265196,293550,316554,0.23,نقدشوندگی پایین | اشباع خرید | P/E بالا (399) | 54٪ بالای MA200 | حد ضرر دور (8.0٪) | نقدشوندگی کمتر از ۱۰ میلیارد تومان
فسا,پتروشیمی فسا,محصولات شیمیایی,47.5,خنثی,100,50,45,25,864,20261003,6.2,12.6,18.6,-31.6,10.8,18.2,24.2,82.3,16,0,true,50.4,1.84,above,0,1.28,852,,-0.11,-0.11,6.72,0.67,0.18,47,18.38,,,852,844,912,943,2.44,نقدشوندگی پایین | اشباع خرید | سهم صفی: 16 روز از ۲۰ روز در صف (ریسک نقدشوندگی و اجرای حد ضرر) | نقدشوندگی کمتر از ۱۰ میلیارد تومان
لکما,کارخانجات‌مخابراتی‌ایران‌,ساخت دستگاه‌ها و وسایل ارتباطی,47.2,خنثی,90,50,30.7,10,1466,20261003,9.2,28.3,27.1,-23,12.9,28.2,26.8,92.5,7,0,true,46,2.27,above,-9.2,0.8,1291,1500,-8.56,-2.81,1.41,0.64,4.33,,,,,1433,1399,1500,1562,0.51,اشباع خرید | بدون EPS مثبت | سهم صفی: 7 روز از ۲۰ روز در صف (ریسک نقدشوندگی و اجرای حد ضرر) | نقدشوندگی کمتر از ۱۰ میلیارد تومان
بیوتیک,آنتی بیوتیک سازی ایران,مواد و محصولات دارویی,47.2,خنثی,65,50,56.7,14,30550,20261003,-2.7,-9.6,127.4,77.2,-10,7.7,80,43.7,5,0,false,44.7,3.7,above,-20.9,1.01,16181,31060,17.31,25.74,0.93,-14.62,25.25,1448,21.1,8.86,138.1,29419,28288,31060,32800,0.23,رشد عمودی (127٪ در ۶۰ روز، 8٪ بالای MA50) | توزیع: ورود حقیقی با سرانه خرید ضعیف (0.76 در ۲۰ روز) | 80٪ بالای MA200 | حد ضرر دور (7.4٪)
سباقر,سیمان باقران,سیمان، آهک و گچ,47.1,خنثی,100,60,4.4,16,407100,20261003,9.6,23.7,104.4,54.2,7.5,32.2,172.1,70.2,9,0,false,58.8,3.12,above,-3.3,0.93,344000,,-16.3,-36.8,0.86,-200.41,87.11,44486,9.15,6.69,36.8,394390,381679,445231,470651,1.5,سهم صفی: 9 روز از ۲۰ روز در صف (ریسک نقدشوندگی و اجرای حد ضرر) | رشد عمودی (104٪ در ۶۰ روز، 32٪ بالای MA50) | 172٪ بالای MA200
نیروترانسفو,کارخانجات تولیدی نیروترانسفو,ماشین آلات و دستگاه‌های برقی,47,خنثی,85,30,36,26,24690,20261003,-1.3,6,37.5,-12.6,-6.3,0.9,,44.9,7,0,false,29.2,3.59,above,-18.1,0.83,22850,27510,-6.37,-39.74,3.65,56.8,36.45,2731,9.04,5.95,51.9,23802,22471,27510,30140,1.27,واگرایی منفی RSI | خروج مستمر پول حقیقی | سهم صفی: 7 روز از ۲۰ روز در صف (ریسک نقدشوندگی و اجرای حد ضرر) | 206٪ بالای کف ۵۲ هفته | واگرایی منفی | حد ضرر دور (9.0٪)
وسالت,بانک قرض الحسنه رسالت,بانکها و موسسات اعتباری,47,خنثی,60,55,62,10,3980,20261003,6.1,1.8,3.9,-46.2,-0.4,7,-2.6,56.7,8,0,false,29.7,2.22,above,-44.5,0.98,3902,4214,2.49,-4.41,1.68,1.56,4.16,,,,,3902,3858,4214,4330,1.92,خروج مستمر پول حقیقی | بدون EPS مثبت | سهم صفی: 8 روز از ۲۰ روز در صف (ریسک نقدشوندگی و اجرای حد ضرر) | نقدشوندگی کمتر از ۱۰ میلیارد تومان
نتوس,پشم‌ بافی‌ توس,منسوجات,47,خنثی,100,60,35,25,2082,20261003,5,40.8,141.3,91.2,16.3,50.3,106,98.2,17,0,true,88.6,2.55,above,-1.6,0.28,1148,,0,0,6.75,1.43,1.12,156,13.35,,,2029,1976,2241,2347,1.5,نقدشوندگی پایین | اشباع خرید | فاصله زیاد از MA20 | سهم صفی: 17 روز از ۲۰ روز در صف (ریسک نقدشوندگی و اجرای حد ضرر) | رشد عمودی (141٪ در ۶۰ روز، 50٪ بالای MA50) | 106٪ بالای MA200 | نقدشوندگی کمتر از ۱۰ میلیارد تومان
شپنا,پالایش نفت اصفهان,فراورده های نفتی، کک و سوخت هسته ای,47,خنثی,85,63,1.5,34,13350,20261003,7.9,3.5,45.3,-4.8,-0.5,9.8,93.3,55.9,1,0,false,29.9,3.46,above,-9,0.79,12340,14670,-132.86,-75.9,0.69,-787.31,896.01,1816,7.35,6.26,17.4,12889,12197,14670,15593,1.14,93٪ بالای MA200 | سرانه خرید ضعیف (0.69) | حد ضرر دور (8.6٪)
ورنا,سرمایه‌گذاری‌ رنا(هلدینگ‌,خودرو و ساخت قطعات,46.9,خنثی,90,45,13.8,30,7190,20261003,-0.3,-1.8,31.9,-18.2,-4.3,11.3,46.5,50.8,2,0,false,42.3,3.71,above,-10,0.82,6995,7975,-32.45,-139.93,1.29,-82.51,105.65,218,32.98,,,6995,6861,7975,8509,2.39,واگرایی منفی RSI | خروج مستمر پول حقیقی | P/E بالا (33) | 155٪ بالای کف ۵۲ هفته | واگرایی منفی
کدما,معدنی‌ دماوند,استخراج کانه های فلزی,46.8,خنثی,85,55,1.3,40,88240,20261003,6.9,6.7,11.7,-38.5,-0.3,6.9,50.4,52.5,3,0,false,24.8,3.39,above,-11,1.03,83300,91475,-6.82,-13.79,0.83,-12.64,16.18,6579,13.41,13.76,-2.5,85245,81803,91475,99130,0.5,واگرایی منفی RSI | 50٪ بالای MA200 | واگرایی منفی | حد ضرر دور (7.3٪)
فنفت,صنایع تجهیزات نفت,فلزات اساسی,46.8,خنثی,95,55,5.3,24,4990,20261003,3.5,1.2,39.5,-10.6,1,7,39.8,55.4,0,0,false,22.2,3.3,above,-8.6,0.93,4810,5310,-0.56,-6.04,0.95,-2.35,6.82,529,9.43,8.05,17.2,4825,4728,5310,5460,1.22,نقدشوندگی کمتر از ۱۰ میلیارد تومان
سبزوا,سیمان لار سبزوار,سیمان، آهک و گچ,46.7,خنثی,100,75,2.8,4,13020,20261003,-2.5,45.3,74.1,23.9,10.3,33.7,90.6,74.4,10,0,true,64.7,3.12,above,-8.1,1.52,9780,14160,-34.99,-11.77,0.81,-42.71,23.04,615,21.17,6.69,216.5,12614,12209,14160,14971,1.41,سهم صفی: 10 روز از ۲۰ روز در صف (ریسک نقدشوندگی و اجرای حد ضرر) | رشد عمودی (74٪ در ۶۰ روز، 34٪ بالای MA50) | 91٪ بالای MA200
سدور,سیمان‌ دورود,سیمان، آهک و گچ,46.6,خنثی,90,65,16.5,10,33680,20261003,4.4,16.1,87.4,37.3,-0.1,26.2,85.3,61.3,6,0,false,54.2,3.63,above,-9.5,1.07,32130,37220,-0.97,11.77,0.63,-33.41,16.17,,,7.14,,32459,31519,37220,39662,1.64,بدون EPS مثبت | سهم صفی: 6 روز از ۲۰ روز در صف (ریسک نقدشوندگی و اجرای حد ضرر) | توزیع: ورود حقیقی با سرانه خرید ضعیف (0.63 در ۲۰ روز) | 85٪ بالای MA200 | سرانه خرید ضعیف (0.63)
سفارود,کارخانه فارسیت درود,سایر محصولات کانی غیرفلزی,46.5,خنثی,100,70,60,10,13850,20260930,10.2,47.1,98.8,48.7,19.5,50.8,96.3,98,16,0,true,89,1.68,above,0,0.16,7507,,0,30.88,5.02,1.89,2.4,,,,,13617,13384,14549,15014,1.5,نقدشوندگی پایین | اشباع خرید | فاصله زیاد از MA20 | بدون EPS مثبت | سهم صفی: 16 روز از ۲۰ روز در صف (ریسک نقدشوندگی و اجرای حد ضرر) | رشد عمودی (99٪ در ۶۰ روز، 51٪ بالای MA50) | 96٪ بالای MA200 | نقدشوندگی کمتر از ۱۰ میلیارد تومان | آخرین معامله 20260930 (متوقف یا کم‌معامله)
رانیز,کارخانجات رینگ اسپرت نورنی ریز,خودرو و ساخت قطعات,46.4,خنثی,20,30,77.5,60,18030,20261003,3.8,-2.6,22,-28.1,-2.3,-1.7,,47.8,0,0,false,17.1,3.09,,-9.7,0.8,17560,18520,13.43,11.36,6.06,73.02,31.33,3513,5.13,5.87,-12.6,17560,17281,18520,19867,0.65,
وسکاب,س.ص.بازنشستگی کارکنان بانکها,سرمایه گذاریها,46.4,خنثی,31,30,67.2,57,3240,20261003,4.2,-3.6,27,-23.2,-0.6,-3.1,45.5,47.7,0,0,false,18.9,3.41,inside,-17.3,0.59,3040,3500,5.68,3.7,1.23,3.63,14.01,437,7.41,7.13,4,3130,2985,3500,3920,1.02,توزیع: ورود حقیقی با سرانه خرید ضعیف (0.75 در ۲۰ روز) | 181٪ بالای کف ۵۲ هفته | حد ضرر دور (7.9٪)
مبین,مبین انرژی خلیج فارس,عرضه برق، گاز، بخاروآب گرم,46.2,خنثی,25,43,53.5,67,11710,20261003,-0.3,-9.3,-13.7,-63.8,-4.4,-16.3,6.8,34.1,0,0,true,26.9,4.24,below,-32.5,0.61,11415,12270,143.73,1782.7,0.64,-228.36,265.41,1581,7.41,7.09,4.5,11415,11166,12270,12930,1.03,توزیع: ورود حقیقی با سرانه خرید ضعیف (0.61 در ۲۰ روز) | 171٪ بالای کف ۵۲ هفته | سرانه خرید ضعیف (0.64)
سنیر,سیمان‌ سفید نی‌ریز,سیمان، آهک و گچ,46.2,خنثی,49,30,45.1,57,6710,20261003,0.1,-3.3,16.7,-33.4,-3.3,-2.6,47.5,45.4,1,0,false,15.7,3.93,inside,-13.8,1.25,6430,7100,0.3,-9.18,1.16,-16.85,9.56,963,6.97,7.14,-2.4,6446,6298,7100,7380,0.95,210٪ بالای کف ۵۲ هفته | نقدشوندگی کمتر از ۱۰ میلیارد تومان
خمحرکه,نیرو محرکه‌,خودرو و ساخت قطعات,46.1,خنثی,65,45,60.5,30,6020,20260929,3.3,-0.3,20.5,-29.6,-1.5,10.6,38.4,53.1,2,0,false,30.6,3.75,above,-10.7,0.84,5700,6260,0.66,0.42,2.75,-1.34,13.12,130,46.31,,,5794,5587,6260,6380,0.55,واگرایی منفی RSI | P/E بالا (46) | واگرایی منفی | حد ضرر دور (7.2٪) | آخرین معامله 20260929 (متوقف یا کم‌معامله)
زدشت,کشت و صنعت دشت خرم دره,زراعت و خدمات وابسته,45.9,خنثی,95,55,1.7,24,9910,20261003,6.9,10,26.9,-23.2,0.6,10.3,53,56.9,0,0,false,30.5,3.81,above,-7.8,0.92,9210,10180,-13.18,-6.37,0.81,-13.53,14.83,1023,9.69,8.07,20,9532,9021,10180,10750,0.3,واگرایی منفی RSI | 53٪ بالای MA200 | واگرایی منفی | حد ضرر دور (9.0٪)
تکاردان,تامین سرمایه کاردان,فعالیتهای کمکی به نهادهای مالی واسط,45.9,خنثی,80,55,35.5,68,2691,20260929,0.3,2,22.5,-27.7,0.2,9.7,54.4,60,0,0,false,24.5,3.34,above,-4.5,0.6,2609,2769,-1.55,-5.46,3.49,0.5,1.36,632,4.26,5.92,-28.1,2609,2564,2769,2818,0.61,نقدشوندگی پایین | خروج مستمر پول حقیقی | 54٪ بالای MA200 | نقدشوندگی کمتر از ۱۰ میلیارد تومان | شناوری کم (5٪) | آخرین معامله 20260929 (متوقف یا کم‌معامله)
تپولا,مهندسی مرآت پولاد,خدمات فنی و مهندسی,45.8,خنثی,100,75,33.1,10,20300,20261003,6.8,23.1,53.2,3.1,5,17,37.1,64.3,7,0,false,38.3,3.48,above,-6.2,0.92,19390,21640,0,0,1.52,2.04,1.35,,,,,19594,19037,21640,23053,1.06,نقدشوندگی پایین | بدون EPS مثبت | سهم صفی: 7 روز از ۲۰ روز در صف (ریسک نقدشوندگی و اجرای حد ضرر) | نقدشوندگی کمتر از ۱۰ میلیارد تومان
فماک,ماداکتو استیل کرد,فلزات اساسی,45.8,خنثی,100,65,2,9,32420,20261003,1.4,24.8,141.2,91.1,5.6,34.5,129.9,69.5,5,0,false,71.9,3.56,above,-5.8,1.06,31022,34050,-3.57,-11.81,0.77,-14.93,10.02,2086,15.54,8.05,93.1,31265,30444,34050,36360,0.82,واگرایی منفی RSI | خروج مستمر پول حقیقی | رشد عمودی (141٪ در ۶۰ روز، 34٪ بالای MA50) | 130٪ بالای MA200 | سرانه خرید ضعیف (0.77) | واگرایی منفی
خفنر,فنرسازی‌خاور,خودرو و ساخت قطعات,45.7,خنثی,65,30,45.7,35,2407,20261003,3,-10.6,16.5,-33.6,-3,3,48.1,48,4,0,false,23.4,4.05,above,-17.7,1.25,2267,2631,3.38,-8.56,1.17,-15.86,13.58,130,18.52,,,2309,2218,2631,2926,1.19,151٪ بالای کف ۵۲ هفته | حد ضرر دور (7.8٪)
شراز,پالایش نفت شیراز,فراورده های نفتی، کک و سوخت هسته ای,45.6,خنثی,85,65,2.5,26,92900,20261003,3.2,-5.3,64.7,14.5,-5.9,10,111,50.5,2,0,false,45.9,3.65,above,-17.8,0.68,89000,113000,-26.96,-24.17,0.6,-96.68,84.01,10165,9.14,6.26,46,89507,87304,113000,119786,3.59,111٪ بالای MA200 | سرانه خرید ضعیف (0.60) | شناوری کم (13٪)
دکوثر,داروسازی‌ کوثر,مواد و محصولات دارویی,45.5,خنثی,95,75,4.2,4,21400,20261003,6.8,8,150.6,100.4,4.9,17.5,89,61.9,1,0,false,36.5,3.39,above,-4.9,0.67,20420,22350,-29.01,-5.71,0.93,-19.39,51.19,1031,20.76,12.91,60.8,20674,20057,22350,23802,0.71,رشد عمودی (151٪ در ۶۰ روز، 17٪ بالای MA50) | 89٪ بالای MA200
قمرو,قند مرودشت‌,قند و شکر,45.5,خنثی,50,30,16,82,9760,20261003,-0.2,-0.6,17.2,-33,-5,-0.5,50.8,43.8,1,0,false,13.4,3.64,above,-13.4,0.82,9510,9870,-0.43,7.31,0.58,-14.52,7.86,1450,6.73,9.8,-31.3,9510,9332,9870,10180,0.26,بدون روند (ADX پایین) | توزیع: ورود حقیقی با سرانه خرید ضعیف (0.60 در ۲۰ روز) | 51٪ بالای MA200 | سرانه خرید ضعیف (0.58) | نقدشوندگی کمتر از ۱۰ میلیارد تومان
ولانا,شرکت لیزینگ آریا دانا,سایر واسطه گریهای مالی,45.5,خنثی,100,65,0,10,5040,20261003,-7.7,17.2,62.5,12.3,1.8,16.1,25.3,57.9,5,1,false,48,3.58,above,-11.7,1.21,4937,5710,-0.49,-0.08,0.72,-4.43,4.17,,,,,4937,4847,5710,6071,3.47,بدون EPS مثبت | سرانه خرید ضعیف (0.72) | نقدشوندگی کمتر از ۱۰ میلیارد تومان | صف فروش در ۵ روز اخیر
خزر,فنرسازی‌زر,خودرو و ساخت قطعات,45.4,خنثی,65,30,27.7,52,2043,20261003,3.7,-5.4,39.6,-10.5,-7.4,5.4,45.3,47.4,5,0,false,31.5,3.57,above,-19.5,0.98,1964,2537,1.01,-4.28,0.87,-9.66,11.93,394,5.19,,,1970,1927,2537,2683,4.28,
ثعتما,س. ساختمانی اعتماد گستر,انبوه سازی، املاک و مستغلات,45.3,خنثی,100,70,35,10,54690,20261003,10.3,30.5,117.2,67,19.5,34.1,72.8,87.1,1,0,true,52.7,3.57,above,-2.3,0.56,44602,,0,-4.4,1.67,2.4,1.77,,,,,52739,50788,60542,64444,1.5,نقدشوندگی پایین | واگرایی منفی RSI | اشباع خرید | فاصله زیاد از MA20 | خروج مستمر پول حقیقی | بدون EPS مثبت | رشد عمودی (117٪ در ۶۰ روز، 34٪ بالای MA50) | 73٪ بالای MA200 | واگرایی منفی | حد ضرر دور (7.1٪) | نقدشوندگی کمتر از ۱۰ میلیارد تومان
ساوه,سیمان ساوه,سیمان، آهک و گچ,45.1,خنثی,64,55,5.7,54,10980,20261003,5.9,6.9,-5.6,-55.7,-0.6,3.9,26.6,53,2,0,false,16.1,3.61,inside,-29.5,0.92,10650,11430,-6.33,-7.07,0.93,-5.07,17.21,1489,7.37,6.69,10.2,10650,10452,11430,12190,0.85,
وکار,بانک‌ کارآفرین‌,بانکها و موسسات اعتباری,44.4,خنثی,90,65,1.6,16,6060,20261003,-2.6,4.5,82.1,32,-1.6,23.6,110.5,62.3,0,0,false,54.6,3.31,above,-7.3,0.54,3500,6420,-54.16,-344.85,0.8,-47.34,43.79,650,9.32,5.4,72.6,5860,5659,6420,6540,0.9,خروج مستمر پول حقیقی | 111٪ بالای MA200
وملت,سرمایه گذاری ملت,سرمایه گذاریها,44.3,خنثی,100,50,45,32,4470,20260922,4,10.6,30.6,-19.6,5.1,11.8,23,99.4,20,0,true,92.6,0.86,above,-0.7,1.92,3935,,0,0,5.58,0.53,0.07,491,9.1,,,4432,4394,4585,4661,1.5,نقدشوندگی پایین | اشباع خرید | سهم صفی: 20 روز از ۲۰ روز در صف (ریسک نقدشوندگی و اجرای حد ضرر) | نقدشوندگی کمتر از ۱۰ میلیارد تومان | آخرین معامله 20260922 (متوقف یا کم‌معامله)
غالبر,لبنیات‌ کالبر,محصولات غذایی و آشامیدنی به جز قند و شکر,44.2,خنثی,75,70,20.7,10,32250,20261003,4,16.1,20,-30.2,3.5,12,-7,59.4,4,0,true,20.6,3.34,above,-36.1,1.04,31325,33013,-0.4,1.67,0.95,-20.51,16.56,,,8.53,,31325,30787,33013,33890,0.52,بدون EPS مثبت | توزیع: ورود حقیقی با سرانه خرید ضعیف (0.86 در ۲۰ روز)
وفیروزه,گروه توسعه مالی فیروزه,سرمایه گذاریها,44.2,خنثی,68,55,35,16,5230,20261003,3.4,3,25.4,-24.7,0.2,5.3,,53.7,1,0,false,16.4,3.29,,-7.9,0.61,5010,5495,-6.9,-86.86,5.01,35.5,17.94,451,11.6,7.13,62.6,5058,4924,5495,5680,0.87,واگرایی منفی RSI | خروج مستمر پول حقیقی | واگرایی منفی
کهرام,تولیدی گرانیت بهسرام,کاشی و سرامیک,44.1,خنثی,100,70,50.5,10,36450,20260930,5,20.9,52.3,2.2,10,26.1,56.2,85.4,8,0,true,61.2,2.34,above,-2.6,0.85,32582,,0,0.05,2.93,0.81,0.66,,,,,35599,34747,39004,40707,1.5,نقدشوندگی پایین | اشباع خرید | بدون EPS مثبت | سهم صفی: 8 روز از ۲۰ روز در صف (ریسک نقدشوندگی و اجرای حد ضرر) | 56٪ بالای MA200 | نقدشوندگی کمتر از ۱۰ میلیارد تومان | آخرین معامله 20260930 (متوقف یا کم‌معامله)
فمراد,آلومراد,فلزات اساسی,44,خنثی,100,45,9.9,10,3830,20261003,0.8,10.4,36,-14.1,2,14.2,40.2,61.2,3,0,false,36.2,3.59,above,-6.6,1.01,3780,4100,-1.38,-3.15,1.16,-4.93,7.26,,,13.48,,3780,3711,4100,4375,2.27,واگرایی منفی RSI | بدون EPS مثبت | واگرایی منفی | نقدشوندگی کمتر از ۱۰ میلیارد تومان
نوین,بیمه نوین,بیمه وصندوق بازنشستگی به جزتامین اجتماعی,43.9,خنثی,90,65,1.5,14,10030,20261003,-13.7,22.2,146.5,96.4,-2,18.9,152.5,54.1,4,4,false,59.8,3.23,above,-15.1,0.73,8880,11820,-35.87,-20.35,0.08,-40.28,11.61,358,28.02,18.13,54.5,9706,9382,11820,12468,2.76,واگرایی منفی RSI | خروج مستمر پول حقیقی | رشد عمودی (146٪ در ۶۰ روز، 19٪ بالای MA50) | 152٪ بالای MA200 | سرانه خرید ضعیف (0.08) | واگرایی منفی | صف فروش در ۵ روز اخیر
نوری,پتروشیمی نوری,محصولات شیمیایی,43.9,خنثی,100,38,16,9,49810,20261003,2,38.8,50.1,-0.1,8.4,32.9,69.1,70.9,6,0,false,57.8,3.09,above,-3.8,0.91,47560,51760,-658.35,252.1,0.67,-783.36,523.16,3744,13.3,9.63,38.2,48270,46790,51760,54839,0.65,سهم صفی: 6 روز از ۲۰ روز در صف (ریسک نقدشوندگی و اجرای حد ضرر) | رشد عمودی (50٪ در ۶۰ روز، 33٪ بالای MA50) | توزیع: ورود حقیقی با سرانه خرید ضعیف (0.70 در ۲۰ روز) | 69٪ بالای MA200 | سرانه خرید ضعیف (0.67) | شناوری کم (9٪)
تاپکیش,تجارت الکترونیک پارسیان کیش,رایانه و فعالیت‌های وابسته به آن,43.7,خنثی,33,40,89,14,2542,20261003,5.2,1.2,18.6,-31.6,-0.8,-7.5,44.5,47.2,0,0,false,16.4,3.69,below,-23.3,1.16,2482,2676,27.34,20.45,5.59,23.49,10.21,96,26.48,8.89,197.9,2482,2435,2676,2856,1.25,توزیع: ورود حقیقی با سرانه خرید ضعیف (0.84 در ۲۰ روز) | 204٪ بالای کف ۵۲ هفته
آینده,بازرگانی آینده سازان بهشت پارس,زراعت و خدمات وابسته,43.6,خنثی,90,70,60.5,10,4930,20260928,8.6,35.1,52.1,2,14.1,18,10.2,82.3,20,0,true,37.3,2.02,above,-29.5,1.33,4804,5303,0,0.24,4.8,0.7,0.27,,,,,4830,4754,5303,5820,2.11,نقدشوندگی پایین | اشباع خرید | بدون EPS مثبت | سهم صفی: 20 روز از ۲۰ روز در صف (ریسک نقدشوندگی و اجرای حد ضرر) | نقدشوندگی کمتر از ۱۰ میلیارد تومان | آخرین معامله 20260928 (متوقف یا کم‌معامله)
بالبر,کابل‌ البرز,ماشین آلات و دستگاه‌های برقی,43.6,خنثی,80,45,18.3,24,27340,20261003,-1.3,2.2,16.8,-33.4,-0.8,10.1,6.2,54.3,0,0,false,22.4,3.89,above,-35.3,0.65,26640,27760,0,2.06,0.89,-1.37,6.27,309,88.48,6.15,1338.7,26640,26109,27760,28605,0.34,P/E بالا (88) | توزیع: ورود حقیقی با سرانه خرید ضعیف (0.85 در ۲۰ روز) | نقدشوندگی کمتر از ۱۰ میلیارد تومان
حگهر,حمل و نقل گهرترابر سیرجان,حمل ونقل، انبارداری و ارتباطات,43.6,خنثی,41,40,26,67,2887,20261003,-0.1,0.6,22.9,-27.3,-3.2,-1.8,8.8,46.1,5,0,false,20.7,3.39,inside,-29.8,0.45,2850,2921,-2.24,23.65,0.7,-4.87,7.53,397,7.27,7.68,-5.3,2850,2801,2921,3120,0.4,واگرایی منفی RSI | توزیع: ورود حقیقی با سرانه خرید ضعیف (0.86 در ۲۰ روز) | سرانه خرید ضعیف (0.70) | واگرایی منفی | نقدشوندگی کمتر از ۱۰ میلیارد تومان
فجوش,جوش‌ و اکسیژن‌ ایران‌,ساخت محصولات فلزی,43.4,خنثی,100,60,35.5,10,5320,20261003,4.9,17.2,138.3,88.2,10.6,32.8,139.1,92,8,0,true,66.7,2.03,above,-0.4,0.46,4630,,0,-0.46,1.74,0.34,0.94,,,,,5212,5104,5644,5861,1.5,نقدشوندگی پایین | اشباع خرید | بدون EPS مثبت | سهم صفی: 8 روز از ۲۰ روز در صف (ریسک نقدشوندگی و اجرای حد ضرر) | رشد عمودی (138٪ در ۶۰ روز، 33٪ بالای MA50) | 139٪ بالای MA200 | نقدشوندگی کمتر از ۱۰ میلیارد تومان
سیلام,سیمان‌ ایلام‌,سیمان، آهک و گچ,43.4,خنثی,95,55,6.4,9,22610,20261003,4.7,6.2,36.4,-13.8,1.8,11.9,39.8,57.6,0,0,false,21.8,3.68,above,-3.3,0.93,20810,23320,-6.44,-17.25,1.04,-7.61,6.12,1179,19.18,7.14,168.6,21778,20530,23320,24984,0.34,خروج مستمر پول حقیقی | حد ضرر دور (9.2٪) | نقدشوندگی کمتر از ۱۰ میلیارد تومان
بزاگرس,نیروگاه زاگرس کوثر,عرضه برق، گاز، بخاروآب گرم,43.3,خنثی,65,30,52.4,19,7450,20261003,0.3,-12,36.1,-14.1,-9.5,4.8,39.1,42.6,1,0,false,28.9,4.03,above,-21,0.6,6123,9430,0.45,11.2,0.85,-4.16,7.74,466,15.99,10.04,59.2,7149,6849,9430,10031,3.29,توزیع: ورود حقیقی با سرانه خرید ضعیف (0.76 در ۲۰ روز) | حد ضرر دور (8.1٪) | نقدشوندگی کمتر از ۱۰ میلیارد تومان
تشتاد,صنایع تولیدی اشتاد ایران‌,خودرو و ساخت قطعات,43.3,خنثی,100,60,35,10,7680,20261003,8.5,45.8,52.5,2.4,17.8,38.7,50.1,81.8,6,1,true,56.1,2.96,above,-2.8,1.11,6400,,0,-0.12,1.65,2.18,1.06,,,,,7453,7226,8361,8816,1.5,نقدشوندگی پایین | اشباع خرید | فاصله زیاد از MA20 | بدون EPS مثبت | سهم صفی: 6 روز از ۲۰ روز در صف (ریسک نقدشوندگی و اجرای حد ضرر) | رشد عمودی (53٪ در ۶۰ روز، 39٪ بالای MA50) | 50٪ بالای MA200 | نقدشوندگی کمتر از ۱۰ میلیارد تومان | صف فروش در ۵ روز اخیر
حشکوه,دلیجان طلایی شکوه پارس,حمل ونقل، انبارداری و ارتباطات,43.2,خنثی,55,30,52.9,30,1303,20261003,5,-2.8,-9.8,-60,-3.6,2.9,0.4,48,3,0,false,19.5,3.69,above,-24.5,0.55,1271,1351,0.14,15.41,0.85,-4.16,10.14,28,46.54,,,1271,1247,1351,1387,0.86,واگرایی منفی RSI | P/E بالا (47) | واگرایی منفی
غبشهر,صنعتی‌ بهشهر,محصولات غذایی و آشامیدنی به جز قند و شکر,43.1,خنثی,100,60,0.5,24,19210,20260930,5.5,20.6,246,195.9,6.7,38.3,223.5,76,7,0,false,75.5,3.09,above,-1.9,0.99,16520,19540,-50.16,-112.27,0.59,-128.49,71.06,2019,9.51,8.53,11.5,18616,18022,19540,20728,0.28,خروج مستمر پول حقیقی | سهم صفی: 7 روز از ۲۰ روز در صف (ریسک نقدشوندگی و اجرای حد ضرر) | رشد عمودی (246٪ در ۶۰ روز، 38٪ بالای MA50) | 223٪ بالای MA200 | سرانه خرید ضعیف (0.59) | آخرین معامله 20260930 (متوقف یا کم‌معامله)
کارام,صنایع سرام آرا,کاشی و سرامیک,43.1,خنثی,90,80,50.5,10,2034,20260922,9.8,12.7,-8.7,-58.9,11.5,19.7,0.3,67.5,3,0,true,25.1,3.33,above,-24.6,0.99,1968,2122,-0.03,0.44,3.21,0.07,0.49,,,,,1968,1934,2122,2166,0.88,نقدشوندگی پایین | بدون EPS مثبت | نقدشوندگی کمتر از ۱۰ میلیارد تومان | آخرین معامله 20260922 (متوقف یا کم‌معامله)
وتجارت,بانک تجارت,بانکها و موسسات اعتباری,43,خنثی,85,53,1.5,26,925,20261003,1.1,-5.9,45.5,-4.7,-2,11.4,67.1,52.9,1,0,false,38.6,3.68,above,-11.2,0.71,866,953,-685.84,-2150.56,0.67,-839.84,817.22,105,8.81,5.4,63.1,891,849,953,1015,0.37,خروج مستمر پول حقیقی | 67٪ بالای MA200 | سرانه خرید ضعیف (0.67) | حد ضرر دور (8.2٪)
ساروج,بین المللی ساروج بوشهر,سیمان، آهک و گچ,42.8,خنثی,56,30,2,78,57250,20261003,0.9,3.9,-4.4,-54.5,-1.8,0.4,9,48,1,0,false,14.9,3.39,inside,-18,0.86,55712,59320,-5.75,-0.88,0.6,-9.41,4.99,11890,4.81,6.69,-28,55712,54741,59320,61211,0.83,بدون روند (ADX پایین) | سرانه خرید ضعیف (0.60) | نقدشوندگی کمتر از ۱۰ میلیارد تومان
حرهشا,رهشاد سپاهان (سهامی عام,حمل ونقل، انبارداری و ارتباطات,42.6,خنثی,90,75,22.5,20,29600,20261003,-0.2,4.6,58.4,8.2,-0.6,10.4,33.9,60.4,0,0,false,36.4,3.51,above,-6.7,1.18,29160,30336,-1.57,-4.95,1.06,0.21,1.34,351,84.33,,,29160,28640,30336,31718,0.77,نقدشوندگی پایین | واگرایی منفی RSI | خروج مستمر پول حقیقی | P/E بالا (84) | واگرایی منفی | نقدشوندگی کمتر از ۱۰ میلیارد تومان
بکهنوج,تولید برق ماهتاب کهنوج,عرضه برق، گاز، بخاروآب گرم,42.5,خنثی,85,63,27.6,10,1254,20260930,3.5,0.2,41.7,-8.4,-2.3,8,,52.5,4,1,false,31.8,3.5,above,-12.4,0.88,1211,1293,-0.33,-5.67,1.22,1.77,3.26,,,,,1211,1189,1293,1432,0.59,خروج مستمر پول حقیقی | بدون EPS مثبت | نقدشوندگی کمتر از ۱۰ میلیارد تومان | صف فروش در ۵ روز اخیر | آخرین معامله 20260930 (متوقف یا کم‌معامله)
آریان,سرمایه گذاری پارس آریان,سرمایه گذاریها,42.5,خنثی,100,50,1,9,7860,20261003,-0.5,23.8,53.5,3.4,6.7,26,67.5,78.8,1,0,false,69.6,3.02,above,-2.7,0.77,6650,8080,-95.51,-232.76,0.34,-91.61,35.37,492,15.98,8.73,83,7623,7386,8080,8554,0.46,اشباع خرید | خروج مستمر پول حقیقی | 67٪ بالای MA200 | سرانه خرید ضعیف (0.34)
قنقش,قند نقش جهان,قند و شکر,42.5,خنثی,90,63,1.5,10,1998,20261003,5.9,13.7,46.1,-4.1,2.5,9.9,8.1,61.7,1,0,false,27.4,3.81,above,-28.1,0.83,1960,2067,-0.6,-3.38,0.68,-6.19,5,,,,,1960,1922,2067,2124,0.91,بدون EPS مثبت | سرانه خرید ضعیف (0.68) | نقدشوندگی کمتر از ۱۰ میلیارد تومان
بمولد,مولد نیروگاهی تجارت فارس,عرضه برق، گاز، بخاروآب گرم,42.4,خنثی,50,30,38.5,47,8500,20261003,-3.4,-6.3,38.2,-11.9,-6,-0.4,43.6,44.1,3,0,false,24,3.7,above,-16.5,0.94,8090,8950,-10.64,-2.32,2.49,9.81,7.46,778,10.93,10.04,8.8,8185,7933,8950,9160,0.79,نقدشوندگی کمتر از ۱۰ میلیارد تومان
چنوپا,نیوپان‌ 22 بهمن‌,محصولات چوبی,42.3,خنثی,63,45,17.4,40,16450,20261003,-2.7,4.4,-1.9,-52.1,2.5,6.8,-16.6,54.5,4,0,false,18.8,3.49,above,-50.5,1.21,16250,16879,0,9.73,0.88,-11.26,11.94,620,26.53,,,16250,15963,16879,17439,0.88,توزیع: ورود حقیقی با سرانه خرید ضعیف (0.83 در ۲۰ روز)
سیمرغ,سیمرغ,زراعت و خدمات وابسته,42.3,خنثی,85,50,1,26,5110,20261003,-2.3,4.9,57.5,7.3,-7.3,10.8,85,47.3,5,0,false,47.6,3.32,above,-18.5,1.47,4860,5240,-1.4,-65.43,0.49,-65.92,19.6,513,9.96,6.33,57.4,4940,4775,5240,6270,0.39,واگرایی منفی RSI | خروج مستمر پول حقیقی | 85٪ بالای MA200 | سرانه خرید ضعیف (0.49) | واگرایی منفی
حکشتی,کشتیرانی جمهوری اسلامی ایران,حمل ونقل، انبارداری و ارتباطات,42.1,خنثی,70,20,46.5,22,8290,20261003,-6.5,-2.6,19.5,-30.7,-6.7,2.3,28.4,44.3,3,0,false,32.2,3.85,above,-15.3,0.63,8084,8598,-12.87,387.02,2.19,-140.97,113.92,331,25.05,19.33,29.6,8084,7924,8598,9378,0.84,واگرایی منفی RSI | توزیع: ورود حقیقی با سرانه خرید ضعیف (0.68 در ۲۰ روز) | واگرایی منفی
خعمرا,توسعه و عمران شهرستان نائین,خودرو و ساخت قطعات,41.7,خنثی,100,55,17.8,25,7250,20261003,-0.7,18.1,39.4,-10.8,9.4,27.4,42.4,72.5,5,1,true,42.4,3.28,above,-3.7,1.52,6900,7530,-0.04,0.03,0.91,-3.87,1.85,458,15.83,,,7012,6781,7530,8006,0.6,نقدشوندگی پایین | نقدشوندگی کمتر از ۱۰ میلیارد تومان | صف فروش در ۵ روز اخیر
بمپنا,تولید برق عسلویه  مپنا,عرضه برق، گاز، بخاروآب گرم,41.5,خنثی,65,50,29,19,7580,20261003,-2.4,-0.1,51.3,1.2,-8.6,10.7,45.8,45.9,2,0,false,35,3.62,above,-19.3,0.37,7270,9390,3,-47.29,0.92,-1.9,17.78,576,13.16,10.04,31.1,7305,7133,9390,9939,4.05,خروج مستمر پول حقیقی
سخاش,سیمان‌خاش‌,سیمان، آهک و گچ,41.2,خنثی,65,30,6,57,12560,20261003,3.5,-3.2,14.8,-35.3,-4.1,2.6,38.5,48.9,0,0,false,18.1,3.52,above,-13.1,0.54,12110,12790,-1.66,-68.64,0.94,-6.31,15.87,1929,6.51,7.14,-8.8,12118,11889,12790,14045,0.34,خروج مستمر پول حقیقی | 174٪ بالای کف ۵۲ هفته
خبازرس,بازرسی مهندسی و صنعتی ایران,فعالیت مهندسی، تجزیه، تحلیل و آزمایش فنی,41.2,خنثی,95,75,8.9,42,30590,20260930,7.4,1.2,81.8,31.6,0.2,12.4,78.9,56.9,1,0,false,34.2,4.01,above,-12,0.85,29336,32543,-1.7,-3.26,1.16,-0.49,1.26,2944,10.39,,,29362,28722,32543,34758,1.05,نقدشوندگی پایین | خروج مستمر پول حقیقی | 79٪ بالای MA200 | نقدشوندگی کمتر از ۱۰ میلیارد تومان | آخرین معامله 20260930 (متوقف یا کم‌معامله)
زفکا,کشت و دامداری فکا,زراعت و خدمات وابسته,40.9,خنثی,65,40,19.6,34,8150,20261003,2.8,5,16.8,-33.3,-2.6,3,45.6,49.2,2,0,false,14.3,3.77,above,-11.5,1.27,7808,8470,-19.83,-2.54,1.12,-80.07,29.98,910,8.96,8.07,11,7843,7654,8470,9210,0.65,بدون روند (ADX پایین) | 228٪ بالای کف ۵۲ هفته
قجام,فرآوردههای غذایی وقندتربت‌جام‌,قند و شکر,40.8,خنثی,85,45,13.3,52,13950,20261003,-1,1.5,39.9,-10.2,-2.1,6.1,48.3,50.1,2,0,false,26.6,3.79,above,-10.1,1.24,13415,14110,-0.28,-0.59,1.33,-1.95,2.81,2650,5.26,,,13421,13150,14110,14580,0.2,نقدشوندگی پایین | 153٪ بالای کف ۵۲ هفته | نقدشوندگی کمتر از ۱۰ میلیارد تومان
خنور,نورایستا پلاستیک,خودرو و ساخت قطعات,40.8,خنثی,65,30,35,26,8200,20261003,5.1,-19.1,33,-17.1,-7.2,1.2,15.7,44.6,3,0,false,28.7,3.8,above,-21.5,1.13,7900,8306,-8.48,-25.53,1.82,26.64,16.28,745,11.01,5.87,87.5,7900,7744,8306,8720,0.23,خروج مستمر پول حقیقی
پشاهن,تولیدی پلاستیک‌ شاهین,لاستیک و پلاستیک,40.7,خنثی,100,70,21.9,25,121100,20260927,11.3,35.4,85.8,35.6,18,36.3,62.7,93.1,20,0,true,60.8,2.47,above,0,1.72,91457,,0,0,1.28,-0.45,0.15,7250,16.7,,,118109,115118,130074,136056,1.5,نقدشوندگی پایین | واگرایی منفی RSI | اشباع خرید | فاصله زیاد از MA20 | سهم صفی: 20 روز از ۲۰ روز در صف (ریسک نقدشوندگی و اجرای حد ضرر) | رشد عمودی (86٪ در ۶۰ روز، 36٪ بالای MA50) | 63٪ بالای MA200 | واگرایی منفی | نقدشوندگی کمتر از ۱۰ میلیارد تومان | آخرین معامله 20260927 (متوقف یا کم‌معامله)
انرژی,بورس انرژی ایران,فعالیتهای کمکی به نهادهای مالی واسط,40.6,خنثی,65,30,46.5,14,22640,20261003,5.4,-5,18.3,-31.8,-4.3,3,55.1,47.9,0,0,false,27,3.86,above,-13.2,0.59,21470,23535,12.05,30.15,0.98,-26.74,72.94,522,43.37,5.92,632.6,21766,21033,23535,25950,0.56,P/E بالا (43) | توزیع: ورود حقیقی با سرانه خرید ضعیف (0.72 در ۲۰ روز) | 55٪ بالای MA200 | حد ضرر دور (7.1٪)
وارس,سرمایه گذاری ارس صبا,سرمایه گذاریها,40.6,خنثی,31,30,61,60,14840,20260929,1.2,-2.8,18.2,-31.9,-3,-7.9,39.9,42.9,4,0,false,26.1,3.9,inside,-23.5,0.47,14353,15040,0.05,-25.42,5.17,1.65,8.53,3770,3.94,,,14353,14064,15040,17150,0.26,خروج مستمر پول حقیقی | 191٪ بالای کف ۵۲ هفته | نقدشوندگی کمتر از ۱۰ میلیارد تومان | آخرین معامله 20260929 (متوقف یا کم‌معامله)
فلات,گروه صنایع معادن فلات ایرانیان,سرمایه گذاریها,40.4,خنثی,100,70,35.5,10,28940,20260928,15.8,55.6,172,121.9,26.1,57,107.3,93.3,12,0,true,71.4,2.59,above,0,0.4,19650,,-0.93,-17.75,4.45,1.36,2.32,,,,,28190,27441,31189,32689,1.5,نقدشوندگی پایین | اشباع خرید | فاصله زیاد از MA20 | خروج مستمر پول حقیقی | بدون EPS مثبت | سهم صفی: 12 روز از ۲۰ روز در صف (ریسک نقدشوندگی و اجرای حد ضرر) | رشد عمودی (172٪ در ۶۰ روز، 57٪ بالای MA50) | 107٪ بالای MA200 | نقدشوندگی کمتر از ۱۰ میلیارد تومان | آخرین معامله 20260928 (متوقف یا کم‌معامله)
بساما,بیمه سامان,بیمه وصندوق بازنشستگی به جزتامین اجتماعی,40.4,خنثی,100,38,1,10,15070,20261003,-3.3,32,44.7,-5.4,7.2,24.5,43.3,73.1,0,0,false,53.7,3.26,above,-5.8,0.69,12900,15990,-10.12,-15.6,0.46,-9.8,4.89,,,18.13,,14579,14088,15990,16972,0.94,خروج مستمر پول حقیقی | بدون EPS مثبت | سرانه خرید ضعیف (0.46) | نقدشوندگی کمتر از ۱۰ میلیارد تومان
غگز,صنایع غذایی سکه,محصولات غذایی و آشامیدنی به جز قند و شکر,40.3,خنثی,25,55,63,24,3300,20261003,8.9,-4.3,-42.8,-93,-3.7,-9.4,0.8,44,5,0,true,23.6,3.66,below,-46.8,0.48,3080,3371,4.2,16.63,2.26,-5.56,32.01,81,40.74,7.05,477.9,3179,3020,3371,3920,0.25,P/E بالا (41) | توزیع: ورود حقیقی با سرانه خرید ضعیف (0.64 در ۲۰ روز) | حد ضرر دور (8.5٪)
شتهران,داروسازی تهران شیمی,مواد و محصولات دارویی,40.3,خنثی,50,70,35,70,6770,20260928,3.1,10.6,-17.4,-67.6,5.7,1.3,-22.7,67.2,20,0,true,37.4,0.92,below,-40.5,0.91,6004,6951,0,0,3.8,0.29,0.1,1711,3.96,,,6707,6645,6951,7136,1.44,نقدشوندگی پایین | سهم صفی: 20 روز از ۲۰ روز در صف (ریسک نقدشوندگی و اجرای حد ضرر) | نقدشوندگی کمتر از ۱۰ میلیارد تومان | آخرین معامله 20260928 (متوقف یا کم‌معامله)
بالاس,مهندسی ساختمان تاسیسات راه آهن,پیمانکاری صنعتی,40.2,خنثی,39,55,25,45,50430,20261003,4.8,3.7,-3,-53.2,-0.6,5.2,-6.1,52,1,0,false,18.7,3.6,inside,-38.2,0.67,49900,52000,-0.09,-0.14,1.16,5.48,12.31,1907,26.44,25.78,2.6,49900,48992,52000,56600,1.09,
غنوش,نوش‌ مازندران‌,محصولات غذایی و آشامیدنی به جز قند و شکر,40.2,خنثی,83,55,3,14,18070,20261003,7.4,9.1,0.9,-49.3,0.6,6,42.4,54.6,5,0,false,17.4,3.4,above,-10.2,0.48,17290,19740,-32.12,-82.97,0.86,-22.01,72.1,487,37.1,8.53,335,17456,16983,19740,20120,1.54,خروج مستمر پول حقیقی | P/E بالا (37) | 196٪ بالای کف ۵۲ هفته
خساپا,سایپا,خودرو و ساخت قطعات,40.1,خنثی,65,30,48.3,10,688,20261003,1.3,-4.3,18.6,-31.5,-5,8.2,29,49.2,1,0,false,25.4,3.69,above,-12.7,0.84,669,788,286.49,301.55,1.01,-170.52,428.61,,,,,669,656,788,839,3.15,بدون EPS مثبت | توزیع: ورود حقیقی با سرانه خرید ضعیف (0.66 در ۲۰ روز)
بپاس,بیمه پاسارگاد,بیمه وصندوق بازنشستگی به جزتامین اجتماعی,40,خنثی,100,45,0,4,13020,20261003,1.8,6.2,52.3,2.1,2.9,9.9,75.7,87.1,0,0,false,23.2,1.51,above,-0.2,0.67,12860,,-23.01,-149.35,0.46,-23.21,11.8,484,26.9,18.13,48.4,12860,12762,13611,14005,2.29,اشباع خرید | خروج مستمر پول حقیقی | 76٪ بالای MA200 | سرانه خرید ضعیف (0.46)
غناب,روغن‌ نباتی‌ ناب,محصولات غذایی و آشامیدنی به جز قند و شکر,39.8,اجتناب,75,53,7,20,1182,20261003,2.1,5,47,-3.1,1.3,11.9,40.5,56,1,0,false,19.1,3.75,above,-5.7,0.89,1098,1226,-0.87,-8.5,1.02,-2.8,6.96,41,28.83,,,1138,1076,1226,1253,0.41,خروج مستمر پول حقیقی | حد ضرر دور (9.0٪) | نقدشوندگی کمتر از ۱۰ میلیارد تومان
قنیشا,قند  نیشابور,قند و شکر,39.5,اجتناب,90,53,3.4,4,3380,20261003,1.5,11.1,47.3,-2.9,0,13.3,42.3,56.4,0,0,false,52.7,3.35,above,-6.4,1.01,3260,3610,-2.56,-11.17,0.9,-4.93,5.13,119,28.4,9.8,189.8,3267,3203,3610,3837,1.3,واگرایی منفی RSI | خروج مستمر پول حقیقی | واگرایی منفی | نقدشوندگی کمتر از ۱۰ میلیارد تومان
حآسا,آسیا سیر ارس,حمل ونقل، انبارداری و ارتباطات,39.5,اجتناب,85,45,5.8,14,4510,20261003,0.4,-2.8,25.6,-24.5,-2.9,7.1,31.8,52.3,2,0,false,25,3.68,above,-10.2,0.79,4270,5020,-0.16,-2.09,0.95,-1.42,4.57,152,29.67,7.68,286.3,4344,4187,5020,5352,1.58,حد ضرر دور (7.2٪) | نقدشوندگی کمتر از ۱۰ میلیارد تومان
ودانا,سرمایه گذاری دانایان,سرمایه گذاریها,39.1,اجتناب,100,53,11.9,42,5430,20260929,1.9,19.3,42.1,-8,4,19.3,25.4,65.7,6,1,false,49.8,3.19,above,-15.3,0.77,5313,5774,0,0,1.27,-0.36,1.89,487,11.15,,,5313,5226,5774,5888,1.69,نقدشوندگی پایین | سهم صفی: 6 روز از ۲۰ روز در صف (ریسک نقدشوندگی و اجرای حد ضرر) | نقدشوندگی کمتر از ۱۰ میلیارد تومان | صف فروش در ۵ روز اخیر | آخرین معامله 20260929 (متوقف یا کم‌معامله)
وهنر,گروه توسعه هنر ایران,فعالیت های هنری، سرگرمی و خلاقانه,38.8,اجتناب,75,63,4.7,10,4810,20261003,10.1,4.8,41.8,-8.4,4.1,17.9,-22.1,64.3,0,0,false,27.2,3.63,above,-51.5,0.78,4430,4980,-9.49,-21.97,0.93,-5.81,4.81,,,,,4635,4373,4980,7220,0.39,واگرایی منفی RSI | خروج مستمر پول حقیقی | بدون EPS مثبت | واگرایی منفی | حد ضرر دور (9.1٪) | نقدشوندگی کمتر از ۱۰ میلیارد تومان
خکاوه,سایپا دیزل,خودرو و ساخت قطعات,38.8,اجتناب,65,50,2,35,861,20261003,-2.2,-7.3,67.2,17,-4.7,1.7,24,45.6,0,0,false,26.6,4.06,above,-13,1.17,796,891,-24.49,-22.34,0.7,-93.36,58.41,53,16.25,,,826,778,891,947,0.36,واگرایی منفی RSI | سرانه خرید ضعیف (0.70) | واگرایی منفی | حد ضرر دور (9.6٪)
فرابورس,فرابورس ایران,فعالیتهای کمکی به نهادهای مالی واسط,38.7,اجتناب,78,55,8.4,9,7340,20261003,4,8.3,13.7,-36.5,-0.3,7.9,47.4,54.3,1,0,false,16.9,3.54,above,-8.4,0.76,6940,7460,-2.46,-15.54,1.1,-2.2,81.24,441,16.64,9.46,75.9,7080,6810,7460,8010,0.23,172٪ بالای کف ۵۲ هفته | حد ضرر دور (7.2٪)
شپلی,پلی اکریل ایران,محصولات شیمیایی,38.6,اجتناب,70,50,0.5,30,6140,20261003,-7,7.2,69.4,19.3,-7.5,3.7,112.3,45.5,9,1,false,33.8,3.63,above,-17,1.85,5740,7400,-20,-24.91,0.59,-126.61,43.19,237,25.91,,,5917,5629,7400,7846,2.46,سهم صفی: 9 روز از ۲۰ روز در صف (ریسک نقدشوندگی و اجرای حد ضرر) | 112٪ بالای MA200 | سرانه خرید ضعیف (0.59) | حد ضرر دور (8.3٪) | صف فروش در ۵ روز اخیر
قشیر,قند شیروان قوچان و بجنورد,قند و شکر,37.9,اجتناب,65,55,5.5,24,16180,20261003,4.1,2.4,36.4,-13.7,-1.8,9.4,46.2,54.5,0,0,false,25.5,3.77,above,-9.4,0.87,15950,17860,-2.05,-7.85,0.98,-0.79,7.52,1524,10.62,9.57,10.9,15950,15645,17860,19081,3.14,خروج مستمر پول حقیقی | نقدشوندگی کمتر از ۱۰ میلیارد تومان
وآتوس,گروه سرمایه گذاری توسکا,سرمایه گذاریها,37.9,اجتناب,65,38,53,10,1474,20260927,-8.4,2.5,43.6,-6.5,-2.3,5.7,-2.6,49.5,3,1,false,29.3,3.63,above,-43.2,1.03,1447,1497,1.48,7.2,0.62,-7.33,6.15,,,,,1447,1420,1497,1533,0.43,بدون EPS مثبت | توزیع: ورود حقیقی با سرانه خرید ضعیف (0.84 در ۲۰ روز) | سرانه خرید ضعیف (0.62) | نقدشوندگی کمتر از ۱۰ میلیارد تومان | صف فروش در ۵ روز اخیر | آخرین معامله 20260927 (متوقف یا کم‌معامله)
تفیرو,مهندسی فیروزا,ماشین آلات و تجهیزات,37.8,اجتناب,100,70,15,20,284500,20260930,10,40.5,104,53.8,18,43.6,193.1,100,20,0,true,95.9,1.55,above,0,1.3,160990,,0,0,1,-0.14,0.12,6541,43.49,,,280077,275654,297769,306615,1.5,نقدشوندگی پایین | اشباع خرید | فاصله زیاد از MA20 | سهم صفی: 20 روز از ۲۰ روز در صف (ریسک نقدشوندگی و اجرای حد ضرر) | رشد عمودی (104٪ در ۶۰ روز، 44٪ بالای MA50) | P/E بالا (43) | 193٪ بالای MA200 | نقدشوندگی کمتر از ۱۰ میلیارد تومان | آخرین معامله 20260930 (متوقف یا کم‌معامله)
پلاسک,پلاسکوکار,لاستیک و پلاستیک,37.4,اجتناب,85,40,5.7,10,5590,20261003,1.1,0.4,19.2,-31,-4.1,5.3,24.7,48,0,0,false,29.4,3.96,above,-12.8,0.87,5490,5700,-0.51,-1.86,0.99,-1.42,3.18,,,8.21,,5490,5379,5700,5900,0.52,بدون EPS مثبت | نقدشوندگی کمتر از ۱۰ میلیارد تومان
اروند,پتروشیمی اروند,محصولات شیمیایی,37.2,اجتناب,81,30,8.7,19,52900,20261003,-0.2,3,-2.3,-52.4,-3.7,6.3,,49.1,2,0,false,32.4,3.32,inside,-21.6,0.99,52240,54323,-222.43,-374.15,1.13,-3.58,106.1,3275,16.15,9.63,67.7,52240,51363,54323,58131,0.93,خروج مستمر پول حقیقی | شناوری کم (13٪)
خفناور,مهندسی صنعتی روان فن آور,خودرو و ساخت قطعات,37.1,اجتناب,100,55,4.4,20,25900,20261003,13.9,16.4,36.2,-13.9,6,19.2,37,65.4,1,0,false,36.2,3.51,above,-3,0.81,23800,26700,-3.18,-4.68,0.96,-0.95,2.63,344,75.29,,,24992,23629,26700,28517,0.35,نقدشوندگی پایین | واگرایی منفی RSI | خروج مستمر پول حقیقی | P/E بالا (75) | واگرایی منفی | حد ضرر دور (8.8٪) | نقدشوندگی کمتر از ۱۰ میلیارد تومان
ثتوسا,س.توسعه و عمران استان اردبیل,انبوه سازی، املاک و مستغلات,36.7,اجتناب,40,45,52.8,10,16110,20261003,4.8,-3.3,14.7,-35.4,-1.7,11.5,-43.1,54.9,6,0,false,25.9,3.5,above,-75.1,0.67,14890,18100,0.85,-0.59,1.25,1.19,7.05,,,,,15546,14699,18100,21850,1.41,بدون EPS مثبت | سهم صفی: 6 روز از ۲۰ روز در صف (ریسک نقدشوندگی و اجرای حد ضرر) | حد ضرر دور (8.8٪) | نقدشوندگی کمتر از ۱۰ میلیارد تومان
شلیا,شرکت مواد ویژه لیا,سایر محصولات کانی غیرفلزی,36.6,اجتناب,100,60,18.5,20,25200,20260930,4.8,37.7,109.1,59,16.6,50.7,153.2,86.1,3,0,true,77.9,2.98,above,-0.1,0.82,24594,,0,0,0.94,0.2,2.84,1094,23.03,,,24594,24219,27450,28949,2.29,نقدشوندگی پایین | اشباع خرید | فاصله زیاد از MA20 | رشد عمودی (109٪ در ۶۰ روز، 51٪ بالای MA50) | 153٪ بالای MA200 | نقدشوندگی کمتر از ۱۰ میلیارد تومان | آخرین معامله 20260930 (متوقف یا کم‌معامله)
افرا,افرانت,رایانه و فعالیت‌های وابسته به آن,36.5,اجتناب,25,43,52.5,29,8930,20261003,3.5,-13.4,-23.2,-73.3,-6.4,-17.2,26.3,34.1,2,0,true,33.3,3.92,below,-35.8,0.3,8320,10020,3.2,84.53,0.78,-12.57,40.99,605,14.76,8.89,66,8580,8145,10020,10240,1.39,توزیع: ورود حقیقی با سرانه خرید ضعیف (0.52 در ۲۰ روز) | 193٪ بالای کف ۵۲ هفته | سرانه خرید ضعیف (0.78) | حد ضرر دور (8.8٪)
شگامرن,مجتمع پترو صنعت گامرون,محصولات شیمیایی,36.2,اجتناب,100,23,62.5,4,27520,20260927,0.5,10,42.9,-7.2,6.2,23.1,42.9,83,0,0,false,46.9,2.65,above,-2.5,0.95,26269,28237,0.66,-2.26,2.08,0.45,0.4,288,95.56,8.01,1093,26791,25904,28237,29696,0.44,نقدشوندگی پایین | واگرایی منفی RSI | اشباع خرید | خروج مستمر پول حقیقی | P/E بالا (96) | واگرایی منفی | نقدشوندگی کمتر از ۱۰ میلیارد تومان | آخرین معامله 20260927 (متوقف یا کم‌معامله)
قاروم,قند ارومیه,قند و شکر,36,اجتناب,100,15,30,42,116800,20260922,1,9.8,34.7,-15.4,3.4,12,38.5,99.5,17,0,false,95.1,0.91,above,-0.9,0.31,86825,,0,0,1.4,0,0.09,22219,5.26,,,115741,114682,119978,122096,1.5,نقدشوندگی پایین | اشباع خرید | سهم صفی: 17 روز از ۲۰ روز در صف (ریسک نقدشوندگی و اجرای حد ضرر) | نقدشوندگی کمتر از ۱۰ میلیارد تومان | آخرین معامله 20260922 (متوقف یا کم‌معامله)
دانا,بیمه دانا,بیمه وصندوق بازنشستگی به جزتامین اجتماعی,35.5,اجتناب,40,30,60.1,10,2253,20261003,2,-6.5,14.3,-35.8,-4.2,1.2,-5,45,1,0,false,21.6,3.35,above,-29.7,1.21,2180,2328,2.63,-16.73,1.16,0.37,4.54,,,4.59,,2180,2142,2328,2479,0.67,واگرایی منفی RSI | خروج مستمر پول حقیقی | بدون EPS مثبت | واگرایی منفی | نقدشوندگی کمتر از ۱۰ میلیارد تومان
آپ,آسان پرداخت پرشین,رایانه و فعالیت‌های وابسته به آن,35.4,اجتناب,10,30,91.4,14,10480,20261003,1.5,-8.5,-1.5,-51.6,-5.8,-7.1,-1.5,40.1,1,0,false,20.7,3.69,below,-18.7,1.38,10304,10613,29.33,49.93,1.32,11.17,6.66,86,121.86,18.19,569.9,10304,10111,10613,10914,0.36,P/E بالا (122) | توزیع: ورود حقیقی با سرانه خرید ضعیف (0.85 در ۲۰ روز) | نقدشوندگی کمتر از ۱۰ میلیارد تومان
بپردیس,بیمه پردیس,بیمه وصندوق بازنشستگی به جزتامین اجتماعی,35,اجتناب,100,75,0,20,3023,20260930,3,8.1,108.4,58.3,0.4,25.8,78.1,61.7,4,0,false,40.8,3.24,above,-8.3,0.77,2848,3298,-2.02,-4.12,0.6,-0.9,0.83,129,23.43,,,2925,2799,3298,3494,1.23,نقدشوندگی پایین | واگرایی منفی RSI | خروج مستمر پول حقیقی | رشد عمودی (108٪ در ۶۰ روز، 26٪ بالای MA50) | 78٪ بالای MA200 | سرانه خرید ضعیف (0.60) | واگرایی منفی | حد ضرر دور (7.4٪) | نقدشوندگی کمتر از ۱۰ میلیارد تومان | آخرین معامله 20260930 (متوقف یا کم‌معامله)
وایران,لیزینگ ایرانیان,سایر واسطه گریهای مالی,34.9,اجتناب,40,30,43.6,24,4990,20261003,4.4,-14.7,13.4,-36.7,-4.7,2,-24.7,46.2,0,0,false,30.3,3.88,above,-60.1,0.67,4740,5099,0.05,0.28,0.88,-3.56,7.99,200,24.95,9.94,151,4797,4643,5099,5957,0.31,توزیع: ورود حقیقی با سرانه خرید ضعیف (0.60 در ۲۰ روز) | نقدشوندگی کمتر از ۱۰ میلیارد تومان
تمحرکه,ماشین سازی نیرو محرکه,ماشین آلات و تجهیزات,34.3,اجتناب,90,30,15.3,30,8110,20261003,-5.9,8.3,35.6,-14.5,-6.6,6,12.6,45.5,6,0,false,44.7,3.46,above,-19.6,1.27,7920,8530,0,0.01,0.81,-2.73,1.59,5,1622,,,7920,7780,8530,8800,1.27,نقدشوندگی پایین | سهم صفی: 6 روز از ۲۰ روز در صف (ریسک نقدشوندگی و اجرای حد ضرر) | P/E بالا (1622) | نقدشوندگی کمتر از ۱۰ میلیارد تومان
وپاسار,بانک  پاسارگاد,بانکها و موسسات اعتباری,34,اجتناب,25,22,52.5,36,8550,20261003,-6.9,-19,-15.8,-65.9,-12.8,-14.4,23.2,27.6,2,1,false,42,3.94,below,-25.2,0.47,8100,8940,101.16,6276.26,0.48,-418.09,558.03,813,10.52,5.4,94.8,8213,7931,8940,9640,0.63,165٪ بالای کف ۵۲ هفته | سرانه خرید ضعیف (0.48) | حد ضرر دور (7.2٪) | صف فروش در ۵ روز اخیر
پارتا,مجتمع صنعتی آرتاویل تایر,لاستیک و پلاستیک,34,اجتناب,100,65,0,4,19780,20261003,-0.8,14.3,56.8,6.7,1.2,27,85.5,68.2,0,0,false,51.2,2.82,above,-5.6,0.45,18273,20284,-3.06,-10.03,0.41,-2.35,1.76,985,20.08,9.84,104.1,19222,18385,20284,20961,0.36,نقدشوندگی پایین | واگرایی منفی RSI | خروج مستمر پول حقیقی | 86٪ بالای MA200 | سرانه خرید ضعیف (0.41) | واگرایی منفی | حد ضرر دور (7.1٪) | نقدشوندگی کمتر از ۱۰ میلیارد تومان
اوان,مبین وان کیش,اطلاعات و ارتباطات,33.6,اجتناب,65,20,26.4,14,13700,20261003,-1.8,-6.9,33.5,-16.6,-6,6.6,71.2,47.5,1,0,false,31.3,4.07,above,-16.8,0.68,13330,16460,0,-11.62,0.82,-4.52,8.56,8,1712.5,11.65,14599.6,13330,13051,16460,17576,4.25,خروج مستمر پول حقیقی | P/E بالا (1713) | 71٪ بالای MA200 | نقدشوندگی کمتر از ۱۰ میلیارد تومان
اخشان,اخشان خراسان,زراعت و خدمات وابسته,33.4,اجتناب,73,30,36,26,16900,20261003,1.8,-3.4,16.6,-33.5,-1.4,3.1,43.8,49,1,0,false,17.6,3.41,above,-10.7,0.75,16490,18914,-0.55,-8.96,6.35,6.69,2.59,1452,11.64,8.07,44.2,16490,16202,18914,20068,2.88,نقدشوندگی پایین | خروج مستمر پول حقیقی | 175٪ بالای کف ۵۲ هفته | نقدشوندگی کمتر از ۱۰ میلیارد تومان
دشیمی,شیمی‌ داروئی‌ داروپخش‌,مواد و محصولات دارویی,33.3,اجتناب,65,50,1,14,41970,20261003,2.3,-11.8,97.1,46.9,-8.1,2.4,82.2,44.6,2,1,false,36.9,3.58,above,-20.3,0.95,40850,46380,-8.8,-70.2,0.46,-30.01,12.1,2096,20.02,12.91,55.1,40850,40098,46380,51120,2.36,واگرایی منفی RSI | خروج مستمر پول حقیقی | 82٪ بالای MA200 | سرانه خرید ضعیف (0.46) | واگرایی منفی | صف فروش در ۵ روز اخیر
درهآور,دارویی ره آورد تامین,مواد و محصولات دارویی,33.1,اجتناب,50,30,1.5,47,14620,20261003,-0.3,-12,14.2,-35.9,-6.4,-0.3,35.1,43.3,1,0,false,24.8,3.89,above,-18.2,0.95,13780,15160,-1.33,-50.79,0.7,-19.48,14.89,1808,8.09,8.86,-8.7,14051,13495,15160,16790,0.48,واگرایی منفی RSI | خروج مستمر پول حقیقی | سرانه خرید ضعیف (0.70) | واگرایی منفی | حد ضرر دور (7.7٪)
تپمپی,پمپ‌ سازی‌ ایران‌,ماشین آلات و تجهیزات,32.4,اجتناب,100,53,11.2,16,7370,20260927,0.1,7.9,42,-8.1,2.9,17.2,68.7,61.4,0,0,false,46.5,3.57,above,-6.7,1.89,7135,7900,-3.46,-11.83,0.83,-2.31,2.94,787,9.36,5.15,81.8,7135,7003,7900,8426,1.45,نقدشوندگی پایین | واگرایی منفی RSI | خروج مستمر پول حقیقی | 69٪ بالای MA200 | واگرایی منفی | نقدشوندگی کمتر از ۱۰ میلیارد تومان | آخرین معامله 20260927 (متوقف یا کم‌معامله)
بایکا,کارخانجات کابلسازی ‌ایران‌,ماشین آلات و دستگاه‌های برقی,31.7,اجتناب,100,50,6.9,20,30960,20260930,8.7,27.4,24.8,-25.3,11.5,23.2,39.7,84,1,0,true,36.7,3.37,above,-1.8,1.05,28962,,-0.58,-3.68,1.05,-0.47,0.93,523,59.2,,,29916,28440,34091,36179,1.24,نقدشوندگی پایین | اشباع خرید | خروج مستمر پول حقیقی | P/E بالا (59) | حد ضرر دور (8.1٪) | نقدشوندگی کمتر از ۱۰ میلیارد تومان | آخرین معامله 20260930 (متوقف یا کم‌معامله)
سلار,شرکت سیمان لارستان,سیمان، آهک و گچ,31,اجتناب,65,45,20,30,3057,20261003,5.7,-10.3,21.7,-28.4,-3.2,4.8,35.5,50.8,4,0,false,27.8,3.62,above,-15.1,0.8,2790,3286,0,-0.12,5.03,-0.08,2.33,114,26.82,,,2946,2781,3286,3519,0.83,نقدشوندگی پایین | واگرایی منفی RSI | واگرایی منفی | حد ضرر دور (9.0٪) | نقدشوندگی کمتر از ۱۰ میلیارد تومان
بسویچ,پارس‌سویچ‌,ماشین آلات و دستگاه‌های برقی,30.9,اجتناب,85,20,1.5,44,4900,20261003,-3,-3.4,35.4,-14.8,-5.7,10.6,45.5,49.6,1,0,false,38.6,3.74,above,-13.7,0.77,4041,5200,-1.29,-3.06,0.51,-4.24,2.5,676,7.25,6.15,17.9,4717,4533,5200,5510,0.82,نقدشوندگی پایین | خروج مستمر پول حقیقی | سرانه خرید ضعیف (0.51) | حد ضرر دور (7.5٪) | نقدشوندگی کمتر از ۱۰ میلیارد تومان
شرنگی,شیمیایی رنگین,محصولات شیمیایی,30.2,اجتناب,90,55,4.9,4,19150,20261003,0.6,-5.3,63.9,13.8,-0.9,12.7,56,55,1,0,false,34.8,4.14,above,-8,0.93,18883,20817,-4.61,-15.06,0.96,-4.37,2.56,317,60.41,8.01,654.2,18883,18487,20817,22402,2.52,نقدشوندگی پایین | واگرایی منفی RSI | خروج مستمر پول حقیقی | P/E بالا (60) | 56٪ بالای MA200 | واگرایی منفی | نقدشوندگی کمتر از ۱۰ میلیارد تومان
ثنوسا,نوسازی‌وساختمان‌تهران‌,انبوه سازی، املاک و مستغلات,30.1,اجتناب,65,30,4.4,14,8670,20261003,1.6,-7,21.1,-29.1,-6.8,0,26,44,1,0,false,27.6,3.78,above,-19.3,0.99,8525,9040,-1.58,-6.39,0.9,-9.36,9.17,62,139.84,6.61,2015.6,8525,8361,9040,9380,1.2,واگرایی منفی RSI | P/E بالا (140) | واگرایی منفی | نقدشوندگی کمتر از ۱۰ میلیارد تومان
فبستم,صنایع ‌بسته‌بندی‌ مشهد,ساخت محصولات فلزی,29.9,اجتناب,50,20,53.5,30,15990,20261003,-5.5,-5.9,13.5,-36.7,-7.6,-0.5,4.2,42.1,1,0,false,23.9,4.45,above,-18.6,2.64,15116,16285,3.55,5.64,0.63,-17.3,2.64,396,40.38,,,15278,14760,16285,16648,0.24,نقدشوندگی پایین | P/E بالا (40) | توزیع: ورود حقیقی با سرانه خرید ضعیف (0.60 در ۲۰ روز) | سرانه خرید ضعیف (0.63) | حد ضرر دور (7.7٪) | نقدشوندگی کمتر از ۱۰ میلیارد تومان
وبصادر,بانک صادرات ایران,بانکها و موسسات اعتباری,29.9,اجتناب,65,30,3.4,14,935,20261003,-0.7,-7.1,31.5,-18.6,-5.4,7.3,41.9,47.3,2,0,false,28.5,3.6,above,-13.1,0.69,774,975,-179.14,-432,0.88,-215.04,283.07,5,187,5.4,3363,901,868,975,1072,0.59,خروج مستمر پول حقیقی | P/E بالا (187) | حد ضرر دور (7.2٪)
کایتا,ایتالران‌,سایر محصولات کانی غیرفلزی,29.8,اجتناب,70,55,41.1,10,16500,20260930,5,6.8,15.4,-34.8,2.2,9.4,-9,57.7,1,1,false,31.7,3.66,above,-53.5,1.09,16170,16815,0,0.61,1.24,0.59,0.91,,,,,16170,15868,16815,17185,0.5,نقدشوندگی پایین | بدون EPS مثبت | نقدشوندگی کمتر از ۱۰ میلیارد تومان | صف فروش در ۵ روز اخیر | آخرین معامله 20260930 (متوقف یا کم‌معامله)
پلاست,کارخانجات تولیدی پلاستیران,لاستیک و پلاستیک,29.8,اجتناب,25,55,21,24,2070,20261003,8.5,-8,-37,-87.2,-1,-12.6,22.1,43.2,1,0,true,38,3.7,below,-43.7,0.48,2012,2150,-0.21,-4.33,1.56,-11.82,30.91,93,22.26,9.84,126.2,2012,1974,2150,2325,0.83,
وطوبی,سرمایه گذاری اقتصاد شهر طوبی,سرمایه گذاریها,29.7,اجتناب,100,30,5.8,9,5860,20261003,-1.8,23.4,37.9,-12.3,5.3,23.7,101.9,70.2,0,0,false,57.7,2.48,above,-6.2,2.25,4570,,-5.1,-7.45,0.93,-6,1.45,459,12.77,8.73,46.2,5715,5570,6295,6586,1.5,نقدشوندگی پایین | خروج مستمر پول حقیقی | 102٪ بالای MA200 | نقدشوندگی کمتر از ۱۰ میلیارد تومان
اپرداز,آتیه داده پرداز,اطلاعات و ارتباطات,29,اجتناب,50,30,5.1,27,4800,20261003,-0.8,-4.4,20.6,-29.5,-9.9,-0.9,31.6,41,2,0,false,31.3,3.92,above,-20.5,0.86,4514,4950,-4.76,-36.94,0.96,-12.14,9.16,332,14.46,11.65,24.1,4612,4420,4950,5110,0.39,خروج مستمر پول حقیقی | حد ضرر دور (7.9٪) | نقدشوندگی کمتر از ۱۰ میلیارد تومان
تکنو,تکنوتار,ماشین آلات و تجهیزات,28.7,اجتناب,25,43,26.5,24,4150,20261003,0.5,-9.4,-36.1,-86.2,-4.6,-25.7,19.8,32.1,2,0,true,54.4,3.91,below,-54.8,0.72,4000,4295,0.19,-15.11,0.71,-25.77,23.42,154,26.95,5.15,423.3,4000,3919,4295,4382,0.63,255٪ بالای کف ۵۲ هفته | سرانه خرید ضعیف (0.71)
ثشاهد,سرمایه‌ گذاری‌ شاهد,انبوه سازی، املاک و مستغلات,28.6,اجتناب,70,45,0.5,14,11560,20260928,-3.2,1,33.6,-16.5,-2.6,12.7,40.2,51.9,4,1,false,36.9,3.61,above,-12.3,0.83,10790,11790,-27.85,-80,0.61,-73.21,53.32,560,20.64,6.61,212.3,11143,10581,11790,13180,0.24,واگرایی منفی RSI | خروج مستمر پول حقیقی | سرانه خرید ضعیف (0.61) | واگرایی منفی | حد ضرر دور (8.5٪) | صف فروش در ۵ روز اخیر | آخرین معامله 20260928 (متوقف یا کم‌معامله)
پاریز,پاریز شرق,انبوه سازی، املاک و مستغلات,27.5,اجتناب,0,30,62,24,38490,20261003,10.4,-21.3,7.7,-42.5,-5.8,-12.7,,40.5,11,0,false,36.7,3.66,,-25.9,0.81,35463,41413,-0.36,18.62,43.45,25.52,12.81,823,46.77,23.59,98.3,37082,34969,41413,45615,0.83,سهم صفی: 11 روز از ۲۰ روز در صف (ریسک نقدشوندگی و اجرای حد ضرر) | P/E بالا (47) | حد ضرر دور (9.1٪)
میدکو,توسعه معادن وص.معدنی خاورمیانه,فلزات اساسی,26.8,اجتناب,35,30,27,14,6210,20261003,0.6,-6.5,-14.9,-65.1,-5.9,-4.8,11.8,40.8,1,0,false,14.5,3.64,below,-18.2,0.59,6088,6490,-1.81,252.26,0.57,-133.2,122.91,93,66.77,13.48,395.4,6088,5975,6490,6610,1.19,بدون روند (ADX پایین) | P/E بالا (67) | توزیع: ورود حقیقی با سرانه خرید ضعیف (0.55 در ۲۰ روز) | سرانه خرید ضعیف (0.57) | شناوری کم (9٪)
ثفارس,عمران‌وتوسعه‌فارس‌,انبوه سازی، املاک و مستغلات,26.4,اجتناب,25,30,27.5,24,14340,20261003,-2.2,-2.5,11.2,-38.9,-9.1,-2.3,-9.3,40.7,2,0,false,24.9,3.83,above,-37.8,1.26,13930,14698,-10.18,125.57,0.62,-172.93,76.37,264,54.32,6.61,721.8,13930,13656,14698,15068,0.52,P/E بالا (54) | توزیع: ورود حقیقی با سرانه خرید ضعیف (0.70 در ۲۰ روز) | سرانه خرید ضعیف (0.62)
فکمند,گسترش قطعه سازی کمند,ساخت محصولات فلزی,26.2,اجتناب,48,45,41.1,10,12550,20261003,-1.2,-0.5,3.3,-46.9,-0.6,8,-13,53.3,1,0,false,18.3,4.16,above,-53.6,0.93,11943,13062,0.04,0.11,0.83,-2.15,2.94,,,,,12028,11682,13062,13275,0.59,نقدشوندگی پایین | بدون EPS مثبت | توزیع: ورود حقیقی با سرانه خرید ضعیف (0.89 در ۲۰ روز) | نقدشوندگی کمتر از ۱۰ میلیارد تومان
سپ,پرداخت الکترونیک سامان کیش,رایانه و فعالیت‌های وابسته به آن,26,اجتناب,90,45,8.1,12,14490,20260930,-2,1.3,34.7,-15.5,-0.9,13.6,15.8,57.5,1,0,false,43.9,3.91,above,-6,0.56,14325,15001,-0.17,-1.87,1.08,-0.05,0.79,662,21.89,18.19,20.3,14325,14041,15001,15334,1.14,نقدشوندگی پایین | واگرایی منفی RSI | خروج مستمر پول حقیقی | واگرایی منفی | نقدشوندگی کمتر از ۱۰ میلیارد تومان | شناوری کم (10٪) | آخرین معامله 20260930 (متوقف یا کم‌معامله)
حپترو,حمل و نقل پتروشیمی( سهامی عام,حمل ونقل، انبارداری و ارتباطات,23.2,اجتناب,65,45,4.6,14,17450,20261003,4.6,-5.2,32.3,-17.9,-1.2,8.3,20.5,54.3,2,1,false,29.8,3.58,above,-11.6,0.95,16675,18020,-0.01,-2.49,0.95,-0.07,2.16,623,28.01,19.33,44.9,16825,16363,18020,19740,0.52,نقدشوندگی پایین | واگرایی منفی RSI | خروج مستمر پول حقیقی | واگرایی منفی | نقدشوندگی کمتر از ۱۰ میلیارد تومان | صف فروش در ۵ روز اخیر
ثامان,سامان‌ گستراصفهان‌,انبوه سازی، املاک و مستغلات,22.6,اجتناب,10,30,25.5,29,28170,20261003,-8.4,-30.2,46.1,-4,-19,-17.9,-31,26.1,8,3,false,45.9,4.45,below,-63.4,1.47,20550,36485,0.91,-14.2,0.35,-89.9,36.56,1764,15.97,6.61,141.6,26915,25661,36485,38474,3.31,واگرایی منفی RSI | سهم صفی: 8 روز از ۲۰ روز در صف (ریسک نقدشوندگی و اجرای حد ضرر) | سرانه خرید ضعیف (0.35) | واگرایی منفی | حد ضرر دور (8.9٪) | صف فروش در ۵ روز اخیر
قتربت,قند تربت حیدریه,قند و شکر,21.3,اجتناب,0,18,26.8,44,8520,20261003,5.8,-20,5.8,-44.3,-7.5,-13.9,,36.3,0,0,false,31.7,3.89,below,-27,0.37,8330,8890,1.18,-17.26,0.81,-1.87,6.69,775,10.99,9.57,14.9,8330,8164,8890,9645,1.04,خروج مستمر پول حقیقی | 173٪ بالای کف ۵۲ هفته | نقدشوندگی کمتر از ۱۰ میلیارد تومان
کشرق,صنعتی و معدنی شمال شرق شاهرود,استخراج زغال سنگ,21.1,اجتناب,51,30,29.2,10,131100,20261003,6.3,-8.3,37.1,-13.1,-0.8,-4.6,33.2,48.5,3,0,false,23.8,3.83,inside,-21.1,0.68,126300,133200,0.04,-0.26,0.91,-0.11,1.39,,,15.48,,126300,123792,133200,144300,0.29,نقدشوندگی پایین | بدون EPS مثبت | نقدشوندگی کمتر از ۱۰ میلیارد تومان
رانفور,خدمات‌انفورماتیک‌,رایانه و فعالیت‌های وابسته به آن,21,اجتناب,31,8,26.5,14,4900,20261003,-3,-4.7,-7,-57.2,-6.9,-7.9,24.7,37.8,1,0,false,14.7,3.91,inside,-17.6,0.72,3696,5080,-4.97,57.71,0.54,-18.47,11.38,154,31.82,18.19,74.9,4709,4517,5080,5263,0.47,بدون روند (ADX پایین) | P/E بالا (32) | سرانه خرید ضعیف (0.54) | حد ضرر دور (7.8٪) | شناوری کم (14٪)
ثزاگرس,سرمایه گذاری توسعه عمران زاگرس,انبوه سازی، املاک و مستغلات,20.3,اجتناب,0,30,17.1,40,106600,20261003,-3.4,0.1,-37.7,-87.8,-4.6,-5.8,-27.2,41,3,0,false,27.1,4.26,below,-51.2,0.76,103200,111885,-0.02,0.08,0.86,-4.22,6.43,123,866.67,,,103200,100930,111885,113600,0.93,P/E بالا (867) | توزیع: ورود حقیقی با سرانه خرید ضعیف (0.86 در ۲۰ روز) | نقدشوندگی کمتر از ۱۰ میلیارد تومان
خلیبل,مالیبل سایپا,خودرو و ساخت قطعات,19.5,اجتناب,65,30,5.9,10,1796,20261003,3.4,-11.4,4.9,-45.2,-3,1,10.6,48.7,1,0,false,25.5,3.86,above,-13.5,0.8,1749,1842,0,0,1.03,-0.1,0.54,,,,,1749,1715,1842,1883,0.57,نقدشوندگی پایین | بدون EPS مثبت | نقدشوندگی کمتر از ۱۰ میلیارد تومان
تکشا,گسترش‌صنایع‌وخدمات‌کشاورزی‌,ماشین آلات و تجهیزات,17,اجتناب,35,8,15.5,24,8750,20260928,-8,-5.2,-24.1,-74.3,-10.7,-6.8,2.5,34.1,4,2,false,23.5,4.44,below,-41.1,1.08,8490,9010,-0.35,4.37,0.36,-33.2,10.7,310,28.23,5.15,448.1,8490,8296,9010,9390,0.57,توزیع: ورود حقیقی با سرانه خرید ضعیف (0.64 در ۲۰ روز) | سرانه خرید ضعیف (0.36) | صف فروش در ۵ روز اخیر | آخرین معامله 20260928 (متوقف یا کم‌معامله)
ساذری,آذریت‌,سایر محصولات کانی غیرفلزی,15.3,اجتناب,10,55,35,10,27970,20261003,7.7,-7.6,-33.1,-83.2,-2.1,-13.9,-12.2,42.8,2,0,true,43.3,3.89,below,-35.4,0.99,27225,28258,0,-0.12,2.46,0.12,0.73,,,,,27225,26680,28258,28757,0.22,نقدشوندگی پایین | بدون EPS مثبت | نقدشوندگی کمتر از ۱۰ میلیارد تومان
نبروج,نساجی بروجرد,منسوجات,15,اجتناب,55,55,0,10,19520,20260914,4.1,-3.1,-11.9,-62,2.3,-8.8,11.8,45.3,12,0,true,48.7,1.25,below,-24.3,0.56,18380,22188,0,0,,0,0.37,,,,,19276,19033,22188,22725,5.48,نقدشوندگی پایین | بدون EPS مثبت | سهم صفی: 12 روز از ۲۰ روز در صف (ریسک نقدشوندگی و اجرای حد ضرر) | 1041٪ بالای کف ۵۲ هفته | نقدشوندگی کمتر از ۱۰ میلیارد تومان | آخرین معامله 20260914 (متوقف یا کم‌معامله)
سدشت,صنایع سیمان دشتستان,سیمان، آهک و گچ,13.5,اجتناب,50,18,0.5,19,38850,20261003,-2.5,-7.7,12.2,-38,-10.2,-1.4,23.6,38.6,3,0,false,21.3,3.97,above,-21.7,1.33,36880,40040,-1.09,-1.75,0.57,-6.14,2.13,2835,13.7,7.14,91.9,37309,36109,40040,46300,0.43,نقدشوندگی پایین | سرانه خرید ضعیف (0.57) | حد ضرر دور (7.1٪) | نقدشوندگی کمتر از ۱۰ میلیارد تومان | شناوری کم (13٪)
تاتمس,کارخانجات صنعتی وتولیدی اتمسفر,ماشین آلات و تجهیزات,4.6,اجتناب,35,8,0,30,12550,20260930,-10.2,-12.5,-14.7,-64.9,-8.8,-3.4,14.1,38.1,4,3,false,27.2,3.51,below,-16.9,0.69,12078,12994,-0.24,-4.98,0.39,-0.99,0.51,248,50.6,,,12110,11858,12994,13274,0.64,نقدشوندگی پایین | واگرایی منفی RSI | خروج مستمر پول حقیقی | P/E بالا (51) | سرانه خرید ضعیف (0.39) | واگرایی منفی | نقدشوندگی کمتر از ۱۰ میلیارد تومان | صف فروش در ۵ روز اخیر | آخرین معامله 20260930 (متوقف یا کم‌معامله)
