symbol,name,sector,score,signal,trend,momentum,money,value,close,lastDate,ret5,ret20,ret60,rs60,vsSma20,vsSma50,vsSma200,rsi,lockedDays20,sellQueueDays5,macdAboveSignal,adx,atrPct,cloud,fromHigh52,volRatio,support1,resistance1,netReal5B,netReal20B,power5,smt5B,liquidityB,eps,pe,sectorPE,peVsSector,entryLow,stop,target1,target2,rr,flags
ولساپا,لیزینگ رایان‌ سایپا,سایر واسطه گریهای مالی,88.9,پرریسک؛ صفی/رشد عمودی,100,70,99.5,80,1465,20260926,10.3,40.2,72.7,34.1,23.1,46.7,94.7,88,8,0,true,57,2.7,above,0,1.29,1076,,17.5,50.1,14.43,34.77,16.32,335,4.37,9.94,-56,1425,1386,1584,1663,1.5,اشباع خرید | فاصله زیاد از MA20 | سهم صفی: 8 روز از ۲۰ روز در صف (ریسک نقدشوندگی و اجرای حد ضرر) | رشد عمودی (73٪ در ۶۰ روز، 47٪ بالای MA50) | عرضه حقوقی به حقیقی (-44 میلیارد تومان در ۲۰ روز) | 95٪ بالای MA200
پارس,پتروشیمی پارس,محصولات شیمیایی,87,قوی ولی پرشده؛ منتظر پولبک,100,85,88,72,2925,20260926,10,25.1,50.2,11.6,15.3,28.7,39.7,75.7,5,0,true,40.5,3.02,above,-0.1,1.13,2798,,146.66,388.83,6.74,174.09,101.96,492,5.95,9.63,-38.3,2837,2754,3190,3367,1.55,فاصله زیاد از MA20 | عرضه حقوقی به حقیقی (-272 میلیارد تومان در ۲۰ روز) | شناوری کم (6٪)
سجام,مجتمع سیمان غرب آسیا,سیمان، آهک و گچ,86,قوی؛ نزدیک مقاومت، منتظر شکست یا پولبک,100,100,84,60,10360,20260926,6.3,23.3,41.9,3.3,9.5,20.2,103.4,68.7,4,0,true,33.3,3.55,above,-1.3,0.71,9305,,12.63,51.27,1.42,6.27,22.7,1760,5.89,6.69,-12,9992,9441,11463,12199,1.2,واگرایی منفی RSI | عرضه حقوقی به حقیقی (-49 میلیارد تومان در ۲۰ روز) | 103٪ بالای MA200 | واگرایی منفی | حد ضرر دور (8.9٪)
خیمن,ایمن خودرو شرق,خودرو و ساخت قطعات,83.6,قوی؛ نزدیک مقاومت، منتظر شکست یا پولبک,95,65,78.6,90,5060,20260926,5.6,-8.2,78.5,39.9,1.7,8.4,52.5,59.2,2,0,false,25.9,3.67,above,-10.4,1.16,4930,5310,19.36,16.28,1.58,35.37,24.66,1533,3.3,5.87,-43.8,4930,4837,5310,5650,1.12,عرضه حقوقی به حقیقی (-9 میلیارد تومان در ۲۰ روز) | 53٪ بالای MA200
ثاخت,بین‌المللی‌توسعه‌ساختمان,انبوه سازی، املاک و مستغلات,83.3,قوی؛ نزدیک مقاومت، منتظر شکست یا پولبک,100,75,73,80,787,20260926,7.4,2.9,44.7,6.1,3.7,13.5,52.5,62.2,3,0,false,27.9,3.39,above,-2.6,1.44,740,808,16.49,11.31,3.54,-26.98,33.09,199,3.95,6.61,-40.2,760,727,808,861,0.35,53٪ بالای MA200 | حد ضرر دور (7.7٪)
وبانک,سرمایه گذاری گروه توسعه ملی,شرکتهای چند رشته ای صنعتی,81.8,پرریسک؛ صفی/رشد عمودی,100,65,83.4,72,12190,20260926,1.4,28,49.3,10.7,6.2,25.8,68.9,69.6,8,0,false,55.9,3.61,above,-3.2,0.66,11590,12545,40.46,202.77,1.45,0.19,171.51,2109,5.78,10.88,-46.9,11750,11370,12545,13425,0.43,واگرایی منفی RSI | سهم صفی: 8 روز از ۲۰ روز در صف (ریسک نقدشوندگی و اجرای حد ضرر) | عرضه حقوقی به حقیقی (-109 میلیارد تومان در ۲۰ روز) | 69٪ بالای MA200 | واگرایی منفی
والماس,س. الماس حکمت ایرانیان,سرمایه گذاریها,81.8,پرریسک؛ صفی/رشد عمودی,100,90,53,82,2816,20260926,-4.7,27.1,67.5,28.9,8.5,23.4,73.2,64.3,10,2,true,58.8,3.21,above,-10.1,2.58,2135,3132,12.21,18.71,0.4,-44.78,9.91,462,6.1,8.73,-30.2,2726,2635,3132,3313,1.75,سهم صفی: 10 روز از ۲۰ روز در صف (ریسک نقدشوندگی و اجرای حد ضرر) | عرضه حقوقی به حقیقی (-24 میلیارد تومان در ۲۰ روز) | 73٪ بالای MA200 | سرانه خرید ضعیف (0.40) | نقدشوندگی کمتر از ۱۰ میلیارد تومان | صف فروش در ۵ روز اخیر
آسیا,بیمه آسیا,بیمه وصندوق بازنشستگی به جزتامین اجتماعی,81.1,قوی؛ نزدیک مقاومت، منتظر شکست یا پولبک,90,75,76.4,80,3840,20260926,-0.8,3.5,56.6,18,-1.8,11.3,85,55.5,3,1,false,33.1,3.79,above,-8.1,0.91,3540,4170,19.85,57.4,1.1,12.17,23.25,1869,2.05,4.59,-55.2,3694,3476,4170,4461,0.91,عرضه حقوقی به حقیقی (-55 میلیارد تومان در ۲۰ روز) | 85٪ بالای MA200 | حد ضرر دور (9.5٪) | شناوری کم (14٪) | صف فروش در ۵ روز اخیر
شبصیر,تولیدات پتروشیمی قائد بصیر,محصولات شیمیایی,81,قوی؛ نزدیک مقاومت، منتظر شکست یا پولبک,100,65,80,72,15620,20260926,1.2,22.5,49.7,11.1,8.1,29.2,71.9,69.1,2,0,false,56.9,3.26,above,-2.6,1.07,14680,16000,21.73,54.78,1.28,26.53,31.46,2884,5.42,8.01,-32.4,15111,14426,16000,17017,0.32,عرضه حقوقی به حقیقی (-37 میلیارد تومان در ۲۰ روز) | 72٪ بالای MA200 | حد ضرر دور (7.6٪)
خکرمان,سرمایه گذاری آرمان گستر پاریز,خودرو و ساخت قطعات,80.9,پرریسک؛ صفی/رشد عمودی,100,75,63.5,80,11210,20260926,2.3,13.5,95.9,57.3,9.9,39.1,111,75.2,3,0,true,57,3.72,above,-4.5,1.49,10205,,11.7,51.14,0.65,-98.66,31.04,4303,2.61,5.87,-55.6,10793,10166,12462,13297,1.2,رشد عمودی (96٪ در ۶۰ روز، 39٪ بالای MA50) | عرضه حقوقی به حقیقی (-54 میلیارد تومان در ۲۰ روز) | 111٪ بالای MA200 | سرانه خرید ضعیف (0.65) | حد ضرر دور (9.3٪)
شکربن,کربن‌ ایران‌,محصولات شیمیایی,80.8,قوی ولی پرشده؛ منتظر پولبک,100,85,75.2,60,10320,20260926,13.9,22.6,63.5,24.9,15,28.3,65.2,78.9,1,0,true,43.1,2.98,above,0,1.39,8940,,5.19,4.58,1.09,8.77,22.71,1486,6.94,9.63,-27.9,10012,9704,11244,11859,1.5,واگرایی منفی RSI | اشباع خرید | عرضه حقوقی به حقیقی (-22 میلیارد تومان در ۲۰ روز) | 65٪ بالای MA200 | واگرایی منفی
وپارس,بانک‌پارسیان‌,بانکها و موسسات اعتباری,80.8,پرریسک؛ صفی/رشد عمودی,100,75,63,80,2316,20260926,2.5,42.3,100.4,61.8,11.6,43.4,110.9,76.8,7,0,true,77.1,3.26,above,-2.6,1.01,2193,2366,-48.47,487.26,2.2,32.65,432.09,668,3.47,5.4,-35.8,2241,2155,2366,2517,0.31,سهم صفی: 7 روز از ۲۰ روز در صف (ریسک نقدشوندگی و اجرای حد ضرر) | رشد عمودی (100٪ در ۶۰ روز، 43٪ بالای MA50) | عرضه حقوقی به حقیقی (-454 میلیارد تومان در ۲۰ روز) | 111٪ بالای MA200
فخاس,فولاد خراسان,فلزات اساسی,80.8,قوی؛ نزدیک مقاومت، منتظر شکست یا پولبک,100,65,89,62,3390,20260926,1.2,16.9,60.8,22.2,5.3,25.2,65.5,66.2,4,0,false,48.7,3.44,above,-5.8,0.77,3047,3600,0.65,58.53,7.34,14.88,22.8,363,9.34,13.48,-30.7,3274,3099,3600,3833,0.72,واگرایی منفی RSI | عرضه حقوقی به حقیقی (-54 میلیارد تومان در ۲۰ روز) | 66٪ بالای MA200 | واگرایی منفی | حد ضرر دور (8.6٪) | شناوری کم (4٪)
حتاید,تایدواترخاورمیانه,حمل ونقل، انبارداری و ارتباطات,80.7,قوی؛ نزدیک مقاومت، منتظر شکست یا پولبک,100,53,88.5,72,8630,20260926,1.5,13.9,31.6,-7,3.8,10.6,41.2,59.5,3,0,false,28.2,3.52,above,-5.5,0.62,8190,9074,33.94,50.31,1.67,29.22,40.88,1376,6.27,19.33,-67.6,8326,8038,9074,9682,0.75,عرضه حقوقی به حقیقی (-44 میلیارد تومان در ۲۰ روز)
ونفت,سرمایه‌گذاری‌ صنعت‌ نفت‌,فراورده های نفتی، کک و سوخت هسته ای,80.5,پرریسک؛ صفی/رشد عمودی,100,90,50.1,80,10520,20260926,-0.7,4.9,147.5,108.9,4.1,12.8,113.8,60,3,1,true,37.6,3.55,above,-8.9,1.05,10330,,9.94,23.63,1.08,-34.16,31.82,3216,3.27,6.26,-47.7,10330,10143,11640,12387,2.97,واگرایی منفی RSI | رشد عمودی (148٪ در ۶۰ روز، 13٪ بالای MA50) | عرضه حقوقی به حقیقی (-26 میلیارد تومان در ۲۰ روز) | 114٪ بالای MA200 | واگرایی منفی | صف فروش در ۵ روز اخیر
وپویا,سرمایه گذاری پویا,سرمایه گذاریها,80.5,قوی؛ نزدیک مقاومت، منتظر شکست یا پولبک,100,75,62,80,2734,20260926,11.6,15.7,53.2,14.6,8.3,25.4,58.8,69.9,2,0,false,43.7,3.41,above,-1.3,1.06,2434,2770,2.06,-3.6,35.11,30.95,8.13,654,4.18,8.73,-52.1,2641,2547,2770,2957,0.19,واگرایی منفی RSI | 59٪ بالای MA200 | واگرایی منفی | نقدشوندگی کمتر از ۱۰ میلیارد تومان
داتام,گروه مالی داتام,سرمایه گذاریها,80.5,قوی؛ نزدیک مقاومت، منتظر شکست یا پولبک,100,55,78,80,3820,20260926,1.9,11,15.9,-22.7,1,14.7,45,59.2,1,1,false,36,3.59,above,-8,0.83,3534,3930,5.41,2.56,2.67,10.53,4.42,1405,2.72,7.13,-61.9,3683,3477,3930,4150,0.32,عرضه حقوقی به حقیقی (-2 میلیارد تومان در ۲۰ روز) | 204٪ بالای کف ۵۲ هفته | حد ضرر دور (9.0٪) | نقدشوندگی کمتر از ۱۰ میلیارد تومان | شناوری کم (5٪) | صف فروش در ۵ روز اخیر
بترانس,ایران‌ ترانسفو,ماشین آلات و دستگاه‌های برقی,80.2,قوی ولی پرریسک؛ فعلاً ورود نه,88,80,83,68,3550,20260926,8.2,9.2,20.2,-18.4,6,13.6,44.9,62.7,1,0,true,19.5,3.39,above,-2.7,2.04,3330,,158.43,230.11,2.2,-26.07,100.68,747,4.75,6.15,-22.7,3430,3270,3911,4151,1.29,عرضه حقوقی به حقیقی (-300 میلیارد تومان در ۲۰ روز) | حد ضرر دور (7.9٪)
قپیرا,فرآورده‌های‌غدایی‌وقندپیرانشهر,قند و شکر,78.8,پرریسک؛ صفی/رشد عمودی,100,70,89,50,25530,20260926,8.9,50.2,73.7,35.1,22,44.6,106.3,85.4,6,0,true,57.4,2.76,above,-0.2,1.14,18820,,3.48,27.6,2.28,8.47,4.47,2920,8.74,9.8,-10.8,24824,24119,27647,29058,1.5,اشباع خرید | فاصله زیاد از MA20 | سهم صفی: 6 روز از ۲۰ روز در صف (ریسک نقدشوندگی و اجرای حد ضرر) | رشد عمودی (74٪ در ۶۰ روز، 45٪ بالای MA50) | عرضه حقوقی به حقیقی (-27 میلیارد تومان در ۲۰ روز) | 106٪ بالای MA200 | نقدشوندگی کمتر از ۱۰ میلیارد تومان
شتوکا,توکا رنگ فولاد سپاهان,محصولات شیمیایی,78.5,پرریسک؛ صفی/رشد عمودی,100,60,99,47,11780,20260926,10.8,67.6,61.4,22.8,25.9,53.2,96.9,91.8,14,0,true,67.9,2.77,above,0,1.44,7760,,1.91,78.07,9.89,24.19,13.25,1545,7.62,8.01,-4.8,11453,11126,12760,13414,1.5,اشباع خرید | فاصله زیاد از MA20 | سهم صفی: 14 روز از ۲۰ روز در صف (ریسک نقدشوندگی و اجرای حد ضرر) | رشد عمودی (61٪ در ۶۰ روز، 53٪ بالای MA50) | عرضه حقوقی به حقیقی (-73 میلیارد تومان در ۲۰ روز) | 97٪ بالای MA200
فغدیر,آهن و فولاد غدیر ایرانیان,فلزات اساسی,78.3,پرریسک؛ صفی/رشد عمودی,100,70,90,47,7730,20260926,15.5,77.3,123.4,84.8,29.5,63.7,94.5,95.9,20,0,true,65.7,2.22,above,0,0.38,5056,,13.3,205.28,3.57,17.73,12.85,974,7.94,8.05,-1.4,7559,7387,8244,8587,1.5,واگرایی منفی RSI | اشباع خرید | فاصله زیاد از MA20 | سهم صفی: 20 روز از ۲۰ روز در صف (ریسک نقدشوندگی و اجرای حد ضرر) | رشد عمودی (123٪ در ۶۰ روز، 64٪ بالای MA50) | عرضه حقوقی به حقیقی (-200 میلیارد تومان در ۲۰ روز) | 94٪ بالای MA200 | واگرایی منفی
مارون,پتروشیمی مارون,محصولات شیمیایی,78.3,پرریسک؛ صفی/رشد عمودی,100,70,90,47,27730,20260926,15.8,57.5,60,21.4,28.2,43.7,47.9,91.4,13,0,true,53.4,2.41,above,0,0.26,23679,,27.15,407.87,6.12,30.21,25.93,3493,7.94,8.01,-0.9,27061,26393,29736,31074,1.5,اشباع خرید | فاصله زیاد از MA20 | سهم صفی: 13 روز از ۲۰ روز در صف (ریسک نقدشوندگی و اجرای حد ضرر) | رشد عمودی (60٪ در ۶۰ روز، 44٪ بالای MA50) | عرضه حقوقی به حقیقی (-402 میلیارد تومان در ۲۰ روز)
وامین,سرمایه گذاری امین مهرگان,سرمایه گذاریها,78.1,پرریسک؛ صفی/رشد عمودی,100,70,99.5,37,6540,20260926,12,59.5,108.6,70,25.5,57.7,80.4,93.7,9,0,true,65.2,2.63,above,-0.8,1.93,4458,,22.04,62.4,7.35,28.92,9.26,785,8.33,8.73,-4.6,6368,6195,7057,7402,1.5,اشباع خرید | فاصله زیاد از MA20 | سهم صفی: 9 روز از ۲۰ روز در صف (ریسک نقدشوندگی و اجرای حد ضرر) | رشد عمودی (109٪ در ۶۰ روز، 58٪ بالای MA50) | عرضه حقوقی به حقیقی (-44 میلیارد تومان در ۲۰ روز) | 80٪ بالای MA200 | نقدشوندگی کمتر از ۱۰ میلیارد تومان
ثپهران,توسعه ساختمان سپهر تهران,انبوه سازی، املاک و مستغلات,78.1,پرریسک؛ صفی/رشد عمودی,100,58,99,47,5000,20260926,13.6,26.9,35.6,-3,19,30.5,,83.8,2,0,true,36.5,2.7,above,0,1.37,4326,,29.77,28.43,13.63,97.43,15.5,721,6.93,6.61,4.9,4865,4730,5406,5676,1.5,واگرایی منفی RSI | اشباع خرید | فاصله زیاد از MA20 | رشد عمودی (36٪ در ۶۰ روز، 31٪ بالای MA50) | واگرایی منفی | شناوری کم (11٪)
ثجنوب,سرمایه گذاری مسکن جنوب,انبوه سازی، املاک و مستغلات,77.6,قوی؛ نزدیک مقاومت، منتظر شکست یا پولبک,100,70,54.3,80,18730,20260926,-3.3,3.5,16.8,-21.8,3.9,9,57.9,57.7,1,0,true,25.6,3.95,above,-6.1,1.33,18345,18950,5.55,73.87,0.83,-31.89,21.76,6363,2.94,23.59,-87.5,18345,17975,18950,19940,0.29,عرضه حقوقی به حقیقی (-69 میلیارد تومان در ۲۰ روز) | 58٪ بالای MA200
معین,بیمه ایران - معین,بیمه وصندوق بازنشستگی به جزتامین اجتماعی,77.5,پرریسک؛ صفی/رشد عمودی,100,60,62,80,3130,20260926,9.7,31.3,63.6,25,9.5,26.5,53.6,72.5,6,0,false,56.4,3.19,above,0,0.88,2767,,-5.91,25.63,4.75,30.44,14.21,644,4.86,18.13,-73.2,3030,2931,3429,3629,1.5,سهم صفی: 6 روز از ۲۰ روز در صف (ریسک نقدشوندگی و اجرای حد ضرر) | عرضه حقوقی به حقیقی (-18 میلیارد تومان در ۲۰ روز) | 54٪ بالای MA200
شغدیر,پتروشیمی غدیر,محصولات شیمیایی,76.9,پرریسک؛ صفی/رشد عمودی,100,65,63.6,72,77950,20260926,1.8,12.3,223.8,185.2,3.9,27.2,102.4,63.5,1,0,false,64.4,3.41,above,-5.2,1.26,73675,,74.96,149.34,0.87,-46.98,73.74,12273,6.35,9.63,-34,75288,72344,85935,91259,1.42,واگرایی منفی RSI | رشد عمودی (224٪ در ۶۰ روز، 27٪ بالای MA50) | عرضه حقوقی به حقیقی (-162 میلیارد تومان در ۲۰ روز) | 102٪ بالای MA200 | واگرایی منفی | حد ضرر دور (7.2٪)
دیران,ایران‌دارو,مواد و محصولات دارویی,76.9,پرریسک؛ صفی/رشد عمودی,100,75,77.5,50,17620,20260926,2.8,24.4,211.3,172.7,4.2,39.7,180.9,67.7,15,2,false,73.7,2.78,above,-9.2,0.75,16140,19400,6.33,2.65,2.72,9.05,32.13,1532,11.5,12.91,-10.9,17130,16641,19400,20379,1.82,سهم صفی: 15 روز از ۲۰ روز در صف (ریسک نقدشوندگی و اجرای حد ضرر) | رشد عمودی (211٪ در ۶۰ روز، 40٪ بالای MA50) | 181٪ بالای MA200 | صف فروش در ۵ روز اخیر
سکرما,سیمان‌ کرمان‌,سیمان، آهک و گچ,76.8,قوی؛ نزدیک مقاومت، منتظر شکست یا پولبک,100,55,73,70,70950,20260926,1.9,4.9,-6.2,-44.9,1.8,8,33,56.5,1,0,false,25.6,3.76,above,-18.2,0.57,68970,72500,3.97,26.88,0.98,0.71,7.2,11282,6.29,7.14,-11.9,68970,67637,72500,76360,0.47,عرضه حقوقی به حقیقی (-26 میلیارد تومان در ۲۰ روز) | نقدشوندگی کمتر از ۱۰ میلیارد تومان
زبینا,کشاورزی و دامپروری بینالود,زراعت و خدمات وابسته,76.4,قوی؛ نزدیک مقاومت، منتظر شکست یا پولبک,95,75,84.5,47,14330,20260926,4.6,1.6,40.9,2.3,2,9.8,86.9,57.9,1,1,false,26.5,3.73,above,-8.4,1.2,13335,15650,13.38,40.26,1.5,10.84,18.02,1911,7.5,8.07,-7.1,13796,13068,15650,16718,1.05,87٪ بالای MA200 | حد ضرر دور (8.8٪) | صف فروش در ۵ روز اخیر
دی,بانک دی,بانکها و موسسات اعتباری,76.4,پرریسک؛ صفی/رشد عمودی,100,70,79.5,50,1788,20260926,13,25.2,65.7,27.1,17.9,37.4,94,80.3,10,0,true,29.4,2.94,above,0,0.71,1525,,71.97,61.92,5.84,305.53,135.36,414,4.32,,,1735,1683,1946,2051,1.5,اشباع خرید | فاصله زیاد از MA20 | سهم صفی: 10 روز از ۲۰ روز در صف (ریسک نقدشوندگی و اجرای حد ضرر) | رشد عمودی (66٪ در ۶۰ روز، 37٪ بالای MA50) | 94٪ بالای MA200
البرز,بیمه البرز,بیمه وصندوق بازنشستگی به جزتامین اجتماعی,76.1,پرریسک؛ صفی/رشد عمودی,100,70,73.5,55,3250,20260926,15,52.4,59.7,21.1,19.8,45.1,68.2,89,9,0,true,63.6,2.9,above,-0.3,1.16,2896,,34.61,163.72,6.95,-15.51,35.45,758,4.29,4.59,-6.6,3156,3061,3533,3722,1.5,اشباع خرید | فاصله زیاد از MA20 | سهم صفی: 9 روز از ۲۰ روز در صف (ریسک نقدشوندگی و اجرای حد ضرر) | رشد عمودی (60٪ در ۶۰ روز، 45٪ بالای MA50) | عرضه حقوقی به حقیقی (-140 میلیارد تومان در ۲۰ روز) | 68٪ بالای MA200 | شناوری کم (13٪)
توسن,توسعه سامانه ی نرم افزاری نگین,رایانه و فعالیت‌های وابسته به آن,75.9,پرریسک؛ صفی/رشد عمودی,100,75,51.6,72,12210,20260926,4.2,14,125.4,86.8,2.1,18.6,146.6,63.3,2,0,false,55,3.87,above,-8.5,1.13,11480,13340,2.01,-27.23,1.19,20.71,40.79,2242,5.45,8.89,-38.7,11737,11243,13340,14286,1.17,رشد عمودی (125٪ در ۶۰ روز، 19٪ بالای MA50) | 147٪ بالای MA200 | حد ضرر دور (7.9٪)
کمنگنز,معادن‌منگنزایران‌,استخراج کانه های فلزی,75.8,قوی ولی پرریسک؛ فعلاً ورود نه,100,60,63,72,9730,20260926,6.8,14.3,67.7,29.1,6.5,22.7,98.9,70.2,4,0,false,56.6,3.35,above,0,0.82,9455,,5.47,-17.43,5.25,19.07,24.78,1317,7.39,13.76,-46.3,9455,9292,10709,11361,2.23,واگرایی منفی RSI | 99٪ بالای MA200 | واگرایی منفی
پی پاد,پرداخت الکترونیک پاسارگاد,رایانه و فعالیت‌های وابسته به آن,75.8,پرریسک؛ صفی/رشد عمودی,90,75,63,72,7530,20260926,-0.4,7.4,121.7,83.1,-0.8,27.3,98,62.7,7,1,false,56.3,3.51,above,-9.8,0.81,7190,8350,35.85,-2.13,7.97,72.77,38.51,1006,7.49,18.19,-58.9,7266,7058,8350,8878,1.74,سهم صفی: 7 روز از ۲۰ روز در صف (ریسک نقدشوندگی و اجرای حد ضرر) | رشد عمودی (122٪ در ۶۰ روز، 27٪ بالای MA50) | 98٪ بالای MA200 | شناوری کم (12٪) | صف فروش در ۵ روز اخیر
شکلر,نیروکلر,محصولات شیمیایی,75.5,قوی؛ نزدیک مقاومت، منتظر شکست یا پولبک,100,75,62,60,30130,20260926,10.1,14.7,52.9,14.3,6.8,26.5,84.7,68.3,5,0,false,50.6,3.29,above,-3.1,0.66,28360,31080,13.56,-50.61,2.92,16.92,28.84,3984,7.56,9.63,-21.5,29140,27865,31080,33060,0.42,خروج مستمر پول حقیقی | 85٪ بالای MA200 | حد ضرر دور (7.5٪)
قشهد,شهد,قند و شکر,75.4,پرریسک؛ صفی/رشد عمودی,100,70,88.5,37,4100,20260926,10.2,47.2,166.7,128.1,17,39.9,140.4,85.4,9,0,true,68.8,3.18,above,-2.6,0.88,2908,,15.54,37.14,2.02,17.25,7.44,416,9.86,9.8,0.6,3969,3839,4492,4753,1.5,واگرایی منفی RSI | اشباع خرید | فاصله زیاد از MA20 | سهم صفی: 9 روز از ۲۰ روز در صف (ریسک نقدشوندگی و اجرای حد ضرر) | رشد عمودی (167٪ در ۶۰ روز، 40٪ بالای MA50) | عرضه حقوقی به حقیقی (-38 میلیارد تومان در ۲۰ روز) | 140٪ بالای MA200 | واگرایی منفی | نقدشوندگی کمتر از ۱۰ میلیارد تومان
پاسا,ایران‌یاساتایرورابر,لاستیک و پلاستیک,75.2,قوی؛ نزدیک مقاومت، منتظر شکست یا پولبک,90,65,60.7,80,10150,20260926,-5.2,6.7,57.9,19.3,-1.6,18.3,66.3,56.7,0,0,false,49.5,3.85,above,-8.7,0.67,9910,10660,15.37,62.92,1.09,-0.65,31.58,2053,4.94,8.21,-39.8,9910,9714,10660,11120,1.17,واگرایی منفی RSI | عرضه حقوقی به حقیقی (-56 میلیارد تومان در ۲۰ روز) | 66٪ بالای MA200 | واگرایی منفی
دلقما,دارویی‌ لقمان‌,مواد و محصولات دارویی,75,پرریسک؛ صفی/رشد عمودی,95,65,62,72,9730,20260926,5.2,-6.3,199.6,161,1.4,20.4,174.4,59.8,5,1,false,43.2,3.86,above,-16,0.61,9630,10600,88.95,-120.6,8.26,57.56,87.48,1109,8.77,12.91,-32,9630,9442,10600,11590,3.02,خروج مستمر پول حقیقی | رشد عمودی (200٪ در ۶۰ روز، 20٪ بالای MA50) | 174٪ بالای MA200 | صف فروش در ۵ روز اخیر
بزندگی,بیمه زندگی آگاه,بیمه وصندوق بازنشستگی به جزتامین اجتماعی,74.9,پرریسک؛ صفی/رشد عمودی,100,70,98.5,25,6400,20260926,15.5,36.8,125.2,86.6,22.7,46.1,134,94,5,0,true,75.9,2.38,above,0,1.47,4840,,24.2,30.79,102.83,27.2,3.42,328,19.51,,,6247,6095,6858,7163,1.5,اشباع خرید | فاصله زیاد از MA20 | رشد عمودی (125٪ در ۶۰ روز، 46٪ بالای MA50) | عرضه حقوقی به حقیقی (-26 میلیارد تومان در ۲۰ روز) | 134٪ بالای MA200 | نقدشوندگی کمتر از ۱۰ میلیارد تومان
فتوسا,تولید و توسعه سرب روی ایرانیان,فلزات اساسی,74.6,پرریسک؛ صفی/رشد عمودی,100,65,46.6,80,6750,20260926,-4.8,18.8,99.3,60.7,6.5,22.8,100.1,65.1,9,1,false,53.4,3.33,above,-8.2,1.2,5805,7350,-20.38,5.62,1.34,4.33,16.09,1389,4.86,8.05,-39.6,6525,6301,7350,7799,1.34,سهم صفی: 9 روز از ۲۰ روز در صف (ریسک نقدشوندگی و اجرای حد ضرر) | عرضه حقوقی به حقیقی (-4 میلیارد تومان در ۲۰ روز) | 100٪ بالای MA200 | صف فروش در ۵ روز اخیر
ورازی,بیمه رازی,بیمه وصندوق بازنشستگی به جزتامین اجتماعی,74.3,زیر نظر,100,75,97.2,20,1682,20260926,4.9,39.9,101.7,63.1,17.1,34.6,74.2,77.4,6,1,true,49.7,3.24,above,-6.4,1.23,1295,,4.9,22,1.53,6.01,6.25,18,93.44,,,1627,1573,1846,1955,1.5,فاصله زیاد از MA20 | سهم صفی: 6 روز از ۲۰ روز در صف (ریسک نقدشوندگی و اجرای حد ضرر) | رشد عمودی (102٪ در ۶۰ روز، 35٪ بالای MA50) | P/E بالا (93) | عرضه حقوقی به حقیقی (-25 میلیارد تومان در ۲۰ روز) | 74٪ بالای MA200 | نقدشوندگی کمتر از ۱۰ میلیارد تومان | صف فروش در ۵ روز اخیر
ثرود,سرمایه‌گذاری مسکن زاینده رود,انبوه سازی، املاک و مستغلات,74.3,پرریسک؛ صفی/رشد عمودی,100,90,43,62,6430,20260926,-3.5,20.2,65.2,26.6,7.1,24,72.2,65.6,6,2,true,56.1,3.47,above,-5.9,1.11,5690,6830,0.52,3.16,0.64,-3,7.51,595,10.81,23.59,-54.2,6207,5984,6830,7276,0.9,سهم صفی: 6 روز از ۲۰ روز در صف (ریسک نقدشوندگی و اجرای حد ضرر) | عرضه حقوقی به حقیقی (-3 میلیارد تومان در ۲۰ روز) | 72٪ بالای MA200 | سرانه خرید ضعیف (0.64) | نقدشوندگی کمتر از ۱۰ میلیارد تومان | صف فروش در ۵ روز اخیر
کربن,کانی کربن طبس,استخراج زغال سنگ,74,قوی ولی پرریسک؛ فعلاً ورود نه,90,65,54,82,9560,20260926,0.2,-0.9,69.2,30.6,-5.7,13.4,75.2,52.6,3,0,false,42.8,3.67,above,-16.1,0.28,9050,11400,0.01,-46.54,1.28,0.76,23.95,1449,6.6,15.48,-57.4,9209,8875,11400,12102,2.68,خروج مستمر پول حقیقی | 75٪ بالای MA200 | حد ضرر دور (7.2٪)
خپویش,سازه‌ پویش‌,خودرو و ساخت قطعات,73.9,پرریسک؛ صفی/رشد عمودی,100,70,99.5,20,5160,20260926,11.7,41.4,75.4,36.8,22.5,46.9,74.7,90,10,0,true,58.5,2.72,above,0,1.32,4001,,3.98,26.43,7.33,16.57,6.53,196,26.33,,,5020,4880,5581,5861,1.5,اشباع خرید | فاصله زیاد از MA20 | سهم صفی: 10 روز از ۲۰ روز در صف (ریسک نقدشوندگی و اجرای حد ضرر) | رشد عمودی (75٪ در ۶۰ روز، 47٪ بالای MA50) | عرضه حقوقی به حقیقی (-23 میلیارد تومان در ۲۰ روز) | 75٪ بالای MA200 | نقدشوندگی کمتر از ۱۰ میلیارد تومان
خصدرا,صنعتی‌ دریایی‌ ایران‌,پیمانکاری صنعتی,73.8,پرریسک؛ صفی/رشد عمودی,90,80,88,35,2359,20260926,15.8,1.2,0.2,-38.4,6.8,17.8,2.4,63.8,15,0,true,22.4,3.42,above,-21.9,0.47,2292,2518,7.42,8.22,15.18,14.54,7.12,191,12.35,,,2292,2252,2518,2635,1.49,واگرایی منفی RSI | سهم صفی: 15 روز از ۲۰ روز در صف (ریسک نقدشوندگی و اجرای حد ضرر) | عرضه حقوقی به حقیقی (-6 میلیارد تومان در ۲۰ روز) | واگرایی منفی | نقدشوندگی کمتر از ۱۰ میلیارد تومان
فولاژ,فولاد آلیاژی ایران,فلزات اساسی,73.6,قوی؛ نزدیک مقاومت، منتظر شکست یا پولبک,100,75,64.5,50,6290,20260926,4.1,9,68.2,29.6,1.2,20.3,69.1,62,0,0,false,55.8,3.53,above,-7.8,0.64,5840,6820,20.6,22.91,1.1,7.58,25.21,541,11.63,13.48,-13.7,6068,5735,6820,7264,0.95,عرضه حقوقی به حقیقی (-14 میلیارد تومان در ۲۰ روز) | 69٪ بالای MA200 | حد ضرر دور (8.8٪)
نمرینو,ایران‌ مرینوس‌,منسوجات,73.5,قوی؛ نزدیک مقاومت، منتظر شکست یا پولبک,100,63,86.8,37,7950,20260926,4.6,21.4,29,-9.6,11.1,23.9,39.5,72.4,2,0,true,38.8,3.09,above,-5.7,1.69,7200,8054,2.89,5.08,1.13,4.59,3.5,953,8.34,7.72,8.1,7705,7459,8054,8509,0.21,واگرایی منفی RSI | عرضه حقوقی به حقیقی (-5 میلیارد تومان در ۲۰ روز) | واگرایی منفی | نقدشوندگی کمتر از ۱۰ میلیارد تومان
دکپسول,تولید ژلاتین کپسول ایران,مواد و محصولات دارویی,73.5,قوی؛ نزدیک مقاومت، منتظر شکست یا پولبک,95,80,79.1,37,181900,20260926,5.8,3.1,7.9,-30.7,3.9,8.4,35.9,59.6,1,0,true,23,3.67,above,-4.5,0.84,178000,185259,5.77,61.14,1.2,5.76,21.46,20406,8.91,8.86,0.6,178000,174660,185259,190500,0.46,عرضه حقوقی به حقیقی (-60 میلیارد تومان در ۲۰ روز)
سرچشمه,سرمایه گذاری مس سرچشمه,سرمایه گذاریها,73.2,پرریسک؛ صفی/رشد عمودی,100,75,52.9,60,7960,20260926,0.6,53.7,135.3,96.7,15,39.4,97.3,78.4,15,0,true,67.2,2.93,above,-4.6,2.15,5566,,-86.64,101.24,1.42,-299.55,65.71,1231,6.47,8.73,-25.9,7727,7494,8660,9126,1.5,اشباع خرید | فاصله زیاد از MA20 | سهم صفی: 15 روز از ۲۰ روز در صف (ریسک نقدشوندگی و اجرای حد ضرر) | رشد عمودی (135٪ در ۶۰ روز، 39٪ بالای MA50) | عرضه حقوقی به حقیقی (-182 میلیارد تومان در ۲۰ روز) | 97٪ بالای MA200
کخاک,صنایع‌خاک‌چینی‌ایران‌,سایر محصولات کانی غیرفلزی,73.1,پرریسک؛ صفی/رشد عمودی,100,85,87.5,17,61970,20260926,10.3,31.2,75.6,37,14.1,33.1,118.1,78.8,4,0,true,62.3,3.29,above,0,0.64,58890,,30.37,93.9,2.11,12.36,21.53,4037,15.35,12.75,20.4,59933,57872,68080,72153,1.49,اشباع خرید | رشد عمودی (76٪ در ۶۰ روز، 33٪ بالای MA50) | عرضه حقوقی به حقیقی (-91 میلیارد تومان در ۲۰ روز) | 118٪ بالای MA200
شاملا,معدنی‌ املاح‌  ایران‌,محصولات شیمیایی,73,قوی؛ نزدیک مقاومت، منتظر شکست یا پولبک,100,75,75.2,37,40590,20260926,6.8,11.5,50.8,12.2,3.6,17.1,84.6,64.4,1,0,false,34.2,3.79,above,-2.7,0.58,38670,41515,5.26,0.7,1.53,5.08,21.38,4322,9.39,9.63,-2.5,39051,37900,41515,44594,0.34,85٪ بالای MA200
وکادو,تکادو,سرمایه گذاریها,73,پرریسک؛ صفی/رشد عمودی,100,75,60.1,52,4290,20260926,-7.9,79.2,107.7,69.1,23.1,51.8,96,71.9,10,1,true,46.7,4.45,above,-13.2,1.01,2737,4940,-14.42,13.28,1.5,11.44,11.84,668,6.42,,,4099,3908,4940,5322,1.7,فاصله زیاد از MA20 | سهم صفی: 10 روز از ۲۰ روز در صف (ریسک نقدشوندگی و اجرای حد ضرر) | رشد عمودی (108٪ در ۶۰ روز، 52٪ بالای MA50) | 96٪ بالای MA200 | حد ضرر دور (8.9٪) | صف فروش در ۵ روز اخیر
دتماد,تولیدمواداولیه‌داروپخش‌,مواد و محصولات دارویی,72.9,قوی ولی پرریسک؛ فعلاً ورود نه,85,75,69.6,60,54420,20260926,5.7,0.6,77.7,39.1,-2.3,10.5,112.3,55.5,2,0,false,35.1,3.67,above,-11.6,0.76,49000,61590,48.7,18.47,1.28,26.96,35.78,5718,9.52,12.91,-26.3,52422,49426,61590,65585,1.44,عرضه حقوقی به حقیقی (-11 میلیارد تومان در ۲۰ روز) | 112٪ بالای MA200 | حد ضرر دور (9.2٪)
فرآور,فرآوری‌موادمعدنی‌ایران‌,فلزات اساسی,72.9,پرریسک؛ صفی/رشد عمودی,100,70,98.5,17,7980,20260926,14.5,46.5,41.9,3.3,25.7,40.4,50.8,87.6,13,0,true,39.5,2.5,above,-0.9,2.22,7701,,8.82,163.46,4.9,6.98,23.97,456,17.5,13.48,29.8,7781,7601,8578,8976,1.58,واگرایی منفی RSI | اشباع خرید | فاصله زیاد از MA20 | سهم صفی: 13 روز از ۲۰ روز در صف (ریسک نقدشوندگی و اجرای حد ضرر) | رشد عمودی (42٪ در ۶۰ روز، 40٪ بالای MA50) | عرضه حقوقی به حقیقی (-173 میلیارد تومان در ۲۰ روز) | 51٪ بالای MA200 | واگرایی منفی
محتشم,نساجی هدیه البرز مشهد,منسوجات,72.6,پرریسک؛ صفی/رشد عمودی,100,75,73.5,37,16150,20260926,3,30.2,50.1,11.5,12.9,34.5,72.6,72.3,11,0,true,44.9,3.02,above,-3.8,1.94,13580,,-83.28,96.43,1.61,117.42,55.62,1926,8.39,7.72,8.6,15663,15176,17611,18585,1.5,واگرایی منفی RSI | سهم صفی: 11 روز از ۲۰ روز در صف (ریسک نقدشوندگی و اجرای حد ضرر) | رشد عمودی (50٪ در ۶۰ روز، 35٪ بالای MA50) | عرضه حقوقی به حقیقی (-127 میلیارد تومان در ۲۰ روز) | 73٪ بالای MA200 | واگرایی منفی
سنوین,سرمایه گذاری اقتصاد نوین,سرمایه گذاریها,72.6,قوی ولی پرریسک؛ فعلاً ورود نه,100,100,88.5,42,3560,20260926,3.5,15.6,50.7,12.1,6.5,16.6,44.3,68.4,3,0,true,29,3.81,above,-2.7,1.15,3500,,1.72,5.13,5.14,2.79,2.99,612,5.82,,,3500,3432,3966,4237,3.18,نقدشوندگی پایین | واگرایی منفی RSI | عرضه حقوقی به حقیقی (-5 میلیارد تومان در ۲۰ روز) | واگرایی منفی | نقدشوندگی کمتر از ۱۰ میلیارد تومان
زشگزا,شیر و گوشت زاگرس شهرکرد,زراعت و خدمات وابسته,72.6,قوی؛ نزدیک مقاومت، منتظر شکست یا پولبک,95,45,80.4,60,31970,20260926,4,-1.3,9.6,-29,1.1,6.1,61.3,54.7,1,0,false,22.2,3.71,above,-6.5,0.8,31303,32660,4.05,51.87,1.28,10.29,20.75,4812,6.64,8.07,-17.7,31303,30710,32660,34115,0.55,عرضه حقوقی به حقیقی (-40 میلیارد تومان در ۲۰ روز) | 61٪ بالای MA200
کویر,تولیدی فولاد سپید فراب کویر,فلزات اساسی,72.5,پرریسک؛ صفی/رشد عمودی,100,75,48,62,2576,20260926,0.9,31.8,64.8,26.2,13.9,37.4,77.5,74.6,12,1,true,57.5,2.88,above,-7.6,2.6,1983,,-137.15,41.59,2.1,-214.1,72.67,292,8.82,13.48,-34.6,2502,2428,2799,2947,1.5,سهم صفی: 12 روز از ۲۰ روز در صف (ریسک نقدشوندگی و اجرای حد ضرر) | رشد عمودی (65٪ در ۶۰ روز، 37٪ بالای MA50) | عرضه حقوقی به حقیقی (-156 میلیارد تومان در ۲۰ روز) | 78٪ بالای MA200 | شناوری کم (10٪) | صف فروش در ۵ روز اخیر
غشهد,شهد ایران ‌,محصولات غذایی و آشامیدنی به جز قند و شکر,72.5,پرریسک؛ صفی/رشد عمودی,100,70,54,60,10020,20260926,2.8,22.2,26.9,-11.7,12.3,24.5,59.1,69.9,7,2,true,30.1,3.09,above,-5.9,0.99,8380,,-0.17,3.91,1.78,6.02,5.3,1466,6.83,8.53,-19.9,9711,9401,10948,11566,1.5,سهم صفی: 7 روز از ۲۰ روز در صف (ریسک نقدشوندگی و اجرای حد ضرر) | عرضه حقوقی به حقیقی (-7 میلیارد تومان در ۲۰ روز) | 59٪ بالای MA200 | نقدشوندگی کمتر از ۱۰ میلیارد تومان | صف فروش در ۵ روز اخیر
حفاری,حفاری شمال,استخراج نفت گاز و خدمات جنبی جز اکتشاف,72.4,ورود پله‌ای,85,53,80.4,65,5760,20260926,-2.5,4.3,29.7,-8.9,-3.1,10.8,30.9,52,3,0,false,36.4,3.65,above,-15.3,1.5,5475,6800,172.73,198,1.36,30.8,85.26,2511,2.29,2.24,2.4,5550,5370,6800,7221,2.66,
آریا,پلیمر آریا ساسول,محصولات شیمیایی,72.4,پرریسک؛ صفی/رشد عمودی,100,58,99,24,46960,20260926,12.6,45.1,32.5,-6.1,23.7,44.7,52,92.3,4,0,true,53.6,3.03,above,-0.4,2.15,42434,,48.91,252.91,9.03,161.8,73.77,4878,9.63,8.01,20.2,45535,44111,51234,54083,1.5,اشباع خرید | فاصله زیاد از MA20 | رشد عمودی (32٪ در ۶۰ روز، 45٪ بالای MA50) | عرضه حقوقی به حقیقی (-327 میلیارد تومان در ۲۰ روز) | 52٪ بالای MA200
بازرگام,پست پیشگامان,اطلاعات و ارتباطات,72.2,پرریسک؛ صفی/رشد عمودی,100,70,87.9,25,5380,20260926,9.6,33.5,61.8,23.2,17.2,37.2,48.3,85.4,8,0,true,46.7,3.02,above,-4.9,1.29,5158,5660,40.88,135.75,1.14,13.78,28,341,15.78,,,5217,5077,5660,5985,0.92,اشباع خرید | فاصله زیاد از MA20 | سهم صفی: 8 روز از ۲۰ روز در صف (ریسک نقدشوندگی و اجرای حد ضرر) | رشد عمودی (62٪ در ۶۰ روز، 37٪ بالای MA50) | عرضه حقوقی به حقیقی (-121 میلیارد تومان در ۲۰ روز)
زفجر,کشاورزی و دامپروری فجر اصفهان,زراعت و خدمات وابسته,72.2,قوی؛ نزدیک مقاومت، منتظر شکست یا پولبک,88,75,63,60,51170,20260926,6.2,7.8,54.9,16.3,2.8,9,84.8,58.8,0,0,false,18.3,3.47,above,-4.1,0.67,50150,51750,-5.06,29.61,1.72,16.48,15.83,7903,6.47,8.07,-19.8,50150,49262,51750,53370,0.3,واگرایی منفی RSI | عرضه حقوقی به حقیقی (-29 میلیارد تومان در ۲۰ روز) | 85٪ بالای MA200 | واگرایی منفی
ودی,بیمه  دی,بیمه وصندوق بازنشستگی به جزتامین اجتماعی,72,قوی ولی پرریسک؛ فعلاً ورود نه,100,75,36,72,6360,20260926,5.1,6.2,43.1,4.5,4,20,48.6,65.5,1,0,false,44.2,3.52,above,-0.8,0.79,5730,,-0.52,-7.64,1.6,3.8,3.61,1197,5.31,18.13,-70.7,6136,5800,7032,7479,1.2,خروج مستمر پول حقیقی | حد ضرر دور (8.8٪) | نقدشوندگی کمتر از ۱۰ میلیارد تومان
بتهران,بیمه اتکایی تهران رواک,بیمه وصندوق بازنشستگی به جزتامین اجتماعی,71.9,پرریسک؛ صفی/رشد عمودی,100,70,49.5,62,8700,20260926,15.8,39.6,226.9,188.3,18.8,49.6,,83.7,7,0,true,78,3.16,above,-3.9,0.91,7710,,-2.84,15.23,2.03,-25.61,14.05,956,9.1,18.13,-49.8,8425,8150,9525,10075,1.5,واگرایی منفی RSI | اشباع خرید | فاصله زیاد از MA20 | سهم صفی: 7 روز از ۲۰ روز در صف (ریسک نقدشوندگی و اجرای حد ضرر) | رشد عمودی (227٪ در ۶۰ روز، 50٪ بالای MA50) | عرضه حقوقی به حقیقی (-21 میلیارد تومان در ۲۰ روز) | 348٪ بالای کف ۵۲ هفته | واگرایی منفی
دلر,داروسازی‌ اکسیر,مواد و محصولات دارویی,71.8,پرریسک؛ صفی/رشد عمودی,95,75,63,50,26650,20260926,9.1,3.9,103.6,65,4,9.8,110.6,59.8,3,0,false,27.8,3.68,above,-5.9,0.96,26000,27595,66.45,-16.68,2.55,26.81,41.33,2845,9.37,12.91,-27.4,26000,25510,27595,28330,0.83,واگرایی منفی RSI | رشد عمودی (104٪ در ۶۰ روز، 10٪ بالای MA50) | 111٪ بالای MA200 | واگرایی منفی
ثپردیس,سرمایه گذاری مسکن پردیس,انبوه سازی، املاک و مستغلات,71.6,زیر نظر,100,90,90.5,4,4830,20260926,1,18.1,66.4,27.8,7.6,23.9,63.7,66.5,4,2,true,63.7,3.36,above,-7.1,2,4370,,66.67,109.4,1.28,31.75,19.99,117,41.28,23.59,75,4668,4425,5316,5640,1.2,P/E بالا (41) | عرضه حقوقی به حقیقی (-109 میلیارد تومان در ۲۰ روز) | 64٪ بالای MA200 | حد ضرر دور (8.4٪) | صف فروش در ۵ روز اخیر
وسدید,گروه ‌صنعتی‌سدید,فلزات اساسی,71.6,زیر نظر,100,58,100,20,2331,20260926,13.1,58.4,31.5,-7.1,23.9,33.8,35.3,84.6,12,0,true,41.8,2.84,above,-2.3,1.6,2294,,37.48,120.12,3.35,38.71,24.35,34,68.56,,,2294,2261,2529,2662,2.83,اشباع خرید | فاصله زیاد از MA20 | سهم صفی: 12 روز از ۲۰ روز در صف (ریسک نقدشوندگی و اجرای حد ضرر) | رشد عمودی (32٪ در ۶۰ روز، 34٪ بالای MA50) | P/E بالا (69) | عرضه حقوقی به حقیقی (-108 میلیارد تومان در ۲۰ روز) | واگرایی مثبت RSI
چکاوه,صنایع‌کاغذسازی‌کاوه‌,محصولات کاغذی,71.5,زیر نظر,100,70,100,10,13630,20260926,15.6,34,113,74.4,24.3,43.8,85.1,88,8,0,true,56.9,2.57,above,-0.1,2.29,12250,,34.53,44.29,3.27,30.11,8.75,,,16.48,,13279,12928,14683,15385,1.5,اشباع خرید | فاصله زیاد از MA20 | بدون EPS مثبت | سهم صفی: 8 روز از ۲۰ روز در صف (ریسک نقدشوندگی و اجرای حد ضرر) | رشد عمودی (113٪ در ۶۰ روز، 44٪ بالای MA50) | عرضه حقوقی به حقیقی (-38 میلیارد تومان در ۲۰ روز) | 85٪ بالای MA200 | نقدشوندگی کمتر از ۱۰ میلیارد تومان
پسهند,صنایع‌ لاستیکی‌  سهند,لاستیک و پلاستیک,71.4,قوی ولی پرریسک؛ فعلاً ورود نه,100,75,86.7,19,23880,20260926,8.4,4.8,38.9,0.3,4.1,17.6,26.9,62.4,1,1,false,33.5,3.59,above,-14.1,1.09,23500,26352,8.53,13.21,1.51,3.29,6.44,1468,16.27,8.21,98.1,23500,23071,26352,27815,3.06,نقدشوندگی کمتر از ۱۰ میلیارد تومان | صف فروش در ۵ روز اخیر
خرینگ,رینگ‌سازی‌مشهد,خودرو و ساخت قطعات,71.2,قوی؛ نزدیک مقاومت، منتظر شکست یا پولبک,100,90,60.9,32,17220,20260926,0.7,16,50.4,11.8,7.1,25.6,55.6,67.9,2,1,true,68.4,3.77,above,-5.9,1.3,15750,,1.16,-4.28,1.18,19.98,14.42,1668,10.32,,,16570,15595,19170,20470,1.2,56٪ بالای MA200 | حد ضرر دور (9.4٪) | صف فروش در ۵ روز اخیر
فنورد,نوردوقطعات‌ فولادی‌,فلزات اساسی,71.1,قوی ولی پرریسک؛ فعلاً ورود نه,90,65,42.5,82,11800,20260926,-6.5,9,65,26.4,-0.9,22.6,121.4,59.5,1,0,false,62.2,4.3,above,-11.9,0.6,10800,13400,4.89,16.35,0.61,-28.1,26.54,1550,7.61,13.48,-43.5,11293,10546,13400,14414,1.28,واگرایی منفی RSI | عرضه حقوقی به حقیقی (-10 میلیارد تومان در ۲۰ روز) | 121٪ بالای MA200 | سرانه خرید ضعیف (0.61) | واگرایی منفی | حد ضرر دور (10.6٪)
کمینا,شیشه سازی مینا,سایر محصولات کانی غیرفلزی,71.1,زیر نظر,100,70,88.5,20,15850,20260926,15.4,44.1,119.9,81.3,19,42.5,105.2,84.4,6,0,true,64,2.93,above,0,0.91,13770,,7.84,22.99,7.09,11.53,5.59,259,61.2,,,15385,14921,17244,18173,1.5,اشباع خرید | فاصله زیاد از MA20 | سهم صفی: 6 روز از ۲۰ روز در صف (ریسک نقدشوندگی و اجرای حد ضرر) | رشد عمودی (120٪ در ۶۰ روز، 42٪ بالای MA50) | P/E بالا (61) | عرضه حقوقی به حقیقی (-17 میلیارد تومان در ۲۰ روز) | 105٪ بالای MA200 | نقدشوندگی کمتر از ۱۰ میلیارد تومان
زقیام,کشت و دام قیام اصفهان,زراعت و خدمات وابسته,71,قوی؛ نزدیک مقاومت، منتظر شکست یا پولبک,95,45,77,57,10870,20260926,1.7,-5.7,23.9,-14.8,0.5,6.5,72.3,53.7,2,0,false,24.2,3.93,above,-10.8,0.36,10090,11890,3.79,3.19,4.21,7.85,13.96,1396,7.79,8.07,-3.5,10442,9877,11890,12180,1.03,72٪ بالای MA200 | حد ضرر دور (9.1٪)
نیان,نیان الکترونیک,تولید محصولات کامپیوتری الکترونیکی ونوری,70.9,قوی؛ نزدیک مقاومت، منتظر شکست یا پولبک,85,65,37.5,92,3570,20260926,2.6,-5.3,51.6,13,-0.1,10.8,21.2,55.6,3,0,false,26.9,3.61,above,-27.6,0.47,3402,3696,-0.56,-48.27,2.61,11.99,15.39,678,5.27,7.98,-34,3441,3338,3696,3770,0.54,واگرایی منفی RSI | خروج مستمر پول حقیقی | واگرایی منفی
پاکشو,گروه صنعتی پاکشو,محصولات شیمیایی,70.8,پرریسک؛ صفی/رشد عمودی,100,65,87,24,12170,20260926,-0.2,3.5,77.6,39,4,15.9,95.6,60.9,6,0,false,31.2,3.7,above,-4.9,0.88,11060,12400,23,29.22,2.55,24.23,12.3,1090,11.17,9.63,15.9,11720,11045,12400,12800,0.2,واگرایی منفی RSI | سهم صفی: 6 روز از ۲۰ روز در صف (ریسک نقدشوندگی و اجرای حد ضرر) | 96٪ بالای MA200 | واگرایی منفی | حد ضرر دور (9.2٪) | شناوری کم (10٪)
رتاپ,تجارت الکترونیک  پارسیان,رایانه و فعالیت‌های وابسته به آن,70.6,قوی ولی پرریسک؛ فعلاً ورود نه,100,90,28.5,62,9400,20260926,-0.4,5.9,80.8,42.2,4.8,13,115.9,61.5,4,1,true,49.2,3.16,above,-3.9,0.57,9290,9750,-6.53,-114.31,1.3,6.23,19.17,806,11.66,18.19,-35.9,9290,9142,9750,10344,1.35,خروج مستمر پول حقیقی | 116٪ بالای MA200 | صف فروش در ۵ روز اخیر
فن آوا,گروه فن آوا,رایانه و فعالیت‌های وابسته به آن,70.3,پرریسک؛ صفی/رشد عمودی,100,35,83.4,50,3920,20260926,3.2,50.8,187.1,148.5,15.1,58.8,136.4,83.7,14,1,false,81.9,2.8,above,-1.3,1.31,3580,3970,6.98,42.05,1.01,0.43,14.8,1675,2.34,,,3810,3700,3970,4190,0.23,اشباع خرید | فاصله زیاد از MA20 | سهم صفی: 14 روز از ۲۰ روز در صف (ریسک نقدشوندگی و اجرای حد ضرر) | رشد عمودی (187٪ در ۶۰ روز، 59٪ بالای MA50) | عرضه حقوقی به حقیقی (-33 میلیارد تومان در ۲۰ روز) | 136٪ بالای MA200 | صف فروش در ۵ روز اخیر
دزاگرس,دارویی و نهاده های زاگرس دارو,مواد و محصولات دارویی,70.3,قوی؛ نزدیک مقاومت، منتظر شکست یا پولبک,95,65,78,37,24780,20260926,8.6,-1,47.9,9.3,2.5,9.8,97.4,58.1,4,0,false,41.1,3.35,above,-8.1,1.15,22820,26090,77.22,47.85,7.67,40.42,94.17,3000,8.26,8.86,-6.8,23949,22703,26090,26970,0.63,97٪ بالای MA200 | حد ضرر دور (8.4٪)
دابور,داروسازی‌ ابوریحان‌,مواد و محصولات دارویی,70.3,قوی ولی پرریسک؛ فعلاً ورود نه,100,85,43,50,67560,20260926,5.9,26.5,88.5,49.9,9.5,26.4,104.6,74.2,0,0,true,53.2,3.9,above,-1.7,1.01,63800,,15.21,4.49,0.77,-32.12,41.95,6272,10.77,12.91,-16.6,64922,62481,75473,80749,1.56,واگرایی منفی RSI | عرضه حقوقی به حقیقی (-22 میلیارد تومان در ۲۰ روز) | 105٪ بالای MA200 | سرانه خرید ضعیف (0.77) | واگرایی منفی | حد ضرر دور (7.5٪)
فنر,پارس فنر,خودرو و ساخت قطعات,70.3,پرریسک؛ صفی/رشد عمودی,100,70,89,16,7260,20260926,8.4,23.5,107.4,68.8,12.2,33.6,106.3,83.6,3,0,true,53.5,3.59,above,-0.4,0.58,6690,,1.4,12.86,3.94,23.83,11.32,636,11.42,5.87,94.5,6999,6608,8042,8563,1.2,اشباع خرید | رشد عمودی (107٪ در ۶۰ روز، 34٪ بالای MA50) | عرضه حقوقی به حقیقی (-12 میلیارد تومان در ۲۰ روز) | 106٪ بالای MA200 | حد ضرر دور (9.0٪)
حسیر,ریل سیر کوثر,حمل ونقل، انبارداری و ارتباطات,70.1,پرریسک؛ صفی/رشد عمودی,100,70,88.5,16,8370,20260926,10.4,17.1,65,26.3,13.6,33.1,91.4,81.5,2,0,true,62.5,3.23,above,-0.8,1.3,7360,,15.96,16.34,7.83,2.26,17.86,758,11.04,7.68,43.8,8099,7829,9182,9723,1.5,واگرایی منفی RSI | اشباع خرید | رشد عمودی (65٪ در ۶۰ روز، 33٪ بالای MA50) | عرضه حقوقی به حقیقی (-12 میلیارد تومان در ۲۰ روز) | 91٪ بالای MA200 | واگرایی منفی
مهرمام,مهرمام میهن,سلامت انسان و مددکاری اجتماعی,70,پرریسک؛ صفی/رشد عمودی,100,75,63,37,4220,20260926,-1.6,32.7,39.8,1.2,10.3,23.1,50.3,71.5,8,1,true,51.5,3.29,above,-6.6,1.31,3523,4520,-13.32,62.96,2.03,65.66,26.39,403,10.47,10.3,1.7,4081,3942,4520,4798,1.08,سهم صفی: 8 روز از ۲۰ روز در صف (ریسک نقدشوندگی و اجرای حد ضرر) | عرضه حقوقی به حقیقی (-59 میلیارد تومان در ۲۰ روز) | 50٪ بالای MA200 | صف فروش در ۵ روز اخیر
دالبر,البرزدارو,مواد و محصولات دارویی,69.9,زیر نظر,100,75,37.5,62,15950,20260926,2.4,4.1,135.3,96.7,3.5,20,140.6,60.7,4,1,false,53.5,3,above,-6.1,1.49,14660,16990,206.3,-136.14,0.67,-95.24,97.31,1779,8.97,12.91,-30.6,15472,14755,16990,17946,0.87,واگرایی منفی RSI | خروج مستمر پول حقیقی | رشد عمودی (135٪ در ۶۰ روز، 20٪ بالای MA50) | 141٪ بالای MA200 | سرانه خرید ضعیف (0.67) | واگرایی منفی | حد ضرر دور (7.5٪) | صف فروش در ۵ روز اخیر
سبزوا,سیمان لار سبزوار,سیمان، آهک و گچ,69.8,زیر نظر,100,70,99,4,13360,20260926,12.2,60.2,63.7,25.1,25.6,45.9,102.4,92,10,0,true,56.3,2.74,above,0,1.44,9780,,5.64,33.17,3.85,38.61,16.38,615,21.72,6.69,224.7,12993,12627,14460,15193,1.5,اشباع خرید | فاصله زیاد از MA20 | سهم صفی: 10 روز از ۲۰ روز در صف (ریسک نقدشوندگی و اجرای حد ضرر) | رشد عمودی (64٪ در ۶۰ روز، 46٪ بالای MA50) | عرضه حقوقی به حقیقی (-31 میلیارد تومان در ۲۰ روز) | 102٪ بالای MA200
دارو,کارخانجات‌داروپخش‌,مواد و محصولات دارویی,69.6,زیر نظر,95,65,62.5,50,8570,20260926,10.2,-0.5,111.2,72.6,4.2,11.6,133.3,61.1,5,0,false,35.9,3.69,above,-8.8,0.57,7790,8850,67.1,-85.18,4.12,80.64,67.99,841,10.19,12.91,-21.1,8254,7780,8850,9400,0.35,خروج مستمر پول حقیقی | رشد عمودی (111٪ در ۶۰ روز، 12٪ بالای MA50) | 133٪ بالای MA200 | حد ضرر دور (9.2٪) | شناوری کم (13٪)
نماد,گروه مالی نماد غدیر,سرمایه گذاریها,69.6,زیر نظر,100,53,36,80,4040,20260926,-0.5,11,34.6,-4,1.9,14.1,,59.8,1,0,false,37.2,3.6,above,-5.2,0.84,3927,4240,-8.39,-38.71,4.39,48.93,33.71,995,4.06,7.13,-43.1,3927,3854,4240,4531,1.08,خروج مستمر پول حقیقی | شناوری کم (9٪)
شکبیر,پتروشیمی امیرکبیر,محصولات شیمیایی,69.5,زیر نظر,100,45,62,60,132600,20260926,-0.2,9,23.9,-14.7,0.1,16.1,38,57.6,2,0,false,35.2,3.39,above,-15.8,0.65,119500,134000,7.62,-8.63,4.4,4.87,6.14,27918,4.75,,,128102,121355,134000,143400,0.12,خروج مستمر پول حقیقی | 174٪ بالای کف ۵۲ هفته | حد ضرر دور (8.5٪) | نقدشوندگی کمتر از ۱۰ میلیارد تومان
ولملت,واسپاری ملت,سایر واسطه گریهای مالی,69.5,زیر نظر,100,70,97.9,4,25550,20260926,15.8,52.6,189.7,151.1,26.1,44.4,193.2,87.5,14,0,true,47.7,2.49,above,0,1.44,19090,,17.6,32.56,1.51,19.59,17.56,824,31.01,9.94,211.9,24914,24279,27457,28728,1.5,واگرایی منفی RSI | اشباع خرید | فاصله زیاد از MA20 | سهم صفی: 14 روز از ۲۰ روز در صف (ریسک نقدشوندگی و اجرای حد ضرر) | رشد عمودی (190٪ در ۶۰ روز، 44٪ بالای MA50) | P/E بالا (31) | عرضه حقوقی به حقیقی (-30 میلیارد تومان در ۲۰ روز) | 193٪ بالای MA200 | واگرایی منفی
پترول,گ.س.وت.ص.پتروشیمی خلیج فارس,محصولات شیمیایی,69.4,زیر نظر,90,65,27.5,90,2417,20260926,-10.8,3.8,61.2,22.6,-2.2,10.1,49.6,50.9,3,1,false,37.6,3.97,above,-14.4,0.69,2259,2825,-30.9,135.88,0.53,-76.17,74.59,710,3.4,9.63,-64.6,2321,2211,2825,3017,1.98,عرضه حقوقی به حقیقی (-142 میلیارد تومان در ۲۰ روز) | سرانه خرید ضعیف (0.53) | حد ضرر دور (8.5٪) | صف فروش در ۵ روز اخیر
مهر,سرمایه گذاری مهر,سرمایه گذاریها,69.4,زیر نظر,100,45,61.5,60,3850,20260926,7.5,25.2,79.5,40.9,12.5,41,80.7,80.9,2,0,false,57.6,3.06,above,-0.3,0.63,3410,,9.22,-76.65,19.23,29.81,13.01,564,6.83,8.73,-21.8,3732,3615,4203,4439,1.5,اشباع خرید | خروج مستمر پول حقیقی | رشد عمودی (79٪ در ۶۰ روز، 41٪ بالای MA50) | 81٪ بالای MA200
ومدیر,گ.مدیریت ارزش سرمایه ص ب کشوری,سرمایه گذاریها,69.2,زیر نظر,90,53,36.5,90,2864,20260926,-6.7,6.8,35.6,-3,-0.1,10.3,33.1,53.7,2,1,false,38.8,3.34,above,-11.3,1.61,2762,3229,-1.23,-5.19,2.68,8.12,5.6,904,3.17,7.13,-55.6,2768,2714,3229,3420,2.44,نقدشوندگی کمتر از ۱۰ میلیارد تومان | صف فروش در ۵ روز اخیر
وفتخار,سرمایه گذاری افتخار سهام,سرمایه گذاریها,69.1,زیر نظر,100,75,46.5,50,1943,20260926,-0.8,21.7,59.9,21.3,9.6,23.6,29.6,70.1,7,0,true,47.7,3.48,above,-6.5,1.61,1910,2041,-0.08,6.4,3.77,-19.25,5.04,531,3.66,,,1910,1876,2041,2176,1.46,سهم صفی: 7 روز از ۲۰ روز در صف (ریسک نقدشوندگی و اجرای حد ضرر) | عرضه حقوقی به حقیقی (-7 میلیارد تومان در ۲۰ روز) | نقدشوندگی کمتر از ۱۰ میلیارد تومان
بهامرز,بیمه زندگی هامرز,بیمه وصندوق بازنشستگی به جزتامین اجتماعی,69.1,زیر نظر,100,60,88.5,20,7420,20260926,7.8,59.9,128.8,90.2,23.2,58.2,138.5,94.5,14,0,true,72.8,2.73,above,0,1.1,6600,,2.33,25.77,2.62,3.93,3.08,253,29.33,,,7218,7015,8027,8432,1.5,اشباع خرید | فاصله زیاد از MA20 | سهم صفی: 14 روز از ۲۰ روز در صف (ریسک نقدشوندگی و اجرای حد ضرر) | رشد عمودی (129٪ در ۶۰ روز، 58٪ بالای MA50) | عرضه حقوقی به حقیقی (-24 میلیارد تومان در ۲۰ روز) | 138٪ بالای MA200 | نقدشوندگی کمتر از ۱۰ میلیارد تومان
ارفع,شرکت آهن و فولاد ارفع,فلزات اساسی,69.1,زیر نظر,100,75,49.4,47,14130,20260926,3.4,46.3,84.9,46.3,17.3,30.3,143.4,77.7,12,1,true,51.7,2.95,above,-5.7,1.74,11212,,-35.96,177.96,1.26,-121.94,52.17,1926,7.34,8.05,-8.9,13714,13297,15379,16212,1.5,واگرایی منفی RSI | فاصله زیاد از MA20 | سهم صفی: 12 روز از ۲۰ روز در صف (ریسک نقدشوندگی و اجرای حد ضرر) | رشد عمودی (85٪ در ۶۰ روز، 30٪ بالای MA50) | عرضه حقوقی به حقیقی (-194 میلیارد تومان در ۲۰ روز) | 143٪ بالای MA200 | واگرایی منفی | صف فروش در ۵ روز اخیر
حآفرین,ریل پرداز نو آفرین,حمل ونقل، انبارداری و ارتباطات,69,زیر نظر,90,65,26,90,2720,20260926,-11.7,19.9,62,23.4,-3.4,24.7,79.2,53.8,14,2,false,59.3,3.66,above,-20.9,1.32,1834,3440,-51.07,139.76,0.53,-68.07,39.84,704,3.86,7.68,-49.7,2620,2521,3440,3639,3.61,سهم صفی: 14 روز از ۲۰ روز در صف (ریسک نقدشوندگی و اجرای حد ضرر) | عرضه حقوقی به حقیقی (-156 میلیارد تومان در ۲۰ روز) | 79٪ بالای MA200 | سرانه خرید ضعیف (0.53) | حد ضرر دور (7.3٪) | صف فروش در ۵ روز اخیر
تپسی,پیشگامان فن آوری و دانش آرامیس,رایانه و فعالیت‌های وابسته به آن,69,زیر نظر,100,70,90,10,24830,20260926,6.1,26.4,100.1,61.5,11.5,31.3,45.5,99.5,20,0,true,93.8,1.02,above,0,0.74,22600,,16.88,73.54,11,16.11,5.19,,,8.89,,24578,24325,25587,26092,1.5,اشباع خرید | بدون EPS مثبت | سهم صفی: 20 روز از ۲۰ روز در صف (ریسک نقدشوندگی و اجرای حد ضرر) | رشد عمودی (100٪ در ۶۰ روز، 31٪ بالای MA50) | عرضه حقوقی به حقیقی (-68 میلیارد تومان در ۲۰ روز) | نقدشوندگی کمتر از ۱۰ میلیارد تومان
کگاز,شیشه‌ و گاز,سایر محصولات کانی غیرفلزی,69,زیر نظر,100,53,53.5,60,51940,20260926,-2.5,15,36.6,-2,4.6,20.8,59.8,59.9,5,1,false,47,3.51,above,-10.4,0.92,47264,,5.92,106.1,0.49,-32.11,16.8,5055,10.27,12.75,-19.4,50116,47380,57412,61059,1.2,عرضه حقوقی به حقیقی (-111 میلیارد تومان در ۲۰ روز) | 60٪ بالای MA200 | سرانه خرید ضعیف (0.49) | حد ضرر دور (8.8٪) | صف فروش در ۵ روز اخیر
وخاور,بانک خاورمیانه,بانکها و موسسات اعتباری,69,زیر نظر,88,75,76.3,34,6270,20260926,0.6,0.2,41.2,2.6,2.3,6.5,74,56.8,0,0,false,19.8,3.76,above,-5.7,0.65,6160,6615,16.85,111.52,1.11,6.67,64.07,1045,6,5.4,11.1,6160,6042,6615,7086,1.51,عرضه حقوقی به حقیقی (-120 میلیارد تومان در ۲۰ روز) | 74٪ بالای MA200
فن افزار,توسعه فن افزار توسن,رایانه و فعالیت‌های وابسته به آن,68.9,زیر نظر,100,75,35.5,60,10790,20260926,2.4,19.2,163.7,125.1,2.9,27.4,163.2,68,4,1,false,66.5,3.6,above,-8.2,0.65,7930,11750,-15.5,-49.84,3.53,13.22,19.97,1478,7.3,8.89,-17.9,10402,10013,11750,12527,1.24,واگرایی منفی RSI | خروج مستمر پول حقیقی | رشد عمودی (164٪ در ۶۰ روز، 27٪ بالای MA50) | 163٪ بالای MA200 | واگرایی منفی | حد ضرر دور (7.2٪) | صف فروش در ۵ روز اخیر
داسوه,داروسازی‌ اسوه‌,مواد و محصولات دارویی,68.9,زیر نظر,85,75,86.5,27,93820,20260926,2.9,10.3,160.5,121.9,-1.9,20,132.6,57.5,8,1,false,54.8,3.44,above,-14,0.68,92270,109090,15.58,25.8,5.87,11.87,12.13,6197,15.14,12.91,17.3,92270,90658,109090,115537,4.83,واگرایی منفی RSI | سهم صفی: 8 روز از ۲۰ روز در صف (ریسک نقدشوندگی و اجرای حد ضرر) | رشد عمودی (161٪ در ۶۰ روز، 20٪ بالای MA50) | عرضه حقوقی به حقیقی (-24 میلیارد تومان در ۲۰ روز) | 133٪ بالای MA200 | واگرایی منفی | شناوری کم (9٪) | صف فروش در ۵ روز اخیر
ثنور,سرمایه گذاری کوه نور,انبوه سازی، املاک و مستغلات,68.9,زیر نظر,100,75,75.5,20,6990,20260926,2.5,9.4,81.5,42.9,2.2,19.6,84,62.3,0,0,false,64.6,3.51,above,-7.3,0.83,6670,7540,0.26,1.72,1.7,3.7,3.31,26,268.85,,,6745,6547,7540,8031,1.24,واگرایی منفی RSI | P/E بالا (269) | عرضه حقوقی به حقیقی (-1 میلیارد تومان در ۲۰ روز) | 84٪ بالای MA200 | واگرایی منفی | نقدشوندگی کمتر از ۱۰ میلیارد تومان
اردستان,سیمان اردستان,سیمان، آهک و گچ,68.8,زیر نظر,100,55,51.4,60,30820,20260926,3.9,13.8,10.9,-27.7,2.8,12.8,38.6,58.4,3,0,false,26.3,3.37,above,-7.9,0.8,29783,33470,1.58,-53.94,1.19,7,16.03,5074,6.07,7.14,-14.9,29783,29263,33470,35550,1.7,خروج مستمر پول حقیقی
وبوعلی,سرمایه‌گذاری‌بوعلی‌,سرمایه گذاریها,68.8,زیر نظر,100,60,27.4,80,3700,20260926,5.1,20.1,62.2,23.6,9.2,29,77.9,74.7,1,0,false,59.2,3.57,above,-2.4,1.06,3330,3740,-2.15,-13.18,1.21,1.46,4.82,1066,3.47,7.13,-51.3,3568,3369,3740,4005,0.12,خروج مستمر پول حقیقی | 78٪ بالای MA200 | حد ضرر دور (8.9٪) | نقدشوندگی کمتر از ۱۰ میلیارد تومان
ثامید,توسعه و عمران امید,انبوه سازی، املاک و مستغلات,68.8,زیر نظر,70,30,77,90,1766,20260926,-6.7,1,22.5,-16.1,-3.4,7,39,49,0,0,false,22.2,3.79,above,-11.7,0.89,1710,1836,17.3,6.77,4.2,43.81,15.27,547,3.23,6.61,-51.2,1710,1677,1836,2001,0.78,واگرایی منفی RSI | عرضه حقوقی به حقیقی (-8 میلیارد تومان در ۲۰ روز) | واگرایی منفی | شناوری کم (13٪)
شپدیس,پتروشیمی پردیس,محصولات شیمیایی,68.5,زیر نظر,100,70,28,70,12930,20260926,-5.1,14.8,0.2,-38.4,1.8,12,23.1,55.7,1,1,true,43.5,3.62,above,-20.5,1.17,12540,13270,-873.51,1346.92,0.45,-1693.86,661.86,1879,6.88,9.63,-28.5,12540,12306,13270,14050,0.54,عرضه حقوقی به حقیقی (-1701 میلیارد تومان در ۲۰ روز) | 161٪ بالای کف ۵۲ هفته | سرانه خرید ضعیف (0.45) | صف فروش در ۵ روز اخیر
آواپارس,بیمه اتکایی آوای پارس,بیمه وصندوق بازنشستگی به جزتامین اجتماعی,68.5,زیر نظر,100,70,88,50,4500,20260926,10.8,40.6,113.6,75,18,43.4,132.7,97.7,20,0,true,84.9,2.36,above,0,1.14,2583,,0.85,1.36,5.7,2.68,0.61,1471,3.06,,,4394,4288,4818,5030,1.5,نقدشوندگی پایین | واگرایی منفی RSI | اشباع خرید | فاصله زیاد از MA20 | سهم صفی: 20 روز از ۲۰ روز در صف (ریسک نقدشوندگی و اجرای حد ضرر) | رشد عمودی (114٪ در ۶۰ روز، 43٪ بالای MA50) | عرضه حقوقی به حقیقی (-1 میلیارد تومان در ۲۰ روز) | 133٪ بالای MA200 | واگرایی منفی | نقدشوندگی کمتر از ۱۰ میلیارد تومان
خریخت,صنایع‌ریخته‌گری‌ایران‌,خودرو و ساخت قطعات,68.4,زیر نظر,100,60,73.7,32,1653,20260926,7.8,42.4,68.4,29.8,17.7,35.3,67.6,87.5,5,0,true,52.1,3.28,above,-2.5,1.44,1229,,5.65,11.1,1.17,-9.64,5.83,185,8.94,,,1599,1545,1816,1924,1.5,واگرایی منفی RSI | اشباع خرید | فاصله زیاد از MA20 | رشد عمودی (68٪ در ۶۰ روز، 35٪ بالای MA50) | عرضه حقوقی به حقیقی (-11 میلیارد تومان در ۲۰ روز) | 68٪ بالای MA200 | واگرایی منفی | نقدشوندگی کمتر از ۱۰ میلیارد تومان
کایزد,فرانسوز یزد,سایر محصولات کانی غیرفلزی,68.4,زیر نظر,100,70,88.5,9,3710,20260926,14.5,58.8,103.6,65,27.4,62.3,85.3,96,11,0,true,79.4,2.42,above,-0.3,0.73,2633,,3.02,22.51,2.44,19.04,10.59,263,14.11,10.33,36.6,3620,3530,3979,4159,1.5,اشباع خرید | فاصله زیاد از MA20 | سهم صفی: 11 روز از ۲۰ روز در صف (ریسک نقدشوندگی و اجرای حد ضرر) | رشد عمودی (104٪ در ۶۰ روز، 62٪ بالای MA50) | عرضه حقوقی به حقیقی (-21 میلیارد تومان در ۲۰ روز) | 85٪ بالای MA200
شفن,پتروشیمی فناوران,محصولات شیمیایی,68.4,زیر نظر,100,75,89.5,4,7260,20260926,2.3,25.2,100.9,62.3,10.7,31.2,53,72.5,3,0,true,60.3,3.15,above,-2.4,0.92,6860,7430,11.1,125.03,1.67,43.07,31.41,284,25.56,9.63,165.5,7031,6746,7430,7887,0.33,رشد عمودی (101٪ در ۶۰ روز، 31٪ بالای MA50) | عرضه حقوقی به حقیقی (-118 میلیارد تومان در ۲۰ روز) | 53٪ بالای MA200 | حد ضرر دور (7.1٪)
شدوص,دوده‌ صنعتی‌ پارس‌,محصولات شیمیایی,68.3,زیر نظر,90,40,51,82,6720,20260926,-6,-4.5,44.1,5.5,-6,5.9,45.8,46.1,2,0,false,42.5,4.08,above,-14.8,0.45,5289,7290,0.66,21.67,0.64,-8.85,11.97,1044,6.44,9.63,-33.2,6446,6172,7290,7660,1.04,عرضه حقوقی به حقیقی (-22 میلیارد تومان در ۲۰ روز) | سرانه خرید ضعیف (0.64) | حد ضرر دور (8.2٪)
ممسنی,پتروشیمی ممسنی,محصولات شیمیایی,68.3,زیر نظر,100,70,87,10,13500,20260926,15.8,50,93.7,55.1,23.1,47.3,59.3,98.4,20,0,true,78.2,2.32,above,-11.5,0.37,13020,15250,1.49,60.48,3.91,1.96,4.21,,,,,13187,12864,15250,15875,2.75,اشباع خرید | فاصله زیاد از MA20 | بدون EPS مثبت | سهم صفی: 20 روز از ۲۰ روز در صف (ریسک نقدشوندگی و اجرای حد ضرر) | رشد عمودی (94٪ در ۶۰ روز، 47٪ بالای MA50) | عرضه حقوقی به حقیقی (-61 میلیارد تومان در ۲۰ روز) | 59٪ بالای MA200 | نقدشوندگی کمتر از ۱۰ میلیارد تومان | واگرایی مثبت RSI
خبرنا,تولیدی برنا باطری,خودرو و ساخت قطعات,67.9,زیر نظر,90,55,83.7,36,8250,20260926,2.4,13.3,26.4,-12.2,-0.3,16.1,28.5,57.6,3,0,false,38.3,3.57,above,-10.3,0.82,7690,9200,13.65,77.67,1.39,23.49,30.63,1058,7.8,5.87,32.8,7956,7543,9200,9789,1.34,عرضه حقوقی به حقیقی (-63 میلیارد تومان در ۲۰ روز) | حد ضرر دور (8.6٪)
ولغدر,لیزینگ‌خودروغدیر,سایر واسطه گریهای مالی,67.9,زیر نظر,100,75,87.5,4,3750,20260926,4.7,18.3,64.2,25.6,4.5,26,52.9,66.3,2,0,false,63,3.65,above,-5.3,1.38,3480,3960,4,3.65,3.43,4.81,5.32,80,46.88,9.94,371.6,3613,3412,3960,4233,0.62,P/E بالا (47) | عرضه حقوقی به حقیقی (-4 میلیارد تومان در ۲۰ روز) | 53٪ بالای MA200 | حد ضرر دور (9.0٪) | نقدشوندگی کمتر از ۱۰ میلیارد تومان
کیمیاتک,آریان کیمیا تک,محصولات شیمیایی,67.9,زیر نظر,100,65,62.5,37,20040,20260926,-5.6,12.7,79.9,41.3,3.7,16.5,116.3,60.2,4,1,false,47.6,3.31,above,-9.8,0.5,18400,22210,4.58,-10.76,1.93,12.24,25.75,1968,10.18,9.63,5.7,19377,18381,22210,23537,1.31,116٪ بالای MA200 | حد ضرر دور (8.3٪) | صف فروش در ۵ روز اخیر
نطرین,عطرین نخ قم,منسوجات,67.6,زیر نظر,100,75,47.5,43,2393,20260926,6.2,25.4,50.9,12.3,16.8,27.6,85.5,76.4,15,1,true,35.3,2.87,above,-2.7,1.12,2013,,-1.37,10.94,5.22,-32.38,9.65,196,12.21,14.29,-14.6,2324,2256,2599,2736,1.5,فاصله زیاد از MA20 | سهم صفی: 15 روز از ۲۰ روز در صف (ریسک نقدشوندگی و اجرای حد ضرر) | عرضه حقوقی به حقیقی (-16 میلیارد تومان در ۲۰ روز) | 86٪ بالای MA200 | نقدشوندگی کمتر از ۱۰ میلیارد تومان | صف فروش در ۵ روز اخیر
ونیکی,سرمایه‌گذاری‌ ملی‌ایران‌,شرکتهای چند رشته ای صنعتی,67.5,زیر نظر,100,90,18,60,5360,20260926,-6,23.2,43.3,4.7,5.9,24.4,56.7,63.8,8,0,true,48.1,3.24,above,-8.7,0.99,4745,,-0.65,32.75,0.35,-120.5,48.14,692,7.75,10.88,-28.8,5186,5013,5881,6228,1.5,سهم صفی: 8 روز از ۲۰ روز در صف (ریسک نقدشوندگی و اجرای حد ضرر) | عرضه حقوقی به حقیقی (-29 میلیارد تومان در ۲۰ روز) | 57٪ بالای MA200 | سرانه خرید ضعیف (0.35) | شناوری کم (13٪)
ومشان,سرمایه گذاری مشانیر,سرمایه گذاریها,67.5,زیر نظر,100,70,74,20,32220,20260926,15.8,21,43.2,4.6,20.2,29.1,96.1,81.8,6,0,true,32.5,3.4,above,0,0.44,26683,,1.27,15.56,3.25,-6.91,6.82,143,225.31,,,31123,30027,35510,37703,1.5,اشباع خرید | فاصله زیاد از MA20 | سهم صفی: 6 روز از ۲۰ روز در صف (ریسک نقدشوندگی و اجرای حد ضرر) | P/E بالا (225) | عرضه حقوقی به حقیقی (-16 میلیارد تومان در ۲۰ روز) | 96٪ بالای MA200 | نقدشوندگی کمتر از ۱۰ میلیارد تومان
زنگان,صنعت روی زنگان,فلزات اساسی,67.5,زیر نظر,100,70,90,4,9420,20260926,15.6,32.7,84.9,46.3,23.1,38,85.6,87,9,0,true,47.8,2.83,above,0,0.59,7490,,9.24,11.8,5.69,23.38,6.21,403,23.37,8.05,190.4,9153,8887,10220,10753,1.5,اشباع خرید | فاصله زیاد از MA20 | سهم صفی: 9 روز از ۲۰ روز در صف (ریسک نقدشوندگی و اجرای حد ضرر) | رشد عمودی (85٪ در ۶۰ روز، 38٪ بالای MA50) | عرضه حقوقی به حقیقی (-12 میلیارد تومان در ۲۰ روز) | 86٪ بالای MA200 | نقدشوندگی کمتر از ۱۰ میلیارد تومان
سیسکو,فولاد سیرجان ایرانیان,فلزات اساسی,67.5,زیر نظر,100,65,15.9,82,6180,20260926,-7.9,6.4,99,60.4,1.9,24.9,123.4,58.7,8,1,false,62.5,3.11,above,-11.2,0.8,5910,6960,-248.62,-612.12,1.38,-131.28,110.53,820,7.54,13.48,-44.1,5988,5814,6960,7344,2.13,خروج مستمر پول حقیقی | سهم صفی: 8 روز از ۲۰ روز در صف (ریسک نقدشوندگی و اجرای حد ضرر) | 123٪ بالای MA200 | شناوری کم (7٪) | صف فروش در ۵ روز اخیر
ثباغ,شهر سازی و خانه سازی باغمیشه,انبوه سازی، املاک و مستغلات,67.4,زیر نظر,90,75,29.6,72,7470,20260926,1.4,1.5,39.9,1.3,-0.9,15,52.5,57.3,0,0,false,42.1,3.68,above,-7,0.54,7330,7980,2.18,-1.46,0.91,-4.18,10.03,1129,6.62,23.59,-72,7330,7193,7980,8530,1.84,52٪ بالای MA200
وحکمت,بیمه حکمت صبا,بیمه وصندوق بازنشستگی به جزتامین اجتماعی,67.4,زیر نظر,88,55,78,42,1553,20260926,4.2,0.9,23.4,-15.2,3.4,12.6,24.9,60.3,1,0,false,20,3.97,above,-2.5,0.86,1485,1589,0.57,9.24,2.1,18.14,11.15,199,7.8,,,1491,1454,1589,1712,0.36,عرضه حقوقی به حقیقی (-9 میلیارد تومان در ۲۰ روز)
حیات,بیمه زندگی مفید,بیمه وصندوق بازنشستگی به جزتامین اجتماعی,67.4,زیر نظر,100,60,81.5,20,8850,20260926,7.9,52.8,319.2,280.6,18.4,63.2,,99.8,18,0,true,97.9,2.33,above,0,1.36,2530,,6.24,17,2.54,-5.53,4.18,327,27.06,,,8643,8437,9470,9883,1.5,اشباع خرید | فاصله زیاد از MA20 | سهم صفی: 18 روز از ۲۰ روز در صف (ریسک نقدشوندگی و اجرای حد ضرر) | رشد عمودی (319٪ در ۶۰ روز، 63٪ بالای MA50) | عرضه حقوقی به حقیقی (-12 میلیارد تومان در ۲۰ روز) | 549٪ بالای کف ۵۲ هفته | نقدشوندگی کمتر از ۱۰ میلیارد تومان
زمگسا,کشاورزی‌ ودامپروی‌ مگسال‌,زراعت و خدمات وابسته,67.3,زیر نظر,100,35,77.1,44,94210,20260926,-3.2,-4.4,16.7,-21.9,0.8,10,59.6,53.9,4,2,false,23.7,3.65,above,-11.1,0.83,90070,98010,10.64,12.33,1.22,6.31,10.41,12169,7.74,6.33,22.3,90772,88351,98010,100920,0.65,واگرایی منفی RSI | 60٪ بالای MA200 | واگرایی منفی | صف فروش در ۵ روز اخیر
نخریس,نخریسی و نساجی خسروی خراسان,منسوجات,67.3,زیر نظر,100,75,39,50,23280,20260926,1.6,24.6,87.4,48.8,11.7,33.5,82.7,76.7,1,0,true,48.8,3.27,above,-1.2,0.95,21600,23570,-5.23,-1.96,5.16,16.01,10.05,2027,11.48,14.29,-19.6,22520,21379,23570,25091,0.15,واگرایی منفی RSI | رشد عمودی (87٪ در ۶۰ روز، 34٪ بالای MA50) | 83٪ بالای MA200 | واگرایی منفی | حد ضرر دور (8.2٪)
درپاد,گروه صنعتی درپاد تبریز,فلزات اساسی,67.3,زیر نظر,100,70,89,4,4490,20260926,15.4,76.3,96.9,58.3,29.4,71.1,,97.4,17,0,true,74.5,2.21,above,0,0.6,3011,,21.82,43.59,404.26,29.18,7.46,24,187.08,8.05,2224,4391,4292,4787,4985,1.5,اشباع خرید | فاصله زیاد از MA20 | سهم صفی: 17 روز از ۲۰ روز در صف (ریسک نقدشوندگی و اجرای حد ضرر) | رشد عمودی (97٪ در ۶۰ روز، 71٪ بالای MA50) | P/E بالا (187) | عرضه حقوقی به حقیقی (-37 میلیارد تومان در ۲۰ روز) | نقدشوندگی کمتر از ۱۰ میلیارد تومان
غگیلا,شیرپاستوریزه پگاه گیلان,محصولات غذایی و آشامیدنی به جز قند و شکر,67.3,زیر نظر,100,70,89,4,38000,20260926,14.5,53.5,122.1,83.5,25.6,55.2,128.1,94.7,8,0,true,77.6,2.79,above,-1.2,1.07,24500,,2.96,13.03,8.82,12.26,4.74,1291,29.43,7.05,317.5,36940,35879,41181,43301,1.5,واگرایی منفی RSI | اشباع خرید | فاصله زیاد از MA20 | سهم صفی: 8 روز از ۲۰ روز در صف (ریسک نقدشوندگی و اجرای حد ضرر) | رشد عمودی (122٪ در ۶۰ روز، 55٪ بالای MA50) | عرضه حقوقی به حقیقی (-14 میلیارد تومان در ۲۰ روز) | 128٪ بالای MA200 | واگرایی منفی | نقدشوندگی کمتر از ۱۰ میلیارد تومان
درازک,دارویی‌ رازک‌,مواد و محصولات دارویی,67,زیر نظر,100,65,46,50,4620,20260926,3.1,-1.7,230.4,191.8,0.3,25.3,139.5,60.6,5,1,false,44.8,3.51,above,-8.7,0.67,4320,4810,0.88,-143.37,1.97,-1.46,55.04,453,10.2,12.91,-21,4458,4239,4810,5060,0.5,واگرایی منفی RSI | خروج مستمر پول حقیقی | رشد عمودی (230٪ در ۶۰ روز، 25٪ بالای MA50) | 139٪ بالای MA200 | واگرایی منفی | حد ضرر دور (8.2٪) | صف فروش در ۵ روز اخیر
واحصا,احیاء صنایع خراسان,سرمایه گذاریها,67,زیر نظر,100,70,72,20,30120,20260926,8.3,24.4,100.1,61.5,10.9,26.3,123.6,81.7,0,0,true,47,3.6,above,0,1.22,29130,,0.31,-10.55,3.53,7.94,3.63,126,239.05,,,29130,28587,33376,35546,2.12,واگرایی منفی RSI | اشباع خرید | خروج مستمر پول حقیقی | رشد عمودی (100٪ در ۶۰ روز، 26٪ بالای MA50) | P/E بالا (239) | 124٪ بالای MA200 | واگرایی منفی | نقدشوندگی کمتر از ۱۰ میلیارد تومان
رایا,بیمه اتکایی رایا,بیمه وصندوق بازنشستگی به جزتامین اجتماعی,66.9,زیر نظر,100,70,41.7,50,5770,20260926,9.5,18.7,197.7,159.1,15.6,33.5,,81.1,3,0,true,63.3,2.93,above,0,0.6,5040,,5.67,-25.71,1.33,-1.67,10.99,1471,3.92,,,5601,5432,6277,6615,1.5,واگرایی منفی RSI | اشباع خرید | فاصله زیاد از MA20 | خروج مستمر پول حقیقی | رشد عمودی (198٪ در ۶۰ روز، 34٪ بالای MA50) | 499٪ بالای کف ۵۲ هفته | واگرایی منفی
شلرد,کود شیمیایی اوره لردگان,محصولات شیمیایی,66.9,زیر نظر,100,60,89.5,10,3560,20260926,6.6,57.2,48.8,10.2,21.7,42.7,107,86.1,11,0,true,46.2,2.84,above,0,0.78,3160,,24.78,156.52,1.65,36.11,45.87,,,,,3459,3358,3864,4066,1.5,اشباع خرید | فاصله زیاد از MA20 | بدون EPS مثبت | سهم صفی: 11 روز از ۲۰ روز در صف (ریسک نقدشوندگی و اجرای حد ضرر) | رشد عمودی (49٪ در ۶۰ روز، 43٪ بالای MA50) | عرضه حقوقی به حقیقی (-139 میلیارد تومان در ۲۰ روز) | 107٪ بالای MA200
ثالوند,سرمایه گذاری مسکن الوند,انبوه سازی، املاک و مستغلات,66.9,زیر نظر,100,70,87.5,4,10610,20260926,15.7,73.6,122.7,84.1,29,71.5,127,96.9,14,0,true,80.3,2.28,above,0,0.68,6370,,15.36,26.74,3.05,21.69,9.04,230,46.13,23.59,95.6,10368,10127,11335,11818,1.5,اشباع خرید | فاصله زیاد از MA20 | سهم صفی: 14 روز از ۲۰ روز در صف (ریسک نقدشوندگی و اجرای حد ضرر) | رشد عمودی (123٪ در ۶۰ روز، 71٪ بالای MA50) | P/E بالا (46) | عرضه حقوقی به حقیقی (-23 میلیارد تومان در ۲۰ روز) | 127٪ بالای MA200 | نقدشوندگی کمتر از ۱۰ میلیارد تومان
ونیرو,سرمایه‌گذاری‌نیرو,عرضه برق، گاز، بخاروآب گرم,66.8,زیر نظر,90,75,32.2,67,3980,20260926,6.1,40.9,57.5,18.9,11.5,31.6,8.8,74.4,9,0,true,44.9,3.05,above,-34.4,1.1,3931,4189,37.1,-12.72,1.01,-0.08,45.45,599,6.64,7.09,-6.3,3931,3870,4189,4296,1.91,سهم صفی: 9 روز از ۲۰ روز در صف (ریسک نقدشوندگی و اجرای حد ضرر) | رشد عمودی (57٪ در ۶۰ روز، 32٪ بالای MA50)
سکرد,سیمان کردستان,سیمان، آهک و گچ,66.8,زیر نظر,100,45,54.1,57,15160,20260926,-5.1,11.4,22.4,-16.2,1.8,11.6,51,55.9,4,1,false,35.6,3.53,above,-12.4,0.73,14650,17300,0.75,14.7,0.84,-2.49,8.67,2014,7.53,7.14,5.4,14650,14382,17300,18371,2.75,عرضه حقوقی به حقیقی (-13 میلیارد تومان در ۲۰ روز) | 51٪ بالای MA200 | نقدشوندگی کمتر از ۱۰ میلیارد تومان | شناوری کم (14٪) | صف فروش در ۵ روز اخیر
سمگا,گروه سرمایه گذاری میراث فرهنگی,هتل و رستوران,66.8,زیر نظر,100,65,27,68,3840,20260926,-5.2,1.6,43.5,4.9,0.6,11.9,47.7,55.6,3,1,false,29.8,3.43,above,-6.1,0.85,3510,3890,-25.42,54.06,0.58,-65.77,46.37,1002,3.83,4.69,-18.3,3708,3511,3890,4153,0.15,عرضه حقوقی به حقیقی (-76 میلیارد تومان در ۲۰ روز) | سرانه خرید ضعیف (0.58) | حد ضرر دور (8.6٪) | صف فروش در ۵ روز اخیر
پکویر,کویر تایر,لاستیک و پلاستیک,66.8,زیر نظر,90,45,53,70,3500,20260926,-5.4,4.5,22.4,-16.2,-1.1,9.4,16.9,52,7,3,false,21.4,3.54,above,-10.7,0.75,3420,3710,50.31,107.41,0.45,-36.92,40.13,544,6.43,8.21,-21.6,3420,3359,3710,3920,1.48,سهم صفی: 7 روز از ۲۰ روز در صف (ریسک نقدشوندگی و اجرای حد ضرر) | عرضه حقوقی به حقیقی (-108 میلیارد تومان در ۲۰ روز) | سرانه خرید ضعیف (0.45) | صف فروش در ۵ روز اخیر
دسبحان,سبحان دارو,مواد و محصولات دارویی,66.8,زیر نظر,100,60,62,37,17070,20260926,5.2,26.7,257.1,218.5,8.5,43.1,219.6,74.2,10,1,false,78.8,3.03,above,-3.7,0.45,15270,17730,5.62,-19.77,4.35,48.3,88.7,1454,11.74,12.91,-9.1,16553,16036,17730,18764,0.64,سهم صفی: 10 روز از ۲۰ روز در صف (ریسک نقدشوندگی و اجرای حد ضرر) | رشد عمودی (257٪ در ۶۰ روز، 43٪ بالای MA50) | 220٪ بالای MA200 | صف فروش در ۵ روز اخیر
لبوتان,گروه‌صنعتی‌بوتان‌,ماشین آلات و تجهیزات,66.6,زیر نظر,85,45,73.5,55,4240,20260926,0.2,-4.1,23.1,-15.5,-2.1,5,38.1,50.9,1,0,false,34.5,3.9,above,-9,0.76,4165,4450,2.38,40.83,1,2.71,8.21,849,4.99,5.15,-3,4165,4082,4450,4580,1.33,عرضه حقوقی به حقیقی (-40 میلیارد تومان در ۲۰ روز) | نقدشوندگی کمتر از ۱۰ میلیارد تومان
ریشمک,تولید و صادرات ریشمک,مواد و محصولات دارویی,66.6,زیر نظر,90,65,36.5,70,15560,20260926,-1.5,9.7,42.6,4,-1.1,20.3,67.3,57.2,7,2,false,37.9,3.36,above,-13.3,0.92,13730,17940,-6.03,24.4,2.38,-10.75,24.92,2342,6.64,8.86,-25,15037,14513,17940,18987,2.27,سهم صفی: 7 روز از ۲۰ روز در صف (ریسک نقدشوندگی و اجرای حد ضرر) | عرضه حقوقی به حقیقی (-19 میلیارد تومان در ۲۰ روز) | 67٪ بالای MA200 | صف فروش در ۵ روز اخیر
فایرا,آلومینیوم‌ایران‌,فلزات اساسی,66.6,زیر نظر,95,75,20.5,72,14680,20260926,2.6,0.1,94.1,55.5,1.1,10,103.1,55.7,4,0,false,30.4,3.7,above,-9.5,0.58,13600,15050,-16.04,-40.24,1.52,-51.71,84.13,2419,6.07,13.48,-55,14137,13328,15050,15970,0.27,103٪ بالای MA200 | حد ضرر دور (9.2٪)
اسیاتک,انتقال داده های آسیاتک,اطلاعات و ارتباطات,66.6,زیر نظر,90,75,18.3,80,4130,20260926,-1.9,2,77.6,39,-1.3,22,67.6,58.8,1,0,false,47.7,3.75,above,-7.8,0.61,3970,4470,-8.91,12.73,0.81,-25.76,48.36,1000,4.13,7.97,-48.2,3975,3893,4470,4780,1.43,واگرایی منفی RSI | عرضه حقوقی به حقیقی (-23 میلیارد تومان در ۲۰ روز) | 68٪ بالای MA200 | واگرایی منفی
فجر,فولاد امیرکبیرکاشان,فلزات اساسی,66.5,زیر نظر,100,65,22,72,7160,20260926,-1.9,28.5,117.2,78.6,5.9,29.9,133.5,67,11,1,false,64.4,3.34,above,-8.2,1.31,5190,7800,-19.25,-46.71,1.63,-0.07,56.7,1065,6.72,13.48,-50.1,6921,6681,7800,8279,1.34,سهم صفی: 11 روز از ۲۰ روز در صف (ریسک نقدشوندگی و اجرای حد ضرر) | رشد عمودی (117٪ در ۶۰ روز، 30٪ بالای MA50) | 134٪ بالای MA200 | صف فروش در ۵ روز اخیر
غاذر,کشت‌وصنعت‌پیاذر,محصولات غذایی و آشامیدنی به جز قند و شکر,66.5,زیر نظر,100,75,52,34,31030,20260926,3.5,12.3,96.6,58,2.1,22.2,135.8,62.8,4,0,false,46.9,3.51,above,-10.6,0.42,23150,34700,-2.83,32.14,2.41,7.7,45.55,3154,9.84,8.53,15.3,29942,28853,34700,36877,1.69,عرضه حقوقی به حقیقی (-34 میلیارد تومان در ۲۰ روز) | 136٪ بالای MA200 | حد ضرر دور (7.0٪)
فگستر,گسترش صنایع روی ایرانیان,فلزات اساسی,66.5,زیر نظر,100,65,23.9,70,11200,20260926,-4.2,32.9,181.6,143,5.2,31.7,173.9,66.8,13,2,false,69.6,2.87,above,-10.5,1.54,7790,12520,-5.05,-0.82,1.08,48.46,29.31,1905,5.88,8.05,-27,10878,10557,12520,13163,2.05,سهم صفی: 13 روز از ۲۰ روز در صف (ریسک نقدشوندگی و اجرای حد ضرر) | رشد عمودی (182٪ در ۶۰ روز، 32٪ بالای MA50) | 174٪ بالای MA200 | صف فروش در ۵ روز اخیر
تفارس,تامین سرمایه خلیج فارس,فعالیتهای کمکی به نهادهای مالی واسط,66.4,زیر نظر,90,75,25.6,72,1878,20260926,1.2,16.1,136,97.4,-0.3,29.6,97.7,62.8,2,0,false,46.2,3.8,above,-7.9,0.28,1834,2035,-0.47,1.86,1.1,-1.11,13.33,329,5.71,9.46,-39.7,1834,1798,2035,2177,1.96,رشد عمودی (136٪ در ۶۰ روز، 30٪ بالای MA50) | عرضه حقوقی به حقیقی (-3 میلیارد تومان در ۲۰ روز) | 98٪ بالای MA200
رافزا,رایان هم افزا,رایانه و فعالیت‌های وابسته به آن,66.4,زیر نظر,90,65,35.5,70,18780,20260926,-7.9,17,55.2,16.6,-3.8,18.6,94.6,53,10,1,false,51.7,3.33,above,-16.7,1.18,14910,22550,-24.82,-30.11,1.63,19.14,13.47,2957,6.35,8.89,-28.6,18155,17529,22550,23801,3.01,خروج مستمر پول حقیقی | سهم صفی: 10 روز از ۲۰ روز در صف (ریسک نقدشوندگی و اجرای حد ضرر) | 95٪ بالای MA200 | صف فروش در ۵ روز اخیر
کیمیا,ص. معدنی کیمیای زنجان گستران,فلزات اساسی,66.4,زیر نظر,100,65,21.5,72,6340,20260926,-2.9,18.1,145.8,107.2,4.9,27.8,125.1,64.7,7,1,false,75.9,3.26,above,-9.4,1.12,5660,7000,-11.22,-9.35,6.14,-2.81,19.18,949,6.68,13.48,-50.4,6133,5926,7000,7414,1.6,سهم صفی: 7 روز از ۲۰ روز در صف (ریسک نقدشوندگی و اجرای حد ضرر) | رشد عمودی (146٪ در ۶۰ روز، 28٪ بالای MA50) | 125٪ بالای MA200 | صف فروش در ۵ روز اخیر
کانسار,معدنکاران نسوز,استخراج سایر معادن,66.1,زیر نظر,100,45,61.5,47,14240,20260926,-4.5,5,-5.5,-44.1,1.2,7.9,12.3,54.1,2,1,false,26.2,3.78,above,-18,0.62,13937,14631,-14.52,53.07,2.19,10.14,15.79,1483,9.6,9.57,0.3,13937,13668,14631,14896,0.68,عرضه حقوقی به حقیقی (-54 میلیارد تومان در ۲۰ روز) | صف فروش در ۵ روز اخیر
درازی,پخش رازی,مواد و محصولات دارویی,66.1,زیر نظر,100,70,84.5,4,57200,20260926,15.9,78.6,397,358.4,30.2,87.3,238.8,99.8,19,0,true,95.7,2.16,above,0,1.61,16839,,7.84,18.36,1.93,-3.09,12.43,2400,23.83,8.86,169,55965,54729,60906,63377,1.5,اشباع خرید | فاصله زیاد از MA20 | سهم صفی: 19 روز از ۲۰ روز در صف (ریسک نقدشوندگی و اجرای حد ضرر) | رشد عمودی (397٪ در ۶۰ روز، 87٪ بالای MA50) | عرضه حقوقی به حقیقی (-17 میلیارد تومان در ۲۰ روز) | 239٪ بالای MA200
سشمال,سیمان‌ شمال‌,سیمان، آهک و گچ,66,زیر نظر,100,55,66.1,34,18330,20260926,2.8,15,16.2,-22.4,3.4,15,52.6,64.1,0,0,false,27,3.68,above,-4.5,0.26,18100,18670,0.44,2.38,1.18,2,11.12,2297,7.98,7.14,11.8,18100,17762,18670,19200,0.6,عرضه حقوقی به حقیقی (-2 میلیارد تومان در ۲۰ روز) | 53٪ بالای MA200
وسین,بیمه سینا,بیمه وصندوق بازنشستگی به جزتامین اجتماعی,66,زیر نظر,100,70,78,10,3820,20260926,15.1,62.6,197.7,159.1,23.7,83.7,154.7,94.6,11,0,true,86.1,2.61,above,0,0.79,2119,,17.64,0.11,4.98,14.67,15.29,,,,,3720,3620,4120,4319,1.5,اشباع خرید | فاصله زیاد از MA20 | بدون EPS مثبت | سهم صفی: 11 روز از ۲۰ روز در صف (ریسک نقدشوندگی و اجرای حد ضرر) | رشد عمودی (198٪ در ۶۰ روز، 84٪ بالای MA50) | 155٪ بالای MA200
بوعلی,پتروشیمی بوعلی سینا,محصولات شیمیایی,65.8,زیر نظر,100,60,35.1,60,60510,20260926,5.8,47.4,137.9,99.3,14.8,46.2,85.6,80.5,6,0,true,71.2,3.03,above,-1.3,0.99,55480,,-108.03,-91.73,1.55,20.43,121.8,8261,7.32,9.63,-23.9,58678,55929,66007,69672,1.2,اشباع خرید | سهم صفی: 6 روز از ۲۰ روز در صف (ریسک نقدشوندگی و اجرای حد ضرر) | رشد عمودی (138٪ در ۶۰ روز، 46٪ بالای MA50) | 86٪ بالای MA200 | حد ضرر دور (7.6٪) | شناوری کم (8٪)
کهمدا,شیشه‌ همدان‌,سایر محصولات کانی غیرفلزی,65.8,زیر نظر,90,65,21,82,5520,20260926,-4,1.8,59.6,21,-3.2,10.4,102.3,51.9,3,0,false,39.7,3.99,above,-13.3,0.6,5160,5580,-6.73,12.29,0.92,-4.43,27.79,981,5.63,12.75,-55.9,5300,5050,5580,6370,0.13,عرضه حقوقی به حقیقی (-16 میلیارد تومان در ۲۰ روز) | 102٪ بالای MA200 | حد ضرر دور (8.5٪)
دسبحا,گروه دارویی سبحان,مواد و محصولات دارویی,65.8,زیر نظر,85,75,87,14,6410,20260926,3.2,3.7,72.2,33.6,-2.5,12.6,88.9,54.3,6,1,false,38.5,3.64,above,-12.4,0.99,6080,6670,133.98,90.91,2.35,138.25,64.05,189,33.92,12.91,162.7,6177,5963,6670,7320,0.58,واگرایی منفی RSI | سهم صفی: 6 روز از ۲۰ روز در صف (ریسک نقدشوندگی و اجرای حد ضرر) | P/E بالا (34) | 89٪ بالای MA200 | واگرایی منفی | صف فروش در ۵ روز اخیر
وپایا,سرمایه گذاری پایا تدبیرپارسا,سرمایه گذاریها,65.8,زیر نظر,100,75,46,37,1880,20260926,3.9,8.9,51.5,12.9,3,18.6,54.2,64.1,0,0,false,46.6,3.59,above,-4.1,1.31,1841,1960,-10.36,-17.62,5.2,6.47,3.39,235,8,8.73,-8.4,1841,1807,1960,2095,1.1,واگرایی منفی RSI | خروج مستمر پول حقیقی | 54٪ بالای MA200 | واگرایی منفی | نقدشوندگی کمتر از ۱۰ میلیارد تومان
کاما,باما,استخراج کانه های فلزی,65.7,زیر نظر,90,55,28.8,82,5180,20260926,-5.1,-2.8,62.2,23.6,-6.6,16.6,91.5,50.8,8,2,false,50.2,3.83,above,-16.7,0.43,3391,5300,10.7,-332.07,0.85,-71.96,167.18,786,6.59,13.76,-52.1,4982,4784,5300,6220,0.3,خروج مستمر پول حقیقی | سهم صفی: 8 روز از ۲۰ روز در صف (ریسک نقدشوندگی و اجرای حد ضرر) | 92٪ بالای MA200 | حد ضرر دور (7.7٪) | صف فروش در ۵ روز اخیر
ددانا,داروسازی دانا,مواد و محصولات دارویی,65.6,زیر نظر,85,65,61.5,47,20390,20260926,3,-7.4,149.6,111,-0.9,10.6,127.3,54.4,4,1,false,36.9,3.41,above,-14.4,0.25,20150,22390,9.73,-256.37,8.81,21.47,53.72,2409,8.46,8.86,-4.5,20150,19803,22390,23810,3.41,خروج مستمر پول حقیقی | رشد عمودی (150٪ در ۶۰ روز، 11٪ بالای MA50) | 127٪ بالای MA200 | صف فروش در ۵ روز اخیر
وثوق,سرمایه گذاری وثوق امین,سرمایه گذاریها,65.6,زیر نظر,100,75,62.5,20,42360,20260926,8.1,8.8,126.8,88.2,4.8,14.5,89.9,64.1,0,0,false,33.3,3.1,above,-1.6,0.94,38020,42950,5.19,-0.65,1.99,11.12,5.42,81,522.96,,,41049,39738,42950,45572,0.23,رشد عمودی (127٪ در ۶۰ روز، 15٪ بالای MA50) | P/E بالا (523) | 90٪ بالای MA200 | نقدشوندگی کمتر از ۱۰ میلیارد تومان
ثبهساز,بهساز کاشانه تهران,انبوه سازی، املاک و مستغلات,65.5,زیر نظر,65,20,78,90,1805,20260926,-4.5,-8.7,17.3,-21.3,-5.8,0.1,41.2,43.4,1,0,false,17.3,3.78,above,-11.3,0.78,1726,1842,29.34,13.81,2.37,52.85,29.04,655,2.76,6.61,-58.3,1737,1692,1842,1920,0.33,عرضه حقوقی به حقیقی (-11 میلیارد تومان در ۲۰ روز)
سرود,سیمان‌شاهرود,سیمان، آهک و گچ,65.4,زیر نظر,100,65,42.5,47,18750,20260926,-1.6,8.6,57.3,18.7,1.9,13.3,92.9,59.3,1,1,false,38,4.07,above,-8.2,0.71,17535,20430,7.25,26.4,0.6,-59.11,54.45,2424,7.74,7.14,8.3,17987,17153,20430,21956,1.05,واگرایی منفی RSI | عرضه حقوقی به حقیقی (-13 میلیارد تومان در ۲۰ روز) | 93٪ بالای MA200 | سرانه خرید ضعیف (0.60) | واگرایی منفی | حد ضرر دور (8.5٪) | صف فروش در ۵ روز اخیر
فجام,جام‌دارو,ساخت محصولات فلزی,65.4,زیر نظر,90,55,52.5,57,17300,20260926,-4.3,-0.2,64.5,25.9,-3.7,15.8,90.2,53,3,1,false,42.4,3.61,above,-10.8,0.74,16945,18590,1.89,18.49,0.58,-11.47,8.18,2172,7.97,7.54,5.6,16945,16633,18590,19400,1.93,واگرایی منفی RSI | عرضه حقوقی به حقیقی (-17 میلیارد تومان در ۲۰ روز) | 90٪ بالای MA200 | سرانه خرید ضعیف (0.58) | واگرایی منفی | نقدشوندگی کمتر از ۱۰ میلیارد تومان | صف فروش در ۵ روز اخیر
شپاس,نفت پاسارگاد,فراورده های نفتی، کک و سوخت هسته ای,65.3,زیر نظر,90,45,57.1,60,45560,20260926,-3.3,12.8,8.4,-30.2,-1.6,13.2,21.1,54.8,5,1,false,32,3.87,above,-10,0.44,44304,46976,3.34,106.88,1.02,-0.69,21.87,6293,7.24,8.12,-10.8,44304,43424,46976,49138,0.66,عرضه حقوقی به حقیقی (-101 میلیارد تومان در ۲۰ روز) | صف فروش در ۵ روز اخیر
دقاضی,داروسازی شهید قاضی,مواد و محصولات دارویی,65.2,زیر نظر,95,65,57.8,37,22120,20260926,3.4,-0.3,76.7,38.1,1.8,4.8,100.8,55.7,3,0,false,25.4,3.53,above,-7.4,0.81,21640,23450,23.86,-79.41,1.43,11.57,31.09,2413,9.17,8.86,3.5,21640,21249,23450,23880,1.53,خروج مستمر پول حقیقی | 101٪ بالای MA200
چاپ,ص.چاپ وبسته بندی آسان قزوین,محصولات کاغذی,65.1,زیر نظر,70,65,52.5,72,19840,20260926,-4.9,7.2,79.4,40.8,-1.9,20.4,,57.9,3,0,false,50.1,3.57,above,-11.2,0.9,12690,22340,-42.23,31.15,3.82,25.28,32.28,2147,9.24,16.48,-43.9,19133,18425,22340,23755,1.77,عرضه حقوقی به حقیقی (-36 میلیارد تومان در ۲۰ روز) | 196٪ بالای کف ۵۲ هفته | حد ضرر دور (7.1٪)
لپارس,پارس‌ الکتریک‌,ساخت دستگاه‌ها و وسایل ارتباطی,65,زیر نظر,100,65,63.2,25,31890,20260926,-4.5,14.3,40.1,1.5,1.1,19.3,63,60.4,2,0,false,59.9,3.94,above,-7.8,0.64,24374,34410,0.66,1.89,1.05,0.99,13.88,1544,20.65,20.28,1.8,30633,29377,34410,36923,1,واگرایی منفی RSI | عرضه حقوقی به حقیقی (-2 میلیارد تومان در ۲۰ روز) | 63٪ بالای MA200 | واگرایی منفی | حد ضرر دور (7.9٪)
دجابر,داروسازی‌ جابرابن‌حیان‌,مواد و محصولات دارویی,65,زیر نظر,100,60,62,30,49200,20260926,9.1,5.4,270.5,231.9,6.6,36.4,195.5,72,3,0,false,66,3.34,above,-0.6,0.3,48660,,10.68,-207.25,2.89,29.62,71.49,3483,14.13,12.91,9.4,48660,47839,54126,57411,3.62,خروج مستمر پول حقیقی | رشد عمودی (270٪ در ۶۰ روز، 36٪ بالای MA50) | 196٪ بالای MA200 | واگرایی مثبت RSI
دتوزیع,توزیع دارو پخش,مواد و محصولات دارویی,64.9,زیر نظر,90,65,62.5,37,6190,20260926,3.3,-2.8,77.5,38.9,-0.1,10.4,99.9,56.9,2,0,false,39.2,3.62,above,-8.8,0.65,5860,6560,2.29,-183.75,3.28,1.94,37.58,739,8.38,8.86,-5.5,5966,5748,6560,6790,0.84,واگرایی منفی RSI | خروج مستمر پول حقیقی | 100٪ بالای MA200 | واگرایی منفی | حد ضرر دور (7.1٪)
ولکار,لیزینگ کارآفرین,سایر واسطه گریهای مالی,64.9,زیر نظر,65,30,87.5,70,4910,20260926,-1.4,-12.2,20.3,-18.3,-6.4,2,41.4,42.7,1,0,false,25.2,4.2,above,-15.3,0.65,4840,5010,4.58,10.13,4.95,13.78,6.24,641,7.66,9.94,-22.9,4840,4737,5010,5650,0.58,عرضه حقوقی به حقیقی (-9 میلیارد تومان در ۲۰ روز) | نقدشوندگی کمتر از ۱۰ میلیارد تومان
وآوا,سرمایه گذاری آوا نوین,سرمایه گذاریها,64.9,زیر نظر,100,75,70.5,9,4500,20260926,-2.6,49.3,100.4,61.8,11.8,50.6,110.7,77.4,15,2,true,78.8,2.94,above,-8.5,2.35,2668,,12.26,33.48,0.88,38.22,9.88,370,12.16,8.73,39.3,4368,4235,4897,5162,1.5,سهم صفی: 15 روز از ۲۰ روز در صف (ریسک نقدشوندگی و اجرای حد ضرر) | رشد عمودی (100٪ در ۶۰ روز، 51٪ بالای MA50) | عرضه حقوقی به حقیقی (-35 میلیارد تومان در ۲۰ روز) | 111٪ بالای MA200 | نقدشوندگی کمتر از ۱۰ میلیارد تومان | صف فروش در ۵ روز اخیر
داترا,آترا زیست آرای,مواد و محصولات دارویی,64.8,زیر نظر,90,65,37,62,6630,20260926,-3.1,-2.9,40,1.4,-0.8,12,,53.7,1,1,false,36.3,3.96,above,-8.9,0.75,6430,7015,-4.59,-40.49,1.76,32.23,33.44,777,8.53,12.91,-33.9,6430,6299,7015,7265,1.16,خروج مستمر پول حقیقی | 157٪ بالای کف ۵۲ هفته | صف فروش در ۵ روز اخیر
ولانا,شرکت لیزینگ آریا دانا,سایر واسطه گریهای مالی,64.8,زیر نظر,100,85,61,10,5460,20260926,9.6,19.5,58.6,20,14.2,30.3,36,78.4,5,0,true,50.5,3.35,above,-4.4,0.63,4937,,0,4.14,1.91,1.08,3.63,,,,,5277,5002,6009,6375,1.2,اشباع خرید | بدون EPS مثبت | رشد عمودی (59٪ در ۶۰ روز، 30٪ بالای MA50) | عرضه حقوقی به حقیقی (-4 میلیارد تومان در ۲۰ روز) | حد ضرر دور (8.4٪) | نقدشوندگی کمتر از ۱۰ میلیارد تومان
واعتبار,سرمایه گذاری اعتبار ایران,سرمایه گذاریها,64.8,زیر نظر,100,70,23,80,3650,20260923,10.2,41.4,86.8,48.2,18.1,47,106.7,89.8,2,0,true,75.4,2.8,above,-2.1,1,2404,,-1.4,-7.06,3.3,-1.17,3.84,827,4.41,7.13,-38.1,3548,3446,3957,4161,1.5,اشباع خرید | فاصله زیاد از MA20 | خروج مستمر پول حقیقی | رشد عمودی (87٪ در ۶۰ روز، 47٪ بالای MA50) | 107٪ بالای MA200 | نقدشوندگی کمتر از ۱۰ میلیارد تومان | آخرین معامله 20260923 (متوقف یا کم‌معامله)
دعبید,لابراتوارداروسازی‌  دکترعبیدی‌,مواد و محصولات دارویی,64.6,زیر نظر,100,85,61.5,9,25940,20260926,7.4,21.1,70.5,31.9,10.5,23,110.6,72.8,6,0,true,46.2,3.02,above,0,0.88,25440,,122.85,-136.79,7.87,128.8,105.69,1503,17.26,12.91,33.7,25440,25048,28292,29861,2.64,خروج مستمر پول حقیقی | سهم صفی: 6 روز از ۲۰ روز در صف (ریسک نقدشوندگی و اجرای حد ضرر) | 111٪ بالای MA200
فالوم,آلومتک,فلزات اساسی,64.6,زیر نظر,90,70,84.5,10,1552,20260926,13.1,59,48.5,9.9,25.2,41.9,36.6,90,14,0,true,41.6,2.5,above,-24.4,1.39,1433,1848,10.58,28.2,3.05,-7.75,8.26,,,8.05,,1513,1474,1848,1988,3.82,اشباع خرید | فاصله زیاد از MA20 | بدون EPS مثبت | سهم صفی: 14 روز از ۲۰ روز در صف (ریسک نقدشوندگی و اجرای حد ضرر) | رشد عمودی (49٪ در ۶۰ روز، 42٪ بالای MA50) | عرضه حقوقی به حقیقی (-23 میلیارد تومان در ۲۰ روز) | نقدشوندگی کمتر از ۱۰ میلیارد تومان
تیپیکو,سرمایه گذاری دارویی تامین,مواد و محصولات دارویی,64.5,زیر نظر,95,65,62,30,27590,20260926,9.2,-0.5,75.8,37.2,4.3,13,91.1,60.9,5,0,false,21.4,3.36,above,-6.2,0.83,24583,28600,121.12,-186.65,4.96,21.33,173.18,2097,13.16,12.91,1.9,26662,25734,28600,29408,0.54,خروج مستمر پول حقیقی | 91٪ بالای MA200
غمهرا,تولیدی‌مهرام‌,محصولات غذایی و آشامیدنی به جز قند و شکر,64.4,زیر نظر,100,65,28.5,57,19710,20260926,-10.6,8.1,45.7,7.1,1.4,7.5,76.6,53.5,3,0,false,32.1,3.79,above,-12.9,1.23,18850,22640,-18.65,72.56,0.33,-65.11,23.47,2564,7.69,8.53,-9.9,18964,18477,22640,24133,2.38,عرضه حقوقی به حقیقی (-96 میلیارد تومان در ۲۰ روز) | 77٪ بالای MA200 | سرانه خرید ضعیف (0.33)
داوه,داروسازی آوه سینا,مواد و محصولات دارویی,64.3,زیر نظر,100,50,88,9,13480,20260926,3.5,35.1,154.5,115.9,8.6,46.6,166.9,74.7,12,1,false,75.7,3.02,above,-2.6,1.13,12260,13840,59.51,79.81,3.27,73.86,26.75,760,17.74,8.86,100.2,13073,12667,13840,14653,0.44,سهم صفی: 12 روز از ۲۰ روز در صف (ریسک نقدشوندگی و اجرای حد ضرر) | رشد عمودی (154٪ در ۶۰ روز، 47٪ بالای MA50) | عرضه حقوقی به حقیقی (-70 میلیارد تومان در ۲۰ روز) | 167٪ بالای MA200 | صف فروش در ۵ روز اخیر
عالیس,بهار رز عالیس چناران,محصولات غذایی و آشامیدنی به جز قند و شکر,64.1,زیر نظر,90,30,54.5,70,5760,20260926,-4.2,7.7,20,-18.6,-3.9,5.6,51.3,47.3,1,0,false,31.3,4.14,above,-13.4,1.14,5660,5870,72.97,260.58,0.69,-48.33,41.88,1000,5.76,7.05,-18.3,5660,5541,5870,6650,0.5,عرضه حقوقی به حقیقی (-256 میلیارد تومان در ۲۰ روز) | 51٪ بالای MA200 | سرانه خرید ضعیف (0.69)
فاما,صنعتی‌ آما,ساخت محصولات فلزی,64.1,زیر نظر,90,65,26.5,70,6200,20260926,-13.2,14.2,47.1,8.5,-1.1,14.7,89,53,5,2,false,54.2,3.56,above,-15.5,0.93,5360,7340,-4.96,12.86,0.78,-6.75,10.44,922,6.72,7.54,-10.8,5979,5759,7340,7781,2.58,عرضه حقوقی به حقیقی (-11 میلیارد تومان در ۲۰ روز) | 89٪ بالای MA200 | سرانه خرید ضعیف (0.78) | حد ضرر دور (7.1٪) | صف فروش در ۵ روز اخیر
وثنو,سرمایه گذاری ساختمانی نوین,سرمایه گذاریها,64,زیر نظر,100,70,71.2,9,7360,20260926,13.8,46,131.9,93.3,21.2,45.7,125.5,88.3,9,0,true,71.4,2.92,above,-0.9,1.64,6000,,24.33,23.62,1.13,-8.52,12.73,540,13.63,8.73,56.1,7145,6930,8005,8435,1.5,واگرایی منفی RSI | اشباع خرید | فاصله زیاد از MA20 | سهم صفی: 9 روز از ۲۰ روز در صف (ریسک نقدشوندگی و اجرای حد ضرر) | رشد عمودی (132٪ در ۶۰ روز، 46٪ بالای MA50) | عرضه حقوقی به حقیقی (-31 میلیارد تومان در ۲۰ روز) | 125٪ بالای MA200 | واگرایی منفی
چنوپا,نیوپان‌ 22 بهمن‌,محصولات چوبی,64,زیر نظر,75,80,62,40,16900,20260926,7.1,2.2,-4,-42.6,5,11,-15.7,59.7,5,1,true,21.5,3.58,above,-49.2,0.9,16250,17439,0.01,4.33,1.79,-1.32,10.88,620,27.26,,,16296,15948,17439,18660,0.57,عرضه حقوقی به حقیقی (-4 میلیارد تومان در ۲۰ روز) | صف فروش در ۵ روز اخیر
وپخش,داروپخش‌ (هلدینگ‌,مواد و محصولات دارویی,63.9,زیر نظر,88,75,60.2,30,50040,20260926,8.7,2.9,44.7,6.1,5.8,8.9,82,60.9,5,0,false,19.6,3.65,above,-4.1,0.89,47836,51000,29.57,46.57,1.13,-2.95,31.42,3800,13.17,12.91,2,48215,46924,51000,52180,0.31,واگرایی منفی RSI | عرضه حقوقی به حقیقی (-51 میلیارد تومان در ۲۰ روز) | 82٪ بالای MA200 | واگرایی منفی | شناوری کم (11٪)
وبشهر,توسعه‌ صنایع‌ بهشهر(هلدینگ,محصولات غذایی و آشامیدنی به جز قند و شکر,63.9,زیر نظر,100,65,59.7,24,7180,20260926,-1.6,31.3,44.9,6.3,8.9,25.5,100.6,68.2,7,0,false,50,3.4,above,-6.8,1.03,5650,7700,10.06,22.65,1.05,-8.73,18.28,748,9.6,8.53,12.5,6936,6691,7700,8189,1.06,سهم صفی: 7 روز از ۲۰ روز در صف (ریسک نقدشوندگی و اجرای حد ضرر) | عرضه حقوقی به حقیقی (-14 میلیارد تومان در ۲۰ روز) | 101٪ بالای MA200
خدیزل,بهمن  دیزل,خودرو و ساخت قطعات,63.9,زیر نظر,90,20,53.5,78,1706,20260926,-5.7,-0.5,4.7,-33.9,-4.3,2.4,32.2,45.9,1,1,false,28,4.17,above,-10.9,0.64,1663,1749,2.87,24.26,0.7,-2,8.96,348,4.9,5.87,-16.5,1663,1627,1749,1793,0.55,عرضه حقوقی به حقیقی (-23 میلیارد تومان در ۲۰ روز) | سرانه خرید ضعیف (0.70) | نقدشوندگی کمتر از ۱۰ میلیارد تومان | صف فروش در ۵ روز اخیر
تاصیکو,سرمایه گذاری صدرتامین,استخراج کانه های فلزی,63.8,زیر نظر,100,70,75,4,31740,20260926,12.5,47.2,155.4,116.8,26.6,55.9,163.7,92.3,10,0,true,70.9,3.18,above,0,0.8,29400,,450.14,1472.3,3.77,-307.75,337.92,560,56.68,13.76,311.9,30732,29220,34764,36779,1.2,اشباع خرید | فاصله زیاد از MA20 | سهم صفی: 10 روز از ۲۰ روز در صف (ریسک نقدشوندگی و اجرای حد ضرر) | رشد عمودی (155٪ در ۶۰ روز، 56٪ بالای MA50) | P/E بالا (57) | عرضه حقوقی به حقیقی (-1263 میلیارد تومان در ۲۰ روز) | 164٪ بالای MA200 | حد ضرر دور (7.9٪)
دحاوی,الحاوی,مواد و محصولات دارویی,63.6,زیر نظر,100,70,96.5,42,5140,20260923,12.2,39.7,187.1,148.5,18.3,49.3,146.7,99.6,20,0,true,94,2.31,above,-0.4,1.42,2354,,1.6,1.36,7.01,2.66,0.42,849,6.05,,,5021,4903,5496,5733,1.5,نقدشوندگی پایین | اشباع خرید | فاصله زیاد از MA20 | سهم صفی: 20 روز از ۲۰ روز در صف (ریسک نقدشوندگی و اجرای حد ضرر) | رشد عمودی (187٪ در ۶۰ روز، 49٪ بالای MA50) | عرضه حقوقی به حقیقی (-1 میلیارد تومان در ۲۰ روز) | 147٪ بالای MA200 | نقدشوندگی کمتر از ۱۰ میلیارد تومان | آخرین معامله 20260923 (متوقف یا کم‌معامله)
شجم,صنایع پتروشیمی تخت جمشید,محصولات شیمیایی,63.6,زیر نظر,100,45,26.4,72,10400,20260926,-0.7,11.1,6.6,-32,1,14.4,17.8,57.5,0,0,false,31.1,3.65,above,-5.9,1.2,9896,10845,-0.28,-8.86,1.16,4.34,10.87,1969,5.28,8.01,-34.1,10020,9706,10845,11050,0.64,واگرایی منفی RSI | واگرایی منفی
وکبهمن,مدیریت سرمایه گذاری کوثربهمن,سرمایه گذاریها,63.6,زیر نظر,100,53,20,72,3830,20260926,-2,13.3,36.7,-1.9,5.2,18.3,63.1,66,1,0,false,46.2,3.71,above,-3.8,0.78,3480,3980,-13.75,-17.37,3.4,-1.11,4.37,671,5.71,8.73,-34.6,3688,3475,3980,4264,0.42,خروج مستمر پول حقیقی | 63٪ بالای MA200 | حد ضرر دور (9.3٪) | نقدشوندگی کمتر از ۱۰ میلیارد تومان
وساپا,سرمایه‌گذاری‌ سایپا,سرمایه گذاریها,63.5,زیر نظر,100,65,2,80,9240,20260926,-4.3,16.5,51.1,12.5,1.2,23.5,63.9,60.5,3,0,false,44.7,3.8,above,-8.4,1.08,8870,,-379.44,-245.03,0.57,-627.64,268.22,2887,3.2,7.13,-55.1,8889,8694,10293,10995,1.93,64٪ بالای MA200 | سرانه خرید ضعیف (0.57)
بموتو,موتوژن‌,ماشین آلات و دستگاه‌های برقی,63.4,زیر نظر,85,30,70.7,57,3170,20260926,-2.8,2.6,26.9,-11.7,-7.2,6.5,45.6,45.4,0,0,false,39.2,4.3,above,-18.5,0.46,3080,3890,8.02,32.93,0.91,1.07,13.06,484,6.55,6.15,6.5,3080,3012,3890,4163,4.55,عرضه حقوقی به حقیقی (-34 میلیارد تومان در ۲۰ روز) | شناوری کم (14٪)
کسعدی,کاشی‌ سعدی‌,کاشی و سرامیک,63.4,زیر نظر,100,70,88.5,9,28440,20260923,15.8,79.4,224.7,186.1,30.2,63.5,201.5,95.7,16,0,true,72.5,2.32,above,0,0.73,16500,,6.82,44.12,2.3,21.22,12.15,1590,17.89,7.65,133.8,27780,27120,30420,31740,1.5,واگرایی منفی RSI | اشباع خرید | فاصله زیاد از MA20 | سهم صفی: 16 روز از ۲۰ روز در صف (ریسک نقدشوندگی و اجرای حد ضرر) | رشد عمودی (225٪ در ۶۰ روز، 63٪ بالای MA50) | عرضه حقوقی به حقیقی (-44 میلیارد تومان در ۲۰ روز) | 202٪ بالای MA200 | واگرایی منفی | آخرین معامله 20260923 (متوقف یا کم‌معامله)
لخزر,پارس‌ خزر,ماشین آلات و تجهیزات,63.4,زیر نظر,90,65,15.5,78,4600,20260926,-8.2,4.5,47.2,8.6,-1.5,17.2,51.4,54.6,2,1,false,43.6,3.35,above,-11.5,0.5,4375,4710,-2.73,5.86,0.49,-15.37,14.61,1120,4.11,5.15,-20.2,4446,4298,4710,5200,0.36,واگرایی منفی RSI | عرضه حقوقی به حقیقی (-7 میلیارد تومان در ۲۰ روز) | 51٪ بالای MA200 | سرانه خرید ضعیف (0.49) | واگرایی منفی | شناوری کم (10٪) | صف فروش در ۵ روز اخیر
وسبحان,سرمایه گذاری سبحان,سرمایه گذاریها,63.4,زیر نظر,100,65,1.5,80,3350,20260926,-1.8,3.8,72.2,33.6,1.1,16.9,79.8,59.8,0,0,false,51.2,3.45,above,-5.6,0.86,3290,3550,-1.48,-20.67,0.68,-12.31,7.59,956,3.5,8.73,-59.9,3290,3232,3550,3781,1.7,واگرایی منفی RSI | خروج مستمر پول حقیقی | 80٪ بالای MA200 | سرانه خرید ضعیف (0.68) | واگرایی منفی | نقدشوندگی کمتر از ۱۰ میلیارد تومان
شستان,پتروشیمی شهید رئیسی گلستان,محصولات شیمیایی,63.4,زیر نظر,100,63,63,20,1848,20260926,3.4,4.3,29.4,-9.2,0.1,13.5,25.6,58.4,0,0,false,28.1,3.92,above,-8.2,0.79,1739,1924,0.87,1.46,1.02,0.17,3.57,7,264,,,1776,1703,1924,2003,0.52,واگرایی منفی RSI | P/E بالا (264) | عرضه حقوقی به حقیقی (-1 میلیارد تومان در ۲۰ روز) | واگرایی منفی | حد ضرر دور (7.9٪) | نقدشوندگی کمتر از ۱۰ میلیارد تومان
اتکای,بیمه اتکایی ایرانیان,بیمه وصندوق بازنشستگی به جزتامین اجتماعی,63.2,زیر نظر,100,70,4.6,72,3350,20260926,6,24.6,78,39.4,13,39.7,89.8,84.5,2,0,true,69.3,3.37,above,-2.6,0.67,2936,,-21.95,-19.43,0.87,-19.96,12.64,612,5.47,18.13,-69.8,3237,3125,3688,3914,1.5,اشباع خرید | خروج مستمر پول حقیقی | رشد عمودی (78٪ در ۶۰ روز، 40٪ بالای MA50) | 90٪ بالای MA200
پارسیان,بیمه پارسیان,بیمه وصندوق بازنشستگی به جزتامین اجتماعی,63.2,زیر نظر,100,63,2.2,80,1835,20260926,0.8,12.2,34.6,-4,1.4,16.9,45.8,59.3,1,0,false,51.7,3.71,above,-6.9,0.81,1670,1970,-4.69,-16.62,0.85,-6.34,8.23,865,2.12,4.59,-53.8,1767,1665,1970,2106,0.79,خروج مستمر پول حقیقی | حد ضرر دور (9.3٪) | نقدشوندگی کمتر از ۱۰ میلیارد تومان
سامان,بانک سامان,بانکها و موسسات اعتباری,63.1,زیر نظر,100,75,0.5,72,8640,20260926,1.4,5,59.3,20.7,3.2,13.1,111.1,64.9,1,0,false,46.8,2.91,above,-1.6,0.77,8500,8747,-179.88,-849.67,0.39,-170.34,92,1396,6.19,12.04,-48.6,8500,8374,8747,9250,0.4,خروج مستمر پول حقیقی | 111٪ بالای MA200 | سرانه خرید ضعیف (0.39)
خزامیا,زامیاد,خودرو و ساخت قطعات,63.1,زیر نظر,100,75,52.5,20,1749,20260926,4.1,12.7,51.1,12.5,4.4,23.7,48.3,66,3,1,false,45.1,3.35,above,-1.7,1.03,1727,,68.93,-76.24,1.18,82.84,156.59,85,20.58,,,1727,1698,1925,2042,3.43,واگرایی منفی RSI | واگرایی منفی | صف فروش در ۵ روز اخیر
حخزر,کشتیرانی دریای خزر,حمل و نقل آبی,63,زیر نظر,100,60,60.2,24,10770,20260926,4.4,51.7,194,155.4,18.5,48.7,189,88,4,0,true,79.4,2.99,above,-2.7,1.08,6430,,14.42,47.24,1.07,-4.04,24.69,944,11.41,10.36,10.1,10448,10126,11736,12380,1.5,واگرایی منفی RSI | اشباع خرید | فاصله زیاد از MA20 | رشد عمودی (194٪ در ۶۰ روز، 49٪ بالای MA50) | عرضه حقوقی به حقیقی (-28 میلیارد تومان در ۲۰ روز) | 189٪ بالای MA200 | واگرایی منفی
کلوند,کاشی‌ الوند,کاشی و سرامیک,62.9,زیر نظر,90,63,56.1,37,6900,20260926,0.3,3.8,37.8,-0.8,-2.1,12.8,60.3,54.8,2,0,false,33.9,3.62,above,-9.7,0.96,6740,7240,10.81,15.69,0.95,-1.52,13.5,820,8.41,7.65,10,6740,6615,7240,7640,1.19,واگرایی منفی RSI | عرضه حقوقی به حقیقی (-15 میلیارد تومان در ۲۰ روز) | 60٪ بالای MA200 | واگرایی منفی
کپرسپولیس,مجتمع کاشی و سنگ پرسپولیس یزد,کاشی و سرامیک,62.9,زیر نظر,100,53,52,37,8680,20260926,-0.8,5.9,37.2,-1.4,3.3,14,,61.1,3,0,false,36.5,3.45,above,-5.4,0.93,8440,8790,-16.45,4.62,2.51,38.41,18.08,966,8.99,9.26,-3,8440,8290,8790,9389,0.28,واگرایی منفی RSI | عرضه حقوقی به حقیقی (-14 میلیارد تومان در ۲۰ روز) | واگرایی منفی
آردینه,نشاسته و گلوکز آردینه,محصولات غذایی و آشامیدنی به جز قند و شکر,62.8,زیر نظر,70,40,78,57,31770,20260926,-6.9,-1.3,39,0.4,-3.4,5.6,63.8,48.2,4,0,false,26,4.05,above,-14.1,0.49,31300,33080,2.35,24.03,1.68,8.73,29.23,4668,6.81,7.05,-3.5,31300,30656,33080,36980,1.18,عرضه حقوقی به حقیقی (-22 میلیارد تومان در ۲۰ روز) | 64٪ بالای MA200
وآفری,بیمه کارآفرین,بیمه وصندوق بازنشستگی به جزتامین اجتماعی,62.8,زیر نظر,100,60,89,34,9150,20260926,9.6,30.2,107,68.4,11.1,39.5,152.4,77.2,7,0,false,62.6,3.14,above,0,0.7,8830,,1.78,6.41,2.55,1,1.81,1680,5.45,4.59,18.7,8863,8687,10011,10585,1.86,نقدشوندگی پایین | سهم صفی: 7 روز از ۲۰ روز در صف (ریسک نقدشوندگی و اجرای حد ضرر) | رشد عمودی (107٪ در ۶۰ روز، 40٪ بالای MA50) | عرضه حقوقی به حقیقی (-6 میلیارد تومان در ۲۰ روز) | 152٪ بالای MA200 | نقدشوندگی کمتر از ۱۰ میلیارد تومان
فسبزوار,پارس فولاد سبزوار,فلزات اساسی,62.6,زیر نظر,100,65,6.5,72,73480,20260926,-2.7,4.3,41.3,2.7,0.1,6.6,58.8,51.9,3,0,false,25.5,3.64,above,-9.2,0.67,71720,74940,-0.69,-61.34,1,-2.77,60.94,14489,5.07,13.48,-62.4,71720,70384,74940,80950,0.47,واگرایی منفی RSI | خروج مستمر پول حقیقی | 59٪ بالای MA200 | واگرایی منفی
کلر,کلر پارس,محصولات شیمیایی,62.6,زیر نظر,100,45,37.5,57,11350,20260926,0.4,3,14.6,-24,0.1,10.9,55.2,56,4,0,false,23.2,3.64,above,-11.3,0.98,10961,11500,-9.83,-23.79,2.89,4.39,18.64,1504,7.55,8.01,-5.8,10961,10754,11500,12800,0.25,واگرایی منفی RSI | خروج مستمر پول حقیقی | 55٪ بالای MA200 | واگرایی منفی
هجرت,پخش هجرت,مواد و محصولات دارویی,62.6,زیر نظر,95,65,47.5,37,8230,20260926,3.5,-2.8,85.5,46.9,0.5,11.3,114.8,58.2,1,0,false,29.7,3.79,above,-5.9,0.61,7965,8520,6.4,-63.33,2.41,-6.04,47.01,888,9.27,8.86,4.6,7965,7809,8520,8735,0.69,خروج مستمر پول حقیقی | 115٪ بالای MA200
خموتور,موتورسازان‌تراکتورسازی‌ایران‌,خودرو و ساخت قطعات,62.6,زیر نظر,85,43,62,52,2236,20260926,-1.4,-6.9,30.5,-8.1,-1.7,5.6,20,50.8,1,0,false,39.8,4.17,above,-16.6,0.83,2203,2430,16.99,-0.84,1.72,12.73,9.2,385,5.81,,,2203,2157,2430,2681,2.44,نقدشوندگی کمتر از ۱۰ میلیارد تومان
خمحور,تولیدمحورخودرو,خودرو و ساخت قطعات,62.6,زیر نظر,78,45,68.8,52,5250,20260926,-7.1,2.7,1.2,-37.4,-1.7,8.6,35.6,51.2,4,0,false,16.2,3.56,above,-11.3,0.48,5070,5330,0.03,1.07,1.21,2.16,5.57,785,6.69,,,5070,4977,5330,5540,0.29,عرضه حقوقی به حقیقی (-1 میلیارد تومان در ۲۰ روز) | نقدشوندگی کمتر از ۱۰ میلیارد تومان | شناوری کم (9٪)
الکتروماد,صنایع الکترونیک مادیران,ماشین آلات و تجهیزات,62.6,زیر نظر,90,40,20.2,90,4520,20260926,-12.1,-3,81.7,43.1,-5.1,11.1,74.6,48,4,1,false,52.5,3.62,above,-15.8,0.79,4375,4790,-18.41,-16.42,0.93,0.12,19.31,957,4.72,9.66,-51.1,4375,4293,4790,5370,1.19,واگرایی منفی RSI | 75٪ بالای MA200 | واگرایی منفی | صف فروش در ۵ روز اخیر
غدیس,پاکدیس,محصولات غذایی و آشامیدنی به جز قند و شکر,62.6,زیر نظر,81,55,52,57,12140,20260926,-2.9,-4.7,94.7,56.1,-0.7,3.6,65.6,50.8,1,1,false,20.7,3.98,inside,-15,0.54,11690,13000,0.22,37.06,0.55,-8.14,12.5,1819,6.67,7.05,-5.3,11690,11449,13000,13220,1.24,عرضه حقوقی به حقیقی (-34 میلیارد تومان در ۲۰ روز) | 66٪ بالای MA200 | سرانه خرید ضعیف (0.55) | صف فروش در ۵ روز اخیر
فولاد,فولاد مبارکه اصفهان,فلزات اساسی,62.5,زیر نظر,100,70,2.2,72,3260,20260926,-1.2,20.9,-1.1,-39.7,8.6,20.9,36.6,66.8,3,0,true,45.8,3.37,above,-4.4,0.92,3094,3409,-1242.52,-70.69,0.83,-1507.17,1179.79,518,6.29,13.48,-53.3,3150,3039,3409,3629,0.67,
تماوند,تامین سرمایه دماوند,فعالیتهای کمکی به نهادهای مالی واسط,62.5,زیر نظر,90,70,26,60,2429,20260926,-3,4.4,10.3,-28.3,3.8,10.3,10.2,59.5,0,0,true,25.1,3.95,above,-8,0.81,2384,2521,-5.39,14.62,0.57,-9.07,5.69,337,7.21,9.46,-23.8,2384,2336,2521,2566,0.99,واگرایی منفی RSI | عرضه حقوقی به حقیقی (-18 میلیارد تومان در ۲۰ روز) | سرانه خرید ضعیف (0.57) | واگرایی منفی | نقدشوندگی کمتر از ۱۰ میلیارد تومان
وتوصا,گروه س توسعه صنعتی ایران,سرمایه گذاریها,62.5,زیر نظر,90,65,0,90,3050,20260926,-6.7,0,52.7,14.1,-1.4,13.9,61.6,53.7,0,0,false,54.9,4.19,above,-10.6,0.99,2864,3124,-9.54,-27.54,0.7,-11.16,7.34,642,4.75,7.13,-33.4,2922,2800,3124,3410,0.3,واگرایی منفی RSI | خروج مستمر پول حقیقی | 62٪ بالای MA200 | سرانه خرید ضعیف (0.70) | واگرایی منفی | حد ضرر دور (8.2٪) | نقدشوندگی کمتر از ۱۰ میلیارد تومان
ومعادن,توسعه‌معادن‌وفلزات‌,استخراج کانه های فلزی,62.4,زیر نظر,100,65,17.5,60,3300,20260926,-6.5,17.2,51.4,12.8,2.6,22.4,65.4,59.5,4,1,false,48,4.15,above,-12.7,0.73,2965,3780,-146.3,119.17,0.35,-632.54,400.39,318,10.38,13.76,-24.6,3163,2958,3780,4054,1.4,عرضه حقوقی به حقیقی (-103 میلیارد تومان در ۲۰ روز) | 65٪ بالای MA200 | سرانه خرید ضعیف (0.35) | حد ضرر دور (10.4٪) | صف فروش در ۵ روز اخیر
وتوشه,سرمایه‌ گذاری‌ پارس‌ توشه‌,ماشین آلات و تجهیزات,62.4,زیر نظر,100,55,17.5,68,8430,20260926,1.4,1,22.8,-15.8,1.6,11,44.1,57.8,0,0,false,44.6,3.89,above,-4.2,0.79,8030,8550,-0.97,0.77,0.79,-10.98,10.66,2049,4.11,5.15,-20.1,8102,7866,8550,8775,0.21,واگرایی منفی RSI | عرضه حقوقی به حقیقی (-2 میلیارد تومان در ۲۰ روز) | سرانه خرید ضعیف (0.79) | واگرایی منفی
ساینا,صنایع بهداشتی ساینا,محصولات شیمیایی,62.1,زیر نظر,100,50,28.5,60,12700,20260926,3.3,15.1,105.5,66.9,9.1,22.9,127,70.1,4,0,false,51.5,3.57,above,-3.6,0.6,11900,13170,-5.58,-67.86,1.22,4.19,22.24,1820,6.98,8.01,-12.9,12246,11673,13170,14078,0.46,خروج مستمر پول حقیقی | رشد عمودی (106٪ در ۶۰ روز، 23٪ بالای MA50) | 127٪ بالای MA200 | حد ضرر دور (8.1٪)
غشهداب,کشت و صنعت شهداب ناب خراسان,محصولات غذایی و آشامیدنی به جز قند و شکر,62.1,زیر نظر,100,65,16.5,60,2400,20260926,-7.1,8.2,110.7,72.1,0.9,13,70.1,57.5,2,0,false,46.4,4.3,above,-9.8,0.69,2214,2662,-5.57,4.27,0.68,-16.19,22.85,401,5.99,7.05,-15.1,2297,2162,2662,2868,1.1,رشد عمودی (111٪ در ۶۰ روز، 13٪ بالای MA50) | عرضه حقوقی به حقیقی (-5 میلیارد تومان در ۲۰ روز) | 70٪ بالای MA200 | سرانه خرید ضعیف (0.68) | حد ضرر دور (9.9٪)
شمواد,تولید مواداولیه الیاف مصنوعی,محصولات شیمیایی,62.1,زیر نظر,100,75,36.5,32,13420,20260926,4.5,30.5,88,49.4,12.2,31.7,173.1,76.6,8,0,true,52.4,3.31,above,-0.1,0.9,12290,,-20.44,-116.68,4.33,11.38,24.2,1509,8.89,,,12976,12310,14752,15640,1.2,خروج مستمر پول حقیقی | سهم صفی: 8 روز از ۲۰ روز در صف (ریسک نقدشوندگی و اجرای حد ضرر) | رشد عمودی (88٪ در ۶۰ روز، 32٪ بالای MA50) | 173٪ بالای MA200 | حد ضرر دور (8.3٪)
شگستر,گسترش سوخت سبززاگرس(سهامی عام),محصولات شیمیایی,62.1,زیر نظر,100,45,88.5,4,2036,20260926,10.8,44.2,100.6,62,13.9,49.9,92.9,80.7,14,0,false,63.4,2.85,above,0,0.81,1998,,27.87,125.6,3.52,14.39,49.63,36,56.56,9.63,487.3,1998,1969,2210,2326,2.6,اشباع خرید | سهم صفی: 14 روز از ۲۰ روز در صف (ریسک نقدشوندگی و اجرای حد ضرر) | رشد عمودی (101٪ در ۶۰ روز، 50٪ بالای MA50) | P/E بالا (57) | عرضه حقوقی به حقیقی (-118 میلیارد تومان در ۲۰ روز) | 93٪ بالای MA200
وصنا,گروه‌صنایع‌بهشهرایران‌,سرمایه گذاریها,62.1,زیر نظر,100,75,21.4,47,5950,20260926,2.8,19,96.8,58.2,3.1,20.1,94.5,64.5,4,0,false,53.1,3.42,above,-7.2,0.65,5540,6410,-16.73,-56.44,1.59,-7.2,14.86,842,7.07,7.13,-0.9,5747,5442,6410,6817,0.91,خروج مستمر پول حقیقی | 95٪ بالای MA200 | حد ضرر دور (8.5٪)
حپرتو,پرتو بار فرابر خلیج فارس,حمل ونقل، انبارداری و ارتباطات,61.9,زیر نظر,100,60,55.8,24,10760,20260926,10.6,20.8,77.3,38.7,6.9,30.4,38.6,72.4,6,0,false,49.2,3.42,above,-2.1,1,10274,10990,2.37,-7.25,1.31,1.56,13.79,1121,9.6,7.68,25,10392,10091,10990,11712,0.34,سهم صفی: 6 روز از ۲۰ روز در صف (ریسک نقدشوندگی و اجرای حد ضرر) | رشد عمودی (77٪ در ۶۰ روز، 30٪ بالای MA50)
دفارا,داروسازی‌ فارابی‌,مواد و محصولات دارویی,61.7,زیر نظر,95,75,22.6,50,18170,20260926,2.7,4.1,72.2,33.6,3.8,18.3,112.1,62.2,1,0,false,43.2,3.62,above,-3.7,1.13,16663,18590,-1.82,4.43,1.01,-75.09,85.46,1956,9.29,12.91,-28,17512,16526,18590,18870,0.26,112٪ بالای MA200 | حد ضرر دور (9.1٪)
غدانه,پنبه و دانه های روغنی خراسان,محصولات غذایی و آشامیدنی به جز قند و شکر,61.6,زیر نظر,90,65,16.5,70,17870,20260926,-3.1,0.2,83.7,45.1,-0.2,4.7,57.7,52.1,4,1,false,38.7,3.58,above,-10.4,0.66,17400,19610,-7.25,25.08,0.77,-30.96,48.75,3417,5.23,7.05,-25.8,17400,17080,19610,19950,2.2,واگرایی منفی RSI | عرضه حقوقی به حقیقی (-16 میلیارد تومان در ۲۰ روز) | 58٪ بالای MA200 | سرانه خرید ضعیف (0.77) | واگرایی منفی | صف فروش در ۵ روز اخیر
توریل,توکاریل,حمل ونقل، انبارداری و ارتباطات,61.6,زیر نظر,90,35,28.5,82,3280,20260926,-7.3,-2.8,12.7,-25.9,-3.1,11.5,24.1,50.7,2,0,false,27.3,3.9,above,-10.9,0.61,3179,3530,-0.95,45.52,0.8,-5.97,12.8,616,5.32,7.68,-30.7,3179,3115,3530,3680,1.51,واگرایی منفی RSI | عرضه حقوقی به حقیقی (-45 میلیارد تومان در ۲۰ روز) | سرانه خرید ضعیف (0.80) | واگرایی منفی
خشرق,الکتریک‌ خودرو شرق‌,خودرو و ساخت قطعات,61.6,زیر نظر,90,65,56.4,30,2770,20260926,-5,13.8,53.6,15,-1.5,18.7,41.5,56.8,5,1,false,53.7,3.95,above,-10.9,0.77,2509,3110,0.59,20.81,0.97,-0.12,10.27,137,20.22,,,2661,2497,3110,3329,1.24,عرضه حقوقی به حقیقی (-21 میلیارد تومان در ۲۰ روز) | حد ضرر دور (9.9٪) | صف فروش در ۵ روز اخیر
وتوسم,سرمایه‌گذاری‌توسعه‌ملی‌,سرمایه گذاریها,61.5,زیر نظر,100,65,27,47,4380,20260926,-5.8,26.7,74.5,35.9,3,30.9,83.2,66.2,5,0,false,64.6,3.39,above,-7.6,0.3,4145,4435,0.64,-99.27,0.66,-6.07,21.71,591,7.41,7.13,3.9,4231,4071,4435,4740,0.18,واگرایی منفی RSI | خروج مستمر پول حقیقی | رشد عمودی (74٪ در ۶۰ روز، 31٪ بالای MA50) | 83٪ بالای MA200 | سرانه خرید ضعیف (0.66) | واگرایی منفی | حد ضرر دور (7.1٪) | شناوری کم (12٪)
ولبهمن,شرکت بهمن لیزینگ,سایر واسطه گریهای مالی,61.5,زیر نظر,70,38,41.5,90,2909,20260926,-7.7,8.5,29.7,-8.9,-5.9,13.4,44.8,49.9,3,1,false,44.6,3.57,above,-18.5,1.2,2401,3570,17.91,-0.66,0.78,2.13,12.15,776,3.75,5.8,-35.4,2805,2701,3570,3778,3.18,سرانه خرید ضعیف (0.78) | حد ضرر دور (7.1٪) | صف فروش در ۵ روز اخیر
غمینو,شرکت صنایع غذایی مینو شرق,محصولات غذایی و آشامیدنی به جز قند و شکر,61.4,زیر نظر,90,65,28.5,57,8340,20260926,-9.8,3.9,48.1,9.5,-0.4,3.5,85.6,50.1,2,0,false,30.5,4.18,above,-12.2,0.83,8240,8750,-2.98,51.62,0.59,-34.2,27.66,1231,6.77,7.05,-3.9,8240,8066,8750,9500,1.5,عرضه حقوقی به حقیقی (-58 میلیارد تومان در ۲۰ روز) | 86٪ بالای MA200 | سرانه خرید ضعیف (0.59)
بهیر,س. توسعه تجارت هیرمند,سرمایه گذاریها,61.4,زیر نظر,100,65,88.5,25,4410,20260926,8.9,11.6,17.5,-21.1,7.3,18.4,27,78.3,4,0,true,55.4,2.45,above,-0.9,0.98,4210,,1.63,1.47,2.05,0.43,1.17,223,19.78,,,4302,4156,4735,4951,1.28,نقدشوندگی پایین | واگرایی منفی RSI | اشباع خرید | عرضه حقوقی به حقیقی (-1 میلیارد تومان در ۲۰ روز) | واگرایی منفی | نقدشوندگی کمتر از ۱۰ میلیارد تومان
کتوسعه,توسعه صنایع و معادن کوثر,استخراج سایر معادن,61.4,زیر نظر,90,53,61,34,19400,20260926,-2.7,1,36.8,-1.8,-3.5,14.1,49.4,54.1,2,0,false,56,3.68,above,-11.8,0.74,15810,22000,0.05,-18.11,7.69,7.91,3.61,1794,10.81,9.57,13,18686,17972,22000,23428,1.82,خروج مستمر پول حقیقی | حد ضرر دور (7.4٪) | نقدشوندگی کمتر از ۱۰ میلیارد تومان
حتوکا,حمل‌ونقل‌توکا,حمل ونقل، انبارداری و ارتباطات,61.3,زیر نظر,100,45,27,62,2562,20260926,-3.4,1,21.5,-17.1,0.6,16.2,33.9,56.6,1,0,false,43.4,4.03,above,-9.8,0.52,2283,2840,-2.95,-19.42,1.18,0.84,13.92,320,8.01,19.33,-58.6,2459,2304,2840,3047,1.08,واگرایی منفی RSI | خروج مستمر پول حقیقی | واگرایی منفی | حد ضرر دور (10.1٪)
شپارس,بین‌ المللی‌ محصولات‌  پارس‌,محصولات شیمیایی,61.1,زیر نظر,90,65,2.4,82,2464,20260926,-8.3,10,102.3,63.7,-3.7,22.6,97.4,54.6,6,2,false,60.7,3.44,above,-16.4,0.67,1670,2948,-26.6,-72.78,0.83,-20.09,24.25,370,6.66,9.63,-30.8,2379,2295,2948,3117,2.86,خروج مستمر پول حقیقی | سهم صفی: 6 روز از ۲۰ روز در صف (ریسک نقدشوندگی و اجرای حد ضرر) | رشد عمودی (102٪ در ۶۰ روز، 23٪ بالای MA50) | 97٪ بالای MA200 | صف فروش در ۵ روز اخیر
کورز,ورزیران‌,سایر محصولات کانی غیرفلزی,60.9,زیر نظر,100,60,95.5,20,7460,20260926,7.8,44.3,45.8,7.2,18,35.5,57.5,89.5,10,0,true,40.8,2.76,above,0,1.32,5872,,4.64,4.65,2.13,1.6,1.36,133,56.09,,,7254,7048,8077,8489,1.5,نقدشوندگی پایین | اشباع خرید | فاصله زیاد از MA20 | سهم صفی: 10 روز از ۲۰ روز در صف (ریسک نقدشوندگی و اجرای حد ضرر) | رشد عمودی (46٪ در ۶۰ روز، 35٪ بالای MA50) | P/E بالا (56) | 58٪ بالای MA200 | نقدشوندگی کمتر از ۱۰ میلیارد تومان
غشصفا,شیرپاستوریزه‌پگاه‌اصفهان‌,محصولات غذایی و آشامیدنی به جز قند و شکر,60.9,زیر نظر,100,65,1.5,70,24700,20260926,-5.9,12.9,54.4,15.8,3.6,19.1,106.6,60.9,4,1,false,45.7,3.52,above,-10.2,0.63,22520,27510,-11.73,-40.93,0.57,-13.19,11.94,3764,6.56,8.53,-23.1,23830,22524,27510,29251,1.29,خروج مستمر پول حقیقی | 107٪ بالای MA200 | سرانه خرید ضعیف (0.57) | حد ضرر دور (8.8٪) | صف فروش در ۵ روز اخیر
غشاذر,پگاه‌آذربایجان‌غربی‌,محصولات غذایی و آشامیدنی به جز قند و شکر,60.9,زیر نظر,70,53,57,60,18900,20260926,-3.7,4.7,37.3,-1.3,-0.8,8.9,66.7,53.7,0,0,false,18.4,4.07,above,-8.3,0.57,18650,20060,2.98,16.71,1,-4.65,14.04,2810,6.73,8.53,-21.1,18650,18265,20060,20600,1.83,واگرایی منفی RSI | عرضه حقوقی به حقیقی (-10 میلیارد تومان در ۲۰ روز) | 67٪ بالای MA200 | واگرایی منفی
فزرین,زرین معدن آسیا,فلزات اساسی,60.8,زیر نظر,90,65,26,57,9360,20260926,-10.5,26.8,135.1,96.5,-0.4,26.6,133.1,59.2,17,3,false,69.6,3.09,above,-15.5,1.06,6630,11080,-16.99,82.91,0.37,-36.4,18.84,1184,7.91,8.05,-1.8,9071,8782,11080,11658,2.97,سهم صفی: 17 روز از ۲۰ روز در صف (ریسک نقدشوندگی و اجرای حد ضرر) | رشد عمودی (135٪ در ۶۰ روز، 27٪ بالای MA50) | عرضه حقوقی به حقیقی (-97 میلیارد تومان در ۲۰ روز) | 133٪ بالای MA200 | سرانه خرید ضعیف (0.37) | صف فروش در ۵ روز اخیر
ساراب,سیمان‌ داراب‌,سیمان، آهک و گچ,60.6,زیر نظر,90,65,25.5,57,17580,20260926,-8.7,20.8,63.2,24.6,-2.1,9.7,47.7,52.2,11,1,false,34.4,3.2,above,-14.9,0.48,14873,20660,-4.64,5.88,0.44,-6.97,5.3,2361,7.45,7.14,4.3,17018,16456,20660,21784,2.74,سهم صفی: 11 روز از ۲۰ روز در صف (ریسک نقدشوندگی و اجرای حد ضرر) | عرضه حقوقی به حقیقی (-6 میلیارد تومان در ۲۰ روز) | سرانه خرید ضعیف (0.44) | نقدشوندگی کمتر از ۱۰ میلیارد تومان | صف فروش در ۵ روز اخیر
فسپا,گروه‌صنعتی‌سپاهان‌,فلزات اساسی,60.5,زیر نظر,100,60,2,72,8270,20260926,3.4,35.8,161.3,122.7,16.1,48,181.4,85.8,10,0,true,75.1,3.16,above,-2.4,1.07,6130,,-93.58,-111.93,0.62,-113.75,51.92,1216,6.8,13.48,-49.5,8009,7748,9054,9576,1.5,اشباع خرید | فاصله زیاد از MA20 | خروج مستمر پول حقیقی | سهم صفی: 10 روز از ۲۰ روز در صف (ریسک نقدشوندگی و اجرای حد ضرر) | رشد عمودی (161٪ در ۶۰ روز، 48٪ بالای MA50) | 181٪ بالای MA200 | سرانه خرید ضعیف (0.62)
ولراز,لیزینگ رازی,سایر واسطه گریهای مالی,60.5,زیر نظر,100,70,61,25,6220,20260923,15.2,63.7,227.9,189.3,26.9,66.8,153.5,97.5,11,0,true,83.3,2.51,above,0,0.36,2771,,-0.32,12.36,4.1,3.8,4.39,322,19.32,,,6064,5908,6688,7000,1.5,اشباع خرید | فاصله زیاد از MA20 | سهم صفی: 11 روز از ۲۰ روز در صف (ریسک نقدشوندگی و اجرای حد ضرر) | رشد عمودی (228٪ در ۶۰ روز، 67٪ بالای MA50) | عرضه حقوقی به حقیقی (-12 میلیارد تومان در ۲۰ روز) | 153٪ بالای MA200 | نقدشوندگی کمتر از ۱۰ میلیارد تومان | آخرین معامله 20260923 (متوقف یا کم‌معامله)
قچار,فراوردههای غذایی وقند چهارمحال,قند و شکر,60.4,زیر نظر,100,75,24.6,37,5760,20260926,2.7,11.6,84.3,45.7,9.2,25.3,89.5,73.4,3,0,true,61.4,3.68,above,-2,0.86,5450,5850,-1.51,9.33,1.06,-6.09,36.68,655,8.79,9.57,-8.1,5548,5344,5850,6273,0.22,عرضه حقوقی به حقیقی (-9 میلیارد تومان در ۲۰ روز) | 90٪ بالای MA200 | حد ضرر دور (7.2٪)
خلنت,لنت‌ ترمزایران‌,خودرو و ساخت قطعات,60.4,زیر نظر,85,45,61.5,42,5570,20260926,2.6,-4.5,20.6,-18,0,8.6,48.7,54.8,1,0,false,31.6,3.58,above,-7.2,0.61,5390,5910,0.42,-11.35,1.63,2.61,7.27,1027,5.42,,,5390,5290,5910,6000,1.22,خروج مستمر پول حقیقی | نقدشوندگی کمتر از ۱۰ میلیارد تومان
ختور,رادیاتور ایران‌,خودرو و ساخت قطعات,60.3,زیر نظر,100,60,31.1,42,3930,20260926,4.2,35.4,95.8,57.2,14,36.6,92.4,83.3,6,0,true,65.9,3.59,above,-2.2,1.45,2780,,-25.15,11.55,0.96,-1.01,29.98,715,5.5,,,3789,3648,4353,4635,1.5,واگرایی منفی RSI | اشباع خرید | سهم صفی: 6 روز از ۲۰ روز در صف (ریسک نقدشوندگی و اجرای حد ضرر) | رشد عمودی (96٪ در ۶۰ روز، 37٪ بالای MA50) | عرضه حقوقی به حقیقی (-23 میلیارد تومان در ۲۰ روز) | 92٪ بالای MA200 | واگرایی منفی | حد ضرر دور (7.2٪)
غویتا,ویتانا,محصولات غذایی و آشامیدنی به جز قند و شکر,60.2,زیر نظر,90,53,0.5,90,5880,20260926,-8.4,7.9,34.7,-3.9,-2.3,8.9,76.3,51,7,1,false,32.5,3.61,above,-14.4,0.7,5690,6870,-26.35,-75.44,0.55,-38.2,32.37,1338,4.39,7.05,-37.7,5690,5584,6870,7294,3.34,خروج مستمر پول حقیقی | سهم صفی: 7 روز از ۲۰ روز در صف (ریسک نقدشوندگی و اجرای حد ضرر) | 76٪ بالای MA200 | سرانه خرید ضعیف (0.55) | صف فروش در ۵ روز اخیر
نوین,بیمه نوین,بیمه وصندوق بازنشستگی به جزتامین اجتماعی,60.2,زیر نظر,100,70,60.9,4,11620,20260926,9,43.6,212.2,173.6,21.7,47.8,210.4,89.2,0,0,true,69.7,2.8,above,-1.7,0.86,8880,,3.67,15.98,1.12,-6.33,12.34,358,32.46,18.13,79,11295,10969,12596,13247,1.5,اشباع خرید | فاصله زیاد از MA20 | رشد عمودی (212٪ در ۶۰ روز، 48٪ بالای MA50) | P/E بالا (32) | عرضه حقوقی به حقیقی (-11 میلیارد تومان در ۲۰ روز) | 210٪ بالای MA200
دامین,داروسازی‌ امین‌,مواد و محصولات دارویی,60.2,زیر نظر,95,88,52.4,4,15800,20260926,8.3,1.5,36.7,-1.9,5.5,9.2,47.3,60.2,3,0,true,21.7,3.6,above,-8.1,0.93,15400,16140,17.21,-59.31,1.17,10.8,34.49,378,41.8,12.91,223.8,15400,15115,16140,17190,0.5,خروج مستمر پول حقیقی | P/E بالا (42)
شگویا,پتروشیمی تندگویان,محصولات شیمیایی,60.1,زیر نظر,100,40,72.5,16,12560,20260926,8.2,56,28.5,-10.1,18,36.3,80.2,81.7,13,0,true,46.5,2.99,above,-3.8,1.56,11270,,-132.97,153.05,2.63,214.93,110.54,1099,11.43,8.01,42.7,12184,11809,13687,14439,1.5,اشباع خرید | فاصله زیاد از MA20 | سهم صفی: 13 روز از ۲۰ روز در صف (ریسک نقدشوندگی و اجرای حد ضرر) | رشد عمودی (28٪ در ۶۰ روز، 36٪ بالای MA50) | عرضه حقوقی به حقیقی (-240 میلیارد تومان در ۲۰ روز) | 80٪ بالای MA200
قرن,پدیده شیمی قرن,محصولات شیمیایی,60,زیر نظر,100,65,21,47,23400,20260926,-5.3,3.3,50.1,11.5,1,8.6,88.7,54.5,4,0,false,37.8,3.62,above,-12.3,0.55,22910,26690,-11.93,-49.25,2.61,-11.17,18.25,2371,9.87,9.63,2.5,22910,22487,26690,28382,3.6,خروج مستمر پول حقیقی | 89٪ بالای MA200
چخزر,صنایع چوب خزر کاسپین,محصولات چوبی,60,زیر نظر,95,65,37,37,192100,20260926,3.5,-2.7,115.6,77,1.9,11.8,127.3,60.7,2,0,false,29.1,3.58,above,-5.6,0.51,188600,197900,-5.26,-16.03,6.76,18.21,14.71,20671,9.29,9.03,2.9,188600,185164,197900,203400,0.84,خروج مستمر پول حقیقی | رشد عمودی (116٪ در ۶۰ روز، 12٪ بالای MA50) | 127٪ بالای MA200
کگل,معدنی و صنعتی گل گهر,استخراج کانه های فلزی,59.9,زیر نظر,85,40,45.8,60,2868,20260926,-4.1,-3.8,42.8,4.2,-4.1,6,41,48.6,3,1,false,32.9,3.97,above,-13.4,0.78,2805,2931,139.22,18.09,0.97,-3.95,231.72,241,11.9,13.76,-13.5,2805,2748,2931,3071,0.52,صف فروش در ۵ روز اخیر
فوکا,فولاد کاویان,فلزات اساسی,59.9,زیر نظر,100,65,10.8,57,6250,20260926,-9.6,23,84.1,45.5,0.2,32.7,,61.2,12,1,false,72,3.59,above,-14.4,1.72,3563,7300,-32.67,-3.83,1.13,-9.37,11.5,817,7.65,8.05,-5,6026,5802,7300,7748,2.34,سهم صفی: 12 روز از ۲۰ روز در صف (ریسک نقدشوندگی و اجرای حد ضرر) | رشد عمودی (84٪ در ۶۰ روز، 33٪ بالای MA50) | 205٪ بالای کف ۵۲ هفته | حد ضرر دور (7.2٪) | صف فروش در ۵ روز اخیر
شاوان,پالایش نفت لاوان,فراورده های نفتی، کک و سوخت هسته ای,59.9,زیر نظر,100,75,22.5,37,50690,20260926,-1.9,52.2,93.9,55.3,13,54.5,108.6,77.5,14,0,true,81.9,3,above,-6.6,1.8,31203,,-523.04,-73.63,3.7,-562.45,137.08,6145,8.25,8.12,1.6,49171,47652,55247,58286,1.5,سهم صفی: 14 روز از ۲۰ روز در صف (ریسک نقدشوندگی و اجرای حد ضرر) | رشد عمودی (94٪ در ۶۰ روز، 55٪ بالای MA50) | 109٪ بالای MA200
ولپارس,لیزینگ پارسیان,سایر واسطه گریهای مالی,59.9,زیر نظر,90,53,62,27,3790,20260926,-2.8,6.5,34.7,-3.9,-1,12.4,36.9,54.7,2,1,false,45.8,3.92,above,-11.9,1.05,3680,4300,-0.42,7.91,4.44,12.07,3.44,307,12.35,9.94,24.2,3680,3606,4300,4597,2.77,عرضه حقوقی به حقیقی (-7 میلیارد تومان در ۲۰ روز) | نقدشوندگی کمتر از ۱۰ میلیارد تومان | صف فروش در ۵ روز اخیر
وسرمد,بیمه  سرمد,بیمه وصندوق بازنشستگی به جزتامین اجتماعی,59.9,زیر نظر,50,38,89,60,1511,20260926,-2.3,-9,36.4,-2.2,-7.1,-0.3,29.9,41.1,1,0,false,33.9,4.24,above,-15.4,1.3,1456,1605,7.48,16.21,2.48,6.44,3.38,317,4.77,,,1456,1424,1605,1707,1.07,واگرایی منفی RSI | عرضه حقوقی به حقیقی (-15 میلیارد تومان در ۲۰ روز) | واگرایی منفی | نقدشوندگی کمتر از ۱۰ میلیارد تومان
شکام,صنایع شیمیایی کیمیاگران امروز,محصولات شیمیایی,59.4,زیر نظر,100,75,20.5,37,10270,20260926,2.6,17.4,125.3,86.7,2.1,27.4,140.3,64.8,5,0,false,48.1,3.9,above,-7.6,0.67,9420,11080,-59.52,-82.02,1.66,-136.4,117.3,1258,8.16,8.01,1.9,9870,9269,11080,11881,0.81,رشد عمودی (125٪ در ۶۰ روز، 27٪ بالای MA50) | 140٪ بالای MA200 | حد ضرر دور (9.7٪)
ولیز,لیزینگ ایران,سایر واسطه گریهای مالی,59.4,زیر نظر,100,60,37.5,32,4230,20260926,6.5,40.8,86.8,48.2,17.9,51.7,75.1,87.8,8,0,true,81.1,2.89,above,-1.4,0.89,3260,,-2.28,-4.12,1.92,12.71,6.45,458,9.24,,,4108,3985,4597,4841,1.5,اشباع خرید | فاصله زیاد از MA20 | سهم صفی: 8 روز از ۲۰ روز در صف (ریسک نقدشوندگی و اجرای حد ضرر) | رشد عمودی (87٪ در ۶۰ روز، 52٪ بالای MA50) | 75٪ بالای MA200 | نقدشوندگی کمتر از ۱۰ میلیارد تومان
قصفها,قنداصفهان‌,قند و شکر,59.4,زیر نظر,90,53,27,60,2254,20260926,-3.3,6.6,34.2,-4.4,-2.7,11.2,61.6,52.1,4,1,false,39.2,3.82,above,-13.5,0.74,2149,2607,-3.59,18.37,0.61,-14.83,14.31,264,8.54,9.8,-12.9,2168,2106,2607,2779,2.38,عرضه حقوقی به حقیقی (-19 میلیارد تومان در ۲۰ روز) | 62٪ بالای MA200 | سرانه خرید ضعیف (0.61) | صف فروش در ۵ روز اخیر
فپنتا,سپنتا,فلزات اساسی,59.4,زیر نظر,90,53,27,60,45070,20260926,-14.1,21.9,29.3,-9.3,-0.5,22.8,24.8,55.6,12,5,false,58.9,3.28,above,-20.4,0.23,44504,45942,-13.92,74.93,0.1,-23.08,20.52,4100,10.99,13.48,-18.5,44504,43764,45942,47742,0.67,سهم صفی: 12 روز از ۲۰ روز در صف (ریسک نقدشوندگی و اجرای حد ضرر) | عرضه حقوقی به حقیقی (-78 میلیارد تومان در ۲۰ روز) | سرانه خرید ضعیف (0.10) | صف فروش در ۵ روز اخیر
فخوز,فولاد  خوزستان,فلزات اساسی,59.3,زیر نظر,100,75,27,30,2950,20260926,-3,56.4,62.2,23.6,13,29.2,81.5,72.6,9,0,true,45.1,3.61,above,-6.1,1.16,2870,3140,-755.8,785.31,0.52,-748.53,336.62,222,13.29,13.48,-1.4,2870,2817,3140,3353,1.43,سهم صفی: 9 روز از ۲۰ روز در صف (ریسک نقدشوندگی و اجرای حد ضرر) | عرضه حقوقی به حقیقی (-1015 میلیارد تومان در ۲۰ روز) | 81٪ بالای MA200 | سرانه خرید ضعیف (0.52)
مدیریت,س. و خدمات مدیریت صند. ب کشوری,سرمایه گذاریها,59.2,زیر نظر,90,53,36.5,90,4690,20260926,-5.1,3.1,35.3,-3.3,-0.5,10,41.7,53.9,2,0,false,36.7,3.56,above,-10.3,0.73,4420,5230,-1.41,-0.56,2.96,2.77,1.89,955,4.91,8.73,-43.7,4523,4336,5230,5564,1.53,نقدشوندگی پایین | واگرایی منفی RSI | واگرایی منفی | حد ضرر دور (7.5٪) | نقدشوندگی کمتر از ۱۰ میلیارد تومان
وکغدیر,بین المللی توسعه ص. معادن غدیر,شرکتهای چند رشته ای صنعتی,59.1,زیر نظر,100,65,27.5,37,6470,20260926,-7,22.3,104.6,66,5.2,34.9,84.3,65.6,8,0,false,69.6,3.37,above,-9.6,1.27,5440,7160,-132.79,334.76,0.52,-260.59,124.57,563,11.49,10.88,5.6,6252,6034,7160,7596,1.58,سهم صفی: 8 روز از ۲۰ روز در صف (ریسک نقدشوندگی و اجرای حد ضرر) | رشد عمودی (105٪ در ۶۰ روز، 35٪ بالای MA50) | عرضه حقوقی به حقیقی (-385 میلیارد تومان در ۲۰ روز) | 84٪ بالای MA200 | سرانه خرید ضعیف (0.52) | شناوری کم (10٪)
وصنعت,سرمایه گذاری توسعه صنعت وتجارت,سرمایه گذاریها,59.1,زیر نظر,90,45,2.5,90,2785,20260926,-7.5,5.8,28.5,-10.1,-0.5,12.7,47.6,54.2,2,1,false,43.1,3.7,above,-11.8,0.89,2700,3159,-3.39,-3.83,0.75,-5.35,4.54,884,3.15,7.13,-55.8,2700,2648,3159,3365,2.74,175٪ بالای کف ۵۲ هفته | سرانه خرید ضعیف (0.75) | نقدشوندگی کمتر از ۱۰ میلیارد تومان | شناوری کم (13٪) | صف فروش در ۵ روز اخیر
فصبا,صبا فولاد خلیج فارس,فلزات اساسی,59.1,زیر نظر,100,63,62,4,3940,20260926,-2.2,31,35.3,-3.3,11.4,27.6,49.7,72.9,5,0,true,39.6,3.49,above,-3.2,1.12,3090,4070,-30.14,25.59,2.1,25.05,23.29,178,22.13,8.05,175,3803,3665,4070,4345,0.47,عرضه حقوقی به حقیقی (-23 میلیارد تومان در ۲۰ روز)
شاراک,پتروشیمی شازند,محصولات شیمیایی,59,زیر نظر,100,50,16,60,29430,20260926,7.4,42.5,95.2,56.6,12.8,37.7,129.4,77.9,6,0,false,62.8,3.16,above,-1,0.85,26570,,-123.33,65.16,0.72,-189.34,142.31,3871,7.6,9.63,-21.1,28500,27570,32220,34080,1.5,سهم صفی: 6 روز از ۲۰ روز در صف (ریسک نقدشوندگی و اجرای حد ضرر) | رشد عمودی (95٪ در ۶۰ روز، 38٪ بالای MA50) | عرضه حقوقی به حقیقی (-92 میلیارد تومان در ۲۰ روز) | 129٪ بالای MA200 | سرانه خرید ضعیف (0.72)
شپاکسا,پاکسان‌,محصولات شیمیایی,59,زیر نظر,100,55,2,70,2603,20260926,-5.1,-0.6,85.7,47.1,0.3,16.9,89,56.4,3,1,false,43.9,3.88,above,-11.5,0.67,2335,2700,-32.57,-83.58,0.62,-36.35,37.13,327,7.96,9.63,-17.3,2502,2351,2700,2940,0.38,واگرایی منفی RSI | خروج مستمر پول حقیقی | 89٪ بالای MA200 | سرانه خرید ضعیف (0.62) | واگرایی منفی | حد ضرر دور (9.7٪) | صف فروش در ۵ روز اخیر
فروس,فروسیلیس‌ ایران‌,فلزات اساسی,59,زیر نظر,100,53,1.5,72,4090,20260926,-13.2,29.3,37.4,-1.2,0.6,18.2,61,56.2,16,4,false,52.4,3.19,above,-15.1,0.74,3335,4820,-14.96,-2.82,0.27,-16.32,7.39,440,9.3,13.48,-31,3959,3829,4820,5081,2.79,سهم صفی: 16 روز از ۲۰ روز در صف (ریسک نقدشوندگی و اجرای حد ضرر) | 61٪ بالای MA200 | سرانه خرید ضعیف (0.27) | نقدشوندگی کمتر از ۱۰ میلیارد تومان | صف فروش در ۵ روز اخیر
فزر,پویا زرکان آق دره,استخراج کانه های فلزی,58.9,زیر نظر,100,60,63.5,4,311700,20260926,6.6,47.6,136.3,97.7,15.4,47.6,157,85.1,5,0,true,77.3,3.01,above,-0.1,1.35,283700,,917.63,1189.37,0.6,-2061.05,898.65,9504,32.8,14.44,127.1,302312,288229,339865,358642,1.2,واگرایی منفی RSI | اشباع خرید | فاصله زیاد از MA20 | رشد عمودی (136٪ در ۶۰ روز، 48٪ بالای MA50) | P/E بالا (33) | عرضه حقوقی به حقیقی (-1039 میلیارد تومان در ۲۰ روز) | 157٪ بالای MA200 | سرانه خرید ضعیف (0.60) | واگرایی منفی | حد ضرر دور (7.5٪)
پخش,پخش البرز,مواد و محصولات دارویی,58.9,زیر نظر,100,35,27.5,60,13640,20260926,-1.8,-1.2,17.6,-21,1.5,9,74.1,58.1,1,0,false,35.4,4.19,above,-5.6,0.72,13000,14220,46.52,-6.82,0.56,-47.7,67.62,2029,6.72,8.86,-24.1,13069,12715,14220,14450,0.63,واگرایی منفی RSI | 74٪ بالای MA200 | سرانه خرید ضعیف (0.56) | واگرایی منفی
گکوثر,هتل پارسیان کوثر اصفهان,هتل و رستوران,58.7,زیر نظر,100,70,54.8,4,5810,20260926,15,60.1,66.9,28.3,24.5,57.2,107.8,92.7,5,0,true,75.6,2.51,above,-0.2,1.99,4660,,-3.66,9.88,1.21,8.63,11.7,257,22.61,4.69,382,5664,5518,6248,6540,1.5,اشباع خرید | فاصله زیاد از MA20 | رشد عمودی (67٪ در ۶۰ روز، 57٪ بالای MA50) | عرضه حقوقی به حقیقی (-18 میلیارد تومان در ۲۰ روز) | 108٪ بالای MA200
شاروم,پتروشیمی ارومیه,محصولات شیمیایی,58.6,زیر نظر,100,45,52.5,26,14850,20260926,-8.5,21,20.8,-17.8,0.3,15.2,51.9,55,6,1,false,44.1,3.27,above,-14.3,1.55,13706,17330,-33.74,10.22,1.7,14.68,15.71,1318,11.27,8.01,40.7,14365,13636,17330,18301,2.04,سهم صفی: 6 روز از ۲۰ روز در صف (ریسک نقدشوندگی و اجرای حد ضرر) | عرضه حقوقی به حقیقی (-8 میلیارد تومان در ۲۰ روز) | 52٪ بالای MA200 | حد ضرر دور (8.2٪) | صف فروش در ۵ روز اخیر | واگرایی مثبت RSI
غچین,کشت‌ و صنعت‌ چین‌ چین,محصولات غذایی و آشامیدنی به جز قند و شکر,58.5,زیر نظر,90,65,24.2,70,4560,20260923,-6.7,4.8,46.2,7.6,-4.5,11.4,51.6,51.2,1,1,false,42.1,3.67,above,-13,0.29,4060,5240,-4.96,6.47,1.15,-6.54,12.16,682,6.69,8.53,-21.6,4393,4142,5240,5574,1.63,عرضه حقوقی به حقیقی (-5 میلیارد تومان در ۲۰ روز) | 52٪ بالای MA200 | حد ضرر دور (9.2٪) | صف فروش در ۵ روز اخیر | آخرین معامله 20260923 (متوقف یا کم‌معامله)
چکاپا,گروه صنایع کاغذ پارس,محصولات کاغذی,58.5,زیر نظر,100,70,48,10,2298,20260926,9.3,38.4,61.8,23.2,21.7,43.5,78.2,87.6,3,0,true,57.2,2.93,above,-2,1.47,1699,,-32.31,-6.48,2.85,9.42,29.74,,,16.48,,2231,2163,2500,2635,1.5,اشباع خرید | فاصله زیاد از MA20 | بدون EPS مثبت | رشد عمودی (62٪ در ۶۰ روز، 44٪ بالای MA50) | 78٪ بالای MA200
تلیسه,دامداری تلیسه نمونه,زراعت و خدمات وابسته,58.5,زیر نظر,85,65,23,57,9490,20260926,-0.4,-0.3,42.1,3.5,-2.6,7.9,75.7,52.2,4,0,false,33.9,4,above,-12.2,0.54,9370,9880,-1.77,-1.47,4.24,-7.98,23.11,1266,7.5,8.07,-7.1,9370,9180,9880,10360,1.26,واگرایی منفی RSI | 76٪ بالای MA200 | واگرایی منفی
شتران,پالایش نفت تهران,فراورده های نفتی، کک و سوخت هسته ای,58.5,زیر نظر,100,53,1.5,70,6340,20260926,-8.2,11,33.9,-4.7,0.8,18.7,83.5,56.8,3,1,false,54.5,3.66,above,-12.7,0.98,5005,7260,-858.69,-742.04,0.49,-967.87,512.16,1249,5.08,6.26,-18.9,6108,5875,7260,7725,1.98,خروج مستمر پول حقیقی | 83٪ بالای MA200 | سرانه خرید ضعیف (0.49) | حد ضرر دور (7.3٪) | صف فروش در ۵ روز اخیر
پردیس,سرمایه گذاری پردیس,سرمایه گذاریها,58.4,زیر نظر,100,45,17.7,60,2127,20260926,-0.9,5.8,24.1,-14.5,1.2,12.9,27.3,58.7,0,0,false,36.6,3.45,above,-6.2,0.79,1970,2176,-4.03,-10.19,1.43,-0.21,6.21,404,5.26,7.13,-26.2,2054,1943,2176,2268,0.27,واگرایی منفی RSI | خروج مستمر پول حقیقی | واگرایی منفی | حد ضرر دور (8.6٪) | نقدشوندگی کمتر از ۱۰ میلیارد تومان
غزر,صنعتی زر ماکارون,محصولات غذایی و آشامیدنی به جز قند و شکر,58.4,زیر نظر,100,65,4.6,57,4830,20260926,-7.6,10.5,41.4,2.8,2.8,24.4,102.1,60.1,5,1,false,57.9,3.12,above,-10.1,0.94,4480,5370,-46,-143.12,0.88,-4,76.54,620,7.79,8.53,-8.7,4679,4454,5370,5671,1.43,واگرایی منفی RSI | خروج مستمر پول حقیقی | 102٪ بالای MA200 | واگرایی منفی | حد ضرر دور (7.8٪) | صف فروش در ۵ روز اخیر
شصدف,صنعتی دوده فام,محصولات شیمیایی,58.4,زیر نظر,100,55,9.6,60,17870,20260926,-4.4,-2.4,58,19.4,0.7,18,52.1,57.3,2,0,false,54.2,3.99,above,-9.5,0.54,16300,18400,-21.26,-4.19,1.1,-9.67,33.35,2572,6.95,8.01,-13.3,17157,16089,18400,18800,0.3,52٪ بالای MA200 | حد ضرر دور (10.0٪)
فارس,صنایع پتروشیمی خلیج فارس,محصولات شیمیایی,58.4,زیر نظر,100,45,17.5,60,11780,20260926,-6.1,32.4,24.8,-13.8,3.8,18.9,55.8,59.7,7,0,false,38.2,3.43,above,-9.7,1.62,10430,,-306.04,346.05,0.82,-594.75,443.44,1498,7.86,9.63,-18.3,11377,10973,12990,13797,1.5,سهم صفی: 7 روز از ۲۰ روز در صف (ریسک نقدشوندگی و اجرای حد ضرر) | عرضه حقوقی به حقیقی (-664 میلیارد تومان در ۲۰ روز) | 56٪ بالای MA200
کتوکا,تولیدی و خدمات صنایع نسوز توکا,سایر محصولات کانی غیرفلزی,58.4,زیر نظر,100,65,1.5,60,8190,20260926,-10.7,32.1,98.3,59.7,2.4,39.1,102.8,64.9,12,2,false,79.1,3.31,above,-12.3,0.92,4456,9340,-9.01,-19.65,0.5,-19.51,26.45,983,8.33,10.33,-19.3,7919,7648,9340,9882,2.12,سهم صفی: 12 روز از ۲۰ روز در صف (ریسک نقدشوندگی و اجرای حد ضرر) | رشد عمودی (98٪ در ۶۰ روز، 39٪ بالای MA50) | 103٪ بالای MA200 | سرانه خرید ضعیف (0.50) | صف فروش در ۵ روز اخیر
جم پیلن,پتروشیمی جم پیلن,محصولات شیمیایی,58.4,زیر نظر,100,65,1.5,60,303700,20260926,0,27.7,99,60.4,5.5,26.5,73.3,67.3,2,0,false,46,3.27,above,-4.5,0.4,292000,318000,-29.09,-140.14,0.73,-33.64,38.34,41853,7.26,9.63,-24.6,293764,287032,318000,337872,0.86,واگرایی منفی RSI | خروج مستمر پول حقیقی | 73٪ بالای MA200 | سرانه خرید ضعیف (0.73) | واگرایی منفی | شناوری کم (11٪)
گکیش,توریستی ورفاهی آبادگران کیش,هتل و رستوران,58.4,زیر نظر,100,55,89.5,20,9590,20260926,-6,-0.1,45.5,6.9,2.1,8,30.2,55.2,2,0,false,33.8,4.41,above,-8.5,0.91,9029,9870,3.78,7.93,2.36,4.38,1.72,60,159.83,,,9167,8817,9870,10280,0.36,نقدشوندگی پایین | P/E بالا (160) | عرضه حقوقی به حقیقی (-5 میلیارد تومان در ۲۰ روز) | حد ضرر دور (8.1٪) | نقدشوندگی کمتر از ۱۰ میلیارد تومان
دشیری,شیرین دارو,مواد و محصولات دارویی,58.4,زیر نظر,100,73,53,42,412300,20260926,7.6,15.9,29.3,-9.3,10.5,22.6,67.3,71.6,1,0,true,51.6,3.26,above,-0.8,1.03,405500,,-0.12,0.51,1.79,1.1,2.55,57790,7.13,,,405500,398773,452662,479569,2.98,نقدشوندگی پایین | واگرایی منفی RSI | 67٪ بالای MA200 | واگرایی منفی | نقدشوندگی کمتر از ۱۰ میلیارد تومان
فهامون,آلیاژ گستر هامون,فلزات اساسی,58.3,زیر نظر,90,30,44.1,57,4750,20260926,-11,1.9,2,-36.6,-3.8,5.1,,46.6,4,2,false,32.5,3.91,above,-14.3,0.53,4638,4961,-11.56,25.49,0.86,4.41,23.41,596,7.97,8.05,-1,4638,4545,4961,5234,1.03,عرضه حقوقی به حقیقی (-31 میلیارد تومان در ۲۰ روز) | صف فروش در ۵ روز اخیر
کساوه,صنایع‌ کاشی‌ و سرامیک‌ سینا,کاشی و سرامیک,58.3,زیر نظر,90,65,3,70,28870,20260926,-9.4,8.7,60.2,21.6,-0.2,13.2,85.7,54.2,8,1,false,42.5,3.45,above,-12,1.57,26432,29564,-45.57,-15.44,0.54,-47.45,21.13,4425,6.52,7.65,-14.7,27874,26380,29564,32800,0.28,سهم صفی: 8 روز از ۲۰ روز در صف (ریسک نقدشوندگی و اجرای حد ضرر) | 86٪ بالای MA200 | سرانه خرید ضعیف (0.54) | حد ضرر دور (8.6٪) | صف فروش در ۵ روز اخیر
وسپه,سرمایه‌گذاری‌ سپه‌,سرمایه گذاریها,58.3,زیر نظر,100,65,1,60,7150,20260926,-1.2,17.4,46.2,7.6,3.9,24,55,64.9,1,0,false,57.2,3.68,above,-7.7,0.91,6860,7750,-57.47,-137.01,0.4,-85.71,43.46,1251,5.72,7.13,-19.8,6887,6728,7750,8276,1.42,واگرایی منفی RSI | خروج مستمر پول حقیقی | 55٪ بالای MA200 | سرانه خرید ضعیف (0.40) | واگرایی منفی
شرانل,نفت ایرانول,فراورده های نفتی، کک و سوخت هسته ای,58.3,زیر نظر,90,65,16,57,103900,20260926,-8.4,10.8,40.5,1.9,-2.1,12.3,86,51.7,4,0,false,39.5,3.64,above,-13.9,0.64,99320,120700,-38.37,26.17,0.39,-66.04,42.68,13150,7.9,8.12,-2.7,100116,97428,120700,128268,2.6,عرضه حقوقی به حقیقی (-31 میلیارد تومان در ۲۰ روز) | 86٪ بالای MA200 | سرانه خرید ضعیف (0.39)
وسپهر,گروه سرمایه گذاری سپهر صادرات,شرکتهای چند رشته ای صنعتی,58.3,زیر نظر,90,30,36,65,4530,20260926,-5.8,1.6,24.1,-14.5,-5.1,8.5,28.2,48.1,0,0,false,45.2,3.93,above,-12,0.52,4294,4790,-17.63,-9.26,2.17,7.96,18.38,1149,3.94,4.03,-2.2,4352,4205,4790,5150,0.8,واگرایی منفی RSI | واگرایی منفی | حد ضرر دور (7.2٪)
جوین,کشت و صنعت جوین,زراعت و خدمات وابسته,58.2,زیر نظر,100,53,38.5,32,6540,20260926,-1.1,9.9,36.5,-2.1,1.2,16.2,65.4,60.9,2,0,false,40.7,3.71,above,-6.3,0.49,6420,6935,3.06,-34.73,1.24,-2.93,18.97,765,8.55,,,6420,6299,6935,7421,1.64,خروج مستمر پول حقیقی | 65٪ بالای MA200
فروی,ذوب روی اصفهان,فلزات اساسی,58.1,زیر نظر,90,65,53.5,19,2661,20260926,-13,3.5,53.6,15,-1.6,13.4,51.1,51.7,10,3,false,48.9,3.34,above,-15.5,0.64,2625,3150,2.09,48.95,0.49,-8.75,10.96,186,14.31,8.05,77.7,2625,2581,3150,3328,6.08,سهم صفی: 10 روز از ۲۰ روز در صف (ریسک نقدشوندگی و اجرای حد ضرر) | عرضه حقوقی به حقیقی (-46 میلیارد تومان در ۲۰ روز) | 51٪ بالای MA200 | سرانه خرید ضعیف (0.49) | صف فروش در ۵ روز اخیر
کازرو,پتروشیمی کازرون,محصولات شیمیایی,58.1,زیر نظر,100,70,86.5,10,13450,20260926,15.6,45.7,95.2,56.6,21.8,44.8,75,97.7,20,0,true,79.4,2.33,above,-9.4,0.17,9730,13940,0,23.31,3.07,1.15,1.76,,,,,13136,12822,13940,14850,0.78,نقدشوندگی پایین | اشباع خرید | فاصله زیاد از MA20 | بدون EPS مثبت | سهم صفی: 20 روز از ۲۰ روز در صف (ریسک نقدشوندگی و اجرای حد ضرر) | رشد عمودی (95٪ در ۶۰ روز، 45٪ بالای MA50) | عرضه حقوقی به حقیقی (-23 میلیارد تومان در ۲۰ روز) | 75٪ بالای MA200 | نقدشوندگی کمتر از ۱۰ میلیارد تومان
شملی,ملی شیمی کشاورز,محصولات شیمیایی,58,زیر نظر,100,60,27.2,37,10250,20260926,3.7,24.7,110.9,72.3,8.2,39.5,115,73.8,7,0,false,67.8,3.32,above,-2.7,0.55,9320,10530,-12.58,-3.95,1.23,1.92,26.8,1215,8.44,8.01,5.3,9910,9400,10530,11210,0.33,سهم صفی: 7 روز از ۲۰ روز در صف (ریسک نقدشوندگی و اجرای حد ضرر) | رشد عمودی (111٪ در ۶۰ روز، 39٪ بالای MA50) | 115٪ بالای MA200 | حد ضرر دور (8.3٪)
کپشیر,پشم‌شیشه‌ایران‌,سایر محصولات کانی غیرفلزی,58,زیر نظر,100,50,63,9,28650,20260926,1.9,34.4,114.3,75.7,10.2,43.9,144.9,76.9,6,1,false,76.2,3.4,above,-2.7,1.27,14700,29450,19.08,77.68,0.82,-18.95,29.89,1532,18.7,12.75,46.7,27675,26700,29450,31400,0.41,سهم صفی: 6 روز از ۲۰ روز در صف (ریسک نقدشوندگی و اجرای حد ضرر) | رشد عمودی (114٪ در ۶۰ روز، 44٪ بالای MA50) | عرضه حقوقی به حقیقی (-55 میلیارد تومان در ۲۰ روز) | 145٪ بالای MA200 | صف فروش در ۵ روز اخیر
وهامون,سرمایه گذاری هامون صبا,سرمایه گذاریها,58,زیر نظر,70,45,31.9,80,1616,20260926,-3.5,1.9,12.7,-25.9,-1.5,7.7,27.5,52.4,0,0,false,21.7,3.07,above,-8.2,0.56,1540,1669,-1.65,-9.64,1.39,2.74,6.75,427,3.78,8.73,-56.6,1566,1515,1669,1760,0.53,واگرایی منفی RSI | خروج مستمر پول حقیقی | واگرایی منفی | نقدشوندگی کمتر از ۱۰ میلیارد تومان
شسپا,نفت سپاهان,فراورده های نفتی، کک و سوخت هسته ای,57.9,زیر نظر,100,65,2.5,57,20940,20260926,-3.3,11.3,67.1,28.5,1.5,14.7,105.5,57.8,5,0,false,39.7,3.93,above,-10.5,0.82,20420,23390,-2.73,-137.02,0.45,-188.76,110.35,3704,5.65,6.26,-9.7,20420,20008,23390,25037,2.63,خروج مستمر پول حقیقی | 105٪ بالای MA200 | سرانه خرید ضعیف (0.45)
کفپارس,فرآورده‌های‌ نسوز پارس‌,سایر محصولات کانی غیرفلزی,57.9,زیر نظر,90,50,1.5,82,5520,20260926,-13.1,0.2,48.2,9.6,-4.8,10.5,67.9,47.2,4,2,false,47.5,3.77,above,-16.6,0.79,5200,5665,-10.91,-10.48,0.5,-14.41,15.83,722,7.65,12.75,-40,5312,5096,5665,5970,0.34,68٪ بالای MA200 | سرانه خرید ضعیف (0.50) | حد ضرر دور (7.7٪) | صف فروش در ۵ روز اخیر
تایرا,تراکتورسازی‌ایران‌,ماشین آلات و تجهیزات,57.9,زیر نظر,100,53,1,68,3120,20260926,-1,3.6,30.7,-7.9,1.8,12,39,58.4,0,0,false,31.3,3.92,above,-6.3,0.76,3051,3330,-24.36,-51.02,0.6,-21.91,17.99,754,4.14,5.15,-19.7,3051,2990,3330,3575,1.61,واگرایی منفی RSI | خروج مستمر پول حقیقی | سرانه خرید ضعیف (0.60) | واگرایی منفی
بالبر,کابل‌ البرز,ماشین آلات و دستگاه‌های برقی,57.8,زیر نظر,90,55,55.2,24,27710,20260926,2.8,13.2,3.9,-34.7,2,13.4,8.6,58.4,1,0,false,27.9,4.03,above,-34.4,0.77,26640,28660,0.64,18.04,0.95,-4.1,8.27,309,89.68,6.15,1358.2,26640,26081,28660,34550,0.58,P/E بالا (90) | عرضه حقوقی به حقیقی (-18 میلیارد تومان در ۲۰ روز) | نقدشوندگی کمتر از ۱۰ میلیارد تومان
دزهراوی,داروسازی‌زهراوی‌,مواد و محصولات دارویی,57.8,زیر نظر,100,75,1,50,4690,20260926,0,1.5,103.4,64.8,2.7,11.5,108.6,58.6,1,1,false,43.1,3.7,above,-6.4,1.04,4340,5010,-28.84,-66.62,0.69,-18.27,22.16,492,9.53,12.91,-26.2,4517,4257,5010,5357,0.74,خروج مستمر پول حقیقی | رشد عمودی (103٪ در ۶۰ روز، 12٪ بالای MA50) | 109٪ بالای MA200 | سرانه خرید ضعیف (0.69) | حد ضرر دور (9.2٪) | صف فروش در ۵ روز اخیر
فسازان,غلتک سازان سپاهان,فلزات اساسی,57.6,زیر نظر,90,50,0.5,82,12940,20260926,-13.3,9.9,74.4,35.8,-5.2,11.8,128.5,48.8,5,2,false,57.7,3.52,above,-18.9,0.85,11580,15960,-42.55,-102.07,0.46,-46.9,45.23,2578,5.02,13.48,-62.8,12484,11800,15960,16872,2.65,خروج مستمر پول حقیقی | 128٪ بالای MA200 | سرانه خرید ضعیف (0.46) | حد ضرر دور (8.8٪) | صف فروش در ۵ روز اخیر
کرماشا,صنایع پتروشیمی کرمانشاه,محصولات شیمیایی,57.6,زیر نظر,90,45,26.5,60,27940,20260926,-10.7,11.9,13.9,-24.7,-1.7,12.5,59.4,52.2,2,0,false,45.6,3.47,above,-14,0.63,27589,29000,-163.08,284.91,0.4,-204.44,109.59,3386,8.25,9.63,-14.3,27589,27105,29000,32490,1.27,عرضه حقوقی به حقیقی (-315 میلیارد تومان در ۲۰ روز) | 59٪ بالای MA200 | سرانه خرید ضعیف (0.40)
تنوین,تامین سرمایه نوین,فعالیتهای کمکی به نهادهای مالی واسط,57.6,زیر نظر,90,55,0.5,78,2662,20260926,-9.9,-5.2,64.3,25.7,-3.9,14.6,72.4,51.7,2,0,false,38.6,3.76,above,-10.6,0.34,2633,2964,-11.8,-72.94,0.54,-10.61,15.27,605,4.4,5.92,-25.7,2633,2583,2964,3164,3.82,واگرایی منفی RSI | خروج مستمر پول حقیقی | 72٪ بالای MA200 | سرانه خرید ضعیف (0.54) | واگرایی منفی
سیتا,سرمایه گذاری سیمان تامین,سیمان، آهک و گچ,57.6,زیر نظر,90,45,29.3,57,28830,20260926,-8.3,6.5,12.8,-25.8,-0.7,6.5,53.6,50.7,6,0,false,24,3.42,above,-11.7,1.27,26997,29872,-18.35,51.72,0.89,-9.54,32.58,4273,6.75,7.14,-5.5,27844,26504,29872,32640,0.45,سهم صفی: 6 روز از ۲۰ روز در صف (ریسک نقدشوندگی و اجرای حد ضرر) | عرضه حقوقی به حقیقی (-55 میلیارد تومان در ۲۰ روز) | 54٪ بالای MA200 | حد ضرر دور (8.1٪) | شناوری کم (10٪)
شبندر,پالایش نفت بندرعباس,فراورده های نفتی، کک و سوخت هسته ای,57.5,زیر نظر,100,65,1,57,14550,20260926,-6.6,12.4,38.7,0.1,1.6,16.7,95.3,57.9,2,1,false,43.7,3.86,above,-10.8,0.88,13760,16310,-904.8,-1513.32,0.42,-1102.96,596.33,2555,5.69,6.26,-9,13988,13479,16310,17434,1.64,خروج مستمر پول حقیقی | 95٪ بالای MA200 | سرانه خرید ضعیف (0.42) | حد ضرر دور (7.4٪) | صف فروش در ۵ روز اخیر
کپارس,کاشی‌ پارس‌,کاشی و سرامیک,57.5,زیر نظر,90,65,0,70,17510,20260926,-11,15.8,77.4,38.8,-1.3,25.8,100.4,57.5,8,2,false,64.5,3.46,above,-14.6,0.61,16510,20500,-30.43,-56.18,0.33,-45.41,26.94,2681,6.53,7.65,-14.6,16905,16207,20500,21710,2.3,واگرایی منفی RSI | خروج مستمر پول حقیقی | سهم صفی: 8 روز از ۲۰ روز در صف (ریسک نقدشوندگی و اجرای حد ضرر) | 100٪ بالای MA200 | سرانه خرید ضعیف (0.33) | واگرایی منفی | حد ضرر دور (7.4٪) | صف فروش در ۵ روز اخیر
پلوله,گازلوله‌,لاستیک و پلاستیک,57.5,زیر نظر,100,60,82,20,10430,20260926,11,61.7,143.6,105,23.1,54.4,108.4,95.6,19,0,true,72.7,2.35,above,0,1.34,6800,,1.49,9.21,4.92,-1.38,1.98,517,20.17,,,10184,9939,11167,11658,1.5,نقدشوندگی پایین | اشباع خرید | فاصله زیاد از MA20 | سهم صفی: 19 روز از ۲۰ روز در صف (ریسک نقدشوندگی و اجرای حد ضرر) | رشد عمودی (144٪ در ۶۰ روز، 54٪ بالای MA50) | عرضه حقوقی به حقیقی (-9 میلیارد تومان در ۲۰ روز) | 108٪ بالای MA200 | نقدشوندگی کمتر از ۱۰ میلیارد تومان
واتی,سرمایه‌ گذاری‌ آتیه‌ دماوند,سرمایه گذاریها,57.5,زیر نظر,95,53,64.5,9,7420,20260926,9.1,-6,36.4,-2.2,2.9,14.1,48.9,59.7,2,0,false,28,3.19,above,-7,1.13,7080,7660,31.02,19.8,1.8,-9.42,23.31,537,13.82,7.13,93.8,7183,6962,7660,7980,0.52,
شمس,تولید انرژی برق شمس پاسارگاد,عرضه برق، گاز، بخاروآب گرم,57.3,زیر نظر,90,40,62.1,27,11400,20260926,-9.2,-9.1,64.5,25.9,-2.2,1.7,85.2,47.6,1,0,false,32.1,4.27,above,-11.8,0.47,11010,12900,-7.79,21.15,1.57,7.53,16.43,887,12.85,10.04,28,11010,10766,12900,13875,2.37,عرضه حقوقی به حقیقی (-21 میلیارد تومان در ۲۰ روز) | 85٪ بالای MA200
سبهان,سیمان‌ بهبهان‌,سیمان، آهک و گچ,57.3,زیر نظر,70,30,41,80,5690,20260926,-5.6,2.7,-12.3,-50.9,-6.3,1.6,33.7,44.5,4,1,false,22.2,3.94,above,-26.4,0.53,5465,5770,3.05,11.97,0.54,-10.1,12.43,989,5.75,7.14,-19.4,5466,5353,5770,6700,0.24,عرضه حقوقی به حقیقی (-11 میلیارد تومان در ۲۰ روز) | سرانه خرید ضعیف (0.54) | صف فروش در ۵ روز اخیر
بتیس,بیمه زندگی ایساتیس,بیمه وصندوق بازنشستگی به جزتامین اجتماعی,57.3,زیر نظر,90,65,37,32,3470,20260926,-5.4,4.5,79.3,40.7,-1.5,14.9,,54.5,1,0,false,50.1,3.61,above,-9.9,0.64,3170,3510,-1.52,-10.13,1.88,4.45,4.98,385,9.01,,,3345,3157,3510,3825,0.13,خروج مستمر پول حقیقی | حد ضرر دور (9.0٪) | نقدشوندگی کمتر از ۱۰ میلیارد تومان
کپرور,فرآوری زغال سنگ پروده طبس,استخراج زغال سنگ,57.2,زیر نظر,90,43,4.3,82,18590,20260926,-8,-1.2,35.3,-3.3,-4.2,13.7,71.9,51.5,2,0,false,45.1,4.04,above,-11.1,0.46,18140,20550,-5.91,-76.96,0.91,-4.32,22.92,2597,7.16,15.48,-53.8,18140,17765,20550,20910,2.37,واگرایی منفی RSI | خروج مستمر پول حقیقی | 72٪ بالای MA200 | واگرایی منفی
دسینا,داروسازی‌ سینا,مواد و محصولات دارویی,57,زیر نظر,95,53,21.5,50,88000,20260926,2.9,-1.7,30.3,-8.3,1.4,10.7,73.8,56.3,5,1,false,28.8,3.41,above,-8.1,0.7,86130,92620,-1.88,-49.29,2.6,-4.7,11.8,9289,9.47,12.91,-26.6,86130,84632,92620,95740,1.37,خروج مستمر پول حقیقی | 74٪ بالای MA200 | صف فروش در ۵ روز اخیر
فاراک,ماشین‌ سازی‌ اراک‌,ساخت محصولات فلزی,56.9,زیر نظر,90,40,17.5,70,2860,20260926,-10.9,-5,81.4,42.8,-5.9,12.9,90,47,2,0,false,49.7,4.19,above,-14.6,0.51,2724,2892,-3.04,57.13,0.44,-80.12,71.49,423,6.76,7.54,-10.3,2740,2664,2892,3090,0.16,واگرایی منفی RSI | عرضه حقوقی به حقیقی (-57 میلیارد تومان در ۲۰ روز) | 90٪ بالای MA200 | سرانه خرید ضعیف (0.44) | واگرایی منفی
وشهر,بانک شهر,بانکها و موسسات اعتباری,56.8,زیر نظر,83,80,21.5,42,3100,20260926,5.1,5.1,13.9,-24.7,3.1,5.8,24.7,60,0,0,true,17.9,2.97,above,-1.3,0.84,3025,,-11.45,-72.04,1.89,-1.16,10.72,533,5.82,,,3025,2979,3376,3560,2.28,واگرایی منفی RSI | خروج مستمر پول حقیقی | 193٪ بالای کف ۵۲ هفته | واگرایی منفی
فملی,ملی‌ صنایع‌ مس‌ ایران‌,فلزات اساسی,56.6,زیر نظر,100,65,27.5,27,24560,20260926,-6.7,23.1,62.1,23.5,0.5,24.7,117.5,60.1,8,1,false,57.2,3.62,above,-11.9,1.05,16861,27870,-465.87,2362.62,0.37,-2872.75,1283.12,1411,17.41,13.48,29.1,23671,22781,27870,29649,1.86,سهم صفی: 8 روز از ۲۰ روز در صف (ریسک نقدشوندگی و اجرای حد ضرر) | عرضه حقوقی به حقیقی (-2315 میلیارد تومان در ۲۰ روز) | 118٪ بالای MA200 | سرانه خرید ضعیف (0.37) | حد ضرر دور (7.2٪) | صف فروش در ۵ روز اخیر
وتعاون,بیمه تعاون,بیمه وصندوق بازنشستگی به جزتامین اجتماعی,56.6,زیر نظر,100,58,90,10,2800,20260926,15.7,28.3,30.7,-7.9,21.9,31.2,42.5,82.3,4,0,true,37.3,2.78,above,0,0.68,2561,,5.28,6.42,25.56,6.81,2.09,,,18.13,,2722,2645,3033,3189,1.5,نقدشوندگی پایین | اشباع خرید | فاصله زیاد از MA20 | بدون EPS مثبت | رشد عمودی (31٪ در ۶۰ روز، 31٪ بالای MA50) | عرضه حقوقی به حقیقی (-4 میلیارد تومان در ۲۰ روز) | نقدشوندگی کمتر از ۱۰ میلیارد تومان
شپترو,پتروشیمی آبادان,محصولات شیمیایی,56.5,زیر نظر,100,75,35.9,10,2848,20260926,-0.7,53,99.9,61.3,14.1,39.7,101.5,76.2,13,1,true,67.1,3,above,-6.3,2.54,1920,3040,-4.56,1.45,0.98,13.4,11.58,,,,,2763,2677,3040,3211,1.12,بدون EPS مثبت | سهم صفی: 13 روز از ۲۰ روز در صف (ریسک نقدشوندگی و اجرای حد ضرر) | رشد عمودی (100٪ در ۶۰ روز، 40٪ بالای MA50) | عرضه حقوقی به حقیقی (-1 میلیارد تومان در ۲۰ روز) | 101٪ بالای MA200 | صف فروش در ۵ روز اخیر
غفارس,شیر پاستوریزه پگاه فارس,محصولات غذایی و آشامیدنی به جز قند و شکر,56.4,زیر نظر,100,50,56.7,9,28610,20260926,-0.2,42.7,155.4,116.8,11.3,47,173.8,77.5,8,0,false,78.1,3.34,above,-3.2,1.78,17390,29560,-0.8,31.92,1.43,27.9,16.19,1963,14.57,7.05,106.7,27654,26698,29560,31472,0.5,سهم صفی: 8 روز از ۲۰ روز در صف (ریسک نقدشوندگی و اجرای حد ضرر) | رشد عمودی (155٪ در ۶۰ روز، 47٪ بالای MA50) | عرضه حقوقی به حقیقی (-25 میلیارد تومان در ۲۰ روز) | 174٪ بالای MA200
فروسیل,فروسیلیسیم خمین,فلزات اساسی,56.4,زیر نظر,90,65,18.7,47,14190,20260926,-6.9,19.1,62.7,24.1,-2.3,17.7,61.1,54.8,10,2,false,57.6,3.58,above,-13.8,0.55,11520,16460,-10.93,7.42,0.91,-8,10.33,1620,8.76,8.05,8.8,13682,13173,16460,17477,2.23,سهم صفی: 10 روز از ۲۰ روز در صف (ریسک نقدشوندگی و اجرای حد ضرر) | عرضه حقوقی به حقیقی (-7 میلیارد تومان در ۲۰ روز) | 61٪ بالای MA200 | حد ضرر دور (7.2٪) | صف فروش در ۵ روز اخیر
دکیمی,کیمیدارو,مواد و محصولات دارویی,56.4,زیر نظر,100,65,36.6,17,68140,20260926,-0.2,6.8,138,99.4,7.5,30.8,148.2,69,6,0,false,52.4,3.38,above,-2.9,0.42,65345,70170,2.41,-39.06,1.12,-3.15,18.15,4266,15.97,12.91,23.7,65834,64192,70170,74782,0.51,واگرایی منفی RSI | خروج مستمر پول حقیقی | سهم صفی: 6 روز از ۲۰ روز در صف (ریسک نقدشوندگی و اجرای حد ضرر) | رشد عمودی (138٪ در ۶۰ روز، 31٪ بالای MA50) | 148٪ بالای MA200 | واگرایی منفی
غپآذر,شیر پگاه آذربایجان شرقی,محصولات غذایی و آشامیدنی به جز قند و شکر,56.4,زیر نظر,100,50,41.5,24,28520,20260926,4.4,35.2,97.6,59,10.1,38.3,118.7,77.8,3,1,false,60.2,3.74,above,-0.2,1.07,26280,,-27.15,8.29,1.22,12.89,20.71,3220,8.86,7.05,25.6,27453,25853,31720,33853,1.2,رشد عمودی (98٪ در ۶۰ روز، 38٪ بالای MA50) | عرضه حقوقی به حقیقی (-7 میلیارد تومان در ۲۰ روز) | 119٪ بالای MA200 | حد ضرر دور (9.4٪) | صف فروش در ۵ روز اخیر
لوتوس,تامین سرمایه لوتوس پارسیان,فعالیتهای کمکی به نهادهای مالی واسط,56.3,زیر نظر,100,70,2,47,3430,20260926,2.1,16.8,27.5,-11.1,8.3,16.1,56.7,66.6,1,0,true,20.7,3.27,above,-4.2,1.11,3260,,-24.22,-51.86,0.63,-20.99,11.53,594,5.77,5.92,-2.5,3318,3204,3767,3991,1.49,واگرایی منفی RSI | خروج مستمر پول حقیقی | 57٪ بالای MA200 | سرانه خرید ضعیف (0.63) | واگرایی منفی | شناوری کم (4٪)
دماوند,تولید نیروی برق دماوند,عرضه برق، گاز، بخاروآب گرم,56.1,زیر نظر,90,43,32,50,13320,20260926,-1.8,-0.1,37.7,-0.9,-1.3,9.7,45.6,53.5,1,1,false,27.9,3.3,above,-9.1,0.56,12760,13725,-26.31,12.79,1.42,-8.41,19.61,1503,8.86,10.04,-11.7,12881,12540,13725,14650,0.52,واگرایی منفی RSI | عرضه حقوقی به حقیقی (-13 میلیارد تومان در ۲۰ روز) | واگرایی منفی | صف فروش در ۵ روز اخیر
سپیدار,سپیدار سیستم آسیا,رایانه و فعالیت‌های وابسته به آن,56,زیر نظر,100,45,52,16,9870,20260926,1.1,7.3,22.3,-16.3,3.1,12.4,42.9,58.2,1,0,false,32.8,3.4,above,-7,0.51,9397,10610,-4.79,1.16,3.43,9.04,7.67,830,11.89,8.89,33.8,9534,9229,10610,11281,1.15,عرضه حقوقی به حقیقی (-2 میلیارد تومان در ۲۰ روز) | نقدشوندگی کمتر از ۱۰ میلیارد تومان
آبین,کشت و صنعت آبشیرین,زراعت و خدمات وابسته,56,زیر نظر,100,60,36,20,12800,20260926,13.3,66.2,76.8,38.2,25.7,56.1,177.6,95.7,12,0,true,67,2.83,above,0,1.05,8305,,-1.04,-5.53,2.41,9.47,6.79,235,54.47,,,12437,12074,13889,14614,1.5,اشباع خرید | فاصله زیاد از MA20 | سهم صفی: 12 روز از ۲۰ روز در صف (ریسک نقدشوندگی و اجرای حد ضرر) | رشد عمودی (77٪ در ۶۰ روز، 56٪ بالای MA50) | P/E بالا (54) | 178٪ بالای MA200 | نقدشوندگی کمتر از ۱۰ میلیارد تومان | واگرایی مثبت RSI
مفاخر,توسعه فناوری اطلاعات خوارزمی,رایانه و فعالیت‌های وابسته به آن,55.9,زیر نظر,100,75,39.7,4,13990,20260926,-1.7,35.8,109.4,70.8,12.2,29.4,80.4,75.3,7,0,true,62.1,3.51,above,-6,1.48,10870,,-1.17,20.76,1.27,-7.56,14.14,574,24.37,8.89,174.2,13499,13009,15462,16443,1.5,سهم صفی: 7 روز از ۲۰ روز در صف (ریسک نقدشوندگی و اجرای حد ضرر) | رشد عمودی (109٪ در ۶۰ روز، 29٪ بالای MA50) | عرضه حقوقی به حقیقی (-22 میلیارد تومان در ۲۰ روز) | 80٪ بالای MA200 | حد ضرر دور (7.0٪)
کنور,توسعه معدنی و صنعتی صبانور,استخراج کانه های فلزی,55.9,زیر نظر,90,65,1.5,62,5910,20260926,-5.4,13.4,61.7,23.1,-1.5,23.7,83,58.6,2,0,false,49.9,3.67,above,-9.1,0.5,3990,6380,-40.58,-50.03,0.48,-45.16,29.27,738,8.01,13.76,-41.8,5693,5476,6380,6500,1.08,واگرایی منفی RSI | خروج مستمر پول حقیقی | 83٪ بالای MA200 | سرانه خرید ضعیف (0.48) | واگرایی منفی | حد ضرر دور (7.3٪) | شناوری کم (9٪)
سفاسی,شرکت فارسیت اهواز,سایر محصولات کانی غیرفلزی,55.8,زیر نظر,100,75,58.1,25,4840,20260926,0.2,10.8,91.2,52.6,1.3,17,58.2,65,2,0,false,56.4,4.09,above,-6.2,0.83,4690,5160,0,3.31,1.52,1.97,1.96,330,14.67,,,4690,4591,5160,5556,1.29,نقدشوندگی پایین | واگرایی منفی RSI | عرضه حقوقی به حقیقی (-3 میلیارد تومان در ۲۰ روز) | 58٪ بالای MA200 | واگرایی منفی | نقدشوندگی کمتر از ۱۰ میلیارد تومان
بنو,بیمه تجارت نو,بیمه وصندوق بازنشستگی به جزتامین اجتماعی,55.8,زیر نظر,90,20,27,72,1916,20260926,-4.3,-4.9,20.2,-18.4,-5.1,5.3,31.1,47.9,2,1,false,24.6,3.97,above,-12.5,0.36,1837,2074,-0.44,55.8,0.53,-8.5,14.22,239,8.02,18.13,-55.8,1840,1799,2074,2130,1.35,عرضه حقوقی به حقیقی (-54 میلیارد تومان در ۲۰ روز) | سرانه خرید ضعیف (0.53) | صف فروش در ۵ روز اخیر
ملت,بیمه ملت,بیمه وصندوق بازنشستگی به جزتامین اجتماعی,55.6,زیر نظر,100,70,37.5,9,5520,20260926,14.3,54.2,121.2,82.6,26.2,63.6,74.2,97.2,6,0,true,81.9,2.53,above,0,1.02,4126,,-8.27,-25.29,9.34,5.95,5,417,13.24,4.59,188.4,5380,5240,5939,6219,1.5,اشباع خرید | فاصله زیاد از MA20 | خروج مستمر پول حقیقی | سهم صفی: 6 روز از ۲۰ روز در صف (ریسک نقدشوندگی و اجرای حد ضرر) | رشد عمودی (121٪ در ۶۰ روز، 64٪ بالای MA50) | 74٪ بالای MA200 | نقدشوندگی کمتر از ۱۰ میلیارد تومان
کاسپین,داروسازی کاسپین تامین,مواد و محصولات دارویی,55.4,زیر نظر,100,75,4.8,37,36710,20260926,4.1,6,67.7,29.1,5,12.4,109.3,60.7,4,1,false,35.9,3.6,above,-3.5,0.7,33030,38060,-6.56,-22.47,0.95,-10.35,33.19,3831,9.58,8.86,8.2,35389,33408,38060,40702,0.41,واگرایی منفی RSI | 109٪ بالای MA200 | واگرایی منفی | حد ضرر دور (9.0٪) | صف فروش در ۵ روز اخیر
زفارس,کشت وصنعت و دامپروری پگاه فارس,زراعت و خدمات وابسته,55.4,زیر نظر,90,20,40.8,57,22390,20260926,-10.3,-2.3,28.5,-10.1,-6.8,7.9,,45.6,1,1,false,43.4,3.68,above,-17,0.74,19840,24440,-4.8,2.33,1.13,1.14,12.91,2916,7.68,8.07,-4.9,21567,20744,24440,26970,1.25,واگرایی منفی RSI | 154٪ بالای کف ۵۲ هفته | واگرایی منفی | حد ضرر دور (7.4٪) | صف فروش در ۵ روز اخیر
خکاوه,سایپا دیزل,خودرو و ساخت قطعات,55.4,زیر نظر,90,40,46.6,35,880,20260926,-6.6,-0.8,60,21.4,-4.4,7.3,26.9,48.9,0,0,false,32.5,3.85,above,-13.3,0.8,869,891,5.69,-5.47,0.98,2.77,50.1,53,16.6,,,869,852,891,947,0.4,
پیزد,مجتمع صنایع لاستیک یزد,لاستیک و پلاستیک,55.4,زیر نظر,100,50,1.5,60,11670,20260926,-4.8,45,211.4,172.8,9.3,51.4,159.2,75.1,12,0,false,82.1,3,above,-7.5,1.21,5138,12620,-159.37,-175.87,0.6,-144.3,56.38,1599,7.3,9.84,-25.8,11320,10969,12620,13321,1.36,خروج مستمر پول حقیقی | سهم صفی: 12 روز از ۲۰ روز در صف (ریسک نقدشوندگی و اجرای حد ضرر) | رشد عمودی (211٪ در ۶۰ روز، 51٪ بالای MA50) | 159٪ بالای MA200 | سرانه خرید ضعیف (0.60)
اتکاسا,بیمه اتکایی سامان,بیمه وصندوق بازنشستگی به جزتامین اجتماعی,55.4,زیر نظر,100,60,21.5,72,6780,20260926,5.3,42.7,85.3,46.7,15.1,40.9,,82.8,3,0,true,65.2,3.02,above,-2.9,1.13,6650,,-5.05,-13.63,3.28,-4.24,1.95,875,7.75,18.13,-57.3,6650,6548,7393,7802,2.64,نقدشوندگی پایین | اشباع خرید | فاصله زیاد از MA20 | خروج مستمر پول حقیقی | رشد عمودی (85٪ در ۶۰ روز، 41٪ بالای MA50) | 165٪ بالای کف ۵۲ هفته | نقدشوندگی کمتر از ۱۰ میلیارد تومان
ثغرب,شرکت سرمایه گذاری مسکن شمالغرب,انبوه سازی، املاک و مستغلات,55.3,زیر نظر,100,60,69.1,4,17870,20260923,2.8,57.4,285.4,246.8,16.7,60.9,210.6,81,15,1,true,86.2,2.48,above,-5.8,0.9,9480,,8.75,31.83,1.46,-2.79,9.49,415,43.06,23.59,82.5,17427,16984,19198,20084,1.5,اشباع خرید | فاصله زیاد از MA20 | سهم صفی: 15 روز از ۲۰ روز در صف (ریسک نقدشوندگی و اجرای حد ضرر) | رشد عمودی (285٪ در ۶۰ روز، 61٪ بالای MA50) | P/E بالا (43) | عرضه حقوقی به حقیقی (-32 میلیارد تومان در ۲۰ روز) | 211٪ بالای MA200 | نقدشوندگی کمتر از ۱۰ میلیارد تومان | صف فروش در ۵ روز اخیر | آخرین معامله 20260923 (متوقف یا کم‌معامله)
ومپنا,مدیریت نیروگاهی ایرانیان مپنا,عرضه برق، گاز، بخاروآب گرم,55.3,زیر نظر,90,55,22,47,41610,20260926,-0.8,0,62.9,24.3,-1.9,17.6,90.4,55.5,0,0,false,41,3.5,above,-12.1,0.97,39510,42820,-14.75,-82.91,2.45,-2.36,34.1,3838,10.84,10.04,8,40153,38782,42820,47320,0.43,واگرایی منفی RSI | خروج مستمر پول حقیقی | 90٪ بالای MA200 | واگرایی منفی
دسانکو,داروسازی سبحان انکولوژی,مواد و محصولات دارویی,55.2,زیر نظر,85,75,44.9,14,3350,20260926,0.6,2.1,64.1,25.5,-0.4,9.1,63.9,55.1,7,2,false,38.6,3.48,above,-12.3,0.84,3030,3820,11.93,-10.12,0.86,7.09,13.79,97,34.54,8.86,289.8,3233,3059,3820,4053,1.61,سهم صفی: 7 روز از ۲۰ روز در صف (ریسک نقدشوندگی و اجرای حد ضرر) | P/E بالا (35) | 64٪ بالای MA200 | حد ضرر دور (8.7٪) | صف فروش در ۵ روز اخیر
کی بی سی,شرکت کی بی سی,مواد و محصولات دارویی,55.2,زیر نظر,100,65,14.8,34,11380,20260926,-5.5,19.3,96.2,57.6,1.4,27,136.4,62.1,9,2,false,63.4,3.27,above,-13.3,1.05,7600,13120,-66.31,-43.98,1.29,-51.34,34.38,1043,10.91,8.86,23.1,11008,10636,13120,13864,2.34,خروج مستمر پول حقیقی | سهم صفی: 9 روز از ۲۰ روز در صف (ریسک نقدشوندگی و اجرای حد ضرر) | 136٪ بالای MA200 | صف فروش در ۵ روز اخیر
وپسا,گ.س.پتروشیمی ساختمان خلیج فارس,پیمانکاری صنعتی,55.1,زیر نظر,90,50,42.5,30,2581,20260926,-13.4,3.9,44.7,6.1,-5.7,10.5,46.8,48.1,6,4,false,46.6,3.8,above,-17,0.34,2482,2684,0.55,0.29,0.42,-4,5.15,20,129.05,,,2483,2433,2684,3110,0.7,واگرایی منفی RSI | سهم صفی: 6 روز از ۲۰ روز در صف (ریسک نقدشوندگی و اجرای حد ضرر) | P/E بالا (129) | سرانه خرید ضعیف (0.42) | واگرایی منفی | نقدشوندگی کمتر از ۱۰ میلیارد تومان | صف فروش در ۵ روز اخیر
نوری,پتروشیمی نوری,محصولات شیمیایی,55.1,زیر نظر,100,63,40.8,9,48840,20260926,2.2,34.1,32.2,-6.4,15.2,36.6,69.7,74.9,6,1,true,54.1,2.96,above,-5.6,1.99,38485,,-581.69,860.45,0.89,-1573.98,426.8,3744,13.04,9.63,35.5,47393,45946,53181,56076,1.5,واگرایی منفی RSI | فاصله زیاد از MA20 | سهم صفی: 6 روز از ۲۰ روز در صف (ریسک نقدشوندگی و اجرای حد ضرر) | رشد عمودی (32٪ در ۶۰ روز، 37٪ بالای MA50) | عرضه حقوقی به حقیقی (-1487 میلیارد تومان در ۲۰ روز) | 70٪ بالای MA200 | واگرایی منفی | شناوری کم (9٪) | صف فروش در ۵ روز اخیر
ونوین,بانک‌اقتصادنوین‌,بانکها و موسسات اعتباری,55,زیر نظر,100,65,1,47,3860,20260926,-3.5,8.4,39.7,1.1,1.6,12.3,83.3,58.3,2,0,false,39,3.99,above,-8.1,0.72,3585,4200,-159.99,-238.72,0.64,-203.63,232.27,711,5.43,5.4,0.5,3706,3508,4200,4508,0.97,واگرایی منفی RSI | خروج مستمر پول حقیقی | 83٪ بالای MA200 | سرانه خرید ضعیف (0.64) | واگرایی منفی | حد ضرر دور (9.1٪)
قاسم,قاسم ایران,خرده فروشی،باستثنای وسایل نقلیه موتوری,55,زیر نظر,70,20,63,57,2193,20260926,-2.9,-5.3,11.5,-27.1,-4.7,3.3,79.4,48.5,2,1,false,22.7,3.88,above,-11.1,0.67,2132,2219,6.67,-14.17,3.74,6.02,17.34,345,6.36,6.17,3,2132,2089,2219,2458,0.25,79٪ بالای MA200 | صف فروش در ۵ روز اخیر
تکنار,مجتمع معادن مس تکنار,استخراج کانه های فلزی,55,زیر نظر,100,60,82,10,148700,20260926,10.3,67.3,151.3,112.7,25.3,69.5,138.7,97.9,16,0,true,75.9,2.58,above,0,1.95,71227,,0.13,5.91,5.22,-0.56,1.77,,,,,144869,141038,160193,167855,1.5,نقدشوندگی پایین | اشباع خرید | فاصله زیاد از MA20 | بدون EPS مثبت | سهم صفی: 16 روز از ۲۰ روز در صف (ریسک نقدشوندگی و اجرای حد ضرر) | رشد عمودی (151٪ در ۶۰ روز، 69٪ بالای MA50) | عرضه حقوقی به حقیقی (-6 میلیارد تومان در ۲۰ روز) | 139٪ بالای MA200 | نقدشوندگی کمتر از ۱۰ میلیارد تومان
وآرین,گروه توسعه اقتصادی آرین,سرمایه گذاریها,54.8,خنثی,90,65,29.4,30,2722,20260926,-9.9,13.6,57.9,19.3,-1.3,22.7,54.3,56,1,0,false,53.6,3.86,above,-15.5,0.74,2693,3220,-1,-17.86,1.31,2.5,3.67,62,43.9,,,2693,2641,3220,3430,6.14,خروج مستمر پول حقیقی | P/E بالا (44) | 54٪ بالای MA200 | نقدشوندگی کمتر از ۱۰ میلیارد تومان
ساروم,سیمان‌ارومیه‌,سیمان، آهک و گچ,54.8,خنثی,100,45,3.2,60,217300,20260926,-2.6,8,20.8,-17.8,1.7,7.4,60.1,55.1,3,0,false,31,3.78,above,-8.4,0.65,206900,225900,-6.24,-53.84,0.89,-25.39,38.67,34336,6.33,7.14,-11.4,209083,202791,225900,237300,0.59,خروج مستمر پول حقیقی | 60٪ بالای MA200 | واگرایی مثبت RSI
خبنیان,بنیان دیزل,خودرو و ساخت قطعات,54.8,خنثی,80,45,47.1,40,1749,20260926,-3.7,1.2,8.8,-29.8,-3.6,8.9,2.1,50.7,2,1,false,31.2,3.93,above,-28.7,0.8,1690,1816,0.61,1.35,1.03,-1.77,12.51,10,174.9,,,1690,1656,1816,1865,0.72,P/E بالا (175) | صف فروش در ۵ روز اخیر
وپترو,سرمایه‌گذاری صنایع پتروشیمی‌,محصولات شیمیایی,54.8,خنثی,100,65,0,47,79570,20260926,-2.5,22.2,108.3,69.7,0.9,38.7,93.4,64.6,10,0,false,66.4,3.65,above,-10.5,0.85,45767,88910,-130.04,-264,0.78,-117.38,59.02,7753,10.26,9.63,6.6,76664,73759,88910,94721,1.61,خروج مستمر پول حقیقی | سهم صفی: 10 روز از ۲۰ روز در صف (ریسک نقدشوندگی و اجرای حد ضرر) | رشد عمودی (108٪ در ۶۰ روز، 39٪ بالای MA50) | 93٪ بالای MA200 | سرانه خرید ضعیف (0.78) | حد ضرر دور (7.3٪)
سشرق,سیمان‌ شرق‌,سیمان، آهک و گچ,54.5,خنثی,90,45,17,57,23700,20260926,-4.1,7.6,23.4,-15.2,-4.1,10.3,58.2,51.9,1,0,false,30.6,4.13,above,-13.7,0.58,20910,27450,-5.53,4.61,0.66,-32.72,49.35,3056,7.76,7.14,8.6,22722,21254,27450,29407,1.53,58٪ بالای MA200 | سرانه خرید ضعیف (0.66) | حد ضرر دور (10.3٪)
فروژ,صنایع فروآلیاژ ایران,فلزات اساسی,54.5,خنثی,100,70,38,4,2082,20260926,15.7,55.5,117.3,78.7,27.7,59.8,105.7,94.9,11,0,true,73.5,2.58,above,0,0.5,1426,,-8.38,-25.76,9.84,7.63,9.49,46,45.26,8.05,462.2,2028,1975,2243,2350,1.5,اشباع خرید | فاصله زیاد از MA20 | خروج مستمر پول حقیقی | سهم صفی: 11 روز از ۲۰ روز در صف (ریسک نقدشوندگی و اجرای حد ضرر) | رشد عمودی (117٪ در ۶۰ روز، 60٪ بالای MA50) | P/E بالا (45) | 106٪ بالای MA200 | نقدشوندگی کمتر از ۱۰ میلیارد تومان
شصفها,پتروشیمی‌ اصفهان‌,محصولات شیمیایی,54.4,خنثی,90,15,87.5,70,3110,20260916,1.3,11.1,14.9,-23.7,3.9,13.6,3.1,94.7,20,0,false,77.9,0.93,above,-26.1,0.15,2919,3565,0.01,0.42,37.25,0.01,0.24,1217,2.56,,,3081,3052,3565,3687,7.84,نقدشوندگی پایین | اشباع خرید | سهم صفی: 20 روز از ۲۰ روز در صف (ریسک نقدشوندگی و اجرای حد ضرر) | عرضه حقوقی به حقیقی (0 میلیارد تومان در ۲۰ روز) | نقدشوندگی کمتر از ۱۰ میلیارد تومان | آخرین معامله 20260916 (متوقف یا کم‌معامله)
سپید,سپید ماکیان,زراعت و خدمات وابسته,54.3,خنثی,65,40,29.2,78,41930,20260926,-4.8,-8.6,48.3,9.7,-7.7,5.8,124.4,44.7,0,0,false,36.7,4.07,above,-16.5,0.82,34200,42705,10.48,-292.92,0.91,-66.74,148.97,9010,4.65,6.33,-26.5,40225,38521,42705,47230,0.23,واگرایی منفی RSI | خروج مستمر پول حقیقی | 124٪ بالای MA200 | واگرایی منفی | حد ضرر دور (8.1٪)
سمتاز,سیمان ممتازان کرمان,سیمان، آهک و گچ,54.3,خنثی,100,45,27,34,63880,20260926,2.7,13,24,-14.6,3.1,11.6,74.4,57.8,3,0,false,41.7,3.64,above,-8.7,0.97,59740,70000,-0.12,8.24,0.72,-4.6,3.11,8478,7.53,6.69,12.6,61558,58579,70000,74645,1.15,عرضه حقوقی به حقیقی (-10 میلیارد تومان در ۲۰ روز) | 74٪ بالای MA200 | سرانه خرید ضعیف (0.72) | حد ضرر دور (8.3٪) | نقدشوندگی کمتر از ۱۰ میلیارد تومان
فلامی,لامیران‌,ساخت محصولات فلزی,54.3,خنثی,100,75,28,9,10440,20260926,0.7,24.7,63.1,24.5,9.9,21.9,54.8,70.4,7,1,true,33,3.43,above,-3.7,1.14,9100,10840,-0.52,14.09,0.78,-3.16,3.14,586,17.82,7.54,136.3,10081,9723,10840,11557,0.56,سهم صفی: 7 روز از ۲۰ روز در صف (ریسک نقدشوندگی و اجرای حد ضرر) | عرضه حقوقی به حقیقی (-13 میلیارد تومان در ۲۰ روز) | 55٪ بالای MA200 | سرانه خرید ضعیف (0.78) | نقدشوندگی کمتر از ۱۰ میلیارد تومان | صف فروش در ۵ روز اخیر
وامیر,گروه صنعتی و معدنی امیر,استخراج کانه های فلزی,54.3,خنثی,100,50,52,25,10950,20260923,-3.9,41.1,160.4,121.8,9,41.3,139.4,70.6,14,3,false,78.3,2.85,above,-9.1,0.74,6610,12050,22.38,75.14,0.53,-1.81,16.55,598,18.31,,,10638,10325,12050,12675,1.76,سهم صفی: 14 روز از ۲۰ روز در صف (ریسک نقدشوندگی و اجرای حد ضرر) | رشد عمودی (160٪ در ۶۰ روز، 41٪ بالای MA50) | عرضه حقوقی به حقیقی (-75 میلیارد تومان در ۲۰ روز) | 139٪ بالای MA200 | سرانه خرید ضعیف (0.53) | صف فروش در ۵ روز اخیر | آخرین معامله 20260923 (متوقف یا کم‌معامله)
شنفت,نفت‌ پارس‌,فراورده های نفتی، کک و سوخت هسته ای,54.1,خنثی,100,75,2.5,34,16920,20260926,1.9,13.4,64.6,26,4.4,22.8,73.1,63.4,2,0,false,46.7,3.09,above,-5.7,0.84,16050,17950,-5.87,-9.8,0.69,-40.71,34.36,2291,7.39,6.26,18,16397,15789,17950,18996,0.91,واگرایی منفی RSI | 73٪ بالای MA200 | سرانه خرید ضعیف (0.69) | واگرایی منفی | شناوری کم (12٪)
وامید,گروه مدیریت سرمایه گذاری امید,شرکتهای چند رشته ای صنعتی,54.1,خنثی,100,45,0.5,60,5770,20260926,-0.3,1.4,-2.9,-41.5,0.8,7.7,23.6,55.9,0,0,false,28.4,3.06,above,-11.2,0.37,5644,6105,-51.62,-187.31,0.4,-49.83,61.1,638,9.04,10.88,-16.9,5644,5556,6105,6498,1.56,خروج مستمر پول حقیقی | سرانه خرید ضعیف (0.40) | شناوری کم (6٪)
غمارگ,مارگارین,محصولات غذایی و آشامیدنی به جز قند و شکر,54.1,خنثی,90,65,26.5,30,2497,20260926,-14.1,24.7,80.5,41.9,-2.4,26.4,85,54.6,17,5,false,65.4,3.05,above,-16.9,0.1,1860,3004,-0.31,18.43,0.11,-2.89,6.75,120,20.81,,,2421,2345,3004,3156,3.33,سهم صفی: 17 روز از ۲۰ روز در صف (ریسک نقدشوندگی و اجرای حد ضرر) | عرضه حقوقی به حقیقی (-19 میلیارد تومان در ۲۰ روز) | 85٪ بالای MA200 | سرانه خرید ضعیف (0.11) | نقدشوندگی کمتر از ۱۰ میلیارد تومان | صف فروش در ۵ روز اخیر
بسویچ,پارس‌سویچ‌,ماشین آلات و دستگاه‌های برقی,54,خنثی,90,53,21.7,44,5050,20260926,-3.6,12.2,29,-9.6,-2,19,52.6,58.4,3,0,false,50.3,4.02,above,-11.1,0.3,4041,5510,-0.39,0.43,0.97,-0.55,3.22,676,7.47,6.15,21.5,4847,4644,5510,5680,1.13,عرضه حقوقی به حقیقی (0 میلیارد تومان در ۲۰ روز) | 53٪ بالای MA200 | حد ضرر دور (8.0٪) | نقدشوندگی کمتر از ۱۰ میلیارد تومان
فطلوع,طلوع فولاد پارس,فلزات اساسی,54,خنثی,100,50,36.1,20,5880,20260926,-3.9,42.4,106.6,68,10,41.1,,73.9,15,3,false,74.2,2.77,above,-7,1.53,3790,6320,-3.25,32.76,1.12,-29.03,17.35,34,172.94,,,5717,5554,6320,6646,1.35,سهم صفی: 15 روز از ۲۰ روز در صف (ریسک نقدشوندگی و اجرای حد ضرر) | رشد عمودی (107٪ در ۶۰ روز، 41٪ بالای MA50) | P/E بالا (173) | عرضه حقوقی به حقیقی (-20 میلیارد تومان در ۲۰ روز) | 216٪ بالای کف ۵۲ هفته | صف فروش در ۵ روز اخیر
شیفته,کشت و صنعت شیفته آرای شرق,محصولات غذایی و آشامیدنی به جز قند و شکر,53.9,خنثی,85,65,37.5,24,14270,20260926,-0.3,8,48.8,10.2,2.6,13.2,,58.9,3,0,false,45.7,3.5,,-5.5,0.56,14045,15100,-6.78,-51.83,8.39,41.33,22.86,1559,9.15,7.05,29.8,14045,13795,15100,16099,1.75,خروج مستمر پول حقیقی
بمولد,مولد نیروگاهی تجارت فارس,عرضه برق، گاز، بخاروآب گرم,53.9,خنثی,65,50,63.5,34,8800,20260926,0.2,-11,57.7,19.1,-4.4,5.6,51.6,49.7,4,1,false,32.2,3.78,above,-13.6,0.56,7420,8950,7.39,-21.09,111.1,20.2,11.15,778,11.31,10.04,12.7,8467,8134,8950,10125,0.23,خروج مستمر پول حقیقی | 52٪ بالای MA200 | حد ضرر دور (7.6٪) | صف فروش در ۵ روز اخیر
سپاها,سیمان‌سپاهان‌,سیمان، آهک و گچ,53.7,خنثی,70,30,62.8,44,19450,20260926,-2.7,1.1,24.6,-14,-4,3.9,45.4,48.9,1,0,false,23.3,3.83,above,-13.6,0.85,18870,20450,5.42,64.37,1.23,-5.33,28.09,2433,7.99,7.14,12,18870,18498,20450,22500,1.05,واگرایی منفی RSI | عرضه حقوقی به حقیقی (-63 میلیارد تومان در ۲۰ روز) | واگرایی منفی
ولنوین,لیزینگ اقتصاد نوین,سایر واسطه گریهای مالی,53.5,خنثی,90,53,36.5,47,2860,20260922,-8.3,0.5,37.7,-0.9,-3.9,11.6,40.4,50.7,0,0,false,41.7,4.23,above,-11.5,0.53,2793,2980,-5.41,-1.95,3.09,6.67,7.03,294,9.73,9.94,-2.1,2793,2732,2980,3093,0.94,نقدشوندگی کمتر از ۱۰ میلیارد تومان | شناوری کم (14٪) | آخرین معامله 20260922 (متوقف یا کم‌معامله)
دتولید,داروسازی تولید دارو,مواد و محصولات دارویی,53.4,خنثی,100,60,36.5,9,7730,20260926,2.9,26.3,135.3,96.7,5.7,38.4,142.5,70.1,10,1,false,71.3,2.93,above,-7.2,0.5,7080,8330,-9.58,-83.36,7.21,17.3,39.69,475,16.27,8.86,83.7,7504,7164,8330,8783,1.06,خروج مستمر پول حقیقی | سهم صفی: 10 روز از ۲۰ روز در صف (ریسک نقدشوندگی و اجرای حد ضرر) | رشد عمودی (135٪ در ۶۰ روز، 38٪ بالای MA50) | 142٪ بالای MA200 | حد ضرر دور (7.3٪) | صف فروش در ۵ روز اخیر
زنجان,صنایع کشاورزی وکود زنجان,محصولات شیمیایی,53.4,خنثی,100,70,87.5,10,2354,20260922,9.2,35.7,77.4,38.8,16.2,35,70.7,96.8,20,0,true,72.5,2.31,above,-0.5,0.96,1718,,0.48,2.77,8.38,2.35,0.62,,,,,2300,2245,2517,2625,1.5,نقدشوندگی پایین | اشباع خرید | فاصله زیاد از MA20 | بدون EPS مثبت | سهم صفی: 20 روز از ۲۰ روز در صف (ریسک نقدشوندگی و اجرای حد ضرر) | رشد عمودی (77٪ در ۶۰ روز، 35٪ بالای MA50) | عرضه حقوقی به حقیقی (-3 میلیارد تومان در ۲۰ روز) | 71٪ بالای MA200 | نقدشوندگی کمتر از ۱۰ میلیارد تومان | آخرین معامله 20260922 (متوقف یا کم‌معامله)
دپارس,پارس‌ دارو,مواد و محصولات دارویی,53.4,خنثی,65,53,53,40,58120,20260926,-2.3,-2.3,37.5,-1.1,-3.7,6.6,73.8,50.4,2,0,false,25.1,4.04,above,-12.2,1.32,52173,60820,20.25,57.03,0.64,-17.38,24.21,4755,12.22,12.91,-5.3,55770,52246,60820,62640,0.46,واگرایی منفی RSI | عرضه حقوقی به حقیقی (-66 میلیارد تومان در ۲۰ روز) | 74٪ بالای MA200 | سرانه خرید ضعیف (0.64) | واگرایی منفی | حد ضرر دور (10.1٪)
فافق,صنایع مس افق کرمان,فلزات اساسی,53.3,خنثی,90,65,1,52,14340,20260926,-7.2,17.3,72.8,34.2,-0.1,13.3,80.3,54.7,5,1,false,46.9,3.5,above,-13.3,0.62,13860,16540,-6.52,-39.07,0.48,-14.06,10.97,2178,6.58,,,13860,13609,16540,17543,3.01,واگرایی منفی RSI | خروج مستمر پول حقیقی | 80٪ بالای MA200 | سرانه خرید ضعیف (0.48) | واگرایی منفی | صف فروش در ۵ روز اخیر
رنیک,جنرال مکانیک,خدمات فنی و مهندسی,53.2,خنثی,60,20,79,46,12160,20260926,-4.2,-3.3,17.7,-20.9,-3.7,4.9,-4.1,46.9,2,0,false,23.6,3.69,above,-28.4,0.63,12021,12309,12.65,173.56,1.18,7.62,22.87,1608,7.56,2.41,213.8,12021,11796,12309,12590,0.41,عرضه حقوقی به حقیقی (-165 میلیارد تومان در ۲۰ روز)
غبهار,کشت وصنعت بهاران گلبهار خراسان,محصولات غذایی و آشامیدنی به جز قند و شکر,53.1,خنثی,90,65,0.5,52,4450,20260926,-10.3,6,112.2,73.6,-4,16.5,57.8,51.7,6,2,false,60.7,3.92,above,-16.8,0.93,4110,4520,-0.16,-0.86,0.75,-0.44,10.36,798,5.58,,,4276,4023,4520,5350,0.16,واگرایی منفی RSI | سهم صفی: 6 روز از ۲۰ روز در صف (ریسک نقدشوندگی و اجرای حد ضرر) | رشد عمودی (112٪ در ۶۰ روز، 16٪ بالای MA50) | 58٪ بالای MA200 | سرانه خرید ضعیف (0.75) | واگرایی منفی | حد ضرر دور (9.6٪) | صف فروش در ۵ روز اخیر
شوینده,مدیریت صنعت شوینده ت.ص.بهشهر,محصولات شیمیایی,53.1,خنثی,100,65,26.5,14,42250,20260926,-7,5,57.5,18.9,1.1,7.8,58.4,53.4,6,2,false,35.5,3.38,above,-12.9,1.22,41160,44300,-7.16,25.64,0.58,-28.07,10.82,1772,23.84,9.63,147.6,41160,40447,44300,48510,1.14,سهم صفی: 6 روز از ۲۰ روز در صف (ریسک نقدشوندگی و اجرای حد ضرر) | عرضه حقوقی به حقیقی (-27 میلیارد تومان در ۲۰ روز) | 58٪ بالای MA200 | سرانه خرید ضعیف (0.58) | صف فروش در ۵ روز اخیر
سمایه,بانک سرمایه,بانکها و موسسات اعتباری,53,خنثی,100,45,46.1,10,5120,20260926,-0.2,13.3,5.1,-33.5,1,7.8,20.3,56.1,4,0,false,26.1,3.99,above,-8.6,2.28,4910,5400,-0.36,0.49,1.34,6.53,3.33,,,,,4915,4808,5400,5510,0.9,واگرایی منفی RSI | بدون EPS مثبت | عرضه حقوقی به حقیقی (-1 میلیارد تومان در ۲۰ روز) | واگرایی منفی | نقدشوندگی کمتر از ۱۰ میلیارد تومان
زملارد,کشاورزی و دامپروری ملارد شیر,زراعت و خدمات وابسته,52.9,خنثی,85,20,36.5,57,1419,20260926,-4.6,-8.5,28.1,-10.5,-3.5,7.6,50.5,49.7,3,1,false,32.9,4.12,above,-11.5,0.75,1388,1597,-14.68,-18.91,1.76,14.78,21.16,183,7.75,8.07,-3.9,1388,1359,1597,1714,2.95,50٪ بالای MA200 | صف فروش در ۵ روز اخیر
ثتران,سرمایه گذاری مسکن تهران,انبوه سازی، املاک و مستغلات,52.8,خنثی,90,65,41.3,10,7920,20260926,2.6,-1,60.6,22,-3.3,12.6,48.1,53.4,0,0,false,45.4,4.05,above,-9.2,0.86,7490,8130,-0.12,5.79,1.17,4.27,8.99,,,23.59,,7599,7330,8130,8480,0.36,بدون EPS مثبت | عرضه حقوقی به حقیقی (-7 میلیارد تومان در ۲۰ روز) | حد ضرر دور (7.5٪) | نقدشوندگی کمتر از ۱۰ میلیارد تومان
وبهمن,سرمایه‌گذاری‌بهمن‌,سرمایه گذاریها,52.8,خنثی,65,20,27,90,2047,20260926,-9,-1.5,11.5,-27.1,-6.6,4.3,13.1,44.1,3,1,false,26.9,3.8,above,-15.7,0.6,2026,2080,-7.4,93.49,0.46,-33.17,26.14,710,2.88,7.13,-59.6,2026,1987,2080,2166,0.55,عرضه حقوقی به حقیقی (-92 میلیارد تومان در ۲۰ روز) | سرانه خرید ضعیف (0.46) | صف فروش در ۵ روز اخیر
زهلال,کشت و صنعت هلال,زراعت و خدمات وابسته,52.8,خنثی,65,75,36,37,51620,20260926,1.8,5.3,43.3,4.7,0.1,6.6,,54.9,0,0,false,28.6,3.7,,-6.6,0.64,50890,55280,-2.05,-3.58,8.44,23.79,13.25,6307,8.18,8.07,1.4,50890,49934,55280,59104,2.17,
شفارا,پتروشیمی فارابی,محصولات شیمیایی,52.8,خنثی,90,65,16,35,1597,20260926,-8.1,12.5,68.1,29.5,-3.4,12.8,33.5,51.9,4,0,false,45.8,4.23,above,-13.1,0.55,1507,1659,-2.77,2.74,0.67,-11.34,13.05,126,12.67,,,1529,1473,1659,1806,0.5,واگرایی منفی RSI | عرضه حقوقی به حقیقی (-4 میلیارد تومان در ۲۰ روز) | سرانه خرید ضعیف (0.67) | واگرایی منفی | حد ضرر دور (7.7٪)
شبریز,پالایش نفت تبریز,فراورده های نفتی، کک و سوخت هسته ای,52.7,خنثی,90,38,2.5,70,53890,20260926,-12.8,6.3,36.9,-1.7,-5,12.1,76.2,48.6,1,1,false,50,4.01,above,-17.2,0.74,49020,65100,-197.66,-369.85,0.47,-310.28,179.61,9661,5.58,6.26,-10.9,51730,48491,65100,69419,2.08,خروج مستمر پول حقیقی | 76٪ بالای MA200 | سرانه خرید ضعیف (0.47) | حد ضرر دور (10.0٪) | صف فروش در ۵ روز اخیر
زگلدشت,کشت و دام گلدشت نمونه اصفهان,زراعت و خدمات وابسته,52.7,خنثی,85,45,35.8,37,10360,20260926,-0.9,-3.4,25.8,-12.8,-1.3,4.4,67.7,52,0,0,false,25.6,3.95,above,-8.6,1.06,9560,10720,4.55,-28.48,1.15,-0.74,17.21,1225,8.46,8.07,4.8,9951,9355,10720,10910,0.36,خروج مستمر پول حقیقی | 68٪ بالای MA200 | حد ضرر دور (9.7٪)
وآفر,سرمایه گذاری ارزش آفرینان,سرمایه گذاریها,52.7,خنثی,90,55,68.7,30,12410,20260926,6.1,15.3,14.7,-23.9,4.7,16.9,16.4,64.7,3,0,false,44.6,3.44,above,-22.4,1.5,11918,16000,0.99,0.86,1.47,-0.91,2.27,369,33.63,,,11983,11704,16000,16855,5.08,نقدشوندگی پایین | P/E بالا (34) | عرضه حقوقی به حقیقی (-1 میلیارد تومان در ۲۰ روز) | نقدشوندگی کمتر از ۱۰ میلیارد تومان
پدرخش,درخشان‌ تهران‌,لاستیک و پلاستیک,52.6,خنثی,90,45,40.5,26,6140,20260926,-12.5,18.5,13.2,-25.4,-2.6,11.8,53.3,50.3,7,2,false,37.5,3.85,above,-16.9,0.98,5729,7390,5.65,8.89,0.4,-18.39,10.39,534,11.5,8.21,40.1,5903,5611,7390,7863,2.36,سهم صفی: 7 روز از ۲۰ روز در صف (ریسک نقدشوندگی و اجرای حد ضرر) | 53٪ بالای MA200 | سرانه خرید ضعیف (0.40) | حد ضرر دور (8.6٪) | صف فروش در ۵ روز اخیر
غپاک,لبنیات‌ پاک‌,محصولات غذایی و آشامیدنی به جز قند و شکر,52.6,خنثی,90,45,52.5,14,2145,20260926,-9.9,17.4,15.6,-23,-1.6,14,48.8,54.1,8,2,false,41.3,3.99,above,-15.9,0.72,1968,2550,2.9,39.96,0.37,-20.6,14.8,97,22.11,8.53,159.2,2059,1931,2550,2721,1.89,سهم صفی: 8 روز از ۲۰ روز در صف (ریسک نقدشوندگی و اجرای حد ضرر) | عرضه حقوقی به حقیقی (-37 میلیارد تومان در ۲۰ روز) | سرانه خرید ضعیف (0.37) | حد ضرر دور (10.0٪) | صف فروش در ۵ روز اخیر
وبرق,س.کارکنان صنعت برق زنجان وقزوی,سرمایه گذاریها,52.6,خنثی,90,65,15.5,35,60980,20260926,-14.1,8.1,90,51.4,-4.2,25.6,81.1,53.3,7,3,false,72.9,3.46,above,-17.6,0.42,56590,61600,0,7.39,0.48,-10.24,13.87,4946,12.33,,,58872,55710,61600,74000,0.12,واگرایی منفی RSI | سهم صفی: 7 روز از ۲۰ روز در صف (ریسک نقدشوندگی و اجرای حد ضرر) | عرضه حقوقی به حقیقی (-7 میلیارد تومان در ۲۰ روز) | 81٪ بالای MA200 | سرانه خرید ضعیف (0.48) | واگرایی منفی | حد ضرر دور (8.6٪) | صف فروش در ۵ روز اخیر
لکما,کارخانجات‌مخابراتی‌ایران‌,ساخت دستگاه‌ها و وسایل ارتباطی,52.6,خنثی,90,40,60.5,10,1343,20260926,3.5,21.4,21.5,-17.1,9.1,20.8,17.2,86.5,6,0,true,43.9,2.53,above,-16.8,1.17,1291,1455,-0.94,6.97,2.72,8.33,4.2,,,,,1309,1274,1455,1500,1.62,اشباع خرید | بدون EPS مثبت | سهم صفی: 6 روز از ۲۰ روز در صف (ریسک نقدشوندگی و اجرای حد ضرر) | عرضه حقوقی به حقیقی (-8 میلیارد تومان در ۲۰ روز) | نقدشوندگی کمتر از ۱۰ میلیارد تومان
ولصنم,لیزینگ‌صنعت‌ومعدن‌,سایر واسطه گریهای مالی,52.6,خنثی,100,45,7.3,47,3120,20260926,-5.5,7.6,22.3,-16.3,0.7,14.6,16.9,56.5,0,0,false,44.3,3.97,above,-10.6,0.55,2975,3256,-8.97,-46.88,1.07,-4.69,8.98,305,10.23,9.94,2.9,2996,2913,3256,3490,0.66,خروج مستمر پول حقیقی | نقدشوندگی کمتر از ۱۰ میلیارد تومان
انتخاب,گروه انتخاب الکترونیک آرمان,ماشین آلات و تجهیزات,52.5,خنثی,100,65,1,37,2437,20260926,0.3,16.7,89.8,51.2,3.7,30.2,102.3,65.8,4,1,false,64.2,3.26,above,-7.5,0.55,2287,2635,-80.89,-95.76,0.68,-34.78,73.73,271,8.99,9.66,-6.9,2358,2247,2635,2794,1.04,خروج مستمر پول حقیقی | رشد عمودی (90٪ در ۶۰ روز، 30٪ بالای MA50) | 102٪ بالای MA200 | سرانه خرید ضعیف (0.68) | حد ضرر دور (7.8٪) | صف فروش در ۵ روز اخیر
بکاب,صنایع‌جوشکاب‌یزد,ماشین آلات و دستگاه‌های برقی,52.5,خنثی,90,30,52,26,12290,20260926,-13.3,9.8,27,-11.6,-2.5,12.5,39.2,49.9,4,2,false,41.5,3.86,above,-17.1,1.05,12070,12740,1.04,16.72,0.64,-9.93,7.75,1077,11.41,6.15,85.6,12070,11833,12740,13050,0.98,عرضه حقوقی به حقیقی (-17 میلیارد تومان در ۲۰ روز) | سرانه خرید ضعیف (0.64) | نقدشوندگی کمتر از ۱۰ میلیارد تومان | صف فروش در ۵ روز اخیر
بساما,بیمه سامان,بیمه وصندوق بازنشستگی به جزتامین اجتماعی,52.4,خنثی,100,60,31.8,10,15590,20260926,6.9,27.4,46,7.4,17.7,34.4,50.8,86.8,0,0,true,51.5,3.3,above,-0.8,1.05,12900,,-0.55,-10.45,1.39,2.88,4.38,,,18.13,,15076,14562,17132,18160,1.5,اشباع خرید | فاصله زیاد از MA20 | خروج مستمر پول حقیقی | بدون EPS مثبت | رشد عمودی (46٪ در ۶۰ روز، 34٪ بالای MA50) | 51٪ بالای MA200 | نقدشوندگی کمتر از ۱۰ میلیارد تومان
غکورش,صنعت غذایی کورش,محصولات غذایی و آشامیدنی به جز قند و شکر,52.4,خنثی,100,65,0.5,37,25940,20260926,0.3,11.7,75.1,36.5,4,20.7,150.7,64.1,3,0,false,46.8,3.82,above,-7,0.66,24340,27890,-110.19,-563.86,0.71,-115.6,127.79,2993,8.67,8.53,1.6,24949,23844,27890,29873,0.93,واگرایی منفی RSI | خروج مستمر پول حقیقی | 151٪ بالای MA200 | سرانه خرید ضعیف (0.71) | واگرایی منفی | حد ضرر دور (8.1٪) | شناوری کم (14٪)
بهپاک,صنعتی بهپاک,محصولات غذایی و آشامیدنی به جز قند و شکر,52.4,خنثی,50,20,43.5,90,15180,20260926,-7.4,-2.8,6.2,-32.4,-8.5,-1,67.6,40.6,2,1,false,20.4,4.04,above,-17.3,0.74,14925,15450,7.38,12.76,0.52,-40.85,34.06,3539,4.29,7.05,-39.2,14925,14619,15450,15700,0.48,عرضه حقوقی به حقیقی (-13 میلیارد تومان در ۲۰ روز) | 68٪ بالای MA200 | سرانه خرید ضعیف (0.52) | صف فروش در ۵ روز اخیر
کولان,کولان سل,محصولات کاغذی,52.4,خنثی,75,30,35.5,60,29390,20260926,-6.8,3.5,2.2,-36.4,-1,3.8,,49.7,2,0,false,23.6,3.47,,-10.3,0.85,28615,30072,-10.88,-13.33,4.55,32.11,14.44,3233,9.09,10.19,-10.8,28615,28106,30072,32750,0.53,
اپال,فرآوری معدنی اپال کانی پارس,استخراج کانه های فلزی,52.4,خنثی,70,40,21.5,72,13640,20260926,-6.4,-1.6,40.2,1.6,-8.4,8.8,37.1,45.7,0,0,false,38.6,3.92,above,-17.8,0.39,11585,14170,-5.41,-33.61,1.83,-1.11,9.85,1442,9.46,13.76,-31.3,13106,12571,14170,16600,0.5,خروج مستمر پول حقیقی | حد ضرر دور (7.8٪) | نقدشوندگی کمتر از ۱۰ میلیارد تومان | شناوری کم (9٪)
خعمرا,توسعه و عمران شهرستان نائین,خودرو و ساخت قطعات,52.3,خنثی,100,58,57.8,25,7300,20260926,11.4,27,34.9,-3.7,14.9,34.8,44.4,85.6,5,0,true,38,3.28,above,-3.1,1.61,6321,,0,0.06,1.49,2.75,1.25,458,15.94,,,7060,6820,8019,8499,1.5,نقدشوندگی پایین | اشباع خرید | رشد عمودی (35٪ در ۶۰ روز، 35٪ بالای MA50) | عرضه حقوقی به حقیقی (0 میلیارد تومان در ۲۰ روز) | نقدشوندگی کمتر از ۱۰ میلیارد تومان
کماسه,تامین‌ ماسه‌ ریخته‌گری‌,استخراج سایر معادن,52.3,خنثی,100,65,2,35,5320,20260926,-10.9,24.9,102.2,63.6,2,36.2,91.4,63.5,8,1,false,74.5,3.37,above,-12.6,0.92,4269,6090,-57.31,-8.16,0.63,-47.85,38.27,209,25.45,26.17,-2.7,5141,4962,6090,6448,2.15,سهم صفی: 8 روز از ۲۰ روز در صف (ریسک نقدشوندگی و اجرای حد ضرر) | رشد عمودی (102٪ در ۶۰ روز، 36٪ بالای MA50) | 91٪ بالای MA200 | سرانه خرید ضعیف (0.63) | صف فروش در ۵ روز اخیر
نیشکر,توسعه نیشکر و  صنایع جانبی,قند و شکر,52.3,خنثی,70,20,62,47,59570,20260926,-8.3,-1.7,9.3,-29.3,-7.2,0.7,11.5,40.8,3,0,false,32.7,4.06,above,-15.5,0.38,58557,61094,-3.45,26.77,1.99,5.32,11.5,6371,9.35,9.57,-2.3,58557,57349,61094,62753,0.69,عرضه حقوقی به حقیقی (-27 میلیارد تومان در ۲۰ روز) | واگرایی مثبت RSI
سمازن,سیمان‌مازندران‌,سیمان، آهک و گچ,52.1,خنثی,90,20,27.6,57,79550,20260926,-6.6,-1.4,26.4,-12.2,-6.3,4.4,61,44.2,0,0,false,34.1,4.31,above,-14.9,0.91,73560,84265,2.94,-38.36,0.82,-6.29,19.49,11804,6.74,7.14,-5.6,76125,71847,84265,93470,0.61,خروج مستمر پول حقیقی | 61٪ بالای MA200 | حد ضرر دور (9.7٪)
چدن,تولیدی چدن سازان,ساخت محصولات فلزی,52.1,خنثی,100,50,1.5,47,4210,20260926,-5,29.2,85.9,47.3,7.4,31.5,124.1,70.3,4,0,false,61.7,3.34,above,-7.1,0.86,3172,4530,-74.57,-202.1,0.64,-38.82,41.05,544,7.74,7.54,2.6,4069,3929,4530,4811,1.14,خروج مستمر پول حقیقی | رشد عمودی (86٪ در ۶۰ روز، 31٪ بالای MA50) | 124٪ بالای MA200 | سرانه خرید ضعیف (0.64)
کچاد,معدنی‌وصنعتی‌چادرملو,استخراج کانه های فلزی,52,خنثی,90,30,16,60,2762,20260926,-8.5,2.6,19.5,-19.1,-4.9,7.7,25.1,47,2,1,false,36.4,4.03,above,-14.5,0.59,2692,2840,-80.81,159.36,0.5,-194.14,176.21,277,9.97,13.76,-27.5,2692,2636,2840,3230,0.62,عرضه حقوقی به حقیقی (-175 میلیارد تومان در ۲۰ روز) | سرانه خرید ضعیف (0.50) | صف فروش در ۵ روز اخیر
پارسان,گسترش نفت و گاز پارسیان,محصولات شیمیایی,52,خنثی,90,45,17,47,33340,20260926,-8.8,8.1,15.2,-23.4,-3.3,12.4,39.9,51.1,0,0,false,36.3,3.82,above,-11.9,0.75,31720,37860,-94.51,8.29,0.41,-161.91,156.55,3483,9.57,9.63,-0.6,32068,31084,37860,40404,2,عرضه حقوقی به حقیقی (-34 میلیارد تومان در ۲۰ روز) | سرانه خرید ضعیف (0.41)
سدور,سیمان‌ دورود,سیمان، آهک و گچ,52,خنثی,100,65,26,10,32270,20260926,-12.4,27.3,73.8,35.2,0.2,29,82.7,58.7,8,1,false,65.5,3.75,above,-13.3,0.99,25890,37220,-12.76,33.44,0.31,-46.01,14.33,,,7.14,,31060,29850,37220,39640,2.05,بدون EPS مثبت | سهم صفی: 8 روز از ۲۰ روز در صف (ریسک نقدشوندگی و اجرای حد ضرر) | عرضه حقوقی به حقیقی (-40 میلیارد تومان در ۲۰ روز) | 83٪ بالای MA200 | سرانه خرید ضعیف (0.31) | حد ضرر دور (7.5٪) | صف فروش در ۵ روز اخیر
سقاین,سیمان‌ قائن‌,سیمان، آهک و گچ,52,خنثی,100,65,2,34,31760,20260926,-4.5,24.8,94.4,55.8,2.7,25.5,138,62,5,1,false,52.7,3.37,above,-12,0.96,25695,36090,-27.41,-31.93,0.64,-30.52,18.39,3814,8.33,7.14,16.6,30689,29618,36090,38232,2.02,خروج مستمر پول حقیقی | 138٪ بالای MA200 | سرانه خرید ضعیف (0.64) | شناوری کم (12٪) | صف فروش در ۵ روز اخیر
هرمز,فولاد هرمزگان جنوب,فلزات اساسی,51.9,خنثی,100,65,1.5,34,4180,20260926,-9.7,27.1,49.4,10.8,1,15.5,93.1,56,10,0,false,50.2,3.51,above,-12.7,0.76,3700,,-85.74,-122.91,0.51,-91.28,56.15,435,9.61,8.05,19.4,4033,3886,4621,4915,1.5,واگرایی منفی RSI | خروج مستمر پول حقیقی | سهم صفی: 10 روز از ۲۰ روز در صف (ریسک نقدشوندگی و اجرای حد ضرر) | 93٪ بالای MA200 | سرانه خرید ضعیف (0.51) | واگرایی منفی | حد ضرر دور (7.0٪)
وتوکا,سرمایه‌گذاری‌توکافولاد(هلدینگ,فلزات اساسی,51.9,خنثی,70,40,1.5,90,3380,20260926,-11.7,-0.4,47.6,9,-6.5,15.9,38.2,48.8,3,1,false,47.4,3.81,above,-15.7,0.34,3290,3520,-20.15,-4.72,0.51,-27.53,57.17,724,4.67,13.48,-65.4,3290,3226,3520,3590,0.91,واگرایی منفی RSI | سرانه خرید ضعیف (0.51) | واگرایی منفی | صف فروش در ۵ روز اخیر
شگل,گلتاش‌,محصولات شیمیایی,51.9,خنثی,90,65,0.5,47,3059,20260926,-6.7,7.4,90.8,52.2,-0.3,15.7,77.9,55.1,6,1,false,39.8,3.56,above,-12.8,0.8,2934,3510,-21.04,-10.03,0.4,-26.16,12.87,339,9.02,9.63,-6.3,2950,2880,3510,3728,2.51,سهم صفی: 6 روز از ۲۰ روز در صف (ریسک نقدشوندگی و اجرای حد ضرر) | 78٪ بالای MA200 | سرانه خرید ضعیف (0.40) | صف فروش در ۵ روز اخیر
ثشرق,سرمایه گذاری مسکن شمال شرق,انبوه سازی، املاک و مستغلات,51.9,خنثی,35,80,77.5,24,4960,20260926,15.5,2.2,-37.4,-76,13.6,-3.7,-55.5,57.7,8,0,true,34.4,3.33,below,-71.2,0.21,3853,5613,0.9,0.61,5.4,8.42,10.61,238,20.84,6.61,215.3,4795,4629,5613,6306,1.98,سهم صفی: 8 روز از ۲۰ روز در صف (ریسک نقدشوندگی و اجرای حد ضرر)
آلومینا,آلومینای ایران,فلزات اساسی,51.9,خنثی,90,53,17,40,219100,20260926,-3.6,3.8,34.3,-4.3,-3.8,18.2,60.2,53.8,0,0,false,49.5,3.9,above,-14.4,0.67,182300,256100,-31.34,-200.79,1.42,-4.34,36.79,16822,13.02,13.48,-3.4,210565,202030,256100,273170,2.17,خروج مستمر پول حقیقی | 60٪ بالای MA200 | حد ضرر دور (7.8٪) | شناوری کم (6٪)
خپارس,پارس خودرو,خودرو و ساخت قطعات,51.8,خنثی,100,75,17,10,2052,20260926,-2.1,39.8,101,62.4,10.9,43.1,111.8,74.1,12,2,true,62.6,3.14,above,-9.4,2,1216,,-36.68,-48.64,0.79,13.04,71.72,,,,,1988,1923,2245,2374,1.5,بدون EPS مثبت | سهم صفی: 12 روز از ۲۰ روز در صف (ریسک نقدشوندگی و اجرای حد ضرر) | رشد عمودی (101٪ در ۶۰ روز، 43٪ بالای MA50) | 112٪ بالای MA200 | سرانه خرید ضعیف (0.79) | صف فروش در ۵ روز اخیر
تجلی,تجلی توسعه معادن و فلزات,استخراج کانه های فلزی,51.8,خنثی,100,70,27,4,2012,20260926,-7.2,13.6,10.4,-28.2,4.5,14.3,30.3,59.1,1,0,true,39.7,3.46,above,-8.3,0.66,1933,2194,-16.28,36.2,0.66,-15.24,16.64,37,54.38,14.44,276.6,1942,1898,2194,2333,1.6,P/E بالا (54) | عرضه حقوقی به حقیقی (-43 میلیارد تومان در ۲۰ روز) | سرانه خرید ضعیف (0.66)
سغدیر,توسعه سرمایه و صنعت غدیر,سیمان، آهک و گچ,51.6,خنثی,90,45,28.5,34,22390,20260926,-4,2.7,25.8,-12.8,-3.7,9,48.3,51,3,0,false,37.6,3.95,above,-16.2,0.6,21280,23570,7.51,-53.57,0.86,-2.83,16.36,2624,8.53,6.69,27.5,21506,20838,23570,26720,0.76,خروج مستمر پول حقیقی
غانیزان,فرآورده های دامی ولبنی دالاهو,محصولات غذایی و آشامیدنی به جز قند و شکر,51.6,خنثی,70,45,52.5,34,8630,20260926,-6.4,10.8,7.5,-31.1,-2.4,11.5,42.6,52.6,5,0,false,27.9,4.18,above,-11.6,0.78,8065,8740,-1.77,8.29,1.71,11.48,11.57,797,10.83,8.53,26.9,8269,7884,8740,9760,0.15,عرضه حقوقی به حقیقی (-6 میلیارد تومان در ۲۰ روز) | حد ضرر دور (8.6٪)
وساخت,سرمایه‌ گذاری‌ ساختمان‌ایران‌,انبوه سازی، املاک و مستغلات,51.6,خنثی,90,65,27.5,19,1970,20260926,-11.1,6.5,43,4.4,-2.9,10.2,54.7,50.3,7,0,false,32,3.8,above,-15.2,0.89,1845,1993,-6.07,43.89,0.82,-2.3,24.15,144,13.68,6.61,107,1895,1808,1993,2324,0.14,سهم صفی: 7 روز از ۲۰ روز در صف (ریسک نقدشوندگی و اجرای حد ضرر) | عرضه حقوقی به حقیقی (-47 میلیارد تومان در ۲۰ روز) | 55٪ بالای MA200 | حد ضرر دور (8.2٪)
کگهر,معدنی و صنعتی گهرزمین,استخراج کانه های فلزی,51.6,خنثی,70,28,28,72,7180,20260926,-9.6,-1.9,34.7,-3.9,-7.1,8.1,39.7,45.4,3,0,false,39.9,3.65,above,-15.9,0.81,6980,7870,-24.6,88.16,0.6,-65.22,57.5,870,8.25,14.44,-42.8,6980,6849,7870,8540,2.09,واگرایی منفی RSI | عرضه حقوقی به حقیقی (-76 میلیارد تومان در ۲۰ روز) | سرانه خرید ضعیف (0.60) | واگرایی منفی
فنوال,نورد آلومینیوم‌,فلزات اساسی,51.6,خنثی,85,28,0,82,12220,20260926,-4.3,-5.7,38.2,-0.4,-5,2.7,67,46.3,3,1,false,37,3.95,above,-13.8,0.96,10390,13330,-13.31,-33.47,0.42,-19.09,8.19,1597,7.65,13.48,-43.2,11738,11255,13330,13560,1.15,واگرایی منفی RSI | خروج مستمر پول حقیقی | 67٪ بالای MA200 | سرانه خرید ضعیف (0.42) | واگرایی منفی | حد ضرر دور (7.9٪) | نقدشوندگی کمتر از ۱۰ میلیارد تومان | صف فروش در ۵ روز اخیر
ما,بیمه  ما,بیمه وصندوق بازنشستگی به جزتامین اجتماعی,51.6,خنثی,90,53,1,55,3740,20260926,-4.3,4.5,37.9,-0.7,-1.2,14.9,52.2,54.5,4,0,false,47.9,3.66,above,-9.4,0.28,3420,4130,-4.88,-4.64,0.53,-4.51,5.37,755,4.95,4.59,7.9,3603,3398,4130,4404,1.14,واگرایی منفی RSI | 52٪ بالای MA200 | سرانه خرید ضعیف (0.53) | واگرایی منفی | حد ضرر دور (9.2٪) | نقدشوندگی کمتر از ۱۰ میلیارد تومان
سفارود,کارخانه فارسیت درود,سایر محصولات کانی غیرفلزی,51.5,خنثی,100,70,60,10,12810,20260926,10.2,41.2,79.7,41.1,19.1,49.5,88.1,97.3,13,0,true,86.7,1.73,above,0,0.44,7360,,0,30.88,5.77,2.36,2.52,,,,,12589,12368,13474,13916,1.5,نقدشوندگی پایین | اشباع خرید | فاصله زیاد از MA20 | بدون EPS مثبت | سهم صفی: 13 روز از ۲۰ روز در صف (ریسک نقدشوندگی و اجرای حد ضرر) | رشد عمودی (80٪ در ۶۰ روز، 49٪ بالای MA50) | عرضه حقوقی به حقیقی (-31 میلیارد تومان در ۲۰ روز) | 88٪ بالای MA200 | نقدشوندگی کمتر از ۱۰ میلیارد تومان
تملت,تامین سرمایه بانک ملت,فعالیتهای کمکی به نهادهای مالی واسط,51.5,خنثی,100,53,35.5,68,2160,20260923,-1.3,4.7,31,-7.6,0.5,14.1,49.6,63.9,0,0,false,43.7,3.08,above,-3.7,0.69,2019,2198,-3.74,-10.47,2.17,0.73,1.98,517,4.18,5.92,-29.4,2093,1993,2198,2331,0.23,نقدشوندگی پایین | خروج مستمر پول حقیقی | حد ضرر دور (7.7٪) | نقدشوندگی کمتر از ۱۰ میلیارد تومان | شناوری کم (4٪) | آخرین معامله 20260923 (متوقف یا کم‌معامله)
غبشهر,صنعتی‌ بهشهر,محصولات غذایی و آشامیدنی به جز قند و شکر,51.4,خنثی,100,60,0.5,37,18570,20260926,9,28.4,276.4,237.8,7.5,43.6,232,74.9,9,0,false,78.7,3.1,above,-5,0.9,16520,19540,-42.14,-60.76,0.54,-124.71,73.61,2019,9.2,8.53,7.8,17994,17418,19540,20692,0.84,سهم صفی: 9 روز از ۲۰ روز در صف (ریسک نقدشوندگی و اجرای حد ضرر) | رشد عمودی (276٪ در ۶۰ روز، 44٪ بالای MA50) | 232٪ بالای MA200 | سرانه خرید ضعیف (0.54)
شفا,سرمایه گذاری شفادارو,مواد و محصولات دارویی,51.4,خنثی,100,75,21.5,4,60790,20260926,2.7,10.5,154.5,115.9,1.2,28.5,181.8,63.9,8,0,false,61.8,3.22,above,-9.2,0.71,36200,66970,-27.5,-114.97,1.61,-27.49,44.59,2066,29.42,12.91,127.9,58831,56871,66970,70889,1.58,خروج مستمر پول حقیقی | سهم صفی: 8 روز از ۲۰ روز در صف (ریسک نقدشوندگی و اجرای حد ضرر) | رشد عمودی (154٪ در ۶۰ روز، 29٪ بالای MA50) | 182٪ بالای MA200 | شناوری کم (9٪)
حآسا,آسیا سیر ارس,حمل ونقل، انبارداری و ارتباطات,51.4,خنثی,90,53,41,14,4490,20260926,-3.4,7.9,33.1,-5.5,-2.9,8.7,33.2,52.8,4,1,false,29.9,3.68,above,-10.6,0.77,4011,5020,2.05,1.88,0.77,-1.67,5.4,152,29.54,7.68,284.6,4325,4076,5020,5351,1.28,سرانه خرید ضعیف (0.77) | حد ضرر دور (9.2٪) | نقدشوندگی کمتر از ۱۰ میلیارد تومان | صف فروش در ۵ روز اخیر
پشاهن,تولیدی پلاستیک‌ شاهین,لاستیک و پلاستیک,51.3,خنثی,100,70,44.2,25,117600,20260926,11.3,34.6,85.8,47.2,16.4,33.7,58.5,92,20,0,true,58.9,2.51,above,0,1.27,91457,,0,0,1.57,0.31,0.12,7250,16.22,,,114648,111696,126456,132361,1.5,نقدشوندگی پایین | واگرایی منفی RSI | اشباع خرید | فاصله زیاد از MA20 | سهم صفی: 20 روز از ۲۰ روز در صف (ریسک نقدشوندگی و اجرای حد ضرر) | رشد عمودی (86٪ در ۶۰ روز، 34٪ بالای MA50) | 58٪ بالای MA200 | واگرایی منفی | نقدشوندگی کمتر از ۱۰ میلیارد تومان
زکوثر,سرمایه گذاری کشاورزی کوثر,زراعت و خدمات وابسته,51.1,خنثی,95,75,21.5,9,84950,20260926,6.3,5.3,137.5,98.9,1.4,18.4,97.5,62.4,2,0,false,42.9,3.59,above,-6.2,0.34,83360,90600,-11.39,-144.83,9.02,-3.45,26.66,6364,13.35,6.33,110.9,83360,81836,90600,96696,1.81,واگرایی منفی RSI | خروج مستمر پول حقیقی | رشد عمودی (137٪ در ۶۰ روز، 18٪ بالای MA50) | 98٪ بالای MA200 | واگرایی منفی
سبجنو,سیمان‌ بجنورد,سیمان، آهک و گچ,51.1,خنثی,70,55,6.5,70,50160,20260926,0.4,6.1,7.5,-31.1,-2,4.3,44,51.3,1,0,false,20.8,3.54,above,-11,0.61,47787,51170,-0.6,-33.33,0.96,-7.01,7.91,8801,5.7,7.14,-20.2,48385,46899,51170,52160,0.31,واگرایی منفی RSI | خروج مستمر پول حقیقی | واگرایی منفی | نقدشوندگی کمتر از ۱۰ میلیارد تومان | شناوری کم (11٪)
قنیشا,قند  نیشابور,قند و شکر,51.1,خنثی,100,65,28.4,4,3330,20260926,-0.9,11.7,39.6,1,1.7,17.4,42.4,58.6,0,0,false,53.1,3.54,above,-7.8,0.81,3260,3610,-0.36,-4.2,1.3,4.37,5.35,119,27.98,9.8,185.5,3260,3201,3610,3846,2.17,واگرایی منفی RSI | واگرایی منفی | نقدشوندگی کمتر از ۱۰ میلیارد تومان
فولای,صنایع فولاد آلیاژی یزد,فلزات اساسی,51.1,خنثی,90,53,34.9,19,4780,20260926,-2.2,19.5,33.6,-5,4.1,27.6,25.8,66.4,0,0,false,65.8,3.51,above,-11.2,0.61,4699,4988,-11.17,-44.47,1.53,15.62,25.89,393,12.16,8.05,51.1,4699,4615,4988,5216,1.26,خروج مستمر پول حقیقی
کرازی,کارخانجات‌تولیدی‌شیشه‌رازی‌,سایر محصولات کانی غیرفلزی,51,خنثی,70,40,6.1,82,1739,20260926,-4.6,-0.3,39.1,0.5,-4.8,9.4,55.8,49.3,3,1,false,33.9,4.09,above,-14.4,0.7,1706,1839,-2.81,-7.41,1.02,-12.4,21.15,221,7.87,12.75,-38.3,1706,1670,1839,2032,1.46,56٪ بالای MA200 | صف فروش در ۵ روز اخیر
وپست,پست بانک ایران,بانکها و موسسات اعتباری,51,خنثی,90,20,2,78,9650,20260926,-8.4,-1.3,20.7,-17.9,-4.3,4.2,58.1,46.6,0,0,false,29.7,4.17,above,-13.2,0.68,9450,9870,-37.35,-134.44,0.54,-57.95,45.54,2033,4.75,5.4,-12.1,9450,9249,9870,10060,0.55,خروج مستمر پول حقیقی | 58٪ بالای MA200 | سرانه خرید ضعیف (0.54)
خمهر,مهرکام‌پارس‌,خودرو و ساخت قطعات,51,خنثی,100,65,2,30,3550,20260926,-10.8,16.5,52.3,13.7,0.6,21.1,59,57.9,1,1,false,62.7,3.9,above,-13,0.8,2596,4080,-20.2,-10.35,0.58,-27.38,19.29,105,33.81,,,3411,3273,4080,4357,1.91,P/E بالا (34) | 59٪ بالای MA200 | سرانه خرید ضعیف (0.58) | حد ضرر دور (7.8٪) | صف فروش در ۵ روز اخیر
بیوتیک,آنتی بیوتیک سازی ایران,مواد و محصولات دارویی,50.9,خنثی,90,50,41.5,14,31410,20260926,-9.4,1.2,109.2,70.6,-8.2,17.5,90.4,48.3,6,1,false,61.6,3.85,above,-18.7,1.05,16181,35970,10.62,9.56,0.62,-32.84,26.29,1448,21.69,8.86,144.8,30200,28990,35970,38640,1.88,سهم صفی: 6 روز از ۲۰ روز در صف (ریسک نقدشوندگی و اجرای حد ضرر) | رشد عمودی (109٪ در ۶۰ روز، 18٪ بالای MA50) | 90٪ بالای MA200 | سرانه خرید ضعیف (0.62) | حد ضرر دور (7.7٪) | صف فروش در ۵ روز اخیر
شسینا,صنایع‌شیمیایی‌سینا,محصولات شیمیایی,50.9,خنثی,90,30,1.5,70,3960,20260926,-11.8,4.5,24.6,-14,-4.5,9.5,45.3,48.1,1,1,false,44,3.56,above,-16.6,0.9,3700,4030,-7.97,-6.75,0.55,-11.25,6.61,523,7.57,9.63,-21.4,3819,3629,4030,4750,0.21,خروج مستمر پول حقیقی | سرانه خرید ضعیف (0.55) | حد ضرر دور (8.3٪) | نقدشوندگی کمتر از ۱۰ میلیارد تومان | صف فروش در ۵ روز اخیر
کرومیت,توسعه معادن کرومیت کاوندگان,استخراج کانه های فلزی,50.9,خنثی,100,53,27,14,5300,20260926,-9.9,25,37,-1.6,4.2,22.6,31.9,60.6,9,0,false,56.3,3.37,above,-10.9,1.23,5029,5950,-2.19,38.67,0.69,-19.83,23.18,198,26.77,14.44,85.4,5121,4940,5950,6307,1.8,سهم صفی: 9 روز از ۲۰ روز در صف (ریسک نقدشوندگی و اجرای حد ضرر) | عرضه حقوقی به حقیقی (-41 میلیارد تومان در ۲۰ روز) | سرانه خرید ضعیف (0.69)
شپلی,پلی اکریل ایران,محصولات شیمیایی,50.8,خنثی,100,65,1,30,6600,20260926,-8.3,30.4,98.4,59.8,2.8,13.4,139.3,58.4,9,4,false,45.3,3.15,above,-10.8,0.71,6170,7400,-17.97,-1.87,0.59,-6.99,33.32,237,27.85,,,6392,6081,7400,7815,1.54,سهم صفی: 9 روز از ۲۰ روز در صف (ریسک نقدشوندگی و اجرای حد ضرر) | 139٪ بالای MA200 | سرانه خرید ضعیف (0.59) | حد ضرر دور (7.9٪) | صف فروش در ۵ روز اخیر
غپینو,پارس‌ مینو,محصولات غذایی و آشامیدنی به جز قند و شکر,50.8,خنثی,90,30,1,70,1932,20260926,-11,0.3,25.5,-13.1,-2.3,5.6,77.7,49.4,3,1,false,43,4.16,above,-13.7,0.67,1861,1983,-14.26,-74.7,0.52,-38.16,45.81,275,7.03,8.53,-17.6,1861,1821,1983,2239,0.46,خروج مستمر پول حقیقی | 78٪ بالای MA200 | سرانه خرید ضعیف (0.52) | صف فروش در ۵ روز اخیر
پتایر,ایران‌ تایر,لاستیک و پلاستیک,50.8,خنثی,70,40,17,70,2616,20260926,-8,-8.8,41.4,2.8,-6.8,11,44.2,47,3,1,false,39.4,4.45,above,-13.2,0.76,2232,2954,-10.89,2.93,0.45,-49.01,27.96,392,6.67,8.21,-18.7,2500,2383,2954,3015,1.45,واگرایی منفی RSI | عرضه حقوقی به حقیقی (-8 میلیارد تومان در ۲۰ روز) | سرانه خرید ضعیف (0.45) | واگرایی منفی | حد ضرر دور (8.9٪) | صف فروش در ۵ روز اخیر
کطبس,ذغال‌سنگ‌ نگین‌ ط‌بس‌,استخراج زغال سنگ,50.7,خنثی,100,50,5.8,37,18820,20260926,-3.4,15.1,69.9,31.3,5.4,29.2,106.1,70.3,4,0,false,58.6,3.69,above,-5.4,0.51,17710,19900,-6.85,-31.48,0.99,-0.94,12,1904,9.88,9.67,2.2,18126,17363,19900,21287,0.74,واگرایی منفی RSI | خروج مستمر پول حقیقی | 106٪ بالای MA200 | واگرایی منفی | حد ضرر دور (7.7٪)
وتوسکا,سرمایه گذاری توسعه توکا,سرمایه گذاریها,50.7,خنثی,90,43,65.2,35,1621,20260926,-9.2,-1.3,34.5,-4.1,-1.4,11.3,26.6,52.8,5,1,false,36.5,3.61,above,-10.5,0.73,1519,1734,0.04,1.24,1.15,0.61,1.31,100,16.21,,,1562,1490,1734,1812,0.86,نقدشوندگی پایین | واگرایی منفی RSI | عرضه حقوقی به حقیقی (-1 میلیارد تومان در ۲۰ روز) | واگرایی منفی | حد ضرر دور (8.1٪) | نقدشوندگی کمتر از ۱۰ میلیارد تومان | صف فروش در ۵ روز اخیر
پکرمان,گروه‌ صنعتی‌ بارز,لاستیک و پلاستیک,50.6,خنثی,90,45,1.5,57,7180,20260926,-8.9,0.3,16,-22.6,-1.2,8.7,11,51,4,1,false,33.5,3.52,above,-19.1,0.85,7057,7304,-52.22,-51.15,0.47,-55.71,27.89,953,7.53,8.21,-8.2,7057,6930,7304,7431,0.5,واگرایی منفی RSI | خروج مستمر پول حقیقی | سرانه خرید ضعیف (0.47) | واگرایی منفی | صف فروش در ۵ روز اخیر
لسرما,سرما آفرین‌,ماشین آلات و تجهیزات,50.6,خنثی,100,65,31.5,19,6960,20260923,-7.6,10.8,51.8,13.2,1.4,16.2,45,57.1,5,2,false,52.1,3.59,above,-11.5,0.83,6770,7115,-2.18,2.65,0.45,1.16,5.92,411,16.93,5.15,228.8,6770,6645,7115,7860,0.49,واگرایی منفی RSI | عرضه حقوقی به حقیقی (-3 میلیارد تومان در ۲۰ روز) | سرانه خرید ضعیف (0.45) | واگرایی منفی | نقدشوندگی کمتر از ۱۰ میلیارد تومان | صف فروش در ۵ روز اخیر | آخرین معامله 20260923 (متوقف یا کم‌معامله)
وگستر,گسترش سرمایه گذاری ایرانیان,سرمایه گذاریها,50.5,خنثی,100,85,4.2,10,10870,20260926,4.5,30.2,98,59.4,13.2,25.6,68.8,75.1,2,0,true,53.7,3.57,above,-1.6,0.77,9860,,-21.16,-16.21,0.89,-6.1,13.2,,,8.73,,10482,9899,12035,12811,1.2,خروج مستمر پول حقیقی | بدون EPS مثبت | 69٪ بالای MA200 | حد ضرر دور (8.9٪)
سخزر,سیمان‌ خزر,سیمان، آهک و گچ,50.5,خنثی,90,45,1,57,6230,20260926,-4.3,8.7,23.9,-14.7,-3.7,10.4,42.3,51.7,5,1,false,30,3.86,above,-14.4,0.76,6100,7280,-18.37,-47.25,0.64,-26.68,21.96,822,7.58,7.14,6.1,6100,5980,7280,7761,4.2,خروج مستمر پول حقیقی | سرانه خرید ضعیف (0.64) | صف فروش در ۵ روز اخیر
خچرخش,چرخشگر,خودرو و ساخت قطعات,50.5,خنثی,100,53,47.4,32,21940,20260926,-4.8,13.6,36.2,-2.4,1.2,12.9,37,60.3,0,0,false,44.3,3.43,above,-7.8,0.65,21362,23791,-0.8,1.85,1.44,2.07,1.93,2337,9.39,,,21362,20986,23791,25296,1.94,نقدشوندگی پایین | عرضه حقوقی به حقیقی (-2 میلیارد تومان در ۲۰ روز) | نقدشوندگی کمتر از ۱۰ میلیارد تومان
حسینا,توسعه خدمات دریایی وبندری سینا,حمل ونقل، انبارداری و ارتباطات,50.4,خنثی,100,45,21.5,24,18650,20260926,-1.2,22.5,24.5,-14.1,4.3,13.7,40.6,61.2,5,0,false,36.8,3.84,above,-7.9,0.89,16559,20260,-34.11,-38.52,2.78,-31.4,30.88,2130,8.76,7.68,14,17934,16860,20260,21692,0.9,خروج مستمر پول حقیقی | حد ضرر دور (9.6٪)
ویسا,سرمایه گذاری ایساتیس پویا,سرمایه گذاریها,50.4,خنثی,100,65,17.5,52,5020,20260926,-7.7,24.6,57.9,19.3,2.6,22.2,46.5,60.5,2,0,false,61,3.44,above,-11.9,0.59,4118,5700,-4.25,0.64,0.7,-3.37,2.47,633,7.93,,,4847,4674,5700,6046,1.97,نقدشوندگی پایین | عرضه حقوقی به حقیقی (-2 میلیارد تومان در ۲۰ روز) | سرانه خرید ضعیف (0.70) | نقدشوندگی کمتر از ۱۰ میلیارد تومان
چافست,افست‌,انتشار، چاپ و تکثیر,50.3,خنثی,85,40,2,65,21380,20260926,-6.7,-7.3,46.5,7.9,-4.4,6.6,63.6,45.9,2,0,false,39.6,4.21,above,-15.2,0.42,20780,24060,-10.16,-41.66,0.7,-8.53,9.11,4380,4.88,5.01,-2.6,20780,20329,24060,25200,2.55,خروج مستمر پول حقیقی | 64٪ بالای MA200 | سرانه خرید ضعیف (0.70) | نقدشوندگی کمتر از ۱۰ میلیارد تومان
رتکو,کنترل ‌خوردگی ‌تکین ‌کوی,خدمات فنی و مهندسی,50.3,خنثی,100,70,45,20,22590,20260926,12.1,24.1,96.2,57.6,16.3,35.6,72.5,84.5,3,0,true,58.7,3.52,above,-1.7,1.76,19700,,0,0,4.26,4.68,1.35,641,35.24,,,21794,20998,24979,26571,1.5,نقدشوندگی پایین | واگرایی منفی RSI | اشباع خرید | فاصله زیاد از MA20 | رشد عمودی (96٪ در ۶۰ روز، 36٪ بالای MA50) | P/E بالا (35) | 72٪ بالای MA200 | واگرایی منفی | حد ضرر دور (7.0٪) | نقدشوندگی کمتر از ۱۰ میلیارد تومان
جم,پتروشیمی جم,محصولات شیمیایی,50.2,خنثی,100,50,31.8,9,66130,20260926,1.6,24.5,69.7,31.1,8.6,34,52,74.1,0,0,false,58.9,3.57,above,-2,0.65,62705,67480,-21.94,132.82,1.01,-6.04,48.69,4968,13.31,9.63,38.2,63770,61525,67480,72201,0.29,رشد عمودی (70٪ در ۶۰ روز، 34٪ بالای MA50) | عرضه حقوقی به حقیقی (-135 میلیارد تومان در ۲۰ روز) | 52٪ بالای MA200
ذوب,ذوب آهن اصفهان,فلزات اساسی,50.1,خنثی,90,65,26.5,14,662,20260926,-12.9,25.4,52.2,13.6,-1.4,26,59.2,55.8,14,2,false,54.3,2.9,above,-15.5,1.38,478,783,-139.06,313.97,0.33,-917.43,265.11,12,55.17,13.48,309.2,643,624,783,821,3.15,سهم صفی: 14 روز از ۲۰ روز در صف (ریسک نقدشوندگی و اجرای حد ضرر) | P/E بالا (55) | عرضه حقوقی به حقیقی (-353 میلیارد تومان در ۲۰ روز) | 59٪ بالای MA200 | سرانه خرید ضعیف (0.33) | صف فروش در ۵ روز اخیر
تکاردان,تامین سرمایه کاردان,فعالیتهای کمکی به نهادهای مالی واسط,50.1,خنثی,80,45,60.5,68,2662,20260922,-0.4,4.7,23.2,-15.4,0.6,10.5,55.5,61.2,0,0,false,26,3.51,above,-4.2,1.81,2574,2732,0.81,-5.29,10.92,2.67,1.36,632,4.21,5.92,-28.9,2574,2527,2732,2780,0.52,نقدشوندگی پایین | خروج مستمر پول حقیقی | 56٪ بالای MA200 | نقدشوندگی کمتر از ۱۰ میلیارد تومان | شناوری کم (5٪) | آخرین معامله 20260922 (متوقف یا کم‌معامله)
معیار,سرمایه گذاری معیار صنعت پارس,سرمایه گذاریها,50.1,خنثی,95,75,36.3,30,2708,20260926,7.2,4,48.6,10,6.1,16.5,30.2,66.4,0,0,false,30,3.55,above,-14.7,1.21,2616,2764,-0.25,-2.12,1.23,2.93,2.47,80,33.85,,,2616,2568,2764,2886,0.4,نقدشوندگی پایین | P/E بالا (34) | نقدشوندگی کمتر از ۱۰ میلیارد تومان
ددام,داروسازی زاگرس فارمد پارس,مواد و محصولات دارویی,50,خنثی,90,65,0,40,12380,20260926,-10,31.3,80.8,42.2,-4,29.5,95.4,56.1,8,1,false,59.1,3.96,above,-17.4,0.77,8020,14980,-26.98,-65.17,0.73,-23.47,26.58,887,13.96,12.91,8.1,11890,11400,14980,15960,2.65,خروج مستمر پول حقیقی | سهم صفی: 8 روز از ۲۰ روز در صف (ریسک نقدشوندگی و اجرای حد ضرر) | 95٪ بالای MA200 | سرانه خرید ضعیف (0.73) | حد ضرر دور (7.9٪) | صف فروش در ۵ روز اخیر
آواک,صنایع ارتباطی آوا,اطلاعات و ارتباطات,49.9,خنثی,90,30,27.5,60,2690,20260923,-13.2,9.8,19.6,-19,-5.5,9.1,13.1,47.1,4,2,false,49.9,4.11,above,-16.6,0.41,2600,2718,-1.53,37.54,0.78,-0.62,14.59,328,8.2,11.65,-29.6,2600,2545,2718,2767,0.19,عرضه حقوقی به حقیقی (-38 میلیارد تومان در ۲۰ روز) | سرانه خرید ضعیف (0.78) | صف فروش در ۵ روز اخیر | آخرین معامله 20260923 (متوقف یا کم‌معامله)
فجوش,جوش‌ و اکسیژن‌ ایران‌,ساخت محصولات فلزی,49.9,خنثی,100,70,53.4,10,5200,20260926,5.3,18.2,146.9,108.3,9.9,33.6,137.7,90.8,7,0,true,64.9,2.07,above,-1,0.78,4630,,0.08,-0.37,1.32,0.54,0.96,,,,,5092,4984,5523,5739,1.5,نقدشوندگی پایین | اشباع خرید | بدون EPS مثبت | سهم صفی: 7 روز از ۲۰ روز در صف (ریسک نقدشوندگی و اجرای حد ضرر) | رشد عمودی (147٪ در ۶۰ روز، 34٪ بالای MA50) | 138٪ بالای MA200 | نقدشوندگی کمتر از ۱۰ میلیارد تومان
قجام,فرآوردههای غذایی وقندتربت‌جام‌,قند و شکر,49.9,خنثی,100,53,35,42,14090,20260926,-3.2,2.8,37.7,-0.9,0.2,11.8,53.4,54.8,2,1,false,27.5,3.83,above,-9.2,0.61,13430,14580,0,-0.31,1.66,1.5,2.52,2650,5.32,,,13550,13160,14580,14890,0.53,نقدشوندگی پایین | 53٪ بالای MA200 | نقدشوندگی کمتر از ۱۰ میلیارد تومان | صف فروش در ۵ روز اخیر
کیانا,گروه مالی کیان,سرمایه گذاریها,49.8,خنثی,70,40,49.3,34,7290,20260926,-12.1,-9.3,70.8,32.2,-11.2,9.1,106.3,42.8,2,1,false,55.2,3.66,above,-20.9,0.58,5630,7710,-4.51,12.69,1.13,1.3,6.9,804,9.07,7.13,27.2,7023,6756,7710,8280,0.79,واگرایی منفی RSI | عرضه حقوقی به حقیقی (-16 میلیارد تومان در ۲۰ روز) | 106٪ بالای MA200 | واگرایی منفی | حد ضرر دور (7.3٪) | نقدشوندگی کمتر از ۱۰ میلیارد تومان | شناوری کم (9٪) | صف فروش در ۵ روز اخیر
اخابر,مخابرات ایران,مخابرات,49.8,خنثی,90,40,2,57,986,20260926,-10.9,-2.9,76.6,38,-4.7,12.8,75,49.7,5,2,false,43.6,3.9,above,-14.3,0.53,946,1069,-136.09,-111.03,0.36,-224.66,153.05,124,7.95,8.37,-5,948,927,1069,1150,1.4,واگرایی منفی RSI | 75٪ بالای MA200 | سرانه خرید ضعیف (0.36) | واگرایی منفی | صف فروش در ۵ روز اخیر
خکمک,کمک‌فنرایندامین‌,خودرو و ساخت قطعات,49.8,خنثی,90,30,27,40,2717,20260926,-12.6,5,14.4,-24.2,-3.8,13.2,17.3,49.6,4,2,false,40.6,3.75,above,-27.6,0.59,2647,2754,-5.07,17.23,0.46,-15.78,10.96,47,57.81,,,2647,2596,2754,2950,0.3,P/E بالا (58) | عرضه حقوقی به حقیقی (-19 میلیارد تومان در ۲۰ روز) | سرانه خرید ضعیف (0.46) | صف فروش در ۵ روز اخیر
قمرو,قند مرودشت‌,قند و شکر,49.8,خنثی,70,20,17,82,9780,20260926,-3.3,-7.4,7.2,-31.4,-4.9,2.3,55.1,43.6,1,0,false,16.7,4,above,-13.2,1.15,9510,10180,-2.65,6.08,0.73,-17.74,8.64,1450,6.74,9.8,-31.2,9510,9314,10180,10870,0.86,واگرایی منفی RSI | عرضه حقوقی به حقیقی (-8 میلیارد تومان در ۲۰ روز) | 55٪ بالای MA200 | سرانه خرید ضعیف (0.73) | واگرایی منفی | نقدشوندگی کمتر از ۱۰ میلیارد تومان
ثجوان,تامین مسکن جوانان,انبوه سازی، املاک و مستغلات,49.8,خنثی,100,85,46,25,2467,20260923,11.2,15.7,47,8.4,14.7,28.7,56,78,3,0,true,39.6,3.4,above,-0.3,1.47,2239,,-0.19,-4.12,1.79,8.83,2.85,167,14.77,,,2383,2258,2718,2886,1.2,نقدشوندگی پایین | اشباع خرید | خروج مستمر پول حقیقی | 56٪ بالای MA200 | حد ضرر دور (8.5٪) | نقدشوندگی کمتر از ۱۰ میلیارد تومان | آخرین معامله 20260923 (متوقف یا کم‌معامله)
سباقر,سیمان باقران,سیمان، آهک و گچ,49.6,خنثی,100,65,2.5,24,371600,20260926,-1.6,17.3,102.6,64,3.2,29.8,164.2,65.2,5,1,false,65.1,3.44,above,-9.1,0.96,341600,409000,-32.67,-7.84,0.69,-155.13,104.37,44486,8.35,6.69,24.9,358806,339615,409000,434588,1.17,رشد عمودی (103٪ در ۶۰ روز، 30٪ بالای MA50) | 164٪ بالای MA200 | سرانه خرید ضعیف (0.69) | حد ضرر دور (8.6٪) | صف فروش در ۵ روز اخیر
کسرام,پارس‌ سرام‌,سایر محصولات کانی غیرفلزی,49.6,خنثی,100,63,23.8,4,14270,20260926,7.9,15.5,37.5,-1.1,5,16.9,53.7,63.6,2,0,false,34.5,3.65,above,-4.7,0.92,12980,14980,-5.21,-30.5,1.09,0.2,9.69,697,20.47,12.75,60.6,13750,12969,14980,16021,0.55,خروج مستمر پول حقیقی | 54٪ بالای MA200 | حد ضرر دور (9.1٪) | نقدشوندگی کمتر از ۱۰ میلیارد تومان
لپیام,گسترش صنایع پیام,ساخت دستگاه‌ها و وسایل ارتباطی,49.5,خنثی,100,50,8.1,30,116600,20260926,-2.8,46.3,139.9,101.3,9.8,52.5,113.5,74.3,9,0,false,84.3,3.25,above,-10.3,1.43,67838,,-25.79,-40.2,1.1,-9.22,9.82,123,947.97,,,112809,109017,127974,135557,1.5,خروج مستمر پول حقیقی | سهم صفی: 9 روز از ۲۰ روز در صف (ریسک نقدشوندگی و اجرای حد ضرر) | رشد عمودی (140٪ در ۶۰ روز، 53٪ بالای MA50) | P/E بالا (948) | 114٪ بالای MA200 | نقدشوندگی کمتر از ۱۰ میلیارد تومان
غگلپا,شیر پاستوریزه پگاه گلپایگان,محصولات غذایی و آشامیدنی به جز قند و شکر,49.5,خنثی,100,65,2,24,23320,20260926,0.5,13,67.5,28.9,3.8,20,82.7,65,0,0,false,57.8,3.68,above,-5,0.77,20710,24560,-9.67,-25.86,0.82,-7.13,8.21,2729,8.55,7.05,21.2,22462,21604,24560,26276,0.72,خروج مستمر پول حقیقی | 83٪ بالای MA200 | حد ضرر دور (7.4٪) | نقدشوندگی کمتر از ۱۰ میلیارد تومان
دهدشت,صنایع پتروشیمی دهدشت,محصولات شیمیایی,49.5,خنثی,100,70,72,10,13160,20260923,9.7,26.8,71.8,33.2,14.9,32.4,50.7,94.9,20,0,true,66.3,2.51,above,-1,1.28,11250,,0.19,-0.78,3.19,1.25,0.29,,,,,12829,12499,14152,14813,1.5,نقدشوندگی پایین | اشباع خرید | خروج مستمر پول حقیقی | بدون EPS مثبت | سهم صفی: 20 روز از ۲۰ روز در صف (ریسک نقدشوندگی و اجرای حد ضرر) | رشد عمودی (72٪ در ۶۰ روز، 32٪ بالای MA50) | 51٪ بالای MA200 | نقدشوندگی کمتر از ۱۰ میلیارد تومان | آخرین معامله 20260923 (متوقف یا کم‌معامله)
مادیرا,صنایع مادیران,تولید محصولات کامپیوتری الکترونیکی ونوری,49.5,خنثی,90,35,35.9,26,2933,20260926,-7.5,-0.5,24.9,-13.7,-0.8,9.6,9.9,51.8,4,1,false,36.6,3.71,above,-18.7,0.92,2903,3050,-0.8,24.05,0.9,6.68,29.19,252,11.64,7.98,45.9,2903,2849,3050,3118,1.39,واگرایی منفی RSI | عرضه حقوقی به حقیقی (-19 میلیارد تومان در ۲۰ روز) | واگرایی منفی | صف فروش در ۵ روز اخیر
وغدیر,سرمایه‌گذاری‌غدیر(هلدینگ‌,شرکتهای چند رشته ای صنعتی,49.5,خنثی,90,53,0.5,47,20330,20260926,-6.4,5.2,35.4,-3.2,-1.7,14.5,56.2,53.5,0,0,false,37.1,3.83,above,-11.2,0.69,19400,22890,-177.26,-261.29,0.49,-196.94,213,1940,10.48,10.88,-3.7,19551,19010,22890,24449,1.94,واگرایی منفی RSI | خروج مستمر پول حقیقی | 56٪ بالای MA200 | سرانه خرید ضعیف (0.49) | واگرایی منفی
شپنا,پالایش نفت اصفهان,فراورده های نفتی، کک و سوخت هسته ای,49.4,خنثی,70,50,16.5,57,12370,20260926,-8.2,1.4,54.6,16,-7,4.9,86.2,45.5,1,1,false,35.6,3.99,above,-15.7,0.74,11930,14670,-603.19,250.54,0.58,-1044.54,1073.69,1816,6.81,6.26,8.8,11930,11683,14670,15657,3.35,عرضه حقوقی به حقیقی (-260 میلیارد تومان در ۲۰ روز) | 86٪ بالای MA200 | سرانه خرید ضعیف (0.58) | صف فروش در ۵ روز اخیر
بشهاب,لامپ‌  پارس‌ شهاب‌,ماشین آلات و دستگاه‌های برقی,49.4,خنثی,70,50,16.5,57,8000,20260926,-13.3,3.8,48.3,9.7,-7.5,6.9,56.1,44.9,10,4,false,43.9,3.79,above,-18.3,0.14,7459,8458,-0.48,11.82,0.38,-5.48,12.31,1212,6.6,6.15,7.3,7697,7307,8458,9066,0.66,سهم صفی: 10 روز از ۲۰ روز در صف (ریسک نقدشوندگی و اجرای حد ضرر) | عرضه حقوقی به حقیقی (-12 میلیارد تومان در ۲۰ روز) | 56٪ بالای MA200 | سرانه خرید ضعیف (0.38) | حد ضرر دور (8.7٪) | شناوری کم (11٪) | صف فروش در ۵ روز اخیر
همراه,شرکت ارتباطات سیار ایران,مخابرات,49.4,خنثی,90,65,0.5,37,9560,20260926,-1.4,-5.6,85.6,47,-2.1,17.5,88.8,56,0,0,false,39.7,3.58,above,-9.5,0.43,9300,10495,-37.62,-334.17,0.54,-37.17,59.79,1086,8.8,8.37,5.2,9300,9129,10495,11180,2.17,واگرایی منفی RSI | خروج مستمر پول حقیقی | 89٪ بالای MA200 | سرانه خرید ضعیف (0.54) | واگرایی منفی | شناوری کم (11٪)
قیستو,شرکت قند بیستون,قند و شکر,49.3,خنثی,100,70,1,20,55480,20260926,7.2,50.5,103.2,64.6,20.4,50.2,118.5,88,2,0,true,72.8,3.17,above,-0.4,0.84,48710,,-8.5,-33.44,0.79,-11.85,8.66,2437,22.77,,,53719,51957,60764,64287,1.5,اشباع خرید | فاصله زیاد از MA20 | خروج مستمر پول حقیقی | رشد عمودی (103٪ در ۶۰ روز، 50٪ بالای MA50) | 119٪ بالای MA200 | سرانه خرید ضعیف (0.79) | نقدشوندگی کمتر از ۱۰ میلیارد تومان
وملی,گروه‌ صنعتی‌ ملی‌ (هلدینگ‌,دباغی، پرداخت چرم و ساخت انواع پاپوش,49.1,خنثی,90,45,17.5,35,271500,20260926,-12.2,4.6,20.4,-18.2,-1.4,13.5,32.1,52.1,4,0,false,44.2,3.77,above,-15.1,0.68,267300,319700,-15.23,6.75,0.34,-31.64,15.28,3197,84.92,87.3,-2.7,267300,262188,319700,340147,5.18,P/E بالا (85) | عرضه حقوقی به حقیقی (-17 میلیارد تومان در ۲۰ روز) | سرانه خرید ضعیف (0.34)
کهرام,تولیدی گرانیت بهسرام,کاشی و سرامیک,49.1,خنثی,100,70,50.5,10,35710,20260926,8.5,24,50.7,12.1,12,28.4,56.7,88.5,9,0,true,60.3,2.23,above,-0.4,0.77,32000,,0,0.05,2.32,1.31,0.64,,,,,34913,34117,38100,39693,1.5,نقدشوندگی پایین | اشباع خرید | بدون EPS مثبت | سهم صفی: 9 روز از ۲۰ روز در صف (ریسک نقدشوندگی و اجرای حد ضرر) | عرضه حقوقی به حقیقی (0 میلیارد تومان در ۲۰ روز) | 57٪ بالای MA200 | نقدشوندگی کمتر از ۱۰ میلیارد تومان
خاذین,سایپاآذین‌,خودرو و ساخت قطعات,49.1,خنثی,90,45,42.2,10,2983,20260926,-3.1,8.8,27.8,-10.8,-0.6,18.6,40.6,58.3,0,0,false,46.2,3.79,above,-10.4,0.71,2635,3330,-1.68,4.11,1.23,3.38,6.46,,,,,2870,2757,3330,3556,1.53,واگرایی منفی RSI | بدون EPS مثبت | عرضه حقوقی به حقیقی (-4 میلیارد تومان در ۲۰ روز) | واگرایی منفی | حد ضرر دور (7.6٪) | نقدشوندگی کمتر از ۱۰ میلیارد تومان
وسنا,سرمایه گذاری نیروگاهی ایران,سرمایه گذاریها,49,خنثی,100,60,8,20,48450,20260926,8.1,57.5,190.7,152.1,22.8,62.2,164.1,90.5,10,0,true,84.6,2.54,above,0,0.55,24074,,-14.28,-43.47,1.06,-17.11,23.11,998,48.55,,,47221,45993,52136,54593,1.5,اشباع خرید | فاصله زیاد از MA20 | خروج مستمر پول حقیقی | سهم صفی: 10 روز از ۲۰ روز در صف (ریسک نقدشوندگی و اجرای حد ضرر) | رشد عمودی (191٪ در ۶۰ روز، 62٪ بالای MA50) | P/E بالا (49) | 164٪ بالای MA200
های وب,داده گسترعصرنوین-های وب,اطلاعات و ارتباطات,49,خنثی,90,45,42,10,440,20260926,-5.4,11.4,18,-20.6,-3.1,13.5,25,52.2,1,1,false,44.2,3.93,above,-29.8,0.73,432,499,2.27,3.7,0.77,-20.28,37.79,,,7.97,,432,423,499,545,3.54,بدون EPS مثبت | عرضه حقوقی به حقیقی (-4 میلیارد تومان در ۲۰ روز) | سرانه خرید ضعیف (0.77) | صف فروش در ۵ روز اخیر
غشوکو,شوکو پارس,محصولات غذایی و آشامیدنی به جز قند و شکر,49,خنثی,85,65,0,42,12040,20260926,-0.7,-4.9,66.8,28.2,-0.2,3.3,91.3,52.6,3,0,false,23.9,3.87,above,-10.3,0.97,11490,12300,-6.33,-16.78,0.79,-7.66,6.91,1478,8.15,,,11574,11257,12300,12780,0.33,خروج مستمر پول حقیقی | 91٪ بالای MA200 | سرانه خرید ضعیف (0.79) | نقدشوندگی کمتر از ۱۰ میلیارد تومان
نتوس,پشم‌ بافی‌ توس,منسوجات,49,خنثی,100,70,35,25,2003,20260926,11.8,52.2,128.2,89.6,20.5,54.9,102.7,97.9,17,0,true,85.6,2.49,above,-1.9,1.14,1148,,0,0,3.02,1.48,1.08,156,12.84,,,1953,1903,2152,2252,1.5,نقدشوندگی پایین | اشباع خرید | فاصله زیاد از MA20 | سهم صفی: 17 روز از ۲۰ روز در صف (ریسک نقدشوندگی و اجرای حد ضرر) | رشد عمودی (128٪ در ۶۰ روز، 55٪ بالای MA50) | 103٪ بالای MA200 | نقدشوندگی کمتر از ۱۰ میلیارد تومان
برکت,گروه دارویی برکت,مواد و محصولات دارویی,48.9,خنثی,90,65,31.6,4,4890,20260926,1,-0.6,41.7,3.1,-0.8,17.4,69.2,57.7,4,1,false,40.5,3.49,above,-9.4,0.79,4530,5060,30.35,-65.48,0.98,-8.24,82.66,47,104.04,12.91,705.9,4719,4463,5060,5400,0.4,واگرایی منفی RSI | P/E بالا (104) | 69٪ بالای MA200 | واگرایی منفی | حد ضرر دور (8.7٪) | صف فروش در ۵ روز اخیر
فرود,فولاد شاهرود,فلزات اساسی,48.9,خنثی,90,65,1.5,34,8360,20260926,-10.5,11.9,58.3,19.7,-4.5,20.4,97.5,52.5,7,2,false,61.6,3.83,above,-16.8,0.84,6200,10050,-14.35,-9.51,0.56,-12.79,13.71,910,9.19,8.05,14.1,8040,7720,10050,10690,2.64,سهم صفی: 7 روز از ۲۰ روز در صف (ریسک نقدشوندگی و اجرای حد ضرر) | 97٪ بالای MA200 | سرانه خرید ضعیف (0.56) | حد ضرر دور (7.7٪) | صف فروش در ۵ روز اخیر
بانیان,نیان باتری خاوران,ماشین آلات و دستگاه‌های برقی,48.9,خنثی,95,35,37.5,16,17880,20260926,0.6,-6.8,25.1,-13.5,1.1,12.3,,57.9,1,0,false,28.9,3.55,above,-9.5,0.77,16842,18600,-8.58,-62.4,3.54,29.28,15.66,1652,10.82,5.95,81.9,17245,16524,18600,19303,0.53,خروج مستمر پول حقیقی | حد ضرر دور (7.6٪)
حرهشا,رهشاد سپاهان (سهامی عام,حمل ونقل، انبارداری و ارتباطات,48.8,خنثی,100,75,35.2,20,30490,20260926,1.9,12,67.3,28.7,1.8,14.1,35.2,64.1,0,0,false,46.2,3.35,above,-5.8,0.46,29750,30950,-0.43,-5.36,1.57,0.22,1.45,351,86.87,,,29750,29239,30950,32360,0.37,نقدشوندگی پایین | واگرایی منفی RSI | خروج مستمر پول حقیقی | P/E بالا (87) | واگرایی منفی | نقدشوندگی کمتر از ۱۰ میلیارد تومان
وهور,گروه س.انرژی امید  تابان هور,عرضه برق، گاز، بخاروآب گرم,48.8,خنثی,65,30,46,47,2459,20260926,-0.2,-12.3,23.5,-15.1,-2.5,5.3,35.8,49.8,6,1,false,26.7,3.66,above,-14.9,0.57,2412,2484,4.24,-170.97,14.1,-2.48,34.83,230,10.69,10.04,6.5,2412,2367,2484,2671,0.27,خروج مستمر پول حقیقی | سهم صفی: 6 روز از ۲۰ روز در صف (ریسک نقدشوندگی و اجرای حد ضرر) | صف فروش در ۵ روز اخیر
لطیف,محصولات کاغذی لطیف,محصولات کاغذی,48.8,خنثی,90,20,37,34,3630,20260926,-9,-4.7,12.9,-25.7,-5.1,6.2,33.8,46.3,4,1,false,33.3,3.78,above,-14.4,0.83,3530,3920,-15.96,-10.9,1.8,5.89,9.99,315,11.52,10.19,13.1,3530,3461,3920,4240,1.72,خروج مستمر پول حقیقی | نقدشوندگی کمتر از ۱۰ میلیارد تومان | صف فروش در ۵ روز اخیر
ساروج,بین المللی ساروج بوشهر,سیمان، آهک و گچ,48.7,خنثی,69,20,18,78,56760,20260926,-3.8,-1.1,-9.5,-48.1,-1.6,0.2,9.3,47,1,0,false,16.5,3.78,inside,-18.7,0.61,55678,57816,-0.49,2.98,0.84,-3.55,4.88,11890,4.77,6.69,-28.6,55678,54605,57816,59275,0.49,عرضه حقوقی به حقیقی (-2 میلیارد تومان در ۲۰ روز) | نقدشوندگی کمتر از ۱۰ میلیارد تومان
شیراز,پتروشیمی‌شیراز,محصولات شیمیایی,48.7,خنثی,61,30,27.5,70,66140,20260926,-11.8,3.9,-9.9,-48.5,-6.1,0.1,33.8,42.8,0,0,false,27.4,4.31,inside,-19.9,0.75,60011,66807,-38.6,88.65,0.52,-73.23,67.45,9681,6.83,9.63,-29.1,63288,59011,66807,68464,0.09,عرضه حقوقی به حقیقی (-98 میلیارد تومان در ۲۰ روز) | 170٪ بالای کف ۵۲ هفته | سرانه خرید ضعیف (0.52) | حد ضرر دور (10.8٪) | شناوری کم (12٪)
آینده,بازرگانی آینده سازان بهشت پارس,زراعت و خدمات وابسته,48.6,خنثی,90,70,60.5,10,4820,20260926,6.9,35.8,51,12.4,13.2,16,7.7,80.1,20,0,true,35.1,2.05,above,-32.1,1.21,4719,5303,0,0.24,6,0.63,0.28,,,,,4721,4670,5303,5820,3.21,نقدشوندگی پایین | اشباع خرید | بدون EPS مثبت | سهم صفی: 20 روز از ۲۰ روز در صف (ریسک نقدشوندگی و اجرای حد ضرر) | عرضه حقوقی به حقیقی (0 میلیارد تومان در ۲۰ روز) | نقدشوندگی کمتر از ۱۰ میلیارد تومان
فاهواز,نورد و لوله اهواز,فلزات اساسی,48.6,خنثی,65,55,30.5,42,7090,20260926,-0.1,0.3,10.6,-28,-0.7,3.1,10.3,58.5,5,1,false,29.4,1.51,above,-6.6,1.28,7012,7327,-0.79,-1.07,1.42,4.65,3.2,1119,6.34,,,7012,6958,7327,7590,1.8,نقدشوندگی کمتر از ۱۰ میلیارد تومان | صف فروش در ۵ روز اخیر
آریان,سرمایه گذاری پارس آریان,سرمایه گذاریها,48.6,خنثی,100,70,9.4,9,7900,20260926,5.3,23.4,47.7,9.1,13.1,34.2,73.4,82.8,1,0,true,68,3.3,above,-1.2,0.62,6650,,-47.66,-337.16,1.1,-49.74,41.49,492,16.06,8.73,83.9,7640,7379,8681,9202,1.5,اشباع خرید | خروج مستمر پول حقیقی | رشد عمودی (48٪ در ۶۰ روز، 34٪ بالای MA50) | 73٪ بالای MA200
سصوفی,سیمان‌ صوفیان‌,سیمان، آهک و گچ,48.6,خنثی,46,20,53,70,160400,20260926,-4.2,-6.1,-13.5,-52.1,-5.4,-2.2,21.9,42.9,1,0,false,15.7,3.83,inside,-16,0.61,154200,169200,1.44,113.63,0.59,-59.1,58.85,30922,5.19,7.14,-27.3,154258,151129,169200,176400,0.95,واگرایی منفی RSI | عرضه حقوقی به حقیقی (-119 میلیارد تومان در ۲۰ روز) | سرانه خرید ضعیف (0.59) | واگرایی منفی
وتجارت,بانک تجارت,بانکها و موسسات اعتباری,48.5,خنثی,90,65,8.2,26,915,20260926,-0.9,-4.2,44.8,6.2,-4.3,15.4,69.8,53.5,3,0,false,43.8,3.77,above,-12.2,0.64,658,953,-546.22,-1524.31,1.03,-582.92,1087.86,105,8.71,5.4,61.4,881,846,953,1015,0.55,خروج مستمر پول حقیقی | 70٪ بالای MA200 | حد ضرر دور (7.5٪)
وسینا,بانک سینا,بانکها و موسسات اعتباری,48.5,خنثی,90,35,1,57,3270,20260926,-5.8,-1.8,23.2,-15.4,-2.8,8.3,43.4,50.4,2,0,false,30.1,3.63,above,-10.2,0.73,3150,3470,-75.63,-194.96,0.45,-71.71,58.91,584,5.6,5.4,3.7,3151,3091,3470,3640,1.11,واگرایی منفی RSI | خروج مستمر پول حقیقی | سرانه خرید ضعیف (0.45) | واگرایی منفی
زشریف,کشت وصنعت شریف آباد,زراعت و خدمات وابسته,48.5,خنثی,90,35,1,57,18140,20260926,-3.5,-2,18.2,-20.4,-1.1,8.1,68.3,52.6,2,1,false,28.4,3.95,above,-10.6,0.73,17410,19230,-10.87,-46.33,0.69,-13.07,12.73,2402,7.55,8.07,-6.4,17424,17052,19230,20300,1,واگرایی منفی RSI | خروج مستمر پول حقیقی | 68٪ بالای MA200 | سرانه خرید ضعیف (0.69) | واگرایی منفی | صف فروش در ۵ روز اخیر
شستا,سرمایه گذاری تامین اجتماعی,شرکتهای چند رشته ای صنعتی,48.3,خنثی,100,65,2,19,3380,20260926,-7.4,14.7,56.4,17.8,2.6,20.1,78.9,58.7,5,0,false,52.8,3.29,above,-11.3,1.12,3047,3810,-569.55,-926.62,0.51,-1027.71,580.19,218,15.5,10.88,42.5,3269,3102,3810,4032,1.55,خروج مستمر پول حقیقی | 79٪ بالای MA200 | سرانه خرید ضعیف (0.51) | حد ضرر دور (8.2٪) | شناوری کم (13٪)
زکشت,کشاورزی مکانیزه اصفهان کشت,زراعت و خدمات وابسته,48.3,خنثی,65,35,27,60,13760,20260926,-3.8,-1.1,18.4,-20.2,-1.4,6,63.8,52.6,2,1,false,17.7,3.77,above,-8.8,0.67,13359,14492,1.48,-7.97,0.72,-2.55,11.81,2199,6.26,8.07,-22.5,13359,13099,14492,15092,1.11,64٪ بالای MA200 | سرانه خرید ضعیف (0.72) | صف فروش در ۵ روز اخیر
وایرا,سرمایه گذاری صنایع ایران,سرمایه گذاریها,48.2,خنثی,100,65,28.9,32,3440,20260926,-3.6,8.9,48.9,10.3,1.5,11.5,18.8,57.2,1,0,false,26.2,3.37,above,-9.3,0.73,3308,3633,-1.04,-9.37,1.29,1.38,2.73,399,8.62,,,3324,3250,3633,3772,1.02,نقدشوندگی پایین | خروج مستمر پول حقیقی | نقدشوندگی کمتر از ۱۰ میلیارد تومان
غشان,شیرپاستوریزه‌پگاه‌خراسان‌,محصولات غذایی و آشامیدنی به جز قند و شکر,48.1,خنثی,100,75,3.5,9,18420,20260926,3.4,25.4,136.5,97.9,14.1,34.6,179.2,77.1,1,0,true,63.7,3.13,above,-0.1,0.81,18200,,-1.36,-2.74,0.69,-18.69,19.86,1497,12.3,8.53,44.3,18200,17911,20151,21306,3.4,واگرایی منفی RSI | رشد عمودی (136٪ در ۶۰ روز، 35٪ بالای MA50) | 179٪ بالای MA200 | سرانه خرید ضعیف (0.69) | واگرایی منفی
تاپیکو,س. نفت و گاز و پتروشیمی تأمین,محصولات شیمیایی,48,خنثی,100,75,3,9,46490,20260926,2.5,32.1,106.6,68,15.2,40.8,114.4,79.3,5,0,true,52.3,3.4,above,-2.8,1.18,38039,,-18.89,-467.52,0.5,-741.86,340.85,3439,13.52,9.63,40.4,44909,43328,51233,54395,1.5,واگرایی منفی RSI | اشباع خرید | فاصله زیاد از MA20 | خروج مستمر پول حقیقی | رشد عمودی (107٪ در ۶۰ روز، 41٪ بالای MA50) | 114٪ بالای MA200 | سرانه خرید ضعیف (0.50) | واگرایی منفی | شناوری کم (11٪)
حریل,ریل پردازسیر,حمل ونقل، انبارداری و ارتباطات,48,خنثی,90,30,26,34,2844,20260926,-10.8,5.5,24.9,-13.7,-4.6,12.4,32.9,49.1,4,1,false,46.6,3.52,above,-16.6,0.66,2739,3410,-0.75,7.33,0.7,-2.55,4.79,303,9.39,7.68,22.2,2744,2689,3410,3610,3.65,عرضه حقوقی به حقیقی (-8 میلیارد تومان در ۲۰ روز) | سرانه خرید ضعیف (0.70) | نقدشوندگی کمتر از ۱۰ میلیارد تومان | صف فروش در ۵ روز اخیر
وبملت,بانک ملت,بانکها و موسسات اعتباری,47.9,خنثی,70,20,1.5,90,1448,20260926,-7.2,-2.7,10.5,-28.1,-4.7,7.4,40.4,48.4,2,1,false,21.4,3.67,above,-10.7,0.79,1375,1611,-1045.07,-2427.03,0.48,-1814.61,1355.32,454,3.19,5.4,-40.9,1395,1348,1611,1717,1.63,واگرایی منفی RSI | خروج مستمر پول حقیقی | سرانه خرید ضعیف (0.48) | واگرایی منفی | صف فروش در ۵ روز اخیر
شراز,پالایش نفت شیراز,فراورده های نفتی، کک و سوخت هسته ای,47.9,خنثی,90,50,17.5,26,89990,20260926,-6.7,1.8,84.7,46.1,-9,11.8,113.6,45.9,4,0,false,53,4.07,above,-20.4,0.75,68720,113000,-32.51,83.71,0.49,-117.8,84,10165,8.85,6.26,41.4,86329,82668,113000,120322,3.14,واگرایی منفی RSI | عرضه حقوقی به حقیقی (-94 میلیارد تومان در ۲۰ روز) | 114٪ بالای MA200 | سرانه خرید ضعیف (0.49) | واگرایی منفی | حد ضرر دور (8.1٪) | شناوری کم (13٪)
پتوسعه,س. و توسعه صنایع لاستیک,لاستیک و پلاستیک,47.9,خنثی,70,30,36.5,47,9030,20260926,-5.8,1.5,21.1,-17.5,-5.6,5.8,,47.2,4,1,false,31.5,3.51,above,-13.8,0.37,8903,9167,-9.15,-10.83,1.86,0.97,14.39,1012,8.92,9.84,-9.3,8903,8745,9167,9580,0.48,صف فروش در ۵ روز اخیر
غناب,روغن‌ نباتی‌ ناب,محصولات غذایی و آشامیدنی به جز قند و شکر,47.8,خنثی,90,53,20.7,20,1158,20260926,-2.4,-4.7,32,-6.6,-0.5,13.6,39.2,55.7,2,1,false,24.9,3.92,above,-7.7,0.58,1096,1253,-3.07,-3.36,0.95,1.16,7.46,41,28.24,,,1113,1073,1253,1343,1.12,واگرایی منفی RSI | واگرایی منفی | حد ضرر دور (7.3٪) | نقدشوندگی کمتر از ۱۰ میلیارد تومان | صف فروش در ۵ روز اخیر
بکابل,سیم و کابل ابهر,ماشین آلات و دستگاه‌های برقی,47.8,خنثی,65,20,27,70,5520,20260926,-10.7,-8.9,17.4,-21.2,-5.2,4.2,24.6,44.8,2,1,false,27.5,4.09,above,-14.7,0.6,5213,5850,-4.32,42.74,0.5,-19.36,15.47,1041,5.3,5.95,-10.9,5294,5101,5850,6240,0.79,عرضه حقوقی به حقیقی (-43 میلیارد تومان در ۲۰ روز) | سرانه خرید ضعیف (0.50) | حد ضرر دور (7.6٪) | صف فروش در ۵ روز اخیر
خبازرس,بازرسی مهندسی و صنعتی ایران,فعالیت مهندسی، تجزیه، تحلیل و آزمایش فنی,47.8,خنثی,85,65,35,42,27740,20260926,2.9,-1.3,83,44.4,-1.8,11,76.4,53.8,1,0,false,34.8,4.21,above,-13.8,0.72,27160,28370,-0.82,-2.8,2.12,0.53,1.25,2944,9.42,,,27160,26576,28370,30130,0.54,نقدشوندگی پایین | خروج مستمر پول حقیقی | 76٪ بالای MA200 | نقدشوندگی کمتر از ۱۰ میلیارد تومان
بگیلان,توسعه مسیر برق گیلان,عرضه برق، گاز، بخاروآب گرم,47.7,خنثی,70,28,37.5,47,25520,20260926,-5.3,-7.5,30.5,-8.1,-2.5,5.4,42.7,48.5,0,0,false,20.2,4.01,above,-10.1,0.77,23785,26010,-2.79,-14.6,4.94,11.29,7.85,2382,10.71,10.04,6.7,24497,23273,26010,27800,0.22,واگرایی منفی RSI | خروج مستمر پول حقیقی | واگرایی منفی | حد ضرر دور (8.8٪) | نقدشوندگی کمتر از ۱۰ میلیارد تومان
وبیمه,سرمایه‌ گذاری‌ صنعت‌ بیمه‌,سرمایه گذاریها,47.4,خنثی,100,50,20.6,9,3200,20260926,-6.4,31.6,121.6,83,6.5,33.5,107.5,70.2,10,0,false,73.6,3.46,above,-9.1,1.02,2106,,-3.27,-6.25,0.96,5.35,9.89,188,17.02,7.13,138.7,3089,2978,3532,3754,1.5,سهم صفی: 10 روز از ۲۰ روز در صف (ریسک نقدشوندگی و اجرای حد ضرر) | رشد عمودی (122٪ در ۶۰ روز، 34٪ بالای MA50) | 107٪ بالای MA200 | نقدشوندگی کمتر از ۱۰ میلیارد تومان | شناوری کم (12٪)
ثقزوی,شرکت عمران و سازندگی قزوین,انبوه سازی، املاک و مستغلات,47.4,خنثی,100,65,27.5,30,2804,20260926,-6.6,27.2,96.7,58.1,6.9,36,50.7,66.8,7,3,false,64.7,3.33,above,-11.6,0.46,2372,3172,0,8.64,0.64,-0.68,2.36,35,80.11,,,2711,2617,3172,3359,1.97,نقدشوندگی پایین | سهم صفی: 7 روز از ۲۰ روز در صف (ریسک نقدشوندگی و اجرای حد ضرر) | رشد عمودی (97٪ در ۶۰ روز، 36٪ بالای MA50) | P/E بالا (80) | عرضه حقوقی به حقیقی (-9 میلیارد تومان در ۲۰ روز) | 51٪ بالای MA200 | سرانه خرید ضعیف (0.64) | نقدشوندگی کمتر از ۱۰ میلیارد تومان | صف فروش در ۵ روز اخیر
فسدید,لوله‌وتجهیزات‌ سدید,فلزات اساسی,47.3,خنثی,90,70,15.2,10,153300,20260926,15.7,69.1,60.9,22.3,28.2,58,53.1,96.7,16,0,true,73.1,2.15,above,0,0.72,119000,,0,0.11,0.81,-7.01,3.74,,,,,149997,146693,163210,169817,1.5,اشباع خرید | فاصله زیاد از MA20 | بدون EPS مثبت | سهم صفی: 16 روز از ۲۰ روز در صف (ریسک نقدشوندگی و اجرای حد ضرر) | رشد عمودی (61٪ در ۶۰ روز، 58٪ بالای MA50) | عرضه حقوقی به حقیقی (0 میلیارد تومان در ۲۰ روز) | 53٪ بالای MA200 | نقدشوندگی کمتر از ۱۰ میلیارد تومان
وطوبی,سرمایه گذاری اقتصاد شهر طوبی,سرمایه گذاریها,47.2,خنثی,100,60,51.8,9,5970,20260926,7.8,29.2,55.7,17.1,14.2,31,114.5,95.1,0,0,true,56.8,2.22,above,-1.2,1.03,4570,,1.01,-6.18,1.21,0.5,0.96,459,13.01,8.73,49,5838,5705,6367,6632,1.5,نقدشوندگی پایین | اشباع خرید | خروج مستمر پول حقیقی | رشد عمودی (56٪ در ۶۰ روز، 31٪ بالای MA50) | 114٪ بالای MA200 | نقدشوندگی کمتر از ۱۰ میلیارد تومان
غمایه,شرکت خمیرمایه رضوی,محصولات غذایی و آشامیدنی به جز قند و شکر,47.2,خنثی,90,53,4.3,34,23610,20260926,-5.6,6.1,33.7,-4.9,-0.2,12.9,84,54.5,1,1,false,37.1,3.76,above,-11.1,0.34,22900,26570,-3.76,-19.95,0.89,-3.12,9.91,2821,8.37,7.05,18.7,22900,22456,26570,28346,2.56,خروج مستمر پول حقیقی | 84٪ بالای MA200 | نقدشوندگی کمتر از ۱۰ میلیارد تومان | صف فروش در ۵ روز اخیر
بنیرو,نیروترانس‌,ماشین آلات و دستگاه‌های برقی,47.1,خنثی,70,43,2,68,3730,20260926,0.5,-5.6,34.2,-4.4,-1.9,2.4,44.6,50.3,1,0,false,11.5,3.49,above,-8.1,0.66,3637,3835,-5.89,-45.36,0.69,-8.08,14.1,830,4.49,6.15,-26.9,3637,3572,3835,3905,0.66,خروج مستمر پول حقیقی | بدون روند (ADX پایین) | سرانه خرید ضعیف (0.69)
پرداخت,به پرداخت ملت,رایانه و فعالیت‌های وابسته به آن,46.9,خنثی,70,30,26.5,53,6580,20260926,-11.3,4.1,23.2,-15.4,-9.7,1.7,16.7,41.1,5,3,false,37.2,4.19,above,-18.7,0.46,6370,6670,-4.55,48.09,0.34,-11.29,10.03,481,13.68,18.19,-24.8,6370,6232,6670,7490,0.26,عرضه حقوقی به حقیقی (-49 میلیارد تومان در ۲۰ روز) | سرانه خرید ضعیف (0.34) | شناوری کم (5٪) | صف فروش در ۵ روز اخیر
شهر,گروه مالی شهر,سرمایه گذاریها,46.8,خنثی,100,38,13,24,2351,20260926,0.7,11.5,34.2,-4.4,5.8,20,40.6,70.6,0,0,false,50.4,3.77,above,-3.2,0.73,2158,2428,-15.12,-32.27,1.28,-1.4,4.88,291,8.08,7.13,13.3,2262,2130,2428,2605,0.35,خروج مستمر پول حقیقی | حد ضرر دور (9.4٪) | نقدشوندگی کمتر از ۱۰ میلیارد تومان | شناوری کم (7٪)
سیمرغ,سیمرغ,زراعت و خدمات وابسته,46.8,خنثی,90,65,1,26,5230,20260926,-12.7,8.3,69.4,30.8,-4.1,19,95.9,51.8,6,1,false,60,3.23,above,-16.6,1.36,4860,6270,-56.8,-79.75,0.21,-82.72,16.99,513,10.19,6.33,61.1,5061,4808,6270,6608,2.46,واگرایی منفی RSI | خروج مستمر پول حقیقی | سهم صفی: 6 روز از ۲۰ روز در صف (ریسک نقدشوندگی و اجرای حد ضرر) | 96٪ بالای MA200 | سرانه خرید ضعیف (0.21) | واگرایی منفی | حد ضرر دور (8.1٪) | صف فروش در ۵ روز اخیر
زاگرس,پتروشیمی زاگرس,محصولات شیمیایی,46.6,خنثی,100,65,5.6,9,163700,20260926,-2.8,11.4,46.3,7.7,3.3,20.7,40.6,61.5,1,0,false,51.9,3.44,above,-7.9,0.97,150200,168899,-39.04,-20.34,0.92,-14.71,31.84,9222,17.75,8.01,121.6,158062,149606,168899,177700,0.37,حد ضرر دور (8.6٪)
خراسان,پتروشیمی خراسان,محصولات شیمیایی,46.6,خنثی,70,30,28.5,70,53030,20260923,-8,4.3,-0.7,-39.3,-6.4,5.7,57,45.9,3,0,false,28.1,3.92,above,-16.1,0.86,49990,55712,-17,58.51,0.51,-49.09,29.09,7006,7.57,9.63,-21.4,50952,48951,55712,57180,0.66,عرضه حقوقی به حقیقی (-55 میلیارد تومان در ۲۰ روز) | 57٪ بالای MA200 | سرانه خرید ضعیف (0.51) | حد ضرر دور (7.7٪) | شناوری کم (6٪) | آخرین معامله 20260923 (متوقف یا کم‌معامله)
غدشت,دشت‌ مرغاب‌,محصولات غذایی و آشامیدنی به جز قند و شکر,46.6,خنثی,70,20,16.5,70,3720,20260926,-8.4,-1.8,21.1,-17.5,-4.9,6.9,32.6,47.3,3,1,false,17.2,3.8,above,-13.3,0.85,3550,4290,-7.24,1.87,0.6,-11.07,9.69,591,6.29,8.53,-26.2,3579,3479,4290,4573,2.37,عرضه حقوقی به حقیقی (-3 میلیارد تومان در ۲۰ روز) | سرانه خرید ضعیف (0.60) | نقدشوندگی کمتر از ۱۰ میلیارد تومان | صف فروش در ۵ روز اخیر
بپیوند,برق و انرژی پیوندگستر پارس,عرضه برق، گاز، بخاروآب گرم,46.6,خنثی,65,30,37.5,47,17620,20260926,-3.7,-9.2,16.8,-21.8,-3.6,5.3,43.4,47.3,1,1,false,24.8,3.91,above,-12.7,0.62,17150,19560,-0.58,-0.14,9.22,7.18,3.5,1762,10,10.04,-0.4,17150,16806,19560,20190,2.38,نقدشوندگی کمتر از ۱۰ میلیارد تومان | صف فروش در ۵ روز اخیر
وخارزم,سرمایه گذاری خوارزمی,سرمایه گذاریها,46.5,خنثی,100,60,22,16,9080,20260923,2.8,18.5,86,47.4,8.4,29.3,127.7,71.8,1,0,false,64.4,3.14,above,0,1.31,8290,,-92.84,-411.44,1.24,-42.71,112.77,830,10.94,7.13,53.4,8795,8368,9934,10504,1.2,واگرایی منفی RSI | خروج مستمر پول حقیقی | 128٪ بالای MA200 | واگرایی منفی | حد ضرر دور (7.8٪) | آخرین معامله 20260923 (متوقف یا کم‌معامله)
بخاور,بیمه زندگی خاورمیانه,بیمه وصندوق بازنشستگی به جزتامین اجتماعی,46.5,خنثی,100,53,1.5,62,6650,20260926,0.8,7.1,30.6,-8,1.9,9.5,60.7,59.2,1,0,false,35.1,2.97,above,-5.1,0.63,6570,7010,-3.29,-17.99,0.46,-2.87,2.57,813,8.18,18.13,-54.9,6570,6471,7010,7404,2.02,نقدشوندگی پایین | خروج مستمر پول حقیقی | 61٪ بالای MA200 | سرانه خرید ضعیف (0.46) | نقدشوندگی کمتر از ۱۰ میلیارد تومان
چکارن,کارتن‌ ایران‌,محصولات کاغذی,46.4,خنثی,70,20,53.6,72,4540,20260926,-7,-6.4,12.9,-25.7,-4.1,6.3,36.5,46.5,0,0,false,33.3,3.74,above,-12.9,0.79,4410,4900,0.19,-0.08,1.31,0.76,2.66,476,9.54,16.48,-42.1,4410,4325,4900,5210,1.68,نقدشوندگی پایین | واگرایی منفی RSI | واگرایی منفی | نقدشوندگی کمتر از ۱۰ میلیارد تومان
فسوژ,سوژمیران,فلزات اساسی,46.4,خنثی,100,50,1.5,24,23920,20260926,-3.4,33.4,168.8,130.2,5.6,44.9,206.3,74.3,10,1,false,81.2,3.46,above,-7.7,1.51,10167,25920,-88.59,-130.5,0.45,-323.47,102.02,2590,9.24,8.05,14.7,23092,22265,25920,27575,1.21,خروج مستمر پول حقیقی | سهم صفی: 10 روز از ۲۰ روز در صف (ریسک نقدشوندگی و اجرای حد ضرر) | رشد عمودی (169٪ در ۶۰ روز، 45٪ بالای MA50) | 206٪ بالای MA200 | سرانه خرید ضعیف (0.45) | صف فروش در ۵ روز اخیر
اعتلا,شرکت سرمایه گذاری اعتلاء البرز,سرمایه گذاریها,46.4,خنثی,70,28,17,82,2288,20260923,-6.7,-1.4,29.9,-8.7,-3.9,5,37.7,46,0,0,false,30.3,3.63,above,-11.4,0.56,2253,2380,-1.92,3.84,0.77,-1.15,3.94,377,6.07,8.73,-30.5,2253,2212,2380,2418,1.2,عرضه حقوقی به حقیقی (-4 میلیارد تومان در ۲۰ روز) | سرانه خرید ضعیف (0.77) | نقدشوندگی کمتر از ۱۰ میلیارد تومان | آخرین معامله 20260923 (متوقف یا کم‌معامله)
فجهان,جهان فولاد سیرجان,فلزات اساسی,46.3,خنثی,100,65,4.2,9,3080,20260926,-5.8,31.9,92.8,54.2,5.5,37.5,73.6,69.9,9,0,false,65,3.41,above,-9.1,0.65,2064,3390,-63.02,-62.07,0.91,-25.28,36.73,171,18.01,8.05,123.7,2975,2870,3390,3600,1.47,خروج مستمر پول حقیقی | سهم صفی: 9 روز از ۲۰ روز در صف (ریسک نقدشوندگی و اجرای حد ضرر) | رشد عمودی (93٪ در ۶۰ روز، 37٪ بالای MA50) | 74٪ بالای MA200
حپارسا,توسعه حمل و نقل ریلی پارسیان,حمل ونقل، انبارداری و ارتباطات,46.3,خنثی,70,65,2,47,20340,20260926,-6.6,5.3,44.5,5.9,-2,7.5,99.6,50.2,2,0,false,32.9,4.09,above,-12.3,0.68,19880,21200,-4.52,-14.09,0.6,-6.97,6.91,2511,8.1,7.68,5.5,19880,19464,21200,23200,0.98,خروج مستمر پول حقیقی | 100٪ بالای MA200 | سرانه خرید ضعیف (0.60) | نقدشوندگی کمتر از ۱۰ میلیارد تومان
فبستم,صنایع ‌بسته‌بندی‌ مشهد,ساخت محصولات فلزی,46.2,خنثی,90,30,83,30,16890,20260923,-4.7,7.6,4.4,-34.2,-4.6,4.2,8.5,46.7,2,0,false,27.1,4.18,above,-15.5,0.64,16580,17430,1.34,3.49,1.4,1.05,1.18,396,42.65,,,16580,16227,17430,17900,0.81,نقدشوندگی پایین | P/E بالا (43) | عرضه حقوقی به حقیقی (-3 میلیارد تومان در ۲۰ روز) | نقدشوندگی کمتر از ۱۰ میلیارد تومان | آخرین معامله 20260923 (متوقف یا کم‌معامله)
ودانا,سرمایه گذاری دانایان,سرمایه گذاریها,46.2,خنثی,100,53,20.4,42,5190,20260926,-5.6,19.9,33.2,-5.4,1.8,16.2,19.8,59.2,7,2,false,51.2,3.37,above,-22.3,1.19,4737,5313,0,0,1.02,1.61,1.92,487,10.66,,,5015,4752,5313,5429,0.28,نقدشوندگی پایین | سهم صفی: 7 روز از ۲۰ روز در صف (ریسک نقدشوندگی و اجرای حد ضرر) | حد ضرر دور (8.4٪) | نقدشوندگی کمتر از ۱۰ میلیارد تومان | صف فروش در ۵ روز اخیر
غالبر,لبنیات‌ کالبر,محصولات غذایی و آشامیدنی به جز قند و شکر,46.1,خنثی,75,45,48.4,10,31000,20260926,-1.1,5.5,-0.2,-38.8,2.6,10.7,-11.2,56.6,4,0,false,22,3.7,above,-40.4,0.73,30287,31325,0.77,1.34,1.07,-8.52,17.75,,,8.53,,30287,29713,31325,33080,0.25,بدون EPS مثبت
گوهران,سرمایه گذاری توسعه گوهران امید,سرمایه گذاریها,46.1,خنثی,100,60,19.3,37,6440,20260926,2.1,2.4,61.2,22.6,3.6,11.5,64.3,70.5,0,0,false,35.6,3.06,above,-4.7,0.63,6180,6760,-0.25,-19.85,0.91,0.08,2.42,725,8.88,8.73,1.7,6243,6082,6760,7154,0.89,نقدشوندگی پایین | واگرایی منفی RSI | خروج مستمر پول حقیقی | 64٪ بالای MA200 | واگرایی منفی | نقدشوندگی کمتر از ۱۰ میلیارد تومان
غبهنوش,بهنوش‌ ایران‌,محصولات غذایی و آشامیدنی به جز قند و شکر,46,خنثی,48,80,48.5,14,79430,20260926,5.2,17,6.3,-32.3,6.7,-0.7,12.9,55.7,1,0,true,19.9,3.55,below,-22.8,1.44,78310,84490,-15.17,8.04,1.04,3.87,18.7,1714,46.34,8.53,443.3,78310,76899,84490,86100,2,P/E بالا (46) | عرضه حقوقی به حقیقی (-20 میلیارد تومان در ۲۰ روز)
کفرا,فراورده‌ های‌ نسوزایران‌,سایر محصولات کانی غیرفلزی,45.9,خنثی,90,65,13.6,10,4280,20260926,-6.8,10.9,154.5,115.9,-4.8,24.2,138.1,54.8,11,2,false,62.9,3.13,above,-16.6,1.36,1924,5130,-22.5,-49.09,1.32,-22.47,17.58,,,12.75,,4146,4012,5130,5398,3.17,خروج مستمر پول حقیقی | بدون EPS مثبت | سهم صفی: 11 روز از ۲۰ روز در صف (ریسک نقدشوندگی و اجرای حد ضرر) | رشد عمودی (154٪ در ۶۰ روز، 24٪ بالای MA50) | 138٪ بالای MA200 | صف فروش در ۵ روز اخیر
فمراد,آلومراد,فلزات اساسی,45.9,خنثی,100,65,1.5,10,3800,20260926,-2.8,11.1,56.3,17.7,2.8,17.5,40.8,62.5,3,1,false,43.8,3.93,above,-7.3,1.12,3630,,-2.99,-2.02,0.63,-12.32,7.46,,,13.48,,3651,3555,4248,4546,1.83,بدون EPS مثبت | سرانه خرید ضعیف (0.63) | نقدشوندگی کمتر از ۱۰ میلیارد تومان | صف فروش در ۵ روز اخیر
وملت,سرمایه گذاری ملت,سرمایه گذاریها,45.9,خنثی,100,58,45,32,4470,20260922,4,10.6,30.6,-8,5.1,11.8,23,99.4,20,0,true,92.6,0.86,above,-0.7,1.92,3935,,0,0,5.58,0.53,0.07,491,9.1,,,4432,4394,4585,4661,1.5,نقدشوندگی پایین | اشباع خرید | سهم صفی: 20 روز از ۲۰ روز در صف (ریسک نقدشوندگی و اجرای حد ضرر) | نقدشوندگی کمتر از ۱۰ میلیارد تومان | آخرین معامله 20260922 (متوقف یا کم‌معامله)
سدبیر,س. تدبیرگران فارس وخوزستان,سرمایه گذاریها,45.8,خنثی,85,20,3,82,37640,20260923,-9.3,-2.3,24,-14.6,-4.5,6.3,8.9,47.3,0,0,false,37.3,4.22,above,-24.1,0.76,36900,38674,-7.29,-2.56,0.57,-14.62,11.25,7407,5.08,8.73,-41.8,36900,36106,38674,40487,0.67,واگرایی منفی RSI | سرانه خرید ضعیف (0.57) | واگرایی منفی | آخرین معامله 20260923 (متوقف یا کم‌معامله)
شیران,س. صنایع‌شیمیایی‌ایران,محصولات شیمیایی,45.7,خنثی,65,30,10.8,70,10820,20260926,2.3,-11.9,27,-11.6,-3,0.8,46.7,48,1,0,false,20.6,3.68,above,-13.1,1.08,10620,10930,-4.46,-19.92,1.11,-14.68,43.57,1359,7.96,9.63,-17.3,10620,10421,10930,11380,0.28,شناوری کم (14٪)
گپارس,امور رفاهی کارگزاران پارس,هتل و رستوران,45.7,خنثی,100,85,34.7,20,281600,20260923,8.3,29.6,41.3,2.7,12.7,15.9,52.9,79.9,0,0,true,23.2,3.87,above,-4.1,1.11,220600,293550,0,-0.17,1.59,1.02,0.61,723,389.49,,,270689,259777,293550,315373,0.55,نقدشوندگی پایین | اشباع خرید | P/E بالا (389) | 53٪ بالای MA200 | حد ضرر دور (7.7٪) | نقدشوندگی کمتر از ۱۰ میلیارد تومان | آخرین معامله 20260923 (متوقف یا کم‌معامله)
وآذر,سرمایه‌گذاری‌توسعه‌آذربایجان‌,انبوه سازی، املاک و مستغلات,45.7,خنثی,90,55,20.6,10,7050,20260926,-1,4.1,26.1,-12.5,-0.3,16.7,52.5,59.5,2,0,false,27.4,4.33,above,-7.8,0.63,6570,7650,-3.27,-17.83,1.03,0.09,11.82,,,6.61,,6745,6417,7650,8260,0.95,خروج مستمر پول حقیقی | بدون EPS مثبت | 53٪ بالای MA200 | حد ضرر دور (9.0٪)
کالا,بورس کالای ایران,فعالیتهای کمکی به نهادهای مالی واسط,45.6,خنثی,100,65,1.5,9,10930,20260926,-3.6,14.2,45.7,7.1,5.6,17.9,97.5,64.1,6,0,false,33.2,3.39,above,-7.4,0.76,9730,11800,-130.25,-361.58,0.58,-183.74,149.33,885,12.35,5.92,108.6,10559,10188,11800,12542,1.17,خروج مستمر پول حقیقی | سهم صفی: 6 روز از ۲۰ روز در صف (ریسک نقدشوندگی و اجرای حد ضرر) | 98٪ بالای MA200 | سرانه خرید ضعیف (0.58)
سخوز,سیمان خوزستان,سیمان، آهک و گچ,45.6,خنثی,70,35,0.5,70,94640,20260926,-4.7,-0.8,0.9,-37.7,-3.6,11,28.1,51,2,1,false,28.6,3.95,above,-12.2,0.43,91990,98280,-12.83,-83.78,0.47,-17.02,18.15,15662,6.04,7.14,-15.4,91990,90119,98280,102761,0.81,واگرایی منفی RSI | خروج مستمر پول حقیقی | سرانه خرید ضعیف (0.47) | واگرایی منفی | صف فروش در ۵ روز اخیر
اوان,مبین وان کیش,اطلاعات و ارتباطات,45.6,خنثی,90,65,8.2,14,13950,20260926,-1,1.8,41.8,3.2,-4.4,12.2,80.5,52.3,1,0,false,39.8,4.19,above,-15.2,1.06,13640,16460,-11.02,-16.1,1.11,-3.61,9.29,8,1743.75,11.65,14867.8,13640,13348,16460,17630,4.17,خروج مستمر پول حقیقی | P/E بالا (1744) | 81٪ بالای MA200 | نقدشوندگی کمتر از ۱۰ میلیارد تومان
ثعمرا,عمران و توسعه شاهد,انبوه سازی، املاک و مستغلات,45.5,خنثی,90,45,34.1,4,15000,20260926,-7.1,7.6,23.8,-14.8,-1.5,12.7,49.1,52.8,0,0,false,29.3,3.97,above,-9.6,0.9,14511,16592,-1.06,-4.97,1.49,2.78,3.36,378,39.68,23.59,68.2,14511,14213,16592,17785,2.02,واگرایی منفی RSI | خروج مستمر پول حقیقی | P/E بالا (40) | واگرایی منفی | نقدشوندگی کمتر از ۱۰ میلیارد تومان
تشتاد,صنایع تولیدی اشتاد ایران‌,خودرو و ساخت قطعات,45.5,خنثی,100,70,36.1,10,7070,20260926,9.8,39.2,44.2,5.6,20.7,35.5,43.9,86.1,4,0,true,47.1,3.07,above,-0.1,1.41,6220,,0,-0.12,1.24,1.5,0.93,,,,,6853,6636,7721,8155,1.5,نقدشوندگی پایین | اشباع خرید | فاصله زیاد از MA20 | بدون EPS مثبت | رشد عمودی (44٪ در ۶۰ روز، 36٪ بالای MA50) | نقدشوندگی کمتر از ۱۰ میلیارد تومان
ستران,سیمان‌ تهران‌,سیمان، آهک و گچ,45.5,خنثی,70,30,17,57,13340,20260926,-5.8,5.2,21.1,-17.5,-6.6,5.8,43.9,45.9,4,0,false,33.2,4.16,above,-17,0.98,13141,16070,-0.41,29.35,0.68,-41.93,36.96,1902,7.01,7.14,-1.8,13141,12863,16070,17181,5.73,سرانه خرید ضعیف (0.68)
گنگین,گروه اقتصادی مالی نگین,شرکتهای چند رشته ای صنعتی,45.5,خنثی,100,60,22,32,17550,20260926,2.9,21.5,79.4,40.8,8,24.1,74.7,84.6,1,1,true,59.7,2.97,above,-1.2,0.95,16570,,-0.47,-5.84,2.54,-0.32,1.34,1700,10.32,,,17029,16310,19113,20155,1.26,نقدشوندگی پایین | اشباع خرید | خروج مستمر پول حقیقی | 75٪ بالای MA200 | حد ضرر دور (7.1٪) | نقدشوندگی کمتر از ۱۰ میلیارد تومان | صف فروش در ۵ روز اخیر
بفجر,فجر انرژی خلیج فارس,عرضه برق، گاز، بخاروآب گرم,45.4,خنثی,10,43,55,80,10660,20260926,-1.4,-14.4,-14.1,-52.7,-4.5,-16.5,-6.3,37.7,1,0,true,29.7,4.31,below,-31.2,1.07,10269,11072,93.36,454.31,0.86,-31.67,73.57,1802,5.92,7.09,-16.6,10269,10039,11072,11477,0.66,عرضه حقوقی به حقیقی (-453 میلیارد تومان در ۲۰ روز) | واگرایی مثبت RSI
ومهان,گروه توسعه مالی مهرآیندگان,سرمایه گذاریها,45.4,خنثی,90,38,17,26,5420,20260926,-11.4,6.6,37.2,-1.4,-4.9,10.6,46.7,49.6,8,0,false,36.3,3.56,above,-14.5,0.69,4700,5500,-230.42,114.59,0.27,-258.58,115.4,532,10.19,7.13,42.9,5227,5034,5500,5913,0.21,واگرایی منفی RSI | سهم صفی: 8 روز از ۲۰ روز در صف (ریسک نقدشوندگی و اجرای حد ضرر) | عرضه حقوقی به حقیقی (-171 میلیارد تومان در ۲۰ روز) | سرانه خرید ضعیف (0.27) | واگرایی منفی | حد ضرر دور (7.1٪) | شناوری کم (10٪)
خزر,فنرسازی‌زر,خودرو و ساخت قطعات,45.4,خنثی,70,38,15,52,1971,20260926,-12.5,3.1,33,-5.6,-10.7,5.1,42.7,40.9,6,1,false,44.3,3.88,above,-22.3,0.82,1898,2537,-4.55,1.79,0.39,-18.48,11.2,394,5,,,1898,1860,2537,2690,5.09,سهم صفی: 6 روز از ۲۰ روز در صف (ریسک نقدشوندگی و اجرای حد ضرر) | عرضه حقوقی به حقیقی (-3 میلیارد تومان در ۲۰ روز) | سرانه خرید ضعیف (0.39) | صف فروش در ۵ روز اخیر
کبافق,معادن‌ بافق‌,استخراج کانه های فلزی,45.4,خنثی,90,53,17,14,40450,20260926,-13.9,7.6,34.4,-4.2,-4.2,16.7,58.6,50.5,7,2,false,53.2,4.11,above,-17.3,0.86,37370,41060,-15.29,6.67,0.34,-21.87,8.96,1583,25.55,13.76,85.7,38788,36539,41060,48940,0.16,واگرایی منفی RSI | سهم صفی: 7 روز از ۲۰ روز در صف (ریسک نقدشوندگی و اجرای حد ضرر) | عرضه حقوقی به حقیقی (-16 میلیارد تومان در ۲۰ روز) | 59٪ بالای MA200 | سرانه خرید ضعیف (0.34) | واگرایی منفی | حد ضرر دور (9.7٪) | نقدشوندگی کمتر از ۱۰ میلیارد تومان | صف فروش در ۵ روز اخیر
ثعتما,س. ساختمانی اعتماد گستر,انبوه سازی، املاک و مستغلات,45.3,خنثی,100,70,35,10,48890,20260926,11.9,17.4,99.1,60.5,15.9,30.1,61.9,82,1,0,true,46.8,3.89,above,-1.4,0.8,43300,,0,-6.89,1.92,2.98,2.11,,,,,46988,44134,54597,58402,1.2,نقدشوندگی پایین | واگرایی منفی RSI | اشباع خرید | فاصله زیاد از MA20 | خروج مستمر پول حقیقی | بدون EPS مثبت | رشد عمودی (99٪ در ۶۰ روز، 30٪ بالای MA50) | 62٪ بالای MA200 | واگرایی منفی | حد ضرر دور (9.7٪) | نقدشوندگی کمتر از ۱۰ میلیارد تومان
شتهران,داروسازی تهران شیمی,مواد و محصولات دارویی,45.3,خنثی,50,70,35,70,6650,20260926,2.3,8.6,-18.5,-57.1,5.3,0.1,-23.5,63.8,20,0,true,37.7,0.94,below,-41,0.7,5950,6888,0,0,3.8,0.19,0.09,1711,3.89,,,6588,6526,6888,7072,1.92,نقدشوندگی پایین | سهم صفی: 20 روز از ۲۰ روز در صف (ریسک نقدشوندگی و اجرای حد ضرر) | نقدشوندگی کمتر از ۱۰ میلیارد تومان | واگرایی مثبت RSI
نیروترانسفو,کارخانجات تولیدی نیروترانسفو,ماشین آلات و دستگاه‌های برقی,45.2,خنثی,70,50,30.8,26,25020,20260926,-12.5,1.7,61.1,22.5,-3.8,5.7,,46.4,8,2,false,38.6,3.81,above,-17,0.98,22850,27510,-59.89,-37.68,1.37,0.26,35,2731,9.16,5.95,54,24068,22640,27510,30140,1.05,واگرایی منفی RSI | خروج مستمر پول حقیقی | سهم صفی: 8 روز از ۲۰ روز در صف (ریسک نقدشوندگی و اجرای حد ضرر) | 210٪ بالای کف ۵۲ هفته | واگرایی منفی | حد ضرر دور (9.5٪) | صف فروش در ۵ روز اخیر
بمیلا,توسعه سرمایه گذاری میلاد پارس,تجارت عمده فروشی به جز وسایل نقلیه موتور,45.1,خنثی,90,45,26.5,10,7320,20260926,-6.9,26.9,-6.9,-45.5,2.4,14.4,1.5,56.9,8,2,false,34.9,3.63,above,-37.1,0.66,6960,7780,-0.77,21.66,0.76,-2.17,8.33,,,,,7054,6827,7780,8250,0.93,بدون EPS مثبت | سهم صفی: 8 روز از ۲۰ روز در صف (ریسک نقدشوندگی و اجرای حد ضرر) | عرضه حقوقی به حقیقی (-22 میلیارد تومان در ۲۰ روز) | سرانه خرید ضعیف (0.76) | نقدشوندگی کمتر از ۱۰ میلیارد تومان | صف فروش در ۵ روز اخیر
وآتوس,گروه سرمایه گذاری توسکا,سرمایه گذاریها,45.1,خنثی,65,50,52.5,10,1433,20260926,-13.6,0.2,39.8,1.2,-4.9,3.4,-5.4,45.2,3,2,false,31.4,3.79,above,-44.8,0.82,1412,1497,0.47,8.04,0.45,-7.67,5.97,,,,,1412,1385,1497,1533,1.34,بدون EPS مثبت | عرضه حقوقی به حقیقی (-8 میلیارد تومان در ۲۰ روز) | سرانه خرید ضعیف (0.45) | نقدشوندگی کمتر از ۱۰ میلیارد تومان | صف فروش در ۵ روز اخیر
فماک,ماداکتو استیل کرد,فلزات اساسی,45.1,خنثی,100,35,23.4,9,31240,20260926,0.6,26.5,141.2,102.6,9.8,41.5,136.9,80.7,3,0,false,78.7,3.67,above,-5.5,1.22,26880,,-5.8,-15.44,1.26,-19.77,9.4,2086,14.98,8.05,86,30093,28947,34680,36973,1.5,اشباع خرید | خروج مستمر پول حقیقی | رشد عمودی (141٪ در ۶۰ روز، 42٪ بالای MA50) | 137٪ بالای MA200 | حد ضرر دور (7.3٪) | نقدشوندگی کمتر از ۱۰ میلیارد تومان
لازما,کارخانه های صنعتی آزمایش,ماشین آلات و تجهیزات,45,خنثی,100,50,0,20,193000,20260926,-2.7,40.2,158.2,119.6,8.8,48.9,137.5,74.2,11,1,false,78.9,3.23,above,-10,1.22,84600,,-23.82,-40.63,0.66,-23.02,9.65,4652,41.49,,,186758,180516,211727,224211,1.5,خروج مستمر پول حقیقی | سهم صفی: 11 روز از ۲۰ روز در صف (ریسک نقدشوندگی و اجرای حد ضرر) | رشد عمودی (158٪ در ۶۰ روز، 49٪ بالای MA50) | P/E بالا (41) | 137٪ بالای MA200 | سرانه خرید ضعیف (0.66) | نقدشوندگی کمتر از ۱۰ میلیارد تومان | صف فروش در ۵ روز اخیر
غگلستا,شیر پاستوریزه پگاه گلستان,محصولات غذایی و آشامیدنی به جز قند و شکر,45,خنثی,90,38,15.5,26,15190,20260926,-12,8.5,32.2,-6.4,-7.2,9.6,54.5,45.7,6,1,false,43.2,4.21,above,-18.3,0.51,14280,18590,-4.04,11.48,0.44,-13.04,12.45,1656,9.17,7.05,30.1,14550,13960,18590,19870,2.76,سهم صفی: 6 روز از ۲۰ روز در صف (ریسک نقدشوندگی و اجرای حد ضرر) | عرضه حقوقی به حقیقی (-13 میلیارد تومان در ۲۰ روز) | 54٪ بالای MA200 | سرانه خرید ضعیف (0.44) | حد ضرر دور (8.1٪) | صف فروش در ۵ روز اخیر
غصینو,صنعتی مینو,محصولات غذایی و آشامیدنی به جز قند و شکر,44.9,خنثی,41,20,70.5,44,5570,20260926,-6.1,-6.2,10.7,-27.9,-4.9,-1.8,57.4,43.5,2,1,false,22.3,4.55,inside,-13.2,0.69,5400,5700,26.47,50.14,0.96,10.92,29.11,698,7.98,7.05,13.2,5400,5273,5700,6065,0.44,عرضه حقوقی به حقیقی (-53 میلیارد تومان در ۲۰ روز) | 57٪ بالای MA200 | صف فروش در ۵ روز اخیر
کیا,کیا الکترود شرق,ساخت محصولات فلزی,44.9,خنثی,100,80,31.5,4,9830,20260926,2.5,9.6,25.7,-12.9,7.6,14.9,20.4,67.6,0,0,true,21.7,3.89,above,-4.3,1.38,9405,10270,-2.24,-4.52,1,0.68,1.91,262,37.52,6.02,523.2,9447,9214,10270,11035,0.71,نقدشوندگی پایین | خروج مستمر پول حقیقی | P/E بالا (38) | نقدشوندگی کمتر از ۱۰ میلیارد تومان
سکارون,سیمان کارون,سیمان، آهک و گچ,44.8,خنثی,39,45,66.5,30,5110,20260926,3.9,-2.3,8.2,-30.4,-0.4,-2.2,30,50.3,1,0,false,13.4,3.95,inside,-13.5,1.23,4990,5405,2.5,4.19,0.92,-0.76,3.19,243,21.03,,,4990,4889,5405,5525,1.34,واگرایی منفی RSI | بدون روند (ADX پایین) | عرضه حقوقی به حقیقی (-3 میلیارد تومان در ۲۰ روز) | واگرایی منفی | نقدشوندگی کمتر از ۱۰ میلیارد تومان
سهگمت,سیمان‌هگمتان‌,سیمان، آهک و گچ,44.6,خنثی,70,30,0.5,70,139200,20260926,-0.6,0.3,-16,-54.6,-1.3,3.1,17.9,50,0,0,false,13.7,3.24,above,-16,0.5,133414,142850,-8.5,-27.99,0.54,-14.2,18.34,27300,5.1,7.14,-28.6,134696,131162,142850,152400,0.45,خروج مستمر پول حقیقی | بدون روند (ADX پایین) | سرانه خرید ضعیف (0.54)
خبهمن,گروه‌بهمن‌,خودرو و ساخت قطعات,44.5,خنثی,70,40,2,60,2469,20260926,-9.7,-9.5,41,2.4,-7.6,4.9,45,44,2,1,false,35.8,4.08,above,-13.9,0.78,2261,2538,-134.17,-118.39,0.42,-253.46,141.67,560,4.41,,,2368,2217,2538,2808,0.27,واگرایی منفی RSI | سرانه خرید ضعیف (0.42) | واگرایی منفی | حد ضرر دور (10.2٪) | صف فروش در ۵ روز اخیر
کوچین,تولیدی کوچین,محصولات غذایی و آشامیدنی به جز قند و شکر,44.5,خنثی,70,28,1.5,70,15740,20260926,-8.6,-2.4,30.7,-7.9,-8.3,1.3,,42.2,2,1,false,37.4,4.08,above,-17.8,0.59,14630,15940,-46.56,-107.71,0.6,-49.63,52.96,2530,6.22,7.05,-11.8,15098,14309,15940,17250,0.14,خروج مستمر پول حقیقی | 279٪ بالای کف ۵۲ هفته | سرانه خرید ضعیف (0.60) | حد ضرر دور (9.1٪) | صف فروش در ۵ روز اخیر
سفارس,سیمان فارس و خوزستان,سیمان، آهک و گچ,44.4,خنثی,65,30,18.5,57,26290,20260926,-1.8,-10.7,1.6,-37,-6.9,0.3,39.7,42.4,1,0,false,25.9,4.17,above,-14.9,0.61,23461,26675,-3.9,1.74,0.56,-44.26,80.75,3912,6.72,7.14,-5.9,25193,23547,26675,27370,0.14,واگرایی منفی RSI | سرانه خرید ضعیف (0.56) | واگرایی منفی | حد ضرر دور (10.4٪)
تمحرکه,ماشین سازی نیرو محرکه,ماشین آلات و تجهیزات,44.4,خنثی,100,65,15.5,30,8620,20260926,-12,10.9,55.9,17.3,1.7,15.7,19.6,55.9,6,1,false,55.4,3.23,above,-14.6,1.05,8530,8865,0,0.04,0.68,-0.72,1.32,5,1724,,,8530,8391,8865,9000,1.07,نقدشوندگی پایین | سهم صفی: 6 روز از ۲۰ روز در صف (ریسک نقدشوندگی و اجرای حد ضرر) | P/E بالا (1724) | عرضه حقوقی به حقیقی (0 میلیارد تومان در ۲۰ روز) | سرانه خرید ضعیف (0.68) | نقدشوندگی کمتر از ۱۰ میلیارد تومان | صف فروش در ۵ روز اخیر
تپکو,تولیدتجهیزات‌سنگین‌هپکو,ماشین آلات و تجهیزات,44.4,خنثی,90,53,17,10,537,20260926,-10.8,19.3,29.7,-8.9,-3.3,16.9,30.7,53.1,10,1,false,51,3.36,above,-16.4,0.81,510,556,-5.65,30.46,0.62,-22.75,33.29,,,,,519,501,556,642,0.53,بدون EPS مثبت | سهم صفی: 10 روز از ۲۰ روز در صف (ریسک نقدشوندگی و اجرای حد ضرر) | عرضه حقوقی به حقیقی (-32 میلیارد تومان در ۲۰ روز) | سرانه خرید ضعیف (0.62) | صف فروش در ۵ روز اخیر
کحافظ,کاشی‌ وسرامیک‌ حافظ‌,کاشی و سرامیک,44.4,خنثی,70,28,1,70,2417,20260926,-10.3,-3.7,31.7,-7,-6.5,7.1,52.6,45.2,2,1,false,41.4,4.07,above,-15.9,0.69,2260,2586,-16.08,-28.18,0.46,-33.41,22.21,388,6.23,7.65,-18.6,2319,2211,2586,2875,0.82,واگرایی منفی RSI | خروج مستمر پول حقیقی | 53٪ بالای MA200 | سرانه خرید ضعیف (0.46) | واگرایی منفی | حد ضرر دور (8.5٪) | صف فروش در ۵ روز اخیر
وکار,بانک‌ کارآفرین‌,بانکها و موسسات اعتباری,44.1,خنثی,100,50,0.5,16,6220,20260926,-0.3,19.8,93.8,55.2,2.7,35,124.1,73,1,0,false,69.9,3.44,above,-4.9,0.25,6030,6540,-29.35,-350.84,0.54,-25.63,57.52,650,9.57,5.4,77.2,6030,5923,6540,6968,1.08,خروج مستمر پول حقیقی | رشد عمودی (94٪ در ۶۰ روز، 35٪ بالای MA50) | 124٪ بالای MA200 | سرانه خرید ضعیف (0.54)
سیستم,همکاران سیستم,رایانه و فعالیت‌های وابسته به آن,44,خنثی,55,38,26.5,53,52200,20260926,-6.9,1.4,36.8,-1.8,-6.6,-0.3,44.7,43.2,0,0,false,27.4,4.13,above,-15.5,1.24,48690,53500,-1.45,7.5,0.62,-8.59,6.24,3654,14.29,18.19,-21.5,50043,47611,53500,61750,0.28,سرانه خرید ضعیف (0.62) | حد ضرر دور (8.8٪) | نقدشوندگی کمتر از ۱۰ میلیارد تومان
سیلام,سیمان‌ ایلام‌,سیمان، آهک و گچ,43.9,خنثی,90,45,22.5,9,21590,20260926,1.8,-4.9,27,-11.6,-2.2,10.8,35.6,53.2,2,0,false,23.9,3.93,above,-7.7,0.5,20810,23320,-1.93,-13.81,1.1,0.12,8.01,1179,18.31,7.14,156.5,20810,20386,23320,25018,1.44,خروج مستمر پول حقیقی | نقدشوندگی کمتر از ۱۰ میلیارد تومان
دکوثر,داروسازی‌ کوثر,مواد و محصولات دارویی,43.6,خنثی,85,65,1.5,19,20040,20260926,-4.9,-8.5,102,63.4,-1.3,17.5,83.5,55.1,1,0,false,38.3,3.85,above,-10.9,0.83,19600,20420,-28.81,-11,0.65,-66.82,56.17,1031,19.44,12.91,50.6,19600,19214,20420,21270,0.46,رشد عمودی (102٪ در ۶۰ روز، 18٪ بالای MA50) | 84٪ بالای MA200 | سرانه خرید ضعیف (0.65)
تکمبا,کمباین‌ سازی‌ ایران‌,ماشین آلات و تجهیزات,43.6,خنثی,90,30,16.5,26,8180,20260926,-11,1.1,13.9,-24.7,-4.2,8.4,32.3,46.8,5,1,false,44,3.88,above,-17.3,0.98,7840,8320,-4.1,0.57,0.66,-1.16,5.19,809,10.11,5.15,96.3,7863,7681,8320,8600,0.28,عرضه حقوقی به حقیقی (-2 میلیارد تومان در ۲۰ روز) | سرانه خرید ضعیف (0.66) | نقدشوندگی کمتر از ۱۰ میلیارد تومان | صف فروش در ۵ روز اخیر
شگامرن,مجتمع پترو صنعت گامرون,محصولات شیمیایی,43.6,خنثی,100,60,62.5,4,27250,20260922,0.4,11.5,47,8.4,6.7,24.1,43.2,82.9,0,0,true,45.9,2.85,above,-2.6,1.13,26030,,0.19,-2.02,2.11,0.25,0.38,288,94.62,8.01,1081.2,26472,25641,29583,31138,1.45,نقدشوندگی پایین | اشباع خرید | خروج مستمر پول حقیقی | P/E بالا (95) | نقدشوندگی کمتر از ۱۰ میلیارد تومان | آخرین معامله 20260922 (متوقف یا کم‌معامله)
سفانو,سیمان فارس نو,سیمان، آهک و گچ,43.5,خنثی,50,20,28,70,52660,20260926,-6.3,-0.4,19.2,-19.4,-7.3,-1.2,46.5,41.7,1,0,false,24.5,4.02,above,-18.3,0.78,50010,56415,-0.9,41.96,0.4,-15.73,9.84,8458,6.23,7.14,-12.8,50544,48952,56415,64480,1.01,عرضه حقوقی به حقیقی (-42 میلیارد تومان در ۲۰ روز) | سرانه خرید ضعیف (0.40) | حد ضرر دور (7.0٪) | نقدشوندگی کمتر از ۱۰ میلیارد تومان
دفرا,فرآورده‌های‌ تزریقی‌ ایران‌,مواد و محصولات دارویی,43.4,خنثی,31,50,56.5,40,46860,20260926,-2.3,-15.7,46.9,8.3,-5.8,-6.1,79.1,42.8,2,1,false,29.1,4.33,inside,-16.3,1.21,45310,50383,20.15,45.86,0.88,-1.58,10.98,3353,13.98,12.91,8.3,45310,44295,50383,55770,1.37,عرضه حقوقی به حقیقی (-25 میلیارد تومان در ۲۰ روز) | 79٪ بالای MA200 | صف فروش در ۵ روز اخیر
شرنگی,شیمیایی رنگین,محصولات شیمیایی,43.3,خنثی,90,65,29,4,19010,20260923,-2.6,0.1,52.8,14.2,-1.4,16.6,59.1,57.4,1,0,false,50.4,4.27,above,-7.8,0.58,18020,20615,-1.08,-8.32,1.32,0.97,3.14,317,59.97,8.01,648.7,18197,17614,20615,22240,1.15,واگرایی منفی RSI | خروج مستمر پول حقیقی | P/E بالا (60) | 59٪ بالای MA200 | واگرایی منفی | حد ضرر دور (7.3٪) | نقدشوندگی کمتر از ۱۰ میلیارد تومان | آخرین معامله 20260923 (متوقف یا کم‌معامله)
اتکام,بیمه اتکایی امین,بیمه وصندوق بازنشستگی به جزتامین اجتماعی,43.3,خنثی,90,55,1,80,2940,20260923,-2.3,-0.5,47.6,9,-0.4,10.8,36.1,55.8,0,0,false,41.1,3.42,above,-6.7,0.68,2752,3080,-2.29,-8.86,0.51,-2.25,1.69,925,3.18,4.59,-30.8,2839,2702,3080,3150,0.59,نقدشوندگی پایین | واگرایی منفی RSI | خروج مستمر پول حقیقی | سرانه خرید ضعیف (0.51) | واگرایی منفی | حد ضرر دور (8.1٪) | نقدشوندگی کمتر از ۱۰ میلیارد تومان | شناوری کم (14٪) | آخرین معامله 20260923 (متوقف یا کم‌معامله)
کارام,صنایع سرام آرا,کاشی و سرامیک,43.1,خنثی,90,80,50.5,10,2034,20260922,9.8,12.7,-8.7,-47.3,11.5,19.7,0.3,67.5,3,0,true,25.1,3.33,above,-24.6,0.99,1968,2122,-0.03,0.44,3.21,0.07,0.49,,,,,1968,1934,2122,2166,0.88,نقدشوندگی پایین | بدون EPS مثبت | عرضه حقوقی به حقیقی (0 میلیارد تومان در ۲۰ روز) | نقدشوندگی کمتر از ۱۰ میلیارد تومان | آخرین معامله 20260922 (متوقف یا کم‌معامله)
ورنا,سرمایه‌گذاری‌ رنا(هلدینگ‌,خودرو و ساخت قطعات,43.1,خنثی,90,53,2,20,7210,20260926,-8,7,29.2,-9.4,-3.6,16.4,49.9,52.1,3,1,false,56.8,3.93,above,-9.8,0.62,6980,7975,-25.7,-50.1,0.46,-133.42,119.74,218,33.07,,,6980,6838,7975,8542,2.06,واگرایی منفی RSI | P/E بالا (33) | 156٪ بالای کف ۵۲ هفته | سرانه خرید ضعیف (0.46) | واگرایی منفی | صف فروش در ۵ روز اخیر
بجهرم,توسعه مولد نیروگاهی جهرم,عرضه برق، گاز، بخاروآب گرم,43,خنثی,65,40,2,60,2990,20260926,-7.1,-10.2,42.4,3.8,-6.6,3.9,48.5,44.4,2,1,false,37.8,3.86,above,-15.1,0.66,2573,3400,-28.84,-82.78,0.67,-18.36,38.55,334,8.95,10.04,-10.8,2875,2759,3400,3520,1.78,واگرایی منفی RSI | خروج مستمر پول حقیقی | سرانه خرید ضعیف (0.67) | واگرایی منفی | حد ضرر دور (7.7٪) | صف فروش در ۵ روز اخیر
شفارس,صنایع‌ شیمیایی‌ فارس‌,محصولات شیمیایی,43,خنثی,90,20,1,47,2084,20260926,-12.4,-0.5,22.5,-16.1,-4.4,10.4,29.4,48.4,2,0,false,36.5,4.23,above,-15.9,0.72,1927,2122,-3.98,-3.56,0.57,-13.07,10.55,231,9.02,9.63,-6.3,1996,1883,2122,2157,0.19,واگرایی منفی RSI | سرانه خرید ضعیف (0.57) | واگرایی منفی | حد ضرر دور (9.6٪)
خاور,ایران خودرو دیزل,خودرو و ساخت قطعات,42.9,خنثی,70,20,52.5,19,1461,20260926,-7.3,-8.7,3.9,-34.7,-8.5,1.4,21.1,41.5,2,0,false,28.2,4.35,above,-17.7,0.57,1431,1477,8.08,76.82,0.67,-39.02,72.95,91,16.05,5.87,173.5,1431,1400,1477,1567,0.26,عرضه حقوقی به حقیقی (-66 میلیارد تومان در ۲۰ روز) | سرانه خرید ضعیف (0.67)
زفکا,کشت و دامداری فکا,زراعت و خدمات وابسته,42.9,خنثی,70,30,16.5,47,7930,20260926,-9,1.5,9.7,-28.9,-3.8,2,45.1,45.4,0,0,false,17.3,4.23,above,-13.9,0.71,7815,8130,-36.03,23.07,0.36,-52.7,26.74,910,8.71,8.07,8,7815,7648,8130,8470,0.71,عرضه حقوقی به حقیقی (-33 میلیارد تومان در ۲۰ روز) | 219٪ بالای کف ۵۲ هفته | سرانه خرید ضعیف (0.36)
قلرست,قند لرستان‌,قند و شکر,42.9,خنثی,70,50,0.5,47,27560,20260926,-12.4,8.9,41.8,3.2,-8.4,10.4,89.5,44.9,9,2,false,47.3,3.84,above,-18.3,0.36,26630,33750,-2.51,-3.03,0.33,-10.57,12.27,3057,9.02,9.8,-8,26630,26101,33750,35868,4.24,سهم صفی: 9 روز از ۲۰ روز در صف (ریسک نقدشوندگی و اجرای حد ضرر) | 90٪ بالای MA200 | سرانه خرید ضعیف (0.33) | صف فروش در ۵ روز اخیر
بکام,کارخانجات تولیدی شهید قندی,ماشین آلات و دستگاه‌های برقی,42.7,خنثی,90,28,26.5,14,3170,20260926,-12.9,-3.4,35.1,-3.5,-5.7,11.3,33.1,47.4,5,1,false,45.6,3.82,above,-16.8,0.95,3084,3380,-13.56,21.71,0.5,-21.75,14.88,24,132.08,6.15,2047.7,3084,3023,3380,3810,1.43,واگرایی منفی RSI | P/E بالا (132) | عرضه حقوقی به حقیقی (-28 میلیارد تومان در ۲۰ روز) | سرانه خرید ضعیف (0.50) | واگرایی منفی | صف فروش در ۵ روز اخیر
افق,فروشگاههای زنجیره ای افق کوروش,خرده فروشی،باستثنای وسایل نقلیه موتوری,42.7,خنثی,90,28,0.5,40,68880,20260926,-4.4,-6,29.2,-9.4,-4.3,1.8,75.4,46.5,2,0,false,30.8,3.98,above,-11.2,1.02,67650,69950,-21.32,-131.04,0.56,-35.86,38.97,5195,13.26,12.78,3.7,67650,66281,69950,75440,0.41,واگرایی منفی RSI | خروج مستمر پول حقیقی | 75٪ بالای MA200 | سرانه خرید ضعیف (0.56) | واگرایی منفی | شناوری کم (12٪)
غسالم,سالمین‌,محصولات غذایی و آشامیدنی به جز قند و شکر,42.5,خنثی,55,8,27.5,70,8050,20260926,-13.1,-10.8,2.4,-36.2,-8.1,-2.5,38.4,38.8,3,1,false,20.2,4.05,above,-18.7,0.66,7851,8610,0.48,-0.64,0.61,-8.69,12.19,1348,5.97,8.53,-30,7851,7688,8610,9270,1.55,198٪ بالای کف ۵۲ هفته | سرانه خرید ضعیف (0.61) | صف فروش در ۵ روز اخیر
فبیرا,بسته‌ بندی‌ ایران‌,ساخت محصولات فلزی,42.3,خنثی,90,40,34.4,35,2320,20260926,-10.5,-11.9,94.8,56.2,-6,12,72.6,47.8,12,3,false,46.7,3.51,above,-16.7,0.57,2205,2711,0,1.97,0.98,0.18,2.81,155,14.97,,,2239,2164,2711,2786,2.51,نقدشوندگی پایین | واگرایی منفی RSI | سهم صفی: 12 روز از ۲۰ روز در صف (ریسک نقدشوندگی و اجرای حد ضرر) | عرضه حقوقی به حقیقی (-2 میلیارد تومان در ۲۰ روز) | 73٪ بالای MA200 | واگرایی منفی | نقدشوندگی کمتر از ۱۰ میلیارد تومان | صف فروش در ۵ روز اخیر
امید,تامین سرمایه امید,فعالیتهای کمکی به نهادهای مالی واسط,42.2,خنثی,50,30,6.8,78,3460,20260926,-2.3,-14.4,16.4,-22.2,-6.3,-1.3,18.1,41,0,0,false,30.5,2.84,above,-14.8,0.39,3398,3880,-0.64,-19.61,1.01,-0.65,3.26,755,4.58,5.92,-22.6,3398,3348,3880,4060,3.76,خروج مستمر پول حقیقی | نقدشوندگی کمتر از ۱۰ میلیارد تومان | شناوری کم (2٪)
آباد,توریستی ورفاهی آبادگران ایران,هتل و رستوران,42.1,خنثی,70,30,15.5,45,928,20260926,-9,8.9,22.6,-16,-6.7,10.6,11.8,47.8,7,1,false,36.9,4.03,above,-32,0.62,901,943,-2.1,8.91,0.56,-9.03,9.73,3,309.33,307,0.8,901,883,943,977,0.33,سهم صفی: 7 روز از ۲۰ روز در صف (ریسک نقدشوندگی و اجرای حد ضرر) | P/E بالا (309) | عرضه حقوقی به حقیقی (-9 میلیارد تومان در ۲۰ روز) | سرانه خرید ضعیف (0.56) | نقدشوندگی کمتر از ۱۰ میلیارد تومان | صف فروش در ۵ روز اخیر
سخاش,سیمان‌خاش‌,سیمان، آهک و گچ,42.1,خنثی,61,30,1,70,12130,20260926,-6.9,4.3,-2.9,-41.5,-6.8,0.2,36.5,44,1,0,false,23.5,4.14,inside,-16.1,0.56,11780,12790,-15.19,-64.03,0.69,-24.09,19.45,1929,6.29,7.14,-11.9,11780,11529,12790,14045,1.1,خروج مستمر پول حقیقی | 185٪ بالای کف ۵۲ هفته | سرانه خرید ضعیف (0.69)
فباهنر,مس‌ شهیدباهنر,فلزات اساسی,42,خنثی,70,30,0,60,11830,20260926,-8.3,7.5,8.4,-30.2,-5.6,7.4,43.1,47.2,4,1,false,33.3,3.62,above,-16.2,0.89,11436,14110,-116.67,-100.65,0.38,-205.19,94.09,1069,11.07,13.48,-17.9,11436,11221,14110,14967,3.75,خروج مستمر پول حقیقی | 176٪ بالای کف ۵۲ هفته | سرانه خرید ضعیف (0.38) | صف فروش در ۵ روز اخیر
بمپنا,تولید برق عسلویه  مپنا,عرضه برق، گاز، بخاروآب گرم,42,خنثی,90,50,1,19,7770,20260926,-12.7,6.4,52.4,13.8,-6.1,18.2,52.2,49.8,4,1,false,48,3.61,above,-17.3,0.31,7270,9390,-26.06,-197.07,0.29,-24.06,34.57,576,13.49,10.04,34.4,7490,7130,9390,9950,2.53,خروج مستمر پول حقیقی | 52٪ بالای MA200 | سرانه خرید ضعیف (0.29) | حد ضرر دور (8.2٪) | صف فروش در ۵ روز اخیر
خودکفا,اقتصادی و خودکفایی آزادگان,محصولات غذایی و آشامیدنی به جز قند و شکر,41.9,خنثی,75,40,3.8,42,14120,20260926,-7.8,-1.5,106,67.4,-7.1,-1,70.2,42.5,1,1,false,44.7,4.15,above,-16.1,0.61,13680,14620,-9.16,-49.98,0.93,-5.25,18.58,1687,8.37,,,13680,13387,14620,15370,0.68,خروج مستمر پول حقیقی | رشد عمودی (106٪ در ۶۰ روز، -1٪ بالای MA50) | 70٪ بالای MA200 | صف فروش در ۵ روز اخیر
کوثر,بیمه کوثر,بیمه وصندوق بازنشستگی به جزتامین اجتماعی,41.9,خنثی,80,45,21.6,14,1774,20260926,-2.4,0.6,12.6,-26,-0.8,12.2,3.6,53.9,1,0,false,39.2,3.9,above,-22.2,0.47,1756,1800,-8.28,25.91,1.01,-12.71,29.94,53,33.47,18.13,84.6,1756,1721,1800,1875,0.49,واگرایی منفی RSI | P/E بالا (33) | عرضه حقوقی به حقیقی (-23 میلیارد تومان در ۲۰ روز) | واگرایی منفی
دروز,داروسازی‌ روزدارو,مواد و محصولات دارویی,41.6,خنثی,100,50,2.5,4,26760,20260926,-3.3,34.5,196.7,158.1,11.1,46.3,113.2,75.7,6,0,false,68.5,3.34,above,-8.8,1.65,18460,29350,-13.63,-3.2,0.77,-15.39,5.32,164,163.17,12.91,1163.9,25866,24972,29350,31138,1.45,سهم صفی: 6 روز از ۲۰ روز در صف (ریسک نقدشوندگی و اجرای حد ضرر) | رشد عمودی (197٪ در ۶۰ روز، 46٪ بالای MA50) | P/E بالا (163) | 113٪ بالای MA200 | سرانه خرید ضعیف (0.77) | نقدشوندگی کمتر از ۱۰ میلیارد تومان
حبندر,دریایی و کشتیرانی خط دریابندر,حمل ونقل، انبارداری و ارتباطات,41.5,خنثی,100,65,22.1,32,8910,20260923,-3.7,4.8,74,35.4,1.9,14.3,93.7,62.9,1,0,false,32.9,3.72,above,-4.9,0.26,8180,9070,-0.02,-2.94,1.06,0.52,2.82,1112,8.01,,,8579,8082,9070,9370,0.19,نقدشوندگی پایین | خروج مستمر پول حقیقی | 94٪ بالای MA200 | حد ضرر دور (9.3٪) | نقدشوندگی کمتر از ۱۰ میلیارد تومان | آخرین معامله 20260923 (متوقف یا کم‌معامله)
امین,تامین سرمایه امین,فعالیتهای کمکی به نهادهای مالی واسط,41.5,خنثی,90,45,35,47,2675,20260922,-6.4,3.5,22.4,-16.2,-1.5,8,28,52.8,0,0,false,34.2,3.28,above,-7.7,0.63,2563,2800,-2.23,-9.17,3.54,3.08,2.14,469,5.7,5.92,-3.7,2587,2519,2800,2898,0.8,نقدشوندگی پایین | واگرایی منفی RSI | خروج مستمر پول حقیقی | واگرایی منفی | نقدشوندگی کمتر از ۱۰ میلیارد تومان | شناوری کم (10٪) | آخرین معامله 20260922 (متوقف یا کم‌معامله)
والبر,سرمایه‌ گذاری‌ البرز(هلدینگ‌,مواد و محصولات دارویی,41.4,خنثی,65,45,32.7,19,3780,20260926,3.8,-8.3,14.9,-23.7,-1.7,6.9,50.5,52.6,2,0,false,24.4,3.64,above,-10.8,0.84,3470,3860,30.55,-47.65,1.03,-1.82,47.15,201,18.81,12.91,45.7,3643,3436,3860,4090,0.23,خروج مستمر پول حقیقی | 50٪ بالای MA200 | حد ضرر دور (9.1٪)
ثنام,س ساختمانی ب نام آوران مهندسی,انبوه سازی، املاک و مستغلات,41.3,خنثی,100,85,7.3,10,2247,20260926,4.2,32.6,87.9,49.3,11.5,26.7,63.8,77.6,1,0,true,55.7,3.9,above,0,1.14,2031,,-11.04,-12.56,1.07,-5.39,2.24,,,,,2159,2028,2510,2685,1.2,نقدشوندگی پایین | خروج مستمر پول حقیقی | بدون EPS مثبت | 64٪ بالای MA200 | حد ضرر دور (9.7٪) | نقدشوندگی کمتر از ۱۰ میلیارد تومان
حگردش,ریل گردش ایرانیان,حمل ونقل، انبارداری و ارتباطات,41.2,خنثی,45,20,54.7,40,2241,20260926,-3.6,-1.7,-1.8,-40.4,-2,5.9,-4.5,49.8,1,0,false,19.8,4,above,-33.6,0.62,2194,2266,0.22,6.5,0.95,-1.33,5.22,68,32.96,,,2194,2150,2266,2346,0.27,واگرایی منفی RSI | P/E بالا (33) | عرضه حقوقی به حقیقی (-6 میلیارد تومان در ۲۰ روز) | واگرایی منفی | نقدشوندگی کمتر از ۱۰ میلیارد تومان
حگهر,حمل و نقل گهرترابر سیرجان,حمل ونقل، انبارداری و ارتباطات,41.2,خنثی,46,20,26.5,67,2843,20260926,-7.4,-6.2,15.3,-23.3,-5.1,-2.3,6.6,42.9,4,1,false,20.1,3.55,inside,-30.9,0.53,2784,2921,-5.84,22.56,0.51,-8.51,7.43,397,7.16,7.68,-6.8,2784,2734,2921,3120,0.71,واگرایی منفی RSI | عرضه حقوقی به حقیقی (-22 میلیارد تومان در ۲۰ روز) | سرانه خرید ضعیف (0.51) | واگرایی منفی | نقدشوندگی کمتر از ۱۰ میلیارد تومان | صف فروش در ۵ روز اخیر
قزوین,کارخانجات‌ قند قزوین‌,قند و شکر,41,خنثی,90,45,0,60,12080,20260926,-9,6.6,19.2,-19.4,-0.5,6.7,53.4,50.5,2,0,false,30.9,3.78,above,-13.2,0.56,11690,12210,-3.92,-12.03,0.61,-3.9,2.96,1403,8.61,9.8,-12.1,11690,11462,12210,12730,0.21,نقدشوندگی پایین | خروج مستمر پول حقیقی | 53٪ بالای MA200 | سرانه خرید ضعیف (0.61) | نقدشوندگی کمتر از ۱۰ میلیارد تومان
کرمان,س. توسعه و عمران استان کرمان,انبوه سازی، املاک و مستغلات,40.9,خنثی,90,30,17.5,14,1372,20260926,-12.8,1.3,26.3,-12.3,-6,10,30.2,46.7,5,2,false,54.5,3.7,above,-16.3,0.81,1334,1454,-14.06,15.75,0.38,-125.23,74.28,2,686,23.59,2808,1334,1309,1454,1640,1.29,واگرایی منفی RSI | P/E بالا (686) | عرضه حقوقی به حقیقی (-33 میلیارد تومان در ۲۰ روز) | سرانه خرید ضعیف (0.38) | واگرایی منفی | صف فروش در ۵ روز اخیر
کزغال,زغال سنگ پروده طبس,استخراج زغال سنگ,40.9,خنثی,70,30,41.5,14,5450,20260926,-6.5,2.8,4.3,-34.3,-7.5,4,32.9,45.7,8,3,false,25.6,3.82,above,-17.2,0.54,5100,6580,-7.71,117.39,0.74,12.12,34.28,154,35.39,15.48,128.6,5242,4996,6580,6997,2.49,سهم صفی: 8 روز از ۲۰ روز در صف (ریسک نقدشوندگی و اجرای حد ضرر) | P/E بالا (35) | عرضه حقوقی به حقیقی (-119 میلیارد تومان در ۲۰ روز) | سرانه خرید ضعیف (0.74) | حد ضرر دور (8.3٪) | صف فروش در ۵ روز اخیر
تپولا,مهندسی مرآت پولاد,خدمات فنی و مهندسی,40.8,خنثی,100,65,21.1,10,19010,20260926,-9.2,7.5,41.1,2.5,1.8,14.3,28.8,55.6,6,2,false,43.4,3.95,above,-12.2,0.52,18745,19390,0,0,1.04,0.57,1.46,,,,,18745,18370,19390,21640,0.59,نقدشوندگی پایین | بدون EPS مثبت | سهم صفی: 6 روز از ۲۰ روز در صف (ریسک نقدشوندگی و اجرای حد ضرر) | نقدشوندگی کمتر از ۱۰ میلیارد تومان | صف فروش در ۵ روز اخیر
گشان,توسعه بین المللی پدیده شاندیز,هتل و رستوران,40.6,خنثی,70,40,4.2,42,26960,20260926,-8.4,-9.7,39.2,0.6,-7.7,-0.1,41.3,40.1,1,0,false,36.3,4.36,above,-15.1,0.83,26018,28050,-10.45,-33.38,0.95,-3.54,12.76,3153,8.55,,,26018,25430,28050,29990,0.71,واگرایی منفی RSI | خروج مستمر پول حقیقی | واگرایی منفی
وحافظ,بیمه حافظ,بیمه وصندوق بازنشستگی به جزتامین اجتماعی,40.4,خنثی,44,45,20.9,52,2343,20260926,-2.9,6.9,-4.5,-43.1,1.2,1,-9.1,51.7,0,0,false,13.4,4.15,inside,-33.2,0.57,2246,2446,-0.36,4.14,0.94,-2.56,8.13,199,11.77,,,2246,2197,2446,2512,0.71,بدون روند (ADX پایین) | عرضه حقوقی به حقیقی (-4 میلیارد تومان در ۲۰ روز) | نقدشوندگی کمتر از ۱۰ میلیارد تومان
ثاصفا,شرکت‌ ساختمان‌ اصفهان‌,انبوه سازی، املاک و مستغلات,40.4,خنثی,90,40,61.5,20,20250,20260922,8.9,38.9,23.6,-15,16.1,38.3,22,84.7,13,0,true,40.8,3.1,above,-6.7,1.15,19566,21000,0,1,2.01,1.58,0.82,8,2531.25,,,19623,19252,21000,21545,0.75,نقدشوندگی پایین | اشباع خرید | فاصله زیاد از MA20 | سهم صفی: 13 روز از ۲۰ روز در صف (ریسک نقدشوندگی و اجرای حد ضرر) | رشد عمودی (24٪ در ۶۰ روز، 38٪ بالای MA50) | P/E بالا (2531) | عرضه حقوقی به حقیقی (-1 میلیارد تومان در ۲۰ روز) | نقدشوندگی کمتر از ۱۰ میلیارد تومان | آخرین معامله 20260922 (متوقف یا کم‌معامله)
خکار,ایرکا پارت صنعت,خودرو و ساخت قطعات,40.3,خنثی,70,20,1,60,1748,20260926,-8,-7.9,22.7,-15.9,-6.1,3,35.7,44.4,1,1,false,27.2,4.03,above,-14.6,0.5,1692,1812,-7.26,-24.29,0.61,-13.31,13.82,504,3.47,,,1692,1657,1812,1940,0.7,واگرایی منفی RSI | خروج مستمر پول حقیقی | سرانه خرید ضعیف (0.61) | واگرایی منفی | صف فروش در ۵ روز اخیر
بایکا,کارخانجات کابلسازی ‌ایران‌,ماشین آلات و دستگاه‌های برقی,40.1,خنثی,100,50,20.5,20,30110,20260926,6,19.3,23.1,-15.5,12.1,21.5,36.7,81.4,1,0,true,37.3,3.66,above,-0.1,1.12,28962,,-1.99,-3.68,1.96,-1.76,0.84,523,57.57,,,29008,28411,33416,35619,1.95,نقدشوندگی پایین | اشباع خرید | خروج مستمر پول حقیقی | P/E بالا (58) | نقدشوندگی کمتر از ۱۰ میلیارد تومان
مبین,مبین انرژی خلیج فارس,عرضه برق، گاز، بخاروآب گرم,40.1,خنثی,25,43,29,67,11740,20260926,-4.5,-16.1,-10.9,-49.5,-6.6,-18.3,8.3,31.8,0,0,true,26.5,4.52,below,-32.4,0.84,11389,12270,-82.33,1624.75,0.53,-384.44,229.04,1581,7.43,7.09,4.7,11389,11124,12270,12930,0.86,عرضه حقوقی به حقیقی (-1702 میلیارد تومان در ۲۰ روز) | 180٪ بالای کف ۵۲ هفته | سرانه خرید ضعیف (0.53)
زپارس,ملی کشت و صنعت و دامپروری پارس,زراعت و خدمات وابسته,40.1,خنثی,90,43,2,16,39220,20260926,-4.1,-6.4,38.4,-0.2,-0.6,14.8,58.6,55.5,4,0,false,29.7,3.62,above,-9.3,0.84,37020,40770,-10.13,-19.38,0.75,-20.45,11.11,4640,8.45,6.33,33.5,37798,36309,40770,43190,0.53,واگرایی منفی RSI | خروج مستمر پول حقیقی | 59٪ بالای MA200 | سرانه خرید ضعیف (0.75) | واگرایی منفی | حد ضرر دور (7.4٪) | شناوری کم (13٪)
بپاس,بیمه پاسارگاد,بیمه وصندوق بازنشستگی به جزتامین اجتماعی,40,خنثی,100,45,0,4,12790,20260926,0.9,3,62.9,24.3,2.3,11.9,78.1,83,0,0,false,28.1,1.9,above,-0.5,0.87,12300,,-52.14,-195.69,0.33,-43.38,14.97,484,26.43,18.13,45.8,12547,12182,13519,14005,1.2,اشباع خرید | خروج مستمر پول حقیقی | 78٪ بالای MA200 | سرانه خرید ضعیف (0.33)
فسا,پتروشیمی فسا,محصولات شیمیایی,40,خنثی,100,50,35,25,782,20260922,4.7,12.2,14.2,-24.4,9.5,16.7,22,80.1,15,0,true,48.6,1.87,above,-1.1,0.55,755,,-0.11,-0.11,7.44,0.26,0.14,47,16.64,,,767,747,826,855,1.27,نقدشوندگی پایین | اشباع خرید | سهم صفی: 15 روز از ۲۰ روز در صف (ریسک نقدشوندگی و اجرای حد ضرر) | نقدشوندگی کمتر از ۱۰ میلیارد تومان | آخرین معامله 20260922 (متوقف یا کم‌معامله)
ثمسکن,سرمایه‌گذاری‌ مسکن‌,انبوه سازی، املاک و مستغلات,40,اجتناب,90,53,0.5,9,3140,20260926,-6,1.6,37.4,-1.2,-1.6,9.7,38.7,52.8,1,0,false,31.7,3.62,above,-8.7,0.86,2869,3180,-38.24,-99.11,0.63,-46.1,30.13,226,13.89,6.61,110.2,3026,2855,3180,3440,0.14,واگرایی منفی RSI | خروج مستمر پول حقیقی | سرانه خرید ضعیف (0.63) | واگرایی منفی | حد ضرر دور (9.1٪)
گدنا,تهیه توزیع غذای دنا آفرین فدک,هتل و رستوران,39.9,اجتناب,65,20,21.6,44,6390,20260926,-12.5,-8.6,14.2,-24.4,-9.7,2.8,21.1,40.1,2,1,false,38.1,3.88,above,-19.1,0.81,6214,6500,-3.37,-7.17,1.02,14.11,17.07,1145,5.58,4.69,19,6214,6090,6500,7040,0.37,واگرایی منفی RSI | واگرایی منفی | صف فروش در ۵ روز اخیر
شفام,تولیدی و صنعتی گوهرفام,محصولات شیمیایی,39.9,اجتناب,70,30,17.5,34,2519,20260926,-13.2,0.4,28.2,-10.4,-7.4,1.2,23.9,42.7,5,1,false,33.5,3.82,above,-18.2,0.92,2347,2634,-3.75,3.93,0.58,-2.86,4.78,282,8.93,8.01,11.5,2423,2299,2634,2736,0.52,عرضه حقوقی به حقیقی (-5 میلیارد تومان در ۲۰ روز) | سرانه خرید ضعیف (0.58) | حد ضرر دور (8.7٪) | نقدشوندگی کمتر از ۱۰ میلیارد تومان | صف فروش در ۵ روز اخیر
زدشت,کشت و صنعت دشت خرم دره,زراعت و خدمات وابسته,39.9,اجتناب,90,20,1.5,34,9270,20260926,-8.8,-7.3,11,-27.6,-4.8,6.5,46.6,45.8,0,0,false,35.1,4.49,above,-13.8,0.73,8970,10180,-5.02,-17.02,0.72,-11.64,17.54,1023,9.06,8.07,12.3,8970,8762,10180,10750,1.79,واگرایی منفی RSI | 164٪ بالای کف ۵۲ هفته | سرانه خرید ضعیف (0.72) | واگرایی منفی
سفار,سیمان‌فارس‌,سیمان، آهک و گچ,39.8,اجتناب,90,30,1,26,219500,20260926,-11.1,6.9,6.6,-32,-5.7,8.2,17.2,46.1,2,0,false,36.8,4.05,above,-17.9,0.57,207734,224111,-5.87,-3.28,0.46,-7.15,4.73,19436,11.29,7.14,58.2,210617,203292,224111,245450,0.28,سرانه خرید ضعیف (0.46) | حد ضرر دور (7.4٪) | نقدشوندگی کمتر از ۱۰ میلیارد تومان | شناوری کم (8٪)
تبرک,گروه کارخانجات صنعتی تبرک,محصولات غذایی و آشامیدنی به جز قند و شکر,39.6,اجتناب,70,50,0.5,34,19130,20260926,-12,1.3,41.9,3.3,-7.6,2.6,36.2,43.1,5,1,false,27,4.3,above,-18,0.54,18801,19612,-1.86,-1.1,0.53,-4.13,4.75,2192,8.73,7.05,23.8,18801,18389,19612,23340,0.65,سرانه خرید ضعیف (0.53) | نقدشوندگی کمتر از ۱۰ میلیارد تومان | صف فروش در ۵ روز اخیر
لابسا,آبسال‌,ماشین آلات و تجهیزات,39.6,اجتناب,80,43,12,16,5340,20260926,-5,-0.2,34.8,-3.8,1.2,10.9,36.6,55.4,1,0,false,19.4,3.73,above,-6.5,0.66,4920,5500,-0.47,-0.51,1.16,-1.09,3.35,484,11.03,5.15,114.2,5141,4841,5500,5705,0.32,حد ضرر دور (9.3٪) | نقدشوندگی کمتر از ۱۰ میلیارد تومان
میهن,بیمه میهن,بیمه وصندوق بازنشستگی به جزتامین اجتماعی,39.4,اجتناب,60,30,51.5,10,2429,20260926,-5.8,4.7,7.6,-31,-6.2,6.5,5.7,47,7,1,false,31,4.09,above,-20.1,0.61,2401,2558,0.78,41.11,0.73,-19.19,21.8,,,18.13,,2401,2351,2558,2622,1.65,بدون EPS مثبت | سهم صفی: 7 روز از ۲۰ روز در صف (ریسک نقدشوندگی و اجرای حد ضرر) | عرضه حقوقی به حقیقی (-39 میلیارد تومان در ۲۰ روز) | سرانه خرید ضعیف (0.73) | صف فروش در ۵ روز اخیر
دبالک,مواد اولیه دارویی البرز بالک,مواد و محصولات دارویی,39.1,اجتناب,70,65,1.5,19,14790,20260926,-6.5,9.9,155.4,116.8,-5.8,24.7,141.8,54.3,10,1,false,58,3.46,above,-18,0.89,7440,18040,-69.27,-152.92,0.52,-90.48,53.08,1079,13.71,8.86,54.7,14279,13768,18040,19062,3.18,خروج مستمر پول حقیقی | سهم صفی: 10 روز از ۲۰ روز در صف (ریسک نقدشوندگی و اجرای حد ضرر) | رشد عمودی (155٪ در ۶۰ روز، 25٪ بالای MA50) | 142٪ بالای MA200 | سرانه خرید ضعیف (0.52) | صف فروش در ۵ روز اخیر
فلات,گروه صنایع معادن فلات ایرانیان,سرمایه گذاریها,39.1,اجتناب,100,70,30.5,10,26500,20260923,11.4,39.5,160.3,121.7,24.2,53.3,97.3,91.7,11,0,true,68.4,2.7,above,0,1.34,19080,,-12.6,-17.75,3.14,-5.69,2.36,,,,,25784,25067,28649,30082,1.5,نقدشوندگی پایین | اشباع خرید | فاصله زیاد از MA20 | خروج مستمر پول حقیقی | بدون EPS مثبت | سهم صفی: 11 روز از ۲۰ روز در صف (ریسک نقدشوندگی و اجرای حد ضرر) | رشد عمودی (160٪ در ۶۰ روز، 53٪ بالای MA50) | 97٪ بالای MA200 | نقدشوندگی کمتر از ۱۰ میلیارد تومان | آخرین معامله 20260923 (متوقف یا کم‌معامله)
تادیکو,س.کشت ودام صنایع لبنی تامین,زراعت و خدمات وابسته,39,اجتناب,63,30,37.5,19,7280,20260926,-4.4,3.6,12.6,-26,-1.4,0.7,,48.6,0,0,false,17.4,3.67,,-15.6,0.84,6959,7521,-20.81,-13.21,2.88,49,26.51,546,13.33,6.33,110.6,7013,6826,7521,7990,0.53,شناوری کم (6٪)
قشیر,قند شیروان قوچان و بجنورد,قند و شکر,39,اجتناب,70,30,0.8,47,15550,20260926,-6.2,2.4,15.6,-23,-4.5,8.6,43.2,48.9,1,0,false,33.2,4.27,above,-12.9,0.65,15020,15950,-2.09,-2.64,0.81,-4.83,8.64,1524,10.2,9.57,6.6,15020,14688,15950,17860,0.46,نقدشوندگی کمتر از ۱۰ میلیارد تومان
درهآور,دارویی ره آورد تامین,مواد و محصولات دارویی,38.9,اجتناب,65,38,0,47,14660,20260926,-2.7,-8.5,30.8,-7.8,-7.5,2.3,37.9,43.4,1,1,false,31.1,4.21,above,-18,0.68,13180,15160,-13.62,-85.82,0.53,-24.31,21.42,1808,8.11,8.86,-8.5,14043,13116,15160,16790,0.32,واگرایی منفی RSI | خروج مستمر پول حقیقی | سرانه خرید ضعیف (0.53) | واگرایی منفی | حد ضرر دور (10.5٪) | صف فروش در ۵ روز اخیر
بالاس,مهندسی ساختمان تاسیسات راه آهن,پیمانکاری صنعتی,38.8,اجتناب,44,20,41.5,45,48100,20260926,-3.8,-0.1,-20.5,-59.1,-4.8,1.6,-10.1,43.9,1,0,false,19.3,4.17,inside,-41,0.57,46430,49900,0.48,5.29,0.76,-10.91,15.54,1907,25.22,25.78,-2.2,46430,45427,49900,50860,0.67,عرضه حقوقی به حقیقی (-5 میلیارد تومان در ۲۰ روز) | سرانه خرید ضعیف (0.76)
ختوقا,قطعات‌ اتومبیل‌ ایران‌,خودرو و ساخت قطعات,38.8,اجتناب,90,20,1,30,5040,20260926,-7.9,-6.7,11.2,-27.4,-9.2,1.6,25.1,40.8,0,0,false,37.7,4.51,above,-16.8,0.56,4726,5490,-4.79,-11.44,0.77,-10.13,15.36,127,39.69,,,4813,4612,5490,5820,1.05,واگرایی منفی RSI | P/E بالا (40) | سرانه خرید ضعیف (0.77) | واگرایی منفی | حد ضرر دور (8.5٪)
خفنر,فنرسازی‌خاور,خودرو و ساخت قطعات,38.6,اجتناب,85,20,1.5,35,2337,20260926,-8,-13.3,12,-26.6,-9.4,2,46.6,41.6,4,2,false,28.7,4.22,above,-20.1,0.69,2200,2385,-2.59,-14.36,0.41,-12.1,12.63,130,17.98,,,2238,2151,2385,2631,0.26,خروج مستمر پول حقیقی | سرانه خرید ضعیف (0.41) | حد ضرر دور (8.0٪) | صف فروش در ۵ روز اخیر
شارپیلن,پتروشیمی ارغوان گسترایلام,محصولات شیمیایی,38.5,اجتناب,95,50,30,10,3320,20260926,2.5,3.8,8.1,-30.5,3.1,3.9,,99.4,20,0,true,90.6,2.71,above,-10.5,2.21,3033,3711,-0.1,-0.1,2.13,-1.64,0.29,,,9.63,,3230,3140,3711,3891,2.17,نقدشوندگی پایین | اشباع خرید | بدون EPS مثبت | سهم صفی: 20 روز از ۲۰ روز در صف (ریسک نقدشوندگی و اجرای حد ضرر) | نقدشوندگی کمتر از ۱۰ میلیارد تومان
وفیروزه,گروه توسعه مالی فیروزه,سرمایه گذاریها,38.4,اجتناب,50,40,35.5,26,5060,20260926,-4,-9.3,39.9,1.3,-3.3,3.4,,49.1,2,0,false,21,3.59,,-10.9,0.45,5000,5495,-16.92,-126.37,3.66,21.77,23.84,451,11.22,7.13,57.4,5000,4909,5495,5680,2.88,واگرایی منفی RSI | خروج مستمر پول حقیقی | واگرایی منفی
کیسون,شرکت کیسون,خدمات فنی و مهندسی,38.3,اجتناب,70,20,17,36,1745,20260926,-12.4,-4.5,26,-12.6,-7,4.9,6.8,43.1,3,2,false,27.9,3.94,above,-43.9,0.66,1717,1806,-10.37,6.35,0.46,-39.77,31.75,166,10.51,2.41,336.2,1717,1683,1806,1881,0.98,عرضه حقوقی به حقیقی (-12 میلیارد تومان در ۲۰ روز) | سرانه خرید ضعیف (0.46) | صف فروش در ۵ روز اخیر
آبادا,تولید نیروی برق آبادان,عرضه برق، گاز، بخاروآب گرم,38.3,اجتناب,70,35,37,4,11030,20260926,-1.2,-4.1,24.6,-14,-1.3,9.2,38.6,53,0,0,false,24.9,3.78,above,-6.8,0.49,10830,11675,-2.04,-6.25,5.7,6.69,4.36,272,40.55,7.09,472,10830,10621,11675,12509,1.58,خروج مستمر پول حقیقی | P/E بالا (41) | نقدشوندگی کمتر از ۱۰ میلیارد تومان | شناوری کم (10٪)
کمرجان,بازرگانی و تولیدی مرجان کار,سایر محصولات کانی غیرفلزی,38.1,اجتناب,90,30,1.5,19,4360,20260926,-11.4,3.3,-13.7,-52.3,-2.9,5.4,31.1,47.5,2,1,false,30.2,3.78,above,-17.2,0.75,4250,4630,-11.13,-11.51,0.48,-14.39,9.11,299,14.58,10.33,41.2,4250,4168,4630,5180,1.4,خروج مستمر پول حقیقی | سرانه خرید ضعیف (0.48) | نقدشوندگی کمتر از ۱۰ میلیارد تومان | صف فروش در ۵ روز اخیر
نان,صنایع غذایی رضوی,محصولات غذایی و آشامیدنی به جز قند و شکر,38.1,اجتناب,55,8,23.1,57,5950,20260926,-10.1,-7.6,-1.6,-40.2,-8.9,-2.3,38.4,38.4,0,0,false,22.9,3.89,above,-16.5,0.82,5765,6216,-5.21,-25.67,1.08,9.88,26.23,929,6.4,7.05,-9.2,5765,5649,6216,6360,0.88,
شلیا,شرکت مواد ویژه لیا,سایر محصولات کانی غیرفلزی,37.9,اجتناب,100,60,3.7,20,22430,20260926,2.5,35.9,109.4,70.8,12,44.6,138.1,80.5,3,0,true,77.8,3.29,above,-6.1,1.12,12055,,0,0,0.95,-1.71,2.83,1094,20.5,,,21692,20953,24645,26122,1.5,نقدشوندگی پایین | واگرایی منفی RSI | اشباع خرید | رشد عمودی (109٪ در ۶۰ روز، 45٪ بالای MA50) | 138٪ بالای MA200 | واگرایی منفی | نقدشوندگی کمتر از ۱۰ میلیارد تومان
کصدف,کاشی صدف سرام استقلال آباده,کاشی و سرامیک,37.9,اجتناب,55,8,44,35,7150,20260926,-13.4,-9,24.1,-14.5,-9.8,-0.5,43.6,39.3,2,2,false,34.2,3.93,above,-19.7,0.63,6940,7570,0.22,-2.69,0.84,0.91,8.47,548,13.05,,,6940,6799,7570,8180,1.2,169٪ بالای کف ۵۲ هفته | نقدشوندگی کمتر از ۱۰ میلیارد تومان | صف فروش در ۵ روز اخیر
قشکر,شکر,قند و شکر,37.8,اجتناب,70,50,17,10,4990,20260926,-13.5,3.3,98.6,60,-8.3,11.5,54.8,46.3,8,3,false,47.5,3.56,above,-19.8,0.6,4920,5320,-4.57,0.08,0.42,-3.2,8.08,,,9.8,,4920,4831,5320,6220,2.08,بدون EPS مثبت | سهم صفی: 8 روز از ۲۰ روز در صف (ریسک نقدشوندگی و اجرای حد ضرر) | عرضه حقوقی به حقیقی (-4 میلیارد تومان در ۲۰ روز) | 55٪ بالای MA200 | سرانه خرید ضعیف (0.42) | نقدشوندگی کمتر از ۱۰ میلیارد تومان | صف فروش در ۵ روز اخیر
ختراک,ریخته‌گری‌ تراکتورسازی‌ ایران‌,خودرو و ساخت قطعات,37.8,اجتناب,55,20,17,52,1578,20260926,-9.8,-6.1,4.4,-34.2,-5.5,0,2.6,43,2,1,false,17,4.06,above,-22,0.8,1502,1611,-7.39,7.2,0.44,-13.75,7.49,206,7.66,,,1514,1470,1611,1679,0.31,واگرایی منفی RSI | عرضه حقوقی به حقیقی (-10 میلیارد تومان در ۲۰ روز) | سرانه خرید ضعیف (0.44) | واگرایی منفی | نقدشوندگی کمتر از ۱۰ میلیارد تومان | صف فروش در ۵ روز اخیر
قنقش,قند نقش جهان,قند و شکر,37.6,اجتناب,80,53,2,10,1887,20260926,-2.9,3.5,33.4,-5.2,-0.6,7.5,1.4,52.4,1,0,false,29.1,4.54,above,-32.1,1.16,1865,1927,-13.38,-4.31,0.77,-12.63,4.89,,,,,1865,1822,1927,1960,0.62,بدون EPS مثبت | سرانه خرید ضعیف (0.77) | نقدشوندگی کمتر از ۱۰ میلیارد تومان
قاروم,قند ارومیه,قند و شکر,37.6,اجتناب,100,23,30,42,116800,20260922,1,9.8,34.7,-3.9,3.4,12,38.5,99.5,17,0,false,95.1,0.91,above,-0.9,0.31,86825,,0,0,1.4,0,0.09,22219,5.26,,,115741,114682,119978,122096,1.5,نقدشوندگی پایین | اشباع خرید | سهم صفی: 17 روز از ۲۰ روز در صف (ریسک نقدشوندگی و اجرای حد ضرر) | نقدشوندگی کمتر از ۱۰ میلیارد تومان | آخرین معامله 20260922 (متوقف یا کم‌معامله)
وپاسار,بانک  پاسارگاد,بانکها و موسسات اعتباری,37.5,اجتناب,41,8,68.5,26,9180,20260926,-10,-16,-8.5,-47.1,-11.1,-8.2,34.5,32.5,1,1,false,34,3.87,inside,-19.7,1.09,8940,9640,1358.83,6158.24,0.78,538.22,518.09,813,11.29,5.4,109.1,8940,8762,9640,9860,1.1,عرضه حقوقی به حقیقی (-6209 میلیارد تومان در ۲۰ روز) | 184٪ بالای کف ۵۲ هفته | سرانه خرید ضعیف (0.78) | صف فروش در ۵ روز اخیر
اروند,پتروشیمی اروند,محصولات شیمیایی,37.4,اجتناب,81,30,9.5,19,53000,20260926,-7.8,11.6,-15.9,-54.5,-2.1,7.5,,49.7,2,1,false,40.2,3.58,inside,-21.4,0.85,50684,54323,-166.13,-166.75,1.12,-68.39,116.81,3275,16.18,9.63,68,51102,49735,54323,58131,0.41,خروج مستمر پول حقیقی | شناوری کم (13٪) | صف فروش در ۵ روز اخیر
سآبیک,سیمان آبیک,سیمان، آهک و گچ,37.2,اجتناب,41,20,26.5,57,69600,20260926,-5.5,-5.5,4.1,-34.5,-7.4,-1,34.2,41.7,0,0,false,25.4,4.2,inside,-16,0.83,66900,71480,0.5,-33.59,0.8,-7.12,15.61,10205,6.82,7.14,-4.5,66900,65437,71480,77390,0.45,خروج مستمر پول حقیقی | سرانه خرید ضعیف (0.80)
ساربیل,سیمان آرتا اردبیل,سیمان، آهک و گچ,37.2,اجتناب,41,20,26.5,57,82040,20260926,-2.1,-1.7,-10.5,-49.1,-6.5,-1.3,12.3,43.3,0,0,false,20.9,4.41,inside,-19.1,0.71,78906,83650,3.14,-3.68,0.74,-2.74,3.97,11188,7.33,7.14,2.7,78906,77095,83650,88300,0.33,سرانه خرید ضعیف (0.74) | نقدشوندگی کمتر از ۱۰ میلیارد تومان | شناوری کم (10٪)
نبابک,نساجی بابکان,منسوجات,37.1,اجتناب,60,20,36.5,24,7860,20260926,-8.5,-7.5,22.4,-16.2,-6.9,6.7,5.6,45.4,0,0,false,31.9,4.15,above,-35,0.53,7628,8007,-6.96,-15.06,2.45,9.24,10.67,351,22.39,14.29,56.7,7628,7465,8007,8220,0.37,واگرایی منفی RSI | خروج مستمر پول حقیقی | واگرایی منفی
سلیم,سرمایه گذاری سلیم,سرمایه گذاریها,37.1,اجتناب,70,20,1.3,47,1288,20260926,-6.4,-6.5,21,-17.6,-5.8,0.8,17.5,44,0,0,false,33,4.07,above,-16,0.93,1263,1309,-7.32,-17.21,0.81,-9.07,11.15,146,8.82,8.73,1.1,1263,1237,1309,1491,0.41,واگرایی منفی RSI | خروج مستمر پول حقیقی | واگرایی منفی
ومعلم,بیمه معلم,بیمه وصندوق بازنشستگی به جزتامین اجتماعی,37,اجتناب,100,45,22,10,3270,20260926,0.9,8.6,15.3,-23.3,0,10.9,16,54.6,2,0,false,26,3.89,above,-9.4,0.86,3218,3339,-0.02,-1.13,1.04,0.35,2.59,,,18.13,,3218,3154,3339,3531,0.6,نقدشوندگی پایین | بدون EPS مثبت | نقدشوندگی کمتر از ۱۰ میلیارد تومان
خگستر,گسترش‌سرمایه‌گذاری‌ایران‌خودرو,خودرو و ساخت قطعات,36.8,اجتناب,70,20,17,30,3740,20260926,-10.3,-7,16.5,-22.1,-9.2,4.6,26.3,41.8,2,1,false,36,4.12,above,-16.7,1,3612,3842,-27.42,56.59,0.72,-112.44,191.7,88,42.5,,,3612,3535,3842,4076,0.5,واگرایی منفی RSI | P/E بالا (43) | عرضه حقوقی به حقیقی (-46 میلیارد تومان در ۲۰ روز) | سرانه خرید ضعیف (0.72) | واگرایی منفی | صف فروش در ۵ روز اخیر
ولتجار,واسپاری تجارایرانیان,سایر واسطه گریهای مالی,36.8,اجتناب,65,20,17,36,3110,20260926,-12.6,-3.6,20.6,-18,-6.3,7.1,-20.8,45.4,3,1,false,42.3,3.93,above,-50.7,0.5,2740,3150,-1.12,0.58,0.47,-5.23,5.7,278,11.19,5.8,92.9,2988,2865,3150,3450,0.16,واگرایی منفی RSI | عرضه حقوقی به حقیقی (-1 میلیارد تومان در ۲۰ روز) | سرانه خرید ضعیف (0.47) | واگرایی منفی | حد ضرر دور (7.9٪) | نقدشوندگی کمتر از ۱۰ میلیارد تومان | صف فروش در ۵ روز اخیر
رکیش,کارت اعتباری ایران کیش,رایانه و فعالیت‌های وابسته به آن,36.7,اجتناب,70,28,0.5,40,2403,20260926,-8.9,-5.8,35.1,-3.5,-9.7,2.3,34.9,40.5,2,1,false,37.7,4.39,above,-17.3,0.71,2325,2510,-1.53,-2.2,0.56,-5,4.54,141,17.04,18.19,-6.3,2325,2272,2510,2554,0.82,واگرایی منفی RSI | سرانه خرید ضعیف (0.56) | واگرایی منفی | نقدشوندگی کمتر از ۱۰ میلیارد تومان | صف فروش در ۵ روز اخیر
خمحرکه,نیرو محرکه‌,خودرو و ساخت قطعات,36.4,اجتناب,70,20,15.7,30,5810,20260926,-8.2,-4.4,16.5,-22.1,-5.1,8.5,34.8,48.1,1,1,false,37,4.11,above,-13.8,0.82,5700,6260,-0.58,0.55,0.81,-7.56,14.61,130,44.69,,,5700,5581,6260,6380,1.96,واگرایی منفی RSI | P/E بالا (45) | عرضه حقوقی به حقیقی (-1 میلیارد تومان در ۲۰ روز) | واگرایی منفی | صف فروش در ۵ روز اخیر
حفارس,حمل و نقل بین المللی خلیج فارس,حمل ونقل، انبارداری و ارتباطات,36.4,اجتناب,100,50,1.5,4,9040,20260923,-1.2,44.4,102.1,63.5,12.7,41.3,149.2,79,4,1,false,69.5,2.9,above,-4,0.75,5640,9420,-52.02,-48.14,0.75,-11.82,32.48,149,60.67,19.33,213.9,8778,8516,9420,9944,0.73,اشباع خرید | خروج مستمر پول حقیقی | رشد عمودی (102٪ در ۶۰ روز، 41٪ بالای MA50) | P/E بالا (61) | 149٪ بالای MA200 | سرانه خرید ضعیف (0.75) | صف فروش در ۵ روز اخیر | آخرین معامله 20260923 (متوقف یا کم‌معامله)
کساپا,سایپاشیشه‌,سایر محصولات کانی غیرفلزی,36.3,اجتناب,65,20,41,10,3450,20260926,-9,-7,7.6,-31,-5.7,2.7,19,44,1,1,false,29.1,3.92,above,-13.5,0.62,3402,3490,0.1,0.5,0.59,-5.8,5.27,,,12.75,,3402,3334,3490,3790,0.35,واگرایی منفی RSI | بدون EPS مثبت | عرضه حقوقی به حقیقی (0 میلیارد تومان در ۲۰ روز) | سرانه خرید ضعیف (0.59) | واگرایی منفی | نقدشوندگی کمتر از ۱۰ میلیارد تومان | صف فروش در ۵ روز اخیر
خساپا,سایپا,خودرو و ساخت قطعات,36,اجتناب,90,30,2,10,679,20260926,-6.6,1.6,18.1,-20.5,-6.5,9.4,29.3,46.9,1,0,false,35.3,4,above,-13.8,0.74,630,788,-455.79,-136.44,0.59,-702.6,499.43,,,,,652,616,788,842,1.73,بدون EPS مثبت | سرانه خرید ضعیف (0.59) | حد ضرر دور (9.3٪)
شلعاب,لعابیران‌,محصولات شیمیایی,36,اجتناب,90,20,1,19,1232,20260926,-5.8,-5,16.1,-22.5,-3.5,6.4,36.1,48.2,2,0,false,34.8,3.94,above,-12.1,0.93,1191,1319,-2.07,-4.58,0.73,-9.17,7.06,70,17.6,9.63,82.8,1191,1167,1319,1401,1.33,واگرایی منفی RSI | سرانه خرید ضعیف (0.73) | واگرایی منفی | نقدشوندگی کمتر از ۱۰ میلیارد تومان
فنفت,صنایع تجهیزات نفت,فلزات اساسی,36,اجتناب,65,38,1.5,34,4820,20260926,-2.4,-9.2,34,-4.6,-4,6.7,37.3,49.4,1,0,false,29.8,3.72,above,-11.7,0.75,3989,5310,-0.96,-9.35,0.67,-11.68,8.41,529,9.11,8.05,13.2,4641,4461,5310,5460,1.37,خروج مستمر پول حقیقی | سرانه خرید ضعیف (0.67) | حد ضرر دور (7.4٪) | نقدشوندگی کمتر از ۱۰ میلیارد تومان
فلوله,لوله‌وماشین‌سازی‌ایران‌,فلزات اساسی,35.7,اجتناب,41,8,27,60,2415,20260926,-10.3,-17,16.4,-22.2,-11.7,-4.2,19,34.3,1,0,false,27.5,4.84,inside,-19.3,0.8,2235,2506,-1.33,15.5,0.38,-20.98,10.36,226,10.69,13.48,-20.7,2298,2176,2506,2619,0.38,عرضه حقوقی به حقیقی (-17 میلیارد تومان در ۲۰ روز) | سرانه خرید ضعیف (0.38) | حد ضرر دور (9.9٪)
غپونه,نوش پونه مشهد,محصولات غذایی و آشامیدنی به جز قند و شکر,35.6,اجتناب,46,20,1,70,8130,20260926,-11.9,-0.7,6.8,-31.8,-6.4,-5.1,66.3,40.3,2,1,false,22.8,4.09,inside,-17.7,0.44,7870,8481,-4.26,-16.16,0.57,-11.52,17.61,1310,6.21,7.05,-12,7870,7704,8481,8790,0.82,66٪ بالای MA200 | سرانه خرید ضعیف (0.57) | صف فروش در ۵ روز اخیر
کدما,معدنی‌ دماوند,استخراج کانه های فلزی,35.5,اجتناب,70,20,2,40,82580,20260926,-13.5,-6.4,12.3,-26.3,-6.3,3.2,43.9,43.4,3,1,false,29.8,3.83,above,-16.7,0.91,75640,91475,-6.92,-10.67,0.39,-34.12,16.4,6579,12.55,13.76,-8.8,79415,74668,91475,99130,1.12,واگرایی منفی RSI | 158٪ بالای کف ۵۲ هفته | سرانه خرید ضعیف (0.39) | واگرایی منفی | حد ضرر دور (9.6٪) | صف فروش در ۵ روز اخیر
حکشتی,کشتیرانی جمهوری اسلامی ایران,حمل ونقل، انبارداری و ارتباطات,35.3,اجتناب,70,20,27,14,8620,20260926,-12.3,-1.6,25.8,-12.8,-7.5,2.2,28.3,42.7,2,1,false,36.5,4.01,above,-15.8,0.54,8456,8995,-41.21,397.84,0.26,-187.48,122.19,331,26.04,19.33,34.7,8456,8284,8995,9810,1.11,واگرایی منفی RSI | عرضه حقوقی به حقیقی (-423 میلیارد تومان در ۲۰ روز) | سرانه خرید ضعیف (0.26) | واگرایی منفی | صف فروش در ۵ روز اخیر
بتک,کارخانجات کابل سازی‌ تک‌,ماشین آلات و دستگاه‌های برقی,35,اجتناب,100,48,21.6,20,236500,20260922,3.4,10.1,30.8,-7.8,5.9,17.9,26,76.3,4,0,false,42.8,2.29,above,0,0.94,225500,,0,0.15,1.06,-0.45,0.34,260,909.62,,,231090,222975,252730,263550,1.2,نقدشوندگی پایین | P/E بالا (910) | عرضه حقوقی به حقیقی (0 میلیارد تومان در ۲۰ روز) | نقدشوندگی کمتر از ۱۰ میلیارد تومان | آخرین معامله 20260922 (متوقف یا کم‌معامله)
ثشاهد,سرمایه‌ گذاری‌ شاهد,انبوه سازی، املاک و مستغلات,34.8,اجتناب,90,20,1,14,11420,20260926,-9.9,-0.2,24.8,-13.8,-3.9,12.9,39.4,49.8,4,2,false,42.3,3.72,above,-13.4,0.82,10790,11790,-43.22,-59.08,0.51,-71.3,53.86,560,20.39,6.61,208.5,10995,10577,11790,13180,0.44,واگرایی منفی RSI | خروج مستمر پول حقیقی | سرانه خرید ضعیف (0.51) | واگرایی منفی | حد ضرر دور (7.4٪) | صف فروش در ۵ روز اخیر
تپمپی,پمپ‌ سازی‌ ایران‌,ماشین آلات و تجهیزات,34.7,اجتناب,100,53,0.5,16,7170,20260926,-5.4,7.8,34.5,-4.1,0.5,14.8,65,57.1,0,0,false,47.9,3.73,above,-9.2,1.89,6545,7900,-4.15,-11.49,0.64,-3.88,2.93,787,9.11,5.15,76.9,6903,6502,7900,8434,1.09,نقدشوندگی پایین | واگرایی منفی RSI | خروج مستمر پول حقیقی | 65٪ بالای MA200 | سرانه خرید ضعیف (0.64) | واگرایی منفی | حد ضرر دور (9.3٪) | نقدشوندگی کمتر از ۱۰ میلیارد تومان
ثفارس,عمران‌وتوسعه‌فارس‌,انبوه سازی، املاک و مستغلات,34.3,اجتناب,45,20,43,24,14670,20260926,-13.8,-5.7,4.6,-34,-7.9,0.7,-7.9,41,2,2,false,30.6,3.83,above,-36.4,0.57,14403,15068,28.8,72.59,0.39,-97.19,82,264,55.57,6.61,740.7,14403,14122,15068,16000,0.73,P/E بالا (56) | عرضه حقوقی به حقیقی (-69 میلیارد تومان در ۲۰ روز) | سرانه خرید ضعیف (0.39) | صف فروش در ۵ روز اخیر
خنصیر,مهندسی‌نصیرماشین‌,خودرو و ساخت قطعات,34.1,اجتناب,65,20,0.5,42,4120,20260926,-7.8,-5.5,15.6,-23,-7.1,5.1,31.5,43.1,1,1,false,41,4.07,above,-16.4,0.63,3778,4200,-0.03,-0.44,0.72,-2.24,6.11,485,8.49,,,3952,3701,4200,4410,0.19,واگرایی منفی RSI | سرانه خرید ضعیف (0.72) | واگرایی منفی | حد ضرر دور (10.2٪) | نقدشوندگی کمتر از ۱۰ میلیارد تومان | صف فروش در ۵ روز اخیر
تفیرو,مهندسی فیروزا,ماشین آلات و تجهیزات,34,اجتناب,100,70,0,20,258900,20260922,9.9,40.5,100.1,61.5,17.5,42,189.8,100,20,0,true,95.4,1.56,above,0,0.77,152333,,0,0,0.8,-0.06,0.12,6541,39.58,,,254869,250839,270992,279053,1.5,نقدشوندگی پایین | اشباع خرید | فاصله زیاد از MA20 | سهم صفی: 20 روز از ۲۰ روز در صف (ریسک نقدشوندگی و اجرای حد ضرر) | رشد عمودی (100٪ در ۶۰ روز، 42٪ بالای MA50) | P/E بالا (40) | 190٪ بالای MA200 | نقدشوندگی کمتر از ۱۰ میلیارد تومان | آخرین معامله 20260922 (متوقف یا کم‌معامله)
بزاگرس,نیروگاه زاگرس کوثر,عرضه برق، گاز، بخاروآب گرم,34,اجتناب,65,28,16.5,19,7430,20260926,-10.3,-5.4,32.3,-6.3,-11.2,7.3,41.2,41.3,1,1,false,40.3,4.34,above,-21.2,0.42,6123,9430,-2.42,9.55,0.59,-5.93,9.96,466,15.94,10.04,58.8,7107,6784,9430,10076,3.1,عرضه حقوقی به حقیقی (-10 میلیارد تومان در ۲۰ روز) | سرانه خرید ضعیف (0.59) | حد ضرر دور (8.7٪) | نقدشوندگی کمتر از ۱۰ میلیارد تومان | صف فروش در ۵ روز اخیر
اپرداز,آتیه داده پرداز,اطلاعات و ارتباطات,33.9,اجتناب,70,30,0.5,27,4840,20260926,-13.3,3.4,12.5,-26.1,-9.1,2,35,40.7,2,1,false,43.2,4.07,above,-19.9,1,4514,4950,-20.25,-27.81,0.4,-23.07,10.33,332,14.58,11.65,25.1,4643,4415,4950,6040,0.26,خروج مستمر پول حقیقی | سرانه خرید ضعیف (0.40) | حد ضرر دور (8.8٪) | صف فروش در ۵ روز اخیر
پلاسک,پلاسکوکار,لاستیک و پلاستیک,33.9,اجتناب,90,20,1.5,10,5530,20260926,-11,-1.1,14.5,-24.1,-5.2,5.8,24.6,45.6,0,0,false,39.2,4.36,above,-13.7,0.75,5400,5700,-2.04,-1.21,0.52,-5.45,3.76,,,8.21,,5400,5279,5700,5900,0.68,بدون EPS مثبت | سرانه خرید ضعیف (0.52) | نقدشوندگی کمتر از ۱۰ میلیارد تومان
کقزوی,شیشه‌ قزوین‌,سایر محصولات کانی غیرفلزی,33.7,اجتناب,70,40,9,10,772,20260926,-9.8,-7.2,77.9,39.3,-6.5,8.1,28.9,46.2,0,0,false,43.9,4.15,above,-16.1,0.49,734,801,0,-4.14,1.12,-0.01,7.28,,,,,740,718,801,838,0.54,واگرایی منفی RSI | بدون EPS مثبت | واگرایی منفی | نقدشوندگی کمتر از ۱۰ میلیارد تومان
ثنوسا,نوسازی‌وساختمان‌تهران‌,انبوه سازی، املاک و مستغلات,33.5,اجتناب,65,20,26,14,8530,20260926,-7.9,-10.1,27.1,-11.5,-10.5,1.5,26.3,40,2,1,false,34.8,3.95,above,-20.7,0.71,7980,9040,3.32,-3.83,0.65,-6.63,9.38,62,137.58,6.61,1981.4,8193,7812,9040,9380,0.71,واگرایی منفی RSI | P/E بالا (138) | سرانه خرید ضعیف (0.65) | واگرایی منفی | حد ضرر دور (8.4٪) | نقدشوندگی کمتر از ۱۰ میلیارد تومان | صف فروش در ۵ روز اخیر
ساوه,سیمان ساوه,سیمان، آهک و گچ,33.3,اجتناب,40,20,2,67,10370,20260926,-8.8,-0.9,-23.2,-61.8,-5.1,-0.7,20.9,43.1,2,1,false,20.6,4.04,below,-33.4,0.72,10090,10650,-2.63,-1.39,0.56,-15.69,18.34,1489,6.96,6.69,4.1,10090,9881,10650,11430,0.57,سرانه خرید ضعیف (0.56) | صف فروش در ۵ روز اخیر
بپویا,دانش محور پویا نیرو,ماشین آلات و دستگاه‌های برقی,33.2,اجتناب,21,20,47.6,44,5690,20260926,-9.5,-2.4,-10.4,-49,-5.2,-0.6,-4,42.5,2,1,false,20.3,3.86,inside,-21.7,0.51,5518,5895,-1.25,18.16,1.02,2.89,12.69,752,7.57,6.15,23,5518,5408,5895,6074,0.73,عرضه حقوقی به حقیقی (-18 میلیارد تومان در ۲۰ روز) | شناوری کم (7٪) | صف فروش در ۵ روز اخیر
فکمند,گسترش قطعه سازی کمند,ساخت محصولات فلزی,33.1,اجتناب,60,30,66.2,10,11910,20260926,0.3,-4,-2.8,-41.4,-3.4,6.4,-16.1,49.3,1,0,false,21.2,4.26,above,-54.6,1.02,11597,12570,0.04,0.11,1.23,1.46,2.89,,,,,11597,11343,12570,12835,1.16,نقدشوندگی پایین | واگرایی منفی RSI | بدون EPS مثبت | عرضه حقوقی به حقیقی (0 میلیارد تومان در ۲۰ روز) | واگرایی منفی | نقدشوندگی کمتر از ۱۰ میلیارد تومان
فاذر,صنایع‌ آذرآب‌,ساخت محصولات فلزی,33,اجتناب,70,40,2,14,1511,20260926,-10.6,-5.7,58.9,20.3,-3.8,9.8,48.4,48.7,4,2,false,37,4.04,above,-15.9,0.92,1456,1638,-23.71,-32.34,0.41,-54.83,34.63,60,25.18,7.54,234,1456,1425,1638,1796,1.48,سرانه خرید ضعیف (0.41) | صف فروش در ۵ روز اخیر
بپردیس,بیمه پردیس,بیمه وصندوق بازنشستگی به جزتامین اجتماعی,33,اجتناب,100,65,0,20,2843,20260922,-1.8,11.7,108.5,69.9,1.1,29.2,79.6,62.6,6,0,false,43.3,3.41,above,-8.3,0.66,2381,3101,-1.55,-3.47,0.69,-0.47,0.8,129,22.04,,,2746,2649,3101,3295,1.33,نقدشوندگی پایین | واگرایی منفی RSI | خروج مستمر پول حقیقی | سهم صفی: 6 روز از ۲۰ روز در صف (ریسک نقدشوندگی و اجرای حد ضرر) | رشد عمودی (108٪ در ۶۰ روز، 29٪ بالای MA50) | 80٪ بالای MA200 | سرانه خرید ضعیف (0.69) | واگرایی منفی | نقدشوندگی کمتر از ۱۰ میلیارد تومان | آخرین معامله 20260922 (متوقف یا کم‌معامله)
دشیمی,شیمی‌ داروئی‌ داروپخش‌,مواد و محصولات دارویی,32.4,اجتناب,65,40,0.5,19,41040,20260926,-8,-13.2,90.3,51.7,-12.8,4.8,84.2,40.4,2,1,false,49.8,3.91,above,-22.1,1.07,23770,46380,-7.26,-102.91,0.47,-27.39,14.59,2096,19.58,12.91,51.7,39436,37832,46380,51120,1.66,واگرایی منفی RSI | خروج مستمر پول حقیقی | 84٪ بالای MA200 | سرانه خرید ضعیف (0.47) | واگرایی منفی | حد ضرر دور (7.8٪) | صف فروش در ۵ روز اخیر
ثتوسا,س.توسعه و عمران استان اردبیل,انبوه سازی، املاک و مستغلات,32.3,اجتناب,45,30,41.3,10,15370,20260926,-6.8,6.7,5.4,-33.2,-6.4,8.2,-47.9,46.9,7,2,false,30,3.81,above,-76.3,0.57,14880,18100,0.05,2.29,0.81,-2.14,7.12,,,,,14880,14587,18100,21850,3.49,بدون EPS مثبت | سهم صفی: 7 روز از ۲۰ روز در صف (ریسک نقدشوندگی و اجرای حد ضرر) | عرضه حقوقی به حقیقی (-3 میلیارد تومان در ۲۰ روز) | نقدشوندگی کمتر از ۱۰ میلیارد تومان | صف فروش در ۵ روز اخیر
افرا,افرانت,رایانه و فعالیت‌های وابسته به آن,32.2,اجتناب,25,22,52,29,8630,20260926,-9.5,-27.8,-33.7,-72.3,-13.8,-21.3,24.5,25.9,6,0,false,32.3,4.53,below,-38,0.55,6348,10020,0.8,49.73,0.56,-44.02,42.61,605,14.26,8.89,60.5,8239,7848,10020,10240,1.78,سهم صفی: 6 روز از ۲۰ روز در صف (ریسک نقدشوندگی و اجرای حد ضرر) | عرضه حقوقی به حقیقی (-50 میلیارد تومان در ۲۰ روز) | 183٪ بالای کف ۵۲ هفته | سرانه خرید ضعیف (0.56) | حد ضرر دور (9.1٪)
خفناور,مهندسی صنعتی روان فن آور,خودرو و ساخت قطعات,32.1,اجتناب,90,38,0,30,22740,20260926,-9.4,0.8,35.5,-3.1,-4.8,7.7,20.8,47.9,1,0,false,37.2,4.38,above,-14.8,0.59,22400,23800,-1.07,-1.5,0.65,-2.56,2.83,344,66.1,,,22400,21902,23800,26700,1.27,نقدشوندگی پایین | واگرایی منفی RSI | P/E بالا (66) | سرانه خرید ضعیف (0.65) | واگرایی منفی | نقدشوندگی کمتر از ۱۰ میلیارد تومان
وایران,لیزینگ ایرانیان,سایر واسطه گریهای مالی,31.9,اجتناب,40,18,41,24,4780,20260926,-6.8,-12.5,-5.7,-44.3,-11.9,0.2,-29.7,37.1,0,0,false,35.8,4.3,above,-61.8,0.58,4400,5099,0.23,0.43,0.54,-9.47,9.3,200,23.9,9.94,140.4,4574,4297,5099,5957,0.66,عرضه حقوقی به حقیقی (0 میلیارد تومان در ۲۰ روز) | سرانه خرید ضعیف (0.54) | حد ضرر دور (10.1٪) | نقدشوندگی کمتر از ۱۰ میلیارد تومان
ولقمان,گروه سرمایه گذاری لقمان,سرمایه گذاریها,31.8,اجتناب,100,15,30,25,3630,20260923,1.4,15.9,28.4,-10.2,6.4,21.3,55.8,88.5,2,0,false,68.1,1.61,above,0,1.26,3480,,-1.29,-2.5,2.05,-0.74,0.31,243,14.94,,,3572,3484,3805,3922,1.2,نقدشوندگی پایین | اشباع خرید | خروج مستمر پول حقیقی | 56٪ بالای MA200 | نقدشوندگی کمتر از ۱۰ میلیارد تومان | آخرین معامله 20260923 (متوقف یا کم‌معامله)
رپویا,پویا,رایانه و فعالیت‌های وابسته به آن,31.3,اجتناب,65,20,17.2,34,52630,20260923,-5.5,-12.1,24.4,-14.2,-5.5,6.3,34.6,47.6,2,0,false,32.3,3.84,above,-16.2,1.16,51270,58270,-20.91,-59.19,1.45,-2.14,7.01,5242,10.04,8.89,12.9,51270,50259,58270,62790,2.38,خروج مستمر پول حقیقی | نقدشوندگی کمتر از ۱۰ میلیارد تومان | آخرین معامله 20260923 (متوقف یا کم‌معامله)
ثزاگرس,سرمایه گذاری توسعه عمران زاگرس,انبوه سازی، املاک و مستغلات,31.3,اجتناب,5,55,35,40,110400,20260926,-1.7,1.7,-33.9,-72.5,-0.7,-7,-25.9,46,3,1,true,25.2,4.17,below,-49.4,0.6,103300,111885,0,0.1,1.81,-2.38,7.11,123,897.56,,,105794,100997,111885,118650,0.16,P/E بالا (898) | عرضه حقوقی به حقیقی (0 میلیارد تومان در ۲۰ روز) | حد ضرر دور (8.5٪) | نقدشوندگی کمتر از ۱۰ میلیارد تومان | صف فروش در ۵ روز اخیر
وبصادر,بانک صادرات ایران,بانکها و موسسات اعتباری,31.2,اجتناب,70,28,4.3,14,942,20260926,-8,-4.6,31.6,-7,-6.5,11.3,45.6,48.7,3,0,false,39.6,3.61,above,-12.5,0.52,774,974,-343.32,-343.24,0.91,-338.83,481.21,5,188.4,5.4,3388.9,908,874,974,1072,0.46,P/E بالا (188) | حد ضرر دور (7.2٪)
حشکوه,دلیجان طلایی شکوه پارس,حمل ونقل، انبارداری و ارتباطات,31.1,اجتناب,21,8,52.7,40,1241,20260926,-12.8,-6.5,-14.8,-53.4,-9.5,-1.7,-4.2,38.2,3,1,false,25.3,4.11,inside,-28.1,0.63,1180,1271,1.38,17.93,0.85,-0.06,10.07,28,44.32,,,1190,1155,1271,1298,0.35,واگرایی منفی RSI | P/E بالا (44) | عرضه حقوقی به حقیقی (-18 میلیارد تومان در ۲۰ روز) | واگرایی منفی | صف فروش در ۵ روز اخیر
وتوس,توسعه‌شهری‌توس‌گستر,انبوه سازی، املاک و مستغلات,31,اجتناب,65,20,16.1,14,7660,20260926,-7.3,-0.5,8.5,-30.1,-5,0.2,21.6,44.1,1,0,false,27.3,4.39,above,-11,0.52,7320,7800,-0.03,4.04,0.8,-1.94,4.17,381,20.1,6.61,204.2,7324,7152,7800,7955,0.28,واگرایی منفی RSI | عرضه حقوقی به حقیقی (-4 میلیارد تومان در ۲۰ روز) | واگرایی منفی | نقدشوندگی کمتر از ۱۰ میلیارد تومان
سنیر,سیمان‌ سفید نی‌ریز,سیمان، آهک و گچ,30.8,اجتناب,41,20,1,57,6700,20260926,-3,-8.3,3.4,-35.2,-3.7,-0.6,51.1,44.7,0,0,false,19.4,4.2,inside,-13.9,0.65,5480,7380,-4.35,-16.56,0.66,-12.32,10.7,963,6.96,7.14,-2.6,6419,6137,7380,7550,1.21,واگرایی منفی RSI | خروج مستمر پول حقیقی | 51٪ بالای MA200 | سرانه خرید ضعیف (0.66) | واگرایی منفی | حد ضرر دور (8.4٪)
غگرجی,بیسکویت‌  گرجی‌,محصولات غذایی و آشامیدنی به جز قند و شکر,30.7,اجتناب,41,28,27,24,3530,20260926,-12,-22.4,46.7,8.1,-13.8,-5.8,65.6,32.5,0,0,false,40.4,4.26,inside,-25.1,0.6,2782,4080,0.49,-1.05,0.6,-4.33,4.75,45,78.44,8.53,819.6,3380,3229,4080,4710,1.83,P/E بالا (78) | 66٪ بالای MA200 | سرانه خرید ضعیف (0.60) | حد ضرر دور (8.5٪) | نقدشوندگی کمتر از ۱۰ میلیارد تومان
وسکاب,س.ص.بازنشستگی کارکنان بانکها,سرمایه گذاریها,30.7,اجتناب,41,18,2,57,3110,20260926,-4,-18.8,17.5,-21.1,-6.9,-5.5,43,39.2,1,0,false,22.8,4.03,inside,-20.7,0.54,2967,3250,-11.81,-35.89,0.37,-16.72,17.64,437,7.12,7.13,-0.2,2985,2904,3250,3500,0.68,خروج مستمر پول حقیقی | 169٪ بالای کف ۵۲ هفته | سرانه خرید ضعیف (0.37)
بکهنوج,تولید برق ماهتاب کهنوج,عرضه برق، گاز، بخاروآب گرم,30.4,اجتناب,65,40,1.5,10,1176,20260926,-13.8,-7.3,39.5,0.9,-8.9,3.2,,41,3,3,false,41.1,4.14,above,-17.9,0.67,1140,1211,-3.24,-12.78,0.6,-4.03,3.86,,,,,1140,1116,1211,1293,0.58,خروج مستمر پول حقیقی | بدون EPS مثبت | سرانه خرید ضعیف (0.60) | نقدشوندگی کمتر از ۱۰ میلیارد تومان | صف فروش در ۵ روز اخیر
فرابورس,فرابورس ایران,فعالیتهای کمکی به نهادهای مالی واسط,30.1,اجتناب,70,20,1.5,19,7060,20260926,-11.3,-0.4,20.6,-18,-3.5,4.9,45,48.1,2,1,false,19.1,3.78,above,-11.9,0.66,6535,7320,-55.69,-122.55,0.42,-140.16,92.3,441,16.01,9.46,69.2,6793,6402,7320,7460,0.39,خروج مستمر پول حقیقی | 162٪ بالای کف ۵۲ هفته | سرانه خرید ضعیف (0.42) | حد ضرر دور (9.3٪) | صف فروش در ۵ روز اخیر
سغرب,سیمان‌غرب‌,سیمان، آهک و گچ,29.9,اجتناب,35,8,1,70,7740,20260926,-4.1,-9.6,-7.2,-45.8,-6.6,-2.1,7.9,38.6,0,0,false,22.7,3.84,below,-23.2,0.5,7490,7957,-1.58,-10.95,0.59,-8.56,8.44,1220,6.34,7.14,-11.1,7490,7342,7957,8318,0.54,خروج مستمر پول حقیقی | سرانه خرید ضعیف (0.59) | نقدشوندگی کمتر از ۱۰ میلیارد تومان
خوساز,محورسازان‌ایران‌خودرو,خودرو و ساخت قطعات,29.7,اجتناب,70,28,2.5,10,17820,20260926,-8.3,-1.1,29.7,-8.9,-6.2,5.4,15.8,45.9,0,0,false,28.3,4.07,above,-14.9,0.72,17410,18070,-9.3,-17.38,0.73,-6.68,6,,,,,17410,17048,18070,18630,0.32,خروج مستمر پول حقیقی | بدون EPS مثبت | سرانه خرید ضعیف (0.73) | نقدشوندگی کمتر از ۱۰ میلیارد تومان
قثابت,قند ثابت‌ خراسان‌,قند و شکر,29,اجتناب,41,8,46.4,14,3660,20260926,-9.2,-11.4,8.7,-29.9,-7.5,-5.3,45.4,37.6,1,0,false,31.2,4.41,inside,-18.1,0.88,3465,3990,1.6,7.82,0.98,-3.9,11.02,150,24.4,9.8,149,3499,3384,3990,4100,1.2,واگرایی منفی RSI | عرضه حقوقی به حقیقی (-6 میلیارد تومان در ۲۰ روز) | 166٪ بالای کف ۵۲ هفته | واگرایی منفی | حد ضرر دور (7.5٪)
کترام,تولیدی‌ کاشی‌ تکسرام‌,کاشی و سرامیک,28.8,اجتناب,70,20,1,14,3260,20260926,-8.4,-5.5,22.1,-16.5,-8.3,2.5,37.8,41.2,0,0,false,36.2,4.55,above,-16.2,0.75,3200,3365,-0.41,-0.08,0.55,-9.75,6.04,18,181.11,7.65,2267.5,3200,3126,3365,3650,0.79,واگرایی منفی RSI | P/E بالا (181) | سرانه خرید ضعیف (0.55) | واگرایی منفی | نقدشوندگی کمتر از ۱۰ میلیارد تومان
قهکمت,قندهکمتان‌,قند و شکر,28.5,اجتناب,70,28,0.5,47,9880,20260926,-10.7,-6.6,31.7,-6.9,-7.9,4.8,57.5,43.3,0,0,false,31,4.26,above,-16,0.79,8985,10153,-6.5,-18.41,0.42,-7.44,2.52,1018,9.71,9.8,-1,9459,8827,10153,11762,0.26,نقدشوندگی پایین | واگرایی منفی RSI | خروج مستمر پول حقیقی | 57٪ بالای MA200 | سرانه خرید ضعیف (0.42) | واگرایی منفی | حد ضرر دور (10.7٪) | نقدشوندگی کمتر از ۱۰ میلیارد تومان
غنوش,نوش‌ مازندران‌,محصولات غذایی و آشامیدنی به جز قند و شکر,27.9,اجتناب,40,30,25.5,14,16820,20260926,-11.9,1.8,8.7,-29.9,-5.7,-1.6,34.8,43.3,5,1,false,22.7,3.77,below,-16.4,0.37,16565,17290,-49.21,220.48,0.55,-52.36,84.9,487,34.54,8.53,304.9,16565,16248,17290,18050,0.82,P/E بالا (35) | عرضه حقوقی به حقیقی (-220 میلیارد تومان در ۲۰ روز) | 175٪ بالای کف ۵۲ هفته | سرانه خرید ضعیف (0.55) | صف فروش در ۵ روز اخیر
زماهان,مجتمع تولید گوشت مرغ ماهان,زراعت و خدمات وابسته,27.8,اجتناب,70,20,1,10,12390,20260926,-9.8,-7.5,4.1,-34.5,-6.3,5.3,16.4,44.6,3,1,false,32.4,4.14,above,-14.8,0.62,11820,12520,-7.38,-0.38,0.49,-17.67,14.8,,,8.07,,11877,11564,12520,12760,0.16,واگرایی منفی RSI | بدون EPS مثبت | سرانه خرید ضعیف (0.49) | واگرایی منفی | صف فروش در ۵ روز اخیر
وثخوز,سرمایه گذاری و توسعه خوزستان,انبوه سازی، املاک و مستغلات,27.7,اجتناب,24,20,55.8,10,5060,20260926,-7.2,-11.1,-12,-50.6,-3.9,-2,-5.6,44.2,2,1,false,14.7,4.37,inside,-38.7,0.59,4935,5194,1.98,3.05,0.93,-0.47,3.04,,,,,4935,4825,5194,5450,0.57,واگرایی منفی RSI | بدون روند (ADX پایین) | بدون EPS مثبت | واگرایی منفی | نقدشوندگی کمتر از ۱۰ میلیارد تومان | صف فروش در ۵ روز اخیر
خنور,نورایستا پلاستیک,خودرو و ساخت قطعات,27.6,اجتناب,50,16,1.5,36,7800,20260926,-13.8,-14.6,37.3,-1.3,-15.5,-1.6,10.8,35.2,4,3,false,37.4,4.2,above,-25.4,0.7,7560,7900,-15.66,-16.59,0.52,-13.12,16.44,745,10.47,5.87,78.4,7560,7397,7900,8306,0.25,خروج مستمر پول حقیقی | سرانه خرید ضعیف (0.52) | صف فروش در ۵ روز اخیر
پارتا,مجتمع صنعتی آرتاویل تایر,لاستیک و پلاستیک,27.4,اجتناب,100,50,0.5,9,19610,20260922,-1.3,26.9,67,28.4,6.4,34.4,93,76.3,0,0,false,53.9,2.94,above,-4,0.67,17810,20430,-6.31,-7.8,0.5,-4.09,2.04,985,19.91,9.84,102.3,19033,18457,20430,21583,0.71,نقدشوندگی پایین | واگرایی منفی RSI | خروج مستمر پول حقیقی | رشد عمودی (67٪ در ۶۰ روز، 34٪ بالای MA50) | 93٪ بالای MA200 | سرانه خرید ضعیف (0.50) | واگرایی منفی | نقدشوندگی کمتر از ۱۰ میلیارد تومان | آخرین معامله 20260922 (متوقف یا کم‌معامله)
وارس,سرمایه گذاری ارس صبا,سرمایه گذاریها,26.7,اجتناب,25,8,0.5,70,14190,20260926,-10.9,-14.4,13.2,-25.4,-8.3,-11.7,35.5,34.2,2,1,false,26.1,4.36,below,-26.9,0.9,13310,14353,-17.28,-22.02,0.5,-17.08,9.67,3770,3.76,,,13572,13001,14353,15040,0.14,خروج مستمر پول حقیقی | 178٪ بالای کف ۵۲ هفته | سرانه خرید ضعیف (0.50) | حد ضرر دور (8.4٪) | نقدشوندگی کمتر از ۱۰ میلیارد تومان | صف فروش در ۵ روز اخیر
غگل,گلوکوزان‌,محصولات غذایی و آشامیدنی به جز قند و شکر,26.2,اجتناب,41,8,2,47,6160,20260926,-12.3,-14.9,-9,-47.6,-9.2,-6.8,26.6,34.9,2,1,false,19.1,3.88,inside,-17.6,0.5,5791,6240,-3.22,-0.56,0.49,-13.89,15.79,706,8.73,8.53,2.3,5921,5671,6240,6405,0.16,واگرایی منفی RSI | سرانه خرید ضعیف (0.49) | واگرایی منفی | حد ضرر دور (7.9٪) | صف فروش در ۵ روز اخیر
چفیبر,تولید فیبر ایران‌,محصولات چوبی,26.1,اجتناب,41,12,0.5,45,6300,20260926,-13.5,-21.2,-3.4,-42,-16.7,-7,21.5,29.9,7,5,false,37.5,4.4,inside,-26.2,0.35,5990,7560,-2.97,-2.66,0.25,-8.29,8.22,224,28.13,28.93,-2.8,6023,5851,7560,8540,2.81,سهم صفی: 7 روز از ۲۰ روز در صف (ریسک نقدشوندگی و اجرای حد ضرر) | سرانه خرید ضعیف (0.25) | حد ضرر دور (7.1٪) | نقدشوندگی کمتر از ۱۰ میلیارد تومان | صف فروش در ۵ روز اخیر
وهنر,گروه توسعه هنر ایران,فعالیت های هنری، سرگرمی و خلاقانه,25.7,اجتناب,45,45,2.7,10,4370,20260926,-9.3,8.2,20.3,-18.3,-3.9,10.6,-30.4,50.2,0,0,false,31.2,4.01,above,-55.9,1.42,4260,4430,-0.17,-13.51,0.81,-3.21,4.86,,,,,4260,4172,4430,4850,0.3,واگرایی منفی RSI | خروج مستمر پول حقیقی | بدون EPS مثبت | واگرایی منفی | نقدشوندگی کمتر از ۱۰ میلیارد تومان
اخشان,اخشان خراسان,زراعت و خدمات وابسته,25.5,اجتناب,70,20,36,26,16600,20260923,-9.8,-8.9,25.9,-12.7,-4.8,2.7,44.6,46.4,2,0,false,21,3.83,above,-12.3,0.61,16091,18914,-3.42,-11.19,2.55,0.31,2.49,1452,11.43,8.07,41.7,16091,15772,18914,20187,2.8,نقدشوندگی پایین | خروج مستمر پول حقیقی | 170٪ بالای کف ۵۲ هفته | نقدشوندگی کمتر از ۱۰ میلیارد تومان | آخرین معامله 20260923 (متوقف یا کم‌معامله)
حپترو,حمل و نقل پتروشیمی( سهامی عام,حمل ونقل، انبارداری و ارتباطات,25.5,اجتناب,70,20,27.9,14,16690,20260926,-6.4,-0.8,16.9,-21.7,-7.1,7,15.9,44.6,1,1,false,34.8,4.09,above,-15.5,0.54,16350,17255,0,-6.7,0.87,-0.22,2.36,623,26.79,19.33,38.6,16350,16009,17255,18020,0.83,نقدشوندگی پایین | واگرایی منفی RSI | خروج مستمر پول حقیقی | واگرایی منفی | نقدشوندگی کمتر از ۱۰ میلیارد تومان | صف فروش در ۵ روز اخیر
خودرو,ایران‌ خودرو,خودرو و ساخت قطعات,25.4,اجتناب,70,8,1,10,648,20260926,-9.7,-9.4,11.3,-27.3,-9.9,2.1,18.3,39.6,1,1,false,28.1,4.04,above,-17.6,0.58,632,655,-369.61,-1027.36,0.43,-740.03,627.35,,,,,632,618,655,674,0.24,واگرایی منفی RSI | خروج مستمر پول حقیقی | بدون EPS مثبت | سرانه خرید ضعیف (0.43) | واگرایی منفی | صف فروش در ۵ روز اخیر
انرژی,بورس انرژی ایران,فعالیتهای کمکی به نهادهای مالی واسط,25.2,اجتناب,65,8,2.5,14,21480,20260926,-12.4,-15.2,28.5,-10.1,-11.1,0.2,50.6,38.6,0,0,false,35,4.44,above,-17.6,0.51,20135,23535,-88.14,-279.72,0.38,-164.69,119.29,522,41.15,5.92,595.1,20526,19658,23535,25950,1.13,خروج مستمر پول حقیقی | P/E بالا (41) | 51٪ بالای MA200 | سرانه خرید ضعیف (0.38) | حد ضرر دور (8.5٪)
تکنو,تکنوتار,ماشین آلات و تجهیزات,25,اجتناب,25,37,16.5,24,4130,20260926,-7.6,-13.6,-26.6,-65.2,-7.5,-31.1,21.6,27.9,2,1,true,58.1,4.4,below,-55.1,0.38,2511,4300,-1.73,4.82,0.37,-31.52,38.3,154,26.82,5.15,420.7,3948,3766,4300,4382,0.47,عرضه حقوقی به حقیقی (-4 میلیارد تومان در ۲۰ روز) | 254٪ بالای کف ۵۲ هفته | سرانه خرید ضعیف (0.37) | حد ضرر دور (8.8٪) | صف فروش در ۵ روز اخیر
ناما,تولیدی مخازن گازطبیعی آسیاناما,خودرو و ساخت قطعات,25,اجتناب,41,8,0.5,44,3890,20260926,-9.1,-17.1,2,-36.6,-9.3,-6,12.7,37.8,3,0,false,19.2,4.51,inside,-18.8,0.69,3781,4010,-3.41,-12.47,0.41,-15.43,9.35,583,6.67,5.87,13.7,3781,3693,4010,4105,0.61,خروج مستمر پول حقیقی | سرانه خرید ضعیف (0.41) | نقدشوندگی کمتر از ۱۰ میلیارد تومان
سپ,پرداخت الکترونیک سامان کیش,رایانه و فعالیت‌های وابسته به آن,24.6,اجتناب,90,45,2.6,12,13620,20260922,-5.9,2.2,28.5,-10.1,-2.6,12.4,13.8,53.8,1,0,false,46.4,4.02,above,-7.7,0.44,13291,14015,-0.65,-1.41,0.88,-0.84,0.85,662,20.57,18.19,13.1,13291,13017,14015,14348,0.66,نقدشوندگی پایین | واگرایی منفی RSI | خروج مستمر پول حقیقی | واگرایی منفی | نقدشوندگی کمتر از ۱۰ میلیارد تومان | شناوری کم (10٪) | آخرین معامله 20260922 (متوقف یا کم‌معامله)
پاریز,پاریز شرق,انبوه سازی، املاک و مستغلات,24.2,اجتناب,0,12,63,24,34850,20260926,-13.9,-30,10.8,-27.8,-20.4,-21,,22.2,7,4,false,36.7,4.43,,-32.9,0.81,,35463,6.06,-13.34,1.61,16.84,19.73,823,42.35,23.59,79.5,33308,31765,35463,38383,0.2,سهم صفی: 7 روز از ۲۰ روز در صف (ریسک نقدشوندگی و اجرای حد ضرر) | P/E بالا (42) | حد ضرر دور (8.9٪) | صف فروش در ۵ روز اخیر
رانفور,خدمات‌انفورماتیک‌,رایانه و فعالیت‌های وابسته به آن,23.4,اجتناب,31,20,26.5,14,5050,20260926,-3.4,0,4,-34.6,-5,-6.1,30.2,41.8,2,0,false,17.2,3.98,inside,-15.1,0.35,4890,5275,-3.04,70.37,0.7,-6.07,11.86,154,32.79,18.19,80.3,4890,4789,5275,5475,0.86,P/E بالا (33) | عرضه حقوقی به حقیقی (-71 میلیارد تومان در ۲۰ روز) | سرانه خرید ضعیف (0.70) | شناوری کم (14٪)
پلاست,کارخانجات تولیدی پلاستیران,لاستیک و پلاستیک,22.5,اجتناب,25,12,26.5,24,1908,20260926,-8.2,-10.5,-38.9,-77.5,-10,-23.3,14.2,27.9,1,0,false,41,4.29,below,-48.2,0.35,1634,2012,0.53,-6.26,0.5,-33.54,44.39,93,20.52,9.84,108.5,1826,1744,2012,2150,0.64,سرانه خرید ضعیف (0.50) | حد ضرر دور (8.6٪)
سدشت,صنایع سیمان دشتستان,سیمان، آهک و گچ,22.3,اجتناب,70,30,2,19,39860,20260926,-14,3.7,0.5,-38.1,-8.5,3.3,28.4,41.7,3,2,false,28.1,4.15,above,-19.7,0.72,39200,46300,-1.34,-0.3,0.28,-3.94,2.12,2835,14.06,7.14,96.9,39200,38372,46300,49630,4.33,نقدشوندگی پایین | سرانه خرید ضعیف (0.28) | نقدشوندگی کمتر از ۱۰ میلیارد تومان | شناوری کم (13٪) | صف فروش در ۵ روز اخیر
کایتا,ایتالران‌,سایر محصولات کانی غیرفلزی,22.1,اجتناب,65,30,16.4,10,15710,20260926,-4.3,0.1,13.2,-25.4,-2.1,5.3,-14.6,49.2,1,1,false,33.3,4.01,above,-55.8,0.58,15493,16170,0,0.61,0.84,-0.66,0.98,,,,,15493,15178,16170,16450,0.86,نقدشوندگی پایین | بدون EPS مثبت | عرضه حقوقی به حقیقی (-1 میلیارد تومان در ۲۰ روز) | نقدشوندگی کمتر از ۱۰ میلیارد تومان | صف فروش در ۵ روز اخیر
تکشا,گسترش‌صنایع‌وخدمات‌کشاورزی‌,ماشین آلات و تجهیزات,22,اجتناب,35,8,15.5,24,8750,20260926,-10.7,-7.8,-28.5,-67.1,-11.3,-7.1,3,32.1,4,2,false,23.5,4.5,below,-41.1,0.69,8490,9010,-0.47,4.18,0.4,-23.25,11.01,310,28.23,5.15,448.1,8490,8293,9010,9390,0.57,عرضه حقوقی به حقیقی (-4 میلیارد تومان در ۲۰ روز) | سرانه خرید ضعیف (0.40) | صف فروش در ۵ روز اخیر
غگز,صنایع غذایی سکه,محصولات غذایی و آشامیدنی به جز قند و شکر,21.9,اجتناب,10,12,42,24,3030,20260926,-12.2,-2.3,-46.5,-85.1,-11.8,-21.8,-7,27.7,2,1,false,27.8,4.41,below,-51.1,0.61,2950,3080,11.65,11.74,0.32,-58.41,38.5,81,37.41,7.05,430.6,2950,2883,3080,3371,0.34,P/E بالا (37) | سرانه خرید ضعیف (0.32) | صف فروش در ۵ روز اخیر
میدکو,توسعه معادن وص.معدنی خاورمیانه,فلزات اساسی,19.9,اجتناب,35,8,17,14,6170,20260926,-11.1,-16.3,-8.4,-47,-9,-4.9,12.4,37.1,3,1,false,15.3,3.92,below,-18.7,0.39,6065,6450,-47.15,49.1,0.26,-178.4,159.41,93,66.34,13.48,392.2,6065,5944,6450,6610,1.24,واگرایی منفی RSI | P/E بالا (66) | عرضه حقوقی به حقیقی (-101 میلیارد تومان در ۲۰ روز) | سرانه خرید ضعیف (0.26) | واگرایی منفی | شناوری کم (9٪) | صف فروش در ۵ روز اخیر
ثامان,سامان‌ گستراصفهان‌,انبوه سازی، املاک و مستغلات,18.5,اجتناب,16,32,0,29,28070,20260926,-14.1,-27,54.1,15.5,-22,-17.8,-31.8,23.8,8,5,false,43.7,4.45,inside,-63.5,0.07,20550,36485,-0.97,-12.67,0.15,-6.67,28.11,1764,15.91,6.61,140.7,26822,25573,36485,38474,3.37,واگرایی منفی RSI | سهم صفی: 8 روز از ۲۰ روز در صف (ریسک نقدشوندگی و اجرای حد ضرر) | سرانه خرید ضعیف (0.15) | واگرایی منفی | حد ضرر دور (8.9٪) | صف فروش در ۵ روز اخیر
آپ,آسان پرداخت پرشین,رایانه و فعالیت‌های وابسته به آن,17.6,اجتناب,20,8,26,14,10330,20260926,-8.5,-17.5,5.3,-33.3,-10.4,-8.3,-3.2,33.1,1,0,false,18.7,4.35,below,-20.5,0.43,10107,10613,-1.53,18.91,0.69,-4.69,6.97,86,120.12,18.19,560.3,10107,9882,10613,10914,0.63,P/E بالا (120) | عرضه حقوقی به حقیقی (-18 میلیارد تومان در ۲۰ روز) | سرانه خرید ضعیف (0.69) | نقدشوندگی کمتر از ۱۰ میلیارد تومان
وسالت,بانک قرض الحسنه رسالت,بانکها و موسسات اعتباری,17,اجتناب,36,18,0.5,10,3750,20260926,-8.3,3,-5.7,-44.3,-5.9,1.9,-8.8,39.7,7,2,false,37.3,2.48,inside,-47.7,0.63,3647,3902,-6.25,-2.71,0.39,-7.63,4.26,,,,,3657,3601,3902,3980,1.02,بدون EPS مثبت | سهم صفی: 7 روز از ۲۰ روز در صف (ریسک نقدشوندگی و اجرای حد ضرر) | سرانه خرید ضعیف (0.39) | نقدشوندگی کمتر از ۱۰ میلیارد تومان | صف فروش در ۵ روز اخیر
قتربت,قند تربت حیدریه,قند و شکر,16.8,اجتناب,0,12,0.5,57,8050,20260926,-12.9,-25.3,-2.9,-41.5,-18.2,-18.6,,23.3,0,0,false,33.1,4.67,below,-31,0.39,7560,8330,-3.75,-3.85,0.34,-8.67,8.5,775,10.39,9.57,8.5,7674,7372,8330,8890,0.41,158٪ بالای کف ۵۲ هفته | سرانه خرید ضعیف (0.34) | حد ضرر دور (8.4٪) | نقدشوندگی کمتر از ۱۰ میلیارد تومان
سلار,شرکت سیمان لارستان,سیمان، آهک و گچ,16.1,اجتناب,50,18,0,30,2778,20260926,-8,-15.6,18.1,-20.5,-13.5,-2.9,25.6,34.7,5,1,false,33.4,3.98,above,-22,1.11,2749,3010,0,-0.12,0.57,-4.39,2.36,114,24.37,,,2749,2694,3010,3250,2.75,نقدشوندگی پایین | واگرایی منفی RSI | سرانه خرید ضعیف (0.57) | واگرایی منفی | نقدشوندگی کمتر از ۱۰ میلیارد تومان | صف فروش در ۵ روز اخیر
دانا,بیمه دانا,بیمه وصندوق بازنشستگی به جزتامین اجتماعی,16.1,اجتناب,40,8,0,10,2209,20260926,-6.4,-6.6,-0.5,-39.1,-8,0.5,-6.8,39,2,1,false,28.3,4.02,above,-31.1,0.58,2148,2238,-4.26,-21.48,0.56,-5.03,4.36,,,4.59,,2148,2104,2238,2328,0.28,واگرایی منفی RSI | خروج مستمر پول حقیقی | بدون EPS مثبت | سرانه خرید ضعیف (0.56) | واگرایی منفی | نقدشوندگی کمتر از ۱۰ میلیارد تومان | صف فروش در ۵ روز اخیر
تاپکیش,تجارت الکترونیک پارسیان کیش,رایانه و فعالیت‌های وابسته به آن,15.5,اجتناب,25,8,1.5,24,2416,20260926,-4.7,-12.7,18.5,-20.1,-7.4,-12.3,40.4,35.8,1,0,false,19.9,4.14,below,-27.1,1.07,2296,2482,-4.29,-8.22,0.79,-12.11,9.3,96,25.17,8.89,183.1,2316,2246,2482,2676,0.39,189٪ بالای کف ۵۲ هفته | سرانه خرید ضعیف (0.79) | حد ضرر دور (7.0٪) | نقدشوندگی کمتر از ۱۰ میلیارد تومان
نبروج,نساجی بروجرد,منسوجات,15,اجتناب,55,55,0,10,19520,20260914,4.1,-3.1,-11.9,-50.5,2.3,-8.8,11.8,45.3,12,0,true,48.7,1.25,below,-24.3,0.56,18380,22188,0,0,,0,0.37,,,,,19276,19033,22188,22725,5.48,نقدشوندگی پایین | بدون EPS مثبت | سهم صفی: 12 روز از ۲۰ روز در صف (ریسک نقدشوندگی و اجرای حد ضرر) | 1041٪ بالای کف ۵۲ هفته | نقدشوندگی کمتر از ۱۰ میلیارد تومان | آخرین معامله 20260914 (متوقف یا کم‌معامله)
خلیبل,مالیبل سایپا,خودرو و ساخت قطعات,8.8,اجتناب,50,8,18.8,10,1651,20260923,-7.7,-10.9,-2.2,-40.8,-10.9,-5.4,3.9,36.9,0,0,false,27.8,4.43,above,-18.7,0.44,1580,1681,0,0.04,0.95,-0.47,0.66,,,,,1580,1543,1681,1710,0.28,نقدشوندگی پایین | بدون EPS مثبت | عرضه حقوقی به حقیقی (0 میلیارد تومان در ۲۰ روز) | نقدشوندگی کمتر از ۱۰ میلیارد تومان | آخرین معامله 20260923 (متوقف یا کم‌معامله)
تاتمس,کارخانجات صنعتی وتولیدی اتمسفر,ماشین آلات و تجهیزات,6.5,اجتناب,41,8,0.5,30,12830,20260923,-13.7,-8.1,-9.9,-48.5,-8.1,-1.4,16.9,39.7,3,3,false,30.2,3.65,inside,-15.4,0.88,12500,13040,0,-5.58,0.46,-0.33,0.54,248,51.73,,,12500,12266,13040,13320,0.37,نقدشوندگی پایین | واگرایی منفی RSI | خروج مستمر پول حقیقی | P/E بالا (52) | سرانه خرید ضعیف (0.46) | واگرایی منفی | نقدشوندگی کمتر از ۱۰ میلیارد تومان | صف فروش در ۵ روز اخیر | آخرین معامله 20260923 (متوقف یا کم‌معامله)
کشرق,صنعتی و معدنی شمال شرق شاهرود,استخراج زغال سنگ,5.4,اجتناب,31,18,0,10,120000,20260926,-7.2,-21.1,26.2,-12.4,-11.6,-11.6,22.8,30.9,1,0,false,27,4.61,inside,-27.8,0.54,114550,126300,-0.1,-0.4,0.66,-1.37,1.66,,,15.48,,114550,111785,126300,133200,0.77,نقدشوندگی پایین | بدون EPS مثبت | سرانه خرید ضعیف (0.66) | نقدشوندگی کمتر از ۱۰ میلیارد تومان
ثنظام,س. ساختمانی نظام مهندسی ایران,انبوه سازی، املاک و مستغلات,3,اجتناب,25,12,2.5,10,66770,20260926,-6.6,-9.9,2.2,-36.4,-11.2,-13.5,15.1,27.2,2,2,false,33.9,4.35,below,-20,0.45,63900,68150,-0.11,-0.55,0.79,-0.37,1.04,,,,,63900,62448,68150,70380,0.32,نقدشوندگی پایین | بدون EPS مثبت | سرانه خرید ضعیف (0.79) | نقدشوندگی کمتر از ۱۰ میلیارد تومان | صف فروش در ۵ روز اخیر
ساذری,آذریت‌,سایر محصولات کانی غیرفلزی,-2.1,اجتناب,10,12,0,10,24380,20260926,-8.3,-12.7,-38.1,-76.7,-10.8,-22.5,-18.7,26.3,0,0,false,42.1,4.38,below,-40.3,0.84,23250,25675,0,-0.12,0.64,-0.96,0.79,,,,,23313,22717,25675,26213,0.78,نقدشوندگی پایین | بدون EPS مثبت | سرانه خرید ضعیف (0.64) | نقدشوندگی کمتر از ۱۰ میلیارد تومان
