symbol,name,sector,score,signal,trend,momentum,money,value,close,lastDate,ret5,ret20,ret60,rs60,vsSma20,vsSma50,vsSma200,rsi,lockedDays20,sellQueueDays5,macdAboveSignal,adx,atrPct,cloud,fromHigh52,volRatio,support1,resistance1,netReal5B,netReal20B,power5,smt5B,liquidityB,eps,pe,sectorPE,peVsSector,entryLow,stop,target1,target2,rr,flags
خیمن,ایمن خودرو شرق,خودرو و ساخت قطعات,89.9,قوی؛ نزدیک مقاومت، منتظر شکست یا پولبک,100,100,79.5,80,5580,20261007,4.5,13.2,61.3,0.4,9.4,13,62.9,68.4,0,0,true,33.2,3.46,above,-2.4,1.19,5310,5650,16.4,48.57,1.3,3.35,29.63,1533,3.64,5.87,-38,5387,5214,5650,6036,0.19,63٪ بالای MA200
الکتروماد,صنایع الکترونیک مادیران,ماشین آلات و تجهیزات,89.5,پرریسک؛ صفی/رشد عمودی,100,85,98,72,5750,20261007,14.1,23.9,114.2,53.4,14.6,28,110,77,6,0,true,45.7,2.72,above,0,1.49,5370,,23.61,33.36,16.37,80.23,21.32,957,6.01,9.66,-37.8,5594,5359,6219,6532,1.2,واگرایی منفی RSI | سهم صفی: 6 روز از ۲۰ روز در صف (ریسک نقدشوندگی و اجرای حد ضرر) | رشد عمودی (114٪ در ۶۰ روز، 28٪ بالای MA50) | 110٪ بالای MA200 | واگرایی منفی
ثبهساز,بهساز کاشانه تهران,انبوه سازی، املاک و مستغلات,89.1,قوی ولی پرریسک؛ فعلاً ورود نه,100,80,92.3,80,2126,20261007,8.8,7,32.5,-28.4,9.3,12.5,60.7,67.1,1,0,true,21.3,3.1,above,-1.9,1.66,2033,,23.45,61.36,1.37,66.23,39.62,655,3.25,6.61,-50.9,2060,2000,2324,2455,1.57,61٪ بالای MA200
ثباغ,شهر سازی و خانه سازی باغمیشه,انبوه سازی، املاک و مستغلات,86,قوی؛ نزدیک مقاومت، منتظر شکست یا پولبک,100,65,100,72,8570,20261007,12.3,14.9,47.3,-13.6,11.9,22.5,68.3,74.1,3,0,true,42.1,3.14,above,0,1.8,7957,,83.19,98.75,10.65,80.21,11.56,1129,7.59,23.59,-67.8,8301,7897,9377,9916,1.2,68٪ بالای MA200 | حد ضرر دور (7.9٪)
معین,بیمه ایران - معین,بیمه وصندوق بازنشستگی به جزتامین اجتماعی,85.1,قوی ولی پرشده؛ منتظر پولبک,100,75,88.5,72,3490,20261007,0.6,14.8,73.2,12.4,9.8,28.8,65.2,76.4,3,0,true,63.6,3.3,above,-4.4,1.27,3130,,2.93,7.2,2.82,43.78,13.96,644,5.42,18.13,-70.1,3375,3260,3835,4065,1.5,65٪ بالای MA200
ولساپا,لیزینگ رایان‌ سایپا,سایر واسطه گریهای مالی,84.5,پرریسک؛ صفی/رشد عمودی,100,70,90,72,1905,20261007,15.7,70.4,118.4,57.6,28.5,64.2,136.1,95.3,16,0,true,72.9,2.33,above,0,0.72,1076,,32.72,124.99,6.99,82.42,26.03,335,5.69,9.94,-42.8,1861,1816,2038,2127,1.5,اشباع خرید | فاصله زیاد از MA20 | سهم صفی: 16 روز از ۲۰ روز در صف (ریسک نقدشوندگی و اجرای حد ضرر) | رشد عمودی (118٪ در ۶۰ روز، 64٪ بالای MA50) | 136٪ بالای MA200
آسیا,بیمه آسیا,بیمه وصندوق بازنشستگی به جزتامین اجتماعی,84.3,قوی؛ نزدیک مقاومت، منتظر شکست یا پولبک,100,78,74.9,80,4190,20261007,1,4.5,55.3,-5.5,5.6,13.8,89.5,62.7,4,0,true,25.4,3.33,above,-1.9,0.77,3550,4270,6,61.78,1.1,2.54,22.5,1869,2.24,4.59,-51.2,4050,3911,4270,4549,0.29,90٪ بالای MA200 | شناوری کم (14٪)
فتوسا,تولید و توسعه سرب روی ایرانیان,فلزات اساسی,84.3,پرریسک؛ صفی/رشد عمودی,100,85,89,60,7850,20261007,8.9,25.2,82.4,21.6,11.5,30.3,117.5,75.8,7,0,true,50.5,2.92,above,0,0.79,7350,,8.55,19.8,3.78,44.96,19.36,1389,5.65,8.05,-29.8,7620,7276,8539,8998,1.2,سهم صفی: 7 روز از ۲۰ روز در صف (ریسک نقدشوندگی و اجرای حد ضرر) | رشد عمودی (82٪ در ۶۰ روز، 30٪ بالای MA50) | 117٪ بالای MA200 | حد ضرر دور (7.3٪)
تفارس,تامین سرمایه خلیج فارس,فعالیتهای کمکی به نهادهای مالی واسط,83.4,قوی ولی پرریسک؛ فعلاً ورود نه,95,75,87.5,72,1917,20261007,4.7,2.1,97.7,36.9,3.5,19.9,92.2,64,1,0,false,30.3,3.4,above,-6,0.8,1893,2035,8.63,8.74,4.93,8.79,6.79,329,5.83,9.46,-38.4,1893,1860,2035,2165,2.06,92٪ بالای MA200 | نقدشوندگی کمتر از ۱۰ میلیارد تومان
توریل,توکاریل,حمل ونقل، انبارداری و ارتباطات,83.3,قوی ولی پرریسک؛ فعلاً ورود نه,100,80,89,60,3670,20261007,7.9,10.9,39.2,-21.6,6.2,16.5,35.3,64.9,1,0,true,33.6,3.17,above,-0.3,1.14,3530,,11.32,59.84,1.61,24.82,12.24,616,5.96,7.68,-22.4,3554,3472,4019,4252,1.76,واگرایی منفی RSI | واگرایی منفی
تماوند,تامین سرمایه دماوند,فعالیتهای کمکی به نهادهای مالی واسط,83.1,قوی؛ نزدیک مقاومت، منتظر شکست یا پولبک,100,80,88.5,60,2601,20261007,2.8,10,25,-35.9,5.7,12.4,15.9,66.4,1,0,true,22.1,3.28,above,-2.6,2.46,2550,2669,56.91,65.77,1.32,24.74,14.13,337,7.72,9.46,-18.4,2550,2507,2669,2840,0.72,
ولبهمن,شرکت بهمن لیزینگ,سایر واسطه گریهای مالی,83,قوی؛ نزدیک مقاومت، منتظر شکست یا پولبک,100,100,64,68,3490,20261007,6.7,5.2,72.6,11.8,8.1,24.4,66.4,67.9,5,0,true,39.9,3.36,above,-3.9,1.46,2810,3570,0.26,63.9,0.61,-50.17,21.94,776,4.5,5.8,-22.5,3373,3255,3570,3805,0.34,توزیع: ورود حقیقی با سرانه خرید ضعیف (0.80 در ۲۰ روز) | 66٪ بالای MA200 | سرانه خرید ضعیف (0.61)
داتام,گروه مالی داتام,سرمایه گذاریها,83,قوی؛ نزدیک مقاومت، منتظر شکست یا پولبک,100,55,88,80,3940,20261007,2.9,0.6,30.3,-30.5,5.2,15.3,48,63.3,3,1,false,31.1,3.16,above,-2.3,1.15,3820,4034,16.7,28.14,7.93,25.19,5.54,1405,2.8,7.13,-60.7,3820,3757,4034,4283,0.51,223٪ بالای کف ۵۲ هفته | نقدشوندگی کمتر از ۱۰ میلیارد تومان | شناوری کم (5٪) | صف فروش در ۵ روز اخیر
بخاور,بیمه زندگی خاورمیانه,بیمه وصندوق بازنشستگی به جزتامین اجتماعی,82,پرریسک؛ صفی/رشد عمودی,100,58,99.5,62,8630,20261007,15.7,32.2,53.4,-7.4,20.5,33.3,98,87.4,10,0,true,42.6,2.43,above,0,1.66,7010,,36.5,30.39,26.45,35.25,5.26,813,10.62,18.13,-41.5,8420,8210,9260,9680,1.5,اشباع خرید | فاصله زیاد از MA20 | سهم صفی: 10 روز از ۲۰ روز در صف (ریسک نقدشوندگی و اجرای حد ضرر) | رشد عمودی (53٪ در ۶۰ روز، 33٪ بالای MA50) | 98٪ بالای MA200 | نقدشوندگی کمتر از ۱۰ میلیارد تومان
فخاس,فولاد خراسان,فلزات اساسی,81.9,قوی ولی پرریسک؛ فعلاً ورود نه,100,75,97.5,50,3810,20261007,2.4,15.1,87.5,26.7,8.6,26.6,77.9,71.3,3,0,true,47.5,3.2,above,-0.8,1.3,3600,,49.4,46.59,2.14,39.99,29.62,363,10.5,13.48,-22.1,3688,3539,4176,4419,1.35,78٪ بالای MA200 | حد ضرر دور (7.1٪) | شناوری کم (4٪)
حآفرین,ریل پرداز نو آفرین,حمل ونقل، انبارداری و ارتباطات,81.8,پرریسک؛ صفی/رشد عمودی,95,75,63,90,3034,20261007,7,5.9,78.5,17.6,3.4,26.8,89.3,65.3,8,0,false,41.2,3.21,above,-11.8,0.93,2881,3440,23.73,-6.63,3.87,18.8,40.63,704,4.31,7.68,-43.9,2937,2832,3440,3635,2.01,سهم صفی: 8 روز از ۲۰ روز در صف (ریسک نقدشوندگی و اجرای حد ضرر) | 89٪ بالای MA200
داترا,آترا زیست آرای,مواد و محصولات دارویی,81.3,پرریسک؛ صفی/رشد عمودی,100,70,99,50,8440,20261007,14.7,27.7,82,21.2,18.5,31,,80.3,6,0,true,38.2,2.89,above,0,1.62,7265,,86.94,130.42,24.78,99.25,37.81,777,10.86,12.91,-15.9,8196,7952,9171,9659,1.5,اشباع خرید | فاصله زیاد از MA20 | سهم صفی: 6 روز از ۲۰ روز در صف (ریسک نقدشوندگی و اجرای حد ضرر) | رشد عمودی (82٪ در ۶۰ روز، 31٪ بالای MA50) | 227٪ بالای کف ۵۲ هفته
کگهر,معدنی و صنعتی گهرزمین,استخراج کانه های فلزی,81.3,قوی ولی پرریسک؛ فعلاً ورود نه,95,75,89,62,7950,20261007,6,0.3,62.2,1.4,3.3,12.2,50.4,61.6,3,0,false,25.4,3.18,above,-6.9,1.03,7870,8540,102.35,188.85,10.13,87.2,55.34,870,9.14,14.44,-36.7,7870,7744,8540,9045,2.86,واگرایی منفی RSI | توزیع: ورود حقیقی با سرانه خرید ضعیف (0.80 در ۲۰ روز) | 50٪ بالای MA200 | واگرایی منفی
شجم,صنایع پتروشیمی تخت جمشید,محصولات شیمیایی,81.1,پرریسک؛ صفی/رشد عمودی,100,70,88.5,60,13500,20261007,15.6,28.6,61.9,1,21.2,35.7,49.6,83.6,7,0,true,44.7,2.72,above,0,1.15,11050,,11.05,32.86,7.37,28.04,12.76,1969,6.86,8.01,-14.4,13132,12765,14603,15338,1.5,واگرایی منفی RSI | اشباع خرید | فاصله زیاد از MA20 | سهم صفی: 7 روز از ۲۰ روز در صف (ریسک نقدشوندگی و اجرای حد ضرر) | رشد عمودی (62٪ در ۶۰ روز، 36٪ بالای MA50) | واگرایی منفی
پی پاد,پرداخت الکترونیک پاسارگاد,رایانه و فعالیت‌های وابسته به آن,81,پرریسک؛ صفی/رشد عمودی,85,65,88,82,7380,20261007,-3.4,-6.5,103.9,43,-1.4,11.5,83.5,54.6,5,2,false,35.8,3.54,above,-11.6,1.08,7190,7830,23.59,66.52,2.22,68.6,33.54,1006,7.34,18.19,-59.7,7190,7060,7830,8350,1.4,رشد عمودی (104٪ در ۶۰ روز، 11٪ بالای MA50) | 83٪ بالای MA200 | شناوری کم (12٪) | صف فروش در ۵ روز اخیر
فسبزوار,پارس فولاد سبزوار,فلزات اساسی,80.8,قوی ولی پرشده؛ منتظر پولبک,100,85,63,72,93600,20261007,14.2,22.6,65.5,4.7,17.3,27.3,91.9,79,3,0,true,34.5,2.76,above,0,0.87,74940,,21.14,-35.55,18.47,93.74,58.41,14489,6.46,13.48,-52.1,91020,88441,101339,106499,1.5,واگرایی منفی RSI | اشباع خرید | فاصله زیاد از MA20 | 92٪ بالای MA200 | واگرایی منفی
ومدیر,گ.مدیریت ارزش سرمایه ص ب کشوری,سرمایه گذاریها,80.2,قوی ولی پرریسک؛ فعلاً ورود نه,100,73,62.5,80,3270,20261007,4.7,13.2,55,-5.9,7.6,18.7,47.4,70.2,3,0,true,32.2,2.81,above,-0.3,0.87,3229,,2.43,-5.53,8.2,19.44,6.58,904,3.62,7.13,-49.3,3229,3183,3546,3730,3.17,نقدشوندگی کمتر از ۱۰ میلیارد تومان
وصنعت,سرمایه گذاری توسعه صنعت وتجارت,سرمایه گذاریها,80.1,قوی؛ نزدیک مقاومت، منتظر شکست یا پولبک,100,63,70.1,80,3020,20261007,1.5,10,52.7,-8.2,3.4,14,54.3,64.3,2,0,false,29,3.07,above,-4.4,0.84,2765,3159,0.68,1.9,1.3,2.9,4.26,884,3.42,7.13,-52.1,2927,2788,3159,3345,0.6,54٪ بالای MA200 | حد ضرر دور (7.7٪) | نقدشوندگی کمتر از ۱۰ میلیارد تومان | شناوری کم (13٪)
ثاخت,بین‌المللی‌توسعه‌ساختمان,انبوه سازی، املاک و مستغلات,80,پرریسک؛ صفی/رشد عمودی,100,70,64,80,889,20261007,0.6,17.7,45.3,-15.6,10.8,19.2,65.4,67.9,6,1,true,36.6,2.96,above,-2.3,1.92,808,910,26.18,58.64,0.63,-133.79,44.47,199,4.47,6.61,-32.4,863,836,910,963,0.4,سهم صفی: 6 روز از ۲۰ روز در صف (ریسک نقدشوندگی و اجرای حد ضرر) | توزیع: ورود حقیقی با سرانه خرید ضعیف (0.75 در ۲۰ روز) | 65٪ بالای MA200 | سرانه خرید ضعیف (0.63) | صف فروش در ۵ روز اخیر
وسبحان,سرمایه گذاری سبحان,سرمایه گذاریها,79.9,پرریسک؛ صفی/رشد عمودی,100,70,83.5,80,4050,20261005,14.1,26.2,95.7,34.9,15.3,30,106.8,81.7,2,0,true,53.6,2.74,above,-0.2,2.18,3550,,62.75,64.72,1.63,-0.18,12.38,956,4.24,8.73,-51.5,3939,3828,4384,4606,1.5,واگرایی منفی RSI | اشباع خرید | فاصله زیاد از MA20 | رشد عمودی (96٪ در ۶۰ روز، 30٪ بالای MA50) | 107٪ بالای MA200 | واگرایی منفی | آخرین معامله 20261005 (متوقف یا کم‌معامله)
بترانس,ایران‌ ترانسفو,ماشین آلات و دستگاه‌های برقی,79.8,قوی ولی پرشده؛ منتظر پولبک,100,65,87,60,4050,20261007,8.6,20.2,47.1,-13.7,12.8,23.1,59.3,75.9,4,0,true,29.4,2.98,above,0,0.63,3570,,89.07,278.58,6.01,129.14,107.41,747,5.42,6.15,-11.8,3929,3809,4412,4653,1.5,59٪ بالای MA200
فایرا,آلومینیوم‌ایران‌,فلزات اساسی,79.4,قوی؛ نزدیک مقاومت، منتظر شکست یا پولبک,100,90,53.8,72,16180,20261007,-0.6,5.6,64.9,4,6.3,13.3,108.5,63.1,1,0,true,32.2,3.32,above,-3.2,1.13,15970,16720,26.78,94.54,0.81,-53.64,76.12,2419,6.69,13.48,-50.4,15970,15702,16720,17794,1.13,واگرایی منفی RSI | توزیع: ورود حقیقی با سرانه خرید ضعیف (0.67 در ۲۰ روز) | 108٪ بالای MA200 | واگرایی منفی
ثامید,توسعه و عمران امید,انبوه سازی، املاک و مستغلات,79.3,قوی؛ نزدیک مقاومت، منتظر شکست یا پولبک,100,80,53,80,1972,20261007,4.9,9.1,38.6,-22.3,5.4,13,49.7,66.8,0,0,true,22.2,3.01,above,-1.4,0.7,1836,2001,-1.23,11.14,4.78,30.77,12.74,547,3.61,6.61,-45.5,1913,1823,2001,2120,0.2,واگرایی منفی RSI | 161٪ بالای کف ۵۲ هفته | واگرایی منفی | حد ضرر دور (7.5٪) | شناوری کم (13٪)
فولاد,فولاد مبارکه اصفهان,فلزات اساسی,79.1,پرریسک؛ صفی/رشد عمودی,100,58,78,72,3990,20261007,10.2,38.5,52,-8.9,16.8,37.9,63.4,83.7,4,0,true,60.3,2.98,above,0,0.93,3409,,718.63,1190.57,5.76,621.19,1364.97,518,7.7,13.48,-42.9,3871,3752,4346,4584,1.5,اشباع خرید | فاصله زیاد از MA20 | رشد عمودی (52٪ در ۶۰ روز، 38٪ بالای MA50) | 63٪ بالای MA200
خکار,ایرکا پارت صنعت,خودرو و ساخت قطعات,79.1,پرریسک؛ صفی/رشد عمودی,100,73,88,50,2207,20261007,13.8,16.5,52.1,-8.7,14.5,22.8,65.2,74.6,6,0,true,30.6,3.07,above,0,1.4,2047,,23.53,11.78,7.39,43.89,11.95,504,4.38,,,2139,2037,2411,2546,1.2,واگرایی منفی RSI | سهم صفی: 6 روز از ۲۰ روز در صف (ریسک نقدشوندگی و اجرای حد ضرر) | 65٪ بالای MA200 | واگرایی منفی | حد ضرر دور (7.7٪)
البرز,بیمه البرز,بیمه وصندوق بازنشستگی به جزتامین اجتماعی,78.9,پرریسک؛ صفی/رشد عمودی,100,70,84.5,55,3610,20261007,13.7,52.4,70.1,9.2,22.4,52.5,83.4,92.7,10,0,true,68.9,2.62,above,0,1.44,2896,,49.8,148.56,3.87,-7.65,36.13,758,4.76,4.59,3.8,3515,3421,3894,4083,1.5,اشباع خرید | فاصله زیاد از MA20 | سهم صفی: 10 روز از ۲۰ روز در صف (ریسک نقدشوندگی و اجرای حد ضرر) | رشد عمودی (70٪ در ۶۰ روز، 52٪ بالای MA50) | 83٪ بالای MA200 | شناوری کم (13٪)
ولکار,لیزینگ کارآفرین,سایر واسطه گریهای مالی,78.3,قوی؛ نزدیک مقاومت، منتظر شکست یا پولبک,83,80,99.5,50,5500,20261007,1.7,2.4,35.8,-25,5.7,8.8,52.9,61.3,2,1,true,18.1,3.58,above,-5.2,1.5,5430,5650,20.11,27.12,28.84,38.83,6.12,641,8.58,9.94,-13.7,5430,5332,5650,5785,0.89,53٪ بالای MA200 | نقدشوندگی کمتر از ۱۰ میلیارد تومان | صف فروش در ۵ روز اخیر | واگرایی مثبت RSI
بشهاب,لامپ‌  پارس‌ شهاب‌,ماشین آلات و دستگاه‌های برقی,78,پرریسک؛ صفی/رشد عمودی,95,100,84,34,9450,20261007,8.4,11.2,70.6,9.8,7.4,17.9,76.2,69.2,12,0,true,32.8,3.17,above,-3.4,1.71,9066,9787,6.79,16.91,1.63,-5.78,9.93,1212,7.8,6.15,26.8,9150,8916,9787,10387,0.63,سهم صفی: 12 روز از ۲۰ روز در صف (ریسک نقدشوندگی و اجرای حد ضرر) | 76٪ بالای MA200 | نقدشوندگی کمتر از ۱۰ میلیارد تومان | شناوری کم (11٪)
غدیس,پاکدیس,محصولات غذایی و آشامیدنی به جز قند و شکر,77.8,قوی ولی پرشده؛ منتظر پولبک,100,85,99,24,15140,20261007,14.9,21.5,87.6,26.7,16.1,21.2,95.9,76.8,4,0,true,23.1,2.99,above,-0.3,1.41,14290,,36.18,57.36,1.6,15.51,15.86,1819,8.32,7.05,18.1,14687,14063,16500,17406,1.26,فاصله زیاد از MA20 | 96٪ بالای MA200 | حد ضرر دور (7.1٪)
چافست,افست‌,انتشار، چاپ و تکثیر,77.8,پرریسک؛ صفی/رشد عمودی,100,85,89,34,27870,20261007,15.8,24.4,95,34.2,18.1,26.7,101.8,79.5,9,0,true,45.8,2.94,above,0,0.11,25200,,1.32,8.65,27.08,3.05,5.61,4380,6.36,5.01,27,27052,26233,30325,31962,1.5,اشباع خرید | فاصله زیاد از MA20 | سهم صفی: 9 روز از ۲۰ روز در صف (ریسک نقدشوندگی و اجرای حد ضرر) | 102٪ بالای MA200 | نقدشوندگی کمتر از ۱۰ میلیارد تومان
کیمیاتک,آریان کیمیا تک,محصولات شیمیایی,77.6,پرریسک؛ صفی/رشد عمودی,100,85,98.5,24,23180,20261007,6,20.7,75.3,14.5,8.6,24.5,130.8,71,6,0,true,50.5,2.89,above,-3.7,1.83,22210,,144.79,150.18,4.54,93.27,34.99,1968,11.78,9.63,22.3,22509,21875,25192,26533,1.54,سهم صفی: 6 روز از ۲۰ روز در صف (ریسک نقدشوندگی و اجرای حد ضرر) | 131٪ بالای MA200
کرازی,کارخانجات‌تولیدی‌شیشه‌رازی‌,سایر محصولات کانی غیرفلزی,77.5,پرریسک؛ صفی/رشد عمودی,100,85,72.1,50,2089,20261007,6.9,8.6,78.8,18,10.2,21.1,79.4,70.6,6,0,true,25.1,3.21,above,0,1.85,2032,,29.66,102.62,1.14,-38.77,29.68,221,9.45,12.75,-25.9,2032,1999,2290,2424,2.22,سهم صفی: 6 روز از ۲۰ روز در صف (ریسک نقدشوندگی و اجرای حد ضرر) | توزیع: ورود حقیقی با سرانه خرید ضعیف (0.81 در ۲۰ روز) | 79٪ بالای MA200
خکمک,کمک‌فنرایندامین‌,خودرو و ساخت قطعات,77.4,زیر نظر,100,80,95.5,30,3062,20261007,11.3,9.5,35.7,-25.1,5.1,19.3,30.8,65.9,4,0,true,28.7,3.13,above,-11,1.26,2950,3250,6.35,19.02,1.5,10.03,11.4,47,65.15,,,2966,2902,3250,3439,1.18,P/E بالا (65) | توزیع: ورود حقیقی با سرانه خرید ضعیف (0.90 در ۲۰ روز)
فافق,صنایع مس افق کرمان,فلزات اساسی,76.9,قوی ولی پرریسک؛ فعلاً ورود نه,100,85,77.5,42,16630,20261007,6.5,13.2,70,9.2,8.6,21.7,97.1,73.4,4,0,true,40.1,3.28,above,0,1.05,13885,,10.42,1.67,2.04,12.31,10.64,2178,7.64,,,16084,15539,18267,19358,1.5,واگرایی منفی RSI | توزیع: ورود حقیقی با سرانه خرید ضعیف (0.88 در ۲۰ روز) | 97٪ بالای MA200 | واگرایی منفی
وکادو,تکادو,سرمایه گذاریها,76.8,پرریسک؛ صفی/رشد عمودی,100,70,89,42,5130,20261007,13.2,76.9,163.4,102.5,21.6,60.4,124,82.1,8,0,true,50.4,3.45,above,0,0.83,4940,,41.32,56.26,5.89,39.22,14.61,668,7.68,,,4953,4852,5661,6015,1.91,اشباع خرید | فاصله زیاد از MA20 | سهم صفی: 8 روز از ۲۰ روز در صف (ریسک نقدشوندگی و اجرای حد ضرر) | رشد عمودی (163٪ در ۶۰ روز، 60٪ بالای MA50) | 124٪ بالای MA200
غگل,گلوکوزان‌,محصولات غذایی و آشامیدنی به جز قند و شکر,76.6,قوی ولی پرشده؛ منتظر پولبک,100,80,98.5,24,7710,20261007,12.9,15.8,19.6,-41.2,12.1,13.9,53.7,70,1,0,true,20.4,3,above,0,1.56,7435,,9.07,19.65,2.13,58.2,18.24,706,10.92,8.53,28,7478,7319,8405,8868,1.78,واگرایی منفی RSI | 54٪ بالای MA200 | واگرایی منفی
خلنت,لنت‌ ترمزایران‌,خودرو و ساخت قطعات,76.6,پرریسک؛ صفی/رشد عمودی,100,70,88.5,42,7120,20261007,15.2,26.9,70.5,9.7,20.2,28.6,82.3,81.8,7,0,true,39.5,2.67,above,-0.1,1.03,6000,,10.96,31.79,4.24,4.86,9.49,1027,6.93,,,6930,6740,7690,8069,1.5,اشباع خرید | فاصله زیاد از MA20 | سهم صفی: 7 روز از ۲۰ روز در صف (ریسک نقدشوندگی و اجرای حد ضرر) | 82٪ بالای MA200 | نقدشوندگی کمتر از ۱۰ میلیارد تومان
اتکام,بیمه اتکایی امین,بیمه وصندوق بازنشستگی به جزتامین اجتماعی,76.4,قوی ولی پرریسک؛ فعلاً ورود نه,100,60,97.5,80,2200,20261007,11.9,11.1,69.9,9.1,7.4,16.6,46.5,70.2,2,0,false,38.1,3,above,0,1.46,2166,,9.5,3.46,6.73,9.3,1.75,925,2.38,4.59,-48.2,2166,2133,2398,2530,2.95,نقدشوندگی پایین | واگرایی منفی RSI | واگرایی منفی | نقدشوندگی کمتر از ۱۰ میلیارد تومان | شناوری کم (14٪)
کهمدا,شیشه‌ همدان‌,سایر محصولات کانی غیرفلزی,76.4,قوی ولی پرشده؛ منتظر پولبک,100,85,45.4,72,6970,20261007,12.4,14.8,86.9,26,15.4,28.2,135.5,79.5,5,0,true,41.4,3.1,above,0,1.06,6370,,-15.53,21.17,1.32,16.33,22.37,981,7.1,12.75,-44.3,6754,6431,7617,8049,1.2,اشباع خرید | فاصله زیاد از MA20 | 136٪ بالای MA200 | حد ضرر دور (7.7٪)
وتوکا,سرمایه‌گذاری‌توکافولاد(هلدینگ,فلزات اساسی,76.3,قوی ولی پرریسک؛ فعلاً ورود نه,100,100,33,72,4040,20261007,6.9,11.6,94.4,33.6,8.5,25,60,69.7,5,0,true,36.1,3.13,above,0,1.37,3590,,-18.35,-6.7,3.08,-2.37,34,724,5.58,13.48,-58.6,3913,3787,4420,4673,1.5,واگرایی منفی RSI | 60٪ بالای MA200 | واگرایی منفی
شگل,گلتاش‌,محصولات شیمیایی,76.3,پرریسک؛ صفی/رشد عمودی,100,75,88,37,3490,20261007,2.2,12.4,92.1,31.3,6.8,20.7,91.8,67.6,9,0,false,33.2,3.17,above,-0.6,1.2,3441,,6.09,6.05,1.65,4.49,11.18,339,10.29,9.63,6.9,3441,3386,3822,4043,3.18,سهم صفی: 9 روز از ۲۰ روز در صف (ریسک نقدشوندگی و اجرای حد ضرر) | 92٪ بالای MA200
درازک,دارویی‌ رازک‌,مواد و محصولات دارویی,76,پرریسک؛ صفی/رشد عمودی,100,85,79,37,5340,20261007,9.7,10.6,193.4,132.6,12.1,27.5,153.4,72.5,5,0,true,39.6,2.96,above,0,0.94,5040,,13.48,49.79,2.57,28.02,51.52,453,11.79,12.91,-8.7,5182,4961,5814,6130,1.25,رشد عمودی (193٪ در ۶۰ روز، 27٪ بالای MA50) | توزیع: ورود حقیقی با سرانه خرید ضعیف (0.82 در ۲۰ روز) | 153٪ بالای MA200 | حد ضرر دور (7.1٪)
ودی,بیمه  دی,بیمه وصندوق بازنشستگی به جزتامین اجتماعی,75.9,قوی ولی پرشده؛ منتظر پولبک,100,85,43.5,72,7320,20261007,3,19.8,80.7,19.9,12.5,26,64.5,73.1,1,0,true,44.1,2.91,above,-0.1,1.1,7120,,-1.63,5.75,1.38,-2.1,3.46,1197,6.12,18.13,-66.3,7120,7014,7958,8383,2.08,واگرایی منفی RSI | 64٪ بالای MA200 | واگرایی منفی | نقدشوندگی کمتر از ۱۰ میلیارد تومان
کاما,باما,استخراج کانه های فلزی,75.6,پرریسک؛ صفی/رشد عمودی,100,65,58.5,72,5790,20261007,0.7,-3.2,104.6,43.8,4.3,17.1,99.9,62.2,7,0,false,43.2,3.19,above,-6.9,1.25,5300,5920,-7.46,170.53,2.21,-161.13,124.14,786,7.37,13.76,-46.5,5605,5328,5920,6220,0.28,سهم صفی: 7 روز از ۲۰ روز در صف (ریسک نقدشوندگی و اجرای حد ضرر) | رشد عمودی (105٪ در ۶۰ روز، 17٪ بالای MA50) | توزیع: ورود حقیقی با سرانه خرید ضعیف (0.70 در ۲۰ روز) | 100٪ بالای MA200 | حد ضرر دور (8.0٪)
مدیریت,س. و خدمات مدیریت صند. ب کشوری,سرمایه گذاریها,75.6,قوی ولی پرریسک؛ فعلاً ورود نه,100,65,98.5,72,5230,20261007,10.6,18.6,45.9,-14.9,9.5,20.3,58.1,74.2,4,0,true,36.9,3,above,-0.8,1.29,5068,,5.65,7.19,24.81,11.85,2.02,955,5.48,8.73,-37.3,5073,4989,5700,6014,1.95,نقدشوندگی پایین | واگرایی منفی RSI | 58٪ بالای MA200 | واگرایی منفی | نقدشوندگی کمتر از ۱۰ میلیارد تومان
وبانک,سرمایه گذاری گروه توسعه ملی,شرکتهای چند رشته ای صنعتی,75.4,پرریسک؛ صفی/رشد عمودی,100,70,53.5,72,15040,20261007,10.3,23.9,87.8,27,17.4,40,98,83.2,6,0,true,64.2,2.84,above,-0.1,1.4,12545,,283.89,45.36,0.8,-243.74,184.17,2109,7.13,10.88,-34.5,14613,14186,16321,17175,1.5,واگرایی منفی RSI | اشباع خرید | فاصله زیاد از MA20 | سهم صفی: 6 روز از ۲۰ روز در صف (ریسک نقدشوندگی و اجرای حد ضرر) | رشد عمودی (88٪ در ۶۰ روز، 40٪ بالای MA50) | توزیع: ورود حقیقی با سرانه خرید ضعیف (0.78 در ۲۰ روز) | 98٪ بالای MA200 | سرانه خرید ضعیف (0.80) | واگرایی منفی
فجر,فولاد امیرکبیرکاشان,فلزات اساسی,75.4,پرریسک؛ صفی/رشد عمودی,100,70,63.5,62,9270,20261007,15.7,34.7,177.5,116.7,20.6,47.1,174.6,86.2,13,0,true,64.5,2.59,above,0,0.47,7800,,72.03,-12.37,5.9,89.82,65.28,1065,8.7,13.48,-35.4,9030,8789,9991,10472,1.5,اشباع خرید | فاصله زیاد از MA20 | سهم صفی: 13 روز از ۲۰ روز در صف (ریسک نقدشوندگی و اجرای حد ضرر) | رشد عمودی (178٪ در ۶۰ روز، 47٪ بالای MA50) | 175٪ بالای MA200
کفپارس,فرآورده‌های‌ نسوز پارس‌,سایر محصولات کانی غیرفلزی,75.3,پرریسک؛ صفی/رشد عمودی,100,85,63,50,7080,20261007,15.3,19.6,85.8,25,14.5,28.7,104.1,76.6,9,0,true,42.3,2.76,above,0,0.5,6620,,1.1,-4.93,13.14,20.04,11.11,722,9.81,12.75,-23.1,6885,6592,7665,8055,1.2,سهم صفی: 9 روز از ۲۰ روز در صف (ریسک نقدشوندگی و اجرای حد ضرر) | 104٪ بالای MA200
کگاز,شیشه‌ و گاز,سایر محصولات کانی غیرفلزی,75.3,قوی؛ نزدیک مقاومت، منتظر شکست یا پولبک,100,55,87,50,52440,20261007,4.8,7.4,39.2,-21.7,0.9,14.8,55.4,60.4,3,0,false,30,3.54,above,-9.6,0.61,47264,57980,8.79,89.14,4.76,3.65,17.22,5055,10.37,12.75,-18.6,50581,47794,57980,61697,1.19,توزیع: ورود حقیقی با سرانه خرید ضعیف (0.68 در ۲۰ روز) | 55٪ بالای MA200 | حد ضرر دور (8.9٪)
خنصیر,مهندسی‌نصیرماشین‌,خودرو و ساخت قطعات,75.2,قوی؛ نزدیک مقاومت، منتظر شکست یا پولبک,100,80,84.7,32,4840,20261007,12,3,46.7,-14.2,8.6,15.9,50,69.4,3,0,true,31.6,3.02,above,-1.8,1.22,4490,4930,1.58,2.13,1.47,3.73,5.59,485,9.98,,,4694,4474,4930,5223,0.25,واگرایی منفی RSI | توزیع: ورود حقیقی با سرانه خرید ضعیف (0.87 در ۲۰ روز) | واگرایی منفی | حد ضرر دور (7.6٪) | نقدشوندگی کمتر از ۱۰ میلیارد تومان
وسرمد,بیمه  سرمد,بیمه وصندوق بازنشستگی به جزتامین اجتماعی,75.1,قوی ولی پرریسک؛ فعلاً ورود نه,95,70,88.5,42,1677,20261007,5.9,-0.5,36.5,-24.3,7.3,9.5,44.8,65.4,3,0,true,24.7,3.3,above,-3.4,0.69,1657,1736,1.33,20,2.32,2.94,4.07,317,5.29,,,1657,1630,1736,1846,1.24,واگرایی منفی RSI | واگرایی منفی | نقدشوندگی کمتر از ۱۰ میلیارد تومان
شسپا,نفت سپاهان,فراورده های نفتی، کک و سوخت هسته ای,75,پرریسک؛ صفی/رشد عمودی,100,70,90,34,26820,20261007,15.8,28.1,72.8,12,18.1,34.4,142.1,82.9,8,0,true,49.3,2.86,above,0,0.23,23390,,73,215.9,7.04,98.03,92.75,3704,7.24,6.26,15.7,26054,25288,29117,30649,1.5,اشباع خرید | فاصله زیاد از MA20 | سهم صفی: 8 روز از ۲۰ روز در صف (ریسک نقدشوندگی و اجرای حد ضرر) | رشد عمودی (73٪ در ۶۰ روز، 34٪ بالای MA50) | توزیع: ورود حقیقی با سرانه خرید ضعیف (0.67 در ۲۰ روز) | 142٪ بالای MA200
کپرسپولیس,مجتمع کاشی و سنگ پرسپولیس یزد,کاشی و سرامیک,75,قوی؛ نزدیک مقاومت، منتظر شکست یا پولبک,100,70,87,37,9410,20261007,1.7,14.1,49.6,-11.2,6.3,15.1,,65.5,4,0,true,44.1,3.04,above,-3.9,1.34,9180,9790,13.47,7.44,3.84,84.14,18.54,966,9.74,9.26,5.2,9180,9037,9790,10362,1.02,
اخابر,مخابرات ایران,مخابرات,74.9,قوی ولی پرریسک؛ فعلاً ورود نه,95,75,88.5,37,1093,20261007,10.3,9.3,69.9,9.1,5,16.5,84.3,65,5,0,false,30.7,3.38,above,-5,1.12,1069,1150,278.13,317.53,6.72,324.78,123.34,124,8.81,8.37,5.3,1069,1051,1150,1224,1.34,واگرایی منفی RSI | توزیع: ورود حقیقی با سرانه خرید ضعیف (0.86 در ۲۰ روز) | 84٪ بالای MA200 | واگرایی منفی
وبوعلی,سرمایه‌گذاری‌بوعلی‌,سرمایه گذاریها,74.9,قوی؛ نزدیک مقاومت، منتظر شکست یا پولبک,100,65,47.5,80,3850,20261007,-2.8,16.3,71.1,10.3,4.6,22.6,75.4,65.7,3,1,false,51,3.38,above,-3.5,0.56,3740,3990,-4.11,21.54,1.72,-5.33,6.2,1066,3.61,7.13,-49.3,3740,3675,3990,4250,0.8,واگرایی منفی RSI | 75٪ بالای MA200 | واگرایی منفی | نقدشوندگی کمتر از ۱۰ میلیارد تومان | صف فروش در ۵ روز اخیر
وپایا,سرمایه گذاری پایا تدبیرپارسا,سرمایه گذاریها,74.8,پرریسک؛ صفی/رشد عمودی,100,70,99,24,2435,20261007,15.2,27.4,92.5,31.7,20.3,36.2,86.4,85.4,7,0,true,52.6,2.76,above,0,1.28,2017,,10.72,12.33,88.52,26.89,4.69,235,10.36,8.73,18.7,2368,2301,2637,2771,1.5,واگرایی منفی RSI | اشباع خرید | فاصله زیاد از MA20 | سهم صفی: 7 روز از ۲۰ روز در صف (ریسک نقدشوندگی و اجرای حد ضرر) | رشد عمودی (92٪ در ۶۰ روز، 36٪ بالای MA50) | 86٪ بالای MA200 | واگرایی منفی | نقدشوندگی کمتر از ۱۰ میلیارد تومان
غدشت,دشت‌ مرغاب‌,محصولات غذایی و آشامیدنی به جز قند و شکر,74.5,پرریسک؛ صفی/رشد عمودی,100,65,89,37,4770,20261007,15.2,24.5,49.5,-11.3,16.5,27.5,64.3,77.5,7,0,true,25.3,2.76,above,0,1.09,4290,,15.97,17.67,7.37,26.21,9.3,591,8.07,8.53,-5.4,4638,4507,5165,5428,1.5,فاصله زیاد از MA20 | سهم صفی: 7 روز از ۲۰ روز در صف (ریسک نقدشوندگی و اجرای حد ضرر) | 64٪ بالای MA200 | نقدشوندگی کمتر از ۱۰ میلیارد تومان
کچاد,معدنی‌وصنعتی‌چادرملو,استخراج کانه های فلزی,74.3,قوی؛ نزدیک مقاومت، منتظر شکست یا پولبک,100,80,63,50,3150,20261007,1.9,4.9,45.4,-15.4,5.3,15.4,38.6,63.9,5,0,true,27.8,3.19,above,-2.5,0.98,2930,3230,36.2,66.6,11.42,-33.72,118.99,277,11.37,13.76,-17.4,3049,2898,3230,3431,0.32,توزیع: ورود حقیقی با سرانه خرید ضعیف (0.63 در ۲۰ روز) | حد ضرر دور (8.0٪)
بزندگی,بیمه زندگی آگاه,بیمه وصندوق بازنشستگی به جزتامین اجتماعی,74,پرریسک؛ صفی/رشد عمودی,100,70,100,20,7370,20261007,15.1,61,165.6,104.8,27.2,56,162.6,97,9,0,true,81.6,2.24,above,-0.1,1.71,4704,,30.59,68.27,6.77,45.03,6.11,328,22.47,,,7205,7039,7866,8197,1.5,اشباع خرید | فاصله زیاد از MA20 | سهم صفی: 9 روز از ۲۰ روز در صف (ریسک نقدشوندگی و اجرای حد ضرر) | رشد عمودی (166٪ در ۶۰ روز، 56٪ بالای MA50) | 163٪ بالای MA200 | نقدشوندگی کمتر از ۱۰ میلیارد تومان
سرچشمه,سرمایه گذاری مس سرچشمه,سرمایه گذاریها,73.9,پرریسک؛ صفی/رشد عمودی,100,45,79.5,60,8790,20261007,7.5,31.4,127.7,66.9,10.7,37.7,105.6,81.1,8,0,false,72.2,3.06,above,0,0.65,8340,,98.91,30.76,4.12,45.44,79.29,1231,7.14,8.73,-18.2,8521,8206,9596,10133,1.38,اشباع خرید | سهم صفی: 8 روز از ۲۰ روز در صف (ریسک نقدشوندگی و اجرای حد ضرر) | رشد عمودی (128٪ در ۶۰ روز، 38٪ بالای MA50) | توزیع: ورود حقیقی با سرانه خرید ضعیف (0.72 در ۲۰ روز) | 106٪ بالای MA200
فگستر,گسترش صنایع روی ایرانیان,فلزات اساسی,73.9,پرریسک؛ صفی/رشد عمودی,100,85,47.5,60,13280,20261007,5.6,22.7,158,97.2,11.6,37.4,191.4,76.9,11,0,true,60.5,2.81,above,0,1.22,12520,,-6.7,11.16,2.11,-22.33,37.38,1905,6.97,8.05,-13.4,12907,12349,14398,15143,1.2,سهم صفی: 11 روز از ۲۰ روز در صف (ریسک نقدشوندگی و اجرای حد ضرر) | رشد عمودی (158٪ در ۶۰ روز، 37٪ بالای MA50) | 191٪ بالای MA200 | حد ضرر دور (7.0٪)
ولپارس,لیزینگ پارسیان,سایر واسطه گریهای مالی,73.9,پرریسک؛ صفی/رشد عمودی,100,85,98.5,9,4530,20261007,15.3,13,69.9,9,12.9,24.8,59.1,75.6,7,0,true,43.7,2.99,above,0,1.62,4300,,42.48,44.1,158.04,47.31,5.77,307,14.76,9.94,48.4,4395,4232,4936,5207,1.36,سهم صفی: 7 روز از ۲۰ روز در صف (ریسک نقدشوندگی و اجرای حد ضرر) | 59٪ بالای MA200 | نقدشوندگی کمتر از ۱۰ میلیارد تومان
شدوص,دوده‌ صنعتی‌ پارس‌,محصولات شیمیایی,73.8,پرریسک؛ صفی/رشد عمودی,100,85,57,50,8610,20261007,14.1,12.1,63.7,2.8,14.1,22.6,75.2,73.6,7,0,true,43.6,3.01,above,0,2.17,8123,,-6.84,41.29,5.12,-21.68,17.89,1044,8.25,9.63,-14.4,8350,7993,9389,9908,1.26,سهم صفی: 7 روز از ۲۰ روز در صف (ریسک نقدشوندگی و اجرای حد ضرر) | توزیع: ورود حقیقی با سرانه خرید ضعیف (0.81 در ۲۰ روز) | 75٪ بالای MA200 | حد ضرر دور (7.2٪)
سنوین,سرمایه گذاری اقتصاد نوین,سرمایه گذاریها,73.6,قوی ولی پرریسک؛ فعلاً ورود نه,100,55,88.5,42,3700,20261007,6,10.4,36.4,-24.4,6.6,15.4,46.2,66.4,3,0,false,26.4,3.24,above,-0.3,0.58,3500,,3.59,10.86,2.7,3.86,3.52,612,6.05,,,3580,3440,4059,4299,1.38,واگرایی منفی RSI | واگرایی منفی | حد ضرر دور (7.0٪) | نقدشوندگی کمتر از ۱۰ میلیارد تومان
خکرمان,سرمایه گذاری آرمان گستر پاریز,خودرو و ساخت قطعات,73.4,پرریسک؛ صفی/رشد عمودی,100,50,53.5,80,11910,20261007,0.3,29.2,85,24.2,7.2,30.6,109.5,72,3,0,false,48.3,3.37,above,-1,0.92,11740,,31.62,159.12,0.73,-41.99,43.95,4303,2.77,5.87,-52.8,11740,11540,13113,13914,3.25,واگرایی منفی RSI | رشد عمودی (85٪ در ۶۰ روز، 31٪ بالای MA50) | توزیع: ورود حقیقی با سرانه خرید ضعیف (0.60 در ۲۰ روز) | 110٪ بالای MA200 | سرانه خرید ضعیف (0.73) | واگرایی منفی
لبوتان,گروه‌صنعتی‌بوتان‌,ماشین آلات و تجهیزات,73.3,قوی ولی پرریسک؛ فعلاً ورود نه,100,80,82.3,47,4650,20261005,3.8,4.3,31.2,-29.6,5.5,10.7,48.1,62,1,0,true,37.2,3.57,above,-5.1,1.17,4580,,1.43,27.15,1.35,1.15,7.6,849,5.48,5.15,6.4,4580,4497,5148,5480,3.26,نقدشوندگی کمتر از ۱۰ میلیارد تومان | آخرین معامله 20261005 (متوقف یا کم‌معامله)
توسن,توسعه سامانه ی نرم افزاری نگین,رایانه و فعالیت‌های وابسته به آن,73.3,پرریسک؛ صفی/رشد عمودی,100,70,57.2,60,15710,20261007,15.2,21.8,125.1,64.2,21.2,38.7,188.4,86.2,7,0,true,56.5,2.8,above,0,0.62,13265,,2.92,-33.53,1.35,23.95,45.91,2242,7.01,8.89,-21.2,15270,14829,17031,17912,1.5,اشباع خرید | فاصله زیاد از MA20 | سهم صفی: 7 روز از ۲۰ روز در صف (ریسک نقدشوندگی و اجرای حد ضرر) | رشد عمودی (125٪ در ۶۰ روز، 39٪ بالای MA50) | 188٪ بالای MA200
فرود,فولاد شاهرود,فلزات اساسی,73.3,پرریسک؛ صفی/رشد عمودی,100,85,89,16,10760,20261007,14.6,17.9,125.6,64.7,14.9,37.4,134.6,79,10,0,true,51.9,2.9,above,0,1.18,10050,,25.37,32.32,21.74,42.39,14,910,11.82,8.05,46.9,10448,9980,11696,12320,1.2,اشباع خرید | سهم صفی: 10 روز از ۲۰ روز در صف (ریسک نقدشوندگی و اجرای حد ضرر) | رشد عمودی (126٪ در ۶۰ روز، 37٪ بالای MA50) | 135٪ بالای MA200 | حد ضرر دور (7.3٪)
دی,بانک دی,بانکها و موسسات اعتباری,73.1,پرریسک؛ صفی/رشد عمودی,100,75,62.5,50,1833,20261007,2.5,29.2,85.3,24.5,14.1,32.7,92.7,72.8,10,0,true,30.6,2.88,above,-0.4,1.48,1525,,-182.24,29.12,2.4,152.38,160.55,414,4.43,,,1780,1727,1991,2097,1.5,سهم صفی: 10 روز از ۲۰ روز در صف (ریسک نقدشوندگی و اجرای حد ضرر) | رشد عمودی (85٪ در ۶۰ روز، 33٪ بالای MA50) | 93٪ بالای MA200
وپویا,سرمایه گذاری پویا,سرمایه گذاریها,73.1,قوی؛ نزدیک مقاومت، منتظر شکست یا پولبک,100,63,62,80,2734,20260926,11.6,15.7,53.2,-7.7,8.3,25.4,58.8,69.9,2,0,false,43.7,3.41,above,-1.3,1.06,2434,2770,2.06,-3.6,35.11,30.95,8.13,654,4.18,8.73,-52.1,2641,2547,2770,2957,0.19,واگرایی منفی RSI | 59٪ بالای MA200 | واگرایی منفی | نقدشوندگی کمتر از ۱۰ میلیارد تومان | آخرین معامله 20260926 (متوقف یا کم‌معامله)
خگستر,گسترش‌سرمایه‌گذاری‌ایران‌خودرو,خودرو و ساخت قطعات,73,زیر نظر,100,80,88,20,4400,20261007,10.3,3.5,35.8,-25,7.3,16.5,44.2,67.4,3,0,true,28.4,3.31,above,-2,1.32,4170,4490,119.98,99.8,2.92,424.06,205.08,88,50,,,4254,4097,4490,4781,0.3,واگرایی منفی RSI | P/E بالا (50) | واگرایی منفی
چکارن,کارتن‌ ایران‌,محصولات کاغذی,73,قوی ولی پرریسک؛ فعلاً ورود نه,100,80,86,62,5370,20261007,9.4,9.4,40.5,-20.3,8,16.2,52.5,69,1,0,true,23.9,3.01,above,-0.2,1.41,5040,,0.3,0.39,4.28,9.52,2.72,476,11.28,16.48,-31.5,5209,4966,5854,6177,1.2,نقدشوندگی پایین | واگرایی منفی RSI | 53٪ بالای MA200 | واگرایی منفی | حد ضرر دور (7.5٪) | نقدشوندگی کمتر از ۱۰ میلیارد تومان
رافزا,رایان هم افزا,رایانه و فعالیت‌های وابسته به آن,72.9,پرریسک؛ صفی/رشد عمودی,100,75,71.5,60,20970,20261003,6.2,14.1,64,3.2,1.4,23.5,104.4,62.2,13,0,false,42.3,3.11,above,-9.7,1.31,19157,23225,3.94,-9.06,62.93,18.6,13.24,2957,7.09,8.89,-20.2,20318,19339,23225,24530,1.38,سهم صفی: 13 روز از ۲۰ روز در صف (ریسک نقدشوندگی و اجرای حد ضرر) | 104٪ بالای MA200 | حد ضرر دور (7.8٪) | آخرین معامله 20261003 (متوقف یا کم‌معامله)
بتهران,بیمه اتکایی تهران رواک,بیمه وصندوق بازنشستگی به جزتامین اجتماعی,72.8,پرریسک؛ صفی/رشد عمودی,100,70,53,62,10710,20261007,13.2,51.5,218.2,157.3,25.1,59.1,,92.1,9,0,true,78.3,2.55,above,0,0.44,7710,,3.81,87.27,0.58,-10.19,16.72,956,11.2,18.13,-38.2,10437,10164,11529,12074,1.5,واگرایی منفی RSI | اشباع خرید | فاصله زیاد از MA20 | سهم صفی: 9 روز از ۲۰ روز در صف (ریسک نقدشوندگی و اجرای حد ضرر) | رشد عمودی (218٪ در ۶۰ روز، 59٪ بالای MA50) | 451٪ بالای کف ۵۲ هفته | سرانه خرید ضعیف (0.58) | واگرایی منفی
دشیری,شیرین دارو,مواد و محصولات دارویی,72.7,قوی ولی پرریسک؛ فعلاً ورود نه,100,75,78.9,32,465700,20261007,3,27.8,68,7.2,11.6,26.5,78.7,75,3,0,true,58.8,3.08,above,-4.9,1.14,405500,,4.39,5.62,1.26,2.47,3.12,57790,8.06,,,451334,436968,508798,537531,1.5,واگرایی منفی RSI | 79٪ بالای MA200 | واگرایی منفی | نقدشوندگی کمتر از ۱۰ میلیارد تومان
پخش,پخش البرز,مواد و محصولات دارویی,72.6,قوی ولی پرریسک؛ فعلاً ورود نه,100,70,54.5,60,14850,20261007,-3.1,10.7,32.5,-28.4,4.9,14.1,78.6,62.7,3,0,true,35.1,3.44,above,-5.4,1.35,14450,15700,83.79,223.14,0.65,-109.66,69.46,2029,7.32,8.86,-17.4,14450,14195,15700,16722,1.3,توزیع: ورود حقیقی با سرانه خرید ضعیف (0.66 در ۲۰ روز) | 79٪ بالای MA200 | سرانه خرید ضعیف (0.65)
خرینگ,رینگ‌سازی‌مشهد,خودرو و ساخت قطعات,72.6,پرریسک؛ صفی/رشد عمودی,100,70,89.5,25,22000,20261007,15.6,45.9,107.3,46.4,21,43.4,90.4,87.5,5,0,true,74.5,2.8,above,0,0.68,18290,,8.35,24.87,3.81,27.07,15.21,1668,13.19,,,21385,20770,23845,25075,1.5,واگرایی منفی RSI | اشباع خرید | فاصله زیاد از MA20 | رشد عمودی (107٪ در ۶۰ روز، 43٪ بالای MA50) | 90٪ بالای MA200 | واگرایی منفی
کلوند,کاشی‌ الوند,کاشی و سرامیک,72.6,پرریسک؛ صفی/رشد عمودی,100,70,98.5,16,8760,20261007,13.5,19.5,77.9,17.1,18,30.4,94,81.9,6,0,true,42.6,2.89,above,0,1.3,7640,,5.63,54.69,2.25,9.9,15.39,820,10.68,7.65,39.6,8507,8253,9520,10027,1.5,واگرایی منفی RSI | اشباع خرید | فاصله زیاد از MA20 | سهم صفی: 6 روز از ۲۰ روز در صف (ریسک نقدشوندگی و اجرای حد ضرر) | رشد عمودی (78٪ در ۶۰ روز، 30٪ بالای MA50) | 94٪ بالای MA200 | واگرایی منفی
اردستان,سیمان اردستان,سیمان، آهک و گچ,72.6,قوی؛ نزدیک مقاومت، منتظر شکست یا پولبک,100,45,74.5,60,31250,20261007,0,-1.1,23.4,-37.4,1.1,9.8,37.5,57.7,1,0,false,20.5,3.4,above,-6.6,1.27,29783,32030,10.19,-15.87,1.73,3.2,18.78,5074,6.16,7.14,-13.7,30188,29252,32030,33470,0.39,
دزاگرس,دارویی و نهاده های زاگرس دارو,مواد و محصولات دارویی,72.5,پرریسک؛ صفی/رشد عمودی,100,70,90,24,32290,20261007,15.9,31.1,74,13.2,23.9,32.8,138.1,82.6,9,0,true,51.8,2.6,above,0,0.61,26970,,75.35,236.1,7.27,77.52,81.96,3000,10.76,8.86,21.5,31451,30613,34806,36483,1.5,اشباع خرید | فاصله زیاد از MA20 | سهم صفی: 9 روز از ۲۰ روز در صف (ریسک نقدشوندگی و اجرای حد ضرر) | رشد عمودی (74٪ در ۶۰ روز، 33٪ بالای MA50) | 138٪ بالای MA200
ثپهران,توسعه ساختمان سپهر تهران,انبوه سازی، املاک و مستغلات,72.5,پرریسک؛ صفی/رشد عمودی,100,70,90,24,6160,20261007,12.6,55.2,76.5,15.7,23.6,45.2,,93,6,0,true,58.8,2.58,above,-1.9,1.01,4326,,26.52,91.1,11.33,113.33,28.23,721,8.54,6.61,29.3,6001,5843,6636,6954,1.5,واگرایی منفی RSI | اشباع خرید | فاصله زیاد از MA20 | سهم صفی: 6 روز از ۲۰ روز در صف (ریسک نقدشوندگی و اجرای حد ضرر) | رشد عمودی (77٪ در ۶۰ روز، 45٪ بالای MA50) | واگرایی منفی | شناوری کم (11٪)
اپال,فرآوری معدنی اپال کانی پارس,استخراج کانه های فلزی,72.5,قوی؛ نزدیک مقاومت، منتظر شکست یا پولبک,95,45,90,50,15230,20261007,7,-2.8,40.1,-20.7,4.5,14.4,48.8,63.6,2,0,false,25.8,3.08,above,-8.3,0.69,14170,16600,16.14,62.51,13.34,26.19,10.29,1442,10.56,13.76,-23.2,14760,14055,16600,17540,1.17,حد ضرر دور (7.7٪) | شناوری کم (9٪)
دتوزیع,توزیع دارو پخش,مواد و محصولات دارویی,72.4,پرریسک؛ صفی/رشد عمودی,100,70,89.5,24,8030,20261007,15.5,26.1,77.6,16.8,21.5,33.7,139.6,82.2,10,0,true,46.5,2.69,above,0,0.3,6790,,17.11,55.77,8.09,27.14,20.9,739,10.87,8.86,22.6,7814,7598,8678,9110,1.5,واگرایی منفی RSI | اشباع خرید | فاصله زیاد از MA20 | سهم صفی: 10 روز از ۲۰ روز در صف (ریسک نقدشوندگی و اجرای حد ضرر) | رشد عمودی (78٪ در ۶۰ روز، 34٪ بالای MA50) | 140٪ بالای MA200 | واگرایی منفی
خشرق,الکتریک‌ خودرو شرق‌,خودرو و ساخت قطعات,72.2,پرریسک؛ صفی/رشد عمودی,100,85,81,20,3360,20261007,7.8,12.5,73.1,12.3,12.1,29.8,65.8,79.1,6,0,true,54.2,3.42,above,-2.3,0.86,3110,,4.66,12.27,1.3,8.78,8.7,137,24.53,,,3245,3073,3705,3935,1.2,اشباع خرید | سهم صفی: 6 روز از ۲۰ روز در صف (ریسک نقدشوندگی و اجرای حد ضرر) | 66٪ بالای MA200 | حد ضرر دور (8.6٪) | نقدشوندگی کمتر از ۱۰ میلیارد تومان
شبصیر,تولیدات پتروشیمی قائد بصیر,محصولات شیمیایی,72.2,قوی؛ نزدیک مقاومت، منتظر شکست یا پولبک,100,65,56.8,60,16970,20261007,-0.3,18.1,79.4,18.6,6.7,25.6,77.1,68.8,2,0,false,53.1,3.1,above,-2.4,0.81,16000,17380,7.79,41.53,0.95,-25.47,30.79,2884,5.88,8.01,-26.5,16443,15737,17380,18433,0.33,77٪ بالای MA200 | حد ضرر دور (7.3٪)
فاراک,ماشین‌ سازی‌ اراک‌,ساخت محصولات فلزی,72.1,پرریسک؛ صفی/رشد عمودی,100,75,61.5,47,3276,20261007,10.7,2.8,109.5,48.6,6.7,16.8,104.8,66.8,3,0,false,36.8,3.37,above,-2.2,0.69,3090,3350,13.13,-16.71,8.65,84.46,61.44,423,7.74,7.54,2.7,3165,3035,3350,3571,0.31,واگرایی منفی RSI | رشد عمودی (109٪ در ۶۰ روز، 17٪ بالای MA50) | 105٪ بالای MA200 | واگرایی منفی | حد ضرر دور (7.4٪)
غدانه,پنبه و دانه های روغنی خراسان,محصولات غذایی و آشامیدنی به جز قند و شکر,72,قوی ولی پرریسک؛ فعلاً ورود نه,100,100,28,60,20680,20261007,2.9,12.8,63.9,3,8.2,14.5,75.9,66.9,5,0,true,40.1,3.58,above,-4.3,1.48,19950,,-8.7,29.2,0.73,-97.61,45.89,3417,6.05,7.05,-14.2,19950,19580,22898,24377,2.02,واگرایی منفی RSI | توزیع: ورود حقیقی با سرانه خرید ضعیف (0.79 در ۲۰ روز) | 76٪ بالای MA200 | سرانه خرید ضعیف (0.73) | واگرایی منفی
فپنتا,سپنتا,فلزات اساسی,72,پرریسک؛ صفی/رشد عمودی,100,100,58,30,52600,20261007,9.5,16.6,68.7,7.8,7.2,29.6,44.2,68.8,13,0,true,46.2,2.8,above,-7.1,1.53,50404,53780,-17.58,78.45,2.74,-10.5,33.45,4100,12.83,13.48,-4.8,51129,49669,53780,56622,0.4,سهم صفی: 13 روز از ۲۰ روز در صف (ریسک نقدشوندگی و اجرای حد ضرر) | توزیع: ورود حقیقی با سرانه خرید ضعیف (0.81 در ۲۰ روز)
مادیرا,صنایع مادیران,تولید محصولات کامپیوتری الکترونیکی ونوری,72,قوی؛ نزدیک مقاومت، منتظر شکست یا پولبک,100,88,88.5,9,3330,20261007,8.3,17.5,54.8,-6,7.7,15.7,23.3,67.3,2,0,true,36.6,3.12,above,-7.7,0.92,3288,3380,13.29,55.8,1.64,29.49,31.61,252,13.21,7.98,65.6,3288,3236,3380,3454,0.53,واگرایی منفی RSI | واگرایی منفی
شفام,تولیدی و صنعتی گوهرفام,محصولات شیمیایی,72,پرریسک؛ صفی/رشد عمودی,95,73,99.5,16,3228,20261007,15.9,20.6,54.2,-6.6,14.1,23.4,54.2,73.6,8,0,true,30,2.89,above,0,1.4,3079,,21.75,24.75,136.56,33.7,5.52,282,11.45,8.01,42.9,3135,3032,3508,3695,1.43,سهم صفی: 8 روز از ۲۰ روز در صف (ریسک نقدشوندگی و اجرای حد ضرر) | 54٪ بالای MA200 | نقدشوندگی کمتر از ۱۰ میلیارد تومان
وشهر,بانک شهر,بانکها و موسسات اعتباری,71.9,قوی ولی پرشده؛ منتظر پولبک,100,65,73.5,42,3540,20261007,11,18.7,29.3,-31.5,13.7,18.1,39.9,78.4,5,0,true,33,2.63,above,-1.4,1.4,3125,,42.69,-5.55,3.38,40.11,14.91,533,6.64,,,3447,3353,3820,4006,1.5,واگرایی منفی RSI | اشباع خرید | 235٪ بالای کف ۵۲ هفته | واگرایی منفی
غگلستا,شیر پاستوریزه پگاه گلستان,محصولات غذایی و آشامیدنی به جز قند و شکر,71.9,پرریسک؛ صفی/رشد عمودی,100,85,83.5,16,19550,20261007,14.5,12.6,88.2,27.3,13.6,30.1,89,76.2,8,0,true,39.4,2.96,above,0,1.41,18590,,6.32,17.58,5.88,-11.69,12.15,1656,11.81,7.05,67.5,18971,18300,21288,22446,1.39,سهم صفی: 8 روز از ۲۰ روز در صف (ریسک نقدشوندگی و اجرای حد ضرر) | رشد عمودی (88٪ در ۶۰ روز، 30٪ بالای MA50) | 89٪ بالای MA200
نیان,نیان الکترونیک,تولید محصولات کامپیوتری الکترونیکی ونوری,71.9,قوی؛ نزدیک مقاومت، منتظر شکست یا پولبک,100,80,63.5,60,4040,20261006,6.3,8.3,44.8,-16,10.2,18.8,35.8,68.5,2,0,true,30.5,3.09,above,-4,0.94,3900,4185,4.16,-2.61,5.32,24.72,10.76,678,5.96,7.98,-25.3,3915,3837,4185,4473,0.71,واگرایی منفی RSI | واگرایی منفی | آخرین معامله 20261006 (متوقف یا کم‌معامله)
قچار,فراوردههای غذایی وقند چهارمحال,قند و شکر,71.8,قوی ولی پرشده؛ منتظر پولبک,100,85,62,37,6300,20261007,11.5,26,73.4,12.6,11.1,26,96,79.5,2,0,true,65.4,3.29,above,-0.2,0.66,5865,,2.14,-6.67,1.77,12.36,35.5,655,9.62,9.57,0.5,6093,5782,6922,7336,1.2,واگرایی منفی RSI | اشباع خرید | 96٪ بالای MA200 | واگرایی منفی | حد ضرر دور (8.2٪)
کپرور,فرآوری زغال سنگ پروده طبس,استخراج زغال سنگ,71.8,پرریسک؛ صفی/رشد عمودی,100,70,49,62,24000,20261007,15.2,28.3,72.9,12,18.2,32.7,108.6,81.1,4,0,true,47.2,2.88,above,0,0.92,20910,,5.67,-2.73,2.62,-19.93,19.22,2597,9.24,15.48,-40.3,23308,22616,26076,27459,1.5,واگرایی منفی RSI | اشباع خرید | فاصله زیاد از MA20 | رشد عمودی (73٪ در ۶۰ روز، 33٪ بالای MA50) | 109٪ بالای MA200 | واگرایی منفی
فسپا,گروه‌صنعتی‌سپاهان‌,فلزات اساسی,71.6,پرریسک؛ صفی/رشد عمودی,100,70,48.5,62,10620,20261007,14.3,53.5,208.2,147.3,23.4,59.1,222.3,94.7,13,0,true,76,2.6,above,0,0.9,6130,,27.6,-27,5.55,-35.25,50.8,1216,8.73,13.48,-35.2,10344,10069,11447,11999,1.5,اشباع خرید | فاصله زیاد از MA20 | سهم صفی: 13 روز از ۲۰ روز در صف (ریسک نقدشوندگی و اجرای حد ضرر) | رشد عمودی (208٪ در ۶۰ روز، 59٪ بالای MA50) | 222٪ بالای MA200
کمینا,شیشه سازی مینا,سایر محصولات کانی غیرفلزی,71.6,زیر نظر,100,60,98.5,20,19610,20261007,10.1,51.4,116,55.2,24,55.6,137.9,89.9,9,0,true,76.3,2.84,above,-0.1,1.4,13770,,2.2,35.46,8.11,12.86,6.71,259,75.71,,,19054,18497,21279,22392,1.5,اشباع خرید | فاصله زیاد از MA20 | سهم صفی: 9 روز از ۲۰ روز در صف (ریسک نقدشوندگی و اجرای حد ضرر) | رشد عمودی (116٪ در ۶۰ روز، 56٪ بالای MA50) | P/E بالا (76) | 138٪ بالای MA200 | نقدشوندگی کمتر از ۱۰ میلیارد تومان
کربن,کانی کربن طبس,استخراج زغال سنگ,71.5,قوی ولی پرریسک؛ فعلاً ورود نه,95,65,38,82,10100,20261007,-0.3,-3.6,65.8,5,2.9,11.6,76.2,57.9,3,1,false,29.5,3.38,above,-11.4,1.19,9050,11400,-18.49,-14.59,2.66,13.74,13.78,1449,6.97,15.48,-55,9758,9416,11400,12084,1.9,خروج مستمر پول حقیقی | 76٪ بالای MA200 | صف فروش در ۵ روز اخیر
مهرمام,مهرمام میهن,سلامت انسان و مددکاری اجتماعی,71.4,پرریسک؛ صفی/رشد عمودی,100,75,88.5,17,4850,20261007,6.1,32.9,75.6,14.8,11.7,30.5,66.7,79.2,6,0,true,63,3.18,above,0,0.82,4520,,16.37,61.42,6.71,86.66,32.18,403,12.03,10.3,16.8,4696,4464,5313,5621,1.2,اشباع خرید | سهم صفی: 6 روز از ۲۰ روز در صف (ریسک نقدشوندگی و اجرای حد ضرر) | رشد عمودی (76٪ در ۶۰ روز، 31٪ بالای MA50) | 67٪ بالای MA200 | حد ضرر دور (8.0٪)
وتعاون,بیمه تعاون,بیمه وصندوق بازنشستگی به جزتامین اجتماعی,71.4,زیر نظر,100,70,99.5,10,3220,20261007,13.8,52.6,72.4,11.6,26.1,40.7,59.7,89,8,0,true,50.4,2.67,above,-1.5,1.63,2587,,0.93,8.58,11.48,7.28,3.01,,,18.13,,3134,3048,3478,3650,1.5,اشباع خرید | فاصله زیاد از MA20 | بدون EPS مثبت | سهم صفی: 8 روز از ۲۰ روز در صف (ریسک نقدشوندگی و اجرای حد ضرر) | رشد عمودی (72٪ در ۶۰ روز، 41٪ بالای MA50) | 60٪ بالای MA200 | نقدشوندگی کمتر از ۱۰ میلیارد تومان
شتوکا,توکا رنگ فولاد سپاهان,محصولات شیمیایی,71.4,پرریسک؛ صفی/رشد عمودی,100,60,93.4,24,14490,20261007,9.5,62.3,117.9,57.1,22.6,60.5,126.8,92.5,15,0,true,81,2.84,above,-3.9,1.95,7760,,6.99,28.53,1.38,7.73,24.5,1545,9.38,8.01,17.1,14079,13667,15724,16547,1.5,اشباع خرید | فاصله زیاد از MA20 | سهم صفی: 15 روز از ۲۰ روز در صف (ریسک نقدشوندگی و اجرای حد ضرر) | رشد عمودی (118٪ در ۶۰ روز، 60٪ بالای MA50) | 127٪ بالای MA200
ورازی,بیمه رازی,بیمه وصندوق بازنشستگی به جزتامین اجتماعی,71.1,زیر نظر,100,70,88.5,20,1902,20261007,10.9,40.9,88.3,27.5,14.9,39.7,88.7,81.7,8,0,true,56.9,3.06,above,-0.1,1,1797,,12.42,32.03,3.81,22.36,10.03,18,105.67,,,1844,1768,2076,2193,1.3,اشباع خرید | سهم صفی: 8 روز از ۲۰ روز در صف (ریسک نقدشوندگی و اجرای حد ضرر) | رشد عمودی (88٪ در ۶۰ روز، 40٪ بالای MA50) | P/E بالا (106) | 89٪ بالای MA200 | حد ضرر دور (7.0٪)
زفارس,کشت وصنعت و دامپروری پگاه فارس,زراعت و خدمات وابسته,71.1,قوی ولی پرریسک؛ فعلاً ورود نه,95,55,89.5,37,25240,20261007,0.5,4.2,41.9,-19,3.1,13.9,,62.7,4,0,false,34.6,3.14,above,-6.4,1.07,24440,26970,0.94,20.96,2.75,22.01,10.66,2916,8.66,8.07,7.3,24447,24044,26970,28555,1.45,واگرایی منفی RSI | 186٪ بالای کف ۵۲ هفته | واگرایی منفی
قاسم,قاسم ایران,خرده فروشی،باستثنای وسایل نقلیه موتوری,71.1,پرریسک؛ صفی/رشد عمودی,100,73,90,16,2855,20261007,15.8,20.8,58.3,-2.5,19.7,26.7,117.8,78.4,11,0,true,29.8,2.8,above,0,0.44,2458,,24.37,125.74,11.68,30.66,14.06,345,8.28,6.17,34.1,2775,2695,3095,3255,1.5,اشباع خرید | فاصله زیاد از MA20 | سهم صفی: 11 روز از ۲۰ روز در صف (ریسک نقدشوندگی و اجرای حد ضرر) | 118٪ بالای MA200
اسیاتک,انتقال داده های آسیاتک,اطلاعات و ارتباطات,71,پرریسک؛ صفی/رشد عمودی,100,70,36,72,5060,20261007,14,19.3,121,60.1,15.4,32.8,95.2,81.1,4,0,true,43.4,2.97,above,0,0.59,4470,,-11.43,-27.44,4.34,22.83,38.6,1000,5.06,7.97,-36.5,4910,4759,5511,5811,1.5,واگرایی منفی RSI | اشباع خرید | فاصله زیاد از MA20 | رشد عمودی (121٪ در ۶۰ روز، 33٪ بالای MA50) | 95٪ بالای MA200 | واگرایی منفی
بازرگام,پست پیشگامان,اطلاعات و ارتباطات,71,پرریسک؛ صفی/رشد عمودی,100,70,82.9,25,6320,20261007,13.5,49.4,90.4,29.5,20.8,46,71.8,92,6,0,true,61.9,2.65,above,0,0.67,5660,,21.95,119.35,1.34,16.55,27.88,341,18.53,,,6152,5985,6823,7158,1.5,اشباع خرید | فاصله زیاد از MA20 | سهم صفی: 6 روز از ۲۰ روز در صف (ریسک نقدشوندگی و اجرای حد ضرر) | رشد عمودی (90٪ در ۶۰ روز، 46٪ بالای MA50) | 72٪ بالای MA200
سمتاز,سیمان ممتازان کرمان,سیمان، آهک و گچ,71,قوی ولی پرریسک؛ فعلاً ورود نه,100,55,85.9,34,67010,20261007,3.8,4.4,22.2,-38.6,3.7,13,74.3,62.6,0,0,false,25.6,3.01,above,-4.3,1.55,66250,70000,2.93,2.46,1.55,4.78,4.22,8478,7.9,6.69,18.1,66250,65242,70000,74033,1.69,توزیع: ورود حقیقی با سرانه خرید ضعیف (0.77 در ۲۰ روز) | 74٪ بالای MA200 | نقدشوندگی کمتر از ۱۰ میلیارد تومان
فن افزار,توسعه فن افزار توسن,رایانه و فعالیت‌های وابسته به آن,70.6,پرریسک؛ صفی/رشد عمودی,90,65,62.5,60,10680,20261007,0,-6.4,104.6,43.8,-0.1,14.5,137.7,57.3,1,0,false,46,3.39,above,-9.1,1.16,10090,11440,48.2,-5.56,3.6,78.23,25.92,1478,7.23,8.89,-18.7,10318,9909,11440,11750,0.99,رشد عمودی (105٪ در ۶۰ روز، 14٪ بالای MA50) | 138٪ بالای MA200 | حد ضرر دور (7.2٪)
شستان,پتروشیمی شهید رئیسی گلستان,محصولات شیمیایی,70.6,زیر نظر,100,80,78.5,20,1996,20261007,1.8,6.8,32.9,-27.9,6.1,17.4,34.6,65.8,1,0,true,26.3,3.47,above,-0.9,0.88,1924,,0.56,2.39,2.1,5.09,3.38,7,285.14,,,1927,1889,2204,2343,1.95,P/E بالا (285) | نقدشوندگی کمتر از ۱۰ میلیارد تومان
کوچین,تولیدی کوچین,محصولات غذایی و آشامیدنی به جز قند و شکر,70.5,پرریسک؛ صفی/رشد عمودی,100,65,63,47,19200,20261007,10.7,3.2,50.4,-10.5,10.8,17.9,,71.1,6,0,true,26.1,3.1,above,0,0.79,17250,,26.85,-61.81,5.1,86.26,41.48,2530,7.59,7.05,7.6,18605,18011,20984,22173,1.5,خروج مستمر پول حقیقی | سهم صفی: 6 روز از ۲۰ روز در صف (ریسک نقدشوندگی و اجرای حد ضرر) | 362٪ بالای کف ۵۲ هفته
پاسا,ایران‌یاساتایرورابر,لاستیک و پلاستیک,70.3,قوی ولی پرشده؛ منتظر پولبک,100,85,33.4,60,12120,20261007,8.2,18.7,92.4,31.5,11.4,26.7,88.2,76.8,0,0,true,55,3.24,above,-3,1.04,11120,,-19.68,-23.11,1.47,29.86,32.58,2053,5.9,8.21,-28.1,11728,11139,13297,14082,1.2,واگرایی منفی RSI | 88٪ بالای MA200 | واگرایی منفی | حد ضرر دور (8.1٪)
سدبیر,س. تدبیرگران فارس وخوزستان,سرمایه گذاریها,70.3,قوی؛ نزدیک مقاومت، منتظر شکست یا پولبک,100,45,43,82,39350,20261007,-3.7,1,33.7,-27.1,0.4,5.6,13.4,53.5,0,0,false,24,3.45,above,-20.2,0.76,38461,40263,2.03,5.07,0.84,-5.71,9.08,7407,5.31,8.73,-39.1,38461,37782,40263,41614,0.58,توزیع: ورود حقیقی با سرانه خرید ضعیف (0.85 در ۲۰ روز) | نقدشوندگی کمتر از ۱۰ میلیارد تومان
جم,پتروشیمی جم,محصولات شیمیایی,70.2,پرریسک؛ صفی/رشد عمودی,100,70,96,9,81130,20261007,9.8,33.1,142.8,82,16.8,43.8,79.9,88,3,0,true,66.6,2.85,above,-1.1,1.26,67480,,18.76,109.56,1.52,7.05,45.67,4968,16.33,9.63,69.6,78817,76504,88069,92695,1.5,اشباع خرید | فاصله زیاد از MA20 | رشد عمودی (143٪ در ۶۰ روز، 44٪ بالای MA50) | 80٪ بالای MA200
لپارس,پارس‌ الکتریک‌,ساخت دستگاه‌ها و وسایل ارتباطی,70.2,قوی ولی پرشده؛ منتظر پولبک,100,85,81,12,38130,20261007,6.6,14.5,75.3,14.5,12.9,29.5,85.9,77.6,3,0,true,55.4,3.23,above,-0.2,1.23,34433,,12.31,12.87,1.3,16.1,13.44,1544,24.7,20.28,21.8,36900,35669,41821,44281,1.5,واگرایی منفی RSI | 86٪ بالای MA200 | واگرایی منفی
ولغدر,لیزینگ‌خودروغدیر,سایر واسطه گریهای مالی,70.1,زیر نظر,100,85,88.5,4,4170,20261007,15.2,11.5,106.3,45.5,11.1,27.5,66.4,74.9,7,0,true,57.5,3.22,above,0,1.18,3960,,44.66,48.73,6.2,34.87,9.62,80,52.13,9.94,424.4,4036,3893,4573,4842,1.45,سهم صفی: 7 روز از ۲۰ روز در صف (ریسک نقدشوندگی و اجرای حد ضرر) | رشد عمودی (106٪ در ۶۰ روز، 28٪ بالای MA50) | P/E بالا (52) | 66٪ بالای MA200 | نقدشوندگی کمتر از ۱۰ میلیارد تومان
وهور,گروه س.انرژی امید  تابان هور,عرضه برق، گاز، بخاروآب گرم,70.1,پرریسک؛ صفی/رشد عمودی,100,65,99.5,9,3126,20261007,13.1,22.1,48.6,-12.3,18.8,25.2,66.9,77.5,9,0,true,29.3,2.94,above,0,2.11,2889,,69.86,136.04,7.02,137.84,39.76,230,13.59,10.04,35.4,3034,2896,3402,3586,1.2,فاصله زیاد از MA20 | سهم صفی: 9 روز از ۲۰ روز در صف (ریسک نقدشوندگی و اجرای حد ضرر) | 67٪ بالای MA200 | حد ضرر دور (7.4٪)
کماسه,تامین‌ ماسه‌ ریخته‌گری‌,استخراج سایر معادن,70,پرریسک؛ صفی/رشد عمودی,100,60,87,25,5880,20261007,10.5,26.2,122.1,61.2,7.2,39.6,105.6,73.6,10,0,false,66.7,3.05,above,-3.4,1.42,5170,6090,35.16,21.93,1.72,31.81,41.36,209,28.13,26.17,7.5,5701,5521,6090,6449,0.59,سهم صفی: 10 روز از ۲۰ روز در صف (ریسک نقدشوندگی و اجرای حد ضرر) | رشد عمودی (122٪ در ۶۰ روز، 40٪ بالای MA50) | 106٪ بالای MA200
شفارا,پتروشیمی فارابی,محصولات شیمیایی,70,پرریسک؛ صفی/رشد عمودی,100,70,79,25,2073,20261007,15.7,18.2,71.3,10.5,17.1,35.3,69.9,81.1,8,0,true,48.3,2.94,above,0,0.41,1838,,4.9,3.62,5.31,15.03,10.1,126,16.45,,,2012,1951,2256,2378,1.5,واگرایی منفی RSI | اشباع خرید | فاصله زیاد از MA20 | سهم صفی: 8 روز از ۲۰ روز در صف (ریسک نقدشوندگی و اجرای حد ضرر) | رشد عمودی (71٪ در ۶۰ روز، 35٪ بالای MA50) | توزیع: ورود حقیقی با سرانه خرید ضعیف (0.70 در ۲۰ روز) | 70٪ بالای MA200 | واگرایی منفی
آردینه,نشاسته و گلوکز آردینه,محصولات غذایی و آشامیدنی به جز قند و شکر,70,زیر نظر,100,73,77.5,24,38440,20261007,13.5,13.5,59.6,-1.2,11.6,20,89.3,72.8,4,0,true,22.4,3.23,above,0,0.42,36980,,5.96,16.49,8.48,25.32,25.63,4668,8.23,7.05,16.8,37197,36359,42169,44655,1.79,89٪ بالای MA200
زنگان,صنعت روی زنگان,فلزات اساسی,69.7,زیر نظر,100,75,94.9,4,9640,20261007,2.2,34,103.3,42.4,15.7,31.4,80.2,75.4,9,0,true,45.1,3.14,above,-3.6,1.46,7722,9997,2.06,13.81,1.44,13.35,8.73,403,23.92,8.05,197.2,9338,9035,9997,10602,0.59,فاصله زیاد از MA20 | سهم صفی: 9 روز از ۲۰ روز در صف (ریسک نقدشوندگی و اجرای حد ضرر) | رشد عمودی (103٪ در ۶۰ روز، 31٪ بالای MA50) | 80٪ بالای MA200 | نقدشوندگی کمتر از ۱۰ میلیارد تومان
غشصفا,شیرپاستوریزه‌پگاه‌اصفهان‌,محصولات غذایی و آشامیدنی به جز قند و شکر,69.6,زیر نظر,100,65,46.3,60,27100,20261007,-1.1,14,87.2,26.3,5,19.7,110.4,65.1,4,0,false,41.1,3.35,above,-2.2,0.8,23510,27615,2.68,-12.18,1.53,-2.09,11.2,3764,7.2,8.53,-15.6,26193,25286,27615,29429,0.28,واگرایی منفی RSI | خروج مستمر پول حقیقی | 110٪ بالای MA200 | واگرایی منفی
ناما,تولیدی مخازن گازطبیعی آسیاناما,خودرو و ساخت قطعات,69.4,زیر نظر,100,65,89.5,16,4880,20261007,14.8,15.4,17,-43.8,13.6,16.5,38.9,70.9,4,0,true,22.6,3.05,above,0,1.15,4790,,19.5,16.21,15.4,28.38,7.61,583,8.37,5.87,42.6,4790,4716,5326,5624,2.71,توزیع: ورود حقیقی با سرانه خرید ضعیف (0.86 در ۲۰ روز) | نقدشوندگی کمتر از ۱۰ میلیارد تومان
غمایه,شرکت خمیرمایه رضوی,محصولات غذایی و آشامیدنی به جز قند و شکر,69.4,زیر نظر,100,85,73.5,16,27430,20261007,15.8,12.8,70.1,9.3,10.6,21.5,100.5,70.5,6,0,true,27.4,3.05,above,0,1.29,26570,,17.44,-1.75,9.84,23.05,7.89,2821,9.72,7.05,37.9,26593,26151,29942,31617,1.96,سهم صفی: 6 روز از ۲۰ روز در صف (ریسک نقدشوندگی و اجرای حد ضرر) | 101٪ بالای MA200 | نقدشوندگی کمتر از ۱۰ میلیارد تومان
شفارس,صنایع‌ شیمیایی‌ فارس‌,محصولات شیمیایی,69.2,زیر نظر,100,65,80.7,24,2503,20261007,8.4,16.1,48.9,-11.9,9.5,23.8,52.3,72.4,0,0,true,36.5,3.37,above,-0.4,1.44,2477,,2.35,1.93,1.35,14.64,10.44,231,10.84,9.63,12.5,2477,2435,2756,2924,3.71,واگرایی منفی RSI | 52٪ بالای MA200 | واگرایی منفی
پیزد,مجتمع صنایع لاستیک یزد,لاستیک و پلاستیک,69.1,زیر نظر,100,70,63.5,37,14920,20261007,14.5,42.8,265,204.2,19.4,61.1,200.1,89.6,7,0,true,78.9,2.48,above,0,0.38,12620,,24.17,-154.89,25.15,35.95,69.76,1599,9.33,9.84,-5.2,14549,14179,16032,16773,1.5,اشباع خرید | فاصله زیاد از MA20 | خروج مستمر پول حقیقی | سهم صفی: 7 روز از ۲۰ روز در صف (ریسک نقدشوندگی و اجرای حد ضرر) | رشد عمودی (265٪ در ۶۰ روز، 61٪ بالای MA50) | 200٪ بالای MA200
وسپهر,گروه سرمایه گذاری سپهر صادرات,شرکتهای چند رشته ای صنعتی,69.1,زیر نظر,95,55,63.5,55,4960,20261007,3.3,1.2,44.2,-16.6,3.5,11.7,36.8,60.6,0,0,false,38.6,3.27,above,-3.7,1.09,4790,5150,13.88,-16.44,6.84,52.24,13.68,1149,4.32,4.03,7.1,4798,4709,5150,5474,0.76,خروج مستمر پول حقیقی
ریشمک,تولید و صادرات ریشمک,مواد و محصولات دارویی,69.1,زیر نظر,100,70,63.5,37,19890,20261007,14.8,17.5,102.3,41.5,17.9,38.5,102.5,80.7,8,0,true,43.5,2.63,above,0,0.93,17940,,10.62,-9.5,2.54,32.18,23.56,2342,8.49,8.86,-4.1,19368,18845,21457,22502,1.5,اشباع خرید | فاصله زیاد از MA20 | سهم صفی: 8 روز از ۲۰ روز در صف (ریسک نقدشوندگی و اجرای حد ضرر) | رشد عمودی (102٪ در ۶۰ روز، 39٪ بالای MA50) | 103٪ بالای MA200
وبشهر,توسعه‌ صنایع‌ بهشهر(هلدینگ,محصولات غذایی و آشامیدنی به جز قند و شکر,69,زیر نظر,100,85,64.1,24,7940,20261007,6,21,67.9,7,9.5,29.5,108,75.5,3,0,true,54.1,3.02,above,-0.4,1.52,7700,,68.84,61.55,0.89,-5.35,27.04,748,10.61,8.53,24.4,7700,7580,8660,9139,2,توزیع: ورود حقیقی با سرانه خرید ضعیف (0.88 در ۲۰ روز) | 108٪ بالای MA200
جم پیلن,پتروشیمی جم پیلن,محصولات شیمیایی,69,زیر نظر,100,70,63,37,378800,20261007,15.5,28.1,115.8,55,18.6,39.9,103.8,86,4,0,true,52.1,2.62,above,0,0.8,318000,,38.71,-72.1,10.7,51.93,28.13,41853,9.05,9.63,-6,368869,358939,408592,428453,1.5,واگرایی منفی RSI | اشباع خرید | فاصله زیاد از MA20 | خروج مستمر پول حقیقی | رشد عمودی (116٪ در ۶۰ روز، 40٪ بالای MA50) | 104٪ بالای MA200 | واگرایی منفی | شناوری کم (11٪)
فروسیل,فروسیلیسیم خمین,فلزات اساسی,69,زیر نظر,100,85,64,24,16610,20261007,4.9,7.3,97.7,36.9,8.4,25.4,81,71,7,0,true,41.4,3.1,above,-0.1,0.88,16340,,6.81,-7.11,2.45,0.37,9.28,1620,10.25,8.05,27.4,16340,16082,18156,19186,2.93,سهم صفی: 7 روز از ۲۰ روز در صف (ریسک نقدشوندگی و اجرای حد ضرر) | 81٪ بالای MA200 | نقدشوندگی کمتر از ۱۰ میلیارد تومان
تپسی,پیشگامان فن آوری و دانش آرامیس,رایانه و فعالیت‌های وابسته به آن,69,زیر نظر,100,70,90,10,27590,20261007,6,26.4,101.4,40.6,11.5,31.3,57.9,99.8,20,0,true,96.5,1.01,above,0,0.54,22600,,9.87,61.31,16.84,10.01,4.02,,,8.89,,27310,27031,28429,28988,1.5,اشباع خرید | بدون EPS مثبت | سهم صفی: 20 روز از ۲۰ روز در صف (ریسک نقدشوندگی و اجرای حد ضرر) | رشد عمودی (101٪ در ۶۰ روز، 31٪ بالای MA50) | 58٪ بالای MA200 | نقدشوندگی کمتر از ۱۰ میلیارد تومان
رتاپ,تجارت الکترونیک  پارسیان,رایانه و فعالیت‌های وابسته به آن,69,زیر نظر,100,85,33,55,10230,20261007,11.9,19.6,69.7,8.8,8.8,16.2,117.6,70.4,1,0,true,41.3,2.82,above,-0.7,0.51,9765,,-15.42,-130.35,1.5,5.24,18.24,806,12.69,18.19,-30.2,9941,9621,11097,11675,1.42,واگرایی منفی RSI | خروج مستمر پول حقیقی | 118٪ بالای MA200 | واگرایی منفی
قثابت,قند ثابت‌ خراسان‌,قند و شکر,68.9,زیر نظر,100,65,99.5,4,4530,20261007,13.3,12.4,37.3,-23.6,12.4,12.8,71.7,71.3,1,0,true,27.8,3.24,above,-0.2,1.23,4470,,17.82,21.8,3.28,44.92,11,150,30.2,9.8,208.2,4470,4397,4970,5263,3.3,واگرایی منفی RSI | P/E بالا (30) | 72٪ بالای MA200 | واگرایی منفی
کمنگنز,معادن‌منگنزایران‌,استخراج کانه های فلزی,68.9,زیر نظر,100,75,33.5,62,11120,20261007,1.7,19.8,102.5,41.6,12.9,27.6,111.3,74,9,0,true,51.3,2.98,above,0,1.35,10930,,-34.39,-53.48,2.44,-91.96,24.81,1317,8.44,13.76,-38.6,10930,10764,12114,12777,2.8,خروج مستمر پول حقیقی | سهم صفی: 9 روز از ۲۰ روز در صف (ریسک نقدشوندگی و اجرای حد ضرر) | رشد عمودی (102٪ در ۶۰ روز، 28٪ بالای MA50) | 111٪ بالای MA200
خوساز,محورسازان‌ایران‌خودرو,خودرو و ساخت قطعات,68.9,زیر نظر,95,80,87.5,10,20880,20261007,8.1,10.4,26.1,-34.7,8.1,17.8,33.4,68,1,0,true,27.4,3.23,above,-0.3,1.3,19350,,3.43,2.04,1.79,11.75,5.13,,,,,20205,19193,22904,24254,1.2,بدون EPS مثبت | حد ضرر دور (8.1٪) | نقدشوندگی کمتر از ۱۰ میلیارد تومان
چکاوه,صنایع‌کاغذسازی‌کاوه‌,محصولات کاغذی,68.8,زیر نظر,100,70,89,10,17120,20261007,15.8,72.2,127.7,66.8,27.9,58.4,120.7,94.5,16,0,true,65.6,2.42,above,0,0.9,12250,,41.08,104.03,4.88,36.79,17.12,,,16.48,,16706,16293,18361,19188,1.5,اشباع خرید | فاصله زیاد از MA20 | بدون EPS مثبت | سهم صفی: 16 روز از ۲۰ روز در صف (ریسک نقدشوندگی و اجرای حد ضرر) | رشد عمودی (128٪ در ۶۰ روز، 58٪ بالای MA50) | 121٪ بالای MA200
شغدیر,پتروشیمی غدیر,محصولات شیمیایی,68.7,زیر نظر,100,75,35,60,88530,20261007,3.6,17,182.2,121.4,9.8,26.7,115.7,71.8,1,0,true,61.6,3.26,above,-1.2,0.78,82210,,-1.82,114.82,1.08,-59.36,66.33,12273,7.21,9.63,-25.1,85648,81325,97176,102939,1.2,واگرایی منفی RSI | رشد عمودی (182٪ در ۶۰ روز، 27٪ بالای MA50) | توزیع: ورود حقیقی با سرانه خرید ضعیف (0.80 در ۲۰ روز) | 116٪ بالای MA200 | واگرایی منفی | حد ضرر دور (8.1٪)
وکغدیر,بین المللی توسعه ص. معادن غدیر,شرکتهای چند رشته ای صنعتی,68.6,زیر نظر,100,70,89.5,9,8260,20261007,14.4,37.2,173.5,112.7,17.7,48.3,122,85.2,7,0,true,69.4,2.62,above,0,0.9,7160,,331.14,515.34,26.98,152.39,161.42,563,14.67,10.88,34.8,8043,7827,8910,9343,1.5,اشباع خرید | فاصله زیاد از MA20 | سهم صفی: 7 روز از ۲۰ روز در صف (ریسک نقدشوندگی و اجرای حد ضرر) | رشد عمودی (174٪ در ۶۰ روز، 48٪ بالای MA50) | توزیع: ورود حقیقی با سرانه خرید ضعیف (0.88 در ۲۰ روز) | 122٪ بالای MA200 | شناوری کم (10٪)
ثقزوی,شرکت عمران و سازندگی قزوین,انبوه سازی، املاک و مستغلات,68.6,زیر نظر,90,75,76.3,30,2607,20261007,-3.4,4.5,70.8,9.9,-6.2,15.3,39,51.3,8,1,false,46.7,3.44,above,-17.8,1.39,2372,3172,0,4.01,1.21,2.65,3.27,35,74.49,,,2517,2383,3172,3352,2.52,سهم صفی: 8 روز از ۲۰ روز در صف (ریسک نقدشوندگی و اجرای حد ضرر) | P/E بالا (74) | حد ضرر دور (8.6٪) | نقدشوندگی کمتر از ۱۰ میلیارد تومان | صف فروش در ۵ روز اخیر
فسازان,غلتک سازان سپاهان,فلزات اساسی,68.5,زیر نظر,100,75,22,72,14810,20261007,3.9,6.4,86.8,25.9,4.2,18.4,138.7,64.3,7,0,false,41.2,2.99,above,-7.2,0.7,14260,15960,-12.62,-90.34,2.74,-14.42,42.89,2578,5.74,13.48,-57.4,14367,14038,15960,16846,1.49,خروج مستمر پول حقیقی | سهم صفی: 7 روز از ۲۰ روز در صف (ریسک نقدشوندگی و اجرای حد ضرر) | 139٪ بالای MA200
شمس,تولید انرژی برق شمس پاسارگاد,عرضه برق، گاز، بخاروآب گرم,68.5,زیر نظر,100,70,89,9,12410,20261007,-0.2,10.8,38.8,-22,3.3,6,89.2,58.6,0,0,true,30.1,3.49,above,-3.9,1.38,11270,12873,38.29,85.61,3.45,65.32,16.58,887,13.99,10.04,39.4,11977,11329,12873,13738,0.43,89٪ بالای MA200 | حد ضرر دور (8.7٪)
سمگا,گروه سرمایه گذاری میراث فرهنگی,هتل و رستوران,68.4,زیر نظر,100,70,29.7,68,4220,20261007,-0.7,14.4,40.6,-20.2,5,15.7,56.1,63,3,0,true,38.5,3.15,above,-3.4,1.43,4090,4370,-18.18,295.21,0.87,-64.68,74.22,1002,4.21,4.69,-10.2,4090,4024,4370,4636,0.76,56٪ بالای MA200
شپاس,نفت پاسارگاد,فراورده های نفتی، کک و سوخت هسته ای,68.2,زیر نظر,100,80,51.8,37,52860,20261007,3.3,8.6,39.6,-21.2,9.3,22.2,36.7,68.7,3,0,true,32.8,3.08,above,-0.1,1.14,50385,,-2.77,14.89,1.53,7.43,16.16,6293,8.4,8.12,3.4,51231,49571,57747,61004,1.49,
خپویش,سازه‌ پویش‌,خودرو و ساخت قطعات,68.1,زیر نظر,100,60,84.5,20,6160,20261007,6.6,58.4,94.7,33.9,19.2,52.7,98.1,87.4,15,0,true,73,2.67,above,-4.9,1.75,4001,,10.33,48.97,5.87,-0.77,10.69,196,31.43,,,5996,5832,6653,6981,1.5,اشباع خرید | فاصله زیاد از MA20 | سهم صفی: 15 روز از ۲۰ روز در صف (ریسک نقدشوندگی و اجرای حد ضرر) | رشد عمودی (95٪ در ۶۰ روز، 53٪ بالای MA50) | P/E بالا (31) | 98٪ بالای MA200
شبریز,پالایش نفت تبریز,فراورده های نفتی، کک و سوخت هسته ای,68.1,زیر نظر,90,55,83.4,57,56390,20261003,4.6,6.4,40.2,-20.7,-2.5,13.3,78.5,55.3,2,0,false,40.7,3.68,above,-13.4,1.28,53180,65100,296.3,29.02,1.42,55.68,168.91,9661,5.84,6.26,-6.8,54314,52142,65100,69252,2.05,توزیع: ورود حقیقی با سرانه خرید ضعیف (0.66 در ۲۰ روز) | 78٪ بالای MA200 | حد ضرر دور (7.5٪) | آخرین معامله 20261003 (متوقف یا کم‌معامله)
پردیس,سرمایه گذاری پردیس,سرمایه گذاریها,68,زیر نظر,100,80,28.1,60,2336,20261007,0.9,12.3,42.9,-18,7,16.4,36.3,67.1,0,0,true,35,2.99,above,-0.4,1.04,2268,,-2.16,-9.75,1.28,4.85,5.96,404,5.78,7.13,-18.9,2268,2233,2545,2685,2.03,واگرایی منفی RSI | خروج مستمر پول حقیقی | واگرایی منفی | نقدشوندگی کمتر از ۱۰ میلیارد تومان
نماد,گروه مالی نماد غدیر,سرمایه گذاریها,68,زیر نظر,100,45,36,80,4140,20261007,-3,1,42.3,-18.6,0.9,9.7,,57.4,0,0,false,31.7,3.18,above,-4.2,0.86,3927,4240,-18.53,-72.19,3.61,47.77,31.04,995,4.16,7.13,-41.6,4009,3861,4240,4320,0.36,خروج مستمر پول حقیقی | شناوری کم (9٪)
درپاد,گروه صنعتی درپاد تبریز,فلزات اساسی,68,زیر نظر,100,60,100,4,5200,20261007,6.3,62.9,124,63.2,21.7,68,,97.3,17,0,true,76,2.58,above,0,2.52,4730,,20.61,70.07,111.56,102.33,10,24,216.67,8.05,2591.5,5066,4932,5602,5870,1.5,اشباع خرید | فاصله زیاد از MA20 | سهم صفی: 17 روز از ۲۰ روز در صف (ریسک نقدشوندگی و اجرای حد ضرر) | رشد عمودی (124٪ در ۶۰ روز، 68٪ بالای MA50) | P/E بالا (217) | 177٪ بالای کف ۵۲ هفته
وکبهمن,مدیریت سرمایه گذاری کوثربهمن,سرمایه گذاریها,68,زیر نظر,100,70,36,60,4700,20261007,12.4,30.9,70.4,9.6,17.3,33.3,89.8,86.4,4,0,true,54.8,2.8,above,0,1.06,3980,,-10.69,-47.62,203.95,9.8,5.4,671,7,8.73,-19.8,4568,4436,5095,5359,1.5,اشباع خرید | فاصله زیاد از MA20 | خروج مستمر پول حقیقی | رشد عمودی (70٪ در ۶۰ روز، 33٪ بالای MA50) | 90٪ بالای MA200 | نقدشوندگی کمتر از ۱۰ میلیارد تومان
آباد,توریستی ورفاهی آبادگران ایران,هتل و رستوران,68,زیر نظر,100,73,89.5,4,1204,20261007,15.8,11.9,53.4,-7.5,15.7,34.3,43.3,78.6,10,0,true,35.7,2.87,above,-5.3,1.08,1147,1283,11.23,13.78,6.91,27.18,8.25,3,401.33,307,30.7,1169,1130,1283,1352,1.06,اشباع خرید | فاصله زیاد از MA20 | سهم صفی: 10 روز از ۲۰ روز در صف (ریسک نقدشوندگی و اجرای حد ضرر) | رشد عمودی (53٪ در ۶۰ روز، 34٪ بالای MA50) | P/E بالا (401) | نقدشوندگی کمتر از ۱۰ میلیارد تومان
زملارد,کشاورزی و دامپروری ملارد شیر,زراعت و خدمات وابسته,67.9,زیر نظر,100,45,78.5,37,1543,20261007,-1.8,6.1,38.3,-22.5,3,9.5,57.6,59.3,3,0,false,34.1,3.56,above,-4.6,1.32,1388,1604,15.23,18.56,1.71,47.05,18.78,183,8.43,8.07,4.5,1488,1405,1604,1714,0.44,58٪ بالای MA200 | حد ضرر دور (8.9٪)
تنوین,تامین سرمایه نوین,فعالیتهای کمکی به نهادهای مالی واسط,67.9,زیر نظر,100,100,11.5,60,3164,20261007,6,17,85.1,24.3,9.1,23.1,93.9,68.6,4,0,true,40.5,3.13,above,-4.2,1.58,2964,,-5.22,-18.51,0.8,-20.48,16.01,605,5.23,5.92,-11.7,3065,2916,3461,3659,1.2,واگرایی منفی RSI | خروج مستمر پول حقیقی | 94٪ بالای MA200 | سرانه خرید ضعیف (0.80) | واگرایی منفی | حد ضرر دور (7.8٪)
شلعاب,لعابیران‌,محصولات شیمیایی,67.9,زیر نظر,100,73,89,4,1539,20261007,11.4,19,54.8,-6,14.7,24,64.2,78.1,2,0,true,38.1,3.12,above,-0.1,1.09,1401,,4.75,8.35,1.98,7.72,7.67,70,21.99,9.63,128.3,1491,1419,1683,1779,1.2,واگرایی منفی RSI | اشباع خرید | 64٪ بالای MA200 | واگرایی منفی | حد ضرر دور (7.8٪) | نقدشوندگی کمتر از ۱۰ میلیارد تومان
زپارس,ملی کشت و صنعت و دامپروری پارس,زراعت و خدمات وابسته,67.8,زیر نظر,100,85,67.1,16,48260,20261007,9.4,26.1,79,18.2,14.4,29.4,85.7,72.9,7,0,true,37.3,2.96,above,-3.6,1.96,43190,,10.27,14.07,0.94,-19.51,13.1,4640,10.4,6.33,64.3,46833,45407,52540,55393,1.5,واگرایی منفی RSI | سهم صفی: 7 روز از ۲۰ روز در صف (ریسک نقدشوندگی و اجرای حد ضرر) | توزیع: ورود حقیقی با سرانه خرید ضعیف (0.88 در ۲۰ روز) | 86٪ بالای MA200 | واگرایی منفی | شناوری کم (13٪)
محتشم,نساجی هدیه البرز مشهد,منسوجات,67.8,زیر نظر,100,70,79,16,19810,20261007,14.8,55,108.4,47.6,21.5,48.5,103.5,86.4,12,0,true,53.8,2.56,above,0,0.67,16030,,14.63,32.18,4.92,91.2,51.28,1926,10.29,7.72,33.2,19303,18796,21331,22344,1.5,واگرایی منفی RSI | اشباع خرید | فاصله زیاد از MA20 | سهم صفی: 12 روز از ۲۰ روز در صف (ریسک نقدشوندگی و اجرای حد ضرر) | رشد عمودی (108٪ در ۶۰ روز، 48٪ بالای MA50) | 104٪ بالای MA200 | واگرایی منفی
دیران,ایران‌دارو,مواد و محصولات دارویی,67.8,زیر نظر,100,70,78,17,21820,20261007,10.1,21.8,264.3,203.4,16.8,45.8,209.4,83.5,15,0,true,69.4,2.69,above,0,1.07,19400,,16.16,12.27,3.76,72.94,36.17,1532,14.24,12.91,10.3,21233,20646,23581,24754,1.5,اشباع خرید | فاصله زیاد از MA20 | سهم صفی: 15 روز از ۲۰ روز در صف (ریسک نقدشوندگی و اجرای حد ضرر) | رشد عمودی (264٪ در ۶۰ روز، 46٪ بالای MA50) | توزیع: ورود حقیقی با سرانه خرید ضعیف (0.90 در ۲۰ روز) | 209٪ بالای MA200
غگیلا,شیرپاستوریزه پگاه گیلان,محصولات غذایی و آشامیدنی به جز قند و شکر,67.8,زیر نظر,100,60,99,4,43930,20261007,12.2,66.5,146.9,86.1,25.4,59.7,150.1,96.9,12,0,true,84.5,2.67,above,-1.7,1.4,24500,,4.18,10.85,40.57,13.03,5.78,1291,34.03,7.05,382.7,42758,41587,47445,49788,1.5,واگرایی منفی RSI | اشباع خرید | فاصله زیاد از MA20 | سهم صفی: 12 روز از ۲۰ روز در صف (ریسک نقدشوندگی و اجرای حد ضرر) | رشد عمودی (147٪ در ۶۰ روز، 60٪ بالای MA50) | P/E بالا (34) | 150٪ بالای MA200 | واگرایی منفی | نقدشوندگی کمتر از ۱۰ میلیارد تومان
کنور,توسعه معدنی و صنعتی صبانور,استخراج کانه های فلزی,67.7,زیر نظر,100,85,40.9,62,6960,20261006,8.1,14.7,98.3,37.5,10.1,30.7,104.7,76.2,4,0,true,47.4,3.24,above,-0.3,0.92,6500,,0.9,-79,1.35,-2.32,22.25,738,9.43,13.76,-31.5,6734,6396,7637,8088,1.2,واگرایی منفی RSI | خروج مستمر پول حقیقی | رشد عمودی (98٪ در ۶۰ روز، 31٪ بالای MA50) | 105٪ بالای MA200 | واگرایی منفی | حد ضرر دور (8.1٪) | شناوری کم (9٪) | آخرین معامله 20261006 (متوقف یا کم‌معامله)
قپیرا,فرآورده‌های‌غدایی‌وقندپیرانشهر,قند و شکر,67.7,زیر نظر,100,65,38.7,60,23550,20261007,-2.6,18.8,68,7.1,1,20.9,79.6,60.1,8,1,false,52.8,3.25,above,-10.4,0.64,18820,26290,-1.11,23.07,1.27,-2.75,5.13,2920,8.07,9.8,-17.7,22785,22020,26290,27820,1.79,سهم صفی: 8 روز از ۲۰ روز در صف (ریسک نقدشوندگی و اجرای حد ضرر) | 80٪ بالای MA200 | نقدشوندگی کمتر از ۱۰ میلیارد تومان | صف فروش در ۵ روز اخیر
فطلوع,طلوع فولاد پارس,فلزات اساسی,67.6,زیر نظر,100,70,74.5,20,7520,20261007,13.9,41.1,147.4,86.5,20.4,54.9,,88.9,16,0,true,74.6,2.51,above,0,0.93,6320,,9.87,18.95,2.88,-3.72,18.04,34,221.18,,,7332,7143,8085,8462,1.5,اشباع خرید | فاصله زیاد از MA20 | سهم صفی: 16 روز از ۲۰ روز در صف (ریسک نقدشوندگی و اجرای حد ضرر) | رشد عمودی (147٪ در ۶۰ روز، 55٪ بالای MA50) | P/E بالا (221) | 304٪ بالای کف ۵۲ هفته
کبافق,معادن‌ بافق‌,استخراج کانه های فلزی,67.5,زیر نظر,100,85,78,4,48790,20261007,7.8,17.2,81.2,20.4,9.3,27.7,82.1,70.9,9,0,true,44.9,3.07,above,-0.3,0.96,41060,,1.8,0.78,1.85,7.82,7.67,1583,30.82,13.76,124,47291,45792,53288,56286,1.5,واگرایی منفی RSI | سهم صفی: 9 روز از ۲۰ روز در صف (ریسک نقدشوندگی و اجرای حد ضرر) | P/E بالا (31) | 82٪ بالای MA200 | واگرایی منفی | نقدشوندگی کمتر از ۱۰ میلیارد تومان
فغدیر,آهن و فولاد غدیر ایرانیان,فلزات اساسی,67.5,زیر نظر,100,70,90,24,9470,20261005,15.6,77.7,172.6,111.7,29.8,75.2,128.9,98,20,0,true,77.6,2.15,above,0,0.98,5056,,44.06,155.04,4.79,32.25,11.47,974,9.72,8.05,20.8,9267,9063,10080,10487,1.5,واگرایی منفی RSI | اشباع خرید | فاصله زیاد از MA20 | سهم صفی: 20 روز از ۲۰ روز در صف (ریسک نقدشوندگی و اجرای حد ضرر) | رشد عمودی (173٪ در ۶۰ روز، 75٪ بالای MA50) | 129٪ بالای MA200 | واگرایی منفی | آخرین معامله 20261005 (متوقف یا کم‌معامله)
کخاک,صنایع‌خاک‌چینی‌ایران‌,سایر محصولات کانی غیرفلزی,67.5,زیر نظر,100,70,90,4,80810,20261007,15.9,48.2,130.1,69.3,26.1,52.7,161.2,92,11,0,true,72.2,2.57,above,0,0.14,58890,,12.72,63.31,9.85,14.02,16.81,4037,20.02,12.75,57,78731,76652,87047,91205,1.5,اشباع خرید | فاصله زیاد از MA20 | سهم صفی: 11 روز از ۲۰ روز در صف (ریسک نقدشوندگی و اجرای حد ضرر) | رشد عمودی (130٪ در ۶۰ روز، 53٪ بالای MA50) | توزیع: ورود حقیقی با سرانه خرید ضعیف (0.86 در ۲۰ روز) | 161٪ بالای MA200
وبهمن,سرمایه‌گذاری‌بهمن‌,سرمایه گذاریها,67.4,زیر نظر,83,45,54,80,2201,20261007,-0.4,-4.2,35.6,-25.2,0,6.2,20.1,54.4,2,0,false,18.9,3.17,above,-9.3,1.16,2166,2260,42.44,146.25,0.72,-32.06,27.06,710,3.1,7.13,-56.5,2166,2131,2260,2428,0.84,توزیع: ورود حقیقی با سرانه خرید ضعیف (0.78 در ۲۰ روز) | سرانه خرید ضعیف (0.72)
بیوتیک,آنتی بیوتیک سازی ایران,مواد و محصولات دارویی,67.4,زیر نظر,95,65,89.5,14,33670,20261007,7.8,-10.5,124.9,64.1,1.6,13.7,93.9,60.2,4,0,false,36.3,3.36,above,-12.9,0.72,32800,35970,5.83,27.86,3.85,4.06,26.34,1448,23.25,8.86,162.4,32800,32234,35970,38640,1.6,رشد عمودی (125٪ در ۶۰ روز، 14٪ بالای MA50) | توزیع: ورود حقیقی با سرانه خرید ضعیف (0.79 در ۲۰ روز) | 94٪ بالای MA200
حخزر,کشتیرانی دریای خزر,حمل و نقل آبی,67.4,زیر نظر,100,70,84.5,9,13340,20261007,10.2,52.1,184.3,123.5,20,56.8,216.6,89.8,8,0,true,87.6,2.76,above,-4.1,1.4,6430,,33.73,88.59,1.96,-33.05,31.09,944,14.13,10.36,36.4,12971,12603,14446,15183,1.5,واگرایی منفی RSI | اشباع خرید | فاصله زیاد از MA20 | سهم صفی: 8 روز از ۲۰ روز در صف (ریسک نقدشوندگی و اجرای حد ضرر) | رشد عمودی (184٪ در ۶۰ روز، 57٪ بالای MA50) | توزیع: ورود حقیقی با سرانه خرید ضعیف (0.89 در ۲۰ روز) | 217٪ بالای MA200 | واگرایی منفی
داوه,داروسازی آوه سینا,مواد و محصولات دارویی,67.4,زیر نظر,100,70,89.5,4,17430,20261007,15.7,35.1,243.7,182.9,22.4,57.9,209.3,89.5,14,0,true,73.9,2.47,above,0,0.21,13840,,28.24,54.02,7.37,31.89,32.22,760,22.93,8.86,158.9,17000,16571,18719,19579,1.5,اشباع خرید | فاصله زیاد از MA20 | سهم صفی: 14 روز از ۲۰ روز در صف (ریسک نقدشوندگی و اجرای حد ضرر) | رشد عمودی (244٪ در ۶۰ روز، 58٪ بالای MA50) | 209٪ بالای MA200
فلامی,لامیران‌,ساخت محصولات فلزی,67.4,زیر نظر,100,70,89.5,4,13170,20261007,12.7,40.4,106.8,45.9,20.4,39.7,87.3,88,8,0,true,45.3,2.83,above,0,0.91,10840,,3.39,13.42,2.84,3.51,3.93,586,22.47,7.54,198.1,12797,12424,14288,15034,1.5,اشباع خرید | فاصله زیاد از MA20 | سهم صفی: 8 روز از ۲۰ روز در صف (ریسک نقدشوندگی و اجرای حد ضرر) | رشد عمودی (107٪ در ۶۰ روز، 40٪ بالای MA50) | 87٪ بالای MA200 | نقدشوندگی کمتر از ۱۰ میلیارد تومان
غویتا,ویتانا,محصولات غذایی و آشامیدنی به جز قند و شکر,67.3,زیر نظر,100,85,21,60,7590,20261007,15.2,23.8,81.1,20.3,16.3,31.6,113.4,79,11,0,true,38.8,2.69,above,0,0.89,6870,,-14.91,-86.5,2.83,-5.55,28.77,1338,5.67,7.05,-19.5,7386,7181,8203,8612,1.5,اشباع خرید | فاصله زیاد از MA20 | خروج مستمر پول حقیقی | سهم صفی: 11 روز از ۲۰ روز در صف (ریسک نقدشوندگی و اجرای حد ضرر) | رشد عمودی (81٪ در ۶۰ روز، 32٪ بالای MA50) | 113٪ بالای MA200
کلر,کلر پارس,محصولات شیمیایی,67.3,زیر نظر,100,65,73,24,14000,20261007,9.7,18.9,45.5,-15.4,15.8,29.6,81.7,76.6,6,0,true,31.7,2.9,above,-0.2,1.26,12800,,5.07,-39.81,10.9,29.23,25.51,1504,9.31,8.01,16.2,13594,12985,15218,16030,1.2,واگرایی منفی RSI | فاصله زیاد از MA20 | خروج مستمر پول حقیقی | سهم صفی: 6 روز از ۲۰ روز در صف (ریسک نقدشوندگی و اجرای حد ضرر) | 82٪ بالای MA200 | واگرایی منفی | حد ضرر دور (7.2٪)
پتایر,ایران‌ تایر,لاستیک و پلاستیک,67.2,زیر نظر,100,75,41.8,47,2937,20261007,3.4,0.5,72.5,11.7,5,14.7,56.9,63,2,0,false,27.4,3.57,above,-2.6,0.9,2864,3015,6.5,-0.84,1.35,-3.32,23.31,392,7.49,8.21,-8.7,2864,2812,3015,3225,0.62,57٪ بالای MA200
پارس,پتروشیمی پارس,محصولات شیمیایی,67.1,زیر نظر,100,70,32.4,60,3570,20261007,8.5,42.2,78,17.2,20.3,42.1,66.1,85.2,10,0,true,53.6,2.59,above,0,1.58,2929,,-380.79,-43.63,1.53,-316.98,134.24,492,7.26,9.63,-24.7,3477,3385,3848,4033,1.5,اشباع خرید | فاصله زیاد از MA20 | سهم صفی: 10 روز از ۲۰ روز در صف (ریسک نقدشوندگی و اجرای حد ضرر) | رشد عمودی (78٪ در ۶۰ روز، 42٪ بالای MA50) | 66٪ بالای MA200 | شناوری کم (6٪)
دالبر,البرزدارو,مواد و محصولات دارویی,67,زیر نظر,100,75,38,50,16540,20261007,1.1,6.5,111.8,50.9,4.1,14.1,129.7,61.1,7,0,false,45.1,3.14,above,-2.6,1.12,15913,16920,-106.93,102.39,3.29,-218.47,115.21,1779,9.3,12.91,-28,16020,15653,16920,17960,0.43,سهم صفی: 7 روز از ۲۰ روز در صف (ریسک نقدشوندگی و اجرای حد ضرر) | رشد عمودی (112٪ در ۶۰ روز، 14٪ بالای MA50) | توزیع: ورود حقیقی با سرانه خرید ضعیف (0.65 در ۲۰ روز) | 130٪ بالای MA200
عالیس,بهار رز عالیس چناران,محصولات غذایی و آشامیدنی به جز قند و شکر,66.9,زیر نظر,95,45,57.7,60,6150,20261007,-1.1,-4.4,31.4,-29.5,1.3,6.8,54.6,58.1,0,0,false,21.1,3.55,above,-7.5,0.99,5877,6220,53.28,256.53,0.95,-17.44,44.57,1000,6.15,7.05,-12.8,5931,5767,6220,6650,0.18,توزیع: ورود حقیقی با سرانه خرید ضعیف (0.78 در ۲۰ روز) | 55٪ بالای MA200
غچین,کشت‌ و صنعت‌ چین‌ چین,محصولات غذایی و آشامیدنی به جز قند و شکر,66.9,زیر نظر,100,73,52.2,37,5600,20261007,9.6,11.8,59.5,-1.3,13.2,26.2,77.1,76.8,4,0,true,38.8,2.99,above,-1.2,1.09,5240,,1.09,-5.4,1.15,5.11,8.12,682,8.21,8.53,-3.7,5433,5181,6102,6437,1.2,77٪ بالای MA200 | حد ضرر دور (7.5٪) | نقدشوندگی کمتر از ۱۰ میلیارد تومان
وفتخار,سرمایه گذاری افتخار سهام,سرمایه گذاریها,66.8,زیر نظر,100,63,46.7,50,2178,20261007,3.4,31.1,50.9,-9.9,8.9,27.1,43,73.9,6,0,true,54.4,3.4,above,-4.5,0.75,2078,,0.4,1.25,1.01,-1.14,5.25,531,4.1,,,2104,2041,2400,2548,1.62,سهم صفی: 6 روز از ۲۰ روز در صف (ریسک نقدشوندگی و اجرای حد ضرر) | توزیع: ورود حقیقی با سرانه خرید ضعیف (0.86 در ۲۰ روز) | نقدشوندگی کمتر از ۱۰ میلیارد تومان
سیتا,سرمایه گذاری سیمان تامین,سیمان، آهک و گچ,66.8,زیر نظر,100,80,36,47,32510,20261007,1.9,15.4,30,-30.9,6.1,13.8,65.8,64.4,5,0,true,26.8,3.21,above,-0.4,0.96,29872,,-18.1,-22.48,2.19,2.75,39.69,4273,7.61,7.14,6.6,31466,29900,35642,37731,1.2,66٪ بالای MA200 | حد ضرر دور (8.0٪) | شناوری کم (10٪)
ومعادن,توسعه‌معادن‌وفلزات‌,استخراج کانه های فلزی,66.6,زیر نظر,100,60,48.5,50,3800,20261007,3.3,14.7,93.5,32.7,7.9,27.6,80.8,72.2,7,0,false,38.7,3.4,above,0,0.81,3760,,-4.51,357.03,1.72,-499.78,352.27,318,11.95,13.76,-13.2,3760,3695,4187,4446,3.7,سهم صفی: 7 روز از ۲۰ روز در صف (ریسک نقدشوندگی و اجرای حد ضرر) | توزیع: ورود حقیقی با سرانه خرید ضعیف (0.47 در ۲۰ روز) | 81٪ بالای MA200
ختوقا,قطعات‌ اتومبیل‌ ایران‌,خودرو و ساخت قطعات,66.6,زیر نظر,100,80,62.5,20,6020,20261007,8.5,5.2,37.5,-23.3,9.4,16,45.5,69.8,1,0,true,36.8,3.64,above,-0.7,1.05,5820,,0.84,-9.2,1.87,19.72,12.78,127,47.4,,,5820,5710,6678,7116,2.12,واگرایی منفی RSI | P/E بالا (47) | واگرایی منفی
فاما,صنعتی‌ آما,ساخت محصولات فلزی,66.5,زیر نظر,100,85,31.2,47,7360,20261007,5.7,18.7,91.9,31,8.1,24.6,110.1,73,8,0,true,47.6,3.35,above,-1.9,1.09,6160,,-2.91,13.43,0.93,-5.88,12.64,922,7.98,7.54,5.9,7113,6867,8100,8594,1.5,سهم صفی: 8 روز از ۲۰ روز در صف (ریسک نقدشوندگی و اجرای حد ضرر) | 110٪ بالای MA200
وهامون,سرمایه گذاری هامون صبا,سرمایه گذاریها,66.5,زیر نظر,88,55,36.5,80,1703,20261007,-0.2,4,26.3,-34.5,2,8.9,31.4,59.4,0,0,false,19.3,2.66,above,-3.2,0.91,1669,1726,-1.55,-3.68,2.13,5.66,4.79,427,3.99,8.73,-54.3,1669,1646,1726,1760,0.41,نقدشوندگی کمتر از ۱۰ میلیارد تومان
غبهار,کشت وصنعت بهاران گلبهار خراسان,محصولات غذایی و آشامیدنی به جز قند و شکر,66.4,زیر نظر,100,85,35.5,42,5720,20261007,15.1,21.1,147.5,86.6,13.3,31.9,90.6,77.5,10,0,true,44.4,2.89,above,0,0.58,5505,,-6.34,-8.18,5.98,9.99,7.82,798,7.17,,,5555,5422,6216,6547,1.67,واگرایی منفی RSI | خروج مستمر پول حقیقی | سهم صفی: 10 روز از ۲۰ روز در صف (ریسک نقدشوندگی و اجرای حد ضرر) | رشد عمودی (147٪ در ۶۰ روز، 32٪ بالای MA50) | 91٪ بالای MA200 | واگرایی منفی | نقدشوندگی کمتر از ۱۰ میلیارد تومان
فنفت,صنایع تجهیزات نفت,فلزات اساسی,66.3,زیر نظر,100,100,41.3,24,5530,20261007,13.3,11.9,65.5,4.7,10.4,15.2,52.7,69.6,2,0,true,25,2.99,above,-1.1,1.26,5460,,-0.66,-3.4,1.39,10.04,7.29,529,10.45,8.05,29.9,5460,5377,6027,6358,3.25,53٪ بالای MA200 | نقدشوندگی کمتر از ۱۰ میلیارد تومان
تاصیکو,سرمایه گذاری صدرتامین,استخراج کانه های فلزی,66.3,زیر نظر,100,70,85,4,41260,20261007,15.5,77.2,201.8,140.9,29.3,69.6,207.8,97,15,0,true,80.6,2.54,above,0,1.83,29400,,2635.36,3751.58,1.87,-465.15,440.69,560,73.68,13.76,435.5,40214,39168,44398,46490,1.5,اشباع خرید | فاصله زیاد از MA20 | سهم صفی: 15 روز از ۲۰ روز در صف (ریسک نقدشوندگی و اجرای حد ضرر) | رشد عمودی (202٪ در ۶۰ روز، 70٪ بالای MA50) | P/E بالا (74) | توزیع: ورود حقیقی با سرانه خرید ضعیف (0.73 در ۲۰ روز) | 208٪ بالای MA200
شگستر,گسترش سوخت سبززاگرس(سهامی عام),محصولات شیمیایی,66.3,زیر نظر,100,70,85,4,2578,20261007,12.6,40.9,171.1,110.3,22.5,60.3,129.2,91.6,11,0,true,70.7,2.59,above,0,1.7,1998,,202.27,318.36,6.25,-8.33,92.69,36,71.61,9.63,643.6,2511,2445,2778,2911,1.5,اشباع خرید | فاصله زیاد از MA20 | سهم صفی: 11 روز از ۲۰ روز در صف (ریسک نقدشوندگی و اجرای حد ضرر) | رشد عمودی (171٪ در ۶۰ روز، 60٪ بالای MA50) | P/E بالا (72) | 129٪ بالای MA200
چخزر,صنایع چوب خزر کاسپین,محصولات چوبی,66.3,زیر نظر,100,70,80,9,250000,20261007,15.7,33,115.3,54.5,23.2,32.6,169.1,85.2,10,0,true,42.4,2.68,above,0,0.42,203400,,8.93,1.89,84.44,17.25,7.17,20671,12.09,9.03,33.9,243298,236595,270107,283512,1.5,اشباع خرید | فاصله زیاد از MA20 | سهم صفی: 10 روز از ۲۰ روز در صف (ریسک نقدشوندگی و اجرای حد ضرر) | رشد عمودی (115٪ در ۶۰ روز، 33٪ بالای MA50) | 169٪ بالای MA200 | نقدشوندگی کمتر از ۱۰ میلیارد تومان
لابسا,آبسال‌,ماشین آلات و تجهیزات,66.3,زیر نظر,100,70,80,9,6730,20261007,14.8,26.5,79,18.2,18.9,27.9,66.9,81.8,5,0,true,29.4,2.87,above,0,0.64,5705,,1.52,1.56,7.23,7.4,3.05,484,13.9,5.15,170,6537,6344,7309,7694,1.5,اشباع خرید | فاصله زیاد از MA20 | 67٪ بالای MA200 | نقدشوندگی کمتر از ۱۰ میلیارد تومان
خموتور,موتورسازان‌تراکتورسازی‌ایران‌,خودرو و ساخت قطعات,66.2,زیر نظر,100,78,40.4,42,2579,20261007,3.6,12.4,59.5,-1.3,8.4,14.2,36.5,65.6,2,0,true,46.6,3.66,above,-3.5,1.67,2440,2681,-0.37,47.55,0.87,-17.72,16.2,385,6.7,,,2485,2393,2681,2869,0.55,حد ضرر دور (7.2٪)
ثجنوب,سرمایه گذاری مسکن جنوب,انبوه سازی، املاک و مستغلات,66.1,زیر نظر,80,45,52.5,80,18880,20261007,-3.9,7.5,0.6,-60.2,0.3,6.9,52.6,54.5,1,0,false,19.5,3.61,above,-5.3,0.62,18243,19890,3.61,68.7,0.65,-22.46,24.1,6363,2.97,23.59,-87.4,18243,17902,19890,21253,1.03,توزیع: ورود حقیقی با سرانه خرید ضعیف (0.82 در ۲۰ روز) | 53٪ بالای MA200 | سرانه خرید ضعیف (0.65)
سکرما,سیمان‌ کرمان‌,سیمان، آهک و گچ,66.1,زیر نظر,100,45,51.5,57,73780,20261007,-3.2,1.3,21.1,-39.7,1.9,7.7,34.4,57.8,0,0,false,22.6,3.37,above,-15,1.65,72500,76360,3.25,24.62,0.76,-11.85,9.62,11282,6.54,7.14,-8.4,72500,71255,76360,78420,1.02,واگرایی منفی RSI | سرانه خرید ضعیف (0.76) | واگرایی منفی | نقدشوندگی کمتر از ۱۰ میلیارد تومان
کطبس,ذغال‌سنگ‌ نگین‌ ط‌بس‌,استخراج زغال سنگ,66.1,زیر نظر,100,70,79.5,9,24420,20261007,15.9,42.1,125.9,65.1,22,46.5,146.3,89.3,11,0,true,61.6,2.73,above,0,0.98,19900,,14.82,4.11,7.88,3.22,8.06,1904,12.83,9.67,32.6,23752,23084,26424,27759,1.5,واگرایی منفی RSI | اشباع خرید | فاصله زیاد از MA20 | سهم صفی: 11 روز از ۲۰ روز در صف (ریسک نقدشوندگی و اجرای حد ضرر) | رشد عمودی (126٪ در ۶۰ روز، 46٪ بالای MA50) | 146٪ بالای MA200 | واگرایی منفی | نقدشوندگی کمتر از ۱۰ میلیارد تومان
غشاذر,پگاه‌آذربایجان‌غربی‌,محصولات غذایی و آشامیدنی به جز قند و شکر,66.1,زیر نظر,100,73,49,37,22820,20261007,7.4,16.4,59.8,-1,13.6,22.4,90,75.8,5,0,true,27.5,3.26,above,0,0.95,20600,,-4.05,46.92,2.25,-3.37,12.89,2810,8.12,8.53,-4.8,22076,20959,25053,26541,1.2,واگرایی منفی RSI | 90٪ بالای MA200 | واگرایی منفی | حد ضرر دور (8.2٪)
چکاپا,گروه صنایع کاغذ پارس,محصولات کاغذی,66,زیر نظر,100,70,78,10,2824,20261007,15.8,58.5,125.6,64.7,24.1,53.6,108.2,91.1,11,0,true,71.7,2.5,above,0,0.3,1699,,12.94,24.83,7.99,46.89,31.13,,,16.48,,2753,2683,3036,3178,1.5,اشباع خرید | فاصله زیاد از MA20 | بدون EPS مثبت | سهم صفی: 11 روز از ۲۰ روز در صف (ریسک نقدشوندگی و اجرای حد ضرر) | رشد عمودی (126٪ در ۶۰ روز، 54٪ بالای MA50) | 108٪ بالای MA200
فن آوا,گروه فن آوا,رایانه و فعالیت‌های وابسته به آن,66,زیر نظر,100,65,42,50,4040,20261007,-6.3,19.2,194.8,134,3.7,37.4,127.4,68.3,10,3,false,72.5,2.97,above,-7.8,0.7,3970,4380,-14.74,29.83,0.67,0.06,21.01,1675,2.41,,,3970,3910,4380,4620,2.62,واگرایی منفی RSI | سهم صفی: 10 روز از ۲۰ روز در صف (ریسک نقدشوندگی و اجرای حد ضرر) | رشد عمودی (195٪ در ۶۰ روز، 37٪ بالای MA50) | 127٪ بالای MA200 | سرانه خرید ضعیف (0.67) | واگرایی منفی | صف فروش در ۵ روز اخیر
ثتران,سرمایه گذاری مسکن تهران,انبوه سازی، املاک و مستغلات,66,زیر نظر,100,70,78,10,9930,20261007,15.3,20.2,76.4,15.5,17.9,29.4,78.5,80.6,4,0,true,49.4,2.93,above,0,0.85,8720,,3.46,4.95,14.45,15.2,7.75,,,23.59,,9639,9347,10804,11387,1.5,واگرایی منفی RSI | اشباع خرید | فاصله زیاد از MA20 | بدون EPS مثبت | 78٪ بالای MA200 | واگرایی منفی | نقدشوندگی کمتر از ۱۰ میلیارد تومان
حتاید,تایدواترخاورمیانه,حمل ونقل، انبارداری و ارتباطات,66,زیر نظر,85,30,55.9,82,8130,20261007,-4.8,0.4,-4.4,-65.2,-3.7,2.9,29.7,48,3,0,false,20.8,3.36,above,-11,1.11,8030,8215,42.66,66.58,0.92,-7.7,35.28,1376,5.91,19.33,-69.4,8030,7893,8215,8800,0.36,توزیع: ورود حقیقی با سرانه خرید ضعیف (0.81 در ۲۰ روز)
بکابل,سیم و کابل ابهر,ماشین آلات و دستگاه‌های برقی,65.9,زیر نظر,83,55,73,47,5930,20261007,1.7,6.8,23.3,-37.5,2,6.9,30.2,56.7,2,0,false,17,3.4,above,-8.3,0.84,5855,6240,2.41,17.69,2.4,-11.46,13.3,1041,5.7,5.95,-4.3,5855,5754,6240,6470,1.76,توزیع: ورود حقیقی با سرانه خرید ضعیف (0.78 در ۲۰ روز)
ولصنم,لیزینگ‌صنعت‌ومعدن‌,سایر واسطه گریهای مالی,65.9,زیر نظر,100,55,62.5,37,3310,20261007,2.5,5.9,36,-24.8,2.8,14.4,22.8,61.9,1,0,false,29.5,3.3,above,-5.2,0.69,3273,3490,3.6,-43.97,4.5,4.94,6.56,305,10.85,9.94,9.2,3273,3218,3490,3709,1.97,خروج مستمر پول حقیقی | نقدشوندگی کمتر از ۱۰ میلیارد تومان
آواپارس,بیمه اتکایی آوای پارس,بیمه وصندوق بازنشستگی به جزتامین اجتماعی,65.9,زیر نظر,100,70,97.5,50,5140,20261003,14.2,45.2,111.5,50.7,22.8,52,153.9,98.8,20,0,true,88.9,2.26,above,-0.4,1.47,2583,,0.48,1.84,4.9,2.92,0.74,1471,3.49,,,5024,4908,5489,5721,1.5,نقدشوندگی پایین | اشباع خرید | فاصله زیاد از MA20 | سهم صفی: 20 روز از ۲۰ روز در صف (ریسک نقدشوندگی و اجرای حد ضرر) | رشد عمودی (112٪ در ۶۰ روز، 52٪ بالای MA50) | 154٪ بالای MA200 | نقدشوندگی کمتر از ۱۰ میلیارد تومان | آخرین معامله 20261003 (متوقف یا کم‌معامله)
کساوه,صنایع‌ کاشی‌ و سرامیک‌ سینا,کاشی و سرامیک,65.5,زیر نظر,100,85,37.2,37,36800,20261007,13.4,37.8,81.1,20.2,17.1,33,120.3,79.1,11,0,true,44.3,3.02,above,-0.1,0.96,32800,,-26.13,1.27,1.57,-22.57,23.18,4425,8.32,7.65,8.7,35687,34575,40138,42363,1.5,اشباع خرید | فاصله زیاد از MA20 | سهم صفی: 11 روز از ۲۰ روز در صف (ریسک نقدشوندگی و اجرای حد ضرر) | رشد عمودی (81٪ در ۶۰ روز، 33٪ بالای MA50) | 120٪ بالای MA200
فزرین,زرین معدن آسیا,فلزات اساسی,65.5,زیر نظر,85,75,53,47,9720,20261007,-0.3,1.5,96.2,35.4,-1.6,19.1,123.3,59.1,11,1,false,50.9,3.13,above,-12.3,1.87,9190,10040,16.67,54.02,0.65,-64.04,35.66,1184,8.21,8.05,2,9416,9038,10040,11080,0.47,سهم صفی: 11 روز از ۲۰ روز در صف (ریسک نقدشوندگی و اجرای حد ضرر) | توزیع: ورود حقیقی با سرانه خرید ضعیف (0.63 در ۲۰ روز) | 123٪ بالای MA200 | سرانه خرید ضعیف (0.65) | حد ضرر دور (7.0٪) | صف فروش در ۵ روز اخیر
ومشان,سرمایه گذاری مشانیر,سرمایه گذاریها,65.5,زیر نظر,100,70,65.8,20,41630,20261007,14.9,64.7,75.4,14.6,29.7,51.1,135.8,92.8,14,0,true,55.9,2.63,above,0,0.75,26683,,1.56,25.11,1.25,-4.78,5.88,143,291.12,,,40534,39437,44919,47112,1.5,اشباع خرید | فاصله زیاد از MA20 | سهم صفی: 14 روز از ۲۰ روز در صف (ریسک نقدشوندگی و اجرای حد ضرر) | رشد عمودی (75٪ در ۶۰ روز، 51٪ بالای MA50) | P/E بالا (291) | 136٪ بالای MA200 | نقدشوندگی کمتر از ۱۰ میلیارد تومان
شپارس,بین‌ المللی‌ محصولات‌  پارس‌,محصولات شیمیایی,65.4,زیر نظر,100,85,23.5,50,3188,20261007,18.5,23.1,152.8,92,16.4,40.8,138.9,79.8,10,0,true,53.2,2.98,above,0,1.13,2948,,-30.15,-52.01,7.54,-11.37,18.18,370,8.62,9.63,-10.5,3093,2951,3473,3662,1.2,اشباع خرید | فاصله زیاد از MA20 | خروج مستمر پول حقیقی | سهم صفی: 10 روز از ۲۰ روز در صف (ریسک نقدشوندگی و اجرای حد ضرر) | رشد عمودی (153٪ در ۶۰ روز، 41٪ بالای MA50) | 139٪ بالای MA200 | حد ضرر دور (7.4٪)
نخریس,نخریسی و نساجی خسروی خراسان,منسوجات,65.4,زیر نظر,100,60,63.5,30,27690,20261007,5.8,39.1,140,79.2,16.4,38.8,105.5,82.2,4,0,true,57.9,2.85,above,-0.1,0.99,23570,,-2.63,43.36,3,27.81,11.28,2027,13.66,14.29,-4.4,26902,26114,30054,31631,1.5,واگرایی منفی RSI | اشباع خرید | فاصله زیاد از MA20 | رشد عمودی (140٪ در ۶۰ روز، 39٪ بالای MA50) | 105٪ بالای MA200 | واگرایی منفی
دابور,داروسازی‌ ابوریحان‌,مواد و محصولات دارویی,65.4,زیر نظر,100,65,39.5,50,72640,20261007,-2.8,23.4,81.6,20.7,7.5,23.8,104.9,67.5,3,1,false,49.6,3.37,above,-2.9,0.97,67740,74820,-19.88,90.06,1.28,-9.64,39.72,6272,11.58,12.91,-10.3,70192,66521,74820,79715,0.36,توزیع: ورود حقیقی با سرانه خرید ضعیف (0.90 در ۲۰ روز) | 105٪ بالای MA200 | حد ضرر دور (8.4٪) | صف فروش در ۵ روز اخیر
کاسپین,داروسازی کاسپین تامین,مواد و محصولات دارویی,65.4,زیر نظر,100,78,55,24,40410,20261007,0.8,11.3,52.7,-8.2,8.3,17.4,113.2,67.1,4,0,true,33.7,3.21,above,0,1.12,38060,,20.67,7.69,1.28,-38.84,35.84,3831,10.55,8.86,19.1,39111,37410,44308,46906,1.3,واگرایی منفی RSI | توزیع: ورود حقیقی با سرانه خرید ضعیف (0.60 در ۲۰ روز) | 113٪ بالای MA200 | واگرایی منفی | حد ضرر دور (7.4٪)
فنوال,نورد آلومینیوم‌,فلزات اساسی,65.4,زیر نظر,100,73,33,50,15880,20261007,15.7,19.2,56.7,-4.1,18.5,24.5,103.9,78,9,0,true,39.3,2.82,above,0,1.63,14170,,-15.64,-35.27,5.39,-6.78,10.68,1597,9.94,13.48,-26.2,15432,14983,17225,18122,1.5,واگرایی منفی RSI | فاصله زیاد از MA20 | خروج مستمر پول حقیقی | سهم صفی: 9 روز از ۲۰ روز در صف (ریسک نقدشوندگی و اجرای حد ضرر) | 104٪ بالای MA200 | واگرایی منفی
تبرک,گروه کارخانجات صنعتی تبرک,محصولات غذایی و آشامیدنی به جز قند و شکر,65.2,زیر نظر,100,80,61,16,23140,20261007,8.3,6.1,34.4,-26.4,8.2,19.9,58.7,67.5,5,0,true,26.3,3.26,above,-0.9,1.1,19612,,0.22,14.73,1.08,-1.01,4.95,2192,10.56,7.05,49.7,22386,21633,25401,26909,1.5,59٪ بالای MA200 | نقدشوندگی کمتر از ۱۰ میلیارد تومان
سمایه,بانک سرمایه,بانکها و موسسات اعتباری,65.1,زیر نظر,100,65,78.5,10,6100,20261007,11.5,18,16.6,-44.2,13.5,24.5,41,78.7,4,0,true,35.6,3.08,above,-1.8,0.46,5600,,3.21,3.4,6.7,6.32,3.83,,,,,5912,5630,6664,7039,1.2,واگرایی منفی RSI | اشباع خرید | بدون EPS مثبت | واگرایی منفی | حد ضرر دور (7.7٪) | نقدشوندگی کمتر از ۱۰ میلیارد تومان
فروی,ذوب روی اصفهان,فلزات اساسی,65.1,زیر نظر,100,85,63.5,9,3162,20261007,12.3,19.7,62.3,1.4,9.7,25.5,72.4,74,9,0,true,43.9,2.98,above,0,0.96,2642,,-0.64,27.82,2,26.6,13.25,186,17,8.05,111.2,3068,2973,3445,3633,1.5,سهم صفی: 9 روز از ۲۰ روز در صف (ریسک نقدشوندگی و اجرای حد ضرر) | 72٪ بالای MA200
کترام,تولیدی‌ کاشی‌ تکسرام‌,کاشی و سرامیک,65.1,زیر نظر,95,80,78.5,4,3850,20261007,9.1,1.6,48.9,-11.9,8.6,15.2,57.9,69.9,3,0,true,25.6,3.44,above,-1,0.87,3650,3890,3.07,4.24,3.82,12.85,5.02,18,213.89,7.65,2695.9,3717,3584,3890,4155,0.15,واگرایی منفی RSI | P/E بالا (214) | 58٪ بالای MA200 | واگرایی منفی | نقدشوندگی کمتر از ۱۰ میلیارد تومان
سیستم,همکاران سیستم,رایانه و فعالیت‌های وابسته به آن,65.1,زیر نظر,100,65,58.4,30,63290,20261007,10.2,7.7,41.5,-19.4,11.1,17.4,68.9,73.1,0,0,true,29.7,3.14,above,-0.3,1.04,61750,,0,-4.72,1.44,1.27,7.74,3654,17.32,18.19,-4.8,61750,60758,69245,73215,2.35,69٪ بالای MA200 | نقدشوندگی کمتر از ۱۰ میلیارد تومان
وثوق,سرمایه گذاری وثوق امین,سرمایه گذاریها,65.1,زیر نظر,100,85,52.3,20,47800,20261007,4.6,14.8,97.9,37.1,12.2,19,103.5,74.5,0,0,true,37.2,2.7,above,-0.8,1.03,42950,,-3.88,2.54,1.57,6.67,5.38,81,590.12,,,46508,45215,51677,54261,1.5,P/E بالا (590) | 103٪ بالای MA200 | نقدشوندگی کمتر از ۱۰ میلیارد تومان
قهکمت,قندهکمتان‌,قند و شکر,65.1,زیر نظر,95,100,42.3,24,11660,20261007,8.8,5.2,63.4,2.5,7.7,15,77.1,66.3,4,0,true,28.6,3.54,above,-4.7,1.94,10153,,3.26,-7.62,0.97,-4.38,3.72,1018,11.45,9.8,16.9,11247,10835,12898,13723,1.5,واگرایی منفی RSI | خروج مستمر پول حقیقی | 77٪ بالای MA200 | واگرایی منفی | حد ضرر دور (7.1٪) | نقدشوندگی کمتر از ۱۰ میلیارد تومان
غسالم,سالمین‌,محصولات غذایی و آشامیدنی به جز قند و شکر,65,زیر نظر,83,80,36.5,60,9400,20261007,4.3,7.6,23,-37.8,5.5,10.3,54.9,61.8,4,0,true,15.7,3.11,above,-5.1,0.73,9270,9900,-2.16,-11.4,2.11,4.57,10.91,1348,6.97,8.53,-18.2,9270,9124,9900,10485,1.81,خروج مستمر پول حقیقی | 55٪ بالای MA200
فوکا,فولاد کاویان,فلزات اساسی,65,زیر نظر,100,70,60,24,8040,20261007,14.9,27.2,157.6,96.8,16.1,46.7,,83.9,14,0,true,63.6,2.75,above,-0.6,1.36,7300,,1.68,-23.49,6.82,-39.59,12.21,817,9.84,8.05,22.2,7819,7598,8702,9144,1.5,اشباع خرید | فاصله زیاد از MA20 | خروج مستمر پول حقیقی | سهم صفی: 14 روز از ۲۰ روز در صف (ریسک نقدشوندگی و اجرای حد ضرر) | رشد عمودی (158٪ در ۶۰ روز، 47٪ بالای MA50) | 292٪ بالای کف ۵۲ هفته
بنیرو,نیروترانس‌,ماشین آلات و دستگاه‌های برقی,64.9,زیر نظر,88,80,22,68,4090,20261007,3,11.1,15.8,-45,6.4,10.6,52.6,62.9,2,0,true,10,3.02,above,0,0.64,3975,,-10.67,-12.64,3.65,-6.49,11.13,830,4.93,6.15,-19.9,3975,3913,4461,4709,2.1,خروج مستمر پول حقیقی | بدون روند (ADX پایین) | 53٪ بالای MA200
وتوصا,گروه س توسعه صنعتی ایران,سرمایه گذاریها,64.9,زیر نظر,95,75,5.5,80,3180,20261007,1.3,5.6,68.3,7.5,1.2,10.1,61.8,59.2,0,0,false,37.9,3.51,above,-6.7,0.93,3124,3410,-0.71,-17.2,0.92,-3.04,7.58,642,4.95,7.13,-30.5,3124,3068,3410,3633,2.06,واگرایی منفی RSI | خروج مستمر پول حقیقی | 62٪ بالای MA200 | واگرایی منفی | نقدشوندگی کمتر از ۱۰ میلیارد تومان
دفارا,داروسازی‌ فارابی‌,مواد و محصولات دارویی,64.9,زیر نظر,100,45,53.5,50,19120,20261007,-6.4,9.8,49.7,-11.1,3.9,14.9,106.5,59.4,7,2,false,44.1,3.26,above,-9.1,1.66,18870,21040,81.71,194.01,0.39,-275.59,103.63,1956,9.78,12.91,-24.3,18870,18558,21040,22287,3.42,سهم صفی: 7 روز از ۲۰ روز در صف (ریسک نقدشوندگی و اجرای حد ضرر) | توزیع: ورود حقیقی با سرانه خرید ضعیف (0.71 در ۲۰ روز) | 107٪ بالای MA200 | سرانه خرید ضعیف (0.39) | صف فروش در ۵ روز اخیر
ونیکی,سرمایه‌گذاری‌ ملی‌ایران‌,شرکتهای چند رشته ای صنعتی,64.8,زیر نظر,100,45,53,50,5870,20261007,-1,21.3,39.8,-21,5.4,26.7,64.5,66.5,6,0,false,48.1,2.91,above,-1.5,0.69,5360,5960,21.92,87.19,0.5,-46.32,39.06,692,8.48,10.88,-22,5699,5444,5960,6301,0.21,واگرایی منفی RSI | سهم صفی: 6 روز از ۲۰ روز در صف (ریسک نقدشوندگی و اجرای حد ضرر) | توزیع: ورود حقیقی با سرانه خرید ضعیف (0.48 در ۲۰ روز) | 64٪ بالای MA200 | سرانه خرید ضعیف (0.50) | واگرایی منفی | حد ضرر دور (7.3٪) | شناوری کم (13٪)
ونفت,سرمایه‌گذاری‌ صنعت‌ نفت‌,فراورده های نفتی، کک و سوخت هسته ای,64.8,زیر نظر,85,50,27,90,9990,20261007,-4.3,3.3,81.6,20.7,-2.8,2.1,89.7,49.9,2,0,false,23.3,3.38,above,-13.5,0.62,9530,10330,-2.98,42.17,0.64,-41.7,34.53,3216,3.11,6.26,-50.4,9653,9361,10330,11550,0.54,واگرایی منفی RSI | توزیع: ورود حقیقی با سرانه خرید ضعیف (0.77 در ۲۰ روز) | 90٪ بالای MA200 | سرانه خرید ضعیف (0.64) | واگرایی منفی
آواک,صنایع ارتباطی آوا,اطلاعات و ارتباطات,64.8,زیر نظر,85,30,61,72,2650,20261007,-3,-5.9,20.8,-40,-6.2,4.3,10.3,46.6,2,0,false,30.6,3.61,above,-17.9,0.76,2600,2772,-2.23,12.83,1.98,15.82,12.59,328,8.08,11.65,-30.7,2600,2552,2772,2969,1.25,
کیا,کیا الکترود شرق,ساخت محصولات فلزی,64.7,زیر نظر,100,55,90.7,4,11300,20261007,3,25.6,49.3,-11.6,12.2,23.1,34.3,75.1,1,0,true,39.5,3.49,above,-2.7,1.46,10270,11610,9.47,7.6,1.29,0.98,3.44,262,43.13,6.02,616.4,10906,10314,11610,12399,0.31,P/E بالا (43) | حد ضرر دور (8.7٪) | نقدشوندگی کمتر از ۱۰ میلیارد تومان
نان,صنایع غذایی رضوی,محصولات غذایی و آشامیدنی به جز قند و شکر,64.7,زیر نظر,73,45,88,47,6440,20261007,3.4,-5.4,6.6,-54.2,-0.2,3.5,44.7,52.9,1,0,false,15.8,3.12,above,-9.7,1.16,6360,6615,13.59,49.22,1.85,53.57,23.46,929,6.93,7.05,-1.7,6360,6260,6615,7130,0.97,
مفاخر,توسعه فناوری اطلاعات خوارزمی,رایانه و فعالیت‌های وابسته به آن,64.5,زیر نظر,100,70,78,4,15270,20261007,13,50.3,109.6,48.7,17.6,39.5,98.1,84.2,10,0,true,66.7,3.03,above,0,0.44,14466,,3.54,4.5,14.04,16.73,11.59,574,26.6,8.89,199.2,14808,14235,16657,17581,1.34,اشباع خرید | فاصله زیاد از MA20 | سهم صفی: 10 روز از ۲۰ روز در صف (ریسک نقدشوندگی و اجرای حد ضرر) | رشد عمودی (110٪ در ۶۰ روز، 39٪ بالای MA50) | 98٪ بالای MA200
گکوثر,هتل پارسیان کوثر اصفهان,هتل و رستوران,64.5,زیر نظر,100,70,78,4,7020,20261007,14.5,59.5,110.8,50,27.4,67.2,137.4,96.4,5,0,true,84.2,2.3,above,0,0.62,4660,,3.67,1.14,2.93,7.06,14.39,257,27.32,4.69,482.4,6859,6697,7504,7827,1.5,اشباع خرید | فاصله زیاد از MA20 | رشد عمودی (111٪ در ۶۰ روز، 67٪ بالای MA50) | 137٪ بالای MA200
شاروم,پتروشیمی ارومیه,محصولات شیمیایی,64.5,زیر نظر,100,55,78,16,15800,20261007,1.1,5.5,28.1,-32.7,1.4,15.8,54.8,60.2,4,0,false,32.6,2.93,above,-8.8,0.92,14820,17330,2.72,13.74,3.21,47.79,17.51,1318,11.99,8.01,49.7,15337,14644,17330,18255,1.32,55٪ بالای MA200 | حد ضرر دور (7.3٪)
کیانا,گروه مالی کیان,سرمایه گذاریها,64.5,زیر نظر,85,65,78,26,7740,20261007,1.3,-11.6,73,12.1,-2.1,7.9,103.4,53.9,4,0,false,31.2,3.09,above,-16.1,0.69,7150,8280,0.82,1.89,15.63,9.58,5,804,9.63,7.13,35,7501,7143,8280,9220,0.9,103٪ بالای MA200 | حد ضرر دور (7.7٪) | نقدشوندگی کمتر از ۱۰ میلیارد تومان | شناوری کم (9٪)
دکیمی,کیمیدارو,مواد و محصولات دارویی,64.5,زیر نظر,100,70,77.9,4,88610,20261007,15.6,46.1,169.6,108.7,24.2,47.7,193,87.2,12,0,true,58.9,2.62,above,0,1.1,70170,,24.35,49.76,1.13,1.7,10.09,4266,20.77,12.91,60.9,86291,83972,95567,100205,1.5,واگرایی منفی RSI | اشباع خرید | فاصله زیاد از MA20 | سهم صفی: 12 روز از ۲۰ روز در صف (ریسک نقدشوندگی و اجرای حد ضرر) | رشد عمودی (170٪ در ۶۰ روز، 48٪ بالای MA50) | 193٪ بالای MA200 | واگرایی منفی
خکاوه,سایپا دیزل,خودرو و ساخت قطعات,64.5,زیر نظر,95,75,58.8,25,901,20261007,3,0.6,65.3,4.5,0.6,4.4,29.6,55.1,1,0,false,23.1,3.62,above,-9,1.05,891,947,27.95,6.32,1.43,-24.48,53.72,53,17,,,891,874,947,966,1.72,
بنو,بیمه تجارت نو,بیمه وصندوق بازنشستگی به جزتامین اجتماعی,64.5,زیر نظر,83,45,60.2,62,2063,20261007,0.4,-1.7,27.7,-33.2,3.5,7.8,37.2,57.9,3,0,false,18.3,3.43,above,-5.8,0.73,1935,2130,1.66,5.02,1.49,-2.06,7.07,239,8.63,18.13,-52.4,1992,1900,2130,2190,0.41,توزیع: ورود حقیقی با سرانه خرید ضعیف (0.75 در ۲۰ روز) | حد ضرر دور (7.9٪) | نقدشوندگی کمتر از ۱۰ میلیارد تومان
نمرینو,ایران‌ مرینوس‌,منسوجات,64.4,زیر نظر,100,60,65.7,24,9490,20261007,8.6,43.6,77.7,16.9,17.5,35,61.9,86.3,5,0,true,55,3.01,above,-2.5,1.52,7200,,2.66,10.75,0.87,-14.24,5.53,953,9.96,7.72,29,9204,8918,10348,10920,1.5,واگرایی منفی RSI | اشباع خرید | فاصله زیاد از MA20 | رشد عمودی (78٪ در ۶۰ روز، 35٪ بالای MA50) | توزیع: ورود حقیقی با سرانه خرید ضعیف (0.83 در ۲۰ روز) | 62٪ بالای MA200 | واگرایی منفی | نقدشوندگی کمتر از ۱۰ میلیارد تومان
فجام,جام‌دارو,ساخت محصولات فلزی,64.4,زیر نظر,100,90,41.6,24,19670,20261007,1.4,6.9,91.1,30.2,5.9,19,102,64.7,3,0,true,37.4,3.18,above,-2.6,1.29,19400,20200,-0.26,13.76,0.92,-7.58,7.06,2172,9.06,7.54,20.1,19400,19087,20200,21452,0.91,واگرایی منفی RSI | توزیع: ورود حقیقی با سرانه خرید ضعیف (0.87 در ۲۰ روز) | 102٪ بالای MA200 | واگرایی منفی | نقدشوندگی کمتر از ۱۰ میلیارد تومان
مهر,سرمایه گذاری مهر,سرمایه گذاریها,64.4,زیر نظر,100,50,37.5,60,4170,20261007,0.2,23.1,96.4,35.6,9.9,35.1,85.5,75,4,0,false,55.5,2.73,above,-0.7,0.8,3427,,-0.87,-45.92,74.78,17.6,12.72,564,7.39,8.73,-15.3,4056,3942,4512,4739,1.5,واگرایی منفی RSI | خروج مستمر پول حقیقی | رشد عمودی (96٪ در ۶۰ روز، 35٪ بالای MA50) | 86٪ بالای MA200 | واگرایی منفی
کولان,کولان سل,محصولات کاغذی,64.3,زیر نظر,100,65,48,37,34840,20261007,7.1,16,35.5,-25.3,9.8,18.3,,75.1,3,0,true,33.3,3.25,above,-1.7,1.42,32750,,-5.35,-12.27,8.29,104.31,20.69,3233,10.78,10.19,5.8,33707,32184,38238,40503,1.28,حد ضرر دور (7.6٪)
ولیز,لیزینگ ایران,سایر واسطه گریهای مالی,64.3,زیر نظر,100,35,77,32,4550,20261007,0.9,36.2,109.3,48.5,11.3,42.1,80.5,80.5,5,0,false,78.3,2.96,above,-0.4,1.04,3260,,2.08,4.51,2.47,17.03,6.69,458,9.93,,,4415,4281,4954,5223,1.5,واگرایی منفی RSI | اشباع خرید | رشد عمودی (109٪ در ۶۰ روز، 42٪ بالای MA50) | 81٪ بالای MA200 | واگرایی منفی | نقدشوندگی کمتر از ۱۰ میلیارد تومان
وثنو,سرمایه گذاری ساختمانی نوین,سرمایه گذاریها,64.2,زیر نظر,100,65,75.9,9,6980,20261007,-0.5,27.3,119.9,59.1,7.4,28.2,108.9,68.3,12,2,false,63.5,3.14,above,-5.3,1.13,5824,7367,14.59,27.36,1.14,3.9,15.4,540,12.93,8.73,48.1,6761,6542,7367,7805,0.88,سهم صفی: 12 روز از ۲۰ روز در صف (ریسک نقدشوندگی و اجرای حد ضرر) | رشد عمودی (120٪ در ۶۰ روز، 28٪ بالای MA50) | توزیع: ورود حقیقی با سرانه خرید ضعیف (0.89 در ۲۰ روز) | 109٪ بالای MA200 | صف فروش در ۵ روز اخیر
بپویا,دانش محور پویا نیرو,ماشین آلات و دستگاه‌های برقی,64.2,زیر نظر,73,80,79,26,6220,20261007,4,1.3,-3.1,-64,1.7,7.7,5.4,56.7,1,0,true,19.3,3.37,above,-14.4,0.82,6074,6284,4.07,11.03,3.39,29.42,11.03,752,8.27,6.15,34.5,6074,5970,6284,6420,0.26,شناوری کم (7٪)
آلومینا,آلومینای ایران,فلزات اساسی,64.1,زیر نظر,100,70,63.5,17,280700,20261007,15.8,19.2,110.9,50.1,17.3,34.9,95.5,81.1,6,0,true,44.2,2.83,above,0,1.01,256100,,41.31,-44.3,21.78,86.47,29.69,16822,16.69,13.48,23.8,272743,264786,304571,320484,1.5,اشباع خرید | فاصله زیاد از MA20 | خروج مستمر پول حقیقی | سهم صفی: 6 روز از ۲۰ روز در صف (ریسک نقدشوندگی و اجرای حد ضرر) | رشد عمودی (111٪ در ۶۰ روز، 35٪ بالای MA50) | 95٪ بالای MA200 | شناوری کم (6٪)
خچرخش,چرخشگر,خودرو و ساخت قطعات,64.1,زیر نظر,100,58,98,32,25780,20261007,8.4,15.5,53.7,-7.1,10.4,23.4,54.9,81.1,3,0,true,51.5,3.01,above,0,1.6,24266,,4.94,5.21,2.07,8.61,1.84,2337,11.03,,,25003,23877,28111,29666,1.23,نقدشوندگی پایین | اشباع خرید | 55٪ بالای MA200 | حد ضرر دور (7.4٪) | نقدشوندگی کمتر از ۱۰ میلیارد تومان
پترول,گ.س.وت.ص.پتروشیمی خلیج فارس,محصولات شیمیایی,64.1,زیر نظر,85,55,20.3,90,2484,20261007,-2.9,1.2,37.4,-23.4,-2.2,6.8,48.4,53.2,2,0,false,26.4,3.64,above,-12.1,0.94,2406,2580,-19.18,23.12,0.91,-40.72,63.76,729,3.41,9.63,-64.6,2406,2361,2580,2825,0.78,
فهامون,آلیاژ گستر هامون,فلزات اساسی,64,زیر نظر,95,55,51,47,4960,20261007,2.7,2.7,16,-44.8,0.2,6.4,,56,4,1,false,21.4,3.11,above,-10.5,1.06,4707,5234,-0.11,3.55,2.97,70.13,25.51,596,8.32,8.05,3.4,4806,4629,5234,5540,0.83,صف فروش در ۵ روز اخیر
فنورد,نوردوقطعات‌ فولادی‌,فلزات اساسی,63.9,زیر نظر,100,65,21.8,62,12850,20261007,-3.1,7,87.9,27.1,2.7,19.8,122.6,63,3,0,false,45,3.53,above,-4.1,1.39,11770,13400,-19.74,8.05,0.95,-27.53,20.15,1550,8.29,13.48,-38.5,12397,11717,13400,14306,0.49,واگرایی منفی RSI | توزیع: ورود حقیقی با سرانه خرید ضعیف (0.72 در ۲۰ روز) | 123٪ بالای MA200 | واگرایی منفی | حد ضرر دور (8.8٪)
کایزد,فرانسوز یزد,سایر محصولات کانی غیرفلزی,63.9,زیر نظر,100,50,86.8,9,3820,20261007,0.3,40.4,124.7,63.9,9.8,43.1,83.5,77.9,13,0,false,76.3,3.06,above,-2.6,1.69,2566,3920,11.87,31.11,1.13,12.98,16.3,263,14.52,10.33,40.6,3703,3586,3920,4154,0.43,سهم صفی: 13 روز از ۲۰ روز در صف (ریسک نقدشوندگی و اجرای حد ضرر) | رشد عمودی (125٪ در ۶۰ روز، 43٪ بالای MA50) | 83٪ بالای MA200
شیران,س. صنایع‌شیمیایی‌ایران,محصولات شیمیایی,63.9,زیر نظر,80,70,53.4,50,11580,20261007,-2.7,2.4,27.4,-33.4,3.9,3.9,51.2,55.8,1,0,true,14.4,3.18,above,-7,1.19,11380,11900,8.3,31.39,1.28,-26.71,47.84,1359,8.52,9.63,-11.5,11380,11196,11900,12450,0.83,واگرایی منفی RSI | بدون روند (ADX پایین) | توزیع: ورود حقیقی با سرانه خرید ضعیف (0.79 در ۲۰ روز) | 51٪ بالای MA200 | واگرایی منفی | شناوری کم (14٪)
شکبیر,پتروشیمی امیرکبیر,محصولات شیمیایی,63.7,زیر نظر,100,70,36.9,42,149700,20261007,0.8,8.4,40.4,-20.5,8.4,21.7,49.8,67.4,6,0,true,36.4,3.11,above,-4.9,1.07,143400,157435,-4.29,18.96,1.14,-3.8,5.29,27918,5.36,,,145042,141071,157435,166751,0.9,سهم صفی: 6 روز از ۲۰ روز در صف (ریسک نقدشوندگی و اجرای حد ضرر) | 184٪ بالای کف ۵۲ هفته | نقدشوندگی کمتر از ۱۰ میلیارد تومان
فزر,پویا زرکان آق دره,استخراج کانه های فلزی,63.6,زیر نظر,100,70,74.5,4,383100,20261007,15.9,51.4,189.4,128.5,23,59.1,191,93.2,10,0,true,81.2,2.55,above,0,0.38,309800,,324.75,1834.58,2.14,-515.62,802.05,9504,40.31,14.44,179.2,373347,363595,412358,431863,1.5,واگرایی منفی RSI | اشباع خرید | فاصله زیاد از MA20 | سهم صفی: 10 روز از ۲۰ روز در صف (ریسک نقدشوندگی و اجرای حد ضرر) | رشد عمودی (189٪ در ۶۰ روز، 59٪ بالای MA50) | P/E بالا (40) | توزیع: ورود حقیقی با سرانه خرید ضعیف (0.51 در ۲۰ روز) | 191٪ بالای MA200 | واگرایی منفی
وتوسم,سرمایه‌گذاری‌توسعه‌ملی‌,سرمایه گذاریها,63.6,زیر نظر,100,75,27.5,47,4460,20261007,-0.2,1.5,85.6,24.7,0.3,20.6,76.9,61.7,0,0,false,50.3,3.17,above,-5.9,0.54,4402,4650,0.31,-57.86,0.67,-9.33,11.65,591,7.55,7.13,5.8,4402,4332,4650,4740,1.48,خروج مستمر پول حقیقی | 77٪ بالای MA200 | سرانه خرید ضعیف (0.67) | شناوری کم (12٪)
دحاوی,الحاوی,مواد و محصولات دارویی,63.6,زیر نظر,100,70,96.5,42,6110,20261005,12.9,47.2,182.1,121.3,23.4,56.5,172.7,99.8,20,0,true,96.2,2.25,above,0,1.57,2354,,1.15,2.6,3.55,2.48,0.54,849,7.2,,,5973,5835,6522,6797,1.5,نقدشوندگی پایین | اشباع خرید | فاصله زیاد از MA20 | سهم صفی: 20 روز از ۲۰ روز در صف (ریسک نقدشوندگی و اجرای حد ضرر) | رشد عمودی (182٪ در ۶۰ روز، 57٪ بالای MA50) | 173٪ بالای MA200 | نقدشوندگی کمتر از ۱۰ میلیارد تومان | آخرین معامله 20261005 (متوقف یا کم‌معامله)
کگل,معدنی و صنعتی گل گهر,استخراج کانه های فلزی,63.6,زیر نظر,100,88,34.1,30,3240,20261007,1.4,2.5,59.1,-1.7,6.4,12.5,53.4,63.2,4,0,true,28.6,3.26,above,-2.1,0.99,3205,3310,-96.1,215.55,1.44,-192,233.43,241,13.44,13.76,-2.3,3205,3152,3310,3521,0.8,توزیع: ورود حقیقی با سرانه خرید ضعیف (0.69 در ۲۰ روز) | 53٪ بالای MA200
خراسان,پتروشیمی خراسان,محصولات شیمیایی,63.5,زیر نظر,83,45,48.5,70,55050,20261007,-1.3,-4.9,22.9,-37.9,0.4,7.6,60.8,55.5,4,0,false,17.8,3.36,above,-10.2,1.12,54047,55835,3.55,-4.02,1.89,-7.14,28.14,7006,7.86,9.63,-18.4,54047,53121,55835,61321,0.41,61٪ بالای MA200 | شناوری کم (6٪)
نبابک,نساجی بابکان,منسوجات,63.5,زیر نظر,95,80,62,14,8880,20261007,4.2,4,31.9,-28.9,4.9,13.4,18.5,63.8,1,0,true,23.1,3.46,above,-24.8,0.53,8786,9049,0.59,-13.17,5.53,11.36,6.46,351,25.3,14.29,77,8786,8632,9049,9206,0.68,واگرایی منفی RSI | خروج مستمر پول حقیقی | واگرایی منفی | نقدشوندگی کمتر از ۱۰ میلیارد تومان
واحصا,احیاء صنایع خراسان,سرمایه گذاریها,63.5,زیر نظر,100,70,57.9,20,36110,20261007,8.7,31.1,102.9,42,17.6,35.9,146,92.4,5,0,true,51.6,3.02,above,-1.4,1.18,29130,,3.73,-2.65,1.43,6.76,4.45,126,286.59,,,35018,33925,39387,41571,1.5,واگرایی منفی RSI | اشباع خرید | فاصله زیاد از MA20 | رشد عمودی (103٪ در ۶۰ روز، 36٪ بالای MA50) | P/E بالا (287) | 146٪ بالای MA200 | واگرایی منفی | نقدشوندگی کمتر از ۱۰ میلیارد تومان
سغدیر,توسعه سرمایه و صنعت غدیر,سیمان، آهک و گچ,63.4,زیر نظر,95,63,73.2,16,24650,20261007,3.1,0.4,53.3,-7.5,4.1,13.2,57.8,61,0,0,false,25.9,3.52,above,-7.7,1.59,23570,26720,11.96,9.58,1.03,1.23,19.18,2624,9.39,6.69,40.4,23783,23137,26720,28454,1.37,توزیع: ورود حقیقی با سرانه خرید ضعیف (0.76 در ۲۰ روز) | 58٪ بالای MA200
فملی,ملی‌ صنایع‌ مس‌ ایران‌,فلزات اساسی,63.4,زیر نظر,100,70,73.5,4,30970,20261007,13.1,22.3,112.4,51.6,15.6,40,150.5,82.6,5,0,true,56.6,2.85,above,0,0.9,27870,,74.61,1760.41,3.14,-1503.33,1456.07,1411,21.95,13.48,62.8,30089,29207,33614,35376,1.5,اشباع خرید | فاصله زیاد از MA20 | رشد عمودی (112٪ در ۶۰ روز، 40٪ بالای MA50) | توزیع: ورود حقیقی با سرانه خرید ضعیف (0.49 در ۲۰ روز) | 151٪ بالای MA200
خریخت,صنایع‌ریخته‌گری‌ایران‌,خودرو و ساخت قطعات,63.4,زیر نظر,100,60,53.5,32,1922,20261007,4.5,38.8,65.3,4.5,14.7,42.6,86.6,87.9,4,0,true,67.2,2.79,above,-1.8,0.95,1229,,2.2,11.96,0.79,-7.11,7.13,185,10.39,,,1868,1815,2083,2190,1.5,واگرایی منفی RSI | اشباع خرید | رشد عمودی (65٪ در ۶۰ روز، 43٪ بالای MA50) | 87٪ بالای MA200 | سرانه خرید ضعیف (0.79) | واگرایی منفی | نقدشوندگی کمتر از ۱۰ میلیارد تومان
دزهراوی,داروسازی‌زهراوی‌,مواد و محصولات دارویی,63.4,زیر نظر,100,85,15.5,50,5430,20261007,3.6,22.3,80.8,19.9,11.5,21,123.9,71.4,3,0,true,37.2,3.28,above,0,1.05,5300,,-15.11,-44.76,1.38,-0.85,22.81,492,11.04,12.91,-14.5,5300,5211,5965,6321,2.44,واگرایی منفی RSI | خروج مستمر پول حقیقی | 124٪ بالای MA200 | واگرایی منفی
تاپکیش,تجارت الکترونیک پارسیان کیش,رایانه و فعالیت‌های وابسته به آن,63.3,زیر نظر,64,80,98.5,14,2813,20261007,13.7,1.4,23.1,-37.7,9.3,2.1,56.8,62.4,2,0,true,19.1,3.28,inside,-15.1,1.26,2676,2856,2.46,21.63,1.56,21.56,12.76,96,29.3,8.89,229.6,2721,2630,2856,2933,0.23,توزیع: ورود حقیقی با سرانه خرید ضعیف (0.84 در ۲۰ روز) | 57٪ بالای MA200
سفارس,سیمان فارس و خوزستان,سیمان، آهک و گچ,63.3,زیر نظر,88,80,36.5,47,30600,20261007,3.6,2.4,34.8,-26.1,9.3,11.3,57.1,64.5,5,0,true,18.9,3.33,above,-1,0.86,29394,,-30.78,25.88,2.65,-21.44,70.63,3912,7.82,7.14,9.6,29582,28885,33653,35688,1.78,توزیع: ورود حقیقی با سرانه خرید ضعیف (0.59 در ۲۰ روز) | 57٪ بالای MA200
زشگزا,شیر و گوشت زاگرس شهرکرد,زراعت و خدمات وابسته,63.1,زیر نظر,100,70,16.5,60,34940,20261007,-0.8,8.3,12.9,-47.9,6.8,10.9,67.6,63.3,3,0,true,25.3,3.21,above,-1.9,0.87,34115,35600,-18.87,10.97,0.59,-34,20.93,4812,7.26,8.07,-10,34115,33555,35600,37841,0.48,توزیع: ورود حقیقی با سرانه خرید ضعیف (0.80 در ۲۰ روز) | 68٪ بالای MA200 | سرانه خرید ضعیف (0.59)
ثنور,سرمایه گذاری کوه نور,انبوه سازی، املاک و مستغلات,63.1,زیر نظر,100,75,52.5,20,7410,20261007,2.3,5.6,64.6,3.8,4.9,17.8,86.8,64.9,1,0,false,42.7,3.1,above,-1.7,0.83,7255,7540,-0.17,0.59,1.9,4.83,3.14,26,285,,,7255,7140,7540,7999,0.48,P/E بالا (285) | 87٪ بالای MA200 | نقدشوندگی کمتر از ۱۰ میلیارد تومان
وغدیر,سرمایه‌گذاری‌غدیر(هلدینگ‌,شرکتهای چند رشته ای صنعتی,63,زیر نظر,100,53,52.8,37,22230,20261007,-0.8,6.8,53.8,-7,3.5,15.8,62.5,61.6,1,0,false,30.8,3.26,above,-2.9,0.86,20260,22795,23.36,-166.11,1.21,4.57,180.43,1940,11.46,10.88,5.3,21505,20417,22795,24245,0.31,63٪ بالای MA200 | حد ضرر دور (8.2٪)
ولنوین,لیزینگ اقتصاد نوین,سایر واسطه گریهای مالی,63,زیر نظر,100,65,63,17,3570,20261007,14,18.5,50.5,-10.4,15.1,29.5,69.6,78.3,2,0,true,45,2.97,above,-0.6,0.63,3211,,8.49,-0.07,29.1,14.67,5.3,294,12.14,9.94,22.2,3464,3358,3888,4101,1.5,اشباع خرید | فاصله زیاد از MA20 | 70٪ بالای MA200 | نقدشوندگی کمتر از ۱۰ میلیارد تومان | شناوری کم (14٪)
ممسنی,پتروشیمی ممسنی,محصولات شیمیایی,63,زیر نظر,100,70,86,10,17050,20261006,15.7,52.8,110.4,49.6,26.9,56.1,78.8,99,20,0,true,83.1,2.24,above,-0.5,0.67,15160,,1.4,49.28,1.83,2.06,3.97,,,,,16668,16286,18196,18960,1.5,اشباع خرید | فاصله زیاد از MA20 | بدون EPS مثبت | سهم صفی: 20 روز از ۲۰ روز در صف (ریسک نقدشوندگی و اجرای حد ضرر) | رشد عمودی (110٪ در ۶۰ روز، 56٪ بالای MA50) | 79٪ بالای MA200 | نقدشوندگی کمتر از ۱۰ میلیارد تومان | واگرایی مثبت RSI | آخرین معامله 20261006 (متوقف یا کم‌معامله)
غمینو,شرکت صنایع غذایی مینو شرق,محصولات غذایی و آشامیدنی به جز قند و شکر,62.9,زیر نظر,100,70,41.8,34,9770,20261007,4.4,18,50.5,-10.3,7.9,16,102.5,66.9,4,0,true,35.7,3.19,above,-1.5,1.13,9500,9920,-8.36,104.64,1.37,-20.73,30.68,1231,7.94,7.05,12.6,9500,9344,9920,10543,0.35,103٪ بالای MA200
وپارس,بانک‌پارسیان‌,بانکها و موسسات اعتباری,62.9,زیر نظر,90,65,1.5,90,2106,20261007,-7.1,0.8,78.1,17.2,-5,17.1,81.4,52.5,4,2,false,51.9,3.51,above,-11.4,0.78,1244,2193,-227.25,-372.04,0.6,-403.88,437.06,668,3.15,5.4,-41.6,2032,1958,2193,2372,0.59,واگرایی منفی RSI | 81٪ بالای MA200 | سرانه خرید ضعیف (0.60) | واگرایی منفی | حد ضرر دور (7.0٪) | صف فروش در ۵ روز اخیر
خودکفا,اقتصادی و خودکفایی آزادگان,محصولات غذایی و آشامیدنی به جز قند و شکر,62.9,زیر نظر,100,65,47.5,32,17970,20261007,13.4,11.8,49.5,-11.3,14.2,20.4,103.6,75.7,7,0,true,45,3.03,above,-1.1,1.36,16830,,-0.08,-40.13,2.28,34.43,18.55,1687,10.65,,,17426,16611,19601,20688,1.2,خروج مستمر پول حقیقی | سهم صفی: 7 روز از ۲۰ روز در صف (ریسک نقدشوندگی و اجرای حد ضرر) | 104٪ بالای MA200 | حد ضرر دور (7.6٪)
دلقما,دارویی‌ لقمان‌,مواد و محصولات دارویی,62.8,زیر نظر,100,65,19,60,10180,20261007,-3.3,3.7,150.9,90,4.9,12.6,157.4,58.8,7,0,false,35.5,3.42,above,-12.2,1.12,9630,10600,-68.8,36.67,0.61,-213.23,89,1109,9.18,12.91,-28.9,9831,9456,10600,10770,0.58,سهم صفی: 7 روز از ۲۰ روز در صف (ریسک نقدشوندگی و اجرای حد ضرر) | رشد عمودی (151٪ در ۶۰ روز، 13٪ بالای MA50) | توزیع: ورود حقیقی با سرانه خرید ضعیف (0.66 در ۲۰ روز) | 157٪ بالای MA200 | سرانه خرید ضعیف (0.61) | حد ضرر دور (7.1٪)
زفجر,کشاورزی و دامپروری فجر اصفهان,زراعت و خدمات وابسته,62.7,زیر نظر,100,70,14.8,60,56230,20261007,-2.1,11.7,30.9,-29.9,7.7,14.9,90.1,63.2,3,0,true,22,3.03,above,-2.3,1.07,53370,57570,-13.5,-3.19,1.27,-10.39,13.63,7903,7.12,8.07,-11.8,54526,52518,57570,60978,0.36,90٪ بالای MA200
سیسکو,فولاد سیرجان ایرانیان,فلزات اساسی,62.6,زیر نظر,100,65,16.5,62,6770,20261007,-1.6,12.5,114.2,53.4,3.8,22.1,126.2,63.1,6,0,false,47.5,2.93,above,-2.7,0.99,6150,6920,-160.08,-462.01,1.42,-27.44,97.85,820,8.26,13.48,-38.8,6571,6373,6920,7317,0.38,خروج مستمر پول حقیقی | سهم صفی: 6 روز از ۲۰ روز در صف (ریسک نقدشوندگی و اجرای حد ضرر) | رشد عمودی (114٪ در ۶۰ روز، 22٪ بالای MA50) | 126٪ بالای MA200 | شناوری کم (7٪)
خنور,نورایستا پلاستیک,خودرو و ساخت قطعات,62.6,زیر نظر,95,70,61.5,19,9170,20261007,9.2,-5.1,47.1,-13.7,6.6,10.3,28.5,60.8,5,0,true,24.3,3.23,above,-12.2,1.02,8720,9450,11.65,-8.9,8.69,41.78,14.67,745,12.31,5.87,109.7,8874,8572,9450,10450,0.47,
وامیر,گروه صنعتی و معدنی امیر,استخراج کانه های فلزی,62.6,زیر نظر,100,60,62.3,20,12450,20261007,7.7,28.2,148,87.2,9.7,40.9,150.4,77,9,0,false,65,2.71,above,0,0.92,12050,,-2.84,23.41,1.59,12.71,19.53,598,20.82,,,12113,11881,13461,14135,1.78,سهم صفی: 9 روز از ۲۰ روز در صف (ریسک نقدشوندگی و اجرای حد ضرر) | رشد عمودی (148٪ در ۶۰ روز، 41٪ بالای MA50) | 150٪ بالای MA200
وسکاب,س.ص.بازنشستگی کارکنان بانکها,سرمایه گذاریها,62.6,زیر نظر,41,70,88,57,3310,20261007,1.2,-0.3,30.4,-30.5,2.1,-1.6,46,52.6,1,0,true,17.3,3.29,inside,-15.6,0.81,3250,3500,15.35,17.76,2.03,20.69,12.58,437,7.57,7.13,6.2,3250,3196,3500,3920,1.66,187٪ بالای کف ۵۲ هفته
ولملت,واسپاری ملت,سایر واسطه گریهای مالی,62.5,زیر نظر,100,70,90,4,27860,20261006,15.6,59.4,189.5,128.7,28.6,52,213,91.6,15,0,true,55.8,2.36,above,0,0.55,18538,,15.56,46.23,2.76,4.41,17.08,824,33.81,9.94,240.1,27203,26545,29832,31147,1.5,واگرایی منفی RSI | اشباع خرید | فاصله زیاد از MA20 | سهم صفی: 15 روز از ۲۰ روز در صف (ریسک نقدشوندگی و اجرای حد ضرر) | رشد عمودی (190٪ در ۶۰ روز، 52٪ بالای MA50) | P/E بالا (34) | 213٪ بالای MA200 | واگرایی منفی | آخرین معامله 20261006 (متوقف یا کم‌معامله)
اتکای,بیمه اتکایی ایرانیان,بیمه وصندوق بازنشستگی به جزتامین اجتماعی,62.4,زیر نظر,100,70,1.5,72,3610,20261007,5.9,32,119.7,58.8,10.4,32.8,93.5,89.9,0,0,true,74.2,3.05,above,-0.8,0.44,2936,,-10.99,-31.66,0.82,-7.24,9.71,612,5.9,18.13,-67.5,3500,3390,3940,4160,1.5,اشباع خرید | خروج مستمر پول حقیقی | رشد عمودی (120٪ در ۶۰ روز، 33٪ بالای MA50) | 94٪ بالای MA200 | نقدشوندگی کمتر از ۱۰ میلیارد تومان
وخارزم,سرمایه گذاری خوارزمی,سرمایه گذاریها,62.4,زیر نظر,100,70,64.5,9,10650,20261007,15.8,38.9,111.4,50.6,21.6,44.2,160.1,86.5,8,0,true,68,2.6,above,0,0.35,8604,,128.19,-24.93,6.52,169.68,102.06,830,12.83,7.13,80,10373,10096,11481,12035,1.5,واگرایی منفی RSI | اشباع خرید | فاصله زیاد از MA20 | سهم صفی: 8 روز از ۲۰ روز در صف (ریسک نقدشوندگی و اجرای حد ضرر) | رشد عمودی (111٪ در ۶۰ روز، 44٪ بالای MA50) | 160٪ بالای MA200 | واگرایی منفی
غشان,شیرپاستوریزه‌پگاه‌خراسان‌,محصولات غذایی و آشامیدنی به جز قند و شکر,62.4,زیر نظر,100,70,64.5,9,23450,20261007,13.3,53.3,158.3,97.4,23.6,49.3,215.8,90.3,4,0,true,72.3,2.55,above,-0.1,1.34,18200,,11.37,31.66,0.57,-58.77,20.46,1497,15.66,8.53,83.6,22852,22254,25244,26440,1.5,واگرایی منفی RSI | اشباع خرید | فاصله زیاد از MA20 | رشد عمودی (158٪ در ۶۰ روز، 49٪ بالای MA50) | توزیع: ورود حقیقی با سرانه خرید ضعیف (0.75 در ۲۰ روز) | 216٪ بالای MA200 | سرانه خرید ضعیف (0.57) | واگرایی منفی
کسعدی,کاشی‌ سعدی‌,کاشی و سرامیک,62.4,زیر نظر,100,70,89.5,4,31990,20261006,15.8,79.6,225.1,164.3,30.3,69.5,221.8,97.1,16,0,true,78,2.25,above,0,0.81,16500,,6.28,44.83,2.33,34.45,12.73,1590,20.12,7.65,163,31271,30552,34147,35585,1.5,واگرایی منفی RSI | اشباع خرید | فاصله زیاد از MA20 | سهم صفی: 16 روز از ۲۰ روز در صف (ریسک نقدشوندگی و اجرای حد ضرر) | رشد عمودی (225٪ در ۶۰ روز، 69٪ بالای MA50) | 222٪ بالای MA200 | واگرایی منفی | آخرین معامله 20261006 (متوقف یا کم‌معامله)
غپاک,لبنیات‌ پاک‌,محصولات غذایی و آشامیدنی به جز قند و شکر,62.3,زیر نظر,100,85,57,4,2704,20261007,12.2,23.2,63,2.2,14.2,34.3,79,79.8,7,0,true,40.3,3,above,0,0.97,2550,,3.92,29.51,0.88,-7.86,13.63,97,27.88,8.53,226.8,2623,2509,2947,3110,1.25,اشباع خرید | سهم صفی: 7 روز از ۲۰ روز در صف (ریسک نقدشوندگی و اجرای حد ضرر) | رشد عمودی (63٪ در ۶۰ روز، 34٪ بالای MA50) | توزیع: ورود حقیقی با سرانه خرید ضعیف (0.73 در ۲۰ روز) | 79٪ بالای MA200 | حد ضرر دور (7.2٪)
سامان,بانک سامان,بانکها و موسسات اعتباری,62.3,زیر نظر,100,70,1,72,9970,20261007,7.6,22.5,67.7,6.9,12.6,20.4,124.2,83.6,0,0,true,51.6,2.54,above,-0.8,0.76,8747,,-86.28,-497.94,0.46,-102.17,68.59,1396,7.14,12.04,-40.7,9716,9463,10731,11238,1.5,اشباع خرید | خروج مستمر پول حقیقی | 124٪ بالای MA200 | سرانه خرید ضعیف (0.46)
شیفته,کشت و صنعت شیفته آرای شرق,محصولات غذایی و آشامیدنی به جز قند و شکر,62.3,زیر نظر,100,75,53,16,16500,20261007,4,13.8,64.6,3.8,9.8,20.5,,71.5,1,0,true,53.1,3.29,above,-1.6,0.99,15100,,-1.25,0.18,4.3,74.13,19.78,1559,10.58,7.05,50.1,15956,15141,18131,19218,1.2,حد ضرر دور (8.2٪)
تلیسه,دامداری تلیسه نمونه,زراعت و خدمات وابسته,62.3,زیر نظر,100,35,54,47,10000,20261007,-6.3,-2.2,16.6,-44.2,0.4,7.6,74.1,52.9,6,0,false,35.2,3.55,above,-9,1.94,9880,10360,49.38,75.66,0.72,-38.21,25.05,1266,7.9,8.07,-2.1,9880,9703,10360,10810,1.21,واگرایی منفی RSI | سهم صفی: 6 روز از ۲۰ روز در صف (ریسک نقدشوندگی و اجرای حد ضرر) | توزیع: ورود حقیقی با سرانه خرید ضعیف (0.77 در ۲۰ روز) | 74٪ بالای MA200 | سرانه خرید ضعیف (0.72) | واگرایی منفی
وپخش,داروپخش‌ (هلدینگ‌,مواد و محصولات دارویی,62.2,زیر نظر,100,55,68,17,61470,20261007,9.2,25.7,43.7,-17.1,18.2,28,108,77.6,7,0,true,33.2,3.05,above,-0.1,1.39,52180,,36.95,155.07,0.98,-86.54,43.98,3800,16.18,12.91,25.3,59597,57723,67090,70837,1.5,واگرایی منفی RSI | فاصله زیاد از MA20 | سهم صفی: 7 روز از ۲۰ روز در صف (ریسک نقدشوندگی و اجرای حد ضرر) | توزیع: ورود حقیقی با سرانه خرید ضعیف (0.67 در ۲۰ روز) | 108٪ بالای MA200 | واگرایی منفی | شناوری کم (11٪)
ختور,رادیاتور ایران‌,خودرو و ساخت قطعات,62.1,زیر نظر,100,60,38.5,42,4810,20261007,10.1,41.3,97.9,37.1,18.4,48,121.8,91,4,0,true,73.7,3.06,above,-0.8,0.76,3720,,-10,-25.5,1.88,18.48,34.77,715,6.73,,,4663,4515,5252,5546,1.5,واگرایی منفی RSI | اشباع خرید | فاصله زیاد از MA20 | رشد عمودی (98٪ در ۶۰ روز، 48٪ بالای MA50) | 122٪ بالای MA200 | واگرایی منفی
ثالوند,سرمایه گذاری مسکن الوند,انبوه سازی، املاک و مستغلات,62.1,زیر نظر,100,70,88.5,4,13370,20261006,15.6,78.5,216.8,156,29.8,79.4,165.7,98.7,19,0,true,88,2.17,above,0,0.69,6370,,11.93,39.14,1.79,11.35,6.07,230,58.13,23.59,146.4,13080,12791,14239,14818,1.5,اشباع خرید | فاصله زیاد از MA20 | سهم صفی: 19 روز از ۲۰ روز در صف (ریسک نقدشوندگی و اجرای حد ضرر) | رشد عمودی (217٪ در ۶۰ روز، 79٪ بالای MA50) | P/E بالا (58) | 166٪ بالای MA200 | نقدشوندگی کمتر از ۱۰ میلیارد تومان | آخرین معامله 20261006 (متوقف یا کم‌معامله)
دسبحان,سبحان دارو,مواد و محصولات دارویی,62.1,زیر نظر,100,70,55.4,17,21640,20261007,12.8,33.3,246.2,185.4,20.4,52.1,252.6,88.7,13,0,true,77.2,2.7,above,0,1.39,17730,,86.11,-58.22,1.44,-166.04,87.63,1454,14.88,12.91,15.3,21057,20473,23390,24557,1.5,اشباع خرید | فاصله زیاد از MA20 | سهم صفی: 13 روز از ۲۰ روز در صف (ریسک نقدشوندگی و اجرای حد ضرر) | رشد عمودی (246٪ در ۶۰ روز، 52٪ بالای MA50) | 253٪ بالای MA200
غمهرا,تولیدی‌مهرام‌,محصولات غذایی و آشامیدنی به جز قند و شکر,62,زیر نظر,100,80,27,37,22810,20261007,3.7,22.6,35.9,-24.9,8.4,19.8,92.2,70,7,0,true,33.6,3.29,above,0,0.58,22565,,-27.09,48.31,0.75,-33.63,25.75,2564,8.9,8.53,4.3,22565,22190,25058,26557,3.63,سهم صفی: 7 روز از ۲۰ روز در صف (ریسک نقدشوندگی و اجرای حد ضرر) | توزیع: ورود حقیقی با سرانه خرید ضعیف (0.66 در ۲۰ روز) | 92٪ بالای MA200 | سرانه خرید ضعیف (0.75)
کانسار,معدنکاران نسوز,استخراج سایر معادن,62,زیر نظر,100,55,37,47,14810,20261007,1.8,3.2,15.3,-45.6,2.1,8.9,14.8,58.9,2,0,false,21.9,3.41,above,-14.7,0.52,14631,15780,-5.32,-3.46,2.78,13.37,14.35,1483,9.99,9.57,4.4,14631,14378,15780,17356,2.25,
پتوسعه,س. و توسعه صنایع لاستیک,لاستیک و پلاستیک,62,زیر نظر,85,45,63,47,9360,20261007,-1,-5.2,23.6,-37.2,-0.6,5.4,,53.3,2,0,false,21,3.79,above,-10.7,1.05,9167,9580,7.89,-7.33,3.91,26.29,8.73,1012,9.25,9.84,-6,9167,8989,9580,9770,0.59,نقدشوندگی کمتر از ۱۰ میلیارد تومان
رایا,بیمه اتکایی رایا,بیمه وصندوق بازنشستگی به جزتامین اجتماعی,62,زیر نظر,100,65,16,60,5600,20261007,-9.8,15.9,123.2,62.4,1.7,15.6,,58.3,6,3,false,61.4,3.19,above,-11.5,0.66,5040,6330,-8.58,0.07,0.51,-6.16,10.06,1471,3.81,,,5422,5243,6330,6687,2.05,سهم صفی: 6 روز از ۲۰ روز در صف (ریسک نقدشوندگی و اجرای حد ضرر) | رشد عمودی (123٪ در ۶۰ روز، 16٪ بالای MA50) | توزیع: ورود حقیقی با سرانه خرید ضعیف (0.76 در ۲۰ روز) | 482٪ بالای کف ۵۲ هفته | سرانه خرید ضعیف (0.51) | صف فروش در ۵ روز اخیر
کویر,تولیدی فولاد سپید فراب کویر,فلزات اساسی,61.9,زیر نظر,100,50,37.5,50,2836,20261007,-1.8,32.6,77,16.1,7.9,33.9,85.3,72,13,1,false,55.1,2.85,above,-1.8,0.79,2787,2888,-18.35,37.04,1.69,-73.45,85.14,292,9.71,13.48,-28,2787,2747,2888,3050,0.58,واگرایی منفی RSI | سهم صفی: 13 روز از ۲۰ روز در صف (ریسک نقدشوندگی و اجرای حد ضرر) | رشد عمودی (77٪ در ۶۰ روز، 34٪ بالای MA50) | 85٪ بالای MA200 | واگرایی منفی | شناوری کم (10٪) | صف فروش در ۵ روز اخیر
دعبید,لابراتوارداروسازی‌  دکترعبیدی‌,مواد و محصولات دارویی,61.9,زیر نظر,100,75,63.5,4,30400,20261007,4.2,27.4,71.5,10.6,14.3,33.8,128.6,78.7,7,0,true,57.4,2.85,above,-1.3,1.71,25440,30800,28.71,180.75,0.46,-571.84,148.94,1503,20.23,12.91,56.7,29533,28666,30800,32534,0.23,اشباع خرید | سهم صفی: 7 روز از ۲۰ روز در صف (ریسک نقدشوندگی و اجرای حد ضرر) | رشد عمودی (71٪ در ۶۰ روز، 34٪ بالای MA50) | توزیع: ورود حقیقی با سرانه خرید ضعیف (0.65 در ۲۰ روز) | 129٪ بالای MA200 | سرانه خرید ضعیف (0.46)
ملت,بیمه ملت,بیمه وصندوق بازنشستگی به جزتامین اجتماعی,61.9,زیر نظر,100,70,62.4,9,7120,20261007,14.9,71.6,193.8,133,28.2,72.6,111.1,98.8,13,0,true,89.2,2.29,above,0,1.11,4249,,1.18,-1.51,1.58,4,5.5,417,17.07,4.59,272,6957,6794,7609,7935,1.5,اشباع خرید | فاصله زیاد از MA20 | سهم صفی: 13 روز از ۲۰ روز در صف (ریسک نقدشوندگی و اجرای حد ضرر) | رشد عمودی (194٪ در ۶۰ روز، 73٪ بالای MA50) | 111٪ بالای MA200 | نقدشوندگی کمتر از ۱۰ میلیارد تومان
کیمیا,ص. معدنی کیمیای زنجان گستران,فلزات اساسی,61.8,زیر نظر,100,65,3.3,72,6740,20261007,-0.3,10.7,104.9,44.1,4,21.8,122.1,65.9,4,0,false,56.1,3.12,above,-3.7,0.92,5980,7000,-5.29,-4.2,0.87,-22.67,22.61,949,7.1,13.48,-47.3,6530,6319,7000,7421,0.62,رشد عمودی (105٪ در ۶۰ روز، 22٪ بالای MA50) | 122٪ بالای MA200
شکلر,نیروکلر,محصولات شیمیایی,61.8,زیر نظر,100,85,22,37,35960,20261007,6.9,22.6,71.2,10.3,16.3,35.9,106.6,78.3,8,0,true,51.8,2.92,above,0,0.79,31080,,-24.27,-30.08,1.84,-17.02,25.43,3984,9.03,9.63,-6.3,34910,33861,39109,41208,1.5,اشباع خرید | فاصله زیاد از MA20 | خروج مستمر پول حقیقی | سهم صفی: 8 روز از ۲۰ روز در صف (ریسک نقدشوندگی و اجرای حد ضرر) | رشد عمودی (71٪ در ۶۰ روز، 36٪ بالای MA50) | 107٪ بالای MA200
حتوکا,حمل‌ونقل‌توکا,حمل ونقل، انبارداری و ارتباطات,61.8,زیر نظر,100,55,21,62,2773,20261007,2.7,11.1,47.1,-13.7,4.6,16.6,41.1,64.2,2,0,false,40.5,3.6,above,-2.4,0.71,2727,2840,-7.36,-32.33,1.72,-6.89,11.69,320,8.67,19.33,-55.2,2727,2677,2840,3040,0.7,خروج مستمر پول حقیقی
غانیزان,فرآورده های دامی ولبنی دالاهو,محصولات غذایی و آشامیدنی به جز قند و شکر,61.7,زیر نظر,100,73,79.5,9,10310,20261006,15.7,11.9,51,-9.9,11.7,26.9,64.5,73.5,7,0,true,22.9,3.13,above,0,0.29,9760,,8.85,2.69,126.96,12.88,10.16,797,12.94,8.53,51.7,9987,9599,11278,11923,1.36,سهم صفی: 7 روز از ۲۰ روز در صف (ریسک نقدشوندگی و اجرای حد ضرر) | 64٪ بالای MA200 | آخرین معامله 20261006 (متوقف یا کم‌معامله)
وتوشه,سرمایه‌ گذاری‌ پارس‌ توشه‌,ماشین آلات و تجهیزات,61.7,زیر نظر,100,45,22.7,68,8850,20261007,-2.2,9.4,40.1,-20.8,3.6,9.7,46,59.8,0,0,false,41.8,3.3,above,-2.3,0.67,8550,9060,-3.09,5.09,1.07,-6.81,9.46,2049,4.32,5.15,-16.1,8558,8404,9060,9643,0.47,توزیع: ورود حقیقی با سرانه خرید ضعیف (0.76 در ۲۰ روز) | 156٪ بالای کف ۵۲ هفته | نقدشوندگی کمتر از ۱۰ میلیارد تومان
ویسا,سرمایه گذاری ایساتیس پویا,سرمایه گذاریها,61.7,زیر نظر,100,85,66.6,32,6100,20261007,9.3,26.9,67.4,6.6,11.2,32.9,68.7,75,5,0,true,55.3,2.83,above,0,1.46,5868,,4.3,8.94,0.9,-5.34,2.81,633,9.64,,,5927,5782,6618,6963,1.63,نقدشوندگی پایین | رشد عمودی (67٪ در ۶۰ روز، 33٪ بالای MA50) | 69٪ بالای MA200 | نقدشوندگی کمتر از ۱۰ میلیارد تومان
تپکو,تولیدتجهیزات‌سنگین‌هپکو,ماشین آلات و تجهیزات,61.6,زیر نظر,95,55,78.5,10,581,20261007,5.1,1.2,29.1,-31.7,1.7,20,39.6,63.5,4,0,false,36.1,3.08,above,-9.5,0.68,560,642,3.65,15.28,1.67,22.58,39.11,,,,,563,551,642,678,2.04,بدون EPS مثبت
وکار,بانک‌ کارآفرین‌,بانکها و موسسات اعتباری,61.6,زیر نظر,100,60,62.5,16,6790,20261007,13.4,9,116.2,55.4,8.5,30.6,128.5,77.7,3,0,false,51.1,2.89,above,0,0.58,6540,,21.65,-212.99,5.19,30.94,27.96,650,10.45,5.4,93.4,6593,6442,7380,7773,1.69,خروج مستمر پول حقیقی | رشد عمودی (116٪ در ۶۰ روز، 31٪ بالای MA50) | 129٪ بالای MA200
دکپسول,تولید ژلاتین کپسول ایران,مواد و محصولات دارویی,61.5,زیر نظر,100,45,53,37,177500,20261007,-1.8,3.4,15.6,-45.2,0.6,2.4,29.5,52.1,1,0,false,20.4,3.42,above,-7,0.77,171000,181450,6.56,56.77,0.72,-18.42,20.88,20406,8.7,8.86,-1.8,171437,167969,181450,185259,0.41,توزیع: ورود حقیقی با سرانه خرید ضعیف (0.77 در ۲۰ روز) | سرانه خرید ضعیف (0.72)
وسدید,گروه ‌صنعتی‌سدید,فلزات اساسی,61.5,زیر نظر,100,53,53.5,30,2280,20261007,-9.8,25.3,53.7,-7.1,2.6,20.6,31.1,60.2,13,2,false,49.8,3.1,above,-12,1.08,2244,2590,0.49,88.45,0.64,-32.01,34.69,34,67.06,,,2244,2209,2590,2731,4.35,سهم صفی: 13 روز از ۲۰ روز در صف (ریسک نقدشوندگی و اجرای حد ضرر) | P/E بالا (67) | سرانه خرید ضعیف (0.64) | صف فروش در ۵ روز اخیر
بگیلان,توسعه مسیر برق گیلان,عرضه برق، گاز، بخاروآب گرم,61.4,زیر نظر,70,45,88.5,37,26280,20261007,-4.7,1.5,20.6,-40.3,-1.5,4.3,42.1,51.1,0,0,false,14.9,3.52,above,-7.4,0.74,26010,27950,0.13,19.9,8.1,17.19,8.7,2382,11.03,10.04,9.9,26010,25548,27950,28390,2.28,بدون روند (ADX پایین) | نقدشوندگی کمتر از ۱۰ میلیارد تومان
دهدشت,صنایع پتروشیمی دهدشت,محصولات شیمیایی,61.4,زیر نظر,100,70,99.5,10,16910,20261007,13.4,47.1,75.9,15.1,23.3,48.8,80.1,98.2,19,0,true,78.6,2.55,above,-2,3.4,11754,,21.13,21.66,5.53,17.9,2.04,,,,,16479,16049,18202,19064,1.5,نقدشوندگی پایین | اشباع خرید | فاصله زیاد از MA20 | بدون EPS مثبت | سهم صفی: 19 روز از ۲۰ روز در صف (ریسک نقدشوندگی و اجرای حد ضرر) | رشد عمودی (76٪ در ۶۰ روز، 49٪ بالای MA50) | 80٪ بالای MA200 | نقدشوندگی کمتر از ۱۰ میلیارد تومان
بکاب,صنایع‌جوشکاب‌یزد,ماشین آلات و دستگاه‌های برقی,61.4,زیر نظر,95,55,78.4,9,13410,20261007,7.2,6.9,33.2,-27.7,2.5,15.4,46.4,63.7,4,0,false,29.5,3.41,above,-9.5,0.98,13050,14820,1.16,10.43,1.2,1.54,7.96,1077,12.45,6.15,102.5,13050,12822,14820,15734,2.4,173٪ بالای کف ۵۲ هفته | نقدشوندگی کمتر از ۱۰ میلیارد تومان
شیراز,پتروشیمی‌شیراز,محصولات شیمیایی,61.3,زیر نظر,85,55,29.4,70,70390,20261007,-2.1,0.9,-5,-65.8,-0.8,5.1,36.9,52.7,0,0,false,20.2,3.72,above,-14.8,0.51,68464,73200,0.66,-35.42,0.92,-16.71,62.29,9681,7.27,9.63,-24.5,68464,67155,73200,75580,0.87,188٪ بالای کف ۵۲ هفته | شناوری کم (12٪)
غکورش,صنعت غذایی کورش,محصولات غذایی و آشامیدنی به جز قند و شکر,61.3,زیر نظر,100,90,29,24,29440,20261007,1.3,14.6,88,27.2,7.8,25.9,155.7,69.2,4,0,true,52.8,3.21,above,-4.5,1.19,27890,30830,7.92,-136.38,0.71,-194.36,94.79,2993,9.84,8.53,15.3,28495,27417,30830,32721,0.69,خروج مستمر پول حقیقی | 156٪ بالای MA200 | سرانه خرید ضعیف (0.71) | شناوری کم (14٪)
چاپ,ص.چاپ وبسته بندی آسان قزوین,محصولات کاغذی,61.3,زیر نظر,65,65,53,62,20400,20261007,-0.8,-3.5,81.8,21,-0.2,12.6,,57.3,1,0,false,31.2,3.24,above,-8.7,0.93,19890,21240,-0.64,11.45,6.46,43.23,31.72,2147,9.5,16.48,-42.3,19890,19559,21240,22340,1,205٪ بالای کف ۵۲ هفته
لطیف,محصولات کاغذی لطیف,محصولات کاغذی,61.3,زیر نظر,100,65,64,9,4410,20261007,9.7,16.1,50.5,-10.3,10.9,20.5,56.9,71.3,8,0,true,32.4,3.04,above,0,1.11,3920,,1.37,-5.69,30.32,26.48,7.34,315,14,10.19,37.4,4276,4142,4812,5079,1.5,سهم صفی: 8 روز از ۲۰ روز در صف (ریسک نقدشوندگی و اجرای حد ضرر) | 57٪ بالای MA200 | نقدشوندگی کمتر از ۱۰ میلیارد تومان
دروز,داروسازی‌ روزدارو,مواد و محصولات دارویی,61.1,زیر نظر,100,70,64.5,4,35220,20261007,15.5,49.5,276.8,215.9,21.5,58.7,157.5,90.4,10,0,true,60.9,2.6,above,0,0.35,29757,,2.54,-5.8,3.42,1.76,4.78,164,214.76,12.91,1563.5,34306,33391,37963,39792,1.5,اشباع خرید | فاصله زیاد از MA20 | خروج مستمر پول حقیقی | سهم صفی: 10 روز از ۲۰ روز در صف (ریسک نقدشوندگی و اجرای حد ضرر) | رشد عمودی (277٪ در ۶۰ روز، 59٪ بالای MA50) | P/E بالا (215) | 158٪ بالای MA200 | نقدشوندگی کمتر از ۱۰ میلیارد تومان
سمازن,سیمان‌مازندران‌,سیمان، آهک و گچ,61.1,زیر نظر,100,85,32.5,24,98980,20261007,11.6,9.1,80.9,20,13.4,20.9,90.5,77,4,0,true,37.4,3.02,above,0,1.34,93470,,-26.76,-29.6,7.96,-11.43,21.43,11804,8.39,7.14,17.4,95987,91973,107960,113946,1.28,خروج مستمر پول حقیقی | 90٪ بالای MA200 | حد ضرر دور (7.1٪)
واعتبار,سرمایه گذاری اعتبار ایران,سرمایه گذاریها,61,زیر نظر,100,35,16.2,80,3880,20261007,1.6,36,109,48.2,12,40.3,111.6,81.9,3,0,false,71.4,2.7,above,-0.3,0.63,3610,,-4.31,-1.74,1.37,-0.98,4.67,827,4.69,7.13,-34.2,3775,3618,4194,4404,1.2,اشباع خرید | رشد عمودی (109٪ در ۶۰ روز، 40٪ بالای MA50) | 112٪ بالای MA200 | نقدشوندگی کمتر از ۱۰ میلیارد تومان
شفا,سرمایه گذاری شفادارو,مواد و محصولات دارویی,61,زیر نظر,100,70,64,4,79270,20261007,15.9,22.3,200.5,139.7,23.3,45.6,226,84.7,13,0,true,61.1,2.55,above,0,0.14,66970,,5.46,-73.3,5.46,12.25,26.42,2066,38.37,12.91,197.2,77250,75231,85329,89368,1.5,اشباع خرید | فاصله زیاد از MA20 | خروج مستمر پول حقیقی | سهم صفی: 13 روز از ۲۰ روز در صف (ریسک نقدشوندگی و اجرای حد ضرر) | رشد عمودی (200٪ در ۶۰ روز، 46٪ بالای MA50) | P/E بالا (38) | 226٪ بالای MA200 | شناوری کم (9٪)
دتولید,داروسازی تولید دارو,مواد و محصولات دارویی,60.9,زیر نظر,100,70,63.5,4,9790,20261007,12.8,28,188.8,128,19.4,50.1,179.6,86.6,11,0,true,69.8,2.68,above,0,1.18,8330,,5.86,-38.76,4.54,13.39,37.08,475,20.61,8.86,132.6,9528,9266,10576,11100,1.5,اشباع خرید | فاصله زیاد از MA20 | خروج مستمر پول حقیقی | سهم صفی: 11 روز از ۲۰ روز در صف (ریسک نقدشوندگی و اجرای حد ضرر) | رشد عمودی (189٪ در ۶۰ روز، 50٪ بالای MA50) | 180٪ بالای MA200
کازرو,پتروشیمی کازرون,محصولات شیمیایی,60.9,زیر نظر,100,70,97.5,10,16460,20261007,12.1,48.4,109.2,48.4,25,53,97.8,98.8,20,0,true,85.8,2.27,above,0,1.81,15745,,0.32,4.67,3.11,1.5,1.04,,,,,16086,15558,17583,18332,1.25,نقدشوندگی پایین | اشباع خرید | فاصله زیاد از MA20 | بدون EPS مثبت | سهم صفی: 20 روز از ۲۰ روز در صف (ریسک نقدشوندگی و اجرای حد ضرر) | رشد عمودی (109٪ در ۶۰ روز، 53٪ بالای MA50) | 98٪ بالای MA200 | نقدشوندگی کمتر از ۱۰ میلیارد تومان
پارسیان,بیمه پارسیان,بیمه وصندوق بازنشستگی به جزتامین اجتماعی,60.9,زیر نظر,100,53,1,80,1910,20261007,-4.6,4.4,51.5,-9.4,1.5,12.9,46.7,58.2,3,1,false,38.2,3.29,above,-4.9,0.75,1670,1970,-10.17,-29.95,0.55,-12.63,6.99,865,2.21,4.59,-51.9,1847,1784,1970,2009,0.48,واگرایی منفی RSI | خروج مستمر پول حقیقی | سرانه خرید ضعیف (0.55) | واگرایی منفی | نقدشوندگی کمتر از ۱۰ میلیارد تومان | صف فروش در ۵ روز اخیر
فجهان,جهان فولاد سیرجان,فلزات اساسی,60.8,زیر نظر,100,70,63,4,3710,20261007,9.4,27.2,124.4,63.6,13.2,44.9,100.4,81.2,7,0,true,62.8,2.78,above,0,0.85,3390,,56.11,-17.24,21.82,85.74,36.48,171,21.7,8.05,169.5,3607,3504,4019,4226,1.5,اشباع خرید | سهم صفی: 7 روز از ۲۰ روز در صف (ریسک نقدشوندگی و اجرای حد ضرر) | رشد عمودی (124٪ در ۶۰ روز، 45٪ بالای MA50) | 100٪ بالای MA200
ختراک,ریخته‌گری‌ تراکتورسازی‌ ایران‌,خودرو و ساخت قطعات,60.7,زیر نظر,83,55,57.3,42,1695,20261007,3.7,3.6,16.8,-44,1.2,5.3,10.1,56.2,1,0,false,12.9,3.35,above,-12.5,0.74,1608,1718,1.61,15.65,0.99,-0.13,7.6,206,8.23,,,1638,1579,1718,1779,0.2,واگرایی منفی RSI | بدون روند (ADX پایین) | توزیع: ورود حقیقی با سرانه خرید ضعیف (0.87 در ۲۰ روز) | واگرایی منفی | نقدشوندگی کمتر از ۱۰ میلیارد تومان
سخزر,سیمان‌ خزر,سیمان، آهک و گچ,60.5,زیر نظر,100,100,18.2,24,7320,20261007,5.2,5.2,63.4,2.6,10.2,20.5,62,69.9,4,0,true,31.4,3.22,above,0,0.98,7160,,-31.27,-80.4,1.43,-12.73,19.46,822,8.91,7.14,24.7,7160,7042,8027,8499,2.55,خروج مستمر پول حقیقی | 62٪ بالای MA200
دلر,داروسازی‌ اکسیر,مواد و محصولات دارویی,60.5,زیر نظر,100,75,12,50,30300,20261007,1.6,15.5,81.1,20.3,11.6,16.9,121,70.3,3,0,true,33.7,3.35,above,-1.4,1.2,28330,30720,-85.34,-38.63,0.54,-96.95,41.06,2845,10.65,12.91,-17.5,29284,27822,30720,32752,0.17,121٪ بالای MA200 | سرانه خرید ضعیف (0.54) | حد ضرر دور (8.2٪)
تکاردان,تامین سرمایه کاردان,فعالیتهای کمکی به نهادهای مالی واسط,60.5,زیر نظر,100,40,62,68,2863,20261007,5.8,9.1,35.6,-25.2,5.4,13.9,61.1,73.1,2,0,false,23.3,2.96,above,0,0.79,2833,,0.54,-1.21,14.1,3.22,1.37,632,4.53,5.92,-23.5,2833,2791,3118,3287,3.53,نقدشوندگی پایین | 61٪ بالای MA200 | نقدشوندگی کمتر از ۱۰ میلیارد تومان | شناوری کم (5٪)
ولراز,لیزینگ رازی,سایر واسطه گریهای مالی,60.5,زیر نظر,100,70,61,25,6220,20260923,15.2,63.7,227.9,167.1,26.9,66.8,153.5,97.5,11,0,true,83.3,2.51,above,0,0.36,2771,,-0.32,12.36,4.1,3.8,4.39,322,19.32,,,6064,5908,6688,7000,1.5,اشباع خرید | فاصله زیاد از MA20 | سهم صفی: 11 روز از ۲۰ روز در صف (ریسک نقدشوندگی و اجرای حد ضرر) | رشد عمودی (228٪ در ۶۰ روز، 67٪ بالای MA50) | 153٪ بالای MA200 | نقدشوندگی کمتر از ۱۰ میلیارد تومان | آخرین معامله 20260923 (متوقف یا کم‌معامله)
حریل,ریل پردازسیر,حمل ونقل، انبارداری و ارتباطات,60.4,زیر نظر,85,45,69.6,34,2919,20261007,0,-3.9,29.9,-30.9,-2.8,8.9,32.7,53.3,1,0,false,28.4,3.03,above,-14.4,1.06,2851,3410,0.71,0.96,1.26,2.51,3.99,303,9.63,7.68,25.4,2851,2806,3410,3587,4.35,نقدشوندگی کمتر از ۱۰ میلیارد تومان
سدور,سیمان‌ دورود,سیمان، آهک و گچ,60.4,زیر نظر,100,60,63.5,10,37560,20261007,10.5,16.8,118.5,57.7,8.3,32.9,101.7,73.4,5,0,false,48.8,3.22,above,0,0.76,32130,,3.09,-0.76,5.2,3.38,15.2,,,7.14,,36351,35143,41186,43603,1.5,بدون EPS مثبت | رشد عمودی (118٪ در ۶۰ روز، 33٪ بالای MA50) | 102٪ بالای MA200
کسرام,پارس‌ سرام‌,سایر محصولات کانی غیرفلزی,60.3,زیر نظر,100,85,49.3,4,17360,20261007,8.4,20.8,65.2,4.3,17.1,31.2,78.7,78.9,1,0,true,41.5,3.09,above,-0.2,1.02,14980,,1.72,-9.84,1.03,2.31,10.43,697,24.91,12.75,95.3,16823,16286,18972,20046,1.5,اشباع خرید | فاصله زیاد از MA20 | رشد عمودی (65٪ در ۶۰ روز، 31٪ بالای MA50) | 79٪ بالای MA200
تایرا,تراکتورسازی‌ایران‌,ماشین آلات و تجهیزات,60.3,زیر نظر,100,65,14.3,55,3650,20261007,4.6,19,41.9,-19,11,22.3,58.3,75.6,2,0,true,37.3,3.3,above,0,1.26,3330,,-14.72,-44.8,0.89,-13.19,16.78,754,4.84,5.15,-6,3530,3349,4011,4251,1.2,واگرایی منفی RSI | خروج مستمر پول حقیقی | 58٪ بالای MA200 | واگرایی منفی | حد ضرر دور (8.2٪)
پارسان,گسترش نفت و گاز پارسیان,محصولات شیمیایی,60.3,زیر نظر,100,80,33.1,24,38180,20261007,3.6,9.5,38,-22.8,7.2,19.9,54.3,68.7,0,0,true,34.6,3.29,above,-0.4,0.83,37660,,-2.48,233.21,1,-4.11,136.77,3483,10.96,9.63,13.8,37660,37031,41951,44466,3.28,توزیع: ورود حقیقی با سرانه خرید ضعیف (0.89 در ۲۰ روز) | 54٪ بالای MA200
ددانا,داروسازی دانا,مواد و محصولات دارویی,60.3,زیر نظر,100,85,29,24,24570,20261007,7.2,15,131.6,70.7,14.6,21,150.4,71.5,7,0,true,40.6,2.87,above,-0.7,2.18,23810,,-14.95,24.97,0.82,-82.59,47.61,2409,10.2,8.86,15.1,23864,23457,26689,28101,1.9,سهم صفی: 7 روز از ۲۰ روز در صف (ریسک نقدشوندگی و اجرای حد ضرر) | رشد عمودی (132٪ در ۶۰ روز، 21٪ بالای MA50) | توزیع: ورود حقیقی با سرانه خرید ضعیف (0.87 در ۲۰ روز) | 150٪ بالای MA200
انتخاب,گروه انتخاب الکترونیک آرمان,ماشین آلات و تجهیزات,60.3,زیر نظر,100,60,36,37,2650,20261007,7.5,7.4,92.9,32,7.4,27,107.2,72.3,2,0,false,52.3,3.17,above,-0.3,1.09,2547,,-25.24,-173.22,2.79,8.29,55.1,271,9.78,9.66,1.2,2566,2505,2902,3070,1.74,خروج مستمر پول حقیقی | 107٪ بالای MA200
وحکمت,بیمه حکمت صبا,بیمه وصندوق بازنشستگی به جزتامین اجتماعی,60.3,زیر نظر,100,45,53,32,1627,20261007,-5.3,8.5,29.1,-31.7,3.5,11,28.6,58.4,1,0,false,28,3.7,above,-7.5,1.04,1589,1758,-10.85,5.76,1.93,13.73,11.01,199,8.18,,,1589,1559,1758,1879,1.91,
لخزر,پارس‌ خزر,ماشین آلات و تجهیزات,60.1,زیر نظر,100,63,2,68,4820,20261007,-1.2,7.1,54,-6.9,0.8,13.2,53.4,59,2,0,false,29.9,3.18,above,-7.3,0.67,4710,4960,-2.84,-13.03,0.63,-11.22,9.61,1120,4.3,5.15,-16.4,4710,4633,4960,5200,0.75,خروج مستمر پول حقیقی | 53٪ بالای MA200 | سرانه خرید ضعیف (0.63) | نقدشوندگی کمتر از ۱۰ میلیارد تومان | شناوری کم (10٪)
کرمان,س. توسعه و عمران استان کرمان,انبوه سازی، املاک و مستغلات,60,زیر نظر,95,55,78,4,1568,20261007,14.1,6.8,44.5,-16.3,6.5,18.2,44.7,66.5,6,0,false,42.3,3.09,above,-4.4,0.99,1454,1640,63.5,39.46,4.35,114.1,76.3,2,784,23.59,3223.4,1519,1447,1640,1737,0.59,واگرایی منفی RSI | سهم صفی: 6 روز از ۲۰ روز در صف (ریسک نقدشوندگی و اجرای حد ضرر) | P/E بالا (784) | توزیع: ورود حقیقی با سرانه خرید ضعیف (0.83 در ۲۰ روز) | واگرایی منفی | حد ضرر دور (7.7٪)
ثغرب,شرکت سرمایه گذاری مسکن شمالغرب,انبوه سازی، املاک و مستغلات,60,زیر نظر,100,60,88,4,20090,20261006,9.1,59.3,285.6,224.8,20.2,65.2,231,87,16,1,true,81.7,2.35,above,0,0.65,18980,,7.56,37.66,2.79,16.42,9.37,415,48.41,23.59,105.2,19618,18910,21506,22450,1.2,اشباع خرید | فاصله زیاد از MA20 | سهم صفی: 16 روز از ۲۰ روز در صف (ریسک نقدشوندگی و اجرای حد ضرر) | رشد عمودی (286٪ در ۶۰ روز، 65٪ بالای MA50) | P/E بالا (48) | 231٪ بالای MA200 | نقدشوندگی کمتر از ۱۰ میلیارد تومان | صف فروش در ۵ روز اخیر | آخرین معامله 20261006 (متوقف یا کم‌معامله)
وحافظ,بیمه حافظ,بیمه وصندوق بازنشستگی به جزتامین اجتماعی,60,زیر نظر,54,80,66.2,45,2460,20261007,4.6,6.1,-13.8,-74.6,3.9,7.5,-3.9,60.9,0,0,true,13.7,3.59,inside,-29.8,1.26,2409,2512,2.41,9.37,0.89,-4.13,8.15,199,12.36,,,2409,2365,2512,2597,0.54,بدون روند (ADX پایین) | نقدشوندگی کمتر از ۱۰ میلیارد تومان
ساروج,بین المللی ساروج بوشهر,سیمان، آهک و گچ,60,زیر نظر,64,45,49.1,78,58150,20261007,-0.5,-3,2.2,-58.7,-0.4,1.8,9.8,52,0,0,false,12.4,3.08,inside,-16.7,1.27,55794,59320,7.2,4.26,1.06,-0.22,4.82,11890,4.89,6.69,-26.9,56357,54897,59320,61211,0.36,بدون روند (ADX پایین) | توزیع: ورود حقیقی با سرانه خرید ضعیف (0.78 در ۲۰ روز) | نقدشوندگی کمتر از ۱۰ میلیارد تومان
خمهر,مهرکام‌پارس‌,خودرو و ساخت قطعات,59.9,زیر نظر,100,85,31.8,20,4160,20261007,8.6,19.5,69.7,8.9,9.3,28.7,78.3,76.4,3,0,true,57.3,3.43,above,0,0.83,4080,,-2.04,-29.68,1.41,21.64,19.31,105,39.62,,,4080,4009,4588,4874,2.83,خروج مستمر پول حقیقی | P/E بالا (40) | 78٪ بالای MA200
شکام,صنایع شیمیایی کیمیاگران امروز,محصولات شیمیایی,59.8,زیر نظر,100,70,39.3,24,12800,20261007,11,22.8,134.5,73.7,17.5,39.1,171.7,84,8,0,true,44.5,3.13,above,0,1.2,11080,,30.11,-108.99,0.83,-110.41,73.87,1258,10.17,8.01,27,12399,11999,14002,14804,1.5,اشباع خرید | فاصله زیاد از MA20 | خروج مستمر پول حقیقی | سهم صفی: 8 روز از ۲۰ روز در صف (ریسک نقدشوندگی و اجرای حد ضرر) | رشد عمودی (135٪ در ۶۰ روز، 39٪ بالای MA50) | 172٪ بالای MA200
درازی,پخش رازی,مواد و محصولات دارویی,59.7,زیر نظر,100,70,78.8,4,64360,20260930,15.9,78.7,476.4,415.6,30.4,87.5,261,99.9,19,0,true,96.7,2.14,above,0,1.78,16938,,5.92,19.17,1.37,-14.94,13.08,2400,26.82,8.86,202.7,62981,61602,68497,71255,1.5,اشباع خرید | فاصله زیاد از MA20 | سهم صفی: 19 روز از ۲۰ روز در صف (ریسک نقدشوندگی و اجرای حد ضرر) | رشد عمودی (476٪ در ۶۰ روز، 87٪ بالای MA50) | 261٪ بالای MA200 | آخرین معامله 20260930 (متوقف یا کم‌معامله)
افق,فروشگاههای زنجیره ای افق کوروش,خرده فروشی،باستثنای وسایل نقلیه موتوری,59.7,زیر نظر,100,85,41.7,9,87870,20261007,13.5,20,79.1,18.3,16.9,23,109.6,78,4,0,true,36.9,2.98,above,0,1.27,77550,,29.14,-27.05,0.89,-19.31,45.48,5195,16.91,12.78,32.4,85255,82640,95715,100944,1.5,واگرایی منفی RSI | اشباع خرید | فاصله زیاد از MA20 | 110٪ بالای MA200 | واگرایی منفی | شناوری کم (12٪)
سبجنو,سیمان‌ بجنورد,سیمان، آهک و گچ,59.6,زیر نظر,100,65,19.5,47,62190,20261007,12.8,13.7,48.4,-12.4,16.5,23.3,72,79.9,3,0,true,29.9,3.02,above,0,0.98,56370,,-14.87,-34.42,1.5,-4.66,8.1,8801,7.07,7.14,-1,60311,58432,67826,71584,1.5,واگرایی منفی RSI | اشباع خرید | فاصله زیاد از MA20 | خروج مستمر پول حقیقی | 72٪ بالای MA200 | واگرایی منفی | نقدشوندگی کمتر از ۱۰ میلیارد تومان | شناوری کم (11٪)
اروند,پتروشیمی اروند,محصولات شیمیایی,59.6,زیر نظر,95,55,61.5,19,56760,20261007,5.4,7.4,10,-50.9,3,12.3,,60.6,4,0,false,27.2,3.02,above,-15.8,1.04,54395,58131,176.07,-123.18,19.26,307.71,105.04,3275,17.33,9.63,80,55046,53538,58131,60430,0.43,خروج مستمر پول حقیقی | شناوری کم (13٪)
دسینا,داروسازی‌ سینا,مواد و محصولات دارویی,59.6,زیر نظر,100,70,12.5,50,100150,20261007,1.1,12.8,50.6,-10.3,9.8,17.8,86.4,65.6,7,0,true,32.8,2.9,above,-1.3,1.41,95740,101430,-38.75,-39.49,0.36,-49.39,11.64,9289,10.78,12.91,-16.5,97244,94287,101430,107242,0.22,خروج مستمر پول حقیقی | سهم صفی: 7 روز از ۲۰ روز در صف (ریسک نقدشوندگی و اجرای حد ضرر) | 86٪ بالای MA200 | سرانه خرید ضعیف (0.36)
پاکشو,گروه صنعتی پاکشو,محصولات شیمیایی,59.6,زیر نظر,100,85,41.3,9,14470,20261007,9,28.2,89,28.2,14.2,27.3,119.1,75.1,9,0,true,38.2,2.95,above,-0.8,1.15,12800,,-1.92,22.06,1.33,-8.74,11.43,1090,13.28,9.63,37.9,14043,13615,15752,16607,1.5,واگرایی منفی RSI | سهم صفی: 9 روز از ۲۰ روز در صف (ریسک نقدشوندگی و اجرای حد ضرر) | 119٪ بالای MA200 | واگرایی منفی | شناوری کم (10٪)
ارفع,شرکت آهن و فولاد ارفع,فلزات اساسی,59.5,زیر نظر,100,75,21,37,15670,20261007,2.5,36.6,81,20.2,11.5,32.3,146.1,75.6,11,0,true,50.6,2.88,above,0,0.66,15380,,-51.76,-106.37,3.17,-56.15,58.31,1926,8.14,8.05,1.1,15380,15154,17026,17930,2.63,واگرایی منفی RSI | خروج مستمر پول حقیقی | سهم صفی: 11 روز از ۲۰ روز در صف (ریسک نقدشوندگی و اجرای حد ضرر) | رشد عمودی (81٪ در ۶۰ روز، 32٪ بالای MA50) | 146٪ بالای MA200 | واگرایی منفی
فنر,پارس فنر,خودرو و ساخت قطعات,59.5,زیر نظر,100,70,53,9,8860,20261007,10.1,43.1,119,58.1,20.1,43.3,134.5,88.4,1,0,true,66.5,3,above,-3.7,0.96,6690,,-1.81,9.12,2.21,13.64,9.27,636,13.93,5.87,137.3,8594,8328,9659,10191,1.5,اشباع خرید | فاصله زیاد از MA20 | رشد عمودی (119٪ در ۶۰ روز، 43٪ بالای MA50) | 134٪ بالای MA200 | نقدشوندگی کمتر از ۱۰ میلیارد تومان
حسیر,ریل سیر کوثر,حمل ونقل، انبارداری و ارتباطات,59.5,زیر نظر,100,58,62.5,9,9190,20261007,9.3,30.4,58.6,-2.2,13.2,32.2,98.8,80.5,2,0,true,58.4,3.24,above,-3.9,1.71,8440,,42.4,62.1,0.7,-67.72,27.76,758,12.12,7.68,57.9,8892,8445,10084,10681,1.2,اشباع خرید | رشد عمودی (59٪ در ۶۰ روز، 32٪ بالای MA50) | توزیع: ورود حقیقی با سرانه خرید ضعیف (0.78 در ۲۰ روز) | 99٪ بالای MA200 | سرانه خرید ضعیف (0.70) | حد ضرر دور (8.1٪)
وآذر,سرمایه‌گذاری‌توسعه‌آذربایجان‌,انبوه سازی، املاک و مستغلات,59.5,زیر نظر,100,88,37.5,10,7880,20261007,2.5,7.8,55.7,-5.1,8.4,20.7,64.1,69,1,0,true,24.4,3.47,above,0,0.84,7650,,-4.99,-16.99,1.69,8.76,12.5,,,6.61,,7650,7513,8699,9246,2.24,واگرایی منفی RSI | خروج مستمر پول حقیقی | بدون EPS مثبت | 64٪ بالای MA200 | واگرایی منفی
فروس,فروسیلیس‌ ایران‌,فلزات اساسی,59.5,زیر نظر,85,55,31.9,60,4170,20261007,2.5,2.5,40.1,-20.7,-1.8,14.1,58.2,57.4,10,0,false,34.4,3.03,above,-13.5,1.05,4000,4260,3.21,-28.74,0.98,-2.91,8.02,440,9.48,13.48,-29.7,4044,3937,4260,4820,0.39,خروج مستمر پول حقیقی | سهم صفی: 10 روز از ۲۰ روز در صف (ریسک نقدشوندگی و اجرای حد ضرر) | 58٪ بالای MA200 | نقدشوندگی کمتر از ۱۰ میلیارد تومان
بهامرز,بیمه زندگی هامرز,بیمه وصندوق بازنشستگی به جزتامین اجتماعی,59.4,زیر نظر,100,70,41.7,20,9520,20261007,15.5,64.4,187,126.2,26.5,70.1,179.1,97.9,17,0,true,82.3,2.45,above,0,0.53,6600,,-0.49,6.19,1.37,-1.18,3.21,253,37.63,,,9287,9054,10220,10686,1.5,اشباع خرید | فاصله زیاد از MA20 | سهم صفی: 17 روز از ۲۰ روز در صف (ریسک نقدشوندگی و اجرای حد ضرر) | رشد عمودی (187٪ در ۶۰ روز، 70٪ بالای MA50) | P/E بالا (38) | 179٪ بالای MA200 | نقدشوندگی کمتر از ۱۰ میلیارد تومان
بانیان,نیان باتری خاوران,ماشین آلات و دستگاه‌های برقی,59.3,زیر نظر,100,80,37,16,19660,20261007,6.2,12.5,50.3,-10.5,8.9,16.2,,69.1,0,0,true,30.4,2.98,above,-0.7,0.69,19303,,-0.64,-4.88,6.89,31.18,13.32,1652,11.9,5.95,100,19303,19010,21417,22588,2.7,
سآبیک,سیمان آبیک,سیمان، آهک و گچ,59.2,زیر نظر,100,80,29,24,82780,20261007,7.3,3.2,46.3,-14.6,9.6,13,55,67.8,3,0,true,22.4,3.2,above,-0.1,0.91,78590,,-24.67,-43.27,1.34,0.13,13.65,10205,8.11,7.14,13.6,80131,77266,90726,96024,1.44,خروج مستمر پول حقیقی | 55٪ بالای MA200
کحافظ,کاشی‌ وسرامیک‌ حافظ‌,کاشی و سرامیک,59.2,زیر نظر,95,88,5.5,47,2803,20261007,4,3.7,53.7,-7.1,6.5,15.8,69.5,65.9,3,0,true,26.6,3.43,above,-2.5,1.14,2767,2875,-35.36,-55.85,0.96,-24,20.63,388,7.22,7.65,-5.6,2767,2719,2875,3067,0.86,خروج مستمر پول حقیقی | 70٪ بالای MA200
خزامیا,زامیاد,خودرو و ساخت قطعات,59,زیر نظر,100,75,36,20,1779,20261007,0.1,6,63.5,2.6,3.7,15.8,46.6,61.8,1,0,false,37.3,3.26,above,-0.7,0.85,1727,,3.5,-4.4,1.16,-12.06,139.16,85,20.93,,,1727,1698,1953,2069,2.15,واگرایی منفی RSI | واگرایی منفی
وآرین,گروه توسعه اقتصادی آرین,سرمایه گذاریها,59,زیر نظر,100,75,36,20,3045,20261007,5.8,8.8,91.4,30.5,4.4,23.9,69.2,68.7,1,0,false,45.1,3.44,above,-5.4,0.63,2713,3220,-0.24,-12.36,2.47,4.97,3.36,62,49.11,,,2940,2836,3220,3429,0.84,خروج مستمر پول حقیقی | P/E بالا (49) | 69٪ بالای MA200 | نقدشوندگی کمتر از ۱۰ میلیارد تومان
آریا,پلیمر آریا ساسول,محصولات شیمیایی,58.9,زیر نظر,100,60,51.5,16,54340,20261007,7.9,53.8,79.1,18.3,19.4,48.1,69.5,89.8,5,0,true,70.7,2.99,above,0,0.56,48000,,-48.3,18.07,3.42,18.26,109.05,4878,11.14,8.01,39.1,52713,51086,59221,62475,1.5,اشباع خرید | فاصله زیاد از MA20 | رشد عمودی (79٪ در ۶۰ روز، 48٪ بالای MA50) | 69٪ بالای MA200
سجام,مجتمع سیمان غرب آسیا,سیمان، آهک و گچ,58.9,زیر نظر,100,65,16.5,47,11060,20261007,-1.7,14.8,70.2,9.3,6.5,19.7,101.3,66,2,0,false,36.3,3.2,above,-3.5,0.96,10420,11460,-16.72,14.83,0.53,-49.89,21.53,1760,6.28,6.69,-6.1,10707,10243,11460,12167,0.49,توزیع: ورود حقیقی با سرانه خرید ضعیف (0.75 در ۲۰ روز) | 101٪ بالای MA200 | سرانه خرید ضعیف (0.53) | حد ضرر دور (7.4٪)
کیسون,شرکت کیسون,خدمات فنی و مهندسی,58.9,زیر نظر,73,45,75.9,36,1803,20261007,0,-3.6,19.3,-41.5,-2.7,3.2,11.9,50.5,2,0,false,16.2,3.56,above,-35.4,0.95,1755,1836,18.28,34.1,1.09,2.56,28.54,166,10.86,2.41,350.7,1755,1723,1836,1881,0.41,
کی بی سی,شرکت کی بی سی,مواد و محصولات دارویی,58.8,زیر نظر,100,70,50,9,14700,20261007,15.3,27.4,149.2,88.3,18.3,45.8,178,84.1,15,0,true,60.8,2.57,above,0,0.71,13120,,34.33,-22.03,2.28,-1.41,30.46,1043,14.09,8.86,59.1,14322,13944,15835,16591,1.5,اشباع خرید | فاصله زیاد از MA20 | سهم صفی: 15 روز از ۲۰ روز در صف (ریسک نقدشوندگی و اجرای حد ضرر) | رشد عمودی (149٪ در ۶۰ روز، 46٪ بالای MA50) | 178٪ بالای MA200
وسپه,سرمایه‌گذاری‌ سپه‌,سرمایه گذاریها,58.8,زیر نظر,100,65,3,60,7710,20261007,-2,11.9,66.5,5.7,4.4,21.3,59.2,65.1,2,0,false,45.7,3.17,above,-3,1.08,6860,7950,-6.84,-58.78,0.6,-68.64,40.64,1251,6.16,7.13,-13.6,7465,7221,7950,8439,0.49,واگرایی منفی RSI | خروج مستمر پول حقیقی | 59٪ بالای MA200 | سرانه خرید ضعیف (0.60) | واگرایی منفی
زنجان,صنایع کشاورزی وکود زنجان,محصولات شیمیایی,58.8,زیر نظر,100,70,89,10,2902,20261007,11.3,43.4,90.8,30,20.6,45.6,92.9,98.6,20,0,true,79.6,2.26,above,0,0.92,1811,,1.02,4.57,22.31,2.74,0.68,,,,,2836,2771,3099,3230,1.5,نقدشوندگی پایین | اشباع خرید | فاصله زیاد از MA20 | بدون EPS مثبت | سهم صفی: 20 روز از ۲۰ روز در صف (ریسک نقدشوندگی و اجرای حد ضرر) | رشد عمودی (91٪ در ۶۰ روز، 46٪ بالای MA50) | 93٪ بالای MA200 | نقدشوندگی کمتر از ۱۰ میلیارد تومان
مارون,پتروشیمی مارون,محصولات شیمیایی,58.7,زیر نظر,100,63,27.5,37,29870,20261007,-1.4,53.1,52.9,-8,14.1,41.9,55.3,77,15,0,true,65.5,2.59,above,-4.2,2.8,23679,31190,-94.73,141.65,0.6,-169.66,56.2,3493,8.55,8.01,6.8,29097,28324,31190,32736,0.85,سهم صفی: 15 روز از ۲۰ روز در صف (ریسک نقدشوندگی و اجرای حد ضرر) | رشد عمودی (53٪ در ۶۰ روز، 42٪ بالای MA50) | توزیع: ورود حقیقی با سرانه خرید ضعیف (0.89 در ۲۰ روز) | 55٪ بالای MA200 | سرانه خرید ضعیف (0.60)
شاملا,معدنی‌ املاح‌  ایران‌,محصولات شیمیایی,58.6,زیر نظر,100,85,22.5,24,46360,20261007,6.2,16.3,73.4,12.6,12.6,23.6,98.3,76.5,4,0,true,32.5,3.25,above,0,0.9,44260,,-22.36,-41.84,5.06,-16.82,25.63,4322,10.73,9.63,11.4,44852,43506,50883,53899,1.58,خروج مستمر پول حقیقی | 98٪ بالای MA200
وامین,سرمایه گذاری امین مهرگان,سرمایه گذاریها,58.6,زیر نظر,100,50,37.5,37,6620,20261007,-0.2,34.8,93.5,32.7,8.1,38.3,75.2,75.6,8,0,false,63.3,2.69,above,-3.5,1.25,6260,6860,-16.42,5.88,3.2,-2.5,17.17,785,8.43,8.73,-3.4,6442,6176,6860,7215,0.54,سهم صفی: 8 روز از ۲۰ روز در صف (ریسک نقدشوندگی و اجرای حد ضرر) | رشد عمودی (94٪ در ۶۰ روز، 38٪ بالای MA50) | 75٪ بالای MA200
فرآور,فرآوری‌موادمعدنی‌ایران‌,فلزات اساسی,58.5,زیر نظر,100,40,73,9,8790,20261007,7.2,50,48.1,-12.7,16.6,42,59.6,83.4,13,0,true,57,2.66,above,0,0.95,7720,,1.15,114.16,3.35,-74.56,38.65,456,19.28,13.48,43,8556,8322,9492,9959,1.5,واگرایی منفی RSI | اشباع خرید | فاصله زیاد از MA20 | سهم صفی: 13 روز از ۲۰ روز در صف (ریسک نقدشوندگی و اجرای حد ضرر) | رشد عمودی (48٪ در ۶۰ روز، 42٪ بالای MA50) | 60٪ بالای MA200 | واگرایی منفی
ساینا,صنایع بهداشتی ساینا,محصولات شیمیایی,58.4,زیر نظر,100,85,28.5,37,14640,20261006,8.4,32.1,110.3,49.5,12.8,29.1,142.5,77.7,6,0,true,59.5,3.43,above,-4.8,1.44,13170,,-3.1,0.12,0.64,-109.15,31.15,1820,8.04,8.01,0.4,14138,13386,16145,17149,1.2,سهم صفی: 6 روز از ۲۰ روز در صف (ریسک نقدشوندگی و اجرای حد ضرر) | رشد عمودی (110٪ در ۶۰ روز، 29٪ بالای MA50) | توزیع: ورود حقیقی با سرانه خرید ضعیف (0.72 در ۲۰ روز) | 143٪ بالای MA200 | سرانه خرید ضعیف (0.64) | حد ضرر دور (8.6٪) | آخرین معامله 20261006 (متوقف یا کم‌معامله)
زکوثر,سرمایه گذاری کشاورزی کوثر,زراعت و خدمات وابسته,58.4,زیر نظر,100,85,36.5,9,103410,20261007,8.7,19.4,121.8,61,17.1,29.9,123.1,78.8,6,0,true,40,2.98,above,0,0.79,90345,,-7.23,-100.72,8.71,30.27,25.72,6364,16.25,6.33,156.7,100328,97246,112657,118821,1.5,واگرایی منفی RSI | اشباع خرید | فاصله زیاد از MA20 | خروج مستمر پول حقیقی | سهم صفی: 6 روز از ۲۰ روز در صف (ریسک نقدشوندگی و اجرای حد ضرر) | رشد عمودی (122٪ در ۶۰ روز، 30٪ بالای MA50) | 123٪ بالای MA200 | واگرایی منفی
گنگین,گروه اقتصادی مالی نگین,شرکتهای چند رشته ای صنعتی,58.4,زیر نظر,100,53,79,32,17780,20261007,-0.8,9.8,52.4,-8.5,2.2,15.9,67.6,66.9,1,0,false,40.6,2.79,above,-3.8,1.05,16570,18480,3.93,1.55,2.24,2.47,2.09,1700,10.46,,,17283,16538,18480,19473,0.56,نقدشوندگی پایین | واگرایی منفی RSI | 68٪ بالای MA200 | واگرایی منفی | نقدشوندگی کمتر از ۱۰ میلیارد تومان
سهگمت,سیمان‌هگمتان‌,سیمان، آهک و گچ,58.3,زیر نظر,88,70,11.5,60,158000,20261007,1.3,7,24.2,-36.6,7.9,13.1,31.3,66.3,1,0,true,19.6,2.94,above,-4.7,1.24,152400,165789,-36.15,-74.09,0.63,-22.76,16.03,27300,5.79,7.14,-18.9,153360,150080,165789,175069,0.98,واگرایی منفی RSI | خروج مستمر پول حقیقی | سرانه خرید ضعیف (0.63) | واگرایی منفی
گدنا,تهیه توزیع غذای دنا آفرین فدک,هتل و رستوران,58.3,زیر نظر,95,45,47,36,7050,20261007,2.6,-3,37.1,-23.8,0.7,7.8,31,56.3,2,0,false,24.5,3.21,above,-10.8,1.2,6515,7190,-16.79,-24.22,3.15,42.87,16.83,1145,6.16,4.69,31.3,6823,6484,7190,7900,0.25,خروج مستمر پول حقیقی | حد ضرر دور (8.0٪)
غگلپا,شیر پاستوریزه پگاه گلپایگان,محصولات غذایی و آشامیدنی به جز قند و شکر,58.2,زیر نظر,100,70,41,16,28570,20261007,9,25.5,112.9,52.1,15.5,31.9,110.3,81.3,2,0,true,62.2,2.94,above,-0.6,1.24,24560,,1.83,-15.16,0.96,-2.51,10.3,2729,10.47,7.05,48.5,27729,26888,31094,32776,1.5,اشباع خرید | فاصله زیاد از MA20 | خروج مستمر پول حقیقی | رشد عمودی (113٪ در ۶۰ روز، 32٪ بالای MA50) | 110٪ بالای MA200
کتوکا,تولیدی و خدمات صنایع نسوز توکا,سایر محصولات کانی غیرفلزی,58.1,زیر نظر,100,75,2.5,50,8840,20261007,2.6,10.2,127.2,66.4,2.6,31.5,105.7,67.7,6,0,false,60.1,3.2,above,-5.4,0.79,8185,9340,-2.04,-13.4,0.79,-28.68,31.04,983,8.99,10.33,-12.9,8557,8133,9340,9906,0.71,سهم صفی: 6 روز از ۲۰ روز در صف (ریسک نقدشوندگی و اجرای حد ضرر) | رشد عمودی (127٪ در ۶۰ روز، 32٪ بالای MA50) | 106٪ بالای MA200 | سرانه خرید ضعیف (0.79) | حد ضرر دور (8.0٪)
آبین,کشت و صنعت آبشیرین,زراعت و خدمات وابسته,58.1,زیر نظر,100,70,36.5,20,15250,20261007,15.7,71.3,95.2,34.4,28,68.1,207.2,97.8,16,0,true,76.9,2.49,above,0,0.23,8305,,-0.08,-4.56,2.54,4.22,5.08,235,64.89,,,14870,14490,16390,17151,1.5,اشباع خرید | فاصله زیاد از MA20 | سهم صفی: 16 روز از ۲۰ روز در صف (ریسک نقدشوندگی و اجرای حد ضرر) | رشد عمودی (95٪ در ۶۰ روز، 68٪ بالای MA50) | P/E بالا (65) | 207٪ بالای MA200 | نقدشوندگی کمتر از ۱۰ میلیارد تومان | واگرایی مثبت RSI
غشهداب,کشت و صنعت شهداب ناب خراسان,محصولات غذایی و آشامیدنی به جز قند و شکر,58.1,زیر نظر,100,75,5.4,47,2588,20261007,0.5,13.6,74.8,14,4.1,14.6,74.8,63.9,2,0,false,34.9,3.5,above,-2.8,0.87,2415,2662,-11.07,-15.22,0.92,-14.31,19.71,401,6.45,7.05,-8.5,2497,2370,2662,2843,0.34,75٪ بالای MA200 | حد ضرر دور (8.4٪)
فرابورس,فرابورس ایران,فعالیتهای کمکی به نهادهای مالی واسط,58.1,زیر نظر,88,55,73.7,9,7690,20261007,3.9,8.2,6.1,-54.8,3.6,11.6,51.8,61.6,1,0,false,16.9,3.43,above,-4,0.85,7500,8010,3.88,21.68,1.47,40.7,75.66,441,17.44,9.46,84.3,7500,7368,8010,8537,0.99,52٪ بالای MA200
سلیم,سرمایه گذاری سلیم,سرمایه گذاریها,58,زیر نظر,100,65,36,24,1545,20261007,11.1,12.5,45.4,-15.4,11,15.8,38.6,71.5,1,0,true,29,3.11,above,-0.1,1.03,1491,,-3.78,-22.14,1.74,14.5,11.39,146,10.58,8.73,21.2,1497,1467,1689,1786,1.85,واگرایی منفی RSI | خروج مستمر پول حقیقی | واگرایی منفی
کرماشا,صنایع پتروشیمی کرمانشاه,محصولات شیمیایی,58,زیر نظر,85,55,26,60,28510,20261007,-1.3,4.4,19.6,-41.2,-2.1,8.9,54.7,53.6,2,0,false,31.7,3.35,above,-12.2,0.5,27765,29000,-14.01,62.24,1.18,-24.62,92.33,3386,8.42,9.63,-12.6,27765,27287,29000,29840,0.4,توزیع: ورود حقیقی با سرانه خرید ضعیف (0.81 در ۲۰ روز) | 55٪ بالای MA200
وآفر,سرمایه گذاری ارزش آفرینان,سرمایه گذاریها,58,زیر نظر,100,70,65.8,30,12880,20261007,2.8,9.1,31.2,-29.7,4.5,14.8,19.5,62.5,0,0,true,46.2,3.79,above,-19.5,0.99,12463,13150,0.07,0.49,1.11,0.48,2.92,369,34.91,,,12463,12219,13150,16000,0.41,نقدشوندگی پایین | P/E بالا (35) | نقدشوندگی کمتر از ۱۰ میلیارد تومان
سغرب,سیمان‌غرب‌,سیمان، آهک و گچ,57.9,زیر نظر,88,80,5.1,57,8750,20261007,1,0.7,24.6,-36.2,5.1,7.4,20.9,61.9,0,0,true,18.1,3.17,above,-13.2,0.89,8339,8950,-5.39,-15.24,0.96,-6.17,7.65,1220,7.17,7.14,0.5,8473,8200,8950,10080,0.36,خروج مستمر پول حقیقی | نقدشوندگی کمتر از ۱۰ میلیارد تومان
وتوسکا,سرمایه گذاری توسعه توکا,سرمایه گذاریها,57.9,زیر نظر,95,55,88.5,25,1701,20261007,-0.2,5.6,35,-25.8,0.4,8.5,27.4,54.7,6,2,false,26.2,3.27,above,-8.8,1.13,1634,1776,2.33,3.67,2.33,4.57,1.39,100,17.01,,,1645,1606,1776,1866,0.79,نقدشوندگی پایین | سهم صفی: 6 روز از ۲۰ روز در صف (ریسک نقدشوندگی و اجرای حد ضرر) | نقدشوندگی کمتر از ۱۰ میلیارد تومان | صف فروش در ۵ روز اخیر
دارو,کارخانجات‌داروپخش‌,مواد و محصولات دارویی,57.9,زیر نظر,100,70,25.4,30,10620,20261007,10.3,24.8,102.3,41.5,20.1,27.7,161.8,81.9,9,0,true,45.4,3.14,above,-0.1,2.15,9400,,-35.47,-35.58,1.26,-207.27,86.99,841,12.63,12.91,-2.2,10286,9952,11622,12289,1.5,اشباع خرید | فاصله زیاد از MA20 | سهم صفی: 9 روز از ۲۰ روز در صف (ریسک نقدشوندگی و اجرای حد ضرر) | رشد عمودی (102٪ در ۶۰ روز، 28٪ بالای MA50) | 162٪ بالای MA200 | شناوری کم (13٪)
غشهد,شهد ایران ‌,محصولات غذایی و آشامیدنی به جز قند و شکر,57.8,زیر نظر,100,55,7.1,60,9800,20261007,4.4,18.1,31.6,-29.3,2.1,14.6,50.4,61.3,8,0,false,20.1,3.29,above,-8,0.69,8940,10650,-4.01,-4.72,1.02,-4.91,8.93,1466,6.68,8.53,-21.6,9477,8994,10650,11295,1.05,سهم صفی: 8 روز از ۲۰ روز در صف (ریسک نقدشوندگی و اجرای حد ضرر) | 50٪ بالای MA200 | حد ضرر دور (8.2٪) | نقدشوندگی کمتر از ۱۰ میلیارد تومان
خبهمن,گروه‌بهمن‌,خودرو و ساخت قطعات,57.8,زیر نظر,85,45,43,50,2599,20261007,-2.5,-1.9,46.6,-14.2,-1,3.5,47.7,51.9,1,0,false,23.5,3.53,above,-9.4,1.03,2538,2691,14.84,30.3,0.69,-144.55,117.24,560,4.64,,,2538,2492,2691,2808,0.86,توزیع: ورود حقیقی با سرانه خرید ضعیف (0.70 در ۲۰ روز) | سرانه خرید ضعیف (0.69)
غشوکو,شوکو پارس,محصولات غذایی و آشامیدنی به جز قند و شکر,57.7,زیر نظر,100,100,8.8,42,8910,20261006,8.1,9.3,65.3,4.4,10.6,11.9,106.1,68,3,0,true,26.8,3.35,above,-0.4,0.67,8517,,-1.52,-18.66,1.11,-3.67,6.26,1478,6.03,,,8611,8367,9806,10404,1.65,خروج مستمر پول حقیقی | 106٪ بالای MA200 | نقدشوندگی کمتر از ۱۰ میلیارد تومان | آخرین معامله 20261006 (متوقف یا کم‌معامله)
رکیش,کارت اعتباری ایران کیش,رایانه و فعالیت‌های وابسته به آن,57.6,زیر نظر,95,45,50.5,30,2638,20261007,2.1,-7.7,43.8,-17,1.8,6.1,44,55.9,1,0,false,24.7,3.54,above,-9.2,1,2554,2781,1.61,1.1,1.08,-0.1,4.11,141,18.71,18.19,2.9,2554,2507,2781,2906,1.09,توزیع: ورود حقیقی با سرانه خرید ضعیف (0.74 در ۲۰ روز) | نقدشوندگی کمتر از ۱۰ میلیارد تومان
نطرین,عطرین نخ قم,منسوجات,57.6,زیر نظر,100,45,31.3,43,2477,20261007,2,31.1,31.4,-29.5,6.8,25.5,82,67.9,12,0,false,38,3.11,above,-4.3,1.42,2265,,-3.14,0.18,0.97,-10.88,18.55,196,12.64,14.29,-11.6,2400,2285,2708,2862,1.2,سهم صفی: 12 روز از ۲۰ روز در صف (ریسک نقدشوندگی و اجرای حد ضرر) | توزیع: ورود حقیقی با سرانه خرید ضعیف (0.83 در ۲۰ روز) | 82٪ بالای MA200 | حد ضرر دور (7.8٪)
ثرود,سرمایه‌گذاری مسکن زاینده رود,انبوه سازی، املاک و مستغلات,57.5,زیر نظر,90,55,16.2,62,6180,20261007,-0.8,6.2,26.1,-34.7,-1.8,11.8,58.6,55.9,5,0,false,41.4,3.75,above,-9.5,0.86,5690,6830,-0.03,7.74,0.83,-9.17,10.72,595,10.39,23.59,-56,5948,5601,6830,7293,1.12,توزیع: ورود حقیقی با سرانه خرید ضعیف (0.78 در ۲۰ روز) | 59٪ بالای MA200 | حد ضرر دور (9.4٪)
داسوه,داروسازی‌ اسوه‌,مواد و محصولات دارویی,57.5,زیر نظر,100,85,53,9,116500,20261006,13.8,10,181.8,121,16.8,33.5,167,78.5,12,0,true,49.6,2.89,above,0,0.9,109090,,-1.73,4.1,3.03,7.98,9.63,6197,18.8,12.91,45.6,113134,108085,126598,133330,1.2,واگرایی منفی RSI | اشباع خرید | فاصله زیاد از MA20 | سهم صفی: 12 روز از ۲۰ روز در صف (ریسک نقدشوندگی و اجرای حد ضرر) | رشد عمودی (182٪ در ۶۰ روز، 33٪ بالای MA50) | 167٪ بالای MA200 | واگرایی منفی | حد ضرر دور (7.2٪) | نقدشوندگی کمتر از ۱۰ میلیارد تومان | شناوری کم (9٪) | آخرین معامله 20261006 (متوقف یا کم‌معامله)
شرانل,نفت ایرانول,فراورده های نفتی، کک و سوخت هسته ای,57.5,زیر نظر,100,63,22.5,37,116000,20261007,1.8,7.2,59.1,-1.8,4.1,16.3,94,64.8,4,0,false,27.6,3.36,above,-3.9,1.02,99320,120700,-2.72,-50.56,2.92,-17.46,32.7,13150,8.82,8.12,8.6,112108,108216,120700,128484,0.6,خروج مستمر پول حقیقی | 94٪ بالای MA200
پلاسک,پلاسکوکار,لاستیک و پلاستیک,57.4,زیر نظر,95,55,61.5,10,5960,20261007,5.7,4,28.7,-32.1,2,10,31.8,60.5,1,0,false,27.6,3.41,above,-7,0.76,5900,6410,0.47,-1.29,1.72,3.42,3.03,,,8.21,,5900,5798,6410,6817,2.78,بدون EPS مثبت | نقدشوندگی کمتر از ۱۰ میلیارد تومان
حیات,بیمه زندگی مفید,بیمه وصندوق بازنشستگی به جزتامین اجتماعی,57.4,زیر نظر,100,35,61.5,20,9980,20261007,4.4,35.6,285.9,225.1,13.7,51,,99.9,18,0,false,98.8,2.43,above,-1.8,0.26,2530,,-1.29,18.23,2.54,2.95,5.28,327,30.52,,,9738,9496,10706,11191,1.5,اشباع خرید | سهم صفی: 18 روز از ۲۰ روز در صف (ریسک نقدشوندگی و اجرای حد ضرر) | رشد عمودی (286٪ در ۶۰ روز، 51٪ بالای MA50) | P/E بالا (31) | 632٪ بالای کف ۵۲ هفته | نقدشوندگی کمتر از ۱۰ میلیارد تومان
خبرنا,تولیدی برنا باطری,خودرو و ساخت قطعات,57.4,زیر نظر,100,45,57.5,16,8930,20261007,-2.6,0.3,47.6,-13.3,4.8,16.3,36.3,61.9,0,0,false,37.1,3.25,above,-5,0.86,7690,9200,-1.48,65.67,1.36,21.85,27.87,1058,8.44,5.87,43.8,8640,8349,9200,9400,0.46,واگرایی منفی RSI | واگرایی منفی
وساپا,سرمایه‌گذاری‌ سایپا,سرمایه گذاریها,57.3,زیر نظر,90,45,5.3,80,9260,20261007,-3.7,0.5,41.2,-19.7,-1.6,13.5,56.9,55,0,0,false,35.9,3.5,above,-8.2,0.68,9160,9690,-8.89,-344.33,0.93,-138.03,238.93,2887,3.21,7.13,-55,9160,8998,9690,10090,1.64,خروج مستمر پول حقیقی | 57٪ بالای MA200
وآفری,بیمه کارآفرین,بیمه وصندوق بازنشستگی به جزتامین اجتماعی,57.3,زیر نظر,100,65,53,44,8920,20261007,-8,3.9,82.1,21.3,1.7,23.7,128.8,58.8,5,1,false,56.5,3.22,above,-10.6,1.66,8822,9977,0.49,5.27,0.54,-7.98,2.28,1680,5.31,4.59,15.7,8822,8679,9977,10551,4.38,نقدشوندگی پایین | واگرایی منفی RSI | توزیع: ورود حقیقی با سرانه خرید ضعیف (0.77 در ۲۰ روز) | 129٪ بالای MA200 | سرانه خرید ضعیف (0.54) | واگرایی منفی | نقدشوندگی کمتر از ۱۰ میلیارد تومان | صف فروش در ۵ روز اخیر
وبملت,بانک ملت,بانکها و موسسات اعتباری,57.2,زیر نظر,83,55,5.1,80,1519,20261007,-0.1,1.1,18.2,-42.6,1.1,7.5,42.4,56.3,2,0,false,14.3,3.13,above,-6.3,0.94,1445,1611,-529.68,-2366.48,0.95,-1062.21,1106.21,454,3.35,5.4,-38,1472,1422,1611,1705,0.94,خروج مستمر پول حقیقی | بدون روند (ADX پایین)
فاذر,صنایع‌ آذرآب‌,ساخت محصولات فلزی,57.1,زیر نظر,100,85,36.5,4,1959,20261007,15.7,25.3,121.4,60.5,16.4,29.9,85.3,77.5,10,0,true,34.4,2.87,above,0,0.55,1796,,-2.86,-22.78,3.59,52.3,33.88,60,32.65,7.54,333,1903,1818,2128,2240,1.2,فاصله زیاد از MA20 | سهم صفی: 10 روز از ۲۰ روز در صف (ریسک نقدشوندگی و اجرای حد ضرر) | رشد عمودی (121٪ در ۶۰ روز، 30٪ بالای MA50) | P/E بالا (33) | 85٪ بالای MA200 | حد ضرر دور (7.2٪)
دسبحا,گروه دارویی سبحان,مواد و محصولات دارویی,57,زیر نظر,100,90,32.1,4,7340,20261007,2.1,4.3,102.2,41.4,9.7,17.6,102.7,65.7,9,0,true,35.9,3.08,above,-0.8,1.36,6670,,-27.57,57.18,0.96,-125.01,71.48,189,38.84,12.91,200.8,7114,6775,8018,8471,1.2,واگرایی منفی RSI | سهم صفی: 9 روز از ۲۰ روز در صف (ریسک نقدشوندگی و اجرای حد ضرر) | رشد عمودی (102٪ در ۶۰ روز، 18٪ بالای MA50) | P/E بالا (39) | توزیع: ورود حقیقی با سرانه خرید ضعیف (0.79 در ۲۰ روز) | 103٪ بالای MA200 | واگرایی منفی | حد ضرر دور (7.7٪)
شکربن,کربن‌ ایران‌,محصولات شیمیایی,57,زیر نظر,100,70,2,50,12510,20261007,9,45.6,89.9,29,21.5,39.9,91.4,88.6,3,0,true,59.7,2.75,above,-0.2,0.9,8940,,-53.91,-35.73,0.74,-57.08,30.48,1486,8.42,9.63,-12.6,12166,11822,13542,14231,1.5,واگرایی منفی RSI | اشباع خرید | فاصله زیاد از MA20 | خروج مستمر پول حقیقی | رشد عمودی (90٪ در ۶۰ روز، 40٪ بالای MA50) | 91٪ بالای MA200 | سرانه خرید ضعیف (0.74) | واگرایی منفی
هجرت,پخش هجرت,مواد و محصولات دارویی,57,زیر نظر,100,63,33.5,24,9620,20261007,4.1,17.6,54.4,-6.4,11.7,21.9,130.6,72,7,0,true,35.5,3,above,-1.9,1.63,8735,,-32.77,-13.94,2.17,-97.64,37.38,888,10.83,8.86,22.3,9331,9042,10487,11065,1.5,سهم صفی: 7 روز از ۲۰ روز در صف (ریسک نقدشوندگی و اجرای حد ضرر) | 131٪ بالای MA200
شلیا,شرکت مواد ویژه لیا,سایر محصولات کانی غیرفلزی,57,زیر نظر,100,70,31.8,20,27070,20261007,10.5,39.1,148.9,88.1,17.2,51,162.4,89.7,3,0,true,78.9,3.11,above,-0.1,1.31,24594,,0,0,1.07,0.31,3.33,1094,24.74,,,26227,24962,29599,31285,1.2,اشباع خرید | فاصله زیاد از MA20 | رشد عمودی (149٪ در ۶۰ روز، 51٪ بالای MA50) | 162٪ بالای MA200 | حد ضرر دور (7.8٪) | نقدشوندگی کمتر از ۱۰ میلیارد تومان
حگردش,ریل گردش ایرانیان,حمل ونقل، انبارداری و ارتباطات,56.9,زیر نظر,58,55,74.1,40,2318,20261007,-1.8,0,17.2,-43.6,0.4,5.9,-0.5,54.5,0,0,false,14.5,3.34,above,-31.4,0.94,2266,2346,1.07,5.21,1.08,1.53,4.73,68,34.09,,,2266,2227,2346,2405,0.31,بدون روند (ADX پایین) | P/E بالا (34) | نقدشوندگی کمتر از ۱۰ میلیارد تومان
غصینو,صنعتی مینو,محصولات غذایی و آشامیدنی به جز قند و شکر,56.9,زیر نظر,100,70,27.6,24,6390,20261007,2.2,3.9,31.5,-29.4,6.2,9.5,71.4,61.1,5,0,true,20.6,3.39,above,-0.6,1.58,6200,,-60.39,22.3,0.8,-60.33,31.84,698,9.15,7.05,29.9,6200,6092,7040,7473,2.18,توزیع: ورود حقیقی با سرانه خرید ضعیف (0.89 در ۲۰ روز) | 71٪ بالای MA200
دقاضی,داروسازی شهید قاضی,مواد و محصولات دارویی,56.9,زیر نظر,100,70,27.5,24,25290,20261007,1.6,13.7,49.3,-11.5,10.2,15.5,113.2,67,6,0,true,32.9,3.26,above,-2,1.81,23880,25800,-37.86,15.09,0.54,-115.15,31.83,2413,10.48,8.86,18.3,24467,23468,25800,27446,0.28,سهم صفی: 6 روز از ۲۰ روز در صف (ریسک نقدشوندگی و اجرای حد ضرر) | توزیع: ورود حقیقی با سرانه خرید ضعیف (0.79 در ۲۰ روز) | 113٪ بالای MA200 | سرانه خرید ضعیف (0.54) | حد ضرر دور (7.2٪)
شهر,گروه مالی شهر,سرمایه گذاریها,56.9,زیر نظر,100,70,35.5,16,2698,20261007,10.3,21,65.9,5.1,12.4,27.5,56.7,83.7,0,0,true,57.1,3.05,above,-0.2,0.71,2428,,-2.3,-29.99,8.77,7.96,4.47,291,9.27,7.13,30,2616,2534,2945,3109,1.5,اشباع خرید | خروج مستمر پول حقیقی | 57٪ بالای MA200 | نقدشوندگی کمتر از ۱۰ میلیارد تومان | شناوری کم (7٪)
لکما,کارخانجات‌مخابراتی‌ایران‌,ساخت دستگاه‌ها و وسایل ارتباطی,56.8,زیر نظر,100,40,65.1,10,1502,20261007,4.4,26.1,35.2,-25.6,10.1,27.2,28.6,84.7,8,0,true,51.6,2.21,above,-7,1.6,1455,1562,0.2,-4.72,1.35,0.94,5.65,,,,,1469,1438,1562,1615,0.94,اشباع خرید | بدون EPS مثبت | سهم صفی: 8 روز از ۲۰ روز در صف (ریسک نقدشوندگی و اجرای حد ضرر) | نقدشوندگی کمتر از ۱۰ میلیارد تومان
امین,تامین سرمایه امین,فعالیتهای کمکی به نهادهای مالی واسط,56.8,زیر نظر,100,80,36,47,2876,20261007,2.5,11.2,30.4,-30.4,3.8,11.6,35.8,66.8,0,0,true,27.6,2.68,above,-0.4,0.89,2779,,-2.46,-11.95,9.36,4.56,1.97,469,6.13,5.92,3.6,2799,2741,3108,3262,1.71,نقدشوندگی پایین | واگرایی منفی RSI | خروج مستمر پول حقیقی | واگرایی منفی | نقدشوندگی کمتر از ۱۰ میلیارد تومان | شناوری کم (10٪)
ساوه,سیمان ساوه,سیمان، آهک و گچ,56.7,زیر نظر,79,80,34,34,11970,20261007,10,4.3,14.5,-46.3,7.3,11.7,36.7,66.1,1,0,true,18.7,3.33,inside,-23.2,1.07,11430,12190,-14.93,-21.15,1.46,15.64,16.29,1489,8.04,6.69,20.2,11571,11231,12190,15580,0.3,خروج مستمر پول حقیقی
وصنا,گروه‌صنایع‌بهشهرایران‌,سرمایه گذاریها,56.7,زیر نظر,100,85,14.7,24,6980,20261007,6.6,15,100.6,39.7,11.9,29.3,115.8,77.2,0,0,true,53.7,2.88,above,-1,0.73,6410,,-14.72,-66.22,1.33,-11.27,12.68,842,8.29,7.13,16.3,6779,6477,7583,7985,1.2,خروج مستمر پول حقیقی | رشد عمودی (101٪ در ۶۰ روز، 29٪ بالای MA50) | 116٪ بالای MA200 | حد ضرر دور (7.2٪)
خصدرا,صنعتی‌ دریایی‌ ایران‌,پیمانکاری صنعتی,56.6,زیر نظر,90,65,61.5,25,2757,20261005,10.2,19.9,30.6,-30.3,19.8,33.1,19.5,74,17,0,true,34.4,3.16,above,-8.7,2.47,2697,3021,-5.89,3.61,3.3,38.12,10.41,191,14.43,,,2697,2653,3021,3195,2.54,واگرایی منفی RSI | فاصله زیاد از MA20 | سهم صفی: 17 روز از ۲۰ روز در صف (ریسک نقدشوندگی و اجرای حد ضرر) | رشد عمودی (31٪ در ۶۰ روز، 33٪ بالای MA50) | واگرایی منفی | آخرین معامله 20261005 (متوقف یا کم‌معامله)
زگلدشت,کشت و دام گلدشت نمونه اصفهان,زراعت و خدمات وابسته,56.6,زیر نظر,100,80,18.3,24,11860,20261007,2.4,12.3,45.7,-15.2,9.5,13.7,81.7,68.2,3,0,true,27,3.26,above,-0.3,0.98,11640,,-21.47,6.96,0.81,-23.27,19.38,1225,9.68,8.07,20,11640,11447,13019,13791,2.8,توزیع: ورود حقیقی با سرانه خرید ضعیف (0.81 در ۲۰ روز) | 82٪ بالای MA200
سپید,سپید ماکیان,زراعت و خدمات وابسته,56.5,زیر نظر,100,55,2,60,45840,20261007,-2.8,-6,67.6,6.8,1.1,8.3,124.1,55.5,4,0,false,29.7,3.47,above,-8.7,0.84,45370,47230,-59.5,-144.07,0.73,-122.18,109.37,9010,5.09,6.33,-19.6,45370,44574,47230,48450,1.1,خروج مستمر پول حقیقی | 124٪ بالای MA200 | سرانه خرید ضعیف (0.73)
غنوش,نوش‌ مازندران‌,محصولات غذایی و آشامیدنی به جز قند و شکر,56.5,زیر نظر,100,80,38,4,19920,20261007,13.5,9,3,-57.8,8.7,15.8,54.3,66.8,5,0,true,20.6,3.08,above,-1,0.66,18050,20120,-11,-238.08,1.92,22.73,57.63,487,40.9,8.53,379.5,19306,18692,20120,21348,0.16,خروج مستمر پول حقیقی | P/E بالا (41) | 54٪ بالای MA200
وهنر,گروه توسعه هنر ایران,فعالیت های هنری، سرگرمی و خلاقانه,56.5,زیر نظر,75,80,62,10,5000,20261007,5.3,9.6,48.4,-12.5,7,18.5,-18,69.4,0,0,true,29,3.6,above,-49.6,0.6,4850,7220,1.49,-11.26,1.69,4.45,4.13,,,,,4850,4760,7220,7435,9.25,واگرایی منفی RSI | خروج مستمر پول حقیقی | بدون EPS مثبت | واگرایی منفی | نقدشوندگی کمتر از ۱۰ میلیارد تومان
سفانو,سیمان فارس نو,سیمان، آهک و گچ,56.5,زیر نظر,95,65,13,47,64350,20261007,10.2,4.3,48.6,-12.2,10.8,16,71.6,71.2,3,0,true,25.3,3.48,above,-0.4,1.69,56415,,-20.83,-15.38,0.62,-45.69,13.85,8458,7.61,7.14,6.6,62108,59865,71077,75562,1.5,خروج مستمر پول حقیقی | 72٪ بالای MA200 | سرانه خرید ضعیف (0.62)
پرداخت,به پرداخت ملت,رایانه و فعالیت‌های وابسته به آن,56.5,زیر نظر,85,45,35,53,6900,20261007,-2.3,-9.6,29,-31.9,-2.7,3.6,21.1,50.6,5,0,false,22.1,3.51,above,-14.7,0.64,6670,7100,-1.79,7.27,1.12,-4.78,7.19,481,14.35,18.19,-21.1,6670,6549,7100,7490,0.57,توزیع: ورود حقیقی با سرانه خرید ضعیف (0.73 در ۲۰ روز) | نقدشوندگی کمتر از ۱۰ میلیارد تومان | شناوری کم (5٪)
پکویر,کویر تایر,لاستیک و پلاستیک,56.4,زیر نظر,73,20,52,70,3320,20261007,-7.3,-1.4,9.5,-51.3,-5.6,0.1,9.6,43.5,5,0,false,14.8,3.43,above,-15.3,0.91,3237,3410,7.79,108.09,0.49,-66.52,36.85,544,6.1,8.21,-25.7,3237,3180,3410,3519,0.65,بدون روند (ADX پایین) | توزیع: ورود حقیقی با سرانه خرید ضعیف (0.60 در ۲۰ روز) | سرانه خرید ضعیف (0.49)
رپویا,پویا,رایانه و فعالیت‌های وابسته به آن,56.4,زیر نظر,100,73,38,9,66130,20261007,13.4,20.6,57.4,-3.5,18,25.3,65.7,77.2,3,0,true,35.1,2.95,above,0,1.01,61888,,-0.37,-11.25,8.01,19.65,8.14,5242,12.62,8.89,41.9,64180,61256,71979,75878,1.2,فاصله زیاد از MA20 | خروج مستمر پول حقیقی | 66٪ بالای MA200 | حد ضرر دور (7.4٪) | نقدشوندگی کمتر از ۱۰ میلیارد تومان
کپارس,کاشی‌ پارس‌,کاشی و سرامیک,56.2,زیر نظر,100,60,9.7,47,20860,20261007,5.9,16.5,127.5,66.6,8.7,32,121.2,73.7,10,0,false,48.7,2.93,above,-0.6,0.79,20500,,-19.02,-69.68,1.13,-8.92,20.6,2681,7.78,7.65,1.7,20500,20194,22693,23916,2.75,واگرایی منفی RSI | خروج مستمر پول حقیقی | سهم صفی: 10 روز از ۲۰ روز در صف (ریسک نقدشوندگی و اجرای حد ضرر) | رشد عمودی (127٪ در ۶۰ روز، 32٪ بالای MA50) | 121٪ بالای MA200 | واگرایی منفی
خدیزل,بهمن  دیزل,خودرو و ساخت قطعات,56.1,زیر نظر,90,35,28.5,60,1792,20261007,-5.1,-1.2,11.4,-49.5,-0.4,4.6,34.2,52.3,2,0,false,26.7,3.54,above,-6.4,1.11,1749,1905,-1.18,51.51,0.6,-21.42,12.48,348,5.15,5.87,-12.3,1749,1718,1905,2032,1.52,توزیع: ورود حقیقی با سرانه خرید ضعیف (0.88 در ۲۰ روز) | 151٪ بالای کف ۵۲ هفته | سرانه خرید ضعیف (0.60)
چدن,تولیدی چدن سازان,ساخت محصولات فلزی,56.1,زیر نظر,100,70,24.4,24,5090,20261007,8.3,33.2,114.2,53.4,14.2,39.9,148.6,81.2,7,0,true,63,2.86,above,0,1.24,4530,,-111.94,-286.52,1.38,-85.3,47.43,544,9.36,7.54,24.1,4944,4799,5527,5818,1.5,اشباع خرید | خروج مستمر پول حقیقی | سهم صفی: 7 روز از ۲۰ روز در صف (ریسک نقدشوندگی و اجرای حد ضرر) | رشد عمودی (114٪ در ۶۰ روز، 40٪ بالای MA50) | 149٪ بالای MA200
زکشت,کشاورزی مکانیزه اصفهان کشت,زراعت و خدمات وابسته,56,زیر نظر,88,70,2.5,60,15190,20261007,-1.7,10.9,34.1,-26.7,6.1,12.7,71,61.5,4,0,true,18.9,3.3,above,-2.6,1.27,14710,15500,-1.6,-6.57,0.76,-29.69,14.93,2199,6.91,8.07,-14.4,14710,14459,15500,16503,0.42,71٪ بالای MA200 | سرانه خرید ضعیف (0.76)
خمحور,تولیدمحورخودرو,خودرو و ساخت قطعات,56,زیر نظر,88,55,32.5,42,5830,20261007,0.5,8.4,25.1,-35.7,4.9,14,45.9,64.1,0,0,false,20,3.19,above,-1.5,0.61,5540,,-1.43,7.11,1.04,-1.07,4.74,785,7.43,,,5644,5447,6389,6761,1.46,نقدشوندگی کمتر از ۱۰ میلیارد تومان | شناوری کم (9٪)
ساروم,سیمان‌ارومیه‌,سیمان، آهک و گچ,56,زیر نظر,100,70,1,47,241100,20261007,-0.7,8.9,44.2,-16.6,5.9,13.6,69.9,63.6,1,0,true,29.2,3.23,above,-0.9,0.95,237300,,-74.07,-126.12,0.7,-77.73,33.38,34336,7.02,7.14,-1.7,237300,233403,264485,280074,3.04,خروج مستمر پول حقیقی | 70٪ بالای MA200 | سرانه خرید ضعیف (0.70)
فمراد,آلومراد,فلزات اساسی,56,زیر نظر,100,40,62,10,4050,20261007,8.6,12.2,44,-16.9,6.3,16.9,46.8,70.5,3,0,false,34.2,3.54,above,-1.2,0.94,3780,4100,2.38,-1.63,7.31,4.04,7.18,,,13.48,,3906,3708,4100,4387,0.15,واگرایی منفی RSI | بدون EPS مثبت | واگرایی منفی | حد ضرر دور (8.4٪) | نقدشوندگی کمتر از ۱۰ میلیارد تومان
سکرد,سیمان کردستان,سیمان، آهک و گچ,56,زیر نظر,100,55,13,47,15770,20261007,0.3,5.1,39.3,-21.5,1.1,10.5,50.7,58.8,4,0,false,28.4,3.25,above,-8.8,1.23,14635,16170,-15.35,-6.56,0.79,-15.21,8.57,2014,7.83,7.14,9.7,15257,14487,16170,17300,0.31,51٪ بالای MA200 | سرانه خرید ضعیف (0.79) | حد ضرر دور (8.1٪) | نقدشوندگی کمتر از ۱۰ میلیارد تومان | شناوری کم (14٪)
پلوله,گازلوله‌,لاستیک و پلاستیک,56,زیر نظر,100,70,88,20,11860,20261003,13.7,62.5,163.3,102.5,24.4,59.5,128.2,97.4,20,0,true,79,2.27,above,0,0.36,6800,,0.6,7.79,2.53,1.27,1.83,517,22.94,,,11590,11321,12669,13208,1.5,نقدشوندگی پایین | اشباع خرید | فاصله زیاد از MA20 | سهم صفی: 20 روز از ۲۰ روز در صف (ریسک نقدشوندگی و اجرای حد ضرر) | رشد عمودی (163٪ در ۶۰ روز، 59٪ بالای MA50) | 128٪ بالای MA200 | نقدشوندگی کمتر از ۱۰ میلیارد تومان | آخرین معامله 20261003 (متوقف یا کم‌معامله)
دماوند,تولید نیروی برق دماوند,عرضه برق، گاز، بخاروآب گرم,55.9,زیر نظر,95,45,36.5,37,13840,20261007,4.2,-1.1,22.4,-38.4,2.3,9,46.2,60.6,1,0,false,22.3,2.76,above,-5.5,0.86,13040,14650,-10.91,-16.79,1.69,14.1,17.24,1503,9.21,10.04,-8.3,13459,12886,14650,15413,0.85,
بتیس,بیمه زندگی ایساتیس,بیمه وصندوق بازنشستگی به جزتامین اجتماعی,55.9,زیر نظر,85,65,37.5,32,3490,20261007,-1.4,-4.1,100.9,40,-1.8,6.5,,53.5,0,0,false,37.3,3.5,above,-9.4,0.58,3445,3640,-1.12,-10.17,1.93,3.56,4.21,385,9.06,,,3445,3384,3640,3825,1.41,خروج مستمر پول حقیقی | رشد عمودی (101٪ در ۶۰ روز، 7٪ بالای MA50) | نقدشوندگی کمتر از ۱۰ میلیارد تومان
رتکو,کنترل ‌خوردگی ‌تکین ‌کوی,خدمات فنی و مهندسی,55.9,زیر نظر,100,60,75.5,20,24870,20261007,5.1,30.8,85.5,24.7,13.3,33.6,83.7,80.2,3,0,true,59.8,3.11,above,-1.9,0.73,19700,,0,0,1.9,3.51,1.96,641,38.8,,,24095,23321,27194,28743,1.5,نقدشوندگی پایین | واگرایی منفی RSI | اشباع خرید | رشد عمودی (86٪ در ۶۰ روز، 34٪ بالای MA50) | P/E بالا (39) | 84٪ بالای MA200 | واگرایی منفی | نقدشوندگی کمتر از ۱۰ میلیارد تومان
سیمرغ,سیمرغ,زراعت و خدمات وابسته,55.9,زیر نظر,85,75,35.5,26,5550,20261007,5.9,4.9,73.9,13.1,0,16.7,96.9,60,4,0,false,44.6,3.31,above,-11.5,1.15,5240,6270,8.73,-50.72,1.12,-12.38,20.74,513,10.82,6.33,70.9,5366,5148,6270,6638,1.79,واگرایی منفی RSI | خروج مستمر پول حقیقی | 97٪ بالای MA200 | واگرایی منفی | حد ضرر دور (7.2٪)
خودرو,ایران‌ خودرو,خودرو و ساخت قطعات,55.9,زیر نظر,95,70,43.4,10,732,20261007,6.4,-2,24.1,-36.8,3.6,9.8,30.3,60.2,1,0,true,26.2,3.25,above,-6.9,1.67,674,786,56.25,-161.81,1.02,-68.56,589.79,,,,,708,673,786,834,0.91,واگرایی منفی RSI | بدون EPS مثبت | واگرایی منفی | حد ضرر دور (8.1٪)
کوثر,بیمه کوثر,بیمه وصندوق بازنشستگی به جزتامین اجتماعی,55.6,زیر نظر,90,55,56.6,14,1901,20261007,0.5,2.5,19.4,-41.4,3.5,13.9,10.5,61.7,0,0,false,29.7,3.19,above,-16.6,0.88,1875,1928,5.47,-9.16,1.34,8.13,20.09,53,35.87,18.13,97.8,1875,1845,1928,1975,0.48,P/E بالا (36)
فاهواز,نورد و لوله اهواز,فلزات اساسی,55.6,زیر نظر,100,50,60.5,42,7560,20261007,3.7,2.1,17.5,-43.3,2.7,5.2,14,80.1,6,1,true,24.9,1.27,above,-3.2,0.26,7219,7814,0.38,-0.43,8.08,2.36,2.86,1119,6.76,,,7464,7368,7814,8006,1.32,نقدشوندگی پایین | اشباع خرید | سهم صفی: 6 روز از ۲۰ روز در صف (ریسک نقدشوندگی و اجرای حد ضرر) | نقدشوندگی کمتر از ۱۰ میلیارد تومان | صف فروش در ۵ روز اخیر
بمولد,مولد نیروگاهی تجارت فارس,عرضه برق، گاز، بخاروآب گرم,55.6,زیر نظر,75,45,62.5,34,8940,20261007,2.3,-7.6,36.5,-24.3,1.2,2.9,48.9,53,2,0,false,21.6,3.35,above,-12.2,1.06,8250,9160,1.99,-0.69,3.73,11.55,6.77,778,11.49,10.04,14.5,8640,8191,9160,10125,0.29,حد ضرر دور (8.4٪) | نقدشوندگی کمتر از ۱۰ میلیارد تومان
چنوپا,نیوپان‌ 22 بهمن‌,محصولات چوبی,55.5,زیر نظر,63,80,42.5,40,16980,20261007,5.7,6.8,12.5,-48.3,4.4,8.4,-12.8,58.5,3,0,true,19.8,3.3,above,-48.9,0.97,16250,17439,0,9.73,1.28,11.21,12.32,620,27.39,,,16420,15970,17439,17720,0.45,توزیع: ورود حقیقی با سرانه خرید ضعیف (0.89 در ۲۰ روز)
فصبا,صبا فولاد خلیج فارس,فلزات اساسی,55.5,زیر نظر,100,75,38,4,4450,20261007,1.1,29.4,62.1,1.3,10.6,31.6,62.9,74.2,9,0,true,40.8,2.98,above,0,0.95,4400,,-33.42,6.3,74.36,-2.51,29.25,178,25,8.05,210.6,4400,4334,4848,5114,3.42,واگرایی منفی RSI | سهم صفی: 9 روز از ۲۰ روز در صف (ریسک نقدشوندگی و اجرای حد ضرر) | رشد عمودی (62٪ در ۶۰ روز، 32٪ بالای MA50) | 63٪ بالای MA200 | واگرایی منفی
سپیدار,سپیدار سیستم آسیا,رایانه و فعالیت‌های وابسته به آن,55.5,زیر نظر,100,70,37,9,10780,20261007,0.4,10.7,36,-24.8,6.2,15.8,52.2,65.5,2,0,true,31,2.91,above,-0.3,0.7,10170,,-6.97,-3.25,3.79,9.63,6.37,830,12.99,8.89,46.1,10467,10013,11720,12347,1.23,52٪ بالای MA200 | حد ضرر دور (7.1٪) | نقدشوندگی کمتر از ۱۰ میلیارد تومان
شاراک,پتروشیمی شازند,محصولات شیمیایی,55.5,زیر نظر,100,50,11.9,50,31600,20261007,4.3,20.4,123.5,62.7,9.2,31.7,127,74.9,3,0,false,66.8,3.09,above,0,0.58,29490,,-55.96,-180.51,1.17,-81.49,128.24,3871,8.16,9.63,-15.2,30625,29162,34525,36475,1.2,خروج مستمر پول حقیقی | رشد عمودی (124٪ در ۶۰ روز، 32٪ بالای MA50) | 127٪ بالای MA200 | حد ضرر دور (7.7٪)
ومپنا,مدیریت نیروگاهی ایرانیان مپنا,عرضه برق، گاز، بخاروآب گرم,55.4,زیر نظر,100,53,35.4,24,44400,20261007,5,-0.5,57.9,-2.9,2.6,16.2,91.5,62.1,0,0,false,28.5,3.06,above,-6.2,0.72,42820,47320,-27.78,-46.68,1.57,2.44,25.14,3838,11.57,10.04,15.2,43040,42140,47320,50040,1.29,واگرایی منفی RSI | خروج مستمر پول حقیقی | 92٪ بالای MA200 | واگرایی منفی
سفاسی,شرکت فارسیت اهواز,سایر محصولات کانی غیرفلزی,55.4,زیر نظر,100,70,60.5,25,5570,20261007,6.9,13.9,105.2,44.4,11.2,23.4,75.7,83.4,4,0,true,50,3.58,above,-2.3,1.32,5160,,0,0.38,2.03,4.08,2.59,330,16.88,,,5371,5071,6168,6567,1.2,نقدشوندگی پایین | واگرایی منفی RSI | اشباع خرید | رشد عمودی (105٪ در ۶۰ روز، 23٪ بالای MA50) | 76٪ بالای MA200 | واگرایی منفی | حد ضرر دور (9.0٪) | نقدشوندگی کمتر از ۱۰ میلیارد تومان
دسانکو,داروسازی سبحان انکولوژی,مواد و محصولات دارویی,55.3,زیر نظر,95,45,67.4,4,3510,20261007,2,-3,49.2,-11.7,2.6,9.7,64.3,59.5,5,0,false,25.4,3.45,above,-8.1,1.21,3370,3550,16.2,39.02,0.91,-5.71,14.48,97,36.19,8.86,308.4,3389,3309,3550,3820,0.2,P/E بالا (36) | توزیع: ورود حقیقی با سرانه خرید ضعیف (0.77 در ۲۰ روز) | 64٪ بالای MA200
لوتوس,تامین سرمایه لوتوس پارسیان,فعالیتهای کمکی به نهادهای مالی واسط,55.3,زیر نظر,88,55,24.5,47,3600,20261007,2.9,20.2,37.7,-23.1,5.5,16.6,58,65,3,0,false,18.8,3.14,above,-1.6,1.64,3360,3660,-41.46,-70.68,1.32,-46.71,16.71,594,6.06,5.92,2.4,3487,3317,3660,3886,0.21,خروج مستمر پول حقیقی | 58٪ بالای MA200 | حد ضرر دور (7.8٪) | شناوری کم (4٪)
بوعلی,پتروشیمی بوعلی سینا,محصولات شیمیایی,55.3,زیر نظر,100,50,11,50,66110,20261007,-0.8,27,136.7,75.8,9.3,37.4,93,74.4,3,0,false,58.6,2.99,above,-0.9,0.77,60000,,-211.21,-466.23,1.2,-179.7,125.61,8261,8,9.63,-16.9,64132,62154,72045,76001,1.5,خروج مستمر پول حقیقی | رشد عمودی (137٪ در ۶۰ روز، 37٪ بالای MA50) | 93٪ بالای MA200 | شناوری کم (8٪)
وسین,بیمه سینا,بیمه وصندوق بازنشستگی به جزتامین اجتماعی,55.3,زیر نظر,100,60,63,10,3720,20260927,9.1,53.8,181.6,120.8,18,74.6,146.4,86.5,11,1,true,85.7,2.68,above,-2.6,0.7,2119,,15.66,-0.52,4.71,10.01,15.28,,,,,3620,3520,4020,4219,1.5,اشباع خرید | فاصله زیاد از MA20 | بدون EPS مثبت | سهم صفی: 11 روز از ۲۰ روز در صف (ریسک نقدشوندگی و اجرای حد ضرر) | رشد عمودی (182٪ در ۶۰ روز، 75٪ بالای MA50) | 146٪ بالای MA200 | صف فروش در ۵ روز اخیر | آخرین معامله 20260927 (متوقف یا کم‌معامله)
والماس,س. الماس حکمت ایرانیان,سرمایه گذاریها,55.1,زیر نظر,90,53,0,70,2897,20261007,-3.3,17.1,57.5,-3.4,-0.2,15.3,65.4,57.6,9,0,false,45.7,3.38,above,-10.1,0.63,2811,3079,-10.93,-5.72,0.67,-11.12,11.79,462,6.27,8.73,-28.2,2811,2762,3079,3222,1.35,سهم صفی: 9 روز از ۲۰ روز در صف (ریسک نقدشوندگی و اجرای حد ضرر) | 65٪ بالای MA200 | سرانه خرید ضعیف (0.67)
سشرق,سیمان‌ شرق‌,سیمان، آهک و گچ,55,زیر نظر,100,88,5.8,24,27730,20261007,4.1,2.6,54.8,-6,9.2,21.4,76.8,69.1,3,0,true,33.1,3.44,above,0,1.05,27445,,-31.75,-49.05,0.91,-35.14,38.98,3056,9.07,7.14,27.1,27445,26969,30589,32495,3.75,خروج مستمر پول حقیقی | 77٪ بالای MA200
خاور,ایران خودرو دیزل,خودرو و ساخت قطعات,55,زیر نظر,95,80,33.1,9,1642,20261007,1.6,2.6,15.8,-45,4.5,9,32.8,59.9,0,0,true,22.9,3.52,above,-5.3,1.08,1567,1722,-1.62,116.32,0.99,-16.53,70.65,91,18.04,5.87,207.4,1584,1538,1722,1776,0.77,توزیع: ورود حقیقی با سرانه خرید ضعیف (0.88 در ۲۰ روز)
تملت,تامین سرمایه بانک ملت,فعالیتهای کمکی به نهادهای مالی واسط,55,زیر نظر,100,45,36,68,2199,20261007,-2.8,2,28.4,-32.4,0,9.6,46.7,58.5,0,0,false,39.4,2.78,above,-5.6,0.93,2078,2328,-3.25,-11.73,1.99,2.22,1.76,517,4.25,5.92,-28.2,2138,2048,2328,2451,0.85,نقدشوندگی پایین | واگرایی منفی RSI | خروج مستمر پول حقیقی | واگرایی منفی | نقدشوندگی کمتر از ۱۰ میلیارد تومان | شناوری کم (4٪)
کالا,بورس کالای ایران,فعالیتهای کمکی به نهادهای مالی واسط,55,خنثی,100,70,35,9,13920,20261007,13.5,37.5,84.9,24,18.7,37.8,132.4,86,7,0,true,47.3,2.67,above,0,0.92,11800,,80.06,-200.81,1.08,-12.26,159.48,885,15.73,5.92,165.7,13548,13176,15036,15780,1.5,اشباع خرید | فاصله زیاد از MA20 | خروج مستمر پول حقیقی | سهم صفی: 7 روز از ۲۰ روز در صف (ریسک نقدشوندگی و اجرای حد ضرر) | رشد عمودی (85٪ در ۶۰ روز، 38٪ بالای MA50) | 132٪ بالای MA200
زبینا,کشاورزی و دامپروری بینالود,زراعت و خدمات وابسته,55,خنثی,100,70,6.9,37,15700,20261007,-0.9,5.9,29.2,-31.6,7,13.9,91.4,63.7,4,0,true,28.9,3.3,above,-2.4,0.9,14235,,-9.43,-0.62,0.98,-16.78,20.5,1911,8.22,8.07,1.8,15182,14404,17255,18292,1.2,91٪ بالای MA200 | حد ضرر دور (8.3٪)
وخاور,بانک خاورمیانه,بانکها و موسسات اعتباری,54.9,خنثی,100,65,21.7,26,7520,20261007,7.4,27.5,48,-12.8,14.5,19.9,97.1,77.7,1,0,true,32.7,2.86,above,-1.2,0.91,6615,,-19.83,34.37,0.99,-14.88,70.2,1045,7.2,5.4,33.3,7305,7090,8165,8595,1.5,97٪ بالای MA200
اعتلا,شرکت سرمایه گذاری اعتلاء البرز,سرمایه گذاریها,54.9,خنثی,85,45,21.6,60,2328,20261007,-0.3,-0.9,31.3,-29.6,-1.5,2.6,37.5,50.8,0,0,false,23.1,3.42,above,-9,0.63,2240,2358,-0.08,0.25,1,-0.49,3.23,377,6.18,8.73,-29.3,2248,2200,2358,2396,0.24,توزیع: ورود حقیقی با سرانه خرید ضعیف (0.84 در ۲۰ روز) | نقدشوندگی کمتر از ۱۰ میلیارد تومان
همراه,شرکت ارتباطات سیار ایران,مخابرات,54.9,خنثی,95,75,21.5,24,10080,20261007,2.6,0.5,81.6,20.8,3.8,13.5,89,62,1,0,false,29.1,3.28,above,-4.5,0.8,9300,10495,-25.64,-205.02,4.02,-11.46,31.74,1086,9.28,8.37,10.9,9749,9253,10495,11157,0.5,خروج مستمر پول حقیقی | 89٪ بالای MA200 | حد ضرر دور (8.2٪) | شناوری کم (11٪)
حفاری,حفاری شمال,استخراج نفت گاز و خدمات جنبی جز اکتشاف,54.8,خنثی,85,30,28.3,65,5690,20261007,-4.7,-11.5,24,-36.9,-3.6,4.4,27,49,1,0,false,24.9,3.7,above,-16.3,0.8,5470,6090,-15.98,147.63,0.83,-86.51,87.98,2511,2.27,2.24,1.2,5480,5365,6090,6800,1.23,توزیع: ورود حقیقی با سرانه خرید ضعیف (0.77 در ۲۰ روز)
کمرجان,بازرگانی و تولیدی مرجان کار,سایر محصولات کانی غیرفلزی,54.8,خنثی,100,80,26.2,9,4830,20261007,2.5,9.8,14.8,-46,3.2,12.3,40.8,61.8,2,0,true,26,3.18,above,-8.3,0.67,4630,5180,-1.13,-10.5,1.15,0.97,7.32,299,16.15,10.33,56.4,4676,4554,5180,5268,1.27,خروج مستمر پول حقیقی | نقدشوندگی کمتر از ۱۰ میلیارد تومان
فولاژ,فولاد آلیاژی ایران,فلزات اساسی,54.8,خنثی,100,65,17,30,6700,20261007,-2.5,1.8,78.6,17.8,4.8,17.7,72.5,62.2,2,0,false,41.4,3.15,above,-3.9,0.98,5840,6820,-15.73,15,0.79,-26.84,22.22,541,12.38,13.48,-8.1,6489,6278,6820,6970,0.28,واگرایی منفی RSI | توزیع: ورود حقیقی با سرانه خرید ضعیف (0.69 در ۲۰ روز) | 73٪ بالای MA200 | سرانه خرید ضعیف (0.79) | واگرایی منفی
وسالت,بانک قرض الحسنه رسالت,بانکها و موسسات اعتباری,54.8,خنثی,85,80,63,10,4150,20261006,8.1,1.7,11.9,-49,3.5,10.3,1.8,65.2,6,0,true,29.4,2.08,above,-42.1,1.06,3980,4214,3.35,-7.3,2.19,3.53,4.52,,,,,4064,3937,4214,4330,0.3,خروج مستمر پول حقیقی | بدون EPS مثبت | سهم صفی: 6 روز از ۲۰ روز در صف (ریسک نقدشوندگی و اجرای حد ضرر) | نقدشوندگی کمتر از ۱۰ میلیارد تومان | آخرین معامله 20261006 (متوقف یا کم‌معامله)
خبازرس,بازرسی مهندسی و صنعتی ایران,فعالیت مهندسی، تجزیه، تحلیل و آزمایش فنی,54.7,خنثی,95,100,32.9,32,32190,20261007,11.4,6,89.1,28.3,6.5,17,88,66.1,2,0,true,34.2,3.71,above,-5.6,0.98,30064,34102,-1.62,-2.3,1.52,0.18,0.93,2944,10.93,,,30995,29467,34102,36493,0.7,نقدشوندگی پایین | خروج مستمر پول حقیقی | 88٪ بالای MA200 | حد ضرر دور (8.5٪) | نقدشوندگی کمتر از ۱۰ میلیارد تومان
بکام,کارخانجات تولیدی شهید قندی,ماشین آلات و دستگاه‌های برقی,54.7,خنثی,85,63,52.2,14,3390,20261007,1.5,0.6,53.2,-7.6,-0.1,11.1,38.8,57.8,3,0,false,27.2,3.4,above,-11,0.82,3170,3810,1.23,-3.53,1.17,0.95,14.93,24,141.25,6.15,2196.7,3275,3112,3810,4040,1.51,P/E بالا (141) | حد ضرر دور (8.2٪)
حپارسا,توسعه حمل و نقل ریلی پارسیان,حمل ونقل، انبارداری و ارتباطات,54.6,خنثی,100,90,2.5,24,22730,20261007,-0.6,5.7,62.2,1.4,3.5,12.1,106.6,60.6,4,1,true,30.6,3.5,above,-3.4,1.2,21200,23370,-3.92,-5.19,0.57,-7.47,6.45,2511,9.05,7.68,17.9,21935,20803,23370,24959,0.33,واگرایی منفی RSI | 107٪ بالای MA200 | سرانه خرید ضعیف (0.57) | واگرایی منفی | حد ضرر دور (8.5٪) | نقدشوندگی کمتر از ۱۰ میلیارد تومان | صف فروش در ۵ روز اخیر
کزغال,زغال سنگ پروده طبس,استخراج زغال سنگ,54.5,خنثی,100,70,38,4,6340,20261007,7.3,0,23.7,-37.2,8.3,16.8,49.2,68.6,7,0,true,22.6,3.35,above,-3.6,0.9,5462,6580,-10.43,-35.26,7.32,38.35,23.63,154,41.17,15.48,165.9,6128,5916,6580,7004,0.57,خروج مستمر پول حقیقی | سهم صفی: 7 روز از ۲۰ روز در صف (ریسک نقدشوندگی و اجرای حد ضرر) | P/E بالا (41) | 165٪ بالای کف ۵۲ هفته
فولای,صنایع فولاد آلیاژی یزد,فلزات اساسی,54.5,خنثی,100,70,33,9,6030,20261007,13.8,33.1,88.4,27.6,18.7,42.8,53.8,86.2,4,0,true,78.3,2.81,above,-1.3,1.55,5216,,-4.59,-18.61,3.63,-53.31,25.93,393,15.34,8.05,90.6,5861,5691,6538,6877,1.5,اشباع خرید | فاصله زیاد از MA20 | رشد عمودی (88٪ در ۶۰ روز، 43٪ بالای MA50) | 54٪ بالای MA200
زهلال,کشت و صنعت هلال,زراعت و خدمات وابسته,54.4,خنثی,73,70,37,37,55210,20261007,-2.1,4.1,17.8,-43.1,3.7,9.7,,60.9,0,0,true,19.4,3.23,,-3.1,1.25,50890,56960,-9.32,-20.5,7.55,31.46,10.2,6307,8.75,8.07,8.5,53428,50755,56960,60524,0.39,واگرایی منفی RSI | خروج مستمر پول حقیقی | واگرایی منفی | حد ضرر دور (8.1٪)
سشمال,سیمان‌ شمال‌,سیمان، آهک و گچ,54.4,خنثی,100,73,15.2,24,20360,20261007,4.9,11.9,58.9,-1.9,9.5,20.1,62.7,74.3,1,0,true,29.6,2.97,above,0,0.87,19890,,-8.2,-20.96,1.37,-3.46,7.05,2297,8.86,7.14,24.1,19890,19587,22177,23388,2.35,خروج مستمر پول حقیقی | 63٪ بالای MA200 | نقدشوندگی کمتر از ۱۰ میلیارد تومان
شصفها,پتروشیمی‌ اصفهان‌,محصولات شیمیایی,54.4,خنثی,90,15,87.5,70,3110,20260916,1.3,11.1,14.9,-45.9,3.9,13.6,3.1,94.7,20,0,false,77.9,0.93,above,-26.1,0.15,2919,3565,0.01,0.42,37.25,0.01,0.24,1217,2.56,,,3081,3052,3565,3687,7.84,نقدشوندگی پایین | اشباع خرید | سهم صفی: 20 روز از ۲۰ روز در صف (ریسک نقدشوندگی و اجرای حد ضرر) | نقدشوندگی کمتر از ۱۰ میلیارد تومان | آخرین معامله 20260916 (متوقف یا کم‌معامله)
تاپیکو,س. نفت و گاز و پتروشیمی تأمین,محصولات شیمیایی,54.3,خنثی,100,75,28,9,52990,20261007,1.5,43.7,94.7,33.9,12.8,41.6,126,75.9,7,0,true,60.1,3.04,above,-1.5,1.4,38039,53780,-266.37,86.22,0.48,-820.44,404.33,3439,15.41,9.63,60,51382,49773,53780,56997,0.25,سهم صفی: 7 روز از ۲۰ روز در صف (ریسک نقدشوندگی و اجرای حد ضرر) | رشد عمودی (95٪ در ۶۰ روز، 42٪ بالای MA50) | توزیع: ورود حقیقی با سرانه خرید ضعیف (0.56 در ۲۰ روز) | 126٪ بالای MA200 | سرانه خرید ضعیف (0.48) | شناوری کم (11٪)
غپینو,پارس‌ مینو,محصولات غذایی و آشامیدنی به جز قند و شکر,54.3,خنثی,100,45,1,60,2077,20261007,-2.5,7.2,28.1,-32.8,0.9,9.8,79.1,57.3,3,0,false,39.4,3.48,above,-7.2,0.72,1983,2193,-32.48,-82.57,0.51,-76.92,56.12,275,7.55,8.53,-11.5,2005,1947,2193,2239,0.89,خروج مستمر پول حقیقی | 79٪ بالای MA200 | سرانه خرید ضعیف (0.51)
ستران,سیمان‌ تهران‌,سیمان، آهک و گچ,54.3,خنثی,100,65,21,24,16150,20261007,7.7,2.3,35.4,-25.4,11.1,20.5,67.5,71.8,4,0,true,30.3,3.38,above,0,0.99,13141,,-70.63,-112.07,3.21,-31.77,35.42,1902,8.49,7.14,18.9,15604,15057,17789,18882,1.5,خروج مستمر پول حقیقی | 67٪ بالای MA200
ساربیل,سیمان آرتا اردبیل,سیمان، آهک و گچ,54.2,خنثی,83,70,17,44,88250,20261007,-1.5,-4.3,16.8,-44.1,2.7,4.4,18.4,55.3,1,0,true,15,3.56,above,-13,1.67,83650,90970,-8.19,0.88,0.65,-9.49,4.65,11188,7.89,7.14,10.5,85111,82080,90970,98760,0.44,توزیع: ورود حقیقی با سرانه خرید ضعیف (0.69 در ۲۰ روز) | سرانه خرید ضعیف (0.65) | نقدشوندگی کمتر از ۱۰ میلیارد تومان | شناوری کم (10٪)
فسوژ,سوژمیران,فلزات اساسی,54.1,خنثی,100,70,24.5,16,30780,20261007,14.4,33.6,254.2,193.4,19.3,55.9,245.6,90.2,11,0,true,79.7,2.66,above,0,0.86,25920,,-30.02,-128.63,3.58,-290.92,127.47,2590,11.88,8.05,47.6,29960,29140,33240,34881,1.5,اشباع خرید | فاصله زیاد از MA20 | خروج مستمر پول حقیقی | سهم صفی: 11 روز از ۲۰ روز در صف (ریسک نقدشوندگی و اجرای حد ضرر) | رشد عمودی (254٪ در ۶۰ روز، 56٪ بالای MA50) | 246٪ بالای MA200
گشان,توسعه بین المللی پدیده شاندیز,هتل و رستوران,54.1,خنثی,85,45,36.5,42,28340,20261007,-1.1,-3.3,31.7,-29.1,-0.5,2.6,44.1,52.3,2,0,false,24.4,3.54,above,-10.8,1.01,28050,28960,-6.5,-29.4,1.98,5.59,11.69,3153,8.99,,,28050,27548,28960,29990,0.78,خروج مستمر پول حقیقی
بفجر,فجر انرژی خلیج فارس,عرضه برق، گاز، بخاروآب گرم,54.1,خنثی,20,70,56.5,80,11310,20261007,0,2.1,-10.8,-71.7,2.2,-7.4,-1.5,50,4,1,true,24.8,3.57,below,-27,0.47,11051,11469,58.34,582.36,0.88,-16.41,89.38,1802,6.28,7.09,-11.5,11051,10849,11469,12107,0.34,توزیع: ورود حقیقی با سرانه خرید ضعیف (0.68 در ۲۰ روز) | صف فروش در ۵ روز اخیر
غگرجی,بیسکویت‌  گرجی‌,محصولات غذایی و آشامیدنی به جز قند و شکر,54.1,خنثی,85,78,38,14,4170,20261007,6.1,-1,54.4,-6.4,5.5,5.1,85.1,58.8,4,0,true,30.5,3.24,above,-11.5,1.1,4080,4710,-2.49,-0.28,2.13,3.51,4.09,45,92.67,8.53,986.4,4080,4012,4710,4980,3.43,P/E بالا (93) | 85٪ بالای MA200 | نقدشوندگی کمتر از ۱۰ میلیارد تومان
بزاگرس,نیروگاه زاگرس کوثر,عرضه برق، گاز، بخاروآب گرم,54,خنثی,85,45,59.1,19,7790,20261007,1.6,-14.2,34.7,-26.2,-1.9,6.7,43.6,52,2,0,false,24,3.58,above,-17.4,0.7,7420,7910,3.5,-0.52,1.48,0.65,6.71,466,16.72,10.04,66.5,7511,7281,7910,9430,0.24,نقدشوندگی کمتر از ۱۰ میلیارد تومان | واگرایی مثبت RSI
بپیوند,برق و انرژی پیوندگستر پارس,عرضه برق، گاز، بخاروآب گرم,54,خنثی,88,45,77.5,37,18770,20261007,-2.8,-1.2,21.8,-39.1,0.5,4.9,45.4,53.7,1,0,false,16.8,3.31,above,-8.8,1.03,17482,19460,0.27,1.62,11.03,10.13,2.78,1762,10.65,10.04,6.1,18148,17215,19460,19939,0.44,نقدشوندگی پایین | حد ضرر دور (8.3٪) | نقدشوندگی کمتر از ۱۰ میلیارد تومان
شتران,پالایش نفت تهران,فراورده های نفتی، کک و سوخت هسته ای,54,خنثی,100,55,2,70,6530,20261003,3,14,40.1,-20.8,0.5,17.3,82.4,58.5,3,0,false,51.9,3.43,above,-10.1,0.86,6240,7260,-108.52,-960.31,0.76,-432.19,472.84,1249,5.23,6.26,-16.5,6306,6128,7260,7708,1.82,خروج مستمر پول حقیقی | 82٪ بالای MA200 | سرانه خرید ضعیف (0.76) | آخرین معامله 20261003 (متوقف یا کم‌معامله)
شملی,ملی شیمی کشاورز,محصولات شیمیایی,53.9,خنثی,100,70,23.5,16,13140,20261007,14.2,35.5,142,81.2,21.7,52.9,154.8,89.3,8,0,true,70.9,2.71,above,0,1.02,10530,,-20.91,-31.32,10.06,-19.78,25.2,1215,10.81,8.01,35,12784,12429,14207,14918,1.5,اشباع خرید | فاصله زیاد از MA20 | خروج مستمر پول حقیقی | سهم صفی: 8 روز از ۲۰ روز در صف (ریسک نقدشوندگی و اجرای حد ضرر) | رشد عمودی (142٪ در ۶۰ روز، 53٪ بالای MA50) | 155٪ بالای MA200
غاذر,کشت‌وصنعت‌پیاذر,محصولات غذایی و آشامیدنی به جز قند و شکر,53.9,خنثی,100,85,11.5,16,36730,20261007,8.4,15.1,88.6,27.8,15.5,34.9,161.4,77.2,8,0,true,49.9,2.95,above,0,1.57,33699,,-99.35,-103.99,0.77,-101.5,36.47,3154,11.65,8.53,36.5,35645,34018,39984,42154,1.2,فاصله زیاد از MA20 | خروج مستمر پول حقیقی | سهم صفی: 8 روز از ۲۰ روز در صف (ریسک نقدشوندگی و اجرای حد ضرر) | رشد عمودی (89٪ در ۶۰ روز، 35٪ بالای MA50) | 161٪ بالای MA200 | سرانه خرید ضعیف (0.77) | حد ضرر دور (7.4٪)
دجابر,داروسازی‌ جابرابن‌حیان‌,مواد و محصولات دارویی,53.8,خنثی,100,70,30.4,9,62600,20261007,13.1,36.4,262.3,201.4,23.8,47.1,231.7,87.7,11,0,true,68.7,2.82,above,0,1.26,49510,,-9.38,-32.09,1.46,-58.18,31.75,3483,17.97,12.91,39.2,60834,59067,67899,71432,1.5,اشباع خرید | فاصله زیاد از MA20 | خروج مستمر پول حقیقی | سهم صفی: 11 روز از ۲۰ روز در صف (ریسک نقدشوندگی و اجرای حد ضرر) | رشد عمودی (262٪ در ۶۰ روز، 47٪ بالای MA50) | 232٪ بالای MA200 | واگرایی مثبت RSI
پکرمان,گروه‌ صنعتی‌ بارز,لاستیک و پلاستیک,53.8,خنثی,100,65,6.3,37,8420,20261007,6.9,20.8,47.7,-13.1,9.5,19.4,28.4,70.1,4,0,true,36.6,2.94,above,-1.2,1.02,8260,,-38.85,-90.34,0.97,-3.74,27.62,953,8.84,8.21,7.6,8260,8136,9163,9659,2.62,واگرایی منفی RSI | خروج مستمر پول حقیقی | واگرایی منفی
وفیروزه,گروه توسعه مالی فیروزه,سرمایه گذاریها,53.8,خنثی,88,80,36.5,9,5640,20261007,7,10.2,33,-27.8,7.2,12,,65.7,3,0,true,15.9,2.94,above,-0.7,0.87,5495,,-0.05,-64.62,14.26,48.94,14.57,451,12.51,7.13,75.4,5495,5412,6138,6470,2.18,واگرایی منفی RSI | خروج مستمر پول حقیقی | واگرایی منفی
وساخت,سرمایه‌ گذاری‌ ساختمان‌ایران‌,انبوه سازی، املاک و مستغلات,53.7,خنثی,90,45,51.9,19,2074,20261007,-4.6,3.3,47.8,-13,-2.1,8.4,56.3,53.2,6,0,false,22.2,3.31,above,-10.8,0.94,1980,2205,3.03,34.6,0.82,-14.43,22.82,144,14.4,6.61,117.9,2005,1945,2205,2324,1.02,سهم صفی: 6 روز از ۲۰ روز در صف (ریسک نقدشوندگی و اجرای حد ضرر) | 56٪ بالای MA200
ونیرو,سرمایه‌گذاری‌نیرو,عرضه برق، گاز، بخاروآب گرم,53.4,خنثی,90,45,2.5,67,4090,20261007,-3.5,12.7,37.8,-23.1,2.9,25.5,13.5,62.8,3,0,false,42.2,3.13,above,-32.5,1,4022,4189,-30.14,-12,0.64,-104.91,62.09,599,6.83,7.09,-3.7,4022,3958,4189,4296,0.75,واگرایی منفی RSI | سرانه خرید ضعیف (0.64) | واگرایی منفی
پدرخش,درخشان‌ تهران‌,لاستیک و پلاستیک,53.3,خنثی,95,55,36,19,6580,20261007,4.4,2.8,38.4,-22.5,1.1,13.2,57.5,60.4,5,0,false,25.9,3.36,above,-11,0.71,6015,7390,-3,3.92,3.85,-2.53,10.86,534,12.32,8.21,50.1,6359,6027,7390,7832,1.46,توزیع: ورود حقیقی با سرانه خرید ضعیف (0.82 در ۲۰ روز) | 58٪ بالای MA200 | حد ضرر دور (8.4٪)
وآوا,سرمایه گذاری آوا نوین,سرمایه گذاریها,53.3,خنثی,90,65,27,26,4340,20261007,-7.1,11.6,120.4,59.5,-3.6,25.6,91.8,55.9,13,2,false,64.9,3.08,above,-11.8,1.52,2668,4920,-3.44,29.09,0.27,-78.67,16.38,370,11.73,8.73,34.4,4206,4073,4920,5187,2.17,سهم صفی: 13 روز از ۲۰ روز در صف (ریسک نقدشوندگی و اجرای حد ضرر) | رشد عمودی (120٪ در ۶۰ روز، 26٪ بالای MA50) | توزیع: ورود حقیقی با سرانه خرید ضعیف (0.72 در ۲۰ روز) | 92٪ بالای MA200 | سرانه خرید ضعیف (0.27) | صف فروش در ۵ روز اخیر
نیشکر,توسعه نیشکر و  صنایع جانبی,قند و شکر,53.3,خنثی,85,45,38,37,62700,20261007,-0.3,-6.4,24.3,-36.5,-0.7,4,17.9,52.6,1,0,false,25.6,4.02,above,-9.1,1.27,61433,66706,-2.41,-10.21,5.52,12.72,9.84,6371,9.84,9.57,2.8,61433,60174,66706,71742,1.59,واگرایی منفی RSI | خروج مستمر پول حقیقی | واگرایی منفی | نقدشوندگی کمتر از ۱۰ میلیارد تومان
غبهنوش,بهنوش‌ ایران‌,محصولات غذایی و آشامیدنی به جز قند و شکر,53.1,خنثی,100,65,36.5,4,100490,20261007,13.2,31.4,29.2,-31.7,20.9,24.6,39.1,79.3,4,0,true,31.8,2.89,above,-2.4,0.75,97150,102950,-11.05,-33.3,10.36,8.12,16.83,1714,58.63,8.53,587.3,97590,95700,102950,108749,0.51,اشباع خرید | فاصله زیاد از MA20 | خروج مستمر پول حقیقی | P/E بالا (59)
غزر,صنعتی زر ماکارون,محصولات غذایی و آشامیدنی به جز قند و شکر,53,خنثی,100,65,3.1,37,5500,20261007,2.4,18.3,79.1,18.3,6.5,26.4,113.5,69.9,6,0,false,55.1,2.93,above,-3,1.03,5370,5670,-123.11,-191.76,0.88,-48.35,91.34,620,8.87,8.53,4,5370,5289,5670,5992,0.81,واگرایی منفی RSI | خروج مستمر پول حقیقی | سهم صفی: 6 روز از ۲۰ روز در صف (ریسک نقدشوندگی و اجرای حد ضرر) | 114٪ بالای MA200 | واگرایی منفی
کفرا,فراورده‌ های‌ نسوزایران‌,سایر محصولات کانی غیرفلزی,53,خنثی,100,75,22,10,5030,20261007,5,3.7,163.1,102.2,7.4,28.1,154.9,69.6,11,1,false,53,2.84,above,-1.9,2.05,4210,5095,-21.15,-63.84,1.16,-110.95,31.27,,,12.75,,4887,4745,5095,5380,0.23,خروج مستمر پول حقیقی | بدون EPS مثبت | سهم صفی: 11 روز از ۲۰ روز در صف (ریسک نقدشوندگی و اجرای حد ضرر) | رشد عمودی (163٪ در ۶۰ روز، 28٪ بالای MA50) | 155٪ بالای MA200 | صف فروش در ۵ روز اخیر
شپاکسا,پاکسان‌,محصولات شیمیایی,52.9,خنثی,100,65,2.5,37,2855,20261007,-2.4,10.3,98.6,37.8,3.4,16,94.4,61,6,0,false,38.8,3.14,above,-4.2,1.1,2700,2960,-30.28,-9.61,0.58,-75.32,36.21,327,8.73,9.63,-9.3,2765,2655,2960,3139,0.52,واگرایی منفی RSI | سهم صفی: 6 روز از ۲۰ روز در صف (ریسک نقدشوندگی و اجرای حد ضرر) | 94٪ بالای MA200 | سرانه خرید ضعیف (0.58) | واگرایی منفی
شارپیلن,پتروشیمی ارغوان گسترایلام,محصولات شیمیایی,52.9,خنثی,100,50,81.5,10,3550,20261007,5.1,9.7,12.8,-48,6.8,8.8,,99.8,20,0,true,93.8,2.65,above,-5.4,2.12,3068,3754,2.97,2.87,27.96,-1.2,0.66,,,9.63,,3456,3362,3754,3942,1.08,نقدشوندگی پایین | اشباع خرید | بدون EPS مثبت | سهم صفی: 20 روز از ۲۰ روز در صف (ریسک نقدشوندگی و اجرای حد ضرر) | نقدشوندگی کمتر از ۱۰ میلیارد تومان
تیپیکو,سرمایه گذاری دارویی تامین,مواد و محصولات دارویی,52.8,خنثی,100,70,5.4,30,29540,20261007,-2.3,16.5,48.9,-12,7,15,91.3,63.2,7,0,true,22.8,3.2,above,-3.8,0.81,28600,30720,-166.8,-167.54,0.95,-214.95,117.19,2097,14.09,12.91,9.1,28600,28127,30720,32612,0.84,خروج مستمر پول حقیقی | سهم صفی: 7 روز از ۲۰ روز در صف (ریسک نقدشوندگی و اجرای حد ضرر) | 91٪ بالای MA200
خمحرکه,نیرو محرکه‌,خودرو و ساخت قطعات,52.8,خنثی,95,55,33.2,20,6400,20261007,4.2,3.2,35.3,-25.5,3.9,14.4,45.3,61.3,2,0,false,24.4,3.34,above,-5,0.97,6260,6740,-0.6,-0.64,1.47,9.5,13.63,130,49.23,,,6260,6153,6740,7168,1.38,واگرایی منفی RSI | P/E بالا (49) | واگرایی منفی
شپدیس,پتروشیمی پردیس,محصولات شیمیایی,52.8,خنثی,65,30,27,82,12290,20261007,-2.8,-1,-0.7,-61.6,-4.4,3.8,13.8,47.6,1,0,false,29.4,3.48,above,-24.4,0.49,11940,12540,-53.86,729.09,0.6,-434.95,623.24,1879,6.54,9.63,-32.1,11940,11726,12540,12854,0.44,توزیع: ورود حقیقی با سرانه خرید ضعیف (0.64 در ۲۰ روز) | سرانه خرید ضعیف (0.60)
اوان,مبین وان کیش,اطلاعات و ارتباطات,52.7,خنثی,95,45,56.7,4,14990,20261007,6.5,-6.5,45.5,-15.3,3.9,13.6,82.1,60.9,0,0,false,26.4,3.71,above,-8.9,0.88,14800,16460,0.44,-15.02,1.41,4.98,7.37,8,1873.75,11.65,15983.7,14800,14522,16460,17573,3.14,خروج مستمر پول حقیقی | P/E بالا (1874) | 82٪ بالای MA200 | نقدشوندگی کمتر از ۱۰ میلیارد تومان
واتی,سرمایه‌ گذاری‌ آتیه‌ دماوند,سرمایه گذاریها,52.5,خنثی,100,35,53,9,7270,20261007,-5.3,-0.1,43.1,-17.7,0.9,4.7,40.8,52.7,1,0,false,23.7,3.37,above,-8.9,0.91,7120,7660,27.43,69.63,0.66,-24.73,28.42,537,13.54,7.13,89.9,7120,6998,7660,7860,1.43,واگرایی منفی RSI | توزیع: ورود حقیقی با سرانه خرید ضعیف (0.71 در ۲۰ روز) | سرانه خرید ضعیف (0.66) | واگرایی منفی
قشهد,شهد,قند و شکر,52.5,خنثی,70,50,26,60,3520,20261007,-7.9,1.8,82.9,22,-7.6,9.8,92.8,46.9,4,1,false,49.1,3.6,above,-16.4,0.64,2908,,-0.69,14.59,0.47,-13.79,8.81,416,8.46,9.8,-13.7,3393,3266,3900,4154,1.5,واگرایی منفی RSI | توزیع: ورود حقیقی با سرانه خرید ضعیف (0.64 در ۲۰ روز) | 93٪ بالای MA200 | سرانه خرید ضعیف (0.47) | واگرایی منفی | حد ضرر دور (7.2٪) | نقدشوندگی کمتر از ۱۰ میلیارد تومان | صف فروش در ۵ روز اخیر
قنیشا,قند  نیشابور,قند و شکر,52.4,خنثی,100,75,25.6,4,3520,20261007,1.4,6.5,64.6,3.8,3.1,14.3,46.5,62.3,0,0,false,46.3,3.26,above,-2.5,0.78,3260,3590,-1.31,-10.18,1.19,0.37,4.62,119,29.58,9.8,201.8,3405,3233,3590,3819,0.24,خروج مستمر پول حقیقی | حد ضرر دور (8.1٪) | نقدشوندگی کمتر از ۱۰ میلیارد تومان
قیستو,شرکت قند بیستون,قند و شکر,52.4,خنثی,90,50,26.5,35,47300,20261007,-13.2,5.6,93.2,32.4,-7.5,13.1,75.1,47.4,3,3,false,59.9,3.99,above,-17.1,0.93,39630,48710,5.53,-12.73,0.48,-17.35,8.5,2437,19.41,,,45412,43523,48710,57050,0.37,واگرایی منفی RSI | خروج مستمر پول حقیقی | 75٪ بالای MA200 | سرانه خرید ضعیف (0.48) | واگرایی منفی | حد ضرر دور (8.0٪) | نقدشوندگی کمتر از ۱۰ میلیارد تومان | صف فروش در ۵ روز اخیر
وبرق,س.کارکنان صنعت برق زنجان وقزوی,سرمایه گذاریها,52.4,خنثی,85,65,20.5,35,62010,20261007,-2.2,-0.5,108.9,48,-3.8,13.7,76.7,53.9,8,1,false,47.7,3.6,above,-16.2,0.87,60000,65310,-0.29,-3.58,3.33,-5.89,12.77,4946,12.54,,,60000,58883,65310,74000,1.06,سهم صفی: 8 روز از ۲۰ روز در صف (ریسک نقدشوندگی و اجرای حد ضرر) | رشد عمودی (109٪ در ۶۰ روز، 14٪ بالای MA50) | 77٪ بالای MA200 | صف فروش در ۵ روز اخیر
سکارون,سیمان کارون,سیمان، آهک و گچ,52.3,خنثی,88,60,25.5,30,5300,20261007,-6.4,-0.2,-0.9,-61.8,1.5,2.3,32,52.2,3,0,true,19.9,3.47,above,-10.3,1.2,4990,5405,-0.07,9.64,0.8,-8.95,4.81,243,21.81,,,5116,4898,5405,5525,0.26,توزیع: ورود حقیقی با سرانه خرید ضعیف (0.82 در ۲۰ روز) | سرانه خرید ضعیف (0.80) | حد ضرر دور (7.6٪) | نقدشوندگی کمتر از ۱۰ میلیارد تومان
کپشیر,پشم‌شیشه‌ایران‌,سایر محصولات کانی غیرفلزی,52.3,خنثی,100,70,29,4,35260,20261007,14.5,40,219.7,158.9,22,55.6,180.2,85.9,6,0,true,71.4,3.26,above,-0.8,1.33,28982,,-45.69,28.44,0.65,-157.17,39.95,1532,23.02,12.75,80.5,34112,32964,38704,41001,1.5,اشباع خرید | فاصله زیاد از MA20 | سهم صفی: 6 روز از ۲۰ روز در صف (ریسک نقدشوندگی و اجرای حد ضرر) | رشد عمودی (220٪ در ۶۰ روز، 56٪ بالای MA50) | توزیع: ورود حقیقی با سرانه خرید ضعیف (0.59 در ۲۰ روز) | 180٪ بالای MA200 | سرانه خرید ضعیف (0.65)
ما,بیمه  ما,بیمه وصندوق بازنشستگی به جزتامین اجتماعی,52.2,خنثی,100,55,10.6,34,3890,20261007,4.3,0.8,50.7,-10.1,0.9,11.2,52.3,58.3,3,0,false,35.5,3.09,above,-5.8,0.58,3760,3930,-2.43,-16.84,1.17,-0.43,4.28,755,5.15,4.59,12.3,3770,3700,3930,4130,0.21,خروج مستمر پول حقیقی | 52٪ بالای MA200 | نقدشوندگی کمتر از ۱۰ میلیارد تومان
دتماد,تولیدمواداولیه‌داروپخش‌,مواد و محصولات دارویی,52.1,خنثی,100,45,2.5,50,56680,20261007,-5,0.6,48,-12.8,2.1,8.7,104.6,54.9,3,0,false,23.7,3.44,above,-8,1.26,49000,61295,-28.35,-2.25,0.55,-70.39,29.01,5718,9.91,12.91,-23.2,54729,52778,61295,65197,1.18,105٪ بالای MA200 | سرانه خرید ضعیف (0.55)
شمواد,تولید مواداولیه الیاف مصنوعی,محصولات شیمیایی,52.1,خنثی,100,70,20.5,32,14600,20260930,11.9,26.6,91.3,30.5,15.8,37.8,183.1,82.8,7,0,true,57,3.19,above,-2.3,0.83,13370,,-23.92,-140.4,1.99,-23.77,26.15,1509,9.68,,,14135,13436,15996,16927,1.2,اشباع خرید | فاصله زیاد از MA20 | خروج مستمر پول حقیقی | سهم صفی: 7 روز از ۲۰ روز در صف (ریسک نقدشوندگی و اجرای حد ضرر) | رشد عمودی (91٪ در ۶۰ روز، 38٪ بالای MA50) | 183٪ بالای MA200 | حد ضرر دور (8.0٪) | آخرین معامله 20260930 (متوقف یا کم‌معامله)
وسینا,بانک سینا,بانکها و موسسات اعتباری,52,خنثی,85,55,15.2,47,3370,20261007,-2.6,1.2,38.4,-22.4,-0.3,5.4,43.2,53.3,0,0,false,21.1,3.3,above,-7.4,0.6,3290,3470,-21.46,-132.4,1.35,-14.7,45.64,584,5.77,5.4,6.9,3290,3234,3470,3640,0.74,خروج مستمر پول حقیقی | 151٪ بالای کف ۵۲ هفته
ثشرق,سرمایه گذاری مسکن شمال شرق,انبوه سازی، املاک و مستغلات,51.9,خنثی,56,50,76.5,24,6420,20261007,15.5,60.8,6.2,-54.6,27.5,26,-39.8,81.5,14,0,true,41.2,2.57,inside,-62.7,0.46,6306,7462,0.01,0.22,5.02,18.94,10.24,238,26.97,6.61,308.1,6306,6224,7462,8399,5.31,اشباع خرید | فاصله زیاد از MA20 | سهم صفی: 14 روز از ۲۰ روز در صف (ریسک نقدشوندگی و اجرای حد ضرر)
شسینا,صنایع‌شیمیایی‌سینا,محصولات شیمیایی,51.9,خنثی,90,35,1.5,70,4140,20261007,-5.7,0,25.6,-35.2,-3.2,8,46.3,51.3,2,0,false,35.1,3.32,above,-12.8,1.37,4030,4500,-6.75,-9.64,0.59,-19.44,6.76,523,7.92,9.63,-17.8,4030,3961,4500,4750,2.01,خروج مستمر پول حقیقی | 157٪ بالای کف ۵۲ هفته | سرانه خرید ضعیف (0.59) | نقدشوندگی کمتر از ۱۰ میلیارد تومان
وبیمه,سرمایه‌ گذاری‌ صنعت‌ بیمه‌,سرمایه گذاریها,51.7,خنثی,70,55,59.9,19,2930,20261007,-3,-0.9,89.3,28.4,-7.1,12.3,79.6,50.1,7,1,false,47.3,3.44,above,-16.8,0.76,2106,,2.67,0.36,1.48,-4.79,9.33,188,15.59,7.13,118.6,2829,2729,3232,3433,1.5,سهم صفی: 7 روز از ۲۰ روز در صف (ریسک نقدشوندگی و اجرای حد ضرر) | 80٪ بالای MA200 | نقدشوندگی کمتر از ۱۰ میلیارد تومان | شناوری کم (12٪) | صف فروش در ۵ روز اخیر
کشرق,صنعتی و معدنی شمال شرق شاهرود,استخراج زغال سنگ,51.7,خنثی,76,88,75.2,10,144800,20261007,13.2,3.7,56.3,-4.5,8,2.7,43.5,61.5,3,0,true,22.7,3.38,inside,-14.3,0.81,135442,146729,0.34,0.09,1.49,1.62,1.4,,,15.48,,139905,132995,146729,149373,0.16,نقدشوندگی پایین | بدون EPS مثبت | توزیع: ورود حقیقی با سرانه خرید ضعیف (0.80 در ۲۰ روز) | حد ضرر دور (8.2٪) | نقدشوندگی کمتر از ۱۰ میلیارد تومان
سصوفی,سیمان‌ صوفیان‌,سیمان، آهک و گچ,51.7,خنثی,83,45,1,70,171700,20261007,0.8,-1.4,15.4,-45.4,2.1,3.3,27.6,55,1,0,false,12.2,3.24,above,-10.1,1.12,169200,174600,-42.81,-1.85,0.7,-79.41,56.45,30922,5.55,7.14,-22.2,169200,166423,174600,177300,0.55,بدون روند (ADX پایین) | سرانه خرید ضعیف (0.70)
زمگسا,کشاورزی‌ ودامپروی‌ مگسال‌,زراعت و خدمات وابسته,51.6,خنثی,100,73,12,16,113700,20261007,7.3,23.9,57.1,-3.8,13.1,23,82.3,71.5,7,0,true,33,3.04,above,-0.3,1.3,105920,,-37.88,-42.74,0.42,-32.34,12.76,12169,9.34,6.33,47.6,110240,105051,124079,130998,1.2,واگرایی منفی RSI | خروج مستمر پول حقیقی | سهم صفی: 7 روز از ۲۰ روز در صف (ریسک نقدشوندگی و اجرای حد ضرر) | 82٪ بالای MA200 | سرانه خرید ضعیف (0.42) | واگرایی منفی | حد ضرر دور (7.6٪)
بمپنا,تولید برق عسلویه  مپنا,عرضه برق، گاز، بخاروآب گرم,51.5,خنثی,65,30,77.1,27,7410,20261007,-4,-12.7,32.8,-28,-8.8,5,40.7,44.8,2,1,false,29,3.52,above,-21.1,1.59,7270,9390,69.28,31.39,1.19,49.06,15.27,576,12.86,10.04,28.1,7270,7140,9390,9911,7.33,صف فروش در ۵ روز اخیر
قصفها,قنداصفهان‌,قند و شکر,51.5,خنثی,95,45,19,37,2384,20261007,0,-3.1,41.7,-19.1,1.2,9.7,63.5,57.6,3,0,false,27.5,3.28,above,-8.6,1.05,2263,2440,-0.18,12.26,0.88,-9.65,12.31,264,9.03,9.8,-7.9,2306,2224,2440,2607,0.35,توزیع: ورود حقیقی با سرانه خرید ضعیف (0.70 در ۲۰ روز) | 63٪ بالای MA200
حپرتو,پرتو بار فرابر خلیج فارس,حمل ونقل، انبارداری و ارتباطات,51.5,خنثی,100,53,27.5,16,11420,20261007,-4.6,7,51.6,-9.2,4.7,25.7,45.3,63.4,6,2,false,50.9,3.25,above,-7.3,0.89,10990,12320,-0.31,15.92,0.53,-15.61,12.37,1121,10.19,7.68,32.6,11049,10804,12320,13062,1.46,سهم صفی: 6 روز از ۲۰ روز در صف (ریسک نقدشوندگی و اجرای حد ضرر) | توزیع: ورود حقیقی با سرانه خرید ضعیف (0.70 در ۲۰ روز) | سرانه خرید ضعیف (0.53) | صف فروش در ۵ روز اخیر
شصدف,صنعتی دوده فام,محصولات شیمیایی,51,خنثی,85,38,1.5,70,17300,20261007,-3.4,1.6,60.1,-0.8,-3.3,5.4,42.4,49.8,1,0,false,36.8,3.66,above,-12.4,1.02,16300,18400,-32.83,-65.2,0.7,-40.09,30.31,2572,6.73,8.01,-16,16667,15984,18400,18860,0.84,خروج مستمر پول حقیقی | سرانه خرید ضعیف (0.70) | حد ضرر دور (7.6٪)
زشریف,کشت وصنعت شریف آباد,زراعت و خدمات وابسته,50.9,خنثی,100,45,0.5,47,18970,20261007,-5.8,5.9,29,-31.8,0.7,7.1,66.2,54.4,4,0,false,23.3,3.33,above,-7,0.7,17357,19230,-11.98,-44.68,0.47,-21,10.48,2402,7.9,8.07,-2.1,18339,17392,19230,20350,0.16,خروج مستمر پول حقیقی | 66٪ بالای MA200 | سرانه خرید ضعیف (0.47) | حد ضرر دور (8.3٪)
رنیک,جنرال مکانیک,خدمات فنی و مهندسی,50.9,خنثی,73,70,33.9,26,13040,20261007,1.8,-2.2,26.3,-34.5,2.7,6.9,2.9,59.2,2,0,true,17,3.18,above,-23.2,0.97,12846,13530,-3.7,93.87,1.01,-6.98,19.88,1608,8.11,2.41,236.5,12846,12639,13530,13970,1.22,
وملی,گروه‌ صنعتی‌ ملی‌ (هلدینگ‌,دباغی، پرداخت چرم و ساخت انواع پاپوش,50.9,خنثی,95,55,20.4,25,287900,20261007,0.3,7.4,40.9,-20,0.8,13.1,36.8,59.5,3,0,false,27.8,3.3,above,-9.9,0.94,265350,319700,-2.17,0.64,0.92,-10.06,14.97,3197,90.05,87.3,3.2,278398,264144,319700,338705,1.34,P/E بالا (90) | توزیع: ورود حقیقی با سرانه خرید ضعیف (0.78 در ۲۰ روز) | حد ضرر دور (8.3٪)
کقزوی,شیشه‌ قزوین‌,سایر محصولات کانی غیرفلزی,50.8,خنثی,85,53,48.8,10,807,20261007,-3.2,-0.6,55.5,-5.3,-1.9,6.4,33.5,52.5,0,0,false,26.3,3.41,above,-12.3,1.03,771,841,1.9,-2.29,1.05,0.81,5.04,,,,,779,757,841,856,0.7,بدون EPS مثبت | نقدشوندگی کمتر از ۱۰ میلیارد تومان
دفرا,فرآورده‌های‌ تزریقی‌ ایران‌,مواد و محصولات دارویی,50.8,خنثی,54,70,55.4,27,49860,20261007,-0.1,-0.1,20.3,-40.5,3.2,-0.3,79.4,53.5,4,0,true,19.5,3.5,inside,-11,0.69,46720,50383,3.49,53.33,0.88,-4.35,12.19,3353,14.87,12.91,15.2,48115,45848,50383,51190,0.13,توزیع: ورود حقیقی با سرانه خرید ضعیف (0.72 در ۲۰ روز) | 79٪ بالای MA200 | حد ضرر دور (8.0٪)
خبنیان,بنیان دیزل,خودرو و ساخت قطعات,50.8,خنثی,75,35,45.2,40,1806,20261007,-3.2,-6.6,25,-35.8,-0.7,7,5.1,52.9,2,0,false,20.7,3.42,above,-26.4,0.98,1732,1878,0.2,12.56,0.89,-6.52,12.58,10,180.6,,,1744,1701,1878,1910,0.68,P/E بالا (181)
وپترو,سرمایه‌گذاری صنایع پتروشیمی‌,محصولات شیمیایی,50.6,خنثی,85,65,1.5,47,76640,20261007,-3.5,-8.6,84.5,23.7,-4.6,18,76.2,53.2,8,2,false,42.3,3.43,above,-13.8,1.28,75460,84400,-74.5,-340.58,0.42,-109.06,63.58,7753,9.89,9.63,2.7,75460,74147,84400,88910,3.11,خروج مستمر پول حقیقی | سهم صفی: 8 روز از ۲۰ روز در صف (ریسک نقدشوندگی و اجرای حد ضرر) | 76٪ بالای MA200 | سرانه خرید ضعیف (0.42) | صف فروش در ۵ روز اخیر
سپاها,سیمان‌سپاهان‌,سیمان، آهک و گچ,50.6,خنثی,100,70,2.5,24,22210,20261007,2.1,4.9,37,-23.8,7.3,12.7,60.1,62.9,3,0,true,21.8,3.17,above,-1.3,1.17,20450,22450,-25.35,-8.39,0.82,-10.99,25.02,2433,9.13,7.14,27.9,21506,20451,22450,23857,0.14,60٪ بالای MA200 | حد ضرر دور (7.9٪)
فخوز,فولاد  خوزستان,فلزات اساسی,50.6,خنثی,100,38,22,30,3270,20261007,-0.8,23.9,55.5,-5.3,7.7,34,92.9,72.3,9,1,false,41.5,3.14,above,-1,0.65,3140,,-572.52,-779.66,1.84,-506.51,429.29,222,14.73,13.48,9.3,3167,3089,3578,3784,1.7,واگرایی منفی RSI | خروج مستمر پول حقیقی | سهم صفی: 9 روز از ۲۰ روز در صف (ریسک نقدشوندگی و اجرای حد ضرر) | رشد عمودی (56٪ در ۶۰ روز، 34٪ بالای MA50) | 93٪ بالای MA200 | واگرایی منفی | صف فروش در ۵ روز اخیر
قزوین,کارخانجات‌ قند قزوین‌,قند و شکر,50.5,خنثی,90,55,13.2,37,12600,20261007,0.2,2.9,35.2,-25.6,-0.2,5.8,53.3,56.2,0,0,false,30.7,3.16,above,-9.5,1.71,12153,12825,-0.46,-5.14,0.89,-2.27,4.11,1403,8.98,9.8,-8.4,12202,11954,12825,13920,0.35,خروج مستمر پول حقیقی | 53٪ بالای MA200 | نقدشوندگی کمتر از ۱۰ میلیارد تومان
فباهنر,مس‌ شهیدباهنر,فلزات اساسی,50.5,خنثی,95,45,2,50,12810,20261007,-1.5,-4,30.9,-30,0.9,10,49.2,57.1,2,0,false,21.1,3.24,above,-9.2,0.95,11660,13000,-46.13,-197.38,0.71,-155.83,90.73,1069,11.98,13.48,-11.1,12395,11772,13000,14110,0.18,خروج مستمر پول حقیقی | 199٪ بالای کف ۵۲ هفته | سرانه خرید ضعیف (0.71) | حد ضرر دور (8.1٪)
برکت,گروه دارویی برکت,مواد و محصولات دارویی,50.4,خنثی,100,75,17.5,4,5170,20261007,0.8,0.8,63.1,2.3,3.6,14.9,70.8,61.4,3,0,false,27.7,3.19,above,-4.3,0.97,5060,5260,-8.47,29.77,0.78,-81.06,74.65,47,110,12.91,752.1,5060,4978,5260,5400,0.47,P/E بالا (110) | توزیع: ورود حقیقی با سرانه خرید ضعیف (0.68 در ۲۰ روز) | 71٪ بالای MA200 | سرانه خرید ضعیف (0.78)
نیروترانسفو,کارخانجات تولیدی نیروترانسفو,ماشین آلات و دستگاه‌های برقی,50.1,خنثی,85,45,36.5,26,25750,20261007,1.7,-1.1,42.3,-18.5,-2.3,3,,52.8,8,0,false,23.5,3.32,above,-14.6,0.81,23950,27510,-11.35,-39.97,5.44,39.01,33.79,2731,9.43,5.95,58.5,24896,23615,27510,30140,0.82,واگرایی منفی RSI | خروج مستمر پول حقیقی | سهم صفی: 8 روز از ۲۰ روز در صف (ریسک نقدشوندگی و اجرای حد ضرر) | 219٪ بالای کف ۵۲ هفته | واگرایی منفی | حد ضرر دور (8.3٪)
فارس,صنایع پتروشیمی خلیج فارس,محصولات شیمیایی,50.1,خنثی,100,53,1,37,13130,20261007,1.2,15,58.4,-2.4,5.5,23.5,66.2,67.2,4,0,false,32.2,3.06,above,-1.1,0.66,11550,,-699.37,-615.56,0.53,-728.87,437.32,1498,8.77,9.63,-9,12728,12326,14336,15140,1.5,خروج مستمر پول حقیقی | 66٪ بالای MA200 | سرانه خرید ضعیف (0.53)
بهیر,س. توسعه تجارت هیرمند,سرمایه گذاریها,50.1,خنثی,100,50,60.3,20,4910,20261007,6,19.5,45.7,-15.1,11.3,23.7,39.2,81.7,9,0,true,65.1,2.15,above,-2.6,0.75,4210,,1.01,3.55,1.05,-0.18,1.27,223,22.02,,,4804,4699,5227,5438,1.5,نقدشوندگی پایین | واگرایی منفی RSI | اشباع خرید | سهم صفی: 9 روز از ۲۰ روز در صف (ریسک نقدشوندگی و اجرای حد ضرر) | واگرایی منفی | نقدشوندگی کمتر از ۱۰ میلیارد تومان
سقاین,سیمان‌ قائن‌,سیمان، آهک و گچ,50,خنثی,100,75,4,16,36410,20261007,2,14.1,115.6,54.7,8.5,28,148.6,70,4,0,false,45.6,2.99,above,0,1.11,35900,,-20.58,-42.39,0.82,-34.53,18.86,3814,9.55,7.14,33.7,35900,35356,39673,41849,3.1,خروج مستمر پول حقیقی | رشد عمودی (116٪ در ۶۰ روز، 28٪ بالای MA50) | 149٪ بالای MA200 | شناوری کم (12٪)
ثنام,س ساختمانی ب نام آوران مهندسی,انبوه سازی، املاک و مستغلات,50,خنثی,100,58,63.5,10,2460,20261007,6.8,21.4,59.5,-1.3,10.7,28.6,73.7,83,4,0,true,62.4,3.68,above,-1.4,0.64,2253,,3.04,-7.33,3.3,6.19,2.69,,,,,2369,2234,2732,2913,1.2,نقدشوندگی پایین | اشباع خرید | خروج مستمر پول حقیقی | بدون EPS مثبت | 74٪ بالای MA200 | حد ضرر دور (9.2٪) | نقدشوندگی کمتر از ۱۰ میلیارد تومان
کرومیت,توسعه معادن کرومیت کاوندگان,استخراج کانه های فلزی,49.9,خنثی,100,45,39.7,4,5520,20261007,-1.3,10.2,44.9,-15.9,0.4,18,34.7,60.9,4,0,false,35.4,3.24,above,-7.2,0.51,5200,5660,-4.89,14.44,1.11,1.86,23.28,198,27.88,14.44,93.1,5341,5111,5660,5950,0.34,حد ضرر دور (7.4٪)
کایتا,ایتالران‌,سایر محصولات کانی غیرفلزی,49.9,خنثی,75,55,95.5,10,16520,20261007,4.7,8.5,14.4,-46.4,4.2,11.2,-4.8,61.1,3,0,false,29.6,3.45,above,-52,1.45,16335,16694,4.72,5.34,4.47,5,1.07,,,,,16335,16050,16694,16962,0.37,نقدشوندگی پایین | بدون EPS مثبت | نقدشوندگی کمتر از ۱۰ میلیارد تومان
جوین,کشت و صنعت جوین,زراعت و خدمات وابسته,49.8,خنثی,100,53,5,32,6800,20261007,-5,1.8,58.5,-2.3,1,11.5,64,58.7,4,0,false,37.1,3.33,above,-7.4,0.85,6420,6935,-5.63,-15.83,0.9,-4.62,14.05,765,8.89,,,6574,6307,6935,7340,0.27,خروج مستمر پول حقیقی | 64٪ بالای MA200 | حد ضرر دور (7.3٪)
لپیام,گسترش صنایع پیام,ساخت دستگاه‌ها و وسایل ارتباطی,49.8,خنثی,100,70,3.3,20,146200,20261007,15.6,41.5,217.8,156.9,18.4,59,153.5,88.4,8,0,true,74.6,2.69,above,0,0.58,130000,,-6.83,-36.84,0.89,-2.62,10.47,123,1188.62,,,142265,138331,158004,165873,1.5,اشباع خرید | فاصله زیاد از MA20 | خروج مستمر پول حقیقی | سهم صفی: 8 روز از ۲۰ روز در صف (ریسک نقدشوندگی و اجرای حد ضرر) | رشد عمودی (218٪ در ۶۰ روز، 59٪ بالای MA50) | P/E بالا (1189) | 154٪ بالای MA200
حبندر,دریایی و کشتیرانی خط دریابندر,حمل ونقل، انبارداری و ارتباطات,49.8,خنثی,100,70,31.1,32,10730,20261007,11.3,25.2,72.4,11.6,13.2,26.7,114.7,82.9,0,0,true,40.1,3.15,above,-0.1,0.96,9528,,-4.43,0.51,1.32,-1.41,2.95,1112,9.65,,,10392,10055,11743,12418,1.5,نقدشوندگی پایین | اشباع خرید | 115٪ بالای MA200 | نقدشوندگی کمتر از ۱۰ میلیارد تومان
ونوین,بانک‌اقتصادنوین‌,بانکها و موسسات اعتباری,49.8,خنثی,95,45,2,47,3880,20261007,-2.8,4.9,26,-34.8,0,7.5,74.4,54.7,1,0,false,27.7,3.59,above,-7.6,0.89,3680,4200,-68.34,-391.35,0.84,-127.94,216.73,711,5.46,5.4,1.1,3741,3610,4200,4479,1.19,واگرایی منفی RSI | خروج مستمر پول حقیقی | 74٪ بالای MA200 | واگرایی منفی
وآتوس,گروه سرمایه گذاری توسکا,سرمایه گذاریها,49.7,خنثی,85,63,56.4,10,1594,20261006,8.3,11.8,59.9,-1,4.7,12.4,5.9,60.1,3,0,false,27.1,3.26,above,-38.6,1.1,1572,1666,1.46,7.02,0.96,-3.99,6.68,,,,,1572,1546,1666,1714,1.51,بدون EPS مثبت | توزیع: ورود حقیقی با سرانه خرید ضعیف (0.86 در ۲۰ روز) | نقدشوندگی کمتر از ۱۰ میلیارد تومان | آخرین معامله 20261006 (متوقف یا کم‌معامله)
خزر,فنرسازی‌زر,خودرو و ساخت قطعات,49.7,خنثی,85,53,2.4,52,2120,20261007,2,-11.9,54,-6.8,-1.8,6.4,48.6,54.1,2,0,false,24.6,3.58,above,-16.4,0.95,1975,2537,-1.34,-8.09,0.84,-12.41,11.29,394,5.38,,,2044,1937,2537,2689,2.27,حد ضرر دور (8.7٪)
ثپردیس,سرمایه گذاری مسکن پردیس,انبوه سازی، املاک و مستغلات,49.7,خنثی,90,63,26.3,14,4500,20261007,-0.7,2,53.6,-7.2,-3.6,8,47.5,51.8,3,0,false,44.7,3.77,above,-13.5,0.63,4370,5200,-8.64,89.67,0.83,-16.34,23.87,117,38.46,23.59,63,4370,4285,5200,5539,3.26,P/E بالا (38)
شنفت,نفت‌ پارس‌,فراورده های نفتی، کک و سوخت هسته ای,49.5,خنثی,100,50,22,16,18990,20261007,1.3,15.5,81.3,20.5,8.3,25.5,83.6,70.5,1,0,false,39,2.96,above,0,1.16,17950,,-46.01,-42.25,1.62,-26.73,33.41,2291,8.29,6.26,32.4,18428,17669,20677,21802,1.28,واگرایی منفی RSI | خروج مستمر پول حقیقی | 84٪ بالای MA200 | واگرایی منفی | شناوری کم (12٪)
فسدید,لوله‌وتجهیزات‌ سدید,فلزات اساسی,49.5,خنثی,100,65,16,10,149000,20261007,-10.9,33.9,63.8,3,4.6,35.8,42.2,64.6,14,2,false,72.2,2.83,above,-13.5,2,122503,172300,-0.05,3.48,0.47,-21.52,6.02,,,,,144784,140569,172300,180731,2.76,بدون EPS مثبت | سهم صفی: 14 روز از ۲۰ روز در صف (ریسک نقدشوندگی و اجرای حد ضرر) | رشد عمودی (64٪ در ۶۰ روز، 36٪ بالای MA50) | توزیع: ورود حقیقی با سرانه خرید ضعیف (0.67 در ۲۰ روز) | سرانه خرید ضعیف (0.47) | نقدشوندگی کمتر از ۱۰ میلیارد تومان | صف فروش در ۵ روز اخیر
درهآور,دارویی ره آورد تامین,مواد و محصولات دارویی,49.4,خنثی,76,30,35.5,47,15010,20261007,-0.1,-10.2,25.8,-35,-0.8,0.9,36.9,49.7,2,0,false,21.2,3.66,inside,-16.1,1.11,13780,15570,7.05,-22.11,1.1,-10.38,13.01,1808,8.3,8.86,-6.3,14460,13635,15570,16790,0.41,خروج مستمر پول حقیقی | حد ضرر دور (9.2٪)
سبهان,سیمان‌ بهبهان‌,سیمان، آهک و گچ,49.3,خنثی,74,45,2.5,70,5990,20261007,1.7,-7.7,12.4,-48.4,0.6,4.8,36.4,54.3,1,0,false,16.9,3.37,inside,-22.6,0.97,5770,6130,-4.3,-5.42,0.78,-12.07,11.23,989,6.06,7.14,-15.2,5788,5669,6130,6700,0.44,سرانه خرید ضعیف (0.78)
شوینده,مدیریت صنعت شوینده ت.ص.بهشهر,محصولات شیمیایی,49.3,خنثی,100,85,5.3,4,50250,20261007,11.8,19.4,84.3,23.4,12.1,20.8,79.5,73.8,6,0,true,32.4,2.98,above,-0.5,1.15,48510,,-43.34,-47.14,0.95,-26.51,14.13,1772,28.36,9.63,194.5,48752,47761,54743,57739,1.81,خروج مستمر پول حقیقی | سهم صفی: 6 روز از ۲۰ روز در صف (ریسک نقدشوندگی و اجرای حد ضرر) | 79٪ بالای MA200
غمارگ,مارگارین,محصولات غذایی و آشامیدنی به جز قند و شکر,49.2,خنثی,85,40,32.9,30,2435,20261007,-6.3,-6.1,78.9,18.1,-8.4,11.2,71.6,47.4,12,0,false,43.3,3.52,above,-18.9,1.33,1860,2497,-1.78,21.1,1.02,-1.13,16.54,120,20.29,,,2349,2263,2497,2683,0.36,سهم صفی: 12 روز از ۲۰ روز در صف (ریسک نقدشوندگی و اجرای حد ضرر) | 72٪ بالای MA200 | حد ضرر دور (7.0٪)
ساراب,سیمان‌ داراب‌,سیمان، آهک و گچ,49.2,خنثی,85,43,3.5,57,17800,20261007,-3.2,-5,55.1,-5.8,-5,4.7,42.6,50,5,0,false,29.6,2.94,above,-15.5,0.58,15171,18738,-0.23,-23.76,0.82,-2.76,4.41,2361,7.54,7.14,5.6,17277,16754,18738,21073,0.9,خروج مستمر پول حقیقی | نقدشوندگی کمتر از ۱۰ میلیارد تومان
لازما,کارخانه های صنعتی آزمایش,ماشین آلات و تجهیزات,49.1,خنثی,100,70,0.5,20,233200,20261007,13.5,35.7,208.1,147.3,15.4,51.3,165.1,86,12,0,true,72.1,2.85,above,-0.3,0.62,214400,,-12.64,-48.61,0.78,-7.27,10.15,4652,50.13,,,226559,216596,253124,266407,1.2,اشباع خرید | فاصله زیاد از MA20 | خروج مستمر پول حقیقی | سهم صفی: 12 روز از ۲۰ روز در صف (ریسک نقدشوندگی و اجرای حد ضرر) | رشد عمودی (208٪ در ۶۰ روز، 51٪ بالای MA50) | P/E بالا (50) | 165٪ بالای MA200 | سرانه خرید ضعیف (0.78) | حد ضرر دور (7.1٪)
ولقمان,گروه سرمایه گذاری لقمان,سرمایه گذاریها,49.1,خنثی,100,50,71.5,25,4090,20261006,11.6,24.2,42.2,-18.7,11,27.2,65.7,93.8,5,0,true,69.3,1.76,above,-1.4,1.36,3760,,0.41,-1.23,2.76,0.59,0.31,243,16.83,,,4018,3946,4306,4450,1.5,نقدشوندگی پایین | اشباع خرید | خروج مستمر پول حقیقی | 66٪ بالای MA200 | نقدشوندگی کمتر از ۱۰ میلیارد تومان | آخرین معامله 20261006 (متوقف یا کم‌معامله)
وپست,پست بانک ایران,بانکها و موسسات اعتباری,49,خنثی,83,55,5.5,47,10380,20261007,-0.2,6.8,24.2,-36.7,2.4,7.4,62.7,58.4,0,0,false,18.6,3.61,above,-6.7,0.67,10250,11120,-26.06,-52.52,0.96,-20.52,39.81,2033,5.11,5.4,-5.4,10250,10063,11120,11870,2.33,خروج مستمر پول حقیقی | 63٪ بالای MA200
فبستم,صنایع ‌بسته‌بندی‌ مشهد,ساخت محصولات فلزی,49,خنثی,65,30,64,30,16520,20261007,4.8,-5.6,14.1,-46.7,-3.9,1.7,7.2,48.4,1,0,false,19.4,4.14,above,-15.9,2.09,16285,17119,9.01,13.06,0.71,-12.33,3.67,396,41.72,,,16285,15942,17119,17581,1.04,P/E بالا (42) | توزیع: ورود حقیقی با سرانه خرید ضعیف (0.56 در ۲۰ روز) | سرانه خرید ضعیف (0.71) | نقدشوندگی کمتر از ۱۰ میلیارد تومان
فالوم,آلومتک,فلزات اساسی,48.9,خنثی,100,45,29.7,10,1466,20261007,-4.2,27.1,39.4,-21.5,2.9,25.1,27.1,63.6,10,0,false,39.4,2.83,above,-23.2,0.98,1433,1551,-1.88,20.76,0.91,-18.43,14.22,,,8.05,,1433,1412,1551,1848,1.58,بدون EPS مثبت | سهم صفی: 10 روز از ۲۰ روز در صف (ریسک نقدشوندگی و اجرای حد ضرر) | توزیع: ورود حقیقی با سرانه خرید ضعیف (0.77 در ۲۰ روز)
وامید,گروه مدیریت سرمایه گذاری امید,شرکتهای چند رشته ای صنعتی,48.9,خنثی,90,45,1.5,50,5870,20261007,-4.4,1.9,1,-59.9,-0.3,8,22.5,54,0,0,false,26,2.66,above,-9.7,0.9,5788,6105,-39.81,-226.41,0.54,-50.58,39.97,638,9.2,10.88,-15.4,5788,5710,6105,6220,1.47,واگرایی منفی RSI | خروج مستمر پول حقیقی | سرانه خرید ضعیف (0.54) | واگرایی منفی | شناوری کم (6٪)
ومهان,گروه توسعه مالی مهرآیندگان,سرمایه گذاریها,48.8,خنثی,95,63,14.7,16,5930,20261007,1.9,4.6,59.8,-1,2.5,14.5,55.1,60.4,6,0,false,33.3,3.11,above,-6.5,1.2,5500,6080,-52.04,-310.02,0.93,-17.12,71.12,532,11.15,7.13,56.3,5746,5469,6080,6340,0.33,خروج مستمر پول حقیقی | سهم صفی: 6 روز از ۲۰ روز در صف (ریسک نقدشوندگی و اجرای حد ضرر) | 55٪ بالای MA200 | حد ضرر دور (7.8٪) | شناوری کم (10٪)
بموتو,موتوژن‌,ماشین آلات و دستگاه‌های برقی,48.7,خنثی,100,73,0.5,16,3920,20261007,11,5.4,59.6,-1.2,13.2,22.5,72.5,75.5,1,0,true,40.5,3.29,above,-0.3,0.99,3150,,-22.96,-5.09,0.73,-12.02,10.87,484,8.1,6.15,31.7,3791,3662,4307,4564,1.5,73٪ بالای MA200 | سرانه خرید ضعیف (0.73) | شناوری کم (14٪)
غپآذر,شیر پگاه آذربایجان شرقی,محصولات غذایی و آشامیدنی به جز قند و شکر,48.6,خنثی,100,70,2.5,16,35060,20261007,9.3,31.1,157.8,97,18.8,46.5,148.5,86.4,6,0,true,60.9,3.15,above,0,1.04,30500,,-23.62,-42.8,0.75,-34.95,20.83,3220,10.89,7.05,54.4,33955,32850,38376,40586,1.5,اشباع خرید | فاصله زیاد از MA20 | خروج مستمر پول حقیقی | سهم صفی: 6 روز از ۲۰ روز در صف (ریسک نقدشوندگی و اجرای حد ضرر) | رشد عمودی (158٪ در ۶۰ روز، 46٪ بالای MA50) | 149٪ بالای MA200 | سرانه خرید ضعیف (0.75)
حفارس,حمل و نقل بین المللی خلیج فارس,حمل ونقل، انبارداری و ارتباطات,48.6,خنثی,100,75,10.5,4,9630,20261007,3.8,34.1,83.6,22.7,9.8,41.1,152.9,76.6,2,0,true,71.7,3.08,above,-4.3,1.28,9276,,-95.93,-201.23,0.64,-109.9,46.5,149,64.63,19.33,234.4,9333,9128,10521,11115,1.77,خروج مستمر پول حقیقی | رشد عمودی (84٪ در ۶۰ روز، 41٪ بالای MA50) | P/E بالا (65) | 153٪ بالای MA200 | سرانه خرید ضعیف (0.64)
دامین,داروسازی‌ امین‌,مواد و محصولات دارویی,48.5,خنثی,100,70,14.1,4,19580,20261007,11.7,28.1,69.7,8.8,20.9,25.5,74.6,82.1,3,0,true,40.9,2.93,above,-0.3,1.28,17190,,-38.64,-29.09,0.88,-22.4,39.64,378,51.8,12.91,301.2,19006,18432,21302,22450,1.5,اشباع خرید | فاصله زیاد از MA20 | P/E بالا (52) | 75٪ بالای MA200
شلرد,کود شیمیایی اوره لردگان,محصولات شیمیایی,48.5,خنثی,100,45,28,10,3700,20261007,-3.6,31.3,44,-16.8,6.7,33.3,101,69.6,9,1,false,49.4,3.01,above,-6.6,0.83,3160,3960,-37.39,118.94,0.73,-74.57,61.24,,,,,3589,3477,3960,4183,1.17,بدون EPS مثبت | سهم صفی: 9 روز از ۲۰ روز در صف (ریسک نقدشوندگی و اجرای حد ضرر) | رشد عمودی (44٪ در ۶۰ روز، 33٪ بالای MA50) | 101٪ بالای MA200 | سرانه خرید ضعیف (0.73) | صف فروش در ۵ روز اخیر
کدما,معدنی‌ دماوند,استخراج کانه های فلزی,48.4,خنثی,95,55,5.6,30,89770,20261007,-1.1,6,27,-33.9,0.8,6.3,50.4,55.2,3,0,false,21.8,3.27,above,-9.4,1.01,83300,91550,-6.89,-13.93,0.98,-5.21,15.95,6579,13.64,13.76,-0.8,86836,82434,91550,99130,0.24,50٪ بالای MA200 | حد ضرر دور (8.2٪)
فماک,ماداکتو استیل کرد,فلزات اساسی,48.4,خنثی,100,65,12.5,9,31950,20261007,-4.1,14,111.8,50.9,1.7,25.7,119.3,62.5,7,1,false,56.8,3.49,above,-7.2,0.73,31022,34240,-2.61,-11.11,1.2,-6.25,10.46,2086,15.32,8.05,90.3,31022,30465,34240,36467,1.54,واگرایی منفی RSI | خروج مستمر پول حقیقی | سهم صفی: 7 روز از ۲۰ روز در صف (ریسک نقدشوندگی و اجرای حد ضرر) | رشد عمودی (112٪ در ۶۰ روز، 26٪ بالای MA50) | 119٪ بالای MA200 | واگرایی منفی | صف فروش در ۵ روز اخیر
بمیلا,توسعه سرمایه گذاری میلاد پارس,تجارت عمده فروشی به جز وسایل نقلیه موتور,48.4,خنثی,80,45,51.5,10,7420,20261007,-3.6,1.5,13.3,-47.5,-1.8,10.9,5.5,54.1,8,3,false,30.1,3.41,above,-36.3,0.68,6970,7950,0.22,21.81,0.36,-19.66,9.41,,,,,7167,6843,7950,8250,0.92,بدون EPS مثبت | سهم صفی: 8 روز از ۲۰ روز در صف (ریسک نقدشوندگی و اجرای حد ضرر) | توزیع: ورود حقیقی با سرانه خرید ضعیف (0.71 در ۲۰ روز) | سرانه خرید ضعیف (0.36) | حد ضرر دور (7.8٪) | نقدشوندگی کمتر از ۱۰ میلیارد تومان | صف فروش در ۵ روز اخیر
زقیام,کشت و دام قیام اصفهان,زراعت و خدمات وابسته,48.3,خنثی,90,45,2,47,11050,20261007,-8.8,0.1,13.2,-47.6,-0.8,2.9,65.5,50.2,5,1,false,21.5,3.39,above,-9.5,1.44,10090,11890,-17.41,-17.15,0.48,-45.24,13.97,1396,7.92,8.07,-1.9,10675,10113,11890,12195,0.9,خروج مستمر پول حقیقی | 65٪ بالای MA200 | سرانه خرید ضعیف (0.48) | حد ضرر دور (8.5٪) | صف فروش در ۵ روز اخیر
کصدف,کاشی صدف سرام استقلال آباده,کاشی و سرامیک,48.2,خنثی,85,45,20,35,7960,20261007,-0.4,-2.3,17.8,-43,-2,4.3,50.2,51.4,3,0,false,22.6,3.43,above,-13.1,0.67,7790,8210,-2.51,0.91,0.94,-1.68,7.7,548,14.53,,,7790,7654,8210,8418,0.82,توزیع: ورود حقیقی با سرانه خرید ضعیف (0.72 در ۲۰ روز) | 50٪ بالای MA200 | نقدشوندگی کمتر از ۱۰ میلیارد تومان
غپونه,نوش پونه مشهد,محصولات غذایی و آشامیدنی به جز قند و شکر,48.2,خنثی,80,45,3.6,57,8770,20261007,-3.3,1.4,6.4,-54.5,0.1,2.3,69.2,52.2,4,0,false,15.1,3.56,above,-11.2,0.81,8481,9110,-4.5,-8.25,0.92,-5.15,12.36,1310,6.69,7.05,-5,8481,8326,9110,9290,0.76,69٪ بالای MA200
شستا,سرمایه گذاری تامین اجتماعی,شرکتهای چند رشته ای صنعتی,47.9,خنثی,100,65,10.5,9,3710,20261007,-0.5,15.2,66.4,5.5,4.2,20.3,85.1,64.6,3,0,false,43,3.12,above,-2.6,0.91,3370,3805,-270.92,-670.92,1.16,-451.51,571.79,218,17.02,10.88,56.4,3594,3421,3805,4036,0.33,خروج مستمر پول حقیقی | 85٪ بالای MA200 | حد ضرر دور (7.8٪) | شناوری کم (13٪)
سباقر,سیمان باقران,سیمان، آهک و گچ,47.8,خنثی,100,65,3,16,407600,20261007,-2.5,10.2,116.5,55.7,5.1,25.6,160.1,66.3,8,0,false,49.4,3.17,above,-3.2,1.35,344000,421000,-70.58,-73.83,0.55,-337.08,106.34,44486,9.16,6.69,37,394663,381726,421000,446874,0.52,واگرایی منفی RSI | سهم صفی: 8 روز از ۲۰ روز در صف (ریسک نقدشوندگی و اجرای حد ضرر) | رشد عمودی (117٪ در ۶۰ روز، 26٪ بالای MA50) | 160٪ بالای MA200 | سرانه خرید ضعیف (0.55) | واگرایی منفی
اپرداز,آتیه داده پرداز,اطلاعات و ارتباطات,47.6,خنثی,95,45,21.5,19,5280,20261007,7.3,-5.7,34.7,-26.1,0.4,7.4,42.6,56.9,3,0,false,25.6,3.41,above,-12.6,0.82,5110,6040,-2.64,-38.33,10.83,-0.11,8.2,332,15.9,11.65,36.5,5110,5020,6040,6400,2.92,خروج مستمر پول حقیقی | نقدشوندگی کمتر از ۱۰ میلیارد تومان | واگرایی مثبت RSI
پشاهن,تولیدی پلاستیک‌ شاهین,لاستیک و پلاستیک,47.6,خنثی,100,70,29.4,25,135600,20261007,10.6,36.4,84.3,23.5,18.6,37.9,65.6,93.7,20,0,true,62.8,2.45,above,-0.8,1.6,100300,,0,0,1.58,-0.43,0.16,7250,18.7,,,132276,128952,145572,152220,1.5,نقدشوندگی پایین | واگرایی منفی RSI | اشباع خرید | فاصله زیاد از MA20 | سهم صفی: 20 روز از ۲۰ روز در صف (ریسک نقدشوندگی و اجرای حد ضرر) | رشد عمودی (84٪ در ۶۰ روز، 38٪ بالای MA50) | 66٪ بالای MA200 | واگرایی منفی | نقدشوندگی کمتر از ۱۰ میلیارد تومان
ومعلم,بیمه معلم,بیمه وصندوق بازنشستگی به جزتامین اجتماعی,47.5,خنثی,85,45,81.9,10,3330,20261007,-0.6,-3.6,31.7,-29.1,-0.1,7.2,16.8,54.6,3,1,false,22.6,3.48,above,-7.8,0.89,3270,3410,2.61,8.85,1.38,2.33,2.77,,,18.13,,3270,3212,3410,3531,0.68,نقدشوندگی پایین | بدون EPS مثبت | نقدشوندگی کمتر از ۱۰ میلیارد تومان | صف فروش در ۵ روز اخیر
ورنا,سرمایه‌گذاری‌ رنا(هلدینگ‌,خودرو و ساخت قطعات,47.4,خنثی,95,45,19.8,20,7590,20261007,3.1,-0.9,47.7,-13.2,1.8,13.5,52.2,59.6,2,0,false,33.1,3.43,above,-5,0.63,6995,7975,-8,-76.09,1.53,-10.94,94.02,218,34.82,,,7329,6938,7975,8496,0.59,واگرایی منفی RSI | P/E بالا (35) | 52٪ بالای MA200 | واگرایی منفی | حد ضرر دور (8.6٪)
تادیکو,س.کشت ودام صنایع لبنی تامین,زراعت و خدمات وابسته,47.3,خنثی,73,70,36.5,9,7840,20261007,-0.1,8.7,-6.5,-67.3,3,7.7,,58.9,0,0,true,14.2,3.22,,-9.1,0.69,7521,7950,-5.19,-36.02,5.19,50.25,24.56,546,14.36,6.33,126.8,7588,7394,7950,8624,0.25,خروج مستمر پول حقیقی | بدون روند (ADX پایین) | شناوری کم (6٪)
ودانا,سرمایه گذاری دانایان,سرمایه گذاریها,47.3,خنثی,100,40,35,42,5840,20261007,10.3,16.2,50.2,-10.6,6.7,22.4,31.5,71.4,5,0,false,50.4,3.13,above,-11.2,0.7,5595,5923,0,0,1.66,0.95,1.9,487,11.99,,,5657,5504,5923,6051,0.25,نقدشوندگی پایین | نقدشوندگی کمتر از ۱۰ میلیارد تومان
قرن,پدیده شیمی قرن,محصولات شیمیایی,47.1,خنثی,100,53,2,24,25430,20261007,-3.1,9.5,54.5,-6.3,3.5,12,92.2,59.7,5,0,false,32.4,3.14,above,-4.7,1.26,23330,26250,-6.48,-60.54,0.74,-15.1,19.51,2371,10.73,9.63,11.4,24632,23435,26250,26690,0.41,خروج مستمر پول حقیقی | 92٪ بالای MA200 | سرانه خرید ضعیف (0.74) | حد ضرر دور (7.8٪)
غفارس,شیر پاستوریزه پگاه فارس,محصولات غذایی و آشامیدنی به جز قند و شکر,47,خنثی,100,70,3,9,36310,20261007,12.8,42.3,215.2,154.4,20.2,56,210.9,90.4,10,0,true,75.4,2.65,above,-0.8,1.08,29560,,-6.75,-3.23,0.74,-26.6,16.46,1963,18.5,7.05,162.4,35347,34384,39199,41125,1.5,اشباع خرید | فاصله زیاد از MA20 | سهم صفی: 10 روز از ۲۰ روز در صف (ریسک نقدشوندگی و اجرای حد ضرر) | رشد عمودی (215٪ در ۶۰ روز، 56٪ بالای MA50) | 211٪ بالای MA200 | سرانه خرید ضعیف (0.74)
فروژ,صنایع فروآلیاژ ایران,فلزات اساسی,47,خنثی,100,65,2,14,2036,20261007,-9.6,36.7,125.5,64.6,5.4,35.7,90.9,67,13,2,false,74.8,3.38,above,-10.5,1.39,1426,2274,-14.83,-46.81,0.54,-19.08,17.54,46,44.26,8.05,449.8,1967,1899,2274,2411,1.73,خروج مستمر پول حقیقی | سهم صفی: 13 روز از ۲۰ روز در صف (ریسک نقدشوندگی و اجرای حد ضرر) | رشد عمودی (125٪ در ۶۰ روز، 36٪ بالای MA50) | P/E بالا (44) | 91٪ بالای MA200 | سرانه خرید ضعیف (0.54) | صف فروش در ۵ روز اخیر
نتوس,پشم‌ بافی‌ توس,منسوجات,47,خنثی,100,60,35,25,2162,20261007,5.6,40.3,156.9,96.1,15.6,49.4,109.3,98.5,17,0,true,89.9,2.54,above,-1.8,0.26,1160,,0,0,7.6,1.35,1.14,156,13.86,,,2107,2052,2327,2437,1.5,نقدشوندگی پایین | اشباع خرید | فاصله زیاد از MA20 | سهم صفی: 17 روز از ۲۰ روز در صف (ریسک نقدشوندگی و اجرای حد ضرر) | رشد عمودی (157٪ در ۶۰ روز، 49٪ بالای MA50) | 109٪ بالای MA200 | نقدشوندگی کمتر از ۱۰ میلیارد تومان
حکشتی,کشتیرانی جمهوری اسلامی ایران,حمل ونقل، انبارداری و ارتباطات,46.8,خنثی,85,45,35.4,14,8720,20261007,2.8,-1.9,11.9,-48.9,-1.2,6.1,33.6,53.3,4,0,false,26.8,3.58,above,-10.9,0.95,8598,9378,-65.76,170.56,1.16,-121.43,102.62,331,26.34,19.33,36.3,8598,8442,9378,9789,2.37,واگرایی منفی RSI | توزیع: ورود حقیقی با سرانه خرید ضعیف (0.63 در ۲۰ روز) | واگرایی منفی
دبالک,مواد اولیه دارویی البرز بالک,مواد و محصولات دارویی,46.8,خنثی,100,65,6.2,9,17060,20261007,2.8,-2.6,165.7,104.9,6.1,26,153.3,67,7,0,false,39,3.2,above,-5.4,0.67,14460,18040,-31.26,-181.6,0.97,-20.91,58.72,1079,15.81,8.86,78.5,16514,15969,18040,19131,0.9,خروج مستمر پول حقیقی | سهم صفی: 7 روز از ۲۰ روز در صف (ریسک نقدشوندگی و اجرای حد ضرر) | رشد عمودی (166٪ در ۶۰ روز، 26٪ بالای MA50) | 153٪ بالای MA200
فبیرا,بسته‌ بندی‌ ایران‌,ساخت محصولات فلزی,46.8,خنثی,85,75,50,35,2420,20261006,5.8,3.4,80.1,19.2,-1.1,8.4,74.2,54.5,9,0,false,36.2,3.54,above,-13.1,1.14,2213,2711,0,0.07,2.38,5.64,2.12,155,15.61,,,2334,2206,2711,2786,1.36,نقدشوندگی پایین | واگرایی منفی RSI | سهم صفی: 9 روز از ۲۰ روز در صف (ریسک نقدشوندگی و اجرای حد ضرر) | 74٪ بالای MA200 | واگرایی منفی | حد ضرر دور (8.8٪) | نقدشوندگی کمتر از ۱۰ میلیارد تومان | آخرین معامله 20261006 (متوقف یا کم‌معامله)
تکنار,مجتمع معادن مس تکنار,استخراج کانه های فلزی,46.8,خنثی,100,70,61,10,172100,20261003,15.7,67.1,172.1,111.3,27.1,74.4,160,98.7,17,0,true,72.9,2.41,above,0,0.25,73341,,0,3.98,3.76,1.6,1.55,,,,,167946,163791,184563,192871,1.5,نقدشوندگی پایین | اشباع خرید | فاصله زیاد از MA20 | بدون EPS مثبت | سهم صفی: 17 روز از ۲۰ روز در صف (ریسک نقدشوندگی و اجرای حد ضرر) | رشد عمودی (172٪ در ۶۰ روز، 74٪ بالای MA50) | 160٪ بالای MA200 | نقدشوندگی کمتر از ۱۰ میلیارد تومان | آخرین معامله 20261003 (متوقف یا کم‌معامله)
گپارس,امور رفاهی کارگزاران پارس,هتل و رستوران,46.7,خنثی,100,70,30.9,20,285500,20261007,-1.7,19.8,30.6,-30.2,5.6,15.6,51.5,69.3,1,0,true,22.2,3.98,above,-4.6,1.41,220600,293550,0,-0.17,1.44,1.1,0.62,723,394.88,,,274143,262786,293550,299200,0.35,نقدشوندگی پایین | P/E بالا (395) | 52٪ بالای MA200 | حد ضرر دور (8.0٪) | نقدشوندگی کمتر از ۱۰ میلیارد تومان
سبزوا,سیمان لار سبزوار,سیمان، آهک و گچ,46.5,خنثی,100,50,22,4,13950,20261007,4,38.7,91.6,30.8,11.2,37.7,98.9,77.9,9,0,false,62,2.94,above,-1.5,0.8,12630,14160,-19.31,-22.25,3.08,-0.42,25.08,615,22.68,6.69,239.1,13540,13131,14160,14979,0.26,سهم صفی: 9 روز از ۲۰ روز در صف (ریسک نقدشوندگی و اجرای حد ضرر) | رشد عمودی (92٪ در ۶۰ روز، 38٪ بالای MA50) | 99٪ بالای MA200
سفارود,کارخانه فارسیت درود,سایر محصولات کانی غیرفلزی,46.5,خنثی,100,70,60,10,14680,20261005,10.2,47.2,114.9,54.1,19.5,51.3,101.8,98.3,17,0,true,90.2,1.66,above,0,0.18,7653,,0,30.88,4.82,2.1,2.39,,,,,14437,14193,15410,15896,1.5,نقدشوندگی پایین | اشباع خرید | فاصله زیاد از MA20 | بدون EPS مثبت | سهم صفی: 17 روز از ۲۰ روز در صف (ریسک نقدشوندگی و اجرای حد ضرر) | رشد عمودی (115٪ در ۶۰ روز، 51٪ بالای MA50) | 102٪ بالای MA200 | نقدشوندگی کمتر از ۱۰ میلیارد تومان | آخرین معامله 20261005 (متوقف یا کم‌معامله)
شفن,پتروشیمی فناوران,محصولات شیمیایی,46.1,خنثی,100,50,20.5,4,8130,20261007,1.4,26.6,85.7,24.8,10.1,34.2,65.3,73.6,5,1,false,55.7,2.88,above,-0.2,1.15,7430,,-45.07,-11.25,1.56,-14.11,33.53,284,28.63,9.63,197.3,7896,7544,8833,9301,1.2,رشد عمودی (86٪ در ۶۰ روز، 34٪ بالای MA50) | 65٪ بالای MA200 | حد ضرر دور (7.2٪) | صف فروش در ۵ روز اخیر
شبندر,پالایش نفت بندرعباس,فراورده های نفتی، کک و سوخت هسته ای,46.1,خنثی,100,45,1.5,47,14830,20261003,1.9,12.5,37.8,-23,0.5,14.4,91.2,57.7,2,0,false,47.8,3.61,above,-9.1,0.76,14250,16310,-156.81,-1120.42,0.59,-630.73,505.74,2555,5.8,6.26,-7.3,14295,13982,16310,17381,1.75,خروج مستمر پول حقیقی | 91٪ بالای MA200 | سرانه خرید ضعیف (0.59) | آخرین معامله 20261003 (متوقف یا کم‌معامله)
غبشهر,صنعتی‌ بهشهر,محصولات غذایی و آشامیدنی به جز قند و شکر,46.1,خنثی,100,50,0.5,24,19630,20261007,3,12.9,224.5,163.6,7,34.7,216.6,74.2,4,0,false,70.7,3,above,-0.4,0.71,16520,,-35.52,-145.13,0.68,-75.71,76.62,2019,9.72,8.53,14,19041,18452,21397,22576,1.5,خروج مستمر پول حقیقی | رشد عمودی (224٪ در ۶۰ روز، 35٪ بالای MA50) | 217٪ بالای MA200 | سرانه خرید ضعیف (0.68)
وایرا,سرمایه گذاری صنایع ایران,سرمایه گذاریها,46.1,خنثی,100,45,36.5,32,3540,20261007,0.6,2.6,30.5,-30.3,0.6,9.2,21.6,57.4,1,0,false,22.2,3.07,above,-6.7,0.62,3445,3633,-1.01,-6.3,1.6,2.83,2.68,399,8.87,,,3445,3391,3633,3772,0.63,نقدشوندگی پایین | خروج مستمر پول حقیقی | نقدشوندگی کمتر از ۱۰ میلیارد تومان
فجوش,جوش‌ و اکسیژن‌ ایران‌,ساخت محصولات فلزی,46,خنثی,100,70,37.8,10,5590,20261007,6.9,23.9,158.4,97.6,11.7,32.2,142.4,94.2,12,0,true,70.8,1.91,above,-0.7,0.8,4630,,0,0.08,1.09,0.19,0.7,,,,,5483,5377,5910,6124,1.5,نقدشوندگی پایین | اشباع خرید | بدون EPS مثبت | سهم صفی: 12 روز از ۲۰ روز در صف (ریسک نقدشوندگی و اجرای حد ضرر) | رشد عمودی (158٪ در ۶۰ روز، 32٪ بالای MA50) | 142٪ بالای MA200 | نقدشوندگی کمتر از ۱۰ میلیارد تومان
والبر,سرمایه‌ گذاری‌ البرز(هلدینگ‌,مواد و محصولات دارویی,45.9,خنثی,88,70,17.9,4,4090,20261007,-2.2,3.5,47.5,-13.3,5.7,9.8,56.2,59.6,1,0,true,16.7,3.18,above,-3.5,0.9,3860,4220,-48.26,0.43,0.83,-39.05,44.87,201,20.35,12.91,57.6,3960,3795,4220,4480,0.44,واگرایی منفی RSI | توزیع: ورود حقیقی با سرانه خرید ضعیف (0.79 در ۲۰ روز) | 56٪ بالای MA200 | واگرایی منفی | حد ضرر دور (7.2٪)
ددام,داروسازی زاگرس فارمد پارس,مواد و محصولات دارویی,45.8,خنثی,85,65,2,27,13140,20261007,-0.4,-1.4,93.2,32.4,-1.4,24.1,95.8,58.9,5,2,false,44.4,4,above,-12.3,0.75,12250,13570,-7.81,-70.12,0.35,-48.55,24.84,887,14.81,12.91,14.7,12615,11987,13570,14980,0.37,خروج مستمر پول حقیقی | 96٪ بالای MA200 | سرانه خرید ضعیف (0.35) | حد ضرر دور (8.8٪) | صف فروش در ۵ روز اخیر
وگستر,گسترش سرمایه گذاری ایرانیان,سرمایه گذاریها,45.8,خنثی,100,65,1,10,11010,20261007,-9.5,19.5,87.2,26.4,1.7,15.8,63.5,58.4,4,1,false,50.8,3.34,above,-11.1,0.99,10870,12380,-25.57,-50.71,0.54,-27.61,11.47,,,8.73,,10870,10686,12380,13116,4.23,خروج مستمر پول حقیقی | بدون EPS مثبت | 64٪ بالای MA200 | سرانه خرید ضعیف (0.54) | صف فروش در ۵ روز اخیر
تمحرکه,ماشین سازی نیرو محرکه,ماشین آلات و تجهیزات,45.8,خنثی,95,55,35,30,9060,20261007,5.9,9.9,48.9,-11.9,0.1,13.4,22.3,58.6,7,0,false,40,3.1,above,-12.8,0.9,8779,9243,0,0.01,3.85,-0.87,1.61,5,1812,,,8779,8639,9243,9486,0.43,نقدشوندگی پایین | سهم صفی: 7 روز از ۲۰ روز در صف (ریسک نقدشوندگی و اجرای حد ضرر) | P/E بالا (1812) | نقدشوندگی کمتر از ۱۰ میلیارد تومان
هرمز,فولاد هرمزگان جنوب,فلزات اساسی,45.7,خنثی,100,45,2.8,24,4500,20261007,-2.8,8.2,44.2,-16.6,1,16.8,94.6,60,6,2,false,40.1,3.05,above,-6.1,0.57,3700,4660,-25.06,-196.38,0.81,-35.77,55.49,435,10.34,8.05,28.5,4363,4226,4660,4934,0.58,واگرایی منفی RSI | خروج مستمر پول حقیقی | سهم صفی: 6 روز از ۲۰ روز در صف (ریسک نقدشوندگی و اجرای حد ضرر) | 95٪ بالای MA200 | واگرایی منفی | صف فروش در ۵ روز اخیر
آبادا,تولید نیروی برق آبادان,عرضه برق، گاز، بخاروآب گرم,45.7,خنثی,88,45,37,4,11370,20261007,-1.1,3.6,20.5,-40.4,0.1,7.1,38.4,53.7,0,0,false,19.5,3.37,above,-5.3,0.8,11162,11799,-1.01,-6.47,8.61,11.7,4.02,272,41.8,7.09,489.6,11162,10970,11799,12566,1.07,خروج مستمر پول حقیقی | P/E بالا (42) | نقدشوندگی کمتر از ۱۰ میلیارد تومان | شناوری کم (10٪)
ثنظام,س. ساختمانی نظام مهندسی ایران,انبوه سازی، املاک و مستغلات,45.6,خنثی,85,80,46.5,10,84370,20261007,13.1,3,12.2,-48.7,11.1,6.8,37.4,67.8,6,0,true,26.3,3.16,above,-1.9,2.25,82177,85342,-0.59,-0.44,2.3,5.44,1.16,,,,,82177,80843,85342,90677,0.28,نقدشوندگی پایین | بدون EPS مثبت | سهم صفی: 6 روز از ۲۰ روز در صف (ریسک نقدشوندگی و اجرای حد ضرر) | 154٪ بالای کف ۵۲ هفته | نقدشوندگی کمتر از ۱۰ میلیارد تومان
پسهند,صنایع‌ لاستیکی‌  سهند,لاستیک و پلاستیک,45.6,خنثی,100,45,27.4,19,23980,20261006,3.1,3.1,38.5,-22.4,3.2,11.3,26.2,58.6,1,0,false,26.8,3.43,above,-10.6,0.58,23330,24580,-7.61,6.54,0.85,-4.83,6.23,1468,16.34,8.21,99,23330,22919,24580,27815,0.57,توزیع: ورود حقیقی با سرانه خرید ضعیف (0.88 در ۲۰ روز) | نقدشوندگی کمتر از ۱۰ میلیارد تومان | آخرین معامله 20261006 (متوقف یا کم‌معامله)
دکوثر,داروسازی‌ کوثر,مواد و محصولات دارویی,45.5,خنثی,100,65,1,9,20570,20261007,-5.7,3.5,157.4,96.6,0.7,8,77,54,2,1,false,30.5,3.31,above,-8.6,0.75,19430,21270,-22.75,-27.37,0.67,-29.57,49.12,1031,19.95,12.91,54.5,19889,19090,21270,21705,0.47,رشد عمودی (157٪ در ۶۰ روز، 8٪ بالای MA50) | 77٪ بالای MA200 | سرانه خرید ضعیف (0.67) | حد ضرر دور (7.2٪) | صف فروش در ۵ روز اخیر
رانیز,کارخانجات رینگ اسپرت نورنی ریز,خودرو و ساخت قطعات,45.5,خنثی,0,30,88,70,17780,20261007,-3.2,-5.6,7,-53.8,-2.1,-3.4,,46.1,0,0,false,15.4,2.94,,-11,0.87,17560,18025,32.21,53.98,6.11,77.48,26.14,3513,5.06,5.87,-13.8,17560,17299,18025,18570,0.51,
وسنا,سرمایه گذاری نیروگاهی ایران,سرمایه گذاریها,45.5,خنثی,100,50,2,20,50210,20261007,-6.6,32.6,153,92.1,6.7,43.3,149.1,71,9,2,false,82.2,3.19,above,-7.7,1.29,24074,54370,-74.12,-108.06,0.46,-74.57,23.41,998,50.31,,,48610,47011,54370,57569,1.3,خروج مستمر پول حقیقی | سهم صفی: 9 روز از ۲۰ روز در صف (ریسک نقدشوندگی و اجرای حد ضرر) | رشد عمودی (153٪ در ۶۰ روز، 43٪ بالای MA50) | P/E بالا (50) | 149٪ بالای MA200 | سرانه خرید ضعیف (0.46) | صف فروش در ۵ روز اخیر
قمرو,قند مرودشت‌,قند و شکر,45.5,خنثی,50,30,16,82,9790,20261007,-0.7,-8.8,28.6,-32.2,-3.3,-1.6,48.4,46.2,0,0,false,12.6,3.5,above,-13.1,0.62,9510,10180,-0.61,1.79,0.69,-6.42,7.08,1450,6.75,9.8,-31.1,9510,9338,10180,10510,0.86,بدون روند (ADX پایین) | توزیع: ورود حقیقی با سرانه خرید ضعیف (0.61 در ۲۰ روز) | 219٪ بالای کف ۵۲ هفته | سرانه خرید ضعیف (0.69) | نقدشوندگی کمتر از ۱۰ میلیارد تومان
دپارس,پارس‌ دارو,مواد و محصولات دارویی,45.4,خنثی,83,45,16,30,60310,20261007,0.7,-2.7,44.7,-16.1,0.9,6.1,71.6,54.3,2,0,false,14.5,3.36,above,-8.8,0.78,58570,61235,-28.81,24.78,0.74,-38.51,28.78,4755,12.68,12.91,-1.8,58570,57557,61235,62640,0.34,بدون روند (ADX پایین) | توزیع: ورود حقیقی با سرانه خرید ضعیف (0.70 در ۲۰ روز) | 72٪ بالای MA200 | سرانه خرید ضعیف (0.74)
تکمبا,کمباین‌ سازی‌ ایران‌,ماشین آلات و تجهیزات,45.1,خنثی,85,55,28.3,26,8620,20261006,2.4,3.2,32.1,-28.7,-1.4,8.3,35.7,54.4,4,0,false,36.7,3.66,above,-12.8,0.74,8320,8850,-1.01,-1.31,1.27,1.5,5.06,809,10.66,5.15,106.9,8320,8162,8850,9890,0.5,نقدشوندگی کمتر از ۱۰ میلیارد تومان | آخرین معامله 20261006 (متوقف یا کم‌معامله)
سلار,شرکت سیمان لارستان,سیمان، آهک و گچ,44.9,خنثی,65,45,75.5,30,3035,20261007,1.3,-14.7,12.6,-48.2,-0.9,2.6,33.2,50.5,4,0,false,25,3.44,above,-15.7,1.09,2790,3286,0.01,0.01,1.98,2.71,2.18,114,26.62,,,2931,2774,3286,3519,0.96,نقدشوندگی پایین | حد ضرر دور (8.6٪) | نقدشوندگی کمتر از ۱۰ میلیارد تومان
بالبر,کابل‌ البرز,ماشین آلات و دستگاه‌های برقی,44.8,خنثی,60,45,47.3,24,27200,20261007,-2.3,-0.9,7,-53.9,-0.8,7.4,5.2,53,0,0,false,19.1,3.69,above,-35.6,0.74,26640,27760,2.54,3.05,1.03,-0.09,5.35,309,88.03,6.15,1331.3,26640,26138,27760,28544,0.53,P/E بالا (88) | توزیع: ورود حقیقی با سرانه خرید ضعیف (0.85 در ۲۰ روز) | نقدشوندگی کمتر از ۱۰ میلیارد تومان
خعمرا,توسعه و عمران شهرستان نائین,خودرو و ساخت قطعات,44.6,خنثی,100,45,37.2,25,6700,20261007,-3.3,12.3,39.6,-21.2,1.9,17.9,34.9,59.2,6,1,false,43,3.41,above,-8.4,0.57,6141,7131,0,0.03,1.09,0.28,1.85,458,14.63,,,6472,6129,7131,7316,0.76,نقدشوندگی پایین | سهم صفی: 6 روز از ۲۰ روز در صف (ریسک نقدشوندگی و اجرای حد ضرر) | حد ضرر دور (8.5٪) | نقدشوندگی کمتر از ۱۰ میلیارد تومان | صف فروش در ۵ روز اخیر
وملت,سرمایه گذاری ملت,سرمایه گذاریها,44.3,خنثی,100,50,45,32,4470,20260922,4,10.6,30.6,-30.2,5.1,11.8,23,99.4,20,0,true,92.6,0.86,above,-0.7,1.92,3935,,0,0,5.58,0.53,0.07,491,9.1,,,4432,4394,4585,4661,1.5,نقدشوندگی پایین | اشباع خرید | سهم صفی: 20 روز از ۲۰ روز در صف (ریسک نقدشوندگی و اجرای حد ضرر) | نقدشوندگی کمتر از ۱۰ میلیارد تومان | آخرین معامله 20260922 (متوقف یا کم‌معامله)
ولانا,شرکت لیزینگ آریا دانا,سایر واسطه گریهای مالی,44.2,خنثی,100,53,4.4,10,5080,20261007,-0.4,14.2,55.5,-5.3,0.8,14.7,26.2,57.8,6,0,false,42.1,3.47,above,-11,0.42,4937,5710,-0.4,-0.77,0.94,-1.09,3.56,,,,,4937,4849,5710,6062,2.73,بدون EPS مثبت | سهم صفی: 6 روز از ۲۰ روز در صف (ریسک نقدشوندگی و اجرای حد ضرر) | نقدشوندگی کمتر از ۱۰ میلیارد تومان
بسویچ,پارس‌سویچ‌,ماشین آلات و دستگاه‌های برقی,44.1,خنثی,85,45,34.3,44,5060,20261007,1.6,-7.2,46.2,-14.6,-0.9,11,48.2,56.8,0,0,false,31.4,3.47,above,-10.9,0.92,4940,5200,0.19,-3.28,1.11,-0.21,2.19,676,7.49,6.15,21.7,4940,4852,5200,5510,0.67,نقدشوندگی پایین | خروج مستمر پول حقیقی | نقدشوندگی کمتر از ۱۰ میلیارد تومان
معیار,سرمایه گذاری معیار صنعت پارس,سرمایه گذاریها,44,خنثی,100,70,20,20,3331,20261007,12.4,31.8,83.2,22.4,19.6,31.9,58.4,85,6,0,true,48.8,3.15,above,-2.9,0.77,3176,,0,-0.14,2.67,-1.16,2.95,80,41.64,,,3226,3124,3646,3856,1.52,نقدشوندگی پایین | اشباع خرید | فاصله زیاد از MA20 | سهم صفی: 6 روز از ۲۰ روز در صف (ریسک نقدشوندگی و اجرای حد ضرر) | رشد عمودی (83٪ در ۶۰ روز، 32٪ بالای MA50) | P/E بالا (42) | 58٪ بالای MA200 | نقدشوندگی کمتر از ۱۰ میلیارد تومان
امید,تامین سرمایه امید,فعالیتهای کمکی به نهادهای مالی واسط,43.9,خنثی,74,45,22.8,68,3660,20261007,-1.9,-2.4,17.3,-43.5,1.4,2,22.5,52.9,2,0,false,19.8,2.67,inside,-9.9,1.13,3398,3770,-2.66,0.15,1.01,-1.67,2.13,755,4.85,5.92,-18.1,3562,3416,3770,3880,0.45,نقدشوندگی پایین | نقدشوندگی کمتر از ۱۰ میلیارد تومان | شناوری کم (2٪)
گکیش,توریستی ورفاهی آبادگران کیش,هتل و رستوران,43.8,خنثی,70,30,77.2,30,9760,20261007,-6.9,3.5,41.5,-19.3,-3.2,1.6,24.6,47.6,2,0,false,27.1,4.22,above,-11.1,0.98,9463,9873,1.57,8.38,1.13,0.18,2,60,162.67,,,9463,9257,9873,10345,0.22,نقدشوندگی پایین | P/E بالا (163) | نقدشوندگی کمتر از ۱۰ میلیارد تومان
فلوله,لوله‌وماشین‌سازی‌ایران‌,فلزات اساسی,43.8,خنثی,31,30,54,60,2586,20261007,-2,-11,34.1,-26.8,-0.8,-1.5,24.9,49.3,0,0,false,21,3.91,inside,-13.5,1.23,2506,2619,19.94,24.6,0.75,-11.32,10.95,226,11.44,13.48,-15.1,2506,2456,2619,2679,0.26,توزیع: ورود حقیقی با سرانه خرید ضعیف (0.58 در ۲۰ روز) | سرانه خرید ضعیف (0.75)
ثشاهد,سرمایه‌ گذاری‌ شاهد,انبوه سازی، املاک و مستغلات,43.5,خنثی,95,55,11.9,4,11960,20261007,8.2,9.3,33.2,-27.7,1.4,14.7,45.4,59,5,0,false,31.3,3.33,above,-7.7,0.97,11586,12952,-6.44,-85.35,1.24,-4.22,50.55,560,21.36,6.61,223.1,11586,11387,12952,13747,1.73,واگرایی منفی RSI | خروج مستمر پول حقیقی | واگرایی منفی
خاذین,سایپاآذین‌,خودرو و ساخت قطعات,43.5,خنثی,100,45,7.9,10,3190,20261007,-3.2,3.3,49.1,-11.8,1.6,17.2,45.3,59.8,1,0,false,43.3,3.4,above,-5.6,0.81,2954,3330,-4.2,-12.95,1.06,-3.13,6.38,,,,,3082,2919,3330,3380,0.52,واگرایی منفی RSI | خروج مستمر پول حقیقی | بدون EPS مثبت | واگرایی منفی | حد ضرر دور (8.5٪) | نقدشوندگی کمتر از ۱۰ میلیارد تومان
سخاش,سیمان‌خاش‌,سیمان، آهک و گچ,43.3,خنثی,65,45,2,57,12820,20261007,-0.5,-8.1,20.7,-40.1,0,4.6,39.3,53.2,0,0,false,17.3,3.46,above,-11.3,0.69,12110,13190,-11.64,-75.76,0.68,-14.03,12.27,1929,6.65,7.14,-6.9,12377,11888,13190,14045,0.4,خروج مستمر پول حقیقی | 180٪ بالای کف ۵۲ هفته | سرانه خرید ضعیف (0.68) | حد ضرر دور (7.3٪)
شپترو,پتروشیمی آبادان,محصولات شیمیایی,43.1,خنثی,90,65,2.5,10,2751,20261007,-7,14.1,62.8,1.9,-1.4,23.9,84.5,58.7,8,2,false,53.5,3.02,above,-9.5,0.74,1920,2980,-2.84,-4.29,0.7,-6.53,17.83,,,,,2668,2585,2980,3040,1.38,بدون EPS مثبت | سهم صفی: 8 روز از ۲۰ روز در صف (ریسک نقدشوندگی و اجرای حد ضرر) | 84٪ بالای MA200 | سرانه خرید ضعیف (0.70) | صف فروش در ۵ روز اخیر
کارام,صنایع سرام آرا,کاشی و سرامیک,43.1,خنثی,90,80,50.5,10,2034,20260922,9.8,12.7,-8.7,-69.5,11.5,19.7,0.3,67.5,3,0,true,25.1,3.33,above,-24.6,0.99,1968,2122,-0.03,0.44,3.21,0.07,0.49,,,,,1968,1934,2122,2166,0.88,نقدشوندگی پایین | بدون EPS مثبت | نقدشوندگی کمتر از ۱۰ میلیارد تومان | آخرین معامله 20260922 (متوقف یا کم‌معامله)
بجهرم,توسعه مولد نیروگاهی جهرم,عرضه برق، گاز، بخاروآب گرم,43.1,خنثی,65,30,23.4,47,3040,20261007,-3.2,-7.6,28.7,-32.1,-3.1,1.5,45.7,48.5,1,0,false,24.2,3.37,above,-13.6,1.12,2980,3190,-4.76,-34.9,1.08,8.79,28.25,334,9.1,10.04,-9.3,2980,2929,3190,3400,1.35,خروج مستمر پول حقیقی
نوری,پتروشیمی نوری,محصولات شیمیایی,42.9,خنثی,100,53,0,9,50020,20261007,-2.1,24.9,56.5,-4.4,4.2,27.9,66.9,66.4,6,0,false,50.9,3.06,above,-3.4,0.59,47560,51515,-360.36,-98.63,0.59,-593.34,550.52,3744,13.36,9.63,38.7,48489,46795,51515,54576,0.46,سهم صفی: 6 روز از ۲۰ روز در صف (ریسک نقدشوندگی و اجرای حد ضرر) | 67٪ بالای MA200 | سرانه خرید ضعیف (0.59) | شناوری کم (9٪)
های وب,داده گسترعصرنوین-های وب,اطلاعات و ارتباطات,42.8,خنثی,90,45,17,10,462,20261007,-2.9,-2.5,37.9,-22.9,-0.6,11.9,28.5,56.2,1,0,false,35.9,3.35,above,-22.2,0.72,435,482,-0.25,10.7,0.78,-24.14,27.64,,,7.97,,447,427,482,499,0.58,بدون EPS مثبت | توزیع: ورود حقیقی با سرانه خرید ضعیف (0.84 در ۲۰ روز) | سرانه خرید ضعیف (0.78) | حد ضرر دور (7.5٪)
تفیرو,مهندسی فیروزا,ماشین آلات و تجهیزات,42.8,خنثی,100,70,35,20,290100,20261004,10.2,40.5,107.7,46.8,18.3,44.4,194.7,100,20,0,true,96.1,1.55,above,0,1.93,160990,,0,0,1.2,0.01,0.11,6541,44.35,,,285593,281086,303621,312636,1.5,نقدشوندگی پایین | اشباع خرید | فاصله زیاد از MA20 | سهم صفی: 20 روز از ۲۰ روز در صف (ریسک نقدشوندگی و اجرای حد ضرر) | رشد عمودی (108٪ در ۶۰ روز، 44٪ بالای MA50) | P/E بالا (44) | 195٪ بالای MA200 | نقدشوندگی کمتر از ۱۰ میلیارد تومان | آخرین معامله 20261004 (متوقف یا کم‌معامله)
بپاس,بیمه پاسارگاد,بیمه وصندوق بازنشستگی به جزتامین اجتماعی,42.7,خنثی,100,58,0.5,4,13640,20261007,5,9.8,55.5,-5.3,6.3,12.2,79.4,93.5,0,0,true,25.9,1.5,above,0,1.15,12860,,-12.78,-121.79,0.64,-18.5,12.07,484,28.18,18.13,55.4,13436,13232,14253,14661,1.5,اشباع خرید | خروج مستمر پول حقیقی | 79٪ بالای MA200 | سرانه خرید ضعیف (0.64)
شگویا,پتروشیمی تندگویان,محصولات شیمیایی,42.7,خنثی,100,48,3.4,9,14730,20261007,4.4,42.5,56,-4.8,15.8,46.4,98.6,84.2,10,0,true,44.7,2.8,above,-0.6,0.91,11270,,-259.93,-322.72,0.85,-145.23,109.42,1099,13.4,8.01,67.3,14318,13906,15965,16789,1.5,اشباع خرید | فاصله زیاد از MA20 | خروج مستمر پول حقیقی | سهم صفی: 10 روز از ۲۰ روز در صف (ریسک نقدشوندگی و اجرای حد ضرر) | رشد عمودی (56٪ در ۶۰ روز، 46٪ بالای MA50) | 99٪ بالای MA200
شاوان,پالایش نفت لاوان,فراورده های نفتی، کک و سوخت هسته ای,42.7,خنثی,100,35,5.6,37,54330,20261003,7.2,40.9,129.3,68.4,10.6,51.2,115.3,80.6,10,0,false,82.1,3.2,above,-1.9,0.69,49720,,-114.8,-314.37,0.99,-64.27,140.04,6145,8.84,8.12,8.9,52593,49988,59540,63014,1.2,اشباع خرید | خروج مستمر پول حقیقی | سهم صفی: 10 روز از ۲۰ روز در صف (ریسک نقدشوندگی و اجرای حد ضرر) | رشد عمودی (129٪ در ۶۰ روز، 51٪ بالای MA50) | 115٪ بالای MA200 | حد ضرر دور (8.0٪) | آخرین معامله 20261003 (متوقف یا کم‌معامله)
خفنر,فنرسازی‌خاور,خودرو و ساخت قطعات,42.7,خنثی,66,45,20.4,35,2437,20261007,0.2,-3.6,20.3,-40.5,0,2.9,47.9,51.4,3,0,false,22.2,3.91,inside,-16.7,0.64,2385,2499,-1.03,1.73,0.92,-4.4,11.44,130,18.75,,,2385,2337,2499,2631,0.62,توزیع: ورود حقیقی با سرانه خرید ضعیف (0.75 در ۲۰ روز) | 154٪ بالای کف ۵۲ هفته
قلرست,قند لرستان‌,قند و شکر,42.5,خنثی,65,20,29.1,47,27920,20261007,-3.5,-8.5,41.4,-19.4,-5.1,7.4,86.1,49.8,4,1,false,29.8,3.47,above,-14.8,0.7,26418,29893,10.28,-15.64,0.83,-0.36,9.76,3057,9.13,9.8,-6.8,26951,25934,29893,32756,0.99,خروج مستمر پول حقیقی | 86٪ بالای MA200 | حد ضرر دور (7.1٪) | نقدشوندگی کمتر از ۱۰ میلیارد تومان | صف فروش در ۵ روز اخیر
حسینا,توسعه خدمات دریایی وبندری سینا,حمل ونقل، انبارداری و ارتباطات,42.5,خنثی,90,45,2,24,18820,20261007,-7.1,5.1,4.6,-56.3,-0.8,11.4,37.1,54.6,5,2,false,38,3.71,above,-8.4,0.89,17430,20400,-8.55,-33.41,0.55,-32.55,27.6,2130,8.84,7.68,15,18122,17081,20400,21797,0.91,واگرایی منفی RSI | خروج مستمر پول حقیقی | سرانه خرید ضعیف (0.55) | واگرایی منفی | حد ضرر دور (9.2٪) | صف فروش در ۵ روز اخیر
فسا,پتروشیمی فسا,محصولات شیمیایی,42.5,خنثی,100,50,45,25,864,20261003,6.2,12.6,18.6,-42.3,10.8,18.2,24.2,82.3,16,0,true,50.4,1.84,above,0,1.28,852,,-0.11,-0.11,6.72,0.67,0.18,47,18.38,,,852,844,912,943,2.44,نقدشوندگی پایین | اشباع خرید | سهم صفی: 16 روز از ۲۰ روز در صف (ریسک نقدشوندگی و اجرای حد ضرر) | نقدشوندگی کمتر از ۱۰ میلیارد تومان | آخرین معامله 20261003 (متوقف یا کم‌معامله)
قنقش,قند نقش جهان,قند و شکر,42.4,خنثی,90,35,23.4,10,1936,20261007,-3.7,-1.6,45.6,-15.3,-1.3,4.4,5.4,52.4,0,0,false,23.4,3.69,above,-30.3,0.68,1865,1960,-5.78,-17.56,1.08,0.04,4.79,,,,,1865,1829,1960,2008,0.22,خروج مستمر پول حقیقی | بدون EPS مثبت | نقدشوندگی کمتر از ۱۰ میلیارد تومان
ثعمرا,عمران و توسعه شاهد,انبوه سازی، املاک و مستغلات,42.3,خنثی,90,45,21.3,4,15180,20261007,-2.4,-0.4,36.8,-24,-2.1,6.9,45.8,52.9,0,0,false,20.2,3.4,above,-8.5,0.85,14890,15900,-1.01,0.6,0.99,-1.62,3.13,378,40.16,23.59,70.2,14890,14632,15900,16592,1.31,P/E بالا (40) | نقدشوندگی کمتر از ۱۰ میلیارد تومان
ثمسکن,سرمایه‌گذاری‌ مسکن‌,انبوه سازی، املاک و مستغلات,42.3,خنثی,100,45,4.2,9,3480,20261007,0.9,8.5,40.3,-20.5,5.3,14.6,48.6,63.9,1,0,false,35.3,3.17,above,-1.7,0.95,3440,3540,-39.55,-143.33,0.89,-40.38,26.44,226,15.4,6.61,133,3440,3385,3540,3760,0.63,خروج مستمر پول حقیقی
لسرما,سرما آفرین‌,ماشین آلات و تجهیزات,42.3,خنثی,85,53,5.8,19,6620,20261007,-0.2,-2.5,57,-3.8,-2.2,6.7,39,53.4,3,0,false,34.4,3.39,above,-13.3,0.68,6429,6750,-0.35,-3.22,1.01,-3.67,7.06,411,16.11,5.15,212.8,6429,6317,6750,6992,0.43,نقدشوندگی کمتر از ۱۰ میلیارد تومان
وتجارت,بانک تجارت,بانکها و موسسات اعتباری,42,خنثی,85,45,4.1,26,919,20261007,-3.3,-6,44.3,-16.5,-0.8,6.9,62.9,52.2,1,0,false,30.7,3.48,above,-11.8,0.8,866,953,-382.19,-1709.21,0.9,-750.02,664.54,105,8.75,5.4,62.1,887,850,953,970,0.49,خروج مستمر پول حقیقی | 63٪ بالای MA200 | حد ضرر دور (7.5٪)
بهپاک,صنعتی بهپاک,محصولات غذایی و آشامیدنی به جز قند و شکر,42,خنثی,50,20,2,90,15410,20261007,-5.9,-13.9,19.6,-41.2,-4.4,-1.9,61.1,44.8,2,0,false,15.1,3.52,above,-16.1,0.87,14993,15700,-14.88,-41.46,0.69,-45.84,29.35,3539,4.35,7.05,-38.2,14993,14722,15700,16300,0.42,خروج مستمر پول حقیقی | 61٪ بالای MA200 | سرانه خرید ضعیف (0.69)
ثاصفا,شرکت‌ ساختمان‌ اصفهان‌,انبوه سازی، املاک و مستغلات,41.8,خنثی,90,45,43.3,20,19480,20261007,-3.1,17.4,22.6,-38.3,2.8,25.1,17.9,62.4,10,2,false,26.9,3.4,above,-9.7,1.14,18932,20066,0,0.64,1.31,2.2,1.21,8,2435,,,18932,18602,20066,21162,0.67,نقدشوندگی پایین | سهم صفی: 10 روز از ۲۰ روز در صف (ریسک نقدشوندگی و اجرای حد ضرر) | P/E بالا (2435) | نقدشوندگی کمتر از ۱۰ میلیارد تومان | صف فروش در ۵ روز اخیر
حشکوه,دلیجان طلایی شکوه پارس,حمل ونقل، انبارداری و ارتباطات,41.7,خنثی,55,30,46.7,30,1308,20261007,-1.3,-8.3,0.8,-60,-1.5,2.4,0.7,50,2,0,false,17.4,3.61,above,-24.3,0.81,1271,1347,0.28,4.7,0.99,-0.85,6.74,28,46.71,,,1271,1248,1347,1387,0.65,P/E بالا (47) | نقدشوندگی کمتر از ۱۰ میلیارد تومان
بساما,بیمه سامان,بیمه وصندوق بازنشستگی به جزتامین اجتماعی,41.5,خنثی,100,45,0,10,14990,20261007,-0.3,19.9,40.3,-20.5,2.3,19.2,40.6,69.6,0,0,false,49.9,2.97,above,-6.3,0.48,14590,15190,-8.42,-18.07,0.26,-8.2,4.76,,,18.13,,14590,14367,15190,15990,0.32,خروج مستمر پول حقیقی | بدون EPS مثبت | سرانه خرید ضعیف (0.26) | نقدشوندگی کمتر از ۱۰ میلیارد تومان
آینده,بازرگانی آینده سازان بهشت پارس,زراعت و خدمات وابسته,41.2,خنثی,90,58,60.5,10,5030,20261004,10.5,34.1,56.8,-4,14.7,19.7,12.5,84.1,20,0,true,39.5,1.98,above,-26.5,1.89,4804,5303,0,0.24,3.9,1.6,0.34,,,,,4930,4781,5303,5820,1.09,نقدشوندگی پایین | اشباع خرید | بدون EPS مثبت | سهم صفی: 20 روز از ۲۰ روز در صف (ریسک نقدشوندگی و اجرای حد ضرر) | نقدشوندگی کمتر از ۱۰ میلیارد تومان | آخرین معامله 20261004 (متوقف یا کم‌معامله)
تجلی,تجلی توسعه معادن و فلزات,استخراج کانه های فلزی,41,خنثی,90,45,16,4,2036,20261007,-2.3,9.6,15,-45.8,-0.4,10.3,29.1,56.5,1,0,false,33.7,3.32,above,-7.2,0.82,1986,2129,-11.63,12.05,0.53,-31.07,18.08,37,55.03,14.44,281.1,1986,1952,2129,2194,1.11,P/E بالا (55) | سرانه خرید ضعیف (0.53)
بکهنوج,تولید برق ماهتاب کهنوج,عرضه برق، گاز، بخاروآب گرم,40.9,خنثی,85,55,27.6,10,1254,20260930,3.5,0.2,41.7,-19.1,-2.3,8,,52.5,4,1,false,31.8,3.5,above,-12.4,0.88,1211,1293,-0.33,-5.67,1.22,1.77,3.26,,,,,1211,1189,1293,1432,0.59,خروج مستمر پول حقیقی | بدون EPS مثبت | نقدشوندگی کمتر از ۱۰ میلیارد تومان | صف فروش در ۵ روز اخیر | آخرین معامله 20260930 (متوقف یا کم‌معامله)
رانفور,خدمات‌انفورماتیک‌,رایانه و فعالیت‌های وابسته به آن,40.9,خنثی,39,30,78.8,14,5120,20261007,3.6,-8.9,-8.5,-69.3,-0.8,-2.8,29.1,49.7,1,0,false,14.3,3.52,inside,-13.9,0.84,4910,5263,3.79,11.88,1.27,1.55,7.85,154,33.25,18.19,82.8,4940,4820,5263,5475,0.48,بدون روند (ADX پایین) | P/E بالا (33) | توزیع: ورود حقیقی با سرانه خرید ضعیف (0.70 در ۲۰ روز) | نقدشوندگی کمتر از ۱۰ میلیارد تومان | شناوری کم (14٪)
قشیر,قند شیروان قوچان و بجنورد,قند و شکر,40.9,خنثی,65,45,25.4,24,16300,20261007,-1.3,-5.1,38.3,-22.5,-0.2,7.4,45.2,55.6,0,0,false,24.5,3.57,above,-8.7,0.96,15950,16700,-1.1,-9.69,1.16,2.39,6.88,1524,10.7,9.57,11.8,15950,15659,16700,17860,0.62,خروج مستمر پول حقیقی | نقدشوندگی کمتر از ۱۰ میلیارد تومان
کورز,ورزیران‌,سایر محصولات کانی غیرفلزی,40.9,خنثی,80,53,45,20,7440,20261007,-2.7,17.9,53.6,-7.2,3,23.3,52.6,67.5,10,0,false,33.3,3.4,above,-7.3,1.15,7100,7900,0,4.64,2.17,-1.1,2.41,133,55.94,,,7187,6974,7900,8405,0.99,نقدشوندگی پایین | سهم صفی: 10 روز از ۲۰ روز در صف (ریسک نقدشوندگی و اجرای حد ضرر) | P/E بالا (56) | 53٪ بالای MA200 | نقدشوندگی کمتر از ۱۰ میلیارد تومان
زفکا,کشت و دامداری فکا,زراعت و خدمات وابسته,40.8,خنثی,65,30,27,34,8140,20261007,-3.1,-1.6,8.3,-52.5,-2.3,1.9,43,49.7,2,0,false,14.3,3.57,above,-11.6,1.32,7808,8470,0.54,-33.03,0.56,-66.97,31,910,8.95,8.07,10.8,7849,7662,8470,8650,0.69,خروج مستمر پول حقیقی | بدون روند (ADX پایین) | 213٪ بالای کف ۵۲ هفته | سرانه خرید ضعیف (0.56)
زدشت,کشت و صنعت دشت خرم دره,زراعت و خدمات وابسته,40.8,خنثی,85,45,1,24,9770,20261007,-1.7,-0.2,30.4,-30.4,-1,6.1,48.1,53.4,0,0,false,27.2,3.75,above,-9.1,1.01,9210,10180,-18.31,-23.12,0.59,-16.33,14.07,1023,9.55,8.07,18.3,9404,9027,10180,10750,0.55,واگرایی منفی RSI | خروج مستمر پول حقیقی | 179٪ بالای کف ۵۲ هفته | سرانه خرید ضعیف (0.59) | واگرایی منفی | حد ضرر دور (7.6٪)
شراز,پالایش نفت شیراز,فراورده های نفتی، کک و سوخت هسته ای,40.6,خنثی,85,65,2.5,26,92900,20261003,3.2,-5.3,64.7,3.9,-5.9,10,111,50.5,2,0,false,45.9,3.65,above,-17.8,0.68,89000,113000,-26.96,-24.17,0.6,-96.68,84.01,10165,9.14,6.26,46,89507,87304,113000,119786,3.59,111٪ بالای MA200 | سرانه خرید ضعیف (0.60) | شناوری کم (13٪) | آخرین معامله 20261003 (متوقف یا کم‌معامله)
وارس,سرمایه گذاری ارس صبا,سرمایه گذاریها,40.6,خنثی,31,30,61,60,14840,20260929,1.2,-2.8,18.2,-42.6,-3,-7.9,39.9,42.9,4,0,false,26.1,3.9,inside,-23.5,0.47,14353,15040,0.05,-25.42,5.17,1.65,8.53,3770,3.94,,,14353,14064,15040,17150,0.26,خروج مستمر پول حقیقی | 191٪ بالای کف ۵۲ هفته | نقدشوندگی کمتر از ۱۰ میلیارد تومان | آخرین معامله 20260929 (متوقف یا کم‌معامله)
سرود,سیمان‌شاهرود,سیمان، آهک و گچ,40.5,خنثی,70,53,1.5,34,19060,20261007,-5.7,3,51,-9.8,-0.2,7.9,84.4,55.3,2,1,false,24.7,3.53,above,-6.7,1.07,17577,20330,-131.7,-136.48,0.5,-159,62.44,2424,7.86,7.14,10.1,18387,17377,20330,21677,0.75,خروج مستمر پول حقیقی | 84٪ بالای MA200 | سرانه خرید ضعیف (0.50) | حد ضرر دور (8.8٪) | صف فروش در ۵ روز اخیر
شپنا,پالایش نفت اصفهان,فراورده های نفتی، کک و سوخت هسته ای,40.4,خنثی,85,55,1.5,34,13350,20261003,7.9,3.5,45.3,-15.5,-0.5,9.8,93.3,55.9,1,0,false,29.9,3.46,above,-9,0.79,12340,14670,-132.86,-75.9,0.69,-787.31,896.01,1816,7.35,6.26,17.4,12889,12197,14670,15593,1.14,93٪ بالای MA200 | سرانه خرید ضعیف (0.69) | حد ضرر دور (8.6٪) | آخرین معامله 20261003 (متوقف یا کم‌معامله)
فلات,گروه صنایع معادن فلات ایرانیان,سرمایه گذاریها,40.4,خنثی,100,70,35.5,10,28940,20260928,15.8,55.6,172,111.2,26.1,57,107.3,93.3,12,0,true,71.4,2.59,above,0,0.4,19650,,-0.93,-17.75,4.45,1.36,2.32,,,,,28190,27441,31189,32689,1.5,نقدشوندگی پایین | اشباع خرید | فاصله زیاد از MA20 | خروج مستمر پول حقیقی | بدون EPS مثبت | سهم صفی: 12 روز از ۲۰ روز در صف (ریسک نقدشوندگی و اجرای حد ضرر) | رشد عمودی (172٪ در ۶۰ روز، 57٪ بالای MA50) | 107٪ بالای MA200 | نقدشوندگی کمتر از ۱۰ میلیارد تومان | آخرین معامله 20260928 (متوقف یا کم‌معامله)
تکشا,گسترش‌صنایع‌وخدمات‌کشاورزی‌,ماشین آلات و تجهیزات,40.3,خنثی,49,30,54.5,24,9330,20261007,7.4,-5.1,-11.6,-72.5,-3.4,-0.2,9.2,48.2,5,0,false,19.7,3.87,inside,-36.7,0.97,8948,9499,0.25,0.69,1.32,-13.66,9.54,310,30.1,5.15,484.4,8969,8768,9499,9832,0.3,P/E بالا (30) | توزیع: ورود حقیقی با سرانه خرید ضعیف (0.62 در ۲۰ روز) | نقدشوندگی کمتر از ۱۰ میلیارد تومان
کتوسعه,توسعه صنایع و معادن کوثر,استخراج سایر معادن,40.3,خنثی,85,35,37,34,20110,20261007,-3.7,-9.2,43.7,-17.1,-1.8,8,47.2,52.7,1,0,false,41.7,3.09,above,-11.2,0.81,18845,20996,-0.52,-5.96,5.91,7.93,2.66,1794,11.21,9.57,17.1,19488,18556,20996,22643,0.57,نقدشوندگی پایین | خروج مستمر پول حقیقی | حد ضرر دور (7.7٪) | نقدشوندگی کمتر از ۱۰ میلیارد تومان
شتهران,داروسازی تهران شیمی,مواد و محصولات دارویی,40.3,خنثی,50,70,35,70,6770,20260928,3.1,10.6,-17.4,-78.3,5.7,1.3,-22.7,67.2,20,0,true,37.4,0.92,below,-40.5,0.91,6004,6951,0,0,3.8,0.29,0.1,1711,3.96,,,6707,6645,6951,7136,1.44,نقدشوندگی پایین | سهم صفی: 20 روز از ۲۰ روز در صف (ریسک نقدشوندگی و اجرای حد ضرر) | نقدشوندگی کمتر از ۱۰ میلیارد تومان | آخرین معامله 20260928 (متوقف یا کم‌معامله)
انرژی,بورس انرژی ایران,فعالیتهای کمکی به نهادهای مالی واسط,40.2,خنثی,65,45,33,14,23080,20261007,-0.6,-5.2,31.2,-29.6,-0.4,3.5,55.3,52.2,1,0,false,25.6,3.67,above,-11.5,0.65,21470,23467,-8.85,30.28,1.4,-32.98,62.02,522,44.21,5.92,646.9,22234,21047,23467,25950,0.19,P/E بالا (44) | توزیع: ورود حقیقی با سرانه خرید ضعیف (0.77 در ۲۰ روز) | 55٪ بالای MA200 | حد ضرر دور (8.8٪)
ذوب,ذوب آهن اصفهان,فلزات اساسی,40,اجتناب,85,53,1.5,14,665,20261007,-3.9,-1.9,51.8,-9,-4.8,16.5,53.9,53.6,9,0,false,35.6,2.99,above,-15.1,0.98,643,705,-107.54,-415.66,0.59,-582.43,343.18,12,55.42,13.48,311.1,645,633,705,783,1.25,خروج مستمر پول حقیقی | سهم صفی: 9 روز از ۲۰ روز در صف (ریسک نقدشوندگی و اجرای حد ضرر) | P/E بالا (55) | 54٪ بالای MA200 | سرانه خرید ضعیف (0.59)
ثعتما,س. ساختمانی اعتماد گستر,انبوه سازی، املاک و مستغلات,39.7,اجتناب,100,75,28.9,10,53940,20261005,4,36.2,102.2,41.4,14.2,29.1,68.9,77.8,1,0,true,54,3.65,above,-4.2,0.85,44602,,-0.98,-1.73,1.36,2.16,1.72,,,,,51972,50003,59845,63782,1.5,نقدشوندگی پایین | واگرایی منفی RSI | خروج مستمر پول حقیقی | بدون EPS مثبت | رشد عمودی (102٪ در ۶۰ روز، 29٪ بالای MA50) | 69٪ بالای MA200 | واگرایی منفی | حد ضرر دور (7.3٪) | نقدشوندگی کمتر از ۱۰ میلیارد تومان | آخرین معامله 20261005 (متوقف یا کم‌معامله)
کهرام,تولیدی گرانیت بهسرام,کاشی و سرامیک,39.7,اجتناب,100,48,50.5,10,35950,20261006,3.3,18.9,52.5,-8.4,9.4,25.3,56.2,85.7,8,0,true,59,2.4,above,-2.3,1.16,32038,,0,0.05,2.88,1.65,0.69,,,,,35088,34227,38535,40258,1.5,نقدشوندگی پایین | اشباع خرید | بدون EPS مثبت | سهم صفی: 8 روز از ۲۰ روز در صف (ریسک نقدشوندگی و اجرای حد ضرر) | 56٪ بالای MA200 | نقدشوندگی کمتر از ۱۰ میلیارد تومان | آخرین معامله 20261006 (متوقف یا کم‌معامله)
سفار,سیمان‌فارس‌,سیمان، آهک و گچ,39.4,اجتناب,85,35,1.5,26,229500,20261007,-4.2,-4.3,22.8,-38,-2.8,7.9,20.4,51.9,2,0,false,24.6,3.34,above,-14.2,0.85,224111,244225,-9.23,-7.57,0.6,-7.37,3.97,19436,11.81,7.14,65.4,224111,220282,244225,267400,1.6,خروج مستمر پول حقیقی | سرانه خرید ضعیف (0.60) | نقدشوندگی کمتر از ۱۰ میلیارد تومان | شناوری کم (8٪)
آریان,سرمایه گذاری پارس آریان,سرمایه گذاریها,39.3,اجتناب,100,35,0,9,8080,20261007,2.8,19.9,64.6,3.7,5.4,23.2,68.1,82.2,1,0,false,69.5,2.75,above,-1.1,0.76,6650,,-75.8,-256.47,0.54,-61.22,28.57,492,16.42,8.73,88.1,7858,7636,8746,9190,1.5,اشباع خرید | خروج مستمر پول حقیقی | 68٪ بالای MA200 | سرانه خرید ضعیف (0.54)
ثجوان,تامین مسکن جوانان,انبوه سازی، املاک و مستغلات,39.3,اجتناب,100,45,36,25,2305,20261006,1.2,7.6,28.1,-32.7,2.4,14,43.8,57.3,1,0,false,34.1,3.54,above,-6.9,0.65,2239,2475,-0.23,-2.71,1.72,3.99,2.97,167,13.8,,,2239,2199,2475,2638,1.6,نقدشوندگی پایین | نقدشوندگی کمتر از ۱۰ میلیارد تومان | آخرین معامله 20261006 (متوقف یا کم‌معامله)
قشکر,شکر,قند و شکر,39,اجتناب,85,53,1.5,10,5250,20261007,-2.1,-4.2,60.4,-0.4,-2.6,9.8,58.2,53.6,5,0,false,27.7,3.27,above,-15.6,1.01,4890,5350,-0.35,-2.63,0.71,-10.04,6.17,,,9.8,,5078,4821,5350,6220,0.23,بدون EPS مثبت | 58٪ بالای MA200 | سرانه خرید ضعیف (0.71) | حد ضرر دور (8.2٪) | نقدشوندگی کمتر از ۱۰ میلیارد تومان
حگهر,حمل و نقل گهرترابر سیرجان,حمل ونقل، انبارداری و ارتباطات,39,اجتناب,41,30,15.6,67,2906,20261007,-1.5,-2.6,13.4,-47.4,-2.6,-2,10,48.2,5,0,false,23.2,3.21,inside,-29.4,0.66,2850,2970,-1.5,-0.82,1.35,-1.49,5.68,397,7.32,7.68,-4.7,2850,2803,2970,3120,0.62,نقدشوندگی کمتر از ۱۰ میلیارد تومان
اخشان,اخشان خراسان,زراعت و خدمات وابسته,38.9,اجتناب,83,55,36,16,16920,20261007,-0.9,0.6,20.5,-40.4,0.1,4.1,44.4,52.2,1,0,false,14.9,3.17,above,-9.2,0.68,16497,17308,-1.36,-9.83,6.1,4.67,2.38,1452,11.65,8.07,44.4,16497,16229,17308,18611,0.56,نقدشوندگی پایین | خروج مستمر پول حقیقی | بدون روند (ADX پایین) | 180٪ بالای کف ۵۲ هفته | نقدشوندگی کمتر از ۱۰ میلیارد تومان
زاگرس,پتروشیمی زاگرس,محصولات شیمیایی,38.8,اجتناب,90,45,2,9,164700,20261007,-5.7,3.8,46.3,-14.5,-1.9,11.4,36.5,54.6,1,1,false,45.1,3.16,above,-7.5,1.3,150200,168899,-103.08,-109.44,0.57,-124.46,33.4,9222,17.86,8.01,123,159489,151671,168899,177850,0.32,واگرایی منفی RSI | خروج مستمر پول حقیقی | سرانه خرید ضعیف (0.57) | واگرایی منفی | حد ضرر دور (7.9٪) | صف فروش در ۵ روز اخیر
خساپا,سایپا,خودرو و ساخت قطعات,38.7,اجتناب,65,45,30.9,10,702,20261007,0.1,-7.9,29.8,-31.1,-1.2,7.5,30.1,53.2,0,0,false,20.2,3.5,above,-10.9,1,670,788,119.27,-7.15,0.92,-249.99,386.58,,,,,677,658,788,837,1.94,بدون EPS مثبت
سنیر,سیمان‌ سفید نی‌ریز,سیمان، آهک و گچ,38.3,اجتناب,49,45,1.5,57,6930,20261007,0.9,-3.6,27.9,-33,0.9,-0.4,49.6,52.6,1,0,false,13.5,3.7,inside,-10.9,1.08,6430,7100,-8.44,-15.8,0.75,-11.79,9.17,963,7.2,7.14,0.8,6674,6302,7100,7380,0.27,خروج مستمر پول حقیقی | بدون روند (ADX پایین) | 220٪ بالای کف ۵۲ هفته | سرانه خرید ضعیف (0.75) | حد ضرر دور (9.1٪) | نقدشوندگی کمتر از ۱۰ میلیارد تومان
سدشت,صنایع سیمان دشتستان,سیمان، آهک و گچ,38.1,اجتناب,73,45,49.8,19,41380,20261007,4,-4.8,26.8,-34,-3.1,3.4,30.2,50.4,3,0,false,17.6,3.52,above,-16.6,1.59,40040,46300,0.89,-0.34,1.33,-1.45,2.44,2835,14.6,7.14,104.4,40040,39311,46300,49630,2.38,نقدشوندگی پایین | نقدشوندگی کمتر از ۱۰ میلیارد تومان | شناوری کم (13٪)
سیلام,سیمان‌ ایلام‌,سیمان، آهک و گچ,38,اجتناب,88,45,1.5,9,22810,20261007,0.4,0.7,45.7,-15.2,2.8,10.6,39.4,58.4,0,0,false,19.8,3.67,above,-2.4,1,20810,23330,-11.31,-19.39,0.74,-8.87,5.34,1179,19.35,7.14,171,21973,20717,23330,25005,0.25,واگرایی منفی RSI | خروج مستمر پول حقیقی | سرانه خرید ضعیف (0.74) | واگرایی منفی | حد ضرر دور (9.2٪) | نقدشوندگی کمتر از ۱۰ میلیارد تومان
غگز,صنایع غذایی سکه,محصولات غذایی و آشامیدنی به جز قند و شکر,37.9,اجتناب,25,55,53.5,24,3330,20261007,-1.8,-10,-39.7,-100.5,-0.7,-5,1.5,47.5,6,0,true,22.2,3.43,below,-46.3,1.3,3080,3380,19.72,35.53,0.73,-50.67,25.62,81,41.11,7.05,483.1,3216,3044,3380,3920,0.18,سهم صفی: 6 روز از ۲۰ روز در صف (ریسک نقدشوندگی و اجرای حد ضرر) | P/E بالا (41) | توزیع: ورود حقیقی با سرانه خرید ضعیف (0.58 در ۲۰ روز) | سرانه خرید ضعیف (0.73) | حد ضرر دور (8.6٪)
خپارس,پارس خودرو,خودرو و ساخت قطعات,37.8,اجتناب,90,65,1,10,1931,20261005,-7.9,16.4,69.1,8.3,-3.7,23.7,90.7,54.5,10,1,false,54.9,3.48,above,-14.8,1,1216,1991,-8.57,-17.32,0.77,-30.33,75.69,,,,,1864,1797,1991,2117,0.45,بدون EPS مثبت | سهم صفی: 10 روز از ۲۰ روز در صف (ریسک نقدشوندگی و اجرای حد ضرر) | 91٪ بالای MA200 | سرانه خرید ضعیف (0.77) | صف فروش در ۵ روز اخیر | آخرین معامله 20261005 (متوقف یا کم‌معامله)
اتکاسا,بیمه اتکایی سامان,بیمه وصندوق بازنشستگی به جزتامین اجتماعی,37.6,اجتناب,70,53,2.1,82,6100,20261005,-12.5,12.2,58.2,-2.7,-4.9,16.4,,51.4,2,0,false,48.4,3.26,above,-14.1,1.06,4631,6361,-7.14,-17.95,0.83,-6.08,1.9,875,6.97,18.13,-61.5,5901,5702,6361,6768,0.66,نقدشوندگی پایین | واگرایی منفی RSI | خروج مستمر پول حقیقی | واگرایی منفی | نقدشوندگی کمتر از ۱۰ میلیارد تومان | آخرین معامله 20261005 (متوقف یا کم‌معامله)
سخوز,سیمان خوزستان,سیمان، آهک و گچ,37.4,اجتناب,65,20,5.7,70,94960,20261006,-3.3,-7.7,19.1,-41.8,-3.2,6.1,25.6,49.8,3,0,false,22.1,3.85,above,-11.9,1.03,91990,98280,-17.96,-39.06,0.97,-18.48,14.79,15662,6.06,7.14,-15.1,91990,90160,98280,101140,0.69,خروج مستمر پول حقیقی | آخرین معامله 20261006 (متوقف یا کم‌معامله)
قجام,فرآوردههای غذایی وقندتربت‌جام‌,قند و شکر,37.4,اجتناب,95,55,9.7,42,14460,20261006,-1.8,3.1,45.2,-15.7,1.4,7.6,51.7,56.4,3,0,false,23.5,3.77,above,-6.8,1.14,14110,14960,-0.28,-0.28,1.17,-2.69,2.75,2650,5.46,,,14110,13838,14960,15520,0.8,نقدشوندگی پایین | 52٪ بالای MA200 | نقدشوندگی کمتر از ۱۰ میلیارد تومان | آخرین معامله 20261006 (متوقف یا کم‌معامله)
غناب,روغن‌ نباتی‌ ناب,محصولات غذایی و آشامیدنی به جز قند و شکر,37.1,اجتناب,65,30,26.5,20,1135,20261007,-5.2,0.3,35.9,-24.9,-2.7,4.4,34.1,48.7,1,0,false,18.3,3.69,above,-9.5,0.65,1098,1226,0.68,-1.13,0.79,-3.82,5.72,41,27.68,,,1098,1077,1226,1253,1.56,سرانه خرید ضعیف (0.79) | نقدشوندگی کمتر از ۱۰ میلیارد تومان
گوهران,سرمایه گذاری توسعه گوهران امید,سرمایه گذاریها,37,اجتناب,100,60,3,37,6940,20261006,1.8,12.5,62.1,1.3,6.8,13.6,69.3,81.8,0,0,true,43.1,2.36,above,-1.6,1.14,6760,,-2.82,-14.94,0.72,-2.02,2.38,725,9.57,8.73,9.6,6776,6678,7432,7759,1.88,نقدشوندگی پایین | واگرایی منفی RSI | اشباع خرید | خروج مستمر پول حقیقی | 69٪ بالای MA200 | سرانه خرید ضعیف (0.72) | واگرایی منفی | نقدشوندگی کمتر از ۱۰ میلیارد تومان | آخرین معامله 20261006 (متوقف یا کم‌معامله)
قاروم,قند ارومیه,قند و شکر,36.6,اجتناب,100,15,32.5,42,118500,20261006,1.9,9.8,34.7,-26.2,3.9,12.5,39.5,99.6,18,0,false,94.7,0.9,above,0,0.95,87277,,0,0,1.5,0.2,0.09,22219,5.33,,,117433,116367,121700,123833,1.5,نقدشوندگی پایین | اشباع خرید | سهم صفی: 18 روز از ۲۰ روز در صف (ریسک نقدشوندگی و اجرای حد ضرر) | نقدشوندگی کمتر از ۱۰ میلیارد تومان | آخرین معامله 20261006 (متوقف یا کم‌معامله)
میهن,بیمه میهن,بیمه وصندوق بازنشستگی به جزتامین اجتماعی,36.5,اجتناب,85,20,18,10,2461,20261007,-7.7,-13.5,13.5,-47.4,-4.1,3.3,6,47.2,4,0,false,20.2,3.59,above,-19.1,0.97,2401,2558,-4.8,3.09,0.58,-36.14,17.98,,,18.13,,2401,2356,2558,2622,0.93,بدون EPS مثبت | توزیع: ورود حقیقی با سرانه خرید ضعیف (0.62 در ۲۰ روز) | سرانه خرید ضعیف (0.58)
بتک,کارخانجات کابل سازی‌ تک‌,ماشین آلات و دستگاه‌های برقی,36.4,اجتناب,100,58,19.3,20,256900,20261006,5.9,15.8,53.3,-7.5,8.4,19.1,33,83.3,5,0,true,47.1,2.19,above,-0.2,1.03,241708,,0,0.15,0.97,-0.2,0.45,260,988.08,,,251277,242842,273770,285017,1.2,نقدشوندگی پایین | اشباع خرید | P/E بالا (988) | نقدشوندگی کمتر از ۱۰ میلیارد تومان | آخرین معامله 20261006 (متوقف یا کم‌معامله)
کساپا,سایپاشیشه‌,سایر محصولات کانی غیرفلزی,35.9,اجتناب,65,35,47.5,10,3600,20261006,-2.7,-3,15,-45.8,-1.9,3.9,21.9,50.5,3,0,false,20.5,3.42,above,-9.8,0.74,3490,3780,0.05,0.71,1.02,-1.86,4.29,,,12.75,,3490,3428,3780,3990,1.05,بدون EPS مثبت | توزیع: ورود حقیقی با سرانه خرید ضعیف (0.82 در ۲۰ روز) | نقدشوندگی کمتر از ۱۰ میلیارد تومان | آخرین معامله 20261006 (متوقف یا کم‌معامله)
وپاسار,بانک  پاسارگاد,بانکها و موسسات اعتباری,35.7,اجتناب,25,18,72.5,26,8790,20261007,0,-13.5,-11.7,-72.5,-7.2,-12,25.1,37,4,0,false,44.6,3.54,below,-23.1,0.53,8300,8940,406.38,6447.01,1.97,-48.8,573.79,813,10.81,5.4,100.2,8479,8144,8940,9640,0.23,166٪ بالای کف ۵۲ هفته | حد ضرر دور (7.3٪)
خفناور,مهندسی صنعتی روان فن آور,خودرو و ساخت قطعات,35.2,اجتناب,100,45,4.9,20,25370,20261007,0.2,2.8,33.2,-27.6,2.4,14,33.6,59.3,0,0,false,39.2,3.41,above,-5,0.9,23800,26635,-0.82,-4.27,0.95,-1.48,2.57,344,73.75,,,24505,23367,26635,28366,0.63,نقدشوندگی پایین | خروج مستمر پول حقیقی | P/E بالا (74) | حد ضرر دور (7.9٪) | نقدشوندگی کمتر از ۱۰ میلیارد تومان
تپولا,مهندسی مرآت پولاد,خدمات فنی و مهندسی,35.1,اجتناب,90,45,26.4,10,19220,20261007,-4.6,5.4,42.6,-18.3,-3,7.6,29.3,51.4,5,0,false,36,3.68,above,-11.2,1.74,18745,20880,0,0,1.26,0.62,1.71,,,,,18745,18391,20880,21640,2,نقدشوندگی پایین | بدون EPS مثبت | نقدشوندگی کمتر از ۱۰ میلیارد تومان
بپردیس,بیمه پردیس,بیمه وصندوق بازنشستگی به جزتامین اجتماعی,35,اجتناب,100,75,0,20,3000,20261004,6.1,7.7,109.1,48.3,0.4,24.6,77.9,62.2,4,0,false,40,3,above,-8,0.75,2817,3262,-1.98,-4.41,0.66,-0.82,0.85,129,23.26,,,2910,2775,3262,3442,1.16,نقدشوندگی پایین | واگرایی منفی RSI | خروج مستمر پول حقیقی | رشد عمودی (109٪ در ۶۰ روز، 25٪ بالای MA50) | 78٪ بالای MA200 | سرانه خرید ضعیف (0.66) | واگرایی منفی | حد ضرر دور (7.5٪) | نقدشوندگی کمتر از ۱۰ میلیارد تومان | آخرین معامله 20261004 (متوقف یا کم‌معامله)
نوین,بیمه نوین,بیمه وصندوق بازنشستگی به جزتامین اجتماعی,34.6,اجتناب,70,50,0.5,14,9470,20261007,-8.4,3.2,107.3,46.4,-8.8,8.2,129,46.2,5,2,false,45.8,3.35,above,-19.9,0.91,8880,11820,-17.78,-33.64,0.51,-19.64,10.88,358,26.45,18.13,45.9,9153,8721,11820,12455,3.14,واگرایی منفی RSI | خروج مستمر پول حقیقی | رشد عمودی (107٪ در ۶۰ روز، 8٪ بالای MA50) | 129٪ بالای MA200 | سرانه خرید ضعیف (0.51) | واگرایی منفی | حد ضرر دور (7.9٪) | صف فروش در ۵ روز اخیر
شگامرن,مجتمع پترو صنعت گامرون,محصولات شیمیایی,34.5,اجتناب,100,15,62,4,27540,20261006,1,9.1,40.2,-20.7,6.4,22.6,43.3,83.7,0,0,false,48,2.5,above,-2,1.15,26136,28094,0.34,-2.25,1.8,0.14,0.43,288,95.63,8.01,1093.8,26853,25822,28094,29469,0.32,نقدشوندگی پایین | واگرایی منفی RSI | اشباع خرید | خروج مستمر پول حقیقی | P/E بالا (96) | واگرایی منفی | نقدشوندگی کمتر از ۱۰ میلیارد تومان | آخرین معامله 20261006 (متوقف یا کم‌معامله)
ثتوسا,س.توسعه و عمران استان اردبیل,انبوه سازی، املاک و مستغلات,33.3,اجتناب,40,30,51.1,10,15560,20261007,-2.2,-10.1,18.3,-42.5,-2.9,5.6,-43.3,49.1,4,0,false,22.8,3.55,above,-76,0.63,14890,16380,0.16,-2.4,1.18,1.64,5.4,,,,,15007,14614,16380,18100,0.87,بدون EPS مثبت | نقدشوندگی کمتر از ۱۰ میلیارد تومان
تشتاد,صنایع تولیدی اشتاد ایران‌,خودرو و ساخت قطعات,33.2,اجتناب,100,45,6.9,10,7060,20261007,-5.2,29.5,32.3,-28.5,7,28.4,41.1,67.4,5,1,false,45.8,3.39,above,-7.9,1.57,6212,7667,0,-0.1,1.08,-0.63,1.35,,,,,6820,6581,7667,8146,1.27,نقدشوندگی پایین | بدون EPS مثبت | نقدشوندگی کمتر از ۱۰ میلیارد تومان | صف فروش در ۵ روز اخیر
شپلی,پلی اکریل ایران,محصولات شیمیایی,33.1,اجتناب,50,20,26.5,30,5830,20261007,-6.1,-9,45.8,-15,-11.3,-1.5,94.9,40.5,9,2,false,31.4,3.6,above,-21.2,1.38,5740,6170,0.38,-34.22,0.68,-76.92,54.45,237,24.6,,,5740,5635,6170,7400,1.74,سهم صفی: 9 روز از ۲۰ روز در صف (ریسک نقدشوندگی و اجرای حد ضرر) | 95٪ بالای MA200 | سرانه خرید ضعیف (0.68) | صف فروش در ۵ روز اخیر
ثفارس,عمران‌وتوسعه‌فارس‌,انبوه سازی، املاک و مستغلات,33,اجتناب,25,30,54.1,24,14750,20261007,0.6,-8.9,16.8,-44,-5.2,-0.5,-6.1,46.9,2,0,false,20.9,3.55,above,-33.4,1.01,14403,15068,27.36,108.08,0.86,-54.86,74.4,264,55.87,6.61,745.3,14403,14141,15068,16000,0.52,P/E بالا (56) | توزیع: ورود حقیقی با سرانه خرید ضعیف (0.70 در ۲۰ روز)
وبصادر,بانک صادرات ایران,بانکها و موسسات اعتباری,32.8,اجتناب,65,30,15.2,14,939,20261007,-2.5,-6,24.9,-36,-3.2,5,40.7,49.6,1,0,false,25.3,3.44,above,-12.7,0.6,926,975,-45.89,-444.31,1.31,-89.74,237.95,5,187.8,5.4,3377.8,926,910,975,1072,1.22,خروج مستمر پول حقیقی | P/E بالا (188)
مبین,مبین انرژی خلیج فارس,عرضه برق، گاز، بخاروآب گرم,32.7,اجتناب,25,8,27.5,67,11230,20261007,-6.7,-8.1,-24.6,-85.4,-6.1,-17.1,1.6,32.9,0,0,false,28.9,4.1,below,-35.3,0.64,10597,11415,-86.11,1317.43,0.43,-350.33,241.8,1581,7.1,7.09,0.2,10770,10367,11415,11750,0.21,توزیع: ورود حقیقی با سرانه خرید ضعیف (0.58 در ۲۰ روز) | سرانه خرید ضعیف (0.43) | حد ضرر دور (7.7٪)
وطوبی,سرمایه گذاری اقتصاد شهر طوبی,سرمایه گذاریها,32.5,اجتناب,100,25,21,9,6380,20261007,7.2,25.6,42.1,-18.7,10,30.1,112.6,80.5,1,0,false,53.8,2.34,above,-0.9,1.07,6250,,-2.2,-7.13,1.54,-0.87,1.68,459,13.9,8.73,59.2,6250,6175,6829,7128,2.19,نقدشوندگی پایین | اشباع خرید | خروج مستمر پول حقیقی | رشد عمودی (42٪ در ۶۰ روز، 30٪ بالای MA50) | 113٪ بالای MA200 | نقدشوندگی کمتر از ۱۰ میلیارد تومان
حپترو,حمل و نقل پتروشیمی( سهامی عام,حمل ونقل، انبارداری و ارتباطات,32.4,اجتناب,95,45,15.5,4,17780,20261007,4.7,-4.5,36.7,-24.1,1.7,7.1,22.1,57.2,3,0,false,23.3,3.62,above,-9.9,1.84,17280,18020,-2.26,-2.7,0.98,-0.84,2.01,623,28.54,19.33,47.6,17280,16958,18020,19740,0.29,نقدشوندگی پایین | واگرایی منفی RSI | خروج مستمر پول حقیقی | واگرایی منفی | نقدشوندگی کمتر از ۱۰ میلیارد تومان
ولتجار,واسپاری تجارایرانیان,سایر واسطه گریهای مالی,31.8,اجتناب,40,20,27,36,3080,20261007,-3.4,-3.7,21.3,-39.5,-5.5,0.7,-19.1,44.4,2,0,false,24.8,3.86,above,-51.1,1.08,3049,3130,-0.52,9.87,0.72,-10.29,6.82,278,11.08,5.8,91,3049,2989,3130,3280,0.55,توزیع: ورود حقیقی با سرانه خرید ضعیف (0.80 در ۲۰ روز) | سرانه خرید ضعیف (0.72) | نقدشوندگی کمتر از ۱۰ میلیارد تومان
بایکا,کارخانجات کابلسازی ‌ایران‌,ماشین آلات و دستگاه‌های برقی,31.7,اجتناب,100,50,6.9,20,30960,20260930,8.7,27.4,24.8,-36,11.5,23.2,39.7,84,1,0,true,36.7,3.37,above,-1.8,1.05,28962,,-0.58,-3.68,1.05,-0.47,0.93,523,59.2,,,29916,28440,34091,36179,1.24,نقدشوندگی پایین | اشباع خرید | خروج مستمر پول حقیقی | P/E بالا (59) | حد ضرر دور (8.1٪) | نقدشوندگی کمتر از ۱۰ میلیارد تومان | آخرین معامله 20260930 (متوقف یا کم‌معامله)
حآسا,آسیا سیر ارس,حمل ونقل، انبارداری و ارتباطات,31.6,اجتناب,65,45,8.4,4,4570,20261007,-0.9,-6,26.9,-33.9,-0.2,6.7,32.1,54.6,1,0,false,20.2,3.53,above,-9,0.55,4380,4730,-0.59,-3.32,1.04,-0.17,3.95,152,30.07,7.68,291.5,4409,4299,4730,5020,0.59,P/E بالا (30) | نقدشوندگی کمتر از ۱۰ میلیارد تومان
زماهان,مجتمع تولید گوشت مرغ ماهان,زراعت و خدمات وابسته,31.1,اجتناب,70,35,2.5,10,13020,20261007,-6.5,-4,14.1,-46.7,-2.4,5.7,19.7,50.1,4,0,false,21,3.62,above,-10.5,1.26,12760,13480,-3.34,-2.86,0.77,-27.14,13.15,,,8.07,,12760,12524,13480,13790,0.93,بدون EPS مثبت | سرانه خرید ضعیف (0.77)
ثزاگرس,سرمایه گذاری توسعه عمران زاگرس,انبوه سازی، املاک و مستغلات,30.8,اجتناب,10,55,27.3,40,108000,20261007,-1.2,-5.6,-34.7,-95.6,-2.9,-2.2,-25.3,44.5,3,0,true,28.3,3.76,below,-50.5,0.9,105300,111885,0.02,-0.19,0.87,-3.95,5.49,123,878.05,,,105300,103271,111885,113600,0.82,P/E بالا (878) | نقدشوندگی کمتر از ۱۰ میلیارد تومان
تپمپی,پمپ‌ سازی‌ ایران‌,ماشین آلات و تجهیزات,30.8,اجتناب,100,45,11.2,16,7370,20260927,0.1,7.9,42,-18.8,2.9,17.2,68.7,61.4,0,0,false,46.5,3.57,above,-6.7,1.89,7135,7900,-3.46,-11.83,0.83,-2.31,2.94,787,9.36,5.15,81.8,7135,7003,7900,8426,1.45,نقدشوندگی پایین | واگرایی منفی RSI | خروج مستمر پول حقیقی | 69٪ بالای MA200 | واگرایی منفی | نقدشوندگی کمتر از ۱۰ میلیارد تومان | آخرین معامله 20260927 (متوقف یا کم‌معامله)
غالبر,لبنیات‌ کالبر,محصولات غذایی و آشامیدنی به جز قند و شکر,30.8,اجتناب,63,45,1.5,10,31800,20261007,0.8,2.4,18.4,-42.4,1.2,8.4,-7.8,55.7,3,1,false,16.9,3.27,above,-37,0.74,31325,33013,-6.9,-11.41,0.63,-16.14,15.58,,,8.53,,31325,30805,33013,33890,1.22,بدون EPS مثبت | سرانه خرید ضعیف (0.63) | صف فروش در ۵ روز اخیر
دانا,بیمه دانا,بیمه وصندوق بازنشستگی به جزتامین اجتماعی,30.5,اجتناب,40,30,60.1,10,2253,20261003,2,-6.5,14.3,-46.5,-4.2,1.2,-5,45,1,0,false,21.6,3.35,above,-29.7,1.21,2180,2328,2.63,-16.73,1.16,0.37,4.54,,,4.59,,2180,2142,2328,2479,0.67,واگرایی منفی RSI | خروج مستمر پول حقیقی | بدون EPS مثبت | واگرایی منفی | نقدشوندگی کمتر از ۱۰ میلیارد تومان | آخرین معامله 20261003 (متوقف یا کم‌معامله)
افرا,افرانت,رایانه و فعالیت‌های وابسته به آن,30.5,اجتناب,25,43,28.5,29,8860,20261007,-3.4,-15.3,-23.4,-84.2,-3.4,-16,23.4,38.4,2,1,true,33.9,3.67,below,-36.3,0.47,8320,9300,-0.94,45.11,0.66,-20.28,29.59,605,14.64,8.89,64.7,8535,8157,9300,10020,0.63,توزیع: ورود حقیقی با سرانه خرید ضعیف (0.55 در ۲۰ روز) | 191٪ بالای کف ۵۲ هفته | سرانه خرید ضعیف (0.66) | حد ضرر دور (7.9٪) | صف فروش در ۵ روز اخیر
وپسا,گ.س.پتروشیمی ساختمان خلیج فارس,پیمانکاری صنعتی,30.4,اجتناب,50,20,15.5,30,2410,20261007,-8.9,-13,19.8,-41,-10.8,-0.5,34,40.1,7,2,false,26,3.93,above,-22.5,0.74,2233,2493,0,2.55,0.72,-4.61,4.69,20,120.5,,,2315,2186,2493,2697,0.37,سهم صفی: 7 روز از ۲۰ روز در صف (ریسک نقدشوندگی و اجرای حد ضرر) | P/E بالا (121) | سرانه خرید ضعیف (0.72) | حد ضرر دور (9.3٪) | نقدشوندگی کمتر از ۱۰ میلیارد تومان | صف فروش در ۵ روز اخیر
پاریز,پاریز شرق,انبوه سازی، املاک و مستغلات,30,اجتناب,0,55,52,24,38530,20261007,-1.7,-12.7,-4.2,-65,-1.6,-12.6,,44.1,13,1,true,35.3,3.46,,-25.9,1.48,35463,39190,-4.17,8.26,7.09,42.47,12.86,823,46.82,23.59,98.5,37197,35197,39190,41413,0.2,سهم صفی: 13 روز از ۲۰ روز در صف (ریسک نقدشوندگی و اجرای حد ضرر) | P/E بالا (47) | حد ضرر دور (8.7٪) | صف فروش در ۵ روز اخیر
شرنگی,شیمیایی رنگین,محصولات شیمیایی,29.2,اجتناب,85,63,0.3,4,19650,20261007,-0.6,0.2,59.2,-1.6,-0.7,10,53.6,54,1,0,false,33.9,3.91,above,-8.3,1.04,19424,21413,-5.55,-14.37,0.81,-2.11,2.35,317,61.99,8.01,673.9,19424,19040,21413,22948,2.89,نقدشوندگی پایین | واگرایی منفی RSI | خروج مستمر پول حقیقی | P/E بالا (62) | 54٪ بالای MA200 | واگرایی منفی | نقدشوندگی کمتر از ۱۰ میلیارد تومان
میدکو,توسعه معادن وص.معدنی خاورمیانه,فلزات اساسی,28.9,اجتناب,25,30,47.5,14,6310,20261007,-1.1,-8.9,-6.4,-67.2,-2.9,-3.9,12.6,45.5,2,0,false,13.9,3.49,below,-16.9,0.67,6230,6490,-5.35,195.11,1.95,-92.27,94.88,93,67.85,13.48,403.3,6230,6120,6490,6610,0.95,بدون روند (ADX پایین) | P/E بالا (68) | توزیع: ورود حقیقی با سرانه خرید ضعیف (0.53 در ۲۰ روز) | شناوری کم (9٪)
آپ,آسان پرداخت پرشین,رایانه و فعالیت‌های وابسته به آن,28.4,اجتناب,10,18,73.1,14,10240,20261007,-0.6,-15.9,0.3,-60.5,-5.6,-8.6,-3.4,38,0,0,false,17.7,3.48,below,-20.6,1.75,9975,10611,27,41.71,0.96,2.77,6.61,86,119.07,18.19,554.6,9975,9797,10611,10914,0.84,P/E بالا (119) | توزیع: ورود حقیقی با سرانه خرید ضعیف (0.79 در ۲۰ روز) | نقدشوندگی کمتر از ۱۰ میلیارد تومان
دشیمی,شیمی‌ داروئی‌ داروپخش‌,مواد و محصولات دارویی,27.6,اجتناب,41,50,7.3,14,42090,20261007,-2.6,-17.9,86.6,25.7,-3.8,-0.2,78.3,47.4,3,1,false,32.6,3.4,inside,-20.1,0.9,40850,44630,-7.25,-60.42,1.01,-16.72,12.21,2096,20.08,12.91,55.5,40850,40135,44630,46380,1.3,خروج مستمر پول حقیقی | 78٪ بالای MA200 | صف فروش در ۵ روز اخیر
فکمند,گسترش قطعه سازی کمند,ساخت محصولات فلزی,27.4,اجتناب,48,30,17.9,10,12140,20261007,-2.5,-7.4,11.4,-49.4,-3.3,2.6,-14.4,47.2,0,0,false,15.1,3.94,above,-55.1,0.96,11933,12883,0,0.07,0.9,-2.17,3.01,,,,,11933,11695,12883,13172,1.67,بدون EPS مثبت | توزیع: ورود حقیقی با سرانه خرید ضعیف (0.85 در ۲۰ روز) | نقدشوندگی کمتر از ۱۰ میلیارد تومان
ثامان,سامان‌ گستراصفهان‌,انبوه سازی، املاک و مستغلات,26.9,اجتناب,6,30,47.5,29,31340,20261007,13.1,-22.5,44.8,-16.1,-4.4,-9.3,-22,44.6,11,0,false,42.9,3.69,inside,-58,1.18,27150,36485,10.58,-1.25,3.24,-22.65,33.93,1764,17.77,6.61,168.8,30184,29027,36485,38474,2.22,واگرایی منفی RSI | سهم صفی: 11 روز از ۲۰ روز در صف (ریسک نقدشوندگی و اجرای حد ضرر) | واگرایی منفی | حد ضرر دور (7.4٪)
ساذری,آذریت‌,سایر محصولات کانی غیرفلزی,26.8,اجتناب,30,70,45,10,30200,20261007,11.2,-1.9,-27.6,-88.5,6.2,-4.2,-5.5,55,5,0,true,34.2,3.64,below,-30.3,1.6,29435,31266,-0.09,-0.21,2.92,1.05,0.78,,,,,29435,28886,31266,32161,0.81,نقدشوندگی پایین | بدون EPS مثبت | نقدشوندگی کمتر از ۱۰ میلیارد تومان
چفیبر,تولید فیبر ایران‌,محصولات چوبی,26.4,اجتناب,35,30,4.7,35,6650,20261007,-1.5,-13.3,-1.5,-62.3,-4.2,-3.9,25.3,43.6,7,0,false,29.1,3.72,below,-22.1,1.37,6120,6950,-0.24,-0.93,0.89,-3.48,6.11,224,29.69,28.93,2.6,6402,6031,6950,7560,0.48,سهم صفی: 7 روز از ۲۰ روز در صف (ریسک نقدشوندگی و اجرای حد ضرر) | حد ضرر دور (9.3٪) | نقدشوندگی کمتر از ۱۰ میلیارد تومان
سپ,پرداخت الکترونیک سامان کیش,رایانه و فعالیت‌های وابسته به آن,26,اجتناب,90,45,8.1,12,14490,20260930,-2,1.3,34.7,-26.1,-0.9,13.6,15.8,57.5,1,0,false,43.9,3.91,above,-6,0.56,14325,15001,-0.17,-1.87,1.08,-0.05,0.79,662,21.89,18.19,20.3,14325,14041,15001,15334,1.14,نقدشوندگی پایین | واگرایی منفی RSI | خروج مستمر پول حقیقی | واگرایی منفی | نقدشوندگی کمتر از ۱۰ میلیارد تومان | شناوری کم (10٪) | آخرین معامله 20260930 (متوقف یا کم‌معامله)
بالاس,مهندسی ساختمان تاسیسات راه آهن,پیمانکاری صنعتی,24.9,اجتناب,16,20,19.3,45,49170,20261007,-4.3,-5.4,-3.5,-64.4,-4.7,-0.3,-10.3,44.4,1,0,false,15.7,3.61,inside,-40.9,0.73,48651,50866,-0.06,0.57,0.95,-1.39,11.05,1907,25.78,25.78,0,48651,47764,50866,51844,1.21,توزیع: ورود حقیقی با سرانه خرید ضعیف (0.78 در ۲۰ روز)
حرهشا,رهشاد سپاهان (سهامی عام,حمل ونقل، انبارداری و ارتباطات,24.7,اجتناب,70,43,0.4,20,28700,20261007,-3.1,-0.7,52.7,-8.2,-2.8,6.7,31,51.9,0,0,false,31.2,3.55,above,-8.7,1.54,27852,30135,-2.59,-5.72,0.81,-1.24,1.49,351,81.77,,,27852,27343,30135,31437,1.06,نقدشوندگی پایین | خروج مستمر پول حقیقی | P/E بالا (82) | نقدشوندگی کمتر از ۱۰ میلیارد تومان
پارتا,مجتمع صنعتی آرتاویل تایر,لاستیک و پلاستیک,23.3,اجتناب,90,45,0,9,19160,20261006,-5.1,2.4,39.7,-21.1,-2.8,19.5,76.9,57.6,0,0,false,45.4,2.75,above,-8.6,0.55,18273,19699,-3.46,-13.83,0.23,-3.11,1.6,985,19.45,9.84,97.7,18634,18009,19699,20284,0.47,نقدشوندگی پایین | واگرایی منفی RSI | خروج مستمر پول حقیقی | 77٪ بالای MA200 | سرانه خرید ضعیف (0.23) | واگرایی منفی | نقدشوندگی کمتر از ۱۰ میلیارد تومان | آخرین معامله 20261006 (متوقف یا کم‌معامله)
وثخوز,سرمایه گذاری و توسعه خوزستان,انبوه سازی، املاک و مستغلات,21.1,اجتناب,33,55,30.6,10,5210,20261007,0,0.4,-11.5,-72.4,-0.5,1.9,-4.3,49,4,1,true,11.4,3.67,below,-36.8,0.9,5073,5450,0,4.93,0.98,-0.09,2.07,,,,,5073,4978,5450,5620,1.03,نقدشوندگی پایین | واگرایی منفی RSI | بدون روند (ADX پایین) | بدون EPS مثبت | واگرایی منفی | نقدشوندگی کمتر از ۱۰ میلیارد تومان | صف فروش در ۵ روز اخیر
پلاست,کارخانجات تولیدی پلاستیران,لاستیک و پلاستیک,20.6,اجتناب,25,33,2,24,1979,20261007,-4.3,-8.9,-44.3,-105.1,-3,-14,15.5,38.6,1,0,true,35.9,3.65,below,-46.2,0.73,1851,2012,-1.16,-2.03,0.56,-28.67,18.99,93,21.28,9.84,116.3,1907,1815,2012,2085,0.2,سرانه خرید ضعیف (0.56) | حد ضرر دور (8.3٪)
تکنو,تکنوتار,ماشین آلات و تجهیزات,20.5,اجتناب,25,33,1.5,24,3990,20261007,-2.7,-13.1,-45.3,-106.1,-6.2,-23.2,13.4,31.2,2,0,true,52.6,3.76,below,-56.6,0.59,2511,4295,-1.58,-4.1,0.69,-17.73,18.92,154,25.91,5.15,403.1,3840,3690,4295,4382,1.02,242٪ بالای کف ۵۲ هفته | سرانه خرید ضعیف (0.69) | حد ضرر دور (7.5٪)
قتربت,قند تربت حیدریه,قند و شکر,20.4,اجتناب,0,43,3.2,44,8650,20261007,-0.9,-13.2,9.1,-51.8,-2.6,-12.3,,39.5,0,0,true,29,3.36,below,-25.9,0.49,8330,8850,-1.12,-5.08,0.87,-2,4.2,775,11.16,9.57,16.6,8360,8185,8850,9645,0.43,خروج مستمر پول حقیقی | 177٪ بالای کف ۵۲ هفته | نقدشوندگی کمتر از ۱۰ میلیارد تومان
ثنوسا,نوسازی‌وساختمان‌تهران‌,انبوه سازی، املاک و مستغلات,19.7,اجتناب,41,18,1,14,8260,20261007,-6.9,-19.2,22.6,-38.3,-8.2,-6.4,18.6,39.7,1,0,false,27.2,3.73,inside,-23.2,1.09,7980,8525,-4.16,-9.23,0.61,-16.76,8.24,62,133.23,6.61,1915.5,7980,7826,8525,9027,0.61,خروج مستمر پول حقیقی | P/E بالا (133) | سرانه خرید ضعیف (0.61) | نقدشوندگی کمتر از ۱۰ میلیارد تومان
وتوس,توسعه‌شهری‌توس‌گستر,انبوه سازی، املاک و مستغلات,18.8,اجتناب,50,30,17.3,14,7660,20261007,-4,-6.4,10.1,-50.8,-2.6,-1.7,19.5,46.9,1,0,false,18.3,3.66,above,-11,0.65,7330,7800,-0.37,0.91,0.85,-1.52,2.66,381,20.1,6.61,204.2,7379,7190,7800,7983,0.3,نقدشوندگی پایین | نقدشوندگی کمتر از ۱۰ میلیارد تومان
وایران,لیزینگ ایرانیان,سایر واسطه گریهای مالی,17.5,اجتناب,16,30,2.8,24,4930,20261007,-1.8,-14.4,17.7,-43.2,-2.1,-1.4,-24.2,46,0,0,false,28.9,3.78,inside,-60.6,0.81,4740,5106,-1.13,-0.84,0.89,-2.6,6.78,200,24.65,9.94,148,4744,4647,5106,5957,0.62,نقدشوندگی کمتر از ۱۰ میلیارد تومان
تاتمس,کارخانجات صنعتی وتولیدی اتمسفر,ماشین آلات و تجهیزات,16,اجتناب,35,8,25.5,30,11280,20261007,-9.6,-16.3,-19.2,-80,-12.2,-8.6,7.7,32.5,4,1,false,26.4,3.69,below,-21.3,2.29,11008,11452,0.22,-3.29,0.39,-6.54,0.94,248,45.48,,,11008,10800,11452,11811,0.36,نقدشوندگی پایین | واگرایی منفی RSI | خروج مستمر پول حقیقی | P/E بالا (45) | سرانه خرید ضعیف (0.39) | واگرایی منفی | نقدشوندگی کمتر از ۱۰ میلیارد تومان | صف فروش در ۵ روز اخیر
نبروج,نساجی بروجرد,منسوجات,15,اجتناب,55,55,0,10,19520,20260914,4.1,-3.1,-11.9,-72.7,2.3,-8.8,11.8,45.3,12,0,true,48.7,1.25,below,-24.3,0.56,18380,22188,0,0,,0,0.37,,,,,19276,19033,22188,22725,5.48,نقدشوندگی پایین | بدون EPS مثبت | سهم صفی: 12 روز از ۲۰ روز در صف (ریسک نقدشوندگی و اجرای حد ضرر) | 1041٪ بالای کف ۵۲ هفته | نقدشوندگی کمتر از ۱۰ میلیارد تومان | آخرین معامله 20260914 (متوقف یا کم‌معامله)
خلیبل,مالیبل سایپا,خودرو و ساخت قطعات,9.6,اجتناب,35,30,2.3,10,1738,20261007,-4.4,-9.6,-3.2,-64,-6.9,-4.1,4.7,40.5,2,1,false,26.1,3.97,below,-18.2,1.37,1654,1760,0,0,0.89,-0.61,0.55,,,,,1669,1620,1760,1790,0.19,نقدشوندگی پایین | بدون EPS مثبت | نقدشوندگی کمتر از ۱۰ میلیارد تومان | صف فروش در ۵ روز اخیر
