symbol,name,sector,score,signal,trend,momentum,money,value,close,lastDate,ret5,ret20,ret60,rs60,vsSma20,vsSma50,vsSma200,rsi,lockedDays20,sellQueueDays5,macdAboveSignal,adx,atrPct,cloud,fromHigh52,volRatio,support1,resistance1,netReal5B,netReal20B,power5,smt5B,liquidityB,eps,pe,sectorPE,peVsSector,entryLow,stop,target1,target2,rr,flags
ولساپا,لیزینگ رایان‌ سایپا,سایر واسطه گریهای مالی,88.9,پرریسک؛ صفی/رشد عمودی,100,70,99.5,80,1423,20260923,10.1,40.2,72.3,29.2,21.7,44.1,90.4,86.6,7,0,true,55.1,2.76,above,0,1.72,1076,,19.1,44.45,13.4,46.52,16.65,335,4.25,9.94,-57.3,1384,1344,1541,1620,1.5,اشباع خرید | فاصله زیاد از MA20 | سهم صفی: 7 روز از ۲۰ روز در صف (ریسک نقدشوندگی و اجرای حد ضرر) | رشد عمودی (72٪ در ۶۰ روز، 44٪ بالای MA50) | عرضه حقوقی به حقیقی (-42 میلیارد تومان در ۲۰ روز) | 90٪ بالای MA200
پارس,پتروشیمی پارس,محصولات شیمیایی,87,قوی ولی پرشده؛ منتظر پولبک,100,85,88,72,2840,20260923,4.1,24.7,47.1,4.1,13.2,26,35.8,73.1,4,0,true,38.8,3.12,above,-3,1.05,2798,2929,74.42,336.67,5.7,92.09,99.75,492,5.77,9.63,-40.1,2798,2754,2929,3106,1.03,عرضه حقوقی به حقیقی (-281 میلیارد تومان در ۲۰ روز) | شناوری کم (6٪)
ونفت,سرمایه‌گذاری‌ صنعت‌ نفت‌,فراورده های نفتی، کک و سوخت هسته ای,86.7,پرریسک؛ صفی/رشد عمودی,100,100,66.7,80,10830,20260923,5.1,11.1,152,108.9,7.5,17.4,121.9,66.6,2,0,true,38.5,3.49,above,-6.2,1.28,10330,,13.93,25.35,1.35,-13.75,32.47,3216,3.37,6.26,-46.2,10453,10141,11962,12717,1.64,واگرایی منفی RSI | رشد عمودی (152٪ در ۶۰ روز، 17٪ بالای MA50) | عرضه حقوقی به حقیقی (-26 میلیارد تومان در ۲۰ روز) | 122٪ بالای MA200 | واگرایی منفی
ثاخت,بین‌المللی‌توسعه‌ساختمان,انبوه سازی، املاک و مستغلات,84.4,قوی؛ نزدیک مقاومت، منتظر شکست یا پولبک,100,75,77.5,80,771,20260923,3.1,3.8,45.7,2.7,1.8,11.8,50,59.3,4,0,false,28.1,3.48,above,-4.6,1,740,783,11.83,4.24,3.56,38.86,27.19,199,3.87,6.61,-41.4,744,727,783,808,0.27,50٪ بالای MA200
بترانس,ایران‌ ترانسفو,ماشین آلات و دستگاه‌های برقی,84,قوی ولی پرریسک؛ فعلاً ورود نه,88,80,98.5,68,3640,20260923,8.3,14.5,26.9,-16.2,9.1,17,49.2,68.9,1,0,true,19.2,3.35,above,-0.3,1.9,3570,,243.32,341.42,2.31,64.07,98.9,747,4.87,6.15,-20.8,3570,3509,4006,4249,2.79,عرضه حقوقی به حقیقی (-327 میلیارد تومان در ۲۰ روز)
شبصیر,تولیدات پتروشیمی قائد بصیر,محصولات شیمیایی,82.7,پرریسک؛ صفی/رشد عمودی,100,75,78.8,72,16010,20260923,0.9,29.3,57.3,14.2,11.9,33.9,77.2,75.6,2,0,true,57.9,3.19,above,-0.2,1.01,13440,,24.89,60.27,1.21,28.23,30.5,2884,5.55,8.01,-30.7,15499,14988,17542,18564,1.5,رشد عمودی (57٪ در ۶۰ روز، 34٪ بالای MA50) | عرضه حقوقی به حقیقی (-39 میلیارد تومان در ۲۰ روز) | 77٪ بالای MA200
شکربن,کربن‌ ایران‌,محصولات شیمیایی,82.3,قوی ولی پرشده؛ منتظر پولبک,100,85,81.4,60,10020,20260923,13.6,22.3,63.2,20.1,12.9,25.7,61.1,76.3,0,0,true,41.7,3.08,above,-0.8,1.33,8940,,5.52,14.51,1.31,17.33,22.31,1486,6.74,9.63,-30,9712,9403,10945,11562,1.5,واگرایی منفی RSI | عرضه حقوقی به حقیقی (-26 میلیارد تومان در ۲۰ روز) | 61٪ بالای MA200 | واگرایی منفی
غشهد,شهد ایران ‌,محصولات غذایی و آشامیدنی به جز قند و شکر,82,پرریسک؛ صفی/رشد عمودی,100,73,89.5,60,10320,20260923,9,29.3,34.6,-8.5,16.8,29.2,64.5,77.9,6,1,true,29.1,3,above,-3.1,0.98,8380,,0.72,6.9,4.88,9.85,5.65,1466,7.04,8.53,-17.5,10010,9700,11250,11870,1.5,فاصله زیاد از MA20 | سهم صفی: 6 روز از ۲۰ روز در صف (ریسک نقدشوندگی و اجرای حد ضرر) | عرضه حقوقی به حقیقی (-9 میلیارد تومان در ۲۰ روز) | 65٪ بالای MA200 | نقدشوندگی کمتر از ۱۰ میلیارد تومان | صف فروش در ۵ روز اخیر
سجام,مجتمع سیمان غرب آسیا,سیمان، آهک و گچ,81.4,قوی؛ نزدیک مقاومت، منتظر شکست یا پولبک,100,78,83.2,60,10200,20260923,2,25,37.8,-5.2,9,19.4,101.9,67,5,0,true,32.7,3.48,above,-2.1,0.76,9300,10420,13.43,56.86,1.37,0.89,21.88,1760,5.8,6.69,-13.4,9845,9314,10420,11129,0.25,واگرایی منفی RSI | عرضه حقوقی به حقیقی (-50 میلیارد تومان در ۲۰ روز) | 102٪ بالای MA200 | واگرایی منفی | حد ضرر دور (8.7٪)
والماس,س. الماس حکمت ایرانیان,سرمایه گذاریها,80.9,پرریسک؛ صفی/رشد عمودی,100,75,83.5,60,2903,20260923,1.2,31.5,72,28.9,13.2,28.2,79.6,71.1,9,1,true,59.6,3.12,above,-7.3,2.5,2135,,15.2,20.47,9.29,-41.55,10.1,462,6.28,8.73,-28,2812,2722,3175,3356,1.5,سهم صفی: 9 روز از ۲۰ روز در صف (ریسک نقدشوندگی و اجرای حد ضرر) | عرضه حقوقی به حقیقی (-24 میلیارد تومان در ۲۰ روز) | 80٪ بالای MA200 | صف فروش در ۵ روز اخیر
وپویا,سرمایه گذاری پویا,سرمایه گذاریها,80.6,قوی؛ نزدیک مقاومت، منتظر شکست یا پولبک,100,75,62.5,80,2657,20260923,5.9,15.5,51.4,8.3,6,23,55,66.7,2,0,false,43.9,3.55,above,-4.1,0.87,2434,2770,1.86,-2.56,35.02,23.15,7.41,654,4.06,8.73,-53.5,2563,2421,2770,2959,0.48,واگرایی منفی RSI | 55٪ بالای MA200 | واگرایی منفی | حد ضرر دور (8.9٪) | نقدشوندگی کمتر از ۱۰ میلیارد تومان
حتاید,تایدواترخاورمیانه,حمل ونقل، انبارداری و ارتباطات,80.5,قوی؛ نزدیک مقاومت، منتظر شکست یا پولبک,100,53,87.6,72,8610,20260923,-1.6,17,35.2,-7.9,4.2,10.3,41.3,59.2,4,0,false,28,3.63,above,-5.7,0.76,8190,9074,13.85,84.26,1.57,10.7,42.83,1376,6.26,19.33,-67.6,8298,8034,9074,9698,0.8,عرضه حقوقی به حقیقی (-80 میلیارد تومان در ۲۰ روز)
معین,بیمه ایران - معین,بیمه وصندوق بازنشستگی به جزتامین اجتماعی,80.4,پرریسک؛ صفی/رشد عمودی,100,75,61.5,80,3047,20260923,3.6,31.4,60.1,17.1,8,24.3,50.1,69.6,6,0,false,56.3,3.32,above,-2.7,0.71,2767,3130,-12.73,49.37,3.66,19.56,15.36,644,4.73,18.13,-73.9,2946,2794,3130,3332,0.33,سهم صفی: 6 روز از ۲۰ روز در صف (ریسک نقدشوندگی و اجرای حد ضرر) | عرضه حقوقی به حقیقی (-47 میلیارد تومان در ۲۰ روز) | 50٪ بالای MA200 | حد ضرر دور (8.3٪)
خکرمان,سرمایه گذاری آرمان گستر پاریز,خودرو و ساخت قطعات,80,پرریسک؛ صفی/رشد عمودی,100,70,64,80,11440,20260923,7.3,17.9,105.7,62.7,12.9,43.6,117,81.1,3,0,true,56.1,3.65,above,-2.6,2.05,10205,,31.9,47.59,0.67,-123.82,29.78,4303,2.66,5.87,-54.7,11022,10395,12694,13530,1.2,اشباع خرید | رشد عمودی (106٪ در ۶۰ روز، 44٪ بالای MA50) | عرضه حقوقی به حقیقی (-49 میلیارد تومان در ۲۰ روز) | 117٪ بالای MA200 | سرانه خرید ضعیف (0.67) | حد ضرر دور (9.1٪)
البرز,بیمه البرز,بیمه وصندوق بازنشستگی به جزتامین اجتماعی,79.9,پرریسک؛ صفی/رشد عمودی,100,70,88.5,55,3174,20260923,14.7,50.7,60.1,17,19.4,43.4,64.9,87.9,9,0,true,62.3,2.99,above,0,0.68,2896,,32.1,160.92,7.13,41.43,28.46,758,4.19,4.59,-8.8,3079,2937,3459,3649,1.2,اشباع خرید | فاصله زیاد از MA20 | سهم صفی: 9 روز از ۲۰ روز در صف (ریسک نقدشوندگی و اجرای حد ضرر) | رشد عمودی (60٪ در ۶۰ روز، 43٪ بالای MA50) | عرضه حقوقی به حقیقی (-142 میلیارد تومان در ۲۰ روز) | 65٪ بالای MA200 | حد ضرر دور (7.5٪) | شناوری کم (13٪)
دی,بانک دی,بانکها و موسسات اعتباری,79.4,پرریسک؛ صفی/رشد عمودی,100,85,79.5,50,1736,20260923,7,18.1,65.6,22.6,15.9,34.9,89.6,78.2,9,0,true,28.6,3.04,above,0,0.85,1525,,11.8,37.41,5.55,316.78,146.45,414,4.19,,,1683,1631,1894,2000,1.5,اشباع خرید | فاصله زیاد از MA20 | سهم صفی: 9 روز از ۲۰ روز در صف (ریسک نقدشوندگی و اجرای حد ضرر) | رشد عمودی (66٪ در ۶۰ روز، 35٪ بالای MA50) | عرضه حقوقی به حقیقی (-23 میلیارد تومان در ۲۰ روز) | 90٪ بالای MA200
قپیرا,فرآورده‌های‌غدایی‌وقندپیرانشهر,قند و شکر,79.4,پرریسک؛ صفی/رشد عمودی,100,60,99.5,50,24830,20260923,8.3,49.9,73.5,30.5,21.2,42.6,102.1,83.9,6,0,true,55.3,2.83,above,0,1.52,18820,,3.42,26.97,2.23,5.76,4.26,2920,8.5,9.8,-13.2,24127,23424,26939,28345,1.5,اشباع خرید | فاصله زیاد از MA20 | سهم صفی: 6 روز از ۲۰ روز در صف (ریسک نقدشوندگی و اجرای حد ضرر) | رشد عمودی (74٪ در ۶۰ روز، 43٪ بالای MA50) | عرضه حقوقی به حقیقی (-27 میلیارد تومان در ۲۰ روز) | 102٪ بالای MA200 | نقدشوندگی کمتر از ۱۰ میلیارد تومان
شغدیر,پتروشیمی غدیر,محصولات شیمیایی,78.7,پرریسک؛ صفی/رشد عمودی,100,75,62.6,72,80160,20260923,7.4,12.2,235.8,192.8,7.5,32.8,109.4,69.6,1,0,false,64.9,3.35,above,-2.5,1.15,78430,,91.12,113.96,1.22,-7.43,81.03,12273,6.53,9.63,-32.2,78430,77089,88206,93570,2.62,واگرایی منفی RSI | رشد عمودی (236٪ در ۶۰ روز، 33٪ بالای MA50) | عرضه حقوقی به حقیقی (-123 میلیارد تومان در ۲۰ روز) | 109٪ بالای MA200 | واگرایی منفی
آسیا,بیمه آسیا,بیمه وصندوق بازنشستگی به جزتامین اجتماعی,78.6,قوی ولی پرریسک؛ فعلاً ورود نه,70,65,88.5,90,3730,20260923,-5.6,3,56.7,13.6,-4.5,8.8,80.9,50.7,2,1,false,35.5,3.97,above,-10.8,0.8,3540,4170,17.68,56.27,1.58,21.53,22.33,1869,2,4.59,-56.5,3582,3466,4170,4466,1.67,عرضه حقوقی به حقیقی (-56 میلیارد تومان در ۲۰ روز) | 81٪ بالای MA200 | حد ضرر دور (7.1٪) | شناوری کم (14٪) | صف فروش در ۵ روز اخیر
فجر,فولاد امیرکبیرکاشان,فلزات اساسی,78.4,پرریسک؛ صفی/رشد عمودی,100,65,59.8,82,6960,20260923,-6.8,28.7,116.6,73.6,4.2,28,129.2,63.8,11,1,false,66.3,3.48,above,-10.8,0.8,5190,7800,16.93,-2.41,1.49,0.02,48.4,1065,6.54,13.48,-51.5,6718,6475,7800,8285,1.73,سهم صفی: 11 روز از ۲۰ روز در صف (ریسک نقدشوندگی و اجرای حد ضرر) | رشد عمودی (117٪ در ۶۰ روز، 28٪ بالای MA50) | 129٪ بالای MA200 | صف فروش در ۵ روز اخیر
کویر,تولیدی فولاد سپید فراب کویر,فلزات اساسی,78.4,پرریسک؛ صفی/رشد عمودی,100,60,83.5,62,2649,20260923,6.9,37.5,69.3,26.3,18.8,42.7,83.5,82.4,12,1,true,57,2.79,above,-5,2.41,1983,,20.69,158.54,2.49,-80.66,66.38,292,9.07,13.48,-32.7,2575,2501,2871,3018,1.5,اشباع خرید | فاصله زیاد از MA20 | سهم صفی: 12 روز از ۲۰ روز در صف (ریسک نقدشوندگی و اجرای حد ضرر) | رشد عمودی (69٪ در ۶۰ روز، 43٪ بالای MA50) | عرضه حقوقی به حقیقی (-159 میلیارد تومان در ۲۰ روز) | 84٪ بالای MA200 | شناوری کم (10٪) | صف فروش در ۵ روز اخیر
بتهران,بیمه اتکایی تهران رواک,بیمه وصندوق بازنشستگی به جزتامین اجتماعی,78.3,پرریسک؛ صفی/رشد عمودی,100,70,75,62,8830,20260923,21,46,241.7,198.7,22.6,54.5,,87.9,7,0,true,78.7,2.99,above,-0.7,0.69,7710,,7.16,23.53,3.01,-11.57,13.65,956,9.24,18.13,-49.1,8566,8302,9621,10149,1.5,واگرایی منفی RSI | اشباع خرید | فاصله زیاد از MA20 | سهم صفی: 7 روز از ۲۰ روز در صف (ریسک نقدشوندگی و اجرای حد ضرر) | رشد عمودی (242٪ در ۶۰ روز، 55٪ بالای MA50) | عرضه حقوقی به حقیقی (-23 میلیارد تومان در ۲۰ روز) | 355٪ بالای کف ۵۲ هفته | واگرایی منفی
فغدیر,آهن و فولاد غدیر ایرانیان,فلزات اساسی,78.3,پرریسک؛ صفی/رشد عمودی,100,70,90,47,7510,20260923,15.5,77.1,110.6,67.5,29.5,61.8,89.8,95.5,20,0,true,63.6,2.23,above,0,0.55,5056,,27.51,210.21,3.89,28.41,12.81,974,7.71,8.05,-4.2,7342,7175,8013,8348,1.5,واگرایی منفی RSI | اشباع خرید | فاصله زیاد از MA20 | سهم صفی: 20 روز از ۲۰ روز در صف (ریسک نقدشوندگی و اجرای حد ضرر) | رشد عمودی (111٪ در ۶۰ روز، 62٪ بالای MA50) | عرضه حقوقی به حقیقی (-207 میلیارد تومان در ۲۰ روز) | 90٪ بالای MA200 | واگرایی منفی
مارون,پتروشیمی مارون,محصولات شیمیایی,78.3,پرریسک؛ صفی/رشد عمودی,100,70,90,47,26930,20260923,15.8,49.8,59.9,16.9,27.5,40.9,44,90.4,12,0,true,50.8,2.45,above,0,0.47,23679,,57.3,408.24,6.61,54.61,25.95,3493,7.71,8.01,-3.7,26271,25613,28906,30223,1.5,اشباع خرید | فاصله زیاد از MA20 | سهم صفی: 12 روز از ۲۰ روز در صف (ریسک نقدشوندگی و اجرای حد ضرر) | رشد عمودی (60٪ در ۶۰ روز، 41٪ بالای MA50) | عرضه حقوقی به حقیقی (-405 میلیارد تومان در ۲۰ روز)
وامین,سرمایه گذاری امین مهرگان,سرمایه گذاریها,78.1,پرریسک؛ صفی/رشد عمودی,100,70,99.5,37,6400,20260923,12.9,57.5,98.1,55.1,25.7,56.7,77.4,93.2,9,0,true,63.5,2.6,above,0,1.71,4458,,12.1,46.63,9.15,23.81,7.04,785,8.15,8.73,-6.6,6234,6067,6899,7232,1.5,اشباع خرید | فاصله زیاد از MA20 | سهم صفی: 9 روز از ۲۰ روز در صف (ریسک نقدشوندگی و اجرای حد ضرر) | رشد عمودی (98٪ در ۶۰ روز، 57٪ بالای MA50) | عرضه حقوقی به حقیقی (-44 میلیارد تومان در ۲۰ روز) | 77٪ بالای MA200 | نقدشوندگی کمتر از ۱۰ میلیارد تومان
وفتخار,سرمایه گذاری افتخار سهام,سرمایه گذاریها,77.9,پرریسک؛ صفی/رشد عمودی,100,75,81.5,50,1989,20260923,3.4,25.4,67.6,24.5,13.3,27.4,32.8,77.2,7,0,true,47.3,3.43,above,-4.3,2,1910,2041,0.37,5.28,3.96,-12.32,4.92,531,3.75,,,1921,1876,2041,2177,0.46,سهم صفی: 7 روز از ۲۰ روز در صف (ریسک نقدشوندگی و اجرای حد ضرر) | عرضه حقوقی به حقیقی (-5 میلیارد تومان در ۲۰ روز) | نقدشوندگی کمتر از ۱۰ میلیارد تومان
ثجنوب,سرمایه گذاری مسکن جنوب,انبوه سازی، املاک و مستغلات,77.8,قوی؛ نزدیک مقاومت، منتظر شکست یا پولبک,100,70,55.3,80,18590,20260923,-1.2,4.1,19,-24,3.4,8.3,57.5,56.6,1,0,true,26.7,3.83,above,-6.8,1.46,18345,18950,15.71,66.38,0.87,-25,21.25,6363,2.92,23.59,-87.6,18345,17989,18950,19940,0.6,عرضه حقوقی به حقیقی (-67 میلیارد تومان در ۲۰ روز) | 58٪ بالای MA200
وپارس,بانک‌پارسیان‌,بانکها و موسسات اعتباری,77.8,پرریسک؛ صفی/رشد عمودی,100,60,63,80,2377,20260923,3.4,50.3,111.8,68.7,16.4,49.2,118,84.4,7,0,true,78.1,3.19,above,0,1.04,2193,,-53.38,698.93,2.19,24.6,412.73,668,3.56,5.4,-34.1,2301,2187,2605,2756,1.2,اشباع خرید | فاصله زیاد از MA20 | سهم صفی: 7 روز از ۲۰ روز در صف (ریسک نقدشوندگی و اجرای حد ضرر) | رشد عمودی (112٪ در ۶۰ روز، 49٪ بالای MA50) | عرضه حقوقی به حقیقی (-478 میلیارد تومان در ۲۰ روز) | 118٪ بالای MA200 | حد ضرر دور (8.0٪)
دیران,ایران‌دارو,مواد و محصولات دارویی,77.3,پرریسک؛ صفی/رشد عمودی,100,65,77,60,17110,20260923,-3.2,22.2,196,153,2.2,38.2,176,64.8,14,3,false,75.9,2.85,above,-11.8,0.33,5920,19400,4.45,5.82,2.6,17.78,32.26,1532,11.17,12.91,-13.5,16622,16134,19400,20376,2.35,سهم صفی: 14 روز از ۲۰ روز در صف (ریسک نقدشوندگی و اجرای حد ضرر) | رشد عمودی (196٪ در ۶۰ روز، 38٪ بالای MA50) | عرضه حقوقی به حقیقی (-3 میلیارد تومان در ۲۰ روز) | 176٪ بالای MA200 | صف فروش در ۵ روز اخیر
غمینو,شرکت صنایع غذایی مینو شرق,محصولات غذایی و آشامیدنی به جز قند و شکر,77,قوی؛ نزدیک مقاومت، منتظر شکست یا پولبک,100,90,69,47,8560,20260923,-4.8,4.4,56.5,13.4,2.4,6.7,91.9,55,2,0,true,32.1,4.16,above,-9.9,1.07,8410,8750,56.79,90.34,0.79,0.33,31.8,1231,6.95,7.05,-1.4,8410,8232,8750,9500,0.58,عرضه حقوقی به حقیقی (-92 میلیارد تومان در ۲۰ روز) | 92٪ بالای MA200 | سرانه خرید ضعیف (0.79)
نمرینو,ایران‌ مرینوس‌,منسوجات,77,قوی؛ نزدیک مقاومت، منتظر شکست یا پولبک,100,65,99,37,7880,20260923,6.8,22.7,25.1,-18,11.2,23.8,38.6,71.5,2,0,true,37.5,3.16,above,-7.4,1.67,7200,8054,3.26,5.51,1.87,6.09,3.6,953,8.27,7.72,7.1,7631,7258,8054,8509,0.28,واگرایی منفی RSI | عرضه حقوقی به حقیقی (-5 میلیارد تومان در ۲۰ روز) | واگرایی منفی | حد ضرر دور (7.9٪) | نقدشوندگی کمتر از ۱۰ میلیارد تومان
ثپهران,توسعه ساختمان سپهر تهران,انبوه سازی، املاک و مستغلات,76.5,قوی ولی پرشده؛ منتظر پولبک,100,50,99,47,4860,20260923,13.6,22.4,31.5,-11.5,17.2,27.9,,81.9,1,0,true,34,2.77,above,-0.2,1.54,4326,,29.18,18.13,10.15,107.78,15.6,721,6.74,6.61,2,4725,4590,5264,5534,1.5,واگرایی منفی RSI | اشباع خرید | فاصله زیاد از MA20 | عرضه حقوقی به حقیقی (-10 میلیارد تومان در ۲۰ روز) | واگرایی منفی | شناوری کم (11٪)
کگاز,شیشه‌ و گاز,سایر محصولات کانی غیرفلزی,76.5,قوی ولی پرریسک؛ فعلاً ورود نه,100,90,64,50,53460,20260923,0.9,16.1,44.8,1.8,8.4,25.1,65.3,65.7,4,0,true,47.8,3.44,above,-7.8,1.71,47264,,52.54,107.74,0.53,-45.55,16.62,5055,10.58,12.75,-17.1,51619,49778,58983,62665,1.5,عرضه حقوقی به حقیقی (-108 میلیارد تومان در ۲۰ روز) | 65٪ بالای MA200 | سرانه خرید ضعیف (0.53)
پی پاد,پرداخت الکترونیک پاسارگاد,رایانه و فعالیت‌های وابسته به آن,76.3,پرریسک؛ صفی/رشد عمودی,90,65,63,82,7340,20260923,-5,7.8,122.2,79.1,-3,25.8,94.3,59,8,1,false,59.2,3.63,above,-12.1,0.52,7190,8350,12.76,-26.3,7.65,42.72,37.73,1006,7.3,18.19,-59.9,7190,7057,8350,8882,3.57,سهم صفی: 8 روز از ۲۰ روز در صف (ریسک نقدشوندگی و اجرای حد ضرر) | رشد عمودی (122٪ در ۶۰ روز، 26٪ بالای MA50) | 94٪ بالای MA200 | شناوری کم (12٪) | صف فروش در ۵ روز اخیر
غمهرا,تولیدی‌مهرام‌,محصولات غذایی و آشامیدنی به جز قند و شکر,75.8,قوی ولی پرریسک؛ فعلاً ورود نه,100,90,54,57,20220,20260923,-5.5,13.9,53.9,10.8,4.4,10.6,82.3,58.4,3,0,true,33.1,3.75,above,-10.7,2.21,18850,22640,51.66,82.55,0.42,-66.86,22.4,2564,7.89,8.53,-7.5,19462,18471,22640,24155,1.38,عرضه حقوقی به حقیقی (-97 میلیارد تومان در ۲۰ روز) | 82٪ بالای MA200 | سرانه خرید ضعیف (0.42) | حد ضرر دور (8.6٪)
محتشم,نساجی هدیه البرز مشهد,منسوجات,75.8,پرریسک؛ صفی/رشد عمودی,100,75,99,24,16570,20260923,8.8,29.9,57.8,14.7,17.3,39.5,77.8,78.7,11,0,true,44.5,2.84,above,-0.1,2.41,13580,,36.76,132.67,2.08,203.74,53.42,1926,8.6,7.72,11.4,16100,15630,17980,18919,1.5,واگرایی منفی RSI | اشباع خرید | فاصله زیاد از MA20 | سهم صفی: 11 روز از ۲۰ روز در صف (ریسک نقدشوندگی و اجرای حد ضرر) | رشد عمودی (58٪ در ۶۰ روز، 40٪ بالای MA50) | عرضه حقوقی به حقیقی (-130 میلیارد تومان در ۲۰ روز) | 78٪ بالای MA200 | واگرایی منفی
قشهد,شهد,قند و شکر,75.5,پرریسک؛ صفی/رشد عمودی,100,70,89,37,4090,20260923,7.1,51.3,173.5,130.4,18.9,41.6,141.9,85.2,10,0,true,68.5,2.99,above,0,0.93,2908,,15.75,42.55,2,16.38,7.32,416,9.83,9.8,0.3,3968,3846,4456,4701,1.5,واگرایی منفی RSI | اشباع خرید | فاصله زیاد از MA20 | سهم صفی: 10 روز از ۲۰ روز در صف (ریسک نقدشوندگی و اجرای حد ضرر) | رشد عمودی (173٪ در ۶۰ روز، 42٪ بالای MA50) | عرضه حقوقی به حقیقی (-42 میلیارد تومان در ۲۰ روز) | 142٪ بالای MA200 | واگرایی منفی | نقدشوندگی کمتر از ۱۰ میلیارد تومان
پاسا,ایران‌یاساتایرورابر,لاستیک و پلاستیک,75.5,قوی؛ نزدیک مقاومت، منتظر شکست یا پولبک,100,65,57.8,72,10440,20260923,-3.3,13,57.7,14.6,1.6,22.9,71.9,63,1,0,false,51.1,3.81,above,-6.1,0.67,9910,10660,12.3,64.81,0.97,-9.49,31.04,2053,5.09,8.21,-38.1,10043,9711,10660,11120,0.3,واگرایی منفی RSI | عرضه حقوقی به حقیقی (-62 میلیارد تومان در ۲۰ روز) | 72٪ بالای MA200 | واگرایی منفی
سکرما,سیمان‌ کرمان‌,سیمان، آهک و گچ,75.4,قوی؛ نزدیک مقاومت، منتظر شکست یا پولبک,100,45,75.6,70,71010,20260923,-0.8,6,-9,-52,2.2,8.5,33.5,56.7,1,0,false,25.6,3.88,above,-18.2,0.73,68970,72500,7.25,26.77,1.06,1.37,7.35,11282,6.29,7.14,-11.8,68970,67593,72500,76360,0.44,عرضه حقوقی به حقیقی (-25 میلیارد تومان در ۲۰ روز) | نقدشوندگی کمتر از ۱۰ میلیارد تومان
ثامید,توسعه و عمران امید,انبوه سازی، املاک و مستغلات,75.4,قوی؛ نزدیک مقاومت، منتظر شکست یا پولبک,90,45,77.5,80,1811,20260923,-6.9,6.6,28,-15.1,-0.9,10.2,43.1,53.9,0,0,false,23.4,3.75,above,-9.5,1,1710,1836,15.45,12.07,4.28,48.32,15.54,547,3.31,6.61,-49.9,1743,1676,1836,2001,0.19,واگرایی منفی RSI | عرضه حقوقی به حقیقی (-12 میلیارد تومان در ۲۰ روز) | واگرایی منفی | حد ضرر دور (7.5٪) | شناوری کم (13٪)
داتام,گروه مالی داتام,سرمایه گذاریها,75.4,قوی؛ نزدیک مقاومت، منتظر شکست یا پولبک,90,45,77.5,80,3740,20260923,-3.1,12,15.9,-27.2,-0.6,12.9,42.7,56,2,1,false,37,3.72,above,-9.9,0.7,3534,3930,4.73,2.71,2.09,6.5,4.33,1405,2.66,7.13,-62.7,3601,3464,3930,4150,0.69,عرضه حقوقی به حقیقی (-3 میلیارد تومان در ۲۰ روز) | 198٪ بالای کف ۵۲ هفته | حد ضرر دور (7.4٪) | نقدشوندگی کمتر از ۱۰ میلیارد تومان | شناوری کم (5٪) | صف فروش در ۵ روز اخیر
فولاژ,فولاد آلیاژی ایران,فلزات اساسی,75.3,قوی؛ نزدیک مقاومت، منتظر شکست یا پولبک,100,75,71.4,50,6350,20260923,2.4,13.2,73.3,30.2,2.6,22.6,71.5,64.1,1,0,false,58,3.44,above,-6.9,0.6,4960,6820,19.37,31.28,0.97,4.43,25.12,541,11.74,13.48,-12.9,6132,5913,6820,7257,1.08,عرضه حقوقی به حقیقی (-22 میلیارد تومان در ۲۰ روز) | 72٪ بالای MA200
شجم,صنایع پتروشیمی تخت جمشید,محصولات شیمیایی,75.1,قوی؛ نزدیک مقاومت، منتظر شکست یا پولبک,100,45,72.5,72,10590,20260923,3.7,16.5,5.3,-37.8,3.4,17,20.1,61.5,0,0,false,31.5,3.63,above,-4.2,1.27,10345,10845,3.81,-8.15,1.67,10.86,11.15,1969,5.38,8.01,-32.9,10345,10152,10845,11615,0.58,
کپرسپولیس,مجتمع کاشی و سنگ پرسپولیس یزد,کاشی و سرامیک,74.9,قوی ولی پرریسک؛ فعلاً ورود نه,100,88,72,37,8810,20260923,3.6,10.5,36.4,-6.7,5.1,16.5,,65,3,0,true,36.5,3.43,above,-4,1.25,8440,,-5.51,19.05,3.38,72.68,18.56,966,9.12,9.26,-1.5,8508,8289,9717,10321,1.74,واگرایی منفی RSI | عرضه حقوقی به حقیقی (-23 میلیارد تومان در ۲۰ روز) | واگرایی منفی
خیمن,ایمن خودرو شرق,خودرو و ساخت قطعات,74.8,قوی؛ نزدیک مقاومت، منتظر شکست یا پولبک,65,65,79,90,4930,20260923,4.2,-8,79.1,36.1,-1.4,6.3,49.1,54.8,2,0,false,27,3.84,above,-12.7,1.05,4597,5310,22.13,3.86,1.9,52.77,23.7,1533,3.22,5.87,-45.2,4741,4502,5310,5650,0.89,حد ضرر دور (8.7٪)
بزندگی,بیمه زندگی آگاه,بیمه وصندوق بازنشستگی به جزتامین اجتماعی,74.8,پرریسک؛ صفی/رشد عمودی,100,70,98,25,6220,20260923,15.6,34.3,121.7,78.6,21.2,44.3,129.3,93.3,4,0,true,75,2.42,above,0,1.73,4840,,27.85,28,84.13,30.95,3.37,328,18.96,,,6070,5919,6671,6972,1.5,اشباع خرید | فاصله زیاد از MA20 | رشد عمودی (122٪ در ۶۰ روز، 44٪ بالای MA50) | عرضه حقوقی به حقیقی (-26 میلیارد تومان در ۲۰ روز) | 129٪ بالای MA200 | نقدشوندگی کمتر از ۱۰ میلیارد تومان
فخاس,فولاد خراسان,فلزات اساسی,74.5,قوی؛ نزدیک مقاومت، منتظر شکست یا پولبک,100,65,64,62,3310,20260923,-3.8,17.5,53.3,10.2,3.6,23.5,62.3,63.3,4,0,false,50.2,3.58,above,-8.1,0.71,3047,3600,-1.66,62.04,7.15,5.06,22.8,363,9.12,13.48,-32.4,3191,3014,3600,3837,0.98,واگرایی منفی RSI | عرضه حقوقی به حقیقی (-60 میلیارد تومان در ۲۰ روز) | 62٪ بالای MA200 | واگرایی منفی | حد ضرر دور (9.0٪) | شناوری کم (4٪)
اسیاتک,انتقال داده های آسیاتک,اطلاعات و ارتباطات,74.3,قوی ولی پرریسک؛ فعلاً ورود نه,100,65,45.2,80,4230,20260923,-2.3,6,81,38,1.2,26.3,72.5,64.5,1,0,false,51,3.72,above,-5.6,0.56,4170,4470,5.37,9.75,0.87,-15.87,50.09,1000,4.23,7.97,-46.9,4170,4091,4470,4785,1.73,واگرایی منفی RSI | عرضه حقوقی به حقیقی (-5 میلیارد تومان در ۲۰ روز) | 72٪ بالای MA200 | واگرایی منفی
ورازی,بیمه رازی,بیمه وصندوق بازنشستگی به جزتامین اجتماعی,73.9,زیر نظر,100,70,99.5,20,1734,20260923,11.1,40,105.5,62.4,22.8,40.3,80.4,86.3,5,0,true,47.9,3.16,above,-3.5,1.74,1295,,8.65,21.16,1.87,17.74,6.33,18,96.33,,,1679,1625,1898,2008,1.5,اشباع خرید | فاصله زیاد از MA20 | رشد عمودی (105٪ در ۶۰ روز، 40٪ بالای MA50) | P/E بالا (96) | عرضه حقوقی به حقیقی (-23 میلیارد تومان در ۲۰ روز) | 80٪ بالای MA200 | نقدشوندگی کمتر از ۱۰ میلیارد تومان
خپویش,سازه‌ پویش‌,خودرو و ساخت قطعات,73.9,پرریسک؛ صفی/رشد عمودی,100,70,99.5,20,5010,20260923,11.6,39.2,75.4,32.3,21.1,44.3,70.4,88.8,9,0,true,56.7,2.78,above,0,1.44,4001,,11.67,26.39,9.8,23.45,6.86,196,25.56,,,4871,4731,5428,5707,1.5,اشباع خرید | فاصله زیاد از MA20 | سهم صفی: 9 روز از ۲۰ روز در صف (ریسک نقدشوندگی و اجرای حد ضرر) | رشد عمودی (75٪ در ۶۰ روز، 44٪ بالای MA50) | عرضه حقوقی به حقیقی (-25 میلیارد تومان در ۲۰ روز) | 70٪ بالای MA200 | نقدشوندگی کمتر از ۱۰ میلیارد تومان
چاپ,ص.چاپ وبسته بندی آسان قزوین,محصولات کاغذی,73.8,قوی ولی پرریسک؛ فعلاً ورود نه,90,65,63,72,19900,20260923,-2.7,10.7,75.6,32.6,-1.2,22,,58.6,4,0,false,53.7,3.64,above,-10.9,1.11,12690,22340,-11.45,67.01,4.22,63.62,33.1,2147,9.27,16.48,-43.8,19177,18453,22340,23787,1.69,عرضه حقوقی به حقیقی (-64 میلیارد تومان در ۲۰ روز) | 197٪ بالای کف ۵۲ هفته | حد ضرر دور (7.3٪)
سمگا,گروه سرمایه گذاری میراث فرهنگی,هتل و رستوران,73.1,قوی ولی پرریسک؛ فعلاً ورود نه,100,65,52.5,68,3950,20260923,0,7.6,44,0.9,3.5,15.6,52.5,61.6,2,0,false,30,3.37,above,-3.4,1.35,3890,,25.08,71.58,0.75,-54.03,47.01,1002,3.94,4.69,-15.9,3890,3823,4350,4616,3.16,عرضه حقوقی به حقیقی (-79 میلیارد تومان در ۲۰ روز) | 53٪ بالای MA200 | سرانه خرید ضعیف (0.75)
دتماد,تولیدمواداولیه‌داروپخش‌,مواد و محصولات دارویی,73.1,قوی ولی پرریسک؛ فعلاً ورود نه,85,75,70.2,60,54380,20260923,2.5,3.3,82.8,39.8,-2.3,11.1,113.8,55.4,2,0,false,37.5,3.63,above,-11.7,0.73,47090,61590,50.37,35.37,1.31,29.89,37.15,5718,9.51,12.91,-26.3,52408,50436,61590,65534,1.83,عرضه حقوقی به حقیقی (-28 میلیارد تومان در ۲۰ روز) | 114٪ بالای MA200 | حد ضرر دور (7.3٪)
نطرین,عطرین نخ قم,منسوجات,73,پرریسک؛ صفی/رشد عمودی,100,70,73,43,2467,20260923,12.8,31.3,60.2,17.1,21.9,32.2,92.4,85.6,14,0,true,34.2,2.77,above,0.3,0.98,2013,,1.17,13.84,13.81,-29.28,10.53,196,12.59,14.29,-11.9,2399,2330,2672,2808,1.5,اشباع خرید | فاصله زیاد از MA20 | سهم صفی: 14 روز از ۲۰ روز در صف (ریسک نقدشوندگی و اجرای حد ضرر) | رشد عمودی (60٪ در ۶۰ روز، 32٪ بالای MA50) | عرضه حقوقی به حقیقی (-16 میلیارد تومان در ۲۰ روز) | 92٪ بالای MA200
ثپردیس,سرمایه گذاری مسکن پردیس,انبوه سازی، املاک و مستغلات,72.8,زیر نظر,100,85,99,4,4970,20260923,6.9,24.9,75.6,32.6,11.6,28.7,69.2,73.8,4,1,true,64.2,3.3,above,-4.4,2.22,4370,,81.01,109.89,1.7,51.29,19.42,117,42.48,23.59,80.1,4806,4642,5461,5789,1.5,P/E بالا (42) | عرضه حقوقی به حقیقی (-110 میلیارد تومان در ۲۰ روز) | 69٪ بالای MA200 | صف فروش در ۵ روز اخیر
بازرگام,پست پیشگامان,اطلاعات و ارتباطات,72.6,پرریسک؛ صفی/رشد عمودی,100,70,89.5,25,5240,20260923,9.6,33.7,62.1,19,15.9,35.1,44.6,83.7,9,0,true,44.9,3.12,above,-7.4,1.23,5158,5339,36.31,125.82,1.22,22.58,25.99,341,15.37,,,5158,5076,5339,5660,0.61,اشباع خرید | فاصله زیاد از MA20 | سهم صفی: 9 روز از ۲۰ روز در صف (ریسک نقدشوندگی و اجرای حد ضرر) | رشد عمودی (62٪ در ۶۰ روز، 35٪ بالای MA50) | عرضه حقوقی به حقیقی (-122 میلیارد تومان در ۲۰ روز)
پترول,گ.س.وت.ص.پتروشیمی خلیج فارس,محصولات شیمیایی,72.5,قوی ولی پرریسک؛ فعلاً ورود نه,100,65,28,90,2488,20260923,-9.3,9.9,70.9,27.8,0.9,14,54.5,56.5,3,1,false,39.6,3.92,above,-11.9,0.72,2398,2825,-23.22,154.05,0.56,-72.41,73.68,710,3.5,9.63,-63.6,2398,2349,2825,3020,2.43,عرضه حقوقی به حقیقی (-150 میلیارد تومان در ۲۰ روز) | 55٪ بالای MA200 | سرانه خرید ضعیف (0.56) | صف فروش در ۵ روز اخیر
وساپا,سرمایه‌گذاری‌ سایپا,سرمایه گذاریها,72.4,قوی ولی پرریسک؛ فعلاً ورود نه,100,65,37.5,80,9520,20260923,1.5,22.4,59.6,16.6,5,28.3,69.7,67.8,3,0,false,45.5,3.74,above,-5.6,1.26,8870,,90.48,-5.82,0.82,-198.55,263.05,2887,3.3,7.13,-53.8,9163,8692,10590,11303,1.29,70٪ بالای MA200 | حد ضرر دور (8.7٪)
پکویر,کویر تایر,لاستیک و پلاستیک,72.3,پرریسک؛ صفی/رشد عمودی,100,70,53,60,3600,20260923,0,10.2,22.9,-20.1,1.9,12.7,20.4,57,6,2,true,21.9,3.49,above,-8.2,0.98,3519,3710,54.99,118.41,0.63,-29.78,41.03,544,6.62,8.21,-19.4,3519,3456,3710,3961,0.76,سهم صفی: 6 روز از ۲۰ روز در صف (ریسک نقدشوندگی و اجرای حد ضرر) | عرضه حقوقی به حقیقی (-119 میلیارد تومان در ۲۰ روز) | سرانه خرید ضعیف (0.63) | صف فروش در ۵ روز اخیر
شتوکا,توکا رنگ فولاد سپاهان,محصولات شیمیایی,72.3,پرریسک؛ صفی/رشد عمودی,100,60,74,47,11440,20260923,10.7,63.2,54,10.9,25.4,50.9,92.4,90.9,13,0,true,66.1,2.85,above,0,1.36,7760,,-0.9,77.97,9.83,20.75,13.36,1545,7.4,8.01,-7.6,11114,10788,12417,13069,1.5,اشباع خرید | فاصله زیاد از MA20 | سهم صفی: 13 روز از ۲۰ روز در صف (ریسک نقدشوندگی و اجرای حد ضرر) | رشد عمودی (54٪ در ۶۰ روز، 51٪ بالای MA50) | عرضه حقوقی به حقیقی (-76 میلیارد تومان در ۲۰ روز) | 92٪ بالای MA200
حآفرین,ریل پرداز نو آفرین,حمل ونقل، انبارداری و ارتباطات,72.1,پرریسک؛ صفی/رشد عمودی,100,65,26.5,90,2800,20260923,-11.8,27.1,66,22.9,0.2,29.6,85.5,58,15,3,false,62.7,3.6,above,-18.6,1.15,1834,3440,-40.26,169.66,0.45,-51.26,36.93,704,3.98,7.68,-48.2,2699,2598,3440,3642,3.17,سهم صفی: 15 روز از ۲۰ روز در صف (ریسک نقدشوندگی و اجرای حد ضرر) | عرضه حقوقی به حقیقی (-162 میلیارد تومان در ۲۰ روز) | 85٪ بالای MA200 | سرانه خرید ضعیف (0.45) | حد ضرر دور (7.2٪) | صف فروش در ۵ روز اخیر
دارو,کارخانجات‌داروپخش‌,مواد و محصولات دارویی,72,پرریسک؛ صفی/رشد عمودی,95,65,62,60,8330,20260923,4,-3.4,111.4,68.4,1.2,9.3,129,57.1,4,0,false,36.9,3.86,above,-11.4,0.62,7790,8850,41.24,-86.85,3.19,38.6,74.12,841,9.9,12.91,-23.3,8008,7629,8850,9400,0.74,خروج مستمر پول حقیقی | رشد عمودی (111٪ در ۶۰ روز، 9٪ بالای MA50) | 129٪ بالای MA200 | حد ضرر دور (8.4٪) | شناوری کم (13٪)
دلر,داروسازی‌ اکسیر,مواد و محصولات دارویی,71.6,پرریسک؛ صفی/رشد عمودی,95,75,62.5,50,25970,20260923,3.4,0.8,104.3,61.2,1.6,7.8,107,56.3,3,0,false,28.2,3.83,above,-8.3,0.65,23937,27595,66.63,-18.44,2.55,52.47,39.63,2845,9.13,12.91,-29.3,24974,23481,27595,28330,0.65,واگرایی منفی RSI | رشد عمودی (104٪ در ۶۰ روز، 8٪ بالای MA50) | 107٪ بالای MA200 | واگرایی منفی | حد ضرر دور (9.6٪)
شکلر,نیروکلر,محصولات شیمیایی,71.6,قوی ولی پرریسک؛ فعلاً ورود نه,100,75,46.5,60,29260,20260923,4.2,14.7,53,9.9,4.5,23.8,80.6,65,5,0,false,51.2,3.41,above,-5.9,0.78,28360,31080,0.45,-51.91,1.97,-0.6,28.63,3984,7.34,9.63,-23.7,28360,27860,31080,33078,1.3,خروج مستمر پول حقیقی | 81٪ بالای MA200
بهامرز,بیمه زندگی هامرز,بیمه وصندوق بازنشستگی به جزتامین اجتماعی,71.6,پرریسک؛ صفی/رشد عمودی,100,60,98.5,20,7210,20260923,7.9,59.5,128.8,85.8,22.5,56.5,133.8,93.9,13,0,true,71.8,2.8,above,0,1.21,3830,,3.07,24.96,2.24,4.11,3.04,253,28.5,,,7008,6807,7815,8219,1.5,اشباع خرید | فاصله زیاد از MA20 | سهم صفی: 13 روز از ۲۰ روز در صف (ریسک نقدشوندگی و اجرای حد ضرر) | رشد عمودی (129٪ در ۶۰ روز، 56٪ بالای MA50) | عرضه حقوقی به حقیقی (-24 میلیارد تومان در ۲۰ روز) | 134٪ بالای MA200 | نقدشوندگی کمتر از ۱۰ میلیارد تومان
سرچشمه,سرمایه گذاری مس سرچشمه,سرمایه گذاریها,71.5,پرریسک؛ صفی/رشد عمودی,100,60,58,60,8190,20260923,6,62.8,134.9,91.8,20.8,45.5,104.2,87,16,0,true,66.7,2.84,above,-1.8,2.79,5566,,-43.67,182.36,1.62,-173.77,61.43,1231,6.65,8.73,-23.8,7957,7725,8888,9354,1.5,اشباع خرید | فاصله زیاد از MA20 | سهم صفی: 16 روز از ۲۰ روز در صف (ریسک نقدشوندگی و اجرای حد ضرر) | رشد عمودی (135٪ در ۶۰ روز، 45٪ بالای MA50) | عرضه حقوقی به حقیقی (-198 میلیارد تومان در ۲۰ روز) | 104٪ بالای MA200
چکاوه,صنایع‌کاغذسازی‌کاوه‌,محصولات کاغذی,71.5,زیر نظر,100,70,100,10,13250,20260923,15.7,33.8,108.3,65.3,22.7,41.5,80.7,86.7,8,0,true,54.9,2.63,above,0,1.81,12250,,32.56,42.94,3.42,34.45,5.65,,,16.48,,12902,12380,14294,14990,1.2,اشباع خرید | فاصله زیاد از MA20 | بدون EPS مثبت | سهم صفی: 8 روز از ۲۰ روز در صف (ریسک نقدشوندگی و اجرای حد ضرر) | رشد عمودی (108٪ در ۶۰ روز، 42٪ بالای MA50) | عرضه حقوقی به حقیقی (-39 میلیارد تومان در ۲۰ روز) | 81٪ بالای MA200 | نقدشوندگی کمتر از ۱۰ میلیارد تومان
ثرود,سرمایه‌گذاری مسکن زاینده رود,انبوه سازی، املاک و مستغلات,71.4,قوی؛ نزدیک مقاومت، منتظر شکست یا پولبک,100,75,43.5,62,6620,20260923,-0.3,26.8,75.2,32.1,11.2,28.5,78.2,72.8,5,1,true,57.2,3.41,above,-3.1,1.61,5690,6830,1,3.48,0.75,-8.8,7.56,595,11.13,23.59,-52.8,6395,6169,6830,7281,0.47,عرضه حقوقی به حقیقی (-4 میلیارد تومان در ۲۰ روز) | 78٪ بالای MA200 | سرانه خرید ضعیف (0.75) | نقدشوندگی کمتر از ۱۰ میلیارد تومان | صف فروش در ۵ روز اخیر
تماوند,تامین سرمایه دماوند,فعالیتهای کمکی به نهادهای مالی واسط,71.3,قوی؛ نزدیک مقاومت، منتظر شکست یا پولبک,90,70,51,70,2366,20260923,-3.2,4.7,4.3,-38.8,1.3,7.9,7.5,54.8,1,0,true,26,4.14,above,-10.3,1.15,2323,2430,1.02,15.73,0.59,-7.87,5.64,337,7.02,9.46,-25.8,2323,2274,2430,2521,0.69,واگرایی منفی RSI | عرضه حقوقی به حقیقی (-19 میلیارد تومان در ۲۰ روز) | سرانه خرید ضعیف (0.59) | واگرایی منفی | نقدشوندگی کمتر از ۱۰ میلیارد تومان
سنوین,سرمایه گذاری اقتصاد نوین,سرمایه گذاریها,71.3,قوی ولی پرریسک؛ فعلاً ورود نه,100,100,83,42,3560,20260923,6.3,18.7,52.1,9.1,7.3,17.2,44.6,68.4,3,0,true,28,3.75,above,-2.7,1.49,3500,,3.48,5.1,4.73,-0.74,2.93,612,5.82,,,3500,3433,3961,4228,3.16,نقدشوندگی پایین | واگرایی منفی RSI | عرضه حقوقی به حقیقی (-5 میلیارد تومان در ۲۰ روز) | واگرایی منفی | نقدشوندگی کمتر از ۱۰ میلیارد تومان
خرینگ,رینگ‌سازی‌مشهد,خودرو و ساخت قطعات,71.2,پرریسک؛ صفی/رشد عمودی,100,85,64.9,32,17740,20260923,3.7,23,53.7,10.6,11.1,30.6,60.9,76.5,1,0,true,68.7,3.72,above,-3,1.4,15750,,1.16,-5.08,1.33,23.85,14.67,1668,10.64,,,17081,16422,19718,21036,1.5,رشد عمودی (54٪ در ۶۰ روز، 31٪ بالای MA50) | 61٪ بالای MA200 | حد ضرر دور (7.4٪)
شپدیس,پتروشیمی پردیس,محصولات شیمیایی,71.1,قوی؛ نزدیک مقاومت، منتظر شکست یا پولبک,100,70,38.5,70,13320,20260923,0.3,21.8,6.2,-36.8,5.5,15.6,27.2,61.6,0,0,true,43.5,3.56,above,-18.1,1.59,12854,14050,-70.4,1835.88,0.6,-1493.38,647.01,1879,7.09,9.63,-26.4,12854,12617,14050,14460,1.04,عرضه حقوقی به حقیقی (-1819 میلیارد تومان در ۲۰ روز) | 169٪ بالای کف ۵۲ هفته | سرانه خرید ضعیف (0.60)
فنورد,نوردوقطعات‌ فولادی‌,فلزات اساسی,71.1,قوی ولی پرریسک؛ فعلاً ورود نه,90,65,42.5,82,11840,20260923,-8.5,12.5,70.4,27.3,-0.1,24.2,124,60.3,2,0,false,65.2,4.2,above,-11.6,0.53,10800,13400,2.33,20.4,0.58,-25.03,26.24,1550,7.64,13.48,-43.3,11342,10596,13400,14395,1.25,واگرایی منفی RSI | عرضه حقوقی به حقیقی (-17 میلیارد تومان در ۲۰ روز) | 124٪ بالای MA200 | سرانه خرید ضعیف (0.58) | واگرایی منفی | حد ضرر دور (10.5٪)
کمینا,شیشه سازی مینا,سایر محصولات کانی غیرفلزی,71.1,زیر نظر,100,70,88.5,20,15390,20260923,15.1,41.6,119.8,76.7,17.7,40,100.5,82.8,6,0,true,62.7,3.02,above,0,0.56,13770,,2.69,16.68,7.36,7.08,4.76,259,59.42,,,14925,14460,16785,17715,1.5,اشباع خرید | فاصله زیاد از MA20 | سهم صفی: 6 روز از ۲۰ روز در صف (ریسک نقدشوندگی و اجرای حد ضرر) | رشد عمودی (120٪ در ۶۰ روز، 40٪ بالای MA50) | P/E بالا (59) | عرضه حقوقی به حقیقی (-17 میلیارد تومان در ۲۰ روز) | 101٪ بالای MA200 | نقدشوندگی کمتر از ۱۰ میلیارد تومان
اتکای,بیمه اتکایی ایرانیان,بیمه وصندوق بازنشستگی به جزتامین اجتماعی,70.9,پرریسک؛ صفی/رشد عمودی,100,70,35.7,72,3350,20260923,7.7,26.9,83.4,40.3,14.3,41.6,90.9,84.5,2,0,true,68.1,3.28,above,0,0.54,2936,,-13.31,17,1.09,-9.85,15.48,612,5.47,18.13,-69.8,3240,3130,3680,3899,1.5,اشباع خرید | رشد عمودی (83٪ در ۶۰ روز، 42٪ بالای MA50) | عرضه حقوقی به حقیقی (-16 میلیارد تومان در ۲۰ روز) | 91٪ بالای MA200
آریا,پلیمر آریا ساسول,محصولات شیمیایی,70.9,پرریسک؛ صفی/رشد عمودی,100,50,99.5,24,45800,20260923,12.7,44.7,32.9,-10.1,23,42.7,48.8,91.5,4,0,true,51.1,3.04,above,0,2.28,42434,,248.46,360.85,9.5,295.26,57.3,4878,9.39,8.01,17.2,44406,42315,49983,52771,1.2,اشباع خرید | فاصله زیاد از MA20 | رشد عمودی (33٪ در ۶۰ روز، 43٪ بالای MA50) | عرضه حقوقی به حقیقی (-331 میلیارد تومان در ۲۰ روز) | حد ضرر دور (7.6٪)
نخریس,نخریسی و نساجی خسروی خراسان,منسوجات,70.9,پرریسک؛ صفی/رشد عمودی,100,75,53.5,50,23500,20260923,5.5,26.5,94.6,51.5,14.1,36.6,85.4,79.6,1,0,true,48.7,3.28,above,-0.3,0.98,20700,,-3.4,2.4,5.47,21.77,10.38,2027,11.59,14.29,-18.9,22729,21959,25812,27353,1.5,واگرایی منفی RSI | اشباع خرید | رشد عمودی (95٪ در ۶۰ روز، 37٪ بالای MA50) | 85٪ بالای MA200 | واگرایی منفی
نیان,نیان الکترونیک,تولید محصولات کامپیوتری الکترونیکی ونوری,70.9,قوی؛ نزدیک مقاومت، منتظر شکست یا پولبک,85,65,37.5,92,3510,20260923,-2,-9.3,53.1,10,-2.1,9.4,19.2,53,3,0,false,27.7,3.64,above,-29.4,0.45,3402,3696,-4.5,-59.43,2.26,4.14,15.98,678,5.18,7.98,-35.1,3402,3338,3696,3770,1.08,واگرایی منفی RSI | خروج مستمر پول حقیقی | واگرایی منفی
ولکار,لیزینگ کارآفرین,سایر واسطه گریهای مالی,70.9,قوی ولی پرریسک؛ فعلاً ورود نه,85,30,87.5,70,5050,20260923,-1.6,-8.7,24.5,-18.6,-4.4,5.3,45.9,47.7,1,0,false,26.7,4.17,above,-12.9,0.56,4840,5650,4.47,9.28,4.96,13.74,7.38,641,7.88,9.94,-20.7,4840,4735,5650,5785,1.9,عرضه حقوقی به حقیقی (-9 میلیارد تومان در ۲۰ روز) | نقدشوندگی کمتر از ۱۰ میلیارد تومان
پاکشو,گروه صنعتی پاکشو,محصولات شیمیایی,70.8,قوی؛ نزدیک مقاومت، منتظر شکست یا پولبک,100,65,87,24,11820,20260923,-5.9,3.5,71.6,28.5,1.2,13.5,91.3,57.2,5,0,false,32.4,3.87,above,-7.7,0.94,11060,12400,16.89,29.92,2.09,15.89,12.28,1090,10.84,9.63,12.6,11362,10831,12400,12800,0.59,واگرایی منفی RSI | 91٪ بالای MA200 | واگرایی منفی | حد ضرر دور (8.4٪) | شناوری کم (10٪)
مهرمام,مهرمام میهن,سلامت انسان و مددکاری اجتماعی,70.6,پرریسک؛ صفی/رشد عمودی,100,78,63,37,4150,20260923,-0.5,31.7,35.1,-8,10,22.1,48.3,69.5,8,1,true,50.5,3.35,above,-8.2,1.35,3523,,-13.53,50.28,4.18,70.22,26.25,403,10.3,10.3,0,4011,3872,4567,4844,1.5,سهم صفی: 8 روز از ۲۰ روز در صف (ریسک نقدشوندگی و اجرای حد ضرر) | عرضه حقوقی به حقیقی (-53 میلیارد تومان در ۲۰ روز) | صف فروش در ۵ روز اخیر
زفجر,کشاورزی و دامپروری فجر اصفهان,زراعت و خدمات وابسته,70.5,قوی؛ نزدیک مقاومت، منتظر شکست یا پولبک,88,75,56.3,60,49990,20260923,0.8,8.2,55.8,12.8,0.8,6.8,81.8,55.5,0,0,false,18.7,3.53,above,-6.3,0.56,46703,51750,-5.89,29.67,1.33,5.22,15.53,7903,6.33,8.07,-21.6,48227,45821,51750,53370,0.42,واگرایی منفی RSI | عرضه حقوقی به حقیقی (-29 میلیارد تومان در ۲۰ روز) | 82٪ بالای MA200 | واگرایی منفی | حد ضرر دور (8.3٪)
فنر,پارس فنر,خودرو و ساخت قطعات,70.1,پرریسک؛ صفی/رشد عمودی,100,70,88.5,16,7080,20260923,7.8,19.4,108.2,65.1,10.6,31.9,102.5,81.6,3,0,true,52.8,3.65,above,0,0.58,6690,,0.7,12.24,4.15,24.94,11.71,636,11.13,5.87,89.6,6822,6561,7855,8372,1.49,اشباع خرید | رشد عمودی (108٪ در ۶۰ روز، 32٪ بالای MA50) | عرضه حقوقی به حقیقی (-12 میلیارد تومان در ۲۰ روز) | 103٪ بالای MA200 | حد ضرر دور (7.3٪)
ولملت,واسپاری ملت,سایر واسطه گریهای مالی,70,زیر نظر,100,70,100,4,24810,20260923,15.8,44.5,189.5,146.4,25.1,42.4,188.1,86.2,13,0,true,45.8,2.53,above,0,1.44,19090,,20.9,31.44,1.64,22.47,18.2,824,30.11,9.94,202.9,24183,23555,26692,27947,1.5,واگرایی منفی RSI | اشباع خرید | فاصله زیاد از MA20 | سهم صفی: 13 روز از ۲۰ روز در صف (ریسک نقدشوندگی و اجرای حد ضرر) | رشد عمودی (189٪ در ۶۰ روز، 42٪ بالای MA50) | P/E بالا (30) | عرضه حقوقی به حقیقی (-29 میلیارد تومان در ۲۰ روز) | 188٪ بالای MA200 | واگرایی منفی
زنگان,صنعت روی زنگان,فلزات اساسی,70,پرریسک؛ صفی/رشد عمودی,100,70,100,4,9150,20260923,15.2,32.6,78.3,35.2,21.4,35.6,81.2,85.5,10,0,true,45.4,2.91,above,0,1.24,7490,,9.36,12.32,5.92,30.94,6.25,403,22.7,8.05,182,8884,8617,9949,10481,1.5,اشباع خرید | فاصله زیاد از MA20 | سهم صفی: 10 روز از ۲۰ روز در صف (ریسک نقدشوندگی و اجرای حد ضرر) | رشد عمودی (78٪ در ۶۰ روز، 36٪ بالای MA50) | عرضه حقوقی به حقیقی (-12 میلیارد تومان در ۲۰ روز) | 81٪ بالای MA200 | نقدشوندگی کمتر از ۱۰ میلیارد تومان
رایا,بیمه اتکایی رایا,بیمه وصندوق بازنشستگی به جزتامین اجتماعی,69.8,زیر نظر,100,85,41.3,50,5610,20260923,9.6,17.1,198,154.9,13.4,31.8,,79,2,0,true,62.5,3.02,above,0,0.68,5040,,8.74,-25.63,1.33,-1.95,11.15,1471,3.81,,,5440,5271,6119,6458,1.5,واگرایی منفی RSI | اشباع خرید | خروج مستمر پول حقیقی | رشد عمودی (198٪ در ۶۰ روز، 32٪ بالای MA50) | 483٪ بالای کف ۵۲ هفته | واگرایی منفی
واعتبار,سرمایه گذاری اعتبار ایران,سرمایه گذاریها,69.8,زیر نظر,100,70,23,80,3650,20260923,10.2,41.4,86.8,43.7,18.1,47,106.7,89.8,2,0,true,75.4,2.8,above,-2.1,1,2404,,-1.4,-7.06,3.3,-1.17,3.84,827,4.41,7.13,-38.1,3548,3446,3957,4161,1.5,اشباع خرید | فاصله زیاد از MA20 | خروج مستمر پول حقیقی | رشد عمودی (87٪ در ۶۰ روز، 47٪ بالای MA50) | 107٪ بالای MA200 | نقدشوندگی کمتر از ۱۰ میلیارد تومان
نماد,گروه مالی نماد غدیر,سرمایه گذاریها,69.6,زیر نظر,100,53,36,80,4050,20260923,-2.2,14.4,35.9,-7.2,2.7,15.1,,60.4,1,0,false,37,3.74,above,-4.9,0.84,3927,4240,-9.03,-14.81,4.46,53.42,34.85,995,4.07,7.13,-42.9,3927,3851,4240,4543,0.96,شناوری کم (9٪)
ومدیر,گ.مدیریت ارزش سرمایه ص ب کشوری,سرمایه گذاریها,69.6,زیر نظر,100,53,36,80,2920,20260923,-7.2,11,38.7,-4.4,2.2,13.1,36.1,57.8,2,1,false,41.3,3.33,above,-9.6,0.9,2762,3229,-5.72,-9.12,1.92,2.24,4.26,904,3.23,7.13,-54.7,2823,2713,3229,3423,1.5,خروج مستمر پول حقیقی | حد ضرر دور (7.1٪) | نقدشوندگی کمتر از ۱۰ میلیارد تومان | صف فروش در ۵ روز اخیر
فتوسا,تولید و توسعه سرب روی ایرانیان,فلزات اساسی,69.5,زیر نظر,100,65,26.2,80,6660,20260923,-8,19.1,102.5,59.4,6,22.2,98.8,63.5,9,1,false,54.6,3.2,above,-9.4,1.12,5805,7350,-18.85,5.22,1.11,-8.89,15.54,1389,4.79,8.05,-40.4,6447,6233,7350,7777,1.62,سهم صفی: 9 روز از ۲۰ روز در صف (ریسک نقدشوندگی و اجرای حد ضرر) | رشد عمودی (103٪ در ۶۰ روز، 22٪ بالای MA50) | 99٪ بالای MA200 | صف فروش در ۵ روز اخیر
خریخت,صنایع‌ریخته‌گری‌ایران‌,خودرو و ساخت قطعات,69.5,زیر نظر,100,60,78.1,32,1647,20260923,10,44.9,72.6,29.5,19.3,35.9,67.7,87.3,5,0,true,50.2,3.09,above,-1.1,1.41,1229,,5.7,11.51,1.35,-5.03,5.46,185,8.9,,,1596,1545,1800,1901,1.5,واگرایی منفی RSI | اشباع خرید | فاصله زیاد از MA20 | رشد عمودی (73٪ در ۶۰ روز، 36٪ بالای MA50) | عرضه حقوقی به حقیقی (-11 میلیارد تومان در ۲۰ روز) | 68٪ بالای MA200 | واگرایی منفی | نقدشوندگی کمتر از ۱۰ میلیارد تومان
پسهند,صنایع‌ لاستیکی‌  سهند,لاستیک و پلاستیک,69.5,زیر نظر,100,63,88.4,19,24560,20260923,8.8,11,39.8,-3.3,7.3,21.9,30.6,69.1,1,0,false,33.9,3.53,above,-11.7,1.11,24110,26352,9.22,14.63,1.58,4.5,6.35,1468,16.73,8.21,103.8,24110,23676,26352,27815,2.03,نقدشوندگی کمتر از ۱۰ میلیارد تومان
شلرد,کود شیمیایی اوره لردگان,محصولات شیمیایی,69.1,زیر نظر,100,60,98.5,10,3460,20260923,6.1,57.3,47.8,4.7,21,39.9,102.6,84.6,10,0,true,44.5,2.93,above,0,1.41,2729,,19.89,147.8,1.56,17.46,46.07,,,,,3359,3257,3764,3967,1.5,اشباع خرید | فاصله زیاد از MA20 | بدون EPS مثبت | سهم صفی: 10 روز از ۲۰ روز در صف (ریسک نقدشوندگی و اجرای حد ضرر) | رشد عمودی (48٪ در ۶۰ روز، 40٪ بالای MA50) | عرضه حقوقی به حقیقی (-143 میلیارد تومان در ۲۰ روز) | 103٪ بالای MA200 | واگرایی مثبت RSI
وسدید,گروه ‌صنعتی‌سدید,فلزات اساسی,69.1,زیر نظر,100,58,90,20,2317,20260923,15.8,61.6,34.2,-8.9,26.1,34.3,34.5,84.2,13,0,true,39.4,2.61,above,0,0.89,2244,,43.97,111.28,4.35,40.46,16.34,34,68.15,,,2256,2214,2499,2620,1.76,اشباع خرید | فاصله زیاد از MA20 | سهم صفی: 13 روز از ۲۰ روز در صف (ریسک نقدشوندگی و اجرای حد ضرر) | رشد عمودی (34٪ در ۶۰ روز، 34٪ بالای MA50) | P/E بالا (68) | عرضه حقوقی به حقیقی (-109 میلیارد تومان در ۲۰ روز) | واگرایی مثبت RSI
تپسی,پیشگامان فن آوری و دانش آرامیس,رایانه و فعالیت‌های وابسته به آن,69,زیر نظر,100,70,90,10,24540,20260923,6.1,26.4,100,56.9,11.5,31.3,44,99.5,20,0,true,93.3,1.02,above,0,0.8,22600,,16.47,73.27,6.32,16.34,5.22,,,8.89,,24291,24041,25288,25787,1.5,اشباع خرید | بدون EPS مثبت | سهم صفی: 20 روز از ۲۰ روز در صف (ریسک نقدشوندگی و اجرای حد ضرر) | رشد عمودی (100٪ در ۶۰ روز، 31٪ بالای MA50) | عرضه حقوقی به حقیقی (-71 میلیارد تومان در ۲۰ روز) | نقدشوندگی کمتر از ۱۰ میلیارد تومان
خصدرا,صنعتی‌ دریایی‌ ایران‌,پیمانکاری صنعتی,69,زیر نظر,75,70,88,42,2291,20260923,15.8,-4.6,-5.6,-48.6,3.8,14.7,-0.6,61,14,0,true,21.7,3.56,above,-24.2,0.41,2256,2374,9.14,8.56,18.92,13,7.19,191,11.99,,,2256,2215,2374,2518,1.09,واگرایی منفی RSI | سهم صفی: 14 روز از ۲۰ روز در صف (ریسک نقدشوندگی و اجرای حد ضرر) | عرضه حقوقی به حقیقی (-7 میلیارد تومان در ۲۰ روز) | واگرایی منفی | نقدشوندگی کمتر از ۱۰ میلیارد تومان
کیمیا,ص. معدنی کیمیای زنجان گستران,فلزات اساسی,69,زیر نظر,100,65,22,82,6180,20260923,-7.8,17.9,145,101.9,3.1,26,121.2,61.8,7,1,false,77.6,3.38,above,-11.7,0.91,5660,7000,-8.72,-3.85,5.98,-5.91,18.88,949,6.51,13.48,-51.7,5971,5658,7000,7418,1.57,سهم صفی: 7 روز از ۲۰ روز در صف (ریسک نقدشوندگی و اجرای حد ضرر) | رشد عمودی (145٪ در ۶۰ روز، 26٪ بالای MA50) | 121٪ بالای MA200 | حد ضرر دور (8.5٪) | صف فروش در ۵ روز اخیر
وآوا,سرمایه گذاری آوا نوین,سرمایه گذاریها,69,زیر نظر,100,60,99,9,4630,20260923,3.1,58.2,110.5,67.4,17.1,57.6,118.2,86,15,1,true,79.3,2.86,above,-5.9,2.35,2668,,13.61,38.04,1.75,41.71,9.95,370,12.51,8.73,43.3,4497,4365,5028,5293,1.5,اشباع خرید | فاصله زیاد از MA20 | سهم صفی: 15 روز از ۲۰ روز در صف (ریسک نقدشوندگی و اجرای حد ضرر) | رشد عمودی (110٪ در ۶۰ روز، 58٪ بالای MA50) | عرضه حقوقی به حقیقی (-38 میلیارد تومان در ۲۰ روز) | 118٪ بالای MA200 | نقدشوندگی کمتر از ۱۰ میلیارد تومان | صف فروش در ۵ روز اخیر
ثنور,سرمایه گذاری کوه نور,انبوه سازی، املاک و مستغلات,69,زیر نظر,100,75,76,20,7140,20260923,1.9,13.9,89,46,4.9,23.2,88.8,67.6,1,0,false,66.9,3.34,above,-5.3,0.91,6670,7540,0.26,1.86,1.85,5.72,3.18,26,274.62,,,6902,6551,7540,8016,0.68,واگرایی منفی RSI | P/E بالا (275) | عرضه حقوقی به حقیقی (-2 میلیارد تومان در ۲۰ روز) | 89٪ بالای MA200 | واگرایی منفی | حد ضرر دور (8.3٪) | نقدشوندگی کمتر از ۱۰ میلیارد تومان
فگستر,گسترش صنایع روی ایرانیان,فلزات اساسی,69,زیر نظر,100,65,33.9,70,10980,20260923,-8.9,34.1,184.3,141.3,4.5,30.9,171.6,64.6,13,3,false,71.8,2.93,above,-12.3,1.2,7790,12520,-5.61,23.03,0.87,36.55,27.92,1905,5.76,8.05,-28.4,10658,10336,12520,13164,2.39,سهم صفی: 13 روز از ۲۰ روز در صف (ریسک نقدشوندگی و اجرای حد ضرر) | رشد عمودی (184٪ در ۶۰ روز، 31٪ بالای MA50) | 172٪ بالای MA200 | صف فروش در ۵ روز اخیر
کخاک,صنایع‌خاک‌چینی‌ایران‌,سایر محصولات کانی غیرفلزی,68.8,زیر نظر,100,85,70.3,17,60170,20260923,5.5,30.5,73.8,30.7,12.3,30.8,113.6,76.3,3,0,true,61.9,3.42,above,0,0.92,58890,,13.42,94,1.51,-9.86,21.58,4037,14.9,12.75,16.9,58890,57863,66335,70444,2.67,رشد عمودی (74٪ در ۶۰ روز، 31٪ بالای MA50) | عرضه حقوقی به حقیقی (-92 میلیارد تومان در ۲۰ روز) | 114٪ بالای MA200
حسیر,ریل سیر کوثر,حمل ونقل، انبارداری و ارتباطات,68.8,زیر نظر,100,70,83,16,8260,20260923,7.6,18.5,61.2,18.1,13.1,32.5,90.1,80.5,2,0,true,61.6,3.36,above,-0.7,1.29,7360,,10.62,26.57,7.77,-3.33,18.73,758,10.9,7.68,41.9,7982,7705,9093,9648,1.5,واگرایی منفی RSI | اشباع خرید | رشد عمودی (61٪ در ۶۰ روز، 33٪ بالای MA50) | عرضه حقوقی به حقیقی (-23 میلیارد تومان در ۲۰ روز) | 90٪ بالای MA200 | واگرایی منفی
کمنگنز,معادن‌منگنزایران‌,استخراج کانه های فلزی,68.6,زیر نظر,100,75,22.5,72,9450,20260923,0.9,8.4,67.8,24.7,4.2,20.4,94.7,66.5,3,0,false,57.1,3.49,above,-2.9,0.8,8650,9730,-0.47,-18.31,3.98,-6.63,25.41,1317,7.18,13.76,-47.9,9120,8626,9730,10389,0.34,واگرایی منفی RSI | 95٪ بالای MA200 | واگرایی منفی | حد ضرر دور (8.7٪)
دحاوی,الحاوی,مواد و محصولات دارویی,68.6,زیر نظر,100,70,96.5,42,5140,20260923,12.2,39.7,187.1,144,18.3,49.3,146.7,99.6,20,0,true,94,2.31,above,-0.4,1.42,2354,,1.6,1.36,7.01,2.66,0.42,849,6.05,,,5021,4903,5496,5733,1.5,نقدشوندگی پایین | اشباع خرید | فاصله زیاد از MA20 | سهم صفی: 20 روز از ۲۰ روز در صف (ریسک نقدشوندگی و اجرای حد ضرر) | رشد عمودی (187٪ در ۶۰ روز، 49٪ بالای MA50) | عرضه حقوقی به حقیقی (-1 میلیارد تومان در ۲۰ روز) | 147٪ بالای MA200 | نقدشوندگی کمتر از ۱۰ میلیارد تومان
وثنو,سرمایه گذاری ساختمانی نوین,سرمایه گذاریها,68.5,زیر نظر,100,70,89.1,9,7220,20260923,14.1,47.3,121.7,78.7,21.2,45.2,122.8,87.5,10,0,true,70.2,2.8,above,0,1.48,6000,,27.56,32.89,1.22,4.76,11.36,540,13.37,8.73,53.2,7018,6815,7827,8232,1.5,واگرایی منفی RSI | اشباع خرید | فاصله زیاد از MA20 | سهم صفی: 10 روز از ۲۰ روز در صف (ریسک نقدشوندگی و اجرای حد ضرر) | رشد عمودی (122٪ در ۶۰ روز، 45٪ بالای MA50) | عرضه حقوقی به حقیقی (-32 میلیارد تومان در ۲۰ روز) | 123٪ بالای MA200 | واگرایی منفی
کایزد,فرانسوز یزد,سایر محصولات کانی غیرفلزی,68.5,زیر نظر,100,70,89,9,3620,20260923,14.8,57.9,104.6,61.5,27.3,61.3,81.6,95.6,10,0,true,78.2,2.46,above,0,1.19,2633,,2.82,22.51,2.29,17.93,10.61,263,13.76,10.33,33.2,3531,3442,3887,4065,1.5,اشباع خرید | فاصله زیاد از MA20 | سهم صفی: 10 روز از ۲۰ روز در صف (ریسک نقدشوندگی و اجرای حد ضرر) | رشد عمودی (105٪ در ۶۰ روز، 61٪ بالای MA50) | عرضه حقوقی به حقیقی (-21 میلیارد تومان در ۲۰ روز) | 82٪ بالای MA200
وخاور,بانک خاورمیانه,بانکها و موسسات اعتباری,68.5,زیر نظر,80,65,78.9,47,6190,20260923,-3.4,0.7,43.4,0.4,1,5.6,72.8,54.5,0,0,false,20.5,3.91,above,-6.9,0.86,6030,6320,35.44,108.95,1.22,20.32,67.25,1045,5.92,5.4,9.7,6030,5909,6320,6615,0.46,عرضه حقوقی به حقیقی (-115 میلیارد تومان در ۲۰ روز) | 73٪ بالای MA200
شفن,پتروشیمی فناوران,محصولات شیمیایی,68.4,زیر نظر,100,75,89.5,4,7440,20260923,3,27,100.4,57.4,14.8,35.8,57.3,79.3,3,0,true,60.7,3.08,above,0,0.93,6707,,13.97,129.26,1.64,39.98,31.93,284,26.2,9.63,172,7211,6981,8128,8586,1.5,اشباع خرید | رشد عمودی (100٪ در ۶۰ روز، 36٪ بالای MA50) | عرضه حقوقی به حقیقی (-122 میلیارد تومان در ۲۰ روز) | 57٪ بالای MA200
کسعدی,کاشی‌ سعدی‌,کاشی و سرامیک,68.4,زیر نظر,100,70,88.5,9,28440,20260923,15.8,79.4,224.7,181.6,30.2,63.5,201.5,95.7,16,0,true,72.5,2.32,above,0,0.73,16500,,6.82,44.12,2.3,21.22,12.15,1590,17.89,7.65,133.8,27780,27120,30420,31740,1.5,واگرایی منفی RSI | اشباع خرید | فاصله زیاد از MA20 | سهم صفی: 16 روز از ۲۰ روز در صف (ریسک نقدشوندگی و اجرای حد ضرر) | رشد عمودی (225٪ در ۶۰ روز، 63٪ بالای MA50) | عرضه حقوقی به حقیقی (-44 میلیارد تومان در ۲۰ روز) | 202٪ بالای MA200 | واگرایی منفی
فالوم,آلومتک,فلزات اساسی,68.4,زیر نظر,90,70,99.5,10,1540,20260923,15.5,62.4,48.6,5.5,27.2,42.1,35.8,89.7,14,0,true,40.4,2.49,above,-25.3,1.83,1433,1848,8.4,36.67,3.13,0.77,7.42,,,8.05,,1502,1444,1848,1988,3.22,اشباع خرید | فاصله زیاد از MA20 | بدون EPS مثبت | سهم صفی: 14 روز از ۲۰ روز در صف (ریسک نقدشوندگی و اجرای حد ضرر) | رشد عمودی (49٪ در ۶۰ روز، 42٪ بالای MA50) | عرضه حقوقی به حقیقی (-33 میلیارد تومان در ۲۰ روز) | نقدشوندگی کمتر از ۱۰ میلیارد تومان
داسوه,داروسازی‌ اسوه‌,مواد و محصولات دارویی,68.4,زیر نظر,90,65,86.5,27,91090,20260923,-3,4.4,160.5,117.4,-4.3,18,127.8,53.7,7,1,false,57.3,3.58,above,-16.5,0.58,84660,92270,15.56,20.76,4.37,9.06,14.66,6197,14.7,12.91,13.9,87829,83029,92270,109090,0.15,واگرایی منفی RSI | سهم صفی: 7 روز از ۲۰ روز در صف (ریسک نقدشوندگی و اجرای حد ضرر) | رشد عمودی (160٪ در ۶۰ روز، 18٪ بالای MA50) | عرضه حقوقی به حقیقی (-19 میلیارد تومان در ۲۰ روز) | 128٪ بالای MA200 | واگرایی منفی | حد ضرر دور (8.8٪) | شناوری کم (9٪) | صف فروش در ۵ روز اخیر
آواپارس,بیمه اتکایی آوای پارس,بیمه وصندوق بازنشستگی به جزتامین اجتماعی,68.4,زیر نظر,100,70,87.5,50,4370,20260923,9.5,37,110.6,67.5,16.6,41.2,127.9,97.3,20,0,true,84,2.38,above,-0.2,1.11,2583,,0.98,1.23,8.92,2.4,0.56,1471,2.97,,,4266,4162,4683,4891,1.5,نقدشوندگی پایین | واگرایی منفی RSI | اشباع خرید | فاصله زیاد از MA20 | سهم صفی: 20 روز از ۲۰ روز در صف (ریسک نقدشوندگی و اجرای حد ضرر) | رشد عمودی (111٪ در ۶۰ روز، 41٪ بالای MA50) | عرضه حقوقی به حقیقی (-1 میلیارد تومان در ۲۰ روز) | 128٪ بالای MA200 | واگرایی منفی | نقدشوندگی کمتر از ۱۰ میلیارد تومان
ممسنی,پتروشیمی ممسنی,محصولات شیمیایی,68.3,زیر نظر,100,70,87,10,13110,20260923,15.7,45.8,88.6,45.6,22.1,44.8,54.6,98.1,20,0,true,76.9,2.34,above,-14,0.15,12683,13490,2.06,61.06,4.59,2.17,3.9,,,,,12803,12530,13490,15250,0.66,اشباع خرید | فاصله زیاد از MA20 | بدون EPS مثبت | سهم صفی: 20 روز از ۲۰ روز در صف (ریسک نقدشوندگی و اجرای حد ضرر) | رشد عمودی (89٪ در ۶۰ روز، 45٪ بالای MA50) | عرضه حقوقی به حقیقی (-61 میلیارد تومان در ۲۰ روز) | 55٪ بالای MA200 | نقدشوندگی کمتر از ۱۰ میلیارد تومان | واگرایی مثبت RSI
ودی,بیمه  دی,بیمه وصندوق بازنشستگی به جزتامین اجتماعی,68.2,زیر نظر,100,63,30.3,72,6210,20260923,-0.3,6.7,35.6,-7.5,1.9,18.2,45.6,62.1,1,0,false,45.2,3.66,above,-3.1,0.69,5720,6410,-1.65,-7.58,1.39,1.77,3.51,1197,5.19,18.13,-71.4,5983,5642,6410,6864,0.35,خروج مستمر پول حقیقی | حد ضرر دور (9.1٪) | نقدشوندگی کمتر از ۱۰ میلیارد تومان
سمایه,بانک سرمایه,بانکها و موسسات اعتباری,68.1,زیر نظر,100,70,86.6,10,5230,20260923,4.6,19.1,10.1,-33,3.8,10,23,61.6,4,0,true,25.7,3.95,above,-6.6,2.54,5145,5400,0.31,1.12,1.54,9.96,3.2,,,,,5145,5042,5400,5510,0.9,واگرایی منفی RSI | بدون EPS مثبت | عرضه حقوقی به حقیقی (-1 میلیارد تومان در ۲۰ روز) | واگرایی منفی | نقدشوندگی کمتر از ۱۰ میلیارد تومان
دلقما,دارویی‌ لقمان‌,مواد و محصولات دارویی,68.1,زیر نظر,85,65,46.5,72,9450,20260923,0.6,-11.4,199.7,156.6,-1.9,18.6,169.8,56.2,4,1,false,44,4.06,above,-18.5,0.39,2774,9630,34.69,-139.01,7.97,-8.55,111.56,1109,8.52,12.91,-34,9067,8683,9630,10600,0.23,خروج مستمر پول حقیقی | رشد عمودی (200٪ در ۶۰ روز، 19٪ بالای MA50) | 170٪ بالای MA200 | حد ضرر دور (8.1٪) | صف فروش در ۵ روز اخیر
فرآور,فرآوری‌موادمعدنی‌ایران‌,فلزات اساسی,68.1,زیر نظر,100,58,89,17,7820,20260923,15.5,40.8,35.1,-7.9,25.7,38.6,48.4,86.6,13,0,true,36.7,2.52,above,0,0.96,7701,,42.76,173.42,5.22,39.99,10.79,456,17.15,13.48,27.2,7701,7602,8411,8805,2.71,واگرایی منفی RSI | اشباع خرید | فاصله زیاد از MA20 | سهم صفی: 13 روز از ۲۰ روز در صف (ریسک نقدشوندگی و اجرای حد ضرر) | رشد عمودی (35٪ در ۶۰ روز، 39٪ بالای MA50) | عرضه حقوقی به حقیقی (-173 میلیارد تومان در ۲۰ روز) | واگرایی منفی
ومشان,سرمایه گذاری مشانیر,سرمایه گذاریها,68,زیر نظر,100,73,73.5,20,31290,20260923,22.3,20.6,40.6,-2.4,18,26.3,91.7,79.8,5,0,true,30,3.55,above,0,0.65,26683,,3.19,12.73,3.33,-4.21,6.98,143,218.81,,,30181,29071,34618,36837,1.5,اشباع خرید | فاصله زیاد از MA20 | P/E بالا (219) | عرضه حقوقی به حقیقی (-13 میلیارد تومان در ۲۰ روز) | 92٪ بالای MA200 | حد ضرر دور (7.1٪) | نقدشوندگی کمتر از ۱۰ میلیارد تومان
داترا,آترا زیست آرای,مواد و محصولات دارویی,67.8,زیر نظر,100,65,37,62,6770,20260923,-3.4,1.8,47.3,4.2,1.1,15,,57.7,1,1,false,38.9,3.95,above,-7,0.61,6430,7015,-3.16,-19.77,1.64,24.84,34.69,777,8.71,12.91,-32.5,6503,6296,7015,7265,0.52,163٪ بالای کف ۵۲ هفته | صف فروش در ۵ روز اخیر
ولغدر,لیزینگ‌خودروغدیر,سایر واسطه گریهای مالی,67.8,زیر نظر,100,75,87,4,3800,20260923,3,23.4,68.3,25.2,6.8,29.2,55.3,69.6,2,0,false,63.5,3.45,above,-4,1.31,3480,3960,4,3.68,3.46,4.37,5.13,80,47.5,9.94,377.9,3669,3472,3960,4222,0.49,P/E بالا (48) | عرضه حقوقی به حقیقی (-4 میلیارد تومان در ۲۰ روز) | 55٪ بالای MA200 | حد ضرر دور (8.6٪) | نقدشوندگی کمتر از ۱۰ میلیارد تومان
غاذر,کشت‌وصنعت‌پیاذر,محصولات غذایی و آشامیدنی به جز قند و شکر,67.8,زیر نظر,90,65,77,34,30130,20260923,-0.7,12.3,96.6,53.5,-0.3,19.8,131.2,59.1,3,0,false,48.7,3.66,above,-13.2,0.45,23150,34700,6.38,39.02,2.42,10.61,48.27,3154,9.55,8.53,12,29027,27925,34700,36905,2.07,عرضه حقوقی به حقیقی (-38 میلیارد تومان در ۲۰ روز) | 131٪ بالای MA200 | حد ضرر دور (7.3٪)
چنوپا,نیوپان‌ 22 بهمن‌,محصولات چوبی,67.6,زیر نظر,75,80,76.5,40,17400,20260923,13.2,7.9,1.8,-41.2,8.2,14.6,-13.4,65.9,4,0,true,20.1,3.51,above,-47.6,1.15,16879,18660,9.06,1.89,1.98,4.93,11.16,620,28.06,,,16879,16574,18660,23762,1.52,عرضه حقوقی به حقیقی (-2 میلیارد تومان در ۲۰ روز)
آردینه,نشاسته و گلوکز آردینه,محصولات غذایی و آشامیدنی به جز قند و شکر,67.6,زیر نظر,70,65,77.4,57,32490,20260923,-7.3,2.6,46.4,3.3,-1.3,8.5,68.3,51.6,4,0,false,28,4.04,above,-12.1,0.54,31300,33080,0.5,18.75,1.58,4.37,29.32,4668,6.96,7.05,-1.3,31300,30644,33080,36980,0.32,عرضه حقوقی به حقیقی (-17 میلیارد تومان در ۲۰ روز) | 68٪ بالای MA200
سبزوا,سیمان لار سبزوار,سیمان، آهک و گچ,67.6,زیر نظر,100,60,98.3,4,12980,20260923,11.5,60,54.3,11.3,25,43.7,98.1,91.1,9,0,true,53.9,2.82,above,-0.1,2.33,9780,,5.15,33.73,1.57,71.41,16.3,615,21.11,6.69,215.5,12614,12249,14077,14808,1.5,اشباع خرید | فاصله زیاد از MA20 | سهم صفی: 9 روز از ۲۰ روز در صف (ریسک نقدشوندگی و اجرای حد ضرر) | رشد عمودی (54٪ در ۶۰ روز، 44٪ بالای MA50) | عرضه حقوقی به حقیقی (-32 میلیارد تومان در ۲۰ روز) | 98٪ بالای MA200
خبرنا,تولیدی برنا باطری,خودرو و ساخت قطعات,67.5,زیر نظر,100,55,80.1,26,8460,20260923,2.3,19.2,26.9,-16.2,2.9,19.8,32.1,62.7,3,0,false,39.6,3.49,above,-8,0.71,7454,9200,1.58,67.57,1.26,13.6,29.81,1058,8,5.87,36.2,8164,7869,9200,9791,1.25,عرضه حقوقی به حقیقی (-67 میلیارد تومان در ۲۰ روز)
درازی,پخش رازی,مواد و محصولات دارویی,67.5,زیر نظر,100,70,90,4,55540,20260923,15.9,78.6,368.9,325.9,30.2,87.2,233.2,99.8,19,0,true,95.4,2.17,above,0,0.51,16839,,9.03,19.24,2.92,13.32,7.38,2400,23.14,8.86,161.2,54337,53135,59148,61554,1.5,اشباع خرید | فاصله زیاد از MA20 | سهم صفی: 19 روز از ۲۰ روز در صف (ریسک نقدشوندگی و اجرای حد ضرر) | رشد عمودی (369٪ در ۶۰ روز، 87٪ بالای MA50) | عرضه حقوقی به حقیقی (-18 میلیارد تومان در ۲۰ روز) | 233٪ بالای MA200 | نقدشوندگی کمتر از ۱۰ میلیارد تومان
غگیلا,شیرپاستوریزه پگاه گیلان,محصولات غذایی و آشامیدنی به جز قند و شکر,67.4,زیر نظر,100,70,89.5,4,37340,20260923,15.8,55.2,111.8,68.7,26.2,55.1,125.9,94.3,8,0,true,76.2,2.65,above,0,0.56,24500,,6.04,14.2,11.63,11.62,3.74,1291,28.92,7.05,310.3,36349,35358,40313,42295,1.5,واگرایی منفی RSI | اشباع خرید | فاصله زیاد از MA20 | سهم صفی: 8 روز از ۲۰ روز در صف (ریسک نقدشوندگی و اجرای حد ضرر) | رشد عمودی (112٪ در ۶۰ روز، 55٪ بالای MA50) | عرضه حقوقی به حقیقی (-13 میلیارد تومان در ۲۰ روز) | 126٪ بالای MA200 | واگرایی منفی | نقدشوندگی کمتر از ۱۰ میلیارد تومان
توسن,توسعه سامانه ی نرم افزاری نگین,رایانه و فعالیت‌های وابسته به آن,67.3,زیر نظر,100,65,25.1,72,12020,20260923,2,15,128.5,85.4,1.1,17.9,145.2,61.1,2,0,false,56.4,3.78,above,-9.9,1.15,11480,13340,-20.54,-33.06,1.13,3.84,38.82,2242,5.36,8.89,-39.7,11566,11253,13340,14248,1.72,رشد عمودی (128٪ در ۶۰ روز، 18٪ بالای MA50) | 145٪ بالای MA200
عالیس,بهار رز عالیس چناران,محصولات غذایی و آشامیدنی به جز قند و شکر,67.3,زیر نظر,90,45,55,70,5900,20260923,-3.9,10.9,25.7,-17.4,-1.2,8.6,55.6,52.8,1,0,false,33.7,4.15,above,-11.3,1.15,5660,6650,75.67,263.56,0.59,-56.46,41.7,1000,5.9,7.05,-16.3,5660,5538,6650,7139,2.07,عرضه حقوقی به حقیقی (-258 میلیارد تومان در ۲۰ روز) | 56٪ بالای MA200 | سرانه خرید ضعیف (0.59)
درپاد,گروه صنعتی درپاد تبریز,فلزات اساسی,67.3,زیر نظر,100,70,89,4,4360,20260923,15.3,76.3,90.8,47.8,29.3,69.3,,97.1,16,0,true,72.9,2.22,above,0,0.34,3011,,18.59,44.22,439.36,19.77,8.57,24,181.67,8.05,2156.7,4263,4167,4650,4843,1.5,اشباع خرید | فاصله زیاد از MA20 | سهم صفی: 16 روز از ۲۰ روز در صف (ریسک نقدشوندگی و اجرای حد ضرر) | رشد عمودی (91٪ در ۶۰ روز، 69٪ بالای MA50) | P/E بالا (182) | عرضه حقوقی به حقیقی (-41 میلیارد تومان در ۲۰ روز) | نقدشوندگی کمتر از ۱۰ میلیارد تومان
وپخش,داروپخش‌ (هلدینگ‌,مواد و محصولات دارویی,67.2,زیر نظر,88,75,73,30,48610,20260923,2.7,0,44.7,1.7,3,6,78,57,4,0,false,19.9,3.81,above,-6.8,0.72,47836,51000,36.11,58.01,1.02,3.17,30.38,3800,12.79,12.91,-0.9,47836,46909,51000,52180,1.41,واگرایی منفی RSI | عرضه حقوقی به حقیقی (-54 میلیارد تومان در ۲۰ روز) | 78٪ بالای MA200 | واگرایی منفی | شناوری کم (11٪)
ونیکی,سرمایه‌گذاری‌ ملی‌ایران‌,شرکتهای چند رشته ای صنعتی,67.1,زیر نظر,100,75,28.5,60,5520,20260923,-1.1,30.6,51.8,8.7,10.2,28.8,62,70.4,9,0,true,48,3.16,above,-6,1.58,4745,,-2.47,48.31,0.48,-126.49,47.23,692,7.98,10.88,-26.7,5345,5171,6044,6393,1.5,سهم صفی: 9 روز از ۲۰ روز در صف (ریسک نقدشوندگی و اجرای حد ضرر) | عرضه حقوقی به حقیقی (-36 میلیارد تومان در ۲۰ روز) | 62٪ بالای MA200 | سرانه خرید ضعیف (0.48) | شناوری کم (13٪)
رتاپ,تجارت الکترونیک  پارسیان,رایانه و فعالیت‌های وابسته به آن,67.1,زیر نظر,100,100,13.4,55,9680,20260923,2.3,7.3,91.3,48.2,8.3,17.3,124.3,69.3,3,0,true,49.8,3.07,above,-1,0.81,9290,,-33.59,-111.96,1.29,-16.01,19.87,806,12.01,18.19,-34,9383,9141,10572,11167,1.66,خروج مستمر پول حقیقی | 124٪ بالای MA200
ارفع,شرکت آهن و فولاد ارفع,فلزات اساسی,67.1,زیر نظر,100,60,53.2,47,14560,20260923,9.7,46.4,96.1,53,23.1,35.5,153.3,87.1,11,0,true,49.9,2.85,above,-2.8,2.32,11212,,-47.95,182.11,1.39,-146.49,52.67,1926,7.56,8.05,-6.1,14145,13729,15806,16637,1.5,واگرایی منفی RSI | اشباع خرید | فاصله زیاد از MA20 | سهم صفی: 11 روز از ۲۰ روز در صف (ریسک نقدشوندگی و اجرای حد ضرر) | رشد عمودی (96٪ در ۶۰ روز، 36٪ بالای MA50) | عرضه حقوقی به حقیقی (-196 میلیارد تومان در ۲۰ روز) | 153٪ بالای MA200 | واگرایی منفی
بموتو,موتوژن‌,ماشین آلات و دستگاه‌های برقی,66.9,زیر نظر,90,38,72.4,57,3240,20260923,-2.4,8,33.2,-9.8,-5.1,9.4,49.4,49.3,1,0,false,41.8,4.32,above,-16.7,0.46,3080,3890,8.4,38.19,0.96,1.67,13.43,484,6.69,6.15,8.8,3100,3010,3890,4170,2.83,عرضه حقوقی به حقیقی (-38 میلیارد تومان در ۲۰ روز) | 153٪ بالای کف ۵۲ هفته | حد ضرر دور (7.1٪) | شناوری کم (14٪)
ثالوند,سرمایه گذاری مسکن الوند,انبوه سازی، املاک و مستغلات,66.9,زیر نظر,100,70,87.5,4,10310,20260923,15.7,73.3,122.8,79.8,28.9,70.1,122.3,96.6,13,0,true,79.1,2.3,above,0,0.66,6370,,13.62,23.13,3.14,22.64,9.17,230,44.83,23.59,90,10073,9836,11022,11496,1.5,اشباع خرید | فاصله زیاد از MA20 | سهم صفی: 13 روز از ۲۰ روز در صف (ریسک نقدشوندگی و اجرای حد ضرر) | رشد عمودی (123٪ در ۶۰ روز، 70٪ بالای MA50) | P/E بالا (45) | عرضه حقوقی به حقیقی (-23 میلیارد تومان در ۲۰ روز) | 122٪ بالای MA200 | نقدشوندگی کمتر از ۱۰ میلیارد تومان
وتوکا,سرمایه‌گذاری‌توکافولاد(هلدینگ,فلزات اساسی,66.8,زیر نظر,90,65,17,90,3460,20260923,-12.2,4.9,52.5,9.4,-4.3,19.7,41.9,52.6,4,1,false,50.9,3.65,above,-13.7,0.34,3290,3520,-27.57,34.76,0.44,-34.63,58.17,724,4.78,13.48,-64.5,3334,3227,3520,3590,0.26,واگرایی منفی RSI | عرضه حقوقی به حقیقی (-40 میلیارد تومان در ۲۰ روز) | سرانه خرید ضعیف (0.44) | واگرایی منفی | صف فروش در ۵ روز اخیر
قچار,فراوردههای غذایی وقند چهارمحال,قند و شکر,66.7,زیر نظر,100,75,50,37,5730,20260923,0.9,10.2,78.4,35.3,9.2,25.8,89.7,72.8,3,0,true,60.5,3.55,above,-2.1,0.99,5450,5850,2.12,10.07,1.06,-10.23,36.54,655,8.75,9.57,-8.6,5527,5348,5850,6257,0.31,عرضه حقوقی به حقیقی (-10 میلیارد تومان در ۲۰ روز) | 90٪ بالای MA200
لبوتان,گروه‌صنعتی‌بوتان‌,ماشین آلات و تجهیزات,66.4,زیر نظر,85,55,72.6,47,4330,20260923,0.2,0.7,25.9,-17.2,-0.3,7.6,41.4,55.4,1,0,false,36.3,3.9,above,-7.1,0.68,4165,4450,1.98,53.55,0.94,1.95,9.08,849,5.1,5.15,-1,4165,4081,4450,4580,0.48,عرضه حقوقی به حقیقی (-53 میلیارد تومان در ۲۰ روز) | نقدشوندگی کمتر از ۱۰ میلیارد تومان
تیپیکو,سرمایه گذاری دارویی تامین,مواد و محصولات دارویی,66,زیر نظر,100,65,62,30,26790,20260923,2.9,-0.5,75.8,32.7,1.2,10.3,86.9,57.5,5,0,false,21.2,3.5,above,-8.9,0.42,24583,28600,42.82,-229.55,4.87,49.42,151.21,2097,12.78,12.91,-1,25852,24445,28600,29408,0.77,خروج مستمر پول حقیقی | 87٪ بالای MA200 | حد ضرر دور (8.8٪)
شدوص,دوده‌ صنعتی‌ پارس‌,محصولات شیمیایی,66,زیر نظر,90,28,51.5,82,6820,20260923,-7.3,-3.8,42,-1.1,-4.8,8.1,48.5,48.3,2,0,false,44.6,4.04,above,-13.6,0.42,6685,7290,1.55,45.41,0.61,-9.82,13.59,1044,6.53,9.63,-32.2,6685,6547,7290,7660,1.72,عرضه حقوقی به حقیقی (-45 میلیارد تومان در ۲۰ روز) | سرانه خرید ضعیف (0.61)
وپایا,سرمایه گذاری پایا تدبیرپارسا,سرمایه گذاریها,65.9,زیر نظر,100,75,46.5,37,1883,20260923,1.4,12.2,53.2,10.2,3.6,19.8,55.1,64.5,0,0,false,47.4,3.41,above,-3.9,1.23,1841,1960,-9.74,-16.27,4.73,5.53,3.29,235,8.01,8.73,-8.2,1841,1809,1960,2088,1.04,واگرایی منفی RSI | خروج مستمر پول حقیقی | 55٪ بالای MA200 | واگرایی منفی | نقدشوندگی کمتر از ۱۰ میلیارد تومان
تفارس,تامین سرمایه خلیج فارس,فعالیتهای کمکی به نهادهای مالی واسط,65.8,زیر نظر,90,65,21.2,82,1835,20260923,-4,16.8,124.7,81.6,-1.9,28.2,94.3,60.1,3,0,false,48.2,3.96,above,-10,0.3,1058,2035,-1.16,6.24,0.93,-2.42,13.54,329,5.58,9.46,-41,1762,1690,2035,2180,1.37,رشد عمودی (125٪ در ۶۰ روز، 28٪ بالای MA50) | عرضه حقوقی به حقیقی (-7 میلیارد تومان در ۲۰ روز) | 94٪ بالای MA200 | حد ضرر دور (7.9٪)
شاوان,پالایش نفت لاوان,فراورده های نفتی، کک و سوخت هسته ای,65.8,زیر نظر,100,60,58,37,52250,20260923,3.9,61.6,101.4,58.3,18.7,62.1,116.6,86,15,0,true,82.2,2.9,above,-3.7,2.1,31203,,-301.71,290.18,3.92,-232.72,124.41,6145,8.5,8.12,4.7,50734,49218,56798,59830,1.5,اشباع خرید | فاصله زیاد از MA20 | سهم صفی: 15 روز از ۲۰ روز در صف (ریسک نقدشوندگی و اجرای حد ضرر) | رشد عمودی (101٪ در ۶۰ روز، 62٪ بالای MA50) | عرضه حقوقی به حقیقی (-406 میلیارد تومان در ۲۰ روز) | 117٪ بالای MA200
ونیرو,سرمایه‌گذاری‌نیرو,عرضه برق، گاز، بخاروآب گرم,65.7,زیر نظر,90,75,27.6,67,3890,20260923,1,41.9,58.5,15.5,10.8,29.4,6.1,72.4,10,0,true,44.8,3.14,above,-35.8,1.11,3785,3931,5.29,-21.49,0.84,-28.04,42.75,599,6.49,7.09,-8.4,3785,3724,3931,4015,0.25,سهم صفی: 10 روز از ۲۰ روز در صف (ریسک نقدشوندگی و اجرای حد ضرر)
ثبهساز,بهساز کاشانه تهران,انبوه سازی، املاک و مستغلات,65.6,زیر نظر,65,20,78.5,90,1832,20260923,-5.5,-4.8,22.5,-20.6,-4.9,2,43.9,45.8,1,0,false,16.9,3.83,above,-10,0.9,1726,1920,28.74,22.04,2.24,47.18,29.97,655,2.8,6.61,-57.7,1762,1691,1920,2033,0.62,عرضه حقوقی به حقیقی (-19 میلیارد تومان در ۲۰ روز) | حد ضرر دور (7.7٪)
فن افزار,توسعه فن افزار توسن,رایانه و فعالیت‌های وابسته به آن,65.6,زیر نظر,100,65,20.5,70,10500,20260923,-2.3,19.5,164.4,121.3,0.9,25.6,158.9,64.5,5,1,false,68.9,3.76,above,-10.6,0.86,7930,11750,-28.84,-48.24,2.55,-3.53,19.69,1478,7.1,8.89,-20.1,10106,9711,11750,12539,1.58,واگرایی منفی RSI | خروج مستمر پول حقیقی | رشد عمودی (164٪ در ۶۰ روز، 26٪ بالای MA50) | 159٪ بالای MA200 | واگرایی منفی | حد ضرر دور (7.5٪) | صف فروش در ۵ روز اخیر
وثوق,سرمایه گذاری وثوق امین,سرمایه گذاریها,65.5,زیر نظر,100,75,62,20,41180,20260923,2.1,8.4,126,83,2.3,12.4,85.6,60,0,0,false,34,3.2,above,-4.3,0.8,38020,42950,3.43,-5.13,1.96,9.36,6,81,508.4,,,39863,37887,42950,45585,0.54,رشد عمودی (126٪ در ۶۰ روز، 12٪ بالای MA50) | P/E بالا (508) | 86٪ بالای MA200 | حد ضرر دور (8.0٪) | نقدشوندگی کمتر از ۱۰ میلیارد تومان
ولراز,لیزینگ رازی,سایر واسطه گریهای مالی,65.5,زیر نظر,100,70,61,25,6220,20260923,15.2,63.7,227.9,184.8,26.9,66.8,153.5,97.5,11,0,true,83.3,2.51,above,0,0.36,2771,,-0.32,12.36,4.1,3.8,4.39,322,19.32,,,6064,5908,6688,7000,1.5,اشباع خرید | فاصله زیاد از MA20 | سهم صفی: 11 روز از ۲۰ روز در صف (ریسک نقدشوندگی و اجرای حد ضرر) | رشد عمودی (228٪ در ۶۰ روز، 67٪ بالای MA50) | عرضه حقوقی به حقیقی (-12 میلیارد تومان در ۲۰ روز) | 153٪ بالای MA200 | نقدشوندگی کمتر از ۱۰ میلیارد تومان
دتوزیع,توزیع دارو پخش,مواد و محصولات دارویی,65.4,زیر نظر,90,55,62.5,47,6020,20260923,-2.4,-3.7,77.8,34.7,-3,8,95.9,52.7,2,0,false,40.6,3.78,above,-11.3,0.43,5860,6180,6.04,-225.45,3.16,3.48,46.09,739,8.15,8.86,-8.1,5860,5746,6180,6560,0.58,واگرایی منفی RSI | خروج مستمر پول حقیقی | 96٪ بالای MA200 | واگرایی منفی
کهمدا,شیشه‌ همدان‌,سایر محصولات کانی غیرفلزی,65.4,زیر نظر,90,65,19.4,82,5520,20260923,-6.8,4.7,63.1,20,-3.2,11.2,103.9,51.9,4,0,false,42.2,3.9,above,-13.3,0.62,5160,5580,-4.54,18.88,0.84,-8.27,28.08,981,5.63,12.75,-55.9,5304,5052,5580,6370,0.13,عرضه حقوقی به حقیقی (-21 میلیارد تومان در ۲۰ روز) | 104٪ بالای MA200 | حد ضرر دور (8.5٪)
دالبر,البرزدارو,مواد و محصولات دارویی,65.3,زیر نظر,100,65,27,62,15530,20260923,-3.1,4.2,123.8,80.7,1,18.2,136.5,57.5,4,1,false,55.2,3.09,above,-8.6,1.12,14080,15875,109.03,-241.77,0.59,-39.73,90.38,1779,8.73,12.91,-32.4,15051,14571,15875,16990,0.36,واگرایی منفی RSI | خروج مستمر پول حقیقی | رشد عمودی (124٪ در ۶۰ روز، 18٪ بالای MA50) | 136٪ بالای MA200 | سرانه خرید ضعیف (0.59) | واگرایی منفی | صف فروش در ۵ روز اخیر
توریل,توکاریل,حمل ونقل، انبارداری و ارتباطات,65.2,زیر نظر,90,45,57,60,3380,20260923,-5.1,3.2,19.6,-23.5,-0.3,15.5,28.2,56.6,3,0,false,28.1,3.85,above,-8.2,0.79,3179,3530,7.2,47.51,0.92,-2.43,12.56,616,5.49,7.68,-28.6,3250,3114,3530,3680,0.56,واگرایی منفی RSI | عرضه حقوقی به حقیقی (-47 میلیارد تومان در ۲۰ روز) | واگرایی منفی | حد ضرر دور (7.9٪)
هجرت,پخش هجرت,مواد و محصولات دارویی,64.9,زیر نظر,90,65,62.5,37,8100,20260923,-1.1,-3.5,88,44.9,-1.2,10.1,113.2,55.9,1,0,false,30.9,3.72,above,-7.4,0.45,7965,8520,2.54,-116.43,2.38,6.76,53.65,888,9.12,8.86,3,7965,7815,8520,8735,1.47,خروج مستمر پول حقیقی | 113٪ بالای MA200
رافزا,رایان هم افزا,رایانه و فعالیت‌های وابسته به آن,64.7,زیر نظر,90,65,28.9,70,19170,20260923,-8.8,22.8,62.8,19.7,-1.1,21.9,100.1,56.1,10,2,false,54.7,3.29,above,-15,0.98,14910,22550,-21.39,-26.42,1.32,13.4,12.93,2957,6.48,8.89,-27.1,18540,17911,22550,23809,2.68,خروج مستمر پول حقیقی | سهم صفی: 10 روز از ۲۰ روز در صف (ریسک نقدشوندگی و اجرای حد ضرر) | 100٪ بالای MA200 | صف فروش در ۵ روز اخیر
کفپارس,فرآورده‌های‌ نسوز پارس‌,سایر محصولات کانی غیرفلزی,64.6,زیر نظر,90,65,16.5,82,5670,20260923,-11.8,6,56.6,13.6,-2.2,14.4,73.4,51.3,4,2,false,50.7,3.7,above,-14.4,0.61,5200,5970,-11.86,14.07,0.43,-19.2,16.43,722,7.85,12.75,-38.4,5460,5145,5970,6620,0.57,عرضه حقوقی به حقیقی (-17 میلیارد تومان در ۲۰ روز) | 73٪ بالای MA200 | سرانه خرید ضعیف (0.43) | حد ضرر دور (9.3٪) | صف فروش در ۵ روز اخیر
داوه,داروسازی آوه سینا,مواد و محصولات دارویی,64.3,زیر نظر,100,50,88,9,13090,20260923,-2.5,35.1,144.4,101.3,6.9,45,162,72.1,12,2,false,77.7,3.12,above,-5.4,0.98,5219,13840,51.43,73.42,3.05,68.18,25.47,760,17.22,8.86,94.4,12682,12274,13840,14656,0.92,سهم صفی: 12 روز از ۲۰ روز در صف (ریسک نقدشوندگی و اجرای حد ضرر) | رشد عمودی (144٪ در ۶۰ روز، 45٪ بالای MA50) | عرضه حقوقی به حقیقی (-72 میلیارد تومان در ۲۰ روز) | 162٪ بالای MA200 | صف فروش در ۵ روز اخیر
وسرمد,بیمه  سرمد,بیمه وصندوق بازنشستگی به جزتامین اجتماعی,64.2,زیر نظر,65,38,88.5,60,1527,20260923,-3.8,-8.1,35,-8.1,-6.6,1.2,31.7,42.9,1,0,false,35.3,4.14,above,-14.5,1.24,1498,1605,6.16,15.01,2.29,4.32,3.14,317,4.82,,,1498,1466,1605,1707,1.28,واگرایی منفی RSI | عرضه حقوقی به حقیقی (-15 میلیارد تومان در ۲۰ روز) | واگرایی منفی | نقدشوندگی کمتر از ۱۰ میلیارد تومان
ساروج,بین المللی ساروج بوشهر,سیمان، آهک و گچ,64.2,زیر نظر,79,45,48.1,78,57800,20260923,-1.1,2.8,-5.9,-48.9,0.1,2.1,11.5,50.8,1,0,false,17.1,3.75,inside,-17.2,0.77,55678,59275,2.12,3.05,1.04,-0.81,4.96,11890,4.86,6.69,-27.3,55678,54593,59275,61211,0.46,عرضه حقوقی به حقیقی (-2 میلیارد تومان در ۲۰ روز) | نقدشوندگی کمتر از ۱۰ میلیارد تومان
سیسکو,فولاد سیرجان ایرانیان,فلزات اساسی,64.1,زیر نظر,100,65,12.5,72,6360,20260923,-8,12.6,110.8,67.8,5.2,30.1,131.9,63.9,8,1,false,65.2,3.02,above,-8.6,0.9,5910,6960,-352.87,-584.61,1.22,-246.61,117.71,820,7.76,13.48,-42.5,6168,5880,6960,7344,1.25,خروج مستمر پول حقیقی | سهم صفی: 8 روز از ۲۰ روز در صف (ریسک نقدشوندگی و اجرای حد ضرر) | رشد عمودی (111٪ در ۶۰ روز، 30٪ بالای MA50) | 132٪ بالای MA200 | حد ضرر دور (7.6٪) | شناوری کم (7٪) | صف فروش در ۵ روز اخیر
وکادو,تکادو,سرمایه گذاریها,64.1,زیر نظر,100,75,24.5,52,4400,20260923,-7.8,78.4,113.1,70,29.8,58.4,102.1,76,10,1,true,46.9,4.45,above,-10.9,0.96,2737,4940,-28.77,3.54,1.08,-2.54,11.25,668,6.59,,,4204,4008,4940,5332,1.38,فاصله زیاد از MA20 | سهم صفی: 10 روز از ۲۰ روز در صف (ریسک نقدشوندگی و اجرای حد ضرر) | رشد عمودی (113٪ در ۶۰ روز، 58٪ بالای MA50) | عرضه حقوقی به حقیقی (-2 میلیارد تومان در ۲۰ روز) | 102٪ بالای MA200 | حد ضرر دور (8.9٪) | صف فروش در ۵ روز اخیر
ریشمک,تولید و صادرات ریشمک,مواد و محصولات دارویی,64.1,زیر نظر,90,53,36,70,15130,20260923,-6.9,9.9,35.1,-8,-3.5,18.1,63.5,53.5,8,2,false,39.6,3.5,above,-15.7,0.76,13730,17940,-10.21,22.36,2.31,-9.26,23.54,2342,6.46,8.86,-27.1,14601,13807,17940,18998,2.12,سهم صفی: 8 روز از ۲۰ روز در صف (ریسک نقدشوندگی و اجرای حد ضرر) | عرضه حقوقی به حقیقی (-21 میلیارد تومان در ۲۰ روز) | 63٪ بالای MA200 | حد ضرر دور (8.7٪) | صف فروش در ۵ روز اخیر
فارس,صنایع پتروشیمی خلیج فارس,محصولات شیمیایی,64,زیر نظر,100,70,30.1,50,12140,20260923,-3.2,34,29.3,-13.7,8.3,23.4,61.2,65.8,7,0,true,38.8,3.35,above,-7,1.61,10430,,-113.55,479.41,0.91,-529.95,430.56,1498,8.1,9.63,-15.8,11733,11326,13361,14174,1.5,سهم صفی: 7 روز از ۲۰ روز در صف (ریسک نقدشوندگی و اجرای حد ضرر) | عرضه حقوقی به حقیقی (-599 میلیارد تومان در ۲۰ روز) | 61٪ بالای MA200
وتوسم,سرمایه‌گذاری‌توسعه‌ملی‌,سرمایه گذاریها,64,زیر نظر,100,50,49.1,47,4500,20260923,-2.2,34,84.6,41.6,7,36.1,89.4,73.7,6,0,false,66,3.33,above,-5.1,0.39,4435,4740,11.8,-101.9,1.09,5.5,22.54,591,7.61,7.13,6.8,4435,4360,4740,5040,1.71,واگرایی منفی RSI | خروج مستمر پول حقیقی | سهم صفی: 6 روز از ۲۰ روز در صف (ریسک نقدشوندگی و اجرای حد ضرر) | رشد عمودی (85٪ در ۶۰ روز، 36٪ بالای MA50) | 89٪ بالای MA200 | واگرایی منفی | شناوری کم (12٪)
مهر,سرمایه گذاری مهر,سرمایه گذاریها,64,زیر نظر,100,50,36,60,3750,20260923,3.9,25.6,72.3,29.2,10.8,39.2,77,78.8,2,0,false,57.7,3.16,above,0,0.62,3160,,-6.96,-81.41,18.03,11.35,12.52,564,6.65,8.73,-23.8,3632,3513,4105,4342,1.5,اشباع خرید | خروج مستمر پول حقیقی | رشد عمودی (72٪ در ۶۰ روز، 39٪ بالای MA50) | 77٪ بالای MA200
لخزر,پارس‌ خزر,ماشین آلات و تجهیزات,64,زیر نظر,100,65,16,68,4710,20260923,-7.1,10,46.3,3.3,1.1,21,55.5,59.1,3,1,false,45.4,3.31,above,-9.4,0.49,4375,5200,-2.1,9.01,0.43,-15.75,14.55,1120,4.21,5.15,-18.3,4554,4320,5200,5512,1.26,واگرایی منفی RSI | عرضه حقوقی به حقیقی (-9 میلیارد تومان در ۲۰ روز) | 56٪ بالای MA200 | سرانه خرید ضعیف (0.43) | واگرایی منفی | حد ضرر دور (8.3٪) | شناوری کم (10٪) | صف فروش در ۵ روز اخیر
دکپسول,تولید ژلاتین کپسول ایران,مواد و محصولات دارویی,64,زیر نظر,95,55,60.8,37,178300,20260923,0.8,2.9,2.6,-40.4,2,6.7,33.6,56.4,1,0,false,23.1,3.72,above,-6.4,0.84,171000,181450,4.27,64.61,1.07,-5.55,21.07,20406,8.74,8.86,-1.4,171659,167680,181450,185259,0.3,عرضه حقوقی به حقیقی (-64 میلیارد تومان در ۲۰ روز)
سشمال,سیمان‌ شمال‌,سیمان، آهک و گچ,63.9,زیر نظر,100,55,67.7,24,18400,20260923,1,15.9,13.4,-29.6,4.5,16.3,53.9,65.2,0,0,false,28,3.6,above,-4.2,0.43,18100,18670,1.95,6.85,1.25,2.82,11.43,2297,8.01,7.14,12.2,18100,17769,18670,19200,0.43,عرضه حقوقی به حقیقی (-7 میلیارد تومان در ۲۰ روز) | 54٪ بالای MA200
تاصیکو,سرمایه گذاری صدرتامین,استخراج کانه های فلزی,63.8,زیر نظر,100,70,75,4,30830,20260923,8.6,40.1,155.4,112.3,25.5,54.1,158.8,91.5,9,0,true,69.9,3.29,above,0,1.1,29400,,349.28,1200.27,3.78,-436.41,316.62,560,55.05,13.76,300.1,29815,28893,33874,35903,1.57,اشباع خرید | فاصله زیاد از MA20 | سهم صفی: 9 روز از ۲۰ روز در صف (ریسک نقدشوندگی و اجرای حد ضرر) | رشد عمودی (155٪ در ۶۰ روز، 54٪ بالای MA50) | P/E بالا (55) | عرضه حقوقی به حقیقی (-1184 میلیارد تومان در ۲۰ روز) | 159٪ بالای MA200
وکبهمن,مدیریت سرمایه گذاری کوثربهمن,سرمایه گذاریها,63.7,زیر نظر,100,53,20.5,72,3870,20260923,-0.3,17.3,41.1,-2,6.9,20.4,65.6,69.1,1,0,false,47,3.79,above,-2.8,0.79,3480,3980,-14.99,-12.65,3.14,-1,4.71,671,5.77,8.73,-33.9,3723,3503,3980,4273,0.3,خروج مستمر پول حقیقی | 66٪ بالای MA200 | حد ضرر دور (9.5٪) | نقدشوندگی کمتر از ۱۰ میلیارد تومان
دزاگرس,دارویی و نهاده های زاگرس دارو,مواد و محصولات دارویی,63.6,زیر نظر,85,53,63,47,24080,20260923,2.8,-2,39.5,-3.6,-0.5,7.2,93.2,54,4,0,false,41.5,3.49,above,-10.7,0.91,22820,26090,32.65,-12.96,7.59,43.06,90.76,3000,8.03,8.86,-9.4,23241,22400,26090,26970,1.2,93٪ بالای MA200
فولاد,فولاد مبارکه اصفهان,فلزات اساسی,63.6,زیر نظر,100,55,18.4,72,3350,20260923,1,27.9,-0.6,-43.7,12.7,24.9,40.5,74,3,0,true,44.6,3.31,above,-1.8,1.14,3240,3409,-1277.45,151.75,0.85,-1938.52,1164.49,518,6.47,13.48,-52,3240,3184,3409,3630,0.35,عرضه حقوقی به حقیقی (-272 میلیارد تومان در ۲۰ روز)
وبانک,سرمایه گذاری گروه توسعه ملی,شرکتهای چند رشته ای صنعتی,63.6,زیر نظر,100,53,19.9,72,11850,20260923,-3.9,28.1,41.6,-1.4,4.4,23.3,65,66,9,0,false,56.1,3.77,above,-5.9,0.63,11590,12545,-110.77,133.85,0.94,-175.42,164.48,2109,5.62,10.88,-48.4,11590,11366,12545,13439,1.44,واگرایی منفی RSI | سهم صفی: 9 روز از ۲۰ روز در صف (ریسک نقدشوندگی و اجرای حد ضرر) | عرضه حقوقی به حقیقی (-128 میلیارد تومان در ۲۰ روز) | 65٪ بالای MA200 | واگرایی منفی
غچین,کشت‌ و صنعت‌ چین‌ چین,محصولات غذایی و آشامیدنی به جز قند و شکر,63.5,زیر نظر,90,65,24.2,70,4560,20260923,-6.7,4.8,46.2,3.1,-4.5,11.4,51.6,51.2,1,1,false,42.1,3.67,above,-13,0.29,4060,5240,-4.96,6.47,1.15,-6.54,12.16,682,6.69,8.53,-21.6,4393,4142,5240,5574,1.63,عرضه حقوقی به حقیقی (-5 میلیارد تومان در ۲۰ روز) | 52٪ بالای MA200 | حد ضرر دور (9.2٪) | صف فروش در ۵ روز اخیر
فایرا,آلومینیوم‌ایران‌,فلزات اساسی,63.4,زیر نظر,90,55,19.7,82,14330,20260923,-2.7,-1.4,95,51.9,-1.3,8.1,99.7,52.2,4,0,false,31.7,3.86,above,-11.7,0.52,13260,15050,-36.46,-53.8,1.49,-53.57,83.78,2419,5.92,13.48,-56.1,13777,12983,15050,15970,0.53,100٪ بالای MA200 | حد ضرر دور (9.4٪)
دابور,داروسازی‌ ابوریحان‌,مواد و محصولات دارویی,63.4,زیر نظر,100,50,43.5,50,66700,20260923,2.9,28.1,80.9,37.9,9.4,26.1,103.6,72.8,0,0,false,53,3.85,above,-1.5,0.88,63800,67740,35.2,19.8,0.75,-36.82,39.46,6272,10.63,12.91,-17.6,64134,62517,67740,72872,0.25,واگرایی منفی RSI | عرضه حقوقی به حقیقی (-23 میلیارد تومان در ۲۰ روز) | 104٪ بالای MA200 | سرانه خرید ضعیف (0.75) | واگرایی منفی
وسبحان,سرمایه گذاری سبحان,سرمایه گذاریها,63.4,زیر نظر,100,65,1.5,80,3440,20260923,-2,8,81.7,38.7,4,21.2,85.8,67.4,0,0,false,53,3.39,above,-3.1,0.69,3290,3550,-2.29,-23.24,0.7,-7.03,7.5,956,3.6,8.73,-58.8,3323,3232,3550,3783,0.53,واگرایی منفی RSI | خروج مستمر پول حقیقی | 86٪ بالای MA200 | سرانه خرید ضعیف (0.70) | واگرایی منفی | نقدشوندگی کمتر از ۱۰ میلیارد تومان
غویتا,ویتانا,محصولات غذایی و آشامیدنی به جز قند و شکر,63.4,زیر نظر,100,53,1,90,6040,20260923,-8.1,14,42.4,-0.7,0.7,12.5,82.2,55.6,8,1,false,34.3,3.55,above,-12.1,0.75,5690,6870,-34.01,-63.12,0.54,-40.55,31.62,1338,4.51,7.05,-36,5825,5583,6870,7299,1.82,خروج مستمر پول حقیقی | سهم صفی: 8 روز از ۲۰ روز در صف (ریسک نقدشوندگی و اجرای حد ضرر) | 82٪ بالای MA200 | سرانه خرید ضعیف (0.54) | حد ضرر دور (7.6٪) | صف فروش در ۵ روز اخیر
سامان,بانک سامان,بانکها و موسسات اعتباری,63.1,زیر نظر,100,75,0.5,72,8640,20260923,0,6.5,64.1,21,3.4,13.9,112.9,64.9,1,0,false,48,2.92,above,-1.6,0.8,8500,8747,-187.5,-827.58,0.4,-172.88,91.81,1396,6.19,12.04,-48.6,8500,8374,8747,9251,0.4,خروج مستمر پول حقیقی | 113٪ بالای MA200 | سرانه خرید ضعیف (0.40)
فسپا,گروه‌صنعتی‌سپاهان‌,فلزات اساسی,63.1,زیر نظر,100,60,12.5,72,8250,20260923,3.3,38.4,168.5,125.4,17.6,50.2,184,85.6,10,0,true,76.3,2.98,above,-0.5,2.03,6130,,-74.44,-80.35,0.67,-132.46,51.32,1216,6.78,13.48,-49.7,8004,7758,8988,9480,1.5,اشباع خرید | فاصله زیاد از MA20 | خروج مستمر پول حقیقی | سهم صفی: 10 روز از ۲۰ روز در صف (ریسک نقدشوندگی و اجرای حد ضرر) | رشد عمودی (168٪ در ۶۰ روز، 50٪ بالای MA50) | 184٪ بالای MA200 | سرانه خرید ضعیف (0.67)
شگستر,گسترش سوخت سبززاگرس(سهامی عام),محصولات شیمیایی,63.1,زیر نظر,100,50,88.5,4,1977,20260923,5.4,44.2,100.4,57.4,12.5,47.9,88.4,78.6,14,0,false,63.5,2.93,above,-1.1,1.1,1782,1998,38.07,131.01,2.53,2.48,49.87,36,54.92,9.63,470.3,1919,1861,1998,2114,0.18,اشباع خرید | سهم صفی: 14 روز از ۲۰ روز در صف (ریسک نقدشوندگی و اجرای حد ضرر) | رشد عمودی (100٪ در ۶۰ روز، 48٪ بالای MA50) | P/E بالا (55) | عرضه حقوقی به حقیقی (-125 میلیارد تومان در ۲۰ روز) | 88٪ بالای MA200
حفاری,حفاری شمال,استخراج نفت گاز و خدمات جنبی جز اکتشاف,63.1,زیر نظر,70,30,79.4,65,5630,20260923,-7.1,5,24,-19,-5.1,8.7,28.2,48.5,3,0,false,38.7,3.7,above,-17.2,1.22,5475,6800,105.7,132.92,1.32,50.19,77.17,2511,2.24,2.24,0.1,5475,5371,6800,7216,4.52,
وتوصا,گروه س توسعه صنعتی ایران,سرمایه گذاریها,63,زیر نظر,100,65,0,80,3130,20260923,-5.7,5.5,56.2,13.1,1.2,18,66.6,60,0,0,false,56.7,4.18,above,-8.2,1.06,2864,3410,-11.9,-27.83,0.69,-12.8,7.76,642,4.88,7.13,-31.6,2999,2803,3410,3671,0.86,واگرایی منفی RSI | خروج مستمر پول حقیقی | 67٪ بالای MA200 | سرانه خرید ضعیف (0.69) | واگرایی منفی | حد ضرر دور (10.4٪) | نقدشوندگی کمتر از ۱۰ میلیارد تومان
دعبید,لابراتوارداروسازی‌  دکترعبیدی‌,مواد و محصولات دارویی,62.6,زیر نظر,100,65,61.5,17,25190,20260923,1.3,20.7,70.5,27.5,8.4,20.3,106.1,69.7,5,0,false,46,3.12,above,-1,0.88,22180,,15.65,-240.93,6.61,19.06,104.59,1503,16.76,12.91,29.8,24403,23616,27550,29124,1.5,خروج مستمر پول حقیقی | 106٪ بالای MA200
شکبیر,پتروشیمی امیرکبیر,محصولات شیمیایی,62.6,زیر نظر,90,45,46.5,60,128800,20260923,-5.8,9,23.9,-19.2,-2.4,13.4,34.6,53.4,2,0,false,36.2,3.53,above,-18.2,0.44,119500,134000,0.51,-11.03,4.2,-1.07,6.03,27918,4.61,,,124248,117421,134000,143400,0.46,خروج مستمر پول حقیقی | 169٪ بالای کف ۵۲ هفته | حد ضرر دور (8.8٪) | نقدشوندگی کمتر از ۱۰ میلیارد تومان
وآفری,بیمه کارآفرین,بیمه وصندوق بازنشستگی به جزتامین اجتماعی,62.6,زیر نظر,100,60,88.5,34,8890,20260923,8.9,30.2,107.1,64.1,9.3,37.4,147.8,74.8,7,0,false,63.2,3.25,above,0,0.7,7920,,2.15,6.18,2.58,1.42,1.72,1680,5.29,4.59,15.3,8601,8312,9757,10335,1.5,نقدشوندگی پایین | سهم صفی: 7 روز از ۲۰ روز در صف (ریسک نقدشوندگی و اجرای حد ضرر) | رشد عمودی (107٪ در ۶۰ روز، 37٪ بالای MA50) | عرضه حقوقی به حقیقی (-6 میلیارد تومان در ۲۰ روز) | 148٪ بالای MA200 | نقدشوندگی کمتر از ۱۰ میلیارد تومان
وتوشه,سرمایه‌ گذاری‌ پارس‌ توشه‌,ماشین آلات و تجهیزات,62.5,زیر نظر,100,55,18,68,8300,20260923,-1.8,1.3,21.1,-22,0.1,9.9,42.5,55.2,0,0,false,44.3,3.85,above,-5.7,0.8,7835,8390,-0.52,6.39,0.71,-14.17,10.97,2049,4.05,5.15,-21.3,7980,7675,8390,8550,0.14,واگرایی منفی RSI | عرضه حقوقی به حقیقی (-7 میلیارد تومان در ۲۰ روز) | سرانه خرید ضعیف (0.71) | واگرایی منفی | حد ضرر دور (7.5٪)
فپنتا,سپنتا,فلزات اساسی,62.5,زیر نظر,100,53,27.5,60,46460,20260923,-11,29.4,37.2,-5.8,3.5,27.7,28.7,60.8,12,4,false,61.9,3.2,above,-19.2,0.61,45942,47742,-13.98,81.65,0.11,-61.4,20.75,4100,11.33,13.48,-15.9,45942,45199,47742,50404,1.02,سهم صفی: 12 روز از ۲۰ روز در صف (ریسک نقدشوندگی و اجرای حد ضرر) | عرضه حقوقی به حقیقی (-83 میلیارد تومان در ۲۰ روز) | سرانه خرید ضعیف (0.11) | صف فروش در ۵ روز اخیر
ومعادن,توسعه‌معادن‌وفلزات‌,استخراج کانه های فلزی,62.4,زیر نظر,100,65,17.5,60,3270,20260923,-9.7,19.4,54.5,11.5,2.5,22.5,64.7,58.4,4,1,false,50,4.11,above,-13.5,0.66,2965,3780,-293.28,199.99,0.3,-623.24,395.84,318,10.28,13.76,-25.3,3136,2934,3780,4049,1.52,عرضه حقوقی به حقیقی (-230 میلیارد تومان در ۲۰ روز) | 65٪ بالای MA200 | سرانه خرید ضعیف (0.30) | حد ضرر دور (10.3٪) | صف فروش در ۵ روز اخیر
چکاپا,گروه صنایع کاغذ پارس,محصولات کاغذی,62.4,زیر نظر,100,70,63.5,10,2277,20260923,10.5,41.2,65.1,22.1,22.6,44.2,77.4,87.2,3,0,true,55.1,2.85,above,0,1.48,1699,,-35.68,6.6,2.88,19.8,24.76,,,16.48,,2212,2147,2472,2601,1.5,اشباع خرید | فاصله زیاد از MA20 | بدون EPS مثبت | رشد عمودی (65٪ در ۶۰ روز، 44٪ بالای MA50) | عرضه حقوقی به حقیقی (-5 میلیارد تومان در ۲۰ روز) | 77٪ بالای MA200
فجام,جام‌دارو,ساخت محصولات فلزی,62.4,زیر نظر,90,65,52.5,37,17680,20260923,-4.9,5.1,73,30,-1.6,19.4,95.7,57.1,3,1,false,45.5,3.57,above,-8.9,0.74,16880,18590,0.8,19.21,0.51,-12.17,8.63,2172,8.14,7.54,8,17048,16564,18590,19400,0.82,واگرایی منفی RSI | عرضه حقوقی به حقیقی (-19 میلیارد تومان در ۲۰ روز) | 96٪ بالای MA200 | سرانه خرید ضعیف (0.51) | واگرایی منفی | نقدشوندگی کمتر از ۱۰ میلیارد تومان | صف فروش در ۵ روز اخیر
فسبزوار,پارس فولاد سبزوار,فلزات اساسی,62.3,زیر نظر,100,65,5.3,72,74750,20260923,-3.7,6.1,48,4.9,2,9,62.3,54.9,3,0,false,26.9,3.61,above,-7.7,0.75,72900,,-10.19,-46.31,0.95,-24.77,64.57,14489,5.16,13.48,-61.7,72900,71552,82838,88230,2.53,واگرایی منفی RSI | 62٪ بالای MA200 | واگرایی منفی
حخزر,کشتیرانی دریای خزر,حمل و نقل آبی,62.3,زیر نظر,100,60,57.2,24,10800,20260923,6.6,49.8,203,159.9,21.3,51.7,193.4,89,4,0,true,78.3,2.79,above,0,1.17,6430,,5.51,36.24,0.97,-19.68,24.81,944,11.44,10.36,10.4,10499,10197,11704,12307,1.5,واگرایی منفی RSI | اشباع خرید | فاصله زیاد از MA20 | رشد عمودی (203٪ در ۶۰ روز، 52٪ بالای MA50) | عرضه حقوقی به حقیقی (-22 میلیارد تومان در ۲۰ روز) | 193٪ بالای MA200 | واگرایی منفی
فروس,فروسیلیس‌ ایران‌,فلزات اساسی,62.3,زیر نظر,100,65,17,60,4190,20260923,-10.5,36.4,44.9,1.8,4.3,21.9,65.7,60.6,16,3,false,54.6,3.14,above,-13.1,1.01,3335,4820,-23.34,0.46,0.29,-24.29,7.45,440,9.52,13.48,-29.4,4059,3927,4820,5083,2.4,سهم صفی: 16 روز از ۲۰ روز در صف (ریسک نقدشوندگی و اجرای حد ضرر) | عرضه حقوقی به حقیقی (-3 میلیارد تومان در ۲۰ روز) | 66٪ بالای MA200 | سرانه خرید ضعیف (0.29) | نقدشوندگی کمتر از ۱۰ میلیارد تومان | صف فروش در ۵ روز اخیر
سپید,سپید ماکیان,زراعت و خدمات وابسته,62.2,زیر نظر,90,40,30.7,78,42650,20260923,-6.1,-4.3,55.4,12.3,-6.5,8.4,130.5,47.3,0,0,false,39.2,3.95,above,-15.1,0.99,34200,47230,12.28,-249.9,0.95,-58.57,148.83,9010,4.73,6.33,-25.2,40966,39282,47230,50220,1.36,واگرایی منفی RSI | خروج مستمر پول حقیقی | 131٪ بالای MA200 | واگرایی منفی | حد ضرر دور (7.9٪)
شاملا,معدنی‌ املاح‌  ایران‌,محصولات شیمیایی,62.1,زیر نظر,100,75,31.2,37,39550,20260923,1,11.9,51.3,8.2,1.5,15.1,81,60.6,1,0,false,35.1,3.96,above,-5.2,0.58,38670,41515,-4.6,7.44,1.35,-7.45,22.76,4322,9.15,9.63,-5,38670,37886,41515,44649,1.18,81٪ بالای MA200
غشهداب,کشت و صنعت شهداب ناب خراسان,محصولات غذایی و آشامیدنی به جز قند و شکر,62,زیر نظر,100,65,16,60,2399,20260923,-7.2,7.8,116.8,73.8,1.2,13.9,70.9,57.5,2,0,false,47.6,4.18,above,-9.9,0.84,2214,2662,-7.72,4.59,0.62,-25.1,22.85,401,5.98,7.05,-15.1,2299,2164,2662,2862,1.12,رشد عمودی (117٪ در ۶۰ روز، 14٪ بالای MA50) | عرضه حقوقی به حقیقی (-6 میلیارد تومان در ۲۰ روز) | 71٪ بالای MA200 | سرانه خرید ضعیف (0.62) | حد ضرر دور (9.8٪)
خمحور,تولیدمحورخودرو,خودرو و ساخت قطعات,62,زیر نظر,78,45,66.4,52,5300,20260923,-7.8,6.6,5.2,-37.9,-0.6,10,37.4,53.1,4,0,false,16.9,3.72,above,-10.5,0.66,5070,5540,1.91,0.81,1.14,3.37,5.7,785,6.75,,,5103,4971,5540,5920,0.73,عرضه حقوقی به حقیقی (-1 میلیارد تومان در ۲۰ روز) | نقدشوندگی کمتر از ۱۰ میلیارد تومان | شناوری کم (9٪)
ولانا,شرکت لیزینگ آریا دانا,سایر واسطه گریهای مالی,61.8,زیر نظر,100,70,61,10,5560,20260923,14.2,25.2,57.7,14.7,17.3,34,38.6,84.2,5,0,true,48.5,3.12,above,-0.2,0.66,4937,,0,3.83,2,2.09,3.63,,,,,5387,5213,6080,6426,1.5,اشباع خرید | فاصله زیاد از MA20 | بدون EPS مثبت | رشد عمودی (58٪ در ۶۰ روز، 34٪ بالای MA50) | عرضه حقوقی به حقیقی (-4 میلیارد تومان در ۲۰ روز) | نقدشوندگی کمتر از ۱۰ میلیارد تومان
دسبحان,سبحان دارو,مواد و محصولات دارویی,61.8,زیر نظر,100,50,37,50,16580,20260923,-0.4,26.8,242.2,199.1,6.6,41.6,214.9,71.6,9,1,false,80.4,3.13,above,-6.5,0.47,6050,17730,-8.8,-11.23,3.13,29.84,95.99,1454,11.4,12.91,-11.7,16061,15542,17730,18768,1.11,سهم صفی: 9 روز از ۲۰ روز در صف (ریسک نقدشوندگی و اجرای حد ضرر) | رشد عمودی (242٪ در ۶۰ روز، 42٪ بالای MA50) | 215٪ بالای MA200 | صف فروش در ۵ روز اخیر
دجابر,داروسازی‌ جابرابن‌حیان‌,مواد و محصولات دارویی,61.6,زیر نظر,100,75,36.5,30,47770,20260923,5.8,5.4,270.3,227.2,3.8,34.8,190.6,69.1,3,0,false,67,3.47,above,-3.5,0.37,46520,48660,-3.22,-216.14,2.18,4.81,70.83,3483,13.72,12.91,6.2,46520,45691,48660,49510,0.43,خروج مستمر پول حقیقی | رشد عمودی (270٪ در ۶۰ روز، 35٪ بالای MA50) | 191٪ بالای MA200
بوعلی,پتروشیمی بوعلی سینا,محصولات شیمیایی,61.6,زیر نظر,100,60,18.4,60,61290,20260923,4.3,52.6,147.2,104.2,18.5,50.4,88.9,84.2,6,0,true,72.1,2.99,above,0,1,60000,,-142.7,-13.86,1.48,-15.31,115.59,8261,7.42,9.63,-23,60000,59084,66788,70453,2.49,اشباع خرید | فاصله زیاد از MA20 | سهم صفی: 6 روز از ۲۰ روز در صف (ریسک نقدشوندگی و اجرای حد ضرر) | رشد عمودی (147٪ در ۶۰ روز، 50٪ بالای MA50) | 89٪ بالای MA200 | شناوری کم (8٪)
حپرتو,پرتو بار فرابر خلیج فارس,حمل ونقل، انبارداری و ارتباطات,61.5,زیر نظر,100,60,54.1,24,10580,20260923,5.5,22.2,69.2,26.1,6.1,29.3,36.4,70.7,7,0,false,49.7,3.52,above,-3.7,0.88,10274,10990,4.63,-4.51,1.22,4.54,13.06,1121,9.44,7.68,22.9,10274,10089,10990,11712,0.83,سهم صفی: 7 روز از ۲۰ روز در صف (ریسک نقدشوندگی و اجرای حد ضرر)
وبوعلی,سرمایه‌گذاری‌بوعلی‌,سرمایه گذاریها,61.4,زیر نظر,100,50,5.7,80,3680,20260923,1.9,23,56.5,13.5,9.6,29.7,77.9,74.2,2,0,false,59.4,3.41,above,-1.6,0.92,3240,3740,-2.41,-11.58,0.97,-1.34,4.63,1066,3.45,7.13,-51.6,3554,3429,3740,3991,0.24,خروج مستمر پول حقیقی | 78٪ بالای MA200 | نقدشوندگی کمتر از ۱۰ میلیارد تومان
خکاوه,سایپا دیزل,خودرو و ساخت قطعات,61.4,زیر نظر,90,65,50.6,35,906,20260923,-1.7,3.9,69.7,26.6,-1.6,11.3,30.6,54.5,0,0,false,34.6,3.72,above,-10.7,0.97,891,947,4.06,-5.23,1.15,32.02,51.3,53,17.09,,,891,874,947,967,1.29,
فزرین,زرین معدن آسیا,فلزات اساسی,61.4,زیر نظر,100,65,26.5,47,9580,20260923,-11.1,33.6,145.6,102.5,3,31.1,140.8,63.8,18,4,false,72.1,3.03,above,-13.5,0.86,6630,11080,-9.01,91.51,0.33,-23.98,18.23,1184,8.09,8.05,0.5,9290,9000,11080,11660,2.59,سهم صفی: 18 روز از ۲۰ روز در صف (ریسک نقدشوندگی و اجرای حد ضرر) | رشد عمودی (146٪ در ۶۰ روز، 31٪ بالای MA50) | عرضه حقوقی به حقیقی (-97 میلیارد تومان در ۲۰ روز) | 141٪ بالای MA200 | سرانه خرید ضعیف (0.33) | صف فروش در ۵ روز اخیر
فاما,صنعتی‌ آما,ساخت محصولات فلزی,61.4,زیر نظر,100,65,16.5,57,6350,20260923,-10.9,17.6,54.4,11.3,2,18.4,94.8,57.2,5,2,false,57.1,3.51,above,-13.5,0.89,5360,7340,-10.15,8.06,0.41,-14.57,10.12,922,6.89,7.54,-8.7,6127,5904,7340,7786,2.22,عرضه حقوقی به حقیقی (-11 میلیارد تومان در ۲۰ روز) | 95٪ بالای MA200 | سرانه خرید ضعیف (0.41) | حد ضرر دور (7.0٪) | صف فروش در ۵ روز اخیر
وصنعت,سرمایه گذاری توسعه صنعت وتجارت,سرمایه گذاریها,61.4,زیر نظر,100,53,3,80,2850,20260923,-7.2,11.4,35.2,-7.9,2.1,16.2,51.7,59.2,2,1,false,45.4,3.67,above,-9.8,0.84,2700,3159,-3.49,-2.97,0.76,-5.33,4.84,884,3.22,7.13,-54.8,2745,2648,3159,3368,1.53,52٪ بالای MA200 | سرانه خرید ضعیف (0.76) | حد ضرر دور (7.1٪) | نقدشوندگی کمتر از ۱۰ میلیارد تومان | شناوری کم (13٪) | صف فروش در ۵ روز اخیر
ثتران,سرمایه گذاری مسکن تهران,انبوه سازی، املاک و مستغلات,61.3,زیر نظر,90,75,67.2,10,8160,20260923,2.8,5,70.4,27.3,-0.4,16.8,53.2,60,0,0,false,47,4.01,above,-6.4,0.89,7490,8480,1.12,8.15,1.19,4.41,9.05,,,23.59,,7833,7342,8480,8720,0.39,بدون EPS مثبت | عرضه حقوقی به حقیقی (-8 میلیارد تومان در ۲۰ روز) | 53٪ بالای MA200 | حد ضرر دور (10.0٪) | نقدشوندگی کمتر از ۱۰ میلیارد تومان
وسپهر,گروه سرمایه گذاری سپهر صادرات,شرکتهای چند رشته ای صنعتی,61.3,زیر نظر,90,45,36,65,4630,20260923,-6.3,6.7,29.2,-13.8,-2.9,11.5,31.4,51.9,0,0,false,48.4,3.94,above,-10.1,0.54,4530,4790,-23.19,-7.83,1.75,0.58,18.61,1149,4.03,4.03,0,4530,4439,4790,5150,0.84,واگرایی منفی RSI | واگرایی منفی
بهیر,س. توسعه تجارت هیرمند,سرمایه گذاریها,61.3,زیر نظر,100,65,88,25,4370,20260923,7.9,12.6,17.7,-25.4,6.9,17.9,26,77.1,5,0,true,54.6,2.44,above,0,1.08,4210,,1.63,1.35,2.06,0.63,1.05,223,19.6,,,4263,4157,4690,4903,1.5,نقدشوندگی پایین | واگرایی منفی RSI | عرضه حقوقی به حقیقی (-1 میلیارد تومان در ۲۰ روز) | واگرایی منفی | نقدشوندگی کمتر از ۱۰ میلیارد تومان
پارسیان,بیمه پارسیان,بیمه وصندوق بازنشستگی به جزتامین اجتماعی,61.2,زیر نظر,100,53,2.5,80,1884,20260923,1.1,17.5,34.8,-8.3,4.7,20.9,50.2,65.7,1,0,false,53.1,3.65,above,-4.4,0.81,1670,1970,-5.97,-18.24,0.86,-6.17,8.28,865,2.18,4.59,-52.5,1815,1746,1970,2108,0.63,خروج مستمر پول حقیقی | 50٪ بالای MA200 | حد ضرر دور (7.3٪) | نقدشوندگی کمتر از ۱۰ میلیارد تومان
وحکمت,بیمه حکمت صبا,بیمه وصندوق بازنشستگی به جزتامین اجتماعی,61.2,زیر نظر,88,55,53,42,1548,20260923,1.6,3,22.5,-20.6,3.1,12.8,24.7,59.8,1,0,false,19.6,3.92,above,-2.8,0.83,1485,1589,-0.34,8.16,2.09,17.36,11.08,199,7.78,,,1487,1455,1589,1710,0.44,عرضه حقوقی به حقیقی (-9 میلیارد تومان در ۲۰ روز)
فروی,ذوب روی اصفهان,فلزات اساسی,61.1,زیر نظر,100,65,53.5,19,2740,20260923,-10.5,9.5,62.9,19.8,1.5,17.6,56.2,56.7,9,2,false,51.8,3.27,above,-13,0.97,2625,3150,0.1,47.33,0.46,-22.86,11.25,186,14.73,8.05,83,2650,2580,3150,3329,2.57,سهم صفی: 9 روز از ۲۰ روز در صف (ریسک نقدشوندگی و اجرای حد ضرر) | عرضه حقوقی به حقیقی (-46 میلیارد تومان در ۲۰ روز) | 56٪ بالای MA200 | سرانه خرید ضعیف (0.46) | صف فروش در ۵ روز اخیر
ساینا,صنایع بهداشتی ساینا,محصولات شیمیایی,61.1,زیر نظر,100,65,12.4,60,12600,20260923,-0.6,12.5,99.4,56.3,9,23.3,127.1,69.2,4,0,false,51.3,3.43,above,-4.3,0.58,11530,13170,-11.3,-78.11,1.16,-2.65,24.63,1820,6.92,8.01,-13.6,12168,11520,13170,14034,0.53,خروج مستمر پول حقیقی | 127٪ بالای MA200 | حد ضرر دور (8.6٪)
الکتروماد,صنایع الکترونیک مادیران,ماشین آلات و تجهیزات,61,زیر نظر,90,55,2,90,4630,20260923,-11.6,-0.4,91.7,48.6,-2.9,14.8,79.8,52,4,1,false,56.2,3.56,above,-13.8,0.67,4510,4790,-20.28,-15.35,0.62,-15.72,20.18,957,4.84,9.66,-49.9,4510,4428,4790,5370,0.79,واگرایی منفی RSI | 80٪ بالای MA200 | سرانه خرید ضعیف (0.62) | واگرایی منفی | صف فروش در ۵ روز اخیر
وملی,گروه‌ صنعتی‌ ملی‌ (هلدینگ‌,دباغی، پرداخت چرم و ساخت انواع پاپوش,61,زیر نظر,100,45,53,35,279100,20260923,-10.1,10.7,21.6,-21.5,1.6,17.4,36.1,57.1,5,0,false,46.4,3.72,above,-12.7,1.34,267300,319700,2.85,16.56,0.43,-32.75,14.69,3197,87.3,87.3,0,268729,262114,319700,340443,2.39,P/E بالا (87) | عرضه حقوقی به حقیقی (-19 میلیارد تومان در ۲۰ روز) | سرانه خرید ضعیف (0.43)
نوین,بیمه نوین,بیمه وصندوق بازنشستگی به جزتامین اجتماعی,60.9,زیر نظر,100,70,63.6,4,11480,20260923,9.1,38,217.4,174.3,22.5,48.7,210.8,88.6,0,0,true,69.1,2.77,above,0,0.8,8880,,1.87,15.29,1.2,-2.84,12.7,358,32.07,18.13,76.9,11162,10844,12434,13071,1.5,اشباع خرید | فاصله زیاد از MA20 | رشد عمودی (217٪ در ۶۰ روز، 49٪ بالای MA50) | P/E بالا (32) | عرضه حقوقی به حقیقی (-9 میلیارد تومان در ۲۰ روز) | 211٪ بالای MA200
شپارس,بین‌ المللی‌ محصولات‌  پارس‌,محصولات شیمیایی,60.9,زیر نظر,90,65,1.5,82,2426,20260923,-12.3,11.5,102.3,59.3,-4.8,22.2,95.8,52.4,7,2,false,64.6,3.48,above,-17.7,0.6,1670,2948,-29.5,-72.7,0.28,-37.02,23.46,370,6.56,9.63,-31.9,2342,2257,2948,3117,3.09,خروج مستمر پول حقیقی | سهم صفی: 7 روز از ۲۰ روز در صف (ریسک نقدشوندگی و اجرای حد ضرر) | رشد عمودی (102٪ در ۶۰ روز، 22٪ بالای MA50) | 96٪ بالای MA200 | سرانه خرید ضعیف (0.28) | صف فروش در ۵ روز اخیر
غشصفا,شیرپاستوریزه‌پگاه‌اصفهان‌,محصولات غذایی و آشامیدنی به جز قند و شکر,60.9,زیر نظر,100,65,1.5,70,24140,20260923,-10.1,13.7,47.6,4.5,1.8,17.6,103.5,57.7,4,1,false,47.7,3.45,above,-12.3,0.62,22520,27510,-17.42,-39.49,0.41,-19.38,11.66,3764,6.41,8.53,-24.8,23306,22103,27510,29177,1.65,خروج مستمر پول حقیقی | 103٪ بالای MA200 | سرانه خرید ضعیف (0.41) | حد ضرر دور (8.4٪) | صف فروش در ۵ روز اخیر
فسازان,غلتک سازان سپاهان,فلزات اساسی,60.8,زیر نظر,90,65,1,82,13320,20260923,-13.5,16.5,84.7,41.7,-2,16.1,137.5,53.2,6,3,false,61.4,3.46,above,-16.5,0.65,11580,15960,-32.28,-90.21,0.34,-34.63,43.19,2578,5.17,13.48,-61.7,12859,12398,15960,16882,2.86,خروج مستمر پول حقیقی | سهم صفی: 6 روز از ۲۰ روز در صف (ریسک نقدشوندگی و اجرای حد ضرر) | 138٪ بالای MA200 | سرانه خرید ضعیف (0.34) | صف فروش در ۵ روز اخیر
کرماشا,صنایع پتروشیمی کرمانشاه,محصولات شیمیایی,60.8,زیر نظر,100,45,27,60,28800,20260923,-8.7,18.7,19.7,-23.3,1.8,16.4,65.2,57.8,2,0,false,47.3,3.39,above,-11.4,0.87,27589,32490,-232.76,319.67,0.4,-297.08,108.57,3386,8.51,9.63,-11.7,27823,27101,32490,34444,2.17,عرضه حقوقی به حقیقی (-330 میلیارد تومان در ۲۰ روز) | 65٪ بالای MA200 | سرانه خرید ضعیف (0.40)
ساراب,سیمان‌ داراب‌,سیمان، آهک و گچ,60.8,زیر نظر,90,65,26,57,17660,20260923,-10.9,22.9,65.5,22.5,-0.9,11,48.9,53,11,1,false,35.6,3.29,above,-14.5,0.45,14873,20660,-4.74,5.52,0.37,-6.9,5.3,2361,7.48,7.14,4.8,17079,16498,20660,21822,2.58,سهم صفی: 11 روز از ۲۰ روز در صف (ریسک نقدشوندگی و اجرای حد ضرر) | عرضه حقوقی به حقیقی (-6 میلیارد تومان در ۲۰ روز) | سرانه خرید ضعیف (0.37) | نقدشوندگی کمتر از ۱۰ میلیارد تومان | صف فروش در ۵ روز اخیر
کپارس,کاشی‌ پارس‌,کاشی و سرامیک,60.6,زیر نظر,100,65,0.5,70,17890,20260923,-10.6,21.9,84.6,41.6,1.5,30.2,106.3,61.8,9,2,false,68.1,3.4,above,-12.7,0.47,16510,20500,-15.87,-34.07,0.32,-31.9,26.22,2681,6.67,7.65,-12.8,17281,16369,20500,21717,1.72,واگرایی منفی RSI | خروج مستمر پول حقیقی | سهم صفی: 9 روز از ۲۰ روز در صف (ریسک نقدشوندگی و اجرای حد ضرر) | رشد عمودی (85٪ در ۶۰ روز، 30٪ بالای MA50) | 106٪ بالای MA200 | سرانه خرید ضعیف (0.32) | واگرایی منفی | حد ضرر دور (8.5٪) | صف فروش در ۵ روز اخیر
خزامیا,زامیاد,خودرو و ساخت قطعات,60.6,زیر نظر,100,60,54.4,20,1778,20260923,4,18,52.2,9.2,6.8,26.9,51.2,70.1,3,0,false,45.6,3.32,above,-0.1,1.14,1754,,58.43,-54.62,1.26,62.85,156.09,85,20.92,,,1754,1725,1955,2073,3.31,واگرایی منفی RSI | 51٪ بالای MA200 | واگرایی منفی
خشرق,الکتریک‌ خودرو شرق‌,خودرو و ساخت قطعات,60.5,زیر نظر,90,65,52,30,2745,20260923,-8.2,15.1,49.6,6.5,-1.8,18.6,40.6,55.4,5,1,false,55.7,3.94,above,-11.7,0.71,2509,3110,0.62,20.88,0.77,-5.69,10.23,137,20.04,,,2637,2475,3110,3326,1.35,عرضه حقوقی به حقیقی (-21 میلیارد تومان در ۲۰ روز) | سرانه خرید ضعیف (0.77) | حد ضرر دور (9.8٪) | صف فروش در ۵ روز اخیر
شپاس,نفت پاسارگاد,فراورده های نفتی، کک و سوخت هسته ای,60.4,زیر نظر,70,45,51.5,70,44490,20260923,-7.9,13.4,6,-37,-3.4,11,18.6,51,5,1,false,34,4.03,above,-12.1,0.43,42890,46976,0.8,106.88,0.78,-7.67,21.8,6293,7.07,8.12,-12.9,42890,41993,46976,49138,1,عرضه حقوقی به حقیقی (-102 میلیارد تومان در ۲۰ روز) | سرانه خرید ضعیف (0.78) | صف فروش در ۵ روز اخیر
گکیش,توریستی ورفاهی آبادگران کیش,هتل و رستوران,60.4,زیر نظر,100,65,89.5,20,9670,20260923,-5,3.1,45.2,2.1,2.9,9.5,31.5,57.1,2,0,false,35.3,4.28,above,-7.7,1.21,9029,9870,3.69,6.54,1.99,3.14,1.6,60,161.17,,,9256,8822,9870,10280,0.24,نقدشوندگی پایین | P/E بالا (161) | عرضه حقوقی به حقیقی (-5 میلیارد تومان در ۲۰ روز) | حد ضرر دور (8.8٪) | نقدشوندگی کمتر از ۱۰ میلیارد تومان
پخش,پخش البرز,مواد و محصولات دارویی,60.4,زیر نظر,100,43,27,60,13470,20260923,-4,-1.3,39.7,-3.3,0.2,8,73,55.9,1,0,false,36,4.11,above,-6.8,0.64,13000,14220,43.26,-66.95,0.57,-45.55,71.35,2029,6.64,8.86,-25.1,13000,12723,14220,14450,1,واگرایی منفی RSI | 73٪ بالای MA200 | سرانه خرید ضعیف (0.57) | واگرایی منفی
گکوثر,هتل پارسیان کوثر اصفهان,هتل و رستوران,60.3,زیر نظر,100,70,61.2,4,5660,20260923,15.3,60.3,67.3,24.2,24.2,55.5,103.9,91.9,6,0,true,74.1,2.56,above,-0.2,1.88,4660,,-3.71,10.1,1.49,14.51,10.19,257,22.02,4.69,369.6,5515,5370,6094,6384,1.5,اشباع خرید | فاصله زیاد از MA20 | سهم صفی: 6 روز از ۲۰ روز در صف (ریسک نقدشوندگی و اجرای حد ضرر) | رشد عمودی (67٪ در ۶۰ روز، 55٪ بالای MA50) | عرضه حقوقی به حقیقی (-18 میلیارد تومان در ۲۰ روز) | 104٪ بالای MA200
ثغرب,شرکت سرمایه گذاری مسکن شمالغرب,انبوه سازی، املاک و مستغلات,60.3,زیر نظر,100,60,69.1,4,17870,20260923,2.8,57.4,285.4,242.3,16.7,60.9,210.6,81,15,1,true,86.2,2.48,above,-5.8,0.9,9480,,8.75,31.83,1.46,-2.79,9.49,415,43.06,23.59,82.5,17427,16984,19198,20084,1.5,اشباع خرید | فاصله زیاد از MA20 | سهم صفی: 15 روز از ۲۰ روز در صف (ریسک نقدشوندگی و اجرای حد ضرر) | رشد عمودی (285٪ در ۶۰ روز، 61٪ بالای MA50) | P/E بالا (43) | عرضه حقوقی به حقیقی (-32 میلیارد تومان در ۲۰ روز) | 211٪ بالای MA200 | نقدشوندگی کمتر از ۱۰ میلیارد تومان | صف فروش در ۵ روز اخیر
شگویا,پتروشیمی تندگویان,محصولات شیمیایی,60.3,زیر نظر,100,40,73,16,12690,20260923,6.2,61.5,27.6,-15.5,21.8,38.6,83.1,84.8,13,0,true,46.9,2.73,above,0,1.94,11270,,-156.6,243.99,2.53,142.38,99.71,1099,11.55,8.01,44.2,12343,11996,13731,14425,1.5,اشباع خرید | فاصله زیاد از MA20 | سهم صفی: 13 روز از ۲۰ روز در صف (ریسک نقدشوندگی و اجرای حد ضرر) | رشد عمودی (28٪ در ۶۰ روز، 39٪ بالای MA50) | عرضه حقوقی به حقیقی (-247 میلیارد تومان در ۲۰ روز) | 83٪ بالای MA200
بهپاک,صنعتی بهپاک,محصولات غذایی و آشامیدنی به جز قند و شکر,60.3,زیر نظر,70,30,43,90,15590,20260923,-7.1,2.7,11,-32,-6.1,2,73.1,44.3,2,1,false,21.1,3.95,above,-15.1,0.6,14925,16300,6.26,20.43,0.46,-34.83,34.67,3539,4.41,7.05,-37.5,14974,14617,16300,18360,0.73,عرضه حقوقی به حقیقی (-22 میلیارد تومان در ۲۰ روز) | 73٪ بالای MA200 | سرانه خرید ضعیف (0.46) | صف فروش در ۵ روز اخیر
سکرد,سیمان کردستان,سیمان، آهک و گچ,60.3,زیر نظر,100,45,28,57,15080,20260923,-8.4,12.6,18.5,-24.6,1.8,11.7,50.9,55.2,4,1,false,36.4,3.41,above,-12.8,0.66,14650,17300,-1.52,11.95,0.67,-5.48,8.65,2014,7.49,7.14,4.9,14650,14393,17300,18328,3.23,عرضه حقوقی به حقیقی (-12 میلیارد تومان در ۲۰ روز) | 51٪ بالای MA200 | سرانه خرید ضعیف (0.67) | نقدشوندگی کمتر از ۱۰ میلیارد تومان | شناوری کم (14٪) | صف فروش در ۵ روز اخیر
بتیس,بیمه زندگی ایساتیس,بیمه وصندوق بازنشستگی به جزتامین اجتماعی,60.3,زیر نظر,100,65,37,32,3540,20260923,-5.9,9.3,88.4,45.3,0.7,18.6,,58.6,1,0,false,52.4,3.59,above,-8.1,0.6,3450,3825,-1.2,-9.77,2.11,6.48,4.96,385,9.19,,,3450,3386,3825,4080,1.86,خروج مستمر پول حقیقی | نقدشوندگی کمتر از ۱۰ میلیارد تومان
سیتا,سرمایه گذاری سیمان تامین,سیمان، آهک و گچ,60.1,زیر نظر,100,45,27.5,57,29360,20260923,-9.3,9.3,18.3,-24.8,1.4,8.8,57.1,53.8,6,0,false,25.6,3.39,above,-10,1.38,28990,29872,-52.79,50.48,0.76,-44.07,31.43,4273,6.87,7.14,-3.8,28990,28493,29872,32640,0.59,سهم صفی: 6 روز از ۲۰ روز در صف (ریسک نقدشوندگی و اجرای حد ضرر) | عرضه حقوقی به حقیقی (-51 میلیارد تومان در ۲۰ روز) | 57٪ بالای MA200 | سرانه خرید ضعیف (0.76) | شناوری کم (10٪)
ختور,رادیاتور ایران‌,خودرو و ساخت قطعات,60.1,زیر نظر,100,60,30.2,42,3850,20260923,2.7,36.5,94.5,51.4,13.4,35.1,89.5,81.7,6,0,true,65.7,3.52,above,-4.2,1.62,2780,,-44.51,8.49,0.93,-4.07,28.73,715,5.38,,,3714,3579,4257,4528,1.5,واگرایی منفی RSI | اشباع خرید | سهم صفی: 6 روز از ۲۰ روز در صف (ریسک نقدشوندگی و اجرای حد ضرر) | رشد عمودی (94٪ در ۶۰ روز، 35٪ بالای MA50) | عرضه حقوقی به حقیقی (-25 میلیارد تومان در ۲۰ روز) | 90٪ بالای MA200 | واگرایی منفی | حد ضرر دور (7.0٪)
پیزد,مجتمع صنایع لاستیک یزد,لاستیک و پلاستیک,60,زیر نظر,100,60,12,60,12000,20260923,0.3,53.5,229.8,186.7,14.4,58.8,169.2,82.9,13,0,true,83.9,2.91,above,-4.9,1.76,5138,12620,-140,-151.7,0.59,-220.6,54.01,1599,7.5,9.84,-23.7,11650,11301,12620,13319,0.89,اشباع خرید | خروج مستمر پول حقیقی | سهم صفی: 13 روز از ۲۰ روز در صف (ریسک نقدشوندگی و اجرای حد ضرر) | رشد عمودی (230٪ در ۶۰ روز، 59٪ بالای MA50) | 169٪ بالای MA200 | سرانه خرید ضعیف (0.59)
سمتاز,سیمان ممتازان کرمان,سیمان، آهک و گچ,60,زیر نظر,100,45,27,57,62150,20260923,-2.6,13.2,24.2,-18.9,0.9,9,70.6,54.1,3,0,false,43.8,3.79,above,-11.2,0.93,59740,70000,-1.84,7.12,0.52,-6.2,3.27,8478,7.33,6.69,9.6,59792,58561,70000,74716,2.19,عرضه حقوقی به حقیقی (-9 میلیارد تومان در ۲۰ روز) | 71٪ بالای MA200 | سرانه خرید ضعیف (0.52) | نقدشوندگی کمتر از ۱۰ میلیارد تومان
وصنا,گروه‌صنایع‌بهشهرایران‌,سرمایه گذاریها,59.9,زیر نظر,100,65,20.4,47,5940,20260923,-0.2,22,91.7,48.6,3.8,21.1,95.4,64.2,4,0,false,54.6,3.32,above,-7.3,0.7,4790,6410,-21.63,-50.47,1.54,-13.77,15.17,842,7.05,7.13,-1.1,5743,5545,6410,6805,1.19,خروج مستمر پول حقیقی | 95٪ بالای MA200
سبهان,سیمان‌ بهبهان‌,سیمان، آهک و گچ,59.8,زیر نظر,70,30,51,80,5630,20260923,-9.2,4.6,-15.8,-58.9,-7.1,0.7,32.8,42.5,4,1,false,23.8,4.08,above,-27.2,0.48,5465,5770,3.18,12.85,0.44,-10.52,12.64,989,5.69,7.14,-20.3,5465,5350,5770,6700,0.5,عرضه حقوقی به حقیقی (-12 میلیارد تومان در ۲۰ روز) | سرانه خرید ضعیف (0.44) | صف فروش در ۵ روز اخیر
بساما,بیمه سامان,بیمه وصندوق بازنشستگی به جزتامین اجتماعی,59.7,زیر نظر,100,48,70.5,10,15270,20260923,7.1,23.3,39.1,-4,16.8,32.8,48.3,85.5,0,0,true,49.7,3.35,above,-0.1,1.36,12900,,2.58,-11.36,1.52,6.2,4.44,,,18.13,,14759,14247,16804,17826,1.5,اشباع خرید | فاصله زیاد از MA20 | خروج مستمر پول حقیقی | بدون EPS مثبت | رشد عمودی (39٪ در ۶۰ روز، 33٪ بالای MA50) | نقدشوندگی کمتر از ۱۰ میلیارد تومان
کیمیاتک,آریان کیمیا تک,محصولات شیمیایی,59.7,زیر نظر,100,65,19.8,47,19590,20260923,-10.5,13.2,81.1,38,2,14.8,113.2,57.2,4,1,false,49,3.41,above,-11.8,0.91,18400,22210,-9.16,-15.44,1.49,-2.08,25.93,1968,9.95,9.63,3.4,18922,18066,22210,23545,1.72,113٪ بالای MA200 | حد ضرر دور (7.8٪) | صف فروش در ۵ روز اخیر
کگهر,معدنی و صنعتی گهرزمین,استخراج کانه های فلزی,59.6,زیر نظر,90,38,28,72,7370,20260923,-9.6,3.7,34.2,-8.8,-4.7,11.7,43.8,49.5,4,0,false,42.3,3.6,above,-13.7,0.64,7130,7870,-39.27,114.05,0.51,-64.65,55.83,870,8.47,14.44,-41.3,7130,6997,7870,8540,1.34,واگرایی منفی RSI | عرضه حقوقی به حقیقی (-110 میلیارد تومان در ۲۰ روز) | سرانه خرید ضعیف (0.51) | واگرایی منفی
فهامون,آلیاژ گستر هامون,فلزات اساسی,59.6,زیر نظر,90,45,47.3,47,4880,20260923,-9.5,6.6,1.6,-41.4,-1.1,8.2,,51.6,3,1,false,34.5,3.88,above,-11.9,0.63,4720,4961,-10.53,27.25,0.99,7.83,23.97,596,8.19,8.05,1.7,4720,4625,4961,5234,0.32,عرضه حقوقی به حقیقی (-32 میلیارد تومان در ۲۰ روز) | صف فروش در ۵ روز اخیر
ددانا,داروسازی دانا,مواد و محصولات دارویی,59.5,زیر نظر,65,65,61,47,19800,20260923,-2.8,-12.3,149.4,106.3,-4.2,8.5,122.7,50.1,3,1,false,39,3.55,above,-16.8,0.22,7816,20150,0.2,-283.24,6.48,3.34,63.8,2409,8.22,8.86,-7.2,19097,18395,20150,22390,0.25,خروج مستمر پول حقیقی | رشد عمودی (149٪ در ۶۰ روز، 9٪ بالای MA50) | 123٪ بالای MA200 | حد ضرر دور (7.1٪) | صف فروش در ۵ روز اخیر
قصفها,قنداصفهان‌,قند و شکر,59.5,زیر نظر,90,53,27.5,60,2289,20260923,-4.5,11.5,37.8,-5.2,-0.9,13.5,64.9,54.8,5,1,false,41.2,3.62,above,-12.2,0.72,2263,2607,-3.69,22.28,0.54,-16.45,13.99,264,8.67,9.8,-11.5,2263,2222,2607,2773,4.72,عرضه حقوقی به حقیقی (-22 میلیارد تومان در ۲۰ روز) | 65٪ بالای MA200 | سرانه خرید ضعیف (0.54) | صف فروش در ۵ روز اخیر
فخوز,فولاد  خوزستان,فلزات اساسی,59.4,زیر نظر,100,75,27.5,30,2960,20260923,-3.2,52.3,61.7,18.7,15.7,30.5,82.8,73.5,10,0,true,45.5,3.51,above,-5.7,2.16,2454,3140,-1260.35,934.65,0.53,-1516.72,324.12,222,13.33,13.48,-1.1,2856,2752,3140,3348,0.87,فاصله زیاد از MA20 | سهم صفی: 10 روز از ۲۰ روز در صف (ریسک نقدشوندگی و اجرای حد ضرر) | رشد عمودی (62٪ در ۶۰ روز، 30٪ بالای MA50) | عرضه حقوقی به حقیقی (-1010 میلیارد تومان در ۲۰ روز) | 83٪ بالای MA200 | سرانه خرید ضعیف (0.53) | حد ضرر دور (7.0٪)
ولیز,لیزینگ ایران,سایر واسطه گریهای مالی,59.4,زیر نظر,100,60,37.5,32,4170,20260923,5.3,43,78.7,35.6,18.2,51.9,73.5,87.1,9,0,true,80,2.84,above,0,0.99,3260,,-3.16,-3.62,1.88,13.14,6.24,458,9.1,,,4051,3933,4526,4763,1.5,اشباع خرید | فاصله زیاد از MA20 | سهم صفی: 9 روز از ۲۰ روز در صف (ریسک نقدشوندگی و اجرای حد ضرر) | رشد عمودی (79٪ در ۶۰ روز، 52٪ بالای MA50) | 74٪ بالای MA200 | نقدشوندگی کمتر از ۱۰ میلیارد تومان
مدیریت,س. و خدمات مدیریت صند. ب کشوری,سرمایه گذاریها,59.4,زیر نظر,90,53,37,90,4670,20260923,-8.1,4.9,38.7,-4.4,-0.8,10.2,41.7,53.1,2,0,false,39.1,3.77,above,-10.7,0.8,4420,5230,-2.71,-0.23,2.36,0.95,1.9,955,4.89,8.73,-44,4494,4332,5230,5582,1.66,نقدشوندگی پایین | واگرایی منفی RSI | واگرایی منفی | حد ضرر دور (7.2٪) | نقدشوندگی کمتر از ۱۰ میلیارد تومان
دفارا,داروسازی‌ فارابی‌,مواد و محصولات دارویی,59.3,زیر نظر,100,75,7.2,50,17740,20260923,-1.7,1.5,68.1,25,1.6,16.3,108.8,59.2,1,0,false,44,3.76,above,-6,1.01,16810,18160,-23.29,-29.14,1.01,-66.18,85.74,1956,9.07,12.91,-29.7,17072,16476,18160,18590,0.33,109٪ بالای MA200 | حد ضرر دور (7.1٪)
وامیر,گروه صنعتی و معدنی امیر,استخراج کانه های فلزی,59.3,زیر نظر,100,50,52,25,10950,20260923,-3.9,41.1,160.4,117.3,9,41.3,139.4,70.6,14,3,false,78.3,2.85,above,-9.1,0.74,6610,12050,22.38,75.14,0.53,-1.81,16.55,598,18.31,,,10638,10325,12050,12675,1.76,سهم صفی: 14 روز از ۲۰ روز در صف (ریسک نقدشوندگی و اجرای حد ضرر) | رشد عمودی (160٪ در ۶۰ روز، 41٪ بالای MA50) | عرضه حقوقی به حقیقی (-75 میلیارد تومان در ۲۰ روز) | 139٪ بالای MA200 | سرانه خرید ضعیف (0.53) | صف فروش در ۵ روز اخیر
فصبا,صبا فولاد خلیج فارس,فلزات اساسی,59.2,زیر نظر,100,63,62.5,4,3870,20260923,-2.3,32.4,36.8,-6.2,10.9,26.3,47.6,71,5,0,true,39.9,3.47,above,-4.9,1.77,3090,4070,-11.48,33.82,2.05,79.46,23.2,178,21.74,8.05,170.1,3736,3602,4070,4338,0.75,عرضه حقوقی به حقیقی (-27 میلیارد تومان در ۲۰ روز)
شاراک,پتروشیمی شازند,محصولات شیمیایی,59.1,زیر نظر,100,50,16.5,60,28870,20260923,2.3,44,85.8,42.8,12.6,37,127.1,76.3,6,0,false,62.4,3.11,above,-2.1,0.98,26570,29490,-187.6,76.09,0.64,-244.89,139.02,3871,7.46,9.63,-22.6,27971,26622,29490,31288,0.28,سهم صفی: 6 روز از ۲۰ روز در صف (ریسک نقدشوندگی و اجرای حد ضرر) | رشد عمودی (86٪ در ۶۰ روز، 37٪ بالای MA50) | عرضه حقوقی به حقیقی (-100 میلیارد تومان در ۲۰ روز) | 127٪ بالای MA200 | سرانه خرید ضعیف (0.64) | حد ضرر دور (7.8٪)
فزر,پویا زرکان آق دره,استخراج کانه های فلزی,58.9,زیر نظر,100,60,63.5,4,302900,20260923,1.3,47.7,122.8,79.7,14.3,45.8,152.4,83.3,6,0,true,77.2,3.11,above,-2.2,1.41,283700,309800,613.68,1130.68,0.49,-2503.98,875.88,9504,31.87,14.44,120.7,293482,279354,309800,328636,0.29,واگرایی منفی RSI | اشباع خرید | سهم صفی: 6 روز از ۲۰ روز در صف (ریسک نقدشوندگی و اجرای حد ضرر) | رشد عمودی (123٪ در ۶۰ روز، 46٪ بالای MA50) | P/E بالا (32) | عرضه حقوقی به حقیقی (-1112 میلیارد تومان در ۲۰ روز) | 152٪ بالای MA200 | سرانه خرید ضعیف (0.49) | واگرایی منفی | حد ضرر دور (7.8٪)
کساوه,صنایع‌ کاشی‌ و سرامیک‌ سینا,کاشی و سرامیک,58.9,زیر نظر,100,65,3.5,60,29650,20260923,-4.1,11.1,69.4,26.3,2.9,17,92.1,58.8,8,1,false,44.4,3.38,above,-9.6,1.43,26432,32800,-37.56,-14.82,0.73,-36.9,19.29,4425,6.7,7.65,-12.4,28647,27644,32800,34806,1.57,سهم صفی: 8 روز از ۲۰ روز در صف (ریسک نقدشوندگی و اجرای حد ضرر) | 92٪ بالای MA200 | سرانه خرید ضعیف (0.73) | صف فروش در ۵ روز اخیر
کنور,توسعه معدنی و صنعتی صبانور,استخراج کانه های فلزی,58.9,زیر نظر,100,65,1.5,62,6000,20260923,-6.8,18.6,69,26,0.6,26.9,86.8,61.9,2,0,false,52.3,3.56,above,-7.7,0.66,5890,6380,-68.6,-41.56,0.42,-69.81,29.52,738,8.13,13.76,-40.9,5890,5783,6380,6500,1.75,واگرایی منفی RSI | خروج مستمر پول حقیقی | 87٪ بالای MA200 | سرانه خرید ضعیف (0.42) | واگرایی منفی | شناوری کم (9٪)
زهلال,کشت و صنعت هلال,زراعت و خدمات وابسته,58.8,زیر نظر,85,75,36,37,52660,20260923,0.9,9,50.1,7.1,2.3,8.9,,59.4,0,0,false,30.7,3.64,,-4.7,0.68,50890,55280,-2.06,-0.95,8.46,27.19,13.85,6307,8.35,8.07,3.5,50890,49932,55280,59112,0.96,
واحصا,احیاء صنایع خراسان,سرمایه گذاریها,58.8,زیر نظر,100,60,47,20,29250,20260923,3.1,21.9,97.9,54.8,8.9,24,119.1,78.8,0,0,false,47.3,3.77,above,0,1.28,26980,,-4.13,-11.89,3.38,3.46,3.41,126,232.14,,,28148,26496,32555,34759,1.2,واگرایی منفی RSI | اشباع خرید | خروج مستمر پول حقیقی | P/E بالا (232) | 119٪ بالای MA200 | واگرایی منفی | حد ضرر دور (9.4٪) | نقدشوندگی کمتر از ۱۰ میلیارد تومان
غشاذر,پگاه‌آذربایجان‌غربی‌,محصولات غذایی و آشامیدنی به جز قند و شکر,58.6,زیر نظر,70,45,54.5,60,18680,20260923,-7,5.2,32.8,-10.3,-1.8,8.3,65.7,51.6,0,0,false,19.7,3.98,above,-9.3,0.61,18110,19020,0.67,16.18,0.9,-9.74,13.94,2810,6.65,8.53,-22.1,18110,17739,19020,20060,0.36,واگرایی منفی RSI | عرضه حقوقی به حقیقی (-10 میلیارد تومان در ۲۰ روز) | 66٪ بالای MA200 | واگرایی منفی
بکاب,صنایع‌جوشکاب‌یزد,ماشین آلات و دستگاه‌های برقی,58.6,زیر نظر,100,45,52.5,26,12660,20260923,-12.1,16.3,27.1,-16,0.8,16.4,43.9,54.7,3,1,false,43.8,3.81,above,-14.6,0.94,12070,13050,1.07,17.63,0.68,-7.13,7.88,1077,11.75,6.15,91.1,12178,11829,13050,13510,0.47,عرضه حقوقی به حقیقی (-18 میلیارد تومان در ۲۰ روز) | 157٪ بالای کف ۵۲ هفته | سرانه خرید ضعیف (0.68) | نقدشوندگی کمتر از ۱۰ میلیارد تومان | صف فروش در ۵ روز اخیر
شتران,پالایش نفت تهران,فراورده های نفتی، کک و سوخت هسته ای,58.6,زیر نظر,100,53,2,70,6530,20260923,-7.6,17.7,38.2,-4.9,4.4,23,90.3,62.7,4,1,false,56,3.61,above,-10.1,0.92,5005,7260,-640.08,-265.35,0.5,-816.83,484.22,1249,5.23,6.26,-16.5,6294,6059,7260,7731,1.55,90٪ بالای MA200 | سرانه خرید ضعیف (0.50) | حد ضرر دور (7.2٪) | صف فروش در ۵ روز اخیر
اردستان,سیمان اردستان,سیمان، آهک و گچ,58.5,زیر نظر,100,55,10.1,60,31640,20260923,3.6,19.9,10.5,-32.6,6.2,16.3,42.6,63.8,3,0,false,27.2,3.31,above,-5.5,1.16,29783,33470,-18.74,-57.09,1.14,-10.98,16.02,5074,6.24,7.14,-12.7,30592,29259,33470,35565,0.77,خروج مستمر پول حقیقی | حد ضرر دور (7.5٪)
چخزر,صنایع چوب خزر کاسپین,محصولات چوبی,58.5,زیر نظر,90,65,37,37,186600,20260923,-0.1,-2.7,115.6,72.5,-1.1,9.6,122.8,56.1,2,0,false,29.9,3.74,above,-8.3,0.6,180000,188600,-7.85,-15.74,4.41,18.59,14.76,20671,9.03,9.03,0,180000,176512,188600,197900,0.2,خروج مستمر پول حقیقی | رشد عمودی (116٪ در ۶۰ روز، 10٪ بالای MA50) | 123٪ بالای MA200
آبین,کشت و صنعت آبشیرین,زراعت و خدمات وابسته,58.5,زیر نظر,100,60,46,20,12430,20260923,10.7,66.2,76.7,33.7,25.2,53.7,172.7,95.2,12,0,true,65.1,2.91,above,0,1.79,8305,,-3.07,-4.37,2.5,20.19,5.96,235,52.89,,,12068,11705,13517,14241,1.5,اشباع خرید | فاصله زیاد از MA20 | سهم صفی: 12 روز از ۲۰ روز در صف (ریسک نقدشوندگی و اجرای حد ضرر) | رشد عمودی (77٪ در ۶۰ روز، 54٪ بالای MA50) | P/E بالا (53) | 173٪ بالای MA200 | نقدشوندگی کمتر از ۱۰ میلیارد تومان | واگرایی مثبت RSI
حیات,بیمه زندگی مفید,بیمه وصندوق بازنشستگی به جزتامین اجتماعی,58.5,زیر نظر,100,60,86,20,8600,20260923,7.8,52.8,305.7,262.6,17.5,62.4,,99.8,18,0,true,97.7,2.36,above,-2.3,0.81,2530,,0.84,14.37,2.59,1.46,2.98,327,26.3,,,8397,8194,9210,9616,1.5,نقدشوندگی پایین | اشباع خرید | فاصله زیاد از MA20 | سهم صفی: 18 روز از ۲۰ روز در صف (ریسک نقدشوندگی و اجرای حد ضرر) | رشد عمودی (306٪ در ۶۰ روز، 62٪ بالای MA50) | عرضه حقوقی به حقیقی (-14 میلیارد تومان در ۲۰ روز) | 530٪ بالای کف ۵۲ هفته | نقدشوندگی کمتر از ۱۰ میلیارد تومان
شاروم,پتروشیمی ارومیه,محصولات شیمیایی,58.5,زیر نظر,100,45,51.9,26,15270,20260923,-8.7,28,27.8,-15.2,4.1,19,56.9,59.9,6,2,false,45.9,3.2,above,-11.9,1.46,13706,17330,-33.58,13.24,1.56,9.01,15.36,1318,11.59,8.01,44.6,14782,14294,17330,18306,2.11,سهم صفی: 6 روز از ۲۰ روز در صف (ریسک نقدشوندگی و اجرای حد ضرر) | عرضه حقوقی به حقیقی (-10 میلیارد تومان در ۲۰ روز) | 57٪ بالای MA200 | صف فروش در ۵ روز اخیر | واگرایی مثبت RSI
کورز,ورزیران‌,سایر محصولات کانی غیرفلزی,58.5,زیر نظر,100,48,95.5,20,7250,20260923,7.9,44.4,42.5,-0.6,16.8,33,53.5,88,10,0,true,39.8,2.83,above,-0.1,1.35,5872,,4.64,4.65,2.23,2.92,1.26,133,54.51,,,7045,6839,7866,8277,1.5,نقدشوندگی پایین | اشباع خرید | فاصله زیاد از MA20 | سهم صفی: 10 روز از ۲۰ روز در صف (ریسک نقدشوندگی و اجرای حد ضرر) | رشد عمودی (43٪ در ۶۰ روز، 33٪ بالای MA50) | P/E بالا (55) | 54٪ بالای MA200 | نقدشوندگی کمتر از ۱۰ میلیارد تومان
وسپه,سرمایه‌گذاری‌ سپه‌,سرمایه گذاریها,58.4,زیر نظر,100,65,1.5,60,7240,20260923,-2.2,22.1,46.9,3.8,6,26.8,57.7,68.2,1,0,false,59,3.64,above,-6.6,0.91,6560,7750,-61.51,-125.66,0.4,-87.35,43.39,1251,5.79,7.13,-18.8,6977,6582,7750,8277,0.77,واگرایی منفی RSI | خروج مستمر پول حقیقی | 58٪ بالای MA200 | سرانه خرید ضعیف (0.40) | واگرایی منفی | حد ضرر دور (9.1٪)
شمواد,تولید مواداولیه الیاف مصنوعی,محصولات شیمیایی,58.4,زیر نظر,100,75,21.5,32,13050,20260923,0.5,30.6,87.8,44.7,10.5,29.1,168.6,74.1,8,0,true,51.8,3.43,above,-2.4,0.8,11700,13370,-20.27,-116.98,4.17,-2.1,23.9,1509,8.65,,,12602,12154,13370,14266,0.36,خروج مستمر پول حقیقی | سهم صفی: 8 روز از ۲۰ روز در صف (ریسک نقدشوندگی و اجرای حد ضرر) | 169٪ بالای MA200
جم پیلن,پتروشیمی جم پیلن,محصولات شیمیایی,58.4,زیر نظر,100,65,1.5,60,304700,20260923,-2.5,31.9,105.7,62.6,7.1,28.3,74.9,68.1,3,0,false,47,3.39,above,-4.2,0.54,263600,318000,-53.73,-119.03,0.61,-59.12,38.86,41853,7.28,9.63,-24.4,294369,284038,318000,338662,0.64,واگرایی منفی RSI | خروج مستمر پول حقیقی | رشد عمودی (106٪ در ۶۰ روز، 28٪ بالای MA50) | 75٪ بالای MA200 | سرانه خرید ضعیف (0.61) | واگرایی منفی | شناوری کم (11٪)
غبهنوش,بهنوش‌ ایران‌,محصولات غذایی و آشامیدنی به جز قند و شکر,58.3,زیر نظر,75,80,65.2,14,81270,20260923,10.8,23.2,5.5,-37.5,10.1,1.6,15.8,59.7,2,0,true,20.1,3.41,below,-21.1,1.27,78310,84490,-4.18,35.73,1.31,7,18.54,1714,47.42,8.53,455.9,78498,76924,84490,86100,0.74,P/E بالا (47) | عرضه حقوقی به حقیقی (-38 میلیارد تومان در ۲۰ روز)
درازک,دارویی‌ رازک‌,مواد و محصولات دارویی,58.1,زیر نظر,90,55,20.5,60,4500,20260923,-2,-2.8,228.1,185.1,-2.4,23.9,135.5,57.4,5,1,false,46.9,3.65,above,-11.1,0.41,4320,4810,-12.62,-93.58,1.83,-13.74,66.52,453,9.93,12.91,-23.1,4336,4238,4810,5060,1.18,واگرایی منفی RSI | خروج مستمر پول حقیقی | رشد عمودی (228٪ در ۶۰ روز، 24٪ بالای MA50) | 136٪ بالای MA200 | واگرایی منفی | صف فروش در ۵ روز اخیر
خدیزل,بهمن  دیزل,خودرو و ساخت قطعات,58.1,زیر نظر,90,45,28.5,60,1744,20260923,-6.3,4.7,7.6,-35.5,-2.2,4.8,35.6,50.1,1,1,false,29.2,4.16,above,-8.9,0.64,1663,1793,-0.33,21.34,0.64,-4.42,9.22,348,5.01,5.87,-14.6,1671,1627,1793,1914,0.42,عرضه حقوقی به حقیقی (-21 میلیارد تومان در ۲۰ روز) | سرانه خرید ضعیف (0.64) | نقدشوندگی کمتر از ۱۰ میلیارد تومان | صف فروش در ۵ روز اخیر
وپسا,گ.س.پتروشیمی ساختمان خلیج فارس,پیمانکاری صنعتی,58.1,زیر نظر,90,65,42.5,30,2660,20260923,-12.7,10.2,51.4,8.3,-2.7,14.4,51.7,52.8,6,3,false,49.9,3.74,above,-14.5,0.41,2482,3110,0.61,0.05,0.51,-3.8,5.22,20,133,,,2561,2432,3110,3309,1.98,واگرایی منفی RSI | سهم صفی: 6 روز از ۲۰ روز در صف (ریسک نقدشوندگی و اجرای حد ضرر) | P/E بالا (133) | عرضه حقوقی به حقیقی (0 میلیارد تومان در ۲۰ روز) | 52٪ بالای MA200 | سرانه خرید ضعیف (0.51) | واگرایی منفی | حد ضرر دور (8.6٪) | نقدشوندگی کمتر از ۱۰ میلیارد تومان | صف فروش در ۵ روز اخیر
بالبر,کابل‌ البرز,ماشین آلات و دستگاه‌های برقی,57.9,زیر نظر,90,55,55.7,24,28390,20260923,3.2,15.2,5.3,-37.8,5.1,16.5,11.5,63.8,1,0,false,28.7,4.01,above,-32.8,0.7,27760,34550,0.64,29.92,0.97,-3.71,9.1,309,91.88,6.15,1393.9,27760,27191,34550,42230,5.14,P/E بالا (92) | عرضه حقوقی به حقیقی (-30 میلیارد تومان در ۲۰ روز) | نقدشوندگی کمتر از ۱۰ میلیارد تومان
فوکا,فولاد کاویان,فلزات اساسی,57.9,زیر نظر,100,65,2.5,57,6370,20260923,-10.5,28.9,83.5,40.4,3.1,37.1,,65.4,13,2,false,75.4,3.52,above,-12.7,1.61,3563,7300,-40.31,-10.76,0.63,-16.93,10.98,817,7.8,8.05,-3.1,6146,5921,7300,7749,2.07,سهم صفی: 13 روز از ۲۰ روز در صف (ریسک نقدشوندگی و اجرای حد ضرر) | رشد عمودی (83٪ در ۶۰ روز، 37٪ بالای MA50) | 211٪ بالای کف ۵۲ هفته | سرانه خرید ضعیف (0.63) | حد ضرر دور (7.0٪) | صف فروش در ۵ روز اخیر
وآرین,گروه توسعه اقتصادی آرین,سرمایه گذاریها,57.8,زیر نظر,100,65,29.4,30,2790,20260923,-10.3,19,62.3,19.2,1.8,27,58.4,60.7,1,0,false,56.1,3.83,above,-13.4,0.79,2738,3220,-2.81,-17.86,1.31,2.57,3.88,62,45,,,2738,2685,3220,3433,4.1,خروج مستمر پول حقیقی | P/E بالا (45) | 58٪ بالای MA200 | نقدشوندگی کمتر از ۱۰ میلیارد تومان
شپترو,پتروشیمی آبادان,محصولات شیمیایی,57.8,زیر نظر,100,60,53.1,10,2931,20260923,5,61.8,108,65,19.8,45.4,108.6,84.1,12,0,true,67,2.91,above,-3.6,2.72,1920,,-2,3.58,1.26,24.37,11.57,,,,,2846,2760,3187,3358,1.5,اشباع خرید | فاصله زیاد از MA20 | بدون EPS مثبت | سهم صفی: 12 روز از ۲۰ روز در صف (ریسک نقدشوندگی و اجرای حد ضرر) | رشد عمودی (108٪ در ۶۰ روز، 45٪ بالای MA50) | 109٪ بالای MA200
حتوکا,حمل‌ونقل‌توکا,حمل ونقل، انبارداری و ارتباطات,57.7,زیر نظر,100,45,12.9,62,2639,20260923,-2.7,6,28.9,-14.2,3.7,20.5,38.3,63.6,1,0,false,44.3,3.98,above,-7.1,0.37,2576,2840,-5.52,-28.63,1.19,-0.43,20.62,320,8.25,19.33,-57.3,2576,2523,2840,3050,1.74,واگرایی منفی RSI | خروج مستمر پول حقیقی | واگرایی منفی
بپیوند,برق و انرژی پیوندگستر پارس,عرضه برق، گاز، بخاروآب گرم,57.6,زیر نظر,65,35,77.5,47,18150,20260923,-1.9,-6.2,21,-22,-1.2,8.9,48.2,52.8,0,0,false,25.4,3.86,above,-10.1,0.67,17150,19560,0.08,0.09,9.06,8.27,3.69,1762,10.3,10.04,2.6,17450,16800,19560,20190,1.04,عرضه حقوقی به حقیقی (0 میلیارد تومان در ۲۰ روز) | حد ضرر دور (7.4٪) | نقدشوندگی کمتر از ۱۰ میلیارد تومان
فن آوا,گروه فن آوا,رایانه و فعالیت‌های وابسته به آن,57.6,زیر نظر,100,35,32.5,50,3830,20260923,-0.8,51.7,181.1,138,14.7,58.5,132.7,82.4,15,1,false,82.5,2.73,above,-3.5,1.23,1716,3970,-0.49,39,0.98,-0.8,13.13,1675,2.29,,,3725,3621,3970,4179,0.67,اشباع خرید | سهم صفی: 15 روز از ۲۰ روز در صف (ریسک نقدشوندگی و اجرای حد ضرر) | رشد عمودی (181٪ در ۶۰ روز، 58٪ بالای MA50) | عرضه حقوقی به حقیقی (-34 میلیارد تومان در ۲۰ روز) | 133٪ بالای MA200 | صف فروش در ۵ روز اخیر
کلوند,کاشی‌ الوند,کاشی و سرامیک,57.6,زیر نظر,90,53,56,24,6950,20260923,-0.7,7.6,35,-8,-1.2,14.4,62.1,56.3,3,0,false,35.4,3.58,above,-9,1.03,6740,7240,9.7,18.81,0.94,-2.94,13.51,820,8.48,7.65,10.8,6740,6616,7240,7640,0.87,واگرایی منفی RSI | عرضه حقوقی به حقیقی (-17 میلیارد تومان در ۲۰ روز) | 62٪ بالای MA200 | واگرایی منفی
سفانو,سیمان فارس نو,سیمان، آهک و گچ,57.5,زیر نظر,90,30,28,70,54110,20260923,-6.6,4.7,25.7,-17.3,-4.8,1.9,51.2,45.6,1,0,false,25.6,3.98,above,-16.1,0.7,52475,56415,-1.05,39.87,0.41,-13.46,9.62,8458,6.4,7.14,-10.4,52475,51398,56415,64480,0.85,عرضه حقوقی به حقیقی (-40 میلیارد تومان در ۲۰ روز) | 51٪ بالای MA200 | سرانه خرید ضعیف (0.41) | نقدشوندگی کمتر از ۱۰ میلیارد تومان
شکام,صنایع شیمیایی کیمیاگران امروز,محصولات شیمیایی,57.4,زیر نظر,100,65,20.5,37,10270,20260923,0.5,20.5,120.6,77.6,2.9,28.9,142.7,64.8,5,0,false,51.1,3.79,above,-7.6,0.54,8320,11080,-56.48,-82.72,1.61,-101.14,113.1,1258,8.16,8.01,1.9,9881,9492,11080,11858,1.04,رشد عمودی (121٪ در ۶۰ روز، 29٪ بالای MA50) | 143٪ بالای MA200 | حد ضرر دور (7.6٪)
شیراز,پتروشیمی‌شیراز,محصولات شیمیایی,57.4,زیر نظر,90,30,27.5,70,68120,20260923,-11.8,10.2,-4.4,-47.5,-3.2,3,38.4,47,0,0,false,29.3,4.28,above,-17.5,0.88,66807,71020,-88.48,118.93,0.54,-105.17,66.89,9681,7.04,9.63,-26.9,66807,65350,71020,75580,1.05,عرضه حقوقی به حقیقی (-116 میلیارد تومان در ۲۰ روز) | 179٪ بالای کف ۵۲ هفته | سرانه خرید ضعیف (0.54) | شناوری کم (12٪)
وبشهر,توسعه‌ صنایع‌ بهشهر(هلدینگ,محصولات غذایی و آشامیدنی به جز قند و شکر,57.4,زیر نظر,100,65,20.5,37,6990,20260923,-6.9,31.4,44.7,1.7,7.4,23.2,96.6,65.4,8,0,false,50.5,3.54,above,-9.2,1.15,5650,7700,-20.27,17.05,0.88,-32.11,17.38,748,9.34,8.53,9.6,6742,6495,7700,8195,1.43,سهم صفی: 8 روز از ۲۰ روز در صف (ریسک نقدشوندگی و اجرای حد ضرر) | عرضه حقوقی به حقیقی (-16 میلیارد تومان در ۲۰ روز) | 97٪ بالای MA200 | حد ضرر دور (7.1٪)
فلامی,لامیران‌,ساخت محصولات فلزی,57.3,زیر نظر,100,90,28,9,10170,20260923,-4.1,24.5,55.3,12.2,8.3,19.8,51.4,67.2,7,1,true,33.2,3.57,above,-6.2,1.14,9100,10840,-1.53,13.58,0.74,-3.8,3.1,586,17.35,7.54,130.2,9807,9262,10840,11566,0.74,سهم صفی: 7 روز از ۲۰ روز در صف (ریسک نقدشوندگی و اجرای حد ضرر) | عرضه حقوقی به حقیقی (-13 میلیارد تومان در ۲۰ روز) | 51٪ بالای MA200 | سرانه خرید ضعیف (0.74) | حد ضرر دور (8.9٪) | نقدشوندگی کمتر از ۱۰ میلیارد تومان | صف فروش در ۵ روز اخیر
غمارگ,مارگارین,محصولات غذایی و آشامیدنی به جز قند و شکر,57.3,زیر نظر,100,65,27,30,2574,20260923,-14.1,31.9,81.1,38.1,1.6,31.8,91.8,59.3,16,4,false,69.2,2.96,above,-14.3,0.21,1860,3004,-0.31,18.43,0.15,-5.9,7.34,120,21.45,,,2498,2422,3004,3156,2.82,سهم صفی: 16 روز از ۲۰ روز در صف (ریسک نقدشوندگی و اجرای حد ضرر) | رشد عمودی (81٪ در ۶۰ روز، 32٪ بالای MA50) | عرضه حقوقی به حقیقی (-19 میلیارد تومان در ۲۰ روز) | 92٪ بالای MA200 | سرانه خرید ضعیف (0.15) | نقدشوندگی کمتر از ۱۰ میلیارد تومان | صف فروش در ۵ روز اخیر
کرومیت,توسعه معادن کرومیت کاوندگان,استخراج کانه های فلزی,57.2,زیر نظر,100,78,42.5,4,5440,20260923,-5.9,31.4,36.6,-6.5,8.1,26.7,35.7,66.3,9,0,true,58.3,3.31,above,-8.6,2.01,5029,5950,-2.6,38.77,0.8,2.8,23.12,198,27.47,14.44,90.3,5260,4990,5950,6310,1.13,سهم صفی: 9 روز از ۲۰ روز در صف (ریسک نقدشوندگی و اجرای حد ضرر) | عرضه حقوقی به حقیقی (-41 میلیارد تومان در ۲۰ روز) | سرانه خرید ضعیف (0.80) | حد ضرر دور (8.3٪)
چدن,تولیدی چدن سازان,ساخت محصولات فلزی,57.1,زیر نظر,100,75,1.5,47,4330,20260923,-1.6,36.8,94.4,51.3,11.8,36.7,132.5,78.5,5,0,true,61.9,3.28,above,-4.4,1.21,3172,4530,-64.23,-187.54,0.7,-52.36,40.82,544,7.96,7.54,5.6,4188,4046,4530,4814,0.7,اشباع خرید | خروج مستمر پول حقیقی | رشد عمودی (94٪ در ۶۰ روز، 37٪ بالای MA50) | 133٪ بالای MA200 | سرانه خرید ضعیف (0.70)
تنوین,تامین سرمایه نوین,فعالیتهای کمکی به نهادهای مالی واسط,57.1,زیر نظر,90,65,0.5,68,2732,20260923,-5.3,0.2,64.5,21.4,-1.7,18.7,77.9,56.5,3,0,false,41,3.71,above,-8.3,0.56,2633,2964,-13.87,-71.95,0.61,-12.61,15.23,605,4.52,5.92,-23.7,2633,2582,2964,3167,1.55,واگرایی منفی RSI | خروج مستمر پول حقیقی | 78٪ بالای MA200 | سرانه خرید ضعیف (0.61) | واگرایی منفی
ولپارس,لیزینگ پارسیان,سایر واسطه گریهای مالی,57,زیر نظر,90,30,62,34,3680,20260923,-8.2,6.1,31.8,-11.3,-3.5,9.9,33.3,49.4,2,1,false,48.2,4.11,above,-14.4,0.82,3440,4300,-1.03,7.34,3.06,8.37,3.36,307,11.99,9.94,20.6,3529,3364,4300,4603,1.96,عرضه حقوقی به حقیقی (-7 میلیارد تومان در ۲۰ روز) | حد ضرر دور (8.6٪) | نقدشوندگی کمتر از ۱۰ میلیارد تومان | صف فروش در ۵ روز اخیر
فروژ,صنایع فروآلیاژ ایران,فلزات اساسی,57,زیر نظر,100,70,48,4,2022,20260923,15.3,53.9,105.3,62.2,26.9,58.1,101,94.4,10,0,true,72,2.63,above,0,1.69,1426,,-27.83,-25.96,9.12,7.7,9.83,46,43.96,8.05,446,1969,1916,2182,2288,1.5,اشباع خرید | فاصله زیاد از MA20 | خروج مستمر پول حقیقی | سهم صفی: 10 روز از ۲۰ روز در صف (ریسک نقدشوندگی و اجرای حد ضرر) | رشد عمودی (105٪ در ۶۰ روز، 58٪ بالای MA50) | P/E بالا (44) | 101٪ بالای MA200 | نقدشوندگی کمتر از ۱۰ میلیارد تومان
فاراک,ماشین‌ سازی‌ اراک‌,ساخت محصولات فلزی,56.6,زیر نظر,90,55,17.5,57,2940,20260923,-10.1,-2,82.2,39.1,-3.5,17.3,96.6,51.5,2,0,false,53,4.16,above,-12.2,0.64,2892,3090,-5.36,52.46,0.52,-94.73,75.29,423,6.95,7.54,-7.8,2892,2831,3090,3280,1.37,واگرایی منفی RSI | عرضه حقوقی به حقیقی (-52 میلیارد تومان در ۲۰ روز) | 97٪ بالای MA200 | سرانه خرید ضعیف (0.52) | واگرایی منفی
غدانه,پنبه و دانه های روغنی خراسان,محصولات غذایی و آشامیدنی به جز قند و شکر,56.6,زیر نظر,90,40,16.5,70,17410,20260923,-8.4,-2.8,83.6,40.6,-2.8,2.6,54.1,47.9,4,1,false,40.9,3.73,above,-12.7,0.5,16170,19610,-22.16,1.43,0.5,-52.44,54.91,3417,5.1,7.05,-27.7,16760,15845,19610,19950,1.41,واگرایی منفی RSI | عرضه حقوقی به حقیقی (-2 میلیارد تومان در ۲۰ روز) | 54٪ بالای MA200 | سرانه خرید ضعیف (0.50) | واگرایی منفی | حد ضرر دور (9.0٪) | صف فروش در ۵ روز اخیر
کپرور,فرآوری زغال سنگ پروده طبس,استخراج زغال سنگ,56.6,زیر نظر,90,53,4.1,72,19010,20260923,-6.4,4.1,34.6,-8.5,-2.1,17,76.7,56,2,0,false,47.4,3.99,above,-9.1,0.49,18140,20550,-10.11,-75.68,0.92,-3.75,22.77,2597,7.32,15.48,-52.7,18252,17761,20550,20910,1.23,واگرایی منفی RSI | خروج مستمر پول حقیقی | 77٪ بالای MA200 | واگرایی منفی
کربن,کانی کربن طبس,استخراج زغال سنگ,56.6,زیر نظر,90,40,4.3,82,9320,20260923,-5.1,-0.5,64.1,21,-8.1,11.5,71.7,48.4,4,0,false,44.6,3.83,above,-18.2,0.29,7240,11400,-6.75,-49.68,0.89,-7.11,23.64,1449,6.43,15.48,-58.4,8963,8606,11400,12114,2.91,خروج مستمر پول حقیقی | 72٪ بالای MA200 | حد ضرر دور (7.7٪)
دماوند,تولید نیروی برق دماوند,عرضه برق، گاز، بخاروآب گرم,56.5,زیر نظر,90,53,25.7,50,13360,20260923,-4.2,3,34.9,-8.1,-1,10.4,46.5,54.2,1,1,false,29.8,3.49,above,-8.8,0.59,12730,13725,-25.94,17.61,1.15,-10.65,20.41,1503,8.89,10.04,-11.5,12894,12497,13725,14650,0.42,واگرایی منفی RSI | عرضه حقوقی به حقیقی (-18 میلیارد تومان در ۲۰ روز) | واگرایی منفی | صف فروش در ۵ روز اخیر
شرانل,نفت ایرانول,فراورده های نفتی، کک و سوخت هسته ای,56.5,زیر نظر,100,53,16.5,47,106200,20260923,-9.2,16,39.5,-3.6,0.5,15.6,91.4,55.8,4,0,false,42.1,3.61,above,-12,0.82,99320,120700,-76.63,29.81,0.35,-100.76,42.64,13150,8.08,8.12,-0.5,102364,97402,120700,128373,1.65,عرضه حقوقی به حقیقی (-31 میلیارد تومان در ۲۰ روز) | 91٪ بالای MA200 | سرانه خرید ضعیف (0.35) | حد ضرر دور (8.3٪)
وهامون,سرمایه گذاری هامون صبا,سرمایه گذاریها,56.5,زیر نظر,70,45,25.8,80,1617,20260923,-6,4.9,15.8,-27.2,-1.3,8.2,27.9,52.5,0,0,false,23.3,3.23,above,-8.1,0.66,1540,1669,-3.11,-8.96,1.17,0.28,6.85,427,3.79,8.73,-56.6,1565,1514,1669,1760,0.5,واگرایی منفی RSI | خروج مستمر پول حقیقی | واگرایی منفی | نقدشوندگی کمتر از ۱۰ میلیارد تومان
شصدف,صنعتی دوده فام,محصولات شیمیایی,56.4,زیر نظر,90,55,3.6,70,17640,20260923,-8,-1,51.3,8.3,-0.8,17.6,50.8,55.6,2,0,false,55.4,3.91,above,-10.6,0.7,16300,18400,-46.78,-3.6,0.88,-40.34,32.9,2572,6.86,8.01,-14.4,16951,15956,18400,18800,0.45,51٪ بالای MA200 | حد ضرر دور (9.5٪)
دکیمی,کیمیدارو,مواد و محصولات دارویی,56.4,زیر نظر,100,65,36.5,17,66180,20260923,-1.1,6.9,137.4,94.3,4.8,28.7,143.3,65.9,6,0,false,53.3,3.52,above,-5.7,0.52,65345,70170,3.39,-25.03,1.12,-2.53,18.43,4266,15.51,12.91,20.2,65345,64180,70170,74832,1.99,واگرایی منفی RSI | خروج مستمر پول حقیقی | سهم صفی: 6 روز از ۲۰ روز در صف (ریسک نقدشوندگی و اجرای حد ضرر) | رشد عمودی (137٪ در ۶۰ روز، 29٪ بالای MA50) | 143٪ بالای MA200 | واگرایی منفی
تایرا,تراکتورسازی‌ایران‌,ماشین آلات و تجهیزات,56.4,زیر نظر,100,45,1.5,68,3190,20260923,-0.6,7.7,31.6,-11.5,4.3,15,42.4,64.4,0,0,false,32.8,3.89,above,-4.2,0.61,3051,3330,-27.88,-40,0.58,-24.13,16.97,754,4.23,5.15,-17.8,3066,2989,3330,3578,0.7,واگرایی منفی RSI | خروج مستمر پول حقیقی | سرانه خرید ضعیف (0.58) | واگرایی منفی
فافق,صنایع مس افق کرمان,فلزات اساسی,56.4,زیر نظر,100,65,1.5,52,14640,20260923,-7.2,20.9,71.3,28.2,2.8,16.6,85.2,59,5,1,false,48.6,3.46,above,-11.5,0.62,13860,16540,-9.85,-38.33,0.46,-16.36,11.29,2178,6.72,,,14133,13606,16540,17554,1.84,واگرایی منفی RSI | خروج مستمر پول حقیقی | 85٪ بالای MA200 | سرانه خرید ضعیف (0.46) | واگرایی منفی | حد ضرر دور (7.1٪) | صف فروش در ۵ روز اخیر
وسین,بیمه سینا,بیمه وصندوق بازنشستگی به جزتامین اجتماعی,56.4,زیر نظر,100,60,47.5,10,3710,20260923,14.9,97.2,197.8,154.7,23.1,83.2,149.2,94,10,0,true,85.2,2.67,above,0,0.75,2119,,7.54,-5.46,4.89,-2.81,14.26,,,,,3611,3512,4007,4205,1.5,اشباع خرید | فاصله زیاد از MA20 | بدون EPS مثبت | سهم صفی: 10 روز از ۲۰ روز در صف (ریسک نقدشوندگی و اجرای حد ضرر) | رشد عمودی (198٪ در ۶۰ روز، 83٪ بالای MA50) | 149٪ بالای MA200
مفاخر,توسعه فناوری اطلاعات خوارزمی,رایانه و فعالیت‌های وابسته به آن,56.3,زیر نظر,100,75,41.3,4,13910,20260923,0.4,35.2,104.6,61.5,13.2,29.9,80.3,74.8,7,0,true,60.7,3.57,above,-6.6,1.96,10870,,-2.62,20.65,0.91,-8.7,13.64,574,24.23,8.89,172.6,13413,12917,15400,16393,1.5,سهم صفی: 7 روز از ۲۰ روز در صف (ریسک نقدشوندگی و اجرای حد ضرر) | رشد عمودی (105٪ در ۶۰ روز، 30٪ بالای MA50) | عرضه حقوقی به حقیقی (-21 میلیارد تومان در ۲۰ روز) | 80٪ بالای MA200 | حد ضرر دور (7.1٪)
وکغدیر,بین المللی توسعه ص. معادن غدیر,شرکتهای چند رشته ای صنعتی,56.3,زیر نظر,100,50,28,37,6660,20260923,-4.3,29.6,105.4,62.4,9.3,40.9,90.7,72.4,8,0,false,71.3,3.3,above,-7,2.22,5440,7160,-255.87,387.3,0.52,-509.83,120.13,563,11.83,10.88,8.7,6440,6220,7160,7600,1.14,سهم صفی: 8 روز از ۲۰ روز در صف (ریسک نقدشوندگی و اجرای حد ضرر) | رشد عمودی (105٪ در ۶۰ روز، 41٪ بالای MA50) | عرضه حقوقی به حقیقی (-398 میلیارد تومان در ۲۰ روز) | 91٪ بالای MA200 | سرانه خرید ضعیف (0.52) | شناوری کم (10٪)
وبهمن,سرمایه‌گذاری‌بهمن‌,سرمایه گذاریها,56.3,زیر نظر,70,30,27,90,2093,20260923,-9.1,3.5,15.3,-27.7,-4.6,7.1,15.8,47.2,3,1,false,28,3.78,above,-13.8,0.58,2026,2166,-7.82,93.61,0.43,-33.77,26.6,710,2.95,7.13,-58.7,2026,1986,2166,2215,0.68,عرضه حقوقی به حقیقی (-92 میلیارد تومان در ۲۰ روز) | سرانه خرید ضعیف (0.43) | صف فروش در ۵ روز اخیر
کماسه,تامین‌ ماسه‌ ریخته‌گری‌,استخراج سایر معادن,56.2,زیر نظر,100,65,17.9,35,5470,20260923,-7.6,32.1,101.8,58.7,5.9,42,97.8,69.9,8,0,false,77.5,3.3,above,-10.2,1.35,4269,6090,-36.87,14.35,0.82,-1.16,37.38,209,26.17,26.17,0,5289,5109,6090,6451,1.72,سهم صفی: 8 روز از ۲۰ روز در صف (ریسک نقدشوندگی و اجرای حد ضرر) | رشد عمودی (102٪ در ۶۰ روز، 42٪ بالای MA50) | عرضه حقوقی به حقیقی (-37 میلیارد تومان در ۲۰ روز) | 98٪ بالای MA200
کاما,باما,استخراج کانه های فلزی,56.1,زیر نظر,90,40,2.5,82,5040,20260923,-10.3,-2.7,53.5,10.4,-9.2,14.7,87.7,46.2,8,3,false,53.1,4.01,above,-19,0.39,3391,5300,-3.55,-342.14,0.4,-111.25,165.11,786,6.41,13.76,-53.4,4838,4636,5300,6220,0.64,خروج مستمر پول حقیقی | سهم صفی: 8 روز از ۲۰ روز در صف (ریسک نقدشوندگی و اجرای حد ضرر) | 88٪ بالای MA200 | سرانه خرید ضعیف (0.40) | حد ضرر دور (8.0٪) | صف فروش در ۵ روز اخیر
ولبهمن,شرکت بهمن لیزینگ,سایر واسطه گریهای مالی,56.1,زیر نظر,70,30,26.5,90,2830,20260923,-12.7,8.7,22.4,-20.6,-8.2,11.1,41.4,45.6,3,2,false,47.6,3.73,above,-20.7,0.69,2401,3570,7.96,-11.29,0.57,-2.29,10.49,776,3.65,5.8,-37.1,2725,2619,3570,3781,3.51,خروج مستمر پول حقیقی | سرانه خرید ضعیف (0.57) | حد ضرر دور (7.5٪) | صف فروش در ۵ روز اخیر
ثباغ,شهر سازی و خانه سازی باغمیشه,انبوه سازی، املاک و مستغلات,56.1,زیر نظر,90,53,2,72,7390,20260923,-2.5,3.2,34.9,-8.2,-1.9,14.4,51.4,55.7,0,0,false,42.1,3.86,above,-8,0.48,6000,7980,-0.35,-2.79,0.66,-8.26,10.67,1129,6.55,23.59,-72.3,7105,6820,7980,8550,1.03,51٪ بالای MA200 | سرانه خرید ضعیف (0.66) | حد ضرر دور (7.7٪)
کانسار,معدنکاران نسوز,استخراج سایر معادن,56.1,زیر نظر,90,30,45.4,47,13860,20260923,-9.1,5,-9.5,-52.5,-1.3,5.2,9.5,49.4,1,1,false,26.8,3.95,above,-20.1,0.58,13558,14349,-15.62,57.4,0.96,4.59,16.41,1483,9.35,9.57,-2.3,13558,13284,14349,14631,0.85,عرضه حقوقی به حقیقی (-59 میلیارد تومان در ۲۰ روز) | صف فروش در ۵ روز اخیر
چکارن,کارتن‌ ایران‌,محصولات کاغذی,56.1,زیر نظر,90,35,56.2,72,4670,20260923,-6.8,-1.3,12.9,-30.2,-1.7,9.7,40.8,51.3,0,0,false,35.5,3.68,above,-10.4,0.76,4410,4900,0.19,-0.08,1.39,1.64,2.73,476,9.81,16.48,-40.5,4498,4324,4900,5210,0.66,نقدشوندگی پایین | واگرایی منفی RSI | واگرایی منفی | حد ضرر دور (7.4٪) | نقدشوندگی کمتر از ۱۰ میلیارد تومان
شپاکسا,پاکسان‌,محصولات شیمیایی,56,زیر نظر,90,55,2,70,2563,20260923,-9,-2.3,82.8,39.7,-1.3,16.3,87.2,54.3,3,1,false,45.9,3.79,above,-12.8,0.54,2335,2700,-38.17,-77.73,0.41,-46.7,43.11,327,7.84,9.63,-18.6,2466,2320,2700,2940,0.56,واگرایی منفی RSI | خروج مستمر پول حقیقی | 87٪ بالای MA200 | سرانه خرید ضعیف (0.41) | واگرایی منفی | حد ضرر دور (9.5٪) | صف فروش در ۵ روز اخیر
فروسیل,فروسیلیسیم خمین,فلزات اساسی,56,زیر نظر,90,65,17,47,14340,20260923,-8.7,23.9,59.7,16.6,-0.5,20.1,63.4,56.6,11,2,false,61.3,3.43,above,-12.9,0.47,11520,16460,-11.5,9.01,0.84,-7.94,10.07,1620,8.85,8.05,10,13849,13357,16460,17443,2.16,سهم صفی: 11 روز از ۲۰ روز در صف (ریسک نقدشوندگی و اجرای حد ضرر) | عرضه حقوقی به حقیقی (-8 میلیارد تومان در ۲۰ روز) | 63٪ بالای MA200 | صف فروش در ۵ روز اخیر
تجلی,تجلی توسعه معادن و فلزات,استخراج کانه های فلزی,56,زیر نظر,100,70,43.9,4,2047,20260923,-3.9,17.8,13,-30.1,7,16.7,32.9,62.9,1,0,true,40.1,3.38,above,-6.7,0.92,1933,2194,-8.44,34.97,0.86,2.22,17,37,55.32,14.44,283.1,1978,1898,2194,2333,0.99,P/E بالا (55) | عرضه حقوقی به حقیقی (-37 میلیارد تومان در ۲۰ روز) | حد ضرر دور (7.3٪)
دامین,داروسازی‌ امین‌,مواد و محصولات دارویی,55.9,زیر نظر,95,53,53.4,14,15410,20260923,5.6,-3,36.7,-6.3,3,7.2,44.3,56.5,3,0,false,20.7,3.67,above,-10.4,0.74,14935,16140,18.13,-80.21,1.23,14.67,36.4,378,40.77,12.91,215.8,14935,14652,16140,17190,0.96,خروج مستمر پول حقیقی | P/E بالا (41)
لوتوس,تامین سرمایه لوتوس پارسیان,فعالیتهای کمکی به نهادهای مالی واسط,55.9,زیر نظر,100,55,12.5,47,3510,20260923,1.7,23.1,31.1,-12,11.7,19.5,61.1,73.1,1,0,true,20.3,3.23,above,-2,1.21,3260,,-30.56,-49.1,0.62,-24.71,12.05,594,5.91,5.92,-0.2,3397,3227,3850,4076,1.2,واگرایی منفی RSI | خروج مستمر پول حقیقی | 61٪ بالای MA200 | سرانه خرید ضعیف (0.62) | واگرایی منفی | حد ضرر دور (8.1٪) | شناوری کم (4٪)
شفارا,پتروشیمی فارابی,محصولات شیمیایی,55.9,زیر نظر,100,65,16.5,35,1645,20260923,-7.9,19.3,76.7,33.6,0.1,16.9,37.6,58,5,0,false,48.3,4.2,above,-10.5,0.55,1507,1806,-2.84,4.47,0.65,-12.32,12.71,126,13.06,,,1576,1473,1806,1838,0.93,واگرایی منفی RSI | عرضه حقوقی به حقیقی (-5 میلیارد تومان در ۲۰ روز) | سرانه خرید ضعیف (0.65) | واگرایی منفی | حد ضرر دور (10.5٪)
سپاها,سیمان‌سپاهان‌,سیمان، آهک و گچ,55.8,زیر نظر,70,30,58.1,57,18960,20260923,-7.9,1.4,17.8,-25.2,-6.4,1.7,42.2,44.8,1,0,false,23.9,3.9,above,-15.7,0.67,17305,20450,2.96,79.87,1.04,-14.28,27.94,2433,7.79,7.14,9.1,18220,17111,20450,22500,0.81,واگرایی منفی RSI | عرضه حقوقی به حقیقی (-78 میلیارد تومان در ۲۰ روز) | واگرایی منفی | حد ضرر دور (9.8٪)
تاپیکو,س. نفت و گاز و پتروشیمی تأمین,محصولات شیمیایی,55.8,زیر نظر,100,70,38,9,47600,20260923,11.4,39,117.9,74.8,19.7,45.8,121.2,86.4,5,0,true,51.3,3.35,above,-0.5,1.46,38039,,97.85,-474.91,0.63,-598.47,337.75,3439,13.84,9.63,43.7,46007,44413,52380,55567,1.5,واگرایی منفی RSI | اشباع خرید | فاصله زیاد از MA20 | خروج مستمر پول حقیقی | رشد عمودی (118٪ در ۶۰ روز، 46٪ بالای MA50) | 121٪ بالای MA200 | سرانه خرید ضعیف (0.63) | واگرایی منفی | شناوری کم (11٪)
دزهراوی,داروسازی‌زهراوی‌,مواد و محصولات دارویی,55.8,زیر نظر,100,65,1,50,4640,20260923,-3.9,3.3,109.3,66.2,1.7,11.2,108,57.2,1,1,false,44.9,3.59,above,-7.4,0.82,4340,4735,-22.44,-62.5,0.56,-22.95,21.65,492,9.43,12.91,-26.9,4473,4257,4735,5010,0.25,خروج مستمر پول حقیقی | رشد عمودی (109٪ در ۶۰ روز، 11٪ بالای MA50) | 108٪ بالای MA200 | سرانه خرید ضعیف (0.56) | حد ضرر دور (8.3٪) | صف فروش در ۵ روز اخیر
شگل,گلتاش‌,محصولات شیمیایی,55.8,زیر نظر,90,65,16,47,2970,20260923,-12.1,7.4,90.8,47.7,-2.9,13.4,73.7,51,6,2,false,42.6,3.72,above,-15.4,0.63,2934,3510,-21.3,5.1,0.31,-26.12,14.02,339,8.76,9.63,-9,2934,2879,3510,3731,5.92,سهم صفی: 6 روز از ۲۰ روز در صف (ریسک نقدشوندگی و اجرای حد ضرر) | عرضه حقوقی به حقیقی (-11 میلیارد تومان در ۲۰ روز) | 74٪ بالای MA200 | سرانه خرید ضعیف (0.31) | صف فروش در ۵ روز اخیر
ملت,بیمه ملت,بیمه وصندوق بازنشستگی به جزتامین اجتماعی,55.8,زیر نظر,100,70,38,9,5360,20260923,12.8,52.3,121,78,25.3,61.8,69.6,96.8,5,0,true,80.7,2.58,above,0,1.01,4126,,-9.98,-29.75,8.68,4.17,5.21,417,12.85,4.59,180,5222,5083,5775,6051,1.5,اشباع خرید | فاصله زیاد از MA20 | خروج مستمر پول حقیقی | رشد عمودی (121٪ در ۶۰ روز، 62٪ بالای MA50) | 70٪ بالای MA200 | نقدشوندگی کمتر از ۱۰ میلیارد تومان
غشوکو,شوکو پارس,محصولات غذایی و آشامیدنی به جز قند و شکر,55.7,زیر نظر,95,90,4.9,32,12370,20260923,5.1,-0.1,76.5,33.4,2.3,6.8,97.9,58.3,3,0,true,24.3,3.83,above,-7.8,0.89,11490,13345,-5.87,-17.4,0.99,-7.03,7.1,1478,8.37,,,11896,11253,13345,14292,0.87,خروج مستمر پول حقیقی | 98٪ بالای MA200 | حد ضرر دور (9.0٪) | نقدشوندگی کمتر از ۱۰ میلیارد تومان
جم,پتروشیمی جم,محصولات شیمیایی,55.7,زیر نظر,100,75,33.8,9,66890,20260923,2.1,29.7,66.7,23.6,11,37.3,54.2,77.6,1,0,true,58.9,3.54,above,-0.9,0.68,62300,,-20.92,135.67,1.07,-0.84,47.26,4968,13.46,9.63,39.8,64523,61116,73992,78726,1.23,رشد عمودی (67٪ در ۶۰ روز، 37٪ بالای MA50) | عرضه حقوقی به حقیقی (-135 میلیارد تومان در ۲۰ روز) | 54٪ بالای MA200 | حد ضرر دور (8.6٪)
پدرخش,درخشان‌ تهران‌,لاستیک و پلاستیک,55.6,زیر نظر,100,45,40.5,26,6290,20260923,-11.3,22.4,19.3,-23.7,0.6,15.2,57.8,54.3,6,1,false,39.6,3.83,above,-14.9,1.03,5729,7390,5.66,8.9,0.52,-15.87,10.51,534,11.78,8.21,43.5,6049,5688,7390,7872,1.83,سهم صفی: 6 روز از ۲۰ روز در صف (ریسک نقدشوندگی و اجرای حد ضرر) | 58٪ بالای MA200 | سرانه خرید ضعیف (0.52) | حد ضرر دور (9.6٪) | صف فروش در ۵ روز اخیر
لسرما,سرما آفرین‌,ماشین آلات و تجهیزات,55.6,زیر نظر,100,65,31.5,19,6960,20260923,-7.6,10.8,51.8,8.8,1.4,16.2,45,57.1,5,2,false,52.1,3.59,above,-11.5,0.83,6770,7115,-2.18,2.65,0.45,1.16,5.92,411,16.93,5.15,228.8,6770,6645,7115,7860,0.49,واگرایی منفی RSI | عرضه حقوقی به حقیقی (-3 میلیارد تومان در ۲۰ روز) | سرانه خرید ضعیف (0.45) | واگرایی منفی | نقدشوندگی کمتر از ۱۰ میلیارد تومان | صف فروش در ۵ روز اخیر
غزر,صنعتی زر ماکارون,محصولات غذایی و آشامیدنی به جز قند و شکر,55.5,زیر نظر,100,65,3,47,4940,20260923,-7.3,16.2,47.4,4.3,5.6,28.5,108.3,64.7,5,1,false,60,3.06,above,-8,0.87,4480,5370,-42.19,-124.41,0.78,-18.95,76.48,620,7.97,8.53,-6.6,4789,4637,5370,5673,1.42,واگرایی منفی RSI | خروج مستمر پول حقیقی | 108٪ بالای MA200 | سرانه خرید ضعیف (0.78) | واگرایی منفی | صف فروش در ۵ روز اخیر
بشهاب,لامپ‌  پارس‌ شهاب‌,ماشین آلات و دستگاه‌های برقی,55.5,زیر نظر,90,50,17,57,7950,20260923,-13.9,8.6,55.4,12.3,-5.1,10.2,60.5,48.1,9,4,false,48.5,3.76,above,-16.3,0.08,7240,8210,0,12.3,0.36,-3.06,12.38,1212,6.56,6.15,6.7,7651,7202,8210,8800,0.35,سهم صفی: 9 روز از ۲۰ روز در صف (ریسک نقدشوندگی و اجرای حد ضرر) | عرضه حقوقی به حقیقی (-12 میلیارد تومان در ۲۰ روز) | 61٪ بالای MA200 | سرانه خرید ضعیف (0.36) | حد ضرر دور (9.4٪) | شناوری کم (11٪) | صف فروش در ۵ روز اخیر
زشگزا,شیر و گوشت زاگرس شهرکرد,زراعت و خدمات وابسته,55.5,زیر نظر,65,30,60,60,31050,20260923,-0.9,-1.4,3.5,-39.5,-1.9,3.2,57.5,49.7,0,0,false,23.5,3.88,above,-9.2,0.71,26525,32660,1.29,47.71,1.06,-2.38,20.28,4812,6.45,8.07,-20,29845,28641,32660,34115,0.67,عرضه حقوقی به حقیقی (-40 میلیارد تومان در ۲۰ روز) | 58٪ بالای MA200 | حد ضرر دور (7.8٪)
شملی,ملی شیمی کشاورز,محصولات شیمیایی,55.4,زیر نظر,100,50,24.6,37,10040,20260923,-1.4,23.3,100.4,57.3,7.1,38.5,112.1,71.8,7,0,false,68.8,3.42,above,-4.7,0.57,5570,10530,-28.37,13.33,1.1,-14.04,32.59,1215,8.26,8.01,3.2,9697,9354,10530,11216,0.71,سهم صفی: 7 روز از ۲۰ روز در صف (ریسک نقدشوندگی و اجرای حد ضرر) | رشد عمودی (100٪ در ۶۰ روز، 38٪ بالای MA50) | عرضه حقوقی به حقیقی (-14 میلیارد تومان در ۲۰ روز) | 112٪ بالای MA200
شسپا,نفت سپاهان,فراورده های نفتی، کک و سوخت هسته ای,55.4,زیر نظر,100,65,2.5,47,21140,20260923,-5.2,15.6,73.7,30.6,3,16.5,109.2,59.8,5,0,false,40.1,3.88,above,-9.6,0.92,19580,23390,-109.16,-145.77,0.4,-249.2,108.08,3704,5.71,6.26,-8.8,20321,19170,23390,25029,1.14,خروج مستمر پول حقیقی | 109٪ بالای MA200 | سرانه خرید ضعیف (0.40) | حد ضرر دور (9.3٪)
سرود,سیمان‌شاهرود,سیمان، آهک و گچ,55.4,زیر نظر,100,65,2.5,47,18690,20260923,-4.3,11.3,61.4,18.3,2,13.7,93.6,58.8,1,1,false,40.8,4,above,-8.5,0.58,17535,20430,-11.21,-2.37,0.54,-55.76,55.05,2424,7.71,7.14,8,17942,17161,20430,21926,1.14,واگرایی منفی RSI | 94٪ بالای MA200 | سرانه خرید ضعیف (0.54) | واگرایی منفی | حد ضرر دور (8.2٪) | صف فروش در ۵ روز اخیر
اتکاسا,بیمه اتکایی سامان,بیمه وصندوق بازنشستگی به جزتامین اجتماعی,55.4,زیر نظر,100,60,21.5,72,6820,20260923,7.1,47.6,84.8,41.8,17.8,43.7,,84.7,3,0,true,65.8,2.83,above,0,0.93,6650,,-4.99,-12.61,3.3,-4.16,2.17,875,7.79,18.13,-57,6650,6553,7400,7786,2.17,نقدشوندگی پایین | اشباع خرید | فاصله زیاد از MA20 | خروج مستمر پول حقیقی | رشد عمودی (85٪ در ۶۰ روز، 44٪ بالای MA50) | 167٪ بالای کف ۵۲ هفته | نقدشوندگی کمتر از ۱۰ میلیارد تومان
کهرام,تولیدی گرانیت بهسرام,کاشی و سرامیک,55.4,زیر نظر,100,70,75.5,10,35170,20260923,9,23.1,48.7,5.6,11.5,27.6,54.8,87.5,9,0,true,59.1,2.29,above,-0.8,1.03,32000,,0.05,0.05,1.97,1.36,0.63,,,,,34366,33562,37582,39190,1.5,نقدشوندگی پایین | اشباع خرید | بدون EPS مثبت | سهم صفی: 9 روز از ۲۰ روز در صف (ریسک نقدشوندگی و اجرای حد ضرر) | عرضه حقوقی به حقیقی (0 میلیارد تومان در ۲۰ روز) | 55٪ بالای MA200 | نقدشوندگی کمتر از ۱۰ میلیارد تومان
شستان,پتروشیمی شهید رئیسی گلستان,محصولات شیمیایی,55.3,زیر نظر,90,45,47.2,30,1806,20260923,-2,4.9,30.2,-12.9,-2,11.4,22.9,54.6,0,0,false,28.4,4.02,above,-10.3,0.7,1739,1924,0.42,1.43,0.99,-0.52,3.37,7,258,,,1739,1702,1924,2003,1.14,واگرایی منفی RSI | P/E بالا (258) | عرضه حقوقی به حقیقی (-1 میلیارد تومان در ۲۰ روز) | واگرایی منفی | نقدشوندگی کمتر از ۱۰ میلیارد تومان
لکما,کارخانجات‌مخابراتی‌ایران‌,ساخت دستگاه‌ها و وسایل ارتباطی,55.3,زیر نظر,90,40,71,10,1340,20260923,4.8,23.5,23.6,-19.4,9.9,21,17.1,86.3,7,0,true,44.4,2.44,above,-17,1.56,1291,1455,0,7.91,2.71,10.76,3.94,,,,,1307,1275,1455,1500,1.76,اشباع خرید | بدون EPS مثبت | سهم صفی: 7 روز از ۲۰ روز در صف (ریسک نقدشوندگی و اجرای حد ضرر) | عرضه حقوقی به حقیقی (-8 میلیارد تومان در ۲۰ روز) | نقدشوندگی کمتر از ۱۰ میلیارد تومان
کتوسعه,توسعه صنایع و معادن کوثر,استخراج سایر معادن,55.2,زیر نظر,90,38,35.5,47,18860,20260923,-7.6,1,35.8,-7.2,-6.2,11.7,45.5,49.1,2,0,false,58.7,3.85,above,-14.3,0.65,15810,22000,-1.16,-18.1,5.29,6.39,3.8,1794,10.51,9.57,9.9,18134,17408,22000,23452,2.16,خروج مستمر پول حقیقی | حد ضرر دور (7.7٪) | نقدشوندگی کمتر از ۱۰ میلیارد تومان
دسبحا,گروه دارویی سبحان,مواد و محصولات دارویی,55.1,زیر نظر,65,65,76.5,14,6230,20260923,-2.7,-0.5,62.6,19.6,-5.1,10.5,84.8,50.2,5,1,false,41.3,3.81,above,-14.9,0.88,6080,6670,124.49,46.29,1.86,121.15,70.88,189,32.96,12.91,155.3,6080,5961,6670,7320,1.64,واگرایی منفی RSI | P/E بالا (33) | 85٪ بالای MA200 | واگرایی منفی | صف فروش در ۵ روز اخیر
پلوله,گازلوله‌,لاستیک و پلاستیک,55.1,زیر نظر,100,60,87.5,25,10120,20260922,8.9,61.4,135.8,92.8,22.3,52.4,103.6,95,18,0,true,71.4,2.38,above,0,0.51,6800,,1.52,10.04,4.91,2.65,1.52,517,19.57,,,9879,9639,10842,11323,1.5,نقدشوندگی پایین | اشباع خرید | فاصله زیاد از MA20 | سهم صفی: 18 روز از ۲۰ روز در صف (ریسک نقدشوندگی و اجرای حد ضرر) | رشد عمودی (136٪ در ۶۰ روز، 52٪ بالای MA50) | عرضه حقوقی به حقیقی (-10 میلیارد تومان در ۲۰ روز) | 104٪ بالای MA200 | نقدشوندگی کمتر از ۱۰ میلیارد تومان | آخرین معامله 20260922 (متوقف یا کم‌معامله)
رنیک,جنرال مکانیک,خدمات فنی و مهندسی,55.1,زیر نظر,65,20,80.3,46,12260,20260923,-6.2,-1.8,16.5,-26.5,-3.1,6.1,-3.3,48.3,2,0,false,25.4,3.82,above,-27.8,0.7,12026,12590,18.68,171.65,1.23,11.18,23.55,1608,7.62,2.41,216.4,12026,11791,12590,12846,0.7,عرضه حقوقی به حقیقی (-166 میلیارد تومان در ۲۰ روز)
شبریز,پالایش نفت تبریز,فراورده های نفتی، کک و سوخت هسته ای,55,زیر نظر,90,65,3,57,55540,20260923,-12.4,12.8,45.3,2.2,-1.8,16.1,82.8,54,1,1,false,53.2,3.96,above,-14.7,0.6,49020,65100,-160.31,-275.29,0.43,-270.37,180.13,9661,5.75,6.26,-8.2,53342,50045,65100,69496,1.74,خروج مستمر پول حقیقی | 83٪ بالای MA200 | سرانه خرید ضعیف (0.43) | حد ضرر دور (9.9٪) | صف فروش در ۵ روز اخیر
بمولد,مولد نیروگاهی تجارت فارس,عرضه برق، گاز، بخاروآب گرم,55,زیر نظر,65,40,63,47,8560,20260923,-5.4,-11.4,57.4,14.3,-7.6,3.3,48,45.2,4,1,false,33.9,3.96,above,-15.9,0.44,7420,8950,5.98,-12.66,110.23,15.96,12.87,778,11,10.04,9.6,8221,7881,8950,10125,0.57,حد ضرر دور (7.9٪) | صف فروش در ۵ روز اخیر
ساروم,سیمان‌ارومیه‌,سیمان، آهک و گچ,55,خنثی,100,45,3.8,60,218600,20260923,-4.8,11.7,25.2,-17.9,2.7,8.6,61.8,56.3,3,0,false,31.7,3.68,above,-7.9,0.77,206900,225900,-14.51,-52.46,0.91,-30.89,39.21,34336,6.37,7.14,-10.8,210566,202883,225900,237300,0.46,خروج مستمر پول حقیقی | 62٪ بالای MA200 | حد ضرر دور (7.2٪) | واگرایی مثبت RSI
وپترو,سرمایه‌گذاری صنایع پتروشیمی‌,محصولات شیمیایی,54.9,خنثی,100,65,0.5,47,78210,20260923,-7,23.7,109.1,66,0.1,38.2,91.3,62.7,11,0,false,68.3,3.72,above,-12,0.83,45767,88910,-135.14,-238.97,0.72,-124.42,59.9,7753,10.09,9.63,4.8,75297,72384,88910,94736,1.84,خروج مستمر پول حقیقی | سهم صفی: 11 روز از ۲۰ روز در صف (ریسک نقدشوندگی و اجرای حد ضرر) | رشد عمودی (109٪ در ۶۰ روز، 38٪ بالای MA50) | 91٪ بالای MA200 | سرانه خرید ضعیف (0.72) | حد ضرر دور (7.4٪)
آواک,صنایع ارتباطی آوا,اطلاعات و ارتباطات,54.9,خنثی,90,30,27.5,60,2690,20260923,-13.2,9.8,19.6,-23.4,-5.5,9.1,13.1,47.1,4,2,false,49.9,4.11,above,-16.6,0.41,2600,2718,-1.53,37.54,0.78,-0.62,14.59,328,8.2,11.65,-29.6,2600,2545,2718,2767,0.19,عرضه حقوقی به حقیقی (-38 میلیارد تومان در ۲۰ روز) | سرانه خرید ضعیف (0.78) | صف فروش در ۵ روز اخیر
وتعاون,بیمه تعاون,بیمه وصندوق بازنشستگی به جزتامین اجتماعی,54.9,خنثی,100,50,89.5,10,2719,20260923,15.5,21.7,23.4,-19.6,20,28.6,38.7,80.2,3,0,true,34.7,2.85,above,0,0.76,2561,,5.24,5.24,14.51,7.56,2.28,,,18.13,,2642,2525,2951,3106,1.2,نقدشوندگی پایین | اشباع خرید | فاصله زیاد از MA20 | بدون EPS مثبت | عرضه حقوقی به حقیقی (-4 میلیارد تومان در ۲۰ روز) | حد ضرر دور (7.1٪) | نقدشوندگی کمتر از ۱۰ میلیارد تومان
تملت,تامین سرمایه بانک ملت,فعالیتهای کمکی به نهادهای مالی واسط,54.9,خنثی,100,45,35.5,68,2160,20260923,-1.3,4.7,31,-12.1,0.5,14.1,49.6,63.9,0,0,false,43.7,3.08,above,-3.7,0.69,2019,2198,-3.74,-10.47,2.17,0.73,1.98,517,4.18,5.92,-29.4,2093,1993,2198,2331,0.23,نقدشوندگی پایین | خروج مستمر پول حقیقی | حد ضرر دور (7.7٪) | نقدشوندگی کمتر از ۱۰ میلیارد تومان | شناوری کم (4٪)
زبینا,کشاورزی و دامپروری بینالود,زراعت و خدمات وابسته,54.8,خنثی,65,63,33.7,57,13930,20260923,-1.1,1.1,41.1,-2,-0.7,7.2,83,53.5,1,1,false,27.9,3.9,above,-11,1.05,13335,14235,-7.85,17.68,1.07,-10.58,17.12,1911,7.29,8.07,-9.7,13386,13063,14235,15650,0.35,عرضه حقوقی به حقیقی (-11 میلیارد تومان در ۲۰ روز) | 83٪ بالای MA200 | صف فروش در ۵ روز اخیر
فملی,ملی‌ صنایع‌ مس‌ ایران‌,فلزات اساسی,54.8,خنثی,100,65,28,19,24920,20260923,-7.9,28.7,69.4,26.3,3,27.9,122.8,63.1,8,1,false,59.5,3.61,above,-10.6,1.07,16861,27870,-589.99,2403.15,0.34,-3000.2,1272.92,1411,17.66,13.48,31,24019,23119,27870,29671,1.64,سهم صفی: 8 روز از ۲۰ روز در صف (ریسک نقدشوندگی و اجرای حد ضرر) | عرضه حقوقی به حقیقی (-2335 میلیارد تومان در ۲۰ روز) | 123٪ بالای MA200 | سرانه خرید ضعیف (0.34) | حد ضرر دور (7.2٪) | صف فروش در ۵ روز اخیر
ثجوان,تامین مسکن جوانان,انبوه سازی، املاک و مستغلات,54.8,خنثی,100,85,46,25,2467,20260923,11.2,15.7,47,4,14.7,28.7,56,78,3,0,true,39.6,3.4,above,-0.3,1.47,2239,,-0.19,-4.12,1.79,8.83,2.85,167,14.77,,,2383,2258,2718,2886,1.2,نقدشوندگی پایین | اشباع خرید | خروج مستمر پول حقیقی | 56٪ بالای MA200 | حد ضرر دور (8.5٪) | نقدشوندگی کمتر از ۱۰ میلیارد تومان
کچاد,معدنی‌وصنعتی‌چادرملو,استخراج کانه های فلزی,54.6,خنثی,90,30,26.5,60,2780,20260923,-10.3,6.4,19.4,-23.6,-4.2,8.9,26.3,48.1,3,1,false,38.8,3.86,above,-13.9,0.45,2743,2840,-59.51,259.08,0.42,-154.67,172.91,277,10.04,13.76,-27.1,2743,2689,2840,3230,0.66,عرضه حقوقی به حقیقی (-252 میلیارد تومان در ۲۰ روز) | سرانه خرید ضعیف (0.42) | صف فروش در ۵ روز اخیر
وساخت,سرمایه‌ گذاری‌ ساختمان‌ایران‌,انبوه سازی، املاک و مستغلات,54.6,خنثی,100,65,27.5,19,2026,20260923,-11.1,12.8,51.4,8.4,0.1,14.1,59.8,55,8,0,false,34.3,3.76,above,-12.8,0.84,1993,2324,-8.15,48.34,0.74,-2.93,23.53,144,14.07,6.61,112.9,1993,1955,2324,2476,4.19,سهم صفی: 8 روز از ۲۰ روز در صف (ریسک نقدشوندگی و اجرای حد ضرر) | عرضه حقوقی به حقیقی (-49 میلیارد تومان در ۲۰ روز) | 60٪ بالای MA200 | سرانه خرید ضعیف (0.74)
جوین,کشت و صنعت جوین,زراعت و خدمات وابسته,54.5,خنثی,90,53,35.8,32,6380,20260923,-4.6,7.6,37,-6,-0.9,14.3,62.2,56.5,3,0,false,42.6,3.87,above,-8.6,0.63,5985,6935,3.35,-36.19,1.15,-8.61,18.68,765,8.34,,,6133,5862,6935,7429,1.07,خروج مستمر پول حقیقی | 62٪ بالای MA200 | حد ضرر دور (8.1٪)
غفارس,شیر پاستوریزه پگاه فارس,محصولات غذایی و آشامیدنی به جز قند و شکر,54.5,خنثی,100,50,49.1,9,27780,20260923,-6,42.2,146.3,103.2,9.9,45.4,168.8,75,7,1,false,80.2,3.48,above,-6,1.78,17390,29560,-3.61,33.8,1.1,22.74,16.16,1963,14.15,7.05,100.7,26814,25849,29560,31491,0.92,سهم صفی: 7 روز از ۲۰ روز در صف (ریسک نقدشوندگی و اجرای حد ضرر) | رشد عمودی (146٪ در ۶۰ روز، 45٪ بالای MA50) | عرضه حقوقی به حقیقی (-26 میلیارد تومان در ۲۰ روز) | 169٪ بالای MA200 | صف فروش در ۵ روز اخیر
سشرق,سیمان‌ شرق‌,سیمان، آهک و گچ,54.5,خنثی,90,45,17,57,23720,20260923,-6.8,10.9,27.1,-15.9,-3.6,11,59.1,52.1,2,0,false,32.1,4,above,-13.6,0.61,20910,27450,-13.07,10.97,0.61,-41.2,48.99,3056,7.76,7.14,8.7,22772,21350,27450,29346,1.57,59٪ بالای MA200 | سرانه خرید ضعیف (0.61) | حد ضرر دور (10.0٪)
دهدشت,صنایع پتروشیمی دهدشت,محصولات شیمیایی,54.5,خنثی,100,70,72,10,13160,20260923,9.7,26.8,71.8,28.7,14.9,32.4,50.7,94.9,20,0,true,66.3,2.51,above,-1,1.28,11250,,0.19,-0.78,3.19,1.25,0.29,,,,,12829,12499,14152,14813,1.5,نقدشوندگی پایین | اشباع خرید | خروج مستمر پول حقیقی | بدون EPS مثبت | سهم صفی: 20 روز از ۲۰ روز در صف (ریسک نقدشوندگی و اجرای حد ضرر) | رشد عمودی (72٪ در ۶۰ روز، 32٪ بالای MA50) | 51٪ بالای MA200 | نقدشوندگی کمتر از ۱۰ میلیارد تومان
سپیدار,سپیدار سیستم آسیا,رایانه و فعالیت‌های وابسته به آن,54.4,خنثی,100,45,52.5,9,10030,20260923,-0.3,12.2,27.9,-15.1,5.2,14.7,45.6,61.4,1,0,false,33.2,3.4,above,-5.5,0.73,9435,10610,-6.55,6.87,3.28,9.58,8.15,830,12.08,8.89,35.9,9689,9264,10610,11293,0.76,عرضه حقوقی به حقیقی (-7 میلیارد تومان در ۲۰ روز) | حد ضرر دور (7.6٪) | نقدشوندگی کمتر از ۱۰ میلیارد تومان
شصفها,پتروشیمی‌ اصفهان‌,محصولات شیمیایی,54.4,خنثی,90,15,87.5,70,3110,20260916,1.3,11.1,14.9,-28.2,3.9,13.6,3.1,94.7,20,0,false,77.9,0.93,above,-26.1,0.15,2919,3565,0.01,0.42,37.25,0.01,0.24,1217,2.56,,,3081,3052,3565,3687,7.84,نقدشوندگی پایین | اشباع خرید | سهم صفی: 20 روز از ۲۰ روز در صف (ریسک نقدشوندگی و اجرای حد ضرر) | عرضه حقوقی به حقیقی (0 میلیارد تومان در ۲۰ روز) | نقدشوندگی کمتر از ۱۰ میلیارد تومان | آخرین معامله 20260916 (متوقف یا کم‌معامله)
پتایر,ایران‌ تایر,لاستیک و پلاستیک,54.4,خنثی,90,28,17,70,2629,20260923,-9.2,-5.6,41.6,-1.4,-6.8,12.4,45.3,47.8,4,1,false,42.4,4.31,above,-12.8,0.64,2232,2954,-6.58,15.21,0.42,-42.06,26.79,392,6.71,8.21,-18.3,2516,2403,2954,3015,1.44,واگرایی منفی RSI | عرضه حقوقی به حقیقی (-14 میلیارد تومان در ۲۰ روز) | سرانه خرید ضعیف (0.42) | واگرایی منفی | حد ضرر دور (8.6٪) | صف فروش در ۵ روز اخیر
دروز,داروسازی‌ روزدارو,مواد و محصولات دارویی,54.3,خنثی,100,75,33,4,27130,20260923,1,40.4,207.9,164.9,14.3,51.2,117.6,79.4,7,0,true,69.6,3.11,above,-7.6,1.59,18460,,-13.49,-2.6,2.22,-13.78,5.25,164,165.43,12.91,1181.4,26287,25445,29658,31343,1.5,اشباع خرید | سهم صفی: 7 روز از ۲۰ روز در صف (ریسک نقدشوندگی و اجرای حد ضرر) | رشد عمودی (208٪ در ۶۰ روز، 51٪ بالای MA50) | P/E بالا (165) | 118٪ بالای MA200 | نقدشوندگی کمتر از ۱۰ میلیارد تومان
وامید,گروه مدیریت سرمایه گذاری امید,شرکتهای چند رشته ای صنعتی,54.3,خنثی,100,45,1,60,5810,20260923,-1.2,3.2,0.7,-42.3,1.6,8.3,24.8,57.7,0,0,false,29.1,3.19,above,-10.6,0.46,5644,6105,-88.93,-194.32,0.35,-86.12,68.13,638,9.11,10.88,-16.3,5644,5551,6105,6498,1.14,خروج مستمر پول حقیقی | سرانه خرید ضعیف (0.35) | شناوری کم (6٪)
دتولید,داروسازی تولید دارو,مواد و محصولات دارویی,54.3,خنثی,100,65,36,9,7510,20260923,-2.8,26.2,131.5,88.4,3.9,36.5,137.7,67.2,10,1,false,73.2,3.02,above,-9.8,0.55,4300,8330,-15.87,-80.58,3.34,7.31,40.42,475,15.81,8.86,78.4,7283,7056,8330,8784,1.81,خروج مستمر پول حقیقی | سهم صفی: 10 روز از ۲۰ روز در صف (ریسک نقدشوندگی و اجرای حد ضرر) | رشد عمودی (132٪ در ۶۰ روز، 37٪ بالای MA50) | 138٪ بالای MA200 | صف فروش در ۵ روز اخیر
نیشکر,توسعه نیشکر و  صنایع جانبی,قند و شکر,54.3,خنثی,70,30,62,47,61120,20260923,-8.7,2.4,9.1,-33.9,-4.8,3.7,14.6,44.8,3,0,false,33.5,4.03,above,-13.3,0.59,58557,62753,-12.71,27.99,1.82,4.43,11.7,6371,9.59,9.57,0.2,58656,57325,62753,70470,0.43,عرضه حقوقی به حقیقی (-28 میلیارد تومان در ۲۰ روز) | واگرایی مثبت RSI
غپآذر,شیر پگاه آذربایجان شرقی,محصولات غذایی و آشامیدنی به جز قند و شکر,54.1,خنثی,100,50,32.4,24,27760,20260923,-0.2,35.5,90.8,47.7,8.7,36.7,114.6,75.3,4,1,false,59.8,3.77,above,-2.3,0.99,26280,,-27.3,11.23,0.84,3.95,20.22,3220,8.62,7.05,22.3,26714,25757,30897,32988,1.57,رشد عمودی (91٪ در ۶۰ روز، 37٪ بالای MA50) | عرضه حقوقی به حقیقی (-9 میلیارد تومان در ۲۰ روز) | 115٪ بالای MA200 | حد ضرر دور (7.2٪) | صف فروش در ۵ روز اخیر
دقاضی,داروسازی شهید قاضی,مواد و محصولات دارویی,54.1,خنثی,65,55,47.4,47,21480,20260923,-2.5,-1.4,76.6,33.6,-1.1,2.2,96.5,51.3,2,0,false,26.8,3.69,above,-10.1,0.71,20520,22090,16.72,-52.87,1.01,0.08,34.5,2413,8.9,8.86,0.5,20687,20124,22090,23450,0.45,خروج مستمر پول حقیقی | 97٪ بالای MA200
پردیس,سرمایه گذاری پردیس,سرمایه گذاریها,54.1,خنثی,90,45,12.3,60,2077,20260923,-6,6.3,24.2,-18.8,-0.9,10.9,24.6,54.5,0,0,false,37.5,3.58,above,-8.4,0.61,1970,2176,-3.71,-5.71,1.21,-3.78,6.03,404,5.14,7.13,-27.9,2003,1932,2176,2268,0.68,واگرایی منفی RSI | واگرایی منفی | نقدشوندگی کمتر از ۱۰ میلیارد تومان
ومپنا,مدیریت نیروگاهی ایرانیان مپنا,عرضه برق، گاز، بخاروآب گرم,54,خنثی,90,65,22,34,42410,20260923,-1.9,4.9,69.1,26.1,0,20.8,95.3,58.9,1,0,false,44,3.47,above,-10.4,1.21,38520,47320,-18.01,-72.48,2.3,-5.69,33.94,3838,11.05,10.04,10.1,40939,38732,47320,50262,1.33,واگرایی منفی RSI | خروج مستمر پول حقیقی | 95٪ بالای MA200 | واگرایی منفی | حد ضرر دور (8.7٪)
شسینا,صنایع‌شیمیایی‌سینا,محصولات شیمیایی,54,خنثی,90,45,2,70,4070,20260923,-11.3,10.6,31.8,-11.2,-1.6,13,50,52.8,1,1,false,46.8,3.51,above,-14.3,0.78,3700,4750,-7.15,-5.9,0.59,-8.57,6.5,523,7.78,9.63,-19.2,3927,3713,4750,5035,1.91,153٪ بالای کف ۵۲ هفته | سرانه خرید ضعیف (0.59) | حد ضرر دور (8.8٪) | نقدشوندگی کمتر از ۱۰ میلیارد تومان | صف فروش در ۵ روز اخیر
بیوتیک,آنتی بیوتیک سازی ایران,مواد و محصولات دارویی,53.9,خنثی,90,65,41.5,14,32020,20260923,-10.2,6.3,107.8,64.8,-6.4,21.3,95.3,51.4,7,1,false,66.1,3.84,above,-17.1,1.15,16181,35970,10.14,12.15,0.53,-47.34,25.6,1448,22.11,8.86,149.6,30791,29562,35970,38640,1.61,سهم صفی: 7 روز از ۲۰ روز در صف (ریسک نقدشوندگی و اجرای حد ضرر) | رشد عمودی (108٪ در ۶۰ روز، 21٪ بالای MA50) | 95٪ بالای MA200 | سرانه خرید ضعیف (0.53) | حد ضرر دور (7.7٪) | صف فروش در ۵ روز اخیر
غپینو,پارس‌ مینو,محصولات غذایی و آشامیدنی به جز قند و شکر,53.8,خنثی,90,45,1,70,1950,20260923,-10.3,2.1,30.4,-12.6,-1.3,6.9,80.6,51.1,3,1,false,44.8,3.98,above,-12.9,0.79,1861,1983,-20.17,-66.25,0.43,-72.94,47.56,275,7.09,8.53,-16.9,1872,1822,1983,2239,0.26,خروج مستمر پول حقیقی | 81٪ بالای MA200 | سرانه خرید ضعیف (0.43) | صف فروش در ۵ روز اخیر
سفاسی,شرکت فارسیت اهواز,سایر محصولات کانی غیرفلزی,53.7,خنثی,100,65,57.7,25,4830,20260923,-0.6,13.4,88.5,45.4,1.6,17.9,58.4,64.6,1,0,false,57.8,4.32,above,-6.4,0.95,4690,5160,0,3.31,1.49,1.95,2.01,330,14.64,,,4690,4586,5160,5577,1.35,نقدشوندگی پایین | واگرایی منفی RSI | عرضه حقوقی به حقیقی (-3 میلیارد تومان در ۲۰ روز) | 58٪ بالای MA200 | واگرایی منفی | نقدشوندگی کمتر از ۱۰ میلیارد تومان
پکرمان,گروه‌ صنعتی‌ بارز,لاستیک و پلاستیک,53.6,خنثی,100,45,1.5,57,7360,20260923,-8.3,5.7,15.5,-27.6,1.3,11.9,13.9,55.2,5,1,false,34.6,3.47,above,-18.4,0.84,7057,7878,-48.07,-36.34,0.48,-54.53,27.95,953,7.72,8.21,-5.9,7105,6929,7878,8260,1.2,واگرایی منفی RSI | خروج مستمر پول حقیقی | سرانه خرید ضعیف (0.48) | واگرایی منفی | صف فروش در ۵ روز اخیر
خپارس,پارس خودرو,خودرو و ساخت قطعات,53.6,خنثی,100,60,36.4,10,2112,20260923,3.7,48.1,108.5,65.4,16,49.2,119.4,82,12,1,true,62.9,3.06,above,-6.8,2.09,1216,,-28.71,-40.97,1.16,47.82,71.04,,,,,2047,1983,2306,2435,1.5,اشباع خرید | فاصله زیاد از MA20 | بدون EPS مثبت | سهم صفی: 12 روز از ۲۰ روز در صف (ریسک نقدشوندگی و اجرای حد ضرر) | رشد عمودی (108٪ در ۶۰ روز، 49٪ بالای MA50) | 119٪ بالای MA200 | صف فروش در ۵ روز اخیر
کرازی,کارخانجات‌تولیدی‌شیشه‌رازی‌,سایر محصولات کانی غیرفلزی,53.5,خنثی,70,65,6.1,72,1782,20260923,-4.8,5.1,46.8,3.7,-2.5,12.9,60.3,53.4,4,1,false,35.3,4.02,above,-12.3,0.62,1706,1839,-5.08,-1.25,1,-6.08,20.5,221,8.06,12.75,-36.8,1710,1670,1839,2032,0.51,60٪ بالای MA200 | صف فروش در ۵ روز اخیر
شراز,پالایش نفت شیراز,فراورده های نفتی، کک و سوخت هسته ای,53.5,خنثی,90,65,28,26,92760,20260923,-6.7,8.1,96.1,53,-6.2,16.1,122.1,50.9,5,0,false,55.8,4.02,above,-17.9,0.97,68720,113000,-71.49,107.55,0.48,-145.57,83.03,10165,9.13,6.26,45.8,89031,85303,113000,120457,2.71,واگرایی منفی RSI | عرضه حقوقی به حقیقی (-107 میلیارد تومان در ۲۰ روز) | 122٪ بالای MA200 | سرانه خرید ضعیف (0.48) | واگرایی منفی | حد ضرر دور (8.0٪) | شناوری کم (13٪)
ولنوین,لیزینگ اقتصاد نوین,سایر واسطه گریهای مالی,53.5,خنثی,90,53,36.5,47,2860,20260922,-8.3,0.5,37.7,-5.4,-3.9,11.6,40.4,50.7,0,0,false,41.7,4.23,above,-11.5,0.53,2793,2980,-5.41,-1.95,3.09,6.67,7.03,294,9.73,9.94,-2.1,2793,2732,2980,3093,0.94,نقدشوندگی کمتر از ۱۰ میلیارد تومان | شناوری کم (14٪) | آخرین معامله 20260922 (متوقف یا کم‌معامله)
شپلی,پلی اکریل ایران,محصولات شیمیایی,53.4,خنثی,100,90,1.5,20,6750,20260923,-7.5,29.8,109,65.9,6.5,16.7,147.2,63.2,8,3,true,47.2,3.08,above,-8.8,0.72,6170,7400,-18.72,-8.6,0.61,-8.81,34.88,237,28.48,,,6542,6230,7400,7816,1.25,سهم صفی: 8 روز از ۲۰ روز در صف (ریسک نقدشوندگی و اجرای حد ضرر) | رشد عمودی (109٪ در ۶۰ روز، 17٪ بالای MA50) | 147٪ بالای MA200 | سرانه خرید ضعیف (0.61) | حد ضرر دور (7.7٪) | صف فروش در ۵ روز اخیر
زنجان,صنایع کشاورزی وکود زنجان,محصولات شیمیایی,53.4,خنثی,100,70,87.5,10,2354,20260922,9.2,35.7,77.4,34.3,16.2,35,70.7,96.8,20,0,true,72.5,2.31,above,-0.5,0.96,1718,,0.48,2.77,8.38,2.35,0.62,,,,,2300,2245,2517,2625,1.5,نقدشوندگی پایین | اشباع خرید | فاصله زیاد از MA20 | بدون EPS مثبت | سهم صفی: 20 روز از ۲۰ روز در صف (ریسک نقدشوندگی و اجرای حد ضرر) | رشد عمودی (77٪ در ۶۰ روز، 35٪ بالای MA50) | عرضه حقوقی به حقیقی (-3 میلیارد تومان در ۲۰ روز) | 71٪ بالای MA200 | نقدشوندگی کمتر از ۱۰ میلیارد تومان | آخرین معامله 20260922 (متوقف یا کم‌معامله)
لطیف,محصولات کاغذی لطیف,محصولات کاغذی,53.4,خنثی,90,45,35.5,34,3720,20260923,-9.5,0.5,18.8,-24.3,-3,9.3,37.5,50.2,5,1,false,35.7,3.75,above,-12.3,0.71,3530,3920,-13.77,-3.69,1.52,2.83,9.89,315,11.81,10.19,15.9,3581,3460,3920,4240,0.77,نقدشوندگی کمتر از ۱۰ میلیارد تومان | صف فروش در ۵ روز اخیر
وشهر,بانک شهر,بانکها و موسسات اعتباری,53.3,خنثی,88,55,21.5,42,3070,20260923,1.4,2.7,16,-27.1,2.4,4.9,23.9,58.1,0,0,false,16.4,3.08,above,-2.2,0.83,3025,3125,-16.93,-84.35,1.81,-4.67,11.33,533,5.76,,,3025,2978,3125,3313,0.59,واگرایی منفی RSI | خروج مستمر پول حقیقی | 191٪ بالای کف ۵۲ هفته | واگرایی منفی
شمس,تولید انرژی برق شمس پاسارگاد,عرضه برق، گاز، بخاروآب گرم,53.3,خنثی,90,55,52.1,9,11710,20260923,-6.7,-4.1,69,25.9,0,4.9,91.5,52.3,1,0,false,33.9,4.25,above,-9.4,0.53,11010,12900,-5.63,8.49,1.54,11.35,17.75,887,13.2,10.04,31.5,11212,10761,12900,13896,1.25,عرضه حقوقی به حقیقی (-7 میلیارد تومان در ۲۰ روز) | 92٪ بالای MA200 | حد ضرر دور (8.1٪)
ذوب,ذوب آهن اصفهان,فلزات اساسی,53.3,خنثی,100,65,27,14,681,20260923,-13,32.7,61,17.9,2.4,30.7,64.6,60.4,14,1,false,57.6,2.81,above,-13,1.71,478,783,-172.48,448.01,0.4,-1137.32,266.93,12,56.75,13.48,321,662,643,783,821,2.67,سهم صفی: 14 روز از ۲۰ روز در صف (ریسک نقدشوندگی و اجرای حد ضرر) | رشد عمودی (61٪ در ۶۰ روز، 31٪ بالای MA50) | P/E بالا (57) | عرضه حقوقی به حقیقی (-475 میلیارد تومان در ۲۰ روز) | 65٪ بالای MA200 | سرانه خرید ضعیف (0.40) | صف فروش در ۵ روز اخیر
ومهان,گروه توسعه مالی مهرآیندگان,سرمایه گذاریها,53.3,خنثی,90,65,27,26,5570,20260923,-9.6,12.6,45,2,-2,14.4,51.4,54.2,8,0,false,38.7,3.51,above,-12.1,1.04,5500,5913,-263.87,152.35,0.35,-332.12,121.95,532,10.47,7.13,46.8,5500,5402,5913,6340,2.05,واگرایی منفی RSI | سهم صفی: 8 روز از ۲۰ روز در صف (ریسک نقدشوندگی و اجرای حد ضرر) | عرضه حقوقی به حقیقی (-184 میلیارد تومان در ۲۰ روز) | 51٪ بالای MA200 | سرانه خرید ضعیف (0.35) | واگرایی منفی | شناوری کم (10٪)
غبهار,کشت وصنعت بهاران گلبهار خراسان,محصولات غذایی و آشامیدنی به جز قند و شکر,53.3,خنثی,90,65,1,52,4450,20260923,-12.9,7.5,105.9,62.8,-3.8,17.7,58.3,51.7,6,3,false,65.2,3.77,above,-16.8,0.66,4110,4520,-0.08,-1.2,0.52,-3.86,10.09,798,5.58,,,4282,4030,4520,5350,0.17,واگرایی منفی RSI | سهم صفی: 6 روز از ۲۰ روز در صف (ریسک نقدشوندگی و اجرای حد ضرر) | رشد عمودی (106٪ در ۶۰ روز، 18٪ بالای MA50) | 58٪ بالای MA200 | سرانه خرید ضعیف (0.52) | واگرایی منفی | حد ضرر دور (9.4٪) | صف فروش در ۵ روز اخیر
زفارس,کشت وصنعت و دامپروری پگاه فارس,زراعت و خدمات وابسته,53.2,خنثی,90,38,17.5,57,22970,20260923,-10.6,3.2,35.8,-7.3,-4.5,11.3,,50,2,1,false,46.5,3.63,above,-14.8,0.56,22390,24440,-11.04,1.5,0.79,-9.4,12.35,2916,7.88,8.07,-2.4,22390,21973,24440,26970,1.47,واگرایی منفی RSI | 161٪ بالای کف ۵۲ هفته | سرانه خرید ضعیف (0.79) | واگرایی منفی | صف فروش در ۵ روز اخیر
ما,بیمه  ما,بیمه وصندوق بازنشستگی به جزتامین اجتماعی,53.2,خنثی,100,53,16.5,34,3840,20260923,-4.5,10.3,38.1,-4.9,1.7,18.9,56.9,59.9,5,0,false,49.5,3.62,above,-7,0.31,3760,4130,-4.74,3.23,0.59,-4.2,5.61,755,5.09,4.59,10.8,3760,3690,4130,4408,1.94,واگرایی منفی RSI | عرضه حقوقی به حقیقی (-3 میلیارد تومان در ۲۰ روز) | 57٪ بالای MA200 | سرانه خرید ضعیف (0.59) | واگرایی منفی | نقدشوندگی کمتر از ۱۰ میلیارد تومان
کطبس,ذغال‌سنگ‌ نگین‌ ط‌بس‌,استخراج زغال سنگ,53.2,خنثی,100,65,3.8,37,18410,20260923,-4.8,15.9,64,20.9,3.9,27.9,103.2,67.5,5,0,false,60.3,3.72,above,-7.5,0.55,17710,19900,-9.21,-19.85,0.91,-2.99,12.8,1904,9.67,9.67,0,17726,17368,19900,21268,1.43,واگرایی منفی RSI | خروج مستمر پول حقیقی | 103٪ بالای MA200 | واگرایی منفی
نوری,پتروشیمی نوری,محصولات شیمیایی,53.1,خنثی,100,48,45.2,9,50350,20260923,8.5,42.3,35.4,-7.7,20.5,42.1,75.8,83.3,5,0,true,53,2.86,above,-2.7,2.42,38485,,-164.04,1213.21,1.05,-1377.16,409.18,3744,13.45,9.63,39.6,48908,47465,54677,57562,1.5,واگرایی منفی RSI | اشباع خرید | فاصله زیاد از MA20 | رشد عمودی (35٪ در ۶۰ روز، 42٪ بالای MA50) | عرضه حقوقی به حقیقی (-1506 میلیارد تومان در ۲۰ روز) | 76٪ بالای MA200 | واگرایی منفی | شناوری کم (9٪)
کتوکا,تولیدی و خدمات صنایع نسوز توکا,سایر محصولات کانی غیرفلزی,53,خنثی,100,50,2,50,8430,20260923,-7.1,40,110.2,67.2,6.8,45.2,110.2,71.7,12,1,false,81.1,3.24,above,-9.7,1.78,4456,9340,-4.29,-12.49,0.62,-43.51,26.01,983,8.58,10.33,-17,8157,7884,9340,9886,1.67,سهم صفی: 12 روز از ۲۰ روز در صف (ریسک نقدشوندگی و اجرای حد ضرر) | رشد عمودی (110٪ در ۶۰ روز، 45٪ بالای MA50) | 110٪ بالای MA200 | سرانه خرید ضعیف (0.62) | صف فروش در ۵ روز اخیر
شنفت,نفت‌ پارس‌,فراورده های نفتی، کک و سوخت هسته ای,53,خنثی,100,50,18,34,17390,20260923,1.6,16.7,74.1,31,8,27.4,78.9,70.1,2,0,false,48.2,3.01,above,-3.1,0.87,15700,17950,-27.7,0.98,0.64,-56.2,36.05,2291,7.59,6.26,21.3,16867,16344,17950,18996,0.54,واگرایی منفی RSI | 79٪ بالای MA200 | سرانه خرید ضعیف (0.64) | واگرایی منفی | شناوری کم (12٪)
غانیزان,فرآورده های دامی ولبنی دالاهو,محصولات غذایی و آشامیدنی به جز قند و شکر,52.9,خنثی,70,45,57.6,34,8780,20260923,-7.4,16,12.1,-31,-0.2,13.8,45.7,55.8,6,0,false,28.9,4.19,above,-10,0.82,8065,9760,-5.83,11.75,1.42,9.2,11.51,797,11.02,8.53,29.1,8412,7881,9760,10496,1.09,سهم صفی: 6 روز از ۲۰ روز در صف (ریسک نقدشوندگی و اجرای حد ضرر) | عرضه حقوقی به حقیقی (-10 میلیارد تومان در ۲۰ روز) | حد ضرر دور (10.2٪)
خکمک,کمک‌فنرایندامین‌,خودرو و ساخت قطعات,52.9,خنثی,90,45,27.5,40,2800,20260923,-11.8,11.4,20.4,-22.6,-0.6,17.2,21,54.5,3,1,false,43.2,3.69,above,-25.4,0.53,2754,2950,-5.2,19.56,0.39,-16.52,10.96,47,59.57,,,2754,2702,2950,3250,1.53,P/E بالا (60) | عرضه حقوقی به حقیقی (-21 میلیارد تومان در ۲۰ روز) | سرانه خرید ضعیف (0.39) | صف فروش در ۵ روز اخیر
وپست,پست بانک ایران,بانکها و موسسات اعتباری,52.8,خنثی,90,45,2,65,9930,20260923,-8.1,4.2,26.5,-16.5,-1.6,7.5,63.4,52,0,0,false,31.8,4.14,above,-10.7,0.52,9650,10060,-36.62,-130.31,0.56,-45.32,44.62,2033,4.88,5.4,-9.5,9650,9445,10060,10250,0.27,خروج مستمر پول حقیقی | 63٪ بالای MA200 | سرانه خرید ضعیف (0.56)
کولان,کولان سل,محصولات کاغذی,52.8,خنثی,85,45,36,37,29860,20260923,-6.1,7.8,1.7,-41.4,0.7,5.7,,53.3,2,0,false,24.8,3.46,,-8.8,1,29290,32750,-10.55,-13.76,3.84,40.02,14.73,3233,9.24,10.19,-9.4,29290,28773,32750,34817,2.66,
واتی,سرمایه‌ گذاری‌ آتیه‌ دماوند,سرمایه گذاریها,52.8,خنثی,85,45,64,9,7220,20260923,3,-6.8,28.2,-14.8,-0.2,11.9,45.5,56,2,0,false,28.2,3.31,above,-9.5,0.96,7080,7660,16.73,1.27,1.7,-16.77,22.32,537,13.45,7.13,88.6,7080,6961,7660,7980,1.7,
حپارسا,توسعه حمل و نقل ریلی پارسیان,حمل ونقل، انبارداری و ارتباطات,52.8,خنثی,100,65,2,37,20930,20260923,-6.7,10.3,53.1,10,1.1,11.4,107,55,2,0,false,35.4,4.01,above,-9.8,0.67,20220,21200,-4.44,-14.78,0.67,-6.79,7.48,2511,8.34,7.68,8.5,20220,19800,21200,23200,0.24,خروج مستمر پول حقیقی | 107٪ بالای MA200 | سرانه خرید ضعیف (0.67) | نقدشوندگی کمتر از ۱۰ میلیارد تومان
شبندر,پالایش نفت بندرعباس,فراورده های نفتی، کک و سوخت هسته ای,52.7,خنثی,100,53,1.5,47,14990,20260923,-5.4,19.2,42.3,-0.8,5.3,20.9,102.8,64.5,3,1,false,43.2,3.81,above,-8.1,0.84,13760,16310,-635.59,-1084.77,0.46,-975,565.13,2555,5.87,6.26,-6.3,14419,13561,16310,17453,0.92,خروج مستمر پول حقیقی | 103٪ بالای MA200 | سرانه خرید ضعیف (0.46) | حد ضرر دور (9.5٪) | صف فروش در ۵ روز اخیر
ثقزوی,شرکت عمران و سازندگی قزوین,انبوه سازی، املاک و مستغلات,52.7,خنثی,100,75,70.8,20,2970,20260922,-0.9,32.9,101.8,58.7,11.5,42,55.5,73.9,6,2,true,66,3.25,above,-8.9,0.47,2438,,0.41,8.59,0.91,0.52,2.43,35,84.86,,,2873,2777,3260,3453,1.5,نقدشوندگی پایین | سهم صفی: 6 روز از ۲۰ روز در صف (ریسک نقدشوندگی و اجرای حد ضرر) | رشد عمودی (102٪ در ۶۰ روز، 42٪ بالای MA50) | P/E بالا (85) | عرضه حقوقی به حقیقی (-9 میلیارد تومان در ۲۰ روز) | 55٪ بالای MA200 | نقدشوندگی کمتر از ۱۰ میلیارد تومان | صف فروش در ۵ روز اخیر | آخرین معامله 20260922 (متوقف یا کم‌معامله)
انتخاب,گروه انتخاب الکترونیک آرمان,ماشین آلات و تجهیزات,52.6,خنثی,100,65,1.5,37,2412,20260923,-3.6,18.9,91,47.9,3.4,30.4,101.5,64.6,5,1,false,65.5,3.33,above,-8.5,0.55,2017,2635,-82.79,-45.66,0.6,-43.06,75.11,271,8.9,9.66,-7.9,2332,2251,2635,2796,1.39,رشد عمودی (91٪ در ۶۰ روز، 30٪ بالای MA50) | 102٪ بالای MA200 | سرانه خرید ضعیف (0.60) | صف فروش در ۵ روز اخیر
وبرق,س.کارکنان صنعت برق زنجان وقزوی,سرمایه گذاریها,52.6,خنثی,90,65,15.5,35,62860,20260923,-12.6,14.8,101.2,58.1,-0.9,31.2,87.5,58.4,7,2,false,76.7,3.38,above,-15.1,0.5,61600,74000,0,8.06,0.53,-14.11,13.96,4946,12.71,,,61600,60537,74000,78251,4.8,واگرایی منفی RSI | سهم صفی: 7 روز از ۲۰ روز در صف (ریسک نقدشوندگی و اجرای حد ضرر) | رشد عمودی (101٪ در ۶۰ روز، 31٪ بالای MA50) | عرضه حقوقی به حقیقی (-8 میلیارد تومان در ۲۰ روز) | 87٪ بالای MA200 | سرانه خرید ضعیف (0.53) | واگرایی منفی | صف فروش در ۵ روز اخیر
وغدیر,سرمایه‌گذاری‌غدیر(هلدینگ‌,شرکتهای چند رشته ای صنعتی,52.5,خنثی,100,65,1,37,20920,20260923,-6,11.4,43.5,0.4,1.4,18.7,61.5,59.4,0,0,false,39.1,3.78,above,-8.6,0.75,20260,22890,-247.41,-221.67,0.47,-263.17,220.31,1940,10.78,10.88,-0.9,20260,19864,22890,24473,1.87,واگرایی منفی RSI | خروج مستمر پول حقیقی | 62٪ بالای MA200 | سرانه خرید ضعیف (0.47) | واگرایی منفی
اخابر,مخابرات ایران,مخابرات,52.4,خنثی,90,65,2.5,47,1015,20260923,-10.5,2.9,87.1,44,-2.1,17,81.1,54.5,5,1,false,46.4,3.85,above,-11.7,0.51,946,1069,-135.63,-74.88,0.34,-224.29,152.27,124,8.19,8.37,-2.2,976,926,1069,1150,0.61,واگرایی منفی RSI | 81٪ بالای MA200 | سرانه خرید ضعیف (0.34) | واگرایی منفی | حد ضرر دور (8.7٪) | صف فروش در ۵ روز اخیر
غکورش,صنعت غذایی کورش,محصولات غذایی و آشامیدنی به جز قند و شکر,52.4,خنثی,100,65,0.5,37,25290,20260923,-4.6,12.2,75.5,32.5,2,18.7,147.2,60.8,4,0,false,47.8,3.99,above,-9.3,0.63,23910,27890,-78.06,-489.73,0.69,-83.29,123.4,2993,8.45,8.53,-0.9,24280,23405,27890,29910,1.38,واگرایی منفی RSI | خروج مستمر پول حقیقی | 147٪ بالای MA200 | سرانه خرید ضعیف (0.69) | واگرایی منفی | حد ضرر دور (7.5٪) | شناوری کم (14٪)
کاسپین,داروسازی کاسپین تامین,مواد و محصولات دارویی,52.4,خنثی,100,65,0.5,37,35710,20260923,-1.8,5.6,58.7,15.7,2.4,10,105.3,57.1,4,1,false,36.3,3.75,above,-6.2,0.56,32860,36690,-18.81,-26.67,0.72,-24.68,32.73,3831,9.32,8.86,5.2,34370,32359,36690,38060,0.29,واگرایی منفی RSI | 105٪ بالای MA200 | سرانه خرید ضعیف (0.72) | واگرایی منفی | حد ضرر دور (9.4٪) | صف فروش در ۵ روز اخیر
دسانکو,داروسازی سبحان انکولوژی,مواد و محصولات دارویی,52.3,خنثی,90,55,43,14,3260,20260923,-4.7,0,59.3,16.2,-3,6.8,60.2,50.7,6,2,false,40.5,3.64,above,-14.7,0.68,3030,3370,11.69,-13.67,0.74,4.92,13.95,97,33.61,8.86,279.3,3141,2971,3370,3820,0.38,سهم صفی: 6 روز از ۲۰ روز در صف (ریسک نقدشوندگی و اجرای حد ضرر) | P/E بالا (34) | 60٪ بالای MA200 | سرانه خرید ضعیف (0.74) | حد ضرر دور (8.9٪) | صف فروش در ۵ روز اخیر
بنو,بیمه تجارت نو,بیمه وصندوق بازنشستگی به جزتامین اجتماعی,52.3,خنثی,70,20,27,82,1889,20260923,-7.7,-3.4,15,-28.1,-6.7,4.2,29.6,45.6,2,1,false,26.2,4,above,-13.7,0.32,1837,1935,-2.32,55.66,0.39,-11.59,13.99,239,7.9,18.13,-56.4,1837,1799,1935,2074,0.51,عرضه حقوقی به حقیقی (-54 میلیارد تومان در ۲۰ روز) | سرانه خرید ضعیف (0.39) | صف فروش در ۵ روز اخیر
دشیری,شیرین دارو,مواد و محصولات دارویی,52.3,خنثی,100,80,23,42,403400,20260923,2.1,13.5,30.3,-12.8,8.9,21,64.6,69.1,1,0,true,50.8,3.14,above,-0.5,1,383100,,-2.86,-0.77,1.68,-0.37,2.49,57790,6.98,,,390742,376771,441374,466690,1.43,نقدشوندگی پایین | واگرایی منفی RSI | 65٪ بالای MA200 | واگرایی منفی | نقدشوندگی کمتر از ۱۰ میلیارد تومان
کحافظ,کاشی‌ وسرامیک‌ حافظ‌,کاشی و سرامیک,52.2,خنثی,90,38,0.5,70,2450,20260923,-11.1,0.5,36.4,-6.7,-5.4,9.1,55.3,47.4,3,1,false,44.2,4.01,above,-14.8,0.62,2393,2586,-18.02,-25.1,0.41,-33.44,21.66,388,6.31,7.65,-17.5,2393,2344,2586,2875,1.28,واگرایی منفی RSI | خروج مستمر پول حقیقی | 55٪ بالای MA200 | سرانه خرید ضعیف (0.41) | واگرایی منفی | صف فروش در ۵ روز اخیر
سباقر,سیمان باقران,سیمان، آهک و گچ,52.1,خنثی,100,65,2.5,34,363600,20260923,-6.6,18.2,104.2,61.1,1.7,28.7,161.6,62.5,6,2,false,67.6,3.55,above,-11.1,0.86,341600,409000,-57.74,-5.06,0.58,-157.97,102.6,44486,8.17,6.69,22.2,350684,335142,409000,434833,1.6,سهم صفی: 6 روز از ۲۰ روز در صف (ریسک نقدشوندگی و اجرای حد ضرر) | رشد عمودی (104٪ در ۶۰ روز، 29٪ بالای MA50) | 162٪ بالای MA200 | سرانه خرید ضعیف (0.58) | حد ضرر دور (7.8٪) | صف فروش در ۵ روز اخیر
سدور,سیمان‌ دورود,سیمان، آهک و گچ,52.1,خنثی,100,65,26.5,10,33120,20260923,-8,34.4,83.7,40.6,4,34.1,88.5,63.8,8,1,false,68.4,3.64,above,-11,0.87,25890,37220,-9.08,43.22,0.4,-35.78,14.13,,,7.14,,31915,30709,37220,39631,1.7,بدون EPS مثبت | سهم صفی: 8 روز از ۲۰ روز در صف (ریسک نقدشوندگی و اجرای حد ضرر) | رشد عمودی (84٪ در ۶۰ روز، 34٪ بالای MA50) | عرضه حقوقی به حقیقی (-46 میلیارد تومان در ۲۰ روز) | 89٪ بالای MA200 | سرانه خرید ضعیف (0.40) | حد ضرر دور (7.3٪) | صف فروش در ۵ روز اخیر
بکابل,سیم و کابل ابهر,ماشین آلات و دستگاه‌های برقی,52.1,خنثی,90,20,27.5,57,5600,20260923,-11,-5.1,16,-27.1,-4.3,6,26.8,47.1,2,1,false,29.4,4.06,above,-13.4,0.56,5466,5850,-5.53,44.2,0.48,-19.39,15.36,1041,5.38,5.95,-9.6,5466,5353,5850,6240,1.01,عرضه حقوقی به حقیقی (-45 میلیارد تومان در ۲۰ روز) | سرانه خرید ضعیف (0.48) | صف فروش در ۵ روز اخیر
فطلوع,طلوع فولاد پارس,فلزات اساسی,52,خنثی,100,50,28,20,5710,20260923,-7,42.4,100.1,57.1,8.6,38.8,,71.1,15,3,false,75.4,2.84,above,-9.7,2.22,3790,6320,-16.56,39.12,0.58,-57.9,17.64,34,167.94,,,5548,5385,6320,6645,1.88,سهم صفی: 15 روز از ۲۰ روز در صف (ریسک نقدشوندگی و اجرای حد ضرر) | رشد عمودی (100٪ در ۶۰ روز، 39٪ بالای MA50) | P/E بالا (168) | عرضه حقوقی به حقیقی (-29 میلیارد تومان در ۲۰ روز) | 206٪ بالای کف ۵۲ هفته | سرانه خرید ضعیف (0.58) | صف فروش در ۵ روز اخیر
هرمز,فولاد هرمزگان جنوب,فلزات اساسی,52,خنثی,100,65,2,34,4300,20260923,-9.9,33.5,58.3,15.2,5,19.5,100,61.5,10,0,false,52.4,3.46,above,-10.2,1.31,3700,,-223.33,-119.79,0.47,-209.87,57.29,435,9.89,8.05,22.8,4151,4002,4747,5045,1.5,واگرایی منفی RSI | خروج مستمر پول حقیقی | سهم صفی: 10 روز از ۲۰ روز در صف (ریسک نقدشوندگی و اجرای حد ضرر) | 100٪ بالای MA200 | سرانه خرید ضعیف (0.47) | واگرایی منفی
سقاین,سیمان‌ قائن‌,سیمان، آهک و گچ,52,خنثی,100,65,2,34,31040,20260923,-9.5,25.6,95.6,52.6,1.4,24.1,135,59.2,5,1,false,54.5,3.49,above,-14,0.94,25695,36090,-35.23,-32.23,0.51,-38.43,18.4,3814,8.14,7.14,14,29958,28876,36090,38254,2.33,خروج مستمر پول حقیقی | 135٪ بالای MA200 | سرانه خرید ضعیف (0.51) | شناوری کم (12٪) | صف فروش در ۵ روز اخیر
قرن,پدیده شیمی قرن,محصولات شیمیایی,52,خنثی,90,65,1,47,22720,20260923,-10.8,3.3,50,7,-1.8,6.1,84.5,50.1,3,0,false,39.8,3.78,above,-14.9,0.76,21900,23330,-29.55,-51.01,0.51,-30.19,18.24,2371,9.58,9.63,-0.5,21900,21471,23330,26690,0.49,خروج مستمر پول حقیقی | 84٪ بالای MA200 | سرانه خرید ضعیف (0.51)
شیفته,کشت و صنعت شیفته آرای شرق,محصولات غذایی و آشامیدنی به جز قند و شکر,51.9,خنثی,85,65,37.5,16,14400,20260923,-2.3,11.4,54.6,11.5,4,15,,60.9,3,0,false,46.2,3.47,,-4.6,0.63,14045,15100,-5.97,-49.55,7.7,50.02,23.99,1559,9.24,7.05,31,14045,13795,15100,16100,1.16,خروج مستمر پول حقیقی
کازرو,پتروشیمی کازرون,محصولات شیمیایی,51.9,خنثی,100,70,61.5,10,13060,20260923,15.6,42.9,95.2,52.2,20.5,42.3,70.4,97.4,20,0,true,78.2,2.36,above,-12.1,0.11,9730,13370,-0.08,23.18,3.09,0.63,1.73,,,,,12752,12444,13370,13940,0.5,نقدشوندگی پایین | اشباع خرید | فاصله زیاد از MA20 | بدون EPS مثبت | سهم صفی: 20 روز از ۲۰ روز در صف (ریسک نقدشوندگی و اجرای حد ضرر) | رشد عمودی (95٪ در ۶۰ روز، 42٪ بالای MA50) | عرضه حقوقی به حقیقی (-23 میلیارد تومان در ۲۰ روز) | 70٪ بالای MA200 | نقدشوندگی کمتر از ۱۰ میلیارد تومان
اپال,فرآوری معدنی اپال کانی پارس,استخراج کانه های فلزی,51.8,خنثی,70,53,20.9,60,14030,20260923,-6.5,4.2,40.7,-2.3,-5.8,12.5,41.4,50.5,1,0,false,40.7,3.87,above,-15.5,0.4,11585,16600,-10.06,-32.14,1.58,-5.92,10.15,1442,9.73,13.76,-29.3,13487,12944,16600,17686,2.37,خروج مستمر پول حقیقی | حد ضرر دور (7.7٪) | شناوری کم (9٪)
غدشت,دشت‌ مرغاب‌,محصولات غذایی و آشامیدنی به جز قند و شکر,51.8,خنثی,70,45,17,70,3810,20260923,-8.6,3,22.5,-20.6,-2.6,9.9,36.2,51.2,3,1,false,17.8,3.75,above,-11.2,0.66,3690,4290,-6.38,4.19,0.54,-7.85,9.69,591,6.45,8.53,-24.4,3690,3619,4290,4576,2.51,عرضه حقوقی به حقیقی (-4 میلیارد تومان در ۲۰ روز) | سرانه خرید ضعیف (0.54) | نقدشوندگی کمتر از ۱۰ میلیارد تومان | صف فروش در ۵ روز اخیر
خراسان,پتروشیمی خراسان,محصولات شیمیایی,51.6,خنثی,70,30,28.5,70,53030,20260923,-8,4.3,-0.7,-43.8,-6.4,5.7,57,45.9,3,0,false,28.1,3.92,above,-16.1,0.86,49990,55712,-17,58.51,0.51,-49.09,29.09,7006,7.57,9.63,-21.4,50952,48951,55712,57180,0.66,عرضه حقوقی به حقیقی (-55 میلیارد تومان در ۲۰ روز) | 57٪ بالای MA200 | سرانه خرید ضعیف (0.51) | حد ضرر دور (7.7٪) | شناوری کم (6٪)
بنیرو,نیروترانس‌,ماشین آلات و دستگاه‌های برقی,51.6,خنثی,78,53,2.5,68,3810,20260923,1.1,-0.8,39.4,-3.7,-0.1,4.6,48.3,54.6,2,0,false,12.2,3.5,above,-6.2,0.96,3637,3905,-18,-43,0.63,-19.83,13.97,830,4.59,6.15,-25.4,3677,3570,3905,4060,0.4,خروج مستمر پول حقیقی | بدون روند (ADX پایین) | 152٪ بالای کف ۵۲ هفته | سرانه خرید ضعیف (0.63)
وخارزم,سرمایه گذاری خوارزمی,سرمایه گذاریها,51.5,خنثی,100,60,22,16,9080,20260923,2.8,18.5,86,42.9,8.4,29.3,127.7,71.8,1,0,false,64.4,3.14,above,0,1.31,8290,,-92.84,-411.44,1.24,-42.71,112.77,830,10.94,7.13,53.4,8795,8368,9934,10504,1.2,واگرایی منفی RSI | خروج مستمر پول حقیقی | 128٪ بالای MA200 | واگرایی منفی | حد ضرر دور (7.8٪)
غبشهر,صنعتی‌ بهشهر,محصولات غذایی و آشامیدنی به جز قند و شکر,51.5,خنثی,100,60,1,37,18200,20260923,4.7,29.6,279.9,236.8,6.6,43.4,230.4,73.2,10,0,false,79.7,3.18,above,-6.9,1.05,16520,19540,-34.32,-51.76,0.55,-138.24,70.37,2019,9.01,8.53,5.7,17621,16753,19540,20697,0.93,سهم صفی: 10 روز از ۲۰ روز در صف (ریسک نقدشوندگی و اجرای حد ضرر) | رشد عمودی (280٪ در ۶۰ روز، 43٪ بالای MA50) | 230٪ بالای MA200 | سرانه خرید ضعیف (0.55) | حد ضرر دور (7.9٪)
سفارود,کارخانه فارسیت درود,سایر محصولات کانی غیرفلزی,51.5,خنثی,100,70,60,10,12560,20260923,10.2,41.1,74.7,31.6,18.8,48.8,85.3,97.1,12,0,true,85.9,1.74,above,0,0.44,7360,,0,30.88,6.84,2.44,2.54,,,,,12341,12122,13217,13655,1.5,نقدشوندگی پایین | اشباع خرید | فاصله زیاد از MA20 | بدون EPS مثبت | سهم صفی: 12 روز از ۲۰ روز در صف (ریسک نقدشوندگی و اجرای حد ضرر) | رشد عمودی (75٪ در ۶۰ روز، 49٪ بالای MA50) | عرضه حقوقی به حقیقی (-31 میلیارد تومان در ۲۰ روز) | 85٪ بالای MA200 | نقدشوندگی کمتر از ۱۰ میلیارد تومان
نتوس,پشم‌ بافی‌ توس,منسوجات,51.5,خنثی,100,70,45,25,1983,20260923,13.2,55.2,125.3,82.2,21.8,56.1,101.8,97.8,17,0,true,84.7,2.48,above,-1.2,3.3,1148,,0,0,2.26,3.3,1.08,156,12.71,,,1934,1885,2130,2229,1.5,نقدشوندگی پایین | اشباع خرید | فاصله زیاد از MA20 | سهم صفی: 17 روز از ۲۰ روز در صف (ریسک نقدشوندگی و اجرای حد ضرر) | رشد عمودی (125٪ در ۶۰ روز، 56٪ بالای MA50) | 102٪ بالای MA200 | نقدشوندگی کمتر از ۱۰ میلیارد تومان
زملارد,کشاورزی و دامپروری ملارد شیر,زراعت و خدمات وابسته,51.5,خنثی,85,20,30.9,57,1409,20260923,-7.6,-9.6,26.7,-16.3,-4.6,7.3,50,48.5,3,1,false,34.6,4.05,above,-12.2,0.66,1388,1597,-14.69,-14.71,1.38,7.22,23.05,183,7.7,8.07,-4.6,1388,1359,1597,1711,3.79,صف فروش در ۵ روز اخیر
ساوه,سیمان ساوه,سیمان، آهک و گچ,51.4,خنثی,81,30,17.5,67,10670,20260923,-8.6,5,-23.3,-66.4,-2.4,2.2,24.6,47.1,2,1,false,21.8,4,inside,-31.5,0.66,10090,11430,-3.78,0.41,0.56,-14.86,18.09,1489,7.17,6.69,7.1,10243,9877,11430,12190,0.96,سرانه خرید ضعیف (0.56) | حد ضرر دور (7.4٪) | صف فروش در ۵ روز اخیر
چافست,افست‌,انتشار، چاپ و تکثیر,51.4,خنثی,85,55,2.5,57,21960,20260923,-6.6,-6.8,48,4.9,-2.2,10.2,68.9,50.9,2,0,false,41.7,4.19,above,-12.9,0.37,20780,24060,-8.12,-56.71,0.71,-8.23,10.37,4380,5.01,5.01,0.1,21040,20320,24060,25200,1.28,خروج مستمر پول حقیقی | 69٪ بالای MA200 | سرانه خرید ضعیف (0.71) | حد ضرر دور (7.5٪)
بسویچ,پارس‌سویچ‌,ماشین آلات و دستگاه‌های برقی,51.4,خنثی,90,45,17.5,44,5080,20260923,-5.8,16.2,29.5,-13.6,-0.9,20.6,54.1,59.9,4,0,false,53.1,3.98,above,-10.6,0.32,4041,5510,-0.33,1.28,0.79,-1.43,3.22,676,7.51,6.15,22.2,4878,4675,5510,5680,1.06,عرضه حقوقی به حقیقی (-1 میلیارد تومان در ۲۰ روز) | 54٪ بالای MA200 | سرانه خرید ضعیف (0.79) | حد ضرر دور (8.0٪) | نقدشوندگی کمتر از ۱۰ میلیارد تومان
لپیام,گسترش صنایع پیام,ساخت دستگاه‌ها و وسایل ارتباطی,51.2,خنثی,100,60,17,20,120200,20260923,0.8,55.3,145.8,102.7,15.2,60.3,121.2,82.4,10,0,true,85.7,3.17,above,-7.5,1.66,67838,,-27.48,-24.31,1.06,-4.4,10.37,123,977.24,,,116394,112588,131618,139230,1.5,اشباع خرید | فاصله زیاد از MA20 | خروج مستمر پول حقیقی | سهم صفی: 10 روز از ۲۰ روز در صف (ریسک نقدشوندگی و اجرای حد ضرر) | رشد عمودی (146٪ در ۶۰ روز، 60٪ بالای MA50) | P/E بالا (977) | 121٪ بالای MA200
فبستم,صنایع ‌بسته‌بندی‌ مشهد,ساخت محصولات فلزی,51.2,خنثی,90,30,83,30,16890,20260923,-4.7,7.6,4.4,-38.7,-4.6,4.2,8.5,46.7,2,0,false,27.1,4.18,above,-15.5,0.64,16580,17430,1.34,3.49,1.4,1.05,1.18,396,42.65,,,16580,16227,17430,17900,0.81,نقدشوندگی پایین | P/E بالا (43) | عرضه حقوقی به حقیقی (-3 میلیارد تومان در ۲۰ روز) | نقدشوندگی کمتر از ۱۰ میلیارد تومان
حریل,ریل پردازسیر,حمل ونقل، انبارداری و ارتباطات,51.1,خنثی,90,45,26.5,34,2930,20260923,-10.7,11.9,25.3,-17.8,-1.4,16.3,37.4,54.1,5,1,false,49.5,3.45,above,-14.1,0.59,2868,3410,0,8.35,0.64,-2.44,4.7,303,9.67,7.68,25.9,2868,2817,3410,3612,4.27,عرضه حقوقی به حقیقی (-8 میلیارد تومان در ۲۰ روز) | سرانه خرید ضعیف (0.64) | نقدشوندگی کمتر از ۱۰ میلیارد تومان | صف فروش در ۵ روز اخیر
قنیشا,قند  نیشابور,قند و شکر,51,خنثی,100,65,28.1,4,3400,20260923,-1.4,17.4,46.2,3.2,4.4,20.9,45.8,63.1,0,0,false,53.3,3.53,above,-5.8,0.79,3325,3610,-1.63,-0.47,1.26,3.66,5.58,119,28.57,9.8,191.5,3325,3265,3610,3850,1.56,واگرایی منفی RSI | واگرایی منفی | نقدشوندگی کمتر از ۱۰ میلیارد تومان
خمهر,مهرکام‌پارس‌,خودرو و ساخت قطعات,51,خنثی,100,65,2,30,3650,20260923,-8.1,22.9,61.2,18.2,4.2,25.5,64.1,64.4,0,0,false,65.1,3.88,above,-10.5,1.12,2596,4080,-19.97,-9.09,0.65,-34.77,19.53,105,34.76,,,3509,3367,4080,4363,1.52,P/E بالا (35) | 64٪ بالای MA200 | سرانه خرید ضعیف (0.65) | حد ضرر دور (7.8٪)
سیستم,همکاران سیستم,رایانه و فعالیت‌های وابسته به آن,51,خنثی,70,50,27,53,53250,20260923,-7.8,6.5,43.7,0.6,-4.6,2,48.1,46.4,0,0,false,29.5,3.95,above,-13.8,1.16,52230,61750,-1.02,10.11,0.58,-8.48,6.17,3654,14.57,18.19,-19.9,52230,51178,61750,65960,4.1,سرانه خرید ضعیف (0.58) | نقدشوندگی کمتر از ۱۰ میلیارد تومان | واگرایی مثبت RSI
قزوین,کارخانجات‌ قند قزوین‌,قند و شکر,50.9,خنثی,100,45,0.5,47,12410,20260923,-8.2,12.6,19.7,-23.4,2.6,10.2,58.4,55,2,0,false,31.9,3.74,above,-10.8,0.52,12210,12730,-3.74,-8.82,0.68,-3.72,3.18,1403,8.85,9.8,-9.7,12210,11978,12730,13920,0.74,خروج مستمر پول حقیقی | 58٪ بالای MA200 | سرانه خرید ضعیف (0.68) | نقدشوندگی کمتر از ۱۰ میلیارد تومان
کالا,بورس کالای ایران,فعالیتهای کمکی به نهادهای مالی واسط,50.8,خنثی,100,90,2,9,10920,20260923,-6.3,17.2,47.4,4.3,6.2,18.6,98.9,64,6,0,true,33.1,3.35,above,-7.5,0.88,9730,11800,-236.9,-369.81,0.51,-299.6,149.77,885,12.34,5.92,108.4,10554,10187,11800,12533,1.2,خروج مستمر پول حقیقی | سهم صفی: 6 روز از ۲۰ روز در صف (ریسک نقدشوندگی و اجرای حد ضرر) | 99٪ بالای MA200 | سرانه خرید ضعیف (0.51)
سدبیر,س. تدبیرگران فارس وخوزستان,سرمایه گذاریها,50.8,خنثی,85,20,3,82,37640,20260923,-9.3,-2.3,24,-19.1,-4.5,6.3,8.9,47.3,0,0,false,37.3,4.22,above,-24.1,0.76,36900,38674,-7.29,-2.56,0.57,-14.62,11.25,7407,5.08,8.73,-41.8,36900,36106,38674,40487,0.67,واگرایی منفی RSI | سرانه خرید ضعیف (0.57) | واگرایی منفی
وبملت,بانک ملت,بانکها و موسسات اعتباری,50.4,خنثی,70,45,1.5,80,1480,20260923,-7.1,2.4,9.9,-33.2,-2.7,10,44.1,52.1,2,1,false,22.1,3.64,above,-8.7,0.74,1450,1611,-1072.09,-1938.16,0.45,-1825.44,1362.36,454,3.26,5.4,-39.6,1450,1423,1611,1718,2.29,واگرایی منفی RSI | خروج مستمر پول حقیقی | سرانه خرید ضعیف (0.45) | واگرایی منفی | صف فروش در ۵ روز اخیر
حسینا,توسعه خدمات دریایی وبندری سینا,حمل ونقل، انبارداری و ارتباطات,50.4,خنثی,100,45,21.5,24,18300,20260923,-5.9,23.8,25.8,-17.2,3.3,11.7,38.4,58.5,6,1,false,37.1,3.78,above,-9.7,0.8,16559,18698,-44.01,-31.74,2.62,-36.03,30.26,2130,8.59,7.68,11.9,17609,16573,18698,20260,0.23,خروج مستمر پول حقیقی | سهم صفی: 6 روز از ۲۰ روز در صف (ریسک نقدشوندگی و اجرای حد ضرر) | حد ضرر دور (9.4٪) | صف فروش در ۵ روز اخیر
بانیان,نیان باتری خاوران,ماشین آلات و دستگاه‌های برقی,50.3,خنثی,85,45,37,26,17570,20260923,0.9,-6.2,20.3,-22.8,-1.1,11.1,,54.8,1,0,false,28.7,3.55,above,-11.1,0.8,16842,18040,-6.16,-73.78,2.79,31.73,16.65,1652,10.64,5.95,78.7,16946,16530,18040,19303,0.45,خروج مستمر پول حقیقی
رتکو,کنترل ‌خوردگی ‌تکین ‌کوی,خدمات فنی و مهندسی,50.3,خنثی,100,70,45,20,22320,20260923,14,24.7,99.6,56.5,16.2,35.4,70.9,83.7,3,0,true,57.6,3.39,above,0,1.55,19700,,0,0,4.53,5.21,1.06,641,34.82,,,21564,20808,24588,26100,1.5,نقدشوندگی پایین | واگرایی منفی RSI | اشباع خرید | فاصله زیاد از MA20 | رشد عمودی (100٪ در ۶۰ روز، 35٪ بالای MA50) | P/E بالا (35) | 71٪ بالای MA200 | واگرایی منفی | نقدشوندگی کمتر از ۱۰ میلیارد تومان
غشان,شیرپاستوریزه‌پگاه‌خراسان‌,محصولات غذایی و آشامیدنی به جز قند و شکر,50.2,خنثی,100,75,4.8,16,17900,20260923,1.6,24.9,136.5,93.4,12.1,32.6,174.6,74.7,1,0,true,63.5,3.24,above,-1.6,0.75,15710,18200,-4.68,-11.77,0.85,-6.87,20.65,1497,11.96,8.53,40.2,17319,16738,18200,19362,0.26,واگرایی منفی RSI | رشد عمودی (136٪ در ۶۰ روز، 33٪ بالای MA50) | 175٪ بالای MA200 | واگرایی منفی
تادیکو,س.کشت ودام صنایع لبنی تامین,زراعت و خدمات وابسته,50.2,خنثی,73,70,38,19,7370,20260923,-5.8,3.4,17.4,-25.6,0,1.7,,50.8,0,0,true,18.5,3.53,,-14.5,0.91,7282,7521,-22.46,-10.2,2.64,54.36,26.77,546,13.5,6.33,113.2,7282,7152,7521,8624,0.69,شناوری کم (6٪)
تکاردان,تامین سرمایه کاردان,فعالیتهای کمکی به نهادهای مالی واسط,50.1,خنثی,80,45,60.5,68,2662,20260922,-0.4,4.7,23.2,-19.9,0.6,10.5,55.5,61.2,0,0,false,26,3.51,above,-4.2,1.81,2574,2732,0.81,-5.29,10.92,2.67,1.36,632,4.21,5.92,-28.9,2574,2527,2732,2780,0.52,نقدشوندگی پایین | خروج مستمر پول حقیقی | 56٪ بالای MA200 | نقدشوندگی کمتر از ۱۰ میلیارد تومان | شناوری کم (5٪) | آخرین معامله 20260922 (متوقف یا کم‌معامله)
تکنار,مجتمع معادن مس تکنار,استخراج کانه های فلزی,50.1,خنثی,100,60,82.5,10,140200,20260922,10.3,67.4,145.1,102,24.8,68,133.5,97.6,16,0,true,80.7,2.63,above,0,1.89,69150,,0.13,6.33,5.65,-0.45,1.81,,,,,136515,132830,151255,158625,1.5,نقدشوندگی پایین | اشباع خرید | فاصله زیاد از MA20 | بدون EPS مثبت | سهم صفی: 16 روز از ۲۰ روز در صف (ریسک نقدشوندگی و اجرای حد ضرر) | رشد عمودی (145٪ در ۶۰ روز، 68٪ بالای MA50) | عرضه حقوقی به حقیقی (-6 میلیارد تومان در ۲۰ روز) | 134٪ بالای MA200 | نقدشوندگی کمتر از ۱۰ میلیارد تومان | آخرین معامله 20260922 (متوقف یا کم‌معامله)
کلر,کلر پارس,محصولات شیمیایی,49.9,خنثی,70,45,22.5,57,11020,20260923,-5.4,3,14.5,-28.6,-2.6,8.1,51.4,51.6,4,0,false,24.8,3.81,above,-13.9,0.76,10396,11500,-3.43,-16.83,2.66,-4.53,17.22,1504,7.33,8.01,-8.5,10600,10187,11500,12800,0.58,واگرایی منفی RSI | 51٪ بالای MA200 | واگرایی منفی | حد ضرر دور (7.6٪)
ودانا,سرمایه گذاری دانایان,سرمایه گذاریها,49.9,خنثی,100,53,35.1,42,5350,20260923,-4.8,25.9,34.6,-8.5,5.8,20.5,23.4,66.8,7,1,false,52.5,3.29,above,-19.9,1.21,5177,5429,0,0.19,1,1.44,1.9,487,10.99,,,5177,5089,5429,5774,0.3,نقدشوندگی پایین | سهم صفی: 7 روز از ۲۰ روز در صف (ریسک نقدشوندگی و اجرای حد ضرر) | عرضه حقوقی به حقیقی (0 میلیارد تومان در ۲۰ روز) | نقدشوندگی کمتر از ۱۰ میلیارد تومان | صف فروش در ۵ روز اخیر
قمرو,قند مرودشت‌,قند و شکر,49.8,خنثی,78,20,19.7,70,10080,20260923,-1.6,-3.5,7.2,-35.8,-2.3,5.9,60.6,48.7,1,0,false,17.1,3.95,above,-10.6,1.21,9870,10870,-0.32,7.13,0.89,-11.81,8.48,1450,6.95,9.8,-29.1,9870,9671,10870,11270,1.93,واگرایی منفی RSI | عرضه حقوقی به حقیقی (-8 میلیارد تومان در ۲۰ روز) | 61٪ بالای MA200 | واگرایی منفی | نقدشوندگی کمتر از ۱۰ میلیارد تومان
همراه,شرکت ارتباطات سیار ایران,مخابرات,49.8,خنثی,90,55,0,47,9330,20260923,-6.7,-5.2,78.1,35,-4.8,15.9,85.4,52.3,1,0,false,41.8,3.73,above,-11.6,0.52,5660,10495,-91.77,-310.14,0.33,-91.67,60.91,1086,8.59,8.37,2.6,8982,8634,10495,11191,1.67,واگرایی منفی RSI | خروج مستمر پول حقیقی | 85٪ بالای MA200 | سرانه خرید ضعیف (0.33) | واگرایی منفی | حد ضرر دور (7.5٪) | شناوری کم (11٪)
اعتلا,شرکت سرمایه گذاری اعتلاء البرز,سرمایه گذاریها,49.8,خنثی,70,20,17,82,2288,20260923,-6.7,-1.4,29.9,-13.2,-3.9,5,37.7,46,0,0,false,30.3,3.63,above,-11.4,0.56,2253,2380,-1.92,3.84,0.77,-1.15,3.94,377,6.07,8.73,-30.5,2253,2212,2380,2418,1.2,عرضه حقوقی به حقیقی (-4 میلیارد تومان در ۲۰ روز) | سرانه خرید ضعیف (0.77) | نقدشوندگی کمتر از ۱۰ میلیارد تومان
لازما,کارخانه های صنعتی آزمایش,ماشین آلات و تجهیزات,49.7,خنثی,100,60,11,20,198900,20260923,0.8,48.8,165.9,122.8,13.9,56.3,146.7,82.8,11,0,true,81,3.15,above,-7.2,1.93,84600,,-21.63,-36.77,0.84,-13.07,9.39,4652,42.76,,,192631,186363,217706,230243,1.5,اشباع خرید | خروج مستمر پول حقیقی | سهم صفی: 11 روز از ۲۰ روز در صف (ریسک نقدشوندگی و اجرای حد ضرر) | رشد عمودی (166٪ در ۶۰ روز، 56٪ بالای MA50) | P/E بالا (43) | 147٪ بالای MA200 | نقدشوندگی کمتر از ۱۰ میلیارد تومان
فماک,ماداکتو استیل کرد,فلزات اساسی,49.7,خنثی,100,60,21.6,9,31050,20260923,2.6,28.3,135.2,92.2,10.4,42.7,137.6,80.2,3,0,true,80,3.52,above,-6.1,1.31,26880,,-6.85,-16.59,1.21,-25.1,8.82,2086,14.88,8.05,84.9,29958,28867,34325,36508,1.5,اشباع خرید | خروج مستمر پول حقیقی | رشد عمودی (135٪ در ۶۰ روز، 43٪ بالای MA50) | 138٪ بالای MA200 | حد ضرر دور (7.0٪) | نقدشوندگی کمتر از ۱۰ میلیارد تومان
آلومینا,آلومینای ایران,فلزات اساسی,49.6,خنثی,90,53,8.2,40,223000,20260923,-4.8,8.8,33.7,-9.3,-1.9,21.5,63.8,57.2,0,0,false,53.2,3.9,above,-12.9,0.95,182300,256100,-69.19,-203.85,1.09,-42.69,36.23,16822,13.26,13.48,-1.7,214308,205617,256100,273483,1.9,خروج مستمر پول حقیقی | 64٪ بالای MA200 | حد ضرر دور (7.8٪) | شناوری کم (6٪)
سصوفی,سیمان‌ صوفیان‌,سیمان، آهک و گچ,49.6,خنثی,70,20,28.5,70,164000,20260923,-4.8,-1.6,-9.3,-52.3,-3.6,0.1,24.9,46.3,1,0,false,15.6,3.8,above,-14.1,0.57,161300,169200,-0.45,103.1,0.55,-60.99,60.05,30922,5.3,7.14,-25.7,161300,158181,169200,176400,0.89,واگرایی منفی RSI | عرضه حقوقی به حقیقی (-106 میلیارد تومان در ۲۰ روز) | سرانه خرید ضعیف (0.55) | واگرایی منفی
زکوثر,سرمایه گذاری کشاورزی کوثر,زراعت و خدمات وابسته,49.6,خنثی,90,75,21.5,9,82480,20260923,0.1,4,137.5,94.4,-1.3,16.2,93.2,57.9,1,0,false,45,3.75,above,-9,0.57,77160,83360,-34.27,-151.11,6.54,-27.95,28.89,6364,12.96,6.33,104.7,79388,75614,83360,90600,0.13,واگرایی منفی RSI | خروج مستمر پول حقیقی | رشد عمودی (137٪ در ۶۰ روز، 16٪ بالای MA50) | 93٪ بالای MA200 | واگرایی منفی | حد ضرر دور (8.3٪)
وایرا,سرمایه گذاری صنایع ایران,سرمایه گذاریها,49.6,خنثی,100,65,24.4,42,3410,20260923,-7.3,10.7,52,8.9,1,11,17.8,55.9,1,0,false,27.2,3.5,above,-10.1,1.15,3308,3445,-4.66,-9.12,1.12,0.61,2.8,399,8.55,,,3308,3248,3445,3504,0.22,نقدشوندگی پایین | خروج مستمر پول حقیقی | نقدشوندگی کمتر از ۱۰ میلیارد تومان
فمراد,آلومراد,فلزات اساسی,49.6,خنثی,100,75,8.4,10,3910,20260923,2.6,15.7,65.6,22.5,6.4,21.8,45.3,71.5,2,0,true,44,3.89,above,-4.6,1.15,3780,,-2.78,-1.92,1.06,-8.25,7.62,,,13.48,,3780,3704,4367,4671,2.22,بدون EPS مثبت | نقدشوندگی کمتر از ۱۰ میلیارد تومان
ونوین,بانک‌اقتصادنوین‌,بانکها و موسسات اعتباری,49.6,خنثی,90,53,1,47,3780,20260923,-7.8,9.2,40.9,-2.1,-0.2,10.5,80.7,55.1,3,0,false,40.3,4.03,above,-10,0.68,3585,3870,-198.17,-184.16,0.54,-261.3,227.22,711,5.32,5.4,-1.5,3628,3509,3870,4200,0.33,واگرایی منفی RSI | 81٪ بالای MA200 | سرانه خرید ضعیف (0.54) | واگرایی منفی | حد ضرر دور (7.2٪)
خلنت,لنت‌ ترمزایران‌,خودرو و ساخت قطعات,49.5,خنثی,85,45,18.1,42,5510,20260923,-1.3,-6.3,21.4,-21.7,-1.3,8,47.7,53,1,0,false,33.3,3.45,above,-8.2,0.49,5390,5910,-0.04,-9.98,1.46,-0.34,8.05,1027,5.37,,,5390,5295,5910,6000,1.86,خروج مستمر پول حقیقی | نقدشوندگی کمتر از ۱۰ میلیارد تومان
پارسان,گسترش نفت و گاز پارسیان,محصولات شیمیایی,49.5,خنثی,90,45,17,37,34200,20260923,-7,14.2,21.7,-21.4,-0.4,15.8,44,56.3,1,0,false,38.1,3.78,above,-9.7,1,33650,37860,-8.22,50.43,0.52,-146.28,157.87,3483,9.82,9.63,2,33650,33004,37860,40443,3.06,عرضه حقوقی به حقیقی (-57 میلیارد تومان در ۲۰ روز) | سرانه خرید ضعیف (0.52)
خموتور,موتورسازان‌تراکتورسازی‌ایران‌,خودرو و ساخت قطعات,49.5,خنثی,85,20,28,52,2175,20260923,-6.8,-7.4,27.7,-15.3,-4.7,3.4,16.8,45.4,1,0,false,41.2,4.37,above,-18.9,0.56,2140,2203,0.31,-15.29,0.86,-5.43,8.95,385,5.65,,,2140,2092,2203,2430,0.34,خروج مستمر پول حقیقی | نقدشوندگی کمتر از ۱۰ میلیارد تومان
ورنا,سرمایه‌گذاری‌ رنا(هلدینگ‌,خودرو و ساخت قطعات,49.5,خنثی,90,53,27.5,20,7430,20260923,-2.9,12.6,34.4,-8.7,-0.4,20.8,55.1,58.3,2,0,false,59.1,3.88,above,-7,0.88,6980,7975,15.97,-57.08,0.67,-105.56,124.24,218,34.08,,,7142,6836,7975,8551,0.92,واگرایی منفی RSI | P/E بالا (34) | 55٪ بالای MA200 | سرانه خرید ضعیف (0.67) | واگرایی منفی | حد ضرر دور (8.0٪)
ولصنم,لیزینگ‌صنعت‌ومعدن‌,سایر واسطه گریهای مالی,49.4,خنثی,100,45,4.7,37,3150,20260923,-7.1,10.6,22,-21,2,16.3,18.1,58.7,0,0,false,45.9,3.9,above,-9.7,0.69,2975,3256,-14.5,-46.2,0.97,-10.19,9.27,305,10.33,9.94,3.9,3027,2913,3256,3490,0.45,خروج مستمر پول حقیقی | حد ضرر دور (7.5٪) | نقدشوندگی کمتر از ۱۰ میلیارد تومان
غگلپا,شیر پاستوریزه پگاه گلپایگان,محصولات غذایی و آشامیدنی به جز قند و شکر,49.4,خنثی,100,65,1.5,24,23010,20260923,-3.4,14.7,70.2,27.1,3,19.6,81.4,63,0,0,false,58.2,3.59,above,-6.3,0.84,20710,24560,-15.33,-24.04,0.59,-14.79,8.22,2729,8.43,7.05,19.6,22184,20944,24560,26213,0.75,خروج مستمر پول حقیقی | 81٪ بالای MA200 | سرانه خرید ضعیف (0.59) | حد ضرر دور (9.0٪) | نقدشوندگی کمتر از ۱۰ میلیارد تومان
تمحرکه,ماشین سازی نیرو محرکه,ماشین آلات و تجهیزات,49.4,خنثی,100,90,15.5,30,8830,20260923,-7.2,14.2,56.6,13.5,4.7,19.3,22.5,60.7,6,1,true,56.6,2.94,above,-12.5,0.99,8530,9000,0,0.04,0.7,-0.58,1.2,5,1766,,,8570,8400,9000,9217,0.4,نقدشوندگی پایین | سهم صفی: 6 روز از ۲۰ روز در صف (ریسک نقدشوندگی و اجرای حد ضرر) | P/E بالا (1766) | عرضه حقوقی به حقیقی (0 میلیارد تومان در ۲۰ روز) | سرانه خرید ضعیف (0.70) | نقدشوندگی کمتر از ۱۰ میلیارد تومان | صف فروش در ۵ روز اخیر
تکمبا,کمباین‌ سازی‌ ایران‌,ماشین آلات و تجهیزات,49.3,خنثی,90,45,27,26,8420,20260923,-11.1,6.4,14.1,-29,-1.3,12,36.6,51.3,5,2,false,46.6,3.83,above,-14.9,0.86,8320,8600,-3.74,5.67,0.61,-0.71,5.49,809,10.41,5.15,102.1,8320,8159,8600,9890,0.69,عرضه حقوقی به حقیقی (-6 میلیارد تومان در ۲۰ روز) | سرانه خرید ضعیف (0.61) | نقدشوندگی کمتر از ۱۰ میلیارد تومان | صف فروش در ۵ روز اخیر
کیانا,گروه مالی کیان,سرمایه گذاریها,49.2,خنثی,70,50,46.8,26,7490,20260923,-12.1,2.5,80.8,37.7,-9.1,13,113.7,46.3,2,1,false,58.9,3.61,above,-18.8,0.5,5630,7710,-3.32,23.07,1.01,0.5,7.35,804,9.32,7.13,30.7,7219,6949,7710,8280,0.41,واگرایی منفی RSI | عرضه حقوقی به حقیقی (-25 میلیارد تومان در ۲۰ روز) | 114٪ بالای MA200 | واگرایی منفی | حد ضرر دور (7.2٪) | نقدشوندگی کمتر از ۱۰ میلیارد تومان | شناوری کم (9٪) | صف فروش در ۵ روز اخیر
دسینا,داروسازی‌ سینا,مواد و محصولات دارویی,49.2,خنثی,85,35,6.6,60,85440,20260923,-2.3,-5.6,30.3,-12.8,-1.7,8.1,69.8,52,4,1,false,29.8,3.55,above,-10.8,0.61,82140,92620,-5.48,-57.98,1.03,-10.3,12.53,9289,9.2,12.91,-28.8,82410,80625,92620,95740,1.49,خروج مستمر پول حقیقی | 70٪ بالای MA200 | صف فروش در ۵ روز اخیر
لپارس,پارس‌ الکتریک‌,ساخت دستگاه‌ها و وسایل ارتباطی,49.1,خنثی,90,53,21.1,25,31310,20260923,-6.8,15.6,35.5,-7.6,-0.1,18.1,60.8,57.6,3,0,false,61.1,3.93,above,-9.5,0.73,24374,34410,-2.04,3.28,0.98,-2.07,13.44,1544,20.28,20.28,0,30080,28851,34410,36869,1.26,واگرایی منفی RSI | عرضه حقوقی به حقیقی (-4 میلیارد تومان در ۲۰ روز) | 61٪ بالای MA200 | واگرایی منفی | حد ضرر دور (7.9٪)
کی بی سی,شرکت کی بی سی,مواد و محصولات دارویی,49.1,خنثی,90,65,2.5,34,11050,20260923,-11,19.2,88.9,45.8,-0.7,24.8,131.7,58.3,9,3,false,66.2,3.39,above,-15.8,1.01,7600,13120,-76.02,-49.59,0.5,-62.26,34.18,1043,10.59,8.86,19.6,10675,10300,13120,13870,2.76,خروج مستمر پول حقیقی | سهم صفی: 9 روز از ۲۰ روز در صف (ریسک نقدشوندگی و اجرای حد ضرر) | 132٪ بالای MA200 | سرانه خرید ضعیف (0.50) | صف فروش در ۵ روز اخیر
های وب,داده گسترعصرنوین-های وب,اطلاعات و ارتباطات,49.1,خنثی,90,45,42.5,10,451,20260923,-5.6,17.1,24.2,-18.8,-0.2,16.9,28.5,56.9,1,1,false,46.5,3.91,above,-28,0.73,432,499,2.27,3.7,0.73,-24.44,37.29,,,7.97,,433,423,499,545,1.73,بدون EPS مثبت | عرضه حقوقی به حقیقی (-4 میلیارد تومان در ۲۰ روز) | سرانه خرید ضعیف (0.73) | صف فروش در ۵ روز اخیر
کپشیر,پشم‌شیشه‌ایران‌,سایر محصولات کانی غیرفلزی,49.1,خنثی,100,50,27.5,9,27820,20260923,-2.7,34.3,113.8,70.8,8.6,42.2,140.2,74.3,5,1,false,77.5,3.54,above,-5.5,1.14,14700,29450,-1.6,63.86,0.62,-35.15,28.1,1532,18.16,12.75,42.4,26834,25848,29450,31422,0.83,رشد عمودی (114٪ در ۶۰ روز، 42٪ بالای MA50) | عرضه حقوقی به حقیقی (-58 میلیارد تومان در ۲۰ روز) | 140٪ بالای MA200 | سرانه خرید ضعیف (0.62) | حد ضرر دور (7.1٪) | صف فروش در ۵ روز اخیر
وبیمه,سرمایه‌ گذاری‌ صنعت‌ بیمه‌,سرمایه گذاریها,49.1,خنثی,100,50,27.5,9,3270,20260923,-4.5,38.4,119.8,76.7,10.3,38.3,113.5,76.2,11,0,false,74.9,3.44,above,-7.1,1.46,2106,,-2.5,-6.25,1.22,14.75,9.87,188,17.39,7.13,143.9,3158,3045,3607,3832,1.5,سهم صفی: 11 روز از ۲۰ روز در صف (ریسک نقدشوندگی و اجرای حد ضرر) | رشد عمودی (120٪ در ۶۰ روز، 38٪ بالای MA50) | 114٪ بالای MA200 | نقدشوندگی کمتر از ۱۰ میلیارد تومان | شناوری کم (12٪)
فرود,فولاد شاهرود,فلزات اساسی,49,خنثی,90,65,2,34,8340,20260923,-13.1,14.9,53.3,10.2,-4.3,21.4,98.6,52.1,8,2,false,65.4,3.67,above,-17,0.64,6200,10050,-13.92,-5.47,0.37,-15.97,13.01,910,9.16,8.05,13.8,8034,7728,10050,10662,2.79,سهم صفی: 8 روز از ۲۰ روز در صف (ریسک نقدشوندگی و اجرای حد ضرر) | 99٪ بالای MA200 | سرانه خرید ضعیف (0.37) | حد ضرر دور (7.3٪) | صف فروش در ۵ روز اخیر
قجام,فرآوردههای غذایی وقندتربت‌جام‌,قند و شکر,48.7,خنثی,90,53,32.5,52,13860,20260923,-7.5,1.9,37.6,-5.4,-1.3,10.8,51.6,52.2,2,1,false,28.8,4.01,above,-10.7,0.63,13430,14110,0,-0.3,1.5,0.61,2.55,2650,5.23,,,13430,13152,14110,14580,0.35,نقدشوندگی پایین | 52٪ بالای MA200 | نقدشوندگی کمتر از ۱۰ میلیارد تومان | صف فروش در ۵ روز اخیر
وآفر,سرمایه گذاری ارزش آفرینان,سرمایه گذاریها,48.6,خنثی,90,55,52.4,30,12060,20260923,0.2,14.3,13.7,-29.4,2.5,14.2,13.2,60.5,4,0,false,44.2,3.59,above,-24.6,1.5,11918,12463,0.4,0.53,0.82,-2.93,2.17,369,32.68,,,11918,11701,12463,16000,1.12,نقدشوندگی پایین | P/E بالا (33) | عرضه حقوقی به حقیقی (-1 میلیارد تومان در ۲۰ روز) | نقدشوندگی کمتر از ۱۰ میلیارد تومان
فسدید,لوله‌وتجهیزات‌ سدید,فلزات اساسی,48.5,خنثی,90,70,20.1,10,148900,20260923,15.7,67.5,59.3,16.3,27.9,55.4,49.1,96.3,16,0,true,71.4,2.16,above,0,0.72,119000,,0,0.11,1,-6.61,3.66,,,,,145681,142462,158557,164995,1.5,اشباع خرید | فاصله زیاد از MA20 | بدون EPS مثبت | سهم صفی: 16 روز از ۲۰ روز در صف (ریسک نقدشوندگی و اجرای حد ضرر) | رشد عمودی (59٪ در ۶۰ روز، 55٪ بالای MA50) | عرضه حقوقی به حقیقی (0 میلیارد تومان در ۲۰ روز) | نقدشوندگی کمتر از ۱۰ میلیارد تومان
دپارس,پارس‌ دارو,مواد و محصولات دارویی,48.5,خنثی,65,20,53,47,56540,20260923,-7.6,-6.9,30.1,-12.9,-6.4,4.3,70,46.1,2,0,false,26.4,4.25,above,-14.5,1.14,52173,58570,27.73,80.18,0.63,-14.97,26.75,4755,11.89,12.91,-7.9,54139,50973,58570,60820,0.36,واگرایی منفی RSI | عرضه حقوقی به حقیقی (-82 میلیارد تومان در ۲۰ روز) | 70٪ بالای MA200 | سرانه خرید ضعیف (0.63) | واگرایی منفی | حد ضرر دور (9.8٪)
غناب,روغن‌ نباتی‌ ناب,محصولات غذایی و آشامیدنی به جز قند و شکر,48.4,خنثی,100,43,19.4,20,1175,20260923,-3.5,-0.6,37.9,-5.2,0.7,16,41.6,58.6,2,1,false,26.6,3.84,above,-6.3,0.56,1096,1253,-3.14,-1.04,0.87,0.52,7.54,41,28.66,,,1130,1073,1253,1343,0.76,واگرایی منفی RSI | واگرایی منفی | حد ضرر دور (8.6٪) | نقدشوندگی کمتر از ۱۰ میلیارد تومان | صف فروش در ۵ روز اخیر
تپکو,تولیدتجهیزات‌سنگین‌هپکو,ماشین آلات و تجهیزات,48.4,خنثی,100,45,27.5,10,553,20260923,-9.9,26.5,30.1,-12.9,0.4,20.8,34.7,58.4,11,1,false,53.4,3.29,above,-13.9,0.85,510,642,-5.84,35.61,0.6,-26.89,32.85,,,,,535,507,642,678,1.96,بدون EPS مثبت | سهم صفی: 11 روز از ۲۰ روز در صف (ریسک نقدشوندگی و اجرای حد ضرر) | عرضه حقوقی به حقیقی (-35 میلیارد تومان در ۲۰ روز) | سرانه خرید ضعیف (0.60) | حد ضرر دور (8.2٪) | صف فروش در ۵ روز اخیر
وگستر,گسترش سرمایه گذاری ایرانیان,سرمایه گذاریها,48.4,خنثی,100,75,3.4,10,10730,20260923,1.6,29.3,99.8,56.8,13.2,25.3,67.4,73.8,2,0,true,53.1,3.45,above,-1.3,1,9500,10870,-26.86,-12.32,0.84,-14.54,12.99,,,8.73,,10360,9991,10870,11609,0.19,بدون EPS مثبت | 67٪ بالای MA200
گپارس,امور رفاهی کارگزاران پارس,هتل و رستوران,48.3,خنثی,100,73,34.7,20,281600,20260923,8.3,29.6,41.3,-1.7,12.7,15.9,52.9,79.9,0,0,true,23.2,3.87,above,-4.1,1.11,220600,293550,0,-0.17,1.59,1.02,0.61,723,389.49,,,270689,259777,293550,315373,0.55,نقدشوندگی پایین | اشباع خرید | P/E بالا (389) | 53٪ بالای MA200 | حد ضرر دور (7.7٪) | نقدشوندگی کمتر از ۱۰ میلیارد تومان
برکت,گروه دارویی برکت,مواد و محصولات دارویی,48.3,خنثی,90,53,28.6,14,4790,20260923,-3.4,0.2,42.9,-0.1,-2.8,16,66.6,54.7,5,1,false,42.7,3.52,above,-11.3,0.64,4530,5060,5.01,-72.55,0.87,-18.82,79.01,47,101.91,12.91,689.4,4621,4446,5060,5400,0.78,واگرایی منفی RSI | P/E بالا (102) | 67٪ بالای MA200 | واگرایی منفی | حد ضرر دور (7.2٪) | صف فروش در ۵ روز اخیر
شرنگی,شیمیایی رنگین,محصولات شیمیایی,48.3,خنثی,90,65,29,4,19010,20260923,-2.6,0.1,52.8,9.8,-1.4,16.6,59.1,57.4,1,0,false,50.4,4.27,above,-7.8,0.58,18020,20615,-1.08,-8.32,1.32,0.97,3.14,317,59.97,8.01,648.7,18197,17614,20615,22240,1.15,واگرایی منفی RSI | خروج مستمر پول حقیقی | P/E بالا (60) | 59٪ بالای MA200 | واگرایی منفی | حد ضرر دور (7.3٪) | نقدشوندگی کمتر از ۱۰ میلیارد تومان
فجهان,جهان فولاد سیرجان,فلزات اساسی,48.3,خنثی,100,65,2,19,3050,20260923,-9.3,34.5,96.6,53.6,5.8,37.9,72.6,68.8,10,0,false,66.7,3.26,above,-10,0.9,2064,3390,-114.48,-53.27,0.68,-80.91,36.43,171,17.84,8.05,121.6,2951,2851,3390,3589,1.71,خروج مستمر پول حقیقی | سهم صفی: 10 روز از ۲۰ روز در صف (ریسک نقدشوندگی و اجرای حد ضرر) | رشد عمودی (97٪ در ۶۰ روز، 38٪ بالای MA50) | 73٪ بالای MA200 | سرانه خرید ضعیف (0.68)
اتکام,بیمه اتکایی امین,بیمه وصندوق بازنشستگی به جزتامین اجتماعی,48.3,خنثی,90,55,1,80,2940,20260923,-2.3,-0.5,47.6,4.5,-0.4,10.8,36.1,55.8,0,0,false,41.1,3.42,above,-6.7,0.68,2752,3080,-2.29,-8.86,0.51,-2.25,1.69,925,3.18,4.59,-30.8,2839,2702,3080,3150,0.59,نقدشوندگی پایین | واگرایی منفی RSI | خروج مستمر پول حقیقی | سرانه خرید ضعیف (0.51) | واگرایی منفی | حد ضرر دور (8.1٪) | نقدشوندگی کمتر از ۱۰ میلیارد تومان | شناوری کم (14٪)
فاهواز,نورد و لوله اهواز,فلزات اساسی,48.2,خنثی,65,55,29,42,7100,20260923,0,0.6,11.1,-32,-0.6,3.5,10.5,60.9,6,1,false,28.9,1.5,above,-6.5,1.31,7012,7327,-0.79,-1.07,1.36,3.97,3.04,1119,6.34,,,7012,6959,7327,7590,1.6,سهم صفی: 6 روز از ۲۰ روز در صف (ریسک نقدشوندگی و اجرای حد ضرر) | نقدشوندگی کمتر از ۱۰ میلیارد تومان | صف فروش در ۵ روز اخیر
بگیلان,توسعه مسیر برق گیلان,عرضه برق، گاز، بخاروآب گرم,48.2,خنثی,70,43,37.5,37,26240,20260923,-5.2,-2.3,38.1,-5,-0.2,8.8,47.3,53.6,0,0,false,20.6,3.97,above,-7.6,1.02,23785,27800,-1.02,-16.63,4.96,17,8.56,2382,11.02,10.04,9.7,25198,23635,27800,28390,0.6,واگرایی منفی RSI | خروج مستمر پول حقیقی | واگرایی منفی | حد ضرر دور (9.9٪) | نقدشوندگی کمتر از ۱۰ میلیارد تومان
وسینا,بانک سینا,بانکها و موسسات اعتباری,48.1,خنثی,90,45,1.5,47,3290,20260923,-7.8,1.5,27.6,-15.4,-2.3,9.5,44.9,51.4,2,0,false,31.3,3.49,above,-9.6,0.85,3150,3470,-93.2,-180.2,0.39,-92.16,60.92,584,5.63,5.4,4.3,3175,3093,3470,3640,0.91,واگرایی منفی RSI | خروج مستمر پول حقیقی | سرانه خرید ضعیف (0.39) | واگرایی منفی
شفارس,صنایع‌ شیمیایی‌ فارس‌,محصولات شیمیایی,48.1,خنثی,90,45,1.5,47,2145,20260923,-10.8,5.4,25.8,-17.3,-1.6,14,33.4,53.3,2,0,false,38.9,4.19,above,-13.4,0.77,2122,2311,-4.4,-3.02,0.67,-10.33,10.49,231,9.29,9.63,-3.6,2122,2077,2311,2379,2.42,واگرایی منفی RSI | سرانه خرید ضعیف (0.67) | واگرایی منفی
خودکفا,اقتصادی و خودکفایی آزادگان,محصولات غذایی و آشامیدنی به جز قند و شکر,48.1,خنثی,90,50,2.2,42,14410,20260923,-8.7,1.5,111.7,68.6,-5.2,1.4,74.7,45.7,1,1,false,47.7,4.16,above,-14.4,0.61,14185,14620,-16.91,-40.54,0.85,-9.79,21.14,1687,8.54,,,14185,13885,14620,15370,0.4,خروج مستمر پول حقیقی | رشد عمودی (112٪ در ۶۰ روز، 1٪ بالای MA50) | 75٪ بالای MA200 | صف فروش در ۵ روز اخیر
بفجر,فجر انرژی خلیج فارس,عرضه برق، گاز، بخاروآب گرم,48,خنثی,10,55,55.9,80,10970,20260923,-1.4,-14.1,-11.6,-54.7,-2.5,-14.4,-3.5,40.8,1,0,true,30,4.29,below,-29.2,1.29,10681,11477,125.02,494.35,0.88,-2.35,69.95,1802,6.09,7.09,-14.1,10681,10446,11477,12107,0.97,عرضه حقوقی به حقیقی (-449 میلیارد تومان در ۲۰ روز)
آریان,سرمایه گذاری پارس آریان,سرمایه گذاریها,48,خنثی,100,70,6.9,9,7840,20260923,4.3,26,50.4,7.3,13.5,34.6,73.1,82.2,1,0,true,66.8,3.27,above,0,0.91,6650,,-121.74,-319.76,1,-117.45,43.87,492,15.93,8.73,82.5,7583,7327,8610,9123,1.5,اشباع خرید | خروج مستمر پول حقیقی | رشد عمودی (50٪ در ۶۰ روز، 35٪ بالای MA50) | 73٪ بالای MA200
کبافق,معادن‌ بافق‌,استخراج کانه های فلزی,48,خنثی,90,53,27.5,14,41700,20260923,-12.2,14.2,34.6,-8.4,-0.9,21.2,64.2,55.4,8,2,false,56.3,4.06,above,-14.8,0.74,41060,48940,-7.59,15.47,0.35,-16.66,8.42,1583,26.34,13.76,91.4,41060,40213,48940,52326,4.87,واگرایی منفی RSI | سهم صفی: 8 روز از ۲۰ روز در صف (ریسک نقدشوندگی و اجرای حد ضرر) | عرضه حقوقی به حقیقی (-17 میلیارد تومان در ۲۰ روز) | 64٪ بالای MA200 | سرانه خرید ضعیف (0.35) | واگرایی منفی | نقدشوندگی کمتر از ۱۰ میلیارد تومان | صف فروش در ۵ روز اخیر
خعمرا,توسعه و عمران شهرستان نائین,خودرو و ساخت قطعات,48,خنثی,100,58,60.5,25,7260,20260922,14.9,30.8,34.1,-9,16.6,36.5,45,86.6,5,0,true,36.2,3.09,above,0,1.33,6270,,0,1.15,1.98,3.21,1.16,458,15.85,,,7036,6812,7932,8381,1.5,نقدشوندگی پایین | اشباع خرید | فاصله زیاد از MA20 | رشد عمودی (34٪ در ۶۰ روز، 37٪ بالای MA50) | عرضه حقوقی به حقیقی (-1 میلیارد تومان در ۲۰ روز) | نقدشوندگی کمتر از ۱۰ میلیارد تومان | آخرین معامله 20260922 (متوقف یا کم‌معامله)
بکام,کارخانجات تولیدی شهید قندی,ماشین آلات و دستگاه‌های برقی,47.9,خنثی,90,53,27,14,3260,20260923,-11.9,2.3,43,0,-3.2,15.3,37.2,51.7,5,1,false,48.6,3.79,above,-14.4,0.93,3084,3380,-12.07,33.2,0.47,-23.75,14.88,24,135.83,6.15,2108.7,3136,3022,3380,3810,0.5,واگرایی منفی RSI | P/E بالا (136) | عرضه حقوقی به حقیقی (-36 میلیارد تومان در ۲۰ روز) | سرانه خرید ضعیف (0.47) | واگرایی منفی | حد ضرر دور (7.3٪) | صف فروش در ۵ روز اخیر
سمازن,سیمان‌مازندران‌,سیمان، آهک و گچ,47.8,خنثی,90,30,2,57,81060,20260923,-7.6,3.2,32.3,-10.8,-4.5,7.2,64.8,47.7,0,0,false,36.6,4.36,above,-13.3,0.94,78840,84265,-0.34,-39.63,0.74,-8.47,19.85,11804,6.87,7.14,-3.8,78840,77073,84265,93470,0.8,خروج مستمر پول حقیقی | 65٪ بالای MA200 | سرانه خرید ضعیف (0.74)
خبازرس,بازرسی مهندسی و صنعتی ایران,فعالیت مهندسی، تجزیه، تحلیل و آزمایش فنی,47.8,خنثی,85,65,35,42,27270,20260923,-1,-5.3,75.3,32.2,-3.6,10,74.5,51.2,1,0,false,36.2,4.39,above,-15.3,0.7,18500,28370,-0.25,-3.48,2.15,0.64,1.29,2944,9.26,,,26074,24878,28370,30130,0.46,نقدشوندگی پایین | خروج مستمر پول حقیقی | 74٪ بالای MA200 | حد ضرر دور (8.8٪) | نقدشوندگی کمتر از ۱۰ میلیارد تومان
شیران,س. صنایع‌شیمیایی‌ایران,محصولات شیمیایی,47.7,خنثی,65,53,10.6,60,11080,20260923,1.7,-8.4,33.8,-9.2,-1.3,3.6,50.8,51.9,1,0,false,20.9,3.64,above,-11,1.18,10930,11380,-8.18,-7.59,1.08,-20.64,43.82,1359,8.15,9.63,-15.3,10930,10728,11380,11640,0.85,51٪ بالای MA200 | شناوری کم (14٪)
وآذر,سرمایه‌گذاری‌توسعه‌آذربایجان‌,انبوه سازی، املاک و مستغلات,47.7,خنثی,100,45,24.7,10,7100,20260923,0.4,2.2,30,-13,0.6,18.3,54.2,61.4,2,0,false,29.2,4.31,above,-7.2,0.75,6570,7650,-5.24,-27.13,1.19,6.28,13.07,,,6.61,,6794,6417,7650,8263,0.81,خروج مستمر پول حقیقی | بدون EPS مثبت | 54٪ بالای MA200 | حد ضرر دور (9.6٪)
کوثر,بیمه کوثر,بیمه وصندوق بازنشستگی به جزتامین اجتماعی,47.7,خنثی,90,45,32.7,14,1823,20260923,-2.5,6.4,14,-29,2,15.7,6.6,59.5,2,0,false,41.2,3.86,above,-20,0.49,1800,1875,-9.79,32.59,1.03,-12.13,29.55,53,34.4,18.13,89.7,1800,1765,1875,1938,0.9,واگرایی منفی RSI | P/E بالا (34) | عرضه حقوقی به حقیقی (-27 میلیارد تومان در ۲۰ روز) | واگرایی منفی
سهگمت,سیمان‌هگمتان‌,سیمان، آهک و گچ,47.6,خنثی,70,45,0.5,70,140000,20260923,-2.9,1.6,-13,-56.1,-0.7,3.9,18.8,51.2,0,0,false,14.3,3.32,above,-15.6,0.72,133414,142850,-14.19,-19.81,0.5,-26.86,19.19,27300,5.13,7.14,-28.2,135350,131089,142850,152400,0.32,خروج مستمر پول حقیقی | بدون روند (ADX پایین) | سرانه خرید ضعیف (0.50)
تلیسه,دامداری تلیسه نمونه,زراعت و خدمات وابسته,47.6,خنثی,90,28,3,57,9220,20260923,-5.7,-0.3,42.1,-0.9,-5.4,5,71.8,47.4,4,0,false,35.6,4.21,above,-14.7,0.55,8863,9370,-7.57,-1.43,0.63,-19.65,23.29,1266,7.28,8.07,-9.8,8863,8669,9370,9880,0.27,واگرایی منفی RSI | 72٪ بالای MA200 | سرانه خرید ضعیف (0.63) | واگرایی منفی
شفام,تولیدی و صنعتی گوهرفام,محصولات شیمیایی,47.6,خنثی,90,38,18,34,2591,20260923,-13.4,6.4,34.5,-8.6,-4.8,4.4,27.8,46.3,5,1,false,35.8,3.77,above,-15.8,0.89,2502,2634,-3.41,4.48,0.74,-0.58,4.63,282,9.19,8.01,14.7,2502,2453,2634,2736,0.31,عرضه حقوقی به حقیقی (-5 میلیارد تومان در ۲۰ روز) | سرانه خرید ضعیف (0.74) | نقدشوندگی کمتر از ۱۰ میلیارد تومان | صف فروش در ۵ روز اخیر
وسنا,سرمایه گذاری نیروگاهی ایران,سرمایه گذاریها,47.4,خنثی,100,60,1.5,20,47040,20260923,7.3,57.5,190.7,147.6,21.9,60.5,159,89.5,10,0,true,83.7,2.58,above,0,0.84,24074,,-13.23,-41.98,0.78,-30.75,23.12,998,47.13,,,45825,44611,50684,53113,1.5,اشباع خرید | فاصله زیاد از MA20 | خروج مستمر پول حقیقی | سهم صفی: 10 روز از ۲۰ روز در صف (ریسک نقدشوندگی و اجرای حد ضرر) | رشد عمودی (191٪ در ۶۰ روز، 60٪ بالای MA50) | P/E بالا (47) | 159٪ بالای MA200 | سرانه خرید ضعیف (0.78)
غدیس,پاکدیس,محصولات غذایی و آشامیدنی به جز قند و شکر,47.3,خنثی,61,40,27,57,11850,20260923,-7.9,-4.3,95.6,52.5,-3.3,1.8,62.4,47,1,1,false,22.2,4.16,inside,-17.1,0.57,11690,12130,-5.5,29.06,0.43,-12.67,12.6,1819,6.51,7.05,-7.6,11690,11444,12130,13000,0.69,عرضه حقوقی به حقیقی (-28 میلیارد تومان در ۲۰ روز) | 62٪ بالای MA200 | سرانه خرید ضعیف (0.43) | صف فروش در ۵ روز اخیر
قیستو,شرکت قند بیستون,قند و شکر,47.3,خنثی,100,60,1,20,54110,20260923,7.5,50.3,103.8,60.7,19.8,49,114.7,86.9,2,0,true,72.4,3.22,above,0,0.77,39630,,-9.38,-31.92,0.75,-11.52,8.31,2437,22.2,,,52369,50629,59332,62814,1.5,اشباع خرید | فاصله زیاد از MA20 | خروج مستمر پول حقیقی | رشد عمودی (104٪ در ۶۰ روز، 49٪ بالای MA50) | 115٪ بالای MA200 | سرانه خرید ضعیف (0.75) | نقدشوندگی کمتر از ۱۰ میلیارد تومان
شوینده,مدیریت صنعت شوینده ت.ص.بهشهر,محصولات شیمیایی,47.3,خنثی,90,50,27,14,41090,20260923,-12.2,2.8,53.9,10.8,-1.5,5.6,54.8,49.2,6,2,false,37.3,3.51,above,-15.3,0.53,40410,44300,-7.05,30.37,0.5,-9.37,8.97,1772,23.19,9.63,140.8,40410,39689,44300,48510,2.29,سهم صفی: 6 روز از ۲۰ روز در صف (ریسک نقدشوندگی و اجرای حد ضرر) | عرضه حقوقی به حقیقی (-30 میلیارد تومان در ۲۰ روز) | 55٪ بالای MA200 | سرانه خرید ضعیف (0.50) | نقدشوندگی کمتر از ۱۰ میلیارد تومان | صف فروش در ۵ روز اخیر
شهر,گروه مالی شهر,سرمایه گذاریها,47.2,خنثی,100,38,14.4,24,2354,20260923,-0.4,13.6,34.8,-8.2,6.5,21,41.2,71,0,0,false,50,3.81,above,-3,0.73,2158,2428,-14.21,-29.75,1.34,-0.85,5.01,291,8.09,7.13,13.5,2264,2130,2428,2607,0.33,خروج مستمر پول حقیقی | حد ضرر دور (9.5٪) | نقدشوندگی کمتر از ۱۰ میلیارد تومان | شناوری کم (7٪)
مادیرا,صنایع مادیران,تولید محصولات کامپیوتری الکترونیکی ونوری,47.1,خنثی,90,45,18.5,26,2970,20260923,-7.9,3.7,28.6,-14.5,0.4,11.6,11.4,54,5,1,false,38.2,3.68,above,-17.7,0.97,2903,3050,-3.9,26.76,0.8,-4.36,28.93,252,11.79,7.98,47.7,2903,2848,3050,3118,0.66,واگرایی منفی RSI | عرضه حقوقی به حقیقی (-22 میلیارد تومان در ۲۰ روز) | واگرایی منفی | صف فروش در ۵ روز اخیر
آینده,بازرگانی آینده سازان بهشت پارس,زراعت و خدمات وابسته,47.1,خنثی,90,75,50.5,10,4730,20260923,6.1,31.8,51.5,8.4,12.8,14.4,5.6,78.1,19,0,true,33.2,2.11,above,-35.2,0.99,4647,4804,0,0.24,6.3,0.46,0.3,,,,,4647,4597,4804,5303,0.55,نقدشوندگی پایین | اشباع خرید | بدون EPS مثبت | سهم صفی: 19 روز از ۲۰ روز در صف (ریسک نقدشوندگی و اجرای حد ضرر) | عرضه حقوقی به حقیقی (0 میلیارد تومان در ۲۰ روز) | نقدشوندگی کمتر از ۱۰ میلیارد تومان
نیروترانسفو,کارخانجات تولیدی نیروترانسفو,ماشین آلات و دستگاه‌های برقی,47,خنثی,90,65,2,26,25750,20260923,-12.7,3.2,70.8,27.7,-0.9,9.5,,50.5,8,3,false,41.3,3.75,above,-14.6,0.84,22850,27510,-64.67,-39.12,0.64,-20.65,35.31,2731,9.43,5.95,58.5,24784,23818,27510,30140,0.91,واگرایی منفی RSI | خروج مستمر پول حقیقی | سهم صفی: 8 روز از ۲۰ روز در صف (ریسک نقدشوندگی و اجرای حد ضرر) | 219٪ بالای کف ۵۲ هفته | سرانه خرید ضعیف (0.64) | واگرایی منفی | حد ضرر دور (7.5٪) | صف فروش در ۵ روز اخیر
پرداخت,به پرداخت ملت,رایانه و فعالیت‌های وابسته به آن,47,خنثی,70,30,27,53,6760,20260923,-10.9,10.1,22.9,-20.2,-7.1,5,20,44.6,5,2,false,39.3,4.17,above,-16.4,0.48,6670,7490,-4.61,49.57,0.35,-12.1,9.98,481,14.05,18.19,-22.7,6670,6529,7490,8090,3.17,عرضه حقوقی به حقیقی (-50 میلیارد تومان در ۲۰ روز) | سرانه خرید ضعیف (0.35) | نقدشوندگی کمتر از ۱۰ میلیارد تومان | شناوری کم (5٪) | صف فروش در ۵ روز اخیر
کقزوی,شیشه‌ قزوین‌,سایر محصولات کانی غیرفلزی,46.9,خنثی,90,55,25.8,10,793,20260923,-9.6,-1.9,84.8,41.8,-4.3,11.8,32.5,50.6,1,0,false,47.3,4.08,above,-13.8,0.43,778,801,0,-4.14,1.19,1.58,7.05,,,,,778,762,801,838,0.25,واگرایی منفی RSI | بدون EPS مثبت | واگرایی منفی | نقدشوندگی کمتر از ۱۰ میلیارد تومان
قشکر,شکر,قند و شکر,46.9,خنثی,90,65,17.5,10,5140,20260923,-13.5,9.6,109,66,-5.4,15.7,59.9,50.5,9,4,false,50.9,3.5,above,-17.4,0.44,4920,5320,-2.08,4.36,0.38,-0.09,7.83,,,9.8,,4960,4830,5320,6220,0.58,بدون EPS مثبت | سهم صفی: 9 روز از ۲۰ روز در صف (ریسک نقدشوندگی و اجرای حد ضرر) | رشد عمودی (109٪ در ۶۰ روز، 16٪ بالای MA50) | عرضه حقوقی به حقیقی (-6 میلیارد تومان در ۲۰ روز) | 60٪ بالای MA200 | سرانه خرید ضعیف (0.38) | نقدشوندگی کمتر از ۱۰ میلیارد تومان | صف فروش در ۵ روز اخیر
اوان,مبین وان کیش,اطلاعات و ارتباطات,46.8,خنثی,90,53,22.8,14,13900,20260923,-4,4.4,39.4,-3.6,-4.7,12.6,81.1,51.8,2,0,false,41.6,4.08,above,-15.6,0.7,13640,16460,-1.26,-6.33,1.09,3.21,8.6,8,1737.5,11.65,14814.2,13640,13357,16460,17594,4.71,P/E بالا (1738) | 81٪ بالای MA200 | نقدشوندگی کمتر از ۱۰ میلیارد تومان
ددام,داروسازی زاگرس فارمد پارس,مواد و محصولات دارویی,46.8,خنثی,90,65,0,27,12620,20260923,-10.9,37.8,79.8,36.7,-1,33.7,100.7,59.2,9,1,false,62.1,3.85,above,-15.8,0.65,8020,14980,-27.01,-54.28,0.73,-15.16,26.06,887,14.23,12.91,10.2,12134,11648,14980,15952,2.43,خروج مستمر پول حقیقی | سهم صفی: 9 روز از ۲۰ روز در صف (ریسک نقدشوندگی و اجرای حد ضرر) | رشد عمودی (80٪ در ۶۰ روز، 34٪ بالای MA50) | 101٪ بالای MA200 | سرانه خرید ضعیف (0.73) | حد ضرر دور (7.7٪) | صف فروش در ۵ روز اخیر
سیمرغ,سیمرغ,زراعت و خدمات وابسته,46.8,خنثی,90,65,1,26,5390,20260923,-12.6,14.9,79.8,36.7,-0.8,23.8,103.3,56.5,7,1,false,63.9,3.15,above,-14,1.07,5240,6270,-29.86,-51.27,0.25,-52.77,15.14,513,10.51,6.33,66,5240,5155,6270,6609,3.75,واگرایی منفی RSI | خروج مستمر پول حقیقی | سهم صفی: 7 روز از ۲۰ روز در صف (ریسک نقدشوندگی و اجرای حد ضرر) | 103٪ بالای MA200 | سرانه خرید ضعیف (0.25) | واگرایی منفی | صف فروش در ۵ روز اخیر
گشان,توسعه بین المللی پدیده شاندیز,هتل و رستوران,46.7,خنثی,90,40,4.7,42,27740,20260923,-8.3,-4.4,47.6,4.5,-5.5,3.2,45.8,45.1,1,0,false,39,4.33,above,-12.7,0.74,26018,28050,-10.33,-32.51,0.97,-1.35,12.76,3153,8.8,,,26539,25417,28050,29990,0.13,واگرایی منفی RSI | خروج مستمر پول حقیقی | واگرایی منفی | حد ضرر دور (8.4٪)
زاگرس,پتروشیمی زاگرس,محصولات شیمیایی,46.6,خنثی,100,65,5.2,9,168600,20260923,-2.7,18,55.2,12.2,7,25.3,45.4,69.2,1,0,false,52.2,3.37,above,-5.1,0.82,163500,177700,-33.2,-15.46,0.89,-16.26,31.31,9222,18.28,8.01,128.2,163500,160657,177700,189073,1.15,
حبندر,دریایی و کشتیرانی خط دریابندر,حمل ونقل، انبارداری و ارتباطات,46.5,خنثی,100,65,22.1,32,8910,20260923,-3.7,4.8,74,30.9,1.9,14.3,93.7,62.9,1,0,false,32.9,3.72,above,-4.9,0.26,8180,9070,-0.02,-2.94,1.06,0.52,2.82,1112,8.01,,,8579,8082,9070,9370,0.19,نقدشوندگی پایین | خروج مستمر پول حقیقی | 94٪ بالای MA200 | حد ضرر دور (9.3٪) | نقدشوندگی کمتر از ۱۰ میلیارد تومان
مبین,مبین انرژی خلیج فارس,عرضه برق، گاز، بخاروآب گرم,46.5,خنثی,25,43,54.5,67,12090,20260923,-4,-15.7,-5.8,-48.8,-4.7,-16.2,11.8,35.1,0,0,true,26.4,4.5,below,-30.3,0.86,11780,12270,44.67,1729.61,0.58,-326.56,219.61,1581,7.65,7.09,7.9,11780,11508,12270,12930,0.31,عرضه حقوقی به حقیقی (-1695 میلیارد تومان در ۲۰ روز) | 188٪ بالای کف ۵۲ هفته | سرانه خرید ضعیف (0.58) | واگرایی مثبت RSI
بخاور,بیمه زندگی خاورمیانه,بیمه وصندوق بازنشستگی به جزتامین اجتماعی,46.5,خنثی,100,53,1.5,62,6770,20260923,-0.4,12.1,37,-6.1,4.1,11.9,64.4,65.1,1,0,false,37.1,2.89,above,-3.4,1.98,6570,7010,-17.22,-15.31,0.5,-14.41,2.62,813,8.33,18.13,-54.1,6575,6472,7010,7401,0.81,نقدشوندگی پایین | خروج مستمر پول حقیقی | 64٪ بالای MA200 | سرانه خرید ضعیف (0.50) | نقدشوندگی کمتر از ۱۰ میلیارد تومان
زمگسا,کشاورزی‌ ودامپروی‌ مگسال‌,زراعت و خدمات وابسته,46.4,خنثی,90,20,17.6,44,91500,20260923,-8.6,-4.4,16.7,-26.4,-2.3,7.4,55.9,49.8,4,2,false,24.9,3.82,above,-13.6,0.46,90070,98010,-1.13,2.17,0.87,-5.11,9.84,12169,7.52,6.33,18.8,90070,88324,98010,100920,2.05,واگرایی منفی RSI | 56٪ بالای MA200 | واگرایی منفی | نقدشوندگی کمتر از ۱۰ میلیارد تومان | صف فروش در ۵ روز اخیر
غپاک,لبنیات‌ پاک‌,محصولات غذایی و آشامیدنی به جز قند و شکر,46.4,خنثی,90,45,27.5,14,2142,20260923,-12.2,20.5,18.9,-24.2,-1,14.4,49.2,53.9,8,2,false,43.7,3.85,above,-16,0.61,1968,2550,-0.29,37.19,0.31,-22.7,14.69,97,22.08,8.53,158.9,2060,1936,2550,2715,1.98,سهم صفی: 8 روز از ۲۰ روز در صف (ریسک نقدشوندگی و اجرای حد ضرر) | عرضه حقوقی به حقیقی (-37 میلیارد تومان در ۲۰ روز) | سرانه خرید ضعیف (0.31) | حد ضرر دور (9.6٪) | صف فروش در ۵ روز اخیر
وفیروزه,گروه توسعه مالی فیروزه,سرمایه گذاریها,46.4,خنثی,75,55,35.5,16,5140,20260923,-5,-5.7,46.3,3.3,-2.3,5.4,,51.7,2,0,false,22.5,3.64,,-9.5,0.46,5000,5495,-22.06,-144.69,3.15,20.69,27.31,451,11.4,7.13,59.8,5000,4906,5495,5680,1.52,واگرایی منفی RSI | خروج مستمر پول حقیقی | واگرایی منفی
آبادا,تولید نیروی برق آبادان,عرضه برق، گاز، بخاروآب گرم,46.4,خنثی,90,45,37.5,4,11190,20260923,-2.2,-1.3,25.2,-17.9,0,11.4,41.1,56.5,0,0,false,26.8,3.88,above,-5.5,0.52,11010,11675,-1.12,-4.36,5.98,8.2,4.52,272,41.14,7.09,480.2,11010,10793,11675,12544,1.22,P/E بالا (41) | نقدشوندگی کمتر از ۱۰ میلیارد تومان | شناوری کم (10٪)
شپنا,پالایش نفت اصفهان,فراورده های نفتی، کک و سوخت هسته ای,46.3,خنثی,70,50,17,44,12720,20260923,-8.2,7.3,63.7,20.6,-4.3,8.2,92.9,49.8,2,1,false,37.9,3.95,above,-13.3,0.68,11930,14670,-804.39,703.32,0.52,-1119.54,1048.35,1816,7,6.26,11.9,12218,11679,14670,15675,1.87,عرضه حقوقی به حقیقی (-595 میلیارد تومان در ۲۰ روز) | 93٪ بالای MA200 | سرانه خرید ضعیف (0.52) | حد ضرر دور (8.2٪) | صف فروش در ۵ روز اخیر
فسوژ,سوژمیران,فلزات اساسی,46.3,خنثی,100,50,1,24,23820,20260923,-5.4,36.8,175.7,132.6,6.6,46.9,209.2,73.9,11,1,false,82.5,3.28,above,-8.1,1.42,10167,25920,-100.4,-134.57,0.4,-295.62,95.37,2590,9.2,8.05,14.2,23038,22256,25920,27484,1.34,خروج مستمر پول حقیقی | سهم صفی: 11 روز از ۲۰ روز در صف (ریسک نقدشوندگی و اجرای حد ضرر) | رشد عمودی (176٪ در ۶۰ روز، 47٪ بالای MA50) | 209٪ بالای MA200 | سرانه خرید ضعیف (0.40) | صف فروش در ۵ روز اخیر
حرهشا,رهشاد سپاهان (سهامی عام,حمل ونقل، انبارداری و ارتباطات,46.2,خنثی,100,65,32.7,20,30270,20260923,-0.3,9.5,71,28,1.6,14,34.2,62.6,0,0,false,47.8,3.53,above,-6.5,0.36,29750,30950,-0.4,-7.36,1.47,0.07,1.63,351,86.24,,,29750,29215,30950,32360,0.64,نقدشوندگی پایین | واگرایی منفی RSI | خروج مستمر پول حقیقی | P/E بالا (86) | واگرایی منفی | نقدشوندگی کمتر از ۱۰ میلیارد تومان
خچرخش,چرخشگر,خودرو و ساخت قطعات,46,خنثی,100,53,49.7,32,22080,20260922,-3.7,17.1,34.9,-8.2,3.3,15.1,39.3,64.9,0,0,false,44.8,3.52,above,-6.4,0.62,21190,23600,-0.73,1.92,1.51,2.24,2,2337,9.45,,,21302,20801,23600,25156,1.19,نقدشوندگی پایین | عرضه حقوقی به حقیقی (-2 میلیارد تومان در ۲۰ روز) | نقدشوندگی کمتر از ۱۰ میلیارد تومان | آخرین معامله 20260922 (متوقف یا کم‌معامله)
غگلستا,شیر پاستوریزه پگاه گلستان,محصولات غذایی و آشامیدنی به جز قند و شکر,46,خنثی,90,30,26,26,15580,20260923,-12.3,14.6,32.8,-10.2,-4.5,13.2,59.2,49.5,7,1,false,46.4,4.16,above,-16.2,0.46,14280,18590,-4.44,16.64,0.52,-9.53,12.51,1656,9.41,7.05,33.4,14931,13958,18590,19887,1.86,سهم صفی: 7 روز از ۲۰ روز در صف (ریسک نقدشوندگی و اجرای حد ضرر) | عرضه حقوقی به حقیقی (-17 میلیارد تومان در ۲۰ روز) | 59٪ بالای MA200 | سرانه خرید ضعیف (0.52) | حد ضرر دور (10.4٪) | صف فروش در ۵ روز اخیر
کسرام,پارس‌ سرام‌,سایر محصولات کانی غیرفلزی,45.9,خنثی,100,63,4.3,9,13880,20260923,2.1,15.5,37.2,-5.9,2.9,14.5,50.2,59.9,2,0,false,34.3,3.81,above,-7.3,0.97,12980,14980,-7.96,-30.42,0.93,-4.27,9.57,697,19.91,12.75,56.2,13351,12716,14980,16038,0.94,خروج مستمر پول حقیقی | 50٪ بالای MA200 | حد ضرر دور (8.4٪) | نقدشوندگی کمتر از ۱۰ میلیارد تومان
شستا,سرمایه گذاری تامین اجتماعی,شرکتهای چند رشته ای صنعتی,45.9,خنثی,100,65,2.5,9,3470,20260923,-6.2,21.3,65.3,22.3,6,24.4,84.8,64.2,5,0,false,54.5,3.23,above,-8.9,1.24,3047,3810,-593.7,-800.29,0.53,-1212.88,567.45,218,15.92,10.88,46.3,3358,3246,3810,4034,1.52,خروج مستمر پول حقیقی | 85٪ بالای MA200 | سرانه خرید ضعیف (0.53) | شناوری کم (13٪)
تپولا,مهندسی مرآت پولاد,خدمات فنی و مهندسی,45.8,خنثی,100,90,21.1,10,19560,20260923,-6.9,7.5,45,1.9,5.2,18.4,32.6,61.7,5,1,true,44.5,3.91,above,-9.6,0.7,18745,21640,0,0,1.04,1.05,1.78,,,,,18796,18363,21640,23168,1.74,نقدشوندگی پایین | بدون EPS مثبت | نقدشوندگی کمتر از ۱۰ میلیارد تومان | صف فروش در ۵ روز اخیر
ویسا,سرمایه گذاری ایساتیس پویا,سرمایه گذاریها,45.8,خنثی,100,65,19.1,32,5160,20260923,-6.9,31.3,67.2,24.1,6.6,26.6,50.8,66.7,2,0,false,63.4,3.38,above,-9.5,0.71,4118,5700,-4.68,1.53,0.84,-2.45,2.44,633,8.15,,,4985,4811,5700,6049,1.55,نقدشوندگی پایین | عرضه حقوقی به حقیقی (-1 میلیارد تومان در ۲۰ روز) | 51٪ بالای MA200 | نقدشوندگی کمتر از ۱۰ میلیارد تومان
فولای,صنایع فولاد آلیاژی یزد,فلزات اساسی,45.7,خنثی,90,38,35.4,9,4900,20260923,1.2,26,41.1,-2,7.6,31.9,29.2,73.2,1,0,false,64.4,3.47,above,-8.9,0.8,4699,4988,-17.96,-40.27,1.54,15.48,25.13,393,12.47,8.05,54.9,4730,4614,4988,5216,0.31,خروج مستمر پول حقیقی | رشد عمودی (41٪ در ۶۰ روز، 32٪ بالای MA50)
فنوال,نورد آلومینیوم‌,فلزات اساسی,45.6,خنثی,65,28,0,82,12010,20260923,-8.7,-5.4,39.9,-3.2,-6.9,1.3,65.1,43.2,3,1,false,39.9,4.09,above,-15.2,0.84,10390,12180,-14.58,-34.1,0.32,-20.24,8.25,1597,7.52,13.48,-44.2,11518,11027,12180,13330,0.17,واگرایی منفی RSI | خروج مستمر پول حقیقی | 65٪ بالای MA200 | سرانه خرید ضعیف (0.32) | واگرایی منفی | حد ضرر دور (8.2٪) | نقدشوندگی کمتر از ۱۰ میلیارد تومان | صف فروش در ۵ روز اخیر
دکوثر,داروسازی‌ کوثر,مواد و محصولات دارویی,45.5,خنثی,85,55,17,19,19680,20260923,-4.7,-7.5,92.6,49.5,-3.5,17,81.5,52.6,1,0,false,39.6,4,above,-12.5,1,19290,20420,-23.85,1.31,0.76,-40.2,57.73,1031,19.09,12.91,47.9,19290,18897,20420,21270,0.94,82٪ بالای MA200 | سرانه خرید ضعیف (0.76)
ستران,سیمان‌ تهران‌,سیمان، آهک و گچ,45.5,خنثی,70,30,17,57,13230,20260923,-9,7.4,23.7,-19.4,-7.2,5.2,43.2,44.2,4,0,false,35.1,4.07,above,-17.7,0.76,11780,16070,-3.63,17.95,0.56,-37.09,35.16,1902,6.96,7.14,-2.6,12692,11885,16070,17146,2.11,سرانه خرید ضعیف (0.56) | حد ضرر دور (10.2٪)
زفکا,کشت و دامداری فکا,زراعت و خدمات وابسته,45.5,خنثی,70,30,27,47,8040,20260923,-9,5.8,8.6,-34.5,-2.4,3.6,47.8,47.8,0,0,false,17.9,4.14,above,-12.7,0.63,7815,8130,-32.2,31.19,0.4,-48.68,27.68,910,8.84,8.07,9.5,7815,7649,8130,8470,0.23,عرضه حقوقی به حقیقی (-34 میلیارد تومان در ۲۰ روز) | 223٪ بالای کف ۵۲ هفته | سرانه خرید ضعیف (0.40)
شفا,سرمایه گذاری شفادارو,مواد و محصولات دارویی,45.5,خنثی,90,65,8,14,59020,20260923,-0.6,10.5,143,99.9,-1.3,26.6,176.8,60.5,8,0,false,64.1,3.34,above,-11.9,0.88,36200,61140,-26.08,-115.58,1.08,-48.95,44.02,2066,28.57,12.91,121.3,57046,55072,61140,66970,0.54,خروج مستمر پول حقیقی | سهم صفی: 8 روز از ۲۰ روز در صف (ریسک نقدشوندگی و اجرای حد ضرر) | رشد عمودی (143٪ در ۶۰ روز، 27٪ بالای MA50) | 177٪ بالای MA200 | شناوری کم (9٪)
خزر,فنرسازی‌زر,خودرو و ساخت قطعات,45.5,خنثی,70,38,15.5,52,2029,20260923,-12.5,9.1,39.6,-3.5,-8,8.9,47.4,44.7,6,1,false,47.1,3.83,above,-20,0.7,1898,2537,-4.64,3.61,0.35,-16.22,11.19,394,5.15,,,1951,1859,2537,2692,2.99,سهم صفی: 6 روز از ۲۰ روز در صف (ریسک نقدشوندگی و اجرای حد ضرر) | عرضه حقوقی به حقیقی (-4 میلیارد تومان در ۲۰ روز) | سرانه خرید ضعیف (0.35) | حد ضرر دور (8.4٪) | صف فروش در ۵ روز اخیر
گوهران,سرمایه گذاری توسعه گوهران امید,سرمایه گذاریها,45.4,خنثی,95,65,18.5,37,6340,20260923,-0.5,-1.7,56.4,13.3,2.1,10.5,62.6,66.5,0,0,false,35.4,3.15,above,-6.2,0.56,6180,6760,-1.24,-27.41,0.9,0,2.98,725,8.74,8.73,0.2,6180,6080,6760,7160,1.62,نقدشوندگی پایین | واگرایی منفی RSI | خروج مستمر پول حقیقی | 63٪ بالای MA200 | واگرایی منفی | نقدشوندگی کمتر از ۱۰ میلیارد تومان
ثعتما,س. ساختمانی اعتماد گستر,انبوه سازی، املاک و مستغلات,45.3,خنثی,100,70,35,10,48150,20260923,11.5,14.5,101.9,58.8,15.1,29.8,60,80.8,1,0,true,45.2,3.8,above,-0.2,0.76,43300,,0,-6.86,1.84,2.62,2.17,,,,,46323,43582,53632,57286,1.2,نقدشوندگی پایین | واگرایی منفی RSI | اشباع خرید | فاصله زیاد از MA20 | خروج مستمر پول حقیقی | بدون EPS مثبت | رشد عمودی (102٪ در ۶۰ روز، 30٪ بالای MA50) | 60٪ بالای MA200 | واگرایی منفی | حد ضرر دور (9.5٪) | نقدشوندگی کمتر از ۱۰ میلیارد تومان
دبالک,مواد اولیه دارویی البرز بالک,مواد و محصولات دارویی,45.1,خنثی,90,65,1.5,19,15110,20260923,-7,15.6,157.4,114.3,-3.3,29.2,149.5,57.9,10,1,false,62.2,3.41,above,-16.2,0.69,7440,18040,-68.69,-158.41,0.47,-79.35,59.44,1079,14,8.86,58.1,14594,14078,18040,19072,2.84,خروج مستمر پول حقیقی | سهم صفی: 10 روز از ۲۰ روز در صف (ریسک نقدشوندگی و اجرای حد ضرر) | رشد عمودی (157٪ در ۶۰ روز، 29٪ بالای MA50) | 150٪ بالای MA200 | سرانه خرید ضعیف (0.47) | صف فروش در ۵ روز اخیر
بمپنا,تولید برق عسلویه  مپنا,عرضه برق، گاز، بخاروآب گرم,45.1,خنثی,90,65,1.5,19,7980,20260923,-11.4,12.6,52,8.9,-3.2,22.2,57,54,5,1,false,51.3,3.56,above,-15,0.3,7270,9390,-20.62,-191.41,0.32,-19.09,34.99,576,13.85,10.04,38,7696,7270,9390,9958,1.99,خروج مستمر پول حقیقی | 57٪ بالای MA200 | سرانه خرید ضعیف (0.32) | حد ضرر دور (8.9٪) | صف فروش در ۵ روز اخیر
سبجنو,سیمان‌ بجنورد,سیمان، آهک و گچ,45.1,خنثی,70,30,2.4,70,49790,20260923,-3.1,8.4,8.6,-34.4,-2.4,4,43.5,49.9,1,0,false,22,3.73,above,-11.7,0.65,47790,51170,-2.77,-33.97,0.82,-9.85,7.94,8801,5.66,7.14,-20.8,47934,46862,51170,52160,0.47,واگرایی منفی RSI | خروج مستمر پول حقیقی | واگرایی منفی | نقدشوندگی کمتر از ۱۰ میلیارد تومان | شناوری کم (11٪)
غصینو,صنعتی مینو,محصولات غذایی و آشامیدنی به جز قند و شکر,45.1,خنثی,50,20,70.4,34,5610,20260923,-8,-3.4,12.2,-30.9,-4.5,-0.9,59.4,44.5,2,1,false,23,4.57,above,-12.6,0.69,5400,5700,27.47,53.41,0.96,9.02,29.79,698,8.04,7.05,14,5400,5272,5700,6065,0.27,عرضه حقوقی به حقیقی (-54 میلیارد تومان در ۲۰ روز) | 59٪ بالای MA200 | صف فروش در ۵ روز اخیر
فباهنر,مس‌ شهیدباهنر,فلزات اساسی,45,خنثی,70,45,0,60,12150,20260923,-8.2,13.8,9.3,-33.8,-2.7,10.8,47.6,51.3,4,1,false,35.1,3.57,above,-13.9,0.8,11436,14110,-118.58,-94.26,0.35,-185.4,93.35,1069,11.37,13.48,-15.7,11716,11219,14110,14978,2.1,خروج مستمر پول حقیقی | 183٪ بالای کف ۵۲ هفته | سرانه خرید ضعیف (0.35) | حد ضرر دور (7.7٪) | صف فروش در ۵ روز اخیر
حکشتی,کشتیرانی جمهوری اسلامی ایران,حمل ونقل، انبارداری و ارتباطات,45,خنثی,90,38,27.5,14,8880,20260923,-11.6,4.3,33.3,-9.7,-4.7,5.4,32.5,46.8,3,1,false,39.2,3.97,above,-13.3,0.44,8635,8995,-32.27,458.05,0.24,-163.54,122.24,331,26.83,19.33,38.8,8635,8459,8995,9810,0.27,واگرایی منفی RSI | عرضه حقوقی به حقیقی (-467 میلیارد تومان در ۲۰ روز) | سرانه خرید ضعیف (0.24) | واگرایی منفی | صف فروش در ۵ روز اخیر
ختراک,ریخته‌گری‌ تراکتورسازی‌ ایران‌,خودرو و ساخت قطعات,44.9,خنثی,70,20,27.5,52,1626,20260923,-9.6,-0.4,4.4,-38.6,-2.9,3.1,5.7,47.6,2,1,false,16.5,4.02,above,-20.6,0.72,1569,1679,-5.75,11.4,0.46,-12.04,7.71,206,7.89,,,1569,1536,1679,1718,0.58,واگرایی منفی RSI | عرضه حقوقی به حقیقی (-11 میلیارد تومان در ۲۰ روز) | سرانه خرید ضعیف (0.46) | واگرایی منفی | نقدشوندگی کمتر از ۱۰ میلیارد تومان | صف فروش در ۵ روز اخیر
غمایه,شرکت خمیرمایه رضوی,محصولات غذایی و آشامیدنی به جز قند و شکر,44.9,خنثی,90,45,1.5,34,23020,20260923,-10.6,6.2,26.7,-16.4,-2.5,10.9,80.6,50.7,1,1,false,39.6,3.88,above,-13.4,0.38,21690,26570,-7.33,-22.27,0.49,-7.16,10.05,2821,8.16,7.05,15.7,22127,21244,26570,28355,2,خروج مستمر پول حقیقی | 81٪ بالای MA200 | سرانه خرید ضعیف (0.49) | حد ضرر دور (7.7٪) | صف فروش در ۵ روز اخیر
سیلام,سیمان‌ ایلام‌,سیمان، آهک و گچ,44.9,خنثی,100,55,6.5,9,22240,20260923,1.8,0.9,27.3,-15.8,0.5,14.9,40.1,58.6,3,0,false,25.7,3.88,above,-4.9,0.5,20810,23320,-0.97,-11.06,1.06,-0.87,8.06,1179,18.86,7.14,164.2,21377,20378,23320,25047,0.58,خروج مستمر پول حقیقی | حد ضرر دور (8.4٪) | نقدشوندگی کمتر از ۱۰ میلیارد تومان
آباد,توریستی ورفاهی آبادگران ایران,هتل و رستوران,44.8,خنثی,70,30,26,45,921,20260923,-12,11.2,25.2,-17.8,-7,10.1,11,46.5,8,1,false,39.4,3.99,above,-32.8,0.57,901,943,-2.1,11.04,0.45,-10.59,9.61,3,307,307,0,901,883,943,977,0.58,سهم صفی: 8 روز از ۲۰ روز در صف (ریسک نقدشوندگی و اجرای حد ضرر) | P/E بالا (307) | عرضه حقوقی به حقیقی (-11 میلیارد تومان در ۲۰ روز) | سرانه خرید ضعیف (0.45) | نقدشوندگی کمتر از ۱۰ میلیارد تومان | صف فروش در ۵ روز اخیر
سخاش,سیمان‌خاش‌,سیمان، آهک و گچ,44.8,خنثی,70,30,1,70,12360,20260923,-8,9.4,-2.9,-46,-4.9,2.3,39.7,46.6,2,0,false,23.8,4.14,above,-14.5,0.65,12110,12790,-19.91,-56.89,0.67,-26.45,19.16,1929,6.41,7.14,-10.3,12110,11854,12790,14045,0.85,خروج مستمر پول حقیقی | 194٪ بالای کف ۵۲ هفته | سرانه خرید ضعیف (0.67)
سخوز,سیمان خوزستان,سیمان، آهک و گچ,44.8,خنثی,70,30,1,70,93200,20260923,-8.7,0.6,-3.6,-46.7,-5.1,10,26.5,48.7,3,1,false,29.8,3.87,above,-13.5,0.37,91990,98280,-11.52,-76.95,0.41,-17.64,19.18,15662,5.95,7.14,-16.7,91990,90184,98280,102761,1.68,واگرایی منفی RSI | خروج مستمر پول حقیقی | سرانه خرید ضعیف (0.41) | واگرایی منفی | صف فروش در ۵ روز اخیر
زپارس,ملی کشت و صنعت و دامپروری پارس,زراعت و خدمات وابسته,44.6,خنثی,90,43,2,34,38120,20260923,-9.5,-6.3,38.2,-4.9,-3.8,12.3,54.8,51.4,5,0,false,31.3,3.79,above,-11.8,1.1,37020,40770,-14.99,-18.1,0.55,-29.68,11.17,4640,8.22,6.33,29.8,37020,36298,40770,43190,1.45,واگرایی منفی RSI | خروج مستمر پول حقیقی | 55٪ بالای MA200 | سرانه خرید ضعیف (0.55) | واگرایی منفی | شناوری کم (13٪)
خبهمن,گروه‌بهمن‌,خودرو و ساخت قطعات,44.5,خنثی,70,40,2,60,2537,20260923,-9.3,-4.2,48.6,5.6,-5.5,8.4,49.5,48,3,1,false,38.4,4.04,above,-11.6,0.72,2261,2808,-151.84,-71.06,0.38,-249.41,140.57,560,4.53,,,2434,2280,2808,2869,1.06,واگرایی منفی RSI | سرانه خرید ضعیف (0.38) | واگرایی منفی | حد ضرر دور (10.1٪) | صف فروش در ۵ روز اخیر
بالاس,مهندسی ساختمان تاسیسات راه آهن,پیمانکاری صنعتی,44.4,خنثی,56,30,41.5,45,49160,20260923,-4.2,4.6,-21.2,-64.2,-2.7,3.9,-8.2,47.3,1,0,false,20.5,4.05,inside,-39.7,0.58,47733,49900,0.48,2.31,0.72,-14.05,16.54,1907,25.78,25.78,0,47733,46738,49900,50860,0.31,عرضه حقوقی به حقیقی (-2 میلیارد تومان در ۲۰ روز) | سرانه خرید ضعیف (0.72)
کصدف,کاشی صدف سرام استقلال آباده,کاشی و سرامیک,44.4,خنثی,70,20,42.5,35,7330,20260923,-13.9,-4.1,30.9,-12.2,-7.9,2.2,47.7,42.3,3,2,false,35.6,3.91,above,-17.6,0.51,7210,7570,0.2,-2.71,0.8,0.51,8.08,548,13.38,,,7210,7067,7570,8180,0.91,175٪ بالای کف ۵۲ هفته | سرانه خرید ضعیف (0.80) | نقدشوندگی کمتر از ۱۰ میلیارد تومان | صف فروش در ۵ روز اخیر
وملت,سرمایه گذاری ملت,سرمایه گذاریها,44.3,خنثی,100,50,45,32,4470,20260922,4,10.6,30.6,-12.5,5.1,11.8,23,99.4,20,0,true,92.6,0.86,above,-0.7,1.92,3935,,0,0,5.58,0.53,0.07,491,9.1,,,4432,4394,4585,4661,1.5,نقدشوندگی پایین | اشباع خرید | سهم صفی: 20 روز از ۲۰ روز در صف (ریسک نقدشوندگی و اجرای حد ضرر) | نقدشوندگی کمتر از ۱۰ میلیارد تومان | آخرین معامله 20260922 (متوقف یا کم‌معامله)
فجوش,جوش‌ و اکسیژن‌ ایران‌,ساخت محصولات فلزی,44.2,خنثی,100,70,31,10,5150,20260923,5.7,19.5,151.9,108.8,9.8,34.3,137.5,90.3,6,0,true,64.1,2.11,above,-1.3,0.98,4630,,0.08,-0.33,1.02,-0.14,1,,,,,5042,4933,5475,5692,1.5,نقدشوندگی پایین | اشباع خرید | بدون EPS مثبت | سهم صفی: 6 روز از ۲۰ روز در صف (ریسک نقدشوندگی و اجرای حد ضرر) | رشد عمودی (152٪ در ۶۰ روز، 34٪ بالای MA50) | 137٪ بالای MA200 | نقدشوندگی کمتر از ۱۰ میلیارد تومان
زقیام,کشت و دام قیام اصفهان,زراعت و خدمات وابسته,44.2,خنثی,65,20,25.9,57,10560,20260923,-4.2,-8.7,23,-20.1,-2.7,3.7,68.4,48.3,1,0,false,25.8,4.13,above,-13.3,0.36,10101,11890,-1.45,2.74,1.15,-1.83,14.15,1396,7.56,8.07,-6.3,10123,9882,11890,12180,1.96,68٪ بالای MA200
فلات,گروه صنایع معادن فلات ایرانیان,سرمایه گذاریها,44.1,خنثی,100,70,30.5,10,26500,20260923,11.4,39.5,160.3,117.3,24.2,53.3,97.3,91.7,11,0,true,68.4,2.7,above,0,1.34,19080,,-12.6,-17.75,3.14,-5.69,2.36,,,,,25784,25067,28649,30082,1.5,نقدشوندگی پایین | اشباع خرید | فاصله زیاد از MA20 | خروج مستمر پول حقیقی | بدون EPS مثبت | سهم صفی: 11 روز از ۲۰ روز در صف (ریسک نقدشوندگی و اجرای حد ضرر) | رشد عمودی (160٪ در ۶۰ روز، 53٪ بالای MA50) | 97٪ بالای MA200 | نقدشوندگی کمتر از ۱۰ میلیارد تومان
قلرست,قند لرستان‌,قند و شکر,44.1,خنثی,70,38,15,47,28060,20260923,-13.4,14.1,40.5,-2.6,-6.3,13.1,94.4,47.3,9,2,false,50,3.6,above,-16.9,0.28,26630,33750,-3.5,1.27,0.24,-9.65,12.6,3057,9.18,9.8,-6.3,27049,26124,33750,35772,2.94,سهم صفی: 9 روز از ۲۰ روز در صف (ریسک نقدشوندگی و اجرای حد ضرر) | عرضه حقوقی به حقیقی (-4 میلیارد تومان در ۲۰ روز) | 94٪ بالای MA200 | سرانه خرید ضعیف (0.24) | صف فروش در ۵ روز اخیر
گنگین,گروه اقتصادی مالی نگین,شرکتهای چند رشته ای صنعتی,44.1,خنثی,100,60,16.3,32,17760,20260923,4.1,25.6,81.2,38.2,10.4,26.7,77.9,91.8,0,0,true,62.3,2.93,above,0,0.88,16570,,-1.43,-6.64,1.39,-1.26,1.32,1700,10.45,,,17239,16457,19323,20365,1.2,نقدشوندگی پایین | اشباع خرید | خروج مستمر پول حقیقی | 78٪ بالای MA200 | حد ضرر دور (7.3٪) | نقدشوندگی کمتر از ۱۰ میلیارد تومان
خاذین,سایپاآذین‌,خودرو و ساخت قطعات,44,خنثی,90,45,22.2,10,2900,20260923,-8.2,8.9,24,-19,-3,16,37.1,53.8,0,0,false,48.5,3.97,above,-12.9,0.57,2635,2954,-2.89,5.06,1.03,-0.07,6.37,,,,,2785,2612,2954,3330,0.19,واگرایی منفی RSI | بدون EPS مثبت | عرضه حقوقی به حقیقی (-6 میلیارد تومان در ۲۰ روز) | واگرایی منفی | حد ضرر دور (9.9٪) | نقدشوندگی کمتر از ۱۰ میلیارد تومان
کرمان,س. توسعه و عمران استان کرمان,انبوه سازی، املاک و مستغلات,44,خنثی,90,45,18,14,1408,20260923,-11.9,7,31.3,-11.7,-3.5,13.5,34.1,50.7,5,1,false,57.9,3.65,above,-14.1,0.89,1381,1454,-2.74,17.8,0.47,-123.76,74.18,2,704,23.59,2884.3,1381,1355,1454,1640,0.87,واگرایی منفی RSI | P/E بالا (704) | عرضه حقوقی به حقیقی (-34 میلیارد تومان در ۲۰ روز) | سرانه خرید ضعیف (0.47) | واگرایی منفی | صف فروش در ۵ روز اخیر
وتوسکا,سرمایه گذاری توسعه توکا,سرمایه گذاریها,43.9,خنثی,90,20,56.5,35,1589,20260923,-9.7,-0.7,28.3,-14.8,-3.4,9.8,24.3,49.9,5,1,false,37.3,3.74,above,-12.3,0.84,1519,1734,0.21,1.21,0.8,0.11,1.28,100,15.89,,,1530,1489,1734,1812,1.45,نقدشوندگی پایین | واگرایی منفی RSI | عرضه حقوقی به حقیقی (-1 میلیارد تومان در ۲۰ روز) | سرانه خرید ضعیف (0.80) | واگرایی منفی | نقدشوندگی کمتر از ۱۰ میلیارد تومان | صف فروش در ۵ روز اخیر
شگامرن,مجتمع پترو صنعت گامرون,محصولات شیمیایی,43.6,خنثی,100,60,62.5,4,27250,20260922,0.4,11.5,47,3.9,6.7,24.1,43.2,82.9,0,0,true,45.9,2.85,above,-2.6,1.13,26030,,0.19,-2.02,2.11,0.25,0.38,288,94.62,8.01,1081.2,26472,25641,29583,31138,1.45,نقدشوندگی پایین | اشباع خرید | خروج مستمر پول حقیقی | P/E بالا (95) | نقدشوندگی کمتر از ۱۰ میلیارد تومان | آخرین معامله 20260922 (متوقف یا کم‌معامله)
ثعمرا,عمران و توسعه شاهد,انبوه سازی، املاک و مستغلات,43.4,خنثی,100,45,33.6,4,15140,20260922,-6.9,12.8,29.1,-14,0.8,15.6,52.7,56.6,0,0,false,30.9,3.99,above,-7.8,1.07,14360,16420,-1.13,-4.89,1.46,2.55,3.38,378,40.05,23.59,69.8,14536,14058,16420,17628,1.18,واگرایی منفی RSI | خروج مستمر پول حقیقی | P/E بالا (40) | 53٪ بالای MA200 | واگرایی منفی | حد ضرر دور (7.1٪) | نقدشوندگی کمتر از ۱۰ میلیارد تومان | آخرین معامله 20260922 (متوقف یا کم‌معامله)
کوچین,تولیدی کوچین,محصولات غذایی و آشامیدنی به جز قند و شکر,43.4,خنثی,70,38,2,57,16110,20260923,-9.2,2.4,37.8,-5.3,-6.2,4,,45.6,2,1,false,38.8,4.06,above,-15.8,0.49,15940,17250,-32.63,-57.42,0.58,-41.6,54.04,2530,6.37,7.05,-9.7,15940,15613,17250,19140,2.29,خروج مستمر پول حقیقی | 288٪ بالای کف ۵۲ هفته | سرانه خرید ضعیف (0.58) | صف فروش در ۵ روز اخیر
غالبر,لبنیات‌ کالبر,محصولات غذایی و آشامیدنی به جز قند و شکر,43.2,خنثی,66,45,47.6,10,30160,20260923,-6.5,3.9,-5.8,-48.8,0.1,8.1,-13.8,52.2,4,0,false,22.8,3.87,inside,-43.7,0.59,28870,31325,0.34,2.1,1.06,-8.96,17.45,,,8.53,,28993,28287,31325,33080,0.62,بدون EPS مثبت | عرضه حقوقی به حقیقی (-2 میلیارد تومان در ۲۰ روز)
پشاهن,تولیدی پلاستیک‌ شاهین,لاستیک و پلاستیک,43.2,خنثی,100,70,31.7,25,114100,20260922,9.2,31,85.3,42.2,14.7,30.9,54.2,90.7,20,0,true,57,2.55,above,-2.4,1.16,91457,,0,0,1.47,0.23,0.11,7250,15.74,,,111190,108280,122830,128650,1.5,نقدشوندگی پایین | واگرایی منفی RSI | اشباع خرید | سهم صفی: 20 روز از ۲۰ روز در صف (ریسک نقدشوندگی و اجرای حد ضرر) | رشد عمودی (85٪ در ۶۰ روز، 31٪ بالای MA50) | 54٪ بالای MA200 | واگرایی منفی | نقدشوندگی کمتر از ۱۰ میلیارد تومان | آخرین معامله 20260922 (متوقف یا کم‌معامله)
غسالم,سالمین‌,محصولات غذایی و آشامیدنی به جز قند و شکر,43.1,خنثی,70,20,2.5,70,8270,20260923,-13.2,-7.4,7.8,-35.2,-6.1,0.3,42.8,42.2,3,1,false,20.6,4.02,above,-16.5,0.57,8000,8610,-1.87,-4.12,0.5,-10.48,12.6,1348,6.14,8.53,-28.1,8000,7834,8610,9270,0.78,206٪ بالای کف ۵۲ هفته | سرانه خرید ضعیف (0.50) | صف فروش در ۵ روز اخیر
نبابک,نساجی بابکان,منسوجات,43.1,خنثی,80,20,36.5,24,8090,20260923,-7.5,-2.3,22.6,-20.5,-4.6,10.3,8.7,49.9,0,0,false,34.3,4.11,above,-33.1,0.49,8007,8220,-6.04,-12.22,2.31,7.81,11.14,351,23.05,14.29,61.3,8007,7841,8220,8536,0.52,واگرایی منفی RSI | خروج مستمر پول حقیقی | واگرایی منفی
کارام,صنایع سرام آرا,کاشی و سرامیک,43.1,خنثی,90,80,50.5,10,2034,20260922,9.8,12.7,-8.7,-51.8,11.5,19.7,0.3,67.5,3,0,true,25.1,3.33,above,-24.6,0.99,1968,2122,-0.03,0.44,3.21,0.07,0.49,,,,,1968,1934,2122,2166,0.88,نقدشوندگی پایین | بدون EPS مثبت | عرضه حقوقی به حقیقی (0 میلیارد تومان در ۲۰ روز) | نقدشوندگی کمتر از ۱۰ میلیارد تومان | آخرین معامله 20260922 (متوقف یا کم‌معامله)
اروند,پتروشیمی اروند,محصولات شیمیایی,43,خنثی,91,45,8,19,54590,20260923,-7.6,14.5,-16,-59.1,1.3,10.7,,54.6,2,1,false,41.1,3.52,inside,-19,0.69,52540,58131,-111.43,-98.76,1.04,-55.87,119.29,3275,16.67,9.63,73.1,52671,51580,58131,60430,1.18,شناوری کم (13٪) | صف فروش در ۵ روز اخیر
خگستر,گسترش‌سرمایه‌گذاری‌ایران‌خودرو,خودرو و ساخت قطعات,42.9,خنثی,90,20,17.5,30,3840,20260923,-9.9,-1.8,20.9,-22.2,-7,7.7,30,45.6,2,1,false,38.4,4.1,above,-14.5,0.88,3612,4076,-32.34,59.63,0.6,-148.15,188.8,88,43.64,,,3683,3534,4076,4170,0.77,واگرایی منفی RSI | P/E بالا (44) | عرضه حقوقی به حقیقی (-49 میلیارد تومان در ۲۰ روز) | سرانه خرید ضعیف (0.60) | واگرایی منفی | حد ضرر دور (8.0٪) | صف فروش در ۵ روز اخیر
خساپا,سایپا,خودرو و ساخت قطعات,42.8,خنثی,90,45,17,10,699,20260923,-6,7.4,21.1,-21.9,-3.7,13,33.5,52,1,0,false,37.8,3.97,above,-11.3,0.79,630,788,-430.67,4.15,0.62,-772.42,503.76,,,,,671,630,788,843,1.28,بدون EPS مثبت | سرانه خرید ضعیف (0.62) | حد ضرر دور (9.9٪)
ثفارس,عمران‌وتوسعه‌فارس‌,انبوه سازی، املاک و مستغلات,42.8,خنثی,65,20,53,24,15090,20260923,-13.8,-0.3,9.2,-33.9,-5.5,3.9,-5.4,44.6,1,1,false,32.4,3.78,above,-34.5,0.53,14698,16000,26.35,97.6,0.4,-93.92,84.57,264,57.16,6.61,764.7,14698,14412,16000,16913,1.34,P/E بالا (57) | عرضه حقوقی به حقیقی (-97 میلیارد تومان در ۲۰ روز) | سرانه خرید ضعیف (0.40) | صف فروش در ۵ روز اخیر
ثشرق,سرمایه گذاری مسکن شمال شرق,انبوه سازی، املاک و مستغلات,42.8,خنثی,30,80,47,24,4820,20260923,11.5,0.8,-41,-84.1,10.5,-6.8,-57,53.9,7,0,true,35.9,3.47,below,-72,0.47,3853,5613,0.58,-0.08,5.02,-5.31,11.6,238,20.25,6.61,206.4,4653,4486,5613,6306,2.37,سهم صفی: 7 روز از ۲۰ روز در صف (ریسک نقدشوندگی و اجرای حد ضرر)
فکمند,گسترش قطعه سازی کمند,ساخت محصولات فلزی,42.7,خنثی,65,55,38.8,10,12220,20260923,0,1,-2.7,-45.8,-1.1,9.5,-14.4,53.7,1,0,false,21.8,4.25,above,-53.4,0.91,11597,12570,0,0.07,1.15,1.49,3,,,,,11701,11337,12570,12835,0.4,واگرایی منفی RSI | بدون EPS مثبت | عرضه حقوقی به حقیقی (0 میلیارد تومان در ۲۰ روز) | واگرایی منفی | حد ضرر دور (7.2٪) | نقدشوندگی کمتر از ۱۰ میلیارد تومان
فنفت,صنایع تجهیزات نفت,فلزات اساسی,42.6,خنثی,85,53,2,24,4940,20260923,-2.6,-4.3,41.5,-1.6,-2,10.1,41.2,53.7,2,0,false,31.6,3.69,above,-9.5,0.72,4810,5310,-1.04,-2.84,0.68,-10.3,8.37,529,9.34,8.05,16,4810,4719,5310,5460,1.67,سرانه خرید ضعیف (0.68) | نقدشوندگی کمتر از ۱۰ میلیارد تومان
معیار,سرمایه گذاری معیار صنعت پارس,سرمایه گذاریها,42.6,خنثی,95,53,23.9,30,2632,20260923,1.7,-1,40.6,-2.5,3.3,14,26.6,62.3,0,0,false,29.1,3.71,above,-17.1,1.08,2531,2710,-0.39,-2.71,1.14,1.45,2.33,80,32.9,,,2534,2482,2710,2764,0.52,نقدشوندگی پایین | خروج مستمر پول حقیقی | P/E بالا (33) | نقدشوندگی کمتر از ۱۰ میلیارد تومان
پتوسعه,س. و توسعه صنایع لاستیک,لاستیک و پلاستیک,42.5,خنثی,70,30,15.1,47,9010,20260923,-8.6,4.2,18.5,-24.6,-5.7,6,,46.7,5,1,false,33.3,3.72,above,-14,0.39,8903,9167,-11.32,-4.6,1.35,-3.38,14.62,1012,8.9,9.84,-9.5,8903,8736,9167,9580,0.57,صف فروش در ۵ روز اخیر
کفرا,فراورده‌ های‌ نسوزایران‌,سایر محصولات کانی غیرفلزی,42.5,خنثی,90,65,0,10,4160,20260923,-12.1,10.9,141.7,98.7,-7,22.4,133.6,50.9,11,3,false,67.3,3.25,above,-18.9,1.41,1924,5130,-26.18,-51,0.45,-34.58,17.28,,,12.75,,4025,3890,5130,5400,3.59,خروج مستمر پول حقیقی | بدون EPS مثبت | سهم صفی: 11 روز از ۲۰ روز در صف (ریسک نقدشوندگی و اجرای حد ضرر) | رشد عمودی (142٪ در ۶۰ روز، 22٪ بالای MA50) | 134٪ بالای MA200 | سرانه خرید ضعیف (0.45) | صف فروش در ۵ روز اخیر
وتجارت,بانک تجارت,بانکها و موسسات اعتباری,42.3,خنثی,90,40,3.3,26,892,20260923,-6,-3.9,45,1.9,-6.9,13.4,66.4,49.6,4,0,false,46,3.88,above,-14.4,0.51,658,953,-810.4,-1439.33,0.85,-917.3,1035.14,105,8.5,5.4,57.3,857,823,953,1015,0.88,خروج مستمر پول حقیقی | 66٪ بالای MA200 | حد ضرر دور (7.8٪)
حشکوه,دلیجان طلایی شکوه پارس,حمل ونقل، انبارداری و ارتباطات,42.2,خنثی,36,20,69.5,40,1278,20260923,-12,-0.9,-9.6,-52.7,-7.1,1.2,-1.3,42,3,1,false,26.5,4.07,inside,-26,0.74,1237,1298,1.51,21.18,0.9,2.5,10.31,28,45.64,,,1237,1211,1298,1351,0.3,واگرایی منفی RSI | P/E بالا (46) | عرضه حقوقی به حقیقی (-21 میلیارد تومان در ۲۰ روز) | واگرایی منفی | صف فروش در ۵ روز اخیر
والبر,سرمایه‌ گذاری‌ البرز(هلدینگ‌,مواد و محصولات دارویی,42.1,خنثی,65,45,45.5,9,3820,20260923,1.9,-4.7,18.4,-24.7,-1.1,8.7,52.7,54.5,2,0,false,25.5,3.57,above,-9.9,0.72,3750,3860,26.01,-46.42,0.94,2.21,48.85,201,19,12.91,47.2,3750,3682,3860,4090,0.29,53٪ بالای MA200
قشیر,قند شیروان قوچان و بجنورد,قند و شکر,42.1,خنثی,70,45,1.4,47,15670,20260923,-7.9,6.2,15.1,-28,-3.7,10,44.8,50.3,2,0,false,34.6,4.28,above,-12.3,0.7,15020,15950,-2.28,-0.77,0.84,-4.53,8.62,1524,10.28,9.57,7.4,15020,14685,15950,17860,0.28,نقدشوندگی کمتر از ۱۰ میلیارد تومان
سغدیر,توسعه سرمایه و صنعت غدیر,سیمان، آهک و گچ,42,خنثی,90,30,2,34,22090,20260923,-8.1,4.2,27.8,-15.3,-4.9,8.2,46.9,48.9,3,0,false,39.8,3.98,above,-17.3,0.7,21280,23570,-0.9,-56.15,0.75,-11.25,16.82,2624,8.42,6.69,25.8,21280,20840,23570,26720,1.18,خروج مستمر پول حقیقی | سرانه خرید ضعیف (0.75)
کگل,معدنی و صنعتی گل گهر,استخراج کانه های فلزی,42,خنثی,70,28,1.5,60,2820,20260923,-7.2,-2.6,41.9,-1.1,-5.9,4.9,39.2,45.7,4,1,false,35,3.9,above,-14.8,0.67,2726,2931,-9.37,-33.58,0.58,-168.48,227.33,241,11.7,13.76,-15,2726,2671,2931,3071,0.74,سرانه خرید ضعیف (0.58) | صف فروش در ۵ روز اخیر
امید,تامین سرمایه امید,فعالیتهای کمکی به نهادهای مالی واسط,41.8,خنثی,50,30,5.3,78,3480,20260923,-4.4,-11.7,17.4,-25.7,-6.5,-0.5,19,42,0,0,false,30.6,2.98,above,-14.3,0.42,3395,3880,-1.52,-14.93,0.95,-1.26,3.88,755,4.61,5.92,-22.1,3395,3343,3880,4060,2.92,خروج مستمر پول حقیقی | نقدشوندگی کمتر از ۱۰ میلیارد تومان | شناوری کم (2٪)
دفرا,فرآورده‌های‌ تزریقی‌ ایران‌,مواد و محصولات دارویی,41.5,خنثی,41,28,54.5,40,45660,20260923,-7.4,-16,47.5,4.4,-9,-8.4,75.7,37.2,2,1,false,28.1,4.34,inside,-18.5,0.98,19770,46720,8.41,32,0.61,-11.79,10.12,3353,13.62,12.91,5.5,43679,41699,46720,50383,0.27,عرضه حقوقی به حقیقی (-25 میلیارد تومان در ۲۰ روز) | 76٪ بالای MA200 | سرانه خرید ضعیف (0.61) | حد ضرر دور (8.7٪) | صف فروش در ۵ روز اخیر
کدما,معدنی‌ دماوند,استخراج کانه های فلزی,41.5,خنثی,90,20,2,40,84820,20260923,-11.9,-1,18.8,-24.2,-4.1,6.4,48.4,47,3,1,false,31.9,3.79,above,-14.4,0.88,83300,91475,-3.66,-7.12,0.39,-33.58,16.02,6579,12.89,13.76,-6.3,83300,81694,91475,99130,2.13,واگرایی منفی RSI | 165٪ بالای کف ۵۲ هفته | سرانه خرید ضعیف (0.39) | واگرایی منفی | صف فروش در ۵ روز اخیر
زکشت,کشاورزی مکانیزه اصفهان کشت,زراعت و خدمات وابسته,41.5,خنثی,65,20,2,70,13440,20260923,-4.4,-3.6,19.1,-24,-3.7,3.9,60.9,48.6,2,1,false,19,3.93,above,-10.9,0.88,12466,14492,-1.94,-8.44,0.56,-15.34,11.81,2199,6.11,8.07,-24.3,12912,12202,14492,15092,0.85,61٪ بالای MA200 | سرانه خرید ضعیف (0.56) | حد ضرر دور (9.2٪) | صف فروش در ۵ روز اخیر
امین,تامین سرمایه امین,فعالیتهای کمکی به نهادهای مالی واسط,41.5,خنثی,90,45,35,47,2675,20260922,-6.4,3.5,22.4,-20.7,-1.5,8,28,52.8,0,0,false,34.2,3.28,above,-7.7,0.63,2563,2800,-2.23,-9.17,3.54,3.08,2.14,469,5.7,5.92,-3.7,2587,2519,2800,2898,0.8,نقدشوندگی پایین | واگرایی منفی RSI | خروج مستمر پول حقیقی | واگرایی منفی | نقدشوندگی کمتر از ۱۰ میلیارد تومان | شناوری کم (10٪) | آخرین معامله 20260922 (متوقف یا کم‌معامله)
حفارس,حمل و نقل بین المللی خلیج فارس,حمل ونقل، انبارداری و ارتباطات,41.4,خنثی,100,50,1.5,4,9040,20260923,-1.2,44.4,102.1,59,12.7,41.3,149.2,79,4,1,false,69.5,2.9,above,-4,0.75,5640,9420,-52.02,-48.14,0.75,-11.82,32.48,149,60.67,19.33,213.9,8778,8516,9420,9944,0.73,اشباع خرید | خروج مستمر پول حقیقی | رشد عمودی (102٪ در ۶۰ روز، 41٪ بالای MA50) | P/E بالا (61) | 149٪ بالای MA200 | سرانه خرید ضعیف (0.75) | صف فروش در ۵ روز اخیر
سخزر,سیمان‌ خزر,سیمان، آهک و گچ,41.4,خنثی,70,30,0.5,57,6140,20260923,-8.2,10,18.5,-24.5,-4.7,9.5,40.6,49.3,5,1,false,31.5,3.8,above,-15.7,0.68,5860,7280,-21.13,-53.77,0.45,-33.09,21.8,822,7.47,7.14,4.6,5907,5743,7280,7747,2.87,خروج مستمر پول حقیقی | سرانه خرید ضعیف (0.45) | صف فروش در ۵ روز اخیر
فبیرا,بسته‌ بندی‌ ایران‌,ساخت محصولات فلزی,41.2,خنثی,90,55,17.9,35,2391,20260923,-10.4,-6.5,94.9,51.8,-3.7,16.5,78.6,52,12,2,false,49.6,3.44,above,-14.2,0.5,2205,2711,0,2.71,0.92,-0.05,2.87,155,15.43,,,2309,2186,2711,2786,1.56,نقدشوندگی پایین | واگرایی منفی RSI | سهم صفی: 12 روز از ۲۰ روز در صف (ریسک نقدشوندگی و اجرای حد ضرر) | عرضه حقوقی به حقیقی (-3 میلیارد تومان در ۲۰ روز) | 79٪ بالای MA200 | واگرایی منفی | حد ضرر دور (8.6٪) | نقدشوندگی کمتر از ۱۰ میلیارد تومان | صف فروش در ۵ روز اخیر
حگهر,حمل و نقل گهرترابر سیرجان,حمل ونقل، انبارداری و ارتباطات,41.2,خنثی,46,20,26.5,67,2890,20260923,-8.3,-1.8,20.7,-22.4,-3.8,-0.6,8.2,45.2,4,1,false,20.2,3.59,inside,-29.8,0.58,2847,2921,-8.64,23.48,0.43,-10.9,7.48,397,7.28,7.68,-5.2,2847,2796,2921,3120,0.33,واگرایی منفی RSI | عرضه حقوقی به حقیقی (-24 میلیارد تومان در ۲۰ روز) | سرانه خرید ضعیف (0.43) | واگرایی منفی | نقدشوندگی کمتر از ۱۰ میلیارد تومان | صف فروش در ۵ روز اخیر
وکار,بانک‌ کارآفرین‌,بانکها و موسسات اعتباری,41.1,خنثی,100,35,0.5,16,6410,20260923,2.1,27.2,105.6,62.6,6.8,41,132.7,85.4,2,0,false,71.8,3.37,above,-2,0.3,6030,6540,-36.92,-340.74,0.55,-29.93,57.93,650,9.86,5.4,82.6,6194,5922,6540,6972,0.27,اشباع خرید | خروج مستمر پول حقیقی | رشد عمودی (106٪ در ۶۰ روز، 41٪ بالای MA50) | 133٪ بالای MA200 | سرانه خرید ضعیف (0.55) | حد ضرر دور (7.6٪)
قاسم,قاسم ایران,خرده فروشی،باستثنای وسایل نقلیه موتوری,40.9,خنثی,70,20,6.6,57,2130,20260923,-8.3,-5.2,11.1,-31.9,-7.7,0.6,75.4,43.5,2,1,false,23.8,4.08,above,-13.6,0.69,2025,2219,-2.26,-19.93,0.96,-5.7,17.09,345,6.17,6.17,0.1,2043,1982,2219,2458,0.6,خروج مستمر پول حقیقی | 75٪ بالای MA200 | صف فروش در ۵ روز اخیر
سفارس,سیمان فارس و خوزستان,سیمان، آهک و گچ,40.8,خنثی,65,30,4,57,26660,20260923,-3.2,-6.9,6.1,-36.9,-6.1,2,42.2,44.7,1,0,false,26.2,4.09,above,-13.7,0.71,23461,27370,-12.71,-7.05,0.53,-59.53,82.52,3912,6.81,7.14,-4.6,25569,23933,27370,28020,0.26,واگرایی منفی RSI | سرانه خرید ضعیف (0.53) | واگرایی منفی | حد ضرر دور (10.2٪)
بمیلا,توسعه سرمایه گذاری میلاد پارس,تجارت عمده فروشی به جز وسایل نقلیه موتور,40.8,خنثی,75,45,27,10,7120,20260923,-10.6,26.9,-10.6,-53.6,0.7,11.6,-1.5,53,9,2,false,35.8,3.79,above,-38.8,0.43,6960,7780,-0.55,21.88,0.7,-1.35,7.7,,,,,6960,6825,7780,8250,2.24,بدون EPS مثبت | سهم صفی: 9 روز از ۲۰ روز در صف (ریسک نقدشوندگی و اجرای حد ضرر) | عرضه حقوقی به حقیقی (-22 میلیارد تومان در ۲۰ روز) | سرانه خرید ضعیف (0.70) | نقدشوندگی کمتر از ۱۰ میلیارد تومان | صف فروش در ۵ روز اخیر
بپویا,دانش محور پویا نیرو,ماشین آلات و دستگاه‌های برقی,40.5,خنثی,36,30,50.9,44,5850,20260923,-9.6,2.3,-5.1,-48.2,-2.6,1.9,-1.4,46.9,1,0,false,21.3,3.82,inside,-19.5,0.59,5740,6074,-2.67,17.98,1.17,5,12.93,752,7.78,6.15,26.5,5740,5629,6074,6284,1.01,عرضه حقوقی به حقیقی (-18 میلیارد تومان در ۲۰ روز) | شناوری کم (7٪)
کیسون,شرکت کیسون,خدمات فنی و مهندسی,40.4,خنثی,70,30,17.5,36,1794,20260923,-12.2,0.7,27.8,-15.3,-4.6,8.2,9.6,47.1,2,1,false,29.3,3.9,above,-42.3,0.64,1755,1881,-10.64,10.37,0.49,-39.38,32.66,166,10.81,2.41,348.4,1755,1720,1881,1944,1.18,عرضه حقوقی به حقیقی (-14 میلیارد تومان در ۲۰ روز) | سرانه خرید ضعیف (0.49) | صف فروش در ۵ روز اخیر
وهور,گروه س.انرژی امید  تابان هور,عرضه برق، گاز، بخاروآب گرم,40.4,خنثی,65,20,20.5,47,2388,20260923,-5.6,-12.8,18.7,-24.3,-6,2.6,32.3,44.9,5,1,false,27.4,3.83,above,-17.3,0.47,2281,2412,-6.61,-194.04,12.52,-16.25,39.74,230,10.38,10.04,3.4,2296,2235,2412,2484,0.16,خروج مستمر پول حقیقی | صف فروش در ۵ روز اخیر
خکار,ایرکا پارت صنعت,خودرو و ساخت قطعات,40.4,خنثی,70,20,1.5,60,1795,20260923,-8.1,-3.8,29.7,-13.3,-4,6.1,39.8,48.3,1,1,false,29,3.97,above,-12.3,0.48,1738,1940,-8.33,-24.47,0.6,-14.28,14.64,504,3.56,,,1738,1702,1940,2047,1.57,واگرایی منفی RSI | خروج مستمر پول حقیقی | سرانه خرید ضعیف (0.60) | واگرایی منفی | صف فروش در ۵ روز اخیر
ثاصفا,شرکت‌ ساختمان‌ اصفهان‌,انبوه سازی، املاک و مستغلات,40.4,خنثی,90,40,61.5,20,20250,20260922,8.9,38.9,23.6,-19.5,16.1,38.3,22,84.7,13,0,true,40.8,3.1,above,-6.7,1.15,19566,21000,0,1,2.01,1.58,0.82,8,2531.25,,,19623,19252,21000,21545,0.75,نقدشوندگی پایین | اشباع خرید | فاصله زیاد از MA20 | سهم صفی: 13 روز از ۲۰ روز در صف (ریسک نقدشوندگی و اجرای حد ضرر) | رشد عمودی (24٪ در ۶۰ روز، 38٪ بالای MA50) | P/E بالا (2531) | عرضه حقوقی به حقیقی (-1 میلیارد تومان در ۲۰ روز) | نقدشوندگی کمتر از ۱۰ میلیارد تومان | آخرین معامله 20260922 (متوقف یا کم‌معامله)
گدنا,تهیه توزیع غذای دنا آفرین فدک,هتل و رستوران,40.2,خنثی,70,20,16.9,44,6530,20260923,-13,-4.4,16.9,-26.2,-8.1,5.4,24.1,42.7,2,1,false,39.9,3.85,above,-17.3,0.62,6214,7040,-2.24,-4.41,0.82,5.49,17.26,1145,5.7,4.69,21.6,6279,6088,7040,7190,1.15,واگرایی منفی RSI | واگرایی منفی | صف فروش در ۵ روز اخیر
زدشت,کشت و صنعت دشت خرم دره,زراعت و خدمات وابسته,40,خنثی,90,20,2,34,9490,20260923,-9.4,-2.6,11.7,-31.4,-2.9,9.5,50.7,49.7,0,0,false,37.3,4.34,above,-11.7,0.6,8970,10180,-9.1,-15.95,0.63,-14.72,17.17,1023,9.28,8.07,15,9078,8764,10180,10750,0.95,واگرایی منفی RSI | 51٪ بالای MA200 | سرانه خرید ضعیف (0.63) | واگرایی منفی | حد ضرر دور (7.6٪)
فسا,پتروشیمی فسا,محصولات شیمیایی,40,خنثی,100,50,35,25,782,20260922,4.7,12.2,14.2,-28.9,9.5,16.7,22,80.1,15,0,true,48.6,1.87,above,-1.1,0.55,755,,-0.11,-0.11,7.44,0.26,0.14,47,16.64,,,767,747,826,855,1.27,نقدشوندگی پایین | اشباع خرید | سهم صفی: 15 روز از ۲۰ روز در صف (ریسک نقدشوندگی و اجرای حد ضرر) | نقدشوندگی کمتر از ۱۰ میلیارد تومان | آخرین معامله 20260922 (متوقف یا کم‌معامله)
ثمسکن,سرمایه‌گذاری‌ مسکن‌,انبوه سازی، املاک و مستغلات,40,اجتناب,90,53,0.5,9,3170,20260923,-5.1,5.7,39.6,-3.5,-0.6,11.3,40.5,54.8,2,0,false,33,3.67,above,-7.8,1.04,2869,3440,-46.99,-88.66,0.76,-36.3,29.89,226,14.03,6.61,112.2,3054,2879,3440,3673,0.93,واگرایی منفی RSI | خروج مستمر پول حقیقی | سرانه خرید ضعیف (0.76) | واگرایی منفی | حد ضرر دور (9.2٪)
ثشاهد,سرمایه‌ گذاری‌ شاهد,انبوه سازی، املاک و مستغلات,39.9,اجتناب,90,45,1.5,14,11770,20260923,-9.4,5.9,28.9,-14.1,-1,17.1,44.2,55.1,4,1,false,45,3.66,above,-10.7,0.85,10790,13180,-50.9,-53.55,0.52,-79.74,54.37,560,21.02,6.61,218,11339,10693,13180,14042,1.31,واگرایی منفی RSI | سرانه خرید ضعیف (0.52) | واگرایی منفی | حد ضرر دور (9.1٪) | صف فروش در ۵ روز اخیر
اپرداز,آتیه داده پرداز,اطلاعات و ارتباطات,39.9,اجتناب,90,30,0.5,27,4970,20260923,-12.8,8.5,13.3,-29.7,-6.5,5.2,39.1,44.2,2,1,false,46,4.05,above,-17.7,0.86,4514,6040,-19.86,-30.52,0.39,-21.87,10.81,332,14.97,11.65,28.5,4768,4466,6040,6443,2.12,خروج مستمر پول حقیقی | سرانه خرید ضعیف (0.39) | حد ضرر دور (10.1٪) | صف فروش در ۵ روز اخیر
سفار,سیمان‌فارس‌,سیمان، آهک و گچ,39.9,اجتناب,90,30,1.5,26,224700,20260923,-11.7,12.6,6.4,-36.6,-3.1,11.1,20.2,49.8,2,0,false,39.4,4.06,above,-16,0.67,207734,245450,-7.54,-3.18,0.51,-7.95,4.92,19436,11.56,7.14,61.9,215580,203174,245450,267400,0.96,سرانه خرید ضعیف (0.51) | حد ضرر دور (9.6٪) | نقدشوندگی کمتر از ۱۰ میلیارد تومان | شناوری کم (8٪)
خبنیان,بنیان دیزل,خودرو و ساخت قطعات,39.8,اجتناب,45,30,41,40,1711,20260923,-8.3,1.2,4.5,-38.6,-5.6,6.9,-0.2,47.1,2,1,false,33.2,4,above,-30.2,0.74,1690,1732,0.44,3.22,0.7,-7.56,12.8,10,171.1,,,1690,1656,1732,1816,0.39,P/E بالا (171) | عرضه حقوقی به حقیقی (-3 میلیارد تومان در ۲۰ روز) | سرانه خرید ضعیف (0.70) | صف فروش در ۵ روز اخیر
سآبیک,سیمان آبیک,سیمان، آهک و گچ,39.6,اجتناب,70,20,1.5,57,71370,20260923,-5.7,-0.2,6.1,-36.9,-5.3,1.9,38,45.3,0,0,false,26.1,4.2,above,-13.9,0.63,66900,77390,-8.27,-51.84,0.7,-10.97,15.86,10205,6.99,7.14,-2,68374,65402,77390,78590,1.01,خروج مستمر پول حقیقی | سرانه خرید ضعیف (0.70) | حد ضرر دور (8.4٪)
تبرک,گروه کارخانجات صنعتی تبرک,محصولات غذایی و آشامیدنی به جز قند و شکر,39.6,اجتناب,70,50,0.5,34,19550,20260923,-12.4,2.6,49.3,6.2,-5.5,5,39.6,46.1,5,1,false,28.2,4.29,above,-16.2,0.45,18801,23340,-1.84,-0.89,0.45,-3.92,5,2192,8.92,7.05,26.5,18801,18382,23340,25017,3.24,سرانه خرید ضعیف (0.45) | نقدشوندگی کمتر از ۱۰ میلیارد تومان | صف فروش در ۵ روز اخیر
ثنام,س ساختمانی ب نام آوران مهندسی,انبوه سازی، املاک و مستغلات,39.6,اجتناب,100,75,8.5,10,2182,20260923,0.2,31.3,86,43,9.7,23.9,59.5,74.7,0,0,true,55.4,4.09,above,-2.7,1.1,1822,2242,-10.43,-11.82,1.1,-5.32,2.25,,,,,2093,2003,2242,2421,0.34,نقدشوندگی پایین | خروج مستمر پول حقیقی | بدون EPS مثبت | 60٪ بالای MA200 | حد ضرر دور (8.2٪) | نقدشوندگی کمتر از ۱۰ میلیارد تومان
حگردش,ریل گردش ایرانیان,حمل ونقل، انبارداری و ارتباطات,39.5,اجتناب,45,20,48.2,40,2223,20260923,-7,-0.3,0.3,-42.8,-2.8,5.4,-5.4,48.3,1,0,false,21.1,4.13,above,-34.2,0.73,2194,2266,0,7.09,1.09,1.24,5.52,68,32.69,,,2194,2148,2266,2346,0.57,واگرایی منفی RSI | P/E بالا (33) | عرضه حقوقی به حقیقی (-7 میلیارد تومان در ۲۰ روز) | واگرایی منفی | نقدشوندگی کمتر از ۱۰ میلیارد تومان
وبصادر,بانک صادرات ایران,بانکها و موسسات اعتباری,39.5,اجتناب,90,53,3.7,4,969,20260923,-8.1,1,36.1,-7,-4.1,15,50.3,52.9,4,0,false,42.3,3.55,above,-9.9,0.49,774,1072,-340.03,-26.13,0.87,-333.08,482.02,5,193.8,5.4,3488.9,935,900,1072,1141,1.5,P/E بالا (194) | 50٪ بالای MA200 | حد ضرر دور (7.1٪)
زشریف,کشت وصنعت شریف آباد,زراعت و خدمات وابسته,39.5,اجتناب,70,20,1,57,17810,20260923,-8.1,-0.9,19.5,-23.6,-3,6.7,66.2,49.8,2,1,false,30.2,3.87,above,-12.3,0.67,17410,19230,-15.12,-41.52,0.56,-17.08,12.73,2402,7.41,8.07,-8.1,17410,17065,19230,20300,1.91,واگرایی منفی RSI | خروج مستمر پول حقیقی | 66٪ بالای MA200 | سرانه خرید ضعیف (0.56) | واگرایی منفی | صف فروش در ۵ روز اخیر
فاذر,صنایع‌ آذرآب‌,ساخت محصولات فلزی,39.1,اجتناب,90,40,2.5,14,1500,20260923,-13.7,-4.3,62.2,19.1,-4.8,10,47.7,47.6,4,2,false,39.3,3.92,above,-16.5,0.66,1456,1638,-2.63,-11.65,0.31,-45.71,33.4,60,25,7.54,231.6,1456,1427,1638,1796,1.88,سرانه خرید ضعیف (0.31) | صف فروش در ۵ روز اخیر
سکارون,سیمان کارون,سیمان، آهک و گچ,39,اجتناب,39,30,55.4,30,4990,20260923,0.6,-2.2,8.8,-34.2,-2.9,-4.6,27.2,45.2,1,0,false,13.5,4.13,inside,-15.6,1.04,4910,5405,2.5,4.19,0.88,-1.79,3.06,243,20.53,,,4910,4807,5405,5525,2.27,واگرایی منفی RSI | بدون روند (ADX پایین) | عرضه حقوقی به حقیقی (-3 میلیارد تومان در ۲۰ روز) | واگرایی منفی | نقدشوندگی کمتر از ۱۰ میلیارد تومان
وپاسار,بانک  پاسارگاد,بانکها و موسسات اعتباری,39,اجتناب,41,8,74.3,26,9450,20260923,-10,-11.3,-4.1,-47.1,-9.3,-5.6,38.9,35.7,0,0,false,32,3.83,inside,-17.3,1.35,8940,9640,1566.88,6174.45,1.01,716.12,517.68,813,11.62,5.4,115.3,9089,8759,9640,9860,0.28,عرضه حقوقی به حقیقی (-6203 میلیارد تومان در ۲۰ روز) | 193٪ بالای کف ۵۲ هفته | حد ضرر دور (7.3٪)
ولتجار,واسپاری تجارایرانیان,سایر واسطه گریهای مالی,38.9,اجتناب,65,30,17.5,36,3200,20260923,-10.1,2.1,27.7,-15.4,-3.8,10.7,-18.8,49.9,3,0,false,45.1,3.9,above,-49.2,0.97,3150,3450,-1.62,0.9,0.61,-4.62,5.69,278,11.51,5.8,98.5,3150,3088,3450,3679,2.22,واگرایی منفی RSI | عرضه حقوقی به حقیقی (-1 میلیارد تومان در ۲۰ روز) | سرانه خرید ضعیف (0.61) | واگرایی منفی | نقدشوندگی کمتر از ۱۰ میلیارد تومان
پلاسک,پلاسکوکار,لاستیک و پلاستیک,38.9,اجتناب,90,45,1.5,10,5670,20260923,-10.1,4.4,17.9,-25.2,-2.8,8.8,27.9,50.1,1,0,false,42.1,4.17,above,-11.5,0.76,5400,5900,-2.07,-0.08,0.53,-5.46,3.73,,,8.21,,5433,5282,5900,6410,0.59,بدون EPS مثبت | سرانه خرید ضعیف (0.53) | نقدشوندگی کمتر از ۱۰ میلیارد تومان
ختوقا,قطعات‌ اتومبیل‌ ایران‌,خودرو و ساخت قطعات,38.8,اجتناب,90,20,1.2,30,5170,20260923,-7.5,-1.9,12.9,-30.2,-7.2,4.4,28.7,44.6,0,0,false,40.6,4.51,above,-14.7,0.57,4726,5490,-4.89,-9.23,0.81,-9.77,16.11,127,40.71,,,4937,4609,5490,5820,0.57,واگرایی منفی RSI | P/E بالا (41) | واگرایی منفی | حد ضرر دور (10.8٪)
فرابورس,فرابورس ایران,فعالیتهای کمکی به نهادهای مالی واسط,38.8,اجتناب,90,45,2,9,7260,20260923,-6.7,5.4,27.5,-15.6,-0.7,7.8,49.7,52.6,1,0,false,20.3,3.73,above,-9.4,0.82,6535,7460,-38.71,-57.21,0.66,-86.07,94.95,441,16.46,9.46,74,6989,6582,7460,8010,0.3,169٪ بالای کف ۵۲ هفته | سرانه خرید ضعیف (0.66) | حد ضرر دور (9.3٪)
خفنر,فنرسازی‌خاور,خودرو و ساخت قطعات,38.6,اجتناب,85,20,1.5,35,2409,20260923,-2.7,-7.9,18.8,-24.2,-7.3,5.5,51.7,46,4,1,false,30.9,4.17,above,-17.7,0.86,2200,2926,-1,-13.3,0.61,-10.06,12.67,130,18.53,,,2308,2158,2926,3127,2.06,خروج مستمر پول حقیقی | 52٪ بالای MA200 | سرانه خرید ضعیف (0.61) | حد ضرر دور (10.4٪) | صف فروش در ۵ روز اخیر
تشتاد,صنایع تولیدی اشتاد ایران‌,خودرو و ساخت قطعات,38.5,اجتناب,100,48,25.7,10,6880,20260923,9.9,35.7,41.3,-1.8,19.5,32.9,40.4,84.5,3,0,true,45.1,3.17,above,0,1.18,6220,,0,-0.12,1.23,0.93,0.89,,,,,6662,6443,7535,7971,1.5,نقدشوندگی پایین | اشباع خرید | فاصله زیاد از MA20 | بدون EPS مثبت | رشد عمودی (41٪ در ۶۰ روز، 33٪ بالای MA50) | نقدشوندگی کمتر از ۱۰ میلیارد تومان
شارپیلن,پتروشیمی ارغوان گسترایلام,محصولات شیمیایی,38.5,اجتناب,95,50,30,10,3280,20260923,2.2,2.5,7.2,-35.8,2,2.8,,99.1,20,0,true,90,2.74,above,-11.6,2.53,3033,3711,0,0,2.19,-0.95,0.21,,,9.63,,3190,3055,3711,3891,1.92,نقدشوندگی پایین | اشباع خرید | بدون EPS مثبت | سهم صفی: 20 روز از ۲۰ روز در صف (ریسک نقدشوندگی و اجرای حد ضرر) | نقدشوندگی کمتر از ۱۰ میلیارد تومان
فلوله,لوله‌وماشین‌سازی‌ایران‌,فلزات اساسی,38.5,اجتناب,50,8,27.5,60,2436,20260923,-12.1,-13.8,20.9,-22.2,-11.7,-3,20.3,35.3,1,0,false,27.2,4.76,above,-18.6,0.79,2401,2506,-1.28,21.24,0.35,-22.67,10.62,226,10.78,13.48,-20,2401,2343,2506,2619,0.75,عرضه حقوقی به حقیقی (-22 میلیارد تومان در ۲۰ روز) | سرانه خرید ضعیف (0.35)
کمرجان,بازرگانی و تولیدی مرجان کار,سایر محصولات کانی غیرفلزی,38.3,اجتناب,90,30,2,19,4410,20260923,-12.3,7.3,-13.8,-56.9,-1.7,6.8,33,49.3,2,1,false,32.3,3.68,above,-16.3,0.87,4250,4630,-16.19,-9.95,0.4,-20.06,9.62,299,14.75,10.33,42.8,4250,4169,4630,5180,0.91,خروج مستمر پول حقیقی | سرانه خرید ضعیف (0.40) | نقدشوندگی کمتر از ۱۰ میلیارد تومان | صف فروش در ۵ روز اخیر
شلیا,شرکت مواد ویژه لیا,سایر محصولات کانی غیرفلزی,38.2,اجتناب,100,60,4.7,20,22670,20260923,6.6,41.2,118,74.9,14.9,48.2,142.5,84,3,0,true,78.4,3.05,above,-5.1,0.87,12055,,0,0,0.99,-2.29,2.6,1094,20.72,,,21979,21289,24742,26123,1.5,نقدشوندگی پایین | واگرایی منفی RSI | اشباع خرید | رشد عمودی (118٪ در ۶۰ روز، 48٪ بالای MA50) | 142٪ بالای MA200 | واگرایی منفی | نقدشوندگی کمتر از ۱۰ میلیارد تومان
قنقش,قند نقش جهان,قند و شکر,38.2,اجتناب,80,53,4.3,10,1886,20260923,-5.6,5.6,34.5,-8.5,-0.5,8.2,1.2,52.3,1,0,false,30.5,4.51,above,-32.1,1.19,1865,1927,-13.4,-3.6,0.87,-11.02,4.96,,,,,1865,1823,1927,1960,0.65,بدون EPS مثبت | نقدشوندگی کمتر از ۱۰ میلیارد تومان
کیا,کیا الکترود شرق,ساخت محصولات فلزی,38,اجتناب,100,70,12,4,9560,20260923,1.9,5.4,18.6,-24.5,5.2,12.4,17.3,63.4,0,0,true,21.2,3.89,above,-6.9,1.59,9405,9923,-4.33,-5.42,0.78,-1.48,1.94,262,36.49,6.02,506.1,9405,9219,9923,10270,1.07,نقدشوندگی پایین | خروج مستمر پول حقیقی | P/E بالا (36) | سرانه خرید ضعیف (0.78) | نقدشوندگی کمتر از ۱۰ میلیارد تومان
ومعلم,بیمه معلم,بیمه وصندوق بازنشستگی به جزتامین اجتماعی,37.8,اجتناب,100,45,25.1,10,3350,20260923,0.6,13.9,14.7,-28.4,2.9,14.2,19,60.2,2,0,false,26.8,3.81,above,-7.2,0.89,3270,3531,-0.02,-1.13,1.17,1.11,2.7,,,18.13,,3270,3206,3531,3610,1.25,نقدشوندگی پایین | بدون EPS مثبت | نقدشوندگی کمتر از ۱۰ میلیارد تومان
خوساز,محورسازان‌ایران‌خودرو,خودرو و ساخت قطعات,37.7,اجتناب,90,38,2.5,10,18160,20260923,-8.8,3.7,35.2,-7.8,-4.4,7.5,18.1,49.1,0,0,false,30.1,3.94,above,-13.3,0.68,17410,18630,-8.89,-17.38,0.74,-6.55,6.09,,,,,17445,17052,18630,19350,0.42,خروج مستمر پول حقیقی | بدون EPS مثبت | سرانه خرید ضعیف (0.74) | نقدشوندگی کمتر از ۱۰ میلیارد تومان
قاروم,قند ارومیه,قند و شکر,37.6,اجتناب,100,23,30,42,116800,20260922,1,9.8,34.7,-8.3,3.4,12,38.5,99.5,17,0,false,95.1,0.91,above,-0.9,0.31,86825,,0,0,1.4,0,0.09,22219,5.26,,,115741,114682,119978,122096,1.5,نقدشوندگی پایین | اشباع خرید | سهم صفی: 17 روز از ۲۰ روز در صف (ریسک نقدشوندگی و اجرای حد ضرر) | نقدشوندگی کمتر از ۱۰ میلیارد تومان | آخرین معامله 20260922 (متوقف یا کم‌معامله)
غپونه,نوش پونه مشهد,محصولات غذایی و آشامیدنی به جز قند و شکر,37.6,اجتناب,46,30,1,70,8290,20260923,-11,3,12.1,-30.9,-4.5,-3.2,70.6,43.1,2,1,false,23.8,3.97,inside,-16.1,0.43,8064,8481,-4.53,-16.37,0.5,-14.92,18.56,1310,6.33,7.05,-10.2,8064,7899,8481,8790,0.49,71٪ بالای MA200 | سرانه خرید ضعیف (0.50) | صف فروش در ۵ روز اخیر
خفناور,مهندسی صنعتی روان فن آور,خودرو و ساخت قطعات,37.5,اجتناب,90,65,0,30,23380,20260923,-8.5,6.3,43.4,0.4,-2.1,11.1,24.3,52.2,1,0,false,39.4,4.36,above,-12.4,0.58,22400,23800,-1.18,-1.5,0.74,-1.92,2.86,344,67.97,,,22400,21891,23800,26700,0.28,نقدشوندگی پایین | واگرایی منفی RSI | P/E بالا (68) | سرانه خرید ضعیف (0.74) | واگرایی منفی | نقدشوندگی کمتر از ۱۰ میلیارد تومان
بجهرم,توسعه مولد نیروگاهی جهرم,عرضه برق، گاز، بخاروآب گرم,37.4,اجتناب,65,28,2,47,3070,20260923,-6.7,-5.2,42.7,-0.4,-4.6,7.1,53.1,48.3,2,1,false,40.4,3.82,above,-12.8,0.58,2990,3400,-25.99,-108.56,0.62,-15.71,42.18,334,9.19,10.04,-8.5,2990,2931,3400,3520,2.38,واگرایی منفی RSI | خروج مستمر پول حقیقی | 53٪ بالای MA200 | سرانه خرید ضعیف (0.62) | واگرایی منفی | صف فروش در ۵ روز اخیر
نان,صنایع غذایی رضوی,محصولات غذایی و آشامیدنی به جز قند و شکر,37.3,اجتناب,55,8,19.6,57,6010,20260923,-11.7,-4.1,2.3,-40.8,-8.3,-1.3,40.3,39.7,0,0,false,22.5,4.02,above,-15.7,0.73,5765,6216,-4.73,-14.83,0.92,5.41,27.17,929,6.47,7.05,-8.2,5768,5644,6216,6360,0.56,
ساربیل,سیمان آرتا اردبیل,سیمان، آهک و گچ,37.2,اجتناب,41,20,26.5,57,81360,20260923,-5.6,-0.1,-13.1,-56.1,-7.3,-1.9,11.6,41.6,0,0,false,21.8,4.46,inside,-19.8,0.69,78906,83650,3.14,-6.78,0.72,-3.11,4.11,11188,7.27,7.14,1.8,78906,77090,83650,88300,0.54,خروج مستمر پول حقیقی | سرانه خرید ضعیف (0.72) | نقدشوندگی کمتر از ۱۰ میلیارد تومان | شناوری کم (10٪)
سلیم,سرمایه گذاری سلیم,سرمایه گذاریها,37.2,اجتناب,70,20,1.6,47,1326,20260923,-6.3,-1.2,28.3,-14.8,-3.3,4.1,21.1,48.7,0,0,false,34.8,4.03,above,-13.5,0.86,1309,1491,-6.41,-12.4,0.8,-7.3,10.98,146,9.08,8.73,4,1309,1282,1491,1578,3.77,واگرایی منفی RSI | خروج مستمر پول حقیقی | واگرایی منفی
کزغال,زغال سنگ پروده طبس,استخراج زغال سنگ,37,اجتناب,70,30,26,14,5310,20260923,-11.4,3.1,0.6,-42.5,-9.7,1.4,29.9,40.8,9,3,false,26.8,4.01,above,-19.3,0.48,5100,5462,-13.09,120.15,0.47,-4.4,33.41,154,34.48,15.48,122.7,5100,4994,5462,6580,0.48,سهم صفی: 9 روز از ۲۰ روز در صف (ریسک نقدشوندگی و اجرای حد ضرر) | P/E بالا (34) | عرضه حقوقی به حقیقی (-124 میلیارد تومان در ۲۰ روز) | سرانه خرید ضعیف (0.47) | صف فروش در ۵ روز اخیر
غنوش,نوش‌ مازندران‌,محصولات غذایی و آشامیدنی به جز قند و شکر,37,اجتناب,70,30,26,14,17190,20260923,-12.1,6.9,14.4,-28.7,-3.6,0.3,38.2,46.2,5,1,false,23.2,3.75,above,-14.6,0.34,16940,18050,-48.82,223.92,0.46,-55.98,85.41,487,35.3,8.53,313.8,16940,16618,18050,19740,1.5,P/E بالا (35) | عرضه حقوقی به حقیقی (-224 میلیارد تومان در ۲۰ روز) | 181٪ بالای کف ۵۲ هفته | سرانه خرید ضعیف (0.46) | صف فروش در ۵ روز اخیر
ولقمان,گروه سرمایه گذاری لقمان,سرمایه گذاریها,36.8,اجتناب,100,15,30,25,3630,20260923,1.4,15.9,28.4,-14.7,6.4,21.3,55.8,88.5,2,0,false,68.1,1.61,above,0,1.26,3480,,-1.29,-2.5,2.05,-0.74,0.31,243,14.94,,,3572,3484,3805,3922,1.2,نقدشوندگی پایین | اشباع خرید | خروج مستمر پول حقیقی | 56٪ بالای MA200 | نقدشوندگی کمتر از ۱۰ میلیارد تومان
رکیش,کارت اعتباری ایران کیش,رایانه و فعالیت‌های وابسته به آن,36.7,اجتناب,70,28,0.5,40,2471,20260923,-9.1,-0.3,41.6,-1.5,-7.4,5.8,39.1,44.5,2,1,false,39.9,4.37,above,-15,0.61,2325,2510,-1.78,-0.92,0.49,-4.98,4.56,141,17.52,18.19,-3.7,2363,2271,2510,2554,0.2,واگرایی منفی RSI | سرانه خرید ضعیف (0.49) | واگرایی منفی | حد ضرر دور (8.1٪) | نقدشوندگی کمتر از ۱۰ میلیارد تومان | صف فروش در ۵ روز اخیر
خمحرکه,نیرو محرکه‌,خودرو و ساخت قطعات,36.5,اجتناب,70,20,16,30,5710,20260923,-12.2,-3.5,16.8,-26.2,-7,7,32.9,45.1,1,1,false,38.7,4.08,above,-15.3,0.74,5275,6260,-0.53,0.12,0.57,-15.15,14.52,130,43.92,,,5477,5159,6260,6380,1,واگرایی منفی RSI | P/E بالا (44) | عرضه حقوقی به حقیقی (0 میلیارد تومان در ۲۰ روز) | سرانه خرید ضعیف (0.57) | واگرایی منفی | حد ضرر دور (9.7٪) | صف فروش در ۵ روز اخیر
وآتوس,گروه سرمایه گذاری توسکا,سرمایه گذاریها,36.5,اجتناب,65,38,27.5,10,1472,20260923,-12.8,4.8,40.6,-2.5,-2.3,6.7,-3.1,48.9,3,2,false,33.8,3.74,above,-43.3,0.59,1447,1497,-1.37,8.43,0.45,-4.93,5.45,,,,,1447,1419,1497,1533,0.47,بدون EPS مثبت | عرضه حقوقی به حقیقی (-9 میلیارد تومان در ۲۰ روز) | سرانه خرید ضعیف (0.45) | نقدشوندگی کمتر از ۱۰ میلیارد تومان | صف فروش در ۵ روز اخیر
رپویا,پویا,رایانه و فعالیت‌های وابسته به آن,36.3,اجتناب,65,20,17.2,34,52630,20260923,-5.5,-12.1,24.4,-18.6,-5.5,6.3,34.6,47.6,2,0,false,32.3,3.84,above,-16.2,1.16,51270,58270,-20.91,-59.19,1.45,-2.14,7.01,5242,10.04,8.89,12.9,51270,50259,58270,62790,2.38,خروج مستمر پول حقیقی | نقدشوندگی کمتر از ۱۰ میلیارد تومان
شلعاب,لعابیران‌,محصولات شیمیایی,36.1,اجتناب,90,20,1.5,19,1236,20260923,-8.2,-2.7,15.7,-27.3,-3.5,7.1,36.9,48.7,2,0,false,37.3,3.98,above,-11.8,0.96,1191,1319,-3.15,-4.49,0.65,-11.7,7.15,70,17.66,9.63,83.4,1191,1166,1319,1401,1.19,واگرایی منفی RSI | سرانه خرید ضعیف (0.65) | واگرایی منفی | نقدشوندگی کمتر از ۱۰ میلیارد تومان
بایکا,کارخانجات کابلسازی ‌ایران‌,ماشین آلات و دستگاه‌های برقی,36,اجتناب,100,55,20,20,29210,20260919,3.4,19,19.2,-23.8,9.8,18.4,32.9,78.1,1,0,true,38.3,3.82,above,-0.4,0.97,25893,,-2.35,-3.98,1.98,-1.6,0.78,523,55.85,,,28095,26422,32555,34785,1.2,نقدشوندگی پایین | اشباع خرید | خروج مستمر پول حقیقی | P/E بالا (56) | حد ضرر دور (9.5٪) | نقدشوندگی کمتر از ۱۰ میلیارد تومان | آخرین معامله 20260919 (متوقف یا کم‌معامله)
حآسا,آسیا سیر ارس,حمل ونقل، انبارداری و ارتباطات,36,اجتناب,70,38,15.5,14,4370,20260923,-8,7.4,33.4,-9.7,-5.1,6.2,30,48.1,4,1,false,31.7,3.85,above,-12.9,0.6,4011,5020,-1.06,0.28,0.59,-4.29,5.29,152,28.75,7.68,274.3,4202,3950,5020,5356,1.55,سرانه خرید ضعیف (0.59) | حد ضرر دور (9.6٪) | نقدشوندگی کمتر از ۱۰ میلیارد تومان | صف فروش در ۵ روز اخیر
وطوبی,سرمایه گذاری اقتصاد شهر طوبی,سرمایه گذاریها,36,اجتناب,100,60,6.9,9,5870,20260923,7.5,28.4,57.2,14.1,13.8,29.7,112.7,94.6,0,0,true,55,2.21,above,-1.2,1.04,4570,,-0.43,-7.18,1.04,-0.11,0.91,459,12.79,8.73,46.5,5740,5611,6259,6518,1.5,نقدشوندگی پایین | اشباع خرید | خروج مستمر پول حقیقی | 113٪ بالای MA200 | نقدشوندگی کمتر از ۱۰ میلیارد تومان
وحافظ,بیمه حافظ,بیمه وصندوق بازنشستگی به جزتامین اجتماعی,35.9,اجتناب,19,30,44.7,52,2301,20260923,-2.2,2.3,-3.4,-46.5,-0.3,-1.3,-10.9,48.5,0,0,false,13.5,4.19,inside,-34.4,0.62,2246,2335,0.41,3.95,0.91,-3.51,8.55,199,11.56,,,2246,2198,2335,2446,0.33,بدون روند (ADX پایین) | عرضه حقوقی به حقیقی (-4 میلیارد تومان در ۲۰ روز) | نقدشوندگی کمتر از ۱۰ میلیارد تومان
شتهران,داروسازی تهران شیمی,مواد و محصولات دارویی,35.8,اجتناب,35,70,35,70,6580,20260922,1.5,6.4,-20.9,-64,4.6,-1.2,-24.5,59.1,20,0,true,38.5,0.94,below,-41.6,0.34,5950,6888,0,0,3.8,0.1,0.08,1711,3.85,,,6518,6457,6888,7072,2.5,نقدشوندگی پایین | سهم صفی: 20 روز از ۲۰ روز در صف (ریسک نقدشوندگی و اجرای حد ضرر) | نقدشوندگی کمتر از ۱۰ میلیارد تومان | آخرین معامله 20260922 (متوقف یا کم‌معامله)
زگلدشت,کشت و دام گلدشت نمونه اصفهان,زراعت و خدمات وابسته,35.6,اجتناب,65,20,1.5,47,10060,20260923,-6.5,-3.6,25.8,-17.3,-4.3,1.8,63.8,46.2,0,0,false,27.3,4.15,above,-11.2,0.94,9560,10720,-20.57,-42.07,0.62,-23.79,16.33,1225,8.21,8.07,1.8,9642,9351,10720,10910,0.93,خروج مستمر پول حقیقی | 64٪ بالای MA200 | سرانه خرید ضعیف (0.62) | حد ضرر دور (7.0٪)
خنصیر,مهندسی‌نصیرماشین‌,خودرو و ساخت قطعات,35.6,اجتناب,70,20,0.5,42,4140,20260923,-9.4,-3.7,15,-28.1,-6.9,6,32.5,43.9,1,1,false,43.6,4.1,above,-16,0.45,3778,4200,0,-0.41,0.57,-2.65,6.39,485,8.54,,,3970,3715,4200,4410,0.14,واگرایی منفی RSI | سرانه خرید ضعیف (0.57) | واگرایی منفی | حد ضرر دور (10.3٪) | نقدشوندگی کمتر از ۱۰ میلیارد تومان | صف فروش در ۵ روز اخیر
لابسا,آبسال‌,ماشین آلات و تجهیزات,35.6,اجتناب,80,35,2.5,16,5280,20260923,-4.9,-0.8,29.7,-13.4,0.1,10.4,35.4,53.4,1,0,false,20.7,3.73,above,-7.5,1.09,4920,5500,-0.52,-0.73,0.8,-4.08,3.4,484,10.91,5.15,111.8,5083,4821,5500,5705,0.48,سرانه خرید ضعیف (0.80) | حد ضرر دور (8.7٪) | نقدشوندگی کمتر از ۱۰ میلیارد تومان
وهنر,گروه توسعه هنر ایران,فعالیت های هنری، سرگرمی و خلاقانه,35.6,اجتناب,65,30,30.2,10,4310,20260923,-11,3.9,22.2,-20.9,-4.9,9.6,-31.6,47.9,0,0,false,33.5,4,above,-56.6,1.37,4260,4430,0.97,-15.34,0.91,-2.02,4.99,,,,,4260,4174,4430,4850,0.88,واگرایی منفی RSI | خروج مستمر پول حقیقی | بدون EPS مثبت | واگرایی منفی | نقدشوندگی کمتر از ۱۰ میلیارد تومان
بزاگرس,نیروگاه زاگرس کوثر,عرضه برق، گاز، بخاروآب گرم,35.5,اجتناب,70,28,16.5,19,7640,20260923,-10.3,-1.9,39.6,-3.5,-8.9,10.9,45.6,45.2,1,1,false,42.5,4.33,above,-19,0.33,6123,9430,-2.62,4.82,0.58,-5.77,11.87,466,16.39,10.04,63.3,7309,6979,9430,10091,2.71,عرضه حقوقی به حقیقی (-5 میلیارد تومان در ۲۰ روز) | سرانه خرید ضعیف (0.58) | حد ضرر دور (8.7٪) | صف فروش در ۵ روز اخیر
سغرب,سیمان‌غرب‌,سیمان، آهک و گچ,35.3,اجتناب,56,20,1,57,7910,20260923,-4.6,-5.3,-7.9,-51,-5,0.3,10.3,42.6,0,0,false,22.5,3.83,inside,-21.5,0.56,7490,8318,-3.03,-5.34,0.6,-10.25,9,1220,6.48,7.14,-9.2,7607,7339,8318,8670,0.72,سرانه خرید ضعیف (0.60) | حد ضرر دور (7.2٪) | نقدشوندگی کمتر از ۱۰ میلیارد تومان
درهآور,دارویی ره آورد تامین,مواد و محصولات دارویی,35.3,اجتناب,65,20,0,47,14680,20260923,-5.4,-6.4,28,-15.1,-7.8,2.9,38.5,43.6,1,1,false,32,4.16,above,-17.9,0.62,13180,15160,-16.77,-86.68,0.42,-27.11,22,1808,8.12,8.86,-8.4,14070,13154,15160,16790,0.31,واگرایی منفی RSI | خروج مستمر پول حقیقی | سرانه خرید ضعیف (0.42) | واگرایی منفی | حد ضرر دور (10.4٪) | صف فروش در ۵ روز اخیر
افق,فروشگاههای زنجیره ای افق کوروش,خرده فروشی،باستثنای وسایل نقلیه موتوری,35.1,اجتناب,70,20,0.5,40,68100,20260923,-8.2,-4.4,31.5,-11.5,-5.7,1.2,74.6,44.4,2,0,false,32.9,4,above,-12.2,1.15,64020,69950,-48.93,-124.42,0.49,-60.99,40.58,5195,13.11,12.78,2.6,65375,62658,69950,75440,0.34,واگرایی منفی RSI | خروج مستمر پول حقیقی | 75٪ بالای MA200 | سرانه خرید ضعیف (0.49) | واگرایی منفی | حد ضرر دور (8.0٪) | شناوری کم (12٪)
خاور,ایران خودرو دیزل,خودرو و ساخت قطعات,34.1,اجتناب,70,20,17.5,19,1488,20260923,-7.5,-4.2,8.7,-34.4,-7.3,3.4,23.5,44.2,2,0,false,29.6,4.37,above,-16.2,0.59,1431,1567,-3.24,71.55,0.6,-60.84,73.53,91,16.35,5.87,178.6,1431,1399,1567,1722,0.89,عرضه حقوقی به حقیقی (-72 میلیارد تومان در ۲۰ روز) | سرانه خرید ضعیف (0.60)
بپاس,بیمه پاسارگاد,بیمه وصندوق بازنشستگی به جزتامین اجتماعی,34,اجتناب,80,45,0,4,12770,20260923,1.1,2.9,67.4,24.3,2.3,12.6,79,82.6,0,0,false,30.2,2.01,above,-0.7,0.81,12015,,-44.29,-186.41,0.39,-34.31,14.65,484,26.38,18.13,45.5,12513,12127,13541,14055,1.2,اشباع خرید | خروج مستمر پول حقیقی | 79٪ بالای MA200 | سرانه خرید ضعیف (0.39)
تفیرو,مهندسی فیروزا,ماشین آلات و تجهیزات,34,اجتناب,100,70,0,20,258900,20260922,9.9,40.5,100.1,57,17.5,42,189.8,100,20,0,true,95.4,1.56,above,0,0.77,152333,,0,0,0.8,-0.06,0.12,6541,39.58,,,254869,250839,270992,279053,1.5,نقدشوندگی پایین | اشباع خرید | فاصله زیاد از MA20 | سهم صفی: 20 روز از ۲۰ روز در صف (ریسک نقدشوندگی و اجرای حد ضرر) | رشد عمودی (100٪ در ۶۰ روز، 42٪ بالای MA50) | P/E بالا (40) | 190٪ بالای MA200 | نقدشوندگی کمتر از ۱۰ میلیارد تومان | آخرین معامله 20260922 (متوقف یا کم‌معامله)
خودرو,ایران‌ خودرو,خودرو و ساخت قطعات,33.9,اجتناب,90,20,1.5,10,668,20260923,-9.4,-4,18.7,-24.4,-7.5,5.5,22.2,43.9,1,1,false,29.6,4,above,-15,0.53,655,730,-286.67,-774.41,0.44,-689,637.04,,,,,655,642,730,786,2.35,واگرایی منفی RSI | خروج مستمر پول حقیقی | بدون EPS مثبت | سرانه خرید ضعیف (0.44) | واگرایی منفی | صف فروش در ۵ روز اخیر
ثنوسا,نوسازی‌وساختمان‌تهران‌,انبوه سازی، املاک و مستغلات,33.5,اجتناب,65,20,26,14,8780,20260923,-8,-4.8,27.2,-15.8,-8.3,5,30.4,43.6,3,1,false,36,3.9,above,-18.3,0.65,8580,9040,3.32,-2.49,0.57,-7.08,9.26,62,141.61,6.61,2042.4,8580,8409,9040,9380,0.7,واگرایی منفی RSI | P/E بالا (142) | سرانه خرید ضعیف (0.57) | واگرایی منفی | نقدشوندگی کمتر از ۱۰ میلیارد تومان | صف فروش در ۵ روز اخیر
بتک,کارخانجات کابل سازی‌ تک‌,ماشین آلات و دستگاه‌های برقی,33.4,اجتناب,100,40,21.6,20,236500,20260922,3.4,10.1,30.8,-12.2,5.9,17.9,26,76.3,4,0,false,42.8,2.29,above,0,0.94,225500,,0,0.15,1.06,-0.45,0.34,260,909.62,,,231090,222975,252730,263550,1.2,نقدشوندگی پایین | P/E بالا (910) | عرضه حقوقی به حقیقی (0 میلیارد تومان در ۲۰ روز) | نقدشوندگی کمتر از ۱۰ میلیارد تومان | آخرین معامله 20260922 (متوقف یا کم‌معامله)
وسکاب,س.ص.بازنشستگی کارکنان بانکها,سرمایه گذاریها,33.2,اجتناب,41,30,2.5,57,3150,20260923,-5.4,-15.5,18,-25.1,-6.7,-3.9,45.4,41,1,0,false,22.5,4.06,inside,-19.6,0.74,2967,3250,-10.51,-38.9,0.37,-20.13,18.17,437,7.21,7.13,1.1,3022,2903,3250,3500,0.4,خروج مستمر پول حقیقی | 173٪ بالای کف ۵۲ هفته | سرانه خرید ضعیف (0.37) | حد ضرر دور (7.8٪)
میهن,بیمه میهن,بیمه وصندوق بازنشستگی به جزتامین اجتماعی,33,اجتناب,60,30,26,10,2363,20260923,-10.9,4.9,1.5,-41.5,-8.6,3.9,2.9,41.8,8,1,false,32.5,4.3,above,-22.3,0.55,2331,2401,-3.31,44.54,0.35,-28.42,22.01,,,18.13,,2331,2280,2401,2442,0.45,بدون EPS مثبت | سهم صفی: 8 روز از ۲۰ روز در صف (ریسک نقدشوندگی و اجرای حد ضرر) | عرضه حقوقی به حقیقی (-45 میلیارد تومان در ۲۰ روز) | سرانه خرید ضعیف (0.35) | صف فروش در ۵ روز اخیر
بپردیس,بیمه پردیس,بیمه وصندوق بازنشستگی به جزتامین اجتماعی,33,اجتناب,100,65,0,20,2843,20260922,-1.8,11.7,108.5,65.4,1.1,29.2,79.6,62.6,6,0,false,43.3,3.41,above,-8.3,0.66,2381,3101,-1.55,-3.47,0.69,-0.47,0.8,129,22.04,,,2746,2649,3101,3295,1.33,نقدشوندگی پایین | واگرایی منفی RSI | خروج مستمر پول حقیقی | سهم صفی: 6 روز از ۲۰ روز در صف (ریسک نقدشوندگی و اجرای حد ضرر) | رشد عمودی (108٪ در ۶۰ روز، 29٪ بالای MA50) | 80٪ بالای MA200 | سرانه خرید ضعیف (0.69) | واگرایی منفی | نقدشوندگی کمتر از ۱۰ میلیارد تومان | آخرین معامله 20260922 (متوقف یا کم‌معامله)
تپمپی,پمپ‌ سازی‌ ایران‌,ماشین آلات و تجهیزات,32.6,اجتناب,90,45,0.5,26,7100,20260923,-8.3,8.4,30.8,-12.3,-0.1,14.4,64.2,55.5,0,0,false,49.7,3.72,above,-10.1,1.72,6545,7900,-4.56,-12.94,0.47,-5.69,2.95,787,9.02,5.15,75.2,6836,6440,7900,8428,1.21,نقدشوندگی پایین | واگرایی منفی RSI | خروج مستمر پول حقیقی | 64٪ بالای MA200 | سرانه خرید ضعیف (0.47) | واگرایی منفی | حد ضرر دور (9.3٪) | نقدشوندگی کمتر از ۱۰ میلیارد تومان
حپترو,حمل و نقل پتروشیمی( سهامی عام,حمل ونقل، انبارداری و ارتباطات,32.6,اجتناب,70,30,48.3,14,17180,20260923,-4.6,3.9,20,-23,-4.4,10.7,19.5,49.4,0,0,false,36,4.05,above,-13,0.53,16675,18020,0.05,-7.05,1.09,0.2,2.4,623,27.58,19.33,42.7,16675,16327,18020,19740,0.98,نقدشوندگی پایین | واگرایی منفی RSI | خروج مستمر پول حقیقی | واگرایی منفی | نقدشوندگی کمتر از ۱۰ میلیارد تومان
وتوس,توسعه‌شهری‌توس‌گستر,انبوه سازی، املاک و مستغلات,32.3,اجتناب,46,30,30.8,19,7570,20260923,-8,1.2,4.1,-38.9,-6.1,-0.8,20.4,41.4,2,0,false,28.6,4.38,inside,-12.1,0.59,7320,7800,-0.13,5.6,0.97,-0.41,4.25,381,19.87,6.61,200.6,7320,7154,7800,7955,0.55,واگرایی منفی RSI | عرضه حقوقی به حقیقی (-6 میلیارد تومان در ۲۰ روز) | واگرایی منفی | نقدشوندگی کمتر از ۱۰ میلیارد تومان
بکهنوج,تولید برق ماهتاب کهنوج,عرضه برق، گاز، بخاروآب گرم,31.9,اجتناب,70,40,1.5,10,1212,20260923,-13.4,-1.6,48,4.9,-6.5,6.7,,45.1,2,2,false,43.1,4.1,above,-15.4,0.62,1140,1293,-3.2,-11.58,0.63,-3.55,3.89,,,,,1162,1115,1293,1432,0.83,خروج مستمر پول حقیقی | بدون EPS مثبت | سرانه خرید ضعیف (0.63) | حد ضرر دور (8.0٪) | نقدشوندگی کمتر از ۱۰ میلیارد تومان | صف فروش در ۵ روز اخیر
کایتا,ایتالران‌,سایر محصولات کانی غیرفلزی,31.8,اجتناب,75,45,31.3,10,16160,20260923,-0.4,5.6,13,-30.1,0.7,8.6,-12.6,55.1,0,0,false,35.4,3.97,above,-54.5,0.41,15800,16450,0,1.24,1.03,-0.04,1.05,,,,,15800,15479,16450,16815,0.43,نقدشوندگی پایین | بدون EPS مثبت | عرضه حقوقی به حقیقی (-1 میلیارد تومان در ۲۰ روز) | نقدشوندگی کمتر از ۱۰ میلیارد تومان
زماهان,مجتمع تولید گوشت مرغ ماهان,زراعت و خدمات وابسته,31.6,اجتناب,70,20,16.5,10,12440,20260923,-11.6,-4.3,1.6,-41.5,-6.3,5.9,17.1,45.2,4,1,false,34.5,4.06,above,-14.4,0.55,11820,12760,-8.18,2.17,0.38,-18.09,14.57,,,8.07,,11935,11567,12760,13385,0.37,واگرایی منفی RSI | بدون EPS مثبت | عرضه حقوقی به حقیقی (-3 میلیارد تومان در ۲۰ روز) | سرانه خرید ضعیف (0.38) | واگرایی منفی | حد ضرر دور (7.0٪) | صف فروش در ۵ روز اخیر
ثزاگرس,سرمایه گذاری توسعه عمران زاگرس,انبوه سازی، املاک و مستغلات,31.4,اجتناب,5,55,35.5,40,110600,20260923,-4.3,2.1,-31.8,-74.9,-0.4,-7.7,-26,46.3,3,1,true,24.8,4.05,below,-49.3,0.42,103300,111885,0,0.1,1.75,-1.67,7.23,123,899.19,,,106124,101062,111885,118650,0.13,P/E بالا (899) | عرضه حقوقی به حقیقی (0 میلیارد تومان در ۲۰ روز) | حد ضرر دور (8.6٪) | نقدشوندگی کمتر از ۱۰ میلیارد تومان | صف فروش در ۵ روز اخیر
دشیمی,شیمی‌ داروئی‌ داروپخش‌,مواد و محصولات دارویی,31.1,اجتناب,65,40,0.5,14,42110,20260923,-8.4,-8.3,96.5,53.4,-11.1,8.6,90.2,43.5,2,1,false,52.1,3.87,above,-20,0.93,23770,46380,-9.73,-82.53,0.36,-27.73,15.83,2096,20.09,12.91,55.6,40480,38849,46380,51120,1.31,واگرایی منفی RSI | خروج مستمر پول حقیقی | 90٪ بالای MA200 | سرانه خرید ضعیف (0.36) | واگرایی منفی | حد ضرر دور (7.7٪) | صف فروش در ۵ روز اخیر
غگرجی,بیسکویت‌  گرجی‌,محصولات غذایی و آشامیدنی به جز قند و شکر,31,اجتناب,50,28,27.5,14,3610,20260923,-12.6,-20,54.5,11.5,-12.9,-3.2,70.3,34.8,0,0,false,40.1,4.27,above,-23.4,0.68,2782,4080,0.52,-1.68,0.65,-4.23,5.11,45,80.22,8.53,840.5,3456,3302,4080,4710,1.52,P/E بالا (80) | 70٪ بالای MA200 | سرانه خرید ضعیف (0.65) | حد ضرر دور (8.5٪) | نقدشوندگی کمتر از ۱۰ میلیارد تومان
اخشان,اخشان خراسان,زراعت و خدمات وابسته,30.5,اجتناب,70,20,36,26,16600,20260923,-9.8,-8.9,25.9,-17.2,-4.8,2.7,44.6,46.4,2,0,false,21,3.83,above,-12.3,0.61,16091,18914,-3.42,-11.19,2.55,0.31,2.49,1452,11.43,8.07,41.7,16091,15772,18914,20187,2.8,نقدشوندگی پایین | خروج مستمر پول حقیقی | 170٪ بالای کف ۵۲ هفته | نقدشوندگی کمتر از ۱۰ میلیارد تومان
ناما,تولیدی مخازن گازطبیعی آسیاناما,خودرو و ساخت قطعات,30.1,اجتناب,50,20,0.5,44,4000,20260923,-9.1,-12.5,8,-35,-7.6,-3.5,16,41.2,3,0,false,18.8,4.5,above,-16.5,0.56,3781,4105,-6.12,-18.37,0.31,-15.99,9.77,583,6.86,5.87,16.9,3820,3691,4105,4520,0.34,خروج مستمر پول حقیقی | سرانه خرید ضعیف (0.31) | حد ضرر دور (7.7٪) | نقدشوندگی کمتر از ۱۰ میلیارد تومان
کساپا,سایپاشیشه‌,سایر محصولات کانی غیرفلزی,30,اجتناب,65,20,16,10,3400,20260923,-12.4,-6.3,3.2,-39.9,-7.4,1.3,17.5,41.2,1,1,false,29.3,3.85,above,-14.8,0.54,3300,3490,0,0.51,0.47,-7.12,5.56,,,12.75,,3300,3234,3490,3790,0.54,واگرایی منفی RSI | بدون EPS مثبت | عرضه حقوقی به حقیقی (-1 میلیارد تومان در ۲۰ روز) | سرانه خرید ضعیف (0.47) | واگرایی منفی | نقدشوندگی کمتر از ۱۰ میلیارد تومان | صف فروش در ۵ روز اخیر
وایران,لیزینگ ایرانیان,سایر واسطه گریهای مالی,29.9,اجتناب,40,8,41,24,4860,20260923,-6.9,-8.5,-1.3,-44.3,-11,2.2,-28.9,39.3,0,0,false,36.9,4.24,above,-61.5,0.66,4740,5099,0.29,0.59,0.57,-10.36,9.33,200,24.3,9.94,144.5,4740,4637,5099,5957,1.07,عرضه حقوقی به حقیقی (0 میلیارد تومان در ۲۰ روز) | سرانه خرید ضعیف (0.57) | نقدشوندگی کمتر از ۱۰ میلیارد تومان
خنور,نورایستا پلاستیک,خودرو و ساخت قطعات,29.6,اجتناب,65,16,1.5,26,8030,20260923,-13.6,-9.6,40.5,-2.6,-13.6,1.8,14.1,38,3,2,false,38.2,4.16,above,-23.2,0.66,7900,8306,-16.2,-17.89,0.46,-13.22,16.85,745,10.78,5.87,83.6,7900,7733,8306,8720,0.93,خروج مستمر پول حقیقی | سرانه خرید ضعیف (0.46) | صف فروش در ۵ روز اخیر
انرژی,بورس انرژی ایران,فعالیتهای کمکی به نهادهای مالی واسط,29.2,اجتناب,65,28,2.5,14,22130,20260923,-8.5,-10,36.4,-6.7,-9.1,3.6,55.8,42.4,1,0,false,35.8,4.41,above,-15.1,0.56,20135,23535,-24.28,-187.59,0.62,-83.32,118.41,522,42.39,5.92,616.1,21153,19688,23535,25950,0.58,خروج مستمر پول حقیقی | P/E بالا (42) | 56٪ بالای MA200 | سرانه خرید ضعیف (0.62) | حد ضرر دور (11.0٪)
ثتوسا,س.توسعه و عمران استان اردبیل,انبوه سازی، املاک و مستغلات,29,اجتناب,45,45,16,10,15840,20260923,-6.6,12.7,11.9,-31.2,-3.2,11.9,-46.7,51.5,6,1,false,31.3,3.75,above,-75.5,0.65,14880,18100,-1.1,4.26,0.79,-4.85,7.52,,,,,15245,14583,18100,21850,1.8,بدون EPS مثبت | سهم صفی: 6 روز از ۲۰ روز در صف (ریسک نقدشوندگی و اجرای حد ضرر) | عرضه حقوقی به حقیقی (-5 میلیارد تومان در ۲۰ روز) | سرانه خرید ضعیف (0.79) | حد ضرر دور (7.9٪) | نقدشوندگی کمتر از ۱۰ میلیارد تومان | صف فروش در ۵ روز اخیر
کترام,تولیدی‌ کاشی‌ تکسرام‌,کاشی و سرامیک,28.9,اجتناب,70,20,1.5,14,3350,20260923,-8,-0.3,28.5,-14.6,-6,5.8,42,45.8,0,0,false,37.9,4.53,above,-13.9,0.8,3200,3650,-0.41,-0.09,0.73,-6.23,6.02,18,186.11,7.65,2332.8,3200,3125,3650,3890,1.33,واگرایی منفی RSI | P/E بالا (186) | سرانه خرید ضعیف (0.73) | واگرایی منفی | نقدشوندگی کمتر از ۱۰ میلیارد تومان
قثابت,قند ثابت‌ خراسان‌,قند و شکر,28.7,اجتناب,41,8,45.2,14,3660,20260923,-11.6,-8.7,11.2,-31.8,-8.1,-5.1,46,37.6,1,0,false,31.9,4.35,inside,-18.1,0.77,3465,3990,1.25,7.66,0.93,-5.73,11.18,150,24.4,9.8,149,3501,3385,3990,4100,1.2,واگرایی منفی RSI | عرضه حقوقی به حقیقی (-7 میلیارد تومان در ۲۰ روز) | 166٪ بالای کف ۵۲ هفته | واگرایی منفی | حد ضرر دور (7.5٪)
وارس,سرمایه گذاری ارس صبا,سرمایه گذاریها,28.7,اجتناب,31,8,1,70,14450,20260923,-12,-11.6,18.3,-24.7,-7.3,-10,38.6,36.1,2,1,false,25.1,4.38,inside,-25.5,0.84,13310,15040,-15.78,-20.52,0.49,-15.9,9.7,3770,3.83,,,13817,12994,15040,17150,0.41,خروج مستمر پول حقیقی | 183٪ بالای کف ۵۲ هفته | سرانه خرید ضعیف (0.49) | حد ضرر دور (10.1٪) | نقدشوندگی کمتر از ۱۰ میلیارد تومان | صف فروش در ۵ روز اخیر
سنیر,سیمان‌ سفید نی‌ریز,سیمان، آهک و گچ,28.4,اجتناب,41,8,1,57,6550,20260923,-7.9,-8.6,-1.8,-44.9,-6.3,-2.4,48.4,40,0,0,false,19.6,4.35,inside,-15.8,0.58,5480,7380,-6.65,-16.92,0.45,-15.99,10.93,963,6.8,7.14,-4.7,6265,5981,7380,7550,1.46,واگرایی منفی RSI | خروج مستمر پول حقیقی | 203٪ بالای کف ۵۲ هفته | سرانه خرید ضعیف (0.45) | واگرایی منفی | حد ضرر دور (8.7٪)
افرا,افرانت,رایانه و فعالیت‌های وابسته به آن,27.8,اجتناب,25,12,42.5,29,8570,20260923,-12.6,-30.4,-33.3,-76.3,-15.8,-22.2,24.1,24.6,6,0,false,30.7,4.46,below,-38.4,0.46,6348,10020,0.8,3.69,0.52,-44.11,46.96,605,14.17,8.89,59.3,8188,7805,10020,10240,1.9,سهم صفی: 6 روز از ۲۰ روز در صف (ریسک نقدشوندگی و اجرای حد ضرر) | عرضه حقوقی به حقیقی (-4 میلیارد تومان در ۲۰ روز) | 181٪ بالای کف ۵۲ هفته | سرانه خرید ضعیف (0.52) | حد ضرر دور (8.9٪)
پارتا,مجتمع صنعتی آرتاویل تایر,لاستیک و پلاستیک,27.4,اجتناب,100,50,0.5,9,19610,20260922,-1.3,26.9,67,23.9,6.4,34.4,93,76.3,0,0,false,53.9,2.94,above,-4,0.67,17810,20430,-6.31,-7.8,0.5,-4.09,2.04,985,19.91,9.84,102.3,19033,18457,20430,21583,0.71,نقدشوندگی پایین | واگرایی منفی RSI | خروج مستمر پول حقیقی | رشد عمودی (67٪ در ۶۰ روز، 34٪ بالای MA50) | 93٪ بالای MA200 | سرانه خرید ضعیف (0.50) | واگرایی منفی | نقدشوندگی کمتر از ۱۰ میلیارد تومان | آخرین معامله 20260922 (متوقف یا کم‌معامله)
رانفور,خدمات‌انفورماتیک‌,رایانه و فعالیت‌های وابسته به آن,27.1,اجتناب,36,30,27,14,5060,20260923,-4.5,1.2,7.4,-35.7,-4.9,-6.1,30.8,42.1,2,0,false,17.4,4.16,inside,-15,0.42,4890,5275,-1.03,71.45,0.78,-5.76,11.85,154,32.86,18.19,80.6,4890,4785,5275,5475,0.78,P/E بالا (33) | عرضه حقوقی به حقیقی (-71 میلیارد تومان در ۲۰ روز) | سرانه خرید ضعیف (0.78) | شناوری کم (14٪)
غگل,گلوکوزان‌,محصولات غذایی و آشامیدنی به جز قند و شکر,26.3,اجتناب,41,8,2.5,47,6290,20260923,-12.8,-12.4,-9.7,-52.8,-8,-4.9,29.6,37.4,2,1,false,18.4,3.87,inside,-15.9,0.46,5791,6405,-3,-1.93,0.37,-15.74,16.13,706,8.91,8.53,4.4,6046,5681,6405,6520,0.19,واگرایی منفی RSI | سرانه خرید ضعیف (0.37) | واگرایی منفی | حد ضرر دور (9.7٪) | صف فروش در ۵ روز اخیر
سدشت,صنایع سیمان دشتستان,سیمان، آهک و گچ,26.1,اجتناب,70,30,17.5,19,41090,20260923,-13.4,8.1,0.5,-42.6,-5.5,6.9,32.7,45.6,2,1,false,29.4,4.11,above,-17.2,0.68,40040,46300,-1.41,0.14,0.32,-3.57,2.12,2835,14.49,7.14,103,40040,39196,46300,49630,2.75,نقدشوندگی پایین | عرضه حقوقی به حقیقی (0 میلیارد تومان در ۲۰ روز) | سرانه خرید ضعیف (0.32) | نقدشوندگی کمتر از ۱۰ میلیارد تومان | شناوری کم (13٪) | صف فروش در ۵ روز اخیر
چفیبر,تولید فیبر ایران‌,محصولات چوبی,25.6,اجتناب,50,8,1,35,6480,20260923,-13.5,-16.5,1.2,-41.8,-15.3,-4.4,25.3,32.4,7,4,false,37.6,4.38,above,-24.1,0.3,5990,7560,-3.02,-1.37,0.25,-7.4,8.15,224,28.93,28.93,0,6196,5848,7560,8540,1.71,سهم صفی: 7 روز از ۲۰ روز در صف (ریسک نقدشوندگی و اجرای حد ضرر) | سرانه خرید ضعیف (0.25) | حد ضرر دور (9.8٪) | نقدشوندگی کمتر از ۱۰ میلیارد تومان | صف فروش در ۵ روز اخیر
غگز,صنایع غذایی سکه,محصولات غذایی و آشامیدنی به جز قند و شکر,25.4,اجتناب,15,22,42,24,3110,20260923,-12.1,3.3,-43.5,-86.5,-9.6,-20.8,-4.5,29.8,3,1,false,27.1,4.41,below,-49.8,0.42,3027,3371,1.27,2.57,0.25,-47.93,36.75,81,38.4,7.05,444.6,3027,2959,3371,3920,1.72,P/E بالا (38) | سرانه خرید ضعیف (0.25) | صف فروش در ۵ روز اخیر
تکنو,تکنوتار,ماشین آلات و تجهیزات,25,اجتناب,25,37,16.5,24,4020,20260923,-11.5,-17.8,-26.5,-69.6,-10.6,-33.6,18.8,22.7,2,1,true,57.7,4.64,below,-56.3,0.4,2511,4300,-3.39,4.1,0.33,-37.64,38.47,154,26.1,5.15,406.9,3833,3647,4300,4382,0.75,عرضه حقوقی به حقیقی (-4 میلیارد تومان در ۲۰ روز) | 244٪ بالای کف ۵۲ هفته | سرانه خرید ضعیف (0.33) | حد ضرر دور (9.3٪) | صف فروش در ۵ روز اخیر
سپ,پرداخت الکترونیک سامان کیش,رایانه و فعالیت‌های وابسته به آن,24.6,اجتناب,90,45,2.6,12,13620,20260922,-5.9,2.2,28.5,-14.6,-2.6,12.4,13.8,53.8,1,0,false,46.4,4.02,above,-7.7,0.44,13291,14015,-0.65,-1.41,0.88,-0.84,0.85,662,20.57,18.19,13.1,13291,13017,14015,14348,0.66,نقدشوندگی پایین | واگرایی منفی RSI | خروج مستمر پول حقیقی | واگرایی منفی | نقدشوندگی کمتر از ۱۰ میلیارد تومان | شناوری کم (10٪) | آخرین معامله 20260922 (متوقف یا کم‌معامله)
قهکمت,قندهکمتان‌,قند و شکر,23.5,اجتناب,70,28,0.5,47,9820,20260922,-8.4,-2.1,36.2,-6.9,-6.5,7.4,61.1,46,0,0,false,33.1,4.24,above,-14.5,0.88,9650,11480,-6.37,-18.28,0.74,-6.33,2.55,1018,9.65,9.8,-1.6,9650,9442,11480,12313,4.39,نقدشوندگی پایین | واگرایی منفی RSI | خروج مستمر پول حقیقی | 61٪ بالای MA200 | سرانه خرید ضعیف (0.74) | واگرایی منفی | نقدشوندگی کمتر از ۱۰ میلیارد تومان | آخرین معامله 20260922 (متوقف یا کم‌معامله)
قتربت,قند تربت حیدریه,قند و شکر,23.3,اجتناب,20,12,15.5,44,8250,20260923,-13.2,-21.1,-1.9,-45,-17.3,-16.6,,24.9,0,0,false,31.7,4.68,below,-29.3,0.48,7560,8890,-4.82,0.91,0.32,-12.23,9.01,775,10.65,9.57,11.2,7864,7367,8890,9645,0.72,عرضه حقوقی به حقیقی (-1 میلیارد تومان در ۲۰ روز) | 165٪ بالای کف ۵۲ هفته | سرانه خرید ضعیف (0.32) | حد ضرر دور (10.7٪) | نقدشوندگی کمتر از ۱۰ میلیارد تومان
میدکو,توسعه معادن وص.معدنی خاورمیانه,فلزات اساسی,22.5,اجتناب,35,8,27.5,14,6290,20260923,-10.8,-12.2,-4,-47,-8,-3.2,14.9,39.4,4,1,false,14.8,3.85,below,-17.1,0.51,6065,6450,-24.25,342.69,0.29,-221.99,171.72,93,67.63,13.48,401.7,6065,5944,6450,6610,0.46,واگرایی منفی RSI | بدون روند (ADX پایین) | P/E بالا (68) | عرضه حقوقی به حقیقی (-360 میلیارد تومان در ۲۰ روز) | سرانه خرید ضعیف (0.29) | واگرایی منفی | شناوری کم (9٪) | صف فروش در ۵ روز اخیر
تکشا,گسترش‌صنایع‌وخدمات‌کشاورزی‌,ماشین آلات و تجهیزات,22,اجتناب,35,8,15.5,24,9010,20260923,-10.3,-4.3,-28.5,-71.6,-9,-4.6,6.3,35.3,3,1,false,22.4,4.48,below,-39.3,0.63,8820,9390,-0.37,4.3,0.43,-21.2,11.29,310,29.06,5.15,464.4,8820,8618,9390,9565,0.97,عرضه حقوقی به حقیقی (-4 میلیارد تومان در ۲۰ روز) | سرانه خرید ضعیف (0.43) | صف فروش در ۵ روز اخیر
پاریز,پاریز شرق,انبوه سازی، املاک و مستغلات,21.4,اجتناب,20,12,28,24,35850,20260923,-14.1,-28,17.4,-25.7,-19.5,-18.9,,23.8,7,4,false,34.7,4.4,,-31,0.46,35463,38383,0.78,-42.29,0.53,-3.55,19.45,823,43.56,23.59,84.7,35463,34673,38383,41413,2.15,خروج مستمر پول حقیقی | سهم صفی: 7 روز از ۲۰ روز در صف (ریسک نقدشوندگی و اجرای حد ضرر) | P/E بالا (44) | سرانه خرید ضعیف (0.53) | صف فروش در ۵ روز اخیر
وثخوز,سرمایه گذاری و توسعه خوزستان,انبوه سازی، املاک و مستغلات,20.8,اجتناب,10,8,54.8,10,4940,20260923,-8.5,-11.2,-15.6,-58.6,-6.7,-4.7,-7.7,39.3,2,1,false,15.6,4.6,below,-40.1,0.76,4706,5065,2.18,3.19,0.89,-1.25,3.02,,,,,4713,4593,5065,5194,0.36,واگرایی منفی RSI | بدون EPS مثبت | واگرایی منفی | حد ضرر دور (7.0٪) | نقدشوندگی کمتر از ۱۰ میلیارد تومان | صف فروش در ۵ روز اخیر
وسالت,بانک قرض الحسنه رسالت,بانکها و موسسات اعتباری,19.4,اجتناب,36,30,0.5,10,3820,20260923,-8.2,7,-4.3,-47.3,-4,3.9,-7.2,43.8,6,1,false,39.1,2.48,inside,-46.7,0.61,3751,3902,-6.36,-0.85,0.39,-7.73,4.34,,,,,3751,3704,3902,3980,0.71,بدون EPS مثبت | سهم صفی: 6 روز از ۲۰ روز در صف (ریسک نقدشوندگی و اجرای حد ضرر) | سرانه خرید ضعیف (0.39) | نقدشوندگی کمتر از ۱۰ میلیارد تومان | صف فروش در ۵ روز اخیر
سلار,شرکت سیمان لارستان,سیمان، آهک و گچ,18.6,اجتناب,65,8,0,30,2860,20260923,-8,-10.6,25.2,-17.9,-11.7,0.1,29.5,38.2,6,1,false,33.6,3.93,above,-19.7,1.05,2749,3010,0,-0.12,0.55,-3.95,2.25,114,25.09,,,2749,2693,3010,3250,0.9,نقدشوندگی پایین | واگرایی منفی RSI | سهم صفی: 6 روز از ۲۰ روز در صف (ریسک نقدشوندگی و اجرای حد ضرر) | سرانه خرید ضعیف (0.55) | واگرایی منفی | نقدشوندگی کمتر از ۱۰ میلیارد تومان | صف فروش در ۵ روز اخیر
ثامان,سامان‌ گستراصفهان‌,انبوه سازی، املاک و مستغلات,18.5,اجتناب,16,32,0,29,28930,20260923,-14.1,-22.5,54.9,11.8,-20.8,-15.1,-30,25.5,7,4,false,42.8,4.42,inside,-62.4,0.15,20550,36485,-1.98,-11.49,0.18,-14.38,30.09,1764,16.4,6.61,148.1,27652,26374,36485,38474,2.96,واگرایی منفی RSI | سهم صفی: 7 روز از ۲۰ روز در صف (ریسک نقدشوندگی و اجرای حد ضرر) | سرانه خرید ضعیف (0.18) | واگرایی منفی | حد ضرر دور (8.8٪) | صف فروش در ۵ روز اخیر
تاپکیش,تجارت الکترونیک پارسیان کیش,رایانه و فعالیت‌های وابسته به آن,18,اجتناب,25,18,13.6,14,2488,20260923,0.5,-11.4,19,-24.1,-5.2,-9.7,45.2,39.3,1,0,false,19.8,4.1,below,-24.9,1.27,2413,2689,-5.54,-8.67,0.91,-9.67,9.61,96,25.92,8.89,191.5,2413,2362,2689,2856,1.59,198٪ بالای کف ۵۲ هفته | نقدشوندگی کمتر از ۱۰ میلیارد تومان
آپ,آسان پرداخت پرشین,رایانه و فعالیت‌های وابسته به آن,17.6,اجتناب,20,8,26,14,10610,20260923,-8.5,-12.8,8.9,-34.1,-8.9,-5.7,-0.7,36.4,1,0,false,18.1,4.34,below,-18.4,0.41,10304,10914,-2.14,23.52,0.68,-5.06,7.46,86,123.37,18.19,578.2,10304,10074,10914,11408,0.57,P/E بالا (123) | عرضه حقوقی به حقیقی (-23 میلیارد تومان در ۲۰ روز) | سرانه خرید ضعیف (0.68) | نقدشوندگی کمتر از ۱۰ میلیارد تومان
دانا,بیمه دانا,بیمه وصندوق بازنشستگی به جزتامین اجتماعی,17.6,اجتناب,45,8,0,10,2209,20260923,-9.2,-4.1,-3.5,-46.5,-8.3,0.7,-6.7,39,2,1,false,29,4.24,above,-31.1,0.74,2148,2238,-4.34,-19.06,0.54,-7.73,4.48,,,4.59,,2148,2101,2238,2328,0.27,واگرایی منفی RSI | خروج مستمر پول حقیقی | بدون EPS مثبت | سرانه خرید ضعیف (0.54) | واگرایی منفی | نقدشوندگی کمتر از ۱۰ میلیارد تومان | صف فروش در ۵ روز اخیر
ثنظام,س. ساختمانی نظام مهندسی ایران,انبوه سازی، املاک و مستغلات,16.2,اجتناب,25,12,55.3,10,67960,20260923,-7.1,-7.6,6.3,-36.8,-10,-12.2,17.5,29.1,1,1,false,32.8,4.37,below,-18.6,0.33,66150,70380,0.05,1.29,0.91,-0.06,1.28,,,,,66150,64664,70380,78250,0.73,نقدشوندگی پایین | بدون EPS مثبت | عرضه حقوقی به حقیقی (-1 میلیارد تومان در ۲۰ روز) | نقدشوندگی کمتر از ۱۰ میلیارد تومان | صف فروش در ۵ روز اخیر
پلاست,کارخانجات تولیدی پلاستیران,لاستیک و پلاستیک,16.2,اجتناب,25,12,1,24,1870,20260923,-12.4,-14.3,-38.3,-81.4,-12.2,-25.8,12.3,23.9,1,0,false,40.2,4.41,below,-49.2,0.28,1634,2012,-0.02,-7.21,0.35,-39.56,50.11,93,20.11,9.84,104.3,1788,1664,2012,2150,0.69,سرانه خرید ضعیف (0.35) | حد ضرر دور (11.0٪)
نبروج,نساجی بروجرد,منسوجات,15,اجتناب,55,55,0,10,19520,20260914,4.1,-3.1,-11.9,-54.9,2.3,-8.8,11.8,45.3,12,0,true,48.7,1.25,below,-24.3,0.56,18380,22188,0,0,,0,0.37,,,,,19276,19033,22188,22725,5.48,نقدشوندگی پایین | بدون EPS مثبت | سهم صفی: 12 روز از ۲۰ روز در صف (ریسک نقدشوندگی و اجرای حد ضرر) | 1041٪ بالای کف ۵۲ هفته | نقدشوندگی کمتر از ۱۰ میلیارد تومان | آخرین معامله 20260914 (متوقف یا کم‌معامله)
خلیبل,مالیبل سایپا,خودرو و ساخت قطعات,13.8,اجتناب,50,8,18.8,10,1651,20260923,-7.7,-10.9,-2.2,-45.3,-10.9,-5.4,3.9,36.9,0,0,false,27.8,4.43,above,-18.7,0.44,1580,1681,0,0.04,0.95,-0.47,0.66,,,,,1580,1543,1681,1710,0.28,نقدشوندگی پایین | بدون EPS مثبت | عرضه حقوقی به حقیقی (0 میلیارد تومان در ۲۰ روز) | نقدشوندگی کمتر از ۱۰ میلیارد تومان
تاتمس,کارخانجات صنعتی وتولیدی اتمسفر,ماشین آلات و تجهیزات,11.5,اجتناب,41,8,0.5,30,12830,20260923,-13.7,-8.1,-9.9,-53,-8.1,-1.4,16.9,39.7,3,3,false,30.2,3.65,inside,-15.4,0.88,12500,13040,0,-5.58,0.46,-0.33,0.54,248,51.73,,,12500,12266,13040,13320,0.37,نقدشوندگی پایین | واگرایی منفی RSI | خروج مستمر پول حقیقی | P/E بالا (52) | سرانه خرید ضعیف (0.46) | واگرایی منفی | نقدشوندگی کمتر از ۱۰ میلیارد تومان | صف فروش در ۵ روز اخیر
کشرق,صنعتی و معدنی شمال شرق شاهرود,استخراج زغال سنگ,10,اجتناب,41,26,0,10,123300,20260923,-7.4,-21.3,33.6,-9.5,-10.2,-8.9,26.4,33.7,1,0,false,26.2,4.6,inside,-25.8,0.57,114550,126300,-0.1,-0.41,0.7,-1.34,1.67,,,15.48,,117622,111711,126300,133200,0.26,نقدشوندگی پایین | بدون EPS مثبت | سرانه خرید ضعیف (0.70) | حد ضرر دور (9.4٪) | نقدشوندگی کمتر از ۱۰ میلیارد تومان
ساذری,آذریت‌,سایر محصولات کانی غیرفلزی,-2.1,اجتناب,10,12,0,10,23850,20260923,-13,-12.3,-39.5,-82.6,-13.3,-24.9,-20.5,21.1,0,0,false,41.2,4.59,below,-41.6,0.69,23250,24300,0,-0.12,0.66,-0.72,0.78,,,,,23250,22703,24300,25675,0.39,نقدشوندگی پایین | بدون EPS مثبت | سرانه خرید ضعیف (0.66) | نقدشوندگی کمتر از ۱۰ میلیارد تومان
