symbol,name,sector,score,signal,trend,momentum,money,value,close,lastDate,ret5,ret20,ret60,rs60,vsSma20,vsSma50,vsSma200,rsi,lockedDays20,sellQueueDays5,macdAboveSignal,adx,atrPct,cloud,fromHigh52,volRatio,support1,resistance1,netReal5B,netReal20B,power5,smt5B,liquidityB,eps,pe,sectorPE,peVsSector,entryLow,stop,target1,target2,rr,flags
وبوعلی,سرمایه‌گذاری‌بوعلی‌,سرمایه گذاریها,91.4,قوی ولی پرریسک؛ فعلاً ورود نه,100,85,97.5,80,3850,20260929,7.2,23.4,75.6,25.5,10.2,29.9,81.7,75,2,0,true,59.8,3.47,above,-3.5,1.75,3740,,26.8,18.03,2.15,22.42,6.4,1066,3.61,7.13,-49.3,3740,3673,4251,4518,2.27,82٪ بالای MA200 | نقدشوندگی کمتر از ۱۰ میلیارد تومان
ولساپا,لیزینگ رایان‌ سایپا,سایر واسطه گریهای مالی,88.9,پرریسک؛ صفی/رشد عمودی,100,70,99.5,80,1599,20260929,15.7,54.8,91.1,41,26.3,53.6,108.1,91.3,11,0,true,62.6,2.54,above,0,1.34,1076,,32.69,88.98,6.36,72.12,21.57,335,4.77,9.94,-52,1558,1518,1721,1802,1.5,اشباع خرید | فاصله زیاد از MA20 | سهم صفی: 11 روز از ۲۰ روز در صف (ریسک نقدشوندگی و اجرای حد ضرر) | رشد عمودی (91٪ در ۶۰ روز، 54٪ بالای MA50) | 108٪ بالای MA200
ولبهمن,شرکت بهمن لیزینگ,سایر واسطه گریهای مالی,87.4,قوی ولی پرریسک؛ فعلاً ورود نه,95,75,97.5,78,3176,20260929,9.9,9.8,54.9,4.8,1.4,20.6,56,61.6,4,0,false,38.4,3.18,above,-11,1.98,2810,3570,66.98,41.48,12.79,28.82,14.93,776,4.09,5.8,-29.4,3075,2974,3570,3772,1.95,56٪ بالای MA200
معین,بیمه ایران - معین,بیمه وصندوق بازنشستگی به جزتامین اجتماعی,87,پرریسک؛ صفی/رشد عمودی,100,85,88,72,3370,20260929,13.6,31.5,86,35.9,13.3,32.4,63.6,79.1,6,0,true,58.3,2.9,above,0,0.78,3130,,20.53,25.7,6.92,36.63,12.17,644,5.23,18.13,-71.1,3272,3125,3663,3859,1.2,اشباع خرید | سهم صفی: 6 روز از ۲۰ روز در صف (ریسک نقدشوندگی و اجرای حد ضرر) | رشد عمودی (86٪ در ۶۰ روز، 32٪ بالای MA50) | 64٪ بالای MA200 | حد ضرر دور (7.3٪)
خیمن,ایمن خودرو شرق,خودرو و ساخت قطعات,85.8,قوی؛ نزدیک مقاومت، منتظر شکست یا پولبک,95,100,69.2,80,5300,20260929,10.6,2.7,74,23.9,6.7,11.4,58.1,66.1,1,0,true,26.7,3.57,above,-6.2,1.41,4930,5650,1.33,28.33,1.07,-17.8,25.3,1533,3.46,5.87,-41.1,5111,4835,5650,6029,0.75,58٪ بالای MA200 | حد ضرر دور (8.8٪)
داتام,گروه مالی داتام,سرمایه گذاریها,85.5,قوی؛ نزدیک مقاومت، منتظر شکست یا پولبک,100,55,98,80,3940,20260929,7.7,7.4,26.7,-23.4,3.1,16,47.4,63.9,1,0,false,34.5,3.41,above,-5.1,1.3,3527,4150,6.76,8.91,3.27,17.76,4.72,1405,2.8,7.13,-60.7,3806,3671,4150,4419,0.78,214٪ بالای کف ۵۲ هفته | نقدشوندگی کمتر از ۱۰ میلیارد تومان | شناوری کم (5٪)
کهمدا,شیشه‌ همدان‌,سایر محصولات کانی غیرفلزی,85,پرریسک؛ صفی/رشد عمودی,100,75,88,72,6020,20260929,11.7,12.9,69.1,19,4.2,17.4,115.1,64.8,6,0,false,35.7,3.48,above,-5.5,0.5,5580,6370,12.45,73.97,5.76,22.85,23.7,981,6.14,12.75,-51.9,5810,5496,6370,6789,0.67,سهم صفی: 6 روز از ۲۰ روز در صف (ریسک نقدشوندگی و اجرای حد ضرر) | 115٪ بالای MA200 | حد ضرر دور (8.7٪)
فتوسا,تولید و توسعه سرب روی ایرانیان,فلزات اساسی,84.9,پرریسک؛ صفی/رشد عمودی,100,75,87.5,72,7000,20260929,7.4,25.2,89.6,39.5,7,23.8,103,67.1,9,0,false,51.3,3.18,above,-4.8,1.07,6470,7350,7.54,17.9,2.15,36.06,16.93,1389,5.04,8.05,-37.4,6777,6443,7350,7795,0.63,سهم صفی: 9 روز از ۲۰ روز در صف (ریسک نقدشوندگی و اجرای حد ضرر) | 103٪ بالای MA200 | حد ضرر دور (8.0٪)
وتوکا,سرمایه‌گذاری‌توکافولاد(هلدینگ,فلزات اساسی,84.6,قوی ولی پرریسک؛ فعلاً ورود نه,100,75,86.5,72,3670,20260929,4.3,5.8,72.1,22,1.1,21.8,48.6,60.8,3,0,false,39.9,3.35,above,-8.5,0.48,3590,4010,4.61,52.79,5.94,1.86,38.48,724,5.07,13.48,-62.4,3590,3528,4010,4256,2.4,واگرایی منفی RSI | واگرایی منفی
سمگا,گروه سرمایه گذاری میراث فرهنگی,هتل و رستوران,84,قوی ولی پرریسک؛ فعلاً ورود نه,100,75,88,68,4130,20260929,5.1,11,53.2,3.1,7.3,18.3,56.8,65.9,3,1,false,32.2,3.1,above,0,1.11,3890,,122.47,199.02,2.3,115.43,53.22,1002,4.12,4.69,-12.1,4002,3826,4514,4770,1.26,واگرایی منفی RSI | 57٪ بالای MA200 | واگرایی منفی | حد ضرر دور (7.4٪) | صف فروش در ۵ روز اخیر
شبصیر,تولیدات پتروشیمی قائد بصیر,محصولات شیمیایی,84,پرریسک؛ صفی/رشد عمودی,100,85,88,60,16880,20260929,8.3,30.2,61.5,11.4,12.8,34.5,82.4,76.7,3,0,true,56,2.97,above,-0.2,0.85,16000,,29.9,51.57,2.57,27.74,28.7,2884,5.85,8.01,-26.9,16378,15749,18385,19389,1.33,رشد عمودی (62٪ در ۶۰ روز، 34٪ بالای MA50) | 82٪ بالای MA200
دلر,داروسازی‌ اکسیر,مواد و محصولات دارویی,83.3,پرریسک؛ صفی/رشد عمودی,95,100,89,50,28980,20260929,14.9,16.6,106.3,56.2,11.3,16.5,123.1,69.6,4,0,true,29.6,3.27,above,-0.1,1.13,28330,,77.91,46.98,2.88,2.68,39.66,2845,10.19,12.91,-21.1,28330,27856,31822,33716,2.53,واگرایی منفی RSI | رشد عمودی (106٪ در ۶۰ روز، 17٪ بالای MA50) | توزیع: ورود حقیقی با سرانه خرید ضعیف (0.67 در ۲۰ روز) | 123٪ بالای MA200 | واگرایی منفی
آسیا,بیمه آسیا,بیمه وصندوق بازنشستگی به جزتامین اجتماعی,83.3,قوی؛ نزدیک مقاومت، منتظر شکست یا پولبک,100,75,73,80,4040,20260929,11.3,1.5,64.3,14.2,2.9,15,90.6,62.4,4,0,false,29.5,3.51,above,-3.3,0.88,3550,4170,0.48,65.24,1.61,-10.07,23.98,1869,2.16,4.59,-52.9,3898,3756,4170,4454,0.46,91٪ بالای MA200 | حد ضرر دور (7.0٪) | شناوری کم (14٪)
شجم,صنایع پتروشیمی تخت جمشید,محصولات شیمیایی,83.1,قوی ولی پرریسک؛ فعلاً ورود نه,100,80,88.5,60,11340,20260929,9.2,13.2,26.8,-23.3,8.3,22,27.7,69.1,2,0,true,32.7,3.24,above,0,0.76,11050,,23.12,12.89,4.9,25.37,10.64,1969,5.76,8.01,-28.1,11050,10866,12443,13179,2.33,واگرایی منفی RSI | واگرایی منفی
ومدیر,گ.مدیریت ارزش سرمایه ص ب کشوری,سرمایه گذاریها,83,قوی؛ نزدیک مقاومت، منتظر شکست یا پولبک,100,75,72,80,3037,20260929,6.6,14.5,52.3,2.2,4.3,14.7,39.8,63.1,2,0,false,34.5,3.01,above,-5.9,1.82,2830,3229,5.01,-2.44,3.79,18.63,5.7,904,3.36,7.13,-52.9,2946,2808,3229,3412,0.84,حد ضرر دور (7.5٪) | نقدشوندگی کمتر از ۱۰ میلیارد تومان
چاپ,ص.چاپ وبسته بندی آسان قزوین,محصولات کاغذی,82.6,قوی؛ نزدیک مقاومت، منتظر شکست یا پولبک,100,75,88.5,62,21170,20260929,7.7,10.8,81.9,31.8,3.5,23.9,,67.1,2,0,false,43,3.19,above,-5.2,0.59,19890,22340,6.94,32.8,7.57,51.69,27.51,2147,9.86,16.48,-40.2,20495,19553,22340,23689,0.72,216٪ بالای کف ۵۲ هفته | حد ضرر دور (7.6٪)
پارس,پتروشیمی پارس,محصولات شیمیایی,81.9,پرریسک؛ صفی/رشد عمودی,100,58,89,72,3195,20260929,15.8,42.2,43.6,-6.5,20.1,36.8,51.6,82.2,8,0,true,46.6,2.78,above,0,0.43,2929,,194.99,439.21,7.32,194.09,99.89,492,6.49,9.63,-32.6,3106,2973,3461,3639,1.2,اشباع خرید | فاصله زیاد از MA20 | سهم صفی: 8 روز از ۲۰ روز در صف (ریسک نقدشوندگی و اجرای حد ضرر) | رشد عمودی (44٪ در ۶۰ روز، 37٪ بالای MA50) | 52٪ بالای MA200 | شناوری کم (6٪)
غدانه,پنبه و دانه های روغنی خراسان,محصولات غذایی و آشامیدنی به جز قند و شکر,81.8,پرریسک؛ صفی/رشد عمودی,100,75,87,60,19510,20260929,15.1,13.6,83.7,33.6,7.6,12.1,70.3,64.1,7,0,false,36.4,3.19,above,-2.2,0.52,17400,19950,34.56,49.97,4.62,36.87,41.23,3417,5.71,7.05,-19,18888,18266,19950,21194,0.35,واگرایی منفی RSI | سهم صفی: 7 روز از ۲۰ روز در صف (ریسک نقدشوندگی و اجرای حد ضرر) | توزیع: ورود حقیقی با سرانه خرید ضعیف (0.78 در ۲۰ روز) | 70٪ بالای MA200 | واگرایی منفی
دفارا,داروسازی‌ فارابی‌,مواد و محصولات دارویی,81.6,قوی ولی پرریسک؛ فعلاً ورود نه,100,85,88.5,50,19840,20260929,15.1,14.2,80.8,30.7,11.3,26,125.6,71.8,4,0,true,43.6,3.21,above,0,0.69,18870,,132.6,101.39,3.61,86.42,77.28,1956,10.14,12.91,-21.4,19202,18551,21753,23029,1.48,توزیع: ورود حقیقی با سرانه خرید ضعیف (0.78 در ۲۰ روز) | 126٪ بالای MA200
فخاس,فولاد خراسان,فلزات اساسی,81.6,پرریسک؛ صفی/رشد عمودی,100,85,88.5,50,3690,20260929,14.6,24,86.7,36.5,11.4,31.4,77.6,75,5,0,true,47.6,3.07,above,0,0.77,3600,,5.34,45.56,7.49,31.63,21.05,363,10.17,13.48,-24.6,3600,3543,4030,4256,2.32,واگرایی منفی RSI | رشد عمودی (87٪ در ۶۰ روز، 31٪ بالای MA50) | 78٪ بالای MA200 | واگرایی منفی | شناوری کم (4٪)
زشگزا,شیر و گوشت زاگرس شهرکرد,زراعت و خدمات وابسته,81.5,قوی ولی پرریسک؛ فعلاً ورود نه,95,80,88,60,34840,20260929,15.2,9.8,27,-23.1,9.1,14.4,72.8,66.8,3,0,true,22.8,3.28,above,-0.2,1.14,34115,,11.61,45.14,3.23,12.34,21.14,4812,7.24,8.07,-10.3,34115,33543,38273,40562,2.65,توزیع: ورود حقیقی با سرانه خرید ضعیف (0.88 در ۲۰ روز) | 73٪ بالای MA200
نیان,نیان الکترونیک,تولید محصولات کامپیوتری الکترونیکی ونوری,81.4,قوی؛ نزدیک مقاومت، منتظر شکست یا پولبک,95,100,61.5,70,3800,20260929,11.4,5,57.2,7,6.3,15.9,28.6,64.3,3,0,true,27.8,3.35,above,-15,0.69,3696,3900,1.62,-39.26,3.66,24.85,12.88,678,5.6,7.98,-29.8,3696,3632,3900,4185,0.59,واگرایی منفی RSI | خروج مستمر پول حقیقی | واگرایی منفی
خکرمان,سرمایه گذاری آرمان گستر پاریز,خودرو و ساخت قطعات,81,پرریسک؛ صفی/رشد عمودی,100,75,64,80,11810,20260929,3.6,19.7,98.5,48.4,13.1,40.9,117.2,79.7,3,0,true,57,3.56,above,-0.8,1.47,10205,,46.63,101.31,0.41,-144.65,37.03,4303,2.74,5.87,-53.2,11389,10968,13073,13915,1.5,اشباع خرید | رشد عمودی (99٪ در ۶۰ روز، 41٪ بالای MA50) | توزیع: ورود حقیقی با سرانه خرید ضعیف (0.56 در ۲۰ روز) | 117٪ بالای MA200 | سرانه خرید ضعیف (0.41) | حد ضرر دور (7.1٪)
وبانک,سرمایه گذاری گروه توسعه ملی,شرکتهای چند رشته ای صنعتی,80.9,پرریسک؛ صفی/رشد عمودی,100,85,63.5,72,13250,20260929,15.1,27.5,73.8,23.7,11.3,32.6,80.8,77.9,7,0,true,57.6,3.22,above,-0.1,0.65,12545,,150.47,-260.87,2.83,219.86,151.44,2109,6.28,10.88,-42.3,12824,12332,14529,15381,1.39,واگرایی منفی RSI | خروج مستمر پول حقیقی | سهم صفی: 7 روز از ۲۰ روز در صف (ریسک نقدشوندگی و اجرای حد ضرر) | رشد عمودی (74٪ در ۶۰ روز، 33٪ بالای MA50) | 81٪ بالای MA200 | واگرایی منفی
شکربن,کربن‌ ایران‌,محصولات شیمیایی,80.9,پرریسک؛ صفی/رشد عمودی,100,70,87.5,60,11230,20260929,14.5,31.2,75.4,25.3,20.5,35.5,77.2,84.7,3,0,true,48.4,2.75,above,-0.2,1.05,8940,,2.54,32.02,5.42,3.82,24.86,1486,7.56,9.63,-21.5,10922,10613,12155,12772,1.5,واگرایی منفی RSI | اشباع خرید | فاصله زیاد از MA20 | رشد عمودی (75٪ در ۶۰ روز، 35٪ بالای MA50) | 77٪ بالای MA200 | واگرایی منفی
کرازی,کارخانجات‌تولیدی‌شیشه‌رازی‌,سایر محصولات کانی غیرفلزی,80.8,قوی ولی پرریسک؛ فعلاً ورود نه,95,75,87,62,1899,20260929,9.6,8,63.2,13.1,3.4,16.7,67.9,62,4,0,false,28.9,3.56,above,-6.5,1.14,1839,2032,81.49,71.91,8.35,54.95,21.57,221,8.59,12.75,-32.6,1839,1805,2032,2167,1.42,68٪ بالای MA200
پی پاد,پرداخت الکترونیک پاسارگاد,رایانه و فعالیت‌های وابسته به آن,80.8,پرریسک؛ صفی/رشد عمودی,85,75,89,72,7610,20260929,6.7,2.7,112.6,62.4,-0.3,23.3,96.2,63.5,5,0,false,50.1,3.6,above,-8.9,1.03,7190,8350,48.58,45.78,8.08,71.22,36.87,1006,7.56,18.19,-58.4,7336,7053,8350,8897,1.33,رشد عمودی (113٪ در ۶۰ روز، 23٪ بالای MA50) | 96٪ بالای MA200 | حد ضرر دور (7.3٪) | شناوری کم (12٪)
خدیزل,بهمن  دیزل,خودرو و ساخت قطعات,80.8,قوی؛ نزدیک مقاومت، منتظر شکست یا پولبک,100,55,99,60,1838,20260929,6.2,6.4,12.6,-37.6,2.7,9.3,40.8,59.8,2,0,false,28.6,3.62,above,-4,1.52,1793,1914,40.72,64.94,1.82,28.04,11.2,348,5.28,5.87,-10,1793,1760,1914,2047,0.97,157٪ بالای کف ۵۲ هفته
بتهران,بیمه اتکایی تهران رواک,بیمه وصندوق بازنشستگی به جزتامین اجتماعی,80.6,پرریسک؛ صفی/رشد عمودی,100,70,84.5,62,9460,20260929,15.5,39.7,225.6,175.5,22.7,54,,87.7,9,0,true,77,2.87,above,0,1.39,7710,,49.72,66.53,1.87,-3.63,18.07,956,9.9,18.13,-45.4,9189,8917,10274,10817,1.5,واگرایی منفی RSI | اشباع خرید | فاصله زیاد از MA20 | سهم صفی: 9 روز از ۲۰ روز در صف (ریسک نقدشوندگی و اجرای حد ضرر) | رشد عمودی (226٪ در ۶۰ روز، 54٪ بالای MA50) | 387٪ بالای کف ۵۲ هفته | واگرایی منفی
دلقما,دارویی‌ لقمان‌,مواد و محصولات دارویی,80.6,پرریسک؛ صفی/رشد عمودی,95,100,78.5,50,10620,20260929,15.7,8.4,201.9,151.7,10.1,25.9,188.3,69.2,8,0,true,43.4,3.39,above,-8.4,0.7,9630,11590,128.66,58.21,4.24,149.07,68.72,1109,9.58,12.91,-25.8,10260,9720,11590,12310,1.08,سهم صفی: 8 روز از ۲۰ روز در صف (ریسک نقدشوندگی و اجرای حد ضرر) | رشد عمودی (202٪ در ۶۰ روز، 26٪ بالای MA50) | توزیع: ورود حقیقی با سرانه خرید ضعیف (0.65 در ۲۰ روز) | 188٪ بالای MA200 | حد ضرر دور (8.5٪)
ودی,بیمه  دی,بیمه وصندوق بازنشستگی به جزتامین اجتماعی,80.5,قوی ولی پرشده؛ منتظر پولبک,100,85,62,72,6920,20260929,14.8,10.9,68.5,18.4,11.7,26.7,59.7,75.2,2,0,true,44.6,3.15,above,-0.1,0.97,6410,,5.62,-1.84,1.66,6.19,3.87,1197,5.78,18.13,-68.1,6702,6375,7573,8009,1.2,60٪ بالای MA200 | حد ضرر دور (7.9٪) | نقدشوندگی کمتر از ۱۰ میلیارد تومان
شدوص,دوده‌ صنعتی‌ پارس‌,محصولات شیمیایی,80.4,قوی؛ نزدیک مقاومت، منتظر شکست یا پولبک,95,75,87.5,60,7330,20260929,10.1,5.8,61.8,11.7,2,13,57.1,59.1,5,0,false,39.2,3.55,above,-7.1,1.04,6663,7660,47.66,72.64,7.86,46.43,12.04,1044,7.02,9.63,-27.1,7070,6680,7660,7890,0.51,توزیع: ورود حقیقی با سرانه خرید ضعیف (0.89 در ۲۰ روز) | 57٪ بالای MA200 | حد ضرر دور (8.9٪)
واعتبار,سرمایه گذاری اعتبار ایران,سرمایه گذاریها,80.4,پرریسک؛ صفی/رشد عمودی,100,60,73.5,80,3710,20260929,5.8,42,104,53.9,17.3,47.1,111.4,88.6,3,0,true,77.4,2.73,above,0,1.47,2338,,2.29,-2.74,5.37,0.59,4.81,827,4.49,7.13,-37.1,3609,3507,4014,4217,1.5,اشباع خرید | فاصله زیاد از MA20 | رشد عمودی (104٪ در ۶۰ روز، 47٪ بالای MA50) | 111٪ بالای MA200 | نقدشوندگی کمتر از ۱۰ میلیارد تومان
دزاگرس,دارویی و نهاده های زاگرس دارو,مواد و محصولات دارویی,79.9,قوی ولی پرریسک؛ فعلاً ورود نه,95,100,88.5,37,27060,20260929,15.7,12.2,66.4,16.3,10.8,17.6,110.5,68.5,5,0,true,42.5,3.02,above,0,0.97,26090,,131.19,93.38,11.55,27.93,93.21,3000,9.02,8.86,1.8,26243,25682,29510,31144,1.78,111٪ بالای MA200
دالبر,البرزدارو,مواد و محصولات دارویی,79.6,پرریسک؛ صفی/رشد عمودی,95,75,82.5,62,15890,20260929,5.3,9.4,128,77.9,2.2,15.8,133.1,58.9,6,1,false,48.8,3.18,above,-6.5,2.09,14660,16990,269.84,144.14,3.38,-207.41,98.05,1779,8.93,12.91,-30.8,15384,14626,16990,18001,0.87,سهم صفی: 6 روز از ۲۰ روز در صف (ریسک نقدشوندگی و اجرای حد ضرر) | رشد عمودی (128٪ در ۶۰ روز، 16٪ بالای MA50) | توزیع: ورود حقیقی با سرانه خرید ضعیف (0.67 در ۲۰ روز) | 133٪ بالای MA200 | حد ضرر دور (8.0٪) | صف فروش در ۵ روز اخیر
فایرا,آلومینیوم‌ایران‌,فلزات اساسی,79.6,قوی؛ نزدیک مقاومت، منتظر شکست یا پولبک,95,75,72.5,72,15800,20260929,13.5,15.6,91.4,41.3,7.3,15.5,113.5,65.3,3,0,false,29.8,3.39,above,-2.6,0.69,15050,15970,18.84,86.41,1.68,-13.95,71.18,2419,6.53,13.48,-51.5,15264,14782,15970,16220,0.17,توزیع: ورود حقیقی با سرانه خرید ضعیف (0.66 در ۲۰ روز) | 113٪ بالای MA200
غچین,کشت‌ و صنعت‌ چین‌ چین,محصولات غذایی و آشامیدنی به جز قند و شکر,79.3,قوی؛ نزدیک مقاومت، منتظر شکست یا پولبک,100,75,77,60,4970,20260929,10,6.7,50.2,0,3.3,18.6,62.7,63.9,3,0,false,39,3.24,above,-5.2,0.67,4390,5240,17.04,11.53,7.82,12.09,11.58,682,7.29,8.53,-14.6,4809,4648,5240,5562,0.84,توزیع: ورود حقیقی با سرانه خرید ضعیف (0.80 در ۲۰ روز) | 63٪ بالای MA200
خلنت,لنت‌ ترمزایران‌,خودرو و ساخت قطعات,79.3,قوی ولی پرریسک؛ فعلاً ورود نه,95,80,97,42,6050,20260929,13.1,9.4,32.9,-17.3,7.8,15.8,59.6,66.7,3,0,true,29.9,3.13,above,0,1.73,5910,,29.7,22.72,2.46,22.52,7.67,1027,5.89,,,5910,5815,6618,6996,2.42,60٪ بالای MA200 | نقدشوندگی کمتر از ۱۰ میلیارد تومان
ثاخت,بین‌المللی‌توسعه‌ساختمان,انبوه سازی، املاک و مستغلات,79.1,قوی ولی پرشده؛ منتظر پولبک,95,73,64,80,859,20260929,14.7,9.7,46.6,-3.5,12.2,21.1,64.4,72.4,5,0,true,30.4,3.05,above,0,1.05,808,,27.54,24.31,7.04,-31.2,30.36,199,4.32,6.61,-34.7,833,795,938,990,1.23,توزیع: ورود حقیقی با سرانه خرید ضعیف (0.80 در ۲۰ روز) | 64٪ بالای MA200 | حد ضرر دور (7.5٪)
وصنعت,سرمایه گذاری توسعه صنعت وتجارت,سرمایه گذاریها,79,قوی؛ نزدیک مقاومت، منتظر شکست یا پولبک,100,63,65.6,80,2938,20260929,5.3,11.2,47.1,-3,3.5,16,53.8,62.5,2,0,false,39.1,3.35,above,-7,0.64,2765,3159,1.21,1.64,1.14,0.84,4.41,884,3.32,7.13,-53.4,2840,2716,3159,3356,0.99,54٪ بالای MA200 | حد ضرر دور (7.6٪) | نقدشوندگی کمتر از ۱۰ میلیارد تومان | شناوری کم (13٪)
شکلر,نیروکلر,محصولات شیمیایی,79,پرریسک؛ صفی/رشد عمودی,100,85,78,50,32860,20260929,15.7,19.9,62.1,12,13.7,33.6,97.3,76.3,8,0,true,51.3,2.97,above,-0.2,0.84,31080,,34.92,3.29,5.44,51.16,24.98,3984,8.25,9.63,-14.4,31882,30591,35793,37748,1.29,سهم صفی: 8 روز از ۲۰ روز در صف (ریسک نقدشوندگی و اجرای حد ضرر) | رشد عمودی (62٪ در ۶۰ روز، 34٪ بالای MA50) | توزیع: ورود حقیقی با سرانه خرید ضعیف (0.74 در ۲۰ روز) | 97٪ بالای MA200
غمینو,شرکت صنایع غذایی مینو شرق,محصولات غذایی و آشامیدنی به جز قند و شکر,78.9,قوی؛ نزدیک مقاومت، منتظر شکست یا پولبک,100,75,88.5,47,9090,20260929,3.9,16.4,52.3,2.1,7,11.2,97.8,63.1,4,0,false,29.5,3.63,above,-4.3,0.7,8750,9500,21.71,80.28,7.36,9.65,27.06,1231,7.38,7.05,4.7,8760,8585,9500,10159,0.81,98٪ بالای MA200
کساوه,صنایع‌ کاشی‌ و سرامیک‌ سینا,کاشی و سرامیک,78.8,پرریسک؛ صفی/رشد عمودی,100,75,88,47,31510,20260929,3.7,16.2,60.3,10.2,6.9,21,98.3,65,10,0,false,39.3,3.09,above,-3.9,1.3,29564,32800,2.46,15.35,11.91,3.17,20.98,4425,7.12,7.65,-6.9,30535,29077,32800,34749,0.53,سهم صفی: 10 روز از ۲۰ روز در صف (ریسک نقدشوندگی و اجرای حد ضرر) | توزیع: ورود حقیقی با سرانه خرید ضعیف (0.87 در ۲۰ روز) | 98٪ بالای MA200 | حد ضرر دور (7.7٪)
ونفت,سرمایه‌گذاری‌ صنعت‌ نفت‌,فراورده های نفتی، کک و سوخت هسته ای,78.8,پرریسک؛ صفی/رشد عمودی,100,65,53,90,10200,20260929,-8.3,4.1,120.2,70.1,0.6,6.5,102.5,53.6,3,1,false,32.3,3.52,above,-11.7,0.96,10030,10330,0.4,49.97,0.51,-68.11,33.85,3216,3.17,6.26,-49.3,10030,9850,10330,11550,0.37,واگرایی منفی RSI | رشد عمودی (120٪ در ۶۰ روز، 6٪ بالای MA50) | توزیع: ورود حقیقی با سرانه خرید ضعیف (0.81 در ۲۰ روز) | 102٪ بالای MA200 | سرانه خرید ضعیف (0.51) | واگرایی منفی | صف فروش در ۵ روز اخیر
سکرما,سیمان‌ کرمان‌,سیمان، آهک و گچ,78.7,قوی؛ نزدیک مقاومت، منتظر شکست یا پولبک,100,80,73.7,57,76550,20260929,10,17.2,10.5,-39.6,7.9,14.7,42.1,69.1,1,0,true,28,3.35,above,-11.8,0.84,72500,78940,0.59,26.09,1.03,1.29,7.4,11282,6.79,7.14,-5,73984,71217,78940,86780,0.45,نقدشوندگی کمتر از ۱۰ میلیارد تومان
دابور,داروسازی‌ ابوریحان‌,مواد و محصولات دارویی,78.6,پرریسک؛ صفی/رشد عمودی,100,70,88.5,50,72650,20260929,11.8,28.6,97.7,47.6,13.4,31.6,114.8,80.7,1,0,true,55.3,3.48,above,-1.5,1.04,67740,,48.31,65.4,2.08,27.27,42.96,6272,11.58,12.91,-10.3,70119,66475,80242,85304,1.23,واگرایی منفی RSI | اشباع خرید | رشد عمودی (98٪ در ۶۰ روز، 32٪ بالای MA50) | توزیع: ورود حقیقی با سرانه خرید ضعیف (0.76 در ۲۰ روز) | 115٪ بالای MA200 | واگرایی منفی | حد ضرر دور (8.5٪)
فاما,صنعتی‌ آما,ساخت محصولات فلزی,78.6,پرریسک؛ صفی/رشد عمودی,100,75,87.5,47,6760,20260929,3.5,22.5,68.3,18.2,5.4,21.6,101.9,64.3,8,0,false,48.8,3.16,above,-7.9,1.11,6160,7340,18.48,23.73,10.47,14.01,10.69,922,7.33,7.54,-2.8,6546,6225,7340,7768,1.08,سهم صفی: 8 روز از ۲۰ روز در صف (ریسک نقدشوندگی و اجرای حد ضرر) | 102٪ بالای MA200 | حد ضرر دور (7.9٪)
فن آوا,گروه فن آوا,رایانه و فعالیت‌های وابسته به آن,78.6,پرریسک؛ صفی/رشد عمودی,100,70,88.5,50,4260,20260929,14.5,50,188.3,138.2,17.9,61.8,150.9,87.9,13,0,true,81.3,2.61,above,-0.2,1.08,3970,,25.98,56.83,3.35,0.49,16.14,1675,2.54,,,4149,3982,4594,4817,1.2,اشباع خرید | فاصله زیاد از MA20 | سهم صفی: 13 روز از ۲۰ روز در صف (ریسک نقدشوندگی و اجرای حد ضرر) | رشد عمودی (188٪ در ۶۰ روز، 62٪ بالای MA50) | 151٪ بالای MA200
کمنگنز,معادن‌منگنزایران‌,استخراج کانه های فلزی,78.4,پرریسک؛ صفی/رشد عمودی,100,85,63.5,62,10620,20260929,15.7,17.6,76.8,26.7,13.5,29.7,111.9,78.8,7,0,true,57.6,3.02,above,0,0.31,9730,,7.29,-19.58,11.72,31.46,21.46,1317,8.06,13.76,-41.4,10300,9819,11581,12222,1.2,واگرایی منفی RSI | اشباع خرید | سهم صفی: 7 روز از ۲۰ روز در صف (ریسک نقدشوندگی و اجرای حد ضرر) | 112٪ بالای MA200 | واگرایی منفی | حد ضرر دور (7.5٪)
لبوتان,گروه‌صنعتی‌بوتان‌,ماشین آلات و تجهیزات,78.4,قوی؛ نزدیک مقاومت، منتظر شکست یا پولبک,95,80,88.5,47,4590,20260929,8.5,3.6,35,-15.1,6,12,48.2,64,2,0,true,33,3.43,above,-1.5,0.69,4450,4660,4.35,39.25,1.7,4.87,7.45,849,5.41,5.15,5,4450,4371,4660,4975,0.32,نقدشوندگی کمتر از ۱۰ میلیارد تومان
زفجر,کشاورزی و دامپروری فجر اصفهان,زراعت و خدمات وابسته,78.1,قوی ولی پرریسک؛ فعلاً ورود نه,100,100,52.5,60,55900,20260929,14.8,8,55.2,5.1,11,17.8,97.5,69.3,3,0,true,20.6,3.11,above,0,0.75,53370,,-0.2,4.84,7.99,29.2,13.39,7903,7.07,8.07,-12.4,54163,52502,61110,64583,1.53,واگرایی منفی RSI | 98٪ بالای MA200 | واگرایی منفی
بخاور,بیمه زندگی خاورمیانه,بیمه وصندوق بازنشستگی به جزتامین اجتماعی,78.1,قوی ولی پرریسک؛ فعلاً ورود نه,100,73,72,62,7250,20260929,7.9,15.8,45.9,-4.2,9.3,18,72.5,73.3,4,0,true,33.2,2.73,above,0,1.28,7010,,7.01,-8.13,2.37,5.23,3.06,813,8.92,18.13,-50.8,7052,6911,7844,8239,1.75,خروج مستمر پول حقیقی | 73٪ بالای MA200 | نقدشوندگی کمتر از ۱۰ میلیارد تومان
ثبهساز,بهساز کاشانه تهران,انبوه سازی، املاک و مستغلات,78,قوی؛ نزدیک مقاومت، منتظر شکست یا پولبک,83,55,88.5,80,1954,20260929,9.5,0.2,27.3,-22.8,2.6,6.7,51,57.7,2,0,false,15.6,3.36,above,-4,0.91,1920,2033,17.45,39.05,5.25,79.01,28.23,655,2.98,6.61,-54.9,1920,1887,2033,2164,1.18,51٪ بالای MA200
درازک,دارویی‌ رازک‌,مواد و محصولات دارویی,77.9,پرریسک؛ صفی/رشد عمودی,95,75,87.5,50,4980,20260929,14,10.7,226.2,176.1,6.9,29.1,150.6,68.8,5,0,false,42.2,3.2,above,-1.6,1.29,4810,5060,79.24,6.46,2.35,14.42,47.85,453,10.99,12.91,-14.8,4821,4730,5060,5378,0.32,واگرایی منفی RSI | رشد عمودی (226٪ در ۶۰ روز، 29٪ بالای MA50) | توزیع: ورود حقیقی با سرانه خرید ضعیف (0.75 در ۲۰ روز) | 151٪ بالای MA200 | واگرایی منفی
ثجنوب,سرمایه گذاری مسکن جنوب,انبوه سازی، املاک و مستغلات,77.8,قوی؛ نزدیک مقاومت، منتظر شکست یا پولبک,100,70,55.3,80,19260,20260929,0.7,13.5,18.2,-31.9,5.1,11.3,60,61,2,0,true,24.8,3.86,above,-3.4,1.08,18950,19940,5.27,75.34,0.91,-24.93,23,6363,3.03,23.59,-87.2,18950,18578,19940,21428,1,60٪ بالای MA200
کپرور,فرآوری زغال سنگ پروده طبس,استخراج زغال سنگ,77.5,قوی؛ نزدیک مقاومت، منتظر شکست یا پولبک,100,75,58.1,72,20230,20260929,5.6,1.4,58.7,8.6,4.3,20.6,83.6,64.6,1,0,false,41.4,3.53,above,-3.3,0.6,18440,20550,13.49,-59.69,1.42,12.12,22.32,2597,7.79,15.48,-49.7,19515,18442,20550,20910,0.18,واگرایی منفی RSI | خروج مستمر پول حقیقی | 84٪ بالای MA200 | واگرایی منفی | حد ضرر دور (8.8٪)
ثپهران,توسعه ساختمان سپهر تهران,انبوه سازی، املاک و مستغلات,77.5,پرریسک؛ صفی/رشد عمودی,100,70,100,34,5430,20260929,14.8,41.4,53.4,3.3,23.1,37.4,,88.4,4,0,true,44.3,2.54,above,-0.4,1.32,4326,,40.67,59.45,25.17,96.74,19.45,721,7.53,6.61,13.9,5292,5154,5844,6121,1.5,واگرایی منفی RSI | اشباع خرید | فاصله زیاد از MA20 | رشد عمودی (53٪ در ۶۰ روز، 37٪ بالای MA50) | واگرایی منفی | شناوری کم (11٪)
وکادو,تکادو,سرمایه گذاریها,77.5,پرریسک؛ صفی/رشد عمودی,100,75,88,42,4650,20260929,8.4,80.3,130.5,80.4,22.8,56.1,108.7,76.7,9,0,true,47.2,3.89,above,-5.9,0.98,2737,4940,42.78,44.41,9.36,43.1,14.17,668,6.96,,,4469,4289,4940,5301,0.8,فاصله زیاد از MA20 | سهم صفی: 9 روز از ۲۰ روز در صف (ریسک نقدشوندگی و اجرای حد ضرر) | رشد عمودی (131٪ در ۶۰ روز، 56٪ بالای MA50) | 109٪ بالای MA200 | حد ضرر دور (7.8٪)
فسپا,گروه‌صنعتی‌سپاهان‌,فلزات اساسی,77.4,پرریسک؛ صفی/رشد عمودی,100,70,61.5,72,9020,20260929,12.6,53.7,162.4,112.3,19.3,52.8,196.2,90,13,0,true,73.2,2.87,above,0,0.62,6130,,5.22,-12.47,7.44,3.27,45.99,1216,7.42,13.48,-45,8761,8502,9797,10315,1.5,اشباع خرید | فاصله زیاد از MA20 | سهم صفی: 13 روز از ۲۰ روز در صف (ریسک نقدشوندگی و اجرای حد ضرر) | رشد عمودی (162٪ در ۶۰ روز، 53٪ بالای MA50) | 196٪ بالای MA200
زبینا,کشاورزی و دامپروری بینالود,زراعت و خدمات وابسته,77.4,قوی؛ نزدیک مقاومت، منتظر شکست یا پولبک,95,88,88,37,15620,20260929,15.4,12.9,43.4,-6.8,9.6,17.7,99.1,69,3,0,true,26.4,3.3,above,-0.2,1.09,14235,,36.27,43.25,3.34,30.2,17.99,1911,8.17,8.07,1.3,15105,14333,17164,18194,1.2,99٪ بالای MA200 | حد ضرر دور (8.2٪)
ونیرو,سرمایه‌گذاری‌نیرو,عرضه برق، گاز، بخاروآب گرم,77.3,پرریسک؛ صفی/رشد عمودی,90,70,78,67,4320,20260929,14.3,40.1,63.7,13.6,15.1,39.8,18.7,80.7,8,0,true,47.2,2.79,above,-28.7,0.81,4189,4410,90.81,20.61,3.6,55.67,49.22,599,7.21,7.09,1.7,4200,4129,4410,4581,0.47,اشباع خرید | فاصله زیاد از MA20 | سهم صفی: 8 روز از ۲۰ روز در صف (ریسک نقدشوندگی و اجرای حد ضرر) | رشد عمودی (64٪ در ۶۰ روز، 40٪ بالای MA50)
سجام,مجتمع سیمان غرب آسیا,سیمان، آهک و گچ,77,قوی ولی پرشده؛ منتظر پولبک,100,85,73,47,11260,20260929,13.6,32,56.2,6.1,14.7,27.1,115.4,76.7,5,0,true,36.9,3.17,above,-0.2,0.86,10420,,13.02,50.06,1.69,-1.02,20.03,1760,6.4,6.69,-4.4,10903,10368,12331,13045,1.2,واگرایی منفی RSI | 115٪ بالای MA200 | واگرایی منفی | حد ضرر دور (7.9٪)
نخریس,نخریسی و نساجی خسروی خراسان,منسوجات,77,پرریسک؛ صفی/رشد عمودی,100,70,89,43,25410,20260929,11.2,35.9,108.4,58.3,17.1,39.6,95.9,83.5,3,0,true,50.8,2.96,above,0,0.66,23570,,16.63,20.2,48.61,28.74,10.13,2027,12.54,14.29,-12.3,24659,23532,27664,29167,1.2,واگرایی منفی RSI | اشباع خرید | فاصله زیاد از MA20 | رشد عمودی (108٪ در ۶۰ روز، 40٪ بالای MA50) | 96٪ بالای MA200 | واگرایی منفی | حد ضرر دور (7.4٪)
وخاور,بانک خاورمیانه,بانکها و موسسات اعتباری,76.8,قوی ولی پرریسک؛ فعلاً ورود نه,100,88,83,34,6810,20260929,13.3,10.7,46.8,-3.4,9.9,13.6,85.7,69.4,1,0,true,21.9,3.32,above,-0.1,0.7,6615,,24.38,130.67,1.4,34.61,69.18,1045,6.52,5.4,20.7,6615,6502,7488,7940,2.2,86٪ بالای MA200
سنوین,سرمایه گذاری اقتصاد نوین,سرمایه گذاریها,76.6,قوی ولی پرریسک؛ فعلاً ورود نه,100,70,88.5,42,3580,20260929,0.6,11.2,39,-11.1,5,15.4,43.8,65.1,3,0,true,32.1,3.62,above,-3.5,1.07,3500,,1.89,7.59,1.65,5.13,3.22,612,5.85,,,3500,3435,3969,4229,2.69,واگرایی منفی RSI | واگرایی منفی | نقدشوندگی کمتر از ۱۰ میلیارد تومان
ثامید,توسعه و عمران امید,انبوه سازی، املاک و مستغلات,76.4,قوی ولی پرریسک؛ فعلاً ورود نه,78,55,88,80,1831,20260929,3.8,1.4,28.2,-21.9,-0.2,8.9,42.4,54.8,0,0,false,19.4,3.46,above,-8.5,0.6,1757,2001,0.2,16.72,3.29,21.79,13.48,547,3.35,6.61,-49.4,1768,1725,2001,2128,1.61,واگرایی منفی RSI | واگرایی منفی | شناوری کم (13٪)
پخش,پخش البرز,مواد و محصولات دارویی,76.4,قوی ولی پرریسک؛ فعلاً ورود نه,100,65,73.5,60,14890,20260929,13.7,12.4,33.9,-16.2,9.5,17.4,86.3,70.6,4,0,true,36.4,3.63,above,0,0.96,14450,,99.76,152.73,2.16,-17.43,62.11,2029,7.34,8.86,-17.2,14450,14180,16511,17592,2.28,واگرایی منفی RSI | توزیع: ورود حقیقی با سرانه خرید ضعیف (0.74 در ۲۰ روز) | 86٪ بالای MA200 | واگرایی منفی
غشهداب,کشت و صنعت شهداب ناب خراسان,محصولات غذایی و آشامیدنی به جز قند و شکر,76.3,پرریسک؛ صفی/رشد عمودی,100,75,65.3,60,2540,20260929,6.4,9.2,104.4,54.3,5.5,16.7,77.2,65.5,3,0,false,43.8,3.85,above,-4.6,0.74,2415,2662,2.39,2.7,1.13,3.45,22.13,401,6.33,7.05,-10.2,2442,2366,2662,2858,0.7,رشد عمودی (104٪ در ۶۰ روز، 17٪ بالای MA50) | 77٪ بالای MA200
فگستر,گسترش صنایع روی ایرانیان,فلزات اساسی,76.3,پرریسک؛ صفی/رشد عمودی,100,60,77,60,12210,20260929,14.3,32.9,181,130.9,10.2,37.5,188.3,74.8,13,0,false,65.8,2.67,above,-2.5,1.03,10670,12520,21.04,8.26,5.87,62.15,30.64,1905,6.41,8.05,-20.4,11885,11559,12520,13171,0.48,سهم صفی: 13 روز از ۲۰ روز در صف (ریسک نقدشوندگی و اجرای حد ضرر) | رشد عمودی (181٪ در ۶۰ روز، 37٪ بالای MA50) | 188٪ بالای MA200
مهرمام,مهرمام میهن,سلامت انسان و مددکاری اجتماعی,76.3,پرریسک؛ صفی/رشد عمودی,100,75,88,37,4500,20260929,5.6,30.4,63.3,13.1,13,27.8,58.5,78.1,6,1,true,55,3.2,above,-0.4,1.1,4130,,33.25,55.64,2.44,64.57,29.12,403,11.17,10.3,8.4,4356,4140,4931,5219,1.2,اشباع خرید | سهم صفی: 6 روز از ۲۰ روز در صف (ریسک نقدشوندگی و اجرای حد ضرر) | 58٪ بالای MA200 | حد ضرر دور (8.0٪) | صف فروش در ۵ روز اخیر
دتماد,تولیدمواداولیه‌داروپخش‌,مواد و محصولات دارویی,76.1,قوی؛ نزدیک مقاومت، منتظر شکست یا پولبک,95,65,88.5,50,57910,20260929,9.7,-0.4,76.4,26.2,4.2,15.4,120.2,64.2,2,0,false,30.8,3.39,above,-6,0.62,49000,61590,21.49,43.62,1.7,5.3,32.06,5718,10.13,12.91,-21.6,55948,53986,61590,65514,0.94,توزیع: ورود حقیقی با سرانه خرید ضعیف (0.65 در ۲۰ روز) | 120٪ بالای MA200
خموتور,موتورسازان‌تراکتورسازی‌ایران‌,خودرو و ساخت قطعات,76.1,قوی؛ نزدیک مقاومت، منتظر شکست یا پولبک,95,63,98,42,2418,20260929,10.4,6.7,46.7,-3.4,5.9,12,29.3,63.4,3,0,false,39.9,3.77,above,-9.8,1.92,2203,2681,46.39,39.41,5.76,23.11,10.1,385,6.28,,,2327,2190,2681,2863,1.15,حد ضرر دور (9.4٪)
حفاری,حفاری شمال,استخراج نفت گاز و خدمات جنبی جز اکتشاف,76,قوی ولی پرریسک؛ فعلاً ورود نه,85,55,93,65,5860,20260929,7.1,6,37.4,-12.7,-2.3,11,32.3,53.8,3,0,false,33.1,3.64,above,-13.8,1.62,5470,6800,187.1,204.73,1.44,5.97,86.61,2511,2.33,2.24,4.2,5647,5363,6800,7226,1.89,حد ضرر دور (8.5٪)
غشاذر,پگاه‌آذربایجان‌غربی‌,محصولات غذایی و آشامیدنی به جز قند و شکر,76,قوی ولی پرریسک؛ فعلاً ورود نه,88,63,88,60,20640,20260929,12.5,10.8,45.4,-4.8,7,16.3,78.7,67,2,0,false,17.9,3.55,above,0,1.04,20060,,40.93,42.64,5.43,25.78,13.31,2810,7.35,8.53,-13.9,20060,19694,22836,24300,2.32,واگرایی منفی RSI | 79٪ بالای MA200 | واگرایی منفی
کنور,توسعه معدنی و صنعتی صبانور,استخراج کانه های فلزی,76,قوی ولی پرریسک؛ فعلاً ورود نه,100,75,62,62,6440,20260929,7.9,14.8,87.2,37.1,5.3,29.7,95.8,69.7,4,0,false,45.7,3.24,above,-0.9,0.28,5865,,8.03,-60.98,1.9,6.92,27.06,738,8.73,13.76,-36.6,6231,5918,7067,7485,1.2,واگرایی منفی RSI | خروج مستمر پول حقیقی | 96٪ بالای MA200 | واگرایی منفی | حد ضرر دور (8.1٪) | شناوری کم (9٪)
شکبیر,پتروشیمی امیرکبیر,محصولات شیمیایی,75.9,قوی؛ نزدیک مقاومت، منتظر شکست یا پولبک,100,55,97.5,42,144700,20260929,15.7,15.6,28.8,-21.4,7.3,24.1,48.7,68.3,5,0,false,35.7,3.05,above,-8.1,1.33,134000,157435,22.75,12.18,6.02,21.64,5.75,27918,5.18,,,140293,133683,157435,166248,1.16,191٪ بالای کف ۵۲ هفته | حد ضرر دور (7.6٪) | نقدشوندگی کمتر از ۱۰ میلیارد تومان
فغدیر,آهن و فولاد غدیر ایرانیان,فلزات اساسی,75.8,پرریسک؛ صفی/رشد عمودی,100,70,90,37,8430,20260929,15.5,77.5,143.3,93.2,29.6,69.4,108.9,97,20,0,true,71.3,2.18,above,0,0.41,5056,,16.66,167.14,5.69,19.12,10.95,974,8.66,8.05,7.5,8246,8062,8981,9349,1.5,واگرایی منفی RSI | اشباع خرید | فاصله زیاد از MA20 | سهم صفی: 20 روز از ۲۰ روز در صف (ریسک نقدشوندگی و اجرای حد ضرر) | رشد عمودی (143٪ در ۶۰ روز، 69٪ بالای MA50) | 109٪ بالای MA200 | واگرایی منفی
توریل,توکاریل,حمل ونقل، انبارداری و ارتباطات,75.7,قوی؛ نزدیک مقاومت، منتظر شکست یا پولبک,90,45,76.9,82,3310,20260929,0,-0.9,18.5,-31.7,-2.1,10.4,24.2,51.5,1,0,false,27.4,3.73,above,-10.1,0.7,3179,3530,8.64,52,1.14,1.08,12.28,616,5.37,7.68,-30,3186,3117,3530,3680,1.14,واگرایی منفی RSI | واگرایی منفی
فنورد,نوردوقطعات‌ فولادی‌,فلزات اساسی,75.7,قوی؛ نزدیک مقاومت، منتظر شکست یا پولبک,100,60,72.9,62,12880,20260929,10.2,11.6,95,44.9,6.7,29.3,135.3,71,2,0,false,56.4,3.71,above,-3.9,0.66,11770,13400,19.91,20.56,1.4,4.85,21.79,1550,8.31,13.48,-38.4,12402,11685,13400,14356,0.44,واگرایی منفی RSI | توزیع: ورود حقیقی با سرانه خرید ضعیف (0.65 در ۲۰ روز) | 135٪ بالای MA200 | واگرایی منفی | حد ضرر دور (9.3٪)
توسن,توسعه سامانه ی نرم افزاری نگین,رایانه و فعالیت‌های وابسته به آن,75.6,پرریسک؛ صفی/رشد عمودی,100,60,62.5,72,13250,20260929,13.5,19.1,125.5,75.3,8.9,25.5,160.9,73.8,5,0,false,49.5,3.4,above,-0.1,0.97,11594,,7.16,-24.7,2.9,13.1,42.13,2242,5.91,8.89,-33.5,12800,12349,14601,15502,1.5,رشد عمودی (125٪ در ۶۰ روز، 26٪ بالای MA50) | 161٪ بالای MA200
پاکشو,گروه صنعتی پاکشو,محصولات شیمیایی,75.5,پرریسک؛ صفی/رشد عمودی,100,85,97,17,13280,20260929,15.6,16.3,99.8,49.7,11.9,23,109,70.4,9,0,true,31.4,3.27,above,0,1.21,12800,,29.05,20.15,4.36,33.47,9.22,1090,12.18,9.63,26.5,12846,12583,14583,15451,1.87,واگرایی منفی RSI | سهم صفی: 9 روز از ۲۰ روز در صف (ریسک نقدشوندگی و اجرای حد ضرر) | 109٪ بالای MA200 | واگرایی منفی | نقدشوندگی کمتر از ۱۰ میلیارد تومان | شناوری کم (10٪)
ریشمک,تولید و صادرات ریشمک,مواد و محصولات دارویی,75.5,پرریسک؛ صفی/رشد عمودی,100,75,62,60,16860,20260929,14.8,17.5,61.5,11.4,5,26.3,78.4,66.7,8,0,false,36.5,3.05,above,-6,0.95,14440,17940,12.52,17.29,2.75,-6.34,22.94,2342,7.2,8.86,-18.7,16346,15833,17940,18967,1.05,سهم صفی: 8 روز از ۲۰ روز در صف (ریسک نقدشوندگی و اجرای حد ضرر) | توزیع: ورود حقیقی با سرانه خرید ضعیف (0.88 در ۲۰ روز) | 78٪ بالای MA200
وپویا,سرمایه گذاری پویا,سرمایه گذاریها,75.5,قوی؛ نزدیک مقاومت، منتظر شکست یا پولبک,100,75,62,80,2734,20260926,11.6,15.7,53.2,3,8.3,25.4,58.8,69.9,2,0,false,43.7,3.41,above,-1.3,1.06,2434,2770,2.06,-3.6,35.11,30.95,8.13,654,4.18,8.73,-52.1,2641,2547,2770,2957,0.19,واگرایی منفی RSI | 59٪ بالای MA200 | واگرایی منفی | نقدشوندگی کمتر از ۱۰ میلیارد تومان | آخرین معامله 20260926 (متوقف یا کم‌معامله)
فن افزار,توسعه فن افزار توسن,رایانه و فعالیت‌های وابسته به آن,75.4,پرریسک؛ صفی/رشد عمودی,100,75,61.5,60,10970,20260929,6.9,11.6,149.3,99.2,2.3,24.7,158.9,65.7,3,0,false,62.5,3.5,above,-6.6,0.68,9850,11750,28.24,-24.41,4.16,41.4,20.69,1478,7.42,8.89,-16.5,10586,10010,11750,12518,0.81,واگرایی منفی RSI | خروج مستمر پول حقیقی | رشد عمودی (149٪ در ۶۰ روز، 25٪ بالای MA50) | 159٪ بالای MA200 | واگرایی منفی | حد ضرر دور (8.8٪)
شتوکا,توکا رنگ فولاد سپاهان,محصولات شیمیایی,75.4,پرریسک؛ صفی/رشد عمودی,100,70,88.5,37,12850,20260929,15.7,69.3,72.7,22.6,26.9,59.3,110.5,94.1,15,0,true,72.9,2.6,above,-0.1,0.68,7760,,9.02,48.97,7.87,10.27,13.25,1545,8.32,8.01,3.8,12516,12183,13851,14518,1.5,اشباع خرید | فاصله زیاد از MA20 | سهم صفی: 15 روز از ۲۰ روز در صف (ریسک نقدشوندگی و اجرای حد ضرر) | رشد عمودی (73٪ در ۶۰ روز، 59٪ بالای MA50) | 110٪ بالای MA200
داترا,آترا زیست آرای,مواد و محصولات دارویی,75.3,قوی؛ نزدیک مقاومت، منتظر شکست یا پولبک,95,75,77,50,7150,20260929,8.7,10.3,53.9,3.8,6.1,18.4,,64.4,2,0,false,32.5,3.55,above,-1.8,0.92,7015,7265,30.48,16.97,11.26,66.93,30.93,777,9.2,12.91,-28.7,7015,6888,7265,7772,0.44,177٪ بالای کف ۵۲ هفته
شاملا,معدنی‌ املاح‌  ایران‌,محصولات شیمیایی,75.1,قوی ولی پرریسک؛ فعلاً ورود نه,100,85,75.3,37,42980,20260929,11.9,13,51.9,1.8,7.6,20.5,91.5,71.1,2,0,true,33.9,3.45,above,-1,0.86,41515,,18.2,9.39,1.51,2.4,21.6,4322,9.94,9.63,3.3,41515,40773,47433,50401,2.02,توزیع: ورود حقیقی با سرانه خرید ضعیف (0.70 در ۲۰ روز) | 91٪ بالای MA200
کربن,کانی کربن طبس,استخراج زغال سنگ,74.8,قوی ولی پرریسک؛ فعلاً ورود نه,85,65,63,82,9900,20260929,7.8,-5.9,63.6,13.5,-1.9,14.4,78.4,56.7,1,0,false,39.9,3.49,above,-13.2,0.63,9050,11400,19.24,-27.33,3.06,28.04,21.3,1449,6.83,15.48,-55.9,9555,9037,11400,12090,1.74,خروج مستمر پول حقیقی | 78٪ بالای MA200 | حد ضرر دور (8.7٪)
فپنتا,سپنتا,فلزات اساسی,74.7,پرریسک؛ صفی/رشد عمودی,100,45,83,60,46630,20260929,-2.6,20.2,37.9,-12.2,0.7,23.8,29,59.3,14,2,false,49.9,3.11,above,-17.6,1.53,45942,47742,55.99,128.58,1.44,8.55,24.48,4100,11.37,13.48,-15.6,45942,45217,47742,50404,0.79,سهم صفی: 14 روز از ۲۰ روز در صف (ریسک نقدشوندگی و اجرای حد ضرر) | توزیع: ورود حقیقی با سرانه خرید ضعیف (0.85 در ۲۰ روز) | صف فروش در ۵ روز اخیر
شپاس,نفت پاسارگاد,فراورده های نفتی، کک و سوخت هسته ای,74.6,قوی؛ نزدیک مقاومت، منتظر شکست یا پولبک,100,55,87.5,47,49680,20260929,14,13.7,21.8,-28.3,5.4,21,30.8,66.6,5,0,false,30.6,3.4,above,-1.8,0.59,49138,50385,18.28,60.93,2.2,22.71,17.92,6293,7.89,8.12,-2.8,49138,48293,50385,53764,0.51,
فسبزوار,پارس فولاد سبزوار,فلزات اساسی,74.6,قوی ولی پرریسک؛ فعلاً ورود نه,100,63,56,72,79740,20260929,8.5,18.9,40.8,-9.4,6.5,13.4,69.7,63.3,4,0,false,24.6,3.25,above,-1.5,0.65,74940,,17.35,-27.86,1.34,36.2,55.3,14489,5.5,13.48,-59.2,77150,73645,87511,92692,1.27,واگرایی منفی RSI | 70٪ بالای MA200 | واگرایی منفی | حد ضرر دور (7.6٪)
مهر,سرمایه گذاری مهر,سرمایه گذاریها,74.5,پرریسک؛ صفی/رشد عمودی,100,70,62,60,4140,20260929,13.4,34.4,88.4,38.2,16,44.8,90.7,85.7,3,0,true,59.2,2.81,above,-1,1.1,3410,,0.64,-54.05,30.22,36.07,12.3,564,7.34,8.73,-15.9,4024,3908,4489,4721,1.5,اشباع خرید | فاصله زیاد از MA20 | خروج مستمر پول حقیقی | رشد عمودی (88٪ در ۶۰ روز، 45٪ بالای MA50) | 91٪ بالای MA200
دسینا,داروسازی‌ سینا,مواد و محصولات دارویی,74.4,پرریسک؛ صفی/رشد عمودی,95,88,63,50,96150,20260929,15.9,13.5,47.1,-3.1,9.5,18.3,86.3,67.1,8,0,true,29.5,3.06,above,0,0.94,92620,,25.67,-5.73,7.75,29.62,10.23,9289,10.35,12.91,-19.8,93208,91149,104975,110858,1.76,سهم صفی: 8 روز از ۲۰ روز در صف (ریسک نقدشوندگی و اجرای حد ضرر) | 86٪ بالای MA200
فخوز,فولاد  خوزستان,فلزات اساسی,74.3,پرریسک؛ صفی/رشد عمودی,100,75,87,30,3206,20260929,10.6,70.1,65.2,15.1,14.7,37.3,94.5,79.5,11,0,true,45.9,3.22,above,0,0.96,3140,,177.06,1192.87,8.68,256.52,404.12,222,14.44,13.48,7.1,3140,3088,3516,3722,2.63,اشباع خرید | سهم صفی: 11 روز از ۲۰ روز در صف (ریسک نقدشوندگی و اجرای حد ضرر) | رشد عمودی (65٪ در ۶۰ روز، 37٪ بالای MA50) | 95٪ بالای MA200
پاسا,ایران‌یاساتایرورابر,لاستیک و پلاستیک,74.1,قوی؛ نزدیک مقاومت، منتظر شکست یا پولبک,100,75,44.4,72,10890,20260929,6.9,7.5,80,29.9,4.7,22.8,75.6,66.8,0,0,false,48.2,3.52,above,-2.1,1.11,10660,11120,-22.07,7.17,1.28,1.99,30.44,2053,5.3,8.21,-35.4,10660,10468,11120,11886,0.55,واگرایی منفی RSI | توزیع: ورود حقیقی با سرانه خرید ضعیف (0.52 در ۲۰ روز) | 76٪ بالای MA200 | واگرایی منفی
وسبحان,سرمایه گذاری سبحان,سرمایه گذاریها,74,قوی ولی پرریسک؛ فعلاً ورود نه,100,60,48.1,80,3650,20260929,7.7,14.1,89.1,39,8.6,23.2,92,72,1,0,false,49.4,3.08,above,0,1.13,3550,,12.36,5.62,1.02,-3.2,7.49,956,3.82,8.73,-56.3,3550,3494,3987,4212,2.16,واگرایی منفی RSI | توزیع: ورود حقیقی با سرانه خرید ضعیف (0.76 در ۲۰ روز) | 92٪ بالای MA200 | واگرایی منفی | نقدشوندگی کمتر از ۱۰ میلیارد تومان
دارو,کارخانجات‌داروپخش‌,مواد و محصولات دارویی,73.9,پرریسک؛ صفی/رشد عمودی,95,85,63.5,50,9350,20260929,15.6,13.1,111.5,61.4,12.2,18.6,146.5,71.1,8,0,true,36.6,3.26,above,-0.5,0.26,8850,,39.64,-9.83,7.1,58.76,53.77,841,11.12,12.91,-13.9,9045,8697,10265,10875,1.4,سهم صفی: 8 روز از ۲۰ روز در صف (ریسک نقدشوندگی و اجرای حد ضرر) | رشد عمودی (112٪ در ۶۰ روز، 19٪ بالای MA50) | 147٪ بالای MA200 | شناوری کم (13٪)
دتوزیع,توزیع دارو پخش,مواد و محصولات دارویی,73.6,قوی ولی پرریسک؛ فعلاً ورود نه,95,100,63.5,37,6750,20260929,15.4,8.7,77.2,27.1,8.1,18,112.7,67.7,5,0,true,38.6,3.21,above,-0.6,0.65,6560,,50.99,-53.41,12.28,52.07,31.42,739,9.13,8.86,3.1,6560,6452,7400,7833,2.18,واگرایی منفی RSI | خروج مستمر پول حقیقی | 113٪ بالای MA200 | واگرایی منفی
شگل,گلتاش‌,محصولات شیمیایی,73.4,پرریسک؛ صفی/رشد عمودی,100,75,76.5,37,3341,20260929,10.6,19.7,91.1,41,6.6,22.5,90.8,65.7,9,0,false,36.3,3.17,above,-4.8,0.91,2933,3510,13.69,2.47,8.27,14.98,11.42,339,9.86,9.63,2.3,3235,3129,3510,3722,0.8,سهم صفی: 9 روز از ۲۰ روز در صف (ریسک نقدشوندگی و اجرای حد ضرر) | 91٪ بالای MA200
غشصفا,شیرپاستوریزه‌پگاه‌اصفهان‌,محصولات غذایی و آشامیدنی به جز قند و شکر,73.3,پرریسک؛ صفی/رشد عمودی,100,75,53,60,26690,20260929,10.6,24.7,80.6,30.5,9,24.6,117.7,70,6,0,false,43.4,3.18,above,-3,0.86,23510,27510,7.68,-0.5,1.26,2.54,10.58,3764,7.09,8.53,-16.9,25841,24993,27510,29207,0.48,سهم صفی: 6 روز از ۲۰ روز در صف (ریسک نقدشوندگی و اجرای حد ضرر) | 118٪ بالای MA200
وحکمت,بیمه حکمت صبا,بیمه وصندوق بازنشستگی به جزتامین اجتماعی,73.3,ورود پله‌ای,100,65,89,32,1670,20260929,10.2,10.4,36.8,-13.3,10.2,18.7,33.6,70.4,2,0,true,23.3,3.56,above,-0.1,0.74,1589,,3.1,13.67,2.11,17.32,11.12,199,8.39,,,1611,1559,1848,1967,1.61,
غگلستا,شیر پاستوریزه پگاه گلستان,محصولات غذایی و آشامیدنی به جز قند و شکر,73.1,پرریسک؛ صفی/رشد عمودی,100,75,86.5,26,16580,20260929,4.6,10.5,55,4.8,0,17.1,66.1,58.8,8,0,false,36.8,3.65,above,-10.8,0.82,15120,18590,14.54,14.47,4.89,8.68,10.51,1656,10.01,7.05,42,15975,15067,18590,19800,1.33,سهم صفی: 8 روز از ۲۰ روز در صف (ریسک نقدشوندگی و اجرای حد ضرر) | 66٪ بالای MA200 | حد ضرر دور (9.1٪)
ساینا,صنایع بهداشتی ساینا,محصولات شیمیایی,73.1,پرریسک؛ صفی/رشد عمودی,100,85,57.5,47,13500,20260929,9.2,24.5,120.6,70.5,12.3,26.2,134.8,76.3,5,0,true,53.4,3.48,above,-2.3,1.42,13170,,2.56,-38.24,1.98,-19.46,24.38,1820,7.42,8.01,-7.4,13170,12935,14910,15849,2.5,خروج مستمر پول حقیقی | رشد عمودی (121٪ در ۶۰ روز، 26٪ بالای MA50) | 135٪ بالای MA200
کلوند,کاشی‌ الوند,کاشی و سرامیک,73.1,قوی؛ نزدیک مقاومت، منتظر شکست یا پولبک,100,75,88.5,24,7500,20260929,10.9,7.1,55.3,5.1,5.7,19.4,71.8,67.2,3,0,false,32.9,3.21,above,-1.8,0.72,7240,7640,22.06,43.4,5.31,19.59,12.77,820,9.15,7.65,19.6,7259,7119,7640,8122,0.37,واگرایی منفی RSI | 72٪ بالای MA200 | واگرایی منفی
زقیام,کشت و دام قیام اصفهان,زراعت و خدمات وابسته,73,قوی؛ نزدیک مقاومت، منتظر شکست یا پولبک,95,80,77,37,11860,20260929,15.6,9.9,31.6,-18.5,8.9,14.5,84.3,66.7,5,0,true,24.3,3.44,above,-2.6,0.56,10090,12180,16.11,11.36,7.75,25,13.12,1396,8.5,8.07,5.3,11452,11044,12180,12996,0.39,84٪ بالای MA200
کگل,معدنی و صنعتی گل گهر,استخراج کانه های فلزی,72.9,قوی ولی پرریسک؛ فعلاً ورود نه,95,75,87.5,30,3112,20260929,12.3,7.1,59.3,9.1,3.7,12.7,51.1,60.9,5,0,false,30.4,3.5,above,-6,1.12,3071,3310,441.37,571.5,6.09,252.49,231.06,241,12.91,13.76,-6.2,3071,3017,3310,3528,2.08,توزیع: ورود حقیقی با سرانه خرید ضعیف (0.74 در ۲۰ روز) | 51٪ بالای MA200
شیران,س. صنایع‌شیمیایی‌ایران,محصولات شیمیایی,72.7,قوی؛ نزدیک مقاومت، منتظر شکست یا پولبک,83,80,77,50,11560,20260929,7.3,1,38.4,-11.7,4,6,54.8,58.3,1,0,true,17.9,3.31,above,-7.1,0.82,11380,11850,3.21,25.02,1.94,26.23,40.68,1359,8.51,9.63,-11.7,11380,11189,11850,12450,0.78,توزیع: ورود حقیقی با سرانه خرید ضعیف (0.72 در ۲۰ روز) | 55٪ بالای MA200 | شناوری کم (14٪)
پارسیان,بیمه پارسیان,بیمه وصندوق بازنشستگی به جزتامین اجتماعی,72.6,قوی؛ نزدیک مقاومت، منتظر شکست یا پولبک,100,75,30.3,80,1945,20260929,5.9,13,54.1,4,5.8,20.6,52.8,67.7,1,0,false,48.3,3.35,above,-1.3,0.72,1670,1970,2.07,-20.1,0.95,-0.57,7.93,865,2.25,4.59,-51,1880,1815,1970,2100,0.19,خروج مستمر پول حقیقی | 53٪ بالای MA200 | نقدشوندگی کمتر از ۱۰ میلیارد تومان
وهور,گروه س.انرژی امید  تابان هور,عرضه برق، گاز، بخاروآب گرم,72.4,پرریسک؛ صفی/رشد عمودی,95,80,87.5,24,2685,20260929,15.8,4.4,32.9,-17.3,6.7,13,46.9,62.1,8,0,true,23.2,3.25,above,-7.1,0.93,2484,2889,92.72,39.09,15.78,83.87,27.11,230,11.67,10.04,16.3,2598,2467,2889,3063,0.94,سهم صفی: 8 روز از ۲۰ روز در صف (ریسک نقدشوندگی و اجرای حد ضرر) | حد ضرر دور (8.1٪)
مدیریت,س. و خدمات مدیریت صند. ب کشوری,سرمایه گذاریها,72.4,قوی؛ نزدیک مقاومت، منتظر شکست یا پولبک,100,63,87,72,4960,20260929,8.1,11.5,42.1,-8,4,14,48,63.2,2,0,false,34.1,3.26,above,-5.2,0.8,4680,5230,1.83,2.47,6.11,6.2,1.91,955,5.19,8.73,-40.5,4798,4599,5230,5553,0.75,نقدشوندگی پایین | واگرایی منفی RSI | 152٪ بالای کف ۵۲ هفته | واگرایی منفی | حد ضرر دور (7.3٪) | نقدشوندگی کمتر از ۱۰ میلیارد تومان
وپارس,بانک‌پارسیان‌,بانکها و موسسات اعتباری,72.3,پرریسک؛ صفی/رشد عمودی,100,65,37,80,2206,20260929,-4.4,24.6,83,32.8,2.3,31.7,96.9,64.3,6,1,false,70.3,3.59,above,-7.2,0.77,1244,2372,-85.69,225.95,1.74,-447.74,428.89,668,3.3,5.4,-38.8,2127,2048,2372,2530,1.05,واگرایی منفی RSI | سهم صفی: 6 روز از ۲۰ روز در صف (ریسک نقدشوندگی و اجرای حد ضرر) | رشد عمودی (83٪ در ۶۰ روز، 32٪ بالای MA50) | توزیع: ورود حقیقی با سرانه خرید ضعیف (0.81 در ۲۰ روز) | 97٪ بالای MA200 | واگرایی منفی | حد ضرر دور (7.2٪) | صف فروش در ۵ روز اخیر
قصفها,قنداصفهان‌,قند و شکر,72.3,قوی؛ نزدیک مقاومت، منتظر شکست یا پولبک,100,75,72,37,2427,20260929,8.9,11,50.3,0.1,3.5,17,71.3,62.7,5,0,false,36,3.36,above,-6.9,0.77,2263,2607,4.62,20.84,2.03,-1.65,12.49,264,9.19,9.8,-6.2,2345,2223,2607,2770,0.88,توزیع: ورود حقیقی با سرانه خرید ضعیف (0.67 در ۲۰ روز) | 71٪ بالای MA200 | حد ضرر دور (8.4٪)
ددانا,داروسازی دانا,مواد و محصولات دارویی,72.3,پرریسک؛ صفی/رشد عمودی,95,75,78,37,22270,20260929,15.8,9.7,149.9,99.8,7.6,17,141.3,65.3,7,0,false,34.9,3.06,above,-6.5,0.57,20150,23810,58.42,20.18,13.23,74.4,32.06,2409,9.24,8.86,4.3,21589,20908,23810,25172,1.13,سهم صفی: 7 روز از ۲۰ روز در صف (ریسک نقدشوندگی و اجرای حد ضرر) | رشد عمودی (150٪ در ۶۰ روز، 17٪ بالای MA50) | توزیع: ورود حقیقی با سرانه خرید ضعیف (0.87 در ۲۰ روز) | 141٪ بالای MA200
ولکار,لیزینگ کارآفرین,سایر واسطه گریهای مالی,72.3,قوی؛ نزدیک مقاومت، منتظر شکست یا پولبک,95,45,89,50,5280,20260929,4.6,-4.2,27.2,-22.9,2,8.1,50.3,56.6,1,0,false,22.7,3.78,above,-9,0.68,5010,5650,3.56,12.95,5.68,16.34,6.29,641,8.24,9.94,-17.1,5081,4910,5650,5785,1,50٪ بالای MA200 | حد ضرر دور (7.0٪) | نقدشوندگی کمتر از ۱۰ میلیارد تومان
الکتروماد,صنایع الکترونیک مادیران,ماشین آلات و تجهیزات,72.1,قوی ولی پرریسک؛ فعلاً ورود نه,100,75,36.5,72,4900,20260929,3.8,5.8,94.4,44.2,2.6,17,86.1,60.1,5,0,false,44.9,3.22,above,-8.8,0.94,4790,5370,-6.68,-12.38,6.54,35.81,17.49,957,5.12,9.66,-47,4790,4711,5370,5685,2.49,واگرایی منفی RSI | 86٪ بالای MA200 | واگرایی منفی
وسدید,گروه ‌صنعتی‌سدید,فلزات اساسی,72,زیر نظر,100,60,100,20,2530,20260929,12.4,57.4,55.3,5.2,25.4,40.4,46.3,88.5,11,0,true,48.8,2.68,above,-0.6,1.74,2294,,22.49,106.79,3.27,11.37,29.22,34,74.41,,,2462,2394,2734,2869,1.5,اشباع خرید | فاصله زیاد از MA20 | سهم صفی: 11 روز از ۲۰ روز در صف (ریسک نقدشوندگی و اجرای حد ضرر) | رشد عمودی (55٪ در ۶۰ روز، 40٪ بالای MA50) | P/E بالا (74) | واگرایی مثبت RSI
خشرق,الکتریک‌ خودرو شرق‌,خودرو و ساخت قطعات,72,پرریسک؛ صفی/رشد عمودی,100,75,88,20,3026,20260929,12.4,17.4,67.6,17.5,5.4,25.9,52.9,68.8,8,0,false,50.6,3.46,above,-2.7,0.74,2669,3110,3.94,21.91,2.41,19.36,9.46,137,22.09,,,2921,2817,3110,3319,0.4,سهم صفی: 8 روز از ۲۰ روز در صف (ریسک نقدشوندگی و اجرای حد ضرر) | 53٪ بالای MA200 | نقدشوندگی کمتر از ۱۰ میلیارد تومان
فنوال,نورد آلومینیوم‌,فلزات اساسی,72,قوی؛ نزدیک مقاومت، منتظر شکست یا پولبک,95,63,61.5,62,13330,20260929,13.4,6.5,48.4,-1.7,3.5,10.1,78.7,59.9,5,0,false,33,3.45,above,-5.9,0.91,12180,13560,8.16,-12.64,2.81,9.28,7.92,1597,8.35,13.48,-38.1,12870,12180,13560,14170,0.2,واگرایی منفی RSI | خروج مستمر پول حقیقی | 79٪ بالای MA200 | واگرایی منفی | حد ضرر دور (8.6٪) | نقدشوندگی کمتر از ۱۰ میلیارد تومان
اسیاتک,انتقال داده های آسیاتک,اطلاعات و ارتباطات,72,پرریسک؛ صفی/رشد عمودی,100,75,27.8,80,4460,20260929,8,9.6,102.3,52.2,5.4,27.1,78.1,69.2,2,0,false,41.7,3.33,above,-0.4,0.73,4170,,-27.27,2.01,1.25,-1.34,40.48,1000,4.46,7.97,-44,4311,4096,4906,5203,1.22,واگرایی منفی RSI | رشد عمودی (102٪ در ۶۰ روز، 27٪ بالای MA50) | 78٪ بالای MA200 | واگرایی منفی | حد ضرر دور (8.2٪)
سیتا,سرمایه گذاری سیمان تامین,سیمان، آهک و گچ,71.9,پرریسک؛ صفی/رشد عمودی,100,55,76.5,47,31360,20260929,8,11.4,19.3,-30.8,6.4,13.9,64.6,62.7,6,0,false,22.7,3.08,above,-3.9,1.05,29872,32640,11.87,34.13,2.31,25.12,34.42,4273,7.34,7.14,2.8,30394,29389,32640,34572,0.65,سهم صفی: 6 روز از ۲۰ روز در صف (ریسک نقدشوندگی و اجرای حد ضرر) | 65٪ بالای MA200 | شناوری کم (10٪)
زمگسا,کشاورزی‌ ودامپروی‌ مگسال‌,زراعت و خدمات وابسته,71.9,پرریسک؛ صفی/رشد عمودی,100,80,87.5,16,102930,20260929,15.4,13.6,31,-19.1,9,17.7,71.4,64.8,6,0,true,24.1,3.24,above,-2.8,1.15,100920,105920,36.53,30.92,17.53,38.16,9.76,12169,8.46,6.33,33.6,100920,99254,105920,112586,0.81,واگرایی منفی RSI | سهم صفی: 6 روز از ۲۰ روز در صف (ریسک نقدشوندگی و اجرای حد ضرر) | 71٪ بالای MA200 | واگرایی منفی | نقدشوندگی کمتر از ۱۰ میلیارد تومان
وسرمد,بیمه  سرمد,بیمه وصندوق بازنشستگی به جزتامین اجتماعی,71.9,قوی ولی پرریسک؛ فعلاً ورود نه,95,53,89,42,1631,20260929,6,-2,48,-2.1,1,6.1,39.1,56.9,3,0,false,29,3.71,above,-8.7,1.06,1605,1707,6.4,22.05,2.2,5.26,3.85,317,5.15,,,1605,1574,1707,1787,1.33,واگرایی منفی RSI | واگرایی منفی | نقدشوندگی کمتر از ۱۰ میلیارد تومان
شغدیر,پتروشیمی غدیر,محصولات شیمیایی,71.8,پرریسک؛ صفی/رشد عمودی,100,60,59.3,60,83890,20260929,7.2,23.3,219,168.9,9.2,30.9,113.5,71.4,1,0,false,64,3.11,above,-0.1,0.59,82210,,0.8,234.89,1.09,-5.63,67.52,12273,6.84,9.63,-29,82210,80907,91709,96921,2.62,واگرایی منفی RSI | رشد عمودی (219٪ در ۶۰ روز، 31٪ بالای MA50) | 114٪ بالای MA200 | واگرایی منفی
زکشت,کشاورزی مکانیزه اصفهان کشت,زراعت و خدمات وابسته,71.7,قوی ولی پرریسک؛ فعلاً ورود نه,83,80,63,60,15020,20260929,14.5,6.5,24.1,-26,6.8,14.6,75.5,65.1,5,0,true,18.2,3.32,above,-0.5,0.89,14492,,10.7,-1.05,1.95,11.09,11.56,2199,6.83,8.07,-15.4,14521,14242,16518,17516,1.93,76٪ بالای MA200
اعتلا,شرکت سرمایه گذاری اعتلاء البرز,سرمایه گذاریها,71.5,قوی؛ نزدیک مقاومت، منتظر شکست یا پولبک,90,30,72,82,2272,20260929,-0.9,-3.1,33.2,-16.9,-3.6,4,37,46.8,0,0,false,27,3.51,above,-11.2,0.57,2240,2358,3.25,7.39,0.98,0.59,3.97,377,6.03,8.73,-31,2240,2200,2358,2396,1.19,نقدشوندگی کمتر از ۱۰ میلیارد تومان
رافزا,رایان هم افزا,رایانه و فعالیت‌های وابسته به آن,71.5,پرریسک؛ صفی/رشد عمودی,100,75,36,70,20510,20260929,3.8,17.3,69.2,19.1,0.6,23.4,103.1,60.2,12,0,false,45.2,3.1,above,-11.7,0.92,15356,23225,-2.53,-14.67,57.86,23.67,12.39,2957,6.94,8.89,-22,19874,19238,23225,24497,2.13,خروج مستمر پول حقیقی | سهم صفی: 12 روز از ۲۰ روز در صف (ریسک نقدشوندگی و اجرای حد ضرر) | 103٪ بالای MA200
وثوق,سرمایه گذاری وثوق امین,سرمایه گذاریها,71.5,زیر نظر,100,85,78,20,44380,20260929,10.9,13.1,118.2,68.1,8,16.6,95.7,70.2,0,0,true,34,2.89,above,-0.7,0.95,42950,,4.4,0.57,1.81,8.53,5.03,81,547.9,,,43096,42308,48233,50802,1.86,رشد عمودی (118٪ در ۶۰ روز، 17٪ بالای MA50) | P/E بالا (548) | 96٪ بالای MA200 | نقدشوندگی کمتر از ۱۰ میلیارد تومان
حبندر,دریایی و کشتیرانی خط دریابندر,حمل ونقل، انبارداری و ارتباطات,71.5,قوی ولی پرریسک؛ فعلاً ورود نه,100,75,74,32,9490,20260929,3.6,9.2,67.4,17.3,5.5,17.4,98.6,68.6,0,0,false,34.5,3.58,above,-3.4,0.95,9223,,4.35,1.69,1.5,3.65,3.25,1112,8.53,,,9223,9053,10510,11190,2.33,99٪ بالای MA200 | نقدشوندگی کمتر از ۱۰ میلیارد تومان
نماد,گروه مالی نماد غدیر,سرمایه گذاریها,71.5,قوی ولی پرریسک؛ فعلاً ورود نه,100,63,35.5,80,4250,20260929,7.9,14.2,45.5,-4.6,5.2,17.3,,67,1,0,false,39.1,3.32,above,-1.2,0.86,3927,,-14.04,-51.85,4.21,44.38,33.12,995,4.27,7.13,-40.1,4109,3897,4674,4956,1.2,خروج مستمر پول حقیقی | حد ضرر دور (8.3٪) | شناوری کم (9٪)
دی,بانک دی,بانکها و موسسات اعتباری,71.4,پرریسک؛ صفی/رشد عمودی,100,70,79.5,50,1788,20260926,13,25.2,65.7,15.6,17.9,37.4,94,80.3,10,0,true,29.4,2.94,above,0,0.71,1525,,71.97,61.92,5.84,305.53,135.36,414,4.32,,,1735,1683,1946,2051,1.5,اشباع خرید | فاصله زیاد از MA20 | سهم صفی: 10 روز از ۲۰ روز در صف (ریسک نقدشوندگی و اجرای حد ضرر) | رشد عمودی (66٪ در ۶۰ روز، 37٪ بالای MA50) | 94٪ بالای MA200 | آخرین معامله 20260926 (متوقف یا کم‌معامله)
دکیمی,کیمیدارو,مواد و محصولات دارویی,71.4,پرریسک؛ صفی/رشد عمودی,100,85,88.5,9,74440,20260929,15.8,24,164.8,114.7,14.6,36.9,163.3,76.9,8,0,true,52.3,3.04,above,0,0.47,70170,,8.85,20.99,4.58,2.05,12.01,4266,17.45,12.91,35.2,72175,69037,81236,85767,1.26,واگرایی منفی RSI | سهم صفی: 8 روز از ۲۰ روز در صف (ریسک نقدشوندگی و اجرای حد ضرر) | رشد عمودی (165٪ در ۶۰ روز، 37٪ بالای MA50) | 163٪ بالای MA200 | واگرایی منفی | حد ضرر دور (7.3٪)
خپویش,سازه‌ پویش‌,خودرو و ساخت قطعات,71.4,پرریسک؛ صفی/رشد عمودی,100,70,89.5,20,5620,20260929,15.4,47.9,88.9,38.8,25.5,53.9,87.4,92.8,13,0,true,64,2.54,above,0,0.56,4001,,18.3,39.29,16.37,20.03,6.76,196,28.67,,,5477,5334,6049,6335,1.5,اشباع خرید | فاصله زیاد از MA20 | سهم صفی: 13 روز از ۲۰ روز در صف (ریسک نقدشوندگی و اجرای حد ضرر) | رشد عمودی (89٪ در ۶۰ روز، 54٪ بالای MA50) | 87٪ بالای MA200 | نقدشوندگی کمتر از ۱۰ میلیارد تومان
قپیرا,فرآورده‌های‌غدایی‌وقندپیرانشهر,قند و شکر,71.4,پرریسک؛ صفی/رشد عمودی,100,75,55.4,50,24930,20260929,3.4,34.5,77.3,27.2,13.6,35.8,97.3,76.1,6,0,true,61.3,3.23,above,-5.2,0.98,18820,,4.74,27.04,0.88,-2.56,4.76,2920,8.54,9.8,-12.9,24125,23320,27345,28955,1.5,سهم صفی: 6 روز از ۲۰ روز در صف (ریسک نقدشوندگی و اجرای حد ضرر) | رشد عمودی (77٪ در ۶۰ روز، 36٪ بالای MA50) | 97٪ بالای MA200 | نقدشوندگی کمتر از ۱۰ میلیارد تومان
وکبهمن,مدیریت سرمایه گذاری کوثربهمن,سرمایه گذاریها,71.4,قوی ولی پرریسک؛ فعلاً ورود نه,100,73,35,72,4060,20260929,7.4,18,46.9,-3.2,9.1,22.4,70.1,74,2,0,true,46,3.26,above,0,1.19,3980,,-18.75,-31.08,4.11,6.35,4.68,671,6.05,8.73,-30.7,3980,3914,4457,4722,2.72,خروج مستمر پول حقیقی | 70٪ بالای MA200 | نقدشوندگی کمتر از ۱۰ میلیارد تومان
البرز,بیمه البرز,بیمه وصندوق بازنشستگی به جزتامین اجتماعی,71.3,پرریسک؛ صفی/رشد عمودی,100,70,74,55,3410,20260928,13.9,50.9,65.5,15.4,20.6,48.4,74.9,90.9,8,0,true,66.2,2.75,above,0,1.19,2896,,40.76,138.93,5.92,-10.88,35.97,758,4.5,4.59,-2,3316,3223,3691,3879,1.5,اشباع خرید | فاصله زیاد از MA20 | سهم صفی: 8 روز از ۲۰ روز در صف (ریسک نقدشوندگی و اجرای حد ضرر) | رشد عمودی (66٪ در ۶۰ روز، 48٪ بالای MA50) | 75٪ بالای MA200 | شناوری کم (13٪) | آخرین معامله 20260928 (متوقف یا کم‌معامله)
ساروم,سیمان‌ارومیه‌,سیمان، آهک و گچ,71.2,قوی ولی پرریسک؛ فعلاً ورود نه,100,80,54,47,236400,20260929,10.9,23.3,32.7,-17.4,8,14.7,71.6,67.1,3,0,true,31.6,3.35,above,-0.4,0.74,225900,,17.18,-10.26,1.3,11.86,34.55,34336,6.88,7.14,-3.6,228483,221942,260150,275984,1.64,72٪ بالای MA200
کاما,باما,استخراج کانه های فلزی,71.2,پرریسک؛ صفی/رشد عمودی,95,75,38.7,72,5600,20260929,10.7,2,87.4,37.3,1.2,21.7,102.3,62.2,8,0,false,45.7,3.38,above,-10,0.71,5300,6220,107.49,-76.75,1.23,-34.89,139.73,786,7.12,13.76,-48.2,5411,5205,6220,6599,1.57,سهم صفی: 8 روز از ۲۰ روز در صف (ریسک نقدشوندگی و اجرای حد ضرر) | 102٪ بالای MA200 | حد ضرر دور (7.0٪)
کمینا,شیشه سازی مینا,سایر محصولات کانی غیرفلزی,71.1,زیر نظر,100,70,88.5,20,17300,20260929,15.7,45.1,120.1,70,22.7,49.5,119.6,88.5,8,0,true,68.3,2.71,above,0,1.14,13770,,19.56,34.37,4.31,23.15,5.8,259,66.8,,,16831,16363,18706,19643,1.5,اشباع خرید | فاصله زیاد از MA20 | سهم صفی: 8 روز از ۲۰ روز در صف (ریسک نقدشوندگی و اجرای حد ضرر) | رشد عمودی (120٪ در ۶۰ روز، 50٪ بالای MA50) | P/E بالا (67) | 120٪ بالای MA200 | نقدشوندگی کمتر از ۱۰ میلیارد تومان
نمرینو,ایران‌ مرینوس‌,منسوجات,71.1,قوی ولی پرشده؛ منتظر پولبک,100,73,82,24,8490,20260929,10.5,27.5,44,-6.1,14.9,29.2,47.8,78.7,4,0,true,43.1,2.95,above,0,0.77,7200,,1.85,6.26,1.32,1.25,3.61,953,8.91,7.72,15.4,8239,7989,9242,9743,1.5,واگرایی منفی RSI | اشباع خرید | واگرایی منفی | نقدشوندگی کمتر از ۱۰ میلیارد تومان
بهامرز,بیمه زندگی هامرز,بیمه وصندوق بازنشستگی به جزتامین اجتماعی,71,زیر نظر,100,70,88,20,8090,20260929,15.6,65.4,128.5,78.4,24.8,62.9,152.7,96.1,16,0,true,76.1,2.55,above,0,0.65,6600,,1.76,24.49,1.61,0.25,3.39,253,31.98,,,7883,7677,8710,9123,1.5,اشباع خرید | فاصله زیاد از MA20 | سهم صفی: 16 روز از ۲۰ روز در صف (ریسک نقدشوندگی و اجرای حد ضرر) | رشد عمودی (128٪ در ۶۰ روز، 63٪ بالای MA50) | P/E بالا (32) | 153٪ بالای MA200 | نقدشوندگی کمتر از ۱۰ میلیارد تومان
آواپارس,بیمه اتکایی آوای پارس,بیمه وصندوق بازنشستگی به جزتامین اجتماعی,71,پرریسک؛ صفی/رشد عمودی,100,70,98,50,4870,20260929,14.3,43.7,111.6,61.4,20.9,48.5,145.2,98.4,20,0,true,87.4,2.29,above,0,1.71,2583,,0.22,1.45,2.55,3.14,0.73,1471,3.31,,,4758,4647,5205,5428,1.5,نقدشوندگی پایین | واگرایی منفی RSI | اشباع خرید | فاصله زیاد از MA20 | سهم صفی: 20 روز از ۲۰ روز در صف (ریسک نقدشوندگی و اجرای حد ضرر) | رشد عمودی (112٪ در ۶۰ روز، 49٪ بالای MA50) | 145٪ بالای MA200 | واگرایی منفی | نقدشوندگی کمتر از ۱۰ میلیارد تومان
وپخش,داروپخش‌ (هلدینگ‌,مواد و محصولات دارویی,71,پرریسک؛ صفی/رشد عمودی,100,73,88.5,17,54670,20260929,15.8,19.5,46.2,-3.9,13.4,17.8,94.4,70.8,8,0,true,22,3.24,above,0,0.88,52180,,42.53,98.79,3.39,16.07,32.89,3800,14.39,12.91,11.4,52901,51296,59977,63515,1.57,واگرایی منفی RSI | سهم صفی: 8 روز از ۲۰ روز در صف (ریسک نقدشوندگی و اجرای حد ضرر) | توزیع: ورود حقیقی با سرانه خرید ضعیف (0.68 در ۲۰ روز) | 94٪ بالای MA200 | واگرایی منفی | شناوری کم (11٪)
ثباغ,شهر سازی و خانه سازی باغمیشه,انبوه سازی، املاک و مستغلات,70.9,قوی؛ نزدیک مقاومت، منتظر شکست یا پولبک,100,45,55.7,72,7610,20260929,6,-4.6,36.4,-13.7,1.2,14.7,53.4,58.3,0,0,false,43,3.58,above,-5.2,0.89,7330,7980,11.18,-3.01,1.31,4.08,9.06,1129,6.74,23.59,-71.4,7338,7194,7980,8525,0.89,53٪ بالای MA200 | نقدشوندگی کمتر از ۱۰ میلیارد تومان
خصدرا,صنعتی‌ دریایی‌ ایران‌,پیمانکاری صنعتی,70.9,پرریسک؛ صفی/رشد عمودی,90,65,88.5,35,2576,20260929,15.8,7.1,9.7,-40.4,15.3,27.5,11.8,71.5,18,0,true,26.4,3.07,above,-14.7,0.77,2518,2635,2.62,8.89,9.57,16.8,4.88,191,13.49,,,2518,2479,2635,2697,0.61,واگرایی منفی RSI | فاصله زیاد از MA20 | سهم صفی: 18 روز از ۲۰ روز در صف (ریسک نقدشوندگی و اجرای حد ضرر) | واگرایی منفی | نقدشوندگی کمتر از ۱۰ میلیارد تومان
فولاد,فولاد مبارکه اصفهان,فلزات اساسی,70.8,قوی ولی پرشده؛ منتظر پولبک,100,55,47.3,72,3520,20260929,8,28,13.4,-36.7,13.6,28,46.6,75,3,0,true,50.1,3.03,above,0,0.58,3409,,-109.17,236.65,1.43,285.38,1163.06,518,6.8,13.48,-49.6,3413,3355,3840,4054,1.94,توزیع: ورود حقیقی با سرانه خرید ضعیف (0.85 در ۲۰ روز)
خریخت,صنایع‌ریخته‌گری‌ایران‌,خودرو و ساخت قطعات,70.8,پرریسک؛ صفی/رشد عمودی,100,70,75,32,1792,20260929,11.2,54.1,77.5,27.4,20.1,42.6,79.3,91.2,7,0,true,57.9,2.99,above,-0.7,0.89,1229,,2.08,12.07,1.95,-5.77,6,185,9.69,,,1738,1685,1953,2060,1.5,واگرایی منفی RSI | اشباع خرید | فاصله زیاد از MA20 | سهم صفی: 7 روز از ۲۰ روز در صف (ریسک نقدشوندگی و اجرای حد ضرر) | رشد عمودی (77٪ در ۶۰ روز، 43٪ بالای MA50) | 79٪ بالای MA200 | واگرایی منفی | نقدشوندگی کمتر از ۱۰ میلیارد تومان
مارون,پتروشیمی مارون,محصولات شیمیایی,70.8,پرریسک؛ صفی/رشد عمودی,100,70,90,37,29410,20260928,15.8,64.2,60.2,10.1,29.4,49.3,55.9,93.1,15,0,true,58.2,2.35,above,0,0.24,23679,,25.89,400.95,12.71,26.87,24.77,3493,8.42,8.01,5.1,28718,28025,31487,32872,1.5,اشباع خرید | فاصله زیاد از MA20 | سهم صفی: 15 روز از ۲۰ روز در صف (ریسک نقدشوندگی و اجرای حد ضرر) | رشد عمودی (60٪ در ۶۰ روز، 49٪ بالای MA50) | 56٪ بالای MA200 | آخرین معامله 20260928 (متوقف یا کم‌معامله)
وبهمن,سرمایه‌گذاری‌بهمن‌,سرمایه گذاریها,70.7,قوی؛ نزدیک مقاومت، منتظر شکست یا پولبک,85,45,54.7,90,2151,20260929,4.3,-0.1,28.2,-21.9,-1.8,7.5,18.4,52.2,3,0,false,22.4,3.37,above,-11.4,0.54,2080,2215,23.79,117.14,0.89,-0.92,25.28,710,3.03,7.13,-57.5,2080,2044,2215,2428,0.6,توزیع: ورود حقیقی با سرانه خرید ضعیف (0.77 در ۲۰ روز)
ومعادن,توسعه‌معادن‌وفلزات‌,استخراج کانه های فلزی,70.6,قوی؛ نزدیک مقاومت، منتظر شکست یا پولبک,100,75,52.5,50,3580,20260929,9.8,23.6,60.4,10.3,8.5,28.8,76.4,68.9,5,0,false,44.8,3.6,above,-5.3,0.84,2965,3780,264.98,425.1,0.62,-396.64,386.1,318,11.26,13.76,-18.2,3451,3322,3780,4038,0.78,توزیع: ورود حقیقی با سرانه خرید ضعیف (0.50 در ۲۰ روز) | 76٪ بالای MA200 | سرانه خرید ضعیف (0.62) | حد ضرر دور (7.2٪)
زفارس,کشت وصنعت و دامپروری پگاه فارس,زراعت و خدمات وابسته,70.6,قوی ولی پرریسک؛ فعلاً ورود نه,95,55,87.5,37,24450,20260929,6.9,2.8,37.8,-12.3,1.7,15.4,,60,4,0,false,37.8,3.26,above,-9.3,0.81,22340,26970,15.75,15.49,18.62,29.67,11.41,2916,8.38,8.07,3.9,23653,22458,26970,28563,1.27,واگرایی منفی RSI | 177٪ بالای کف ۵۲ هفته | واگرایی منفی | حد ضرر دور (8.1٪)
چافست,افست‌,انتشار، چاپ و تکثیر,70.6,قوی؛ نزدیک مقاومت، منتظر شکست یا پولبک,95,75,61.5,47,23360,20260929,6.4,9.1,71.5,21.4,3.9,13.4,75.8,61.1,5,0,false,37.7,3.65,above,-7.3,0.72,21310,24060,6.68,-13.94,8.77,7.19,8.95,4380,5.33,5.01,6.5,22507,21227,24060,25200,0.33,خروج مستمر پول حقیقی | 76٪ بالای MA200 | حد ضرر دور (9.1٪) | نقدشوندگی کمتر از ۱۰ میلیارد تومان
پترول,گ.س.وت.ص.پتروشیمی خلیج فارس,محصولات شیمیایی,70.6,قوی ولی پرریسک؛ فعلاً ورود نه,90,65,32.3,90,2495,20260929,-0.1,8.7,53,2.9,0,11.4,52.6,55.3,3,0,false,34.4,3.62,above,-11.7,0.73,2406,2825,-6.11,113.35,1.01,-32.31,70.7,710,3.51,9.63,-63.5,2406,2361,2825,3006,2.46,53٪ بالای MA200
حخزر,کشتیرانی دریای خزر,حمل و نقل آبی,70.5,پرریسک؛ صفی/رشد عمودی,100,70,89,17,11750,20260929,12,56.3,193.7,143.6,21.1,54.1,203.3,91.5,6,0,true,82.4,2.75,above,0,0.75,6430,,40.34,60.26,2.6,19.77,22.91,944,12.45,10.36,20.1,11426,11103,12721,13368,1.5,واگرایی منفی RSI | اشباع خرید | فاصله زیاد از MA20 | سهم صفی: 6 روز از ۲۰ روز در صف (ریسک نقدشوندگی و اجرای حد ضرر) | رشد عمودی (194٪ در ۶۰ روز، 54٪ بالای MA50) | 203٪ بالای MA200 | واگرایی منفی
کیمیاتک,آریان کیمیا تک,محصولات شیمیایی,70.5,قوی؛ نزدیک مقاومت، منتظر شکست یا پولبک,100,75,78,24,21240,20260929,9.2,21.5,76.4,26.3,7.2,20.4,123.4,67.2,4,0,false,46.3,3.14,above,-4.4,0.34,19400,22210,13.08,1.69,3.32,20.39,23.66,1968,10.79,9.63,12.1,20572,19570,22210,23546,0.58,123٪ بالای MA200 | حد ضرر دور (7.9٪)
شفارا,پتروشیمی فارابی,محصولات شیمیایی,70.5,قوی؛ نزدیک مقاومت، منتظر شکست یا پولبک,100,75,77,25,1739,20260929,5.3,13.6,67.8,17.7,3.4,20.2,44.8,64.6,5,0,false,42.6,3.67,above,-5.4,0.53,1659,1806,1.12,0.81,2.2,2.83,10.18,126,13.8,,,1675,1627,1806,1838,0.6,واگرایی منفی RSI | توزیع: ورود حقیقی با سرانه خرید ضعیف (0.65 در ۲۰ روز) | واگرایی منفی
دقاضی,داروسازی شهید قاضی,مواد و محصولات دارویی,70.4,پرریسک؛ صفی/رشد عمودی,95,100,63.5,24,24160,20260929,15.8,14.2,76.8,26.6,9.8,12.8,114.1,66.9,6,0,true,25.6,3.15,above,0,0.7,23880,,49.04,-11.28,4.35,54.1,25.96,2413,10.01,8.86,13,23880,23499,26445,27969,3.46,سهم صفی: 6 روز از ۲۰ روز در صف (ریسک نقدشوندگی و اجرای حد ضرر) | 114٪ بالای MA200
خرینگ,رینگ‌سازی‌مشهد,خودرو و ساخت قطعات,70.4,پرریسک؛ صفی/رشد عمودی,100,75,69.4,32,18480,20260929,1.6,21.1,61,10.9,12,30.8,64.9,75.7,2,1,true,69.2,3.38,above,-0.7,0.95,18290,,7.96,11.5,1.28,16.71,15.16,1668,11.08,,,18290,17978,20355,21604,3.73,واگرایی منفی RSI | رشد عمودی (61٪ در ۶۰ روز، 31٪ بالای MA50) | 65٪ بالای MA200 | واگرایی منفی | صف فروش در ۵ روز اخیر
غپینو,پارس‌ مینو,محصولات غذایی و آشامیدنی به جز قند و شکر,70.3,قوی؛ نزدیک مقاومت، منتظر شکست یا پولبک,100,55,57,60,2106,20260929,5.2,11.4,30.1,-20,5.4,13.6,89.5,62.8,4,0,false,40.3,3.61,above,-5.9,1.51,1983,2239,16.33,-55.95,4.9,-61.18,51.83,275,7.66,8.53,-10.2,2030,1945,2239,2391,0.83,خروج مستمر پول حقیقی | 90٪ بالای MA200 | حد ضرر دور (7.6٪)
هجرت,پخش هجرت,مواد و محصولات دارویی,70.3,قوی ولی پرریسک؛ فعلاً ورود نه,95,100,63,24,8980,20260929,14.1,6.1,70.1,20,9,19.3,128.1,69.2,4,0,true,29.7,3.34,above,0,0.51,8735,,21.13,-31,15.6,5.02,34.23,888,10.11,8.86,14.1,8735,8585,9880,10480,2.28,128٪ بالای MA200
وامید,گروه مدیریت سرمایه گذاری امید,شرکتهای چند رشته ای صنعتی,70.2,قوی؛ نزدیک مقاومت، منتظر شکست یا پولبک,100,80,46.6,50,6110,20260929,6.3,10.9,6.9,-43.2,5.6,14.3,29.7,65.9,0,0,true,30.6,2.76,above,-6,0.44,5788,6498,1.77,-149.63,1.03,2.83,46.38,638,9.58,10.88,-12,5941,5704,6498,6836,0.96,خروج مستمر پول حقیقی | شناوری کم (6٪)
قاسم,قاسم ایران,خرده فروشی،باستثنای وسایل نقلیه موتوری,70.1,قوی؛ نزدیک مقاومت، منتظر شکست یا پولبک,95,55,88.5,34,2394,20260929,15.4,2,30,-20.1,4.4,11.1,91.8,61.2,5,0,false,20.6,3.41,above,-2.9,0.86,2219,2458,49.83,43.92,10.59,50.6,14.52,345,6.94,6.17,12.5,2312,2190,2458,2621,0.31,92٪ بالای MA200 | حد ضرر دور (8.5٪)
وهامون,سرمایه گذاری هامون صبا,سرمایه گذاریها,70.1,قوی؛ نزدیک مقاومت، منتظر شکست یا پولبک,100,55,36.5,80,1682,20260929,5,4.6,18.5,-31.7,2.2,10.4,31.7,60.1,0,0,false,20.3,2.83,above,-4.4,0.63,1623,1760,-0.28,-8.03,1.98,7.63,5.95,427,3.94,8.73,-54.9,1634,1599,1760,1855,0.94,واگرایی منفی RSI | خروج مستمر پول حقیقی | واگرایی منفی | نقدشوندگی کمتر از ۱۰ میلیارد تومان
وشهر,بانک شهر,بانکها و موسسات اعتباری,70,قوی ولی پرریسک؛ فعلاً ورود نه,95,65,72,42,3370,20260929,12.3,10.9,24.4,-25.7,10.8,14,34.5,72.8,2,0,true,24.7,2.72,above,0,1.57,3125,,33.9,-36.28,3.11,37.96,14.62,533,6.32,,,3278,3141,3645,3828,1.2,واگرایی منفی RSI | خروج مستمر پول حقیقی | 219٪ بالای کف ۵۲ هفته | واگرایی منفی
پردیس,سرمایه گذاری پردیس,سرمایه گذاریها,70,قوی ولی پرریسک؛ فعلاً ورود نه,100,80,36,60,2268,20260929,12.3,8.2,36.3,-13.8,6.9,17.8,34.6,68.1,0,0,true,37.2,3.12,above,-0.8,1.02,2176,,-4.64,-14.82,1.77,4.47,5.85,404,5.61,7.13,-21.3,2197,2141,2480,2622,1.67,واگرایی منفی RSI | خروج مستمر پول حقیقی | واگرایی منفی | نقدشوندگی کمتر از ۱۰ میلیارد تومان
غاذر,کشت‌وصنعت‌پیاذر,محصولات غذایی و آشامیدنی به جز قند و شکر,70,پرریسک؛ صفی/رشد عمودی,100,60,88,24,33890,20260929,15.8,20.9,96.8,46.6,8.8,29.7,149.9,72,7,0,false,45.2,3.13,above,-2.3,0.23,28010,34700,13.12,58.03,5.76,20.47,35.66,3154,10.75,8.53,26,32828,31767,34700,36823,0.38,سهم صفی: 7 روز از ۲۰ روز در صف (ریسک نقدشوندگی و اجرای حد ضرر) | توزیع: ورود حقیقی با سرانه خرید ضعیف (0.82 در ۲۰ روز) | 150٪ بالای MA200
تلیسه,دامداری تلیسه نمونه,زراعت و خدمات وابسته,70,زیر نظر,95,63,78.5,37,10360,20260929,15.2,4.4,42.2,-7.9,6.1,16.2,87.9,64.6,6,0,false,33,3.49,above,-4.2,0.5,9880,10810,19.36,2.04,10.23,35.57,20.23,1266,8.18,8.07,1.4,9998,9699,10810,11534,0.68,واگرایی منفی RSI | سهم صفی: 6 روز از ۲۰ روز در صف (ریسک نقدشوندگی و اجرای حد ضرر) | توزیع: ورود حقیقی با سرانه خرید ضعیف (0.73 در ۲۰ روز) | 88٪ بالای MA200 | واگرایی منفی
بترانس,ایران‌ ترانسفو,ماشین آلات و دستگاه‌های برقی,69.9,زیر نظر,100,80,27.5,68,3630,20260929,2.3,13.8,26.1,-24,6.6,14.7,46.5,64.7,1,0,true,21.5,3.25,above,-1.1,1.12,3570,,-110.97,166.48,0.59,-218.59,102.57,747,4.86,6.15,-21,3570,3511,3984,4219,2.97,توزیع: ورود حقیقی با سرانه خرید ضعیف (0.89 در ۲۰ روز) | سرانه خرید ضعیف (0.59)
شپاکسا,پاکسان‌,محصولات شیمیایی,69.9,زیر نظر,100,75,62.5,37,2840,20260929,13.1,14.5,108.4,58.3,7.8,23.4,102,67.1,5,0,false,41.3,3.41,above,-3.4,0.89,2700,2940,32.58,5.16,9.41,-1.63,34.14,327,8.69,9.63,-9.8,2743,2652,2940,3134,0.53,واگرایی منفی RSI | رشد عمودی (108٪ در ۶۰ روز، 23٪ بالای MA50) | توزیع: ورود حقیقی با سرانه خرید ضعیف (0.73 در ۲۰ روز) | 102٪ بالای MA200 | واگرایی منفی
زگلدشت,کشت و دام گلدشت نمونه اصفهان,زراعت و خدمات وابسته,69.9,زیر نظر,95,80,77.5,24,11310,20260929,15.5,6.4,29.2,-20.9,7.5,12.5,79.8,65.7,3,0,true,25.6,3.46,above,-0.2,1.07,10910,,48.38,8.88,4.84,41.41,17.52,1225,9.23,8.07,14.4,10919,10715,12483,13265,1.97,توزیع: ورود حقیقی با سرانه خرید ضعیف (0.79 در ۲۰ روز) | 80٪ بالای MA200
غگیلا,شیرپاستوریزه پگاه گیلان,محصولات غذایی و آشامیدنی به جز قند و شکر,69.9,زیر نظر,100,70,99.5,4,41510,20260929,14.5,58,135.2,85.1,28.1,60.2,142.9,96.2,11,0,true,81.3,2.61,above,0,1.29,24500,,4.48,11.51,46.15,12.28,4.3,1291,32.15,7.05,356.1,40428,39345,44757,46922,1.5,واگرایی منفی RSI | اشباع خرید | فاصله زیاد از MA20 | سهم صفی: 11 روز از ۲۰ روز در صف (ریسک نقدشوندگی و اجرای حد ضرر) | رشد عمودی (135٪ در ۶۰ روز، 60٪ بالای MA50) | P/E بالا (32) | 143٪ بالای MA200 | واگرایی منفی | نقدشوندگی کمتر از ۱۰ میلیارد تومان
آردینه,نشاسته و گلوکز آردینه,محصولات غذایی و آشامیدنی به جز قند و شکر,69.9,زیر نظر,100,63,52,57,33270,20260929,5,8.3,40.7,-9.4,0.4,8.6,69,54.8,5,0,false,22.3,3.83,above,-10,0.55,31410,36980,-6.6,24.09,1.7,12.41,27.88,4668,7.13,7.05,1.1,31996,30773,36980,39527,1.49,69٪ بالای MA200 | حد ضرر دور (7.5٪)
بنو,بیمه تجارت نو,بیمه وصندوق بازنشستگی به جزتامین اجتماعی,69.8,زیر نظر,95,55,59.4,62,2018,20260929,10,0.9,38.2,-11.9,0.1,9,36.8,55.6,2,0,false,23.3,3.67,above,-7.9,0.41,1935,2074,3.82,57.59,1.08,-0.62,13.96,239,8.44,18.13,-53.4,1944,1898,2074,2130,0.47,توزیع: ورود حقیقی با سرانه خرید ضعیف (0.83 در ۲۰ روز)
حآفرین,ریل پرداز نو آفرین,حمل ونقل، انبارداری و ارتباطات,69.8,زیر نظر,90,65,29.3,90,2753,20260929,-3.1,11.6,68.1,18,-4.2,22.9,78.2,54.6,12,0,false,51.6,3.72,above,-20,1.39,1834,3440,-6.52,87.87,0.91,-39.82,41.17,704,3.91,7.68,-49.1,2651,2548,3440,3645,3.36,سهم صفی: 12 روز از ۲۰ روز در صف (ریسک نقدشوندگی و اجرای حد ضرر) | 78٪ بالای MA200 | حد ضرر دور (7.4٪)
فروسیل,فروسیلیسیم خمین,فلزات اساسی,69.8,زیر نظر,100,75,75.2,24,15370,20260929,10.3,18.3,73.1,22.9,3.3,23.4,72.2,64.9,9,0,false,49.9,3.21,above,-6.6,0.54,13910,16460,3.86,2.6,1.53,1.92,10.05,1620,9.49,8.05,17.9,14876,14136,16460,17447,0.88,سهم صفی: 9 روز از ۲۰ روز در صف (ریسک نقدشوندگی و اجرای حد ضرر) | توزیع: ورود حقیقی با سرانه خرید ضعیف (0.83 در ۲۰ روز) | 72٪ بالای MA200 | حد ضرر دور (8.0٪)
کفپارس,فرآورده‌های‌ نسوز پارس‌,سایر محصولات کانی غیرفلزی,69.8,زیر نظر,100,75,37,62,5970,20260929,2.8,15.3,61.4,11.2,1.6,16.3,78.8,58.8,5,0,false,40.8,3.33,above,-9.8,0.85,5665,6620,-0.25,-3.34,7.32,0.02,13.37,722,8.27,12.75,-35.1,5771,5565,6620,7018,1.61,79٪ بالای MA200
فجام,جام‌دارو,ساخت محصولات فلزی,69.7,زیر نظر,100,75,74.8,24,18840,20260929,8,5.2,67,16.8,4.6,22.3,102.7,64.9,3,0,false,37.5,3.21,above,-2.9,0.51,18590,19400,6.61,21.92,1.05,1.43,7.2,2172,8.67,7.54,15,18590,18287,19400,20610,1.01,واگرایی منفی RSI | 103٪ بالای MA200 | واگرایی منفی | نقدشوندگی کمتر از ۱۰ میلیارد تومان
وامین,سرمایه گذاری امین مهرگان,سرمایه گذاریها,69.6,زیر نظر,100,60,73.5,37,6590,20260929,5.9,48.6,118.5,68.4,18.4,51.1,79.1,85.9,9,0,true,68.6,2.64,above,-3.9,1.75,4458,,-6.42,28.74,4.64,1.26,12.16,785,8.39,8.73,-3.8,6416,6242,7112,7460,1.5,اشباع خرید | فاصله زیاد از MA20 | سهم صفی: 9 روز از ۲۰ روز در صف (ریسک نقدشوندگی و اجرای حد ضرر) | رشد عمودی (119٪ در ۶۰ روز، 51٪ بالای MA50) | 79٪ بالای MA200
داسوه,داروسازی‌ اسوه‌,مواد و محصولات دارویی,69.6,زیر نظر,95,75,87.5,17,102410,20260929,15.8,11,162.7,112.6,5.6,25.8,147,67.4,9,0,false,50.9,3.08,above,-6.1,0.46,92270,109090,4.02,18.89,9.81,5.89,10.64,6197,16.53,12.91,28,99252,96093,109090,115407,1.06,واگرایی منفی RSI | سهم صفی: 9 روز از ۲۰ روز در صف (ریسک نقدشوندگی و اجرای حد ضرر) | رشد عمودی (163٪ در ۶۰ روز، 26٪ بالای MA50) | توزیع: ورود حقیقی با سرانه خرید ضعیف (0.83 در ۲۰ روز) | 147٪ بالای MA200 | واگرایی منفی | شناوری کم (9٪)
اپال,فرآوری معدنی اپال کانی پارس,استخراج کانه های فلزی,69.6,زیر نظر,65,53,98,60,14100,20260929,2.3,-5.4,41.4,-8.7,-4.8,10.6,40.5,51.4,0,0,false,31.4,3.48,above,-15.1,1.72,13460,16600,53.66,32.03,21.96,44.94,12.1,1442,9.78,13.76,-28.9,13610,13215,16600,17581,2.82,شناوری کم (9٪)
شفن,پتروشیمی فناوران,محصولات شیمیایی,69.6,زیر نظر,100,85,86.4,4,7860,20260929,8.7,36.2,114.1,64,15.2,37.7,63.8,79.3,4,0,true,60.6,2.88,above,-0.3,0.84,7430,,5.86,98.14,1.51,30.51,30.59,284,27.68,9.63,187.4,7634,7317,8539,8991,1.25,اشباع خرید | فاصله زیاد از MA20 | رشد عمودی (114٪ در ۶۰ روز، 38٪ بالای MA50) | 64٪ بالای MA200
دفرا,فرآورده‌های‌ تزریقی‌ ایران‌,مواد و محصولات دارویی,69.5,زیر نظر,85,78,96.7,17,51150,20260929,15.3,-4,46.8,-3.3,4.2,1.9,91.5,58.3,4,0,true,25.7,3.74,above,-8.7,1.41,50383,55770,27.35,53.42,1.51,5.81,11.73,3353,15.25,12.91,18.2,50383,49426,55770,59598,2.68,توزیع: ورود حقیقی با سرانه خرید ضعیف (0.66 در ۲۰ روز) | 91٪ بالای MA200
کلر,کلر پارس,محصولات شیمیایی,69.5,زیر نظر,95,80,63,37,12400,20260929,15.8,12.9,16.5,-33.6,8.2,19.7,66.8,67.1,7,0,true,23.1,3.23,above,-3.1,1.14,11500,12800,2.9,-8.42,6.35,27,18.03,1504,8.24,8.01,2.9,11999,11398,12800,13601,0.4,واگرایی منفی RSI | سهم صفی: 7 روز از ۲۰ روز در صف (ریسک نقدشوندگی و اجرای حد ضرر) | 67٪ بالای MA200 | واگرایی منفی | حد ضرر دور (8.1٪)
فولاژ,فولاد آلیاژی ایران,فلزات اساسی,69.5,زیر نظر,100,60,80,30,6820,20260929,10.5,12.4,88.1,37.9,8,26.5,80.7,71.5,2,0,false,51.8,3.15,above,-0.4,0.88,5840,,38.18,47.54,1.28,16.27,21.3,541,12.61,13.48,-6.5,6605,6390,7465,7895,1.5,توزیع: ورود حقیقی با سرانه خرید ضعیف (0.75 در ۲۰ روز) | 81٪ بالای MA200
سیسکو,فولاد سیرجان ایرانیان,فلزات اساسی,69.4,زیر نظر,100,75,35.5,62,6680,20260929,7.9,24.6,118.5,68.3,7.5,29.7,135.2,67.3,9,0,false,58,2.85,above,-4,0.51,6150,6960,-33.92,-434.12,2.89,51.84,91.84,820,8.15,13.48,-39.6,6490,6204,6960,7341,0.59,خروج مستمر پول حقیقی | سهم صفی: 9 روز از ۲۰ روز در صف (ریسک نقدشوندگی و اجرای حد ضرر) | رشد عمودی (118٪ در ۶۰ روز، 30٪ بالای MA50) | 135٪ بالای MA200 | حد ضرر دور (7.1٪) | شناوری کم (7٪)
چکاوه,صنایع‌کاغذسازی‌کاوه‌,محصولات کاغذی,69.4,زیر نظر,100,60,99.5,10,14360,20260929,11.6,45.3,105.7,55.6,24.2,45.9,92.3,89.3,10,0,true,58.4,2.69,above,-0.2,2.38,12250,,14.13,53.12,2.64,17.22,13.05,,,16.48,,13974,13588,15518,16290,1.5,اشباع خرید | فاصله زیاد از MA20 | بدون EPS مثبت | سهم صفی: 10 روز از ۲۰ روز در صف (ریسک نقدشوندگی و اجرای حد ضرر) | رشد عمودی (106٪ در ۶۰ روز، 46٪ بالای MA50) | 92٪ بالای MA200
شپارس,بین‌ المللی‌ محصولات‌  پارس‌,محصولات شیمیایی,69.3,زیر نظر,100,75,37,60,2691,20260929,9.6,13.9,116.5,66.4,3.5,28.6,110.7,65.5,9,0,false,53.2,3.08,above,-8.7,0.63,2391,2948,-0.24,-33.75,9.58,12.84,17.41,370,7.27,9.63,-24.5,2608,2525,2948,3114,1.55,خروج مستمر پول حقیقی | سهم صفی: 9 روز از ۲۰ روز در صف (ریسک نقدشوندگی و اجرای حد ضرر) | رشد عمودی (116٪ در ۶۰ روز، 29٪ بالای MA50) | 111٪ بالای MA200
شمس,تولید انرژی برق شمس پاسارگاد,عرضه برق، گاز، بخاروآب گرم,69.3,زیر نظر,100,75,88,9,12080,20260929,4.1,5,60.9,10.7,3.7,6.3,92.2,57.5,1,0,false,29.5,3.8,above,-6.5,0.54,11270,12900,9.31,44.07,3.29,26.71,15.84,887,13.62,10.04,35.6,11621,11041,12900,13817,0.79,92٪ بالای MA200 | حد ضرر دور (8.6٪)
شصدف,صنعتی دوده فام,محصولات شیمیایی,69.1,زیر نظر,100,75,36.5,60,18240,20260929,6,5.9,69.6,19.5,2,16.9,53.4,58,3,0,false,51.5,3.72,above,-7.6,0.68,17140,18800,-6.25,-0.02,1.67,3.17,31.97,2572,7.09,8.01,-11.5,17562,16801,18800,19740,0.39,53٪ بالای MA200 | حد ضرر دور (7.9٪)
تپسی,پیشگامان فن آوری و دانش آرامیس,رایانه و فعالیت‌های وابسته به آن,69,زیر نظر,100,70,90,10,25720,20260929,6.1,26.4,100.2,50,11.5,31.3,49.7,99.6,20,0,true,94.8,1.02,above,0,0.64,22600,,15.72,76.39,14.16,15.38,5,,,8.89,,25459,25197,26504,27026,1.5,اشباع خرید | بدون EPS مثبت | سهم صفی: 20 روز از ۲۰ روز در صف (ریسک نقدشوندگی و اجرای حد ضرر) | رشد عمودی (100٪ در ۶۰ روز، 31٪ بالای MA50) | نقدشوندگی کمتر از ۱۰ میلیارد تومان
ثنور,سرمایه گذاری کوه نور,انبوه سازی، املاک و مستغلات,69,زیر نظر,100,75,76,20,7030,20260929,0.7,7.8,73.8,23.6,1.6,17.5,82.5,61.5,0,0,false,56.7,3.4,above,-6.8,0.84,6640,7270,0.41,1.71,1.64,3.43,3.07,26,270.38,,,6791,6520,7270,7540,0.47,P/E بالا (270) | 82٪ بالای MA200 | حد ضرر دور (7.2٪) | نقدشوندگی کمتر از ۱۰ میلیارد تومان
کچاد,معدنی‌وصنعتی‌چادرملو,استخراج کانه های فلزی,68.9,زیر نظر,100,55,61.5,50,3002,20260929,7.2,10,39.2,-10.9,2.5,14.7,34.7,60.8,4,0,false,32.5,3.53,above,-7.1,0.72,2840,3230,24.2,71.04,3.44,-53.93,145.32,277,10.84,13.76,-21.2,2896,2787,3230,3442,1.06,توزیع: ورود حقیقی با سرانه خرید ضعیف (0.65 در ۲۰ روز) | حد ضرر دور (7.2٪)
شوینده,مدیریت صنعت شوینده ت.ص.بهشهر,محصولات شیمیایی,68.9,زیر نظر,100,75,81.5,14,43650,20260929,5.2,15.5,68.5,18.4,2.8,9.2,61.2,57.7,7,0,false,30.9,3.32,above,-10,1.73,41160,44300,2.31,28.6,1.8,-18.88,12.41,1772,24.63,9.63,155.8,42202,40436,44300,48510,0.2,سهم صفی: 7 روز از ۲۰ روز در صف (ریسک نقدشوندگی و اجرای حد ضرر) | 61٪ بالای MA200 | حد ضرر دور (7.4٪)
بزندگی,بیمه زندگی آگاه,بیمه وصندوق بازنشستگی به جزتامین اجتماعی,68.9,زیر نظر,100,70,99.5,20,6780,20260928,15.5,47.7,138.6,88.4,25.1,49.7,143.8,95.3,7,0,true,77.8,2.33,above,0,1.41,4840,,22.5,43.16,54.29,28.03,4.14,328,20.67,,,6622,6465,7253,7569,1.5,اشباع خرید | فاصله زیاد از MA20 | سهم صفی: 7 روز از ۲۰ روز در صف (ریسک نقدشوندگی و اجرای حد ضرر) | رشد عمودی (139٪ در ۶۰ روز، 50٪ بالای MA50) | 144٪ بالای MA200 | نقدشوندگی کمتر از ۱۰ میلیارد تومان | آخرین معامله 20260928 (متوقف یا کم‌معامله)
خبرنا,تولیدی برنا باطری,خودرو و ساخت قطعات,68.9,زیر نظر,100,63,89,16,8920,20260929,8.3,12.8,41.7,-8.4,5.9,22.3,38,67.5,1,0,false,36.6,3.2,above,-3,0.8,7690,9200,32.69,77.97,1.92,47.85,29.56,1058,8.43,5.87,43.6,8634,8349,9200,9771,0.49,
دکپسول,تولید ژلاتین کپسول ایران,مواد و محصولات دارویی,68.8,زیر نظر,95,80,60.4,37,181400,20260929,4.7,0.5,15.9,-34.2,3.3,6.7,34.3,56.7,1,0,true,24.3,3.62,above,-5,1.01,178000,185259,3.53,68.21,1.07,-20.31,21.67,20406,8.89,8.86,0.3,178000,174717,185259,190500,0.58,توزیع: ورود حقیقی با سرانه خرید ضعیف (0.74 در ۲۰ روز)
دحاوی,الحاوی,مواد و محصولات دارویی,68.8,زیر نظر,100,70,97,42,5570,20260929,14.4,43.9,184.8,134.7,21.3,53.5,159.5,99.7,20,0,true,95.1,2.28,above,0,1.64,2354,,2.29,2.54,5.25,3.1,0.5,849,6.56,,,5443,5316,5950,6204,1.5,نقدشوندگی پایین | اشباع خرید | فاصله زیاد از MA20 | سهم صفی: 20 روز از ۲۰ روز در صف (ریسک نقدشوندگی و اجرای حد ضرر) | رشد عمودی (185٪ در ۶۰ روز، 54٪ بالای MA50) | 159٪ بالای MA200 | نقدشوندگی کمتر از ۱۰ میلیارد تومان
فطلوع,طلوع فولاد پارس,فلزات اساسی,68.5,زیر نظر,100,45,98,20,6410,20260929,14.5,42.8,135.7,85.6,13.9,47,,80.5,17,0,false,72.9,2.59,above,0,1.45,6320,,20.52,37.41,3.11,0.92,15.3,34,188.53,,,6320,6237,6907,7239,2.88,اشباع خرید | سهم صفی: 17 روز از ۲۰ روز در صف (ریسک نقدشوندگی و اجرای حد ضرر) | رشد عمودی (136٪ در ۶۰ روز، 47٪ بالای MA50) | P/E بالا (189) | 244٪ بالای کف ۵۲ هفته
کخاک,صنایع‌خاک‌چینی‌ایران‌,سایر محصولات کانی غیرفلزی,68.5,زیر نظر,100,70,89,9,67700,20260929,15.9,39,109.9,59.7,19,39.9,132.1,84.7,7,0,true,64.8,2.97,above,0,0.14,58890,,9.52,97.91,8.69,12.35,20.78,4037,16.77,12.75,31.5,65688,63676,73736,77760,1.5,اشباع خرید | فاصله زیاد از MA20 | سهم صفی: 7 روز از ۲۰ روز در صف (ریسک نقدشوندگی و اجرای حد ضرر) | رشد عمودی (110٪ در ۶۰ روز، 40٪ بالای MA50) | توزیع: ورود حقیقی با سرانه خرید ضعیف (0.78 در ۲۰ روز) | 132٪ بالای MA200
بشهاب,لامپ‌  پارس‌ شهاب‌,ماشین آلات و دستگاه‌های برقی,68.4,زیر نظر,90,63,71.2,44,8470,20260929,0.4,4.1,43.9,-6.2,-2.6,10.9,62.9,54.1,11,1,false,37.7,3.49,above,-13.5,0.68,7459,9066,3.06,12.84,1.01,6.08,11.17,1212,6.99,6.15,13.6,8174,7879,9066,9787,1.01,سهم صفی: 11 روز از ۲۰ روز در صف (ریسک نقدشوندگی و اجرای حد ضرر) | توزیع: ورود حقیقی با سرانه خرید ضعیف (0.83 در ۲۰ روز) | 63٪ بالای MA200 | شناوری کم (11٪) | صف فروش در ۵ روز اخیر
اتکاسا,بیمه اتکایی سامان,بیمه وصندوق بازنشستگی به جزتامین اجتماعی,68.4,زیر نظر,100,75,61.5,72,6800,20260929,3.8,38.1,76.8,26.6,9.9,35.3,,75.5,2,0,true,60.7,2.99,above,-4.3,0.68,6361,,0.43,-15,3.22,0.81,1.83,875,7.77,18.13,-57.1,6597,6293,7409,7815,1.2,نقدشوندگی پایین | خروج مستمر پول حقیقی | رشد عمودی (77٪ در ۶۰ روز، 35٪ بالای MA50) | 161٪ بالای کف ۵۲ هفته | حد ضرر دور (7.5٪) | نقدشوندگی کمتر از ۱۰ میلیارد تومان
دعبید,لابراتوارداروسازی‌  دکترعبیدی‌,مواد و محصولات دارویی,68.3,زیر نظر,100,70,88,9,28330,20260929,15.8,32.3,79.3,29.2,16.4,31.1,124.5,80.4,9,0,true,48.8,2.78,above,0,0.79,25440,,339.05,148.18,8.66,324.49,103.95,1503,18.85,12.91,46,27543,26756,30691,32264,1.5,اشباع خرید | فاصله زیاد از MA20 | سهم صفی: 9 روز از ۲۰ روز در صف (ریسک نقدشوندگی و اجرای حد ضرر) | رشد عمودی (79٪ در ۶۰ روز، 31٪ بالای MA50) | 124٪ بالای MA200
زملارد,کشاورزی و دامپروری ملارد شیر,زراعت و خدمات وابسته,68.3,زیر نظر,95,75,62,37,1543,20260929,11.6,4.7,50.5,0.4,5.1,14.8,61.6,62.6,4,0,false,30.8,3.6,above,-3.8,0.69,1388,1597,12.12,-1.95,11.61,41.57,17.98,183,8.43,8.07,4.5,1488,1404,1597,1708,0.39,62٪ بالای MA200 | حد ضرر دور (9.0٪)
فنر,پارس فنر,خودرو و ساخت قطعات,68.3,زیر نظر,100,70,88,9,7820,20260929,13.7,29.5,104.6,54.5,16.3,38.4,117.4,88.3,3,0,true,57,3.22,above,-0.1,0.37,6690,,1.44,12.52,3.7,13.31,10.12,636,12.3,5.87,109.5,7568,7316,8576,9080,1.5,اشباع خرید | فاصله زیاد از MA20 | رشد عمودی (105٪ در ۶۰ روز، 38٪ بالای MA50) | 117٪ بالای MA200
کیمیا,ص. معدنی کیمیای زنجان گستران,فلزات اساسی,68.3,زیر نظر,100,75,21,72,6570,20260929,9.5,21,133.2,83.1,6,27.7,127.4,68.8,7,0,false,71.4,3.18,above,-6.1,0.65,5980,7000,-4.95,-6.89,6.37,-2.56,18.78,949,6.92,13.48,-48.6,6361,6047,7000,7418,0.82,سهم صفی: 7 روز از ۲۰ روز در صف (ریسک نقدشوندگی و اجرای حد ضرر) | رشد عمودی (133٪ در ۶۰ روز، 28٪ بالای MA50) | 127٪ بالای MA200 | حد ضرر دور (8.0٪)
جم,پتروشیمی جم,محصولات شیمیایی,68.1,زیر نظر,100,70,87.5,9,71740,20260929,10,30.8,84.2,34.1,13.7,39.9,63.4,81.3,1,0,true,60.3,3.2,above,0,0.74,67480,,78.84,211.64,7.07,83.61,43.97,4968,14.44,9.63,50,69446,66333,78623,83212,1.27,اشباع خرید | رشد عمودی (84٪ در ۶۰ روز، 40٪ بالای MA50) | 63٪ بالای MA200 | حد ضرر دور (7.5٪)
شسپا,نفت سپاهان,فراورده های نفتی، کک و سوخت هسته ای,68.1,زیر نظر,100,75,45.3,47,22490,20260929,7.5,20.2,66.6,16.5,6.7,20.5,115,67.5,5,0,false,40.3,3.5,above,-3.8,0.93,20420,23390,131.03,27.8,0.89,-38.63,107.37,3704,6.07,6.26,-3,21702,20520,23390,24966,0.46,توزیع: ورود حقیقی با سرانه خرید ضعیف (0.60 در ۲۰ روز) | 115٪ بالای MA200 | حد ضرر دور (8.8٪)
فجر,فولاد امیرکبیرکاشان,فلزات اساسی,68,زیر نظر,100,60,32,72,7780,20260929,15.1,31.4,143.1,93,10.9,35.4,146.2,74.9,12,0,false,61.7,3.02,above,-0.3,1.25,6730,,-20.55,-49.38,2.38,-20.93,57.74,1065,7.31,13.48,-45.8,7545,7310,8485,8955,1.5,سهم صفی: 12 روز از ۲۰ روز در صف (ریسک نقدشوندگی و اجرای حد ضرر) | رشد عمودی (143٪ در ۶۰ روز، 35٪ بالای MA50) | 146٪ بالای MA200
کانسار,معدنکاران نسوز,استخراج سایر معادن,68,زیر نظر,100,55,61,47,14500,20260929,5.5,9.2,0.5,-49.6,1.7,9,13.7,55.8,2,0,false,26.2,3.55,above,-16.5,0.72,14349,14896,-3.81,41.35,2.59,20.87,16.49,1483,9.78,9.57,2.2,14349,14092,14896,15780,0.97,
کاسپین,داروسازی کاسپین تامین,مواد و محصولات دارویی,68,زیر نظر,100,100,48,24,38970,20260929,12.4,19.4,66.6,16.5,9,17,116.4,67.7,4,0,true,37.5,3.26,above,-2.1,0.97,38060,,27.98,9.04,1.04,-25.13,33.47,3831,10.17,8.86,14.8,38060,37424,42783,45325,2.47,واگرایی منفی RSI | توزیع: ورود حقیقی با سرانه خرید ضعیف (0.62 در ۲۰ روز) | 116٪ بالای MA200 | واگرایی منفی
اردستان,سیمان اردستان,سیمان، آهک و گچ,67.9,زیر نظر,100,55,47.5,60,31480,20260929,2.3,17,23.2,-27,2.8,13.5,40.5,60.8,3,0,false,25.7,3.39,above,-5.9,0.85,29783,33470,15.77,-39.78,0.98,2.61,16.16,5074,6.2,7.14,-13.1,30412,29249,33470,35605,0.89,خروج مستمر پول حقیقی | حد ضرر دور (7.1٪)
تیپیکو,سرمایه گذاری دارویی تامین,مواد و محصولات دارویی,67.9,زیر نظر,95,100,47.5,30,29360,20260929,12.9,6.1,71.2,21.1,10.8,18,98.9,67.7,5,0,true,23.5,3.07,above,-0.2,1.04,28600,,58.22,-149.69,4.1,-82.27,156.22,2097,14,12.91,8.5,28600,28149,32064,33867,2.23,99٪ بالای MA200
زهلال,کشت و صنعت هلال,زراعت و خدمات وابسته,67.9,زیر نظر,85,88,62,37,55370,20260929,8.3,12.8,41,-9.2,5.8,13.2,,65.9,0,0,true,24.9,3.33,,-0.4,0.66,50890,,1.56,-2.51,8.23,26.54,11.79,6307,8.78,8.07,8.8,53525,50758,60905,64594,1.2,حد ضرر دور (8.3٪)
غویتا,ویتانا,محصولات غذایی و آشامیدنی به جز قند و شکر,67.7,زیر نظر,100,63,20.5,80,6400,20260929,7.2,16.4,47.1,-3,4.6,16.2,88.3,62.8,10,0,false,30.7,3.2,above,-6.8,0.51,5860,6870,-5.88,-73.57,6.13,-2.76,26.8,1338,4.78,7.05,-32.2,6195,5887,6870,7280,0.92,خروج مستمر پول حقیقی | سهم صفی: 10 روز از ۲۰ روز در صف (ریسک نقدشوندگی و اجرای حد ضرر) | 88٪ بالای MA200 | حد ضرر دور (8.0٪)
تبرک,گروه کارخانجات صنعتی تبرک,محصولات غذایی و آشامیدنی به جز قند و شکر,67.7,زیر نظر,90,63,86.5,26,20750,20260929,4.4,7.3,43.6,-6.5,-0.6,10.6,46.1,56,6,0,false,22.9,3.74,above,-11.1,1.03,19612,23340,15.99,14.91,3.8,16.21,5.11,2192,9.47,7.05,34.3,19974,19224,23340,24892,1.7,سهم صفی: 6 روز از ۲۰ روز در صف (ریسک نقدشوندگی و اجرای حد ضرر) | حد ضرر دور (7.4٪) | نقدشوندگی کمتر از ۱۰ میلیارد تومان
آباد,توریستی ورفاهی آبادگران ایران,هتل و رستوران,67.7,زیر نظر,100,55,71.7,35,1010,20260929,8.1,9.2,28.5,-21.6,0.3,18.7,21.5,60.8,8,0,false,31.4,3.52,above,-23.6,0.65,977,1055,2.48,7.08,1.41,1.44,8.26,3,336.67,307,9.7,977,959,1055,1147,0.89,سهم صفی: 8 روز از ۲۰ روز در صف (ریسک نقدشوندگی و اجرای حد ضرر) | P/E بالا (337) | توزیع: ورود حقیقی با سرانه خرید ضعیف (0.80 در ۲۰ روز) | نقدشوندگی کمتر از ۱۰ میلیارد تومان
ورازی,بیمه رازی,بیمه وصندوق بازنشستگی به جزتامین اجتماعی,67.7,زیر نظر,100,75,70.7,20,1673,20260929,-4.1,37.2,96.6,46.5,11.2,30.1,71,72.1,7,2,true,50.9,3.38,above,-6.9,1.51,1295,1797,3.17,28.83,0.89,3.11,8.07,18,92.94,,,1616,1560,1797,1910,1.1,سهم صفی: 7 روز از ۲۰ روز در صف (ریسک نقدشوندگی و اجرای حد ضرر) | رشد عمودی (97٪ در ۶۰ روز، 30٪ بالای MA50) | P/E بالا (93) | 71٪ بالای MA200 | نقدشوندگی کمتر از ۱۰ میلیارد تومان | صف فروش در ۵ روز اخیر
دزهراوی,داروسازی‌زهراوی‌,مواد و محصولات دارویی,67.6,زیر نظر,100,100,20.5,50,5100,20260929,12.6,16.4,102.5,52.3,9.9,18.4,121.2,68.9,2,0,true,40.8,3.27,above,0,0.97,5010,,-6.89,-44.98,4.63,-5.28,21.12,492,10.37,12.91,-19.7,5010,4927,5600,5933,2.88,خروج مستمر پول حقیقی | رشد عمودی (102٪ در ۶۰ روز، 18٪ بالای MA50) | 121٪ بالای MA200
ومشان,سرمایه گذاری مشانیر,سرمایه گذاریها,67.6,زیر نظر,100,70,74.5,20,35190,20260929,15.8,33.8,66.4,16.3,25.5,37.3,109.6,86.8,9,0,true,40.5,3.06,above,0,0.54,26683,,0.78,18.65,4.3,-8.63,5.85,143,246.08,,,34114,33039,38417,40568,1.5,اشباع خرید | فاصله زیاد از MA20 | سهم صفی: 9 روز از ۲۰ روز در صف (ریسک نقدشوندگی و اجرای حد ضرر) | رشد عمودی (66٪ در ۶۰ روز، 37٪ بالای MA50) | P/E بالا (246) | 110٪ بالای MA200 | نقدشوندگی کمتر از ۱۰ میلیارد تومان
نیشکر,توسعه نیشکر و  صنایع جانبی,قند و شکر,67.6,زیر نظر,85,55,87.5,37,64270,20260929,6.3,6,26.5,-23.6,-0.4,7,19.5,55,4,0,false,27.8,3.58,above,-8.8,0.43,62753,,6.07,32.27,11.7,15.71,12.02,6371,10.09,9.57,5.4,62753,61603,71171,75772,2.59,
تماوند,تامین سرمایه دماوند,فعالیتهای کمکی به نهادهای مالی واسط,67.5,زیر نظر,100,80,26,60,2501,20260929,5.4,11,23.5,-26.6,5.6,11.9,13.2,64.3,0,0,true,23.1,3.63,above,-5.2,0.72,2418,2566,-7.69,11,0.79,-5.96,5.91,337,7.42,9.46,-21.6,2418,2373,2566,2639,0.51,واگرایی منفی RSI | توزیع: ورود حقیقی با سرانه خرید ضعیف (0.89 در ۲۰ روز) | سرانه خرید ضعیف (0.79) | واگرایی منفی | نقدشوندگی کمتر از ۱۰ میلیارد تومان
اتکام,بیمه اتکایی امین,بیمه وصندوق بازنشستگی به جزتامین اجتماعی,67.5,زیر نظر,100,75,62,68,3150,20260929,7.9,6.5,63.3,13.2,4.9,14.3,42.7,65.9,1,0,false,37.9,3.1,above,-1.4,0.9,2839,3194,3.57,-4.01,2.36,3.54,1.58,925,3.41,4.59,-25.8,3052,2955,3194,3389,0.22,نقدشوندگی پایین | واگرایی منفی RSI | خروج مستمر پول حقیقی | واگرایی منفی | نقدشوندگی کمتر از ۱۰ میلیارد تومان | شناوری کم (14٪)
خمحور,تولیدمحورخودرو,خودرو و ساخت قطعات,67.4,زیر نظر,88,55,78,42,5680,20260929,7.6,10.3,5.6,-44.5,5.4,15.7,45.2,63.9,3,0,false,17.2,3.18,above,-4.1,0.72,5540,5920,4.01,4.69,1.66,6.96,5.45,785,7.24,,,5540,5450,5920,6282,1.04,نقدشوندگی کمتر از ۱۰ میلیارد تومان | شناوری کم (9٪)
سپاها,سیمان‌سپاهان‌,سیمان، آهک و گچ,67.4,زیر نظر,95,55,87.5,24,21120,20260929,14.5,6.5,39.6,-10.5,3.5,11.1,56.1,60.5,2,0,false,20.4,3.39,above,-6.1,0.83,20450,22500,2.71,60.73,2.08,14.15,26.64,2433,8.68,7.14,21.6,20450,20092,22500,23931,1.34,واگرایی منفی RSI | 56٪ بالای MA200 | واگرایی منفی
شاروم,پتروشیمی ارومیه,محصولات شیمیایی,67.4,زیر نظر,100,45,87.5,26,15250,20260929,2.6,16.7,13.8,-36.3,0.6,16.1,53.7,57.5,6,0,false,40.4,3.14,above,-12,0.89,14820,17330,12.82,16.37,2.7,35.83,15.82,1318,11.57,8.01,44.5,14820,14581,17330,18287,3.11,سهم صفی: 6 روز از ۲۰ روز در صف (ریسک نقدشوندگی و اجرای حد ضرر) | 54٪ بالای MA200
شگستر,گسترش سوخت سبززاگرس(سهامی عام),محصولات شیمیایی,67.4,زیر نظر,100,70,89.5,4,2223,20260929,15.8,44.3,113.2,63.1,17.8,55.7,106.7,85.7,14,0,true,64.8,2.65,above,0,0.17,1998,,32.33,110.76,9.65,38.18,48.88,36,61.75,9.63,541.2,2164,2105,2400,2518,1.5,اشباع خرید | فاصله زیاد از MA20 | سهم صفی: 14 روز از ۲۰ روز در صف (ریسک نقدشوندگی و اجرای حد ضرر) | رشد عمودی (113٪ در ۶۰ روز، 56٪ بالای MA50) | P/E بالا (62) | 107٪ بالای MA200
خکار,ایرکا پارت صنعت,خودرو و ساخت قطعات,67.4,زیر نظر,95,55,61.5,50,1891,20260929,8.1,2.6,30.2,-19.9,1.7,10.2,45.2,56.8,2,0,false,23.6,3.57,above,-7.6,0.72,1812,1940,0.16,-23.03,1.63,7.39,11.29,504,3.75,,,1824,1778,1940,2047,0.43,واگرایی منفی RSI | خروج مستمر پول حقیقی | واگرایی منفی
ولیز,لیزینگ ایران,سایر واسطه گریهای مالی,67.4,زیر نظر,100,70,61.5,32,4510,20260929,11.4,42.3,103.9,53.8,19.3,53.5,83.6,90.6,7,0,true,84.2,2.69,above,-0.2,0.74,3260,,0.61,-2.35,1.96,11.59,6.31,458,9.85,,,4389,4268,4873,5115,1.5,اشباع خرید | فاصله زیاد از MA20 | سهم صفی: 7 روز از ۲۰ روز در صف (ریسک نقدشوندگی و اجرای حد ضرر) | رشد عمودی (104٪ در ۶۰ روز، 54٪ بالای MA50) | 84٪ بالای MA200 | نقدشوندگی کمتر از ۱۰ میلیارد تومان
چخزر,صنایع چوب خزر کاسپین,محصولات چوبی,67.4,زیر نظر,95,85,63.5,24,209800,20260929,15.7,8.5,115.6,65.5,10.8,18.6,141.1,71.8,5,0,true,30.7,3.18,above,0,0.29,203400,,6.3,-10.31,35.02,17.59,12.61,20671,10.15,9.03,12.4,203400,200060,229839,243199,2.06,رشد عمودی (116٪ در ۶۰ روز، 19٪ بالای MA50) | 141٪ بالای MA200
آواک,صنایع ارتباطی آوا,اطلاعات و ارتباطات,67.3,زیر نظر,90,30,77.2,60,2710,20260929,-7.2,4.6,21.2,-28.9,-5.2,8.9,13.6,48.7,3,1,false,44.2,3.88,above,-16,0.58,2669,2767,1.09,37.44,1.21,6.17,15.12,328,8.26,11.65,-29.1,2669,2616,2767,2949,0.61,صف فروش در ۵ روز اخیر
سکارون,سیمان کارون,سیمان، آهک و گچ,67.3,زیر نظر,73,80,97.5,20,5570,20260929,8.8,8.6,12.5,-37.6,8,6.7,40.7,65,4,0,true,17.1,3.45,above,-5.8,1.43,5405,5870,7.63,10.2,4.54,2.91,3.59,243,22.92,,,5405,5309,5870,6254,1.15,واگرایی منفی RSI | توزیع: ورود حقیقی با سرانه خرید ضعیف (0.90 در ۲۰ روز) | واگرایی منفی | نقدشوندگی کمتر از ۱۰ میلیارد تومان
غپآذر,شیر پگاه آذربایجان شرقی,محصولات غذایی و آشامیدنی به جز قند و شکر,67.3,زیر نظر,100,70,77,16,31140,20260929,15.3,36.8,122.4,72.3,14.9,43.8,132.9,84.2,4,0,true,62.6,3.3,above,0,0.75,26280,,9.39,6.28,3.4,24.81,20.29,3220,9.67,7.05,37.2,30111,29082,34227,36285,1.5,اشباع خرید | رشد عمودی (122٪ در ۶۰ روز، 44٪ بالای MA50) | 133٪ بالای MA200
غدیس,پاکدیس,محصولات غذایی و آشامیدنی به جز قند و شکر,67.2,زیر نظر,88,75,56.3,47,12920,20260929,10.9,8.8,90,39.8,4.8,8.1,73.4,59.5,3,0,false,18.7,3.64,above,-9.6,0.7,12130,13220,1.2,26.58,0.99,-4.18,11.94,1819,7.1,7.05,0.7,12450,11895,13220,13600,0.29,توزیع: ورود حقیقی با سرانه خرید ضعیف (0.81 در ۲۰ روز) | 73٪ بالای MA200 | حد ضرر دور (7.9٪)
وسپهر,گروه سرمایه گذاری سپهر صادرات,شرکتهای چند رشته ای صنعتی,67.1,زیر نظر,90,55,61.5,55,4720,20260929,4.7,0.2,36.8,-13.3,-1.3,10.8,32.5,54.8,0,0,false,40,3.58,above,-8.3,0.79,4510,4790,9.56,-25.28,4.21,42.8,16.36,1149,4.11,4.03,1.9,4551,4426,4790,5150,0.24,واگرایی منفی RSI | خروج مستمر پول حقیقی | واگرایی منفی
تنوین,تامین سرمایه نوین,فعالیتهای کمکی به نهادهای مالی واسط,67.1,زیر نظر,100,75,20.5,68,2899,20260929,4.4,1.9,86.9,36.8,4.8,21.1,84.6,63.8,3,0,false,34.8,3.31,above,-2.7,0.84,2642,2964,-14.37,-66.22,2.49,-7.45,11.93,605,4.79,5.92,-19.1,2803,2659,2964,3156,0.27,واگرایی منفی RSI | خروج مستمر پول حقیقی | 85٪ بالای MA200 | واگرایی منفی | حد ضرر دور (8.3٪)
وتوشه,سرمایه‌ گذاری‌ پارس‌ توشه‌,ماشین آلات و تجهیزات,67.1,زیر نظر,100,80,16.5,68,8800,20260929,6.4,5.8,35.3,-14.9,5.4,13.8,48.6,62.9,0,0,true,47.2,3.48,above,-1.6,0.69,8550,,-0.98,0.2,0.77,-13.24,11.14,2049,4.29,5.15,-16.6,8550,8397,9719,10331,2.28,واگرایی منفی RSI | توزیع: ورود حقیقی با سرانه خرید ضعیف (0.64 در ۲۰ روز) | 155٪ بالای کف ۵۲ هفته | سرانه خرید ضعیف (0.77) | واگرایی منفی
ثالوند,سرمایه گذاری مسکن الوند,انبوه سازی، املاک و مستغلات,67.1,زیر نظر,100,70,88.5,4,11570,20260929,15.6,74,143.8,93.7,29.4,75.5,141.3,97.7,16,0,true,83.6,2.22,above,0,0.43,6370,,8.85,30.69,1.94,5.76,8.26,230,50.3,23.59,113.2,11313,11055,12342,12857,1.5,اشباع خرید | فاصله زیاد از MA20 | سهم صفی: 16 روز از ۲۰ روز در صف (ریسک نقدشوندگی و اجرای حد ضرر) | رشد عمودی (144٪ در ۶۰ روز، 75٪ بالای MA50) | P/E بالا (50) | 141٪ بالای MA200 | نقدشوندگی کمتر از ۱۰ میلیارد تومان
حیات,بیمه زندگی مفید,بیمه وصندوق بازنشستگی به جزتامین اجتماعی,67.1,زیر نظر,100,70,72.4,20,9330,20260929,9.1,47.9,307.2,257.1,17.6,60.6,,99.9,18,0,true,98.3,2.34,above,-1.8,2.01,2530,,14.77,19.27,1.21,-14.74,5.03,327,28.53,,,9111,8893,9986,10423,1.5,اشباع خرید | فاصله زیاد از MA20 | سهم صفی: 18 روز از ۲۰ روز در صف (ریسک نقدشوندگی و اجرای حد ضرر) | رشد عمودی (307٪ در ۶۰ روز، 61٪ بالای MA50) | 584٪ بالای کف ۵۲ هفته | نقدشوندگی کمتر از ۱۰ میلیارد تومان
کپشیر,پشم‌شیشه‌ایران‌,سایر محصولات کانی غیرفلزی,67,زیر نظر,100,70,88,4,31290,20260929,15.8,38.8,153.5,103.4,15,49,158.9,83.1,9,0,true,74.4,3.06,above,0,0.78,29450,,55.32,103.66,2.66,33.77,29.39,1532,20.42,12.75,60.2,30334,28972,34159,36072,1.24,اشباع خرید | فاصله زیاد از MA20 | سهم صفی: 9 روز از ۲۰ روز در صف (ریسک نقدشوندگی و اجرای حد ضرر) | رشد عمودی (153٪ در ۶۰ روز، 49٪ بالای MA50) | توزیع: ورود حقیقی با سرانه خرید ضعیف (0.82 در ۲۰ روز) | 159٪ بالای MA200 | حد ضرر دور (7.4٪)
واحصا,احیاء صنایع خراسان,سرمایه گذاریها,67,زیر نظر,100,70,72,20,32530,20260929,14.5,28.7,100.6,50.4,15.2,31.9,135,87.4,1,0,true,48.9,3.24,above,-0.3,1.23,29130,,2.33,-8.08,3.41,8.46,3.69,126,258.17,,,31477,30424,35690,37796,1.5,واگرایی منفی RSI | اشباع خرید | فاصله زیاد از MA20 | خروج مستمر پول حقیقی | رشد عمودی (101٪ در ۶۰ روز، 32٪ بالای MA50) | P/E بالا (258) | 135٪ بالای MA200 | واگرایی منفی | نقدشوندگی کمتر از ۱۰ میلیارد تومان
فوکا,فولاد کاویان,فلزات اساسی,66.9,زیر نظر,100,60,62.5,37,6800,20260929,4.6,25.9,117.5,67.4,5.6,38.2,,71.1,14,0,false,64.7,3.19,above,-6.8,0.94,6180,7300,12.63,-23.71,3.75,17.82,7.98,817,8.32,8.05,3.4,6583,6258,7300,7733,0.92,خروج مستمر پول حقیقی | سهم صفی: 14 روز از ۲۰ روز در صف (ریسک نقدشوندگی و اجرای حد ضرر) | رشد عمودی (118٪ در ۶۰ روز، 38٪ بالای MA50) | 232٪ بالای کف ۵۲ هفته | حد ضرر دور (8.0٪) | نقدشوندگی کمتر از ۱۰ میلیارد تومان
خودکفا,اقتصادی و خودکفایی آزادگان,محصولات غذایی و آشامیدنی به جز قند و شکر,66.9,زیر نظر,95,75,61.5,32,15380,20260929,8,2.9,112,61.9,1.2,6.5,82,57.6,4,0,false,39.9,3.61,above,-8.6,0.56,14620,16830,1.35,-53.68,2.38,11.52,16.38,1687,9.12,,,14825,14342,16830,17940,1.4,خروج مستمر پول حقیقی | رشد عمودی (112٪ در ۶۰ روز، 7٪ بالای MA50) | 82٪ بالای MA200
حپرتو,پرتو بار فرابر خلیج فارس,حمل ونقل، انبارداری و ارتباطات,66.9,زیر نظر,100,85,63.5,16,11640,20260929,13.2,23.8,77.8,27.7,12.1,36.9,49.4,79.4,7,0,true,50.1,3.09,above,-0.9,0.78,10990,,6.49,0.61,2.21,-9.88,12.93,1121,10.38,7.68,35.2,11280,10810,12720,13441,1.3,اشباع خرید | سهم صفی: 7 روز از ۲۰ روز در صف (ریسک نقدشوندگی و اجرای حد ضرر) | رشد عمودی (78٪ در ۶۰ روز، 37٪ بالای MA50) | توزیع: ورود حقیقی با سرانه خرید ضعیف (0.75 در ۲۰ روز) | حد ضرر دور (7.1٪)
قلرست,قند لرستان‌,قند و شکر,66.9,زیر نظر,90,63,62,47,29810,20260929,3.8,7.9,49.6,-0.5,-1.9,16.6,100.3,56.6,7,0,false,39.4,3.41,above,-11.7,0.61,27220,33750,5.87,-8.03,2.93,4.84,11.11,3057,9.75,9.8,-0.5,28795,27271,33750,35781,1.55,سهم صفی: 7 روز از ۲۰ روز در صف (ریسک نقدشوندگی و اجرای حد ضرر) | 100٪ بالای MA200 | حد ضرر دور (8.5٪)
شاراک,پتروشیمی شازند,محصولات شیمیایی,66.8,زیر نظر,100,50,47,60,29420,20260929,4.8,31.1,113.2,63.1,8.3,32,123.2,74.2,5,0,false,64,3.23,above,-1.9,0.85,26570,,41.72,19.11,1,-119.78,145.88,3871,7.6,9.63,-21.1,28468,27041,32275,34179,1.2,رشد عمودی (113٪ در ۶۰ روز، 32٪ بالای MA50) | توزیع: ورود حقیقی با سرانه خرید ضعیف (0.70 در ۲۰ روز) | 123٪ بالای MA200 | حد ضرر دور (8.1٪)
حپارسا,توسعه حمل و نقل ریلی پارسیان,حمل ونقل، انبارداری و ارتباطات,66.8,زیر نظر,100,75,63,24,22200,20260929,9.1,15.9,58.2,8.1,5.2,14.7,112.5,62.3,4,0,false,28.6,3.58,above,-4.3,0.67,21200,23200,6.45,-8.03,4.28,6.24,6.71,2511,8.84,7.68,15.1,21406,20803,23200,24788,0.72,خروج مستمر پول حقیقی | 112٪ بالای MA200 | نقدشوندگی کمتر از ۱۰ میلیارد تومان
سهگمت,سیمان‌هگمتان‌,سیمان، آهک و گچ,66.7,زیر نظر,88,80,37,60,151600,20260929,11,10.1,0.1,-50.1,6.4,11.2,27.6,65.2,1,0,true,14.4,2.94,above,-8.6,0.6,142850,165789,-5.85,-23.15,1.72,1.54,17.66,27300,5.55,7.14,-22.2,147149,140624,165789,174692,1.29,خروج مستمر پول حقیقی | بدون روند (ADX پایین) | حد ضرر دور (7.2٪)
مادیرا,صنایع مادیران,تولید محصولات کامپیوتری الکترونیکی ونوری,66.6,زیر نظر,100,55,76.5,26,3000,20260929,2.7,4.3,32.6,-17.5,1,9.5,12.1,54.6,3,0,false,34.2,3.49,above,-16.9,0.92,2895,3050,14.37,38.73,1.16,14.52,29.75,252,11.9,7.98,49.2,2895,2843,3050,3118,0.32,واگرایی منفی RSI | واگرایی منفی
ثرود,سرمایه‌گذاری مسکن زاینده رود,انبوه سازی، املاک و مستغلات,66.6,زیر نظر,100,53,42,62,6230,20260929,-3.4,13.3,49.4,-0.7,1.7,17.7,64.4,58.4,6,1,false,54.3,3.84,above,-8.8,1.47,6150,6830,3.32,6.15,0.47,-33.72,9.39,595,10.47,23.59,-55.6,6150,6031,6830,7308,3.01,سهم صفی: 6 روز از ۲۰ روز در صف (ریسک نقدشوندگی و اجرای حد ضرر) | توزیع: ورود حقیقی با سرانه خرید ضعیف (0.82 در ۲۰ روز) | 64٪ بالای MA200 | سرانه خرید ضعیف (0.47) | نقدشوندگی کمتر از ۱۰ میلیارد تومان | صف فروش در ۵ روز اخیر
ولپارس,لیزینگ پارسیان,سایر واسطه گریهای مالی,66.6,زیر نظر,85,63,97,17,3870,20260929,6,5.4,42.9,-7.3,-0.1,12.2,38.6,56.3,3,0,false,42.2,3.64,above,-10,1.23,3680,4300,1.46,7.56,9.31,17,3.51,307,12.61,9.94,26.8,3729,3610,4300,4582,1.65,نقدشوندگی کمتر از ۱۰ میلیارد تومان
وتوصا,گروه س توسعه صنعتی ایران,سرمایه گذاریها,66.6,زیر نظر,90,65,26.3,80,3070,20260929,-3.2,2.7,61.3,11.2,-0.9,11.7,60.5,54.2,0,0,false,47.7,3.97,above,-10,0.81,2864,3124,1.89,-19.76,0.81,-4.98,7.41,642,4.78,7.13,-32.9,2948,2803,3124,3410,0.2,واگرایی منفی RSI | خروج مستمر پول حقیقی | 60٪ بالای MA200 | واگرایی منفی | حد ضرر دور (8.7٪) | نقدشوندگی کمتر از ۱۰ میلیارد تومان
دسبحا,گروه دارویی سبحان,مواد و محصولات دارویی,66.5,زیر نظر,95,75,88,4,6990,20260929,15.5,4.5,103.8,53.7,5.7,19,101.7,65.2,8,0,false,35.2,3.22,above,-4.5,0.52,6670,7320,107.27,146.53,6.27,99.11,54.45,189,36.98,12.91,186.5,6765,6557,7320,7771,0.76,واگرایی منفی RSI | سهم صفی: 8 روز از ۲۰ روز در صف (ریسک نقدشوندگی و اجرای حد ضرر) | رشد عمودی (104٪ در ۶۰ روز، 19٪ بالای MA50) | P/E بالا (37) | توزیع: ورود حقیقی با سرانه خرید ضعیف (0.88 در ۲۰ روز) | 102٪ بالای MA200 | واگرایی منفی
سشرق,سیمان‌ شرق‌,سیمان، آهک و گچ,66.5,زیر نظر,100,55,78,24,25880,20260929,12.2,9.5,37.8,-12.3,3.6,18.1,70.3,64.7,2,0,false,28.7,3.59,above,-5.7,0.47,22950,27450,19.92,24.23,4.97,17.5,43.97,3056,8.47,7.14,18.6,24951,24022,27450,29308,0.85,توزیع: ورود حقیقی با سرانه خرید ضعیف (0.66 در ۲۰ روز) | 70٪ بالای MA200 | حد ضرر دور (7.2٪)
عالیس,بهار رز عالیس چناران,محصولات غذایی و آشامیدنی به جز قند و شکر,66.5,زیر نظر,90,55,54,60,6040,20260929,2.7,6.7,34,-16.2,-0.4,8.7,56.3,57.4,1,0,false,28.5,3.9,above,-9.2,0.8,5870,6650,15.46,250.54,0.69,-46.77,42.93,1000,6.04,7.05,-14.3,5870,5752,6650,7121,2.12,توزیع: ورود حقیقی با سرانه خرید ضعیف (0.78 در ۲۰ روز) | 56٪ بالای MA200 | سرانه خرید ضعیف (0.69)
ساراب,سیمان‌ داراب‌,سیمان، آهک و گچ,66.5,زیر نظر,90,75,41,57,18020,20260929,2.4,13.5,74.8,24.7,-1.8,10.3,49.9,56.2,9,0,false,31.6,2.82,above,-12.8,0.4,17508,20660,0.04,0.89,0.6,-4.18,5.2,2361,7.63,7.14,6.9,17512,17254,20660,21676,3.45,سهم صفی: 9 روز از ۲۰ روز در صف (ریسک نقدشوندگی و اجرای حد ضرر) | توزیع: ورود حقیقی با سرانه خرید ضعیف (0.75 در ۲۰ روز) | سرانه خرید ضعیف (0.60) | نقدشوندگی کمتر از ۱۰ میلیارد تومان
ختور,رادیاتور ایران‌,خودرو و ساخت قطعات,66.4,زیر نظر,100,70,47.7,42,4260,20260929,11.2,46.3,102.2,52,17.2,43.2,104.8,88.1,7,0,true,67.6,3.2,above,-0.2,0.94,3720,,-3.99,21.71,1.43,25.46,29.61,715,5.96,,,4124,3988,4669,4941,1.5,واگرایی منفی RSI | اشباع خرید | فاصله زیاد از MA20 | سهم صفی: 7 روز از ۲۰ روز در صف (ریسک نقدشوندگی و اجرای حد ضرر) | رشد عمودی (102٪ در ۶۰ روز، 43٪ بالای MA50) | 105٪ بالای MA200 | واگرایی منفی
فرود,فولاد شاهرود,فلزات اساسی,66.4,زیر نظر,100,75,61.5,24,9120,20260929,6.5,13.3,88.4,38.3,2.4,26.7,110.2,63.8,9,0,false,53.4,3.36,above,-9.3,1.04,8090,10050,5.63,-1.79,8.94,13.58,12.09,910,10.02,8.05,24.5,8813,8507,10050,10663,1.52,سهم صفی: 9 روز از ۲۰ روز در صف (ریسک نقدشوندگی و اجرای حد ضرر) | 110٪ بالای MA200
چکاپا,گروه صنایع کاغذ پارس,محصولات کاغذی,66.4,زیر نظر,100,60,87.5,10,2367,20260929,7.1,47.3,82.5,32.4,19,42.1,80.9,83.1,5,0,true,62,2.85,above,0,1.29,1699,,3.08,7.18,3.82,39.55,32.5,,,16.48,,2300,2232,2569,2704,1.5,اشباع خرید | فاصله زیاد از MA20 | بدون EPS مثبت | رشد عمودی (82٪ در ۶۰ روز، 42٪ بالای MA50) | 81٪ بالای MA200
قرن,پدیده شیمی قرن,محصولات شیمیایی,66.4,زیر نظر,100,75,61.5,24,25490,20260929,12.5,18.1,62.9,12.8,8.1,15.9,101.1,65.4,6,0,false,36.2,3.22,above,-4.5,0.69,23330,26690,3.5,-43.49,6.35,13.75,18.02,2371,10.75,9.63,11.6,24669,23437,26690,28332,0.58,خروج مستمر پول حقیقی | سهم صفی: 6 روز از ۲۰ روز در صف (ریسک نقدشوندگی و اجرای حد ضرر) | 101٪ بالای MA200 | حد ضرر دور (8.1٪)
درازی,پخش رازی,مواد و محصولات دارویی,66.1,زیر نظر,100,70,84.5,4,62490,20260929,15.9,78.6,443.4,393.3,30.4,87.4,255.5,99.9,19,0,true,96.5,2.15,above,0,1.75,16938,,5.88,18.61,1.64,-14.86,12.79,2400,26.04,8.86,193.9,61149,59808,66514,69196,1.5,اشباع خرید | فاصله زیاد از MA20 | سهم صفی: 19 روز از ۲۰ روز در صف (ریسک نقدشوندگی و اجرای حد ضرر) | رشد عمودی (443٪ در ۶۰ روز، 87٪ بالای MA50) | 255٪ بالای MA200
جوین,کشت و صنعت جوین,زراعت و خدمات وابسته,66,زیر نظر,100,60,64,32,7130,20260929,14.8,12.6,56.7,6.6,8.5,23.1,77.4,72.8,5,0,false,40,3.28,above,0,0.29,6935,,5.04,-22.36,3.83,11.59,16.11,765,9.32,,,6935,6818,7831,8298,2.25,خروج مستمر پول حقیقی | 77٪ بالای MA200
ستران,سیمان‌ تهران‌,سیمان، آهک و گچ,65.9,زیر نظر,95,55,58.5,47,14570,20260929,9.6,6.6,21.1,-29,1.1,13.9,55.2,60.9,6,0,false,28.5,3.61,above,-9.3,0.93,13141,16070,6.55,39.62,1.04,-13.01,34.85,1902,7.66,7.14,7.3,14044,13254,16070,17123,1.14,سهم صفی: 6 روز از ۲۰ روز در صف (ریسک نقدشوندگی و اجرای حد ضرر) | توزیع: ورود حقیقی با سرانه خرید ضعیف (0.69 در ۲۰ روز) | 55٪ بالای MA200 | حد ضرر دور (9.0٪)
سغرب,سیمان‌غرب‌,سیمان، آهک و گچ,65.7,زیر نظر,95,55,47.7,57,8430,20260929,7.3,2.8,10.6,-39.5,2,5.7,17.2,57.5,0,0,false,20.2,3.38,above,-16.4,0.9,8318,8670,2.59,-7.84,1.05,3.56,8.67,1220,6.91,7.14,-3.2,8318,8176,8670,8950,0.95,نقدشوندگی کمتر از ۱۰ میلیارد تومان
ولصنم,لیزینگ‌صنعت‌ومعدن‌,سایر واسطه گریهای مالی,65.6,زیر نظر,100,55,61.5,37,3230,20260929,5.2,12,27,-23.1,2.3,16.2,20.6,60.2,0,0,false,40.6,3.63,above,-7.4,0.42,3050,3490,1.98,-44.02,2.12,4.49,7.87,305,10.59,9.94,6.5,3113,2991,3490,3724,1.09,خروج مستمر پول حقیقی | حد ضرر دور (7.4٪) | نقدشوندگی کمتر از ۱۰ میلیارد تومان
غفارس,شیر پاستوریزه پگاه فارس,محصولات غذایی و آشامیدنی به جز قند و شکر,65.5,زیر نظر,100,45,97,9,31250,20260929,14.6,43,172.9,122.8,15.4,51.6,188.8,83.5,11,0,false,74.8,3.01,above,0,1.29,29560,,13.21,21.94,2.42,33.01,15.11,1963,15.92,7.05,125.8,30309,29089,34073,35955,1.31,اشباع خرید | فاصله زیاد از MA20 | سهم صفی: 11 روز از ۲۰ روز در صف (ریسک نقدشوندگی و اجرای حد ضرر) | رشد عمودی (173٪ در ۶۰ روز، 52٪ بالای MA50) | 189٪ بالای MA200
دجابر,داروسازی‌ جابرابن‌حیان‌,مواد و محصولات دارویی,65.5,زیر نظر,95,85,63,17,53750,20260929,15.9,14.1,270.7,220.6,14.8,41.2,210.3,79.1,6,0,true,65.3,3.01,above,0,0.24,49510,,30.47,-95.25,5.42,41.26,44.01,3483,15.43,12.91,19.5,52132,49706,58603,61838,1.2,اشباع خرید | خروج مستمر پول حقیقی | سهم صفی: 6 روز از ۲۰ روز در صف (ریسک نقدشوندگی و اجرای حد ضرر) | رشد عمودی (271٪ در ۶۰ روز، 41٪ بالای MA50) | 210٪ بالای MA200 | حد ضرر دور (7.5٪) | واگرایی مثبت RSI
بگیلان,توسعه مسیر برق گیلان,عرضه برق، گاز، بخاروآب گرم,65.4,زیر نظر,88,55,88,24,27690,20260929,7.2,8.7,31.1,-19,5.3,12.8,53.1,61.4,0,0,false,17.8,3.52,above,-2.5,1.03,26010,28390,16.21,16.23,10.5,31.07,7.62,2382,11.62,10.04,15.8,26715,25522,28390,30340,0.32,واگرایی منفی RSI | 53٪ بالای MA200 | واگرایی منفی | حد ضرر دور (7.8٪) | نقدشوندگی کمتر از ۱۰ میلیارد تومان
فملی,ملی‌ صنایع‌ مس‌ ایران‌,فلزات اساسی,65.4,زیر نظر,100,75,72.5,9,26600,20260929,9.4,23.6,62.4,12.3,5.8,30.8,128.9,69.8,7,0,false,53.4,3.24,above,-4.6,0.64,24160,27870,255.47,2487.51,1.63,-967.62,1226.94,1411,18.85,13.48,39.9,25738,24446,27870,29593,0.59,سهم صفی: 7 روز از ۲۰ روز در صف (ریسک نقدشوندگی و اجرای حد ضرر) | رشد عمودی (62٪ در ۶۰ روز، 31٪ بالای MA50) | توزیع: ورود حقیقی با سرانه خرید ضعیف (0.50 در ۲۰ روز) | 129٪ بالای MA200 | حد ضرر دور (8.1٪)
تایرا,تراکتورسازی‌ایران‌,ماشین آلات و تجهیزات,65.4,زیر نظر,100,65,21.5,68,3390,20260929,9,16.1,36.6,-13.5,8.6,19.3,49.8,70.7,1,0,true,30.2,3.42,above,0,1.03,3330,,-10.52,-36.17,11.58,-2.86,16.47,754,4.5,5.15,-12.7,3330,3272,3738,3970,2.95,واگرایی منفی RSI | خروج مستمر پول حقیقی | واگرایی منفی
غمارگ,مارگارین,محصولات غذایی و آشامیدنی به جز قند و شکر,65.4,زیر نظر,90,65,71.5,30,2605,20260929,-1.8,19.8,94.5,44.4,-0.9,27.2,89.7,59.5,18,3,false,56.6,2.92,above,-13.3,1.39,2497,3004,3.1,26.01,2.42,-3.19,8.44,120,21.71,,,2529,2459,3004,3156,2.73,سهم صفی: 18 روز از ۲۰ روز در صف (ریسک نقدشوندگی و اجرای حد ضرر) | 90٪ بالای MA200 | نقدشوندگی کمتر از ۱۰ میلیارد تومان | صف فروش در ۵ روز اخیر
شیراز,پتروشیمی‌شیراز,محصولات شیمیایی,65.3,زیر نظر,100,55,27,70,70890,20260929,1.1,5.2,-2.5,-52.6,0,7.2,41.5,54.1,0,0,false,24.1,3.86,above,-14.2,0.74,68464,75580,-10.63,71.5,0.76,-39.25,68.09,9681,7.32,9.63,-24,68464,67096,75580,78980,1.24,توزیع: ورود حقیقی با سرانه خرید ضعیف (0.83 در ۲۰ روز) | 190٪ بالای کف ۵۲ هفته | سرانه خرید ضعیف (0.76) | شناوری کم (12٪)
کگهر,معدنی و صنعتی گهرزمین,استخراج کانه های فلزی,65.2,زیر نظر,85,38,56.5,72,7320,20260929,0,-3.2,48.8,-1.3,-4.9,7.9,41.1,48.6,2,0,false,32.7,3.47,above,-14.3,1.25,7140,7870,73.72,120.55,0.92,-22.45,52.4,870,8.41,14.44,-41.7,7140,7013,7870,8540,1.79,واگرایی منفی RSI | توزیع: ورود حقیقی با سرانه خرید ضعیف (0.66 در ۲۰ روز) | واگرایی منفی
سامان,بانک سامان,بانکها و موسسات اعتباری,65.1,زیر نظر,100,85,0.5,72,9040,20260929,6.5,5.6,63,12.9,7.2,15.6,115.1,72.7,1,0,true,45.2,2.65,above,-0.4,0.76,8747,,-110.08,-796.49,0.48,-130.24,85.78,1396,6.48,12.04,-46.2,8801,8627,9758,10236,1.74,خروج مستمر پول حقیقی | 115٪ بالای MA200 | سرانه خرید ضعیف (0.48)
شلرد,کود شیمیایی اوره لردگان,محصولات شیمیایی,65.1,زیر نظر,100,70,74.5,10,3860,20260929,14.9,60.7,52,1.8,23.2,49.6,119.4,89.7,12,0,true,52,2.63,above,-0.3,0.64,3160,,26.55,170.59,1.96,-4.12,48.48,,,,,3758,3657,4165,4368,1.5,اشباع خرید | فاصله زیاد از MA20 | بدون EPS مثبت | سهم صفی: 12 روز از ۲۰ روز در صف (ریسک نقدشوندگی و اجرای حد ضرر) | رشد عمودی (52٪ در ۶۰ روز، 50٪ بالای MA50) | 119٪ بالای MA200
دیران,ایران‌دارو,مواد و محصولات دارویی,65.1,زیر نظر,100,60,62.5,30,19240,20260929,15.8,24.5,253.7,203.6,10.2,44.1,195.4,75.4,16,0,false,69.9,2.6,above,-0.8,0.68,16140,,5.66,-2.14,4.05,3.21,27.72,1532,12.56,12.91,-2.7,18740,18240,20740,21740,1.5,سهم صفی: 16 روز از ۲۰ روز در صف (ریسک نقدشوندگی و اجرای حد ضرر) | رشد عمودی (254٪ در ۶۰ روز، 44٪ بالای MA50) | 195٪ بالای MA200
سیستم,همکاران سیستم,رایانه و فعالیت‌های وابسته به آن,65.1,زیر نظر,85,55,71.3,43,55760,20260929,7.3,4.6,39.2,-11,-0.5,5.7,52.8,55.6,0,0,false,23.5,3.69,above,-9.7,1.5,53500,61750,6.78,5.13,0.95,0.46,7.15,3654,15.26,18.19,-16.1,53704,52472,61750,65861,1.82,توزیع: ورود حقیقی با سرانه خرید ضعیف (0.67 در ۲۰ روز) | 53٪ بالای MA200 | نقدشوندگی کمتر از ۱۰ میلیارد تومان
غمهرا,تولیدی‌مهرام‌,محصولات غذایی و آشامیدنی به جز قند و شکر,65,زیر نظر,100,65,51.1,37,21350,20260929,3.4,20,51.6,1.5,7.6,15.3,87.5,64.6,5,0,false,31.2,3.36,above,-5.7,1.24,19620,22640,-15.26,83.12,1.28,-45.28,23.91,2564,8.33,8.53,-2.4,20632,19555,22640,24076,0.72,توزیع: ورود حقیقی با سرانه خرید ضعیف (0.69 در ۲۰ روز) | 88٪ بالای MA200 | حد ضرر دور (8.4٪)
سفار,سیمان‌فارس‌,سیمان، آهک و گچ,65,زیر نظر,100,55,77,19,238800,20260929,5.6,13.3,20.5,-29.6,1.1,15.7,26.7,59.2,4,0,false,32.9,3.54,above,-10.7,0.48,224111,245450,1.56,2.61,2.12,1.01,4.11,19436,12.29,7.14,72.1,230350,219886,245450,267400,0.35,حد ضرر دور (7.9٪) | نقدشوندگی کمتر از ۱۰ میلیارد تومان | شناوری کم (8٪)
کتوسعه,توسعه صنایع و معادن کوثر,استخراج سایر معادن,64.9,زیر نظر,95,75,61.5,24,20290,20260929,10.7,1,52.6,2.5,0.6,16.5,55,60.9,2,0,false,51.7,3.33,above,-7.8,0.76,18310,22000,2.32,-8.24,9.51,9.2,3.09,1794,11.31,9.57,18.2,19614,18601,22000,23351,1.01,خروج مستمر پول حقیقی | 55٪ بالای MA200 | حد ضرر دور (8.3٪) | نقدشوندگی کمتر از ۱۰ میلیارد تومان
ویسا,سرمایه گذاری ایساتیس پویا,سرمایه گذاریها,64.9,زیر نظر,100,75,87.5,32,5420,20260929,6.3,26,56.1,6,7.3,28.5,56.9,69.8,3,0,false,56.4,3.13,above,-4.9,0.97,4118,5700,3.12,3.45,2.34,3.86,2.18,633,8.56,,,5251,5081,5700,6039,0.83,نقدشوندگی پایین | 57٪ بالای MA200 | نقدشوندگی کمتر از ۱۰ میلیارد تومان
وآفری,بیمه کارآفرین,بیمه وصندوق بازنشستگی به جزتامین اجتماعی,64.9,زیر نظر,100,70,89.5,34,9990,20260929,15.7,30.3,106.9,56.8,14.7,43.7,161.8,81.4,7,0,true,62.6,2.94,above,0,0.74,9091,,3.93,9.06,30.52,2.35,1.99,1680,5.95,4.59,29.6,9696,9402,10872,11460,1.5,نقدشوندگی پایین | اشباع خرید | سهم صفی: 7 روز از ۲۰ روز در صف (ریسک نقدشوندگی و اجرای حد ضرر) | رشد عمودی (107٪ در ۶۰ روز، 44٪ بالای MA50) | 162٪ بالای MA200 | نقدشوندگی کمتر از ۱۰ میلیارد تومان
وسپه,سرمایه‌گذاری‌ سپه‌,سرمایه گذاریها,64.8,زیر نظر,100,60,31.2,60,7720,20260929,9.7,21.2,65,14.8,9.3,29.6,64.6,74.1,2,0,false,54.7,3.28,above,-0.4,0.79,6860,,2.2,-98.42,0.99,-28.8,41.07,1251,6.17,7.13,-13.4,7467,7214,8480,8986,1.5,واگرایی منفی RSI | خروج مستمر پول حقیقی | 65٪ بالای MA200 | واگرایی منفی
حتاید,تایدواترخاورمیانه,حمل ونقل، انبارداری و ارتباطات,64.7,زیر نظر,100,45,30.9,72,8560,20260929,2.4,7.4,19.7,-30.4,1.6,9.7,38.8,57,3,0,false,28.1,3.32,above,-6.2,0.55,8215,9074,-4.44,49.56,0.94,-33.7,35.57,1376,6.22,19.33,-67.8,8276,8073,9074,9642,1.05,توزیع: ورود حقیقی با سرانه خرید ضعیف (0.87 در ۲۰ روز)
کالا,بورس کالای ایران,فعالیتهای کمکی به نهادهای مالی واسط,64.6,زیر نظر,100,85,61.5,9,11910,20260929,9.3,27.4,64.3,14.2,11.7,25.4,110,74.4,7,0,true,35.7,3.05,above,0,0.71,10700,,29.14,-213.13,2.03,22.97,144.41,885,13.46,5.92,127.3,11547,11184,12998,13724,1.5,خروج مستمر پول حقیقی | سهم صفی: 7 روز از ۲۰ روز در صف (ریسک نقدشوندگی و اجرای حد ضرر) | 110٪ بالای MA200
ومپنا,مدیریت نیروگاهی ایرانیان مپنا,عرضه برق، گاز، بخاروآب گرم,64.6,زیر نظر,85,75,62.5,34,42530,20260929,2.7,7.1,68,17.9,-0.4,17.6,90.8,57.7,0,0,false,34.6,3.32,above,-10.1,0.41,39510,47320,3.73,-49.52,4.47,14.35,31.08,3838,11.08,10.04,10.4,41120,39005,47320,50140,1.36,واگرایی منفی RSI | خروج مستمر پول حقیقی | 91٪ بالای MA200 | واگرایی منفی | حد ضرر دور (8.3٪)
فصبا,صبا فولاد خلیج فارس,فلزات اساسی,64.6,زیر نظر,100,58,88,4,4280,20260929,12.6,39,43.3,-6.8,15.7,34.6,60.7,80.2,8,0,true,41.4,3.12,above,0,0.9,4070,,26.55,45.86,9.62,68.76,24.23,178,24.04,8.05,198.7,4147,4003,4680,4947,1.45,اشباع خرید | فاصله زیاد از MA20 | سهم صفی: 8 روز از ۲۰ روز در صف (ریسک نقدشوندگی و اجرای حد ضرر) | رشد عمودی (43٪ در ۶۰ روز، 35٪ بالای MA50) | 61٪ بالای MA200
جم پیلن,پتروشیمی جم پیلن,محصولات شیمیایی,64.6,زیر نظر,100,60,30.3,60,318400,20260929,6.7,24.5,91.8,41.7,7.3,28,78.5,72.5,1,0,false,44.9,3.05,above,-0.7,0.63,292000,,4.8,-139.99,0.93,-5.02,32.95,41853,7.61,9.63,-21,308684,294111,347547,366978,1.2,واگرایی منفی RSI | خروج مستمر پول حقیقی | 79٪ بالای MA200 | واگرایی منفی | حد ضرر دور (7.6٪) | شناوری کم (11٪)
لپارس,پارس‌ الکتریک‌,ساخت دستگاه‌ها و وسایل ارتباطی,64.5,زیر نظر,100,60,78,12,34740,20260929,12,17.1,59.3,9.2,7.9,26.3,74.9,71.1,2,0,false,58.9,3.46,above,-0.2,0.68,30630,,2.11,2.26,1.68,13.58,12.1,1544,22.5,20.28,10.9,33538,32336,38345,40749,1.5,واگرایی منفی RSI | 75٪ بالای MA200 | واگرایی منفی
ولملت,واسپاری ملت,سایر واسطه گریهای مالی,64.5,زیر نظر,100,70,97.9,4,25550,20260926,15.8,52.6,189.7,139.6,26.1,44.4,193.2,87.5,14,0,true,47.7,2.49,above,0,1.44,19090,,17.6,32.56,1.51,19.59,17.56,824,31.01,9.94,211.9,24914,24279,27457,28728,1.5,واگرایی منفی RSI | اشباع خرید | فاصله زیاد از MA20 | سهم صفی: 14 روز از ۲۰ روز در صف (ریسک نقدشوندگی و اجرای حد ضرر) | رشد عمودی (190٪ در ۶۰ روز، 44٪ بالای MA50) | P/E بالا (31) | 193٪ بالای MA200 | واگرایی منفی | آخرین معامله 20260926 (متوقف یا کم‌معامله)
بازرگام,پست پیشگامان,اطلاعات و ارتباطات,64.4,زیر نظر,100,70,56.5,25,5570,20260929,9.4,26.9,60.2,10.1,16.5,37.3,52.9,86.2,5,0,true,52.5,3,above,-1.6,0.8,5339,5660,16.57,132.54,0.9,-8.54,31.42,341,16.33,,,5403,5255,5660,5994,0.28,اشباع خرید | فاصله زیاد از MA20 | رشد عمودی (60٪ در ۶۰ روز، 37٪ بالای MA50) | 53٪ بالای MA200
محتشم,نساجی هدیه البرز مشهد,منسوجات,64.4,زیر نظر,100,75,73.5,24,16750,20260928,1.1,27.4,54.2,4,14.2,36.5,77.6,75.5,9,0,true,45.6,2.92,above,-0.2,1.27,13580,,-95.11,75.41,2.4,36.66,55.97,1926,8.7,7.72,12.7,16261,15771,18218,19197,1.5,واگرایی منفی RSI | سهم صفی: 9 روز از ۲۰ روز در صف (ریسک نقدشوندگی و اجرای حد ضرر) | رشد عمودی (54٪ در ۶۰ روز، 36٪ بالای MA50) | 78٪ بالای MA200 | واگرایی منفی | آخرین معامله 20260928 (متوقف یا کم‌معامله)
واتی,سرمایه‌ گذاری‌ آتیه‌ دماوند,سرمایه گذاریها,64.4,زیر نظر,95,63,84,9,7530,20260929,7.4,1.6,48.8,-1.3,4.7,12.9,49.3,60.5,2,0,false,26.6,3.32,above,-5.6,1.48,7080,7660,14.9,39.79,1.76,-28.04,25.19,537,14.02,7.13,96.7,7280,6955,7660,7980,0.23,توزیع: ورود حقیقی با سرانه خرید ضعیف (0.70 در ۲۰ روز) | حد ضرر دور (7.6٪)
غدشت,دشت‌ مرغاب‌,محصولات غذایی و آشامیدنی به جز قند و شکر,64.3,زیر نظر,83,55,53.7,60,4020,20260929,7.5,3.3,34,-16.1,2.9,13.6,41.9,59.4,3,0,false,15.4,3.36,above,-6.3,0.87,3695,4290,1.73,1.65,1.29,-4.51,10.04,591,6.8,8.53,-20.3,3885,3682,4290,4560,0.8,توزیع: ورود حقیقی با سرانه خرید ضعیف (0.83 در ۲۰ روز) | حد ضرر دور (8.4٪)
خبنیان,بنیان دیزل,خودرو و ساخت قطعات,64.3,زیر نظر,85,55,71.2,40,1832,20260929,9.4,3.9,20.1,-30,0.5,12.7,6.9,57,2,0,false,28.3,3.58,above,-25.3,0.87,1732,1865,9.23,9.62,1.37,8.71,12.38,10,183.2,,,1766,1700,1865,1924,0.25,P/E بالا (183) | حد ضرر دور (7.2٪)
رایا,بیمه اتکایی رایا,بیمه وصندوق بازنشستگی به جزتامین اجتماعی,64.3,زیر نظر,100,70,31.1,50,6160,20260929,13,33,191,140.9,18.5,36.3,,85.4,3,0,true,66.4,2.81,above,-0.5,0.97,5040,,2.64,-5.05,0.9,-18.4,11.3,1471,4.19,,,5987,5814,6680,7026,1.5,واگرایی منفی RSI | اشباع خرید | فاصله زیاد از MA20 | رشد عمودی (191٪ در ۶۰ روز، 36٪ بالای MA50) | 540٪ بالای کف ۵۲ هفته | واگرایی منفی
سپید,سپید ماکیان,زراعت و خدمات وابسته,64.3,زیر نظر,95,75,23,60,45800,20260929,5.7,2.3,66.7,16.5,1,12.9,137.8,58.6,3,0,false,31.5,3.54,above,-8.8,0.57,42705,47230,-16.96,-35.47,4.13,-20.65,117.24,9010,5.08,6.33,-19.7,44178,41894,47230,50220,0.37,138٪ بالای MA200 | حد ضرر دور (8.5٪)
شملی,ملی شیمی کشاورز,محصولات شیمیایی,64.3,زیر نظر,100,45,77,24,11180,20260929,14.7,31.1,127.2,77.1,13.8,45.3,129,80.8,9,0,false,67,2.99,above,0,0.73,10530,,26.09,16.49,2.21,25.8,22.15,1215,9.2,8.01,14.9,10846,10363,12183,12851,1.23,اشباع خرید | سهم صفی: 9 روز از ۲۰ روز در صف (ریسک نقدشوندگی و اجرای حد ضرر) | رشد عمودی (127٪ در ۶۰ روز، 45٪ بالای MA50) | 129٪ بالای MA200 | حد ضرر دور (7.3٪)
فسازان,غلتک سازان سپاهان,فلزات اساسی,64.1,زیر نظر,90,75,6.5,82,13850,20260929,1.5,11.6,83.9,33.8,0,16.5,137.2,58.2,6,0,false,51,3.32,above,-13.2,1.19,12930,15960,-19.26,-110.55,1.04,-8.95,41.88,2578,5.37,13.48,-60.1,13391,12702,15960,16879,1.84,خروج مستمر پول حقیقی | سهم صفی: 6 روز از ۲۰ روز در صف (ریسک نقدشوندگی و اجرای حد ضرر) | 137٪ بالای MA200 | حد ضرر دور (8.3٪)
فلامی,لامیران‌,ساخت محصولات فلزی,64,زیر نظر,100,85,59,9,11350,20260929,14.6,34,84,33.8,14.9,28.7,66.3,78.5,8,0,true,35.5,3.09,above,-0.2,1.03,10840,,3.04,14.36,1.04,-2.33,3.38,586,19.37,7.54,156.9,10999,10665,12403,13105,1.54,اشباع خرید | سهم صفی: 8 روز از ۲۰ روز در صف (ریسک نقدشوندگی و اجرای حد ضرر) | 66٪ بالای MA200 | نقدشوندگی کمتر از ۱۰ میلیارد تومان
کویر,تولیدی فولاد سپید فراب کویر,فلزات اساسی,64,زیر نظر,100,60,38,50,2804,20260929,3.3,47.9,93.2,43.1,17.7,44.1,89.9,81.1,14,1,true,60.1,2.68,above,0,1.02,2570,,-79.34,69.01,5.12,-70.66,70.52,292,9.6,13.48,-28.8,2729,2654,3030,3180,1.5,اشباع خرید | فاصله زیاد از MA20 | سهم صفی: 14 روز از ۲۰ روز در صف (ریسک نقدشوندگی و اجرای حد ضرر) | رشد عمودی (93٪ در ۶۰ روز، 44٪ بالای MA50) | 90٪ بالای MA200 | شناوری کم (10٪) | صف فروش در ۵ روز اخیر
وخارزم,سرمایه گذاری خوارزمی,سرمایه گذاریها,63.9,زیر نظر,100,60,71.5,16,8940,20260929,9,18.8,86.6,36.5,10.7,31.6,132.3,74.7,2,0,false,63.1,3.04,above,0,1.23,8604,,50.8,-319.62,2.48,103.98,114.01,830,10.77,7.13,51.1,8669,8468,9754,10297,1.72,واگرایی منفی RSI | خروج مستمر پول حقیقی | رشد عمودی (87٪ در ۶۰ روز، 32٪ بالای MA50) | 132٪ بالای MA200 | واگرایی منفی
دبالک,مواد اولیه دارویی البرز بالک,مواد و محصولات دارویی,63.9,زیر نظر,95,75,62.5,19,16150,20260929,10.1,9.9,196.3,146.2,1.5,30.4,155.8,65,10,0,false,48.9,3.09,above,-10.5,0.38,14460,18040,12.19,-140.56,5.2,8.53,53.96,1079,14.97,8.86,68.9,15650,15151,18040,19039,1.89,خروج مستمر پول حقیقی | سهم صفی: 10 روز از ۲۰ روز در صف (ریسک نقدشوندگی و اجرای حد ضرر) | رشد عمودی (196٪ در ۶۰ روز، 30٪ بالای MA50) | 156٪ بالای MA200
میهن,بیمه میهن,بیمه وصندوق بازنشستگی به جزتامین اجتماعی,63.9,زیر نظر,95,55,87.5,10,2632,20260929,11,6.7,24.3,-25.8,0.8,13.8,14.1,59.8,8,0,false,26.8,3.59,above,-13.5,0.8,2558,2797,12.21,37.14,3.92,9.13,19.35,,,18.13,,2558,2511,2797,2930,1.36,بدون EPS مثبت | سهم صفی: 8 روز از ۲۰ روز در صف (ریسک نقدشوندگی و اجرای حد ضرر) | توزیع: ورود حقیقی با سرانه خرید ضعیف (0.74 در ۲۰ روز)
سفانو,سیمان فارس نو,سیمان، آهک و گچ,63.9,زیر نظر,85,55,52.5,57,56760,20260929,6.3,6.1,38.3,-11.9,-0.5,5.3,55.9,54.7,3,0,false,21.3,3.64,above,-12,1.2,52475,64480,0.96,34.54,0.79,-6.71,11.31,8458,6.71,7.14,-6,54694,51595,64480,68612,1.49,توزیع: ورود حقیقی با سرانه خرید ضعیف (0.57 در ۲۰ روز) | 56٪ بالای MA200 | سرانه خرید ضعیف (0.79) | حد ضرر دور (9.1٪)
ساروج,بین المللی ساروج بوشهر,سیمان، آهک و گچ,63.8,زیر نظر,74,55,44.5,78,58520,20260929,4,5.7,-1.9,-52,0.9,2.9,11.9,53.2,1,0,false,16.2,3.47,inside,-16.2,0.58,57816,59275,0.04,4.25,0.88,-1.65,4.52,11890,4.92,6.69,-26.4,57816,56800,59275,61211,0.44,توزیع: ورود حقیقی با سرانه خرید ضعیف (0.79 در ۲۰ روز) | نقدشوندگی کمتر از ۱۰ میلیارد تومان
وامیر,گروه صنعتی و معدنی امیر,استخراج کانه های فلزی,63.8,زیر نظر,100,50,70.1,25,11230,20260929,-3.4,36.3,144.5,94.4,7.2,38.9,139,72.5,11,2,false,70.8,2.87,above,-6.8,0.77,6610,12050,0.1,49.71,0.9,5.69,18.55,598,18.78,,,10907,10585,12050,12695,1.27,سهم صفی: 11 روز از ۲۰ روز در صف (ریسک نقدشوندگی و اجرای حد ضرر) | رشد عمودی (145٪ در ۶۰ روز، 39٪ بالای MA50) | 139٪ بالای MA200 | صف فروش در ۵ روز اخیر
غصینو,صنعتی مینو,محصولات غذایی و آشامیدنی به جز قند و شکر,63.8,زیر نظر,83,55,87.5,24,6070,20260929,10.8,7.8,25.4,-24.7,3.3,6,68.7,57.6,5,0,false,19.7,3.89,above,-5.5,0.75,5700,6200,48.65,83.14,4.6,39.58,28.17,698,8.7,7.05,23.4,5834,5582,6200,6672,0.27,69٪ بالای MA200 | حد ضرر دور (8.0٪)
تاصیکو,سرمایه گذاری صدرتامین,استخراج کانه های فلزی,63.8,زیر نظر,100,70,75,4,34680,20260929,15.8,70.5,155.7,105.6,28.3,60.9,178.7,94.4,13,0,true,74.1,2.89,above,0,0.51,29400,,311.84,1628.65,4.3,-162.37,287.41,560,61.93,13.76,350.1,33677,32675,37688,39693,1.5,اشباع خرید | فاصله زیاد از MA20 | سهم صفی: 13 روز از ۲۰ روز در صف (ریسک نقدشوندگی و اجرای حد ضرر) | رشد عمودی (156٪ در ۶۰ روز، 61٪ بالای MA50) | P/E بالا (62) | توزیع: ورود حقیقی با سرانه خرید ضعیف (0.71 در ۲۰ روز) | 179٪ بالای MA200
پکویر,کویر تایر,لاستیک و پلاستیک,63.7,زیر نظر,88,45,53,60,3580,20260929,-3.5,2.8,24.6,-25.6,0.6,10.8,19,55.3,7,2,false,18.7,3.27,above,-8.7,0.78,3519,3710,26.73,109.06,0.48,-41.68,40.99,544,6.58,8.21,-19.8,3519,3460,3710,3920,1.08,سهم صفی: 7 روز از ۲۰ روز در صف (ریسک نقدشوندگی و اجرای حد ضرر) | توزیع: ورود حقیقی با سرانه خرید ضعیف (0.63 در ۲۰ روز) | سرانه خرید ضعیف (0.48) | صف فروش در ۵ روز اخیر
فزر,پویا زرکان آق دره,استخراج کانه های فلزی,63.5,زیر نظر,100,70,74,4,340500,20260929,13,50.7,182.6,132.5,18.8,52.8,171.5,89.4,8,0,true,78.5,2.77,above,0,0.5,309800,,368.5,1440.25,1.86,-537.58,791.01,9504,35.83,14.44,148.1,331067,321633,368800,387667,1.5,واگرایی منفی RSI | اشباع خرید | فاصله زیاد از MA20 | سهم صفی: 8 روز از ۲۰ روز در صف (ریسک نقدشوندگی و اجرای حد ضرر) | رشد عمودی (183٪ در ۶۰ روز، 53٪ بالای MA50) | P/E بالا (36) | توزیع: ورود حقیقی با سرانه خرید ضعیف (0.52 در ۲۰ روز) | 171٪ بالای MA200 | واگرایی منفی
شپدیس,پتروشیمی پردیس,محصولات شیمیایی,63.4,زیر نظر,100,45,27.5,70,12930,20260929,-3.9,8,3.7,-46.4,0.5,11.2,21.8,55,1,1,false,40.4,3.44,above,-20.5,0.74,12540,13270,-494.17,949.05,0.5,-1034.16,645.12,1879,6.88,9.63,-28.5,12540,12317,13270,14075,0.55,توزیع: ورود حقیقی با سرانه خرید ضعیف (0.66 در ۲۰ روز) | 161٪ بالای کف ۵۲ هفته | سرانه خرید ضعیف (0.50) | صف فروش در ۵ روز اخیر
کسعدی,کاشی‌ سعدی‌,کاشی و سرامیک,63.4,زیر نظر,100,70,88.5,9,28440,20260923,15.8,79.4,224.7,174.5,30.2,63.5,201.5,95.7,16,0,true,72.5,2.32,above,0,0.73,16500,,6.82,44.12,2.3,21.22,12.15,1590,17.89,7.65,133.8,27780,27120,30420,31740,1.5,واگرایی منفی RSI | اشباع خرید | فاصله زیاد از MA20 | سهم صفی: 16 روز از ۲۰ روز در صف (ریسک نقدشوندگی و اجرای حد ضرر) | رشد عمودی (225٪ در ۶۰ روز، 63٪ بالای MA50) | 202٪ بالای MA200 | واگرایی منفی | آخرین معامله 20260923 (متوقف یا کم‌معامله)
کطبس,ذغال‌سنگ‌ نگین‌ ط‌بس‌,استخراج زغال سنگ,63.4,زیر نظر,100,60,61.5,24,20460,20260929,10.8,18.5,101.2,51,12,34.9,118.5,78.8,5,0,false,56.7,3.27,above,0,0.4,19900,,3.34,-26.95,2.37,6.03,9.51,1904,10.75,9.67,11.1,19900,19565,22470,23809,2.25,واگرایی منفی RSI | اشباع خرید | خروج مستمر پول حقیقی | رشد عمودی (101٪ در ۶۰ روز، 35٪ بالای MA50) | 118٪ بالای MA200 | واگرایی منفی | نقدشوندگی کمتر از ۱۰ میلیارد تومان
بپیوند,برق و انرژی پیوندگستر پارس,عرضه برق، گاز، بخاروآب گرم,63.3,زیر نظر,95,55,78,37,18580,20260928,7,1.3,30.4,-19.7,1.8,9.8,50,56.5,1,1,false,22.1,3.59,above,-8,0.6,17150,19560,0.25,2.65,15.13,6.73,3.03,1762,10.54,10.04,5,17913,16914,19560,20190,0.59,50٪ بالای MA200 | حد ضرر دور (9.0٪) | نقدشوندگی کمتر از ۱۰ میلیارد تومان | صف فروش در ۵ روز اخیر | آخرین معامله 20260928 (متوقف یا کم‌معامله)
ممسنی,پتروشیمی ممسنی,محصولات شیمیایی,63.3,زیر نظر,100,70,87,10,13500,20260926,15.8,50,93.7,43.6,23.1,47.3,59.3,98.4,20,0,true,78.2,2.32,above,-11.5,0.37,13020,15250,1.49,60.48,3.91,1.96,4.21,,,,,13187,12864,15250,15875,2.75,اشباع خرید | فاصله زیاد از MA20 | بدون EPS مثبت | سهم صفی: 20 روز از ۲۰ روز در صف (ریسک نقدشوندگی و اجرای حد ضرر) | رشد عمودی (94٪ در ۶۰ روز، 47٪ بالای MA50) | 59٪ بالای MA200 | نقدشوندگی کمتر از ۱۰ میلیارد تومان | واگرایی مثبت RSI | آخرین معامله 20260926 (متوقف یا کم‌معامله)
ونیکی,سرمایه‌گذاری‌ ملی‌ایران‌,شرکتهای چند رشته ای صنعتی,63.2,زیر نظر,100,38,52.5,50,5790,20260929,2.3,28,41.9,-8.2,10.8,31.2,66.9,72,9,0,false,50.1,2.95,above,-1.4,0.9,5360,5870,9.76,65.46,0.42,-79.73,35.75,692,8.37,10.88,-23.1,5619,5363,5870,6212,0.19,سهم صفی: 9 روز از ۲۰ روز در صف (ریسک نقدشوندگی و اجرای حد ضرر) | رشد عمودی (42٪ در ۶۰ روز، 31٪ بالای MA50) | توزیع: ورود حقیقی با سرانه خرید ضعیف (0.53 در ۲۰ روز) | 67٪ بالای MA200 | سرانه خرید ضعیف (0.42) | حد ضرر دور (7.4٪) | شناوری کم (13٪)
پتوسعه,س. و توسعه صنایع لاستیک,لاستیک و پلاستیک,63.1,زیر نظر,90,45,61.5,47,9390,20260929,5.7,-1.1,26.9,-23.2,-1.9,8.4,,53.9,3,0,false,27.8,3.49,above,-10.4,0.35,9167,9580,3.7,-14.13,5.78,11.44,11.88,1012,9.28,9.84,-5.7,9167,9003,9580,10480,0.49,خروج مستمر پول حقیقی
فزرین,زرین معدن آسیا,فلزات اساسی,63.1,زیر نظر,90,65,35.3,57,9470,20260929,-0.9,17.6,117.7,67.6,-1.8,23.9,129.5,59.4,15,0,false,62.9,3.21,above,-14.5,1.66,6630,11080,-6.23,79.05,1.15,-52.32,22.28,1184,8,8.05,-0.6,9166,8862,11080,11688,2.65,سهم صفی: 15 روز از ۲۰ روز در صف (ریسک نقدشوندگی و اجرای حد ضرر) | رشد عمودی (118٪ در ۶۰ روز، 24٪ بالای MA50) | توزیع: ورود حقیقی با سرانه خرید ضعیف (0.76 در ۲۰ روز) | 130٪ بالای MA200
فافق,صنایع مس افق کرمان,فلزات اساسی,63,زیر نظر,100,75,29.9,42,15180,20260929,4.5,17.9,67.8,17.6,3.4,17.3,87.4,63.6,5,0,false,41.3,3.39,above,-8.2,0.91,13860,16540,2.33,-4.91,0.96,-2.99,9.02,2178,6.97,,,14666,13894,16540,17569,1.06,واگرایی منفی RSI | 87٪ بالای MA200 | واگرایی منفی | حد ضرر دور (8.5٪) | نقدشوندگی کمتر از ۱۰ میلیارد تومان
رپویا,پویا,رایانه و فعالیت‌های وابسته به آن,63,زیر نظر,95,53,71.5,24,56670,20260929,10.6,-3.7,44.5,-5.7,4.7,14,45.7,60.9,5,0,false,28.7,3.38,above,-8.4,1.43,52268,57433,12.47,-22.8,25.26,22.7,7.74,5242,10.81,8.89,21.6,54755,51882,57433,61888,0.16,خروج مستمر پول حقیقی | حد ضرر دور (8.4٪) | نقدشوندگی کمتر از ۱۰ میلیارد تومان
سکرد,سیمان کردستان,سیمان، آهک و گچ,62.9,زیر نظر,100,55,53.7,34,15870,20260929,8.3,17.6,39.7,-10.4,4.4,14.6,55.9,62,4,0,false,34.8,3.33,above,-8.3,0.82,14635,17300,4.06,15.44,0.83,-6.96,8.38,2014,7.88,7.14,10.4,15342,14551,17300,18355,1.08,توزیع: ورود حقیقی با سرانه خرید ضعیف (0.90 در ۲۰ روز) | 56٪ بالای MA200 | حد ضرر دور (8.3٪) | نقدشوندگی کمتر از ۱۰ میلیارد تومان | شناوری کم (14٪)
وپایا,سرمایه گذاری پایا تدبیرپارسا,سرمایه گذاریها,62.9,زیر نظر,100,60,46.5,37,2052,20260929,12.3,11.5,62.9,12.8,8.1,23.3,62.1,71.7,2,0,false,46,3.31,above,0,1.59,2017,,-2.58,-11.81,122.92,12.66,3.37,235,8.73,8.73,0,2017,1983,2256,2391,2.97,واگرایی منفی RSI | خروج مستمر پول حقیقی | 62٪ بالای MA200 | واگرایی منفی | نقدشوندگی کمتر از ۱۰ میلیارد تومان
کپرسپولیس,مجتمع کاشی و سنگ پرسپولیس یزد,کاشی و سرامیک,62.9,زیر نظر,100,53,52,37,8990,20260929,2.6,10.4,41.4,-8.7,6,15.5,,66,4,0,false,37.7,3.26,above,-2.1,0.64,8790,9180,-14,1.62,18.05,24.05,17.01,966,9.31,9.26,0.5,8790,8643,9180,9766,0.55,واگرایی منفی RSI | واگرایی منفی
شیفته,کشت و صنعت شیفته آرای شرق,محصولات غذایی و آشامیدنی به جز قند و شکر,62.7,زیر نظر,85,88,62.5,16,15410,20260929,9.9,19,47.8,-2.3,8.6,19.6,,69.3,3,0,true,46.4,3.16,,-0.3,0.67,15100,,3.95,-12.1,10.13,52.19,19.75,1559,9.88,7.05,40.2,15100,14857,16869,17842,2.64,
شسینا,صنایع‌شیمیایی‌سینا,محصولات شیمیایی,62.6,زیر نظر,100,55,36.5,50,4280,20260929,3.9,9.5,27,-23.1,2.3,16.3,55,60.2,2,0,false,38.9,3.18,above,-9.9,0.97,4030,4750,-0.07,-3.67,1.91,0.42,6.18,523,8.18,9.63,-15,4144,3962,4750,5023,1.48,55٪ بالای MA200 | حد ضرر دور (7.4٪) | نقدشوندگی کمتر از ۱۰ میلیارد تومان
کسرام,پارس‌ سرام‌,سایر محصولات کانی غیرفلزی,62.5,زیر نظر,100,85,58.1,4,15560,20260929,15.4,20.2,52,1.8,11.7,24.3,65.3,73,2,0,true,37.4,3.24,above,-0.1,0.86,14980,,9.74,-20.19,1.4,11,9.53,697,22.32,12.75,75.1,15056,14728,17072,18079,1.82,خروج مستمر پول حقیقی | 65٪ بالای MA200 | نقدشوندگی کمتر از ۱۰ میلیارد تومان
آریا,پلیمر آریا ساسول,محصولات شیمیایی,62.5,زیر نظر,100,60,58,24,49890,20260929,12.2,49.7,51,0.9,23.8,48,59.6,94,4,0,true,60.6,3.01,above,-0.9,1.69,42434,,-188.75,124.42,2.53,-59.46,93.81,4878,10.23,8.01,27.7,48387,46883,54400,57407,1.5,اشباع خرید | فاصله زیاد از MA20 | رشد عمودی (51٪ در ۶۰ روز، 48٪ بالای MA50) | 60٪ بالای MA200
زنگان,صنعت روی زنگان,فلزات اساسی,62.5,زیر نظر,100,70,90,4,9420,20260926,15.6,32.7,84.9,34.8,23.1,38,85.6,87,9,0,true,47.8,2.83,above,0,0.59,7490,,9.24,11.8,5.69,23.38,6.21,403,23.37,8.05,190.4,9153,8887,10220,10753,1.5,اشباع خرید | فاصله زیاد از MA20 | سهم صفی: 9 روز از ۲۰ روز در صف (ریسک نقدشوندگی و اجرای حد ضرر) | رشد عمودی (85٪ در ۶۰ روز، 38٪ بالای MA50) | 86٪ بالای MA200 | نقدشوندگی کمتر از ۱۰ میلیارد تومان | آخرین معامله 20260926 (متوقف یا کم‌معامله)
والبر,سرمایه‌ گذاری‌ البرز(هلدینگ‌,مواد و محصولات دارویی,62.5,زیر نظر,95,80,68,4,4080,20260929,10,2.8,32.4,-17.8,6.4,13.2,60.2,64,3,0,true,21,3.3,above,-3.8,1.11,3860,4240,37.59,43.84,1.22,9.44,43.88,201,20.3,12.91,57.2,3946,3793,4240,4509,0.56,توزیع: ورود حقیقی با سرانه خرید ضعیف (0.77 در ۲۰ روز) | 60٪ بالای MA200 | حد ضرر دور (7.0٪)
بهپاک,صنعتی بهپاک,محصولات غذایی و آشامیدنی به جز قند و شکر,62.4,زیر نظر,73,55,28,90,16280,20260929,3.1,0.1,23.3,-26.8,-1.8,5.2,76.3,52.8,2,0,false,17.9,3.58,above,-11.3,0.74,15700,18360,2.47,-15.55,0.77,-18.51,29.48,3539,4.6,7.05,-34.7,15700,15409,18360,19525,2.39,76٪ بالای MA200 | سرانه خرید ضعیف (0.77)
شستان,پتروشیمی شهید رئیسی گلستان,محصولات شیمیایی,62.3,زیر نظر,100,55,65.3,20,1903,20260929,8,4.4,29.8,-20.3,2.8,16.2,29.3,62.8,1,0,false,28.3,3.74,above,-5.5,0.69,1739,1924,1.47,1.48,1.09,0.37,3.52,7,271.86,,,1832,1725,1924,2003,0.12,واگرایی منفی RSI | P/E بالا (272) | توزیع: ورود حقیقی با سرانه خرید ضعیف (0.84 در ۲۰ روز) | واگرایی منفی | حد ضرر دور (9.3٪) | نقدشوندگی کمتر از ۱۰ میلیارد تومان
غزر,صنعتی زر ماکارون,محصولات غذایی و آشامیدنی به جز قند و شکر,62.3,زیر نظر,100,75,32.3,37,5240,20260929,8.7,24.5,61.1,11,8.6,30.4,114,69.5,6,0,false,54.1,2.85,above,-2.4,0.91,4790,5370,-14.54,-91.58,1.41,48.12,79.48,620,8.45,8.53,-0.9,5091,4942,5370,5668,0.44,واگرایی منفی RSI | خروج مستمر پول حقیقی | سهم صفی: 6 روز از ۲۰ روز در صف (ریسک نقدشوندگی و اجرای حد ضرر) | رشد عمودی (61٪ در ۶۰ روز، 30٪ بالای MA50) | 114٪ بالای MA200 | واگرایی منفی
دسبحان,سبحان دارو,مواد و محصولات دارویی,62.3,زیر نظر,100,45,63,30,18640,20260929,15.8,33.1,254.4,204.3,13.8,47.7,233.9,80.9,13,0,false,76.2,2.78,above,0,0.08,17730,,13.01,-87.41,4.77,22.21,65.7,1454,12.82,12.91,-0.7,18122,17471,20195,21232,1.33,اشباع خرید | خروج مستمر پول حقیقی | سهم صفی: 13 روز از ۲۰ روز در صف (ریسک نقدشوندگی و اجرای حد ضرر) | رشد عمودی (254٪ در ۶۰ روز، 48٪ بالای MA50) | 234٪ بالای MA200
درپاد,گروه صنعتی درپاد تبریز,فلزات اساسی,62.3,زیر نظر,100,70,89,4,4750,20260928,15.3,76,96.6,46.4,29.4,74.1,,97.9,18,0,true,77.4,2.17,above,0,0.81,3011,,26.16,55.25,343.58,35.42,7.25,24,197.92,8.05,2358.6,4647,4543,5060,5266,1.5,اشباع خرید | فاصله زیاد از MA20 | سهم صفی: 18 روز از ۲۰ روز در صف (ریسک نقدشوندگی و اجرای حد ضرر) | رشد عمودی (97٪ در ۶۰ روز، 74٪ بالای MA50) | P/E بالا (198) | 160٪ بالای کف ۵۲ هفته | نقدشوندگی کمتر از ۱۰ میلیارد تومان | آخرین معامله 20260928 (متوقف یا کم‌معامله)
سدبیر,س. تدبیرگران فارس وخوزستان,سرمایه گذاریها,62.2,زیر نظر,95,63,2.5,82,40620,20260929,5.9,0.2,44.9,-5.2,3.9,13.5,17.8,61,0,0,false,32.2,3.68,above,-17.7,0.56,38461,41768,-1.37,-2.41,0.8,-5.05,9.96,7407,5.48,8.73,-37.2,39126,37713,41768,42636,0.39,واگرایی منفی RSI | واگرایی منفی | حد ضرر دور (7.2٪) | نقدشوندگی کمتر از ۱۰ میلیارد تومان
شرانل,نفت ایرانول,فراورده های نفتی، کک و سوخت هسته ای,62.2,زیر نظر,100,63,41.5,37,110600,20260929,4,16.4,45.8,-4.3,2.4,16.6,93.6,61.4,4,0,false,34.9,3.3,above,-8.4,0.48,99320,120700,9.36,25.04,0.62,-23.21,39.31,13150,8.41,8.12,3.6,106945,103291,120700,128009,1.38,توزیع: ورود حقیقی با سرانه خرید ضعیف (0.58 در ۲۰ روز) | 94٪ بالای MA200 | سرانه خرید ضعیف (0.62)
والماس,س. الماس حکمت ایرانیان,سرمایه گذاریها,62.1,زیر نظر,100,65,16.5,60,2912,20260929,-2.5,28.1,71.7,21.6,8.3,24.3,76,66.8,10,2,false,54.3,3.18,above,-7,1.12,2135,3132,-20.63,7.78,0.48,-22.05,10.81,462,6.3,8.73,-27.8,2819,2727,3132,3317,1.19,سهم صفی: 10 روز از ۲۰ روز در صف (ریسک نقدشوندگی و اجرای حد ضرر) | 76٪ بالای MA200 | سرانه خرید ضعیف (0.48) | صف فروش در ۵ روز اخیر
حگردش,ریل گردش ایرانیان,حمل ونقل، انبارداری و ارتباطات,62.1,زیر نظر,73,55,76.9,40,2350,20260929,7.4,4.9,4.7,-45.4,2.6,9.9,0.3,58.2,1,0,false,17.1,3.61,above,-30.4,0.73,2266,2414,1.57,7.61,1.22,3.07,5.08,68,34.56,,,2266,2223,2414,2514,0.5,واگرایی منفی RSI | P/E بالا (35) | واگرایی منفی | نقدشوندگی کمتر از ۱۰ میلیارد تومان
کپارس,کاشی‌ پارس‌,کاشی و سرامیک,62,زیر نظر,100,75,21,47,19120,20260929,6.3,19,96.1,46,5.3,31.9,113.5,68.4,10,0,false,57.1,3.09,above,-6.7,0.77,17360,20500,-23.29,-68.81,2.71,-27.07,20.01,2681,7.13,7.65,-6.8,18528,17641,20500,21683,0.93,واگرایی منفی RSI | خروج مستمر پول حقیقی | سهم صفی: 10 روز از ۲۰ روز در صف (ریسک نقدشوندگی و اجرای حد ضرر) | رشد عمودی (96٪ در ۶۰ روز، 32٪ بالای MA50) | 113٪ بالای MA200 | واگرایی منفی | حد ضرر دور (7.7٪)
مفاخر,توسعه فناوری اطلاعات خوارزمی,رایانه و فعالیت‌های وابسته به آن,62,زیر نظر,100,75,84,4,14400,20260927,2.3,38.1,109.3,59.2,13.7,31.8,84.7,77.9,8,0,true,63.4,3.37,above,-3.3,1.26,10870,14890,0.51,9.87,1.44,8.46,12.91,574,25.09,8.89,182.2,13915,13430,14890,15860,0.51,سهم صفی: 8 روز از ۲۰ روز در صف (ریسک نقدشوندگی و اجرای حد ضرر) | رشد عمودی (109٪ در ۶۰ روز، 32٪ بالای MA50) | 85٪ بالای MA200 | آخرین معامله 20260927 (متوقف یا کم‌معامله)
کتوکا,تولیدی و خدمات صنایع نسوز توکا,سایر محصولات کانی غیرفلزی,61.9,زیر نظر,100,50,37.5,50,8840,20260929,2.6,30.8,126.4,76.3,6.5,43.6,114.3,73,10,1,false,75.9,3.01,above,-5.4,0.77,8180,9340,-5.26,-17.54,3.44,5.08,29.22,983,8.99,10.33,-12.9,8574,8174,9340,9873,0.75,سهم صفی: 10 روز از ۲۰ روز در صف (ریسک نقدشوندگی و اجرای حد ضرر) | رشد عمودی (126٪ در ۶۰ روز، 44٪ بالای MA50) | 114٪ بالای MA200 | حد ضرر دور (7.5٪) | صف فروش در ۵ روز اخیر
ملت,بیمه ملت,بیمه وصندوق بازنشستگی به جزتامین اجتماعی,61.9,زیر نظر,100,70,62.5,9,6020,20260929,15.5,64,144.8,94.7,27.8,67.9,88,98,9,0,true,85,2.41,above,0,0.92,4126,,6.99,-3.68,7.64,14.01,4.71,417,14.44,4.59,214.5,5875,5730,6456,6746,1.5,اشباع خرید | فاصله زیاد از MA20 | سهم صفی: 9 روز از ۲۰ روز در صف (ریسک نقدشوندگی و اجرای حد ضرر) | رشد عمودی (145٪ در ۶۰ روز، 68٪ بالای MA50) | 88٪ بالای MA200 | نقدشوندگی کمتر از ۱۰ میلیارد تومان
هرمز,فولاد هرمزگان جنوب,فلزات اساسی,61.9,زیر نظر,100,65,51.5,24,4530,20260929,2.7,28,54,3.9,5.7,22.3,104.7,66.2,9,0,false,47,3.14,above,-5.4,0.66,3700,,12.15,-133.72,1.2,2.4,51.93,435,10.41,8.05,29.4,4388,4245,4957,5241,1.5,واگرایی منفی RSI | خروج مستمر پول حقیقی | سهم صفی: 9 روز از ۲۰ روز در صف (ریسک نقدشوندگی و اجرای حد ضرر) | 105٪ بالای MA200 | واگرایی منفی
آلومینا,آلومینای ایران,فلزات اساسی,61.8,زیر نظر,100,75,37,30,235400,20260929,8.7,7,57.4,7.2,2.6,22.7,69.7,64.3,0,0,false,42.5,3.47,above,-8.1,0.63,210800,256100,-0.6,-161.14,2.21,23.52,31.54,16822,13.99,13.48,3.8,227243,219085,256100,272415,1.27,خروج مستمر پول حقیقی | 70٪ بالای MA200 | شناوری کم (6٪)
فروی,ذوب روی اصفهان,فلزات اساسی,61.7,زیر نظر,100,65,55.8,19,2754,20260929,-2,9.9,54.3,4.1,0.7,15.2,54.5,56.6,10,1,false,43.9,3.23,above,-12.6,1.32,2642,3150,1.65,36.39,0.93,-4.55,11.25,186,14.81,8.05,83.9,2665,2597,3150,3328,2.52,سهم صفی: 10 روز از ۲۰ روز در صف (ریسک نقدشوندگی و اجرای حد ضرر) | 54٪ بالای MA200 | صف فروش در ۵ روز اخیر
کی بی سی,شرکت کی بی سی,مواد و محصولات دارویی,61.6,زیر نظر,100,60,62.5,16,12430,20260929,12.9,24.1,123.2,73,7.7,33.6,150.9,71.7,12,0,false,59,2.96,above,-5.3,0.71,11000,13120,45.85,-26.35,3.87,50.74,30.22,1043,11.92,8.86,34.5,12062,11695,13120,13855,0.94,سهم صفی: 12 روز از ۲۰ روز در صف (ریسک نقدشوندگی و اجرای حد ضرر) | رشد عمودی (123٪ در ۶۰ روز، 34٪ بالای MA50) | 151٪ بالای MA200
سرود,سیمان‌شاهرود,سیمان، آهک و گچ,61.6,زیر نظر,100,75,42.5,24,19650,20260929,8.3,14,58.7,8.6,5.1,16,97.9,66.4,1,0,false,32.7,3.73,above,-3.8,1.2,17577,20430,15.97,27.69,0.63,-124.12,60.03,2424,8.11,7.14,13.5,18917,17819,20430,21895,0.43,واگرایی منفی RSI | توزیع: ورود حقیقی با سرانه خرید ضعیف (0.60 در ۲۰ روز) | 98٪ بالای MA200 | سرانه خرید ضعیف (0.63) | واگرایی منفی | حد ضرر دور (9.3٪)
وفتخار,سرمایه گذاری افتخار سهام,سرمایه گذاریها,61.6,زیر نظر,100,75,16.5,50,2094,20260929,3.9,29.7,57.9,7.8,13.8,30.2,39,77.9,7,0,true,50.1,3.2,above,-0.4,1.06,2041,,-2.75,4.19,0.71,-7.85,4.92,531,3.94,,,2041,2007,2295,2429,2.32,سهم صفی: 7 روز از ۲۰ روز در صف (ریسک نقدشوندگی و اجرای حد ضرر) | رشد عمودی (58٪ در ۶۰ روز، 30٪ بالای MA50) | سرانه خرید ضعیف (0.71) | نقدشوندگی کمتر از ۱۰ میلیارد تومان
اتکای,بیمه اتکایی ایرانیان,بیمه وصندوق بازنشستگی به جزتامین اجتماعی,61.5,زیر نظر,100,60,6.1,72,3410,20260929,4.6,18.6,91.6,41.5,11.9,36.4,89.7,85.8,0,0,true,72,3.26,above,-1.4,0.52,2936,,-19.82,-33.9,0.96,-11.47,12.53,612,5.57,18.13,-69.3,3299,3188,3744,3966,1.5,اشباع خرید | خروج مستمر پول حقیقی | رشد عمودی (92٪ در ۶۰ روز، 36٪ بالای MA50) | 90٪ بالای MA200
شنفت,نفت‌ پارس‌,فراورده های نفتی، کک و سوخت هسته ای,61.5,زیر نظر,100,60,43.9,34,18220,20260929,7.7,22.4,62.3,12.2,9.6,28.5,82.9,72,2,0,false,45,2.89,above,-0.3,0.68,17950,,13.91,9.18,0.86,-20.82,32.08,2291,7.95,6.26,27,17950,17686,19802,20857,2.96,واگرایی منفی RSI | توزیع: ورود حقیقی با سرانه خرید ضعیف (0.56 در ۲۰ روز) | 83٪ بالای MA200 | واگرایی منفی | شناوری کم (12٪)
وآرین,گروه توسعه اقتصادی آرین,سرمایه گذاریها,61.4,زیر نظر,100,75,35.5,30,2856,20260929,3.1,17.2,75.1,25,1.4,24.8,60.9,62.5,1,0,false,49.7,3.55,above,-11.3,0.27,2713,3220,-0.57,-14.36,1.71,1.44,3.35,62,46.06,,,2755,2662,3220,3423,1.88,خروج مستمر پول حقیقی | P/E بالا (46) | 61٪ بالای MA200 | نقدشوندگی کمتر از ۱۰ میلیارد تومان
لابسا,آبسال‌,ماشین آلات و تجهیزات,61.3,زیر نظر,88,75,63.5,16,5710,20260929,10,12.6,51.2,1.1,6.8,15.6,44.8,65.6,1,0,false,18.2,3.32,above,-0.5,0.82,5500,,0.67,-0.07,1.71,4.63,3.13,484,11.8,5.15,129.1,5520,5405,6279,6659,1.87,نقدشوندگی کمتر از ۱۰ میلیارد تومان
خاور,ایران خودرو دیزل,خودرو و ساخت قطعات,61.3,زیر نظر,85,45,88,19,1575,20260929,6.9,-6.6,6.6,-43.5,-0.2,8.2,29.6,55,1,0,false,24.8,3.87,above,-11.3,1.07,1477,1722,93.66,140.34,1.94,25.23,73.83,91,17.31,5.87,194.8,1514,1447,1722,1776,1.14,توزیع: ورود حقیقی با سرانه خرید ضعیف (0.76 در ۲۰ روز) | حد ضرر دور (8.1٪)
وساپا,سرمایه‌گذاری‌ سایپا,سرمایه گذاریها,61.2,زیر نظر,100,53,2.5,80,9410,20260929,-1.8,13,44.7,-5.5,1,22.4,64.3,60.9,3,0,false,43.4,3.63,above,-6.7,0.79,8870,10090,-299.34,-275.54,0.73,-365,252.84,2887,3.26,7.13,-54.3,9069,8699,10090,10772,0.96,واگرایی منفی RSI | خروج مستمر پول حقیقی | 64٪ بالای MA200 | سرانه خرید ضعیف (0.73) | واگرایی منفی | حد ضرر دور (7.6٪)
دسانکو,داروسازی سبحان انکولوژی,مواد و محصولات دارویی,61.2,زیر نظر,95,75,66.8,4,3480,20260929,9.8,11.5,69.6,19.5,2.1,11.2,67.7,59,8,0,false,35.8,3.26,above,-8.9,1.2,3370,3820,13.12,26.11,1.31,-8.72,12.28,97,35.88,8.86,304.9,3370,3313,3820,4047,2.04,سهم صفی: 8 روز از ۲۰ روز در صف (ریسک نقدشوندگی و اجرای حد ضرر) | P/E بالا (36) | توزیع: ورود حقیقی با سرانه خرید ضعیف (0.86 در ۲۰ روز) | 68٪ بالای MA200
غبهار,کشت وصنعت بهاران گلبهار خراسان,محصولات غذایی و آشامیدنی به جز قند و شکر,61.2,زیر نظر,95,75,28.6,42,4830,20260929,6.2,10.8,149,98.9,3,22.1,69.3,63.3,8,0,false,51.1,3.44,above,-9.7,0.99,4520,5350,-1.77,-0.86,1.32,3.4,9.21,798,6.05,,,4664,4437,5350,5683,1.32,واگرایی منفی RSI | سهم صفی: 8 روز از ۲۰ روز در صف (ریسک نقدشوندگی و اجرای حد ضرر) | رشد عمودی (149٪ در ۶۰ روز، 22٪ بالای MA50) | 69٪ بالای MA200 | واگرایی منفی | حد ضرر دور (8.1٪) | نقدشوندگی کمتر از ۱۰ میلیارد تومان
کولان,کولان سل,محصولات کاغذی,61.1,زیر نظر,85,55,61.5,37,31800,20260929,5.8,14,16.5,-33.7,5.5,11,,64.2,3,0,false,23.3,3.13,,-2.9,0.79,30072,32750,1.57,-0.36,12.24,45.38,14.42,3233,9.84,10.19,-3.5,30805,29574,32750,34741,0.43,
کساپا,سایپاشیشه‌,سایر محصولات کانی غیرفلزی,61.1,زیر نظر,95,55,76.5,10,3700,20260929,6,3.6,17.9,-32.2,1.1,9.1,26.7,55.9,3,0,false,25.2,3.6,above,-7.3,0.63,3490,3790,0.65,1.19,3.41,0.11,4.73,,,12.75,,3567,3423,3790,3990,0.33,واگرایی منفی RSI | بدون EPS مثبت | توزیع: ورود حقیقی با سرانه خرید ضعیف (0.89 در ۲۰ روز) | واگرایی منفی | حد ضرر دور (7.5٪) | نقدشوندگی کمتر از ۱۰ میلیارد تومان
سپیدار,سپیدار سیستم آسیا,رایانه و فعالیت‌های وابسته به آن,61.1,زیر نظر,100,80,51.5,9,10430,20260929,7,18.1,23.5,-26.6,6.9,16.9,49.9,65.6,2,0,true,33.3,3.12,above,-1.7,0.75,9397,10610,-0.13,2,4.66,20.2,7.6,830,12.57,8.89,41.4,10105,9779,10610,11261,0.28,نقدشوندگی کمتر از ۱۰ میلیارد تومان
تفارس,تامین سرمایه خلیج فارس,فعالیتهای کمکی به نهادهای مالی واسط,61.1,زیر نظر,90,65,2.5,82,1803,20260929,0.7,-7.5,107.7,57.6,-4,20.5,86.7,55.1,1,0,false,40.8,3.72,above,-11.6,0.36,1715,1834,-3.55,-16.47,0.82,-4.58,9.41,329,5.48,9.46,-42.1,1736,1681,1834,2035,0.26,خروج مستمر پول حقیقی | رشد عمودی (108٪ در ۶۰ روز، 20٪ بالای MA50) | 87٪ بالای MA200 | نقدشوندگی کمتر از ۱۰ میلیارد تومان
قزوین,کارخانجات‌ قند قزوین‌,قند و شکر,61,زیر نظر,100,55,43.2,37,12580,20260929,3,14.1,23.2,-26.9,2.1,9.1,57.4,56.6,2,0,false,30.6,3.5,above,-9.6,1.14,12125,12730,4.03,-6.64,0.91,0.56,3.42,1403,8.97,9.8,-8.5,12140,11905,12730,13920,0.22,خروج مستمر پول حقیقی | 57٪ بالای MA200 | نقدشوندگی کمتر از ۱۰ میلیارد تومان
وسنا,سرمایه گذاری نیروگاهی ایران,سرمایه گذاریها,61,زیر نظر,100,70,48,20,52790,20260929,15.6,59.6,191.7,141.6,24.8,66.7,178.6,93,12,0,true,87.2,2.43,above,-0.3,0.44,24074,,7.88,-32.45,1.86,-7.73,15.27,998,52.9,,,51508,50227,56635,59199,1.5,اشباع خرید | فاصله زیاد از MA20 | خروج مستمر پول حقیقی | سهم صفی: 12 روز از ۲۰ روز در صف (ریسک نقدشوندگی و اجرای حد ضرر) | رشد عمودی (192٪ در ۶۰ روز، 67٪ بالای MA50) | P/E بالا (53) | 179٪ بالای MA200
فالوم,آلومتک,فلزات اساسی,60.9,زیر نظر,90,55,81.7,10,1502,20260929,0.4,41.4,34.2,-15.9,14.4,34.1,31.5,75.1,13,2,true,44.7,2.68,above,-24.4,1.63,1433,1848,5.01,19.38,1.53,-37.44,10.75,,,8.05,,1462,1413,1848,1988,3.88,بدون EPS مثبت | سهم صفی: 13 روز از ۲۰ روز در صف (ریسک نقدشوندگی و اجرای حد ضرر) | رشد عمودی (34٪ در ۶۰ روز، 34٪ بالای MA50) | توزیع: ورود حقیقی با سرانه خرید ضعیف (0.71 در ۲۰ روز) | صف فروش در ۵ روز اخیر
فروژ,صنایع فروآلیاژ ایران,فلزات اساسی,60.8,زیر نظر,100,70,63,4,2208,20260929,15.8,59.4,137.4,87.3,29.1,63.2,115.2,95.9,13,0,true,76.5,2.49,above,0,0.24,1426,,7.35,-16.26,15.92,12.7,8.98,46,48,8.05,496.3,2153,2098,2373,2483,1.5,اشباع خرید | فاصله زیاد از MA20 | خروج مستمر پول حقیقی | سهم صفی: 13 روز از ۲۰ روز در صف (ریسک نقدشوندگی و اجرای حد ضرر) | رشد عمودی (137٪ در ۶۰ روز، 63٪ بالای MA50) | P/E بالا (48) | 115٪ بالای MA200 | نقدشوندگی کمتر از ۱۰ میلیارد تومان
قچار,فراوردههای غذایی وقند چهارمحال,قند و شکر,60.7,زیر نظر,100,65,20.9,50,5600,20260929,0.4,9.9,64,13.9,4.3,18.9,81,64.3,2,0,false,62.9,3.7,above,-4.8,0.88,5450,5865,-10.53,1.69,0.94,-31.15,36.33,655,8.55,9.57,-10.7,5450,5346,5865,6279,1.05,واگرایی منفی RSI | توزیع: ورود حقیقی با سرانه خرید ضعیف (0.79 در ۲۰ روز) | 81٪ بالای MA200 | واگرایی منفی
ساربیل,سیمان آرتا اردبیل,سیمان، آهک و گچ,60.7,زیر نظر,83,45,63,44,89090,20260929,11.1,-0.1,6.4,-43.7,1.8,6.4,21.1,58,1,0,false,18.7,3.82,above,-12.1,0.98,83650,98760,5.11,2.79,2.17,-1.53,3.91,11188,7.96,7.14,11.5,85686,81948,98760,101400,1.35,توزیع: ورود حقیقی با سرانه خرید ضعیف (0.69 در ۲۰ روز) | حد ضرر دور (8.0٪) | نقدشوندگی کمتر از ۱۰ میلیارد تومان | شناوری کم (10٪)
فارس,صنایع پتروشیمی خلیج فارس,محصولات شیمیایی,60.6,زیر نظر,100,45,36.5,50,12610,20260929,1.1,30.2,33.7,-16.4,7.1,24,64.4,67.9,6,0,false,35.8,3.23,above,-3.4,0.75,10430,13050,-190.97,395.36,3.36,-237.06,443.16,1498,8.42,9.63,-12.6,12202,11795,13050,13865,0.54,سهم صفی: 6 روز از ۲۰ روز در صف (ریسک نقدشوندگی و اجرای حد ضرر) | توزیع: ورود حقیقی با سرانه خرید ضعیف (0.84 در ۲۰ روز) | 64٪ بالای MA200
زپارس,ملی کشت و صنعت و دامپروری پارس,زراعت و خدمات وابسته,60.6,زیر نظر,100,55,62.5,16,42840,20260929,14.3,8.9,38.4,-11.7,8,22.7,70.8,66.5,6,0,false,29.3,3.22,above,-0.9,0.39,40770,,5.88,-9.5,5.36,7.71,8.67,4640,9.23,6.33,45.9,41461,40080,46977,49736,1.5,واگرایی منفی RSI | خروج مستمر پول حقیقی | سهم صفی: 6 روز از ۲۰ روز در صف (ریسک نقدشوندگی و اجرای حد ضرر) | 71٪ بالای MA200 | واگرایی منفی | نقدشوندگی کمتر از ۱۰ میلیارد تومان | شناوری کم (13٪)
ولراز,لیزینگ رازی,سایر واسطه گریهای مالی,60.5,زیر نظر,100,70,61,25,6220,20260923,15.2,63.7,227.9,177.8,26.9,66.8,153.5,97.5,11,0,true,83.3,2.51,above,0,0.36,2771,,-0.32,12.36,4.1,3.8,4.39,322,19.32,,,6064,5908,6688,7000,1.5,اشباع خرید | فاصله زیاد از MA20 | سهم صفی: 11 روز از ۲۰ روز در صف (ریسک نقدشوندگی و اجرای حد ضرر) | رشد عمودی (228٪ در ۶۰ روز، 67٪ بالای MA50) | 153٪ بالای MA200 | نقدشوندگی کمتر از ۱۰ میلیارد تومان | آخرین معامله 20260923 (متوقف یا کم‌معامله)
ارفع,شرکت آهن و فولاد ارفع,فلزات اساسی,60.4,زیر نظر,100,60,26.5,47,14850,20260929,2.1,53.3,82.9,32.8,16.6,33.1,148,80.3,13,1,true,53,2.93,above,-0.9,0.96,11212,,-62.77,121.63,0.41,-156.09,58.78,1926,7.71,8.05,-4.2,14414,13979,16157,17029,1.5,اشباع خرید | فاصله زیاد از MA20 | سهم صفی: 13 روز از ۲۰ روز در صف (ریسک نقدشوندگی و اجرای حد ضرر) | رشد عمودی (83٪ در ۶۰ روز، 33٪ بالای MA50) | توزیع: ورود حقیقی با سرانه خرید ضعیف (0.72 در ۲۰ روز) | 148٪ بالای MA200 | سرانه خرید ضعیف (0.41) | صف فروش در ۵ روز اخیر
دپارس,پارس‌ دارو,مواد و محصولات دارویی,60.4,زیر نظر,85,65,57.5,30,59860,20260929,9,-1.6,52.7,2.5,-0.7,7.9,76,53.5,3,0,false,21.1,3.74,above,-9.5,1.28,58570,60820,-10.65,53.35,1.76,-33.55,27.27,4755,12.59,12.91,-2.5,58570,57451,60820,62640,0.4,واگرایی منفی RSI | توزیع: ورود حقیقی با سرانه خرید ضعیف (0.74 در ۲۰ روز) | 76٪ بالای MA200 | واگرایی منفی
گکیش,توریستی ورفاهی آبادگران کیش,هتل و رستوران,60.3,زیر نظر,100,65,89,20,10300,20260929,1.5,9.5,60.4,10.2,5.7,11.4,35.2,62.5,2,0,false,21.1,4.25,above,-4.5,1.02,10159,10581,1.95,6.98,2,3.55,1.79,60,171.67,,,10159,9941,10581,10787,0.78,نقدشوندگی پایین | P/E بالا (172) | نقدشوندگی کمتر از ۱۰ میلیارد تومان
امید,تامین سرمایه امید,فعالیتهای کمکی به نهادهای مالی واسط,60.3,زیر نظر,95,45,63,68,3710,20260929,5.1,-5.1,23.6,-26.5,1.6,5,25.8,56.2,2,0,false,26.3,2.64,above,-8.6,0.84,3398,3880,6.03,-2.99,5.23,6.45,2.57,755,4.91,5.92,-17,3612,3514,3880,4060,0.87,نقدشوندگی پایین | خروج مستمر پول حقیقی | نقدشوندگی کمتر از ۱۰ میلیارد تومان | شناوری کم (2٪)
بوعلی,پتروشیمی بوعلی سینا,محصولات شیمیایی,60.2,زیر نظر,100,60,12.9,60,64760,20260929,8.8,45.7,146.4,96.3,16.3,49,95.5,84.8,6,0,true,69.8,2.88,above,-0.4,0.81,60000,,-75.33,-111.79,1.26,-43.01,125,8261,7.84,9.63,-18.6,62892,60091,70363,74098,1.2,اشباع خرید | فاصله زیاد از MA20 | سهم صفی: 6 روز از ۲۰ روز در صف (ریسک نقدشوندگی و اجرای حد ضرر) | رشد عمودی (146٪ در ۶۰ روز، 49٪ بالای MA50) | 96٪ بالای MA200 | حد ضرر دور (7.2٪) | شناوری کم (8٪)
رنیک,جنرال مکانیک,خدمات فنی و مهندسی,60.2,زیر نظر,60,55,78.6,46,12440,20260929,2.7,1,30,-20.1,-1.4,5.8,-1.9,51.4,2,0,false,21.2,3.48,above,-26.8,0.54,12021,12590,15.54,165.24,1.17,8.04,21.98,1608,7.74,2.41,221,12021,11804,12590,12846,0.24,
خراسان,پتروشیمی خراسان,محصولات شیمیایی,60.1,زیر نظر,90,55,18.6,70,54380,20260929,4.2,1,14.9,-35.2,-1.3,10.1,63.6,55,2,0,false,23.8,3.59,above,-11.3,0.9,50886,55471,-1.74,18.44,0.8,-27.86,30.21,7006,7.76,9.63,-19.4,52428,49909,55471,61321,0.24,توزیع: ورود حقیقی با سرانه خرید ضعیف (0.58 در ۲۰ روز) | 64٪ بالای MA200 | حد ضرر دور (8.2٪) | شناوری کم (6٪)
زماهان,مجتمع تولید گوشت مرغ ماهان,زراعت و خدمات وابسته,60.1,زیر نظر,95,55,72.5,10,13530,20260929,7.2,4.1,22,-28.1,2.4,13.6,26.1,59,5,0,false,28,3.59,above,-6.9,0.77,13385,13790,3.65,6.07,1.44,2.46,13.09,,,8.07,,13385,13142,13790,14540,0.67,واگرایی منفی RSI | بدون EPS مثبت | واگرایی منفی
غپاک,لبنیات‌ پاک‌,محصولات غذایی و آشامیدنی به جز قند و شکر,60.1,زیر نظر,100,55,72.5,4,2340,20260929,7.6,20.6,23.7,-26.4,4.7,22.3,60.1,66,9,0,false,36.8,3.49,above,-8.2,0.9,2078,2550,8.14,43.61,8.24,-8.74,14.65,97,24.12,8.53,182.8,2258,2176,2550,2714,1.28,سهم صفی: 9 روز از ۲۰ روز در صف (ریسک نقدشوندگی و اجرای حد ضرر) | توزیع: ورود حقیقی با سرانه خرید ضعیف (0.76 در ۲۰ روز) | 60٪ بالای MA200
دامین,داروسازی‌ امین‌,مواد و محصولات دارویی,60.1,زیر نظر,95,85,54.3,4,17120,20260929,14.4,15.4,53.7,3.6,12.4,15.6,57.4,70,4,0,true,26.9,3.23,above,-0.4,1.14,16140,,19.52,-15.9,1.21,4.09,32.42,378,45.29,12.91,250.8,16568,15864,18777,19881,1.32,P/E بالا (45) | 57٪ بالای MA200 | حد ضرر دور (7.3٪)
کوچین,تولیدی کوچین,محصولات غذایی و آشامیدنی به جز قند و شکر,60,زیر نظر,85,55,37,57,16880,20260929,6,0.2,37.2,-12.9,-1.5,7.3,,54.1,4,0,false,31.7,3.65,above,-11.8,0.76,15940,17250,-18.02,-125.43,1.72,17.55,47.17,2530,6.67,7.05,-5.4,16265,15632,17250,19140,0.3,خروج مستمر پول حقیقی | 306٪ بالای کف ۵۲ هفته | حد ضرر دور (7.4٪)
دتولید,داروسازی تولید دارو,مواد و محصولات دارویی,60,زیر نظر,100,60,63,9,8430,20260929,15.5,28.1,161.8,111.7,11.3,43.6,156.9,77.5,11,0,false,68.4,2.7,above,0,0.24,8330,,25.12,-40.61,14.22,31.67,31.61,475,17.75,8.86,100.3,8330,8216,9113,9569,3.19,خروج مستمر پول حقیقی | سهم صفی: 11 روز از ۲۰ روز در صف (ریسک نقدشوندگی و اجرای حد ضرر) | رشد عمودی (162٪ در ۶۰ روز، 44٪ بالای MA50) | 157٪ بالای MA200
بمیلا,توسعه سرمایه گذاری میلاد پارس,تجارت عمده فروشی به جز وسایل نقلیه موتور,59.9,زیر نظر,90,55,77.8,10,7910,20260929,9.9,26.6,8.7,-41.5,7,21.8,10.6,66.6,8,0,false,35.3,3.31,above,-32,0.97,7780,8250,2.43,23.45,1.25,2.16,8.12,,,,,7780,7649,8250,9115,1.3,بدون EPS مثبت | سهم صفی: 8 روز از ۲۰ روز در صف (ریسک نقدشوندگی و اجرای حد ضرر) | نقدشوندگی کمتر از ۱۰ میلیارد تومان
سمایه,بانک سرمایه,بانکها و موسسات اعتباری,59.9,زیر نظر,100,45,73.5,10,5340,20260929,1.5,8.5,6.7,-43.4,4.1,12.2,25,63,2,0,false,25.1,3.74,above,-4.6,2.06,5145,5405,0.02,-0.22,1.99,9.16,3.74,,,,,5145,5045,5405,5510,0.22,واگرایی منفی RSI | بدون EPS مثبت | واگرایی منفی | نقدشوندگی کمتر از ۱۰ میلیارد تومان
کوثر,بیمه کوثر,بیمه وصندوق بازنشستگی به جزتامین اجتماعی,59.8,زیر نظر,90,55,73.3,14,1864,20260929,5.3,10.3,27.7,-22.4,3.3,16.3,8.7,61.6,1,0,false,35.9,3.45,above,-18.2,0.5,1800,1938,8.22,20.67,1.47,3.81,26.89,53,35.17,18.13,94,1800,1768,1938,1981,0.77,واگرایی منفی RSI | P/E بالا (35) | توزیع: ورود حقیقی با سرانه خرید ضعیف (0.87 در ۲۰ روز) | واگرایی منفی
فولای,صنایع فولاد آلیاژی یزد,فلزات اساسی,59.8,زیر نظر,100,60,62,9,5150,20260929,7.5,21.2,51.9,1.8,9.2,33,34.3,74.8,0,0,false,70.1,3.17,above,-4.3,0.79,5009,5216,1.21,-53.41,2.15,33.46,24.07,393,13.1,8.05,62.8,5009,4927,5216,5542,0.3,خروج مستمر پول حقیقی | رشد عمودی (52٪ در ۶۰ روز، 33٪ بالای MA50)
لخزر,پارس‌ خزر,ماشین آلات و تجهیزات,59.7,زیر نظر,100,63,0.5,68,4750,20260929,3.3,5.8,47.6,-2.5,1,17.9,54.6,59.4,2,0,false,39.5,3.13,above,-8.7,0.7,4580,5200,-8.38,-1.18,0.65,-16.48,13.89,1120,4.24,5.15,-17.6,4601,4506,5200,5498,1.84,واگرایی منفی RSI | 55٪ بالای MA200 | سرانه خرید ضعیف (0.65) | واگرایی منفی | شناوری کم (10٪)
انتخاب,گروه انتخاب الکترونیک آرمان,ماشین آلات و تجهیزات,59.7,زیر نظر,100,75,21.9,37,2424,20260929,3,14.6,84.6,34.5,0.8,24.9,97.2,61.9,4,0,false,61,3.28,above,-8,0.67,2287,2635,-24.64,-15.14,1.08,6.72,62.02,271,8.94,9.66,-7.4,2344,2247,2635,2794,1.19,97٪ بالای MA200 | حد ضرر دور (7.3٪)
غپونه,نوش پونه مشهد,محصولات غذایی و آشامیدنی به جز قند و شکر,59.7,زیر نظر,88,55,32.2,57,8810,20260929,3.6,2.7,13.8,-36.3,1.3,2.7,76.8,54.7,3,0,false,19.8,3.58,above,-10.8,0.55,8481,9110,-1.98,-17.01,1.47,4.47,15.17,1310,6.73,7.05,-4.6,8495,8324,9110,9580,0.62,خروج مستمر پول حقیقی | 77٪ بالای MA200
شفام,تولیدی و صنعتی گوهرفام,محصولات شیمیایی,59.6,زیر نظر,90,55,52.5,34,2705,20260929,1.9,0.9,34.3,-15.8,-0.5,7.4,31.9,53.7,4,0,false,28.2,3.57,above,-12.1,1.17,2634,2736,-0.7,2.04,1.87,6.08,4.33,282,9.59,8.01,19.8,2634,2586,2736,3079,0.26,نقدشوندگی کمتر از ۱۰ میلیارد تومان
سفاسی,شرکت فارسیت اهواز,سایر محصولات کانی غیرفلزی,59.6,زیر نظر,100,60,85.5,25,5080,20260929,8.1,10.4,114.6,64.5,5,19.2,64.3,72.8,3,0,false,50.1,3.78,above,-1.6,0.78,4690,5160,0.29,3.6,2.38,3.66,2,330,15.39,,,4888,4600,5160,5544,0.17,نقدشوندگی پایین | واگرایی منفی RSI | رشد عمودی (115٪ در ۶۰ روز، 19٪ بالای MA50) | 64٪ بالای MA200 | واگرایی منفی | حد ضرر دور (9.5٪) | نقدشوندگی کمتر از ۱۰ میلیارد تومان
کحافظ,کاشی‌ وسرامیک‌ حافظ‌,کاشی و سرامیک,59.5,زیر نظر,95,63,13.6,60,2619,20260929,6.2,6.5,49.3,-0.9,1.2,13.9,63,58.8,3,0,false,34.9,3.57,above,-8.9,0.98,2586,2875,-1.01,-16.88,1.28,-10.44,19.07,388,6.75,7.65,-11.8,2586,2539,2875,3062,3.21,واگرایی منفی RSI | 63٪ بالای MA200 | واگرایی منفی
فباهنر,مس‌ شهیدباهنر,فلزات اساسی,59.5,زیر نظر,90,55,26,60,12630,20260929,6.8,9,24.9,-25.2,-0.2,12.7,50.9,57.2,3,0,false,28.1,3.37,above,-10.5,0.87,11436,14110,6.74,-64.77,0.76,-81.54,92.24,1069,11.81,13.48,-12.4,12204,11566,14110,14961,1.39,51٪ بالای MA200 | سرانه خرید ضعیف (0.76) | حد ضرر دور (8.4٪)
وپترو,سرمایه‌گذاری صنایع پتروشیمی‌,محصولات شیمیایی,59.5,زیر نظر,100,75,21,37,81870,20260929,7.8,15.3,100.2,50.1,1.1,36.3,94.8,64.2,10,1,false,61.8,3.44,above,-7.9,0.56,75460,88910,-30.84,-228.43,2.82,-32.28,53.8,7753,10.56,9.63,9.7,79054,74829,88910,94542,1,خروج مستمر پول حقیقی | سهم صفی: 10 روز از ۲۰ روز در صف (ریسک نقدشوندگی و اجرای حد ضرر) | رشد عمودی (100٪ در ۶۰ روز، 36٪ بالای MA50) | 95٪ بالای MA200 | حد ضرر دور (8.6٪) | صف فروش در ۵ روز اخیر
پلوله,گازلوله‌,لاستیک و پلاستیک,59.5,زیر نظر,100,70,82,20,11190,20260929,13.8,59.4,163.5,113.4,23.2,56.6,118.8,96.7,20,0,true,76.6,2.32,above,-0.1,1.49,6800,,1.8,8.97,4.52,-1.62,1.8,517,21.64,,,10931,10672,11968,12486,1.5,نقدشوندگی پایین | اشباع خرید | فاصله زیاد از MA20 | سهم صفی: 20 روز از ۲۰ روز در صف (ریسک نقدشوندگی و اجرای حد ضرر) | رشد عمودی (164٪ در ۶۰ روز، 57٪ بالای MA50) | 119٪ بالای MA200 | نقدشوندگی کمتر از ۱۰ میلیارد تومان
سرچشمه,سرمایه گذاری مس سرچشمه,سرمایه گذاریها,59.4,زیر نظر,100,50,17.5,60,7980,20260929,-0.1,41.5,139.5,89.4,9.2,34.3,94.2,74.2,12,0,false,69.2,2.94,above,-4.3,1.18,5566,8340,-64.91,10.65,0.5,-204.89,70.74,1231,6.48,8.73,-25.7,7745,7510,8340,8810,0.77,سهم صفی: 12 روز از ۲۰ روز در صف (ریسک نقدشوندگی و اجرای حد ضرر) | رشد عمودی (140٪ در ۶۰ روز، 34٪ بالای MA50) | توزیع: ورود حقیقی با سرانه خرید ضعیف (0.72 در ۲۰ روز) | 94٪ بالای MA200 | سرانه خرید ضعیف (0.50)
ولنوین,لیزینگ اقتصاد نوین,سایر واسطه گریهای مالی,59.4,زیر نظر,100,55,36.5,37,3043,20260929,6.7,4.1,35.5,-14.6,2.1,17.2,48.6,61.2,0,0,false,38.6,3.72,above,-5.2,0.37,2962,3075,-1.36,-5.3,4.85,5.14,6.14,294,10.35,9.94,4.1,2962,2906,3075,3141,0.23,نقدشوندگی کمتر از ۱۰ میلیارد تومان | شناوری کم (14٪)
افق,فروشگاههای زنجیره ای افق کوروش,خرده فروشی،باستثنای وسایل نقلیه موتوری,59.3,زیر نظر,95,55,62,17,75140,20260929,11.2,6.9,37,-13.1,4.2,9.2,87.6,60.9,5,0,false,28.4,3.48,above,-3.1,0.6,69950,77550,41.13,-70.15,5.99,39.15,37.63,5195,14.46,12.78,13.2,72524,68642,77550,82782,0.37,واگرایی منفی RSI | خروج مستمر پول حقیقی | 88٪ بالای MA200 | واگرایی منفی | حد ضرر دور (8.6٪) | شناوری کم (12٪)
زشریف,کشت وصنعت شریف آباد,زراعت و خدمات وابسته,59.3,زیر نظر,100,55,36,37,19810,20260929,14.4,8.3,33.1,-17,7.5,16,80.2,64.5,5,0,false,27,3.46,above,-2.4,0.82,19230,20300,-5.7,-49.04,1.66,0.54,11.27,2402,8.25,8.07,2.2,19230,18888,20300,21669,0.53,واگرایی منفی RSI | خروج مستمر پول حقیقی | 80٪ بالای MA200 | واگرایی منفی
قشهد,شهد,قند و شکر,59.1,زیر نظر,100,65,27.5,37,3920,20260929,-1.5,30.1,142.3,92.2,6.9,28.6,124.1,69.6,8,1,false,68,3.4,above,-6.9,1.34,2908,,-5.56,17.19,0.71,-28.46,7.76,416,9.42,9.8,-3.8,3787,3653,4320,4587,1.5,واگرایی منفی RSI | سهم صفی: 8 روز از ۲۰ روز در صف (ریسک نقدشوندگی و اجرای حد ضرر) | رشد عمودی (142٪ در ۶۰ روز، 29٪ بالای MA50) | توزیع: ورود حقیقی با سرانه خرید ضعیف (0.81 در ۲۰ روز) | 124٪ بالای MA200 | سرانه خرید ضعیف (0.71) | واگرایی منفی | نقدشوندگی کمتر از ۱۰ میلیارد تومان | صف فروش در ۵ روز اخیر
پرداخت,به پرداخت ملت,رایانه و فعالیت‌های وابسته به آن,59,زیر نظر,90,30,51,53,6860,20260929,0.7,0,32.4,-17.7,-5.9,4.9,21.3,49,4,1,false,30.6,3.84,above,-15.2,0.64,6670,7490,0.09,35.58,0.75,-5.42,8.99,481,14.26,18.19,-21.6,6670,6539,7490,8090,1.96,توزیع: ورود حقیقی با سرانه خرید ضعیف (0.82 در ۲۰ روز) | سرانه خرید ضعیف (0.75) | نقدشوندگی کمتر از ۱۰ میلیارد تومان | شناوری کم (5٪) | صف فروش در ۵ روز اخیر
وتعاون,بیمه تعاون,بیمه وصندوق بازنشستگی به جزتامین اجتماعی,59,زیر نظر,100,70,90,10,3059,20260929,15.9,41.3,55.9,5.8,26.4,38.7,54.3,87.2,7,0,true,45.2,2.6,above,0,0.65,2561,,6.02,10.01,24.62,7.1,2,,,18.13,,2980,2900,3297,3456,1.5,نقدشوندگی پایین | اشباع خرید | فاصله زیاد از MA20 | بدون EPS مثبت | سهم صفی: 7 روز از ۲۰ روز در صف (ریسک نقدشوندگی و اجرای حد ضرر) | رشد عمودی (56٪ در ۶۰ روز، 39٪ بالای MA50) | 54٪ بالای MA200 | نقدشوندگی کمتر از ۱۰ میلیارد تومان
وکغدیر,بین المللی توسعه ص. معادن غدیر,شرکتهای چند رشته ای صنعتی,58.9,زیر نظر,100,50,58.7,17,7030,20260929,3.4,31.9,139.1,89,10.1,40,96.8,74,8,0,false,67,3.03,above,-1.8,0.87,6470,7160,48.48,426.11,1.05,-38.59,132.49,563,12.49,10.88,14.8,6817,6498,7160,7586,0.24,سهم صفی: 8 روز از ۲۰ روز در صف (ریسک نقدشوندگی و اجرای حد ضرر) | رشد عمودی (139٪ در ۶۰ روز، 40٪ بالای MA50) | 97٪ بالای MA200 | حد ضرر دور (7.6٪) | شناوری کم (10٪)
اخابر,مخابرات ایران,مخابرات,58.9,زیر نظر,90,55,26.5,57,991,20260929,-2.8,-3.6,68.7,18.6,-3.8,11,72.9,50.1,4,1,false,38.3,3.71,above,-13.8,0.78,946,1069,22.51,-79.64,0.66,-177.69,144.17,124,7.99,8.37,-4.5,954,928,1069,1150,1.23,واگرایی منفی RSI | 73٪ بالای MA200 | سرانه خرید ضعیف (0.66) | واگرایی منفی | صف فروش در ۵ روز اخیر
بموتو,موتوژن‌,ماشین آلات و دستگاه‌های برقی,58.9,زیر نظر,95,63,27,44,3430,20260929,5.2,2.4,44,-6.1,0,13,55.5,59.3,1,0,false,35.3,3.72,above,-11.8,0.78,3150,3890,-5.26,14.79,0.73,-8.58,11.33,484,7.09,6.15,15.2,3302,3111,3890,4146,1.44,توزیع: ورود حقیقی با سرانه خرید ضعیف (0.76 در ۲۰ روز) | 55٪ بالای MA200 | سرانه خرید ضعیف (0.73) | حد ضرر دور (9.3٪) | شناوری کم (14٪)
غسالم,سالمین‌,محصولات غذایی و آشامیدنی به جز قند و شکر,58.8,زیر نظر,83,55,21.5,70,8760,20260929,3.3,3.4,18.5,-31.6,0.2,5,48.5,53,5,0,false,17.5,3.53,above,-11.5,0.71,8610,9270,-2.34,-7.58,1.89,-0.47,11.38,1348,6.5,8.53,-23.8,8610,8455,9270,9900,1.67,224٪ بالای کف ۵۲ هفته
سباقر,سیمان باقران,سیمان، آهک و گچ,58.8,زیر نظر,100,60,51,16,405900,20260929,14.8,23.4,108.6,58.5,9.7,35.9,178.2,74.2,8,0,false,60.8,3.09,above,-0.8,0.53,344000,,46.64,0.03,1.14,-0.46,80.46,44486,9.12,6.69,36.4,393374,380848,443478,468531,1.5,سهم صفی: 8 روز از ۲۰ روز در صف (ریسک نقدشوندگی و اجرای حد ضرر) | رشد عمودی (109٪ در ۶۰ روز، 36٪ بالای MA50) | توزیع: ورود حقیقی با سرانه خرید ضعیف (0.48 در ۲۰ روز) | 178٪ بالای MA200
شفا,سرمایه گذاری شفادارو,مواد و محصولات دارویی,58.8,زیر نظر,100,60,63,4,66410,20260929,15.9,12,188,137.9,8.7,34.3,196.6,72.7,10,0,false,58.5,2.93,above,-0.8,0.27,61140,,16.55,-107.26,4.04,32.41,34.69,2066,32.14,12.91,149,64467,61553,72239,76124,1.2,خروج مستمر پول حقیقی | سهم صفی: 10 روز از ۲۰ روز در صف (ریسک نقدشوندگی و اجرای حد ضرر) | رشد عمودی (188٪ در ۶۰ روز، 34٪ بالای MA50) | P/E بالا (32) | 197٪ بالای MA200 | حد ضرر دور (7.3٪) | شناوری کم (9٪)
زدشت,کشت و صنعت دشت خرم دره,زراعت و خدمات وابسته,58.7,زیر نظر,100,55,46.9,24,9850,20260929,3.4,3.5,19.3,-30.8,0.9,11.2,53.6,56.1,0,0,false,31.1,3.79,above,-8.4,0.9,9210,10180,2.54,1.09,1.02,-0.84,15,1023,9.63,8.07,19.3,9476,9023,10180,10750,0.4,واگرایی منفی RSI | 54٪ بالای MA200 | واگرایی منفی | حد ضرر دور (8.4٪)
فسدید,لوله‌وتجهیزات‌ سدید,فلزات اساسی,58.6,زیر نظر,90,70,60.5,10,162500,20260929,15.7,70.7,66.2,16.1,28.5,60.5,57.3,97,16,0,true,73.4,2.15,above,0,0.75,122503,,3.41,3.53,1.95,-3.55,3.93,,,,,159008,155515,172977,179962,1.5,اشباع خرید | فاصله زیاد از MA20 | بدون EPS مثبت | سهم صفی: 16 روز از ۲۰ روز در صف (ریسک نقدشوندگی و اجرای حد ضرر) | رشد عمودی (66٪ در ۶۰ روز، 61٪ بالای MA50) | توزیع: ورود حقیقی با سرانه خرید ضعیف (0.74 در ۲۰ روز) | 57٪ بالای MA200 | نقدشوندگی کمتر از ۱۰ میلیارد تومان
غشهد,شهد ایران ‌,محصولات غذایی و آشامیدنی به جز قند و شکر,58.5,زیر نظر,100,45,18,60,9590,20260929,-9.6,20.8,31.9,-18.2,4.4,16.7,50.5,59.3,7,2,false,28.1,3.37,above,-10,1.35,8380,10650,-4.87,2.24,0.51,-16.06,7.14,1466,6.54,8.53,-23.3,9267,8943,10650,11297,1.64,سهم صفی: 7 روز از ۲۰ روز در صف (ریسک نقدشوندگی و اجرای حد ضرر) | 50٪ بالای MA200 | سرانه خرید ضعیف (0.51) | نقدشوندگی کمتر از ۱۰ میلیارد تومان | صف فروش در ۵ روز اخیر
دهدشت,صنایع پتروشیمی دهدشت,محصولات شیمیایی,58.5,زیر نظر,100,70,88,10,14480,20260929,11.8,31.2,70.9,20.8,17.7,37.1,57.8,96.1,20,0,true,69.7,2.45,above,0,1.36,11754,,0.71,0.08,5.84,1.62,0.31,,,,,14125,13770,15545,16255,1.5,نقدشوندگی پایین | اشباع خرید | فاصله زیاد از MA20 | بدون EPS مثبت | سهم صفی: 20 روز از ۲۰ روز در صف (ریسک نقدشوندگی و اجرای حد ضرر) | رشد عمودی (71٪ در ۶۰ روز، 37٪ بالای MA50) | 58٪ بالای MA200 | نقدشوندگی کمتر از ۱۰ میلیارد تومان
کایزد,فرانسوز یزد,سایر محصولات کانی غیرفلزی,58.4,زیر نظر,100,60,56.5,9,3700,20260929,5.1,57.2,93.7,43.5,18.7,53.5,82.4,85.8,14,2,true,80.2,2.54,above,-3.1,1.42,2633,,-9.03,11.21,1.36,26.88,11.98,263,14.07,10.33,36.2,3606,3512,3981,4169,1.5,اشباع خرید | فاصله زیاد از MA20 | سهم صفی: 14 روز از ۲۰ روز در صف (ریسک نقدشوندگی و اجرای حد ضرر) | رشد عمودی (94٪ در ۶۰ روز، 53٪ بالای MA50) | 82٪ بالای MA200 | صف فروش در ۵ روز اخیر
سبهان,سیمان‌ بهبهان‌,سیمان، آهک و گچ,58.3,زیر نظر,85,55,17,70,6020,20260929,7.9,3.1,1.3,-48.8,-1.2,6.7,39.9,54.5,4,0,false,21.1,3.61,above,-22.2,0.68,5770,6700,-2.43,2.07,0.79,-7.66,10.67,989,6.09,7.14,-14.7,5802,5661,6700,7735,1.9,توزیع: ورود حقیقی با سرانه خرید ضعیف (0.65 در ۲۰ روز) | سرانه خرید ضعیف (0.79)
وبشهر,توسعه‌ صنایع‌ بهشهر(هلدینگ,محصولات غذایی و آشامیدنی به جز قند و شکر,58.2,زیر نظر,100,53,46.3,24,7280,20260929,7.2,24.7,41.8,-8.3,6.9,24.2,99.3,69.1,7,0,false,49.5,3.23,above,-5.5,1.06,6720,7700,8.97,16.08,0.95,-16.68,17.57,748,9.73,8.53,14.1,7045,6692,7700,8170,0.71,سهم صفی: 7 روز از ۲۰ روز در صف (ریسک نقدشوندگی و اجرای حد ضرر) | 99٪ بالای MA200 | حد ضرر دور (8.1٪)
پکرمان,گروه‌ صنعتی‌ بارز,لاستیک و پلاستیک,58.1,زیر نظر,100,55,21.5,47,7660,20260929,5.8,11.5,33.2,-16.9,4.5,13.7,18,60.5,4,0,false,32,3.18,above,-12.7,0.53,7431,7878,-6.51,-40.78,2.57,-2.75,26.45,953,8.04,8.21,-2.1,7431,7309,7878,8260,0.62,واگرایی منفی RSI | خروج مستمر پول حقیقی | واگرایی منفی
کمرجان,بازرگانی و تولیدی مرجان کار,سایر محصولات کانی غیرفلزی,58.1,زیر نظر,100,55,49.4,19,4640,20260929,2.7,10,-1.3,-51.4,2.2,11.1,38.1,57.4,2,0,false,26.6,3.37,above,-11.9,0.88,4400,5180,0,-7.11,1.13,0.13,8.08,299,15.52,10.33,50.2,4483,4322,5180,5268,1.7,نقدشوندگی کمتر از ۱۰ میلیارد تومان
بتیس,بیمه زندگی ایساتیس,بیمه وصندوق بازنشستگی به جزتامین اجتماعی,58.1,زیر نظر,90,75,32.4,32,3490,20260929,0.9,4.5,89.3,39.2,-1.6,11.9,,54.1,1,0,false,44.6,3.45,above,-9.4,0.74,3445,3825,-0.66,-8.15,1.41,1.83,4.59,385,9.06,,,3445,3385,3825,4066,3.19,خروج مستمر پول حقیقی | نقدشوندگی کمتر از ۱۰ میلیارد تومان
دماوند,تولید نیروی برق دماوند,عرضه برق، گاز، بخاروآب گرم,58,زیر نظر,85,55,36,50,13280,20260929,2,3,34.9,-15.2,-1.9,8,43.5,51.9,1,0,false,24.2,3.19,above,-9.4,0.45,12760,13725,-8.53,2.62,1.69,-2.28,18.51,1503,8.84,10.04,-12,12856,12548,13725,14650,0.61,واگرایی منفی RSI | واگرایی منفی
آبین,کشت و صنعت آبشیرین,زراعت و خدمات وابسته,58,زیر نظر,100,70,36,20,13970,20260929,15.7,67.7,78.2,28,27,62.6,192.4,96.9,13,0,true,72.2,2.64,above,0,0.69,8305,,-1.84,-4.78,2.41,1.86,6.45,235,59.45,,,13602,13233,15075,15812,1.5,اشباع خرید | فاصله زیاد از MA20 | سهم صفی: 13 روز از ۲۰ روز در صف (ریسک نقدشوندگی و اجرای حد ضرر) | رشد عمودی (78٪ در ۶۰ روز، 63٪ بالای MA50) | P/E بالا (59) | 192٪ بالای MA200 | نقدشوندگی کمتر از ۱۰ میلیارد تومان | واگرایی مثبت RSI
تکنار,مجتمع معادن مس تکنار,استخراج کانه های فلزی,58,زیر نظر,100,70,86,10,162300,20260929,15.7,67.2,155.7,105.6,26.2,72.1,149.3,98.3,16,0,true,71.1,2.49,above,0,0.26,73341,,1.36,5.02,6.3,1.98,1.73,,,,,158265,154231,174404,182473,1.5,نقدشوندگی پایین | اشباع خرید | فاصله زیاد از MA20 | بدون EPS مثبت | سهم صفی: 16 روز از ۲۰ روز در صف (ریسک نقدشوندگی و اجرای حد ضرر) | رشد عمودی (156٪ در ۶۰ روز، 72٪ بالای MA50) | 149٪ بالای MA200 | نقدشوندگی کمتر از ۱۰ میلیارد تومان
کگاز,شیشه‌ و گاز,سایر محصولات کانی غیرفلزی,57.9,زیر نظر,90,45,27.5,60,50230,20260929,-8.6,16,25.1,-25,-0.7,14.8,52.5,53.7,5,1,false,42.2,3.49,above,-13.4,0.82,47264,57980,-0.25,113.64,0.47,-33.66,18.36,5055,9.94,12.75,-22.1,48477,46387,57980,61486,2.02,توزیع: ورود حقیقی با سرانه خرید ضعیف (0.63 در ۲۰ روز) | 53٪ بالای MA200 | سرانه خرید ضعیف (0.47) | حد ضرر دور (7.7٪) | صف فروش در ۵ روز اخیر
حتوکا,حمل‌ونقل‌توکا,حمل ونقل، انبارداری و ارتباطات,57.8,زیر نظر,100,55,5.3,62,2646,20260929,-0.1,9.1,29.2,-20.9,2.8,17.1,37,60.9,1,0,false,43.1,3.87,above,-6.8,0.58,2576,2840,-8.79,-24.46,0.95,-4.74,11.64,320,8.27,19.33,-57.2,2576,2525,2840,3045,1.6,واگرایی منفی RSI | خروج مستمر پول حقیقی | واگرایی منفی
کبافق,معادن‌ بافق‌,استخراج کانه های فلزی,57.8,زیر نظر,100,75,37,14,43960,20260929,2.3,9.1,57.6,7.5,3,23.5,69.7,61.6,9,1,false,48,3.59,above,-10.2,0.84,41060,48940,-4.99,0.46,6.46,-3.11,8.22,1583,27.77,13.76,101.8,42381,40271,48940,52097,1.35,واگرایی منفی RSI | سهم صفی: 9 روز از ۲۰ روز در صف (ریسک نقدشوندگی و اجرای حد ضرر) | 70٪ بالای MA200 | واگرایی منفی | حد ضرر دور (8.4٪) | نقدشوندگی کمتر از ۱۰ میلیارد تومان | صف فروش در ۵ روز اخیر
چکارن,کارتن‌ ایران‌,محصولات کاغذی,57.7,زیر نظر,90,45,54.8,72,4780,20260929,-1.5,0.4,21.3,-28.8,-1.7,7.9,38.8,50.9,0,0,false,27.9,3.46,above,-10.8,0.84,4536,5040,0.19,-0.01,1.37,0.61,2.31,476,10.04,16.48,-39.1,4615,4454,5040,5359,0.8,نقدشوندگی پایین | واگرایی منفی RSI | واگرایی منفی | نقدشوندگی کمتر از ۱۰ میلیارد تومان
بجهرم,توسعه مولد نیروگاهی جهرم,عرضه برق، گاز، بخاروآب گرم,57.7,زیر نظر,85,65,29.8,47,3140,20260929,5,-0.9,57.7,7.6,-1.5,7.8,54,52.6,2,0,false,32.6,3.43,above,-10.8,0.65,2980,3400,-14.18,-56.08,1.33,2.96,28.28,334,9.4,10.04,-6.4,3032,2926,3400,3520,1.22,واگرایی منفی RSI | خروج مستمر پول حقیقی | 54٪ بالای MA200 | واگرایی منفی
سصوفی,سیمان‌ صوفیان‌,سیمان، آهک و گچ,57.5,زیر نظر,83,55,26.5,60,172800,20260929,7.3,4,-0.3,-50.5,1.9,4.5,30.3,55.9,2,0,false,14.4,3.36,above,-9.5,0.66,169200,176400,-45.76,91.72,0.67,-57.67,56.75,30922,5.59,7.14,-21.7,169200,166295,176400,181000,0.55,واگرایی منفی RSI | بدون روند (ADX پایین) | توزیع: ورود حقیقی با سرانه خرید ضعیف (0.69 در ۲۰ روز) | سرانه خرید ضعیف (0.67) | واگرایی منفی
سقاین,سیمان‌ قائن‌,سیمان، آهک و گچ,57.5,زیر نظر,100,60,37.9,24,34670,20260929,13.7,26.5,118.9,68.8,8.5,31.6,151.8,71.3,6,0,false,50.5,3.04,above,-3.9,0.75,25695,36090,16.59,-28.87,1.22,-5.54,17.64,3814,9.09,7.14,27.3,33617,32564,36090,38196,0.67,خروج مستمر پول حقیقی | سهم صفی: 6 روز از ۲۰ روز در صف (ریسک نقدشوندگی و اجرای حد ضرر) | رشد عمودی (119٪ در ۶۰ روز، 32٪ بالای MA50) | 152٪ بالای MA200 | شناوری کم (12٪)
قیستو,شرکت قند بیستون,قند و شکر,57.4,زیر نظر,100,75,29.8,20,53620,20260929,2,37.7,108.6,58.5,10.8,38.7,106.6,77.1,2,0,true,72.7,3.68,above,-6,0.84,48710,,0.63,-30.53,0.93,-4.32,9.02,2437,22,,,51646,48685,59542,63491,1.2,خروج مستمر پول حقیقی | رشد عمودی (109٪ در ۶۰ روز، 39٪ بالای MA50) | 107٪ بالای MA200 | حد ضرر دور (9.2٪) | نقدشوندگی کمتر از ۱۰ میلیارد تومان
غشان,شیرپاستوریزه‌پگاه‌خراسان‌,محصولات غذایی و آشامیدنی به جز قند و شکر,57.4,زیر نظر,100,70,44.5,9,20100,20260929,15.7,31.3,157.7,107.6,19.7,40.8,193.5,83.1,4,0,true,65.8,2.86,above,0,0.9,18200,,18.83,9,0.84,-19.21,17.18,1497,13.43,8.53,57.4,19525,18951,21824,22973,1.5,واگرایی منفی RSI | اشباع خرید | فاصله زیاد از MA20 | رشد عمودی (158٪ در ۶۰ روز، 41٪ بالای MA50) | توزیع: ورود حقیقی با سرانه خرید ضعیف (0.85 در ۲۰ روز) | 193٪ بالای MA200 | واگرایی منفی
حسینا,توسعه خدمات دریایی وبندری سینا,حمل ونقل، انبارداری و ارتباطات,57.4,زیر نظر,100,80,21.5,24,19700,20260929,10.9,22,20.6,-29.5,7,19.5,46.8,68.1,4,0,true,37.9,3.44,above,-2.8,0.78,18698,20260,-0.62,-47.94,2.93,-6.42,28,2130,9.25,7.68,20.4,19022,18359,20260,21615,0.42,خروج مستمر پول حقیقی | 153٪ بالای کف ۵۲ هفته
خبهمن,گروه‌بهمن‌,خودرو و ساخت قطعات,57.4,زیر نظر,85,53,35.1,50,2594,20260929,3.4,-4.2,44.4,-5.7,-2,7.8,50.7,52,2,0,false,31.5,3.63,above,-9.6,0.82,2538,2808,19.86,-19.16,1.14,-64.94,122.01,560,4.63,,,2538,2491,2808,2869,2.08,واگرایی منفی RSI | 51٪ بالای MA200 | واگرایی منفی
فاراک,ماشین‌ سازی‌ اراک‌,ساخت محصولات فلزی,57.3,زیر نظر,90,60,16,57,2899,20260929,-3.7,0.7,82.8,32.7,-4.7,10.5,88.8,49.1,2,0,false,43,3.97,above,-13.5,1.06,2724,3090,-35.62,3.49,0.56,-140.38,67.85,423,6.85,7.54,-9.1,2784,2666,3090,3280,0.82,واگرایی منفی RSI | توزیع: ورود حقیقی با سرانه خرید ضعیف (0.79 در ۲۰ روز) | 89٪ بالای MA200 | سرانه خرید ضعیف (0.56) | واگرایی منفی | حد ضرر دور (8.0٪)
پیزد,مجتمع صنایع لاستیک یزد,لاستیک و پلاستیک,57.3,زیر نظر,100,35,21,60,12660,20260929,5.8,44.2,213,162.8,12.6,54.8,172.7,81.3,10,0,false,78.9,2.78,above,-0.4,0.81,11640,,-44.92,-181.58,3.32,-50.65,62.04,1599,7.92,9.84,-19.5,12308,11781,13715,14419,1.2,اشباع خرید | خروج مستمر پول حقیقی | سهم صفی: 10 روز از ۲۰ روز در صف (ریسک نقدشوندگی و اجرای حد ضرر) | رشد عمودی (213٪ در ۶۰ روز، 55٪ بالای MA50) | 173٪ بالای MA200
کزغال,زغال سنگ پروده طبس,استخراج زغال سنگ,57.1,زیر نظر,85,45,76.5,14,5760,20260929,7.9,0,18.6,-31.6,-2.4,9.4,38.8,54.9,8,0,false,22,3.67,above,-12.5,1.06,5462,6580,4.54,23.28,5.96,56.92,27.76,154,37.4,15.48,141.6,5548,5356,6580,7003,2.03,سهم صفی: 8 روز از ۲۰ روز در صف (ریسک نقدشوندگی و اجرای حد ضرر) | P/E بالا (37) | حد ضرر دور (7.0٪)
شمواد,تولید مواداولیه الیاف مصنوعی,محصولات شیمیایی,57.1,زیر نظر,100,70,20.5,32,14520,20260929,14.6,29.5,96,45.8,16.6,38.4,185,82.4,7,0,true,55.7,3.14,above,-0.9,0.67,13370,,-11.4,-128,5.4,-0.32,26.52,1509,9.62,,,14064,13380,15887,16799,1.2,اشباع خرید | فاصله زیاد از MA20 | خروج مستمر پول حقیقی | سهم صفی: 7 روز از ۲۰ روز در صف (ریسک نقدشوندگی و اجرای حد ضرر) | رشد عمودی (96٪ در ۶۰ روز، 38٪ بالای MA50) | 185٪ بالای MA200 | حد ضرر دور (7.8٪)
فسوژ,سوژمیران,فلزات اساسی,57,زیر نظر,100,45,48,24,26120,20260929,9,33.9,175.9,125.8,10.6,49.5,220.8,81.7,11,0,false,78.7,3.1,above,0,0.66,23110,,26.86,-102.93,5.11,-103.31,95.6,2590,10.08,8.05,25.3,25311,24502,28547,30166,1.5,اشباع خرید | خروج مستمر پول حقیقی | سهم صفی: 11 روز از ۲۰ روز در صف (ریسک نقدشوندگی و اجرای حد ضرر) | رشد عمودی (176٪ در ۶۰ روز، 50٪ بالای MA50) | 221٪ بالای MA200
نان,صنایع غذایی رضوی,محصولات غذایی و آشامیدنی به جز قند و شکر,57,زیر نظر,50,30,87,57,6120,20260929,0.5,-3.9,2.7,-47.4,-5.6,0,40.8,44.6,0,0,false,21,3.58,above,-14.2,1.32,5765,6216,36.23,8.51,1.99,43.19,23.53,929,6.59,7.05,-6.6,5901,5655,6216,6360,0.21,حد ضرر دور (7.6٪)
پسهند,صنایع‌ لاستیکی‌  سهند,لاستیک و پلاستیک,57,زیر نظر,100,45,53,19,23250,20260929,-2.6,2.2,37.1,-13,1.1,12,23.1,55.5,1,1,false,29.4,3.62,above,-16.4,1.25,22411,23500,7.2,13.07,0.79,-5.8,6.49,1468,15.84,8.21,92.9,22411,21991,23500,24110,0.2,توزیع: ورود حقیقی با سرانه خرید ضعیف (0.86 در ۲۰ روز) | سرانه خرید ضعیف (0.79) | نقدشوندگی کمتر از ۱۰ میلیارد تومان | صف فروش در ۵ روز اخیر
وتوسکا,سرمایه گذاری توسعه توکا,سرمایه گذاریها,57,زیر نظر,100,45,87,25,1730,20260929,-0.2,-0.2,31.4,-18.7,2.2,13.9,30.8,57.8,5,0,false,32.1,3.43,above,-7.3,0.8,1634,1785,0.55,1.69,2.4,2.11,1.33,100,17.3,,,1671,1604,1785,1866,0.44,نقدشوندگی پایین | واگرایی منفی RSI | واگرایی منفی | حد ضرر دور (7.3٪) | نقدشوندگی کمتر از ۱۰ میلیارد تومان
گوهران,سرمایه گذاری توسعه گوهران امید,سرمایه گذاریها,56.9,زیر نظر,100,70,54.6,37,6820,20260929,8.1,12.2,76.2,26.1,8.1,15.5,71.1,80.6,0,0,true,38.5,2.7,above,-0.3,0.69,6180,,1.12,-12.3,1.29,0.77,2.01,725,9.41,8.73,7.8,6636,6452,7371,7739,1.5,نقدشوندگی پایین | واگرایی منفی RSI | اشباع خرید | خروج مستمر پول حقیقی | 71٪ بالای MA200 | واگرایی منفی | نقدشوندگی کمتر از ۱۰ میلیارد تومان
کفرا,فراورده‌ های‌ نسوزایران‌,سایر محصولات کانی غیرفلزی,56.8,زیر نظر,100,75,37,10,4660,20260929,10.7,13.9,188.4,138.2,2,29.5,151.6,65.1,13,0,false,55.1,2.84,above,-9.2,1.12,4210,5130,-10.25,-43.83,3.59,3.99,15.79,,,12.75,,4527,4395,5130,5395,1.77,خروج مستمر پول حقیقی | بدون EPS مثبت | سهم صفی: 13 روز از ۲۰ روز در صف (ریسک نقدشوندگی و اجرای حد ضرر) | رشد عمودی (188٪ در ۶۰ روز، 30٪ بالای MA50) | 152٪ بالای MA200
فرآور,فرآوری‌موادمعدنی‌ایران‌,فلزات اساسی,56.6,زیر نظر,100,40,57.5,17,7970,20260929,4.9,46,30.5,-19.6,18.9,36.7,48.8,81.4,13,0,true,45.6,2.71,above,-2,2.51,7701,,-17.65,154.65,2.44,-30.87,31.58,456,17.48,13.48,29.7,7754,7593,8618,9050,1.72,واگرایی منفی RSI | اشباع خرید | فاصله زیاد از MA20 | سهم صفی: 13 روز از ۲۰ روز در صف (ریسک نقدشوندگی و اجرای حد ضرر) | رشد عمودی (30٪ در ۶۰ روز، 37٪ بالای MA50) | واگرایی منفی
سخاش,سیمان‌خاش‌,سیمان، آهک و گچ,56.4,زیر نظر,73,55,37.1,57,12950,20260929,7.8,4.1,12.6,-37.5,-1.2,6.2,44,54.3,0,0,false,20,3.55,above,-10.4,0.46,12790,14045,0.36,-53.73,1.18,-3.51,17.45,1929,6.71,7.14,-6,12790,12560,14045,14450,2.81,خروج مستمر پول حقیقی | 194٪ بالای کف ۵۲ هفته
بمولد,مولد نیروگاهی تجارت فارس,عرضه برق، گاز، بخاروآب گرم,56.4,زیر نظر,85,65,37.5,34,8920,20260929,7.2,-6.1,53.5,3.4,-1.9,5.5,51.8,51.3,4,0,false,26.2,3.72,above,-12.4,0.79,8090,10125,-10.04,-7.6,109.32,9.61,7.99,778,11.47,10.04,14.2,8588,8090,10125,10789,1.45,52٪ بالای MA200 | حد ضرر دور (9.3٪) | نقدشوندگی کمتر از ۱۰ میلیارد تومان
ثشرق,سرمایه گذاری مسکن شمال شرق,انبوه سازی، املاک و مستغلات,56.4,زیر نظر,50,80,77.5,24,5400,20260929,15.4,21.5,-25.4,-75.6,20.9,5.7,-50.8,67.5,10,0,true,33.4,2.99,below,-68.7,0.75,3853,5613,0.36,0.45,3.88,5.87,11.51,238,22.69,6.61,243.3,5238,5077,5613,6306,0.66,فاصله زیاد از MA20 | سهم صفی: 10 روز از ۲۰ روز در صف (ریسک نقدشوندگی و اجرای حد ضرر) | توزیع: ورود حقیقی با سرانه خرید ضعیف (0.72 در ۲۰ روز)
سمتاز,سیمان ممتازان کرمان,سیمان، آهک و گچ,56.3,زیر نظر,100,55,27,34,65820,20260929,3,15.4,21.4,-28.7,4.1,13.6,76.8,62.1,3,0,false,35.5,3.35,above,-6,0.83,59740,70000,-2.05,6.55,0.78,-3.85,3.23,8478,7.76,6.69,16,63613,60302,70000,74415,0.76,توزیع: ورود حقیقی با سرانه خرید ضعیف (0.79 در ۲۰ روز) | 77٪ بالای MA200 | سرانه خرید ضعیف (0.78) | حد ضرر دور (8.4٪) | نقدشوندگی کمتر از ۱۰ میلیارد تومان
ثجوان,تامین مسکن جوانان,انبوه سازی، املاک و مستغلات,56.2,زیر نظر,100,70,23.7,25,2277,20260929,-2.8,12.5,28.9,-21.3,4.1,16.7,43.3,58.9,1,0,true,38.1,3.65,above,-8,1.51,2239,2475,-0.44,-4.59,1.11,1.24,3.23,167,13.63,,,2239,2198,2475,2641,2.5,خروج مستمر پول حقیقی | نقدشوندگی کمتر از ۱۰ میلیارد تومان
ددام,داروسازی زاگرس فارمد پارس,مواد و محصولات دارویی,56,زیر نظر,90,75,29.2,27,13190,20260929,4.4,9.3,102.6,52.5,-0.5,32.5,103.6,63.5,7,0,false,52.7,3.76,above,-11.9,1.03,12250,14980,2.99,-67.01,0.93,-7.7,25.45,887,14.87,12.91,15.2,12694,12002,14980,15972,1.51,خروج مستمر پول حقیقی | سهم صفی: 7 روز از ۲۰ روز در صف (ریسک نقدشوندگی و اجرای حد ضرر) | رشد عمودی (103٪ در ۶۰ روز، 32٪ بالای MA50) | 104٪ بالای MA200 | حد ضرر دور (9.0٪)
شفارس,صنایع‌ شیمیایی‌ فارس‌,محصولات شیمیایی,56,زیر نظر,100,55,23,37,2247,20260929,2.8,9.8,37.3,-12.8,2.4,17.1,38.6,59.9,2,0,false,32.7,3.69,above,-9.3,0.84,2157,2311,-0.19,0.43,1.08,-0.55,9.86,231,9.73,9.63,1,2164,2115,2311,2477,0.48,واگرایی منفی RSI | واگرایی منفی | نقدشوندگی کمتر از ۱۰ میلیارد تومان
وپسا,گ.س.پتروشیمی ساختمان خلیج فارس,پیمانکاری صنعتی,56,زیر نظر,90,53,43.5,30,2634,20260929,-3.9,0.2,44.6,-5.6,-3.7,11.1,48.6,51.8,5,1,false,38.1,3.7,above,-15.3,1.23,2482,2684,0.23,1.06,0.84,-4.99,5.47,20,131.7,,,2537,2433,2684,3110,0.25,واگرایی منفی RSI | P/E بالا (132) | واگرایی منفی | حد ضرر دور (7.6٪) | نقدشوندگی کمتر از ۱۰ میلیارد تومان | صف فروش در ۵ روز اخیر
نطرین,عطرین نخ قم,منسوجات,55.9,زیر نظر,100,55,16.5,43,2396,20260929,-2.6,35,38.9,-11.2,12.6,26.1,82.6,72.1,14,2,true,35.9,3.03,above,-2.6,2.22,2013,2460,-10.79,9.34,0.48,-61.76,15.17,196,12.22,14.29,-14.5,2323,2251,2460,2605,0.44,سهم صفی: 14 روز از ۲۰ روز در صف (ریسک نقدشوندگی و اجرای حد ضرر) | 83٪ بالای MA200 | سرانه خرید ضعیف (0.48) | صف فروش در ۵ روز اخیر
بکابل,سیم و کابل ابهر,ماشین آلات و دستگاه‌های برقی,55.8,زیر نظر,65,45,52,57,5690,20260929,0,-2.4,21.7,-28.4,-1.6,5.8,27.2,50.1,2,0,false,22.7,3.79,above,-12.1,0.79,5461,5850,6.15,49.54,0.73,-13.11,15.56,1041,5.47,5.95,-8.1,5475,5353,5850,6240,0.48,توزیع: ورود حقیقی با سرانه خرید ضعیف (0.72 در ۲۰ روز) | سرانه خرید ضعیف (0.73)
دشیری,شیرین دارو,مواد و محصولات دارویی,55.7,زیر نظر,100,73,42.5,42,439200,20260929,12.1,25.1,42.1,-8,14,27,75.1,78.1,1,0,true,54.8,3,above,0,0.87,405500,,0.08,-1.35,1.42,-0.21,2.57,57790,7.6,,,426015,406237,478755,505126,1.2,نقدشوندگی پایین | واگرایی منفی RSI | اشباع خرید | 75٪ بالای MA200 | واگرایی منفی | حد ضرر دور (7.5٪) | نقدشوندگی کمتر از ۱۰ میلیارد تومان
ثعمرا,عمران و توسعه شاهد,انبوه سازی، املاک و مستغلات,55.7,زیر نظر,100,55,54.6,4,15590,20260929,-0.1,9.8,38.5,-11.7,1.2,14.7,53,58.4,0,0,false,27.4,3.59,above,-6,0.74,14890,16592,0.09,-3.14,1.3,2.23,3.24,378,41.24,23.59,74.8,15031,14610,16592,17711,1.02,واگرایی منفی RSI | P/E بالا (41) | 53٪ بالای MA200 | واگرایی منفی | نقدشوندگی کمتر از ۱۰ میلیارد تومان
سمازن,سیمان‌مازندران‌,سیمان، آهک و گچ,55.6,زیر نظر,100,63,5.1,47,86180,20260929,6.7,4.7,45.5,-4.6,1.4,10.6,71.7,59.6,1,0,false,30.9,3.75,above,-7.8,0.6,84265,93470,-4.45,-29.89,0.92,-6.93,18.81,11804,7.3,7.14,2.3,84265,82650,93470,99930,2.07,خروج مستمر پول حقیقی | 72٪ بالای MA200
شراز,پالایش نفت شیراز,فراورده های نفتی، کک و سوخت هسته ای,55.6,زیر نظر,85,65,42.5,26,94790,20260929,1,-0.2,78.1,28,-4.2,14.5,119.1,54.8,3,0,false,48.2,3.69,above,-16.1,0.59,68720,113000,0.92,38.25,0.64,-65.27,83.78,10165,9.33,6.26,49,91291,87792,113000,119998,2.6,واگرایی منفی RSI | توزیع: ورود حقیقی با سرانه خرید ضعیف (0.51 در ۲۰ روز) | 119٪ بالای MA200 | سرانه خرید ضعیف (0.64) | واگرایی منفی | حد ضرر دور (7.4٪) | شناوری کم (13٪)
وآوا,سرمایه گذاری آوا نوین,سرمایه گذاریها,55.6,زیر نظر,100,50,53.5,9,4540,20260929,-4.8,38,119.2,69,7.8,45,108.6,73.7,14,3,false,74.5,2.91,above,-7.7,0.84,2668,4920,9.02,38.36,0.79,-7.3,11.6,370,12.27,8.73,40.6,4408,4276,4920,5184,1.44,سهم صفی: 14 روز از ۲۰ روز در صف (ریسک نقدشوندگی و اجرای حد ضرر) | رشد عمودی (119٪ در ۶۰ روز، 45٪ بالای MA50) | 109٪ بالای MA200 | سرانه خرید ضعیف (0.79) | صف فروش در ۵ روز اخیر
وصنا,گروه‌صنایع‌بهشهرایران‌,سرمایه گذاریها,55.5,زیر نظر,100,60,7.1,47,6370,20260929,10.2,17.7,113.8,63.6,7.7,24.7,104.4,72.6,3,0,false,50.8,3.11,above,-1.4,0.6,5540,,-15.02,-68.41,1.04,-5.35,14.39,842,7.57,7.13,6.1,6172,5974,6964,7360,1.5,خروج مستمر پول حقیقی | رشد عمودی (114٪ در ۶۰ روز، 25٪ بالای MA50) | 104٪ بالای MA200
فهامون,آلیاژ گستر هامون,فلزات اساسی,55.5,زیر نظر,90,20,51,47,4800,20260929,-3.8,-0.2,11.7,-38.5,-2.9,5.2,,48.5,4,1,false,28.8,3.55,above,-13.4,1.09,4730,4961,-16.83,4.98,2,47.38,24.41,596,8.05,8.05,0,4730,4645,4961,5234,1.04,صف فروش در ۵ روز اخیر
کرماشا,صنایع پتروشیمی کرمانشاه,محصولات شیمیایی,55.5,زیر نظر,100,45,29,37,29600,20260929,1,11.4,10.5,-39.6,2.5,17.1,65.9,60.6,2,0,false,43.5,3.14,above,-8.9,0.41,29000,32490,-31.42,151.16,0.92,-43.56,98.4,3386,8.74,9.63,-9.2,29000,28536,32490,34348,2.71,توزیع: ورود حقیقی با سرانه خرید ضعیف (0.80 در ۲۰ روز) | 66٪ بالای MA200
پارسان,گسترش نفت و گاز پارسیان,محصولات شیمیایی,55.5,زیر نظر,100,55,20.8,37,35810,20260929,5,8,28.4,-21.8,2.8,18.4,48.5,62.7,0,0,false,34.3,3.41,above,-5.4,0.48,33870,37860,-6.2,49.28,0.95,-26.64,145.29,3483,10.28,9.63,6.8,34589,33259,37860,40303,0.8,توزیع: ورود حقیقی با سرانه خرید ضعیف (0.67 در ۲۰ روز) | 152٪ بالای کف ۵۲ هفته | حد ضرر دور (7.1٪)
غانیزان,فرآورده های دامی ولبنی دالاهو,محصولات غذایی و آشامیدنی به جز قند و شکر,55.4,زیر نظر,70,55,77.5,16,8910,20260929,3.2,9.3,19.9,-30.2,-0.7,13.7,45.5,56.3,6,0,false,23.6,3.83,above,-8.7,0.8,8740,9760,1.83,4.01,3.11,15.14,10.94,797,11.18,8.53,31.1,8740,8570,9760,10442,2.5,سهم صفی: 6 روز از ۲۰ روز در صف (ریسک نقدشوندگی و اجرای حد ضرر)
شتران,پالایش نفت تهران,فراورده های نفتی، کک و سوخت هسته ای,55.3,زیر نظر,100,45,5.1,60,6650,20260929,4.2,15.1,35.3,-14.8,3.9,21.6,88.4,63.3,3,0,false,52.7,3.43,above,-8.4,0.87,5005,7260,-225.97,-565.12,0.92,-320.62,481.53,1249,5.32,6.26,-14.9,6422,6194,7260,7716,1.34,خروج مستمر پول حقیقی | 88٪ بالای MA200
ثغرب,شرکت سرمایه گذاری مسکن شمالغرب,انبوه سازی، املاک و مستغلات,55.3,زیر نظر,100,60,69.1,4,17870,20260923,2.8,57.4,285.4,235.3,16.7,60.9,210.6,81,15,1,true,86.2,2.48,above,-5.8,0.9,9480,,8.75,31.83,1.46,-2.79,9.49,415,43.06,23.59,82.5,17427,16984,19198,20084,1.5,اشباع خرید | فاصله زیاد از MA20 | سهم صفی: 15 روز از ۲۰ روز در صف (ریسک نقدشوندگی و اجرای حد ضرر) | رشد عمودی (285٪ در ۶۰ روز، 61٪ بالای MA50) | P/E بالا (43) | 211٪ بالای MA200 | نقدشوندگی کمتر از ۱۰ میلیارد تومان | صف فروش در ۵ روز اخیر | آخرین معامله 20260923 (متوقف یا کم‌معامله)
وسین,بیمه سینا,بیمه وصندوق بازنشستگی به جزتامین اجتماعی,55.3,زیر نظر,100,60,63,10,3720,20260927,9.1,53.8,181.6,131.5,18,74.6,146.4,86.5,11,1,true,85.7,2.68,above,-2.6,0.7,2119,,15.66,-0.52,4.71,10.01,15.28,,,,,3620,3520,4020,4219,1.5,اشباع خرید | فاصله زیاد از MA20 | بدون EPS مثبت | سهم صفی: 11 روز از ۲۰ روز در صف (ریسک نقدشوندگی و اجرای حد ضرر) | رشد عمودی (182٪ در ۶۰ روز، 75٪ بالای MA50) | 146٪ بالای MA200 | صف فروش در ۵ روز اخیر | آخرین معامله 20260927 (متوقف یا کم‌معامله)
بپویا,دانش محور پویا نیرو,ماشین آلات و دستگاه‌های برقی,55,زیر نظر,48,40,86.5,44,5890,20260929,0.9,3.9,-0.9,-51.1,-2.2,3.3,-0.5,49.2,2,1,false,17.4,3.58,above,-18.9,0.6,5740,6074,1.97,18.98,2.02,12.32,11.73,752,7.83,6.15,27.4,5740,5635,6074,6284,0.72,شناوری کم (7٪) | صف فروش در ۵ روز اخیر
غالبر,لبنیات‌ کالبر,محصولات غذایی و آشامیدنی به جز قند و شکر,55,زیر نظر,75,80,56,10,32250,20260929,9.8,12.5,13,-37.2,4.9,13.3,-7.3,60.6,5,0,true,22.2,3.44,above,-38,1,31325,33080,1.68,3.67,1.36,-5.05,16.88,,,8.53,,31325,30770,33080,33890,0.56,بدون EPS مثبت | توزیع: ورود حقیقی با سرانه خرید ضعیف (0.87 در ۲۰ روز)
سبزوا,سیمان لار سبزوار,سیمان، آهک و گچ,55,زیر نظر,100,60,48,4,13580,20260929,7.6,52.6,82,31.9,19.5,42.5,101.5,88.4,10,0,true,62.8,3.03,above,-4.1,1.26,9780,,-7.72,17.57,3.49,-9.78,21.18,615,22.08,6.69,230.1,13169,12758,14813,15635,1.5,اشباع خرید | فاصله زیاد از MA20 | سهم صفی: 10 روز از ۲۰ روز در صف (ریسک نقدشوندگی و اجرای حد ضرر) | رشد عمودی (82٪ در ۶۰ روز، 43٪ بالای MA50) | 102٪ بالای MA200
وساخت,سرمایه‌ گذاری‌ ساختمان‌ایران‌,انبوه سازی، املاک و مستغلات,55,خنثی,100,75,30.9,9,2110,20260929,3.7,9.6,52,1.9,2.9,15.4,63.5,60.2,7,0,false,28.2,3.42,above,-9.2,0.75,1980,2324,-14.08,27.6,1.02,-4.32,23.24,144,14.65,6.61,121.7,2038,1943,2324,2468,1.28,سهم صفی: 7 روز از ۲۰ روز در صف (ریسک نقدشوندگی و اجرای حد ضرر) | 63٪ بالای MA200 | حد ضرر دور (7.9٪)
شگویا,پتروشیمی تندگویان,محصولات شیمیایی,55,خنثی,100,48,52.5,9,13700,20260929,11.1,56,48.5,-1.6,20.6,45.1,92.7,86.7,13,0,true,46.6,2.75,above,0,0.51,11270,,-63.18,56.18,13.55,81.92,105.02,1099,12.47,8.01,55.6,13323,12947,14830,15583,1.5,اشباع خرید | فاصله زیاد از MA20 | سهم صفی: 13 روز از ۲۰ روز در صف (ریسک نقدشوندگی و اجرای حد ضرر) | رشد عمودی (49٪ در ۶۰ روز، 45٪ بالای MA50) | 93٪ بالای MA200
های وب,داده گسترعصرنوین-های وب,اطلاعات و ارتباطات,54.8,خنثی,100,55,45.4,10,468,20260929,2.4,12,31.8,-18.3,1.2,18.5,32.1,61.4,1,0,false,41,3.48,above,-24.6,0.61,435,499,5.75,9.77,0.9,-14.19,35.11,,,7.97,,452,427,499,545,0.76,بدون EPS مثبت | توزیع: ورود حقیقی با سرانه خرید ضعیف (0.87 در ۲۰ روز) | حد ضرر دور (8.7٪)
وغدیر,سرمایه‌گذاری‌غدیر(هلدینگ‌,شرکتهای چند رشته ای صنعتی,54.7,خنثی,100,75,1.8,37,21790,20260929,6.3,10.9,52.2,2,4.3,19.6,64.7,63.9,0,0,false,34.6,3.45,above,-4.8,0.63,20260,22890,-46.95,-168.17,0.85,-47.33,197.41,1940,11.23,10.88,3.2,21039,19913,22890,24391,0.59,واگرایی منفی RSI | 65٪ بالای MA200 | واگرایی منفی | حد ضرر دور (8.6٪)
وبیمه,سرمایه‌ گذاری‌ صنعت‌ بیمه‌,سرمایه گذاریها,54.6,خنثی,100,65,27.5,19,3100,20260929,-4,20.5,131,80.9,0.2,24.8,97,60.8,10,1,false,66.9,3.44,above,-11.9,0.69,2106,,0.63,-2.48,0.79,-0.55,8.06,188,16.49,7.13,131.3,2993,2887,3420,3633,1.5,سهم صفی: 10 روز از ۲۰ روز در صف (ریسک نقدشوندگی و اجرای حد ضرر) | رشد عمودی (131٪ در ۶۰ روز، 25٪ بالای MA50) | 97٪ بالای MA200 | سرانه خرید ضعیف (0.79) | نقدشوندگی کمتر از ۱۰ میلیارد تومان | شناوری کم (12٪) | صف فروش در ۵ روز اخیر
لوتوس,تامین سرمایه لوتوس پارسیان,فعالیتهای کمکی به نهادهای مالی واسط,54.6,خنثی,100,63,1,47,3600,20260929,5.3,22.8,45.2,-5,10.6,19.7,62.2,72.6,1,0,true,21.6,3.22,above,-1.6,0.7,3260,,-9.19,-23.98,0.7,-11.33,9.67,594,6.06,5.92,2.4,3484,3310,3948,4179,1.2,خروج مستمر پول حقیقی | 62٪ بالای MA200 | سرانه خرید ضعیف (0.70) | حد ضرر دور (8.0٪) | نقدشوندگی کمتر از ۱۰ میلیارد تومان | شناوری کم (4٪)
وایرا,سرمایه گذاری صنایع ایران,سرمایه گذاریها,54.6,خنثی,100,63,55.8,32,3590,20260929,8.1,10.8,42.2,-7.9,4.3,14.3,23.8,62.2,1,0,false,26,3.2,above,-5.4,0.96,3445,3633,2.94,-6.16,1.35,1.74,2.89,399,9,,,3475,3388,3633,3772,0.21,نقدشوندگی پایین | خروج مستمر پول حقیقی | نقدشوندگی کمتر از ۱۰ میلیارد تومان
لطیف,محصولات کاغذی لطیف,محصولات کاغذی,54.5,خنثی,100,55,37,17,3910,20260929,6.8,5.4,26.5,-23.6,2.2,12.2,42.6,58.1,5,0,false,29.8,3.36,above,-7.8,0.48,3600,,-0.81,-9.58,16.39,12.09,8.75,315,12.41,10.19,21.8,3779,3582,4304,4566,1.2,خروج مستمر پول حقیقی | حد ضرر دور (8.4٪) | نقدشوندگی کمتر از ۱۰ میلیارد تومان
برکت,گروه دارویی برکت,مواد و محصولات دارویی,54.4,خنثی,95,63,49.2,4,5140,20260929,10.3,6.9,49.3,-0.9,3.7,20.1,75,63.8,4,0,false,36.4,3.34,above,-4.8,1.02,5060,5400,75.9,9.06,1.07,-33.1,75.78,47,109.36,12.91,747.1,5060,4974,5400,5743,1.57,واگرایی منفی RSI | P/E بالا (109) | توزیع: ورود حقیقی با سرانه خرید ضعیف (0.67 در ۲۰ روز) | 75٪ بالای MA200 | واگرایی منفی
وآفر,سرمایه گذاری ارزش آفرینان,سرمایه گذاریها,54.4,خنثی,100,80,43.5,30,12390,20260929,3,7.3,13.2,-37,2.8,14.7,15.9,60.7,0,0,true,47,3.56,above,-22.6,1.33,11918,16000,-0.23,0.22,1.46,-1.32,2.68,369,33.58,,,11949,11697,16000,16882,5.21,نقدشوندگی پایین | P/E بالا (34) | توزیع: ورود حقیقی با سرانه خرید ضعیف (0.89 در ۲۰ روز) | نقدشوندگی کمتر از ۱۰ میلیارد تومان
شصفها,پتروشیمی‌ اصفهان‌,محصولات شیمیایی,54.4,خنثی,90,15,87.5,70,3110,20260916,1.3,11.1,14.9,-35.2,3.9,13.6,3.1,94.7,20,0,false,77.9,0.93,above,-26.1,0.15,2919,3565,0.01,0.42,37.25,0.01,0.24,1217,2.56,,,3081,3052,3565,3687,7.84,نقدشوندگی پایین | اشباع خرید | سهم صفی: 20 روز از ۲۰ روز در صف (ریسک نقدشوندگی و اجرای حد ضرر) | نقدشوندگی کمتر از ۱۰ میلیارد تومان | آخرین معامله 20260916 (متوقف یا کم‌معامله)
غگلپا,شیر پاستوریزه پگاه گلپایگان,محصولات غذایی و آشامیدنی به جز قند و شکر,54.3,خنثی,100,85,13.3,16,25450,20260929,12.6,20.5,82.7,32.6,10.6,26.6,95.6,75.6,1,0,true,58.3,3.26,above,-0.1,1.1,24560,,-4.04,-31.38,1.29,-4.34,9.11,2729,9.33,7.05,32.3,24620,24145,27940,29600,1.91,خروج مستمر پول حقیقی | 96٪ بالای MA200 | نقدشوندگی کمتر از ۱۰ میلیارد تومان
تاپیکو,س. نفت و گاز و پتروشیمی تأمین,محصولات شیمیایی,54.3,خنثی,100,60,40,9,50700,20260929,9.6,39.6,111,60.9,19.6,48.1,128,84.8,7,0,true,56,3.06,above,0,0.71,38039,,127.65,-109.02,1.26,-164.25,332.7,3439,14.74,9.63,53.1,49149,47597,55354,58456,1.5,واگرایی منفی RSI | اشباع خرید | فاصله زیاد از MA20 | سهم صفی: 7 روز از ۲۰ روز در صف (ریسک نقدشوندگی و اجرای حد ضرر) | رشد عمودی (111٪ در ۶۰ روز، 48٪ بالای MA50) | 128٪ بالای MA200 | واگرایی منفی | شناوری کم (11٪)
قجام,فرآوردههای غذایی وقندتربت‌جام‌,قند و شکر,54.3,خنثی,100,75,35,42,14730,20260929,9.4,9.2,54.7,4.6,3.8,13.8,58,61,2,0,false,26.9,3.54,above,-5.1,0.7,14580,14890,0,-0.31,2.05,2.94,2.51,2650,5.56,,,14580,14319,14890,15520,0.39,نقدشوندگی پایین | 58٪ بالای MA200 | نقدشوندگی کمتر از ۱۰ میلیارد تومان
فروس,فروسیلیس‌ ایران‌,فلزات اساسی,54.1,خنثی,90,45,0.5,72,4150,20260929,-3.7,20.6,32.1,-18,-0.7,17.8,61.3,57.7,14,2,false,46.1,3.21,above,-13.9,1,3335,4820,-4.77,-14.15,0.7,-14.43,8.13,440,9.43,13.48,-30,4017,3883,4820,5087,2.51,خروج مستمر پول حقیقی | سهم صفی: 14 روز از ۲۰ روز در صف (ریسک نقدشوندگی و اجرای حد ضرر) | 61٪ بالای MA200 | سرانه خرید ضعیف (0.70) | نقدشوندگی کمتر از ۱۰ میلیارد تومان | صف فروش در ۵ روز اخیر
سخزر,سیمان‌ خزر,سیمان، آهک و گچ,54.1,خنثی,100,63,22,24,6760,20260929,13,9.6,46,-4.1,3.2,17,52.9,63.5,7,0,false,28.8,3.4,above,-7.1,0.75,6100,7280,-1.02,-33.34,2.19,-1.96,19.69,822,8.22,7.14,15.2,6530,6186,7280,7739,0.91,خروج مستمر پول حقیقی | سهم صفی: 7 روز از ۲۰ روز در صف (ریسک نقدشوندگی و اجرای حد ضرر) | 53٪ بالای MA200 | حد ضرر دور (8.5٪)
سفارس,سیمان فارس و خوزستان,سیمان، آهک و گچ,54,خنثی,95,45,19.2,47,28680,20260929,10.7,-2.2,13.7,-36.5,2.6,8,50.7,58.4,3,0,false,22.9,3.62,above,-7.2,0.85,28020,29248,-2.4,58.57,0.87,-10.18,80.44,3912,7.33,7.14,2.7,28020,27500,29248,30330,0.48,واگرایی منفی RSI | توزیع: ورود حقیقی با سرانه خرید ضعیف (0.52 در ۲۰ روز) | 51٪ بالای MA200 | واگرایی منفی
پتایر,ایران‌ تایر,لاستیک و پلاستیک,54,خنثی,85,65,2,60,2781,20260929,5.7,-1.1,61.3,11.2,-0.3,15,51.6,57.1,3,0,false,34.1,4.12,above,-7.8,0.96,2630,2954,-1.31,-17.07,0.7,-36.78,25.13,392,7.09,8.21,-13.6,2666,2573,2954,3015,0.83,واگرایی منفی RSI | 52٪ بالای MA200 | سرانه خرید ضعیف (0.70) | واگرایی منفی | حد ضرر دور (7.5٪)
تملت,تامین سرمایه بانک ملت,فعالیتهای کمکی به نهادهای مالی واسط,54,خنثی,100,40,36,68,2237,20260929,6.3,4.9,33.6,-16.5,4.4,16.7,54.1,72.6,0,0,false,42.2,2.83,above,0.4,0.88,2183,,-1.76,-11.95,2.75,3.29,1.87,517,4.33,5.92,-26.9,2183,2151,2427,2554,2.21,نقدشوندگی پایین | خروج مستمر پول حقیقی | 54٪ بالای MA200 | نقدشوندگی کمتر از ۱۰ میلیارد تومان | شناوری کم (4٪)
ساوه,سیمان ساوه,سیمان، آهک و گچ,54,خنثی,61,40,43.7,67,10660,20260929,1.9,3.7,-13.5,-63.7,-2.8,1.5,23.5,47.9,2,0,false,17.1,3.61,inside,-31.6,0.68,10350,11430,9.19,12.21,0.83,-9.56,17.4,1489,7.16,6.69,7,10350,10158,11430,12190,1.53,توزیع: ورود حقیقی با سرانه خرید ضعیف (0.85 در ۲۰ روز)
کقزوی,شیشه‌ قزوین‌,سایر محصولات کانی غیرفلزی,53.7,خنثی,95,75,30.8,10,829,20260929,4.8,2.5,80.6,30.5,0.5,13.5,38.1,57.8,0,0,false,37,3.59,above,-9.9,0.6,801,838,-0.96,-5.13,1.39,1.55,5.8,,,,,801,786,838,856,0.22,واگرایی منفی RSI | بدون EPS مثبت | واگرایی منفی | نقدشوندگی کمتر از ۱۰ میلیارد تومان
بنیرو,نیروترانس‌,ماشین آلات و دستگاه‌های برقی,53.7,خنثی,83,55,3,68,3870,20260929,2.7,0.3,27.5,-22.6,2.2,5.9,48,56.4,1,0,false,10.6,3.3,above,-4.7,0.45,3720,3970,-4.58,-31.22,0.86,-3.87,12.57,830,4.66,6.15,-24.2,3742,3656,3970,4060,0.47,واگرایی منفی RSI | خروج مستمر پول حقیقی | بدون روند (ADX پایین) | 156٪ بالای کف ۵۲ هفته | واگرایی منفی
فلوله,لوله‌وماشین‌سازی‌ایران‌,فلزات اساسی,53.6,خنثی,65,30,52.5,60,2591,20260929,4.9,-9.6,30.3,-19.9,-3.3,1.3,26.9,48.1,1,0,false,25.9,4.23,above,-13.4,0.8,2506,2619,1.43,13.7,0.72,-9.59,9.8,226,11.46,13.48,-15,2506,2451,2619,2669,0.2,توزیع: ورود حقیقی با سرانه خرید ضعیف (0.58 در ۲۰ روز) | سرانه خرید ضعیف (0.72) | نقدشوندگی کمتر از ۱۰ میلیارد تومان
ما,بیمه  ما,بیمه وصندوق بازنشستگی به جزتامین اجتماعی,53.6,خنثی,100,75,0.5,34,3830,20260929,1.3,5.8,51.5,1.4,0.4,14.5,53.7,56.6,4,0,false,45.8,3.53,above,-7.3,0.56,3760,4130,-5.4,-11.32,0.55,-5.85,4.79,755,5.07,4.59,10.5,3760,3692,4130,4401,2.18,واگرایی منفی RSI | خروج مستمر پول حقیقی | 54٪ بالای MA200 | سرانه خرید ضعیف (0.55) | واگرایی منفی | نقدشوندگی کمتر از ۱۰ میلیارد تومان
شکام,صنایع شیمیایی کیمیاگران امروز,محصولات شیمیایی,53.5,خنثی,100,60,22,24,11200,20260929,12.2,17.8,130.9,80.8,8.7,33.6,154.1,74.1,6,0,false,42.6,3.42,above,0,0.5,11080,,-22.34,-41.87,2.94,-94.7,107.18,1258,8.9,8.01,11.1,11080,10889,12348,13113,3.69,سهم صفی: 6 روز از ۲۰ روز در صف (ریسک نقدشوندگی و اجرای حد ضرر) | رشد عمودی (131٪ در ۶۰ روز، 34٪ بالای MA50) | 154٪ بالای MA200
زنجان,صنایع کشاورزی وکود زنجان,محصولات شیمیایی,53.5,خنثی,100,70,88,10,2499,20260927,9.6,35.7,77.5,27.3,16.7,36.4,73.4,97.2,20,0,true,74.8,2.31,above,-1,0.93,1788,,1.17,3.05,11.27,2.77,0.64,,,,,2441,2384,2672,2787,1.5,نقدشوندگی پایین | اشباع خرید | فاصله زیاد از MA20 | بدون EPS مثبت | سهم صفی: 20 روز از ۲۰ روز در صف (ریسک نقدشوندگی و اجرای حد ضرر) | رشد عمودی (77٪ در ۶۰ روز، 36٪ بالای MA50) | 73٪ بالای MA200 | نقدشوندگی کمتر از ۱۰ میلیارد تومان | آخرین معامله 20260927 (متوقف یا کم‌معامله)
گشان,توسعه بین المللی پدیده شاندیز,هتل و رستوران,53.4,خنثی,85,53,27.3,42,28400,20260929,2.3,-4.9,42.3,-7.8,-1.5,4.1,47.4,51.9,1,0,false,32.3,3.93,above,-10.6,0.93,28050,29990,-4.95,-31.94,1.25,5.86,12.92,3153,9.01,,,28050,27493,29990,30990,1.75,واگرایی منفی RSI | خروج مستمر پول حقیقی | واگرایی منفی
حسیر,ریل سیر کوثر,حمل ونقل، انبارداری و ارتباطات,53.4,خنثی,100,75,17.5,16,8170,20260929,1.1,18.6,64.8,14.7,8.1,26.5,83.7,72.6,1,0,true,59.7,3.54,above,-3.2,1.19,7360,8440,-8.71,5.6,0.61,-30.95,17.51,758,10.78,7.68,40.3,7881,7448,8440,9018,0.37,توزیع: ورود حقیقی با سرانه خرید ضعیف (0.79 در ۲۰ روز) | 84٪ بالای MA200 | سرانه خرید ضعیف (0.61) | حد ضرر دور (8.8٪)
ثپردیس,سرمایه گذاری مسکن پردیس,انبوه سازی، املاک و مستغلات,53.4,خنثی,100,65,27.5,14,4630,20260929,-9.6,12.4,60.5,10.4,1.2,15.6,55,56.7,5,3,false,61.5,3.71,above,-11,0.92,4370,5200,0,108.98,0.62,-35.52,21.56,117,39.57,23.59,67.8,4458,4284,5200,5543,1.65,P/E بالا (40) | 55٪ بالای MA200 | سرانه خرید ضعیف (0.62) | حد ضرر دور (7.5٪) | صف فروش در ۵ روز اخیر
داوه,داروسازی آوه سینا,مواد و محصولات دارویی,53.4,خنثی,100,45,48.5,9,14630,20260929,15.1,35,195.5,145.3,12.8,50,179.8,80.8,13,0,false,72.7,2.78,above,-0.5,0.98,13840,,-36.15,31.87,4.13,-65.36,31.66,760,19.25,8.86,117.3,14223,13636,15852,16667,1.23,اشباع خرید | سهم صفی: 13 روز از ۲۰ روز در صف (ریسک نقدشوندگی و اجرای حد ضرر) | رشد عمودی (195٪ در ۶۰ روز، 50٪ بالای MA50) | 180٪ بالای MA200
بکام,کارخانجات تولیدی شهید قندی,ماشین آلات و دستگاه‌های برقی,53.3,خنثی,90,63,40.9,14,3340,20260929,-0.3,3.4,47.6,-2.5,-0.7,14.5,39.1,55.3,6,0,false,39.5,3.55,above,-12.3,0.89,3170,3380,-3.59,23.72,1.36,-13.2,14.83,24,139.17,6.15,2162.9,3221,3111,3380,3810,0.17,واگرایی منفی RSI | سهم صفی: 6 روز از ۲۰ روز در صف (ریسک نقدشوندگی و اجرای حد ضرر) | P/E بالا (139) | توزیع: ورود حقیقی با سرانه خرید ضعیف (0.89 در ۲۰ روز) | واگرایی منفی
زکوثر,سرمایه گذاری کشاورزی کوثر,زراعت و خدمات وابسته,53.3,خنثی,95,85,22,9,92800,20260929,15.9,10.2,137.5,87.4,9.4,25.3,110.7,73,4,0,true,41,3.19,above,0,0.76,90600,,-18.19,-128.63,16.06,-32.27,27.39,6364,14.58,6.33,130.4,90600,89118,101690,107617,2.41,واگرایی منفی RSI | خروج مستمر پول حقیقی | رشد عمودی (138٪ در ۶۰ روز، 25٪ بالای MA50) | 111٪ بالای MA200 | واگرایی منفی
ثاصفا,شرکت‌ ساختمان‌ اصفهان‌,انبوه سازی، املاک و مستغلات,53.2,خنثی,90,55,80.8,20,19520,20260929,-1.8,23.3,19.3,-30.8,8.8,31.4,18.2,70.8,11,1,true,36.8,3.25,above,-9.5,1.95,18927,19939,0.19,1.24,1.39,0.52,1.12,8,2440,,,18927,18609,19939,20287,0.46,نقدشوندگی پایین | سهم صفی: 11 روز از ۲۰ روز در صف (ریسک نقدشوندگی و اجرای حد ضرر) | رشد عمودی (19٪ در ۶۰ روز، 31٪ بالای MA50) | P/E بالا (2440) | نقدشوندگی کمتر از ۱۰ میلیارد تومان | صف فروش در ۵ روز اخیر
وپست,پست بانک ایران,بانکها و موسسات اعتباری,53.1,خنثی,100,45,1.5,55,10120,20260929,2.5,-0.3,29.7,-20.5,0.7,8.3,63.4,55.7,0,0,false,24.7,3.83,above,-9,1,9870,10250,-14.83,-98.42,0.76,-37.56,44.36,2033,4.98,5.4,-7.8,9870,9676,10250,10510,0.29,خروج مستمر پول حقیقی | 63٪ بالای MA200 | سرانه خرید ضعیف (0.76)
فجهان,جهان فولاد سیرجان,فلزات اساسی,53.1,خنثی,100,60,35.5,9,3300,20260929,8.2,30.8,90.7,40.5,8.7,41.7,83.7,76.6,8,0,false,62.1,3.2,above,-2.7,0.51,2960,3390,-10.31,-41.92,1.95,22.53,33.82,171,19.3,8.05,139.7,3194,3089,3390,3601,0.43,خروج مستمر پول حقیقی | سهم صفی: 8 روز از ۲۰ روز در صف (ریسک نقدشوندگی و اجرای حد ضرر) | رشد عمودی (91٪ در ۶۰ روز، 42٪ بالای MA50) | 84٪ بالای MA200
کازرو,پتروشیمی کازرون,محصولات شیمیایی,53.1,خنثی,100,70,86.5,10,13450,20260926,15.6,45.7,95.2,45.1,21.8,44.8,75,97.7,20,0,true,79.4,2.33,above,-9.4,0.17,9730,13940,0,23.31,3.07,1.15,1.76,,,,,13136,12822,13940,14850,0.78,نقدشوندگی پایین | اشباع خرید | فاصله زیاد از MA20 | بدون EPS مثبت | سهم صفی: 20 روز از ۲۰ روز در صف (ریسک نقدشوندگی و اجرای حد ضرر) | رشد عمودی (95٪ در ۶۰ روز، 45٪ بالای MA50) | 75٪ بالای MA200 | نقدشوندگی کمتر از ۱۰ میلیارد تومان | آخرین معامله 20260926 (متوقف یا کم‌معامله)
سبجنو,سیمان‌ بجنورد,سیمان، آهک و گچ,53,خنثی,88,55,2.5,60,53550,20260929,9.4,6.8,20.9,-29.2,3.8,9.9,52,62.9,1,0,false,19.2,3.21,above,-5,1.18,52160,56370,-10.58,-26.83,0.67,-17.87,7.45,8801,6.08,7.14,-14.8,52160,51300,56370,59810,1.25,واگرایی منفی RSI | خروج مستمر پول حقیقی | 52٪ بالای MA200 | سرانه خرید ضعیف (0.67) | واگرایی منفی | نقدشوندگی کمتر از ۱۰ میلیارد تومان | شناوری کم (11٪)
خاذین,سایپاآذین‌,خودرو و ساخت قطعات,53,خنثی,100,63,31.5,10,3220,20260929,9.9,11.7,41.3,-8.8,5.7,25.2,50,68.4,1,0,false,43.9,3.38,above,-3.3,1.22,2954,3330,-5.74,-4.62,2.94,-2.13,6.82,,,,,3111,2948,3330,3548,0.4,واگرایی منفی RSI | بدون EPS مثبت | 50٪ بالای MA200 | واگرایی منفی | حد ضرر دور (8.5٪) | نقدشوندگی کمتر از ۱۰ میلیارد تومان
شلعاب,لعابیران‌,محصولات شیمیایی,52.9,خنثی,95,55,44.7,9,1342,20260929,9.1,8.2,34.1,-16.1,4.6,14,46.7,62.5,2,0,false,31.5,3.45,above,-4.2,0.87,1319,1401,3.74,2.76,0.93,-2.73,6.87,70,19.17,9.63,99.1,1319,1296,1401,1494,1.28,واگرایی منفی RSI | توزیع: ورود حقیقی با سرانه خرید ضعیف (0.85 در ۲۰ روز) | واگرایی منفی | نقدشوندگی کمتر از ۱۰ میلیارد تومان
ونوین,بانک‌اقتصادنوین‌,بانکها و موسسات اعتباری,52.9,خنثی,100,55,0.5,47,3970,20260929,7.6,5,39.8,-10.3,3.4,13.8,84.9,60.4,1,0,false,37.3,3.68,above,-5.5,0.78,3870,4200,-217.41,-403.09,0.75,-201.67,232.88,711,5.58,5.4,3.4,3870,3797,4200,4492,1.33,واگرایی منفی RSI | خروج مستمر پول حقیقی | 85٪ بالای MA200 | سرانه خرید ضعیف (0.75) | واگرایی منفی
سغدیر,توسعه سرمایه و صنعت غدیر,سیمان، آهک و گچ,52.9,خنثی,95,55,27.5,26,23430,20260929,9.1,3.7,37.9,-12.2,0.4,11.8,53.5,57.2,3,0,false,33.4,3.63,above,-12.3,0.82,21325,26720,5.37,-38.81,0.8,-7.65,16.24,2624,8.93,6.69,33.5,22579,21302,26720,28423,1.55,خروج مستمر پول حقیقی | 53٪ بالای MA200 | سرانه خرید ضعیف (0.80) | حد ضرر دور (9.1٪)
شپترو,پتروشیمی آبادان,محصولات شیمیایی,52.9,خنثی,100,50,41.4,10,2894,20260929,1.6,42.4,89.4,39.3,10.3,37.6,101,73.6,11,1,false,64.4,2.95,above,-4.8,1.46,1920,3040,1.01,-4.08,0.96,-9.13,14.29,,,,,2809,2723,3040,3211,0.86,بدون EPS مثبت | سهم صفی: 11 روز از ۲۰ روز در صف (ریسک نقدشوندگی و اجرای حد ضرر) | رشد عمودی (89٪ در ۶۰ روز، 38٪ بالای MA50) | 101٪ بالای MA200 | صف فروش در ۵ روز اخیر
بالبر,کابل‌ البرز,ماشین آلات و دستگاه‌های برقی,52.8,خنثی,90,45,43.3,24,27730,20260929,0.4,5,13.9,-36.2,1,12.6,8.1,58.3,0,0,false,24.6,3.93,above,-34.3,0.67,26640,28605,0.09,2.06,0.89,-2.16,6.79,309,89.74,6.15,1359.2,26640,26095,28605,34550,0.54,P/E بالا (90) | توزیع: ورود حقیقی با سرانه خرید ضعیف (0.83 در ۲۰ روز) | نقدشوندگی کمتر از ۱۰ میلیارد تومان
زفکا,کشت و دامداری فکا,زراعت و خدمات وابسته,52.8,خنثی,88,55,37.4,24,8630,20260929,7.5,10.1,23.2,-26.9,3.8,9.8,55.6,60,2,0,false,15.7,3.66,above,-6.3,0.82,8470,9210,-3.47,27.21,1.24,-14.09,26.63,910,9.48,8.07,17.5,8470,8312,9210,9842,1.82,توزیع: ورود حقیقی با سرانه خرید ضعیف (0.83 در ۲۰ روز) | 56٪ بالای MA200
وسینا,بانک سینا,بانکها و موسسات اعتباری,52.8,خنثی,100,55,0,47,3370,20260929,5,1.2,33.1,-17,0.1,9.5,46.2,54.1,1,0,false,27.7,3.4,above,-7.4,0.65,3290,3470,-36.07,-173.77,0.75,-26.85,55.06,584,5.77,5.4,6.9,3290,3233,3470,3640,0.73,واگرایی منفی RSI | خروج مستمر پول حقیقی | 151٪ بالای کف ۵۲ هفته | سرانه خرید ضعیف (0.75) | واگرایی منفی
رتاپ,تجارت الکترونیک  پارسیان,رایانه و فعالیت‌های وابسته به آن,52.8,خنثی,90,50,1,62,8900,20260929,-7.6,1.9,63,12.9,-1.2,5,99.4,49.6,4,1,false,43.8,3.36,above,-9,0.94,8250,9120,-37,-133.53,0.41,-42.39,19.36,806,11.04,18.19,-39.3,8601,8152,9120,9290,0.29,واگرایی منفی RSI | خروج مستمر پول حقیقی | 99٪ بالای MA200 | سرانه خرید ضعیف (0.41) | واگرایی منفی | حد ضرر دور (8.4٪) | صف فروش در ۵ روز اخیر
وبرق,س.کارکنان صنعت برق زنجان وقزوی,سرمایه گذاریها,52.8,خنثی,90,65,16,35,62180,20260929,-4,3.4,108.8,58.7,-3.1,22.7,82.1,55.2,6,2,false,64.1,3.5,above,-16,1.26,56590,74000,-0.81,0.65,0.69,-5.12,14.54,4946,12.57,,,60003,56738,74000,78353,2.17,واگرایی منفی RSI | سهم صفی: 6 روز از ۲۰ روز در صف (ریسک نقدشوندگی و اجرای حد ضرر) | رشد عمودی (109٪ در ۶۰ روز، 23٪ بالای MA50) | توزیع: ورود حقیقی با سرانه خرید ضعیف (0.87 در ۲۰ روز) | 82٪ بالای MA200 | سرانه خرید ضعیف (0.69) | واگرایی منفی | حد ضرر دور (8.8٪) | صف فروش در ۵ روز اخیر
وبملت,بانک ملت,بانکها و موسسات اعتباری,52.7,خنثی,78,45,1,80,1485,20260929,2.8,-5.1,16.7,-33.4,-1.5,8.7,42.4,52.9,2,0,false,18.1,3.32,above,-8.4,0.76,1445,1611,-734.03,-2639.58,0.62,-1311.81,1205.98,454,3.27,5.4,-39.4,1445,1421,1611,1709,1.95,واگرایی منفی RSI | خروج مستمر پول حقیقی | سرانه خرید ضعیف (0.62) | واگرایی منفی
بکاب,صنایع‌جوشکاب‌یزد,ماشین آلات و دستگاه‌های برقی,52.4,خنثی,90,30,51.5,26,12180,20260929,-6.2,7.9,35.3,-14.8,-4.3,9.8,36.4,48.8,4,1,false,34,3.68,above,-17.8,1.21,11737,12740,1.34,11.7,0.69,-17.7,7.85,1077,11.31,6.15,83.9,11737,11512,12740,13050,0.84,سرانه خرید ضعیف (0.69) | نقدشوندگی کمتر از ۱۰ میلیارد تومان | صف فروش در ۵ روز اخیر
وتوسم,سرمایه‌گذاری‌توسعه‌ملی‌,سرمایه گذاریها,52.4,خنثی,100,50,2.5,47,4530,20260929,0.2,20.3,78.6,28.5,3.4,30.7,86,70,2,0,false,62.1,3.32,above,-4.4,0.26,4402,4740,-4.32,-119.01,0.65,-9.96,19.98,591,7.66,7.13,7.5,4402,4327,4740,5040,1.04,واگرایی منفی RSI | خروج مستمر پول حقیقی | رشد عمودی (79٪ در ۶۰ روز، 31٪ بالای MA50) | 86٪ بالای MA200 | سرانه خرید ضعیف (0.65) | واگرایی منفی | شناوری کم (12٪)
گکوثر,هتل پارسیان کوثر اصفهان,هتل و رستوران,52.4,خنثی,100,70,29.5,4,6290,20260929,14.2,59.6,86.6,36.5,25.6,61.8,120,94.6,4,0,true,79.7,2.41,above,-0.3,1.5,4660,,-10.71,4.05,0.86,-12.83,14.02,257,24.47,4.69,421.8,6139,5987,6744,7047,1.5,اشباع خرید | فاصله زیاد از MA20 | رشد عمودی (87٪ در ۶۰ روز، 62٪ بالای MA50) | 120٪ بالای MA200
سآبیک,سیمان آبیک,سیمان، آهک و گچ,52.2,خنثی,95,55,3.9,47,75150,20260929,7.6,2.6,22.9,-27.2,0.2,5.4,43.6,54.9,1,0,false,22,3.68,above,-9.3,1.07,71480,77390,-3.15,-25.49,0.92,-3.77,14.47,10205,7.36,7.14,3.1,72382,70096,77390,78590,0.44,خروج مستمر پول حقیقی
وگستر,گسترش سرمایه گذاری ایرانیان,سرمایه گذاریها,52.2,خنثی,100,70,22.8,10,11840,20260929,13.6,33,129,78.9,18.2,32,81.1,82,3,0,true,56.4,3.18,above,0,0.6,10870,,-3.62,-23.03,1.05,1.16,12.27,,,8.73,,11463,10898,12970,13724,1.2,اشباع خرید | فاصله زیاد از MA20 | خروج مستمر پول حقیقی | بدون EPS مثبت | رشد عمودی (129٪ در ۶۰ روز، 32٪ بالای MA50) | 81٪ بالای MA200 | حد ضرر دور (8.0٪)
فاذر,صنایع‌ آذرآب‌,ساخت محصولات فلزی,52.1,خنثی,95,75,30.5,4,1644,20260929,6.5,9.8,86.8,36.7,3.9,16,59.7,60.4,6,0,false,31.3,3.54,above,-8.5,1.7,1456,1796,-33.81,-18.87,2.67,-44.54,37.21,60,27.4,7.54,263.4,1586,1528,1796,1912,1.31,سهم صفی: 6 روز از ۲۰ روز در صف (ریسک نقدشوندگی و اجرای حد ضرر) | 60٪ بالای MA200 | حد ضرر دور (7.1٪)
قنیشا,قند  نیشابور,قند و شکر,52,خنثی,100,75,24.1,4,3540,20260929,6.9,15.4,54.9,4.8,6,21,49.9,66.6,0,0,false,53.9,3.19,above,-1.9,0.72,3260,3610,-0.65,-7.82,1.12,1.55,4.88,119,29.75,9.8,203.5,3427,3258,3610,3836,0.25,واگرایی منفی RSI | خروج مستمر پول حقیقی | واگرایی منفی | حد ضرر دور (8.0٪) | نقدشوندگی کمتر از ۱۰ میلیارد تومان
وملی,گروه‌ صنعتی‌ ملی‌ (هلدینگ‌,دباغی، پرداخت چرم و ساخت انواع پاپوش,52,خنثی,100,45,17,35,279300,20260929,-2.1,10.7,27.7,-22.4,0.5,14.5,34.9,56.3,4,0,false,37.3,3.51,above,-12.6,0.99,267300,319700,-12.4,7.63,0.74,-24.09,15.21,3197,87.36,87.3,0.1,269506,262403,319700,339288,2.39,P/E بالا (87) | توزیع: ورود حقیقی با سرانه خرید ضعیف (0.81 در ۲۰ روز) | سرانه خرید ضعیف (0.74)
کماسه,تامین‌ ماسه‌ ریخته‌گری‌,استخراج سایر معادن,51.9,خنثی,100,65,10.7,25,5570,20260929,-0.5,24.6,114.4,64.3,3.9,36.7,97.2,68.1,9,1,false,68.4,3.29,above,-8.5,1.38,3952,6090,-45.11,-10.3,1.15,-43.3,38.72,209,26.65,26.17,1.8,5387,5204,6090,6456,1.42,سهم صفی: 9 روز از ۲۰ روز در صف (ریسک نقدشوندگی و اجرای حد ضرر) | رشد عمودی (114٪ در ۶۰ روز، 37٪ بالای MA50) | 97٪ بالای MA200 | صف فروش در ۵ روز اخیر
تادیکو,س.کشت ودام صنایع لبنی تامین,زراعت و خدمات وابسته,51.9,خنثی,73,80,37,19,7680,20260929,1.7,5.4,9,-41.1,3,6.5,,57.7,0,0,true,16,3.36,,-11,0.87,7521,7990,-24.98,-35.4,3.5,52.16,26.21,546,14.07,6.33,122.2,7521,7391,7990,8624,1.07,خروج مستمر پول حقیقی | شناوری کم (6٪)
کرومیت,توسعه معادن کرومیت کاوندگان,استخراج کانه های فلزی,51.9,خنثی,100,65,31.5,4,5500,20260929,-1.6,29.4,51.3,1.2,4.3,24.2,35.9,65.4,9,0,false,49.6,3.39,above,-7.6,0.93,5029,5950,-0.45,40.18,0.98,-3.7,24.56,198,27.78,14.44,92.4,5314,5034,5950,6323,0.97,سهم صفی: 9 روز از ۲۰ روز در صف (ریسک نقدشوندگی و اجرای حد ضرر) | حد ضرر دور (8.5٪)
غبهنوش,بهنوش‌ ایران‌,محصولات غذایی و آشامیدنی به جز قند و شکر,51.8,خنثی,90,80,21.4,14,86730,20260929,4.4,22.1,21.2,-28.9,13.5,8.5,22.4,66.2,2,0,true,21,3.17,above,-15.8,0.86,84490,90023,-18.09,-13.13,1.56,-5.3,16.78,1714,50.6,8.53,493.2,84490,83116,90023,97150,0.91,P/E بالا (51)
ذوب,ذوب آهن اصفهان,فلزات اساسی,51.8,خنثی,100,65,21,14,691,20260929,-1.4,20.2,55.6,5.5,0.3,28,64,61,12,1,false,47.8,2.95,above,-11.7,1.64,478,783,-117.35,-21.91,6.05,-958.4,342.93,12,57.58,13.48,327.2,671,650,783,824,2.26,سهم صفی: 12 روز از ۲۰ روز در صف (ریسک نقدشوندگی و اجرای حد ضرر) | P/E بالا (58) | 64٪ بالای MA200 | صف فروش در ۵ روز اخیر
شهر,گروه مالی شهر,سرمایه گذاریها,51.7,خنثی,100,38,32.4,24,2386,20260929,3.9,16.1,41.7,-8.4,5.2,18.8,41.4,70.2,0,0,false,52.3,3.51,above,-1.7,0.73,2249,2428,-12.34,-25.72,1.5,0.99,4.26,291,8.2,7.13,15,2302,2207,2428,2596,0.23,خروج مستمر پول حقیقی | حد ضرر دور (7.5٪) | نقدشوندگی کمتر از ۱۰ میلیارد تومان | شناوری کم (7٪)
ثمسکن,سرمایه‌گذاری‌ مسکن‌,انبوه سازی، املاک و مستغلات,51.7,خنثی,100,63,27.4,9,3350,20260929,7,9.5,48.2,-1.9,4.1,14.9,46.3,63.3,1,0,false,31.4,3.34,above,-2.6,0.5,3180,3440,-6.61,-98.36,1.24,5.71,28.06,226,14.82,6.61,124.3,3238,3124,3440,3664,0.4,واگرایی منفی RSI | خروج مستمر پول حقیقی | واگرایی منفی
بهیر,س. توسعه تجارت هیرمند,سرمایه گذاریها,51.7,خنثی,100,50,66.7,20,4540,20260929,5.8,14.1,23,-27.1,8.6,19.8,30.2,80.1,6,0,true,58,2.37,above,0,1.15,4210,,1.27,2.27,1.31,-0.86,1.28,223,20.36,,,4432,4325,4863,5078,1.5,نقدشوندگی پایین | واگرایی منفی RSI | اشباع خرید | سهم صفی: 6 روز از ۲۰ روز در صف (ریسک نقدشوندگی و اجرای حد ضرر) | واگرایی منفی | نقدشوندگی کمتر از ۱۰ میلیارد تومان
نوری,پتروشیمی نوری,محصولات شیمیایی,51.6,خنثی,100,63,27,9,49780,20260929,-2.9,40.4,46.2,-3.9,12,35.6,70.6,75.8,6,1,true,57.4,3.1,above,-3.8,1.2,38485,51760,-958.05,564.75,0.44,-1486.85,485.11,3744,13.3,9.63,38.1,48236,46691,51760,54849,0.64,سهم صفی: 6 روز از ۲۰ روز در صف (ریسک نقدشوندگی و اجرای حد ضرر) | رشد عمودی (46٪ در ۶۰ روز، 36٪ بالای MA50) | توزیع: ورود حقیقی با سرانه خرید ضعیف (0.74 در ۲۰ روز) | 71٪ بالای MA200 | سرانه خرید ضعیف (0.44) | شناوری کم (9٪) | صف فروش در ۵ روز اخیر
وثنو,سرمایه گذاری ساختمانی نوین,سرمایه گذاریها,51.5,خنثی,100,75,17,9,7230,20260929,3.1,31.7,141.8,91.7,13.2,37,116.7,75.9,9,1,true,73,3.02,above,-4.7,1.08,6000,,-20.8,9.84,0.42,-42.19,14.1,540,13.39,8.73,53.4,7012,6794,7884,8320,1.5,واگرایی منفی RSI | سهم صفی: 9 روز از ۲۰ روز در صف (ریسک نقدشوندگی و اجرای حد ضرر) | رشد عمودی (142٪ در ۶۰ روز، 37٪ بالای MA50) | توزیع: ورود حقیقی با سرانه خرید ضعیف (0.85 در ۲۰ روز) | 117٪ بالای MA200 | سرانه خرید ضعیف (0.42) | واگرایی منفی | صف فروش در ۵ روز اخیر
کیانا,گروه مالی کیان,سرمایه گذاریها,51.5,خنثی,65,50,62,26,7510,20260929,-0.9,-5.8,62.8,12.6,-7.4,9.7,107.3,47.9,2,0,false,45.9,3.44,above,-18.5,0.81,5630,7710,-1.42,7.03,2.36,8.81,5.78,804,9.34,7.13,31,7252,6994,7710,8280,0.39,واگرایی منفی RSI | 107٪ بالای MA200 | واگرایی منفی | نقدشوندگی کمتر از ۱۰ میلیارد تومان | شناوری کم (9٪)
سفارود,کارخانه فارسیت درود,سایر محصولات کانی غیرفلزی,51.5,خنثی,100,70,60,10,13580,20260929,10.2,42.1,91.3,41.2,19.5,50.4,93.5,97.8,15,0,true,88.3,1.69,above,0,0.43,7507,,0,30.88,4.54,2.03,2.42,,,,,13350,13120,14270,14730,1.5,نقدشوندگی پایین | اشباع خرید | فاصله زیاد از MA20 | بدون EPS مثبت | سهم صفی: 15 روز از ۲۰ روز در صف (ریسک نقدشوندگی و اجرای حد ضرر) | رشد عمودی (91٪ در ۶۰ روز، 50٪ بالای MA50) | 93٪ بالای MA200 | نقدشوندگی کمتر از ۱۰ میلیارد تومان
ولقمان,گروه سرمایه گذاری لقمان,سرمایه گذاریها,51.5,خنثی,100,50,61,25,3960,20260929,8,20.7,36.3,-13.8,9.8,25.4,62.1,92.2,4,0,true,68.2,1.7,above,0,1.1,3760,,0.39,-1.55,4.15,0.83,0.31,243,16.3,,,3892,3791,4163,4298,1.2,نقدشوندگی پایین | اشباع خرید | خروج مستمر پول حقیقی | 62٪ بالای MA200 | نقدشوندگی کمتر از ۱۰ میلیارد تومان
امین,تامین سرمایه امین,فعالیتهای کمکی به نهادهای مالی واسط,51.5,خنثی,100,55,35,47,2826,20260929,4.1,3.2,29.2,-20.9,3.5,12.3,34.2,64.7,0,0,false,31.4,3,above,-2.5,0.79,2625,2898,-3.18,-11.46,6.31,3.41,2.05,469,6.03,5.92,1.8,2741,2614,2898,3068,0.34,نقدشوندگی پایین | واگرایی منفی RSI | خروج مستمر پول حقیقی | واگرایی منفی | حد ضرر دور (7.5٪) | نقدشوندگی کمتر از ۱۰ میلیارد تومان | شناوری کم (10٪)
حآسا,آسیا سیر ارس,حمل ونقل، انبارداری و ارتباطات,51.5,خنثی,90,55,49.9,4,4590,20260929,7.2,2.5,35.4,-14.7,-1.2,9.9,34.9,56.4,2,0,false,27.2,3.63,above,-8.6,0.92,4270,5020,5.13,-1.17,1.13,1.76,5.1,152,30.2,7.68,293.2,4424,4187,5020,5353,1.07,P/E بالا (30) | حد ضرر دور (8.8٪) | نقدشوندگی کمتر از ۱۰ میلیارد تومان
گدنا,تهیه توزیع غذای دنا آفرین فدک,هتل و رستوران,51.4,خنثی,85,30,35.5,44,6780,20260929,1,-2.3,24.4,-25.7,-3.5,7.6,27.7,49.8,3,0,false,31.7,3.42,above,-14.2,1.03,6500,7040,-7.26,-8.89,8.23,33.29,16.08,1145,5.92,4.69,26.3,6548,6384,7040,7190,0.66,واگرایی منفی RSI | واگرایی منفی
ختراک,ریخته‌گری‌ تراکتورسازی‌ ایران‌,خودرو و ساخت قطعات,51.4,خنثی,65,30,51.5,52,1608,20260929,-0.1,-2.8,12.5,-37.6,-3.2,1.4,4.5,46.8,2,0,false,16.2,3.79,above,-17,0.91,1570,1679,2.37,11.8,0.62,-10.52,7.54,206,7.81,,,1570,1539,1679,1718,1.03,واگرایی منفی RSI | توزیع: ورود حقیقی با سرانه خرید ضعیف (0.78 در ۲۰ روز) | سرانه خرید ضعیف (0.62) | واگرایی منفی | نقدشوندگی کمتر از ۱۰ میلیارد تومان
کدما,معدنی‌ دماوند,استخراج کانه های فلزی,51.3,خنثی,100,55,11,30,89690,20260929,2.9,2.9,14.9,-35.2,2,10.2,54.2,55.8,4,0,false,25.7,3.39,above,-9.5,1.21,83300,91475,-8.98,-13.19,0.78,-22.65,15.99,6579,13.63,13.76,-0.9,86648,82084,91475,99130,0.23,واگرایی منفی RSI | 54٪ بالای MA200 | سرانه خرید ضعیف (0.78) | واگرایی منفی | حد ضرر دور (8.5٪)
غکورش,صنعت غذایی کورش,محصولات غذایی و آشامیدنی به جز قند و شکر,51.2,خنثی,100,60,12.8,24,28230,20260929,14.5,22.7,74.8,24.7,10.3,27.7,163.5,73.2,5,0,false,46.9,3.37,above,-0.4,0.75,27890,,-7.81,-156.05,1.25,-86.35,93.21,2993,9.43,8.53,10.6,27890,27414,31088,32994,3.5,واگرایی منفی RSI | خروج مستمر پول حقیقی | 164٪ بالای MA200 | واگرایی منفی | شناوری کم (14٪)
شپنا,پالایش نفت اصفهان,فراورده های نفتی، کک و سوخت هسته ای,51.1,خنثی,90,75,2.5,34,13330,20260929,7.5,3.3,53.8,3.6,-0.1,11.2,96.1,57.1,1,0,false,31,3.53,above,-9.1,0.78,12340,14670,-4.3,-61.81,0.86,-430.81,945.05,1816,7.34,6.26,17.3,12859,12152,14670,15612,1.14,96٪ بالای MA200 | حد ضرر دور (8.8٪)
خمحرکه,نیرو محرکه‌,خودرو و ساخت قطعات,51.1,خنثی,65,45,60.5,30,6020,20260929,3.3,-0.3,20.5,-29.6,-1.5,10.6,38.4,53.1,2,0,false,30.6,3.75,above,-10.7,0.84,5700,6260,0.66,0.42,2.75,-1.34,13.12,130,46.31,,,5794,5587,6260,6380,0.55,واگرایی منفی RSI | P/E بالا (46) | واگرایی منفی | حد ضرر دور (7.2٪)
رکیش,کارت اعتباری ایران کیش,رایانه و فعالیت‌های وابسته به آن,51,خنثی,85,38,31.8,40,2529,20260929,3.6,-6.8,45.3,-4.8,-4.1,5.5,40.8,49.8,2,0,false,31.9,4.05,above,-13,0.78,2397,2781,1.64,-1.45,1.01,-1.13,4.22,141,17.94,18.19,-1.4,2427,2346,2781,2906,1.38,واگرایی منفی RSI | واگرایی منفی | حد ضرر دور (7.2٪) | نقدشوندگی کمتر از ۱۰ میلیارد تومان
شبندر,پالایش نفت بندرعباس,فراورده های نفتی، کک و سوخت هسته ای,51,خنثی,100,45,1,47,15210,20260929,3.3,13.8,37.6,-12.5,4.4,19.3,99.3,64.2,2,0,false,46.6,3.61,above,-6.7,0.85,13760,16310,-370.21,-984.3,0.64,-662.73,522.83,2555,5.95,6.26,-4.9,14660,13835,16310,17410,0.8,خروج مستمر پول حقیقی | 99٪ بالای MA200 | سرانه خرید ضعیف (0.64) | حد ضرر دور (9.0٪)
شبریز,پالایش نفت تبریز,فراورده های نفتی، کک و سوخت هسته ای,51,خنثی,90,45,3,57,55710,20260929,-1.5,8.6,37.8,-12.3,-2.9,13.7,78.6,54.2,1,0,false,44.1,3.69,above,-14.4,0.78,49020,65100,-5.08,-230.79,0.65,-151.35,155.55,9661,5.77,6.26,-7.9,53655,51599,65100,69211,2.28,خروج مستمر پول حقیقی | 79٪ بالای MA200 | سرانه خرید ضعیف (0.65) | حد ضرر دور (7.4٪)
معیار,سرمایه گذاری معیار صنعت پارس,سرمایه گذاریها,51,خنثی,100,73,45.5,20,2958,20260929,15.4,15.4,48.7,-1.4,13.8,24.1,42,76.2,2,0,true,35.2,3.17,above,-6.9,1.52,2886,3176,0,-1.2,1.76,3.58,2.4,80,36.98,,,2886,2840,3176,3364,1.84,نقدشوندگی پایین | P/E بالا (37) | نقدشوندگی کمتر از ۱۰ میلیارد تومان
خپارس,پارس خودرو,خودرو و ساخت قطعات,50.9,خنثی,100,65,21.7,10,2056,20260929,-5.3,31.6,90.5,40.4,6.5,38.3,108.1,69.9,9,2,false,61.5,3.31,above,-9.3,1.04,1216,2266,-28.87,-38.82,0.97,21.43,87.09,,,,,1988,1920,2266,2402,1.54,بدون EPS مثبت | سهم صفی: 9 روز از ۲۰ روز در صف (ریسک نقدشوندگی و اجرای حد ضرر) | رشد عمودی (91٪ در ۶۰ روز، 38٪ بالای MA50) | 108٪ بالای MA200 | صف فروش در ۵ روز اخیر
کورز,ورزیران‌,سایر محصولات کانی غیرفلزی,50.9,خنثی,100,48,65.2,20,7620,20260929,8.1,40.9,44.2,-5.9,14,34,59.3,85.2,11,0,true,42.8,2.9,above,-3.5,2.21,7100,,4.64,4.64,0.99,-0.02,1.54,133,57.29,,,7399,7068,8282,8723,1.2,نقدشوندگی پایین | اشباع خرید | سهم صفی: 11 روز از ۲۰ روز در صف (ریسک نقدشوندگی و اجرای حد ضرر) | رشد عمودی (44٪ در ۶۰ روز، 34٪ بالای MA50) | P/E بالا (57) | 59٪ بالای MA200 | حد ضرر دور (7.2٪) | نقدشوندگی کمتر از ۱۰ میلیارد تومان
تکاردان,تامین سرمایه کاردان,فعالیتهای کمکی به نهادهای مالی واسط,50.9,خنثی,80,55,35.5,68,2691,20260929,0.3,2,22.5,-27.7,0.2,9.7,54.4,60,0,0,false,24.5,3.34,above,-4.5,0.6,2609,2769,-1.55,-5.46,3.49,0.5,1.36,632,4.26,5.92,-28.1,2609,2564,2769,2818,0.61,نقدشوندگی پایین | خروج مستمر پول حقیقی | 54٪ بالای MA200 | نقدشوندگی کمتر از ۱۰ میلیارد تومان | شناوری کم (5٪)
ثقزوی,شرکت عمران و سازندگی قزوین,انبوه سازی، املاک و مستغلات,50.9,خنثی,100,65,41.5,30,2773,20260929,-9.5,31.3,98,47.9,3.3,31,48.6,63,9,4,false,61,3.31,above,-12.6,0.62,2372,3172,-0.02,8.06,0.8,1.82,2.32,35,79.23,,,2681,2589,3172,3356,2.17,نقدشوندگی پایین | سهم صفی: 9 روز از ۲۰ روز در صف (ریسک نقدشوندگی و اجرای حد ضرر) | رشد عمودی (98٪ در ۶۰ روز، 31٪ بالای MA50) | P/E بالا (79) | سرانه خرید ضعیف (0.80) | نقدشوندگی کمتر از ۱۰ میلیارد تومان | صف فروش در ۵ روز اخیر
لپیام,گسترش صنایع پیام,ساخت دستگاه‌ها و وسایل ارتباطی,50.9,خنثی,100,50,23.4,20,122900,20260929,-0.6,41.4,149.8,99.7,10.3,51.9,121.6,78.4,9,0,false,77.8,3.2,above,-5.5,0.96,67838,130000,-12.46,-47.35,1.14,2.92,9.96,123,999.19,,,118970,115040,130000,137860,0.9,اشباع خرید | خروج مستمر پول حقیقی | سهم صفی: 9 روز از ۲۰ روز در صف (ریسک نقدشوندگی و اجرای حد ضرر) | رشد عمودی (150٪ در ۶۰ روز، 52٪ بالای MA50) | P/E بالا (999) | 122٪ بالای MA200 | نقدشوندگی کمتر از ۱۰ میلیارد تومان
سلیم,سرمایه گذاری سلیم,سرمایه گذاریها,50.8,خنثی,95,55,8.1,37,1386,20260929,7.4,1.8,25.2,-24.9,1.6,7.2,25.8,56.5,0,0,false,28.7,3.55,above,-7,1.05,1309,1491,-10.48,-26.02,1.1,-1.24,10.55,146,9.49,8.73,8.7,1337,1284,1491,1578,1.03,واگرایی منفی RSI | خروج مستمر پول حقیقی | واگرایی منفی | حد ضرر دور (7.3٪)
بانیان,نیان باتری خاوران,ماشین آلات و دستگاه‌های برقی,50.8,خنثی,95,45,37,16,18020,20260929,2.3,-0.8,28,-22.2,2.2,11,,57.4,1,0,false,29.8,3.35,above,-8.8,0.96,17310,18600,-4.41,-17.57,4.9,38.07,14.18,1652,10.91,5.95,83.3,17417,17008,18600,19303,0.57,خروج مستمر پول حقیقی
فاهواز,نورد و لوله اهواز,فلزات اساسی,50.8,خنثی,75,45,35,42,7220,20260929,0.5,-0.3,11.7,-38.4,0.2,3.5,11.1,66.2,4,1,false,30.5,1.42,above,-5.8,0.85,7082,7400,-0.64,-1.07,2.05,2.78,3.28,1119,6.45,,,7117,7031,7400,7666,0.95,نقدشوندگی کمتر از ۱۰ میلیارد تومان | صف فروش در ۵ روز اخیر
تپکو,تولیدتجهیزات‌سنگین‌هپکو,ماشین آلات و تجهیزات,50.5,خنثی,90,45,48.1,10,556,20260929,0.5,13.7,36.9,-13.2,-1.6,19.2,35,58,9,0,false,43.2,3.29,above,-13.4,1.11,510,642,3.16,18.61,1.05,-3.96,34.28,,,,,538,510,642,679,1.88,بدون EPS مثبت | سهم صفی: 9 روز از ۲۰ روز در صف (ریسک نقدشوندگی و اجرای حد ضرر) | حد ضرر دور (8.2٪)
خچرخش,چرخشگر,خودرو و ساخت قطعات,50.4,خنثی,100,48,51.1,32,23320,20260929,3.5,12.4,43.3,-6.8,5.7,18,44.7,71,1,0,false,45.4,3.21,above,-2,0.59,21362,23791,-0.15,0.38,1.58,1.46,1.73,2337,9.98,,,22572,21449,23791,25288,0.25,نقدشوندگی پایین | حد ضرر دور (8.0٪) | نقدشوندگی کمتر از ۱۰ میلیارد تومان
ثتران,سرمایه گذاری مسکن تهران,انبوه سازی، املاک و مستغلات,50.2,خنثی,95,65,25,10,8360,20260929,1.3,-1.3,64.9,14.8,2.5,16.1,54.5,62.4,0,0,false,43.2,3.65,above,-4.1,0.65,8130,8485,-1.96,2.12,1.14,-0.64,8.24,,,23.59,,8130,7977,8485,8720,0.33,واگرایی منفی RSI | بدون EPS مثبت | 54٪ بالای MA200 | واگرایی منفی | نقدشوندگی کمتر از ۱۰ میلیارد تومان
نیروترانسفو,کارخانجات تولیدی نیروترانسفو,ماشین آلات و دستگاه‌های برقی,50.2,خنثی,90,38,36.5,26,25020,20260929,-4.2,5.9,47.8,-2.3,-4.4,3.6,,46.7,8,0,false,32.1,3.62,above,-17,1.18,22850,27510,-23.05,-26.13,3.43,73.25,36.43,2731,9.16,5.95,54,24114,22756,27510,30140,1.1,واگرایی منفی RSI | سهم صفی: 8 روز از ۲۰ روز در صف (ریسک نقدشوندگی و اجرای حد ضرر) | 210٪ بالای کف ۵۲ هفته | واگرایی منفی | حد ضرر دور (9.1٪)
قمرو,قند مرودشت‌,قند و شکر,50.1,خنثی,65,30,16.5,82,9820,20260929,-5.3,-0.5,17.7,-32.4,-4.3,1.2,53.3,44.8,1,0,false,14.3,3.78,above,-12.9,0.97,9510,10180,-2.59,6.36,0.41,-23.27,8.21,1450,6.77,9.8,-30.9,9510,9325,10180,10510,0.73,بدون روند (ADX پایین) | توزیع: ورود حقیقی با سرانه خرید ضعیف (0.59 در ۲۰ روز) | 53٪ بالای MA200 | سرانه خرید ضعیف (0.41) | نقدشوندگی کمتر از ۱۰ میلیارد تومان
غمایه,شرکت خمیرمایه رضوی,محصولات غذایی و آشامیدنی به جز قند و شکر,50.1,خنثی,100,63,6,24,24180,20260929,5.6,11.1,42.6,-7.5,0.8,12.7,84.5,56.2,1,0,false,32.7,3.57,above,-9,0.83,22900,26570,-3.73,-14.49,0.98,-6.01,8.99,2821,8.57,7.05,21.6,23317,22468,26570,28297,1.4,خروج مستمر پول حقیقی | 85٪ بالای MA200 | حد ضرر دور (7.1٪) | نقدشوندگی کمتر از ۱۰ میلیارد تومان
دروز,داروسازی‌ روزدارو,مواد و محصولات دارویی,49.9,خنثی,100,35,47.5,4,29630,20260929,6.3,46.1,228.4,178.2,15,50.7,127.7,82.2,9,0,false,57.6,3.01,above,-0.4,1.02,26685,,2.76,-3.44,2.91,-2.37,4.87,164,180.67,12.91,1299.5,28738,27846,32306,34090,1.5,اشباع خرید | سهم صفی: 9 روز از ۲۰ روز در صف (ریسک نقدشوندگی و اجرای حد ضرر) | رشد عمودی (228٪ در ۶۰ روز، 51٪ بالای MA50) | P/E بالا (181) | 128٪ بالای MA200 | نقدشوندگی کمتر از ۱۰ میلیارد تومان
سیلام,سیمان‌ ایلام‌,سیمان، آهک و گچ,49.8,خنثی,95,63,25.8,9,23270,20260929,7.3,5.2,42.3,-7.8,5.4,16.8,44.8,63.4,1,0,false,22.8,3.57,above,-0.5,0.62,20810,,-3.17,-13.02,1.23,1.47,5.73,1179,19.74,7.14,176.4,22438,21191,25765,27428,1.2,خروج مستمر پول حقیقی | حد ضرر دور (8.9٪) | نقدشوندگی کمتر از ۱۰ میلیارد تومان
پدرخش,درخشان‌ تهران‌,لاستیک و پلاستیک,49.8,خنثی,90,30,41,26,6130,20260929,-4.8,11.5,14.8,-35.3,-4.5,9.8,50.9,49.7,7,1,false,33.7,3.91,above,-17.1,1.37,5729,7390,6.29,6.29,0.61,-19.23,9.69,534,11.48,8.21,39.8,5890,5610,7390,7870,2.42,سهم صفی: 7 روز از ۲۰ روز در صف (ریسک نقدشوندگی و اجرای حد ضرر) | توزیع: ورود حقیقی با سرانه خرید ضعیف (0.88 در ۲۰ روز) | 51٪ بالای MA200 | سرانه خرید ضعیف (0.61) | حد ضرر دور (8.5٪) | نقدشوندگی کمتر از ۱۰ میلیارد تومان | صف فروش در ۵ روز اخیر
وآذر,سرمایه‌گذاری‌توسعه‌آذربایجان‌,انبوه سازی، املاک و مستغلات,49.5,خنثی,100,40,36,10,7640,20260929,8.8,7.2,33.6,-16.6,6.9,23.7,63.2,71.5,2,0,false,26,3.75,above,-0.3,0.8,6570,,-2.17,-15.96,10.89,4.78,12.05,,,6.61,,7353,7066,8501,9074,1.5,خروج مستمر پول حقیقی | بدون EPS مثبت | 63٪ بالای MA200 | حد ضرر دور (7.5٪)
غشوکو,شوکو پارس,محصولات غذایی و آشامیدنی به جز قند و شکر,49.5,خنثی,95,90,0,32,12620,20260928,2.1,-1.9,65,14.8,5,7,97.6,60.3,2,0,true,24.8,3.65,above,-6,0.73,12300,12780,-4,-20.42,0.79,-4.93,6.32,1478,8.54,,,12300,12070,12780,13345,0.29,خروج مستمر پول حقیقی | 98٪ بالای MA200 | سرانه خرید ضعیف (0.79) | نقدشوندگی کمتر از ۱۰ میلیارد تومان | آخرین معامله 20260928 (متوقف یا کم‌معامله)
حگهر,حمل و نقل گهرترابر سیرجان,حمل ونقل، انبارداری و ارتباطات,49.4,خنثی,46,30,51.5,67,2895,20260929,-0.5,-3.2,17.2,-32.9,-2.9,-0.9,8.8,46.3,5,0,false,20.2,3.44,inside,-29.6,0.39,2850,3120,0.58,25.7,0.73,-3.11,7.48,397,7.29,7.68,-5,2850,2800,3120,3180,2.37,واگرایی منفی RSI | توزیع: ورود حقیقی با سرانه خرید ضعیف (0.86 در ۲۰ روز) | سرانه خرید ضعیف (0.73) | واگرایی منفی | نقدشوندگی کمتر از ۱۰ میلیارد تومان
ومعلم,بیمه معلم,بیمه وصندوق بازنشستگی به جزتامین اجتماعی,49.4,خنثی,90,55,75.6,10,3270,20260929,-1.2,5.8,24.5,-25.6,-1.1,9.1,15.6,53,3,1,false,24.2,3.73,above,-9.4,1.24,3218,3339,4.94,3.47,1.18,2.79,2.74,,,18.13,,3218,3157,3339,3531,0.61,نقدشوندگی پایین | بدون EPS مثبت | نقدشوندگی کمتر از ۱۰ میلیارد تومان | صف فروش در ۵ روز اخیر
ولانا,شرکت لیزینگ آریا دانا,سایر واسطه گریهای مالی,49.3,خنثی,100,65,15,10,5040,20260929,-6.8,13,53.7,3.6,3.4,17.5,25.3,58.7,6,1,false,49.5,3.54,above,-11.7,1.18,4937,5710,-0.49,3.64,0.67,-6.05,4.28,,,,,4937,4848,5710,6067,3.49,بدون EPS مثبت | سهم صفی: 6 روز از ۲۰ روز در صف (ریسک نقدشوندگی و اجرای حد ضرر) | سرانه خرید ضعیف (0.67) | نقدشوندگی کمتر از ۱۰ میلیارد تومان | صف فروش در ۵ روز اخیر
آبادا,تولید نیروی برق آبادان,عرضه برق، گاز، بخاروآب گرم,49.3,خنثی,100,45,37,4,11420,20260929,-0.3,-2.1,33.9,-16.2,0.8,9.9,40.3,56,0,0,false,22.8,3.51,above,-5.1,0.63,11194,11870,-5.45,-9.57,5.16,5.49,4.1,272,41.99,7.09,492.2,11194,10993,11870,12671,1.05,خروج مستمر پول حقیقی | P/E بالا (42) | نقدشوندگی کمتر از ۱۰ میلیارد تومان | شناوری کم (10٪)
بزاگرس,نیروگاه زاگرس کوثر,عرضه برق، گاز، بخاروآب گرم,49.2,خنثی,85,30,51.8,19,7730,20260929,-0.8,-4.8,39.5,-10.6,-7,10,45.3,48.4,1,0,false,32.8,3.98,above,-18,0.47,7420,9430,0.47,11.5,0.83,-3.02,8.3,466,16.59,10.04,65.2,7422,7266,9430,10046,3.66,توزیع: ورود حقیقی با سرانه خرید ضعیف (0.80 در ۲۰ روز) | نقدشوندگی کمتر از ۱۰ میلیارد تومان
سدور,سیمان‌ دورود,سیمان، آهک و گچ,49.1,خنثی,90,65,26.5,10,33030,20260929,-3.2,19.6,81.3,31.2,-0.5,27,83.8,59.7,7,1,false,58.7,3.63,above,-11.3,1.23,32130,37220,-1.52,34.43,0.54,-45.43,15.59,,,7.14,,32130,31531,37220,39617,2.79,بدون EPS مثبت | سهم صفی: 7 روز از ۲۰ روز در صف (ریسک نقدشوندگی و اجرای حد ضرر) | توزیع: ورود حقیقی با سرانه خرید ضعیف (0.69 در ۲۰ روز) | 84٪ بالای MA200 | سرانه خرید ضعیف (0.54) | صف فروش در ۵ روز اخیر
کهرام,تولیدی گرانیت بهسرام,کاشی و سرامیک,49.1,خنثی,100,70,50.5,10,36710,20260929,7.8,24.2,53.4,3.3,11.8,28.3,57.7,89.2,9,0,true,62.1,2.19,above,-1,0.61,32582,,0,0.05,3.13,1.35,0.64,,,,,35905,35101,39124,40733,1.5,نقدشوندگی پایین | اشباع خرید | بدون EPS مثبت | سهم صفی: 9 روز از ۲۰ روز در صف (ریسک نقدشوندگی و اجرای حد ضرر) | 58٪ بالای MA200 | نقدشوندگی کمتر از ۱۰ میلیارد تومان
غناب,روغن‌ نباتی‌ ناب,محصولات غذایی و آشامیدنی به جز قند و شکر,49,خنثی,100,63,5.4,20,1196,20260929,3.6,1,40.2,-9.9,2.9,14.9,42.7,58.5,2,0,false,21.6,3.62,above,-4.6,0.78,1098,1253,-1.85,-8.87,0.94,-3.93,7.08,41,29.17,,,1153,1088,1253,1339,0.52,واگرایی منفی RSI | خروج مستمر پول حقیقی | واگرایی منفی | حد ضرر دور (9.1٪) | نقدشوندگی کمتر از ۱۰ میلیارد تومان
دکوثر,داروسازی‌ کوثر,مواد و محصولات دارویی,48.8,خنثی,95,75,17,4,21180,20260929,8.6,1.7,133.5,83.4,4.7,19.4,89.8,62.4,1,0,false,37.1,3.49,above,-5.9,0.69,20420,21600,-1.33,3.05,0.77,-34.75,53.57,1031,20.54,12.91,59.1,20440,20050,21600,22350,0.37,رشد عمودی (134٪ در ۶۰ روز، 19٪ بالای MA50) | توزیع: ورود حقیقی با سرانه خرید ضعیف (0.81 در ۲۰ روز) | 90٪ بالای MA200 | سرانه خرید ضعیف (0.77)
غگرجی,بیسکویت‌  گرجی‌,محصولات غذایی و آشامیدنی به جز قند و شکر,48.8,خنثی,65,50,63,14,3820,20260929,4.1,-13.4,58,7.9,-4.2,0.2,76.2,47.1,2,0,false,37.3,3.69,above,-18.9,0.66,3510,4080,0.97,1.29,1.7,-0.79,4.03,45,84.89,8.53,895.2,3679,3468,4080,4710,0.74,P/E بالا (85) | توزیع: ورود حقیقی با سرانه خرید ضعیف (0.86 در ۲۰ روز) | 76٪ بالای MA200 | حد ضرر دور (9.2٪) | نقدشوندگی کمتر از ۱۰ میلیارد تومان
لسرما,سرما آفرین‌,ماشین آلات و تجهیزات,48.8,خنثی,90,65,16,19,6650,20260929,-0.8,11.2,57.4,7.3,-1.3,11.9,41.6,53.8,6,1,false,43,3.49,above,-12.9,1.54,6574,6992,-2.06,2,0.79,-5.88,6.74,411,16.18,5.15,214.2,6574,6458,6992,7633,1.79,سهم صفی: 6 روز از ۲۰ روز در صف (ریسک نقدشوندگی و اجرای حد ضرر) | سرانه خرید ضعیف (0.79) | نقدشوندگی کمتر از ۱۰ میلیارد تومان | صف فروش در ۵ روز اخیر
حریل,ریل پردازسیر,حمل ونقل، انبارداری و ارتباطات,48.7,خنثی,90,30,28.7,34,2851,20260929,-2.4,2.4,28.8,-21.3,-4.8,10.9,32,49.3,4,0,false,39.8,3.34,above,-16.4,0.88,2739,3410,-0.98,6.8,0.93,-1.47,4.12,303,9.41,7.68,22.5,2756,2691,3410,3600,3.5,نقدشوندگی کمتر از ۱۰ میلیارد تومان
آریان,سرمایه گذاری پارس آریان,سرمایه گذاریها,48.6,خنثی,100,75,5.6,9,7870,20260929,3.3,24.3,52.2,2.1,9.2,29.2,69.7,79.4,1,0,true,70.1,3.23,above,-2.6,0.48,6650,,-18.87,-188.17,0.98,-22.24,32.47,492,16,8.73,83.2,7616,7362,8633,9141,1.5,اشباع خرید | خروج مستمر پول حقیقی | 70٪ بالای MA200
خزامیا,زامیاد,خودرو و ساخت قطعات,48.6,خنثی,100,65,2.5,20,1739,20260929,0.6,3.7,54,3.9,2.9,19.9,46,62,1,1,false,44.7,3.38,above,-2.3,0.88,1630,1767,-31.16,-51.19,0.71,-168.66,162.6,85,20.46,,,1680,1601,1767,1884,0.2,سرانه خرید ضعیف (0.71) | حد ضرر دور (8.0٪) | صف فروش در ۵ روز اخیر
ومهان,گروه توسعه مالی مهرآیندگان,سرمایه گذاریها,48.4,خنثی,90,55,15.5,26,5660,20260929,-0.2,2.5,35.4,-14.8,-1.3,13.3,51.5,56.3,6,0,false,32.4,3.26,above,-10.7,0.44,5500,5913,-80.88,1.58,0.44,-132.53,114.53,532,10.64,7.13,49.2,5500,5408,5913,6340,1,واگرایی منفی RSI | سهم صفی: 6 روز از ۲۰ روز در صف (ریسک نقدشوندگی و اجرای حد ضرر) | توزیع: ورود حقیقی با سرانه خرید ضعیف (0.60 در ۲۰ روز) | 51٪ بالای MA200 | سرانه خرید ضعیف (0.44) | واگرایی منفی | شناوری کم (10٪)
کترام,تولیدی‌ کاشی‌ تکسرام‌,کاشی و سرامیک,48.3,خنثی,85,45,41.3,14,3430,20260929,2.4,-3.1,23.4,-26.7,-2.9,6.7,43.6,51.6,0,0,false,30.4,4.21,above,-11.8,0.91,3365,3650,0.01,0.14,0.81,-2.91,5.61,18,190.56,7.65,2390.9,3365,3293,3650,3890,1.6,واگرایی منفی RSI | P/E بالا (191) | واگرایی منفی | نقدشوندگی کمتر از ۱۰ میلیارد تومان
خمهر,مهرکام‌پارس‌,خودرو و ساخت قطعات,48.3,خنثی,100,65,1,20,3730,20260929,0.5,19.9,55.4,5.3,3.2,23.7,64.8,65.2,2,1,false,58.3,3.64,above,-8.6,0.86,2596,4080,-7.5,-20.16,0.68,-19.72,19.43,105,35.52,,,3594,3458,4080,4352,1.29,خروج مستمر پول حقیقی | P/E بالا (36) | 65٪ بالای MA200 | سرانه خرید ضعیف (0.68) | حد ضرر دور (7.3٪) | صف فروش در ۵ روز اخیر
رتکو,کنترل ‌خوردگی ‌تکین ‌کوی,خدمات فنی و مهندسی,48.3,خنثی,100,60,45,20,23020,20260929,6.2,26.6,84.2,34.1,14.2,33.4,74,83.4,3,0,true,61.8,3.43,above,-1,2.02,19700,,0,0,1.82,5.84,1.67,641,35.91,,,22232,21443,25385,26962,1.5,نقدشوندگی پایین | واگرایی منفی RSI | اشباع خرید | رشد عمودی (84٪ در ۶۰ روز، 33٪ بالای MA50) | P/E بالا (36) | 74٪ بالای MA200 | واگرایی منفی | نقدشوندگی کمتر از ۱۰ میلیارد تومان
غبشهر,صنعتی‌ بهشهر,محصولات غذایی و آشامیدنی به جز قند و شکر,48.1,خنثی,100,60,0.5,24,19380,20260929,9.4,23,259.5,209.4,8.7,41.9,231.2,78.6,7,0,false,76.6,3.09,above,-0.8,0.85,16520,,-41.75,-105.06,0.56,-119.75,69.72,2019,9.6,8.53,12.5,18780,18181,21179,22378,1.5,اشباع خرید | خروج مستمر پول حقیقی | سهم صفی: 7 روز از ۲۰ روز در صف (ریسک نقدشوندگی و اجرای حد ضرر) | رشد عمودی (259٪ در ۶۰ روز، 42٪ بالای MA50) | 231٪ بالای MA200 | سرانه خرید ضعیف (0.56)
ناما,تولیدی مخازن گازطبیعی آسیاناما,خودرو و ساخت قطعات,48.1,خنثی,73,30,36.7,44,4140,20260929,5.1,-7.4,3.8,-46.4,-1.9,0.5,19.4,48.8,3,0,false,17,3.86,above,-13.6,0.67,4010,4520,6.51,-5.61,1.21,-0.12,8.43,583,7.1,5.87,21,4010,3930,4520,4610,1.81,نقدشوندگی کمتر از ۱۰ میلیارد تومان
وتوس,توسعه‌شهری‌توس‌گستر,انبوه سازی، املاک و مستغلات,47.9,خنثی,85,30,61.7,4,7810,20260929,2.8,-5.6,14.5,-35.6,-2.5,1.5,23.2,48.8,0,0,false,23.1,4.05,above,-9.3,0.56,7330,7955,0.49,2.74,1.03,0.23,3.52,381,20.5,6.61,210.1,7494,7172,7955,8320,0.23,واگرایی منفی RSI | توزیع: ورود حقیقی با سرانه خرید ضعیف (0.90 در ۲۰ روز) | واگرایی منفی | حد ضرر دور (8.2٪) | نقدشوندگی کمتر از ۱۰ میلیارد تومان
همراه,شرکت ارتباطات سیار ایران,مخابرات,47.9,خنثی,85,65,0.5,37,9570,20260929,5.3,-2.4,93.3,43.2,-1.5,14.2,85.8,55.3,0,0,false,33.2,3.43,above,-9.4,0.76,9300,10495,-26.6,-188.15,0.73,-26.74,37.33,1086,8.81,8.37,5.3,9300,9136,10495,11151,2.13,واگرایی منفی RSI | خروج مستمر پول حقیقی | 86٪ بالای MA200 | سرانه خرید ضعیف (0.73) | واگرایی منفی | شناوری کم (11٪)
غگل,گلوکوزان‌,محصولات غذایی و آشامیدنی به جز قند و شکر,47.9,خنثی,56,30,66.3,34,6650,20260929,2.9,-3.1,2.4,-47.7,-0.9,0.4,35.4,49.4,2,0,false,18,3.43,inside,-11.1,0.73,6520,6889,0.04,3.48,1.19,2.83,15.51,706,9.42,8.53,10.4,6520,6406,6889,7241,0.98,واگرایی منفی RSI | واگرایی منفی
ختوقا,قطعات‌ اتومبیل‌ ایران‌,خودرو و ساخت قطعات,47.7,خنثی,85,45,23,30,5400,20260929,5.9,-4.8,20.2,-29.9,-1.9,7.9,33,53.5,0,0,false,33.4,3.91,above,-10.9,0.87,4726,5490,-3.04,-12.68,1.06,4.58,14.68,127,42.52,,,5189,4978,5490,5820,0.21,واگرایی منفی RSI | P/E بالا (43) | واگرایی منفی | حد ضرر دور (7.8٪)
شپلی,پلی اکریل ایران,محصولات شیمیایی,47.6,خنثی,90,65,0.5,30,6360,20260929,-8.5,16.5,81,30.9,-3.4,7.9,123.9,51,9,2,false,37.9,3.29,above,-14.1,1.46,6170,7400,-25.05,-16.71,0.67,-51.48,37.61,237,26.84,,,6170,6065,7400,7819,3.53,سهم صفی: 9 روز از ۲۰ روز در صف (ریسک نقدشوندگی و اجرای حد ضرر) | 124٪ بالای MA200 | سرانه خرید ضعیف (0.67) | صف فروش در ۵ روز اخیر
لکما,کارخانجات‌مخابراتی‌ایران‌,ساخت دستگاه‌ها و وسایل ارتباطی,47.5,خنثی,90,50,32.1,10,1413,20260929,7.4,21.7,21.3,-28.8,11.4,25.1,22.7,90.4,6,0,true,44.1,2.42,above,-12.5,0.96,1291,1455,-6.67,-0.02,1.46,3.46,4.33,,,,,1379,1345,1455,1500,0.62,اشباع خرید | بدون EPS مثبت | سهم صفی: 6 روز از ۲۰ روز در صف (ریسک نقدشوندگی و اجرای حد ضرر) | نقدشوندگی کمتر از ۱۰ میلیارد تومان
لازما,کارخانه های صنعتی آزمایش,ماشین آلات و تجهیزات,47.4,خنثی,100,50,9.6,20,199600,20260929,-2.6,33.5,189.7,139.6,8,45.9,139.7,75.2,11,1,false,73.5,3.25,above,-6.9,0.98,84600,214400,-13.76,-48.02,1.18,-6.08,9.18,4652,42.91,,,193108,186615,214400,227385,1.14,خروج مستمر پول حقیقی | سهم صفی: 11 روز از ۲۰ روز در صف (ریسک نقدشوندگی و اجرای حد ضرر) | رشد عمودی (190٪ در ۶۰ روز، 46٪ بالای MA50) | P/E بالا (43) | 140٪ بالای MA200 | نقدشوندگی کمتر از ۱۰ میلیارد تومان | صف فروش در ۵ روز اخیر
بفجر,فجر انرژی خلیج فارس,عرضه برق، گاز، بخاروآب گرم,47.4,خنثی,10,55,53.5,80,10990,20260929,2.7,-3.9,-15.2,-65.3,-0.3,-12.7,-3.7,43.5,1,0,true,28.8,4.01,below,-29.1,0.8,10681,11477,57.24,512.41,0.63,-79.1,79.64,1802,6.1,7.09,-14,10681,10461,11477,12107,0.92,توزیع: ورود حقیقی با سرانه خرید ضعیف (0.65 در ۲۰ روز) | سرانه خرید ضعیف (0.63) | واگرایی مثبت RSI
سشمال,سیمان‌ شمال‌,سیمان، آهک و گچ,47.4,خنثی,100,55,1.5,24,18940,20260929,5.5,13.4,31.2,-19,4.6,16.3,55.6,69.1,0,0,false,25.6,3.2,above,-1.4,0.32,18670,19200,-3.36,-17.32,0.73,-4.49,8.71,2297,8.25,7.14,15.5,18670,18367,19200,20414,0.45,خروج مستمر پول حقیقی | 56٪ بالای MA200 | سرانه خرید ضعیف (0.73) | نقدشوندگی کمتر از ۱۰ میلیارد تومان
نتوس,پشم‌ بافی‌ توس,منسوجات,47,خنثی,100,60,35,25,2042,20260929,7.8,46.4,138,87.9,18.1,52.4,104.4,98.1,17,0,true,87.2,2.53,above,-2.1,0.37,1148,,0,0,4.15,1.7,1.11,156,13.09,,,1990,1938,2197,2301,1.5,نقدشوندگی پایین | اشباع خرید | فاصله زیاد از MA20 | سهم صفی: 17 روز از ۲۰ روز در صف (ریسک نقدشوندگی و اجرای حد ضرر) | رشد عمودی (138٪ در ۶۰ روز، 52٪ بالای MA50) | 104٪ بالای MA200 | نقدشوندگی کمتر از ۱۰ میلیارد تومان
سیمرغ,سیمرغ,زراعت و خدمات وابسته,46.9,خنثی,90,65,1.5,26,5240,20260929,-4.7,1.2,55.4,5.2,-4.5,15.9,92.2,51.5,5,0,false,52.2,3.27,above,-16.4,1.45,4860,6270,-29.26,-79.29,0.37,-82.13,18.49,513,10.21,6.33,61.4,5069,4811,6270,6613,2.4,واگرایی منفی RSI | خروج مستمر پول حقیقی | 92٪ بالای MA200 | سرانه خرید ضعیف (0.37) | واگرایی منفی | حد ضرر دور (8.2٪)
درهآور,دارویی ره آورد تامین,مواد و محصولات دارویی,46.9,خنثی,65,45,26.5,47,15290,20260929,7.1,-3.8,26.6,-23.5,-3.1,5.2,42.2,51.3,1,0,false,26.9,3.78,above,-14.5,0.83,13780,16790,3.64,-42.86,0.77,-9.21,14.93,1808,8.46,8.86,-4.6,14712,13845,16790,17880,1.04,واگرایی منفی RSI | خروج مستمر پول حقیقی | سرانه خرید ضعیف (0.77) | واگرایی منفی | حد ضرر دور (9.5٪)
چدن,تولیدی چدن سازان,ساخت محصولات فلزی,46.8,خنثی,100,50,3.1,24,4570,20260929,6.5,32.5,112.6,62.5,12.1,37.1,136.6,78.2,5,0,false,62.3,3,above,0,0.74,4170,,-54.69,-191.64,0.92,-14.29,38.31,544,8.4,7.54,11.4,4433,4227,4981,5256,1.2,اشباع خرید | خروج مستمر پول حقیقی | رشد عمودی (113٪ در ۶۰ روز، 37٪ بالای MA50) | 137٪ بالای MA200 | حد ضرر دور (7.5٪)
گنگین,گروه اقتصادی مالی نگین,شرکتهای چند رشته ای صنعتی,46.8,خنثی,100,35,47,32,17920,20260929,3.5,20.2,67.8,17.7,7.3,23.3,75.2,86.2,1,1,false,54.6,2.8,above,-0.4,1.48,16570,,-0.69,-5.42,2.18,0.22,1.49,1700,10.54,,,17418,16665,19426,20430,1.2,نقدشوندگی پایین | اشباع خرید | خروج مستمر پول حقیقی | 75٪ بالای MA200 | حد ضرر دور (7.0٪) | نقدشوندگی کمتر از ۱۰ میلیارد تومان | صف فروش در ۵ روز اخیر
وطوبی,سرمایه گذاری اقتصاد شهر طوبی,سرمایه گذاریها,46.7,خنثی,100,60,50,9,6130,20260929,5.9,31.3,52.1,2,12.5,31.3,114.6,89.2,0,0,true,60.6,2.28,above,-1.9,1.61,4570,,1.33,-3.25,1.3,-0.24,1.15,459,13.36,8.73,53,5990,5851,6549,6828,1.5,نقدشوندگی پایین | اشباع خرید | خروج مستمر پول حقیقی | رشد عمودی (52٪ در ۶۰ روز، 31٪ بالای MA50) | 115٪ بالای MA200 | نقدشوندگی کمتر از ۱۰ میلیارد تومان
شاوان,پالایش نفت لاوان,فراورده های نفتی، کک و سوخت هسته ای,46.6,خنثی,100,35,1.5,37,54190,20260929,1,49,115.9,65.7,14,56.3,118,82.1,12,0,false,81.8,3.01,above,-1.1,1.18,31203,,-445.82,-202.8,0.67,-445.05,127.73,6145,8.82,8.12,8.6,52557,50924,59090,62356,1.5,اشباع خرید | خروج مستمر پول حقیقی | سهم صفی: 12 روز از ۲۰ روز در صف (ریسک نقدشوندگی و اجرای حد ضرر) | رشد عمودی (116٪ در ۶۰ روز، 56٪ بالای MA50) | 118٪ بالای MA200 | سرانه خرید ضعیف (0.67)
تجلی,تجلی توسعه معادن و فلزات,استخراج کانه های فلزی,46.4,خنثی,100,45,25.5,4,2030,20260929,0.7,17.6,16.1,-34,3.2,13.7,30.5,59.3,1,0,false,38.5,3.36,above,-7.5,0.69,1986,2194,-20.59,26.33,0.59,-25.03,16.82,37,54.86,14.44,280,1986,1952,2194,2331,2.1,P/E بالا (55) | سرانه خرید ضعیف (0.59)
مبین,مبین انرژی خلیج فارس,عرضه برق، گاز، بخاروآب گرم,46.4,خنثی,25,43,54,67,12100,20260929,-0.9,-8,-10.7,-60.8,-2,-14.6,10.8,38.8,0,0,true,27.2,4.3,below,-30.3,0.61,11750,12270,52.85,1768.09,0.56,-266.07,246.35,1581,7.65,7.09,7.9,11750,11490,12270,12930,0.28,توزیع: ورود حقیقی با سرانه خرید ضعیف (0.62 در ۲۰ روز) | 183٪ بالای کف ۵۲ هفته | سرانه خرید ضعیف (0.56) | واگرایی مثبت RSI
خگستر,گسترش‌سرمایه‌گذاری‌ایران‌خودرو,خودرو و ساخت قطعات,46.1,خنثی,85,30,28.4,30,3890,20260929,0.5,-3.2,19.1,-31.1,-4.9,7.6,30.2,48.8,2,0,false,30.5,3.72,above,-13.4,1.2,3842,4076,-44.83,-11.45,1.27,28.84,192.28,88,44.2,,,3842,3770,4076,4170,1.55,واگرایی منفی RSI | P/E بالا (44) | واگرایی منفی
شستا,سرمایه گذاری تامین اجتماعی,شرکتهای چند رشته ای صنعتی,45.9,خنثی,100,65,2.5,9,3630,20260929,2.5,22.3,63.4,13.3,7.4,25.1,88.5,67.6,5,0,false,50.3,3,above,-4.7,0.85,3370,3810,-133.38,-507.47,0.82,-420.08,565.67,218,16.65,10.88,53,3521,3358,3810,4028,0.66,88٪ بالای MA200 | حد ضرر دور (7.5٪) | شناوری کم (13٪)
سخوز,سیمان خوزستان,سیمان، آهک و گچ,45.9,خنثی,65,55,1.4,60,98200,20260929,7.8,3.6,14.6,-35.5,-0.4,13,31.7,55.2,2,0,false,23.8,3.64,above,-8.9,0.87,91990,102761,-2.06,-48.75,0.82,-7.12,15.92,15662,6.27,7.14,-12.2,94622,90201,102761,107800,0.57,واگرایی منفی RSI | خروج مستمر پول حقیقی | واگرایی منفی | حد ضرر دور (8.1٪)
شارپیلن,پتروشیمی ارغوان گسترایلام,محصولات شیمیایی,45.8,خنثی,95,50,59.3,10,3400,20260929,4.3,6.3,10,-40.1,5,6.1,,99.7,20,0,true,91.8,2.67,above,-8.4,2.54,3033,3711,0.17,0.17,1.15,-3.31,0.43,,,9.63,,3309,3219,3711,3892,1.71,نقدشوندگی پایین | اشباع خرید | بدون EPS مثبت | سهم صفی: 20 روز از ۲۰ روز در صف (ریسک نقدشوندگی و اجرای حد ضرر) | نقدشوندگی کمتر از ۱۰ میلیارد تومان
قثابت,قند ثابت‌ خراسان‌,قند و شکر,45.7,خنثی,61,30,71.8,14,3890,20260929,4.6,-2.7,21.6,-28.6,-0.8,-0.4,52.4,49.4,1,0,false,27.1,3.89,inside,-13,0.86,3690,3990,1.28,8.82,1.37,3.99,10.62,150,25.93,9.8,164.6,3739,3614,3990,4100,0.36,واگرایی منفی RSI | 52٪ بالای MA200 | واگرایی منفی | حد ضرر دور (7.1٪)
تکمبا,کمباین‌ سازی‌ ایران‌,ماشین آلات و تجهیزات,45.7,خنثی,85,45,18.9,26,8420,20260929,-1.8,5.8,26.6,-23.5,-2,9.8,34.8,51.6,5,0,false,39.8,3.79,above,-14.9,0.82,8320,8600,-1.24,1.3,0.93,-3.71,5.37,809,10.41,5.15,102.1,8320,8160,8600,9890,0.69,نقدشوندگی کمتر از ۱۰ میلیارد تومان
خوساز,محورسازان‌ایران‌خودرو,خودرو و ساخت قطعات,45.6,خنثی,85,55,26.5,10,18890,20260929,5.2,0.4,28.8,-21.4,-0.6,10.7,22.1,56.2,0,0,false,24.3,3.72,above,-9.8,0.61,18630,19350,-0.41,-2.95,1.2,2.13,4.86,,,,,18630,18279,19350,20950,0.75,بدون EPS مثبت | نقدشوندگی کمتر از ۱۰ میلیارد تومان
وارس,سرمایه گذاری ارس صبا,سرمایه گذاریها,45.6,خنثی,31,30,61,60,14840,20260929,1.2,-2.8,18.2,-31.9,-3,-7.9,39.9,42.9,4,0,false,26.1,3.9,inside,-23.5,0.47,14353,15040,0.05,-25.42,5.17,1.65,8.53,3770,3.94,,,14353,14064,15040,17150,0.26,خروج مستمر پول حقیقی | 191٪ بالای کف ۵۲ هفته | نقدشوندگی کمتر از ۱۰ میلیارد تومان
ثنام,س ساختمانی ب نام آوران مهندسی,انبوه سازی، املاک و مستغلات,45.5,خنثی,100,70,36,10,2334,20260929,8.6,29.2,80.2,30.1,11.4,28.5,68.4,81.1,2,0,true,57.8,3.61,above,-1.4,1,2242,,-1.05,-9.39,1.88,3.28,2.38,,,,,2250,2200,2587,2755,1.88,نقدشوندگی پایین | اشباع خرید | خروج مستمر پول حقیقی | بدون EPS مثبت | 68٪ بالای MA200 | نقدشوندگی کمتر از ۱۰ میلیارد تومان
بساما,بیمه سامان,بیمه وصندوق بازنشستگی به جزتامین اجتماعی,45.5,خنثی,100,63,1.5,10,15000,20260929,1.1,25.7,47.6,-2.5,9.4,26.2,43.6,72.5,0,0,true,54.1,3.58,above,-6.2,0.78,12900,,-5.37,-14.21,0.75,-6.95,4.82,,,18.13,,14463,13927,16610,17683,1.5,خروج مستمر پول حقیقی | بدون EPS مثبت | سرانه خرید ضعیف (0.75) | حد ضرر دور (7.2٪) | نقدشوندگی کمتر از ۱۰ میلیارد تومان
ولغدر,لیزینگ‌خودروغدیر,سایر واسطه گریهای مالی,45.3,خنثی,90,65,17,4,3570,20260929,-4,6.9,65,14.9,-2,16.4,44.7,55.3,3,1,false,58.6,3.94,above,-9.8,1.47,3480,3900,-0.97,2.98,0.64,-15.86,6.18,80,44.63,9.94,348.9,3480,3410,3900,3960,2.06,P/E بالا (45) | سرانه خرید ضعیف (0.64) | نقدشوندگی کمتر از ۱۰ میلیارد تومان | صف فروش در ۵ روز اخیر
تشتاد,صنایع تولیدی اشتاد ایران‌,خودرو و ساخت قطعات,45.3,خنثی,100,70,35,10,7670,20260929,14.5,49.4,52.6,2.5,22.5,40.7,50.9,88.7,5,0,true,52.2,2.96,above,0,1.01,6400,,0,-0.12,1.62,1.79,0.95,,,,,7443,7217,8350,8803,1.5,نقدشوندگی پایین | اشباع خرید | فاصله زیاد از MA20 | بدون EPS مثبت | رشد عمودی (53٪ در ۶۰ روز، 41٪ بالای MA50) | 51٪ بالای MA200 | نقدشوندگی کمتر از ۱۰ میلیارد تومان
ثعتما,س. ساختمانی اعتماد گستر,انبوه سازی، املاک و مستغلات,45.3,خنثی,100,70,35,10,53320,20260929,13.1,27,122.2,72,19.9,34.2,70,85.7,1,0,true,50.2,3.56,above,-0.2,0.52,44602,,0,-5.15,1.91,2.67,1.97,,,,,51420,49520,59020,62820,1.5,نقدشوندگی پایین | واگرایی منفی RSI | اشباع خرید | فاصله زیاد از MA20 | خروج مستمر پول حقیقی | بدون EPS مثبت | رشد عمودی (122٪ در ۶۰ روز، 34٪ بالای MA50) | 70٪ بالای MA200 | واگرایی منفی | حد ضرر دور (7.1٪) | نقدشوندگی کمتر از ۱۰ میلیارد تومان
کیا,کیا الکترود شرق,ساخت محصولات فلزی,45.1,خنثی,100,73,37.9,4,10670,20260929,14.9,19,48.6,-1.5,13.9,22.1,29.6,77.1,0,0,true,26.5,3.43,above,-0.1,1.36,10270,,-0.11,-4.48,1.27,2.23,2.22,262,40.73,6.02,576.5,10304,10087,11767,12498,1.88,نقدشوندگی پایین | خروج مستمر پول حقیقی | P/E بالا (41) | نقدشوندگی کمتر از ۱۰ میلیارد تومان
گپارس,امور رفاهی کارگزاران پارس,هتل و رستوران,45.1,خنثی,100,63,29.8,20,287500,20260929,3.5,28.5,42.2,-8,10.6,17,54.6,78.4,0,0,true,25.4,3.86,above,-3.9,1.19,220600,293550,0,-0.17,1.39,1.08,0.61,723,397.65,,,276390,265281,293550,315769,0.27,نقدشوندگی پایین | اشباع خرید | P/E بالا (398) | 55٪ بالای MA200 | حد ضرر دور (7.7٪) | نقدشوندگی کمتر از ۱۰ میلیارد تومان
قنقش,قند نقش جهان,قند و شکر,45,خنثی,90,75,2,10,2001,20260929,6.8,12,54.4,4.3,4.1,11.6,8,62.8,1,0,false,27.5,3.92,above,-27.9,1.15,1960,2067,-9.1,-3.03,0.38,-15.98,5.14,,,,,1960,1921,2067,2124,0.82,بدون EPS مثبت | سرانه خرید ضعیف (0.38) | نقدشوندگی کمتر از ۱۰ میلیارد تومان
بتک,کارخانجات کابل سازی‌ تک‌,ماشین آلات و دستگاه‌های برقی,44.8,خنثی,100,65,47,20,249200,20260928,8.1,9.1,38.9,-11.3,7,18.3,28.4,79.2,3,0,true,37.8,2.32,above,0,1.05,243428,,0,0.15,1.48,0.69,0.4,260,958.46,,,243428,240531,266581,278168,2.01,نقدشوندگی پایین | اشباع خرید | P/E بالا (958) | نقدشوندگی کمتر از ۱۰ میلیارد تومان | آخرین معامله 20260928 (متوقف یا کم‌معامله)
زاگرس,پتروشیمی زاگرس,محصولات شیمیایی,44.6,خنثی,100,60,1.5,9,175400,20260929,5.4,23.7,50.8,0.7,7.8,25.5,48.8,70.5,1,0,false,53.1,3.14,above,-1.5,0.95,168899,177700,-12.43,-3.47,0.76,-18.29,29.6,9222,19.02,8.01,137.4,169896,166147,177700,188709,0.25,سرانه خرید ضعیف (0.76)
فجوش,جوش‌ و اکسیژن‌ ایران‌,ساخت محصولات فلزی,44.6,خنثی,100,60,60.5,10,5230,20260928,4,17.3,141.2,91.1,9.6,32.5,137.1,91.1,8,0,true,65.8,2.06,above,-1.5,0.46,4630,,0.08,-0.46,1.8,0.52,0.94,,,,,5122,5014,5554,5770,1.5,نقدشوندگی پایین | اشباع خرید | بدون EPS مثبت | سهم صفی: 8 روز از ۲۰ روز در صف (ریسک نقدشوندگی و اجرای حد ضرر) | رشد عمودی (141٪ در ۶۰ روز، 32٪ بالای MA50) | 137٪ بالای MA200 | نقدشوندگی کمتر از ۱۰ میلیارد تومان | آخرین معامله 20260928 (متوقف یا کم‌معامله)
نوین,بیمه نوین,بیمه وصندوق بازنشستگی به جزتامین اجتماعی,44.5,خنثی,100,65,2,4,10650,20260929,-4.5,35.8,166.9,116.7,6.2,29.4,174.1,65.2,2,2,false,66.4,3.06,above,-9.9,0.75,8880,11820,-16.49,-4.17,0.57,-24.42,11.69,358,29.75,18.13,64.1,10324,9998,11820,12472,1.79,واگرایی منفی RSI | رشد عمودی (167٪ در ۶۰ روز، 29٪ بالای MA50) | 174٪ بالای MA200 | سرانه خرید ضعیف (0.57) | واگرایی منفی | صف فروش در ۵ روز اخیر
کیسون,شرکت کیسون,خدمات فنی و مهندسی,44.4,خنثی,70,20,41.5,36,1765,20260929,-3.8,-3.2,17.7,-32.4,-5.3,4.6,8.6,45.7,3,1,false,22.9,3.88,above,-43.2,1.04,1717,1806,1.38,14.97,0.71,-30.94,29.94,166,10.63,2.41,341.2,1717,1683,1806,1881,0.5,سرانه خرید ضعیف (0.71) | صف فروش در ۵ روز اخیر
وکار,بانک‌ کارآفرین‌,بانکها و موسسات اعتباری,44.3,خنثی,90,65,1,16,5930,20260929,-5,6.1,73.7,23.6,-3.3,24.1,109,58.2,0,0,false,60.1,3.58,above,-9.3,0.4,3500,6030,-51.35,-367.29,0.72,-50.29,52.86,650,9.12,5.4,68.9,5718,5506,6030,6420,0.24,خروج مستمر پول حقیقی | 109٪ بالای MA200 | سرانه خرید ضعیف (0.72) | حد ضرر دور (7.2٪)
وملت,سرمایه گذاری ملت,سرمایه گذاریها,44.3,خنثی,100,50,45,32,4470,20260922,4,10.6,30.6,-19.5,5.1,11.8,23,99.4,20,0,true,92.6,0.86,above,-0.7,1.92,3935,,0,0,5.58,0.53,0.07,491,9.1,,,4432,4394,4585,4661,1.5,نقدشوندگی پایین | اشباع خرید | سهم صفی: 20 روز از ۲۰ روز در صف (ریسک نقدشوندگی و اجرای حد ضرر) | نقدشوندگی کمتر از ۱۰ میلیارد تومان | آخرین معامله 20260922 (متوقف یا کم‌معامله)
بیوتیک,آنتی بیوتیک سازی ایران,مواد و محصولات دارویی,44.1,خنثی,65,50,44.3,14,31470,20260929,-4.3,-3.4,128.6,78.5,-8,13.4,87.5,48.4,6,0,false,50.1,3.74,above,-18.6,1.42,31060,35970,24.64,21.88,0.87,-29.46,24.44,1448,21.73,8.86,145.3,31060,30472,35970,38640,4.51,سهم صفی: 6 روز از ۲۰ روز در صف (ریسک نقدشوندگی و اجرای حد ضرر) | رشد عمودی (129٪ در ۶۰ روز، 13٪ بالای MA50) | توزیع: ورود حقیقی با سرانه خرید ضعیف (0.77 در ۲۰ روز) | 87٪ بالای MA200
ودانا,سرمایه گذاری دانایان,سرمایه گذاریها,44.1,خنثی,100,53,11.9,42,5430,20260929,1.9,19.3,42.1,-8,4,19.3,25.4,65.7,6,1,false,49.8,3.19,above,-15.3,0.77,5313,5774,0,0,1.27,-0.36,1.89,487,11.15,,,5313,5226,5774,5888,1.69,نقدشوندگی پایین | سهم صفی: 6 روز از ۲۰ روز در صف (ریسک نقدشوندگی و اجرای حد ضرر) | نقدشوندگی کمتر از ۱۰ میلیارد تومان | صف فروش در ۵ روز اخیر
قشیر,قند شیروان قوچان و بجنورد,قند و شکر,44,خنثی,70,55,23.9,24,16390,20260929,7.5,5.4,32.6,-17.5,0,12.4,49.2,58,0,0,false,27.9,3.89,above,-8.2,0.77,15950,17860,-0.12,-5.75,1.12,1.82,7.82,1524,10.75,9.57,12.4,15950,15631,17860,19134,1.94,نقدشوندگی کمتر از ۱۰ میلیارد تومان
ورنا,سرمایه‌گذاری‌ رنا(هلدینگ‌,خودرو و ساخت قطعات,43.9,خنثی,90,45,1.5,30,7180,20260929,-5.8,1.1,39.4,-10.7,-4.4,13.2,47.4,51,3,1,false,47.8,3.77,above,-10.1,0.78,6980,7975,-64.26,-120.29,0.54,-147.63,108.78,218,32.94,,,6980,6845,7975,8516,2.37,واگرایی منفی RSI | خروج مستمر پول حقیقی | P/E بالا (33) | 155٪ بالای کف ۵۲ هفته | سرانه خرید ضعیف (0.54) | واگرایی منفی | صف فروش در ۵ روز اخیر
چنوپا,نیوپان‌ 22 بهمن‌,محصولات چوبی,43.9,خنثی,65,20,41.5,40,15970,20260929,-7.2,-4.1,-8.2,-58.3,-0.3,4.2,-19.6,49.5,5,1,false,20.5,3.64,above,-52,1.36,15435,16250,0.45,9.73,0.67,-19.13,11.47,620,25.76,,,15435,15145,16250,16879,0.34,توزیع: ورود حقیقی با سرانه خرید ضعیف (0.76 در ۲۰ روز) | سرانه خرید ضعیف (0.67) | صف فروش در ۵ روز اخیر
ولتجار,واسپاری تجارایرانیان,سایر واسطه گریهای مالی,43.9,خنثی,60,20,51.5,36,3180,20260929,-3.3,-5.9,34.1,-16,-3.2,7.8,-18.2,49.8,3,1,false,34.6,3.8,above,-49.6,1.34,3089,3450,9.99,10.96,0.68,-4.63,5.85,278,11.44,5.8,97.2,3089,3028,3450,3679,1.78,واگرایی منفی RSI | توزیع: ورود حقیقی با سرانه خرید ضعیف (0.80 در ۲۰ روز) | سرانه خرید ضعیف (0.68) | واگرایی منفی | نقدشوندگی کمتر از ۱۰ میلیارد تومان | صف فروش در ۵ روز اخیر
سنیر,سیمان‌ سفید نی‌ریز,سیمان، آهک و گچ,43.7,خنثی,49,30,35.1,57,6790,20260929,5.1,-1.7,14.5,-35.6,-2.2,-0.6,50.8,47.3,1,0,false,16.7,3.99,inside,-12.7,1.09,6430,7380,0.89,-10.4,1.16,-15.62,9.61,963,7.05,7.14,-1.2,6519,6294,7380,7550,1.19,واگرایی منفی RSI | خروج مستمر پول حقیقی | 51٪ بالای MA200 | واگرایی منفی | حد ضرر دور (7.3٪) | نقدشوندگی کمتر از ۱۰ میلیارد تومان
آینده,بازرگانی آینده سازان بهشت پارس,زراعت و خدمات وابسته,43.6,خنثی,90,70,60.5,10,4930,20260928,8.6,35.1,52.1,2,14.1,18,10.2,82.3,20,0,true,37.3,2.02,above,-29.5,1.33,4804,5303,0,0.24,4.8,0.7,0.27,,,,,4830,4754,5303,5820,2.11,نقدشوندگی پایین | اشباع خرید | بدون EPS مثبت | سهم صفی: 20 روز از ۲۰ روز در صف (ریسک نقدشوندگی و اجرای حد ضرر) | نقدشوندگی کمتر از ۱۰ میلیارد تومان | آخرین معامله 20260928 (متوقف یا کم‌معامله)
خنصیر,مهندسی‌نصیرماشین‌,خودرو و ساخت قطعات,43.6,خنثی,65,30,30.2,42,4230,20260929,2.7,-3,21.2,-28.9,-4.2,6.2,33.8,48.4,1,0,false,33.6,3.74,above,-14.2,0.92,4080,4410,0.01,-0.21,0.97,-1.86,5.56,485,8.72,,,4080,4001,4410,4490,0.79,واگرایی منفی RSI | واگرایی منفی | نقدشوندگی کمتر از ۱۰ میلیارد تومان
نبابک,نساجی بابکان,منسوجات,43.5,خنثی,65,45,36,24,8310,20260929,5.5,-5,32.5,-17.6,-0.8,11,11.4,54.5,1,0,false,26.9,3.88,above,-31.2,0.52,8220,8536,-2.03,-25.05,4.7,11.22,9.11,351,23.68,14.29,65.7,8220,8059,8536,8786,0.9,واگرایی منفی RSI | خروج مستمر پول حقیقی | واگرایی منفی | نقدشوندگی کمتر از ۱۰ میلیارد تومان
خعمرا,توسعه و عمران شهرستان نائین,خودرو و ساخت قطعات,43.5,خنثی,100,55,25,25,7130,20260929,0.3,17.9,37.6,-12.5,9.4,28,40.5,72.9,5,1,true,40.8,3.34,above,-5.3,1.8,6321,7530,-0.04,0.03,0.77,-4.32,1.79,458,15.57,,,6892,6653,7530,8007,0.84,نقدشوندگی پایین | سرانه خرید ضعیف (0.77) | نقدشوندگی کمتر از ۱۰ میلیارد تومان | صف فروش در ۵ روز اخیر
قشکر,شکر,قند و شکر,43.4,خنثی,85,75,1.5,10,5230,20260929,-0.9,3.2,90.6,40.5,-4,14.4,60.6,53.7,6,0,false,38.8,3.42,above,-15.9,1.17,4920,5320,-3.62,-1.38,0.72,-11.78,7.91,,,9.8,,5051,4831,5320,6220,0.23,بدون EPS مثبت | سهم صفی: 6 روز از ۲۰ روز در صف (ریسک نقدشوندگی و اجرای حد ضرر) | 61٪ بالای MA200 | سرانه خرید ضعیف (0.72) | حد ضرر دور (7.6٪) | نقدشوندگی کمتر از ۱۰ میلیارد تومان
قهکمت,قندهکمتان‌,قند و شکر,43.4,خنثی,85,53,22.1,47,10410,20260929,1.7,-4.3,44.2,-6,-1.8,8.3,63.5,53,2,0,false,26.6,3.86,above,-11.5,0.44,10153,11762,-1.21,-19.49,1.06,0.38,2.41,1018,10.23,9.8,4.3,10153,9952,11762,12566,2.95,نقدشوندگی پایین | واگرایی منفی RSI | خروج مستمر پول حقیقی | 64٪ بالای MA200 | واگرایی منفی | نقدشوندگی کمتر از ۱۰ میلیارد تومان
کارام,صنایع سرام آرا,کاشی و سرامیک,43.1,خنثی,90,80,50.5,10,2034,20260922,9.8,12.7,-8.7,-58.8,11.5,19.7,0.3,67.5,3,0,true,25.1,3.33,above,-24.6,0.99,1968,2122,-0.03,0.44,3.21,0.07,0.49,,,,,1968,1934,2122,2166,0.88,نقدشوندگی پایین | بدون EPS مثبت | نقدشوندگی کمتر از ۱۰ میلیارد تومان | آخرین معامله 20260922 (متوقف یا کم‌معامله)
حرهشا,رهشاد سپاهان (سهامی عام,حمل ونقل، انبارداری و ارتباطات,42.8,خنثی,100,75,31.3,20,30240,20260928,3,7.5,63.6,13.5,0.1,11.8,34.1,60.9,0,0,false,41.3,3.44,above,-6.6,0.46,29750,30950,-0.09,-3.36,1.41,0.22,1.26,351,86.15,,,29750,29230,30950,32360,0.7,نقدشوندگی پایین | واگرایی منفی RSI | خروج مستمر پول حقیقی | P/E بالا (86) | واگرایی منفی | نقدشوندگی کمتر از ۱۰ میلیارد تومان | آخرین معامله 20260928 (متوقف یا کم‌معامله)
وتجارت,بانک تجارت,بانکها و موسسات اعتباری,42.8,خنثی,85,53,10.9,16,944,20260929,8.9,-6.6,47.8,-2.4,-0.4,15.9,72.3,57.1,1,0,false,40.5,3.51,above,-9.4,0.63,866,1015,-203.38,-1730.71,1.18,-195.39,1033.18,105,8.99,5.4,66.5,911,861,1015,1042,0.86,خروج مستمر پول حقیقی | 72٪ بالای MA200 | حد ضرر دور (8.8٪)
خبازرس,بازرسی مهندسی و صنعتی ایران,فعالیت مهندسی، تجزیه، تحلیل و آزمایش فنی,42.8,خنثی,85,65,35,42,27740,20260926,2.9,-1.3,83,32.9,-1.8,11,76.4,53.8,1,0,false,34.8,4.21,above,-13.8,0.72,27160,28370,-0.82,-2.8,2.12,0.53,1.25,2944,9.42,,,27160,26576,28370,30130,0.54,نقدشوندگی پایین | خروج مستمر پول حقیقی | 76٪ بالای MA200 | نقدشوندگی کمتر از ۱۰ میلیارد تومان | آخرین معامله 20260926 (متوقف یا کم‌معامله)
اوان,مبین وان کیش,اطلاعات و ارتباطات,42.3,خنثی,85,63,3,14,14380,20260929,5.7,2.3,40.6,-9.6,-1.8,13.2,82.1,55.7,1,0,false,35.7,3.87,above,-12.6,0.91,13640,16460,-9.76,-11.91,0.88,-7.85,8.72,8,1797.5,11.65,15329.2,13823,13361,16460,17574,2.04,خروج مستمر پول حقیقی | P/E بالا (1798) | 82٪ بالای MA200 | حد ضرر دور (7.1٪) | نقدشوندگی کمتر از ۱۰ میلیارد تومان
دشیمی,شیمی‌ داروئی‌ داروپخش‌,مواد و محصولات دارویی,42.3,خنثی,85,65,1,14,44330,20260929,8.4,-10,108.2,58,-4,10.1,95,52.5,1,0,false,41.6,3.46,above,-15.8,0.98,40850,46380,-12.58,-81.67,0.52,-29.83,12.59,2096,21.15,12.91,63.8,42794,40491,46380,51120,0.53,واگرایی منفی RSI | خروج مستمر پول حقیقی | رشد عمودی (108٪ در ۶۰ روز، 10٪ بالای MA50) | 95٪ بالای MA200 | سرانه خرید ضعیف (0.52) | واگرایی منفی | حد ضرر دور (8.7٪)
تفیرو,مهندسی فیروزا,ماشین آلات و تجهیزات,42.1,خنثی,100,70,32.5,20,273900,20260927,10,40.5,102,51.9,17.8,42.8,191.5,100,20,0,true,95.7,1.56,above,0,1.34,158045,,0,0,1.1,0.09,0.1,6541,41.87,,,269639,265378,286683,295206,1.5,نقدشوندگی پایین | اشباع خرید | فاصله زیاد از MA20 | سهم صفی: 20 روز از ۲۰ روز در صف (ریسک نقدشوندگی و اجرای حد ضرر) | رشد عمودی (102٪ در ۶۰ روز، 43٪ بالای MA50) | P/E بالا (42) | 191٪ بالای MA200 | نقدشوندگی کمتر از ۱۰ میلیارد تومان | آخرین معامله 20260927 (متوقف یا کم‌معامله)
شرنگی,شیمیایی رنگین,محصولات شیمیایی,42.1,خنثی,90,65,4.2,4,19210,20260929,-3.3,-2.7,60.5,10.4,-1.1,14.8,57.8,55.9,1,0,false,39.7,4.12,above,-7.7,0.73,18883,20817,-4.83,-12.06,0.93,-3.87,3.08,317,60.6,8.01,656.5,18883,18487,20817,22401,2.22,واگرایی منفی RSI | خروج مستمر پول حقیقی | P/E بالا (61) | 58٪ بالای MA200 | واگرایی منفی | نقدشوندگی کمتر از ۱۰ میلیارد تومان
شلیا,شرکت مواد ویژه لیا,سایر محصولات کانی غیرفلزی,41.9,خنثی,100,60,19.6,20,24500,20260929,2.6,35.9,109.4,59.3,15.2,48.8,148.3,84.5,3,0,true,77.9,3.07,above,-0.4,0.79,12416,,0,0,0.98,0.54,2.92,1094,22.39,,,23748,22996,26757,28261,1.5,نقدشوندگی پایین | اشباع خرید | فاصله زیاد از MA20 | رشد عمودی (109٪ در ۶۰ روز، 49٪ بالای MA50) | 148٪ بالای MA200 | نقدشوندگی کمتر از ۱۰ میلیارد تومان
وسکاب,س.ص.بازنشستگی کارکنان بانکها,سرمایه گذاریها,41.7,خنثی,31,30,48.5,57,3210,20260929,4.2,-9.6,29.3,-20.8,-1.9,-3.5,45.6,45.8,1,0,false,21,3.62,inside,-18.1,0.3,3040,3250,3.17,-0.75,1.06,1.34,16.14,437,7.35,7.13,3,3094,2982,3250,3500,0.18,178٪ بالای کف ۵۲ هفته | حد ضرر دور (7.1٪)
وحافظ,بیمه حافظ,بیمه وصندوق بازنشستگی به جزتامین اجتماعی,41.2,خنثی,44,20,44.2,52,2310,20260929,2.9,-0.1,-13.7,-63.9,-0.6,0.4,-10.2,48.7,0,0,false,13.6,4.03,inside,-34.1,0.68,2243,2335,2.11,5.81,0.85,-4.19,7.59,199,11.61,,,2243,2196,2335,2446,0.22,بدون روند (ADX پایین) | توزیع: ورود حقیقی با سرانه خرید ضعیف (0.86 در ۲۰ روز) | نقدشوندگی کمتر از ۱۰ میلیارد تومان
اپرداز,آتیه داده پرداز,اطلاعات و ارتباطات,41.1,خنثی,90,30,5.3,27,4990,20260929,-2.3,-0.4,24.5,-25.7,-6.5,3.8,37.7,46.3,2,0,false,35.4,3.74,above,-17.4,0.92,4830,6040,-5.27,-40.55,0.97,-10.29,9.1,332,15.03,11.65,29,4830,4737,6040,6413,4.15,خروج مستمر پول حقیقی | نقدشوندگی کمتر از ۱۰ میلیارد تومان
غنوش,نوش‌ مازندران‌,محصولات غذایی و آشامیدنی به جز قند و شکر,41,خنثی,70,30,42,14,17250,20260929,-1.7,-1.7,2.1,-48,-3.4,1.3,36.9,47.5,5,0,false,19.6,3.54,above,-14.3,0.34,16940,18050,0.58,26.71,0.72,-37.1,74.25,487,35.42,8.53,315.3,16940,16635,18050,19740,1.3,P/E بالا (35) | توزیع: ورود حقیقی با سرانه خرید ضعیف (0.76 در ۲۰ روز) | 182٪ بالای کف ۵۲ هفته | سرانه خرید ضعیف (0.72)
خکمک,کمک‌فنرایندامین‌,خودرو و ساخت قطعات,41,خنثی,70,30,26,30,2684,20260929,-6.8,6.3,16.8,-33.3,-5.7,10.1,15.5,48,4,1,false,33.5,3.76,above,-24.4,1,2647,2754,-2.27,18.33,0.61,-21.76,11.13,47,57.11,,,2647,2597,2754,2950,0.79,P/E بالا (57) | سرانه خرید ضعیف (0.61) | صف فروش در ۵ روز اخیر
خفنر,فنرسازی‌خاور,خودرو و ساخت قطعات,41,خنثی,65,30,27,35,2372,20260929,-4.5,-15.3,12.2,-37.9,-5.6,2.4,47.1,45.2,4,2,false,25.4,4.05,above,-18.9,0.96,2200,2631,2,-12.93,0.66,-22.62,14.13,130,18.25,,,2276,2152,2631,2926,1.18,سرانه خرید ضعیف (0.66) | حد ضرر دور (9.3٪) | صف فروش در ۵ روز اخیر
پشاهن,تولیدی پلاستیک‌ شاهین,لاستیک و پلاستیک,40.7,خنثی,100,70,21.9,25,121100,20260927,11.3,35.4,85.8,35.6,18,36.3,62.7,93.1,20,0,true,60.8,2.47,above,0,1.72,91457,,0,0,1.28,-0.45,0.15,7250,16.7,,,118109,115118,130074,136056,1.5,نقدشوندگی پایین | واگرایی منفی RSI | اشباع خرید | فاصله زیاد از MA20 | سهم صفی: 20 روز از ۲۰ روز در صف (ریسک نقدشوندگی و اجرای حد ضرر) | رشد عمودی (86٪ در ۶۰ روز، 36٪ بالای MA50) | 63٪ بالای MA200 | واگرایی منفی | نقدشوندگی کمتر از ۱۰ میلیارد تومان | آخرین معامله 20260927 (متوقف یا کم‌معامله)
تپولا,مهندسی مرآت پولاد,خدمات فنی و مهندسی,40.4,خنثی,100,53,29.2,10,19650,20260929,-1.1,14.5,48.4,-1.7,3.5,15.3,32.9,59.9,7,1,false,38.6,3.71,above,-9.2,0.86,19390,21640,0,0,1.37,1.43,1.32,,,,,19390,19026,21640,23097,3.19,نقدشوندگی پایین | بدون EPS مثبت | سهم صفی: 7 روز از ۲۰ روز در صف (ریسک نقدشوندگی و اجرای حد ضرر) | نقدشوندگی کمتر از ۱۰ میلیارد تومان | صف فروش در ۵ روز اخیر
فلات,گروه صنایع معادن فلات ایرانیان,سرمایه گذاریها,40.4,خنثی,100,70,35.5,10,28940,20260928,15.8,55.6,172,121.9,26.1,57,107.3,93.3,12,0,true,71.4,2.59,above,0,0.4,19650,,-0.93,-17.75,4.45,1.36,2.32,,,,,28190,27441,31189,32689,1.5,نقدشوندگی پایین | اشباع خرید | فاصله زیاد از MA20 | خروج مستمر پول حقیقی | بدون EPS مثبت | سهم صفی: 12 روز از ۲۰ روز در صف (ریسک نقدشوندگی و اجرای حد ضرر) | رشد عمودی (172٪ در ۶۰ روز، 57٪ بالای MA50) | 107٪ بالای MA200 | نقدشوندگی کمتر از ۱۰ میلیارد تومان | آخرین معامله 20260928 (متوقف یا کم‌معامله)
شتهران,داروسازی تهران شیمی,مواد و محصولات دارویی,40.3,خنثی,50,70,35,70,6770,20260928,3.1,10.6,-17.4,-67.6,5.7,1.3,-22.7,67.2,20,0,true,37.4,0.92,below,-40.5,0.91,6004,6951,0,0,3.8,0.29,0.1,1711,3.96,,,6707,6645,6951,7136,1.44,نقدشوندگی پایین | سهم صفی: 20 روز از ۲۰ روز در صف (ریسک نقدشوندگی و اجرای حد ضرر) | نقدشوندگی کمتر از ۱۰ میلیارد تومان | آخرین معامله 20260928 (متوقف یا کم‌معامله)
بایکا,کارخانجات کابلسازی ‌ایران‌,ماشین آلات و دستگاه‌های برقی,40.1,خنثی,100,50,20.5,20,30840,20260929,9.2,23.3,25.1,-25,12.4,23.3,39.4,83.6,1,0,true,37.1,3.53,above,-2.2,1.01,28962,,-0.72,-3.68,2.06,-0.37,0.92,523,58.97,,,29751,28417,34106,36284,1.35,نقدشوندگی پایین | اشباع خرید | خروج مستمر پول حقیقی | P/E بالا (59) | حد ضرر دور (7.9٪) | نقدشوندگی کمتر از ۱۰ میلیارد تومان
بمپنا,تولید برق عسلویه  مپنا,عرضه برق، گاز، بخاروآب گرم,40,خنثی,90,40,1,19,7610,20260929,-7,-1,51.6,1.5,-8.1,13,47.4,46.4,2,0,false,40.1,3.77,above,-19,0.34,7270,9390,-10.01,-78.4,0.56,-13.11,26.97,576,13.21,10.04,31.6,7323,7126,9390,9964,3.68,خروج مستمر پول حقیقی | سرانه خرید ضعیف (0.56)
بپاس,بیمه پاسارگاد,بیمه وصندوق بازنشستگی به جزتامین اجتماعی,40,خنثی,100,45,0,4,12950,20260929,1.9,4.6,58.1,8,3,10.9,77,85.9,0,0,false,24.3,1.7,above,-0.6,0.77,12300,,-31.7,-159.3,0.35,-34.33,12.16,484,26.76,18.13,47.6,12730,12401,13609,14048,1.2,اشباع خرید | خروج مستمر پول حقیقی | 77٪ بالای MA200 | سرانه خرید ضعیف (0.35)
فسا,پتروشیمی فسا,محصولات شیمیایی,40,خنثی,100,50,35,25,782,20260922,4.7,12.2,14.2,-35.9,9.5,16.7,22,80.1,15,0,true,48.6,1.87,above,-1.1,0.55,755,,-0.11,-0.11,7.44,0.26,0.14,47,16.64,,,767,747,826,855,1.27,نقدشوندگی پایین | اشباع خرید | سهم صفی: 15 روز از ۲۰ روز در صف (ریسک نقدشوندگی و اجرای حد ضرر) | نقدشوندگی کمتر از ۱۰ میلیارد تومان | آخرین معامله 20260922 (متوقف یا کم‌معامله)
فماک,ماداکتو استیل کرد,فلزات اساسی,39.9,اجتناب,100,35,2.5,9,34080,20260929,3.1,26.8,168.6,118.5,13.5,45.5,146.2,85,5,0,false,76.6,3.38,above,-0.1,1.12,27685,,-3.26,-14.85,0.78,-17.29,9.56,2086,16.34,8.05,103,32928,31776,37537,39841,1.5,واگرایی منفی RSI | اشباع خرید | خروج مستمر پول حقیقی | رشد عمودی (169٪ در ۶۰ روز، 46٪ بالای MA50) | 146٪ بالای MA200 | سرانه خرید ضعیف (0.78) | واگرایی منفی | نقدشوندگی کمتر از ۱۰ میلیارد تومان
بسویچ,پارس‌سویچ‌,ماشین آلات و دستگاه‌های برقی,39.7,اجتناب,90,55,2.7,44,5000,20260929,0.2,3.1,30.9,-19.3,-3.9,14.8,49.5,54.8,1,0,false,43.6,3.94,above,-12,0.61,4940,5510,-0.47,-1.65,0.81,-2.62,2.76,676,7.4,6.15,20.3,4940,4841,5510,5680,3.22,نقدشوندگی پایین | نقدشوندگی کمتر از ۱۰ میلیارد تومان
کصدف,کاشی صدف سرام استقلال آباده,کاشی و سرامیک,39.7,اجتناب,65,20,49.7,35,7570,20260928,-2.7,-5,27.3,-22.8,-3.8,4.8,50.8,48.6,3,0,false,30.2,3.59,above,-14.9,0.85,7210,8180,0.24,-1.23,1.11,1.44,7.68,548,13.81,,,7298,7074,8180,8900,1.23,51٪ بالای MA200 | نقدشوندگی کمتر از ۱۰ میلیارد تومان | آخرین معامله 20260928 (متوقف یا کم‌معامله)
وهنر,گروه توسعه هنر ایران,فعالیت های هنری، سرگرمی و خلاقانه,39.5,اجتناب,75,55,14.1,10,4630,20260929,4.5,6.4,36.2,-13.9,0.8,15.2,-25.5,59,0,0,false,27.3,3.66,above,-53.3,1.36,4430,4850,-1.57,-16.39,0.9,-1.86,5.08,,,,,4461,4345,4850,4980,0.77,واگرایی منفی RSI | خروج مستمر پول حقیقی | بدون EPS مثبت | واگرایی منفی | نقدشوندگی کمتر از ۱۰ میلیارد تومان
وفیروزه,گروه توسعه مالی فیروزه,سرمایه گذاریها,39.2,اجتناب,58,45,35,16,5190,20260929,2.2,-2.3,31.7,-18.4,-0.3,5.2,,52.7,2,0,false,18.1,3.36,,-8.6,0.43,5010,5495,-7.73,-96.37,4.09,22.76,18.73,451,11.51,7.13,61.4,5016,4923,5495,5680,1.14,واگرایی منفی RSI | خروج مستمر پول حقیقی | واگرایی منفی
خنور,نورایستا پلاستیک,خودرو و ساخت قطعات,39.1,اجتناب,65,30,28.4,26,8160,20260929,-1.3,-15.2,39.7,-10.4,-9.4,1.7,15.5,43.2,3,1,false,32.6,3.95,above,-21.9,1,7900,8306,-3.19,-19.56,1.31,7.14,16.04,745,10.95,5.87,86.6,7900,7739,8306,8720,0.35,خروج مستمر پول حقیقی | صف فروش در ۵ روز اخیر
اروند,پتروشیمی اروند,محصولات شیمیایی,38.9,اجتناب,81,45,3.5,19,53370,20260929,-5,6.1,-7.3,-57.4,-2.3,7.8,,50.8,2,0,false,35.8,3.39,inside,-20.9,1.17,52540,54323,-288.71,-345.31,0.92,-109.03,109.46,3275,16.3,9.63,69.2,52540,51637,54323,58131,0.55,خروج مستمر پول حقیقی | شناوری کم (13٪)
فمراد,آلومراد,فلزات اساسی,38.8,اجتناب,90,45,1,10,3640,20260929,-7.4,2.8,37.1,-13,-2.2,10.3,34,51.5,3,1,false,38.7,3.92,above,-11.2,0.87,3510,3780,-2.02,-3.85,0.55,-13.28,7.82,,,13.48,,3510,3439,3780,4100,0.7,واگرایی منفی RSI | بدون EPS مثبت | سرانه خرید ضعیف (0.55) | واگرایی منفی | نقدشوندگی کمتر از ۱۰ میلیارد تومان | صف فروش در ۵ روز اخیر
خزر,فنرسازی‌زر,خودرو و ساخت قطعات,38.6,اجتناب,65,30,0.5,52,2030,20260929,-2.2,-0.3,32.5,-17.6,-8.3,6.3,45.4,46.3,7,0,false,36.2,3.63,above,-20,1.2,1898,2537,-0.93,-0.96,0.71,-18.28,11.02,394,5.15,,,1956,1861,2537,2684,3,سهم صفی: 7 روز از ۲۰ روز در صف (ریسک نقدشوندگی و اجرای حد ضرر) | سرانه خرید ضعیف (0.71) | حد ضرر دور (8.3٪)
حشکوه,دلیجان طلایی شکوه پارس,حمل ونقل، انبارداری و ارتباطات,38.5,اجتناب,31,30,52.9,40,1288,20260929,-1.5,-6.7,-11.5,-61.7,-4.9,2.1,-0.6,45.7,3,0,false,21.7,3.75,inside,-25.4,0.63,1271,1351,0,15.66,0.86,-3.84,10.07,28,46,,,1271,1247,1351,1387,1.54,واگرایی منفی RSI | P/E بالا (46) | واگرایی منفی
اخشان,اخشان خراسان,زراعت و خدمات وابسته,38.5,اجتناب,88,45,36.5,16,17350,20260929,2.1,-5.1,20.5,-29.6,0.8,6.3,49,54.2,2,0,false,18.7,3.5,above,-8.3,0.66,16765,18914,-0.7,-9.67,6.26,5.39,2.51,1452,11.95,8.07,48.1,16765,16462,18914,20129,1.76,نقدشوندگی پایین | خروج مستمر پول حقیقی | 183٪ بالای کف ۵۲ هفته | نقدشوندگی کمتر از ۱۰ میلیارد تومان
خکاوه,سایپا دیزل,خودرو و ساخت قطعات,38.3,اجتناب,70,40,2,35,857,20260929,-6.8,-11.1,57.8,7.7,-5.8,2.4,23.5,44.2,0,0,false,28.1,4.12,above,-15.6,0.99,796,869,-20.4,-27.72,0.66,-92.46,58.24,53,16.17,,,822,778,869,891,0.16,واگرایی منفی RSI | سرانه خرید ضعیف (0.66) | واگرایی منفی | حد ضرر دور (9.2٪)
وآتوس,گروه سرمایه گذاری توسکا,سرمایه گذاریها,37.9,اجتناب,65,38,53,10,1474,20260927,-8.4,2.5,43.6,-6.5,-2.3,5.7,-2.6,49.5,3,1,false,29.3,3.63,above,-43.2,1.03,1447,1497,1.48,7.2,0.62,-7.33,6.15,,,,,1447,1420,1497,1533,0.43,بدون EPS مثبت | توزیع: ورود حقیقی با سرانه خرید ضعیف (0.84 در ۲۰ روز) | سرانه خرید ضعیف (0.62) | نقدشوندگی کمتر از ۱۰ میلیارد تومان | صف فروش در ۵ روز اخیر | آخرین معامله 20260927 (متوقف یا کم‌معامله)
غگز,صنایع غذایی سکه,محصولات غذایی و آشامیدنی به جز قند و شکر,37.1,اجتناب,25,40,62.5,24,3300,20260929,3.4,0.6,-45.8,-95.9,-3.9,-11.3,1.1,43.3,5,0,false,26.4,3.79,below,-46.8,0.7,3080,3371,16.36,15.69,2,-26.34,30.86,81,40.74,7.05,477.9,3175,3017,3371,3920,0.25,P/E بالا (41) | توزیع: ورود حقیقی با سرانه خرید ضعیف (0.66 در ۲۰ روز) | حد ضرر دور (8.6٪)
حفارس,حمل و نقل بین المللی خلیج فارس,حمل ونقل، انبارداری و ارتباطات,36.4,اجتناب,100,50,1.5,4,9040,20260923,-1.2,44.4,102.1,52,12.7,41.3,149.2,79,4,1,false,69.5,2.9,above,-4,0.75,5640,9420,-52.02,-48.14,0.75,-11.82,32.48,149,60.67,19.33,213.9,8778,8516,9420,9944,0.73,اشباع خرید | خروج مستمر پول حقیقی | رشد عمودی (102٪ در ۶۰ روز، 41٪ بالای MA50) | P/E بالا (61) | 149٪ بالای MA200 | سرانه خرید ضعیف (0.75) | صف فروش در ۵ روز اخیر | آخرین معامله 20260923 (متوقف یا کم‌معامله)
شگامرن,مجتمع پترو صنعت گامرون,محصولات شیمیایی,36.2,اجتناب,100,23,62.5,4,27520,20260927,0.5,10,42.9,-7.2,6.2,23.1,42.9,83,0,0,false,46.9,2.65,above,-2.5,0.95,26269,28237,0.66,-2.26,2.08,0.45,0.4,288,95.56,8.01,1093,26791,25904,28237,29696,0.44,نقدشوندگی پایین | واگرایی منفی RSI | اشباع خرید | خروج مستمر پول حقیقی | P/E بالا (96) | واگرایی منفی | نقدشوندگی کمتر از ۱۰ میلیارد تومان | آخرین معامله 20260927 (متوقف یا کم‌معامله)
وثخوز,سرمایه گذاری و توسعه خوزستان,انبوه سازی، املاک و مستغلات,36.1,اجتناب,49,45,79.5,10,5240,20260929,2.9,-4,-7.1,-57.2,0.5,2.3,-2.8,50.6,4,2,false,15.1,3.72,inside,-36.5,0.64,5065,5450,2.51,3.63,1.28,0.4,2.81,,,,,5065,4968,5450,5620,0.77,نقدشوندگی پایین | واگرایی منفی RSI | بدون EPS مثبت | توزیع: ورود حقیقی با سرانه خرید ضعیف (0.89 در ۲۰ روز) | واگرایی منفی | نقدشوندگی کمتر از ۱۰ میلیارد تومان | صف فروش در ۵ روز اخیر
فبیرا,بسته‌ بندی‌ ایران‌,ساخت محصولات فلزی,36,اجتناب,85,40,15,35,2287,20260929,-7.1,-7,94.6,44.5,-6,7.4,68.1,45.9,10,2,false,40.3,3.58,above,-17.9,0.73,2205,2711,0,0.08,0.75,-2.12,2.18,155,14.75,,,2205,2164,2711,2786,3.45,نقدشوندگی پایین | واگرایی منفی RSI | سهم صفی: 10 روز از ۲۰ روز در صف (ریسک نقدشوندگی و اجرای حد ضرر) | 68٪ بالای MA200 | سرانه خرید ضعیف (0.75) | واگرایی منفی | نقدشوندگی کمتر از ۱۰ میلیارد تومان | صف فروش در ۵ روز اخیر
خفناور,مهندسی صنعتی روان فن آور,خودرو و ساخت قطعات,36,اجتناب,100,55,0,20,24630,20260929,6.9,10.4,37.4,-12.8,2.3,14.9,30.6,59.3,1,0,false,35.1,3.8,above,-7.8,0.68,23800,26700,-2.51,-4,0.74,-1.96,2.58,344,71.6,,,23800,23332,26700,28572,1.59,نقدشوندگی پایین | واگرایی منفی RSI | خروج مستمر پول حقیقی | P/E بالا (72) | سرانه خرید ضعیف (0.74) | واگرایی منفی | نقدشوندگی کمتر از ۱۰ میلیارد تومان
قاروم,قند ارومیه,قند و شکر,36,اجتناب,100,15,30,42,116800,20260922,1,9.8,34.7,-15.4,3.4,12,38.5,99.5,17,0,false,95.1,0.91,above,-0.9,0.31,86825,,0,0,1.4,0,0.09,22219,5.26,,,115741,114682,119978,122096,1.5,نقدشوندگی پایین | اشباع خرید | سهم صفی: 17 روز از ۲۰ روز در صف (ریسک نقدشوندگی و اجرای حد ضرر) | نقدشوندگی کمتر از ۱۰ میلیارد تومان | آخرین معامله 20260922 (متوقف یا کم‌معامله)
تمحرکه,ماشین سازی نیرو محرکه,ماشین آلات و تجهیزات,36,اجتناب,90,38,15.5,30,8310,20260929,-8.7,11.5,44.3,-5.8,-3.4,9.6,15.3,49.4,6,1,false,49.4,3.43,above,-17.6,1.2,8167,8530,0,0.13,0.72,-1.39,1.44,5,1662,,,8167,8024,8530,8865,0.77,نقدشوندگی پایین | سهم صفی: 6 روز از ۲۰ روز در صف (ریسک نقدشوندگی و اجرای حد ضرر) | P/E بالا (1662) | سرانه خرید ضعیف (0.72) | نقدشوندگی کمتر از ۱۰ میلیارد تومان | صف فروش در ۵ روز اخیر
ثنوسا,نوسازی‌وساختمان‌تهران‌,انبوه سازی، املاک و مستغلات,35.8,اجتناب,65,30,27.3,14,8650,20260929,1.2,-12,22.7,-27.4,-7.6,1.2,26.7,42.9,2,0,false,30.1,3.8,above,-19.5,1.01,8525,9040,2.95,-4.3,0.81,-7.17,8.77,62,139.52,6.61,2010.7,8525,8361,9040,9380,1.35,واگرایی منفی RSI | P/E بالا (140) | واگرایی منفی | نقدشوندگی کمتر از ۱۰ میلیارد تومان
بکهنوج,تولید برق ماهتاب کهنوج,عرضه برق، گاز، بخاروآب گرم,35.6,اجتناب,85,30,6.4,10,1224,20260929,-1.9,-3.5,34.2,-15.9,-4.6,6,,48.2,3,1,false,33.4,3.63,above,-14.5,0.92,1211,1293,-1.52,-6.92,1,-1.89,3.26,,,,,1211,1189,1293,1432,1.94,خروج مستمر پول حقیقی | بدون EPS مثبت | نقدشوندگی کمتر از ۱۰ میلیارد تومان | صف فروش در ۵ روز اخیر
کرمان,س. توسعه و عمران استان کرمان,انبوه سازی، املاک و مستغلات,35.1,اجتناب,90,20,2.5,14,1374,20260929,-5,-3,29.5,-20.6,-5.7,8,29.2,47.2,4,1,false,46.9,3.6,above,-16.2,1.21,1334,1454,-25.79,-6.95,0.53,-172.24,72.94,2,687,23.59,2812.3,1334,1309,1454,1640,1.24,واگرایی منفی RSI | P/E بالا (687) | سرانه خرید ضعیف (0.53) | واگرایی منفی | صف فروش در ۵ روز اخیر
فرابورس,فرابورس ایران,فعالیتهای کمکی به نهادهای مالی واسط,34.9,اجتناب,78,45,1,9,7230,20260929,-2.7,1.4,15.5,-34.6,-1.1,6.9,46.5,52.1,2,1,false,16.6,3.53,above,-9.7,0.63,6535,7320,-24.82,-93.73,0.73,-75.71,83.2,441,16.39,9.46,73.3,6975,6593,7320,7460,0.14,خروج مستمر پول حقیقی | 168٪ بالای کف ۵۲ هفته | سرانه خرید ضعیف (0.73) | حد ضرر دور (8.8٪) | صف فروش در ۵ روز اخیر
بالاس,مهندسی ساختمان تاسیسات راه آهن,پیمانکاری صنعتی,34.5,اجتناب,39,55,2.3,45,50430,20260929,0.1,1.9,-8.7,-58.8,-0.2,6,-5.9,52.7,1,0,false,18,3.7,inside,-38.2,0.62,49900,52000,0,-0.09,0.85,-7.56,12.65,1907,26.44,25.78,2.6,49900,48968,52000,56600,1.07,
وایران,لیزینگ ایرانیان,سایر واسطه گریهای مالی,34.4,اجتناب,40,30,41.6,24,4980,20260929,5.3,-13.1,6.9,-43.3,-6.3,3,-25.6,45.7,0,0,false,32,3.94,above,-60.2,0.54,4740,5099,0.24,0.38,0.8,-4.28,8.4,200,24.9,9.94,150.5,4784,4642,5099,5957,0.35,توزیع: ورود حقیقی با سرانه خرید ضعیف (0.61 در ۲۰ روز) | نقدشوندگی کمتر از ۱۰ میلیارد تومان
خودرو,ایران‌ خودرو,خودرو و ساخت قطعات,34.4,اجتناب,85,30,1.5,10,672,20260929,0.7,-5.6,18.7,-31.4,-5.6,4.6,21.8,46.7,1,0,false,23.7,3.67,above,-14.5,0.7,655,730,-86.89,-635.9,0.64,-524.68,529.75,,,,,655,643,730,786,1.98,واگرایی منفی RSI | خروج مستمر پول حقیقی | بدون EPS مثبت | سرانه خرید ضعیف (0.64) | واگرایی منفی
فنفت,صنایع تجهیزات نفت,فلزات اساسی,34.3,اجتناب,65,30,1,34,4780,20260929,-0.4,-8.3,33.9,-16.2,-3.4,3.8,34.8,47.8,1,0,false,24.4,3.53,above,-12.5,0.79,4590,5310,-0.24,-8.38,0.63,-11.06,7.01,529,9.04,8.05,12.2,4611,4506,5310,5460,1.93,خروج مستمر پول حقیقی | سرانه خرید ضعیف (0.63) | نقدشوندگی کمتر از ۱۰ میلیارد تومان
چفیبر,تولید فیبر ایران‌,محصولات چوبی,33.9,اجتناب,50,18,26,35,6560,20260929,-1.5,-21.1,-7.7,-57.9,-9.9,-3.3,25.5,39.5,7,2,false,37.2,4.01,above,-23.2,0.72,5990,7560,0,-4.45,0.79,-8.91,7.57,224,29.29,28.93,1.2,6297,5902,7560,8540,1.52,سهم صفی: 7 روز از ۲۰ روز در صف (ریسک نقدشوندگی و اجرای حد ضرر) | سرانه خرید ضعیف (0.79) | حد ضرر دور (10.0٪) | نقدشوندگی کمتر از ۱۰ میلیارد تومان | صف فروش در ۵ روز اخیر
خساپا,سایپا,خودرو و ساخت قطعات,33.8,اجتناب,70,30,17,10,685,20260929,-1.6,-2.1,16.9,-33.2,-5.6,9,29.2,48.5,1,0,false,29,3.78,above,-13.1,0.56,630,788,-10.09,22.08,0.62,-357.44,452.83,,,,,659,620,788,840,1.59,بدون EPS مثبت | توزیع: ورود حقیقی با سرانه خرید ضعیف (0.66 در ۲۰ روز) | سرانه خرید ضعیف (0.62) | حد ضرر دور (9.4٪)
پلاسک,پلاسکوکار,لاستیک و پلاستیک,33.8,اجتناب,90,20,1,10,5540,20260929,-4.5,-2.3,22.1,-28,-4.8,5.1,24.1,46.1,0,0,false,32.6,4.19,above,-13.6,1.01,5400,5700,-1.37,-2.33,0.79,-5.01,3.34,,,8.21,,5400,5284,5700,5900,0.63,بدون EPS مثبت | سرانه خرید ضعیف (0.79) | نقدشوندگی کمتر از ۱۰ میلیارد تومان
پلاست,کارخانجات تولیدی پلاستیران,لاستیک و پلاستیک,32.8,اجتناب,25,43,42.9,24,2025,20260929,6.1,-5,-40.1,-90.2,-3.8,-16,20.2,39.1,2,0,true,39.8,3.9,below,-45,0.46,1851,2150,0.63,-3.98,1.44,-21.01,30.78,93,21.77,9.84,121.3,1946,1827,2150,2325,0.63,حد ضرر دور (9.8٪)
تاپکیش,تجارت الکترونیک پارسیان کیش,رایانه و فعالیت‌های وابسته به آن,32.8,اجتناب,25,18,62.9,24,2417,20260929,-2.9,-9.2,8.6,-41.5,-5.9,-12.3,38.7,37.7,1,0,false,18.3,4.01,below,-27.1,0.81,2296,2482,15.34,7.84,1,1.36,9.14,96,25.18,8.89,183.2,2320,2248,2482,2676,0.38,توزیع: ورود حقیقی با سرانه خرید ضعیف (0.69 در ۲۰ روز) | 189٪ بالای کف ۵۲ هفته | حد ضرر دور (7.0٪) | نقدشوندگی کمتر از ۱۰ میلیارد تومان
کایتا,ایتالران‌,سایر محصولات کانی غیرفلزی,32.7,اجتناب,65,55,38.9,10,16090,20260929,0.7,2.7,15.8,-34.3,0,7.1,-11.7,53.3,1,1,false,32,3.81,above,-54.7,0.92,15800,16450,0,0.61,1.16,0.39,0.99,,,,,15800,15493,16450,16815,0.6,نقدشوندگی پایین | بدون EPS مثبت | نقدشوندگی کمتر از ۱۰ میلیارد تومان | صف فروش در ۵ روز اخیر
فبستم,صنایع ‌بسته‌بندی‌ مشهد,ساخت محصولات فلزی,32.5,اجتناب,55,20,57.9,30,15960,20260929,-6.8,-2.3,6.6,-43.5,-8.3,-0.4,4.2,40.9,1,0,false,24.7,4.36,above,-18.8,1.29,15116,16285,1.59,3.4,1.02,-3.46,1.44,396,40.3,,,15264,14768,16285,16648,0.27,نقدشوندگی پایین | P/E بالا (40) | توزیع: ورود حقیقی با سرانه خرید ضعیف (0.72 در ۲۰ روز) | حد ضرر دور (7.5٪) | نقدشوندگی کمتر از ۱۰ میلیارد تومان
تپمپی,پمپ‌ سازی‌ ایران‌,ماشین آلات و تجهیزات,32.4,اجتناب,100,53,11.2,16,7370,20260927,0.1,7.9,42,-8.1,2.9,17.2,68.7,61.4,0,0,false,46.5,3.57,above,-6.7,1.89,7135,7900,-3.46,-11.83,0.83,-2.31,2.94,787,9.36,5.15,81.8,7135,7003,7900,8426,1.45,نقدشوندگی پایین | واگرایی منفی RSI | خروج مستمر پول حقیقی | 69٪ بالای MA200 | واگرایی منفی | نقدشوندگی کمتر از ۱۰ میلیارد تومان | آخرین معامله 20260927 (متوقف یا کم‌معامله)
بپردیس,بیمه پردیس,بیمه وصندوق بازنشستگی به جزتامین اجتماعی,32,اجتناب,90,75,0,20,2956,20260927,-0.4,7.5,105.9,55.8,-0.4,26,76.7,60.1,5,0,false,41.8,3.31,above,-9.4,0.69,2818,3264,-1.64,-3.61,0.59,-0.54,0.81,129,22.91,,,2858,2769,3264,3459,1.65,نقدشوندگی پایین | واگرایی منفی RSI | خروج مستمر پول حقیقی | رشد عمودی (106٪ در ۶۰ روز، 26٪ بالای MA50) | 77٪ بالای MA200 | سرانه خرید ضعیف (0.59) | واگرایی منفی | نقدشوندگی کمتر از ۱۰ میلیارد تومان | آخرین معامله 20260927 (متوقف یا کم‌معامله)
وپاسار,بانک  پاسارگاد,بانکها و موسسات اعتباری,32,اجتناب,35,8,53.5,26,8820,20260929,-9.4,-21.1,-17.9,-68,-11.8,-11.7,27.9,30.5,2,2,false,38.9,3.83,below,-22.8,0.47,8100,8940,113.75,6376.88,0.41,-418.56,547.67,813,10.85,5.4,100.9,8482,7975,8940,9640,0.14,173٪ بالای کف ۵۲ هفته | سرانه خرید ضعیف (0.41) | حد ضرر دور (9.6٪) | صف فروش در ۵ روز اخیر
وبصادر,بانک صادرات ایران,بانکها و موسسات اعتباری,31.5,اجتناب,65,30,10.1,14,947,20260929,0.6,-10.2,33.6,-16.6,-4.9,10.1,44.7,49.3,2,0,false,33,3.53,above,-12,0.62,774,974,-5.78,-696.64,1.14,-115.57,355.16,5,189.4,5.4,3407.4,914,880,974,1072,0.4,خروج مستمر پول حقیقی | P/E بالا (189) | حد ضرر دور (7.1٪)
افرا,افرانت,رایانه و فعالیت‌های وابسته به آن,31.4,اجتناب,25,18,52,29,9160,20260929,4,-16.3,-25.7,-75.9,-5.4,-15.7,30.6,36.8,4,0,false,33.6,3.98,below,-34.1,0.46,8320,10020,1.45,83.9,0.75,-25.97,40.48,605,15.14,8.89,70.3,8796,8250,10020,10240,0.94,توزیع: ورود حقیقی با سرانه خرید ضعیف (0.51 در ۲۰ روز) | 201٪ بالای کف ۵۲ هفته | سرانه خرید ضعیف (0.75) | حد ضرر دور (9.9٪)
پارتا,مجتمع صنعتی آرتاویل تایر,لاستیک و پلاستیک,31.1,اجتناب,100,50,0.5,4,19800,20260929,0.4,17.2,56.2,6.1,3.5,30.2,89.5,73.9,0,0,false,52.8,2.75,above,-4.2,0.3,19416,20660,-1.99,-9.57,0.51,-1.29,1.77,985,20.1,9.84,104.3,19416,19144,20660,21749,1.31,نقدشوندگی پایین | واگرایی منفی RSI | خروج مستمر پول حقیقی | رشد عمودی (56٪ در ۶۰ روز، 30٪ بالای MA50) | 89٪ بالای MA200 | سرانه خرید ضعیف (0.51) | واگرایی منفی | نقدشوندگی کمتر از ۱۰ میلیارد تومان
ثتوسا,س.توسعه و عمران استان اردبیل,انبوه سازی، املاک و مستغلات,31.1,اجتناب,45,20,44.2,10,15520,20260929,-4.8,-1.2,14.5,-35.6,-5.5,8.4,-46.1,49,8,1,false,28.5,3.6,above,-76,0.61,14880,18100,0.06,1.38,0.91,-4.05,6.89,,,,,14961,14601,18100,21850,2.81,بدون EPS مثبت | سهم صفی: 8 روز از ۲۰ روز در صف (ریسک نقدشوندگی و اجرای حد ضرر) | توزیع: ورود حقیقی با سرانه خرید ضعیف (0.89 در ۲۰ روز) | نقدشوندگی کمتر از ۱۰ میلیارد تومان | صف فروش در ۵ روز اخیر
حکشتی,کشتیرانی جمهوری اسلامی ایران,حمل ونقل، انبارداری و ارتباطات,30.3,اجتناب,70,20,27,14,8620,20260926,-12.3,-1.6,25.8,-24.3,-7.5,2.2,28.3,42.7,2,1,false,36.5,4.01,above,-15.8,0.54,8456,8995,-41.21,397.84,0.26,-187.48,122.19,331,26.04,19.33,34.7,8456,8284,8995,9810,1.11,واگرایی منفی RSI | توزیع: ورود حقیقی با سرانه خرید ضعیف (0.76 در ۲۰ روز) | سرانه خرید ضعیف (0.26) | واگرایی منفی | صف فروش در ۵ روز اخیر | آخرین معامله 20260926 (متوقف یا کم‌معامله)
ثزاگرس,سرمایه گذاری توسعه عمران زاگرس,انبوه سازی، املاک و مستغلات,29.8,اجتناب,0,55,35,40,108600,20260929,1.1,1.6,-34.6,-84.7,-2.6,-5.7,-26.4,43.8,3,0,true,26.1,4.32,below,-50.2,0.7,103200,111885,-0.04,0.06,1.87,-2.24,6.32,123,882.93,,,103909,100855,111885,113600,0.42,P/E بالا (883) | توزیع: ورود حقیقی با سرانه خرید ضعیف (0.86 در ۲۰ روز) | حد ضرر دور (7.1٪) | نقدشوندگی کمتر از ۱۰ میلیارد تومان
انرژی,بورس انرژی ایران,فعالیتهای کمکی به نهادهای مالی واسط,29.7,اجتناب,65,30,2.9,14,22660,20260929,0.3,-9.1,26.6,-23.5,-4.6,4.2,56.7,48,0,0,false,30,3.99,above,-13.1,0.62,21470,23535,-31.36,-11.29,0.82,-78.29,82.71,522,43.41,5.92,633.3,21755,21018,23535,25950,0.53,P/E بالا (43) | 57٪ بالای MA200 | حد ضرر دور (7.2٪)
تکنو,تکنوتار,ماشین آلات و تجهیزات,29.7,اجتناب,25,47,27,24,4110,20260929,-0.2,-12.2,-33,-83.1,-6.5,-28.7,19.5,29.6,2,0,true,55.9,4.16,below,-55.3,0.85,4000,4300,0.98,-26.49,0.61,-40.57,27.05,154,26.69,5.15,418.2,4000,3915,4300,4382,0.97,252٪ بالای کف ۵۲ هفته | سرانه خرید ضعیف (0.61)
ثنظام,س. ساختمانی نظام مهندسی ایران,انبوه سازی، املاک و مستغلات,29.6,اجتناب,31,30,87,10,72400,20260929,7.5,-7,3,-47.1,-2.7,-5.7,23.7,47.2,5,1,false,30.5,3.78,inside,-13.3,0.98,70380,78250,0.08,1.01,2.24,0.87,0.85,,,,,70380,69013,78250,79790,1.73,نقدشوندگی پایین | بدون EPS مثبت | نقدشوندگی کمتر از ۱۰ میلیارد تومان | صف فروش در ۵ روز اخیر
پاریز,پاریز شرق,انبوه سازی، املاک و مستغلات,29,اجتناب,0,18,77.5,24,38050,20260929,3,-22,12.5,-37.6,-9.3,-13.6,,37.8,10,1,false,38.4,3.81,,-26.8,1.01,35463,41413,9.31,11.52,40.87,37.64,14.49,823,46.23,23.59,96,36601,34738,41413,45615,1.02,سهم صفی: 10 روز از ۲۰ روز در صف (ریسک نقدشوندگی و اجرای حد ضرر) | P/E بالا (46) | حد ضرر دور (8.7٪) | صف فروش در ۵ روز اخیر
ثشاهد,سرمایه‌ گذاری‌ شاهد,انبوه سازی، املاک و مستغلات,28.6,اجتناب,70,45,0.5,14,11560,20260928,-3.2,1,33.6,-16.5,-2.6,12.7,40.2,51.9,4,1,false,36.9,3.61,above,-12.3,0.83,10790,11790,-27.85,-80,0.61,-73.21,53.32,560,20.64,6.61,212.3,11143,10581,11790,13180,0.24,واگرایی منفی RSI | خروج مستمر پول حقیقی | سرانه خرید ضعیف (0.61) | واگرایی منفی | حد ضرر دور (8.5٪) | صف فروش در ۵ روز اخیر | آخرین معامله 20260928 (متوقف یا کم‌معامله)
آپ,آسان پرداخت پرشین,رایانه و فعالیت‌های وابسته به آن,28.4,اجتناب,10,22,69.9,14,10060,20260929,-6.6,-16.8,-2.9,-53,-10.5,-10.8,-5.5,30,1,0,false,21.2,3.98,below,-22,0.82,9920,10304,11.66,27.74,0.9,0.36,6.08,86,116.98,18.19,543.1,9920,9720,10304,10613,0.72,P/E بالا (117) | توزیع: ورود حقیقی با سرانه خرید ضعیف (0.74 در ۲۰ روز) | نقدشوندگی کمتر از ۱۰ میلیارد تومان
دانا,بیمه دانا,بیمه وصندوق بازنشستگی به جزتامین اجتماعی,28.3,اجتناب,40,30,31.4,10,2233,20260929,1.9,-9.2,8,-42.1,-5.7,0.9,-5.8,42.4,2,0,false,24.4,3.63,above,-30.4,1.13,2180,2328,2.1,-18.34,1.02,-1.48,4.57,,,4.59,,2180,2139,2328,2479,1.01,واگرایی منفی RSI | خروج مستمر پول حقیقی | بدون EPS مثبت | واگرایی منفی | نقدشوندگی کمتر از ۱۰ میلیارد تومان
سلار,شرکت سیمان لارستان,سیمان، آهک و گچ,28,اجتناب,65,30,20,30,2931,20260929,1.7,-14.2,18.3,-31.9,-8.4,1,30.5,43.1,4,0,false,30.8,3.69,above,-18.6,0.85,2790,3044,0,-0.12,3.18,-2.14,2.42,114,25.71,,,2823,2736,3044,3286,0.58,نقدشوندگی پایین | واگرایی منفی RSI | واگرایی منفی | نقدشوندگی کمتر از ۱۰ میلیارد تومان
میدکو,توسعه معادن وص.معدنی خاورمیانه,فلزات اساسی,26.9,اجتناب,35,30,27.5,14,6290,20260929,-1.9,-10.8,-11.1,-61.2,-5.4,-3.3,13.8,41.9,2,0,false,15.3,3.67,below,-17.1,0.66,6088,6450,-22.09,260.17,0.51,-183.95,125.95,93,67.63,13.48,401.7,6088,5972,6450,6610,0.5,واگرایی منفی RSI | P/E بالا (68) | توزیع: ورود حقیقی با سرانه خرید ضعیف (0.53 در ۲۰ روز) | سرانه خرید ضعیف (0.51) | واگرایی منفی | شناوری کم (9٪)
رانفور,خدمات‌انفورماتیک‌,رایانه و فعالیت‌های وابسته به آن,25.5,اجتناب,31,30,27,14,5020,20260929,1,-7,-4.2,-54.3,-5.1,-6.2,28.4,41.6,2,0,false,14.4,3.82,inside,-15.6,0.48,4910,5080,-4.63,56.74,0.65,-12.28,10.95,154,32.6,18.19,79.2,4910,4814,5080,5275,0.29,بدون روند (ADX پایین) | P/E بالا (33) | سرانه خرید ضعیف (0.65) | شناوری کم (14٪)
حپترو,حمل و نقل پتروشیمی( سهامی عام,حمل ونقل، انبارداری و ارتباطات,25.4,اجتناب,65,30,25.5,14,16560,20260929,-1,-8.1,18.6,-31.6,-6.8,4.3,14.7,44.9,2,2,false,33.4,3.9,above,-16.1,0.8,16350,17280,0,-3.03,0.64,-1.28,2.09,623,26.58,19.33,37.5,16350,16027,17280,18020,1.35,نقدشوندگی پایین | واگرایی منفی RSI | خروج مستمر پول حقیقی | سرانه خرید ضعیف (0.64) | واگرایی منفی | نقدشوندگی کمتر از ۱۰ میلیارد تومان | صف فروش در ۵ روز اخیر
سپ,پرداخت الکترونیک سامان کیش,رایانه و فعالیت‌های وابسته به آن,24.6,اجتناب,90,45,2.6,12,13620,20260922,-5.9,2.2,28.5,-21.6,-2.6,12.4,13.8,53.8,1,0,false,46.4,4.02,above,-7.7,0.44,13291,14015,-0.65,-1.41,0.88,-0.84,0.85,662,20.57,18.19,13.1,13291,13017,14015,14348,0.66,نقدشوندگی پایین | واگرایی منفی RSI | خروج مستمر پول حقیقی | واگرایی منفی | نقدشوندگی کمتر از ۱۰ میلیارد تومان | شناوری کم (10٪) | آخرین معامله 20260922 (متوقف یا کم‌معامله)
قتربت,قند تربت حیدریه,قند و شکر,21.2,اجتناب,0,18,26.5,44,8640,20260929,1.9,-23.2,13.7,-36.4,-8.3,-12.6,,37.2,0,0,false,33.2,4.04,below,-26,0.37,8330,8890,1.7,-18.15,0.71,-2.93,7.11,775,11.15,9.57,16.5,8330,8155,8890,9645,0.52,خروج مستمر پول حقیقی | 177٪ بالای کف ۵۲ هفته | سرانه خرید ضعیف (0.71) | نقدشوندگی کمتر از ۱۰ میلیارد تومان
وسالت,بانک قرض الحسنه رسالت,بانکها و موسسات اعتباری,21,اجتناب,31,40,4.9,10,3840,20260929,-1,1.3,0,-50.1,-3.8,3.8,-6.2,48,8,1,false,33.5,2.38,inside,-46.4,0.83,3751,3902,-2.28,-3.58,0.96,-5.61,4.19,,,,,3751,3706,3902,3980,0.46,بدون EPS مثبت | سهم صفی: 8 روز از ۲۰ روز در صف (ریسک نقدشوندگی و اجرای حد ضرر) | نقدشوندگی کمتر از ۱۰ میلیارد تومان | صف فروش در ۵ روز اخیر
سدشت,صنایع سیمان دشتستان,سیمان، آهک و گچ,19.9,اجتناب,70,20,0.5,19,39570,20260929,-6.5,-4.3,8,-42.1,-8.9,1.2,26.5,40.9,3,1,false,23.1,4.1,above,-20.3,1.21,36880,40040,-0.55,-0.96,0.5,-5.12,2,2835,13.96,7.14,95.5,37949,36070,40040,46300,0.13,نقدشوندگی پایین | سرانه خرید ضعیف (0.50) | حد ضرر دور (8.8٪) | نقدشوندگی کمتر از ۱۰ میلیارد تومان | شناوری کم (13٪) | صف فروش در ۵ روز اخیر
فکمند,گسترش قطعه سازی کمند,ساخت محصولات فلزی,19.4,اجتناب,48,35,41.9,10,12090,20260928,0.8,-2.7,4.2,-45.9,-1.4,7.5,-14.1,51.9,1,0,false,18.8,4.15,above,-53.9,0.97,11597,12683,0.04,0.11,0.86,-1.54,2.91,,,,,11597,11346,12683,12890,0.8,نقدشوندگی پایین | بدون EPS مثبت | توزیع: ورود حقیقی با سرانه خرید ضعیف (0.86 در ۲۰ روز) | نقدشوندگی کمتر از ۱۰ میلیارد تومان | آخرین معامله 20260928 (متوقف یا کم‌معامله)
ثفارس,عمران‌وتوسعه‌فارس‌,انبوه سازی، املاک و مستغلات,19.4,اجتناب,25,8,17,24,14340,20260929,-7.7,-4.1,5.1,-45,-9.3,-1.9,-9.6,39.6,2,1,false,27.5,3.75,above,-37.8,1.03,13930,14698,-16.55,56.94,0.42,-214.82,84.47,264,54.32,6.61,721.8,13930,13661,14698,15068,0.53,P/E بالا (54) | توزیع: ورود حقیقی با سرانه خرید ضعیف (0.67 در ۲۰ روز) | سرانه خرید ضعیف (0.42) | صف فروش در ۵ روز اخیر
تکشا,گسترش‌صنایع‌وخدمات‌کشاورزی‌,ماشین آلات و تجهیزات,17,اجتناب,35,8,15.5,24,8750,20260928,-8,-5.2,-24.1,-74.2,-10.7,-6.8,2.5,34.1,4,2,false,23.5,4.44,below,-41.1,1.08,8490,9010,-0.35,4.37,0.36,-33.2,10.7,310,28.23,5.15,448.1,8490,8296,9010,9390,0.57,توزیع: ورود حقیقی با سرانه خرید ضعیف (0.64 در ۲۰ روز) | سرانه خرید ضعیف (0.36) | صف فروش در ۵ روز اخیر | آخرین معامله 20260928 (متوقف یا کم‌معامله)
نبروج,نساجی بروجرد,منسوجات,15,اجتناب,55,55,0,10,19520,20260914,4.1,-3.1,-11.9,-62,2.3,-8.8,11.8,45.3,12,0,true,48.7,1.25,below,-24.3,0.56,18380,22188,0,0,,0,0.37,,,,,19276,19033,22188,22725,5.48,نقدشوندگی پایین | بدون EPS مثبت | سهم صفی: 12 روز از ۲۰ روز در صف (ریسک نقدشوندگی و اجرای حد ضرر) | 1041٪ بالای کف ۵۲ هفته | نقدشوندگی کمتر از ۱۰ میلیارد تومان | آخرین معامله 20260914 (متوقف یا کم‌معامله)
خلیبل,مالیبل سایپا,خودرو و ساخت قطعات,13.6,اجتناب,50,30,0.4,10,1741,20260929,-2.1,-11.7,4.3,-45.8,-6.5,-2.2,7.2,43.4,1,0,false,26.1,4.02,above,-16.2,0.71,1720,1797,0,0,0.81,-0.68,0.57,,,,,1720,1685,1797,1842,1,نقدشوندگی پایین | بدون EPS مثبت | نقدشوندگی کمتر از ۱۰ میلیارد تومان
ثامان,سامان‌ گستراصفهان‌,انبوه سازی، املاک و مستغلات,13.5,اجتناب,16,32,0,29,28070,20260926,-14.1,-27,54.1,4,-22,-17.8,-31.8,23.8,8,5,false,43.7,4.45,inside,-63.5,0.07,20550,36485,-0.97,-12.67,0.15,-6.67,28.11,1764,15.91,6.61,140.7,26822,25573,36485,38474,3.37,واگرایی منفی RSI | سهم صفی: 8 روز از ۲۰ روز در صف (ریسک نقدشوندگی و اجرای حد ضرر) | سرانه خرید ضعیف (0.15) | واگرایی منفی | حد ضرر دور (8.9٪) | صف فروش در ۵ روز اخیر | آخرین معامله 20260926 (متوقف یا کم‌معامله)
تاتمس,کارخانجات صنعتی وتولیدی اتمسفر,ماشین آلات و تجهیزات,11.5,اجتناب,50,20,0,30,12590,20260928,-10.3,-8.9,-11.4,-61.6,-6.7,-0.4,17.9,41.8,3,3,false,28.4,3.44,above,-14.4,0.54,12130,12925,0,-5.53,0.51,-0.42,0.49,248,50.77,,,12157,11913,12925,13158,0.5,نقدشوندگی پایین | واگرایی منفی RSI | خروج مستمر پول حقیقی | P/E بالا (51) | سرانه خرید ضعیف (0.51) | واگرایی منفی | نقدشوندگی کمتر از ۱۰ میلیارد تومان | صف فروش در ۵ روز اخیر | آخرین معامله 20260928 (متوقف یا کم‌معامله)
کشرق,صنعتی و معدنی شمال شرق شاهرود,استخراج زغال سنگ,7.9,اجتناب,31,30,0.5,10,125800,20260929,-0.2,-12.3,28.1,-22,-5.8,-7.9,28.3,40.8,3,0,false,26.7,4.15,inside,-24.3,0.62,119100,133200,-0.06,-0.32,0.73,-1.05,1.41,,,15.48,,120583,116491,133200,144300,0.79,نقدشوندگی پایین | بدون EPS مثبت | سرانه خرید ضعیف (0.73) | حد ضرر دور (7.4٪) | نقدشوندگی کمتر از ۱۰ میلیارد تومان
ساذری,آذریت‌,سایر محصولات کانی غیرفلزی,-7.9,اجتناب,10,8,0,10,24870,20260927,-3.8,-13.4,-36.9,-87,-8.4,-20.2,-17.1,30.7,0,0,false,43,4.3,below,-39.1,0.85,24300,25675,0,-0.12,0.71,-0.82,0.79,,,,,24300,23765,25675,26213,0.73,نقدشوندگی پایین | بدون EPS مثبت | سرانه خرید ضعیف (0.71) | نقدشوندگی کمتر از ۱۰ میلیارد تومان | آخرین معامله 20260927 (متوقف یا کم‌معامله)
