symbol,name,sector,score,signal,trend,momentum,money,value,close,lastDate,ret5,ret20,ret60,rs60,vsSma20,vsSma50,vsSma200,rsi,lockedDays20,sellQueueDays5,macdAboveSignal,adx,atrPct,cloud,fromHigh52,volRatio,support1,resistance1,netReal5B,netReal20B,power5,smt5B,liquidityB,eps,pe,sectorPE,peVsSector,entryLow,stop,target1,target2,rr,flags
وسبحان,سرمایه گذاری سبحان,سرمایه گذاریها,91.6,قوی ولی پرشده؛ منتظر پولبک,100,85,98.5,80,3950,20261004,14.5,26.2,87.5,40.9,13.8,28.4,103.3,79.7,2,0,true,52.2,2.82,above,-0.3,1.81,3550,,42.53,42.47,1.69,6.38,9.93,956,4.13,8.73,-52.7,3839,3727,4284,4506,1.5,واگرایی منفی RSI | اشباع خرید | 103٪ بالای MA200 | واگرایی منفی | نقدشوندگی کمتر از ۱۰ میلیارد تومان
سمگا,گروه سرمایه گذاری میراث فرهنگی,هتل و رستوران,91.4,قوی ولی پرریسک؛ فعلاً ورود نه,100,100,97.5,68,4220,20261004,8.2,15.3,51.6,5.1,6.9,18.3,58.1,65.2,3,0,true,37.6,3.15,above,-3.4,1.72,4090,,206.94,276.19,3.12,162.04,71.36,1002,4.21,4.69,-10.2,4090,4023,4619,4885,2.03,واگرایی منفی RSI | 58٪ بالای MA200 | واگرایی منفی
ولبهمن,شرکت بهمن لیزینگ,سایر واسطه گریهای مالی,90.3,قوی؛ نزدیک مقاومت، منتظر شکست یا پولبک,95,100,99,68,3420,20261004,14.2,11,73.6,27.1,7.4,25.8,65.6,69.6,5,0,true,37.9,3.21,above,-4.2,1.9,2810,3570,66.75,66.95,4.1,24.1,18.84,776,4.41,5.8,-24,3310,3201,3570,3789,0.68,66٪ بالای MA200
ثاخت,بین‌المللی‌توسعه‌ساختمان,انبوه سازی، املاک و مستغلات,88.7,پرریسک؛ صفی/رشد عمودی,100,88,84.5,80,873,20261004,7.8,18.5,36.6,-9.9,11,19.7,64.7,68.8,6,1,true,35.5,3.03,above,-4.1,1.31,808,,55.24,73.45,6.52,-58.41,38.02,199,4.39,6.61,-33.6,847,807,952,1005,1.2,سهم صفی: 6 روز از ۲۰ روز در صف (ریسک نقدشوندگی و اجرای حد ضرر) | توزیع: ورود حقیقی با سرانه خرید ضعیف (0.77 در ۲۰ روز) | 65٪ بالای MA200 | حد ضرر دور (7.6٪) | صف فروش در ۵ روز اخیر
شدوص,دوده‌ صنعتی‌ پارس‌,محصولات شیمیایی,87.9,پرریسک؛ صفی/رشد عمودی,95,100,97.5,60,7990,20261004,15.5,7.1,65.4,18.9,10,19.6,69,69.2,6,0,true,41,3.16,above,0,2.31,7890,,42.88,65.07,7.98,24.99,19.87,1044,7.65,9.63,-20.5,7890,7764,8747,9251,3.35,سهم صفی: 6 روز از ۲۰ روز در صف (ریسک نقدشوندگی و اجرای حد ضرر) | توزیع: ورود حقیقی با سرانه خرید ضعیف (0.73 در ۲۰ روز) | 69٪ بالای MA200
فتوسا,تولید و توسعه سرب روی ایرانیان,فلزات اساسی,87,پرریسک؛ صفی/رشد عمودی,100,85,88,72,7540,20261004,8.8,31.1,87.7,41.2,10.7,29.1,113.8,74.8,9,0,true,50.5,3.09,above,-0.5,1.04,7350,,9.35,26,3.04,42.35,18.28,1389,5.43,8.05,-32.6,7350,7234,8238,8704,2.28,سهم صفی: 9 روز از ۲۰ روز در صف (ریسک نقدشوندگی و اجرای حد ضرر) | 114٪ بالای MA200
ولساپا,لیزینگ رایان‌ سایپا,سایر واسطه گریهای مالی,87,پرریسک؛ صفی/رشد عمودی,100,70,100,72,1745,20261004,15.7,70.1,107.4,60.9,27.5,59.3,121.9,93.6,14,0,true,68,2.42,above,0,1.43,1076,,35.66,106.07,5.86,93.46,23.54,335,5.21,9.94,-47.6,1703,1661,1872,1956,1.5,اشباع خرید | فاصله زیاد از MA20 | سهم صفی: 14 روز از ۲۰ روز در صف (ریسک نقدشوندگی و اجرای حد ضرر) | رشد عمودی (107٪ در ۶۰ روز، 59٪ بالای MA50) | 122٪ بالای MA200
کهمدا,شیشه‌ همدان‌,سایر محصولات کانی غیرفلزی,86.9,پرریسک؛ صفی/رشد عمودی,100,85,87.5,72,6490,20261004,14.3,15.7,67.7,21.2,9.8,22.9,125.6,73.1,6,0,true,37.4,3.3,above,-1.1,0.98,6370,,6.71,49.59,6.34,35.75,23.87,981,6.62,12.75,-48.1,6370,6263,7133,7562,2.83,سهم صفی: 6 روز از ۲۰ روز در صف (ریسک نقدشوندگی و اجرای حد ضرر) | 126٪ بالای MA200
شجم,صنایع پتروشیمی تخت جمشید,محصولات شیمیایی,86.4,قوی ولی پرشده؛ منتظر پولبک,100,85,97.5,60,12360,20261004,15.6,20.7,49.5,2.9,14.8,28.8,38.2,77.4,4,0,true,38,2.95,above,-0.1,1.25,11050,,15.34,15,3.09,28.4,12.33,1969,6.28,8.01,-21.6,11996,11631,13453,14182,1.5,واگرایی منفی RSI | واگرایی منفی
ثبهساز,بهساز کاشانه تهران,انبوه سازی، املاک و مستغلات,85.8,قوی ولی پرریسک؛ فعلاً ورود نه,83,80,99.5,80,2064,20261004,14.3,9.4,27.4,-19.1,7.5,11.3,58.2,65.5,1,0,true,17,3.14,above,-0.3,1.41,2033,,42.55,74.24,5.04,130,33.75,655,3.15,6.61,-52.3,2033,2001,2258,2388,3.07,58٪ بالای MA200
کرازی,کارخانجات‌تولیدی‌شیشه‌رازی‌,سایر محصولات کانی غیرفلزی,85.5,قوی؛ نزدیک مقاومت، منتظر شکست یا پولبک,95,100,98,50,2004,20261004,11.9,12.4,76.8,30.3,7,19.6,74.6,67.7,5,0,true,27.1,3.37,above,-1.7,2,1839,2032,109.43,117.73,9.17,39.44,29.68,221,9.07,12.75,-28.9,1936,1835,2032,2167,0.17,توزیع: ورود حقیقی با سرانه خرید ضعیف (0.85 در ۲۰ روز) | 75٪ بالای MA200 | حد ضرر دور (8.4٪)
بتهران,بیمه اتکایی تهران رواک,بیمه وصندوق بازنشستگی به جزتامین اجتماعی,84.3,پرریسک؛ صفی/رشد عمودی,100,70,99,62,9820,20261004,12.9,51.1,218.7,172.2,22.3,54.2,,89.2,9,0,true,77.1,2.71,above,-0.9,1.3,7710,,56.61,88.86,1.86,9.25,16.94,956,10.27,18.13,-43.3,9554,9288,10618,11150,1.5,واگرایی منفی RSI | اشباع خرید | فاصله زیاد از MA20 | سهم صفی: 9 روز از ۲۰ روز در صف (ریسک نقدشوندگی و اجرای حد ضرر) | رشد عمودی (219٪ در ۶۰ روز، 54٪ بالای MA50) | 406٪ بالای کف ۵۲ هفته | واگرایی منفی
داترا,آترا زیست آرای,مواد و محصولات دارویی,84.1,قوی ولی پرشده؛ منتظر پولبک,100,85,98.5,50,7770,20261004,14.9,16.7,63.6,17,12.5,25,,73.4,4,0,true,33.9,3.17,above,-0.4,1.54,7265,,77.45,42.45,15.77,80.74,37.97,777,10,12.91,-22.5,7524,7154,8509,9001,1.2,201٪ بالای کف ۵۲ هفته | حد ضرر دور (7.9٪)
بخاور,بیمه زندگی خاورمیانه,بیمه وصندوق بازنشستگی به جزتامین اجتماعی,84.1,پرریسک؛ صفی/رشد عمودی,100,70,98.5,62,7910,20261004,15.6,29,49.3,2.8,15.2,26,85,81.9,7,0,true,36.7,2.56,above,0,1.47,7010,,21.74,6.48,4.97,19.6,3.9,813,9.73,18.13,-46.3,7708,7505,8517,8922,1.5,اشباع خرید | فاصله زیاد از MA20 | سهم صفی: 7 روز از ۲۰ روز در صف (ریسک نقدشوندگی و اجرای حد ضرر) | 85٪ بالای MA200 | نقدشوندگی کمتر از ۱۰ میلیارد تومان
وبوعلی,سرمایه‌گذاری‌بوعلی‌,سرمایه گذاریها,83.7,قوی؛ نزدیک مقاومت، منتظر شکست یا پولبک,100,65,82.8,80,3770,20261004,-1,18.2,57.9,11.4,4.5,23.3,74.7,64.4,3,1,false,57.8,3.42,above,-5.5,1.57,3330,3990,15.09,18.4,1.39,6.16,6.57,1066,3.54,7.13,-50.4,3641,3512,3990,4248,0.85,واگرایی منفی RSI | 75٪ بالای MA200 | واگرایی منفی | نقدشوندگی کمتر از ۱۰ میلیارد تومان | صف فروش در ۵ روز اخیر
غدانه,پنبه و دانه های روغنی خراسان,محصولات غذایی و آشامیدنی به جز قند و شکر,83,پرریسک؛ صفی/رشد عمودی,100,100,72,60,20490,20261004,11.4,21.4,77.1,30.6,9.7,15.4,76.6,69.6,7,0,true,38.4,3.35,above,-2.2,0.88,19950,,2.33,47.22,4.32,-15.29,42.57,3417,6,7.05,-14.9,19950,19607,22546,23917,2.33,واگرایی منفی RSI | سهم صفی: 7 روز از ۲۰ روز در صف (ریسک نقدشوندگی و اجرای حد ضرر) | توزیع: ورود حقیقی با سرانه خرید ضعیف (0.86 در ۲۰ روز) | 77٪ بالای MA200 | واگرایی منفی
شکبیر,پتروشیمی امیرکبیر,محصولات شیمیایی,82.6,قوی ولی پرریسک؛ فعلاً ورود نه,100,88,98,42,143300,20261004,5,6.8,38.7,-7.8,4.5,19.7,45.3,63,5,0,true,37.3,3.25,above,-9,1.43,134000,157435,4.54,13.38,2,5.51,5.47,27918,5.13,,,138636,131668,157435,166762,1.22,180٪ بالای کف ۵۲ هفته | حد ضرر دور (8.1٪) | نقدشوندگی کمتر از ۱۰ میلیارد تومان
فنورد,نوردوقطعات‌ فولادی‌,فلزات اساسی,82.5,پرریسک؛ صفی/رشد عمودی,100,75,88,62,12860,20261004,5.8,14.5,104.4,57.9,4,24.1,128.6,65.9,3,0,false,52.1,3.64,above,-4,1.22,11770,13400,5.97,19.42,1.68,2.47,21.89,1550,8.3,13.48,-38.5,12392,11691,13400,14335,0.46,واگرایی منفی RSI | رشد عمودی (104٪ در ۶۰ روز، 24٪ بالای MA50) | توزیع: ورود حقیقی با سرانه خرید ضعیف (0.72 در ۲۰ روز) | 129٪ بالای MA200 | واگرایی منفی | حد ضرر دور (9.1٪)
ثباغ,شهر سازی و خانه سازی باغمیشه,انبوه سازی، املاک و مستغلات,82.3,قوی؛ نزدیک مقاومت، منتظر شکست یا پولبک,95,55,99,72,7860,20261004,2.3,5.6,34.6,-11.9,4.2,15.6,56.5,63.5,0,0,false,41,3.53,above,-2.1,1.62,7330,7957,34.23,36.94,1.62,25.45,9.63,1129,6.96,23.59,-70.5,7583,7191,7957,8511,0.14,56٪ بالای MA200 | حد ضرر دور (8.5٪) | نقدشوندگی کمتر از ۱۰ میلیارد تومان
غدیس,پاکدیس,محصولات غذایی و آشامیدنی به جز قند و شکر,82.2,قوی؛ نزدیک مقاومت، منتظر شکست یا پولبک,88,100,96.2,47,13920,20261004,11.4,21.6,87.8,41.3,10.1,14.2,83.6,68.7,3,0,true,18.9,3.31,above,-2.6,1.36,13600,14290,24.65,46.15,1.53,28.88,14.19,1819,7.65,7.05,8.5,13600,13370,14290,15211,0.67,84٪ بالای MA200
خلنت,لنت‌ ترمزایران‌,خودرو و ساخت قطعات,82,قوی ولی پرشده؛ منتظر پولبک,100,85,98,42,6540,20261004,14.5,16.8,55.2,8.6,14,21.8,70.2,75.1,5,0,true,33.5,2.88,above,-0.2,2.2,6000,,31.36,24.8,2.09,25.83,9,1027,6.37,,,6352,6070,7104,7480,1.2,70٪ بالای MA200 | حد ضرر دور (7.2٪) | نقدشوندگی کمتر از ۱۰ میلیارد تومان
غشاذر,پگاه‌آذربایجان‌غربی‌,محصولات غذایی و آشامیدنی به جز قند و شکر,81.8,قوی ولی پرریسک؛ فعلاً ورود نه,100,80,83,60,20970,20261004,7.8,11.1,35.3,-11.2,6.4,15.2,78.1,66.3,3,0,true,22.2,3.67,above,-4.1,1.37,20600,,22.52,47.08,4.56,-1.38,14.14,2810,7.46,8.53,-12.5,20600,20215,23280,24820,3.06,واگرایی منفی RSI | 78٪ بالای MA200 | واگرایی منفی
خیمن,ایمن خودرو شرق,خودرو و ساخت قطعات,81.6,قوی؛ نزدیک مقاومت، منتظر شکست یا پولبک,95,85,64.5,80,5550,20261004,7.8,8.4,67.2,20.6,10.6,14.4,63.8,72.5,0,0,true,29.6,3.44,above,-1.8,1.4,5310,5650,15.41,49.64,0.88,-47,28.63,1533,3.62,5.87,-38.3,5359,5215,5650,6032,0.3,64٪ بالای MA200
معین,بیمه ایران - معین,بیمه وصندوق بازنشستگی به جزتامین اجتماعی,81.6,پرریسک؛ صفی/رشد عمودی,100,70,78.5,72,3560,20261004,11.3,27.3,80.5,34,15,35.6,70.6,83,4,0,true,61.6,2.9,above,-1.7,1.05,3130,,3.41,3.78,6.69,42.03,13.91,644,5.53,18.13,-69.5,3457,3354,3869,4076,1.5,اشباع خرید | فاصله زیاد از MA20 | رشد عمودی (81٪ در ۶۰ روز، 36٪ بالای MA50) | 71٪ بالای MA200
لبوتان,گروه‌صنعتی‌بوتان‌,ماشین آلات و تجهیزات,81.6,قوی ولی پرریسک؛ فعلاً ورود نه,100,88,89,47,4770,20261004,9.7,9.9,38.3,-8.2,8.4,14.2,52.4,69.1,1,0,true,36.1,3.54,above,-2.7,1.08,4660,,4.46,33.89,2.04,5.06,7.89,849,5.62,5.15,9.1,4660,4576,5276,5614,2.61,52٪ بالای MA200 | نقدشوندگی کمتر از ۱۰ میلیارد تومان
فایرا,آلومینیوم‌ایران‌,فلزات اساسی,81.3,قوی؛ نزدیک مقاومت، منتظر شکست یا پولبک,100,100,53,72,15860,20261004,5.7,11.9,76,29.5,5.1,13.3,109.1,62.2,1,0,true,32.3,3.42,above,-5.1,1.02,15050,16220,22.5,106.61,0.78,-58.64,78.31,2419,6.56,13.48,-51.4,15317,14779,16220,17305,0.33,توزیع: ورود حقیقی با سرانه خرید ضعیف (0.65 در ۲۰ روز) | 109٪ بالای MA200 | سرانه خرید ضعیف (0.78)
شسپا,نفت سپاهان,فراورده های نفتی، کک و سوخت هسته ای,81.1,پرریسک؛ صفی/رشد عمودی,100,85,89.5,47,24560,20261004,15,28.1,72.8,26.2,12.4,27.6,128.4,76.5,8,0,true,43.9,3.13,above,0,0.83,23390,,232.42,258.1,4.79,193.57,96.85,3704,6.63,6.26,5.9,23791,23006,26866,28403,1.48,سهم صفی: 8 روز از ۲۰ روز در صف (ریسک نقدشوندگی و اجرای حد ضرر) | توزیع: ورود حقیقی با سرانه خرید ضعیف (0.70 در ۲۰ روز) | 128٪ بالای MA200
وپایا,سرمایه گذاری پایا تدبیرپارسا,سرمایه گذاریها,80.6,پرریسک؛ صفی/رشد عمودی,100,85,97.5,37,2241,20261004,15.8,23.5,73.5,27,15,30,74.4,79.9,5,0,true,48.3,2.99,above,0,1.41,2017,,18.46,8.26,411.82,23.09,3.67,235,9.54,8.73,9.2,2174,2107,2442,2576,1.5,واگرایی منفی RSI | اشباع خرید | رشد عمودی (73٪ در ۶۰ روز، 30٪ بالای MA50) | 74٪ بالای MA200 | واگرایی منفی | نقدشوندگی کمتر از ۱۰ میلیارد تومان
وبانک,سرمایه گذاری گروه توسعه ملی,شرکتهای چند رشته ای صنعتی,80.5,پرریسک؛ صفی/رشد عمودی,100,70,74,72,14430,20261004,15.3,29.8,95,48.5,16.5,39.3,93.5,84,7,0,true,61.1,2.92,above,-0.2,1.23,12545,,438.91,34.88,1.64,-25.94,181.3,2109,6.84,10.88,-37.1,14008,13586,15695,16539,1.5,واگرایی منفی RSI | اشباع خرید | فاصله زیاد از MA20 | سهم صفی: 7 روز از ۲۰ روز در صف (ریسک نقدشوندگی و اجرای حد ضرر) | رشد عمودی (95٪ در ۶۰ روز، 39٪ بالای MA50) | توزیع: ورود حقیقی با سرانه خرید ضعیف (0.78 در ۲۰ روز) | 93٪ بالای MA200 | واگرایی منفی
تایرا,تراکتورسازی‌ایران‌,ماشین آلات و تجهیزات,80.1,قوی ولی پرریسک؛ فعلاً ورود نه,100,88,62,68,3450,20261004,7.5,18.3,40.6,-6,7.4,18.5,51.1,68.9,2,0,true,34.3,3.57,above,-3.9,1.09,3330,,3.66,-37.01,13.6,4.2,16.4,754,4.58,5.15,-11.2,3330,3268,3819,4065,2.03,واگرایی منفی RSI | خروج مستمر پول حقیقی | 51٪ بالای MA200 | واگرایی منفی
زملارد,کشاورزی و دامپروری ملارد شیر,زراعت و خدمات وابسته,79.9,قوی؛ نزدیک مقاومت، منتظر شکست یا پولبک,95,100,88.5,37,1560,20261004,6.8,8.9,52.5,5.9,4.7,13.3,61.3,63.1,3,0,true,32.7,3.85,above,-3.6,1.28,1388,1597,27.58,18.04,8.49,65.43,20.38,183,8.52,8.07,5.6,1500,1410,1597,1717,0.25,61٪ بالای MA200 | حد ضرر دور (9.6٪)
نخریس,نخریسی و نساجی خسروی خراسان,منسوجات,79.9,پرریسک؛ صفی/رشد عمودی,100,85,88.5,43,25820,20261004,7.8,32.1,111.8,65.2,13.4,35.3,95.3,76.9,4,0,true,54.4,2.96,above,-4.1,0.83,23570,,12.4,35.21,66.51,25.52,10.19,2027,12.74,14.29,-10.9,25056,23909,28113,29642,1.2,واگرایی منفی RSI | رشد عمودی (112٪ در ۶۰ روز، 35٪ بالای MA50) | 95٪ بالای MA200 | واگرایی منفی | حد ضرر دور (7.4٪)
تنوین,تامین سرمایه نوین,فعالیتهای کمکی به نهادهای مالی واسط,79.9,قوی ولی پرریسک؛ فعلاً ورود نه,100,85,71.5,60,3161,20261004,15.4,21.2,97.8,51.3,11.9,27.4,97.5,73.1,4,0,true,36.7,2.99,above,-0.2,1.52,2964,,48.93,-0.56,7.74,36.56,14.83,605,5.22,5.92,-11.7,3066,2925,3445,3634,1.2,واگرایی منفی RSI | 98٪ بالای MA200 | واگرایی منفی | حد ضرر دور (7.5٪)
شغدیر,پتروشیمی غدیر,محصولات شیمیایی,79.6,پرریسک؛ صفی/رشد عمودی,100,85,70.5,60,87690,20261004,10.4,18.6,205.3,158.7,10.9,30.7,118.4,74.8,2,0,true,64.2,3.21,above,-2.1,0.81,82210,,42.69,151.1,1.52,-6.63,66.06,12273,7.14,9.63,-25.8,84879,80804,96124,101747,1.22,واگرایی منفی RSI | رشد عمودی (205٪ در ۶۰ روز، 31٪ بالای MA50) | توزیع: ورود حقیقی با سرانه خرید ضعیف (0.85 در ۲۰ روز) | 118٪ بالای MA200 | واگرایی منفی | حد ضرر دور (7.9٪)
فپنتا,سپنتا,فلزات اساسی,79.3,پرریسک؛ صفی/رشد عمودی,100,75,97,40,50760,20261004,15.4,22.9,63.9,17.4,6.4,30.1,39.9,68.6,14,0,false,46.8,2.85,above,-10.4,1.42,47742,52467,52.6,117.6,2.83,71.75,28.89,4100,12.38,13.48,-8.2,49312,47141,52467,53780,0.47,سهم صفی: 14 روز از ۲۰ روز در صف (ریسک نقدشوندگی و اجرای حد ضرر) | رشد عمودی (64٪ در ۶۰ روز، 30٪ بالای MA50) | توزیع: ورود حقیقی با سرانه خرید ضعیف (0.88 در ۲۰ روز) | حد ضرر دور (7.1٪)
وبهمن,سرمایه‌گذاری‌بهمن‌,سرمایه گذاریها,78.8,قوی؛ نزدیک مقاومت، منتظر شکست یا پولبک,85,55,89.2,80,2187,20261004,4.1,3.8,23.7,-22.8,-1.1,7.1,19.8,53.6,2,0,false,21.3,3.27,above,-9.9,1.28,2080,2215,96.42,200.92,1.23,21.62,31.1,710,3.08,7.13,-56.8,2115,2044,2215,2428,0.2,توزیع: ورود حقیقی با سرانه خرید ضعیف (0.84 در ۲۰ روز)
حآفرین,ریل پرداز نو آفرین,حمل ونقل، انبارداری و ارتباطات,78.8,پرریسک؛ صفی/رشد عمودی,85,75,63,90,2796,20261004,-0.1,6.6,69.1,22.6,-3.9,21,77.8,55.6,10,0,false,44.8,3.57,above,-18.7,1.08,2704,2881,4.82,58.24,1.24,-14.63,41.3,704,3.97,7.68,-48.3,2704,2654,2881,3440,0.6,سهم صفی: 10 روز از ۲۰ روز در صف (ریسک نقدشوندگی و اجرای حد ضرر) | 78٪ بالای MA200
قاسم,قاسم ایران,خرده فروشی،باستثنای وسایل نقلیه موتوری,78.8,پرریسک؛ صفی/رشد عمودی,95,85,99,34,2614,20261004,15.8,12.3,50.4,3.8,12.3,18.8,104.5,71,8,0,true,23.8,3.06,above,0,1.28,2458,,81.97,102.5,8.92,78.58,14.93,345,7.58,6.17,22.8,2534,2418,2854,3014,1.22,سهم صفی: 8 روز از ۲۰ روز در صف (ریسک نقدشوندگی و اجرای حد ضرر) | 105٪ بالای MA200 | حد ضرر دور (7.5٪)
فاما,صنعتی‌ آما,ساخت محصولات فلزی,78.6,پرریسک؛ صفی/رشد عمودی,100,75,87.5,47,7110,20261004,11.4,24.7,90.9,44.4,7.3,24,107.6,69.8,9,0,false,47.4,3.31,above,-3.1,1.14,6160,7340,18.44,21.51,2.51,18.24,11.54,922,7.71,7.54,2.3,6875,6639,7340,7811,0.49,سهم صفی: 9 روز از ۲۰ روز در صف (ریسک نقدشوندگی و اجرای حد ضرر) | 108٪ بالای MA200
دفارا,داروسازی‌ فارابی‌,مواد و محصولات دارویی,78.4,پرریسک؛ صفی/رشد عمودی,100,100,63.5,50,19720,20261004,5.4,10.2,66,19.5,8.1,21.6,118.3,65.9,6,1,true,45.9,3.4,above,-6.3,1.1,18870,,78.22,67.69,3.06,-53.91,89.43,1956,10.08,12.91,-21.9,19049,18535,21732,23074,1.7,سهم صفی: 6 روز از ۲۰ روز در صف (ریسک نقدشوندگی و اجرای حد ضرر) | توزیع: ورود حقیقی با سرانه خرید ضعیف (0.70 در ۲۰ روز) | 118٪ بالای MA200 | صف فروش در ۵ روز اخیر
غدشت,دشت‌ مرغاب‌,محصولات غذایی و آشامیدنی به جز قند و شکر,78.4,قوی ولی پرریسک؛ فعلاً ورود نه,88,88,77.5,60,4380,20261004,15,18.1,46,-0.5,10.2,20.6,52.9,69.8,5,0,true,18.7,3.02,above,0,1.09,4290,,6.65,6.45,6.76,15.21,10.35,591,7.41,8.53,-13.1,4290,4224,4776,5040,2.54,53٪ بالای MA200
کیمیا,ص. معدنی کیمیای زنجان گستران,فلزات اساسی,78.4,پرریسک؛ صفی/رشد عمودی,100,75,61.5,72,6580,20261004,3.1,17.7,117.5,71,3.1,23.1,122.1,65.1,7,0,false,64,3.27,above,-6,1.03,5980,7000,12.71,14.31,1.78,-2.22,21.41,949,6.93,13.48,-48.6,6365,6042,7000,7431,0.78,سهم صفی: 7 روز از ۲۰ روز در صف (ریسک نقدشوندگی و اجرای حد ضرر) | رشد عمودی (118٪ در ۶۰ روز، 23٪ بالای MA50) | توزیع: ورود حقیقی با سرانه خرید ضعیف (0.85 در ۲۰ روز) | 122٪ بالای MA200 | حد ضرر دور (8.2٪)
توریل,توکاریل,حمل ونقل، انبارداری و ارتباطات,78.3,قوی؛ نزدیک مقاومت، منتظر شکست یا پولبک,100,55,89,60,3560,20261004,6,9.9,23.6,-23,4.1,15.9,32.4,62.8,1,0,false,29.4,3.38,above,-3.3,1.02,3260,3680,20.47,62.33,4.17,24.09,13.13,616,5.78,7.68,-24.7,3440,3259,3680,3921,0.4,واگرایی منفی RSI | واگرایی منفی | حد ضرر دور (8.5٪)
غچین,کشت‌ و صنعت‌ چین‌ چین,محصولات غذایی و آشامیدنی به جز قند و شکر,78.3,قوی ولی پرریسک؛ فعلاً ورود نه,100,85,78,47,5280,20261004,12.6,9.5,46.7,0.1,8.3,22.5,69.9,71,4,0,true,37.8,3.14,above,-0.6,1.1,4390,,17.13,9.19,3.29,16.09,10.12,682,7.74,8.53,-9.2,5114,4949,5777,6108,1.5,70٪ بالای MA200
کپرسپولیس,مجتمع کاشی و سنگ پرسپولیس یزد,کاشی و سرامیک,78.1,قوی ولی پرشده؛ منتظر پولبک,100,85,87.5,37,9750,20261004,13.4,17.3,58.6,12,12.2,22,,75.8,4,0,true,42,2.96,above,-0.4,1.02,9180,,28.29,26.53,31.94,79.79,19.68,966,10.09,9.26,9,9461,9036,10616,11193,1.21,واگرایی منفی RSI | واگرایی منفی | حد ضرر دور (7.3٪)
پخش,پخش البرز,مواد و محصولات دارویی,78.1,قوی ولی پرریسک؛ فعلاً ورود نه,100,80,68.4,60,15030,20261004,7.1,16.4,23.8,-22.7,7.8,16.7,84.2,67.4,3,0,true,37.6,3.63,above,-4.3,1.17,14450,,65.12,163.9,1.38,-98.95,67.86,2029,7.41,8.86,-16.4,14484,14177,16669,17762,1.92,واگرایی منفی RSI | توزیع: ورود حقیقی با سرانه خرید ضعیف (0.70 در ۲۰ روز) | 84٪ بالای MA200 | واگرایی منفی
خموتور,موتورسازان‌تراکتورسازی‌ایران‌,خودرو و ساخت قطعات,78.1,قوی ولی پرشده؛ منتظر پولبک,95,85,88.3,42,2622,20261004,13.9,17.7,50.5,4,12.2,18.7,39.6,73.1,2,0,true,43.4,3.54,above,-2.2,2.25,2430,2681,49.83,67.14,1.17,10.96,14.13,385,6.81,,,2529,2390,2681,2866,0.25,حد ضرر دور (8.9٪)
پترول,گ.س.وت.ص.پتروشیمی خلیج فارس,محصولات شیمیایی,78,ورود پله‌ای,90,63,63.7,90,2442,20261004,-1.5,7.7,45.1,-1.4,-3.6,6.9,47.6,50.2,3,0,false,31.4,3.61,above,-13.6,0.74,2406,2825,12.6,131.41,1.25,-24.81,69,710,3.44,9.63,-64.3,2406,2362,2825,3001,4.78,
فسبزوار,پارس فولاد سبزوار,فلزات اساسی,78,قوی ولی پرریسک؛ فعلاً ورود نه,100,73,61.6,72,85830,20261004,14.1,22.7,39.7,-6.8,11.1,19.4,79.5,71.5,3,0,true,28.4,2.99,above,-0.5,1,74940,,2.31,-73.42,1.54,66.2,59.21,14489,5.92,13.48,-56.1,83267,80704,93519,98645,1.5,واگرایی منفی RSI | خروج مستمر پول حقیقی | 79٪ بالای MA200 | واگرایی منفی
داتام,گروه مالی داتام,سرمایه گذاریها,77.9,قوی؛ نزدیک مقاومت، منتظر شکست یا پولبک,100,55,87.5,80,3920,20261003,2.6,5.1,21.7,-24.8,1.8,13.7,45.2,59.9,2,1,false,34.2,3.36,above,-5.5,1.18,3527,4150,6,9,2.55,12.99,4.62,1405,2.79,7.13,-60.9,3788,3590,4150,4414,0.7,212٪ بالای کف ۵۲ هفته | حد ضرر دور (8.4٪) | نقدشوندگی کمتر از ۱۰ میلیارد تومان | شناوری کم (5٪) | صف فروش در ۵ روز اخیر | آخرین معامله 20261003 (متوقف یا کم‌معامله)
فجر,فولاد امیرکبیرکاشان,فلزات اساسی,77.8,پرریسک؛ صفی/رشد عمودی,100,70,63,72,8490,20261004,15.5,34.5,144,97.4,15.7,41.2,160.2,81.3,13,0,true,62.2,2.77,above,0,0.73,7800,,60.88,-29.4,3.68,29.12,62.43,1065,7.97,13.48,-40.9,8255,7902,9196,9667,1.2,اشباع خرید | فاصله زیاد از MA20 | سهم صفی: 13 روز از ۲۰ روز در صف (ریسک نقدشوندگی و اجرای حد ضرر) | رشد عمودی (144٪ در ۶۰ روز، 41٪ بالای MA50) | 160٪ بالای MA200
فگستر,گسترش صنایع روی ایرانیان,فلزات اساسی,77.6,پرریسک؛ صفی/رشد عمودی,100,85,62.5,60,12740,20261004,10.5,28.4,169.9,123.3,10.4,37.2,189.9,75.6,13,0,true,64.2,2.77,above,-3.3,1.11,12520,,6.92,13.13,8.92,-19.32,33.56,1905,6.69,8.05,-16.9,12520,12343,13799,14505,2.67,سهم صفی: 13 روز از ۲۰ روز در صف (ریسک نقدشوندگی و اجرای حد ضرر) | رشد عمودی (170٪ در ۶۰ روز، 37٪ بالای MA50) | 190٪ بالای MA200
خدیزل,بهمن  دیزل,خودرو و ساخت قطعات,77.6,قوی ولی پرریسک؛ فعلاً ورود نه,90,55,98.5,60,1792,20261004,3.2,1.2,3.5,-43.1,-0.8,5.5,35.6,52.4,2,0,false,30,3.62,above,-6.4,1.84,1749,1914,43.31,68.8,1.93,24.5,12.07,348,5.15,5.87,-12.3,1749,1717,1914,2044,1.63,151٪ بالای کف ۵۲ هفته
شپاکسا,پاکسان‌,محصولات شیمیایی,77.5,پرریسک؛ صفی/رشد عمودی,100,100,73,37,2890,20261004,7.8,19.7,119.5,72.9,6.5,21.2,101,65.6,6,0,true,41.7,3.21,above,-3,1.26,2700,2940,34.84,28.39,6.69,-36.81,37.56,327,8.84,9.63,-8.2,2797,2658,2940,3126,0.22,واگرایی منفی RSI | سهم صفی: 6 روز از ۲۰ روز در صف (ریسک نقدشوندگی و اجرای حد ضرر) | رشد عمودی (119٪ در ۶۰ روز، 21٪ بالای MA50) | توزیع: ورود حقیقی با سرانه خرید ضعیف (0.74 در ۲۰ روز) | 101٪ بالای MA200 | واگرایی منفی | حد ضرر دور (8.0٪)
کاما,باما,استخراج کانه های فلزی,77.4,پرریسک؛ صفی/رشد عمودی,95,75,63.5,72,5670,20261004,6.4,3.3,89,42.5,1.6,18.7,100.1,61,8,0,false,45.2,3.35,above,-8.8,1.39,5300,6220,71.35,185.73,0.8,-156.31,114.57,786,7.21,13.76,-47.6,5480,5205,6220,6600,1.18,سهم صفی: 8 روز از ۲۰ روز در صف (ریسک نقدشوندگی و اجرای حد ضرر) | توزیع: ورود حقیقی با سرانه خرید ضعیف (0.72 در ۲۰ روز) | 100٪ بالای MA200 | حد ضرر دور (8.2٪)
غمینو,شرکت صنایع غذایی مینو شرق,محصولات غذایی و آشامیدنی به جز قند و شکر,77.4,قوی ولی پرریسک؛ فعلاً ورود نه,100,85,87.5,34,9840,20261004,14.7,29.1,51.4,4.8,11.8,18.4,108.9,72.1,5,0,true,33,3.26,above,-0.8,0.98,9500,,10.6,91.77,8.91,23.31,30.66,1231,7.99,7.05,13.4,9519,9339,10804,11446,1.92,109٪ بالای MA200
وکادو,تکادو,سرمایه گذاریها,77.4,پرریسک؛ صفی/رشد عمودی,100,75,87.5,42,4740,20261004,7.7,78.5,134.9,88.3,21.8,56.3,111.4,77.8,8,0,true,47.8,3.78,above,-4,0.9,4250,4940,41.56,43.82,9.03,38.97,14.3,668,7.1,,,4561,4292,4940,5299,0.45,فاصله زیاد از MA20 | سهم صفی: 8 روز از ۲۰ روز در صف (ریسک نقدشوندگی و اجرای حد ضرر) | رشد عمودی (135٪ در ۶۰ روز، 56٪ بالای MA50) | 111٪ بالای MA200 | حد ضرر دور (9.5٪)
غویتا,ویتانا,محصولات غذایی و آشامیدنی به جز قند و شکر,77.3,پرریسک؛ صفی/رشد عمودی,100,85,61,60,6980,20261004,15.6,24,55.1,8.6,10.5,23.9,101,72.1,12,0,true,33.6,2.91,above,0,0.34,6870,,1.71,-63.57,7.93,27.88,24.57,1338,5.22,7.05,-26,6870,6769,7588,7994,2.88,خروج مستمر پول حقیقی | سهم صفی: 12 روز از ۲۰ روز در صف (ریسک نقدشوندگی و اجرای حد ضرر) | 101٪ بالای MA200
شپاس,نفت پاسارگاد,فراورده های نفتی، کک و سوخت هسته ای,77.3,ورود پله‌ای,100,80,88,37,50580,20261004,7.9,7.4,32.7,-13.8,5.4,19.8,32,64.8,4,0,true,33.1,3.28,above,-4,0.9,49138,,12.22,42.86,2.3,19.15,19.32,6293,8.04,8.12,-1,49138,48309,55552,58867,2.19,
پاسا,ایران‌یاساتایرورابر,لاستیک و پلاستیک,77.2,قوی ولی پرشده؛ منتظر پولبک,100,85,60.7,60,11840,20261004,15.1,16.5,96.7,50.1,11.5,28.5,87.4,75.7,0,0,true,50.9,3.15,above,-0.2,1.43,11120,,-41.43,1.1,1.57,22.47,31.78,2053,5.77,8.21,-29.8,11467,10934,12958,13703,1.23,واگرایی منفی RSI | توزیع: ورود حقیقی با سرانه خرید ضعیف (0.58 در ۲۰ روز) | 87٪ بالای MA200 | واگرایی منفی | حد ضرر دور (7.7٪)
وصنعت,سرمایه گذاری توسعه صنعت وتجارت,سرمایه گذاریها,77.1,قوی ولی پرریسک؛ فعلاً ورود نه,100,55,64.6,80,2898,20261004,1.3,10.8,34,-12.5,0.3,11.8,49.9,57.7,2,0,false,34.7,3.17,above,-8.3,0.77,2765,3159,0.61,1.82,1.08,0.11,4.63,884,3.28,7.13,-54,2806,2719,3159,3343,1.46,187٪ بالای کف ۵۲ هفته | نقدشوندگی کمتر از ۱۰ میلیارد تومان | شناوری کم (13٪)
الکتروماد,صنایع الکترونیک مادیران,ماشین آلات و تجهیزات,77.1,پرریسک؛ صفی/رشد عمودی,100,100,36.5,72,5330,20261004,14.9,17.4,116.4,69.8,9.2,23.1,98.6,70,6,0,true,43.6,2.92,above,-0.7,1,4790,,-21.91,-23.2,17.34,30.53,18.37,957,5.57,9.66,-42.3,5174,5019,5797,6108,1.5,واگرایی منفی RSI | خروج مستمر پول حقیقی | سهم صفی: 6 روز از ۲۰ روز در صف (ریسک نقدشوندگی و اجرای حد ضرر) | رشد عمودی (116٪ در ۶۰ روز، 23٪ بالای MA50) | 99٪ بالای MA200 | واگرایی منفی
حبندر,دریایی و کشتیرانی خط دریابندر,حمل ونقل، انبارداری و ارتباطات,77,قوی ولی پرشده؛ منتظر پولبک,100,85,88,32,9970,20261004,7,18.6,64.9,18.3,8.3,21,104.2,75.5,0,0,true,35.9,3.48,above,-0.2,0.91,9528,,3.63,6.04,1.74,4.78,3.12,1112,8.97,,,9623,9354,11010,11704,1.69,104٪ بالای MA200 | نقدشوندگی کمتر از ۱۰ میلیارد تومان
آسیا,بیمه آسیا,بیمه وصندوق بازنشستگی به جزتامین اجتماعی,77,قوی؛ نزدیک مقاومت، منتظر شکست یا پولبک,95,100,33.9,80,4120,20261004,4.3,4.3,57.6,11,4,14.6,90.2,62.2,4,0,true,27.7,3.49,above,-3.5,1.13,3550,4170,-0.9,82.98,1.04,-1.39,23.4,1869,2.2,4.59,-52,3976,3833,4170,4457,0.17,90٪ بالای MA200 | شناوری کم (14٪)
کویر,تولیدی فولاد سپید فراب کویر,فلزات اساسی,76.9,پرریسک؛ صفی/رشد عمودی,100,75,77.5,50,2768,20261004,4.5,41.3,88.2,41.7,9.8,36.3,84,71.6,15,1,true,60.1,2.79,above,-4.2,0.61,2570,,49.69,71.43,5.72,13.9,76.3,292,9.48,13.48,-29.7,2691,2575,2999,3154,1.2,سهم صفی: 15 روز از ۲۰ روز در صف (ریسک نقدشوندگی و اجرای حد ضرر) | رشد عمودی (88٪ در ۶۰ روز، 36٪ بالای MA50) | 84٪ بالای MA200 | شناوری کم (10٪) | صف فروش در ۵ روز اخیر
فولاد,فولاد مبارکه اصفهان,فلزات اساسی,76.4,پرریسک؛ صفی/رشد عمودی,100,65,61.5,72,3690,20261004,10.8,39.6,28.3,-18.2,13.4,31.1,52.5,77.8,3,0,true,55.5,3.07,above,-3.1,0.84,3409,,162.02,365.99,3.42,-13.57,1287,518,7.12,13.48,-47.2,3577,3407,4030,4256,1.2,رشد عمودی (28٪ در ۶۰ روز، 31٪ بالای MA50) | توزیع: ورود حقیقی با سرانه خرید ضعیف (0.90 در ۲۰ روز) | 53٪ بالای MA200 | حد ضرر دور (7.7٪)
خکرمان,سرمایه گذاری آرمان گستر پاریز,خودرو و ساخت قطعات,76.4,قوی؛ نزدیک مقاومت، منتظر شکست یا پولبک,100,65,53.5,80,11290,20261004,-0.4,21,85.8,39.3,4.8,29.3,103,65.4,3,0,false,54.7,3.52,above,-5.8,1.02,10880,11740,44.2,133.62,0.64,-58.52,40.47,4303,2.62,5.87,-55.3,10892,10681,11740,12535,0.74,توزیع: ورود حقیقی با سرانه خرید ضعیف (0.61 در ۲۰ روز) | 103٪ بالای MA200 | سرانه خرید ضعیف (0.64)
خبرنا,تولیدی برنا باطری,خودرو و ساخت قطعات,76.3,قوی؛ نزدیک مقاومت، منتظر شکست یا پولبک,100,100,89,16,8850,20261004,4.5,4.1,49.3,2.7,3.8,17.9,36,62.3,1,0,true,38,3.41,above,-5.9,0.91,7690,9200,22.01,67.9,1.89,54.85,29.46,1058,8.36,5.87,42.5,8549,8247,9200,9803,0.58,
شبصیر,تولیدات پتروشیمی قائد بصیر,محصولات شیمیایی,76.1,قوی ولی پرریسک؛ فعلاً ورود نه,100,65,72.5,60,16300,20261004,2.1,23.3,57.6,11.1,5,24.9,73,65.8,3,0,false,56.3,3.27,above,-6.2,1.18,16000,,13.44,39.87,2.27,-16.56,30.95,2884,5.65,8.01,-29.4,16000,15734,17899,18964,2.82,73٪ بالای MA200
شگل,گلتاش‌,محصولات شیمیایی,76.1,پرریسک؛ صفی/رشد عمودی,100,75,87.5,37,3350,20261004,6.3,15.5,89.3,42.8,4.2,19.3,87.7,63.7,9,0,false,35,3.33,above,-4.6,1.36,2933,3510,22.62,0.69,6.92,11.41,11.77,339,9.88,9.63,2.6,3238,3127,3510,3733,0.72,سهم صفی: 9 روز از ۲۰ روز در صف (ریسک نقدشوندگی و اجرای حد ضرر) | 88٪ بالای MA200
کلوند,کاشی‌ الوند,کاشی و سرامیک,76.1,قوی ولی پرشده؛ منتظر پولبک,95,85,98.5,24,8150,20261004,15.1,15.4,71,24.5,12.4,25.6,83.8,76.1,5,0,true,36.9,2.92,above,-0.4,1.25,7640,,28.45,56.79,7.99,34.57,14.68,820,9.94,7.65,29.9,7912,7554,8865,9341,1.2,واگرایی منفی RSI | 84٪ بالای MA200 | واگرایی منفی | حد ضرر دور (7.3٪)
وحکمت,بیمه حکمت صبا,بیمه وصندوق بازنشستگی به جزتامین اجتماعی,76.1,ورود پله‌ای,100,80,88.5,32,1630,20261004,3.2,13,33.3,-13.3,5.1,13.2,29.6,60.4,1,0,true,28.4,3.74,above,-7.3,0.99,1589,,6.16,15.6,2.36,26.4,12.17,199,8.19,,,1589,1558,1813,1935,2.55,
پی پاد,پرداخت الکترونیک پاسارگاد,رایانه و فعالیت‌های وابسته به آن,75.9,قوی ولی پرریسک؛ فعلاً ورود نه,85,55,75.5,82,7220,20261004,-5.5,-8.4,85.1,38.6,-5,12.6,82.7,50.4,5,2,false,43.1,3.75,above,-13.5,0.89,6920,8350,20.09,57.81,1.06,37.14,39.16,1006,7.18,18.19,-60.5,6949,6785,8350,8892,2.59,83٪ بالای MA200 | شناوری کم (12٪) | صف فروش در ۵ روز اخیر
اپال,فرآوری معدنی اپال کانی پارس,استخراج کانه های فلزی,75.9,قوی ولی پرریسک؛ فعلاً ورود نه,85,53,99,60,14150,20261004,0.8,-8.2,39.8,-6.7,-3.8,8.8,39.7,51.4,0,0,false,26.4,3.34,above,-14.8,1.39,13460,16600,26.1,55.42,2.21,20.58,11.75,1442,9.81,13.76,-28.7,13678,13224,16600,17544,2.65,شناوری کم (9٪)
زپارس,ملی کشت و صنعت و دامپروری پارس,زراعت و خدمات وابسته,75.8,پرریسک؛ صفی/رشد عمودی,100,85,99,16,46730,20261004,15.7,21.4,59.7,13.2,14.7,30.1,83.2,74.8,7,0,true,32.9,2.94,above,-0.1,1.28,43190,,20.78,13.49,4.54,13.39,10.84,4640,10.07,6.33,59.1,45358,43300,50846,53590,1.2,واگرایی منفی RSI | سهم صفی: 7 روز از ۲۰ روز در صف (ریسک نقدشوندگی و اجرای حد ضرر) | رشد عمودی (60٪ در ۶۰ روز، 30٪ بالای MA50) | 83٪ بالای MA200 | واگرایی منفی | حد ضرر دور (7.3٪) | شناوری کم (13٪)
حپارسا,توسعه حمل و نقل ریلی پارسیان,حمل ونقل، انبارداری و ارتباطات,75.6,قوی ولی پرریسک؛ فعلاً ورود نه,100,100,78.5,24,23050,20261004,10.1,17.1,59.6,13.1,6.3,16,114.9,64.7,5,0,true,29.8,3.5,above,-2.1,1.19,21200,,9.37,1.67,9.98,5.41,6.43,2511,9.18,7.68,19.5,22243,21034,25470,27083,1.2,توزیع: ورود حقیقی با سرانه خرید ضعیف (0.88 در ۲۰ روز) | 115٪ بالای MA200 | حد ضرر دور (8.7٪) | نقدشوندگی کمتر از ۱۰ میلیارد تومان
وپویا,سرمایه گذاری پویا,سرمایه گذاریها,75.5,قوی؛ نزدیک مقاومت، منتظر شکست یا پولبک,100,75,62,80,2734,20260926,11.6,15.7,53.2,6.6,8.3,25.4,58.8,69.9,2,0,false,43.7,3.41,above,-1.3,1.06,2434,2770,2.06,-3.6,35.11,30.95,8.13,654,4.18,8.73,-52.1,2641,2547,2770,2957,0.19,واگرایی منفی RSI | 59٪ بالای MA200 | واگرایی منفی | نقدشوندگی کمتر از ۱۰ میلیارد تومان | آخرین معامله 20260926 (متوقف یا کم‌معامله)
دزاگرس,دارویی و نهاده های زاگرس دارو,مواد و محصولات دارویی,75.4,پرریسک؛ صفی/رشد عمودی,100,85,89.5,24,29560,20261004,15.8,20,73.9,27.4,17.6,25.3,124.2,76.5,7,0,true,46.5,2.78,above,0,0.54,26970,,64.37,115.29,7.95,66.75,83.44,3000,9.85,8.86,11.2,28740,27919,32021,33662,1.5,فاصله زیاد از MA20 | سهم صفی: 7 روز از ۲۰ روز در صف (ریسک نقدشوندگی و اجرای حد ضرر) | 124٪ بالای MA200
دابور,داروسازی‌ ابوریحان‌,مواد و محصولات دارویی,75.3,قوی ولی پرریسک؛ فعلاً ورود نه,100,90,59.2,50,70520,20261004,1.4,16.6,75.7,29.2,6.8,23.8,103.6,66.5,2,1,true,55.1,3.49,above,-5.7,0.96,67740,,13.72,35.91,1.45,-10.9,43.7,6272,11.24,12.91,-12.9,68057,66508,77910,82837,1.84,واگرایی منفی RSI | توزیع: ورود حقیقی با سرانه خرید ضعیف (0.76 در ۲۰ روز) | 104٪ بالای MA200 | واگرایی منفی | صف فروش در ۵ روز اخیر
کیمیاتک,آریان کیمیا تک,محصولات شیمیایی,75.3,پرریسک؛ صفی/رشد عمودی,100,85,89,24,23190,20261004,12.8,31.7,76.3,29.8,12.6,27.8,137.4,76.1,7,0,true,48,2.87,above,0,0.42,22210,,34.83,37.97,12.4,43.01,24.7,1968,11.78,9.63,22.4,22525,21878,25184,26513,1.52,سهم صفی: 7 روز از ۲۰ روز در صف (ریسک نقدشوندگی و اجرای حد ضرر) | 137٪ بالای MA200
وخاور,بانک خاورمیانه,بانکها و موسسات اعتباری,75.1,قوی؛ نزدیک مقاومت، منتظر شکست یا پولبک,100,73,88,34,7110,20261004,10.4,19.1,45.5,-1.1,11.7,16,90.2,71.8,1,0,true,27.3,3.08,above,-1.4,0.95,6615,,54.8,151.13,1.69,59.03,71.26,1045,6.8,5.4,26,6891,6562,7768,8206,1.2,90٪ بالای MA200 | حد ضرر دور (7.7٪)
توسن,توسعه سامانه ی نرم افزاری نگین,رایانه و فعالیت‌های وابسته به آن,74.9,پرریسک؛ صفی/رشد عمودی,100,70,63.5,60,14450,20261004,15.6,22.2,125.7,79.1,15.1,32.6,175.1,81.1,7,0,true,52.2,3.05,above,0,0.94,13265,,3.83,-31.83,2.87,15.94,44.08,2242,6.45,8.89,-27.5,14009,13347,15774,16656,1.2,اشباع خرید | فاصله زیاد از MA20 | سهم صفی: 7 روز از ۲۰ روز در صف (ریسک نقدشوندگی و اجرای حد ضرر) | رشد عمودی (126٪ در ۶۰ روز، 33٪ بالای MA50) | 175٪ بالای MA200 | حد ضرر دور (7.6٪)
بترانس,ایران‌ ترانسفو,ماشین آلات و دستگاه‌های برقی,74.6,ورود پله‌ای,100,80,46.5,68,3720,20261004,4.2,17.7,33.8,-12.8,6.3,15.5,48.2,65.9,2,0,true,24.9,3.31,above,-2.9,0.79,3570,,-42.89,152.05,2.02,-11.1,106.98,747,4.98,6.15,-19,3597,3508,4090,4337,1.75,
ونیرو,سرمایه‌گذاری‌نیرو,عرضه برق، گاز، بخاروآب گرم,74.6,پرریسک؛ صفی/رشد عمودی,90,75,63.5,67,4200,20261004,2.7,25,64.7,18.2,8,32.5,15.9,70.9,5,0,true,45.5,3.12,above,-30.7,1.18,4015,4296,21.08,4.74,2.49,-65.35,64.62,599,7.01,7.09,-1.1,4069,3949,4296,4410,0.38,رشد عمودی (65٪ در ۶۰ روز، 32٪ بالای MA50) | توزیع: ورود حقیقی با سرانه خرید ضعیف (0.85 در ۲۰ روز)
مهرمام,مهرمام میهن,سلامت انسان و مددکاری اجتماعی,74.5,پرریسک؛ صفی/رشد عمودی,100,70,98,24,4680,20261004,8.1,38.5,85.1,38.6,12.3,29.3,62.9,80.9,6,0,true,59.3,3.31,above,-2.7,1.34,4520,,28.86,68.46,2.47,95.72,32.17,403,11.61,10.3,12.7,4525,4443,5144,5454,1.96,اشباع خرید | سهم صفی: 6 روز از ۲۰ روز در صف (ریسک نقدشوندگی و اجرای حد ضرر) | 63٪ بالای MA200
بشهاب,لامپ‌  پارس‌ شهاب‌,ماشین آلات و دستگاه‌های برقی,74.4,پرریسک؛ صفی/رشد عمودی,95,65,87.5,44,8730,20261004,9.3,-0.2,58.3,11.8,0,11.5,65.4,58.4,10,0,false,34.1,3.54,above,-10.8,1.41,8458,9066,7.74,11.99,1.86,6.78,13.22,1212,7.2,6.15,17.1,8458,8303,9066,9787,0.79,سهم صفی: 10 روز از ۲۰ روز در صف (ریسک نقدشوندگی و اجرای حد ضرر) | توزیع: ورود حقیقی با سرانه خرید ضعیف (0.83 در ۲۰ روز) | 65٪ بالای MA200 | شناوری کم (11٪)
کساوه,صنایع‌ کاشی‌ و سرامیک‌ سینا,کاشی و سرامیک,74.4,پرریسک؛ صفی/رشد عمودی,100,85,62.5,47,33800,20261004,13.8,17.6,63,16.5,12,26.4,107.6,72.1,11,0,true,40.7,3.19,above,-1,1,32800,,5.97,-9.14,13.27,10.76,23.81,4425,7.64,7.65,-0.2,32800,32261,37034,39190,2.1,سهم صفی: 11 روز از ۲۰ روز در صف (ریسک نقدشوندگی و اجرای حد ضرر) | 108٪ بالای MA200
دقاضی,داروسازی شهید قاضی,مواد و محصولات دارویی,74.4,پرریسک؛ صفی/رشد عمودی,100,100,73.5,24,24810,20261004,8.9,14,66.7,20.1,9.9,14.3,114.4,67.5,7,0,true,29.8,3.41,above,-3.8,1.37,23880,,33.34,16.44,4.22,-22.15,30.16,2413,10.28,8.86,16,23964,23457,27347,29038,1.88,سهم صفی: 7 روز از ۲۰ روز در صف (ریسک نقدشوندگی و اجرای حد ضرر) | توزیع: ورود حقیقی با سرانه خرید ضعیف (0.82 در ۲۰ روز) | 114٪ بالای MA200
فجام,جام‌دارو,ساخت محصولات فلزی,74.4,قوی ولی پرریسک؛ فعلاً ورود نه,100,100,73.5,24,19630,20261004,10.3,12.8,89.3,42.7,6.9,22.9,106.3,67.3,4,0,true,38.2,3.14,above,-2.8,1.03,19400,,4.58,13.49,3.52,-1.37,6.56,2172,9.04,7.54,19.9,19400,19092,21480,22713,3.44,واگرایی منفی RSI | توزیع: ورود حقیقی با سرانه خرید ضعیف (0.88 در ۲۰ روز) | 106٪ بالای MA200 | واگرایی منفی | نقدشوندگی کمتر از ۱۰ میلیارد تومان
کپرور,فرآوری زغال سنگ پروده طبس,استخراج زغال سنگ,74.3,قوی ولی پرریسک؛ فعلاً ورود نه,100,85,47,62,22020,20261004,15,15.7,68.3,21.8,11.9,26.8,95.8,74.1,2,0,true,42.9,3.16,above,-0.2,0.98,20910,,15.25,-26.09,1.56,-13.35,20.77,2597,8.48,15.48,-45.2,21324,20562,24109,25502,1.43,واگرایی منفی RSI | خروج مستمر پول حقیقی | 96٪ بالای MA200 | واگرایی منفی
پارس,پتروشیمی پارس,محصولات شیمیایی,74.3,پرریسک؛ صفی/رشد عمودی,100,70,49,72,3310,20261004,9.9,43,56.9,10.4,17.6,36.9,55.7,80.5,9,0,true,50.3,2.72,above,-0.3,1.38,2929,,-276.36,25.99,3.87,-263.58,141.04,492,6.73,9.63,-30.1,3220,3130,3580,3760,1.5,اشباع خرید | فاصله زیاد از MA20 | سهم صفی: 9 روز از ۲۰ روز در صف (ریسک نقدشوندگی و اجرای حد ضرر) | رشد عمودی (57٪ در ۶۰ روز، 37٪ بالای MA50) | توزیع: ورود حقیقی با سرانه خرید ضعیف (0.86 در ۲۰ روز) | 56٪ بالای MA200 | شناوری کم (6٪)
فزرین,زرین معدن آسیا,فلزات اساسی,74.3,پرریسک؛ صفی/رشد عمودی,90,75,82,47,9710,20261004,3.7,10.6,113.6,67,-1.3,22.6,128.9,60.2,13,0,false,56.9,3.18,above,-12.4,1.8,9190,11080,2.33,52.22,2.68,-72.23,29.9,1184,8.2,8.05,1.9,9401,9035,11080,11698,2.03,سهم صفی: 13 روز از ۲۰ روز در صف (ریسک نقدشوندگی و اجرای حد ضرر) | رشد عمودی (114٪ در ۶۰ روز، 23٪ بالای MA50) | توزیع: ورود حقیقی با سرانه خرید ضعیف (0.63 در ۲۰ روز) | 129٪ بالای MA200
شمس,تولید انرژی برق شمس پاسارگاد,عرضه برق، گاز، بخاروآب گرم,74.3,قوی؛ نزدیک مقاومت، منتظر شکست یا پولبک,100,100,88,9,12260,20261004,5.7,11,49.7,3.2,3.4,6.1,90.9,57.5,0,0,true,30.9,3.72,above,-5.1,0.69,11270,12900,14.22,61.7,4.04,36.24,15.42,887,13.82,10.04,37.7,11804,11119,12900,13813,0.56,91٪ بالای MA200 | حد ضرر دور (9.3٪)
کولان,کولان سل,محصولات کاغذی,74.1,ورود پله‌ای,100,65,87.5,37,33760,20261004,12,20.3,24.9,-21.6,9.2,16.5,,72.3,4,0,true,27.5,3.1,above,0,1.26,32750,,3.73,0.79,15.24,90.9,17.98,3233,10.44,10.19,2.5,32750,32227,36897,38988,2.05,
خشرق,الکتریک‌ خودرو شرق‌,خودرو و ساخت قطعات,74.1,پرریسک؛ صفی/رشد عمودی,100,85,88.5,20,3200,20261004,12.2,14.9,66.7,20.1,8.9,28.4,59.9,74.6,7,0,true,51.6,3.37,above,-0.9,0.76,3110,,4.29,16.53,2.4,17.17,9.45,137,23.36,,,3110,3056,3523,3739,2.25,سهم صفی: 7 روز از ۲۰ روز در صف (ریسک نقدشوندگی و اجرای حد ضرر) | 60٪ بالای MA200 | نقدشوندگی کمتر از ۱۰ میلیارد تومان
درازک,دارویی‌ رازک‌,مواد و محصولات دارویی,74,پرریسک؛ صفی/رشد عمودی,100,75,66.1,50,4900,20261004,3.4,5.4,194,147.5,4,21.9,139.7,63.6,3,0,false,39.6,3.28,above,-3.2,1.51,4810,5040,32.89,5.53,1.31,-32.81,56.56,453,10.82,12.91,-16.2,4810,4730,5040,5361,0.82,رشد عمودی (194٪ در ۶۰ روز، 22٪ بالای MA50) | توزیع: ورود حقیقی با سرانه خرید ضعیف (0.73 در ۲۰ روز) | 140٪ بالای MA200
ختور,رادیاتور ایران‌,خودرو و ساخت قطعات,74,پرریسک؛ صفی/رشد عمودی,100,70,78,42,4610,20261004,14.1,47.9,100.4,53.9,19.6,48.5,117.2,91.4,6,0,true,70.5,3.07,above,-0.4,0.64,3720,,12.8,14.41,1.76,32.76,32.01,715,6.45,,,4469,4327,5034,5317,1.5,واگرایی منفی RSI | اشباع خرید | فاصله زیاد از MA20 | سهم صفی: 6 روز از ۲۰ روز در صف (ریسک نقدشوندگی و اجرای حد ضرر) | رشد عمودی (100٪ در ۶۰ روز، 48٪ بالای MA50) | 117٪ بالای MA200 | واگرایی منفی
بزندگی,بیمه زندگی آگاه,بیمه وصندوق بازنشستگی به جزتامین اجتماعی,74,پرریسک؛ صفی/رشد عمودی,100,70,100,20,6770,20261004,15.3,54.1,145.1,98.5,25.7,51.2,148.2,95.8,8,0,true,78.8,2.3,above,-0.1,1.26,4704,,17.14,47.64,38.9,25.28,4.38,328,20.64,,,6614,6458,7238,7550,1.5,اشباع خرید | فاصله زیاد از MA20 | سهم صفی: 8 روز از ۲۰ روز در صف (ریسک نقدشوندگی و اجرای حد ضرر) | رشد عمودی (145٪ در ۶۰ روز، 51٪ بالای MA50) | 148٪ بالای MA200 | نقدشوندگی کمتر از ۱۰ میلیارد تومان
مادیرا,صنایع مادیران,تولید محصولات کامپیوتری الکترونیکی ونوری,73.9,قوی؛ نزدیک مقاومت، منتظر شکست یا پولبک,100,88,86.1,19,3230,20261004,7,14.7,37.7,-8.9,6.8,15,20.2,65.3,2,0,true,34.5,3.14,above,-10.5,0.99,3189,3288,9.97,55.33,1.5,38.97,31.88,252,12.82,7.98,60.6,3189,3138,3288,3380,0.63,واگرایی منفی RSI | واگرایی منفی
ولکار,لیزینگ کارآفرین,سایر واسطه گریهای مالی,73.8,قوی؛ نزدیک مقاومت، منتظر شکست یا پولبک,85,55,89,60,5160,20261004,2.8,1.6,24.3,-22.2,-0.5,3.9,45.1,50.8,1,1,false,21.3,3.8,above,-11,0.75,5010,5230,2.07,15.19,6.36,16.59,5.83,641,8.05,9.94,-19,5010,4912,5230,5650,0.28,نقدشوندگی کمتر از ۱۰ میلیارد تومان | صف فروش در ۵ روز اخیر | واگرایی مثبت RSI
غمارگ,مارگارین,محصولات غذایی و آشامیدنی به جز قند و شکر,73.8,پرریسک؛ صفی/رشد عمودی,90,75,97,30,2537,20261004,0.1,6.8,81.3,34.8,-4.9,19.5,81.6,54.5,15,1,false,50.5,3.45,above,-15.5,2.26,2497,3004,3.42,27.71,1.81,10.15,13.98,120,21.14,,,2497,2453,3004,3179,5.57,سهم صفی: 15 روز از ۲۰ روز در صف (ریسک نقدشوندگی و اجرای حد ضرر) | 82٪ بالای MA200 | صف فروش در ۵ روز اخیر
غگلستا,شیر پاستوریزه پگاه گلستان,محصولات غذایی و آشامیدنی به جز قند و شکر,73.4,پرریسک؛ صفی/رشد عمودی,100,75,97.5,16,18010,20261004,15.2,13.1,59,12.4,6.6,23.8,77.4,68.6,7,0,false,36.4,3.25,above,-3.1,1.31,15120,18590,21.05,19.29,6.85,1.82,12.26,1656,10.88,7.05,54.3,17424,16839,18590,19761,0.5,سهم صفی: 7 روز از ۲۰ روز در صف (ریسک نقدشوندگی و اجرای حد ضرر) | 77٪ بالای MA200
وهور,گروه س.انرژی امید  تابان هور,عرضه برق، گاز، بخاروآب گرم,73.4,پرریسک؛ صفی/رشد عمودی,95,80,98.5,17,2869,20261004,13.3,13.9,30,-16.5,11.8,17.9,55.2,69.6,8,0,true,24.9,3.24,above,-1,1.99,2671,,70.78,54.48,3.57,129.5,39.44,230,12.47,10.04,24.2,2776,2637,3147,3333,1.2,سهم صفی: 8 روز از ۲۰ روز در صف (ریسک نقدشوندگی و اجرای حد ضرر) | 55٪ بالای MA200 | حد ضرر دور (8.1٪)
سفانو,سیمان فارس نو,سیمان، آهک و گچ,73.3,قوی؛ نزدیک مقاومت، منتظر شکست یا پولبک,95,80,68.3,47,60610,20261004,13.3,6.6,35.4,-11.1,5.1,10.8,64.1,63.9,4,0,true,22,3.5,above,-6,1.58,56415,64480,0.41,17.59,1.01,-7.74,11.83,8458,7.17,7.14,0.4,58490,55355,64480,68720,0.74,توزیع: ورود حقیقی با سرانه خرید ضعیف (0.57 در ۲۰ روز) | 64٪ بالای MA200 | حد ضرر دور (8.7٪)
کفپارس,فرآورده‌های‌ نسوز پارس‌,سایر محصولات کانی غیرفلزی,73.3,پرریسک؛ صفی/رشد عمودی,100,75,63,50,6490,20261004,15.1,18,61,14.5,7.8,22.3,90.9,68.6,7,0,false,39.8,3,above,-2,0.66,5970,6620,4.88,-4.4,12.32,30.75,12.44,722,8.99,12.75,-29.5,6295,6003,6620,7009,0.27,سهم صفی: 7 روز از ۲۰ روز در صف (ریسک نقدشوندگی و اجرای حد ضرر) | 91٪ بالای MA200 | حد ضرر دور (7.5٪)
ثپهران,توسعه ساختمان سپهر تهران,انبوه سازی، املاک و مستغلات,73,پرریسک؛ صفی/رشد عمودی,100,60,100,24,5770,20261004,12,45.7,53.5,6.9,23.4,41.2,,90.9,5,0,true,51.8,2.64,above,-0.2,1.61,4326,,28.03,70.11,13.02,144.67,24.41,721,8,6.61,21.1,5618,5465,6227,6532,1.5,واگرایی منفی RSI | اشباع خرید | فاصله زیاد از MA20 | رشد عمودی (53٪ در ۶۰ روز، 41٪ بالای MA50) | واگرایی منفی | شناوری کم (11٪)
شفام,تولیدی و صنعتی گوهرفام,محصولات شیمیایی,73,پرریسک؛ صفی/رشد عمودی,95,80,98,16,2955,20261004,15.5,13.8,35.1,-11.5,6.9,15.5,42.7,64.9,6,0,true,26.9,3.18,above,-4,1.23,2736,3079,4.64,6.43,20.35,19.33,4.88,282,10.48,8.01,30.8,2861,2720,3079,3267,0.53,سهم صفی: 6 روز از ۲۰ روز در صف (ریسک نقدشوندگی و اجرای حد ضرر) | حد ضرر دور (7.9٪) | نقدشوندگی کمتر از ۱۰ میلیارد تومان
نیان,نیان الکترونیک,تولید محصولات کامپیوتری الکترونیکی ونوری,73,قوی؛ نزدیک مقاومت، منتظر شکست یا پولبک,95,88,37.5,70,3840,20261004,4.9,8.8,45.8,-0.7,5.6,14.6,29.4,62.1,3,0,true,28.9,3.29,above,-14.2,0.96,3770,3900,-1.86,-5.7,5.37,21.91,11,678,5.66,7.98,-29,3770,3707,3900,4185,0.45,واگرایی منفی RSI | واگرایی منفی
دی,بانک دی,بانکها و موسسات اعتباری,72.9,پرریسک؛ صفی/رشد عمودی,100,85,53.5,50,1787,20261004,9.2,25.2,70.7,24.1,14.9,34.1,91.4,74.4,10,0,true,31,2.96,above,-2.9,1.12,1525,,-51.2,76.88,4.2,120.9,151.38,414,4.32,,,1734,1681,1946,2051,1.5,سهم صفی: 10 روز از ۲۰ روز در صف (ریسک نقدشوندگی و اجرای حد ضرر) | رشد عمودی (71٪ در ۶۰ روز، 34٪ بالای MA50) | 91٪ بالای MA200
رافزا,رایان هم افزا,رایانه و فعالیت‌های وابسته به آن,72.9,پرریسک؛ صفی/رشد عمودی,100,75,71.5,60,20970,20261003,6.2,14.1,64,17.5,1.4,23.5,104.4,62.2,13,0,false,42.3,3.11,above,-9.7,1.31,19157,23225,3.94,-9.06,62.93,18.6,13.24,2957,7.09,8.89,-20.2,20318,19339,23225,24530,1.38,سهم صفی: 13 روز از ۲۰ روز در صف (ریسک نقدشوندگی و اجرای حد ضرر) | 104٪ بالای MA200 | حد ضرر دور (7.8٪) | آخرین معامله 20261003 (متوقف یا کم‌معامله)
دتوزیع,توزیع دارو پخش,مواد و محصولات دارویی,72.9,پرریسک؛ صفی/رشد عمودی,100,85,79.5,24,7360,20261004,15.5,17,77.5,31,15.1,25.6,126,75.9,7,0,true,41.6,2.91,above,0,0.52,6790,,53.42,7.62,10.18,59.3,26.22,739,9.96,8.86,12.4,7146,6825,8002,8430,1.2,واگرایی منفی RSI | فاصله زیاد از MA20 | سهم صفی: 7 روز از ۲۰ روز در صف (ریسک نقدشوندگی و اجرای حد ضرر) | 126٪ بالای MA200 | واگرایی منفی | حد ضرر دور (7.3٪)
دتماد,تولیدمواداولیه‌داروپخش‌,مواد و محصولات دارویی,72.6,قوی؛ نزدیک مقاومت، منتظر شکست یا پولبک,100,90,48.5,50,58340,20261004,6.6,-0.2,78.3,31.8,4.8,13.7,116,61.6,3,0,true,28.5,3.45,above,-5.3,0.97,49000,61590,2.58,-14.39,2.06,-17.93,31.59,5718,10.2,12.91,-21,56326,54312,61590,65618,0.81,116٪ بالای MA200
دالبر,البرزدارو,مواد و محصولات دارویی,72.5,پرریسک؛ صفی/رشد عمودی,100,75,48,62,15980,20261004,3,6.8,123.2,76.6,1.1,13,127.9,57.4,7,0,false,47.8,3.31,above,-5.9,1.54,15050,16990,-2.28,98.93,3.64,-245.9,113.62,1779,8.98,12.91,-30.4,15452,14786,16990,18047,0.85,سهم صفی: 7 روز از ۲۰ روز در صف (ریسک نقدشوندگی و اجرای حد ضرر) | رشد عمودی (123٪ در ۶۰ روز، 13٪ بالای MA50) | توزیع: ورود حقیقی با سرانه خرید ضعیف (0.64 در ۲۰ روز) | 128٪ بالای MA200 | حد ضرر دور (7.5٪)
خرینگ,رینگ‌سازی‌مشهد,خودرو و ساخت قطعات,72.5,پرریسک؛ صفی/رشد عمودی,100,70,89,25,20150,20261004,14.6,39.5,80.2,33.7,16.9,37.3,77.3,82.6,2,0,true,71.4,3.04,above,0,0.84,18290,,9.78,21.66,2.18,29.75,15.77,1668,12.08,,,19537,18923,21990,23217,1.5,واگرایی منفی RSI | اشباع خرید | فاصله زیاد از MA20 | رشد عمودی (80٪ در ۶۰ روز، 37٪ بالای MA50) | 77٪ بالای MA200 | واگرایی منفی
غصینو,صنعتی مینو,محصولات غذایی و آشامیدنی به جز قند و شکر,72.5,پرریسک؛ صفی/رشد عمودی,95,80,88,24,6220,20261004,8.6,9.5,20.5,-26,3.9,7.4,69.8,58.7,6,0,true,21.2,3.63,above,-3.3,1.47,6065,,19.53,20.92,3.83,8.1,33.48,698,8.91,7.05,26.4,6065,5952,6897,7348,2.53,سهم صفی: 6 روز از ۲۰ روز در صف (ریسک نقدشوندگی و اجرای حد ضرر) | 70٪ بالای MA200
فغدیر,آهن و فولاد غدیر ایرانیان,فلزات اساسی,72.5,پرریسک؛ صفی/رشد عمودی,100,70,90,24,9200,20261004,15.6,77.6,172.7,126.2,29.8,73.9,123.9,97.8,20,0,true,76.2,2.16,above,0,0.42,5056,,16.16,150.12,6.82,19.49,10.53,974,9.45,8.05,17.3,9002,8803,9795,10192,1.5,واگرایی منفی RSI | اشباع خرید | فاصله زیاد از MA20 | سهم صفی: 20 روز از ۲۰ روز در صف (ریسک نقدشوندگی و اجرای حد ضرر) | رشد عمودی (173٪ در ۶۰ روز، 74٪ بالای MA50) | 124٪ بالای MA200 | واگرایی منفی
قرن,پدیده شیمی قرن,محصولات شیمیایی,72.5,پرریسک؛ صفی/رشد عمودی,100,88,62.5,37,24900,20261004,3.3,17.1,45.8,-0.8,2.7,11,92.1,58,6,0,true,35.8,3.27,above,-6.7,0.98,23330,26690,0.06,-45.29,2.62,0.66,17.22,2371,10.5,9.63,9.1,24086,22923,26690,28318,0.91,خروج مستمر پول حقیقی | سهم صفی: 6 روز از ۲۰ روز در صف (ریسک نقدشوندگی و اجرای حد ضرر) | 92٪ بالای MA200 | حد ضرر دور (7.9٪)
مدیریت,س. و خدمات مدیریت صند. ب کشوری,سرمایه گذاریها,72.5,قوی؛ نزدیک مقاومت، منتظر شکست یا پولبک,100,88,87.5,72,5150,20261003,9.8,18.4,39.6,-7,6.3,16.6,52.3,68.5,3,0,true,34.9,3.18,above,-1.7,1.05,4680,5230,2.66,4.7,8.42,8.94,1.98,955,5.39,8.73,-38.2,4986,4741,5230,5557,0.2,نقدشوندگی پایین | واگرایی منفی RSI | 52٪ بالای MA200 | واگرایی منفی | حد ضرر دور (7.9٪) | نقدشوندگی کمتر از ۱۰ میلیارد تومان | آخرین معامله 20261003 (متوقف یا کم‌معامله)
خمحور,تولیدمحورخودرو,خودرو و ساخت قطعات,72.5,قوی ولی پرریسک؛ فعلاً ورود نه,100,55,83.8,42,5540,20261004,3,11,8.8,-37.7,0.8,10.6,40.1,56.3,2,0,false,20.2,3.28,above,-6.4,0.99,5330,5920,4.12,9.02,1.47,5.13,5.06,785,7.06,,,5358,5239,5920,6284,1.26,نقدشوندگی کمتر از ۱۰ میلیارد تومان | شناوری کم (9٪)
نان,صنایع غذایی رضوی,محصولات غذایی و آشامیدنی به جز قند و شکر,72.3,ورود پله‌ای,83,55,98.5,47,6570,20261004,7.5,2.3,16.8,-29.8,1.2,6.5,49.4,56.9,1,0,false,18.1,3.23,above,-7.9,1.39,6360,7130,46.45,59.51,2.09,65.06,24.2,929,7.07,7.05,0.3,6360,6254,7130,7554,1.77,
نمرینو,ایران‌ مرینوس‌,منسوجات,72.3,پرریسک؛ صفی/رشد عمودی,100,70,89,24,9180,20261004,14.6,28.8,64.5,18,19.4,35.4,58.3,84.3,5,0,true,49,2.91,above,-1,1.19,8509,,3.81,7.87,2.03,3.34,4.64,953,9.63,7.72,24.8,8913,8513,9980,10514,1.2,واگرایی منفی RSI | اشباع خرید | فاصله زیاد از MA20 | رشد عمودی (65٪ در ۶۰ روز، 35٪ بالای MA50) | 58٪ بالای MA200 | واگرایی منفی | حد ضرر دور (7.3٪) | نقدشوندگی کمتر از ۱۰ میلیارد تومان
محتشم,نساجی هدیه البرز مشهد,منسوجات,72,پرریسک؛ صفی/رشد عمودی,100,70,88,24,18140,20261004,12.3,37.5,77.7,31.1,18.4,42.4,89.5,81.4,9,0,true,48.9,2.72,above,-0.4,0.56,16030,,14.97,97.82,6.93,88.25,59.79,1926,9.42,7.72,22,17646,17151,19623,20611,1.5,واگرایی منفی RSI | اشباع خرید | فاصله زیاد از MA20 | سهم صفی: 9 روز از ۲۰ روز در صف (ریسک نقدشوندگی و اجرای حد ضرر) | رشد عمودی (78٪ در ۶۰ روز، 42٪ بالای MA50) | 90٪ بالای MA200 | واگرایی منفی
کمنگنز,معادن‌منگنزایران‌,استخراج کانه های فلزی,72,پرریسک؛ صفی/رشد عمودی,100,90,24,72,10340,20261004,3.2,17,83.6,37,7.8,22.4,101.3,66.3,7,0,true,56.3,3.08,above,-5.4,1.13,9730,,-17.27,-38.11,6.2,-80.54,25.64,1317,7.85,13.76,-42.9,10021,9571,11297,11935,1.24,واگرایی منفی RSI | خروج مستمر پول حقیقی | سهم صفی: 7 روز از ۲۰ روز در صف (ریسک نقدشوندگی و اجرای حد ضرر) | 101٪ بالای MA200 | واگرایی منفی | حد ضرر دور (7.4٪)
خودکفا,اقتصادی و خودکفایی آزادگان,محصولات غذایی و آشامیدنی به جز قند و شکر,72,پرریسک؛ صفی/رشد عمودی,95,100,62,32,16670,20261004,14.9,12.5,115.4,68.8,8,13.6,93.2,68.1,6,0,true,41.1,3.31,above,-1,1.04,15370,,0.39,-45.16,3.88,33.01,17.27,1687,9.88,,,16118,15290,18326,19429,1.2,خروج مستمر پول حقیقی | سهم صفی: 6 روز از ۲۰ روز در صف (ریسک نقدشوندگی و اجرای حد ضرر) | رشد عمودی (115٪ در ۶۰ روز، 14٪ بالای MA50) | 93٪ بالای MA200 | حد ضرر دور (8.3٪)
ثامید,توسعه و عمران امید,انبوه سازی، املاک و مستغلات,71.9,قوی؛ نزدیک مقاومت، منتظر شکست یا پولبک,83,55,64,80,1900,20261004,4.7,6.8,22.3,-24.3,2.6,10.8,46,60.8,0,0,false,19.6,3.27,above,-5,0.9,1836,2001,-0.2,18.1,4.14,39.99,14.24,547,3.47,6.61,-47.5,1838,1805,2001,2125,1.06,واگرایی منفی RSI | 151٪ بالای کف ۵۲ هفته | واگرایی منفی | شناوری کم (13٪)
شفارس,صنایع‌ شیمیایی‌ فارس‌,محصولات شیمیایی,71.9,قوی ولی پرریسک؛ فعلاً ورود نه,100,75,70.5,37,2339,20261004,10.1,14.5,47.2,0.7,4.4,18.9,43.4,64.5,1,0,false,33.5,3.74,above,-5.6,1.23,2311,2477,1.51,-0.09,1.64,15.59,10.3,231,10.13,9.63,5.1,2311,2267,2477,2652,1.91,واگرایی منفی RSI | واگرایی منفی
ومدیر,گ.مدیریت ارزش سرمایه ص ب کشوری,سرمایه گذاریها,71.9,قوی؛ نزدیک مقاومت، منتظر شکست یا پولبک,100,63,37,80,3040,20261004,3.8,14.7,39.6,-6.9,2,12.5,38.5,60.1,2,0,false,32.6,3.04,above,-5.9,0.96,2830,3229,-7.5,-7.33,2.58,12.4,6.26,904,3.36,7.13,-52.8,2947,2809,3229,3414,0.82,خروج مستمر پول حقیقی | حد ضرر دور (7.6٪) | نقدشوندگی کمتر از ۱۰ میلیارد تومان
ریشمک,تولید و صادرات ریشمک,مواد و محصولات دارویی,71.8,پرریسک؛ صفی/رشد عمودی,100,85,39.3,60,18320,20261004,14.6,17.1,70.3,23.7,11.4,32.5,90.3,74.6,7,0,true,38.9,2.8,above,0,1.23,17940,,-4.89,-6.76,1.27,9.93,26.99,2342,7.82,8.86,-11.7,17940,17683,19861,20888,2.42,سهم صفی: 7 روز از ۲۰ روز در صف (ریسک نقدشوندگی و اجرای حد ضرر) | رشد عمودی (70٪ در ۶۰ روز، 33٪ بالای MA50) | 90٪ بالای MA200
وشهر,بانک شهر,بانکها و موسسات اعتباری,71.8,قوی ولی پرشده؛ منتظر پولبک,100,65,73,42,3490,20261004,12.6,16.2,29.8,-16.7,13.1,17,38.4,76.9,4,0,true,30.2,2.66,above,0,1.59,3125,,42.31,-14.04,3.06,39.18,14.76,533,6.55,,,3397,3305,3768,3954,1.5,واگرایی منفی RSI | 230٪ بالای کف ۵۲ هفته | واگرایی منفی
وسپهر,گروه سرمایه گذاری سپهر صادرات,شرکتهای چند رشته ای صنعتی,71.5,قوی ولی پرریسک؛ فعلاً ورود نه,95,55,73,55,4880,20261004,5.4,2.3,32.6,-13.9,1.5,12.2,35.7,59.7,0,0,false,38.7,3.47,above,-5.2,1.34,4790,5150,30.06,-27.12,6.15,81.73,16.31,1149,4.25,4.03,5.4,4790,4705,5150,5489,1.54,واگرایی منفی RSI | خروج مستمر پول حقیقی | واگرایی منفی
زشگزا,شیر و گوشت زاگرس شهرکرد,زراعت و خدمات وابسته,71.5,قوی؛ نزدیک مقاومت، منتظر شکست یا پولبک,100,80,42,60,33680,20261004,2.3,7.2,18.9,-27.6,3.8,8.8,64.3,57.9,3,0,true,24.6,3.37,above,-5.4,1.28,32660,34115,-21.3,40.21,1,-45.9,23.77,4812,7,8.07,-13.3,32660,32092,34115,36387,0.27,توزیع: ورود حقیقی با سرانه خرید ضعیف (0.85 در ۲۰ روز) | 64٪ بالای MA200
ددانا,داروسازی دانا,مواد و محصولات دارویی,71.4,پرریسک؛ صفی/رشد عمودی,100,85,73.5,24,24090,20261004,14.7,14.1,147.8,101.3,14.2,22.4,153.1,73.1,8,0,true,37.2,2.92,above,-0.4,1.71,23810,,19.54,-3.18,4.21,39.16,40.22,2409,10,8.86,12.9,23810,23459,26198,27603,3.34,سهم صفی: 8 روز از ۲۰ روز در صف (ریسک نقدشوندگی و اجرای حد ضرر) | رشد عمودی (148٪ در ۶۰ روز، 22٪ بالای MA50) | 153٪ بالای MA200
چکاوه,صنایع‌کاغذسازی‌کاوه‌,محصولات کاغذی,71.4,زیر نظر,100,70,99.5,10,15680,20261004,15.5,61.3,106,59.5,26.5,52.5,106.3,92.3,13,0,true,61.6,2.53,above,0,1.42,12250,,45.01,90.1,4.31,39.41,16.04,,,16.48,,15283,14886,16871,17665,1.5,اشباع خرید | فاصله زیاد از MA20 | بدون EPS مثبت | سهم صفی: 13 روز از ۲۰ روز در صف (ریسک نقدشوندگی و اجرای حد ضرر) | رشد عمودی (106٪ در ۶۰ روز، 52٪ بالای MA50) | 106٪ بالای MA200
خپویش,سازه‌ پویش‌,خودرو و ساخت قطعات,71.4,زیر نظر,100,70,89.5,20,6120,20261004,15.3,64.1,101.7,55.1,27.6,59.9,100.6,94.7,16,0,true,69.2,2.41,above,0,0.77,4001,,24.63,50.47,13.19,25.96,6.44,196,31.22,,,5972,5825,6563,6858,1.5,اشباع خرید | فاصله زیاد از MA20 | سهم صفی: 16 روز از ۲۰ روز در صف (ریسک نقدشوندگی و اجرای حد ضرر) | رشد عمودی (102٪ در ۶۰ روز، 60٪ بالای MA50) | P/E بالا (31) | 101٪ بالای MA200 | نقدشوندگی کمتر از ۱۰ میلیارد تومان
لپارس,پارس‌ الکتریک‌,ساخت دستگاه‌ها و وسایل ارتباطی,71.3,قوی ولی پرریسک؛ فعلاً ورود نه,100,100,73.1,12,35170,20261004,7.2,14.8,74.8,28.3,6.4,23.6,74.3,69.4,3,0,true,57.1,3.57,above,-3.3,0.8,34410,,1.81,2.14,1.43,10.66,11.86,1544,22.78,20.28,12.3,34410,33782,38935,41445,2.71,واگرایی منفی RSI | 74٪ بالای MA200 | واگرایی منفی
فسپا,گروه‌صنعتی‌سپاهان‌,فلزات اساسی,71.3,پرریسک؛ صفی/رشد عمودی,100,70,47,62,9810,20261004,15.3,54.7,181,134.5,21.6,56.4,210,92.8,14,0,true,74,2.67,above,-0.3,0.86,6130,,42.56,-27.66,11.36,-14.15,49.48,1216,8.07,13.48,-40.2,9548,9286,10596,11120,1.5,اشباع خرید | فاصله زیاد از MA20 | سهم صفی: 14 روز از ۲۰ روز در صف (ریسک نقدشوندگی و اجرای حد ضرر) | رشد عمودی (181٪ در ۶۰ روز، 56٪ بالای MA50) | 210٪ بالای MA200
البرز,بیمه البرز,بیمه وصندوق بازنشستگی به جزتامین اجتماعی,71.3,پرریسک؛ صفی/رشد عمودی,100,70,74,55,3410,20260928,13.9,50.9,65.5,19,20.6,48.4,74.9,90.9,8,0,true,66.2,2.75,above,0,1.19,2896,,40.76,138.93,5.92,-10.88,35.97,758,4.5,4.59,-2,3316,3223,3691,3879,1.5,اشباع خرید | فاصله زیاد از MA20 | سهم صفی: 8 روز از ۲۰ روز در صف (ریسک نقدشوندگی و اجرای حد ضرر) | رشد عمودی (66٪ در ۶۰ روز، 48٪ بالای MA50) | 75٪ بالای MA200 | شناوری کم (13٪) | آخرین معامله 20260928 (متوقف یا کم‌معامله)
ودی,بیمه  دی,بیمه وصندوق بازنشستگی به جزتامین اجتماعی,71.1,قوی ولی پرریسک؛ فعلاً ورود نه,100,100,12.5,72,6750,20261004,3.1,16.4,63,16.5,6.4,19.7,53.7,64.2,1,0,true,44.8,3.18,above,-5.2,1.17,6410,,-2.72,-2.41,1.2,-2.25,3.3,1197,5.64,18.13,-68.9,6535,6303,7395,7825,1.44,54٪ بالای MA200 | نقدشوندگی کمتر از ۱۰ میلیارد تومان
فطلوع,طلوع فولاد پارس,فلزات اساسی,71.1,زیر نظر,100,70,88.5,20,6900,20261004,14,41.1,147.1,100.6,16.5,50.1,,85,17,0,true,73.1,2.67,above,0,0.66,6320,,5.67,21.03,3.73,3.67,16.45,34,202.94,,,6716,6532,7452,7820,1.5,اشباع خرید | فاصله زیاد از MA20 | سهم صفی: 17 روز از ۲۰ روز در صف (ریسک نقدشوندگی و اجرای حد ضرر) | رشد عمودی (147٪ در ۶۰ روز، 50٪ بالای MA50) | P/E بالا (203) | 270٪ بالای کف ۵۲ هفته
چافست,افست‌,انتشار، چاپ و تکثیر,71.1,پرریسک؛ صفی/رشد عمودی,100,85,62.5,34,25520,20261004,15.9,14.5,95,48.4,11.2,20.1,88.6,71.8,7,0,true,40.6,3.24,above,0,0.51,25200,,16.56,-6.72,15.72,18.68,7.94,4380,5.83,5.01,16.3,25200,24787,28000,29654,3.38,سهم صفی: 7 روز از ۲۰ روز در صف (ریسک نقدشوندگی و اجرای حد ضرر) | 89٪ بالای MA200 | نقدشوندگی کمتر از ۱۰ میلیارد تومان
تبرک,گروه کارخانجات صنعتی تبرک,محصولات غذایی و آشامیدنی به جز قند و شکر,71.1,پرریسک؛ صفی/رشد عمودی,100,63,98,16,22370,20261004,14.3,12,41.8,-4.7,5.5,17.8,55.5,65.5,7,0,false,23.6,3.46,above,-4.2,1.37,19612,23340,16.53,15.29,7.34,18.44,4.44,2192,10.21,7.05,44.8,21596,20822,23340,24888,0.63,سهم صفی: 7 روز از ۲۰ روز در صف (ریسک نقدشوندگی و اجرای حد ضرر) | 56٪ بالای MA200 | نقدشوندگی کمتر از ۱۰ میلیارد تومان
پاکشو,گروه صنعتی پاکشو,محصولات شیمیایی,71,پرریسک؛ صفی/رشد عمودی,100,85,87,9,14080,20261004,15.7,30.6,100.6,54,15.7,27.8,118.3,75.6,10,0,true,33.7,3.05,above,0,0.42,12800,,0.43,22.12,3.24,7.91,8.66,1090,12.92,9.63,34.1,13650,13006,15369,16228,1.2,واگرایی منفی RSI | فاصله زیاد از MA20 | سهم صفی: 10 روز از ۲۰ روز در صف (ریسک نقدشوندگی و اجرای حد ضرر) | رشد عمودی (101٪ در ۶۰ روز، 28٪ بالای MA50) | 118٪ بالای MA200 | واگرایی منفی | حد ضرر دور (7.6٪) | نقدشوندگی کمتر از ۱۰ میلیارد تومان | شناوری کم (10٪)
زفارس,کشت وصنعت و دامپروری پگاه فارس,زراعت و خدمات وابسته,70.9,قوی؛ نزدیک مقاومت، منتظر شکست یا پولبک,95,55,88.5,37,24560,20261004,6.6,7.2,26.9,-19.6,1.1,13.4,,58.7,4,0,false,35.7,3.35,above,-8.9,0.97,22340,26970,9.24,20.66,15.23,26.41,11.3,2916,8.42,8.07,4.4,23737,22502,26970,28617,1.17,واگرایی منفی RSI | 179٪ بالای کف ۵۲ هفته | واگرایی منفی | حد ضرر دور (8.4٪)
دیران,ایران‌دارو,مواد و محصولات دارویی,70.9,پرریسک؛ صفی/رشد عمودی,100,70,77.5,30,20630,20261004,13.7,25.8,273.7,227.2,13.9,45.8,204.5,80.3,16,0,true,69,2.58,above,-1.8,0.62,19400,,3.53,0.58,3.37,28.14,29.92,1532,13.47,12.91,4.3,20098,19299,22227,23292,1.2,اشباع خرید | سهم صفی: 16 روز از ۲۰ روز در صف (ریسک نقدشوندگی و اجرای حد ضرر) | رشد عمودی (274٪ در ۶۰ روز، 46٪ بالای MA50) | توزیع: ورود حقیقی با سرانه خرید ضعیف (0.82 در ۲۰ روز) | 204٪ بالای MA200
شتوکا,توکا رنگ فولاد سپاهان,محصولات شیمیایی,70.9,پرریسک؛ صفی/رشد عمودی,100,70,83.5,24,13830,20261004,14,69.1,99.9,53.3,26.3,62.3,121.6,95.5,16,0,true,77.3,2.68,above,0,1.6,7760,,6.75,36.64,2.19,-20.07,15.91,1545,8.95,8.01,11.8,13459,13088,14942,15684,1.5,اشباع خرید | فاصله زیاد از MA20 | سهم صفی: 16 روز از ۲۰ روز در صف (ریسک نقدشوندگی و اجرای حد ضرر) | رشد عمودی (100٪ در ۶۰ روز، 62٪ بالای MA50) | 122٪ بالای MA200
وسرمد,بیمه  سرمد,بیمه وصندوق بازنشستگی به جزتامین اجتماعی,70.9,قوی؛ نزدیک مقاومت، منتظر شکست یا پولبک,85,53,89,50,1562,20261004,6.4,-4.4,37.8,-8.8,-0.1,3.6,36.3,53.7,3,0,false,25.4,3.64,above,-10,0.92,1455,1657,5.17,20.61,2.33,3.92,3.98,317,4.93,,,1505,1426,1657,1736,0.7,واگرایی منفی RSI | واگرایی منفی | حد ضرر دور (8.7٪) | نقدشوندگی کمتر از ۱۰ میلیارد تومان
ومعادن,توسعه‌معادن‌وفلزات‌,استخراج کانه های فلزی,70.8,پرریسک؛ صفی/رشد عمودی,100,75,53,50,3590,20261004,5.9,27.1,73.3,26.8,4.8,24.9,73.8,65.6,6,0,false,42.6,3.58,above,-5,0.96,2965,3780,187.34,482.8,0.6,-645.18,381.56,318,11.29,13.76,-18,3461,3333,3780,4037,0.74,سهم صفی: 6 روز از ۲۰ روز در صف (ریسک نقدشوندگی و اجرای حد ضرر) | توزیع: ورود حقیقی با سرانه خرید ضعیف (0.48 در ۲۰ روز) | 74٪ بالای MA200 | سرانه خرید ضعیف (0.60) | حد ضرر دور (7.2٪)
فن آوا,گروه فن آوا,رایانه و فعالیت‌های وابسته به آن,70.8,پرریسک؛ صفی/رشد عمودی,100,50,73,50,4080,20261004,1.2,31.5,193.1,146.6,7.6,46,134.6,72.8,12,2,false,79.2,2.79,above,-6.8,0.83,3970,,5.31,44.93,2.43,-12.8,17.76,1675,2.44,,,3970,3913,4421,4648,2.04,سهم صفی: 12 روز از ۲۰ روز در صف (ریسک نقدشوندگی و اجرای حد ضرر) | رشد عمودی (193٪ در ۶۰ روز، 46٪ بالای MA50) | 135٪ بالای MA200 | صف فروش در ۵ روز اخیر
واعتبار,سرمایه گذاری اعتبار ایران,سرمایه گذاریها,70.8,پرریسک؛ صفی/رشد عمودی,100,75,23,80,3680,20261004,4.8,32.2,105.4,58.9,11.1,39.5,105.2,77.5,3,0,true,75.7,2.97,above,-4.4,1.16,2338,,-1.52,-4.25,5.16,-5.72,5.12,827,4.45,7.13,-37.6,3571,3461,4008,4227,1.5,رشد عمودی (105٪ در ۶۰ روز، 39٪ بالای MA50) | 105٪ بالای MA200 | نقدشوندگی کمتر از ۱۰ میلیارد تومان
زفجر,کشاورزی و دامپروری فجر اصفهان,زراعت و خدمات وابسته,70.7,قوی ولی پرریسک؛ فعلاً ورود نه,100,88,32.5,60,54180,20261004,2.8,13.3,37.8,-8.7,5.5,12.3,87.2,59.6,3,0,true,23.3,3.19,above,-5.9,1.2,53370,,-16.19,-9.13,6.78,-8.31,13.3,7903,6.86,8.07,-15,53370,52507,59360,62813,3.1,واگرایی منفی RSI | 87٪ بالای MA200 | واگرایی منفی
جم پیلن,پتروشیمی جم پیلن,محصولات شیمیایی,70.6,پرریسک؛ صفی/رشد عمودی,100,70,56.5,50,346700,20261004,14.6,27.1,91.3,44.8,12.7,33.7,90.7,80.3,2,0,true,47.5,2.81,above,-0.1,0.96,318000,,21.19,-108.88,1.34,22.22,28.59,41853,8.28,9.63,-14,336965,322362,375906,395376,1.2,واگرایی منفی RSI | اشباع خرید | خروج مستمر پول حقیقی | رشد عمودی (91٪ در ۶۰ روز، 34٪ بالای MA50) | 91٪ بالای MA200 | واگرایی منفی | حد ضرر دور (7.0٪) | شناوری کم (11٪)
خریخت,صنایع‌ریخته‌گری‌ایران‌,خودرو و ساخت قطعات,70.6,پرریسک؛ صفی/رشد عمودی,100,70,74.5,32,1933,20261004,13.6,52.4,75.4,28.9,21.6,48.7,90.6,93.6,6,0,true,63.8,2.78,above,-0.6,0.78,1229,,3.2,13.61,1.76,-4.26,6.52,185,10.45,,,1879,1825,2094,2202,1.5,واگرایی منفی RSI | اشباع خرید | فاصله زیاد از MA20 | سهم صفی: 6 روز از ۲۰ روز در صف (ریسک نقدشوندگی و اجرای حد ضرر) | رشد عمودی (75٪ در ۶۰ روز، 49٪ بالای MA50) | 91٪ بالای MA200 | واگرایی منفی | نقدشوندگی کمتر از ۱۰ میلیارد تومان
آباد,توریستی ورفاهی آبادگران ایران,هتل و رستوران,70.6,زیر نظر,95,73,88,22,1102,20261004,15.4,11.1,43.1,-3.4,7.8,26.7,32,70.9,9,0,true,31.8,3.14,above,-14.1,0.82,1055,1147,10.48,12.15,6,23.84,8.77,3,367.33,307,19.7,1067,1038,1147,1283,0.7,سهم صفی: 9 روز از ۲۰ روز در صف (ریسک نقدشوندگی و اجرای حد ضرر) | P/E بالا (367) | توزیع: ورود حقیقی با سرانه خرید ضعیف (0.87 در ۲۰ روز) | نقدشوندگی کمتر از ۱۰ میلیارد تومان
ولغدر,لیزینگ‌خودروغدیر,سایر واسطه گریهای مالی,70.5,زیر نظر,100,75,98,4,3830,20261004,3.2,10.4,75.5,29,3.7,21.1,54.1,65.6,5,1,false,56.3,3.64,above,-3.3,1.61,3480,3900,9.72,14.28,2.96,0.47,8.11,80,47.88,9.94,381.6,3691,3481,3900,3960,0.2,P/E بالا (48) | 54٪ بالای MA200 | حد ضرر دور (9.1٪) | نقدشوندگی کمتر از ۱۰ میلیارد تومان | صف فروش در ۵ روز اخیر
وکبهمن,مدیریت سرمایه گذاری کوثربهمن,سرمایه گذاریها,70.4,قوی ولی پرشده؛ منتظر پولبک,100,70,45.5,60,4360,20261004,13.2,29.4,52.1,5.6,13.1,27.8,79.5,81.1,3,0,true,49.6,3,above,0,1.46,3980,,-22.5,-40.37,11.47,10.3,5.41,671,6.5,8.73,-25.6,4229,4033,4752,5013,1.2,اشباع خرید | خروج مستمر پول حقیقی | 79٪ بالای MA200 | حد ضرر دور (7.5٪) | نقدشوندگی کمتر از ۱۰ میلیارد تومان
فروی,ذوب روی اصفهان,فلزات اساسی,70.2,پرریسک؛ صفی/رشد عمودی,100,75,91.7,9,2941,20261004,9.3,21.6,50.9,4.3,4.8,20.3,62.8,65.8,9,0,false,42.3,3.04,above,-6.6,1.43,2642,3150,1.07,33.12,1.35,10.55,12.58,186,15.81,8.05,96.4,2852,2762,3150,3329,1.17,سهم صفی: 9 روز از ۲۰ روز در صف (ریسک نقدشوندگی و اجرای حد ضرر) | 63٪ بالای MA200
دزهراوی,داروسازی‌زهراوی‌,مواد و محصولات دارویی,70.1,قوی ولی پرریسک؛ فعلاً ورود نه,100,100,30.5,50,5040,20261004,4.3,12.8,83.2,36.7,6,14.5,113.2,62.8,2,0,true,39.8,3.46,above,-4.9,1.23,4735,,-16.76,-49.77,4.57,-20.86,24.23,492,10.24,12.91,-20.7,4866,4648,5563,5912,1.33,خروج مستمر پول حقیقی | 113٪ بالای MA200 | حد ضرر دور (7.8٪)
ولپارس,لیزینگ پارسیان,سایر واسطه گریهای مالی,70.1,قوی؛ نزدیک مقاومت، منتظر شکست یا پولبک,95,75,97.5,9,4160,20261004,6.7,12.7,47,0.5,5.7,17.8,47.7,66.6,4,0,false,40.9,3.33,above,-3.3,1.59,3680,4300,12.53,18.79,77.74,32.09,4.62,307,13.55,9.94,36.3,4022,3883,4300,4577,0.51,نقدشوندگی کمتر از ۱۰ میلیارد تومان
شگستر,گسترش سوخت سبززاگرس(سهامی عام),محصولات شیمیایی,69.9,زیر نظر,100,70,99.5,4,2424,20261004,15.6,44.6,140.7,94.1,21.4,60.2,120.5,89.4,12,0,true,67.5,2.51,above,-0.1,1.66,1998,,239.62,317.94,7.92,15.52,87.64,36,67.33,9.63,599.2,2363,2303,2606,2728,1.5,اشباع خرید | فاصله زیاد از MA20 | سهم صفی: 12 روز از ۲۰ روز در صف (ریسک نقدشوندگی و اجرای حد ضرر) | رشد عمودی (141٪ در ۶۰ روز، 60٪ بالای MA50) | P/E بالا (67) | 121٪ بالای MA200
غگرجی,بیسکویت‌  گرجی‌,محصولات غذایی و آشامیدنی به جز قند و شکر,69.9,زیر نظر,95,90,79.5,14,4120,20261004,14.1,-0.2,61.6,15,4.1,5.9,86.5,58.6,4,0,true,31.9,3.43,above,-12.5,0.63,3510,4710,1.92,2.85,3.7,6.25,3.5,45,91.56,8.53,973.3,3979,3837,4710,4993,2.09,P/E بالا (92) | 87٪ بالای MA200 | نقدشوندگی کمتر از ۱۰ میلیارد تومان
خکمک,کمک‌فنرایندامین‌,خودرو و ساخت قطعات,69.8,زیر نظر,95,63,84.9,30,2911,20261004,9.3,8.3,38,-8.6,1.2,16.8,24.9,59.8,5,0,false,28.4,3.34,above,-15.4,1.13,2754,2950,6.66,19.99,1.52,8.31,11.21,47,61.94,,,2814,2705,2950,3250,0.19,P/E بالا (62) | حد ضرر دور (7.1٪)
وپخش,داروپخش‌ (هلدینگ‌,مواد و محصولات دارویی,69.8,زیر نظر,100,85,74,17,59140,20261004,14.7,31,50.7,4.2,17.8,25.5,105.2,77.5,9,0,true,27.4,3.14,above,-1,1.07,52180,,48.86,117.53,5.45,-0.36,39.59,3800,15.56,12.91,20.6,57285,55430,64705,68416,1.5,واگرایی منفی RSI | فاصله زیاد از MA20 | سهم صفی: 9 روز از ۲۰ روز در صف (ریسک نقدشوندگی و اجرای حد ضرر) | توزیع: ورود حقیقی با سرانه خرید ضعیف (0.69 در ۲۰ روز) | 105٪ بالای MA200 | واگرایی منفی | شناوری کم (11٪)
شبریز,پالایش نفت تبریز,فراورده های نفتی، کک و سوخت هسته ای,69.7,زیر نظر,90,63,83.4,57,56390,20261003,4.6,6.4,40.2,-6.4,-2.5,13.3,78.5,55.3,2,0,false,40.7,3.68,above,-13.4,1.28,53180,65100,296.3,29.02,1.42,55.68,168.91,9661,5.84,6.26,-6.8,54314,52142,65100,69252,2.05,توزیع: ورود حقیقی با سرانه خرید ضعیف (0.66 در ۲۰ روز) | 78٪ بالای MA200 | حد ضرر دور (7.5٪) | آخرین معامله 20261003 (متوقف یا کم‌معامله)
پارسان,گسترش نفت و گاز پارسیان,محصولات شیمیایی,69.5,زیر نظر,100,55,77,37,35840,20261004,5.5,6,24.7,-21.8,1.5,15.6,46.8,59.7,0,0,false,35.8,3.4,above,-5.3,0.7,33870,37860,59.21,111.98,1.64,69.78,143.78,3483,10.29,9.63,6.9,34621,33261,37860,40297,0.78,توزیع: ورود حقیقی با سرانه خرید ضعیف (0.72 در ۲۰ روز) | 152٪ بالای کف ۵۲ هفته | حد ضرر دور (7.2٪)
ورازی,بیمه رازی,بیمه وصندوق بازنشستگی به جزتامین اجتماعی,69.5,زیر نظر,100,50,98,20,1743,20261004,6.8,40.8,87.6,41.1,10.7,32,75.7,74.7,7,0,false,53.3,3.4,above,-3,1.53,1584,1797,6.36,28.87,1.63,19.59,9.2,18,96.83,,,1684,1595,1797,1916,0.36,سهم صفی: 7 روز از ۲۰ روز در صف (ریسک نقدشوندگی و اجرای حد ضرر) | رشد عمودی (88٪ در ۶۰ روز، 32٪ بالای MA50) | P/E بالا (97) | 76٪ بالای MA200 | حد ضرر دور (8.5٪) | نقدشوندگی کمتر از ۱۰ میلیارد تومان
کایزد,فرانسوز یزد,سایر محصولات کانی غیرفلزی,69.4,زیر نظر,100,75,88.5,9,3750,20261004,-1.8,46.9,113.8,67.3,13.2,47.7,82.4,79.4,15,2,true,79.8,2.82,above,-4.3,2.07,2636,,10.38,31.5,3.18,35.12,14.51,263,14.26,10.33,38,3644,3538,4068,4279,1.5,اشباع خرید | سهم صفی: 15 روز از ۲۰ روز در صف (ریسک نقدشوندگی و اجرای حد ضرر) | رشد عمودی (114٪ در ۶۰ روز، 48٪ بالای MA50) | 82٪ بالای MA200 | صف فروش در ۵ روز اخیر
ولیز,لیزینگ ایران,سایر واسطه گریهای مالی,69.3,زیر نظر,100,60,77,32,4410,20261004,4.3,43.2,109.2,62.7,12.7,45,77.6,82.8,6,0,true,82.1,3.07,above,-3.5,0.95,3260,,3.65,3.8,2.11,14.87,6.57,458,9.63,,,4274,4139,4817,5088,1.5,اشباع خرید | سهم صفی: 6 روز از ۲۰ روز در صف (ریسک نقدشوندگی و اجرای حد ضرر) | رشد عمودی (109٪ در ۶۰ روز، 45٪ بالای MA50) | 78٪ بالای MA200 | نقدشوندگی کمتر از ۱۰ میلیارد تومان
هجرت,پخش هجرت,مواد و محصولات دارویی,69.1,زیر نظر,100,85,64.5,24,9790,20261004,15.6,17.7,70.3,23.7,16.1,26.9,141.5,77.3,7,0,true,34,3,above,0,0.48,8735,,28.21,-9.15,10.18,32.12,32.55,888,11.02,8.86,24.4,9496,9202,10672,11261,1.5,فاصله زیاد از MA20 | سهم صفی: 7 روز از ۲۰ روز در صف (ریسک نقدشوندگی و اجرای حد ضرر) | 141٪ بالای MA200
چخزر,صنایع چوب خزر کاسپین,محصولات چوبی,69.1,زیر نظر,100,85,64.5,24,229000,20261004,15.8,22.9,115.4,68.9,17.6,25.5,155,79.6,7,0,true,35.8,2.89,above,0,0.28,203400,,8.04,-4.33,43.62,16.5,11.03,20671,11.08,9.03,22.7,222374,215748,248878,262130,1.5,اشباع خرید | فاصله زیاد از MA20 | سهم صفی: 7 روز از ۲۰ روز در صف (ریسک نقدشوندگی و اجرای حد ضرر) | رشد عمودی (115٪ در ۶۰ روز، 26٪ بالای MA50) | 155٪ بالای MA200
شفارا,پتروشیمی فارابی,محصولات شیمیایی,69,زیر نظر,100,85,63,25,1899,20261004,15.8,18.2,67.9,21.3,10.2,28.1,57,74.2,8,0,true,44.2,3.25,above,0,0.39,1838,,2.73,-0.23,4.3,13.1,9.9,126,15.07,,,1838,1807,2084,2208,2.02,واگرایی منفی RSI | سهم صفی: 8 روز از ۲۰ روز در صف (ریسک نقدشوندگی و اجرای حد ضرر) | 57٪ بالای MA200 | واگرایی منفی | نقدشوندگی کمتر از ۱۰ میلیارد تومان
تپسی,پیشگامان فن آوری و دانش آرامیس,رایانه و فعالیت‌های وابسته به آن,69,زیر نظر,100,70,90,10,26640,20261004,6.1,26.4,100.3,53.8,11.5,31.3,53.9,99.7,20,0,true,95.7,1.01,above,0,0.66,22600,,14.69,72.73,10.94,14.34,4.72,,,8.89,,26370,26099,27451,27992,1.5,اشباع خرید | بدون EPS مثبت | سهم صفی: 20 روز از ۲۰ روز در صف (ریسک نقدشوندگی و اجرای حد ضرر) | رشد عمودی (100٪ در ۶۰ روز، 31٪ بالای MA50) | 54٪ بالای MA200 | نقدشوندگی کمتر از ۱۰ میلیارد تومان
لابسا,آبسال‌,ماشین آلات و تجهیزات,69,زیر نظر,100,85,79,9,6170,20261004,13.2,19.6,70.9,24.3,12.5,21.1,54.9,74.6,2,0,true,22.4,3.15,above,-0.6,1.12,5705,,0.61,0.32,2.74,10.17,3.27,484,12.75,5.15,147.5,5976,5684,6753,7142,1.2,55٪ بالای MA200 | حد ضرر دور (7.9٪) | نقدشوندگی کمتر از ۱۰ میلیارد تومان
دلقما,دارویی‌ لقمان‌,مواد و محصولات دارویی,68.9,زیر نظر,100,55,39.5,72,9970,20261004,-0.5,-0.3,167.8,121.3,2.6,13.8,160.9,56.8,7,0,false,40.5,3.6,above,-14,1.57,9630,10600,-21.38,24.69,1.64,-235.22,89.25,1109,8.99,12.91,-30.4,9630,9451,10600,11590,1.21,سهم صفی: 7 روز از ۲۰ روز در صف (ریسک نقدشوندگی و اجرای حد ضرر) | رشد عمودی (168٪ در ۶۰ روز، 14٪ بالای MA50) | توزیع: ورود حقیقی با سرانه خرید ضعیف (0.61 در ۲۰ روز) | 161٪ بالای MA200
جوین,کشت و صنعت جوین,زراعت و خدمات وابسته,68.9,زیر نظر,100,75,63.5,32,6930,20261004,3,10,47.8,1.2,3.6,16.3,69.6,63.9,5,0,false,40.3,3.43,above,-5.6,0.83,6420,,1.96,-8.9,3.1,10.45,14.2,765,9.06,,,6692,6335,7644,8120,1.2,70٪ بالای MA200 | حد ضرر دور (8.6٪)
ثتران,سرمایه گذاری مسکن تهران,انبوه سازی، املاک و مستغلات,68.9,زیر نظر,100,85,77.5,10,9100,20261004,15,10.2,65.2,18.6,10.5,22.6,65.9,73,1,0,true,45.1,3.24,above,0,0.81,8720,,1.05,3.83,2.09,14.2,7.91,,,23.59,,8805,8572,9985,10575,1.68,واگرایی منفی RSI | بدون EPS مثبت | 66٪ بالای MA200 | واگرایی منفی | نقدشوندگی کمتر از ۱۰ میلیارد تومان
فنوال,نورد آلومینیوم‌,فلزات اساسی,68.9,زیر نظر,95,85,31.5,62,14550,20261004,15.7,11.9,55.5,9,11,17.4,91.1,70.3,7,0,true,34.6,3.09,above,0,1.55,14170,,-17.41,-37.01,2.62,-6.23,10.04,1597,9.11,13.48,-32.4,14170,13945,15899,16798,2.23,واگرایی منفی RSI | خروج مستمر پول حقیقی | سهم صفی: 7 روز از ۲۰ روز در صف (ریسک نقدشوندگی و اجرای حد ضرر) | 91٪ بالای MA200 | واگرایی منفی
حخزر,کشتیرانی دریای خزر,حمل و نقل آبی,68.8,زیر نظر,100,70,90,9,12830,20261004,15.8,58.8,193.6,147,23.4,59.5,217.8,93.9,8,0,true,85.2,2.58,above,0,0.42,6430,,22.2,61.48,3.58,12.69,21.8,944,13.59,10.36,31.2,12499,12168,13823,14485,1.5,واگرایی منفی RSI | اشباع خرید | فاصله زیاد از MA20 | سهم صفی: 8 روز از ۲۰ روز در صف (ریسک نقدشوندگی و اجرای حد ضرر) | رشد عمودی (194٪ در ۶۰ روز، 59٪ بالای MA50) | 218٪ بالای MA200 | واگرایی منفی
خکار,ایرکا پارت صنعت,خودرو و ساخت قطعات,68.8,زیر نظر,95,80,47,50,2021,20261004,13.1,12.9,31.6,-14.9,7.1,15.7,53.3,65.4,3,0,true,25.5,3.43,above,-1.3,1.21,1940,2047,-8,-26.4,2.65,19.09,11.63,504,4.01,,,1952,1905,2047,2186,0.22,واگرایی منفی RSI | خروج مستمر پول حقیقی | 53٪ بالای MA200 | واگرایی منفی
کخاک,صنایع‌خاک‌چینی‌ایران‌,سایر محصولات کانی غیرفلزی,68.8,زیر نظر,100,70,90,9,73970,20261004,15.9,48.2,121.9,75.3,22.8,46.5,146.5,88.9,10,0,true,68.4,2.74,above,0,0.14,58890,,11.68,89.12,7.34,13.7,18.99,4037,18.32,12.75,43.7,71942,69914,80054,84111,1.5,اشباع خرید | فاصله زیاد از MA20 | سهم صفی: 10 روز از ۲۰ روز در صف (ریسک نقدشوندگی و اجرای حد ضرر) | رشد عمودی (122٪ در ۶۰ روز، 46٪ بالای MA50) | توزیع: ورود حقیقی با سرانه خرید ضعیف (0.76 در ۲۰ روز) | 146٪ بالای MA200
وامیر,گروه صنعتی و معدنی امیر,استخراج کانه های فلزی,68.8,زیر نظر,100,60,87,20,12090,20261004,10,35.8,155.9,109.3,10.4,42.9,150.2,79,11,0,false,67.3,2.72,above,-0.8,1.08,10640,,1.53,31.25,1.64,16.04,16.57,598,20.22,,,11761,11432,13077,13735,1.5,اشباع خرید | سهم صفی: 11 روز از ۲۰ روز در صف (ریسک نقدشوندگی و اجرای حد ضرر) | رشد عمودی (156٪ در ۶۰ روز، 43٪ بالای MA50) | 150٪ بالای MA200
دحاوی,الحاوی,مواد و محصولات دارویی,68.8,زیر نظر,100,70,97,42,5940,20261004,12.7,43.8,178.3,131.8,22.4,55.1,168.1,99.8,20,0,true,96,2.27,above,0,1.56,2354,,1.34,2.78,3.69,2.54,0.5,849,7,,,5805,5670,6344,6614,1.5,نقدشوندگی پایین | اشباع خرید | فاصله زیاد از MA20 | سهم صفی: 20 روز از ۲۰ روز در صف (ریسک نقدشوندگی و اجرای حد ضرر) | رشد عمودی (178٪ در ۶۰ روز، 55٪ بالای MA50) | 168٪ بالای MA200 | نقدشوندگی کمتر از ۱۰ میلیارد تومان
چکاپا,گروه صنایع کاغذ پارس,محصولات کاغذی,68.6,زیر نظر,100,70,88.5,10,2586,20261004,15.5,58,89.2,42.6,21.7,48.2,94.3,87.8,8,0,true,66.9,2.65,above,0,0.55,1699,,44.46,34.49,9.12,83.69,32.57,,,16.48,,2517,2449,2792,2929,1.5,اشباع خرید | فاصله زیاد از MA20 | بدون EPS مثبت | سهم صفی: 8 روز از ۲۰ روز در صف (ریسک نقدشوندگی و اجرای حد ضرر) | رشد عمودی (89٪ در ۶۰ روز، 48٪ بالای MA50) | 94٪ بالای MA200
افق,فروشگاههای زنجیره ای افق کوروش,خرده فروشی،باستثنای وسایل نقلیه موتوری,68.6,زیر نظر,95,100,63.5,17,80630,20261004,13.8,12.7,61,14.5,9.7,15.1,96.9,69.8,5,0,true,31.5,3.28,above,-0.5,1.08,77550,,59.92,-27.7,7.35,39.64,42.22,5195,15.52,12.78,21.4,77982,76226,88573,93868,1.8,واگرایی منفی RSI | 97٪ بالای MA200 | واگرایی منفی | شناوری کم (12٪)
کوچین,تولیدی کوچین,محصولات غذایی و آشامیدنی به جز قند و شکر,68.6,زیر نظر,95,63,63,47,17620,20261004,9,3.5,37.8,-8.8,2.2,10.3,,60.3,4,0,false,26.7,3.46,above,-7.9,1.07,17250,19140,21.28,-121.97,1.8,81.01,45.15,2530,6.96,7.05,-1.2,17250,16946,19140,20358,2.25,خروج مستمر پول حقیقی | 324٪ بالای کف ۵۲ هفته
اخابر,مخابرات ایران,مخابرات,68.6,زیر نظر,85,75,65.3,47,1006,20261004,1,4.5,60.6,14.1,-2.5,10.2,72.7,52.8,3,0,false,31.9,3.84,above,-12.5,1.22,946,1069,88.69,199.36,0.93,-56.52,130.08,124,8.11,8.37,-3.1,967,927,1069,1150,0.79,واگرایی منفی RSI | توزیع: ورود حقیقی با سرانه خرید ضعیف (0.74 در ۲۰ روز) | 73٪ بالای MA200 | واگرایی منفی | حد ضرر دور (7.9٪)
کسعدی,کاشی‌ سعدی‌,کاشی و سرامیک,68.5,زیر نظر,100,70,89,9,30160,20261004,15.8,79.5,224.7,178.1,30.2,66.5,211.6,96.5,16,0,true,75.4,2.28,above,0,0.95,16500,,10.73,46.75,2.75,41.82,13.8,1590,18.97,7.65,148,29472,28785,32223,33598,1.5,واگرایی منفی RSI | اشباع خرید | فاصله زیاد از MA20 | سهم صفی: 16 روز از ۲۰ روز در صف (ریسک نقدشوندگی و اجرای حد ضرر) | رشد عمودی (225٪ در ۶۰ روز، 66٪ بالای MA50) | 212٪ بالای MA200 | واگرایی منفی
دکیمی,کیمیدارو,مواد و محصولات دارویی,68.5,زیر نظر,100,70,89,9,81200,20261004,15.7,31.5,167.7,121.2,19.8,42.4,178.1,82.8,9,0,true,55,2.8,above,0,1.06,70170,,26.48,38.11,3.85,0.83,10.75,4266,19.03,12.91,47.4,78928,76656,88017,92561,1.5,واگرایی منفی RSI | اشباع خرید | فاصله زیاد از MA20 | سهم صفی: 9 روز از ۲۰ روز در صف (ریسک نقدشوندگی و اجرای حد ضرر) | رشد عمودی (168٪ در ۶۰ روز، 42٪ بالای MA50) | 178٪ بالای MA200 | واگرایی منفی
دلر,داروسازی‌ اکسیر,مواد و محصولات دارویی,68.4,زیر نظر,100,100,23.5,50,28930,20261004,5.8,11.5,88.7,42.2,8.4,13.7,116.7,65,4,0,true,33.4,3.43,above,-5.8,1.08,28330,,-28.25,-21.1,2.17,-72.43,41.65,2845,10.17,12.91,-21.2,28330,27833,31909,33895,2.72,واگرایی منفی RSI | 117٪ بالای MA200 | واگرایی منفی
جم,پتروشیمی جم,محصولات شیمیایی,68.4,زیر نظر,100,70,88.5,9,78380,20261004,15.8,38.9,130.8,84.2,18.3,46,76.3,86.7,3,0,true,63.6,2.91,above,0,1.18,67480,,185.85,309.13,8.48,167.5,52.15,4968,15.78,9.63,63.8,76101,73822,85216,89774,1.5,اشباع خرید | فاصله زیاد از MA20 | رشد عمودی (131٪ در ۶۰ روز، 46٪ بالای MA50) | 76٪ بالای MA200
فنر,پارس فنر,خودرو و ساخت قطعات,68.4,زیر نظر,100,70,88.5,9,8490,20261004,14.6,29,128.3,81.7,21.2,44.1,130.5,91.7,1,0,true,61.6,2.93,above,-0.1,0.59,6690,,12.53,10.49,6.6,25.75,9.77,636,13.35,5.87,127.4,8241,7992,9237,9735,1.5,اشباع خرید | فاصله زیاد از MA20 | رشد عمودی (128٪ در ۶۰ روز، 44٪ بالای MA50) | 130٪ بالای MA200 | نقدشوندگی کمتر از ۱۰ میلیارد تومان
دسینا,داروسازی‌ سینا,مواد و محصولات دارویی,68.4,زیر نظر,100,88,33,50,97640,20261004,7.7,13,43.5,-3.1,8.4,17.1,85.3,65,8,0,true,32.8,2.98,above,-3.7,1.36,95740,,-5.92,-22.99,6.13,-14.72,11.72,9289,10.51,12.91,-18.6,95740,94285,106368,112187,2.6,خروج مستمر پول حقیقی | سهم صفی: 8 روز از ۲۰ روز در صف (ریسک نقدشوندگی و اجرای حد ضرر) | 85٪ بالای MA200
وتوصا,گروه س توسعه صنعتی ایران,سرمایه گذاریها,68.3,زیر نظر,85,75,31.4,80,3080,20261004,2.3,5.8,53.3,6.8,-1.4,9.2,58.8,53.8,0,0,false,42,3.8,above,-9.7,0.82,2970,3124,1.3,-15.6,0.99,-1.03,7.53,642,4.8,7.13,-32.7,2970,2911,3124,3410,0.26,واگرایی منفی RSI | خروج مستمر پول حقیقی | 59٪ بالای MA200 | واگرایی منفی | نقدشوندگی کمتر از ۱۰ میلیارد تومان
فولاژ,فولاد آلیاژی ایران,فلزات اساسی,68.3,زیر نظر,100,65,58.3,43,6510,20261004,0.6,3.5,88.2,41.6,1.7,17.4,70,59.5,2,0,false,48.4,3.23,above,-6.6,0.93,5840,6820,12.23,39.66,1.01,-7.36,21.49,541,12.03,13.48,-10.7,6300,6090,6820,7240,0.74,توزیع: ورود حقیقی با سرانه خرید ضعیف (0.70 در ۲۰ روز) | 70٪ بالای MA200
وکغدیر,بین المللی توسعه ص. معادن غدیر,شرکتهای چند رشته ای صنعتی,68.2,زیر نظر,100,70,79.7,17,7610,20261004,14.4,37.9,137.8,91.3,13.7,44.2,109,80.2,8,0,true,67.4,2.8,above,-0.4,1.02,7160,,238.65,525.56,1.25,44.45,156.4,563,13.52,10.88,24.2,7397,7077,8249,8675,1.2,اشباع خرید | سهم صفی: 8 روز از ۲۰ روز در صف (ریسک نقدشوندگی و اجرای حد ضرر) | رشد عمودی (138٪ در ۶۰ روز، 44٪ بالای MA50) | توزیع: ورود حقیقی با سرانه خرید ضعیف (0.86 در ۲۰ روز) | 109٪ بالای MA200 | شناوری کم (10٪)
ممسنی,پتروشیمی ممسنی,محصولات شیمیایی,68.1,زیر نظر,100,70,86.5,10,16080,20261004,15.8,52.7,103.3,56.7,25,51.9,68.8,98.7,20,0,true,80.8,2.27,above,-6.2,0.41,15160,17138,1.69,62.7,3.1,2.5,4.41,,,,,15714,15166,17138,17869,1.16,اشباع خرید | فاصله زیاد از MA20 | بدون EPS مثبت | سهم صفی: 20 روز از ۲۰ روز در صف (ریسک نقدشوندگی و اجرای حد ضرر) | رشد عمودی (103٪ در ۶۰ روز، 52٪ بالای MA50) | 69٪ بالای MA200 | نقدشوندگی کمتر از ۱۰ میلیارد تومان | واگرایی مثبت RSI
سدبیر,س. تدبیرگران فارس وخوزستان,سرمایه گذاریها,68,زیر نظر,85,55,43.9,82,38710,20261004,0.4,0.3,36.2,-10.4,-1.1,6.1,11.9,50.6,0,0,false,29.1,3.69,above,-21.5,0.68,37422,40263,0.25,3.7,0.9,-3.64,9.42,7407,5.23,8.73,-40.1,37422,36707,40263,41768,0.78,واگرایی منفی RSI | توزیع: ورود حقیقی با سرانه خرید ضعیف (0.81 در ۲۰ روز) | واگرایی منفی | نقدشوندگی کمتر از ۱۰ میلیارد تومان
زنگان,صنعت روی زنگان,فلزات اساسی,67.9,زیر نظر,100,60,99.5,4,9090,20261004,8.3,28.9,94.9,48.4,18.9,34,82.3,81.1,9,0,true,50.7,2.94,above,-3.5,1.28,7276,,9.21,11.87,2.79,20.04,7.34,403,22.56,8.05,180.2,8823,8556,9891,10425,1.5,اشباع خرید | فاصله زیاد از MA20 | سهم صفی: 9 روز از ۲۰ روز در صف (ریسک نقدشوندگی و اجرای حد ضرر) | رشد عمودی (95٪ در ۶۰ روز، 34٪ بالای MA50) | 82٪ بالای MA200 | نقدشوندگی کمتر از ۱۰ میلیارد تومان
فخاس,فولاد خراسان,فلزات اساسی,67.8,زیر نظر,100,85,33.2,50,3730,20261004,6.9,22.9,85.9,39.4,8.7,27.9,76.8,71.9,5,0,true,48.9,3.2,above,-2.6,1.56,3600,,-31.41,1.84,1.01,-24.65,26.26,363,10.28,13.48,-23.8,3611,3540,4088,4327,1.89,واگرایی منفی RSI | 77٪ بالای MA200 | واگرایی منفی | شناوری کم (4٪)
درپاد,گروه صنعتی درپاد تبریز,فلزات اساسی,67.8,زیر نظر,100,60,99,4,4890,20261004,8.9,67.2,92.6,46,22.9,67.5,,96.5,17,0,true,77.9,2.47,above,-2.8,1.76,3100,,16.79,57.4,81.06,72.52,9.37,24,203.75,8.05,2431.1,4769,4648,5253,5495,1.5,اشباع خرید | فاصله زیاد از MA20 | سهم صفی: 17 روز از ۲۰ روز در صف (ریسک نقدشوندگی و اجرای حد ضرر) | رشد عمودی (93٪ در ۶۰ روز، 68٪ بالای MA50) | P/E بالا (204) | 160٪ بالای کف ۵۲ هفته | نقدشوندگی کمتر از ۱۰ میلیارد تومان
غپاک,لبنیات‌ پاک‌,محصولات غذایی و آشامیدنی به جز قند و شکر,67.7,زیر نظر,100,73,88.5,4,2535,20261004,14.8,19.6,41.6,-4.9,10.3,29.6,70.7,74.3,7,0,true,37.4,3.2,above,-0.6,0.78,2078,,8.22,40.53,5.82,1.87,16.1,97,26.13,8.53,206.4,2454,2373,2779,2941,1.5,سهم صفی: 7 روز از ۲۰ روز در صف (ریسک نقدشوندگی و اجرای حد ضرر) | توزیع: ورود حقیقی با سرانه خرید ضعیف (0.74 در ۲۰ روز) | 71٪ بالای MA200
سجام,مجتمع سیمان غرب آسیا,سیمان، آهک و گچ,67.6,زیر نظر,100,90,31.2,47,10660,20261004,0.1,20.9,50.1,3.6,4.8,17.5,98.8,62.9,4,0,true,39,3.31,above,-7,1.14,10420,,-0.39,33.3,0.93,-49.48,21.41,1760,6.06,6.69,-9.5,10420,10243,11720,12427,2.54,واگرایی منفی RSI | توزیع: ورود حقیقی با سرانه خرید ضعیف (0.83 در ۲۰ روز) | 99٪ بالای MA200 | واگرایی منفی
ومشان,سرمایه گذاری مشانیر,سرمایه گذاریها,67.5,زیر نظر,100,70,74,20,38110,20261004,14.9,53,75,28.4,27.8,43.8,121.6,90.1,11,0,true,48.5,2.83,above,0,0.65,26683,,1.76,22.71,4.49,-4.68,5.78,143,266.5,,,37033,35956,41340,43494,1.5,اشباع خرید | فاصله زیاد از MA20 | سهم صفی: 11 روز از ۲۰ روز در صف (ریسک نقدشوندگی و اجرای حد ضرر) | رشد عمودی (75٪ در ۶۰ روز، 44٪ بالای MA50) | P/E بالا (267) | 122٪ بالای MA200 | نقدشوندگی کمتر از ۱۰ میلیارد تومان
قپیرا,فرآورده‌های‌غدایی‌وقندپیرانشهر,قند و شکر,67.5,زیر نظر,100,65,28,70,22800,20261004,-9.1,25.6,48.9,2.4,0.2,20.2,77,56.6,8,2,false,59.4,3.46,above,-13.3,0.58,18820,26290,-0.43,26.47,0.47,-5.84,4.86,2920,7.81,9.8,-20.3,22012,21224,26290,27866,2.21,سهم صفی: 8 روز از ۲۰ روز در صف (ریسک نقدشوندگی و اجرای حد ضرر) | 77٪ بالای MA200 | سرانه خرید ضعیف (0.47) | نقدشوندگی کمتر از ۱۰ میلیارد تومان | صف فروش در ۵ روز اخیر
سغدیر,توسعه سرمایه و صنعت غدیر,سیمان، آهک و گچ,67.4,زیر نظر,95,63,79.2,26,23910,20261004,4.6,6.3,37.7,-8.9,1.1,11.7,54.8,58,2,0,false,30.4,3.45,above,-10.5,1.4,23570,26720,25.47,5.4,1.23,9.87,17.88,2624,9.11,6.69,36.2,23570,23158,26720,28368,3.74,توزیع: ورود حقیقی با سرانه خرید ضعیف (0.65 در ۲۰ روز) | 55٪ بالای MA200
سکرما,سیمان‌ کرمان‌,سیمان، آهک و گچ,67.4,زیر نظر,100,70,36.5,57,72760,20261004,0.7,7.5,14.2,-32.3,0.7,7.4,33.7,55.4,1,0,true,26.7,3.59,above,-16.2,1.27,68970,76360,-15.42,11.52,0.75,-17.41,7.99,11282,6.45,7.14,-9.7,70151,67666,76360,78940,0.71,سرانه خرید ضعیف (0.75) | حد ضرر دور (7.0٪) | نقدشوندگی کمتر از ۱۰ میلیارد تومان
دعبید,لابراتوارداروسازی‌  دکترعبیدی‌,مواد و محصولات دارویی,67.3,زیر نظر,100,70,84,9,29860,20261004,11.8,36.7,74.8,28.3,16.6,34.6,130.4,83,10,0,true,53.3,2.89,above,-3.1,1.39,25440,,262.1,274.63,5.96,-182.73,138.15,1503,19.87,12.91,53.9,28997,28134,32449,34175,1.5,اشباع خرید | فاصله زیاد از MA20 | سهم صفی: 10 روز از ۲۰ روز در صف (ریسک نقدشوندگی و اجرای حد ضرر) | رشد عمودی (75٪ در ۶۰ روز، 35٪ بالای MA50) | توزیع: ورود حقیقی با سرانه خرید ضعیف (0.78 در ۲۰ روز) | 130٪ بالای MA200
کاسپین,داروسازی کاسپین تامین,مواد و محصولات دارویی,67.3,زیر نظر,100,90,53,24,38160,20261004,1,13.7,54.1,7.5,3.9,12.6,106.5,59.8,3,0,true,37.6,3.28,above,-4.9,1.23,36690,,19.57,33.16,0.65,-60,37.51,3831,9.96,8.86,12.4,36908,36064,41917,44421,1.79,واگرایی منفی RSI | توزیع: ورود حقیقی با سرانه خرید ضعیف (0.62 در ۲۰ روز) | 107٪ بالای MA200 | سرانه خرید ضعیف (0.65) | واگرایی منفی
والماس,س. الماس حکمت ایرانیان,سرمایه گذاریها,67.3,زیر نظر,100,65,15,82,2807,20261004,1.5,23.7,66.3,19.8,0.9,16.7,66.7,58.2,10,0,false,50.2,3.47,above,-10.4,0.98,2732,3132,-18.77,1.55,0.72,-20.33,11.7,462,6.08,8.73,-30.4,2732,2683,3132,3327,2.63,سهم صفی: 10 روز از ۲۰ روز در صف (ریسک نقدشوندگی و اجرای حد ضرر) | 67٪ بالای MA200 | سرانه خرید ضعیف (0.72)
مهر,سرمایه گذاری مهر,سرمایه گذاریها,67.3,زیر نظر,100,65,37,60,3920,20261004,-1,22.9,74.9,28.4,6,31.4,77.4,69,3,0,false,57.2,2.88,above,-6.2,1.12,3410,4180,-38.4,-60.69,1.72,5.74,12.61,564,6.95,8.73,-20.4,3807,3694,4180,4406,1.15,واگرایی منفی RSI | خروج مستمر پول حقیقی | رشد عمودی (75٪ در ۶۰ روز، 31٪ بالای MA50) | 77٪ بالای MA200 | واگرایی منفی
ثالوند,سرمایه گذاری مسکن الوند,انبوه سازی، املاک و مستغلات,67.3,زیر نظر,100,70,89,4,12620,20261004,15.6,74.3,189,142.4,29.8,78.2,155.9,98.3,17,0,true,86.4,2.19,above,0,0.46,6370,,11.37,37.85,1.76,10.7,8.06,230,54.87,23.59,132.6,12344,12068,13448,14000,1.5,اشباع خرید | فاصله زیاد از MA20 | سهم صفی: 17 روز از ۲۰ روز در صف (ریسک نقدشوندگی و اجرای حد ضرر) | رشد عمودی (189٪ در ۶۰ روز، 78٪ بالای MA50) | P/E بالا (55) | 156٪ بالای MA200 | نقدشوندگی کمتر از ۱۰ میلیارد تومان
وهامون,سرمایه گذاری هامون صبا,سرمایه گذاریها,67.1,زیر نظر,90,55,36.5,80,1662,20261004,1.4,4.9,13,-33.6,-0.1,7.5,29.1,55,0,0,false,20.5,2.84,above,-5.6,0.98,1623,1760,-1.49,-2.51,2.05,6.81,5.31,427,3.89,8.73,-55.4,1623,1599,1760,1854,1.57,واگرایی منفی RSI | واگرایی منفی | نقدشوندگی کمتر از ۱۰ میلیارد تومان
اسیاتک,انتقال داده های آسیاتک,اطلاعات و ارتباطات,67.1,زیر نظر,100,60,20.5,80,4660,20261004,10.2,10.2,121.2,74.7,8.5,27.8,83,73.7,2,0,false,40.7,3.3,above,-0.2,1.24,4470,,-51.26,-48.67,1.18,-52.44,44.76,1000,4.66,7.97,-41.5,4506,4393,5121,5428,1.73,واگرایی منفی RSI | خروج مستمر پول حقیقی | رشد عمودی (121٪ در ۶۰ روز، 28٪ بالای MA50) | 83٪ بالای MA200 | واگرایی منفی
بازرگام,پست پیشگامان,اطلاعات و ارتباطات,67,زیر نظر,100,60,75.1,25,5860,20261004,8.9,40.5,78.5,32,18.7,41,60.3,88.9,4,0,true,56.2,2.83,above,-0.3,0.81,5660,,11.14,120.95,1.05,1.72,29.88,341,17.18,,,5694,5577,6358,6690,1.76,اشباع خرید | فاصله زیاد از MA20 | رشد عمودی (79٪ در ۶۰ روز، 41٪ بالای MA50) | 60٪ بالای MA200
پیزد,مجتمع صنایع لاستیک یزد,لاستیک و پلاستیک,67,زیر نظر,100,45,62,50,13690,20261004,14.2,42.9,243.9,197.4,15.6,57.6,185.3,85.8,8,0,false,78.1,2.62,above,-0.1,0.55,12620,,14.73,-173.06,3.53,4.88,67.8,1599,8.56,9.84,-13,13332,12795,14765,15481,1.2,اشباع خرید | فاصله زیاد از MA20 | خروج مستمر پول حقیقی | سهم صفی: 8 روز از ۲۰ روز در صف (ریسک نقدشوندگی و اجرای حد ضرر) | رشد عمودی (244٪ در ۶۰ روز، 58٪ بالای MA50) | 185٪ بالای MA200
آلومینا,آلومینای ایران,فلزات اساسی,67,زیر نظر,100,85,63,17,257000,20261004,15.2,16,81.5,35,10.1,28.8,82.3,74,3,0,true,41.4,3.1,above,0,1.08,210800,,30.91,-85.49,7.86,77.15,31.27,16822,15.28,13.48,13.3,249031,241063,280906,296843,1.5,خروج مستمر پول حقیقی | 82٪ بالای MA200 | شناوری کم (6٪)
حپرتو,پرتو بار فرابر خلیج فارس,حمل ونقل، انبارداری و ارتباطات,67,زیر نظر,100,85,64,16,12060,20261004,8.8,20.4,70.2,23.7,12.3,37,54.1,77.6,5,0,true,52.2,2.98,above,-2.1,0.98,10990,,11.57,8.16,1.88,-25.65,14.73,1121,10.76,7.68,40.1,11701,11163,13137,13855,1.2,رشد عمودی (70٪ در ۶۰ روز، 37٪ بالای MA50) | توزیع: ورود حقیقی با سرانه خرید ضعیف (0.68 در ۲۰ روز) | 54٪ بالای MA200 | حد ضرر دور (7.4٪)
ناما,تولیدی مخازن گازطبیعی آسیاناما,خودرو و ساخت قطعات,66.9,زیر نظر,83,80,78,26,4480,20261004,12.3,5.2,12.3,-34.3,5.8,8.3,28.5,60.8,2,0,true,17.5,3.4,above,-6.5,1.08,4105,4610,12.37,4.19,1.95,18.62,8.55,583,7.68,5.87,30.9,4328,4099,4610,4790,0.34,توزیع: ورود حقیقی با سرانه خرید ضعیف (0.67 در ۲۰ روز) | حد ضرر دور (8.5٪) | نقدشوندگی کمتر از ۱۰ میلیارد تومان
حسیر,ریل سیر کوثر,حمل ونقل، انبارداری و ارتباطات,66.8,زیر نظر,100,85,63,16,8770,20261004,7.3,24.9,63.3,16.8,12.2,31.2,93.6,79.9,1,0,true,57.5,3.21,above,-0.9,1.59,8440,,23.86,31.22,0.67,-43.28,22.65,758,11.57,7.68,50.7,8488,8299,9615,10179,1.8,اشباع خرید | رشد عمودی (63٪ در ۶۰ روز، 31٪ بالای MA50) | توزیع: ورود حقیقی با سرانه خرید ضعیف (0.77 در ۲۰ روز) | 94٪ بالای MA200 | سرانه خرید ضعیف (0.67)
ساینا,صنایع بهداشتی ساینا,محصولات شیمیایی,66.8,زیر نظر,100,70,54,37,14600,20261004,11.6,39.7,118.9,72.4,15.9,31.7,146.7,82.7,6,0,true,56.6,3.26,above,-0.4,1.89,13170,,13.72,12.48,0.72,-49.83,25.14,1820,8.02,8.01,0.1,14124,13648,16028,16980,1.5,اشباع خرید | فاصله زیاد از MA20 | سهم صفی: 6 روز از ۲۰ روز در صف (ریسک نقدشوندگی و اجرای حد ضرر) | رشد عمودی (119٪ در ۶۰ روز، 32٪ بالای MA50) | 147٪ بالای MA200 | سرانه خرید ضعیف (0.72)
ولملت,واسپاری ملت,سایر واسطه گریهای مالی,66.7,زیر نظر,100,70,86.7,4,26270,20261004,15.6,59.3,189.3,142.8,27.3,48.1,202.9,89.7,15,0,true,51.8,2.42,above,-0.2,1.1,18538,,16.12,43.39,1.47,9.06,16.93,824,31.88,9.94,220.7,25635,24999,28176,29447,1.5,واگرایی منفی RSI | اشباع خرید | فاصله زیاد از MA20 | سهم صفی: 15 روز از ۲۰ روز در صف (ریسک نقدشوندگی و اجرای حد ضرر) | رشد عمودی (189٪ در ۶۰ روز، 48٪ بالای MA50) | P/E بالا (32) | 203٪ بالای MA200 | واگرایی منفی
وآفری,بیمه کارآفرین,بیمه وصندوق بازنشستگی به جزتامین اجتماعی,66.6,زیر نظر,100,85,84.5,34,9610,20261004,8.2,21.8,95,48.5,11.1,38.4,153.9,74.7,7,1,true,61.7,3.02,above,-3.7,1.24,8822,,4.66,8.76,29.18,-1.64,2.16,1680,5.72,4.59,24.6,9319,8884,10482,11063,1.2,نقدشوندگی پایین | سهم صفی: 7 روز از ۲۰ روز در صف (ریسک نقدشوندگی و اجرای حد ضرر) | رشد عمودی (95٪ در ۶۰ روز، 38٪ بالای MA50) | توزیع: ورود حقیقی با سرانه خرید ضعیف (0.86 در ۲۰ روز) | 154٪ بالای MA200 | حد ضرر دور (7.6٪) | نقدشوندگی کمتر از ۱۰ میلیارد تومان | صف فروش در ۵ روز اخیر
وتوکا,سرمایه‌گذاری‌توکافولاد(هلدینگ,فلزات اساسی,66.5,زیر نظر,95,75,20.1,72,3770,20261004,8.3,6.2,65.8,19.3,2.4,20.8,51,61.6,4,0,false,38.2,3.26,above,-6,1.07,3590,4010,-19.32,-3.83,1.52,-17.72,36.93,724,5.21,13.48,-61.4,3647,3528,4010,4256,0.99,واگرایی منفی RSI | 51٪ بالای MA200 | واگرایی منفی
خگستر,گسترش‌سرمایه‌گذاری‌ایران‌خودرو,خودرو و ساخت قطعات,66.5,زیر نظر,95,55,88,20,4150,20261004,8.1,1,30.1,-16.4,1.3,12.6,37.5,59.3,3,0,false,27.4,3.48,above,-7.6,1.34,4076,4490,39.84,101.47,1.75,280.77,204.11,88,47.16,,,4076,4004,4490,4779,2.33,واگرایی منفی RSI | P/E بالا (47) | واگرایی منفی
سنوین,سرمایه گذاری اقتصاد نوین,سرمایه گذاریها,66.5,زیر نظر,90,45,80,42,3400,20261004,-6.8,2.4,33.2,-13.4,-1.2,8,35.5,52.3,1,0,false,28.3,3.67,above,-8.4,0.79,3270,3500,1.31,7.67,1.26,2.72,3.35,612,5.56,,,3275,3208,3500,3710,0.52,واگرایی منفی RSI | واگرایی منفی | نقدشوندگی کمتر از ۱۰ میلیارد تومان
غگل,گلوکوزان‌,محصولات غذایی و آشامیدنی به جز قند و شکر,66.4,زیر نظر,83,80,78,24,7110,20261004,12.7,8.2,11.1,-35.4,5.1,6.5,43.3,59.8,1,0,true,17.1,3.28,above,-4.9,1.11,6889,7241,11.75,11.88,2.28,49.24,17.54,706,10.07,8.53,18.1,6889,6773,7241,7435,0.39,واگرایی منفی RSI | واگرایی منفی
کگل,معدنی و صنعتی گل گهر,استخراج کانه های فلزی,66.4,زیر نظر,85,63,83,30,3030,20261004,2.6,2.9,42,-4.5,-0.2,7.5,45.3,53.9,4,0,false,29.3,3.49,above,-8.5,1.28,2931,3071,16.44,341.78,3.03,-208.22,244.63,241,12.57,13.76,-8.6,2931,2878,3071,3310,0.27,توزیع: ورود حقیقی با سرانه خرید ضعیف (0.67 در ۲۰ روز)
وساخت,سرمایه‌ گذاری‌ ساختمان‌ایران‌,انبوه سازی، املاک و مستغلات,66.4,زیر نظر,100,63,86,9,2142,20261004,6.4,15.7,41.6,-5,2,14.1,63.6,59.4,7,0,false,26.6,3.33,above,-7.8,0.9,1980,2324,1.39,47.58,2.96,18.55,24.12,144,14.88,6.61,125,2071,1963,2324,2467,1.02,سهم صفی: 7 روز از ۲۰ روز در صف (ریسک نقدشوندگی و اجرای حد ضرر) | 64٪ بالای MA200 | حد ضرر دور (8.3٪)
قهکمت,قندهکمتان‌,قند و شکر,66.3,زیر نظر,95,75,67.1,24,11300,20261004,14.1,9.1,57.7,11.2,5.7,14.5,74.6,65.1,4,0,false,25.4,3.53,above,-3.9,1.63,10153,11762,5.44,-12.3,1.4,1.42,3.18,1018,11.1,9.8,13.3,10901,10302,11762,12560,0.46,واگرایی منفی RSI | خروج مستمر پول حقیقی | 75٪ بالای MA200 | واگرایی منفی | حد ضرر دور (8.8٪) | نقدشوندگی کمتر از ۱۰ میلیارد تومان
فملی,ملی‌ صنایع‌ مس‌ ایران‌,فلزات اساسی,66.3,زیر نظر,100,85,73,4,28760,20261004,14.6,24,88.2,41.6,10.7,36,140.1,77.1,6,0,true,54,2.97,above,-0.7,0.88,27870,,457.95,2491.79,2.19,-1226.05,1419.55,1411,20.38,13.48,51.2,27907,27444,31319,33025,1.94,سهم صفی: 6 روز از ۲۰ روز در صف (ریسک نقدشوندگی و اجرای حد ضرر) | رشد عمودی (88٪ در ۶۰ روز، 36٪ بالای MA50) | توزیع: ورود حقیقی با سرانه خرید ضعیف (0.49 در ۲۰ روز) | 140٪ بالای MA200
ونفت,سرمایه‌گذاری‌ صنعت‌ نفت‌,فراورده های نفتی، کک و سوخت هسته ای,66.3,زیر نظر,90,50,27,90,9890,20261004,-3.7,7.3,96,49.5,-3.6,1.4,91.8,47.5,3,0,false,27.5,3.56,above,-14.4,0.92,9530,10030,-4.24,55.22,0.71,-43.96,35.27,3216,3.08,6.26,-50.9,9538,9354,10030,10330,0.26,واگرایی منفی RSI | توزیع: ورود حقیقی با سرانه خرید ضعیف (0.81 در ۲۰ روز) | 92٪ بالای MA200 | سرانه خرید ضعیف (0.71) | واگرایی منفی
تاصیکو,سرمایه گذاری صدرتامین,استخراج کانه های فلزی,66.3,زیر نظر,100,70,85,4,37890,20261004,15.9,73,156.2,109.7,29.1,65.8,193.7,96,13,0,true,77.5,2.68,above,0,1.38,29400,,2343.19,3597.96,2.93,-200.23,442.16,560,67.66,13.76,391.7,36874,35857,40939,42972,1.5,اشباع خرید | فاصله زیاد از MA20 | سهم صفی: 13 روز از ۲۰ روز در صف (ریسک نقدشوندگی و اجرای حد ضرر) | رشد عمودی (156٪ در ۶۰ روز، 66٪ بالای MA50) | P/E بالا (68) | توزیع: ورود حقیقی با سرانه خرید ضعیف (0.72 در ۲۰ روز) | 194٪ بالای MA200
پردیس,سرمایه گذاری پردیس,سرمایه گذاریها,66.2,زیر نظر,100,80,20.9,60,2220,20261004,1.9,8.7,24.4,-22.2,2.9,12.9,30.6,59.6,0,0,true,37.5,3.14,above,-5,0.98,2176,2268,-5.13,-7.98,1,0.02,5.87,404,5.5,7.13,-22.9,2176,2141,2268,2408,0.61,واگرایی منفی RSI | خروج مستمر پول حقیقی | واگرایی منفی | نقدشوندگی کمتر از ۱۰ میلیارد تومان
شیفته,کشت و صنعت شیفته آرای شرق,محصولات غذایی و آشامیدنی به جز قند و شکر,66.1,زیر نظر,85,85,78.5,16,16610,20261004,13.9,24.5,60.8,14.2,13.1,24.9,,76.9,2,0,true,50.4,3.2,,-0.9,0.88,15100,,11.08,9.44,36.19,79.75,21.1,1559,10.65,7.05,51.1,16079,15282,18203,19265,1.2,حد ضرر دور (8.0٪)
ولنوین,لیزینگ اقتصاد نوین,سایر واسطه گریهای مالی,66.1,زیر نظر,100,73,62,24,3300,20261004,13.6,14.9,42.8,-3.8,9.2,23.8,59.1,71.1,0,0,true,40.5,3.29,above,0,0.57,3211,,2.82,-2.47,9.61,11,5.54,294,11.22,9.94,12.9,3211,3157,3625,3842,2.27,59٪ بالای MA200 | نقدشوندگی کمتر از ۱۰ میلیارد تومان | شناوری کم (14٪)
لطیف,محصولات کاغذی لطیف,محصولات کاغذی,66,زیر نظر,100,80,63,17,4080,20261004,10.6,11.8,29.1,-17.4,4.8,14.2,47,62.3,6,0,true,31,3.23,above,-3.8,0.84,3920,,1.43,-10.61,19.33,22.92,8.62,315,12.95,10.19,27.1,3948,3854,4476,4740,1.75,خروج مستمر پول حقیقی | سهم صفی: 6 روز از ۲۰ روز در صف (ریسک نقدشوندگی و اجرای حد ضرر) | نقدشوندگی کمتر از ۱۰ میلیارد تومان
مارون,پتروشیمی مارون,محصولات شیمیایی,66,زیر نظر,100,60,59,37,30250,20261004,9.1,63.8,56.1,9.6,23.2,48.6,58.7,86.1,16,0,true,64.5,2.44,above,-3,1.99,23679,,-24.23,329.78,10.86,-67.19,50.96,3493,8.66,8.01,8.1,29511,28771,32468,33946,1.5,اشباع خرید | فاصله زیاد از MA20 | سهم صفی: 16 روز از ۲۰ روز در صف (ریسک نقدشوندگی و اجرای حد ضرر) | رشد عمودی (56٪ در ۶۰ روز، 49٪ بالای MA50) | 59٪ بالای MA200
خوساز,محورسازان‌ایران‌خودرو,خودرو و ساخت قطعات,66,زیر نظر,95,80,76,10,20330,20261004,11.7,6.4,33.8,-12.7,6.2,17.1,30.7,67,0,0,true,24.7,3.33,above,-3,1.06,19350,20950,2.14,3.2,1.62,10.37,5.09,,,,,19653,19011,20950,22304,0.47,بدون EPS مثبت | نقدشوندگی کمتر از ۱۰ میلیارد تومان
آردینه,نشاسته و گلوکز آردینه,محصولات غذایی و آشامیدنی به جز قند و شکر,65.9,زیر نظر,88,75,51.1,47,35390,20261004,8.6,14.1,47.8,1.2,4.8,13.1,77.1,63.5,5,0,false,19.9,3.6,above,-4.3,0.83,33080,36980,-13.7,14.26,1.54,18.48,25.33,4668,7.58,7.05,7.5,34115,32442,36980,39531,0.54,77٪ بالای MA200 | حد ضرر دور (8.3٪)
شلعاب,لعابیران‌,محصولات شیمیایی,65.9,زیر نظر,100,88,69.2,4,1414,20261004,11.5,14.5,44.5,-2,7.9,17.3,52.8,69.3,2,0,true,33.7,3.48,above,-1.7,1.16,1319,,4.91,4.67,1.27,4,7.68,70,20.2,9.63,109.8,1365,1294,1562,1660,1.23,واگرایی منفی RSI | 53٪ بالای MA200 | واگرایی منفی | حد ضرر دور (8.5٪) | نقدشوندگی کمتر از ۱۰ میلیارد تومان
کپارس,کاشی‌ پارس‌,کاشی و سرامیک,65.9,زیر نظر,100,75,36.5,47,19800,20261004,9.8,20.8,99.8,53.3,5.7,30.7,115.4,68.4,12,0,false,53.8,2.98,above,-3.4,0.51,17360,20500,-4.73,-54.57,4.06,2.88,18.56,2681,7.39,7.65,-3.5,19209,18619,20500,21681,0.59,واگرایی منفی RSI | خروج مستمر پول حقیقی | سهم صفی: 12 روز از ۲۰ روز در صف (ریسک نقدشوندگی و اجرای حد ضرر) | رشد عمودی (100٪ در ۶۰ روز، 31٪ بالای MA50) | 115٪ بالای MA200 | واگرایی منفی
آواپارس,بیمه اتکایی آوای پارس,بیمه وصندوق بازنشستگی به جزتامین اجتماعی,65.9,زیر نظر,100,70,97.5,50,5140,20261003,14.2,45.2,111.5,65,22.8,52,153.9,98.8,20,0,true,88.9,2.26,above,-0.4,1.47,2583,,0.48,1.84,4.9,2.92,0.74,1471,3.49,,,5024,4908,5489,5721,1.5,نقدشوندگی پایین | اشباع خرید | فاصله زیاد از MA20 | سهم صفی: 20 روز از ۲۰ روز در صف (ریسک نقدشوندگی و اجرای حد ضرر) | رشد عمودی (112٪ در ۶۰ روز، 52٪ بالای MA50) | 154٪ بالای MA200 | نقدشوندگی کمتر از ۱۰ میلیارد تومان | آخرین معامله 20261003 (متوقف یا کم‌معامله)
سیسکو,فولاد سیرجان ایرانیان,فلزات اساسی,65.8,زیر نظر,100,75,21,62,6560,20261004,3.6,18.8,92.9,46.4,2.3,22.4,124.9,60.7,8,0,false,53.7,3.06,above,-5.7,0.79,6150,6960,-113.6,-449.22,1.77,-23.75,94.99,820,8,13.48,-40.7,6359,6058,6960,7362,0.8,خروج مستمر پول حقیقی | سهم صفی: 8 روز از ۲۰ روز در صف (ریسک نقدشوندگی و اجرای حد ضرر) | 125٪ بالای MA200 | حد ضرر دور (7.7٪) | شناوری کم (7٪)
کطبس,ذغال‌سنگ‌ نگین‌ ط‌بس‌,استخراج زغال سنگ,65.8,زیر نظر,100,70,63,24,22350,20261004,15.8,34.9,125.9,79.4,17.4,40.9,132.2,85,8,0,true,58.2,2.96,above,0,0.57,19900,,6.77,-8,7.62,11.19,7.56,1904,11.74,9.67,21.4,21688,21026,24336,25660,1.5,واگرایی منفی RSI | اشباع خرید | فاصله زیاد از MA20 | خروج مستمر پول حقیقی | سهم صفی: 8 روز از ۲۰ روز در صف (ریسک نقدشوندگی و اجرای حد ضرر) | رشد عمودی (126٪ در ۶۰ روز، 41٪ بالای MA50) | 132٪ بالای MA200 | واگرایی منفی | نقدشوندگی کمتر از ۱۰ میلیارد تومان
شاراک,پتروشیمی شازند,محصولات شیمیایی,65.6,زیر نظر,100,60,34.3,60,30470,20261004,5.8,25.3,122.9,76.4,8.1,31,124.9,74.7,4,0,false,66.1,3.26,above,-2.9,0.67,29490,,21.68,-78.83,1.07,-48.74,155.12,3871,7.87,9.63,-18.3,29490,28994,33446,35430,2.02,رشد عمودی (123٪ در ۶۰ روز، 31٪ بالای MA50) | 125٪ بالای MA200
غمهرا,تولیدی‌مهرام‌,محصولات غذایی و آشامیدنی به جز قند و شکر,65.5,زیر نظر,100,88,34.7,37,21460,20261004,6.4,21.2,39.6,-6.9,4.7,14.4,84.6,62.2,5,0,true,33.6,3.38,above,-5.2,0.8,19620,22640,-16.57,60.16,1.09,-41.56,25.77,2564,8.37,8.53,-1.9,20734,19644,22640,24093,0.65,توزیع: ورود حقیقی با سرانه خرید ضعیف (0.67 در ۲۰ روز) | 85٪ بالای MA200 | حد ضرر دور (8.5٪)
دسبحا,گروه دارویی سبحان,مواد و محصولات دارویی,65.5,زیر نظر,100,100,58,4,7130,20261004,8,3.2,91.2,44.6,6.6,17.5,101.2,64.4,9,0,true,36.4,3.24,above,-3.6,1.47,6670,7320,-22.49,79.05,4.85,-138.44,71.36,189,37.72,12.91,192.2,6899,6555,7320,7782,0.33,واگرایی منفی RSI | سهم صفی: 9 روز از ۲۰ روز در صف (ریسک نقدشوندگی و اجرای حد ضرر) | P/E بالا (38) | توزیع: ورود حقیقی با سرانه خرید ضعیف (0.74 در ۲۰ روز) | 101٪ بالای MA200 | واگرایی منفی | حد ضرر دور (8.1٪)
سیتا,سرمایه گذاری سیمان تامین,سیمان، آهک و گچ,65.5,زیر نظر,100,55,51,47,30490,20261004,3.1,11.7,20.6,-26,1.6,8.6,57.8,55.5,6,0,false,24.3,3.33,above,-6.6,1.04,29872,32640,-9.07,12.36,1.93,17.48,35.92,4273,7.14,7.14,-0.1,29872,29364,32640,34673,1.91,سهم صفی: 6 روز از ۲۰ روز در صف (ریسک نقدشوندگی و اجرای حد ضرر) | 58٪ بالای MA200 | شناوری کم (10٪)
ثمسکن,سرمایه‌گذاری‌ مسکن‌,انبوه سازی، املاک و مستغلات,65.5,زیر نظر,100,88,62.5,9,3390,20261004,5.3,9.5,39.3,-7.3,3.4,13.8,46.4,62.2,1,0,true,34.6,3.35,above,-4.2,0.63,3180,3440,2.38,-107.26,2.99,23.75,27.04,226,15,6.61,126.9,3276,3123,3440,3667,0.19,واگرایی منفی RSI | خروج مستمر پول حقیقی | واگرایی منفی | حد ضرر دور (7.9٪)
شیران,س. صنایع‌شیمیایی‌ایران,محصولات شیمیایی,65.4,زیر نظر,80,80,51.5,50,11300,20261004,1.7,0.9,24,-22.5,1.1,2.2,49.4,52.3,1,0,true,15.8,3.35,above,-9.2,1.1,10930,11640,-15.67,9.37,1.88,14.33,45.65,1359,8.31,9.63,-13.7,10930,10741,11640,11850,0.61,توزیع: ورود حقیقی با سرانه خرید ضعیف (0.74 در ۲۰ روز) | 153٪ بالای کف ۵۲ هفته | شناوری کم (14٪)
فرود,فولاد شاهرود,فلزات اساسی,65.4,زیر نظر,100,60,77.5,16,9870,20261004,14.6,17.9,91.3,44.7,8.1,31.7,121.4,72,9,0,false,51,3.19,above,-1.8,1.12,8090,10050,14.89,12.52,10.15,30.35,12.91,910,10.85,8.05,34.7,9555,9240,10050,10680,0.29,سهم صفی: 9 روز از ۲۰ روز در صف (ریسک نقدشوندگی و اجرای حد ضرر) | رشد عمودی (91٪ در ۶۰ روز، 32٪ بالای MA50) | 121٪ بالای MA200
سامان,بانک سامان,بانکها و موسسات اعتباری,65.3,زیر نظر,100,85,1,72,9520,20261004,9.8,17.4,68.4,21.9,10.4,18.3,120.3,78.9,0,0,true,47.8,2.66,above,-2.4,0.79,8747,,-31.98,-574.28,0.7,-64.49,78.79,1396,6.82,12.04,-43.4,9267,9013,10280,10786,1.5,اشباع خرید | خروج مستمر پول حقیقی | 120٪ بالای MA200 | سرانه خرید ضعیف (0.70)
قثابت,قند ثابت‌ خراسان‌,قند و شکر,65.3,زیر نظر,95,80,79,4,4200,20261004,11.7,11.7,35.9,-10.6,6,6.3,62,61.9,0,0,true,25,3.63,above,-6,1.14,4100,4265,2.26,11.13,2,29.4,11.15,150,28,9.8,185.7,4100,4024,4265,4470,0.37,واگرایی منفی RSI | 62٪ بالای MA200 | واگرایی منفی
شکلر,نیروکلر,محصولات شیمیایی,65.3,زیر نظر,100,85,23,50,33360,20261004,7.5,24,50.7,4.2,11.3,30.9,96,71.9,7,0,true,53.3,2.95,above,-3.7,1.11,31080,,-19.49,-13.9,3.07,-0.42,27.28,3984,8.37,9.63,-13,32377,30903,36309,38275,1.2,سهم صفی: 7 روز از ۲۰ روز در صف (ریسک نقدشوندگی و اجرای حد ضرر) | رشد عمودی (51٪ در ۶۰ روز، 31٪ بالای MA50) | 96٪ بالای MA200 | حد ضرر دور (7.4٪)
وسدید,گروه ‌صنعتی‌سدید,فلزات اساسی,65.2,زیر نظر,100,75,60.6,20,2397,20261004,-0.1,42.8,57.6,11.1,11.9,29.2,38.2,72.3,12,1,true,52.6,2.95,above,-7.5,1.36,2294,,7.27,94.86,1.05,-24.84,30.8,34,70.5,,,2326,2259,2609,2751,1.53,سهم صفی: 12 روز از ۲۰ روز در صف (ریسک نقدشوندگی و اجرای حد ضرر) | P/E بالا (71) | صف فروش در ۵ روز اخیر | واگرایی مثبت RSI
سمایه,بانک سرمایه,بانکها و موسسات اعتباری,65.1,زیر نظر,100,65,78.5,10,5760,20261004,13.8,17.3,5.9,-40.7,10.3,19.6,34.1,73.1,3,0,true,29.1,3.4,above,0,0.72,5600,,2.86,2.1,3.67,9.8,3.84,,,,,5600,5502,6348,6739,2.28,واگرایی منفی RSI | بدون EPS مثبت | واگرایی منفی | نقدشوندگی کمتر از ۱۰ میلیارد تومان
داسوه,داروسازی‌ اسوه‌,مواد و محصولات دارویی,65.1,زیر نظر,100,85,63.5,9,110700,20261004,14.6,10.7,182.2,135.6,12.2,30.5,159.1,74.5,11,0,true,51,2.85,above,-1,0.88,109090,,-1.38,11.34,3.12,9.15,10.46,6197,17.86,12.91,38.4,109090,107513,120160,126467,2.97,واگرایی منفی RSI | سهم صفی: 11 روز از ۲۰ روز در صف (ریسک نقدشوندگی و اجرای حد ضرر) | رشد عمودی (182٪ در ۶۰ روز، 30٪ بالای MA50) | توزیع: ورود حقیقی با سرانه خرید ضعیف (0.89 در ۲۰ روز) | 159٪ بالای MA200 | واگرایی منفی | شناوری کم (9٪)
شکام,صنایع شیمیایی کیمیاگران امروز,محصولات شیمیایی,65,زیر نظر,100,85,48,24,11820,20261004,11.8,22.2,135.7,89.1,11.6,34.7,159.5,78.3,7,0,true,42.5,3.37,above,-3,0.67,11080,,25.24,-175.47,2.53,-41.2,95.34,1258,9.4,8.01,17.3,11422,10881,13015,13812,1.27,اشباع خرید | خروج مستمر پول حقیقی | سهم صفی: 7 روز از ۲۰ روز در صف (ریسک نقدشوندگی و اجرای حد ضرر) | رشد عمودی (136٪ در ۶۰ روز، 35٪ بالای MA50) | 160٪ بالای MA200 | حد ضرر دور (7.9٪)
وآوا,سرمایه گذاری آوا نوین,سرمایه گذاریها,65,زیر نظر,100,60,83,9,4720,20261004,8,32.2,134.5,88,7.2,43.1,112.5,73.9,14,0,false,72.3,2.83,above,-4.1,1.43,4370,4920,14.92,39.44,3.1,-16.11,12.75,370,12.76,8.73,46.1,4586,4386,4920,5187,0.6,سهم صفی: 14 روز از ۲۰ روز در صف (ریسک نقدشوندگی و اجرای حد ضرر) | رشد عمودی (135٪ در ۶۰ روز، 43٪ بالای MA50) | 112٪ بالای MA200 | حد ضرر دور (7.1٪)
غکورش,صنعت غذایی کورش,محصولات غذایی و آشامیدنی به جز قند و شکر,64.9,زیر نظر,100,85,47.5,24,30420,20261004,13.9,29,100.5,54,14.3,33.5,173.7,79.4,6,0,true,50,3.22,above,-1.3,0.94,27890,,23.67,-126.63,1.61,-106.41,88.03,2993,10.16,8.53,19.2,29440,27970,33360,35321,1.2,واگرایی منفی RSI | اشباع خرید | خروج مستمر پول حقیقی | سهم صفی: 6 روز از ۲۰ روز در صف (ریسک نقدشوندگی و اجرای حد ضرر) | رشد عمودی (101٪ در ۶۰ روز، 34٪ بالای MA50) | 174٪ بالای MA200 | واگرایی منفی | حد ضرر دور (8.1٪) | شناوری کم (14٪)
نماد,گروه مالی نماد غدیر,سرمایه گذاریها,64.9,زیر نظر,90,45,35.5,80,4090,20261004,-1.4,4.9,29.8,-16.7,-0.2,10.5,,55.9,1,0,false,37.2,3.26,above,-5.3,0.85,3927,4240,-33.95,-66.37,2.35,40.68,33.36,995,4.11,7.13,-42.3,3957,3860,4240,4506,0.65,خروج مستمر پول حقیقی | شناوری کم (9٪)
دارو,کارخانجات‌داروپخش‌,مواد و محصولات دارویی,64.9,زیر نظر,100,85,34.5,37,9940,20261004,12.7,19,106.2,59.7,15.8,22.7,153.5,76.7,9,0,true,40.7,3.23,above,-2.5,1.64,9400,,-27.33,-36.75,4.34,-120.73,81.09,841,11.82,12.91,-8.4,9619,9240,10902,11544,1.37,فاصله زیاد از MA20 | سهم صفی: 9 روز از ۲۰ روز در صف (ریسک نقدشوندگی و اجرای حد ضرر) | رشد عمودی (106٪ در ۶۰ روز، 23٪ بالای MA50) | 154٪ بالای MA200 | حد ضرر دور (7.0٪) | شناوری کم (13٪)
غگیلا,شیرپاستوریزه پگاه گیلان,محصولات غذایی و آشامیدنی به جز قند و شکر,64.9,زیر نظر,100,70,99.5,4,41510,20260929,14.5,58,135.2,88.6,28.1,60.2,142.9,96.2,11,0,true,81.3,2.61,above,0,1.29,24500,,4.48,11.51,46.15,12.28,4.3,1291,32.15,7.05,356.1,40428,39345,44757,46922,1.5,واگرایی منفی RSI | اشباع خرید | فاصله زیاد از MA20 | سهم صفی: 11 روز از ۲۰ روز در صف (ریسک نقدشوندگی و اجرای حد ضرر) | رشد عمودی (135٪ در ۶۰ روز، 60٪ بالای MA50) | P/E بالا (32) | 143٪ بالای MA200 | واگرایی منفی | نقدشوندگی کمتر از ۱۰ میلیارد تومان | آخرین معامله 20260929 (متوقف یا کم‌معامله)
قشهد,شهد,قند و شکر,64.9,زیر نظر,90,65,52.5,47,3760,20261004,-9,18.8,113.1,66.5,-0.4,19.8,110.2,59.1,6,1,false,59.6,3.53,above,-10.7,1.62,2908,,0.2,18.39,0.49,-32.81,8.1,416,9.04,9.8,-7.8,3627,3495,4158,4424,1.5,واگرایی منفی RSI | سهم صفی: 6 روز از ۲۰ روز در صف (ریسک نقدشوندگی و اجرای حد ضرر) | رشد عمودی (113٪ در ۶۰ روز، 20٪ بالای MA50) | توزیع: ورود حقیقی با سرانه خرید ضعیف (0.76 در ۲۰ روز) | 110٪ بالای MA200 | سرانه خرید ضعیف (0.49) | واگرایی منفی | حد ضرر دور (7.1٪) | نقدشوندگی کمتر از ۱۰ میلیارد تومان | صف فروش در ۵ روز اخیر
آواک,صنایع ارتباطی آوا,اطلاعات و ارتباطات,64.9,زیر نظر,85,20,59.4,82,2605,20261004,-3.2,-6.7,19,-27.5,-8.6,3.5,8.8,42.7,3,0,false,37,3.84,above,-19.2,0.97,2450,2669,-1.95,15.94,1.54,16.51,13.51,328,7.94,11.65,-31.8,2505,2400,2669,2718,0.31,حد ضرر دور (7.9٪)
قصفها,قنداصفهان‌,قند و شکر,64.8,زیر نظر,85,65,45.3,60,2311,20261004,-0.4,2.5,49.2,2.6,-2.4,8.7,60.7,52.9,5,0,false,31.8,3.5,above,-11.4,1.11,2263,2440,-0.03,17.48,1.55,-14.75,12.75,264,8.75,9.8,-10.7,2263,2223,2440,2607,1.46,توزیع: ورود حقیقی با سرانه خرید ضعیف (0.66 در ۲۰ روز) | 61٪ بالای MA200
ونیکی,سرمایه‌گذاری‌ ملی‌ایران‌,شرکتهای چند رشته ای صنعتی,64.6,زیر نظر,100,45,52.5,50,5640,20261004,2.7,27,28.2,-18.3,4.1,24.8,60.3,62.7,9,0,false,51.1,3.03,above,-5.4,0.86,5360,5870,14.68,74.79,0.39,-63.41,35.55,692,8.15,10.88,-25.1,5469,5275,5870,6211,0.63,سهم صفی: 9 روز از ۲۰ روز در صف (ریسک نقدشوندگی و اجرای حد ضرر) | توزیع: ورود حقیقی با سرانه خرید ضعیف (0.51 در ۲۰ روز) | 60٪ بالای MA200 | سرانه خرید ضعیف (0.39) | شناوری کم (13٪)
شسینا,صنایع‌شیمیایی‌سینا,محصولات شیمیایی,64.6,زیر نظر,90,55,46.5,60,4240,20261004,4.7,9.8,28.4,-18.1,-0.5,12.6,51.6,56.1,2,0,false,38.4,3.34,above,-10.7,1.17,4030,4750,0.51,-3.93,1.63,-1.8,6.42,523,8.11,9.63,-15.8,4098,3959,4750,5033,1.82,52٪ بالای MA200 | نقدشوندگی کمتر از ۱۰ میلیارد تومان
کمینا,شیشه سازی مینا,سایر محصولات کانی غیرفلزی,64.6,زیر نظر,100,70,62.5,20,18750,20261004,14.9,44.2,119.1,72.6,25.5,55.5,132.8,91.4,8,0,true,72.5,2.64,above,-0.4,1.02,13770,,-1.01,22.99,3.04,8.37,6.13,259,72.39,,,18256,17762,20233,21221,1.5,اشباع خرید | فاصله زیاد از MA20 | سهم صفی: 8 روز از ۲۰ روز در صف (ریسک نقدشوندگی و اجرای حد ضرر) | رشد عمودی (119٪ در ۶۰ روز، 55٪ بالای MA50) | P/E بالا (72) | 133٪ بالای MA200 | نقدشوندگی کمتر از ۱۰ میلیارد تومان
کگهر,معدنی و صنعتی گهرزمین,استخراج کانه های فلزی,64.6,زیر نظر,85,38,54,72,7310,20261004,-0.9,-1.3,37.1,-9.4,-5.1,5.5,39.7,48.1,1,0,false,27.4,3.56,above,-14.4,1.32,7140,7870,9.19,123.69,0.69,-66.62,57.06,870,8.4,14.44,-41.8,7140,7010,7870,8540,1.87,واگرایی منفی RSI | توزیع: ورود حقیقی با سرانه خرید ضعیف (0.69 در ۲۰ روز) | سرانه خرید ضعیف (0.69) | واگرایی منفی
کچاد,معدنی‌وصنعتی‌چادرملو,استخراج کانه های فلزی,64.5,زیر نظر,85,55,62,50,2930,20261004,3,4.9,24.4,-22.1,-1.5,9.6,30.2,53.7,4,0,false,30,3.58,above,-9.3,1.12,2840,3230,23.46,90.18,1.7,-156.33,134.06,277,10.58,13.76,-23.1,2840,2788,3230,3440,2.11,توزیع: ورود حقیقی با سرانه خرید ضعیف (0.61 در ۲۰ روز)
پکرمان,گروه‌ صنعتی‌ بارز,لاستیک و پلاستیک,64.5,زیر نظر,100,80,37,37,7930,20261004,9.4,14.4,30.4,-16.1,5.6,14.9,21.6,63,4,0,true,33.9,3.04,above,-4,0.74,7431,8260,-9.69,-59.7,5.22,19.25,27.49,953,8.32,8.21,1.4,7689,7328,8260,9022,0.55,واگرایی منفی RSI | خروج مستمر پول حقیقی | واگرایی منفی | حد ضرر دور (7.6٪)
سکارون,سیمان کارون,سیمان، آهک و گچ,64.5,زیر نظر,100,70,62,20,5360,20261004,1.9,4.7,2.3,-44.2,2.6,2.9,34.4,54.5,3,0,true,21.1,3.46,above,-9.3,0.93,4990,5525,0,10.2,4.57,1.5,4.43,243,22.06,,,5174,4897,5525,5870,0.36,واگرایی منفی RSI | توزیع: ورود حقیقی با سرانه خرید ضعیف (0.90 در ۲۰ روز) | واگرایی منفی | حد ضرر دور (8.6٪) | نقدشوندگی کمتر از ۱۰ میلیارد تومان
سمازن,سیمان‌مازندران‌,سیمان، آهک و گچ,64.4,زیر نظر,95,100,16.7,47,90800,20261004,11.6,7.5,54.6,8.1,5.3,13.7,77.9,67.1,1,0,true,32.9,3.35,above,-2.9,1.25,84265,93470,-25.7,-43.52,0.99,-16.26,21.85,11804,7.69,7.14,7.7,87759,83197,93470,99553,0.35,خروج مستمر پول حقیقی | 78٪ بالای MA200 | حد ضرر دور (8.4٪)
ملت,بیمه ملت,بیمه وصندوق بازنشستگی به جزتامین اجتماعی,64.4,زیر نظر,100,70,72.5,9,6530,20261004,15,70.9,183.9,137.4,27.9,70.6,101.4,98.5,11,0,true,87.7,2.34,above,-0.3,1.29,4126,,0.59,-10.88,3.4,6.48,5.26,417,15.66,4.59,241.2,6377,6224,6989,7294,1.5,اشباع خرید | فاصله زیاد از MA20 | خروج مستمر پول حقیقی | سهم صفی: 11 روز از ۲۰ روز در صف (ریسک نقدشوندگی و اجرای حد ضرر) | رشد عمودی (184٪ در ۶۰ روز، 71٪ بالای MA50) | 101٪ بالای MA200 | نقدشوندگی کمتر از ۱۰ میلیارد تومان
شرانل,نفت ایرانول,فراورده های نفتی، کک و سوخت هسته ای,64.3,زیر نظر,100,63,49.9,37,110900,20261004,5.8,11.2,41.6,-4.9,0.5,13.8,89.7,59.1,4,0,false,32.1,3.45,above,-8.1,0.66,99320,120700,20.86,27.79,1.1,-8.9,38.9,13150,8.43,8.12,3.9,107075,103250,120700,128350,1.28,توزیع: ورود حقیقی با سرانه خرید ضعیف (0.58 در ۲۰ روز) | 90٪ بالای MA200
زبینا,کشاورزی و دامپروری بینالود,زراعت و خدمات وابسته,64.3,زیر نظر,95,80,42.2,37,15340,20261004,4,11,29.2,-17.3,5.4,13.4,91.1,62.5,3,0,true,29.1,3.49,above,-4.6,1.39,14235,15650,-26.83,7.17,1.41,-32.04,21.34,1911,8.03,8.07,-0.5,14805,14004,15650,16719,0.23,توزیع: ورود حقیقی با سرانه خرید ضعیف (0.83 در ۲۰ روز) | 91٪ بالای MA200 | حد ضرر دور (8.7٪)
سپید,سپید ماکیان,زراعت و خدمات وابسته,64.3,زیر نظر,95,75,23,60,46430,20261004,7.5,2.1,56.2,9.7,1.6,11.6,133.7,58.2,4,0,false,31.8,3.54,above,-7.5,0.68,45370,47230,-21.02,-118.36,4.02,-26.64,116.08,9010,5.15,6.33,-18.6,45370,44549,47230,50220,0.43,خروج مستمر پول حقیقی | 134٪ بالای MA200
وصنا,گروه‌صنایع‌بهشهرایران‌,سرمایه گذاریها,64.3,زیر نظر,100,85,22,47,6570,20261004,7.7,18,105.3,58.8,7.8,25.4,106.9,71.3,2,0,true,51.7,3.09,above,-3.4,0.9,6410,,-21.92,-65.75,1.76,-10.26,13.98,842,7.8,7.13,9.4,6410,6309,7179,7584,2.33,خروج مستمر پول حقیقی | رشد عمودی (105٪ در ۶۰ روز، 25٪ بالای MA50) | 107٪ بالای MA200
رپویا,پویا,رایانه و فعالیت‌های وابسته به آن,64.3,زیر نظر,95,100,47,16,60800,20261004,13.8,12.8,56.3,9.8,11.1,19,54.5,69.3,3,0,true,30.5,3.24,above,-1.8,1.37,57433,61888,-2.36,-15.08,18.16,21.7,7.35,5242,11.6,8.89,30.5,58831,56449,61888,65826,0.25,خروج مستمر پول حقیقی | 54٪ بالای MA200 | حد ضرر دور (7.2٪) | نقدشوندگی کمتر از ۱۰ میلیارد تومان
خصدرا,صنعتی‌ دریایی‌ ایران‌,پیمانکاری صنعتی,64.3,زیر نظر,90,65,72,25,2802,20261004,15.4,18.2,29.4,-17.1,23,36.3,21.5,77.7,18,0,true,32.4,3.02,above,-7.2,1.71,2697,3021,-0.35,9.05,4.42,23.17,6.2,191,14.67,,,2717,2654,3021,3190,1.48,واگرایی منفی RSI | فاصله زیاد از MA20 | سهم صفی: 18 روز از ۲۰ روز در صف (ریسک نقدشوندگی و اجرای حد ضرر) | رشد عمودی (29٪ در ۶۰ روز، 36٪ بالای MA50) | واگرایی منفی | نقدشوندگی کمتر از ۱۰ میلیارد تومان
غشصفا,شیرپاستوریزه‌پگاه‌اصفهان‌,محصولات غذایی و آشامیدنی به جز قند و شکر,64.2,زیر نظر,100,75,16.7,60,26150,20261004,2.8,20.1,67.4,20.9,3.3,18.4,108,61.9,6,0,false,43,3.56,above,-5.7,1.3,23510,27510,-5.4,-15.22,1.01,-14.29,10.81,3764,6.95,8.53,-18.6,25218,23820,27510,29374,0.58,خروج مستمر پول حقیقی | سهم صفی: 6 روز از ۲۰ روز در صف (ریسک نقدشوندگی و اجرای حد ضرر) | 108٪ بالای MA200 | حد ضرر دور (8.9٪)
غپونه,نوش پونه مشهد,محصولات غذایی و آشامیدنی به جز قند و شکر,64,زیر نظر,83,80,35.5,57,8810,20261004,5.4,2.3,12.7,-33.9,0.3,2.5,73.3,53.1,4,0,true,18.1,3.63,above,-10.8,0.64,8481,9110,-1.97,-7.41,2.01,3.23,14.38,1310,6.73,7.05,-4.6,8491,8322,9110,9580,0.61,73٪ بالای MA200
فوکا,فولاد کاویان,فلزات اساسی,64,زیر نظر,100,60,64,24,7420,20261004,15.6,27.9,142.2,95.7,11.2,43.2,,78.7,15,0,false,62.7,2.89,above,0,0.16,7300,,1.7,-23.75,5.03,5.1,7.84,817,9.08,8.05,12.8,7300,7193,8064,8494,2.83,اشباع خرید | خروج مستمر پول حقیقی | سهم صفی: 15 روز از ۲۰ روز در صف (ریسک نقدشوندگی و اجرای حد ضرر) | رشد عمودی (142٪ در ۶۰ روز، 43٪ بالای MA50) | 262٪ بالای کف ۵۲ هفته | نقدشوندگی کمتر از ۱۰ میلیارد تومان
شفا,سرمایه گذاری شفادارو,مواد و محصولات دارویی,64,زیر نظر,100,85,64,4,72560,20261004,15.9,15.7,200.3,153.8,16,40,211.4,79.5,11,0,true,58.8,2.71,above,0,0.32,66970,,34.9,-81.03,5.3,41.29,32.64,2066,35.12,12.91,172,70595,67648,78454,82384,1.2,اشباع خرید | فاصله زیاد از MA20 | خروج مستمر پول حقیقی | سهم صفی: 11 روز از ۲۰ روز در صف (ریسک نقدشوندگی و اجرای حد ضرر) | رشد عمودی (200٪ در ۶۰ روز، 40٪ بالای MA50) | P/E بالا (35) | 211٪ بالای MA200 | شناوری کم (9٪)
فرآور,فرآوری‌موادمعدنی‌ایران‌,فلزات اساسی,64,زیر نظر,100,55,83,9,8130,20261004,4.6,51.4,25.7,-20.8,14.3,35.4,49.7,77.6,14,0,true,51.4,2.85,above,-3.7,1.3,7720,,4.06,158.04,3.48,-71.42,39.43,456,17.83,13.48,32.3,7899,7605,8824,9287,1.32,واگرایی منفی RSI | سهم صفی: 14 روز از ۲۰ روز در صف (ریسک نقدشوندگی و اجرای حد ضرر) | رشد عمودی (26٪ در ۶۰ روز، 35٪ بالای MA50) | 153٪ بالای کف ۵۲ هفته | واگرایی منفی
کبافق,معادن‌ بافق‌,استخراج کانه های فلزی,63.9,زیر نظر,95,75,77.5,4,44990,20261004,8.6,16.9,72.8,26.2,3.1,22.3,70.8,62.2,8,0,false,45.2,3.4,above,-8.1,1,41060,48940,5.02,3.99,6.61,15.19,8.63,1583,28.42,13.76,106.5,43462,41169,48940,51997,1.03,واگرایی منفی RSI | سهم صفی: 8 روز از ۲۰ روز در صف (ریسک نقدشوندگی و اجرای حد ضرر) | 71٪ بالای MA200 | واگرایی منفی | حد ضرر دور (8.5٪) | نقدشوندگی کمتر از ۱۰ میلیارد تومان
دسبحان,سبحان دارو,مواد و محصولات دارویی,63.9,زیر نظر,100,70,49.5,30,20350,20261004,15.8,36.8,255.1,208.6,18.5,51.8,247.8,85.9,13,0,true,76.2,2.6,above,0,1.1,17730,,90.69,-41.59,2.12,-126.08,81.88,1454,14,12.91,8.4,19821,19292,21937,22995,1.5,اشباع خرید | فاصله زیاد از MA20 | سهم صفی: 13 روز از ۲۰ روز در صف (ریسک نقدشوندگی و اجرای حد ضرر) | رشد عمودی (255٪ در ۶۰ روز، 52٪ بالای MA50) | 248٪ بالای MA200
بگیلان,توسعه مسیر برق گیلان,عرضه برق، گاز، بخاروآب گرم,63.9,زیر نظر,70,45,98.5,37,26200,20261004,0.2,5.9,13.6,-33,-1.6,5.2,43.2,50.3,0,0,false,15.3,3.64,above,-7.7,1.22,25460,27800,14.86,17.62,5.7,37.53,8.42,2382,11,10.04,9.6,25460,24983,27800,28390,1.32,واگرایی منفی RSI | واگرایی منفی | نقدشوندگی کمتر از ۱۰ میلیارد تومان
فسازان,غلتک سازان سپاهان,فلزات اساسی,63.9,زیر نظر,85,75,11.5,82,13600,20261004,2.2,6.7,66.7,20.1,-3.4,11.4,125.9,53.4,6,0,false,45.3,3.31,above,-14.8,1.24,12930,15960,-32.18,-126.67,0.84,-80.38,46.05,2578,5.28,13.48,-60.9,13150,12705,15960,16860,2.64,خروج مستمر پول حقیقی | سهم صفی: 6 روز از ۲۰ روز در صف (ریسک نقدشوندگی و اجرای حد ضرر) | 126٪ بالای MA200
رتاپ,تجارت الکترونیک  پارسیان,رایانه و فعالیت‌های وابسته به آن,63.8,زیر نظر,100,75,13.4,62,9540,20261004,2.3,17.2,71.9,25.4,4.3,10.7,108.4,61.2,3,0,false,40.4,3.04,above,-2.5,0.96,9290,9765,-34.13,-141.17,1.29,-20.34,19.18,806,11.84,18.19,-34.9,9290,9145,9765,10346,0.57,واگرایی منفی RSI | خروج مستمر پول حقیقی | 108٪ بالای MA200 | واگرایی منفی
فاراک,ماشین‌ سازی‌ اراک‌,ساخت محصولات فلزی,63.8,زیر نظر,85,75,36.2,57,3011,20261004,4,2.3,94.9,48.4,-1.6,11.1,92.2,55.2,2,0,false,37.6,3.82,above,-10.1,1.28,2892,3090,-36.02,4.21,1.21,-15.31,70.34,423,7.12,7.54,-5.6,2896,2834,3090,3280,0.45,واگرایی منفی RSI | توزیع: ورود حقیقی با سرانه خرید ضعیف (0.82 در ۲۰ روز) | 92٪ بالای MA200 | واگرایی منفی
ارفع,شرکت آهن و فولاد ارفع,فلزات اساسی,63.8,زیر نظر,100,90,16,47,14500,20261004,3.4,38,73.4,26.9,7.9,26.1,134.8,68,12,0,true,52.1,3.06,above,-5.7,0.79,13740,14980,-107.59,44.2,0.48,-128.14,64.07,1926,7.53,8.05,-6.5,14057,13518,14980,15866,0.49,سهم صفی: 12 روز از ۲۰ روز در صف (ریسک نقدشوندگی و اجرای حد ضرر) | توزیع: ورود حقیقی با سرانه خرید ضعیف (0.66 در ۲۰ روز) | 135٪ بالای MA200 | سرانه خرید ضعیف (0.48)
وخارزم,سرمایه گذاری خوارزمی,سرمایه گذاریها,63.8,زیر نظر,100,70,63,16,9750,20261004,15.6,25.9,110.7,64.2,16.9,38,145.8,81.5,5,0,true,64.8,2.78,above,0,0.55,8604,,196.84,-184.98,4.96,232.61,109.27,830,11.75,7.13,64.8,9479,9208,10564,11106,1.5,واگرایی منفی RSI | اشباع خرید | فاصله زیاد از MA20 | خروج مستمر پول حقیقی | رشد عمودی (111٪ در ۶۰ روز، 38٪ بالای MA50) | 146٪ بالای MA200 | واگرایی منفی
غپینو,پارس‌ مینو,محصولات غذایی و آشامیدنی به جز قند و شکر,63.8,زیر نظر,100,55,31,60,2067,20261004,3.9,12.8,23.4,-23.1,1.3,10.1,81.9,57.4,3,0,false,41.3,3.79,above,-7.7,1.7,1983,2239,-30,-83.3,2.38,-122.6,56.21,275,7.52,8.53,-11.9,1989,1944,2239,2396,1.4,خروج مستمر پول حقیقی | 82٪ بالای MA200
شستان,پتروشیمی شهید رئیسی گلستان,محصولات شیمیایی,63.7,زیر نظر,100,55,70.7,20,1907,20261004,5.6,4.7,21.9,-24.6,2.3,14.1,29.1,59.8,1,0,false,28.7,3.66,above,-5.3,1.08,1739,2003,0.99,1.73,1.31,3.66,3.65,7,272.43,,,1837,1733,2003,2142,0.55,واگرایی منفی RSI | P/E بالا (272) | واگرایی منفی | حد ضرر دور (9.1٪) | نقدشوندگی کمتر از ۱۰ میلیارد تومان
پارسیان,بیمه پارسیان,بیمه وصندوق بازنشستگی به جزتامین اجتماعی,63.5,زیر نظر,100,63,3.8,80,1905,20261004,3.5,8.6,39.1,-7.5,1.7,15,47.9,59,3,1,false,45.1,3.37,above,-5.2,0.84,1670,1970,-0.7,-22.74,0.87,-1.47,7.41,865,2.2,4.59,-52,1841,1776,1970,2099,0.51,خروج مستمر پول حقیقی | نقدشوندگی کمتر از ۱۰ میلیارد تومان | صف فروش در ۵ روز اخیر
کلر,کلر پارس,محصولات شیمیایی,63.4,زیر نظر,100,80,32.5,37,12860,20261004,10,19.1,28.9,-17.6,9.3,22,70,68.8,6,0,true,26.5,3.19,above,-0.9,1.83,11500,,-39.12,-55.75,1.88,-9.89,24.43,1504,8.55,8.01,6.7,12450,12040,14090,14909,1.5,واگرایی منفی RSI | خروج مستمر پول حقیقی | سهم صفی: 6 روز از ۲۰ روز در صف (ریسک نقدشوندگی و اجرای حد ضرر) | 70٪ بالای MA200 | واگرایی منفی
خنصیر,مهندسی‌نصیرماشین‌,خودرو و ساخت قطعات,63.3,زیر نظر,95,55,63.4,32,4530,20261004,7.1,3,34.8,-11.7,2.2,11.2,41.9,60.4,1,0,false,29.8,3.34,above,-8.1,1.18,4410,4930,0.82,0.61,1.05,1.46,5.74,485,9.34,,,4410,4334,4930,5233,2.04,واگرایی منفی RSI | واگرایی منفی | نقدشوندگی کمتر از ۱۰ میلیارد تومان
واحصا,احیاء صنایع خراسان,سرمایه گذاریها,63.3,زیر نظر,100,70,57.1,20,34030,20261004,9.9,31.5,94.9,48.4,15.6,33.1,138.9,89.9,2,0,true,50,3.25,above,-1.8,1.14,29130,,1.59,-2.92,1.39,6.77,4.1,126,270.08,,,32925,31820,37345,39555,1.5,واگرایی منفی RSI | اشباع خرید | فاصله زیاد از MA20 | رشد عمودی (95٪ در ۶۰ روز، 33٪ بالای MA50) | P/E بالا (270) | 139٪ بالای MA200 | واگرایی منفی | نقدشوندگی کمتر از ۱۰ میلیارد تومان
تیپیکو,سرمایه گذاری دارویی تامین,مواد و محصولات دارویی,63.3,زیر نظر,100,100,23,30,29120,20261004,5.2,12.5,55.4,8.9,7.9,14.9,92.8,62.5,6,0,true,25.3,3.2,above,-5.2,0.74,28600,,-98.76,-118.15,2.58,-124.85,125.98,2097,13.89,12.91,7.6,28600,28134,31913,33775,2.83,سهم صفی: 6 روز از ۲۰ روز در صف (ریسک نقدشوندگی و اجرای حد ضرر) | 93٪ بالای MA200
وثوق,سرمایه گذاری وثوق امین,سرمایه گذاریها,63.2,زیر نظر,100,100,32.9,20,44620,20261004,4,11.2,101.4,54.9,6.9,14,93.4,66.3,0,0,true,35,2.86,above,-2.5,1.13,42950,,-6.12,-2.55,1.42,5.09,5.45,81,550.86,,,43345,42313,48445,50995,1.66,رشد عمودی (101٪ در ۶۰ روز، 14٪ بالای MA50) | P/E بالا (551) | 93٪ بالای MA200 | نقدشوندگی کمتر از ۱۰ میلیارد تومان
نطرین,عطرین نخ قم,منسوجات,63.2,زیر نظر,100,45,53.8,43,2416,20261004,4,32.5,36.1,-10.5,8.7,25.1,80.8,69.4,13,0,false,37,3.05,above,-2.1,2.29,2265,2460,0.82,3.24,0.89,-11.77,16.18,196,12.33,14.29,-13.7,2342,2232,2460,2607,0.24,سهم صفی: 13 روز از ۲۰ روز در صف (ریسک نقدشوندگی و اجرای حد ضرر) | 81٪ بالای MA200 | حد ضرر دور (7.6٪)
اردستان,سیمان اردستان,سیمان، آهک و گچ,63.2,زیر نظر,90,30,50.6,70,29700,20261004,-3.9,2.3,22.4,-24.2,-4.1,5.7,31.6,48.9,2,0,false,23.7,3.73,above,-11.3,1.44,28770,32030,22.32,-30.36,1.04,4.46,19.52,5074,5.85,7.14,-18,28770,28216,32030,33470,1.57,خروج مستمر پول حقیقی
وپارس,بانک‌پارسیان‌,بانکها و موسسات اعتباری,63,زیر نظر,90,65,2,90,2136,20261004,-7,11.5,76.8,30.2,-3.2,23,87.1,55.4,6,3,false,62.8,3.58,above,-10.1,0.74,1244,2193,-209.94,-209.88,0.41,-626.65,450.51,668,3.2,5.4,-40.8,2059,1983,2193,2372,0.37,واگرایی منفی RSI | سهم صفی: 6 روز از ۲۰ روز در صف (ریسک نقدشوندگی و اجرای حد ضرر) | 87٪ بالای MA200 | سرانه خرید ضعیف (0.41) | واگرایی منفی | حد ضرر دور (7.2٪) | صف فروش در ۵ روز اخیر
قلرست,قند لرستان‌,قند و شکر,63,زیر نظر,85,75,63,47,29880,20261003,8.4,3.8,57.8,11.3,-2.3,14.5,97.6,55.7,6,0,false,35.5,3.39,above,-11.5,0.57,27220,33750,10,-11.22,3.12,10.66,9.47,3057,9.77,9.8,-0.3,28867,27347,33750,35776,1.53,خروج مستمر پول حقیقی | سهم صفی: 6 روز از ۲۰ روز در صف (ریسک نقدشوندگی و اجرای حد ضرر) | 98٪ بالای MA200 | حد ضرر دور (8.5٪) | نقدشوندگی کمتر از ۱۰ میلیارد تومان | آخرین معامله 20261003 (متوقف یا کم‌معامله)
غانیزان,فرآورده های دامی ولبنی دالاهو,محصولات غذایی و آشامیدنی به جز قند و شکر,63,زیر نظر,100,55,79,9,9720,20261004,9.8,11.9,36.4,-10.1,6.5,21.9,56.6,67.6,7,0,false,21.1,3.36,above,-0.4,0.68,8740,,1.93,3.44,58.64,12.09,10.29,797,12.2,8.53,43,9393,8903,10701,11355,1.2,سهم صفی: 7 روز از ۲۰ روز در صف (ریسک نقدشوندگی و اجرای حد ضرر) | 57٪ بالای MA200 | حد ضرر دور (8.4٪)
فروسیل,فروسیلیسیم خمین,فلزات اساسی,63,زیر نظر,100,75,48,24,15440,20261004,5.8,8.9,70,23.5,1.8,20,70.7,62.5,8,0,false,44.7,3.33,above,-6.2,0.8,13910,16460,7.55,-7.8,3.8,-4.02,10.07,1620,9.53,8.05,18.4,14926,14155,16460,17488,0.79,سهم صفی: 8 روز از ۲۰ روز در صف (ریسک نقدشوندگی و اجرای حد ضرر) | 71٪ بالای MA200 | حد ضرر دور (8.3٪)
کنور,توسعه معدنی و صنعتی صبانور,استخراج کانه های فلزی,63,زیر نظر,100,60,22,62,6770,20261004,11.3,12.5,84,37.4,8.3,30.7,101.8,73.6,4,0,false,47,3.18,above,-3,0.54,6500,,-10.76,-101.08,2.04,-6.85,27.23,738,9.17,13.76,-33.3,6555,6392,7415,7846,1.71,واگرایی منفی RSI | خروج مستمر پول حقیقی | رشد عمودی (84٪ در ۶۰ روز، 31٪ بالای MA50) | 102٪ بالای MA200 | واگرایی منفی | شناوری کم (9٪)
کربن,کانی کربن طبس,استخراج زغال سنگ,62.9,زیر نظر,85,53,25.2,82,9610,20261004,-2.2,-13.2,45.8,-0.7,-3.5,8.3,70.4,50.3,1,1,false,34.6,3.48,above,-15.7,0.56,9050,11400,-2.18,-8.47,1.09,3.4,16.36,1449,6.63,15.48,-57.2,9275,8883,11400,12070,2.46,70٪ بالای MA200 | حد ضرر دور (7.6٪) | صف فروش در ۵ روز اخیر
غبهار,کشت وصنعت بهاران گلبهار خراسان,محصولات غذایی و آشامیدنی به جز قند و شکر,62.9,زیر نظر,95,75,35.5,42,5250,20261004,14.7,19.8,147.9,101.4,7,25.9,77.4,69.7,8,0,false,44.6,3.19,above,-4.6,0.7,4651,5505,-7.78,-7.49,2.56,12.01,8.96,798,6.58,,,5082,4915,5505,5840,0.76,واگرایی منفی RSI | سهم صفی: 8 روز از ۲۰ روز در صف (ریسک نقدشوندگی و اجرای حد ضرر) | رشد عمودی (148٪ در ۶۰ روز، 26٪ بالای MA50) | 77٪ بالای MA200 | واگرایی منفی | نقدشوندگی کمتر از ۱۰ میلیارد تومان
سهگمت,سیمان‌هگمتان‌,سیمان، آهک و گچ,62.8,زیر نظر,88,80,21.5,60,150700,20261004,5.3,8.9,8.4,-38.1,3.8,9.2,26,59.9,1,0,true,18.5,3.07,above,-9.1,0.97,142850,152400,-25.6,-47.03,1.68,-10.62,17,27300,5.52,7.14,-22.7,146079,140540,152400,165789,0.17,خروج مستمر پول حقیقی
ثجنوب,سرمایه گذاری مسکن جنوب,انبوه سازی، املاک و مستغلات,62.8,زیر نظر,90,45,27,80,18530,20261004,-3.8,9.2,7.8,-38.7,-0.9,6,51.7,51.1,1,0,false,23,3.83,above,-7.1,0.92,18243,18950,-4.13,71.29,0.59,-46.94,24.19,6363,2.91,23.59,-87.7,18243,17888,18950,19890,0.65,توزیع: ورود حقیقی با سرانه خرید ضعیف (0.87 در ۲۰ روز) | 52٪ بالای MA200 | سرانه خرید ضعیف (0.59)
کپشیر,پشم‌شیشه‌ایران‌,سایر محصولات کانی غیرفلزی,62.8,زیر نظر,100,85,59,4,32130,20261004,8.9,33.2,178,131.5,12.9,44.9,157.2,79.6,8,0,true,72.1,3.09,above,-1.8,1.29,29450,,-20.3,45.96,2.24,-130.6,37.98,1532,20.97,12.75,64.5,31138,29649,35107,37091,1.2,اشباع خرید | سهم صفی: 8 روز از ۲۰ روز در صف (ریسک نقدشوندگی و اجرای حد ضرر) | رشد عمودی (178٪ در ۶۰ روز، 45٪ بالای MA50) | توزیع: ورود حقیقی با سرانه خرید ضعیف (0.59 در ۲۰ روز) | 157٪ بالای MA200 | حد ضرر دور (7.7٪)
سرچشمه,سرمایه گذاری مس سرچشمه,سرمایه گذاریها,62.7,زیر نظر,100,50,30.8,60,8110,20261004,0.2,32.1,129.5,83,6.2,31.8,93.6,73.6,9,0,false,71.3,3.17,above,-3.2,0.91,5566,8340,34.78,-37.49,0.89,-84.85,73.97,1231,6.59,8.73,-24.5,7853,7596,8340,8854,0.45,سهم صفی: 9 روز از ۲۰ روز در صف (ریسک نقدشوندگی و اجرای حد ضرر) | رشد عمودی (130٪ در ۶۰ روز، 32٪ بالای MA50) | 94٪ بالای MA200
ساربیل,سیمان آرتا اردبیل,سیمان، آهک و گچ,62.7,زیر نظر,64,55,73,57,85650,20261004,1.9,-8,7.2,-39.4,-1.7,1.7,15.6,49.7,1,0,true,18,3.85,inside,-15.5,1.26,83650,88300,0.1,0.99,2.21,-3.88,4.06,11188,7.66,7.14,7.2,83650,82002,88300,98760,0.73,توزیع: ورود حقیقی با سرانه خرید ضعیف (0.66 در ۲۰ روز) | نقدشوندگی کمتر از ۱۰ میلیارد تومان | شناوری کم (10٪)
شپارس,بین‌ المللی‌ محصولات‌  پارس‌,محصولات شیمیایی,62.6,زیر نظر,100,60,22.5,60,2947,20261004,19.6,24.3,125.5,78.9,11.2,36.6,126.9,74.1,10,0,false,52.2,3.23,above,-2.7,0.95,2391,,-22.88,-42.64,10.43,-11.95,18.5,370,7.96,9.63,-17.3,2852,2756,3233,3423,1.5,خروج مستمر پول حقیقی | سهم صفی: 10 روز از ۲۰ روز در صف (ریسک نقدشوندگی و اجرای حد ضرر) | رشد عمودی (125٪ در ۶۰ روز، 37٪ بالای MA50) | 127٪ بالای MA200
شکربن,کربن‌ ایران‌,محصولات شیمیایی,62.5,زیر نظر,100,60,22,60,11560,20261004,8.9,35.4,79.7,33.1,18.2,34.5,79.7,84.3,3,0,true,54.2,2.94,above,-2.2,1.12,8940,,-44.16,-21.73,1.61,-49.1,29.07,1486,7.78,9.63,-19.2,11221,10881,12578,13257,1.5,واگرایی منفی RSI | اشباع خرید | فاصله زیاد از MA20 | رشد عمودی (80٪ در ۶۰ روز، 35٪ بالای MA50) | 80٪ بالای MA200 | واگرایی منفی
شاملا,معدنی‌ املاح‌  ایران‌,محصولات شیمیایی,62.5,زیر نظر,100,100,13,37,42730,20261004,2.2,8.1,47.5,1,5.6,16.7,86.6,66.7,2,0,true,32.6,3.61,above,-3.5,1.66,41515,,-42.47,-54.86,0.73,-44.41,26.82,4322,9.89,9.63,2.7,41515,40744,47356,50440,2.33,خروج مستمر پول حقیقی | 87٪ بالای MA200 | سرانه خرید ضعیف (0.73)
اتکام,بیمه اتکایی امین,بیمه وصندوق بازنشستگی به جزتامین اجتماعی,62.5,زیر نظر,100,75,62,68,3150,20260929,7.9,6.5,63.3,16.8,4.9,14.3,42.7,65.9,1,0,false,37.9,3.1,above,-1.4,0.9,2839,3194,3.57,-4.01,2.36,3.54,1.58,925,3.41,4.59,-25.8,3052,2955,3194,3389,0.22,نقدشوندگی پایین | واگرایی منفی RSI | خروج مستمر پول حقیقی | واگرایی منفی | نقدشوندگی کمتر از ۱۰ میلیارد تومان | شناوری کم (14٪) | آخرین معامله 20260929 (متوقف یا کم‌معامله)
تاپیکو,س. نفت و گاز و پتروشیمی تأمین,محصولات شیمیایی,62.5,زیر نظر,100,75,61,9,51990,20261004,8.8,42.5,103.8,57.3,16.3,45.3,127.6,79,7,0,true,60.3,2.99,above,-3.3,1.07,38039,,63.69,70.95,1.5,-352.33,371.01,3439,15.12,9.63,57,50436,48882,56652,59760,1.5,واگرایی منفی RSI | اشباع خرید | فاصله زیاد از MA20 | سهم صفی: 7 روز از ۲۰ روز در صف (ریسک نقدشوندگی و اجرای حد ضرر) | رشد عمودی (104٪ در ۶۰ روز، 45٪ بالای MA50) | توزیع: ورود حقیقی با سرانه خرید ضعیف (0.58 در ۲۰ روز) | 128٪ بالای MA200 | واگرایی منفی | شناوری کم (11٪)
عالیس,بهار رز عالیس چناران,محصولات غذایی و آشامیدنی به جز قند و شکر,62.5,زیر نظر,70,63,55.4,60,6030,20261004,2.7,0.8,37,-9.5,-1.2,6.3,53.8,54.7,1,0,false,25.4,3.86,above,-9.3,1.09,5870,6650,49.58,267.56,0.86,-35.23,46.44,1000,6.03,7.05,-14.5,5870,5754,6650,7116,2.24,توزیع: ورود حقیقی با سرانه خرید ضعیف (0.74 در ۲۰ روز) | 54٪ بالای MA200
کحافظ,کاشی‌ وسرامیک‌ حافظ‌,کاشی و سرامیک,62.4,زیر نظر,85,75,27.6,60,2603,20261004,5.4,4,51.3,4.8,-0.6,10.4,59.7,55.4,3,0,false,31,3.67,above,-9.5,1.28,2388,2875,-21.4,-36.19,1.44,-12.64,20.41,388,6.71,7.65,-12.3,2508,2364,2875,3066,1.14,واگرایی منفی RSI | خروج مستمر پول حقیقی | 60٪ بالای MA200 | واگرایی منفی | حد ضرر دور (9.2٪)
حیات,بیمه زندگی مفید,بیمه وصندوق بازنشستگی به جزتامین اجتماعی,62.4,زیر نظر,100,60,61.5,20,9740,20261004,6.9,41.6,295.1,248.6,16.2,56.8,,99.9,18,0,true,98.6,2.36,above,-1.5,0.31,2530,,-0.31,18.96,2.42,3.92,5.14,327,29.79,,,9510,9280,10431,10891,1.5,اشباع خرید | فاصله زیاد از MA20 | سهم صفی: 18 روز از ۲۰ روز در صف (ریسک نقدشوندگی و اجرای حد ضرر) | رشد عمودی (295٪ در ۶۰ روز، 57٪ بالای MA50) | 614٪ بالای کف ۵۲ هفته | نقدشوندگی کمتر از ۱۰ میلیارد تومان
وفتخار,سرمایه گذاری افتخار سهام,سرمایه گذاریها,62.3,زیر نظر,100,75,19,50,2132,20261004,7.4,34.3,47.4,0.9,11.5,28.7,40.8,77.6,6,0,true,53,3.33,above,-1,0.85,2078,,-0.08,4.58,0.88,-2.3,5.44,531,4.02,,,2078,2043,2345,2487,2.38,سهم صفی: 6 روز از ۲۰ روز در صف (ریسک نقدشوندگی و اجرای حد ضرر) | نقدشوندگی کمتر از ۱۰ میلیارد تومان
فزر,پویا زرکان آق دره,استخراج کانه های فلزی,62.3,زیر نظر,100,70,89,4,361200,20261003,15.9,51.1,184,137.4,21,56,181.3,91.5,9,0,true,79.7,2.65,above,0,0.14,309800,,225.88,1502.5,2.46,345.73,753.04,9504,38.01,14.44,163.2,351640,342079,389881,409002,1.5,واگرایی منفی RSI | اشباع خرید | فاصله زیاد از MA20 | سهم صفی: 9 روز از ۲۰ روز در صف (ریسک نقدشوندگی و اجرای حد ضرر) | رشد عمودی (184٪ در ۶۰ روز، 56٪ بالای MA50) | P/E بالا (38) | توزیع: ورود حقیقی با سرانه خرید ضعیف (0.53 در ۲۰ روز) | 181٪ بالای MA200 | واگرایی منفی | آخرین معامله 20261003 (متوقف یا کم‌معامله)
دتولید,داروسازی تولید دارو,مواد و محصولات دارویی,62.3,زیر نظر,100,70,64,9,9110,20261004,14.4,30,188.3,141.8,15.5,47.2,169,82.7,11,0,true,68.5,2.64,above,-0.9,1.15,8330,,26.34,-37.15,9.56,18.85,36.91,475,19.18,8.86,116.5,8869,8629,9832,10314,1.5,اشباع خرید | فاصله زیاد از MA20 | خروج مستمر پول حقیقی | سهم صفی: 11 روز از ۲۰ روز در صف (ریسک نقدشوندگی و اجرای حد ضرر) | رشد عمودی (188٪ در ۶۰ روز، 47٪ بالای MA50) | 169٪ بالای MA200
سپاها,سیمان‌سپاهان‌,سیمان، آهک و گچ,62.2,زیر نظر,95,80,46.9,24,21510,20261004,7.4,4.4,30.5,-16,4.1,10.9,56.9,60.2,3,0,true,21.8,3.35,above,-4.4,0.76,20450,22500,-9.48,14.83,1.35,3.49,23.41,2433,8.84,7.14,23.8,20789,20089,22500,23942,0.7,واگرایی منفی RSI | توزیع: ورود حقیقی با سرانه خرید ضعیف (0.81 در ۲۰ روز) | 57٪ بالای MA200 | واگرایی منفی
فسدید,لوله‌وتجهیزات‌ سدید,فلزات اساسی,62.1,زیر نظر,100,60,70.5,10,161200,20261004,5.2,55,75.1,28.5,18.5,52.5,54.8,84.5,16,1,true,77.3,2.55,above,-6.4,1.28,122503,,2.92,3.04,2.01,-6.39,5.18,,,,,157095,152990,173516,181726,1.5,اشباع خرید | فاصله زیاد از MA20 | بدون EPS مثبت | سهم صفی: 16 روز از ۲۰ روز در صف (ریسک نقدشوندگی و اجرای حد ضرر) | رشد عمودی (75٪ در ۶۰ روز، 53٪ بالای MA50) | توزیع: ورود حقیقی با سرانه خرید ضعیف (0.71 در ۲۰ روز) | 55٪ بالای MA200 | نقدشوندگی کمتر از ۱۰ میلیارد تومان | صف فروش در ۵ روز اخیر
غزر,صنعتی زر ماکارون,محصولات غذایی و آشامیدنی به جز قند و شکر,62,زیر نظر,100,85,23.1,37,5540,20261004,11.9,29.7,79.3,32.8,10.4,32.4,120.5,74.8,6,0,true,54.4,2.85,above,-2.3,1.1,5370,,-66.83,-126.87,1.04,9.58,87.66,620,8.94,8.53,4.8,5382,5291,6014,6329,1.9,واگرایی منفی RSI | خروج مستمر پول حقیقی | سهم صفی: 6 روز از ۲۰ روز در صف (ریسک نقدشوندگی و اجرای حد ضرر) | رشد عمودی (79٪ در ۶۰ روز، 32٪ بالای MA50) | 120٪ بالای MA200 | واگرایی منفی
فولای,صنایع فولاد آلیاژی یزد,فلزات اساسی,62,زیر نظر,100,70,63,9,5610,20261004,14.5,24.4,60.7,14.2,15,39,44.8,81.9,3,0,true,74.4,2.87,above,0,0.72,5216,,14.66,-25.25,4.5,35.31,20.63,393,14.27,8.05,77.3,5449,5207,6094,6416,1.2,اشباع خرید | فاصله زیاد از MA20 | خروج مستمر پول حقیقی | رشد عمودی (61٪ در ۶۰ روز، 39٪ بالای MA50) | حد ضرر دور (7.2٪)
مفاخر,توسعه فناوری اطلاعات خوارزمی,رایانه و فعالیت‌های وابسته به آن,62,زیر نظر,100,75,84,4,14400,20260927,2.3,38.1,109.3,62.8,13.7,31.8,84.7,77.9,8,0,true,63.4,3.37,above,-3.3,1.26,10870,14890,0.51,9.87,1.44,8.46,12.91,574,25.09,8.89,182.2,13915,13430,14890,15860,0.51,سهم صفی: 8 روز از ۲۰ روز در صف (ریسک نقدشوندگی و اجرای حد ضرر) | رشد عمودی (109٪ در ۶۰ روز، 32٪ بالای MA50) | 85٪ بالای MA200 | آخرین معامله 20260927 (متوقف یا کم‌معامله)
شاروم,پتروشیمی ارومیه,محصولات شیمیایی,61.9,زیر نظر,90,45,77.5,26,14840,20261004,-2.2,7.7,12.7,-33.9,-3.9,10.8,47.5,51.6,5,0,false,35.6,3.19,above,-14.4,1.12,13706,17330,11.82,15.36,2.84,50.06,16.95,1318,11.26,8.01,40.6,14367,13656,17330,18277,2.1,185٪ بالای کف ۵۲ هفته | حد ضرر دور (8.0٪)
رکیش,کارت اعتباری ایران کیش,رایانه و فعالیت‌های وابسته به آن,61.8,زیر نظر,85,45,69.1,40,2561,20261004,3.6,-4,34.9,-11.7,-2.5,4.7,41.2,51.2,1,0,false,29.2,3.82,above,-11.9,1.03,2510,2781,2.69,0.74,1.26,3.51,4.04,141,18.16,18.19,-0.1,2510,2461,2781,2906,2.2,واگرایی منفی RSI | توزیع: ورود حقیقی با سرانه خرید ضعیف (0.77 در ۲۰ روز) | واگرایی منفی | نقدشوندگی کمتر از ۱۰ میلیارد تومان
کالا,بورس کالای ایران,فعالیتهای کمکی به نهادهای مالی واسط,61.8,زیر نظر,100,70,62,9,12870,20261004,14.5,38.7,62.9,16.4,15.2,31.5,121,81,8,0,true,41.1,2.85,above,-0.8,0.93,11800,,54.44,-162.48,2.37,27,155.35,885,14.54,5.92,145.6,12503,11952,13972,14707,1.2,اشباع خرید | فاصله زیاد از MA20 | خروج مستمر پول حقیقی | سهم صفی: 8 روز از ۲۰ روز در صف (ریسک نقدشوندگی و اجرای حد ضرر) | رشد عمودی (63٪ در ۶۰ روز، 32٪ بالای MA50) | 121٪ بالای MA200 | حد ضرر دور (7.1٪)
زشریف,کشت وصنعت شریف آباد,زراعت و خدمات وابسته,61.5,زیر نظر,100,80,15.1,47,19020,20261004,1.8,8.7,19.5,-27,1.5,9.2,69.7,55.1,4,0,true,27,3.5,above,-6.8,1.03,17357,19230,-19.72,-48.76,1.36,-15.45,11.4,2402,7.92,8.07,-1.9,18354,17356,19230,20300,0.13,واگرایی منفی RSI | خروج مستمر پول حقیقی | 70٪ بالای MA200 | واگرایی منفی | حد ضرر دور (8.7٪)
کی بی سی,شرکت کی بی سی,مواد و محصولات دارویی,61.5,زیر نظر,100,85,49,9,13500,20261004,15.2,27.6,122.4,75.9,12.8,39.6,164.1,78.6,14,0,true,58.7,2.74,above,0,0.88,13120,,37.93,-22.69,2.49,-11.05,31.78,1043,12.94,8.86,46.1,13130,12935,14610,15351,1.97,اشباع خرید | سهم صفی: 14 روز از ۲۰ روز در صف (ریسک نقدشوندگی و اجرای حد ضرر) | رشد عمودی (122٪ در ۶۰ روز، 40٪ بالای MA50) | 164٪ بالای MA200
بپویا,دانش محور پویا نیرو,ماشین آلات و دستگاه‌های برقی,61.4,زیر نظر,73,55,88,26,6280,20261004,8.7,8.3,2.6,-44,3.1,9.7,6.3,60.4,2,0,false,17.7,3.33,above,-13.5,0.86,6074,6420,6.64,15.92,3.26,30.64,12.17,752,8.35,6.15,35.8,6074,5970,6420,6579,0.45,شناوری کم (7٪)
دهدشت,صنایع پتروشیمی دهدشت,محصولات شیمیایی,61.4,زیر نظر,100,70,99.5,10,15810,20261004,15,41.3,75.3,28.8,22.3,44.8,70.5,97.5,20,0,true,74.4,2.36,above,0,2.92,11754,,11.63,11.29,6.09,10.62,0.99,,,,,15437,15064,16928,17674,1.5,نقدشوندگی پایین | اشباع خرید | فاصله زیاد از MA20 | بدون EPS مثبت | سهم صفی: 20 روز از ۲۰ روز در صف (ریسک نقدشوندگی و اجرای حد ضرر) | رشد عمودی (75٪ در ۶۰ روز، 45٪ بالای MA50) | 71٪ بالای MA200 | نقدشوندگی کمتر از ۱۰ میلیارد تومان
بکاب,صنایع‌جوشکاب‌یزد,ماشین آلات و دستگاه‌های برقی,61.3,زیر نظر,85,63,66.8,26,12730,20261004,5.9,9.6,37.9,-8.6,-1.5,12.4,40.8,55.9,4,0,false,30.1,3.69,above,-14.1,0.98,12000,13050,1.31,8.33,1.17,2.72,8.46,1077,11.82,6.15,92.2,12261,11765,13050,13510,0.33,159٪ بالای کف ۵۲ هفته | حد ضرر دور (7.6٪) | نقدشوندگی کمتر از ۱۰ میلیارد تومان
سپیدار,سپیدار سیستم آسیا,رایانه و فعالیت‌های وابسته به آن,61.3,زیر نظر,100,80,52,9,10300,20261004,2.2,13.8,25.9,-20.7,2.9,13.1,46.8,59.6,2,0,true,32.7,3.14,above,-4.1,0.91,9397,10610,-2.51,1.17,4.94,21.79,7.8,830,12.41,8.89,39.6,9976,9491,10610,11257,0.38,حد ضرر دور (7.9٪) | نقدشوندگی کمتر از ۱۰ میلیارد تومان
ثغرب,شرکت سرمایه گذاری مسکن شمالغرب,انبوه سازی، املاک و مستغلات,61.2,زیر نظر,100,60,73,4,18950,20261004,2.8,57.4,285.2,238.7,18.5,63.1,220.9,84.3,15,1,true,83.3,2.41,above,-0.2,0.74,9480,,3.55,33.64,1.6,-5.94,10.33,415,45.66,23.59,93.6,18494,18037,20319,21231,1.5,اشباع خرید | فاصله زیاد از MA20 | سهم صفی: 15 روز از ۲۰ روز در صف (ریسک نقدشوندگی و اجرای حد ضرر) | رشد عمودی (285٪ در ۶۰ روز، 63٪ بالای MA50) | P/E بالا (46) | 221٪ بالای MA200 | صف فروش در ۵ روز اخیر
تماوند,تامین سرمایه دماوند,فعالیتهای کمکی به نهادهای مالی واسط,61.2,زیر نظر,100,45,28.7,60,2457,20261004,-0.7,9,15.5,-31,2,8.4,10.9,58.1,0,0,false,21.7,3.55,above,-6.9,0.69,2418,2521,-6.23,6.54,0.95,-3.41,6.17,337,7.29,9.46,-22.9,2418,2375,2521,2566,0.78,واگرایی منفی RSI | توزیع: ورود حقیقی با سرانه خرید ضعیف (0.87 در ۲۰ روز) | واگرایی منفی | نقدشوندگی کمتر از ۱۰ میلیارد تومان
رایا,بیمه اتکایی رایا,بیمه وصندوق بازنشستگی به جزتامین اجتماعی,61.1,زیر نظر,100,90,2.5,50,5850,20261004,-1.2,21.6,153,106.5,8.3,24.4,,68.1,5,2,true,67.1,3.06,above,-7.6,0.84,5040,,-8.83,-15.19,0.48,-20.34,10.84,1471,3.98,,,5671,5492,6387,6744,1.5,واگرایی منفی RSI | خروج مستمر پول حقیقی | رشد عمودی (153٪ در ۶۰ روز، 24٪ بالای MA50) | 508٪ بالای کف ۵۲ هفته | سرانه خرید ضعیف (0.48) | واگرایی منفی | صف فروش در ۵ روز اخیر
فلامی,لامیران‌,ساخت محصولات فلزی,61.1,زیر نظر,100,70,64.4,4,12070,20261004,12.5,40.2,88,41.5,16.2,32.6,74.4,83.1,9,0,true,39.8,3.09,above,-0.2,1.16,10840,,3.5,15.51,1.24,-0.04,3.94,586,20.6,7.54,173.2,11697,11323,13190,13937,1.5,اشباع خرید | فاصله زیاد از MA20 | سهم صفی: 9 روز از ۲۰ روز در صف (ریسک نقدشوندگی و اجرای حد ضرر) | رشد عمودی (88٪ در ۶۰ روز، 33٪ بالای MA50) | 74٪ بالای MA200 | نقدشوندگی کمتر از ۱۰ میلیارد تومان
کصدف,کاشی صدف سرام استقلال آباده,کاشی و سرامیک,61.1,زیر نظر,85,55,63.3,35,7970,20261004,8.3,4.4,22,-24.5,-2,5.9,52.3,51.5,3,0,false,26.6,3.37,above,-13,0.58,7790,8418,0.11,2.68,1.07,0.4,7.3,548,14.54,,,7790,7656,8418,9159,1.42,توزیع: ورود حقیقی با سرانه خرید ضعیف (0.74 در ۲۰ روز) | 52٪ بالای MA200 | نقدشوندگی کمتر از ۱۰ میلیارد تومان
وساپا,سرمایه‌گذاری‌ سایپا,سرمایه گذاریها,61.1,زیر نظر,90,65,4.3,80,9230,20261004,-1.7,3.4,53.4,6.8,-2.1,16.5,58.7,55,1,0,false,41.3,3.7,above,-8.5,0.75,8870,10090,-51.09,-364.98,0.89,-164.58,259.91,2887,3.2,7.13,-55.2,8889,8699,10090,10773,1.62,واگرایی منفی RSI | خروج مستمر پول حقیقی | 59٪ بالای MA200 | واگرایی منفی
سغرب,سیمان‌غرب‌,سیمان، آهک و گچ,60.9,زیر نظر,83,80,23.2,57,8630,20261004,8.4,2.6,12.5,-34,3.6,6.8,19.7,60.9,0,0,true,18.9,3.41,above,-14.4,1.29,8318,8950,-5.63,-20.56,1.27,-0.05,8.8,1220,7.07,7.14,-0.9,8336,8171,8950,10080,0.7,خروج مستمر پول حقیقی | نقدشوندگی کمتر از ۱۰ میلیارد تومان
نبابک,نساجی بابکان,منسوجات,60.9,زیر نظر,95,55,61.5,24,8760,20261004,9.1,5.3,31.1,-15.4,4,14.4,17.2,62.2,1,0,false,23.5,3.7,above,-27.5,0.66,8536,9049,3.29,-15.8,6.54,18.7,8.18,351,24.96,14.29,74.6,8536,8374,9049,9206,0.75,واگرایی منفی RSI | خروج مستمر پول حقیقی | واگرایی منفی | نقدشوندگی کمتر از ۱۰ میلیارد تومان
سفاسی,شرکت فارسیت اهواز,سایر محصولات کانی غیرفلزی,60.9,زیر نظر,100,85,70.5,25,5280,20261004,7.8,10,112.5,65.9,7.2,20.3,68.8,77.8,3,0,true,48.7,3.84,above,-1.9,1.26,5160,,0,3.6,2.26,5.05,2.42,330,16,,,5160,5059,5889,6295,2.75,نقدشوندگی پایین | واگرایی منفی RSI | رشد عمودی (112٪ در ۶۰ روز، 20٪ بالای MA50) | 69٪ بالای MA200 | واگرایی منفی | نقدشوندگی کمتر از ۱۰ میلیارد تومان
خودرو,ایران‌ خودرو,خودرو و ساخت قطعات,60.8,زیر نظر,95,45,83.1,10,718,20261004,8.6,-0.6,30.8,-15.8,1,9.7,29,58.2,1,0,false,23.7,3.42,above,-8.7,1.42,674,730,711.75,318.35,1.4,680.95,582.88,,,,,693,662,730,786,0.21,واگرایی منفی RSI | بدون EPS مثبت | توزیع: ورود حقیقی با سرانه خرید ضعیف (0.75 در ۲۰ روز) | واگرایی منفی | حد ضرر دور (7.8٪)
زقیام,کشت و دام قیام اصفهان,زراعت و خدمات وابسته,60.8,زیر نظر,100,80,22,37,11470,20261004,2.5,11,26.6,-19.9,3.3,8.7,74.7,56.8,5,1,true,25.8,3.46,above,-6.1,0.82,10090,11890,-7.22,-8.12,1.93,-3.87,13.09,1396,8.22,8.07,1.8,11073,10675,11890,12180,0.53,75٪ بالای MA200 | صف فروش در ۵ روز اخیر
ویسا,سرمایه گذاری ایساتیس پویا,سرمایه گذاریها,60.8,زیر نظر,100,60,83,32,5890,20261004,14,26,59.2,12.6,10.7,32.9,64.6,75.1,3,0,false,55.8,2.94,above,-0.3,1.7,4234,,8.9,10,2.25,-0.32,2.9,633,9.3,,,5717,5544,6410,6756,1.5,نقدشوندگی پایین | رشد عمودی (59٪ در ۶۰ روز، 33٪ بالای MA50) | 65٪ بالای MA200 | نقدشوندگی کمتر از ۱۰ میلیارد تومان
کتوکا,تولیدی و خدمات صنایع نسوز توکا,سایر محصولات کانی غیرفلزی,60.5,زیر نظر,90,65,22,60,8360,20261004,-0.1,13.6,114.5,68,-1.6,30,98.5,60.5,8,0,false,67.8,3.44,above,-10.5,1.17,8180,8870,-4.2,-12.76,3.24,-46.63,30.48,983,8.5,10.33,-17.7,8180,8036,8870,9340,1.57,سهم صفی: 8 روز از ۲۰ روز در صف (ریسک نقدشوندگی و اجرای حد ضرر) | رشد عمودی (115٪ در ۶۰ روز، 30٪ بالای MA50) | 99٪ بالای MA200
ولراز,لیزینگ رازی,سایر واسطه گریهای مالی,60.5,زیر نظر,100,70,61,25,6220,20260923,15.2,63.7,227.9,181.4,26.9,66.8,153.5,97.5,11,0,true,83.3,2.51,above,0,0.36,2771,,-0.32,12.36,4.1,3.8,4.39,322,19.32,,,6064,5908,6688,7000,1.5,اشباع خرید | فاصله زیاد از MA20 | سهم صفی: 11 روز از ۲۰ روز در صف (ریسک نقدشوندگی و اجرای حد ضرر) | رشد عمودی (228٪ در ۶۰ روز، 67٪ بالای MA50) | 153٪ بالای MA200 | نقدشوندگی کمتر از ۱۰ میلیارد تومان | آخرین معامله 20260923 (متوقف یا کم‌معامله)
زکشت,کشاورزی مکانیزه اصفهان کشت,زراعت و خدمات وابسته,60.4,زیر نظر,83,80,18.2,60,14890,20261004,5.1,2.8,31.8,-14.7,5.3,12.2,70.7,60.1,5,0,true,19.5,3.42,above,-3.9,1.39,14492,15092,-17.61,-20.19,1.05,-34.33,14.21,2199,6.77,8.07,-16.1,14492,14237,15092,16110,0.31,خروج مستمر پول حقیقی | 71٪ بالای MA200
فارس,صنایع پتروشیمی خلیج فارس,محصولات شیمیایی,60.4,زیر نظر,100,63,21,50,12770,20261004,7.1,21,44.7,-1.8,4.8,22.4,64,65.3,5,0,false,35.2,3.1,above,-2.1,0.73,11550,13050,-285.04,-170.96,5.24,-279.1,482.47,1498,8.52,9.63,-11.5,12374,11979,13050,13841,0.35,64٪ بالای MA200
وآفر,سرمایه گذاری ارزش آفرینان,سرمایه گذاریها,60.3,زیر نظر,100,80,67,30,12920,20261004,1.1,10.1,24,-22.5,6,17.3,20.4,66.8,0,0,true,46.3,3.77,above,-19.2,1.17,12463,13150,0.16,0.93,1.14,1.33,2.73,369,35.01,,,12463,12220,13150,16000,0.33,نقدشوندگی پایین | P/E بالا (35) | نقدشوندگی کمتر از ۱۰ میلیارد تومان
زهلال,کشت و صنعت هلال,زراعت و خدمات وابسته,60.3,زیر نظر,85,80,38,37,54650,20261004,4.1,5.2,27.4,-19.2,3,10.1,,60.3,0,0,true,22.7,3.42,,-4.1,0.85,50890,55280,-1.64,-18.39,8.56,30.62,10.95,6307,8.66,8.07,7.4,52781,49979,55280,59017,0.13,خروج مستمر پول حقیقی | حد ضرر دور (8.5٪)
خبنیان,بنیان دیزل,خودرو و ساخت قطعات,60.2,زیر نظر,75,45,74.9,40,1809,20261004,0.5,-0.2,24,-22.5,-1.4,9.3,5.4,53.4,2,0,false,25.2,3.63,above,-26.3,1.11,1732,1865,1.93,13.41,1.08,3.3,13.39,10,180.9,,,1743,1699,1865,1924,0.51,P/E بالا (181)
حریل,ریل پردازسیر,حمل ونقل، انبارداری و ارتباطات,60.2,زیر نظر,85,40,72.7,34,2849,20261004,-0.6,1.9,29.4,-17.1,-5.6,8.6,30.6,48.7,3,0,false,34.2,3.21,above,-16.5,1,2739,3410,0.37,7.89,1.03,0.63,4.48,303,9.4,7.68,22.4,2757,2693,3410,3593,3.6,نقدشوندگی کمتر از ۱۰ میلیارد تومان
سیستم,همکاران سیستم,رایانه و فعالیت‌های وابسته به آن,60.1,زیر نظر,95,80,19.2,43,59030,20261004,11.8,5.9,35,-11.5,4.6,10.8,59.7,64.3,0,0,true,25.3,3.29,above,-4.4,1.4,53500,61750,-0.92,-3,1.07,-2.47,7.21,3654,16.15,18.19,-11.2,57086,54171,61750,65637,0.56,60٪ بالای MA200 | حد ضرر دور (8.2٪) | نقدشوندگی کمتر از ۱۰ میلیارد تومان
قزوین,کارخانجات‌ قند قزوین‌,قند و شکر,59.9,زیر نظر,90,45,35.5,60,12350,20261004,0.7,9.9,22.5,-24,-1.4,5.2,52.4,52.7,2,0,false,30,3.42,above,-11.3,1.48,12125,12825,2.87,-6.15,0.8,-1.16,3.25,1403,8.8,9.8,-10.2,12125,11914,12825,13920,1.09,خروج مستمر پول حقیقی | 52٪ بالای MA200 | سرانه خرید ضعیف (0.80) | نقدشوندگی کمتر از ۱۰ میلیارد تومان
فصبا,صبا فولاد خلیج فارس,فلزات اساسی,59.7,زیر نظر,100,78,52.5,4,4160,20261004,3,30.8,38.4,-8.1,7.3,26.9,54.3,67.2,9,0,true,41.4,3.16,above,-5.5,1.17,4070,,-16.61,5.52,7.64,12.63,29.44,178,23.37,8.05,190.3,4070,4004,4554,4817,2.53,سهم صفی: 9 روز از ۲۰ روز در صف (ریسک نقدشوندگی و اجرای حد ضرر) | 54٪ بالای MA200
درازی,پخش رازی,مواد و محصولات دارویی,59.7,زیر نظر,100,70,78.8,4,64360,20260930,15.9,78.7,476.4,429.9,30.4,87.5,261,99.9,19,0,true,96.7,2.14,above,0,1.78,16938,,5.92,19.17,1.37,-14.94,13.08,2400,26.82,8.86,202.7,62981,61602,68497,71255,1.5,اشباع خرید | فاصله زیاد از MA20 | سهم صفی: 19 روز از ۲۰ روز در صف (ریسک نقدشوندگی و اجرای حد ضرر) | رشد عمودی (476٪ در ۶۰ روز، 87٪ بالای MA50) | 261٪ بالای MA200 | آخرین معامله 20260930 (متوقف یا کم‌معامله)
فخوز,فولاد  خوزستان,فلزات اساسی,59.6,زیر نظر,100,65,36.5,30,3110,20261004,2.8,28.7,49.8,3.2,5.7,30.5,86.1,67.1,11,1,false,45.8,3.26,above,-5.8,1.04,2870,,-329.15,130.21,8.1,-469.65,441.88,222,14.01,13.48,3.9,3009,2857,3414,3617,1.2,سهم صفی: 11 روز از ۲۰ روز در صف (ریسک نقدشوندگی و اجرای حد ضرر) | رشد عمودی (50٪ در ۶۰ روز، 30٪ بالای MA50) | توزیع: ورود حقیقی با سرانه خرید ضعیف (0.77 در ۲۰ روز) | 86٪ بالای MA200 | حد ضرر دور (8.1٪) | صف فروش در ۵ روز اخیر
خمحرکه,نیرو محرکه‌,خودرو و ساخت قطعات,59.6,زیر نظر,95,55,60.5,20,6170,20261004,8.1,5.1,20.2,-26.3,0.7,12.6,41.4,56.8,2,0,false,28.4,3.63,above,-8.5,0.87,5700,6260,0.52,-0.54,2.86,5.46,13.2,130,47.46,,,5946,5610,6260,6380,0.16,واگرایی منفی RSI | P/E بالا (47) | واگرایی منفی | حد ضرر دور (9.1٪)
فجهان,جهان فولاد سیرجان,فلزات اساسی,59.6,زیر نظر,100,60,61.5,9,3410,20261004,7.6,27.7,91.8,45.3,7.9,40,87.1,74.4,7,0,false,61.7,3.05,above,-2.3,0.73,2960,,12.47,-34.29,2.83,50.31,34.25,171,19.94,8.05,147.7,3306,3202,3722,3930,1.5,خروج مستمر پول حقیقی | سهم صفی: 7 روز از ۲۰ روز در صف (ریسک نقدشوندگی و اجرای حد ضرر) | رشد عمودی (92٪ در ۶۰ روز، 40٪ بالای MA50) | 87٪ بالای MA200
تلیسه,دامداری تلیسه نمونه,زراعت و خدمات وابسته,59.6,زیر نظر,95,80,23.5,37,10530,20261004,7.8,11.2,34,-12.5,6.1,15.7,86.9,63.1,6,0,true,36,3.45,above,-4.2,1.2,10360,10810,-14.03,-9.51,3.95,-9,22.01,1266,8.32,8.07,3.1,10360,10179,10810,11536,0.8,واگرایی منفی RSI | سهم صفی: 6 روز از ۲۰ روز در صف (ریسک نقدشوندگی و اجرای حد ضرر) | 87٪ بالای MA200 | واگرایی منفی
کترام,تولیدی‌ کاشی‌ تکسرام‌,کاشی و سرامیک,59.6,زیر نظر,95,55,76.3,4,3560,20261004,7.2,1.4,33.7,-12.8,0.6,9,47.6,58.1,1,0,false,26.1,3.86,above,-8.5,0.97,3365,3650,1.69,1.88,1.57,7.07,5.29,18,197.78,7.65,2485.3,3422,3296,3650,3890,0.34,واگرایی منفی RSI | P/E بالا (198) | واگرایی منفی | حد ضرر دور (7.4٪) | نقدشوندگی کمتر از ۱۰ میلیارد تومان
غسالم,سالمین‌,محصولات غذایی و آشامیدنی به جز قند و شکر,59.5,زیر نظر,73,55,36.5,70,8650,20261004,4.6,4.7,22.5,-24,-2.1,2.5,44.6,50.1,4,0,false,15.9,3.47,above,-12.6,0.97,8010,9270,-13.03,-14.28,1.82,0.85,11.65,1348,6.42,8.53,-24.8,8350,7899,9270,9900,0.83,خروج مستمر پول حقیقی | 220٪ بالای کف ۵۲ هفته | حد ضرر دور (8.7٪)
تفارس,تامین سرمایه خلیج فارس,فعالیتهای کمکی به نهادهای مالی واسط,59.5,زیر نظر,85,65,2.1,82,1815,20261004,-2.4,-7.9,91.5,44.9,-2.6,17.5,85,55.6,0,0,false,34.5,3.81,above,-11,0.52,1715,1834,-1.52,-2.95,0.82,-4.27,7.5,329,5.52,9.46,-41.7,1746,1680,1834,1904,0.14,85٪ بالای MA200 | حد ضرر دور (7.4٪) | نقدشوندگی کمتر از ۱۰ میلیارد تومان
فاذر,صنایع‌ آذرآب‌,ساخت محصولات فلزی,59.5,زیر نظر,100,85,46,4,1795,20261004,15.4,23.1,113.2,66.6,10.3,23.3,72.3,70.1,8,0,true,31,3.15,above,-0.1,1.26,1638,,-2.4,-18.55,3.41,12.86,35.33,60,29.92,7.54,296.8,1738,1654,1965,2078,1.2,سهم صفی: 8 روز از ۲۰ روز در صف (ریسک نقدشوندگی و اجرای حد ضرر) | رشد عمودی (113٪ در ۶۰ روز، 23٪ بالای MA50) | 72٪ بالای MA200 | حد ضرر دور (7.9٪)
سشرق,سیمان‌ شرق‌,سیمان، آهک و گچ,59.5,زیر نظر,100,88,23.5,24,26640,20261004,9.2,5.9,38.4,-8.1,5.1,18.9,72.6,66,3,0,true,31.5,3.65,above,-3,0.76,22950,27450,-10,-20.18,5.47,-4.82,41.97,3056,8.72,7.14,22.1,25667,24695,27450,29395,0.42,73٪ بالای MA200 | حد ضرر دور (7.3٪)
غشهداب,کشت و صنعت شهداب ناب خراسان,محصولات غذایی و آشامیدنی به جز قند و شکر,59.4,زیر نظر,90,65,17.5,60,2446,20261004,-1,9.7,80.4,33.8,-0.2,10.1,68,55.1,2,0,false,38.8,3.75,above,-8.1,0.88,2415,2662,-1.52,0.94,0.78,-21.44,21.84,401,6.1,7.05,-13.5,2415,2369,2662,2846,2.81,68٪ بالای MA200 | سرانه خرید ضعیف (0.78)
زمگسا,کشاورزی‌ ودامپروی‌ مگسال‌,زراعت و خدمات وابسته,59.1,زیر نظر,100,85,32.5,16,111000,20261004,14.4,27.7,48.6,2.1,13.8,23.5,81.3,72.3,6,0,true,28.3,3.06,above,-1,1.63,105920,,-37.84,-19.4,9.14,-29.07,13.01,12169,9.12,6.33,44.1,107608,104224,121177,127962,1.5,واگرایی منفی RSI | خروج مستمر پول حقیقی | سهم صفی: 6 روز از ۲۰ روز در صف (ریسک نقدشوندگی و اجرای حد ضرر) | 81٪ بالای MA200 | واگرایی منفی
سبجنو,سیمان‌ بجنورد,سیمان، آهک و گچ,59.1,زیر نظر,100,65,17.2,47,57360,20261004,13.4,10.4,27.1,-19.4,9.3,15.8,60.8,71.9,2,0,true,23.4,3.14,above,-1.5,1.65,56370,,-19.75,-29.71,0.95,-19.08,8.34,8801,6.52,7.14,-8.7,56370,55470,62763,66365,2.86,واگرایی منفی RSI | خروج مستمر پول حقیقی | 61٪ بالای MA200 | واگرایی منفی | نقدشوندگی کمتر از ۱۰ میلیارد تومان | شناوری کم (11٪)
وآرین,گروه توسعه اقتصادی آرین,سرمایه گذاریها,59,زیر نظر,100,75,36,20,2957,20261004,6.5,15.2,86.4,39.9,2.7,24.8,65.5,67.3,1,0,false,47,3.63,above,-8.2,0.78,2713,3220,-1.39,-12.25,2,4.86,3.35,62,47.69,,,2850,2689,3220,3435,0.98,خروج مستمر پول حقیقی | P/E بالا (48) | 65٪ بالای MA200 | حد ضرر دور (9.1٪) | نقدشوندگی کمتر از ۱۰ میلیارد تومان
وسپه,سرمایه‌گذاری‌ سپه‌,سرمایه گذاریها,59,زیر نظر,100,65,3.9,60,7480,20261004,2,16.9,49.6,3.1,2.9,21.4,56.9,62.5,2,0,false,52.3,3.32,above,-5.9,0.89,6860,7750,-10.24,-81.3,0.88,-58.06,41.58,1251,5.98,7.13,-16.1,7231,6859,7750,8247,0.43,واگرایی منفی RSI | خروج مستمر پول حقیقی | 57٪ بالای MA200 | واگرایی منفی | حد ضرر دور (8.3٪)
غگلپا,شیر پاستوریزه پگاه گلپایگان,محصولات غذایی و آشامیدنی به جز قند و شکر,58.9,زیر نظر,100,70,43.6,16,27600,20261004,15,30.3,88.8,42.2,15.4,32.1,107.7,82.3,2,0,true,61.3,2.97,above,-0.3,1.39,24560,,3.59,-14.28,1.04,-0.65,9.45,2729,10.11,7.05,43.5,26780,25959,30061,31702,1.5,اشباع خرید | فاصله زیاد از MA20 | خروج مستمر پول حقیقی | رشد عمودی (89٪ در ۶۰ روز، 32٪ بالای MA50) | 108٪ بالای MA200 | نقدشوندگی کمتر از ۱۰ میلیارد تومان
حتاید,تایدواترخاورمیانه,حمل ونقل، انبارداری و ارتباطات,58.9,زیر نظر,70,20,53.5,82,8060,20261004,-6.6,0,3.4,-43.2,-5,2.9,29.6,45,3,0,false,24.3,3.52,above,-11.7,1.12,7482,8215,30.45,71.07,0.52,-63.7,36.98,1376,5.86,19.33,-69.7,7776,7351,8215,8800,0.22,توزیع: ورود حقیقی با سرانه خرید ضعیف (0.76 در ۲۰ روز) | سرانه خرید ضعیف (0.52) | حد ضرر دور (8.8٪)
شوینده,مدیریت صنعت شوینده ت.ص.بهشهر,محصولات شیمیایی,58.9,زیر نظر,100,100,31.5,4,46740,20261004,12.8,20.1,65.2,18.7,7.1,14.6,69.9,66.3,7,0,true,30,3.24,above,-3.6,1.38,44300,48510,-27.45,-35.69,1.78,-8.6,14.36,1772,26.38,9.63,173.9,45226,43543,48510,51538,0.55,خروج مستمر پول حقیقی | سهم صفی: 7 روز از ۲۰ روز در صف (ریسک نقدشوندگی و اجرای حد ضرر) | 70٪ بالای MA200
فن افزار,توسعه فن افزار توسن,رایانه و فعالیت‌های وابسته به آن,58.8,زیر نظر,90,55,13.1,70,10230,20261004,-7.9,-2.4,113.6,67,-4.9,12.9,134.4,51.5,1,0,false,53.8,3.65,above,-12.9,1.01,9850,11440,-20.8,-49.79,1.24,-6.98,23.81,1478,6.92,8.89,-22.1,9857,9663,11440,11750,2.14,خروج مستمر پول حقیقی | رشد عمودی (114٪ در ۶۰ روز، 13٪ بالای MA50) | 134٪ بالای MA200
ومپنا,مدیریت نیروگاهی ایرانیان مپنا,عرضه برق، گاز، بخاروآب گرم,58.8,زیر نظر,95,75,37,24,44530,20261004,4.7,8.2,73,26.4,3,20,95.9,64.1,0,0,false,30.3,3.08,above,-5.9,0.55,42820,47320,-11.7,-56.67,1.93,11.67,30.82,3838,11.6,10.04,15.6,43157,42133,47320,50066,1.16,واگرایی منفی RSI | خروج مستمر پول حقیقی | 96٪ بالای MA200 | واگرایی منفی
زنجان,صنایع کشاورزی وکود زنجان,محصولات شیمیایی,58.6,زیر نظر,100,70,88.5,10,2736,20261004,13,41.7,87.3,40.8,19.9,42.4,84.8,98.1,20,0,true,75.6,2.27,above,0,1.04,1811,,0.38,3.68,10.95,2.58,0.7,,,,,2674,2612,2923,3047,1.5,نقدشوندگی پایین | اشباع خرید | فاصله زیاد از MA20 | بدون EPS مثبت | سهم صفی: 20 روز از ۲۰ روز در صف (ریسک نقدشوندگی و اجرای حد ضرر) | رشد عمودی (87٪ در ۶۰ روز، 42٪ بالای MA50) | 85٪ بالای MA200 | نقدشوندگی کمتر از ۱۰ میلیارد تومان
کسرام,پارس‌ سرام‌,سایر محصولات کانی غیرفلزی,58.6,زیر نظر,100,73,51.8,4,16150,20261004,9.9,20.3,44.7,-1.8,12.1,25.5,68.9,72.8,2,0,true,41,3.19,above,-3.3,0.86,14980,,7.93,-14.9,1.11,5.84,9.78,697,23.17,12.75,81.7,15634,14861,17697,18729,1.2,خروج مستمر پول حقیقی | 69٪ بالای MA200 | حد ضرر دور (8.0٪) | نقدشوندگی کمتر از ۱۰ میلیارد تومان
دجابر,داروسازی‌ جابرابن‌حیان‌,مواد و محصولات دارویی,58.5,زیر نظر,100,70,49,9,58730,20261004,15.9,27.8,271,224.5,21.2,45.9,225,84.5,9,0,true,66.7,2.77,above,0,0.43,49510,,2.26,-55.78,3.74,-17.54,31.81,3483,16.86,12.91,30.6,57104,55477,63609,66862,1.5,اشباع خرید | فاصله زیاد از MA20 | خروج مستمر پول حقیقی | سهم صفی: 9 روز از ۲۰ روز در صف (ریسک نقدشوندگی و اجرای حد ضرر) | رشد عمودی (271٪ در ۶۰ روز، 46٪ بالای MA50) | 225٪ بالای MA200 | واگرایی مثبت RSI
ستران,سیمان‌ تهران‌,سیمان، آهک و گچ,58.4,زیر نظر,95,80,8.6,47,14910,20261004,8.5,1.3,20.1,-26.5,2.7,14.2,56.8,61.9,4,0,true,29.1,3.65,above,-7.2,1,13141,16070,-79.37,-67.42,1.08,-29.7,38.87,1902,7.84,7.14,9.8,14365,13820,16070,17160,1.06,خروج مستمر پول حقیقی | 57٪ بالای MA200 | حد ضرر دور (7.3٪)
غشان,شیرپاستوریزه‌پگاه‌خراسان‌,محصولات غذایی و آشامیدنی به جز قند و شکر,58.3,زیر نظر,100,70,48.3,9,21510,20261004,13.4,52.3,153.7,107.1,21,43.8,202,86.7,4,0,true,68.9,2.71,above,-0.3,0.87,18200,,7.54,17.22,0.97,-13.99,18.02,1497,14.37,8.53,68.4,20928,20345,23257,24422,1.5,واگرایی منفی RSI | اشباع خرید | فاصله زیاد از MA20 | رشد عمودی (154٪ در ۶۰ روز، 44٪ بالای MA50) | توزیع: ورود حقیقی با سرانه خرید ضعیف (0.88 در ۲۰ روز) | 202٪ بالای MA200 | واگرایی منفی
بهامرز,بیمه زندگی هامرز,بیمه وصندوق بازنشستگی به جزتامین اجتماعی,58.3,زیر نظر,100,70,37.3,20,8730,20261004,14.3,64.1,145,98.4,25.1,65.9,164.4,97.1,17,0,true,79.3,2.58,above,0,1.08,6600,,-4.41,13.97,1.19,-6.06,3.37,253,34.51,,,8504,8279,9407,9858,1.5,اشباع خرید | فاصله زیاد از MA20 | سهم صفی: 17 روز از ۲۰ روز در صف (ریسک نقدشوندگی و اجرای حد ضرر) | رشد عمودی (145٪ در ۶۰ روز، 66٪ بالای MA50) | P/E بالا (35) | 164٪ بالای MA200 | نقدشوندگی کمتر از ۱۰ میلیارد تومان
کانسار,معدنکاران نسوز,استخراج سایر معادن,58.3,زیر نظر,85,30,60.2,47,14000,20261004,-4.2,5.3,3.2,-43.4,-3.1,4.1,9.1,48.4,2,0,false,23.8,3.75,above,-19.3,0.74,13589,14349,-14.63,25.99,1.57,14.09,16.65,1483,9.44,9.57,-1.4,13589,13326,14349,14631,0.52,
کازرو,پتروشیمی کازرون,محصولات شیمیایی,58.3,زیر نظر,100,70,87,10,15080,20261004,12.2,44.2,98.4,51.8,21.6,47,83.4,98.2,20,0,true,82.9,2.34,above,-1.2,0.19,14781,15745,0,20.56,5.4,1.5,1.64,,,,,14781,14604,15745,16212,1.4,نقدشوندگی پایین | اشباع خرید | فاصله زیاد از MA20 | بدون EPS مثبت | سهم صفی: 20 روز از ۲۰ روز در صف (ریسک نقدشوندگی و اجرای حد ضرر) | رشد عمودی (98٪ در ۶۰ روز، 47٪ بالای MA50) | 83٪ بالای MA200 | نقدشوندگی کمتر از ۱۰ میلیارد تومان
سلیم,سرمایه گذاری سلیم,سرمایه گذاریها,58.2,زیر نظر,95,80,30.9,24,1420,20261004,7.3,5.9,33.8,-12.8,3.3,8.2,28.2,60.3,0,0,true,26.2,3.44,above,-4.8,1.04,1309,1491,-13.72,-25.41,1.42,11.36,11.12,146,9.73,8.73,11.4,1371,1298,1491,1589,0.58,واگرایی منفی RSI | خروج مستمر پول حقیقی | واگرایی منفی | حد ضرر دور (8.6٪)
ساروم,سیمان‌ارومیه‌,سیمان، آهک و گچ,58.1,زیر نظر,100,80,1.5,47,231500,20261004,3.5,13.8,29.1,-17.4,3,10.4,65.5,59.1,2,0,true,32.6,3.35,above,-4.9,0.97,225900,237300,-64.85,-95.74,0.63,-69.8,35.75,34336,6.74,7.14,-5.6,225900,222026,237300,252796,0.61,خروج مستمر پول حقیقی | 65٪ بالای MA200 | سرانه خرید ضعیف (0.63)
شملی,ملی شیمی کشاورز,محصولات شیمیایی,58.1,زیر نظر,100,70,32.5,24,12040,20261004,14.1,35.3,139.4,92.8,17,48.3,140.2,85.3,8,0,true,68.4,2.92,above,-1.2,1.35,10530,,-16.07,-35.95,1.87,-18.07,27.37,1215,9.91,8.01,23.7,11688,11336,13096,13799,1.5,اشباع خرید | فاصله زیاد از MA20 | خروج مستمر پول حقیقی | سهم صفی: 8 روز از ۲۰ روز در صف (ریسک نقدشوندگی و اجرای حد ضرر) | رشد عمودی (139٪ در ۶۰ روز، 48٪ بالای MA50) | 140٪ بالای MA200
سدور,سیمان‌ دورود,سیمان، آهک و گچ,58,زیر نظر,100,75,42,10,34630,20261004,4.3,15.9,95.8,49.2,2,27.9,89.4,64.8,5,0,false,51.7,3.48,above,-7,1.16,32130,37220,2.54,9.96,0.77,-25.06,16.91,,,7.14,,33424,31615,37220,39632,0.86,بدون EPS مثبت | توزیع: ورود حقیقی با سرانه خرید ضعیف (0.65 در ۲۰ روز) | 89٪ بالای MA200 | سرانه خرید ضعیف (0.77) | حد ضرر دور (8.7٪)
سآبیک,سیمان آبیک,سیمان، آهک و گچ,57.8,زیر نظر,95,80,6.2,47,76130,20261004,7,0,24.4,-22.2,0.9,5.3,44.1,56,1,0,true,20.8,3.58,above,-8.1,0.88,71480,77390,-14.2,-24.41,1.01,-2.61,13.64,10205,7.46,7.14,4.5,73406,70118,77390,78590,0.21,خروج مستمر پول حقیقی | حد ضرر دور (7.9٪)
غمایه,شرکت خمیرمایه رضوی,محصولات غذایی و آشامیدنی به جز قند و شکر,57.6,زیر نظر,95,75,32.5,24,25120,20261004,3.9,11.7,51.2,4.6,3.1,14.3,87.8,60.7,3,0,false,27.1,3.4,above,-5.5,1.34,22900,26570,-1.85,-23.92,3.27,-3.24,7.89,2821,8.9,7.05,26.3,24266,22985,26570,28278,0.68,خروج مستمر پول حقیقی | 88٪ بالای MA200 | حد ضرر دور (8.5٪) | نقدشوندگی کمتر از ۱۰ میلیارد تومان
خاور,ایران خودرو دیزل,خودرو و ساخت قطعات,57.4,زیر نظر,95,45,70.8,9,1609,20261004,7.1,-0.9,19.1,-27.4,2.2,8.8,31.3,57.4,0,0,false,23.8,3.76,above,-7.2,1.36,1567,1722,58.41,164.42,1.11,-7.37,77.79,91,17.68,5.87,201.2,1567,1537,1722,1776,1.56,توزیع: ورود حقیقی با سرانه خرید ضعیف (0.82 در ۲۰ روز)
فافق,صنایع مس افق کرمان,فلزات اساسی,57.4,زیر نظر,100,75,7.8,42,15360,20261004,7,14.1,61.2,14.6,2.2,15.7,85.9,63.2,5,0,false,40,3.61,above,-7.1,0.98,13885,16540,-1.55,-9.3,1.07,-0.96,9,2178,7.05,,,14805,13972,16540,17650,0.85,واگرایی منفی RSI | خروج مستمر پول حقیقی | 86٪ بالای MA200 | واگرایی منفی | حد ضرر دور (9.0٪) | نقدشوندگی کمتر از ۱۰ میلیارد تومان
وحافظ,بیمه حافظ,بیمه وصندوق بازنشستگی به جزتامین اجتماعی,57.4,زیر نظر,49,80,54.9,52,2382,20261004,1.7,8,-18.1,-64.6,1.6,4,-7.2,54.7,0,0,true,13.2,3.88,inside,-32.1,1.05,2335,2409,4.85,9.46,0.86,-4.06,7.47,199,11.97,,,2335,2288,2409,2462,0.29,بدون روند (ADX پایین) | توزیع: ورود حقیقی با سرانه خرید ضعیف (0.88 در ۲۰ روز) | نقدشوندگی کمتر از ۱۰ میلیارد تومان
داوه,داروسازی آوه سینا,مواد و محصولات دارویی,57.4,زیر نظر,100,70,49.5,4,15970,20261004,15.1,35.1,243.1,196.6,17.6,54.1,194.5,85.8,14,0,true,72.5,2.6,above,0,0.96,13840,,-28.15,44.59,3.32,-50.32,31.83,760,21.01,8.86,137.2,15555,15139,17216,18047,1.5,اشباع خرید | فاصله زیاد از MA20 | سهم صفی: 14 روز از ۲۰ روز در صف (ریسک نقدشوندگی و اجرای حد ضرر) | رشد عمودی (243٪ در ۶۰ روز، 54٪ بالای MA50) | 195٪ بالای MA200
کرومیت,توسعه معادن کرومیت کاوندگان,استخراج کانه های فلزی,57.3,زیر نظر,90,53,74.9,4,5360,20261004,0.2,15.8,45.3,-1.3,-1.1,17.8,31.5,57.4,6,0,false,42.9,3.44,above,-9.9,0.57,5200,5950,2.26,29.39,1.12,5.64,25.21,198,27.07,14.44,87.5,5200,5108,5950,6319,2.34,سهم صفی: 6 روز از ۲۰ روز در صف (ریسک نقدشوندگی و اجرای حد ضرر)
زکوثر,سرمایه گذاری کشاورزی کوثر,زراعت و خدمات وابسته,57.3,زیر نظر,100,85,32,9,94750,20261004,8.3,10.7,122,75.5,9.7,23.7,109.9,71,4,0,true,40.1,3.29,above,-0.9,1.46,90600,,-27.96,-90.52,6.93,-20.04,27.08,6364,14.89,6.33,135.2,91629,89040,104112,110354,1.64,واگرایی منفی RSI | خروج مستمر پول حقیقی | رشد عمودی (122٪ در ۶۰ روز، 24٪ بالای MA50) | 110٪ بالای MA200 | واگرایی منفی
تاپکیش,تجارت الکترونیک پارسیان کیش,رایانه و فعالیت‌های وابسته به آن,57.2,زیر نظر,43,80,99,14,2618,20261004,5.8,1.8,24.5,-22.1,2,-4.8,48.2,52.1,0,0,true,16.2,3.53,below,-21,1.23,2482,2676,25.41,20.86,5.57,25.41,10.54,96,27.27,8.89,206.8,2526,2436,2676,2856,0.32,توزیع: ورود حقیقی با سرانه خرید ضعیف (0.84 در ۲۰ روز) | 213٪ بالای کف ۵۲ هفته
اعتلا,شرکت سرمایه گذاری اعتلاء البرز,سرمایه گذاریها,57.1,زیر نظر,85,55,22.5,60,2357,20261004,4,2.8,34.7,-11.8,0,5.7,40.6,54.5,0,0,false,24.6,3.45,above,-7.9,0.92,2240,2396,-1.27,3.26,1.04,-1.38,3.93,377,6.25,8.73,-28.4,2276,2199,2396,2498,0.25,نقدشوندگی کمتر از ۱۰ میلیارد تومان
دامین,داروسازی‌ امین‌,مواد و محصولات دارویی,57,زیر نظر,100,85,36.1,4,18020,20261004,10.9,18.4,48.7,2.1,15,18.6,63.3,75.3,3,0,true,33.7,3.21,above,-0.6,1.36,17190,,-33.54,-44.79,1.12,11.24,38.63,378,47.67,12.91,269.3,17441,16900,19757,20915,1.55,خروج مستمر پول حقیقی | P/E بالا (48) | 63٪ بالای MA200
دروز,داروسازی‌ روزدارو,مواد و محصولات دارویی,57,زیر نظر,100,70,48,4,32250,20261004,15.4,49.4,276.4,229.9,18.1,54.5,142,86.9,10,0,true,58.3,2.78,above,0,0.73,29757,,2.2,-4.72,2.71,-0.67,4.85,164,196.65,12.91,1423.2,31355,30012,34935,36726,1.2,اشباع خرید | فاصله زیاد از MA20 | سهم صفی: 10 روز از ۲۰ روز در صف (ریسک نقدشوندگی و اجرای حد ضرر) | رشد عمودی (276٪ در ۶۰ روز، 55٪ بالای MA50) | P/E بالا (197) | 142٪ بالای MA200 | نقدشوندگی کمتر از ۱۰ میلیارد تومان
تملت,تامین سرمایه بانک ملت,فعالیتهای کمکی به نهادهای مالی واسط,57,زیر نظر,100,55,36,68,2214,20261004,3.2,7.1,30,-16.5,2.2,13,50.6,66.1,0,0,false,41.6,2.86,above,-3.8,0.93,2183,,-2.08,-11.21,2.03,3.31,1.79,517,4.28,5.92,-27.7,2183,2151,2404,2530,3.02,نقدشوندگی پایین | خروج مستمر پول حقیقی | 51٪ بالای MA200 | نقدشوندگی کمتر از ۱۰ میلیارد تومان | شناوری کم (4٪)
لخزر,پارس‌ خزر,ماشین آلات و تجهیزات,57,زیر نظر,90,63,1.5,68,4710,20261004,0.6,2.8,37.6,-8.9,-0.9,13.7,51.6,55.5,2,0,false,35.3,3.37,above,-9.4,0.88,4580,5200,-6.76,-0.27,0.75,-17.43,13.05,1120,4.21,5.15,-18.3,4580,4501,5200,5518,2.34,واگرایی منفی RSI | 52٪ بالای MA200 | سرانه خرید ضعیف (0.75) | واگرایی منفی | شناوری کم (10٪)
خچرخش,چرخشگر,خودرو و ساخت قطعات,56.9,زیر نظر,100,48,77,32,24090,20261004,7.7,16.7,42.7,-3.8,5.5,17.9,45.8,72.9,1,0,false,47.5,3.27,above,-1.6,0.88,21950,,0.19,0.52,1.66,2.02,1.44,2337,10.31,,,23302,22120,26454,28029,1.2,نقدشوندگی پایین | حد ضرر دور (8.2٪) | نقدشوندگی کمتر از ۱۰ میلیارد تومان
خراسان,پتروشیمی خراسان,محصولات شیمیایی,56.8,زیر نظر,85,45,19.4,70,53460,20261004,3.3,-0.4,15.9,-30.6,-3.3,6.1,58.4,50.9,2,0,false,20.7,3.59,above,-12.8,1.07,50886,54047,-7.13,1.21,0.83,-25.43,26.78,7006,7.63,9.63,-20.8,51543,49927,54047,55471,0.17,توزیع: ورود حقیقی با سرانه خرید ضعیف (0.58 در ۲۰ روز) | 58٪ بالای MA200 | شناوری کم (6٪)
پتایر,ایران‌ تایر,لاستیک و پلاستیک,56.6,زیر نظر,85,65,2.5,70,2702,20261004,0.3,-0.8,60.3,13.8,-3.5,8.7,45.8,50.4,2,0,false,30.3,4.08,above,-10.4,1.13,2630,2954,-3.34,-19.69,0.72,-33.92,24.06,392,6.89,8.21,-16,2630,2575,2954,3015,1.98,واگرایی منفی RSI | سرانه خرید ضعیف (0.72) | واگرایی منفی
غاذر,کشت‌وصنعت‌پیاذر,محصولات غذایی و آشامیدنی به جز قند و شکر,56.6,زیر نظر,100,85,22.5,16,35450,20261004,14.2,19.3,94.1,47.6,13.8,35,160.6,78.1,7,0,true,47.3,3.01,above,-1.3,0.95,33699,,-50.74,-6.72,1.78,-58.71,41.2,3154,11.24,8.53,31.8,34384,33166,38647,40778,1.4,اشباع خرید | سهم صفی: 7 روز از ۲۰ روز در صف (ریسک نقدشوندگی و اجرای حد ضرر) | رشد عمودی (94٪ در ۶۰ روز، 35٪ بالای MA50) | 161٪ بالای MA200
کقزوی,شیشه‌ قزوین‌,سایر محصولات کانی غیرفلزی,56.6,زیر نظر,85,50,74.4,10,797,20261004,0.5,-1.5,60.7,14.1,-3.8,6.9,32.4,49.8,0,0,false,32.2,3.59,above,-13.4,0.88,771,838,4.34,0.18,1.5,5.59,5.93,,,,,771,757,838,856,1.03,واگرایی منفی RSI | بدون EPS مثبت | واگرایی منفی | نقدشوندگی کمتر از ۱۰ میلیارد تومان
سخزر,سیمان‌ خزر,سیمان، آهک و گچ,56.5,زیر نظر,100,88,11.4,24,6870,20261004,7.2,2.8,40.5,-6,3.7,15.8,53.8,62.2,5,0,true,31.4,3.32,above,-5.6,1.02,6100,7280,-30.19,-72.02,1.18,-21.79,20.98,822,8.36,7.14,17.1,6642,6413,7280,7737,0.9,خروج مستمر پول حقیقی | 54٪ بالای MA200
گنگین,گروه اقتصادی مالی نگین,شرکتهای چند رشته ای صنعتی,56.4,زیر نظر,100,50,73.5,32,17980,20261004,2.6,17.7,58.4,11.9,4.8,20,72.5,76.2,1,0,false,49.2,2.76,above,-2.7,1.6,17760,,2.02,-3.04,2.56,2.85,2.05,1700,10.58,,,17760,17512,19468,20459,3.18,نقدشوندگی پایین | خروج مستمر پول حقیقی | 73٪ بالای MA200 | نقدشوندگی کمتر از ۱۰ میلیارد تومان
ثنور,سرمایه گذاری کوه نور,انبوه سازی، املاک و مستغلات,56.4,زیر نظر,90,75,77.5,20,6870,20261004,-0.1,4.9,61.9,15.4,-2,12.2,75.8,54,1,0,false,48.7,3.4,above,-8.9,0.62,6640,7270,1.16,1.73,2.74,4.01,2.98,26,264.23,,,6640,6523,7270,7540,1.15,نقدشوندگی پایین | P/E بالا (264) | 76٪ بالای MA200 | نقدشوندگی کمتر از ۱۰ میلیارد تومان
وتوشه,سرمایه‌ گذاری‌ پارس‌ توشه‌,ماشین آلات و تجهیزات,56.3,زیر نظر,100,45,1,68,8560,20261004,-1.4,5.8,31.2,-15.3,1.1,8.4,42.9,54.3,0,0,false,47.3,3.48,above,-5.5,1.06,8390,8775,-9.4,-6.55,0.67,-20.38,10.9,2049,4.18,5.15,-18.9,8390,8241,8775,9370,0.67,واگرایی منفی RSI | سرانه خرید ضعیف (0.67) | واگرایی منفی
تپکو,تولیدتجهیزات‌سنگین‌هپکو,ماشین آلات و تجهیزات,56.2,زیر نظر,85,55,69,10,550,20261004,4.2,4.4,33.2,-13.4,-3.6,15.9,32.9,55.3,7,0,false,38.2,3.28,above,-14.3,0.91,522,556,3.68,15.57,1.24,10.36,37.06,,,,,532,513,556,642,0.16,بدون EPS مثبت | سهم صفی: 7 روز از ۲۰ روز در صف (ریسک نقدشوندگی و اجرای حد ضرر)
زگلدشت,کشت و دام گلدشت نمونه اصفهان,زراعت و خدمات وابسته,56.1,زیر نظر,95,80,22.5,24,11320,20261004,6.1,10.5,33.3,-13.3,6,10.5,76.7,62.6,3,0,true,26.8,3.53,above,-2.7,1.11,10910,,-4.16,-4.5,1.69,-13.76,18.86,1225,9.24,8.07,14.5,10920,10710,12520,13321,1.97,77٪ بالای MA200
ثنظام,س. ساختمانی نظام مهندسی ایران,انبوه سازی، املاک و مستغلات,56.1,زیر نظر,85,70,96.5,10,77480,20261004,13.5,-3.1,12.5,-34,5.2,1.1,30.9,59.8,5,0,true,26.3,3.39,above,-7.2,1.48,70380,79790,1.44,1.9,2.77,2.71,0.73,,,,,74852,70909,79790,82863,0.35,نقدشوندگی پایین | بدون EPS مثبت | حد ضرر دور (8.5٪) | نقدشوندگی کمتر از ۱۰ میلیارد تومان
شنفت,نفت‌ پارس‌,فراورده های نفتی، کک و سوخت هسته ای,56.1,زیر نظر,100,75,10.3,34,17990,20261004,4.3,19.1,57.9,11.3,4.8,22.9,77.2,64.4,2,0,false,43.7,2.96,above,-4.1,0.89,16050,,-6.52,-8.41,1.11,-12.31,34.13,2291,7.85,6.26,25.4,17457,16925,19588,20653,1.5,واگرایی منفی RSI | 77٪ بالای MA200 | واگرایی منفی | شناوری کم (12٪)
گدنا,تهیه توزیع غذای دنا آفرین فدک,هتل و رستوران,56,زیر نظر,85,40,46,44,6780,20261004,3.2,0.3,28.9,-17.7,-3.7,5.8,26.8,49.9,2,0,false,26.7,3.46,above,-14.2,1.27,6500,7040,-18.01,-20.84,3.31,41.97,17.6,1145,5.92,4.69,26.3,6545,6383,7040,7190,0.65,واگرایی منفی RSI | خروج مستمر پول حقیقی | واگرایی منفی
بکابل,سیم و کابل ابهر,ماشین آلات و دستگاه‌های برقی,56,زیر نظر,65,30,52,70,5530,20261004,-1.8,-2,11,-35.6,-4.4,1.2,22.5,45.3,1,0,false,19.3,3.73,above,-14.5,0.88,5461,5850,2.58,45.89,0.77,-14.79,16.15,1041,5.31,5.95,-10.7,5461,5358,5850,6240,1.86,توزیع: ورود حقیقی با سرانه خرید ضعیف (0.70 در ۲۰ روز) | سرانه خرید ضعیف (0.77)
پلوله,گازلوله‌,لاستیک و پلاستیک,56,زیر نظر,100,70,88,20,11860,20261003,13.7,62.5,163.3,116.8,24.4,59.5,128.2,97.4,20,0,true,79,2.27,above,0,0.36,6800,,0.6,7.79,2.53,1.27,1.83,517,22.94,,,11590,11321,12669,13208,1.5,نقدشوندگی پایین | اشباع خرید | فاصله زیاد از MA20 | سهم صفی: 20 روز از ۲۰ روز در صف (ریسک نقدشوندگی و اجرای حد ضرر) | رشد عمودی (163٪ در ۶۰ روز، 59٪ بالای MA50) | 128٪ بالای MA200 | نقدشوندگی کمتر از ۱۰ میلیارد تومان | آخرین معامله 20261003 (متوقف یا کم‌معامله)
بتیس,بیمه زندگی ایساتیس,بیمه وصندوق بازنشستگی به جزتامین اجتماعی,55.9,زیر نظر,90,60,25.8,42,3410,20261004,-3.1,1.8,88.8,42.3,-4.6,6.4,,49,1,0,false,41.4,3.77,above,-11.4,0.83,3170,3445,-3.12,-10.53,1.15,0.93,4.15,385,8.86,,,3282,3106,3445,3510,0.12,خروج مستمر پول حقیقی | حد ضرر دور (8.9٪) | نقدشوندگی کمتر از ۱۰ میلیارد تومان
بهیر,س. توسعه تجارت هیرمند,سرمایه گذاریها,55.9,زیر نظر,100,50,83.7,20,4800,20261004,9.6,19.1,35.2,-11.3,12.1,23.9,36.9,85.7,8,0,true,61.9,2.17,above,0,0.87,4210,,1.81,3.24,1.37,0.97,1.32,223,21.52,,,4696,4592,5112,5320,1.5,نقدشوندگی پایین | واگرایی منفی RSI | اشباع خرید | سهم صفی: 8 روز از ۲۰ روز در صف (ریسک نقدشوندگی و اجرای حد ضرر) | واگرایی منفی | نقدشوندگی کمتر از ۱۰ میلیارد تومان
رتکو,کنترل ‌خوردگی ‌تکین ‌کوی,خدمات فنی و مهندسی,55.9,زیر نظر,100,60,75.5,20,24320,20261004,8.7,31.7,90.9,44.3,15.6,35.8,81.8,87,3,0,true,61.2,3.37,above,-0.8,0.88,19700,,0,0,2.27,4.32,1.76,641,37.94,,,23501,22683,26776,28413,1.5,نقدشوندگی پایین | واگرایی منفی RSI | اشباع خرید | فاصله زیاد از MA20 | رشد عمودی (91٪ در ۶۰ روز، 36٪ بالای MA50) | P/E بالا (38) | 82٪ بالای MA200 | واگرایی منفی | نقدشوندگی کمتر از ۱۰ میلیارد تومان
بوعلی,پتروشیمی بوعلی سینا,محصولات شیمیایی,55.7,زیر نظر,100,50,2.9,60,62820,20261004,2.5,31.7,131.9,85.4,7.5,37.2,86.5,70.3,4,0,false,66.4,3,above,-5.8,0.82,60000,,-204.03,-344.9,0.85,-217.11,141.46,8261,7.6,9.63,-21,60935,59057,68476,72246,1.5,خروج مستمر پول حقیقی | رشد عمودی (132٪ در ۶۰ روز، 37٪ بالای MA50) | 86٪ بالای MA200 | شناوری کم (8٪)
آریا,پلیمر آریا ساسول,محصولات شیمیایی,55.6,زیر نظر,100,60,30.5,24,50000,20261004,5,50.1,50.7,4.2,16.7,42.4,58.1,85.6,4,0,true,66,3.25,above,-2.7,1.02,42434,,-117.66,37.58,1.34,-70.45,109.11,4878,10.25,8.01,28,48374,46748,54878,58130,1.5,اشباع خرید | فاصله زیاد از MA20 | رشد عمودی (51٪ در ۶۰ روز، 42٪ بالای MA50) | 58٪ بالای MA200
غفارس,شیر پاستوریزه پگاه فارس,محصولات غذایی و آشامیدنی به جز قند و شکر,55.6,زیر نظر,100,70,37.5,9,33770,20261004,14.6,44.6,203.1,156.6,18.1,54.3,200.7,87.5,12,0,true,74.4,2.8,above,-0.9,0.82,29560,,-3.64,0.4,1.98,-7.91,14.75,1963,17.2,7.05,144,32826,31881,36603,38492,1.5,اشباع خرید | فاصله زیاد از MA20 | سهم صفی: 12 روز از ۲۰ روز در صف (ریسک نقدشوندگی و اجرای حد ضرر) | رشد عمودی (203٪ در ۶۰ روز، 54٪ بالای MA50) | 201٪ بالای MA200
ثنام,س ساختمانی ب نام آوران مهندسی,انبوه سازی، املاک و مستغلات,55.6,زیر نظر,100,75,72.5,10,2342,20261004,2.3,21,65.7,19.2,8.4,25.7,67.2,78.1,2,0,true,59.8,3.87,above,-2.6,1.55,2242,,2.67,-9.3,2.47,6.82,2.67,,,,,2251,2197,2614,2795,1.87,نقدشوندگی پایین | اشباع خرید | خروج مستمر پول حقیقی | بدون EPS مثبت | 67٪ بالای MA200 | نقدشوندگی کمتر از ۱۰ میلیارد تومان
شتران,پالایش نفت تهران,فراورده های نفتی، کک و سوخت هسته ای,55.6,زیر نظر,100,63,2,70,6530,20261003,3,14,40.1,-6.5,0.5,17.3,82.4,58.5,3,0,false,51.9,3.43,above,-10.1,0.86,6240,7260,-108.52,-960.31,0.76,-432.19,472.84,1249,5.23,6.26,-16.5,6306,6128,7260,7708,1.82,خروج مستمر پول حقیقی | 82٪ بالای MA200 | سرانه خرید ضعیف (0.76) | آخرین معامله 20261003 (متوقف یا کم‌معامله)
چدن,تولیدی چدن سازان,ساخت محصولات فلزی,55.6,زیر نظر,100,85,10.3,24,4720,20261004,9.3,34.1,115,68.5,10.4,35.4,137.4,75.2,6,0,true,64.5,2.9,above,-2.5,1.33,4530,,-160.35,-292.25,0.81,-113.94,44.63,544,8.68,7.54,15.1,4583,4461,5131,5405,1.59,خروج مستمر پول حقیقی | سهم صفی: 6 روز از ۲۰ روز در صف (ریسک نقدشوندگی و اجرای حد ضرر) | رشد عمودی (115٪ در ۶۰ روز، 35٪ بالای MA50) | 137٪ بالای MA200
خبهمن,گروه‌بهمن‌,خودرو و ساخت قطعات,55.4,زیر نظر,85,50,19.8,60,2567,20261004,1.3,-2.2,53.8,7.2,-3,4.3,47.5,49.6,1,0,false,27.9,3.67,above,-10.5,0.99,2538,2808,-2.73,18.71,0.93,-113.48,123.27,560,4.58,,,2538,2491,2808,2869,3.17,واگرایی منفی RSI | توزیع: ورود حقیقی با سرانه خرید ضعیف (0.68 در ۲۰ روز) | واگرایی منفی
وسین,بیمه سینا,بیمه وصندوق بازنشستگی به جزتامین اجتماعی,55.3,زیر نظر,100,60,63,10,3720,20260927,9.1,53.8,181.6,135.1,18,74.6,146.4,86.5,11,1,true,85.7,2.68,above,-2.6,0.7,2119,,15.66,-0.52,4.71,10.01,15.28,,,,,3620,3520,4020,4219,1.5,اشباع خرید | فاصله زیاد از MA20 | بدون EPS مثبت | سهم صفی: 11 روز از ۲۰ روز در صف (ریسک نقدشوندگی و اجرای حد ضرر) | رشد عمودی (182٪ در ۶۰ روز، 75٪ بالای MA50) | 146٪ بالای MA200 | صف فروش در ۵ روز اخیر | آخرین معامله 20260927 (متوقف یا کم‌معامله)
اتکای,بیمه اتکایی ایرانیان,بیمه وصندوق بازنشستگی به جزتامین اجتماعی,55.3,زیر نظر,100,35,1,72,3430,20261004,1.8,26.9,99.5,53,9,31.7,87.4,86.3,0,0,false,73.3,3.25,above,-2.3,0.58,2936,,-23.96,-35.24,0.52,-14.5,10.78,612,5.6,18.13,-69.1,3318,3207,3765,3988,1.5,اشباع خرید | خروج مستمر پول حقیقی | رشد عمودی (100٪ در ۶۰ روز، 32٪ بالای MA50) | 87٪ بالای MA200 | سرانه خرید ضعیف (0.52)
نیشکر,توسعه نیشکر و  صنایع جانبی,قند و شکر,55.3,زیر نظر,85,30,48,47,62730,20261004,2.6,-2.9,27,-19.6,-3.2,2.8,15.9,49.4,2,0,false,26.8,3.95,above,-11,1.32,61094,,-1.67,-12.62,12.45,17.18,11.06,6371,9.85,9.57,2.9,61094,59856,70162,75116,2.59,خروج مستمر پول حقیقی
ثرود,سرمایه‌گذاری مسکن زاینده رود,انبوه سازی، املاک و مستغلات,55,زیر نظر,90,30,16,72,5940,20261004,-7.6,10.6,32,-14.5,-4.9,9.8,54.5,48.6,5,0,false,49.2,3.89,above,-13,1.11,5690,6150,-0.06,5.91,0.62,-20.86,10.06,595,9.98,23.59,-57.7,5709,5574,6150,6830,0.57,توزیع: ورود حقیقی با سرانه خرید ضعیف (0.79 در ۲۰ روز) | 55٪ بالای MA200 | سرانه خرید ضعیف (0.62)
بموتو,موتوژن‌,ماشین آلات و دستگاه‌های برقی,54.9,خنثی,95,88,1.1,34,3710,20261004,14.2,3.1,46.4,-0.2,7.7,19.1,65.8,69.6,1,0,true,36.7,3.42,above,-4.6,1.16,3150,3890,-24.47,-9.14,0.8,-12.51,11.99,484,7.67,6.15,24.6,3583,3456,3890,4144,0.71,66٪ بالای MA200 | شناوری کم (14٪)
چاپ,ص.چاپ وبسته بندی آسان قزوین,محصولات کاغذی,54.9,خنثی,65,40,37.5,72,19430,20261004,-4.8,-1.4,60.7,14.2,-5.6,10.2,,49.2,2,0,false,36.1,3.41,above,-13,1.16,19090,19890,-51.62,-21.98,2.63,16.61,31.26,2147,9.05,16.48,-45.1,19090,18759,19890,21240,0.69,190٪ بالای کف ۵۲ هفته
سکرد,سیمان کردستان,سیمان، آهک و گچ,54.9,خنثی,90,45,18.5,57,15220,20261004,-1.6,9.9,23.3,-23.2,-1.8,8.1,47.4,53.2,4,0,false,32.4,3.36,above,-12,1.11,14635,16170,-8.85,5.59,0.73,-16.12,9.03,2014,7.56,7.14,5.8,14708,14379,16170,17300,1.13,توزیع: ورود حقیقی با سرانه خرید ضعیف (0.81 در ۲۰ روز) | 159٪ بالای کف ۵۲ هفته | سرانه خرید ضعیف (0.73) | نقدشوندگی کمتر از ۱۰ میلیارد تومان | شناوری کم (14٪)
حفاری,حفاری شمال,استخراج نفت گاز و خدمات جنبی جز اکتشاف,54.8,خنثی,85,30,28,65,5650,20261004,-4.6,-4.9,23.9,-22.6,-5.8,5.3,26.8,47.2,2,0,false,30.2,3.77,above,-16.9,0.95,5470,6090,-29.05,191.1,0.71,-102.39,89.04,2511,2.25,2.24,0.5,5470,5364,6090,6800,1.54,توزیع: ورود حقیقی با سرانه خرید ضعیف (0.82 در ۲۰ روز) | سرانه خرید ضعیف (0.71)
فروژ,صنایع فروآلیاژ ایران,فلزات اساسی,54.8,خنثی,100,60,47,4,2152,20261004,3.4,57.8,139.1,92.6,17.2,50.2,105.5,81.5,15,2,true,79.5,2.81,above,-5.4,1.47,1426,,-8.58,-31.58,9.56,8.7,12.42,46,46.78,8.05,481.2,2091,2031,2334,2455,1.5,اشباع خرید | فاصله زیاد از MA20 | خروج مستمر پول حقیقی | سهم صفی: 15 روز از ۲۰ روز در صف (ریسک نقدشوندگی و اجرای حد ضرر) | رشد عمودی (139٪ در ۶۰ روز، 50٪ بالای MA50) | P/E بالا (47) | 106٪ بالای MA200 | صف فروش در ۵ روز اخیر
کگاز,شیشه‌ و گاز,سایر محصولات کانی غیرفلزی,54.6,خنثی,90,30,26.5,60,48580,20261004,-4.8,8.8,23.9,-22.6,-5.6,9,45.7,47.8,5,0,false,35.3,3.8,above,-16.2,0.64,47264,57980,-0.91,104.2,0.62,-20.12,18.08,5055,9.61,12.75,-24.6,47264,46342,57980,61667,4.2,توزیع: ورود حقیقی با سرانه خرید ضعیف (0.65 در ۲۰ روز) | 154٪ بالای کف ۵۲ هفته | سرانه خرید ضعیف (0.62)
کورز,ورزیران‌,سایر محصولات کانی غیرفلزی,54.6,خنثی,100,60,70.5,20,7800,20261004,1.7,34.5,51.9,5.3,11.5,33.1,61.5,86.8,11,0,true,40.1,3.01,above,-1.9,1.65,7100,7900,0,4.64,2.35,0.98,1.91,133,58.65,,,7565,7213,7900,8370,0.17,نقدشوندگی پایین | اشباع خرید | سهم صفی: 11 روز از ۲۰ روز در صف (ریسک نقدشوندگی و اجرای حد ضرر) | رشد عمودی (52٪ در ۶۰ روز، 33٪ بالای MA50) | P/E بالا (59) | 62٪ بالای MA200 | حد ضرر دور (7.5٪) | نقدشوندگی کمتر از ۱۰ میلیارد تومان
وامین,سرمایه گذاری امین مهرگان,سرمایه گذاریها,54.6,خنثی,100,50,21.4,37,6280,20261004,-6.4,39.4,119.4,72.8,7,37.3,68.5,70.1,9,0,false,66.7,2.88,above,-8.5,1.73,4458,6860,-48.74,5.39,0.96,-27.65,16.69,785,8,8.73,-8.4,6099,5918,6860,7222,1.6,سهم صفی: 9 روز از ۲۰ روز در صف (ریسک نقدشوندگی و اجرای حد ضرر) | رشد عمودی (119٪ در ۶۰ روز، 37٪ بالای MA50) | 68٪ بالای MA200
حتوکا,حمل‌ونقل‌توکا,حمل ونقل، انبارداری و ارتباطات,54.5,خنثی,90,45,2.1,72,2557,20261004,-1.6,7.5,25,-21.6,-2.3,10.4,31.3,51.9,0,0,false,41.9,4.11,above,-10,0.84,2522,2727,-11.69,-30.89,0.84,-9.96,12.34,320,7.99,19.33,-58.7,2522,2469,2727,2840,1.94,خروج مستمر پول حقیقی
شصفها,پتروشیمی‌ اصفهان‌,محصولات شیمیایی,54.4,خنثی,90,15,87.5,70,3110,20260916,1.3,11.1,14.9,-31.6,3.9,13.6,3.1,94.7,20,0,false,77.9,0.93,above,-26.1,0.15,2919,3565,0.01,0.42,37.25,0.01,0.24,1217,2.56,,,3081,3052,3565,3687,7.84,نقدشوندگی پایین | اشباع خرید | سهم صفی: 20 روز از ۲۰ روز در صف (ریسک نقدشوندگی و اجرای حد ضرر) | نقدشوندگی کمتر از ۱۰ میلیارد تومان | آخرین معامله 20260916 (متوقف یا کم‌معامله)
شهر,گروه مالی شهر,سرمایه گذاریها,54.4,خنثی,100,48,35,24,2479,20261004,5.3,20.3,42.6,-4,6.3,20.4,45.6,74.8,0,0,false,53.8,3.38,above,-1.1,0.89,2428,,-13.17,-31.19,2.36,3.62,4.7,291,8.52,7.13,19.5,2428,2386,2730,2897,2.7,خروج مستمر پول حقیقی | نقدشوندگی کمتر از ۱۰ میلیارد تومان | شناوری کم (7٪)
گکوثر,هتل پارسیان کوثر اصفهان,هتل و رستوران,54.3,خنثی,100,70,37.1,4,6820,20261004,14.2,59.3,101.8,55.2,26.8,65.7,132.7,96,5,0,true,83.2,2.32,above,0,0.83,4660,,0.69,-0.34,1.16,-2.62,14.29,257,26.54,4.69,465.8,6662,6503,7295,7612,1.5,اشباع خرید | فاصله زیاد از MA20 | رشد عمودی (102٪ در ۶۰ روز، 66٪ بالای MA50) | 133٪ بالای MA200
ومهان,گروه توسعه مالی مهرآیندگان,سرمایه گذاریها,54.3,خنثی,100,75,21,16,5910,20261004,7.3,2.8,53.4,6.9,2.4,16.2,56.3,61.6,6,0,false,32.3,3.19,above,-6.8,0.58,5500,6340,-7.15,-259.88,2.4,-28.52,77.93,532,11.11,7.13,55.8,5721,5438,6340,6717,0.91,واگرایی منفی RSI | خروج مستمر پول حقیقی | سهم صفی: 6 روز از ۲۰ روز در صف (ریسک نقدشوندگی و اجرای حد ضرر) | 56٪ بالای MA200 | واگرایی منفی | حد ضرر دور (8.0٪) | شناوری کم (10٪)
دماوند,تولید نیروی برق دماوند,عرضه برق، گاز، بخاروآب گرم,54.2,خنثی,85,45,28.6,50,13190,20261004,-0.9,-0.5,27.4,-19.1,-2.9,5.6,41,50.5,1,0,false,21.7,2.95,above,-10,0.72,12760,13717,-14.28,-8.88,1.32,3.15,18.13,1503,8.78,10.04,-12.6,12801,12565,13717,14650,0.84,
وتعاون,بیمه تعاون,بیمه وصندوق بازنشستگی به جزتامین اجتماعی,54,خنثی,100,70,90,10,3148,20260930,15.8,49.8,65.2,18.7,27.3,40.9,58.2,88.5,8,0,true,47.9,2.55,above,-0.1,1.07,2561,,7.49,14.25,22.89,8.04,2.31,,,18.13,,3068,2987,3389,3550,1.5,نقدشوندگی پایین | اشباع خرید | فاصله زیاد از MA20 | بدون EPS مثبت | سهم صفی: 8 روز از ۲۰ روز در صف (ریسک نقدشوندگی و اجرای حد ضرر) | رشد عمودی (65٪ در ۶۰ روز، 41٪ بالای MA50) | 58٪ بالای MA200 | نقدشوندگی کمتر از ۱۰ میلیارد تومان | آخرین معامله 20260930 (متوقف یا کم‌معامله)
فسوژ,سوژمیران,فلزات اساسی,53.9,خنثی,100,70,23.5,16,28190,20261004,14.5,33.7,215.3,168.8,14.3,52,231.4,86.3,11,0,true,78.6,2.87,above,-1.1,0.91,25920,,-14.29,-139.27,3.89,-306.93,120,2590,10.88,8.05,35.2,27382,26169,30615,32231,1.2,اشباع خرید | خروج مستمر پول حقیقی | سهم صفی: 11 روز از ۲۰ روز در صف (ریسک نقدشوندگی و اجرای حد ضرر) | رشد عمودی (215٪ در ۶۰ روز، 52٪ بالای MA50) | 231٪ بالای MA200 | حد ضرر دور (7.2٪)
چکارن,کارتن‌ ایران‌,محصولات کاغذی,53.9,خنثی,95,55,35.5,62,5030,20261004,7.7,9.2,26.3,-20.3,2.4,11.5,44.5,59.6,0,0,false,23.9,3.27,above,-6.1,0.91,4536,5359,0,-0.01,1.85,4.67,2.32,476,10.57,16.48,-35.9,4866,4701,5359,5688,1,نقدشوندگی پایین | واگرایی منفی RSI | واگرایی منفی | نقدشوندگی کمتر از ۱۰ میلیارد تومان
خپارس,پارس خودرو,خودرو و ساخت قطعات,53.9,خنثی,90,65,45.4,10,1990,20261004,-2.2,18.9,75.6,29.1,-0.1,28.9,97.6,60,9,0,false,57.7,3.41,above,-12.2,1.05,1216,2266,16.19,-20.88,0.96,0.02,81.02,,,,,1922,1854,2266,2402,2.04,بدون EPS مثبت | سهم صفی: 9 روز از ۲۰ روز در صف (ریسک نقدشوندگی و اجرای حد ضرر) | 98٪ بالای MA200
غپآذر,شیر پگاه آذربایجان شرقی,محصولات غذایی و آشامیدنی به جز قند و شکر,53.6,خنثی,100,70,22.5,16,32130,20261004,9.4,30.8,143.8,97.2,13.5,41.3,134.2,81.2,4,0,true,62.1,3.53,above,-2.3,0.92,26280,,-12.25,-13.6,2.73,-10.33,21.68,3220,9.98,7.05,41.5,30997,29863,35530,37797,1.5,اشباع خرید | رشد عمودی (144٪ در ۶۰ روز، 41٪ بالای MA50) | 134٪ بالای MA200 | حد ضرر دور (7.1٪)
ساوه,سیمان ساوه,سیمان، آهک و گچ,53.6,خنثی,74,55,27.4,54,11290,20261004,8,7.1,0,-46.5,1.8,6.6,29.9,57.5,2,0,false,16.1,3.47,inside,-27.5,0.98,10650,11430,-6.89,-13.38,1.18,5.09,17.25,1489,7.58,6.69,13.3,10899,10454,11430,12190,0.17,حد ضرر دور (7.4٪)
کیا,کیا الکترود شرق,ساخت محصولات فلزی,53.5,خنثی,100,70,74,4,11340,20261004,12.5,28.9,47.1,0.5,16.6,26.4,36.3,82.2,1,0,true,33.6,3.35,above,-2.3,1.62,10270,,6.22,1.7,1.08,1.03,2.87,262,43.28,6.02,619,10961,10391,12478,13237,1.2,نقدشوندگی پایین | اشباع خرید | فاصله زیاد از MA20 | P/E بالا (43) | حد ضرر دور (8.4٪) | نقدشوندگی کمتر از ۱۰ میلیارد تومان
فنفت,صنایع تجهیزات نفت,فلزات اساسی,53.5,خنثی,95,63,25.5,24,5130,20261004,6,3.6,40.7,-5.9,3.7,9.3,43.2,59.8,0,0,false,22.1,3.18,above,-6,1.09,4780,5310,-0.52,-6.3,1.16,2.64,7.2,529,9.7,8.05,20.5,4967,4722,5310,5460,0.44,حد ضرر دور (7.9٪) | نقدشوندگی کمتر از ۱۰ میلیارد تومان
ختراک,ریخته‌گری‌ تراکتورسازی‌ ایران‌,خودرو و ساخت قطعات,53.4,خنثی,65,40,51.6,52,1636,20261004,1.7,3.5,13.8,-32.7,-1.9,2.5,6.3,49.7,1,0,false,14.5,3.73,above,-15.5,1.15,1611,1679,4.93,14.06,0.8,-7.2,7.7,206,7.94,,,1611,1580,1679,1718,0.77,واگرایی منفی RSI | بدون روند (ADX پایین) | توزیع: ورود حقیقی با سرانه خرید ضعیف (0.87 در ۲۰ روز) | واگرایی منفی | نقدشوندگی کمتر از ۱۰ میلیارد تومان
وآتوس,گروه سرمایه گذاری توسکا,سرمایه گذاریها,53.4,خنثی,90,53,53,10,1517,20261004,-2.8,2.6,43.8,-2.8,0.5,8.2,0.5,53.6,4,1,false,27.9,3.48,above,-41.5,1.05,1497,1533,1.43,6.9,0.78,-6,6.14,,,,,1497,1471,1533,1572,0.33,بدون EPS مثبت | توزیع: ورود حقیقی با سرانه خرید ضعیف (0.82 در ۲۰ روز) | سرانه خرید ضعیف (0.78) | نقدشوندگی کمتر از ۱۰ میلیارد تومان | صف فروش در ۵ روز اخیر
فالوم,آلومتک,فلزات اساسی,53.4,خنثی,90,53,53,10,1456,20261004,-3.3,36.6,41.9,-4.6,5.9,27,26.8,64.6,12,1,false,43.9,2.82,above,-26.8,1.9,1433,1551,1.92,20.22,0.69,-33.37,13.49,,,8.05,,1433,1412,1551,1848,2.17,بدون EPS مثبت | سهم صفی: 12 روز از ۲۰ روز در صف (ریسک نقدشوندگی و اجرای حد ضرر) | توزیع: ورود حقیقی با سرانه خرید ضعیف (0.74 در ۲۰ روز) | سرانه خرید ضعیف (0.69) | صف فروش در ۵ روز اخیر
آبین,کشت و صنعت آبشیرین,زراعت و خدمات وابسته,53,خنثی,100,70,36,20,13970,20260929,15.7,67.7,78.2,31.6,27,62.6,192.4,96.9,13,0,true,72.2,2.64,above,0,0.69,8305,,-1.84,-4.78,2.41,1.86,6.45,235,59.45,,,13602,13233,15075,15812,1.5,اشباع خرید | فاصله زیاد از MA20 | سهم صفی: 13 روز از ۲۰ روز در صف (ریسک نقدشوندگی و اجرای حد ضرر) | رشد عمودی (78٪ در ۶۰ روز، 63٪ بالای MA50) | P/E بالا (59) | 192٪ بالای MA200 | نقدشوندگی کمتر از ۱۰ میلیارد تومان | واگرایی مثبت RSI | آخرین معامله 20260929 (متوقف یا کم‌معامله)
کماسه,تامین‌ ماسه‌ ریخته‌گری‌,استخراج سایر معادن,53,خنثی,100,60,39,25,5730,20260930,4.8,26.5,122.7,76.2,5.7,38.4,101.6,71.1,9,1,false,67.3,3.17,above,-5.9,1.46,5170,6090,-2.04,6.74,1.28,-3.85,41.17,209,27.42,26.17,4.8,5548,5367,6090,6453,0.99,سهم صفی: 9 روز از ۲۰ روز در صف (ریسک نقدشوندگی و اجرای حد ضرر) | رشد عمودی (123٪ در ۶۰ روز، 38٪ بالای MA50) | 102٪ بالای MA200 | صف فروش در ۵ روز اخیر | آخرین معامله 20260930 (متوقف یا کم‌معامله)
لپیام,گسترش صنایع پیام,ساخت دستگاه‌ها و وسایل ارتباطی,52.9,خنثی,100,45,35.5,20,134000,20261004,15.1,41.7,187.6,141,14.4,55.6,137.3,84.2,8,0,false,75,2.9,above,0,0.72,130000,,-4.84,-43.97,1.65,2.28,10.64,123,1089.43,,,130108,128054,145677,153461,1.96,اشباع خرید | خروج مستمر پول حقیقی | سهم صفی: 8 روز از ۲۰ روز در صف (ریسک نقدشوندگی و اجرای حد ضرر) | رشد عمودی (188٪ در ۶۰ روز، 56٪ بالای MA50) | P/E بالا (1089) | 137٪ بالای MA200
شصدف,صنعتی دوده فام,محصولات شیمیایی,52.9,خنثی,90,40,1.5,70,17150,20261004,-6.8,-1.4,63.9,17.4,-4.5,7.1,42.6,47.7,2,0,false,44.4,3.87,above,-13.1,1.16,16300,18400,-25.92,-29.11,0.67,-45.26,31.05,2572,6.67,8.01,-16.8,16487,15968,18400,18860,1.06,سرانه خرید ضعیف (0.67)
های وب,داده گسترعصرنوین-های وب,اطلاعات و ارتباطات,52.8,خنثی,90,55,49.2,10,460,20261004,1.8,0.7,31.4,-15.1,-1.4,13.9,28.8,56.2,1,0,false,39.4,3.65,above,-22.5,0.71,435,499,5.14,9.81,1.05,-3.04,32.1,,,7.97,,443,427,499,545,1.17,بدون EPS مثبت | توزیع: ورود حقیقی با سرانه خرید ضعیف (0.87 در ۲۰ روز) | حد ضرر دور (7.3٪)
شگویا,پتروشیمی تندگویان,محصولات شیمیایی,52.8,خنثی,100,75,22,9,13800,20261004,6.7,45.7,53.5,7,14.3,41.8,90,79.8,13,0,true,47.2,2.74,above,-2.9,0.63,11270,,-72.86,-31.86,11.45,-27.41,105.39,1099,12.56,8.01,56.8,13422,13044,14934,15690,1.5,اشباع خرید | سهم صفی: 13 روز از ۲۰ روز در صف (ریسک نقدشوندگی و اجرای حد ضرر) | رشد عمودی (54٪ در ۶۰ روز، 42٪ بالای MA50) | 90٪ بالای MA200
میهن,بیمه میهن,بیمه وصندوق بازنشستگی به جزتامین اجتماعی,52.8,خنثی,85,45,63,10,2523,20261004,0.9,-4.7,19.3,-27.2,-3.5,7.2,9,50.8,6,0,false,25,3.7,above,-17.1,1.06,2442,2558,4.25,14.91,1.98,-8.04,19.6,,,18.13,,2442,2395,2558,2622,0.27,بدون EPS مثبت | سهم صفی: 6 روز از ۲۰ روز در صف (ریسک نقدشوندگی و اجرای حد ضرر) | توزیع: ورود حقیقی با سرانه خرید ضعیف (0.69 در ۲۰ روز)
ثاصفا,شرکت‌ ساختمان‌ اصفهان‌,انبوه سازی، املاک و مستغلات,52.7,خنثی,90,45,76.7,30,19030,20261004,-2.6,20.7,20,-26.6,2.6,25,15.2,60.8,13,2,false,32.3,3.28,above,-11.8,1.66,18268,19400,0.19,1.21,1.25,0.21,1.05,8,2378.75,,,18405,17956,19400,19939,0.34,نقدشوندگی پایین | سهم صفی: 13 روز از ۲۰ روز در صف (ریسک نقدشوندگی و اجرای حد ضرر) | P/E بالا (2379) | نقدشوندگی کمتر از ۱۰ میلیارد تومان | صف فروش در ۵ روز اخیر
کفرا,فراورده‌ های‌ نسوزایران‌,سایر محصولات کانی غیرفلزی,52.6,خنثی,100,60,32.5,10,4970,20261004,13,11.7,183.8,137.3,6.8,32,159.9,71.6,12,0,false,52.9,2.89,above,-3.1,1.6,4210,5130,-6.15,-53.92,4.45,-62.74,24.57,,,12.75,,4827,4683,5130,5417,0.56,خروج مستمر پول حقیقی | بدون EPS مثبت | سهم صفی: 12 روز از ۲۰ روز در صف (ریسک نقدشوندگی و اجرای حد ضرر) | رشد عمودی (184٪ در ۶۰ روز، 32٪ بالای MA50) | 160٪ بالای MA200
بانیان,نیان باتری خاوران,ماشین آلات و دستگاه‌های برقی,52.6,خنثی,95,55,36.5,16,18510,20261004,1,9.8,33.2,-13.4,4,11.7,,60.3,0,0,false,28.9,3.19,above,-6.3,0.99,18040,19303,-6.87,-12.85,4.38,40.41,14.98,1652,11.2,5.95,88.3,18040,17745,19303,19760,1.04,
شپترو,پتروشیمی آبادان,محصولات شیمیایی,52.6,خنثی,100,65,28.3,10,2787,20261004,0.6,26.3,67.1,20.6,1.9,28.6,90,62.1,10,1,false,60.9,3.07,above,-8.3,0.99,1920,3040,0.52,-5.7,0.85,-0.68,15.5,,,,,2701,2616,3040,3211,1.48,بدون EPS مثبت | سهم صفی: 10 روز از ۲۰ روز در صف (ریسک نقدشوندگی و اجرای حد ضرر) | 90٪ بالای MA200 | صف فروش در ۵ روز اخیر
پرداخت,به پرداخت ملت,رایانه و فعالیت‌های وابسته به آن,52.5,خنثی,65,30,55.1,53,6770,20261004,4,-9.1,32.7,-13.8,-6.5,2.5,19.3,46.7,5,0,false,26,3.75,above,-16.3,0.7,6670,7490,0.67,12,0.96,-0.84,7.6,481,14.07,18.19,-22.6,6670,6543,7490,8090,3.18,توزیع: ورود حقیقی با سرانه خرید ضعیف (0.73 در ۲۰ روز) | نقدشوندگی کمتر از ۱۰ میلیارد تومان | شناوری کم (5٪)
سفارس,سیمان فارس و خوزستان,سیمان، آهک و گچ,52.5,خنثی,75,70,17,47,28100,20261004,3.9,-1,21.1,-25.4,0.3,4,46,52.5,3,0,true,20,3.58,above,-9.1,1.04,27370,29248,-34.33,46.7,0.7,-38.52,79.62,3912,7.18,7.14,0.6,27370,26867,29248,30330,0.93,واگرایی منفی RSI | توزیع: ورود حقیقی با سرانه خرید ضعیف (0.56 در ۲۰ روز) | سرانه خرید ضعیف (0.70) | واگرایی منفی
پتوسعه,س. و توسعه صنایع لاستیک,لاستیک و پلاستیک,52.5,خنثی,85,30,37,47,9060,20261004,-2.2,-5.2,25.4,-21.1,-4.9,3.2,,46.6,3,0,false,25,3.73,above,-13.5,0.67,8857,9167,-0.43,-14.74,3.09,10.69,8.19,1012,8.95,9.84,-9,8857,8688,9167,9580,0.29,خروج مستمر پول حقیقی | نقدشوندگی کمتر از ۱۰ میلیارد تومان
وغدیر,سرمایه‌گذاری‌غدیر(هلدینگ‌,شرکتهای چند رشته ای صنعتی,52.5,خنثی,100,63,2.4,37,21700,20261004,5,10.4,45.6,-0.9,1.8,15.8,61.3,59.7,0,0,false,34,3.39,above,-5.2,0.73,20260,22890,-55.44,-172.99,0.86,-67.93,188.55,1940,11.19,10.88,2.8,20965,19893,22890,24359,0.66,واگرایی منفی RSI | 61٪ بالای MA200 | واگرایی منفی | حد ضرر دور (8.3٪)
قیستو,شرکت قند بیستون,قند و شکر,52.4,خنثی,100,65,17.7,20,51780,20261004,-4.1,25.8,117.6,71,2.8,28.3,95.3,64.3,3,1,false,70.1,3.83,above,-9.2,0.43,48710,57050,-4.19,-23.03,0.85,0.07,8.14,2437,21.25,,,49795,47718,57050,61020,1.3,واگرایی منفی RSI | خروج مستمر پول حقیقی | رشد عمودی (118٪ در ۶۰ روز، 28٪ بالای MA50) | 95٪ بالای MA200 | واگرایی منفی | حد ضرر دور (7.8٪) | نقدشوندگی کمتر از ۱۰ میلیارد تومان | صف فروش در ۵ روز اخیر
سباقر,سیمان باقران,سیمان، آهک و گچ,52.3,خنثی,100,75,13,16,396200,20261004,3.5,16.9,94.2,47.6,3.8,26.9,161.8,64.3,9,0,false,56.5,3.2,above,-5.9,1.23,344000,409000,-51.25,-65.87,0.63,-315.75,95.65,44486,8.91,6.69,33.1,383526,370852,409000,434348,0.5,سهم صفی: 9 روز از ۲۰ روز در صف (ریسک نقدشوندگی و اجرای حد ضرر) | 162٪ بالای MA200 | سرانه خرید ضعیف (0.63)
سشمال,سیمان‌ شمال‌,سیمان، آهک و گچ,52.2,خنثی,100,80,0.9,24,18870,20261004,1.1,5.8,34.6,-11.9,2.7,13.6,52.9,62.8,0,0,true,27.1,3.23,above,-5.1,0.67,18670,19200,-7.15,-22.24,0.82,-4.57,7.93,2297,8.22,7.14,15.1,18670,18365,19200,20419,0.65,خروج مستمر پول حقیقی | 53٪ بالای MA200 | نقدشوندگی کمتر از ۱۰ میلیارد تومان
شلرد,کود شیمیایی اوره لردگان,محصولات شیمیایی,52.2,خنثی,100,63,28.5,10,3640,20261004,-0.5,41,37.4,-9.2,9.7,36,102.3,72.2,11,1,true,51.5,3.01,above,-8.1,1.07,3160,,-34.98,132.12,0.68,-79.74,55.81,,,,,3530,3421,3969,4188,1.5,بدون EPS مثبت | سهم صفی: 11 روز از ۲۰ روز در صف (ریسک نقدشوندگی و اجرای حد ضرر) | رشد عمودی (37٪ در ۶۰ روز، 36٪ بالای MA50) | 102٪ بالای MA200 | سرانه خرید ضعیف (0.68) | صف فروش در ۵ روز اخیر
شپدیس,پتروشیمی پردیس,محصولات شیمیایی,52.2,خنثی,61,20,27.5,92,11960,20261004,-5.5,-2.5,-7.1,-53.6,-7.4,2,11.7,42.6,1,0,false,34.2,3.6,inside,-26.4,0.64,11400,12340,-31.49,885.08,0.54,-677.21,666.22,1879,6.37,9.63,-33.9,11530,11185,12340,12540,0.49,توزیع: ورود حقیقی با سرانه خرید ضعیف (0.61 در ۲۰ روز) | سرانه خرید ضعیف (0.54)
فباهنر,مس‌ شهیدباهنر,فلزات اساسی,52.1,خنثی,65,55,26.5,60,12310,20261004,2.4,0.6,31.1,-15.5,-3.6,7.5,45.2,51.3,3,0,false,24.5,3.38,above,-12.8,0.99,11660,14110,22.81,-83.34,0.7,-137.16,96.73,1069,11.52,13.48,-14.6,11893,11452,14110,14943,2.1,187٪ بالای کف ۵۲ هفته | سرانه خرید ضعیف (0.70)
شمواد,تولید مواداولیه الیاف مصنوعی,محصولات شیمیایی,52.1,خنثی,100,70,20.5,32,14600,20260930,11.9,26.6,91.3,44.8,15.8,37.8,183.1,82.8,7,0,true,57,3.19,above,-2.3,0.83,13370,,-23.92,-140.4,1.99,-23.77,26.15,1509,9.68,,,14135,13436,15996,16927,1.2,اشباع خرید | فاصله زیاد از MA20 | خروج مستمر پول حقیقی | سهم صفی: 7 روز از ۲۰ روز در صف (ریسک نقدشوندگی و اجرای حد ضرر) | رشد عمودی (91٪ در ۶۰ روز، 38٪ بالای MA50) | 183٪ بالای MA200 | حد ضرر دور (8.0٪) | آخرین معامله 20260930 (متوقف یا کم‌معامله)
وتوسم,سرمایه‌گذاری‌توسعه‌ملی‌,سرمایه گذاریها,52.1,خنثی,90,65,1.5,47,4280,20261004,-3.4,5.1,81.3,34.7,-3.6,19.5,72.7,55.3,0,0,false,57.7,3.34,above,-9.7,0.47,4145,4402,-7.17,-131.69,0.57,-19.43,16.78,591,7.24,7.13,1.6,4145,4074,4402,4650,0.59,خروج مستمر پول حقیقی | 73٪ بالای MA200 | سرانه خرید ضعیف (0.57) | شناوری کم (12٪)
سقاین,سیمان‌ قائن‌,سیمان، آهک و گچ,52.1,خنثی,100,75,4.3,24,33760,20261004,3.2,15.5,112.7,66.2,2.6,23.1,137.6,62,5,0,false,48,3.12,above,-6.5,1.18,25695,36090,-16.22,-35.77,0.85,-50.53,18.89,3814,8.85,7.14,24,32707,31655,36090,38195,1.11,خروج مستمر پول حقیقی | رشد عمودی (113٪ در ۶۰ روز، 23٪ بالای MA50) | 138٪ بالای MA200 | شناوری کم (12٪)
حسینا,توسعه خدمات دریایی وبندری سینا,حمل ونقل، انبارداری و ارتباطات,51.9,خنثی,100,70,7.8,24,19300,20261004,0.9,11.6,8.3,-38.2,2.3,15.7,42.1,59.6,5,1,true,39.8,3.52,above,-6,0.69,18698,20260,-3.83,-40.96,1.03,-10.28,26.73,2130,9.06,7.68,18,18698,18359,20260,21619,1.02,خروج مستمر پول حقیقی | صف فروش در ۵ روز اخیر
وبیمه,سرمایه‌ گذاری‌ صنعت‌ بیمه‌,سرمایه گذاریها,51.8,خنثی,90,65,28,19,2970,20261004,-4.8,9.7,106.7,60.1,-5.7,16.2,85.2,51.9,8,1,false,58,3.48,above,-15.6,0.94,2106,,2.2,-0.77,0.68,-10.14,8.44,188,15.8,7.13,121.6,2867,2763,3280,3487,1.5,سهم صفی: 8 روز از ۲۰ روز در صف (ریسک نقدشوندگی و اجرای حد ضرر) | رشد عمودی (107٪ در ۶۰ روز، 16٪ بالای MA50) | 85٪ بالای MA200 | سرانه خرید ضعیف (0.68) | نقدشوندگی کمتر از ۱۰ میلیارد تومان | شناوری کم (12٪) | صف فروش در ۵ روز اخیر
فبیرا,بسته‌ بندی‌ ایران‌,ساخت محصولات فلزی,51.7,خنثی,85,75,49.9,35,2408,20261004,4.3,7.3,88.6,42,-1.3,9.9,74.9,54.1,8,0,false,37.1,3.66,above,-13.6,0.9,2205,2711,0,0.08,1.59,3.25,2.54,155,15.54,,,2320,2187,2711,2786,1.37,نقدشوندگی پایین | واگرایی منفی RSI | سهم صفی: 8 روز از ۲۰ روز در صف (ریسک نقدشوندگی و اجرای حد ضرر) | 75٪ بالای MA200 | واگرایی منفی | حد ضرر دور (9.2٪) | نقدشوندگی کمتر از ۱۰ میلیارد تومان
امید,تامین سرمایه امید,فعالیتهای کمکی به نهادهای مالی واسط,51.7,خنثی,56,30,77.5,78,3580,20261004,0.8,-3.2,16.6,-29.9,-1.6,0.4,20.6,47.9,2,0,false,22.8,2.71,inside,-11.8,1.04,3398,3880,0.96,0.64,3.06,1.92,2.53,755,4.74,5.92,-19.9,3483,3349,3880,4060,1.3,نقدشوندگی پایین | نقدشوندگی کمتر از ۱۰ میلیارد تومان | شناوری کم (2٪)
تادیکو,س.کشت ودام صنایع لبنی تامین,زراعت و خدمات وابسته,51.7,خنثی,73,80,36,19,7640,20261004,2.1,6.8,-0.5,-47.1,1.5,5.5,,55,0,0,true,15.2,3.37,,-11.4,0.82,7521,7990,-28.93,-41.11,3.76,44.13,24.05,546,13.99,6.33,121.1,7521,7392,7990,8624,1.41,خروج مستمر پول حقیقی | شناوری کم (6٪)
خاذین,سایپاآذین‌,خودرو و ساخت قطعات,51.6,خنثی,100,75,16.6,10,3250,20261004,5.8,14.1,50.7,4.1,4.5,22.8,49.6,66.5,1,0,false,44.8,3.37,above,-3.8,1.36,2954,3330,-10.43,-8.16,1,-4.62,6.65,,,,,3141,2976,3330,3549,0.29,واگرایی منفی RSI | خروج مستمر پول حقیقی | بدون EPS مثبت | واگرایی منفی | حد ضرر دور (8.4٪) | نقدشوندگی کمتر از ۱۰ میلیارد تومان
وبشهر,توسعه‌ صنایع‌ بهشهر(هلدینگ,محصولات غذایی و آشامیدنی به جز قند و شکر,51.6,خنثی,100,75,2.5,24,7340,20261004,2.9,22.1,47.4,0.9,4.1,22.4,96.6,66.7,6,0,false,51.1,3.32,above,-4.8,1.15,6720,7700,-3.41,-7.01,0.62,-28.92,18.07,748,9.81,8.53,15,7096,6730,7700,8188,0.59,سهم صفی: 6 روز از ۲۰ روز در صف (ریسک نقدشوندگی و اجرای حد ضرر) | 97٪ بالای MA200 | سرانه خرید ضعیف (0.62) | حد ضرر دور (8.3٪)
سمتاز,سیمان ممتازان کرمان,سیمان، آهک و گچ,51.6,خنثی,90,45,28.3,34,63890,20261004,-0.4,8.7,14.3,-32.2,-0.5,9.1,68.9,55.5,2,0,false,29.2,3.32,above,-8.7,0.92,59740,66250,-1.41,5.26,0.87,-2.59,3.32,8478,7.54,6.69,12.6,61770,58680,66250,70000,0.45,توزیع: ورود حقیقی با سرانه خرید ضعیف (0.76 در ۲۰ روز) | 69٪ بالای MA200 | حد ضرر دور (8.2٪) | نقدشوندگی کمتر از ۱۰ میلیارد تومان
وملی,گروه‌ صنعتی‌ ملی‌ (هلدینگ‌,دباغی، پرداخت چرم و ساخت انواع پاپوش,51.6,خنثی,90,55,19.2,35,276500,20261004,3.8,9.9,31.5,-15.1,-2.3,11,32.5,53.1,3,0,false,32.8,3.47,above,-13.5,0.87,265350,319700,-0.91,3.59,0.91,-9.21,16.18,3197,86.49,87.3,-0.9,266913,260556,319700,338874,2.71,P/E بالا (86) | توزیع: ورود حقیقی با سرانه خرید ضعیف (0.79 در ۲۰ روز)
وسنا,سرمایه گذاری نیروگاهی ایران,سرمایه گذاریها,51.5,خنثی,100,75,6,20,50590,20261004,1.4,46,162.8,116.3,12.2,51.5,158.5,76,12,2,true,87.8,2.78,above,-7,1.1,24074,,-12.03,-40.14,0.94,-45.44,16.6,998,50.69,,,49185,47780,54806,57616,1.5,خروج مستمر پول حقیقی | سهم صفی: 12 روز از ۲۰ روز در صف (ریسک نقدشوندگی و اجرای حد ضرر) | رشد عمودی (163٪ در ۶۰ روز، 51٪ بالای MA50) | P/E بالا (51) | 159٪ بالای MA200 | صف فروش در ۵ روز اخیر
وتوسکا,سرمایه گذاری توسعه توکا,سرمایه گذاریها,51.5,خنثی,90,20,87,35,1608,20261004,-3.7,-1.8,23.1,-23.4,-4.8,4.3,21,45.8,6,2,false,28.3,3.54,above,-13.8,0.8,1564,1634,0.84,1.64,2.28,2.16,1.36,100,16.08,,,1564,1536,1634,1776,0.36,نقدشوندگی پایین | سهم صفی: 6 روز از ۲۰ روز در صف (ریسک نقدشوندگی و اجرای حد ضرر) | نقدشوندگی کمتر از ۱۰ میلیارد تومان | صف فروش در ۵ روز اخیر
سفارود,کارخانه فارسیت درود,سایر محصولات کانی غیرفلزی,51.5,خنثی,100,70,60,10,14400,20261004,10.3,47.2,106.7,60.2,19.5,51.1,99,98.2,16,0,true,89.5,1.67,above,0,0.12,7653,,0,30.88,5.19,1.4,2.38,,,,,14160,13919,15121,15602,1.5,نقدشوندگی پایین | اشباع خرید | فاصله زیاد از MA20 | بدون EPS مثبت | سهم صفی: 16 روز از ۲۰ روز در صف (ریسک نقدشوندگی و اجرای حد ضرر) | رشد عمودی (107٪ در ۶۰ روز، 51٪ بالای MA50) | 99٪ بالای MA200 | نقدشوندگی کمتر از ۱۰ میلیارد تومان
فروس,فروسیلیس‌ ایران‌,فلزات اساسی,51.5,خنثی,90,30,1.8,72,3860,20261004,-4,3.2,33.5,-13,-8.7,7.6,48.2,45.7,11,0,false,39.4,3.35,above,-19.9,1.14,3335,4000,-0.84,-25.42,0.83,-9.66,8.68,440,8.77,13.48,-34.9,3731,3601,4000,4260,0.54,خروج مستمر پول حقیقی | سهم صفی: 11 روز از ۲۰ روز در صف (ریسک نقدشوندگی و اجرای حد ضرر) | نقدشوندگی کمتر از ۱۰ میلیارد تومان
شفن,پتروشیمی فناوران,محصولات شیمیایی,51.4,خنثی,100,65,29.6,4,7580,20261004,1.9,28.3,89.1,42.5,6.3,29.2,56.1,66.3,4,1,false,59.5,3,above,-6.3,1.04,7430,,-51.69,43.42,0.89,-44.14,33.91,284,26.69,9.63,177.2,7430,7316,8263,8718,2.59,56٪ بالای MA200 | صف فروش در ۵ روز اخیر
ختوقا,قطعات‌ اتومبیل‌ ایران‌,خودرو و ساخت قطعات,51.4,خنثی,95,45,35.5,20,5590,20261004,7.7,-2.8,27.7,-18.8,1.7,10,36.4,59.1,0,0,false,34,3.95,above,-7.8,0.95,5490,5820,-2.04,-11.77,1.54,10.31,14.37,127,44.02,,,5490,5380,5820,6060,1.09,واگرایی منفی RSI | P/E بالا (44) | واگرایی منفی
دبالک,مواد اولیه دارویی البرز بالک,مواد و محصولات دارویی,51.4,خنثی,95,75,22.5,9,16670,20261004,9.5,3.9,183,136.5,3.6,28.6,155.5,65,10,0,false,44.9,3.03,above,-7.6,0.76,14460,18040,-6.02,-143.2,4.99,-7.33,57.08,1079,15.45,8.86,74.4,16165,15661,18040,19049,1.36,خروج مستمر پول حقیقی | سهم صفی: 10 روز از ۲۰ روز در صف (ریسک نقدشوندگی و اجرای حد ضرر) | رشد عمودی (183٪ در ۶۰ روز، 29٪ بالای MA50) | 156٪ بالای MA200
همراه,شرکت ارتباطات سیار ایران,مخابرات,51.4,خنثی,85,65,14.5,37,9590,20261004,2.5,-0.4,85.1,38.6,-1.6,11.1,82.9,54.3,0,0,false,30.8,3.57,above,-9.2,0.75,9300,10495,-18.64,-195.85,1.34,-7.53,34.61,1086,8.83,8.37,5.5,9300,9129,10495,11180,1.96,واگرایی منفی RSI | خروج مستمر پول حقیقی | 83٪ بالای MA200 | واگرایی منفی | شناوری کم (11٪)
وگستر,گسترش سرمایه گذاری ایرانیان,سرمایه گذاریها,51.3,خنثی,100,90,3.2,10,11570,20261004,3.4,35,111.9,65.4,10.2,24.8,74.2,69.8,4,1,true,56.8,3.34,above,-6.5,0.82,10870,,-17.96,-38.92,0.89,-8.72,13.19,,,8.73,,11183,10677,12730,13503,1.3,خروج مستمر پول حقیقی | بدون EPS مثبت | رشد عمودی (112٪ در ۶۰ روز، 25٪ بالای MA50) | 74٪ بالای MA200 | حد ضرر دور (7.7٪) | صف فروش در ۵ روز اخیر
وامید,گروه مدیریت سرمایه گذاری امید,شرکتهای چند رشته ای صنعتی,51.3,خنثی,90,45,1,60,5840,20261004,-1.2,6.2,4.8,-41.7,-0.6,8.6,22.9,52.9,0,0,false,30.4,2.87,above,-10.1,0.69,5644,6105,-31.17,-208.48,0.78,-37.86,45.4,638,9.15,10.88,-15.9,5673,5560,6105,6498,0.95,خروج مستمر پول حقیقی | سرانه خرید ضعیف (0.78) | شناوری کم (6٪)
پسهند,صنایع‌ لاستیکی‌  سهند,لاستیک و پلاستیک,51.2,خنثی,100,45,29.7,19,23550,20261004,1.1,3.5,28.1,-18.5,1.5,10.8,24.3,56.2,1,0,false,27.6,3.65,above,-13.4,0.95,22411,24110,-4.94,9.37,0.91,-6.84,6.31,1468,16.04,8.21,95.4,22690,21981,24110,24580,0.36,توزیع: ورود حقیقی با سرانه خرید ضعیف (0.88 در ۲۰ روز) | نقدشوندگی کمتر از ۱۰ میلیارد تومان
رنیک,جنرال مکانیک,خدمات فنی و مهندسی,51,خنثی,65,55,36,46,12710,20261004,4.4,3.3,27.9,-18.6,0,6.2,0.2,54.6,3,0,false,18.6,3.41,above,-25.2,0.76,12028,12846,-5.88,138.4,1.1,-3.72,22.61,1608,7.9,2.41,228,12276,11811,12846,13130,0.15,حد ضرر دور (7.1٪)
کیانا,گروه مالی کیان,سرمایه گذاریها,51,خنثی,65,50,52,34,7380,20261004,1.4,-8.7,63.9,17.3,-8.4,5.2,98.7,45.1,2,0,false,37.3,3.45,above,-20,0.79,7150,7710,-0.03,4.01,2.95,10.81,5.41,804,9.18,7.13,28.7,7150,7023,7710,8280,0.92,واگرایی منفی RSI | 99٪ بالای MA200 | واگرایی منفی | نقدشوندگی کمتر از ۱۰ میلیارد تومان | شناوری کم (9٪)
تکاردان,تامین سرمایه کاردان,فعالیتهای کمکی به نهادهای مالی واسط,51,خنثی,80,55,36,68,2689,20261004,0.1,0,21.3,-25.2,0.1,9,53.6,59.7,0,0,false,22.9,3.16,above,-4.6,0.6,2607,2769,-0.59,-4.48,8.1,1.57,1.43,632,4.25,5.92,-28.1,2607,2565,2769,2818,0.64,نقدشوندگی پایین | خروج مستمر پول حقیقی | 54٪ بالای MA200 | نقدشوندگی کمتر از ۱۰ میلیارد تومان | شناوری کم (5٪)
ثپردیس,سرمایه گذاری مسکن پردیس,انبوه سازی، املاک و مستغلات,51,خنثی,90,38,51.5,14,4430,20261004,-8.5,9.4,45,-1.6,-4.7,8.2,46.7,48.5,5,1,false,53.1,3.95,above,-14.8,0.81,4370,5200,0.17,105.54,0.58,-34.6,23.04,117,37.86,23.59,60.5,4370,4282,5200,5550,5.22,P/E بالا (38) | سرانه خرید ضعیف (0.58) | صف فروش در ۵ روز اخیر
وکار,بانک‌ کارآفرین‌,بانکها و موسسات اعتباری,50.9,خنثی,100,75,7.4,16,6230,20261004,3,7.2,92.3,45.7,0.8,25.3,114.8,67,0,0,false,52.7,3.19,above,-4.7,0.63,6030,6420,-54.28,-316.61,1.04,-43.71,40.13,650,9.58,5.4,77.5,6031,5931,6420,6540,0.63,خروج مستمر پول حقیقی | 115٪ بالای MA200
زماهان,مجتمع تولید گوشت مرغ ماهان,زراعت و خدمات وابسته,50.9,خنثی,85,55,47.4,10,13260,20261004,3.9,5.6,23.2,-23.3,-0.8,9.4,22.7,53.3,4,0,false,25.5,3.72,above,-8.8,1.13,12760,13480,2.52,3.04,1.02,-1.38,13.17,,,8.07,,12766,12513,13480,13790,0.29,واگرایی منفی RSI | بدون EPS مثبت | واگرایی منفی
خمهر,مهرکام‌پارس‌,خودرو و ساخت قطعات,50.8,خنثی,100,75,3.1,20,3880,20261004,9.6,19,53.9,7.4,4.5,24.3,68.9,68.5,2,0,false,57.7,3.65,above,-4.9,0.84,3470,4080,-6.49,-24.78,0.91,-8.42,19.22,105,36.95,,,3738,3526,4080,4363,0.56,خروج مستمر پول حقیقی | P/E بالا (37) | 69٪ بالای MA200 | حد ضرر دور (9.1٪)
انتخاب,گروه انتخاب الکترونیک آرمان,ماشین آلات و تجهیزات,50.8,خنثی,90,65,6.1,37,2437,20261004,-1.8,7.5,70.1,23.5,-0.2,21.2,94.5,61.5,2,0,false,55.8,3.54,above,-7.5,1.06,2287,2547,-60.45,-140.07,1.04,-8.35,63.21,271,8.99,9.66,-6.9,2351,2244,2547,2635,0.57,خروج مستمر پول حقیقی | 94٪ بالای MA200 | حد ضرر دور (7.9٪)
فاهواز,نورد و لوله اهواز,فلزات اساسی,50.8,خنثی,95,40,35,42,7280,20261003,1.5,0.2,13.3,-33.2,0.9,3.9,12,70.8,4,1,false,27.5,1.35,above,-5,0.46,7082,7373,0,-1.07,4.07,3.72,3.38,1119,6.51,,,7182,7034,7373,7666,0.38,نقدشوندگی کمتر از ۱۰ میلیارد تومان | صف فروش در ۵ روز اخیر | آخرین معامله 20261003 (متوقف یا کم‌معامله)
اتکاسا,بیمه اتکایی سامان,بیمه وصندوق بازنشستگی به جزتامین اجتماعی,50.8,خنثی,90,65,1,82,6260,20261004,-9.3,18.5,66.7,20.2,-1.9,20.6,,56,2,0,false,51.8,3.21,above,-11.9,1.08,4631,6361,-7.42,-17.93,0.41,-6.67,1.91,875,7.15,18.13,-60.5,6059,5858,6361,6768,0.25,نقدشوندگی پایین | واگرایی منفی RSI | خروج مستمر پول حقیقی | سرانه خرید ضعیف (0.41) | واگرایی منفی | نقدشوندگی کمتر از ۱۰ میلیارد تومان
ولقمان,گروه سرمایه گذاری لقمان,سرمایه گذاریها,50.7,خنثی,100,58,71.5,25,4060,20260930,10.7,23.7,40.8,-5.8,11.4,27.4,65.4,93.5,5,0,true,68.7,1.74,above,-0.2,1.2,3760,,0.59,-1.24,3.4,0.86,0.31,243,16.71,,,3989,3919,4272,4413,1.5,نقدشوندگی پایین | اشباع خرید | خروج مستمر پول حقیقی | 65٪ بالای MA200 | نقدشوندگی کمتر از ۱۰ میلیارد تومان | آخرین معامله 20260930 (متوقف یا کم‌معامله)
کمرجان,بازرگانی و تولیدی مرجان کار,سایر محصولات کانی غیرفلزی,50.7,خنثی,95,55,25.8,19,4660,20261004,3.8,10.7,3.5,-43,0.9,9.9,37.3,56.8,2,0,false,25.6,3.34,above,-11.5,0.84,4400,5180,-1.02,-8.64,1.17,2.45,8.01,299,15.59,10.33,50.9,4504,4322,5180,5268,1.54,خروج مستمر پول حقیقی | حد ضرر دور (7.3٪) | نقدشوندگی کمتر از ۱۰ میلیارد تومان
والبر,سرمایه‌ گذاری‌ البرز(هلدینگ‌,مواد و محصولات دارویی,50.7,خنثی,88,80,24.1,9,3980,20261004,3.1,2.8,32.8,-13.7,2.8,8.4,54.1,56.3,2,0,true,19.5,3.31,above,-6.1,1.19,3860,4090,-15.21,40,1.04,-15.59,45.07,201,19.8,12.91,53.4,3860,3794,4090,4240,0.59,توزیع: ورود حقیقی با سرانه خرید ضعیف (0.78 در ۲۰ روز) | 54٪ بالای MA200
قچار,فراوردههای غذایی وقند چهارمحال,قند و شکر,50.5,خنثی,100,50,5.2,37,5840,20261004,2.3,17.7,67,20.5,6.5,20.7,85.3,70.7,2,0,false,63.2,3.6,above,-1,1.06,5450,,-4.68,-8.72,0.91,-21.94,35.47,655,8.92,9.57,-6.8,5630,5345,6471,6891,1.27,واگرایی منفی RSI | 85٪ بالای MA200 | واگرایی منفی | حد ضرر دور (8.5٪)
بنو,بیمه تجارت نو,بیمه وصندوق بازنشستگی به جزتامین اجتماعی,50.5,خنثی,85,30,3.8,72,1960,20261004,-0.6,-6.4,26.9,-19.6,-2.6,4,31.6,49.6,2,0,false,21.6,3.68,above,-10.5,0.63,1935,2077,-0.24,-1.46,0.85,-6.56,10.13,239,8.2,18.13,-54.8,1935,1899,2077,2130,1.91,
بکام,کارخانجات تولیدی شهید قندی,ماشین آلات و دستگاه‌های برقی,50.4,خنثی,65,55,65.7,14,3250,20261004,-0.3,4.8,34.7,-11.8,-4.1,8.9,34.3,50.1,5,0,false,32.9,3.69,above,-14.7,1.05,3170,3380,0.5,17.86,1.35,-13.73,15.74,24,135.42,6.15,2101.9,3170,3110,3380,3810,0.93,واگرایی منفی RSI | P/E بالا (135) | توزیع: ورود حقیقی با سرانه خرید ضعیف (0.86 در ۲۰ روز) | واگرایی منفی
بنیرو,نیروترانس‌,ماشین آلات و دستگاه‌های برقی,50.3,خنثی,70,55,5,68,3790,20261004,-0.3,1.6,16.7,-29.8,-0.6,3.3,43.2,50.7,0,0,false,10.1,3.27,above,-6.7,0.79,3720,3835,-11.61,-29.71,0.94,-9.94,12.8,830,4.57,6.15,-25.8,3720,3658,3835,3905,0.34,واگرایی منفی RSI | خروج مستمر پول حقیقی | بدون روند (ADX پایین) | 150٪ بالای کف ۵۲ هفته | واگرایی منفی
فهامون,آلیاژ گستر هامون,فلزات اساسی,50.3,خنثی,65,20,50,57,4610,20261004,-4.6,-2.1,11.3,-35.2,-6.9,0,,41,4,1,false,24.4,3.44,above,-16.8,1.09,4530,4730,-13.42,4.94,2.29,47.91,24.77,596,7.73,8.05,-3.9,4530,4451,4730,4961,0.75,صف فروش در ۵ روز اخیر
واتی,سرمایه‌ گذاری‌ آتیه‌ دماوند,سرمایه گذاریها,50.3,خنثی,100,55,28,9,7280,20261004,0.7,2.7,33.3,-13.2,0.6,6.6,42.6,52.8,1,0,false,27,3.63,above,-8.8,1.17,7120,7660,-16.88,32.16,0.79,-13.33,26.08,537,13.56,7.13,90.1,7120,6988,7660,7980,1.3,توزیع: ورود حقیقی با سرانه خرید ضعیف (0.72 در ۲۰ روز) | سرانه خرید ضعیف (0.79)
ما,بیمه  ما,بیمه وصندوق بازنشستگی به جزتامین اجتماعی,50.2,خنثی,85,53,1.4,55,3720,20261004,-2.6,4.8,36.6,-9.9,-3.2,8.6,47.5,51.4,4,0,false,38.8,3.48,above,-9.9,0.96,3680,3760,-2.85,-10.52,0.82,-6.38,4.48,755,4.93,4.59,7.3,3680,3615,3760,3930,0.38,خروج مستمر پول حقیقی | نقدشوندگی کمتر از ۱۰ میلیارد تومان
سبهان,سیمان‌ بهبهان‌,سیمان، آهک و گچ,50.2,خنثی,64,20,28,80,5680,20261004,-2.7,-9.3,2.9,-43.6,-6.1,0,30.6,44,2,0,false,18.8,3.7,inside,-26.6,1.6,5487,5770,1.61,-0.68,0.66,-28.18,12.47,989,5.74,7.14,-19.6,5487,5382,5770,6130,0.3,سرانه خرید ضعیف (0.66)
وسالت,بانک قرض الحسنه رسالت,بانکها و موسسات اعتباری,50.1,خنثی,70,55,62.5,10,4050,20261004,9.5,1.8,5.2,-41.3,1.2,8.5,-0.8,60.5,7,0,false,29,2.15,above,-43.5,0.8,3980,4214,6.09,-4.39,2.03,6.68,4.13,,,,,3980,3936,4214,4330,1.44,خروج مستمر پول حقیقی | بدون EPS مثبت | سهم صفی: 7 روز از ۲۰ روز در صف (ریسک نقدشوندگی و اجرای حد ضرر) | نقدشوندگی کمتر از ۱۰ میلیارد تومان
وایرا,سرمایه گذاری صنایع ایران,سرمایه گذاریها,50.1,خنثی,100,45,12.4,32,3500,20261004,-1.1,9,27,-19.5,0.1,9.6,20.4,55.5,1,0,false,24.2,3.36,above,-7.7,0.85,3445,3633,-0.61,-5.34,1.22,-0.17,3.08,399,8.77,,,3445,3386,3633,3772,1.17,خروج مستمر پول حقیقی | نقدشوندگی کمتر از ۱۰ میلیارد تومان
ثقزوی,شرکت عمران و سازندگی قزوین,انبوه سازی، املاک و مستغلات,50,خنثی,90,65,50.2,30,2613,20261004,-6.8,13.9,81.9,35.4,-4.8,19.2,39.7,52.5,10,2,false,52.9,3.5,above,-17.6,1.8,2372,3172,-0.09,5.63,1.19,3.56,2.68,35,74.66,,,2522,2385,3172,3355,2.45,نقدشوندگی پایین | سهم صفی: 10 روز از ۲۰ روز در صف (ریسک نقدشوندگی و اجرای حد ضرر) | P/E بالا (75) | حد ضرر دور (8.7٪) | نقدشوندگی کمتر از ۱۰ میلیارد تومان | صف فروش در ۵ روز اخیر
پکویر,کویر تایر,لاستیک و پلاستیک,50,خنثی,73,20,26.5,70,3400,20261004,-0.6,-5.6,21.4,-25.1,-3.9,3.8,12.6,46.5,6,0,false,17.6,3.43,above,-13.3,0.83,3318,3519,-5.67,85.14,0.58,-50.64,37.08,544,6.25,8.21,-23.9,3318,3260,3519,3710,0.85,سهم صفی: 6 روز از ۲۰ روز در صف (ریسک نقدشوندگی و اجرای حد ضرر) | توزیع: ورود حقیقی با سرانه خرید ضعیف (0.59 در ۲۰ روز) | سرانه خرید ضعیف (0.58)
دپارس,پارس‌ دارو,مواد و محصولات دارویی,50,خنثی,73,65,30.5,30,59850,20261004,0,-1.6,56.9,10.3,-0.6,6.5,73.1,53.2,3,0,false,17.6,3.63,above,-9.5,1.49,58570,61235,-39.24,25.44,1.34,-71.12,29.55,4755,12.59,12.91,-2.5,58570,57484,61235,62640,0.59,توزیع: ورود حقیقی با سرانه خرید ضعیف (0.70 در ۲۰ روز) | 73٪ بالای MA200
تجلی,تجلی توسعه معادن و فلزات,استخراج کانه های فلزی,50,خنثی,100,45,39.8,4,2032,20261004,0.3,14.7,8.3,-38.3,0.6,11.8,29.7,57,1,0,false,37.4,3.38,above,-7.4,0.71,1986,2194,-14.35,20.15,1.37,-19.57,17.46,37,54.92,14.44,280.3,1986,1952,2194,2332,2.02,P/E بالا (55)
ساراب,سیمان‌ داراب‌,سیمان، آهک و گچ,49.8,خنثی,90,40,2,57,17150,20261004,-3.3,-1,61.6,15.1,-7.1,3.5,41.1,46.1,6,0,false,28.4,3,above,-17,0.54,14873,17508,-0.56,-17.82,0.65,-4.37,4.65,2361,7.26,7.14,1.7,16635,16121,17508,20660,0.35,خروج مستمر پول حقیقی | سهم صفی: 6 روز از ۲۰ روز در صف (ریسک نقدشوندگی و اجرای حد ضرر) | سرانه خرید ضعیف (0.65) | نقدشوندگی کمتر از ۱۰ میلیارد تومان
بمیلا,توسعه سرمایه گذاری میلاد پارس,تجارت عمده فروشی به جز وسایل نقلیه موتور,49.7,خنثی,80,45,56.6,10,7280,20261004,-3.1,8.7,1.7,-44.9,-3.4,10.4,2.6,51.3,9,2,false,34.1,3.5,above,-37.5,0.74,6970,7950,3.14,22.85,1.02,-3.23,8.43,,,,,7025,6843,7950,8250,1.53,بدون EPS مثبت | سهم صفی: 9 روز از ۲۰ روز در صف (ریسک نقدشوندگی و اجرای حد ضرر) | توزیع: ورود حقیقی با سرانه خرید ضعیف (0.86 در ۲۰ روز) | نقدشوندگی کمتر از ۱۰ میلیارد تومان | صف فروش در ۵ روز اخیر
بفجر,فجر انرژی خلیج فارس,عرضه برق، گاز، بخاروآب گرم,49.6,خنثی,10,65,54.5,80,11000,20261004,3.7,1.7,-15.5,-62.1,-0.4,-11.6,-3.9,44.1,3,1,true,26.3,3.86,below,-29,0.52,10681,11477,65.15,534.5,0.76,-33.25,83.81,1802,6.1,7.09,-13.9,10681,10469,11477,12107,0.9,توزیع: ورود حقیقی با سرانه خرید ضعیف (0.65 در ۲۰ روز) | سرانه خرید ضعیف (0.76) | صف فروش در ۵ روز اخیر
وثنو,سرمایه گذاری ساختمانی نوین,سرمایه گذاریها,49.6,خنثی,100,65,27.5,19,6810,20261003,-7.5,19.7,115.5,69,4.5,25.8,101.6,62.1,10,3,false,69.2,3.18,above,-10.3,0.67,6000,7590,-10.94,15.04,0.37,-28.43,13.75,540,12.61,8.73,44.5,6593,6376,7590,8024,1.8,سهم صفی: 10 روز از ۲۰ روز در صف (ریسک نقدشوندگی و اجرای حد ضرر) | رشد عمودی (116٪ در ۶۰ روز، 26٪ بالای MA50) | توزیع: ورود حقیقی با سرانه خرید ضعیف (0.76 در ۲۰ روز) | 102٪ بالای MA200 | سرانه خرید ضعیف (0.37) | صف فروش در ۵ روز اخیر | آخرین معامله 20261003 (متوقف یا کم‌معامله)
دسانکو,داروسازی سبحان انکولوژی,مواد و محصولات دارویی,49.6,خنثی,65,65,54.5,14,3360,20261004,-2.6,0.6,49.9,3.4,-2.1,6.1,59.6,52.3,7,0,false,30.1,3.54,above,-12,1.56,3040,3550,14.75,32.65,0.72,-27.57,13.83,97,34.64,8.86,291,3241,3063,3550,3820,0.64,سهم صفی: 7 روز از ۲۰ روز در صف (ریسک نقدشوندگی و اجرای حد ضرر) | P/E بالا (35) | توزیع: ورود حقیقی با سرانه خرید ضعیف (0.77 در ۲۰ روز) | 60٪ بالای MA200 | سرانه خرید ضعیف (0.72) | حد ضرر دور (8.9٪)
غشوکو,شوکو پارس,محصولات غذایی و آشامیدنی به جز قند و شکر,49.5,خنثی,95,90,0,32,12620,20260928,2.1,-1.9,65,18.4,5,7,97.6,60.3,2,0,true,24.8,3.65,above,-6,0.73,12300,12780,-4,-20.42,0.79,-4.93,6.32,1478,8.54,,,12300,12070,12780,13345,0.29,خروج مستمر پول حقیقی | 98٪ بالای MA200 | سرانه خرید ضعیف (0.79) | نقدشوندگی کمتر از ۱۰ میلیارد تومان | آخرین معامله 20260928 (متوقف یا کم‌معامله)
شیراز,پتروشیمی‌شیراز,محصولات شیمیایی,49.4,خنثی,85,30,1.5,70,68500,20261004,1.8,-1,-13,-59.5,-3.9,2.9,35,47.9,0,0,false,23.4,4.02,above,-17.1,0.51,67211,71020,-45.62,-2.59,0.53,-49.49,65.58,9681,7.08,9.63,-26.5,67211,65833,71020,75580,0.94,180٪ بالای کف ۵۲ هفته | سرانه خرید ضعیف (0.53) | شناوری کم (12٪)
دکپسول,تولید ژلاتین کپسول ایران,مواد و محصولات دارویی,49.3,خنثی,90,30,28,37,175100,20261004,-6,1.8,4.5,-42.1,-0.7,1.8,28.7,49,1,0,false,23.7,3.7,above,-8.3,1.05,171000,178000,-6.17,53.7,0.62,-42.46,21.46,20406,8.58,8.86,-3.2,171000,167757,178000,181450,0.39,توزیع: ورود حقیقی با سرانه خرید ضعیف (0.75 در ۲۰ روز) | سرانه خرید ضعیف (0.62)
نوری,پتروشیمی نوری,محصولات شیمیایی,49.1,خنثی,100,65,15.5,9,48560,20261004,-0.8,32.1,49.8,3.3,4.4,28.2,64.2,64.7,6,0,false,56.4,3.16,above,-6.2,0.81,47560,51760,-624.82,129.91,0.64,-704.19,534.73,3744,12.97,9.63,34.7,47560,46792,51760,54832,1.81,سهم صفی: 6 روز از ۲۰ روز در صف (ریسک نقدشوندگی و اجرای حد ضرر) | توزیع: ورود حقیقی با سرانه خرید ضعیف (0.69 در ۲۰ روز) | 64٪ بالای MA200 | سرانه خرید ضعیف (0.64) | شناوری کم (9٪)
ددام,داروسازی زاگرس فارمد پارس,مواد و محصولات دارویی,49.1,خنثی,90,75,1.5,27,12610,20261004,-1,0.2,82.5,36,-5.7,21.8,90.5,54.3,6,1,false,48.1,3.94,above,-15.8,0.99,12250,14980,-2.59,-60.98,0.57,-28.79,23.18,887,14.22,12.91,10.1,12250,12002,14980,15974,3.9,خروج مستمر پول حقیقی | سهم صفی: 6 روز از ۲۰ روز در صف (ریسک نقدشوندگی و اجرای حد ضرر) | 90٪ بالای MA200 | سرانه خرید ضعیف (0.57) | صف فروش در ۵ روز اخیر
ذوب,ذوب آهن اصفهان,فلزات اساسی,48.9,خنثی,90,65,21.5,14,657,20261004,-0.3,5.6,49.3,2.8,-6.1,18.4,53.9,51.9,11,0,false,42.3,3.11,above,-16.1,1.51,643,783,-210.95,-221.19,6,-949.14,306.48,12,54.75,13.48,306.2,643,633,783,824,5.2,سهم صفی: 11 روز از ۲۰ روز در صف (ریسک نقدشوندگی و اجرای حد ضرر) | P/E بالا (55) | 54٪ بالای MA200
رانیز,کارخانجات رینگ اسپرت نورنی ریز,خودرو و ساخت قطعات,48.9,خنثی,20,30,77.5,70,17790,20261004,0.2,-6,16.9,-29.6,-3.3,-3.1,,45.3,0,0,false,17.1,3.14,,-10.9,0.84,17560,18025,4.14,14.4,4.31,67.23,31.1,3513,5.06,5.87,-13.7,17560,17281,18025,18520,0.46,
لازما,کارخانه های صنعتی آزمایش,ماشین آلات و تجهیزات,48.9,خنثی,100,45,19.4,20,216700,20261004,13.9,35.4,190.1,143.6,12.3,49.4,153.5,81.7,11,0,false,71.6,3.06,above,0,0.81,214400,,-7.05,-47.96,1.56,-0.15,10.03,4652,46.58,,,214400,211079,236625,249908,3.54,اشباع خرید | خروج مستمر پول حقیقی | سهم صفی: 11 روز از ۲۰ روز در صف (ریسک نقدشوندگی و اجرای حد ضرر) | رشد عمودی (190٪ در ۶۰ روز، 49٪ بالای MA50) | P/E بالا (47) | 153٪ بالای MA200
ثشرق,سرمایه گذاری مسکن شمال شرق,انبوه سازی، املاک و مستغلات,48.7,خنثی,56,65,51.5,24,5890,20261004,15.5,42.6,-11,-57.5,25.4,15.6,-45.6,75.4,11,0,true,36.3,2.75,inside,-65.8,1.1,5613,6306,-0.17,0.22,3.01,20.69,11.97,238,24.75,6.61,274.4,5728,5532,6306,6433,1.16,فاصله زیاد از MA20 | سهم صفی: 11 روز از ۲۰ روز در صف (ریسک نقدشوندگی و اجرای حد ضرر) | توزیع: ورود حقیقی با سرانه خرید ضعیف (0.85 در ۲۰ روز)
آینده,بازرگانی آینده سازان بهشت پارس,زراعت و خدمات وابسته,48.6,خنثی,90,70,60.5,10,5030,20261004,10.5,34.1,56.8,10.3,14.7,19.7,12.5,84.1,20,0,true,39.5,1.98,above,-26.5,1.89,4804,5303,0,0.24,3.9,1.6,0.34,,,,,4930,4781,5303,5820,1.09,نقدشوندگی پایین | اشباع خرید | بدون EPS مثبت | سهم صفی: 20 روز از ۲۰ روز در صف (ریسک نقدشوندگی و اجرای حد ضرر) | نقدشوندگی کمتر از ۱۰ میلیارد تومان
کرماشا,صنایع پتروشیمی کرمانشاه,محصولات شیمیایی,48.5,خنثی,85,20,16.1,60,27290,20261004,-4.2,-0.4,10.7,-35.9,-6.2,6,50.4,46.2,2,0,false,38.5,3.35,above,-16,0.58,24670,27765,-12.7,94.46,0.8,-71.72,96.75,3386,8.06,9.63,-16.3,26375,25003,27765,29000,0.21,توزیع: ورود حقیقی با سرانه خرید ضعیف (0.72 در ۲۰ روز) | 50٪ بالای MA200 | حد ضرر دور (8.4٪)
ولتجار,واسپاری تجارایرانیان,سایر واسطه گریهای مالی,48.5,خنثی,60,30,62,36,3180,20261004,3.2,-1.2,32,-14.5,-3.1,5.7,-17.3,49.5,2,0,false,29.9,3.74,above,-49.6,1.69,3130,3450,10.81,11.09,0.8,-7.99,6.61,278,11.44,5.8,97.2,3130,3071,3450,3679,2.47,واگرایی منفی RSI | توزیع: ورود حقیقی با سرانه خرید ضعیف (0.79 در ۲۰ روز) | سرانه خرید ضعیف (0.80) | واگرایی منفی | نقدشوندگی کمتر از ۱۰ میلیارد تومان
بپیوند,برق و انرژی پیوندگستر پارس,عرضه برق، گاز، بخاروآب گرم,48.5,خنثی,65,40,77,47,18250,20261004,1.6,2.4,21.4,-25.2,-2.3,3.7,42.9,48.8,1,0,false,19.4,3.58,above,-11.3,0.75,17482,19939,0.45,2.54,13.95,8.08,2.82,1762,10.36,10.04,3.2,17596,17155,19939,20581,1.54,نقدشوندگی پایین | نقدشوندگی کمتر از ۱۰ میلیارد تومان
وآذر,سرمایه‌گذاری‌توسعه‌آذربایجان‌,انبوه سازی، املاک و مستغلات,48.5,خنثی,100,53,21.5,10,7290,20261004,0.8,3.3,36.8,-9.8,0.9,15,53.8,57.8,2,0,false,25.6,3.94,above,-7.1,0.86,6570,7650,-2.1,-17.46,10.83,-2.45,12.12,,,6.61,,7003,6572,7650,8224,0.5,خروج مستمر پول حقیقی | بدون EPS مثبت | 54٪ بالای MA200 | حد ضرر دور (9.8٪)
کرمان,س. توسعه و عمران استان کرمان,انبوه سازی، املاک و مستغلات,48.4,خنثی,85,55,53.7,14,1436,20261003,4.7,4.3,28.2,-18.3,-1.7,11.1,34.1,54.5,3,0,false,43.3,3.45,above,-12.4,1.34,1381,1454,16.43,23.81,0.85,-60.33,78.45,2,718,23.59,2943.7,1386,1356,1454,1640,0.23,واگرایی منفی RSI | P/E بالا (718) | توزیع: ورود حقیقی با سرانه خرید ضعیف (0.81 در ۲۰ روز) | واگرایی منفی | آخرین معامله 20261003 (متوقف یا کم‌معامله)
ثجوان,تامین مسکن جوانان,انبوه سازی، املاک و مستغلات,48.4,خنثی,100,45,12.6,25,2309,20261004,-3.8,12.8,21.6,-24.9,3.3,15.7,44.6,58.8,1,0,false,36.1,3.62,above,-6.7,1.2,2239,2475,-0.47,-3.51,1.28,-1.17,3.06,167,13.83,,,2239,2197,2475,2642,1.49,خروج مستمر پول حقیقی | نقدشوندگی کمتر از ۱۰ میلیارد تومان
کیسون,شرکت کیسون,خدمات فنی و مهندسی,48.4,خنثی,73,30,46,36,1755,20261004,0.9,-2.4,21.9,-24.6,-6,2.2,8.5,44.9,2,0,false,18.8,3.8,above,-38.2,1.03,1717,1806,10.98,21.07,0.96,-9.1,30.14,166,10.57,2.41,338.7,1717,1684,1806,1881,0.72,
وبملت,بانک ملت,بانکها و موسسات اعتباری,48.4,خنثی,65,30,1.5,90,1456,20261004,0,-1,21.3,-25.3,-3.4,4.7,38.1,48.3,1,0,false,15.6,3.34,above,-10.2,0.91,1375,1611,-724.63,-2206.75,0.77,-1125.43,1146.91,454,3.21,5.4,-40.6,1407,1351,1611,1708,1.47,واگرایی منفی RSI | خروج مستمر پول حقیقی | سرانه خرید ضعیف (0.77) | واگرایی منفی | حد ضرر دور (7.2٪)
حفارس,حمل و نقل بین المللی خلیج فارس,حمل ونقل، انبارداری و ارتباطات,48,خنثی,100,70,12.1,4,9840,20261004,14.7,45.6,101.4,54.8,16,47.7,162.7,84.5,3,0,true,70.4,3.04,above,-1.3,1.25,9420,,-27.34,-117.96,0.86,-55.57,39.56,149,66.04,19.33,241.6,9541,9270,10738,11337,1.58,اشباع خرید | فاصله زیاد از MA20 | خروج مستمر پول حقیقی | رشد عمودی (101٪ در ۶۰ روز، 48٪ بالای MA50) | P/E بالا (66) | 163٪ بالای MA200
لوتوس,تامین سرمایه لوتوس پارسیان,فعالیتهای کمکی به نهادهای مالی واسط,47.9,خنثی,90,45,0.5,47,3320,20261004,-4,15.2,22.6,-23.9,-0.4,8.9,47.7,53.1,2,1,false,20.3,3.5,above,-9.3,1.63,3260,3360,-64.4,-82.2,0.4,-79.57,14.02,594,5.59,5.92,-5.6,3260,3202,3360,3580,0.34,خروج مستمر پول حقیقی | سرانه خرید ضعیف (0.40) | شناوری کم (4٪) | صف فروش در ۵ روز اخیر
غشهد,شهد ایران ‌,محصولات غذایی و آشامیدنی به جز قند و شکر,47.9,خنثی,70,45,1.5,70,9250,20261004,-5.3,15.3,35.3,-11.2,-1.5,10.3,43.6,52.4,7,0,false,23.6,3.7,above,-13.1,1.38,8380,10650,-7.73,-2.77,0.55,-31.68,8.53,1466,6.31,8.53,-26,8908,8395,10650,11334,1.64,سهم صفی: 7 روز از ۲۰ روز در صف (ریسک نقدشوندگی و اجرای حد ضرر) | سرانه خرید ضعیف (0.55) | حد ضرر دور (9.2٪) | نقدشوندگی کمتر از ۱۰ میلیارد تومان
شستا,سرمایه گذاری تامین اجتماعی,شرکتهای چند رشته ای صنعتی,47.9,خنثی,100,75,2.4,9,3610,20261004,4.3,21.2,49.1,2.6,3.4,20.4,83.7,62.9,5,0,false,47.5,3.31,above,-5.2,0.75,3370,3810,-226.12,-499.34,0.84,-422.31,576.65,218,16.56,10.88,52.2,3490,3311,3810,4049,0.67,84٪ بالای MA200 | حد ضرر دور (8.3٪) | شناوری کم (13٪)
لکما,کارخانجات‌مخابراتی‌ایران‌,ساخت دستگاه‌ها و وسایل ارتباطی,47.8,خنثی,90,50,33.1,10,1493,20261004,9.1,28.5,30.5,-16,13.5,29.6,28.9,93.3,8,0,true,47.4,2.21,above,-7.6,0.87,1455,1562,-8.14,-5.38,1.5,1.8,4.31,,,,,1460,1439,1562,1615,1.27,اشباع خرید | خروج مستمر پول حقیقی | بدون EPS مثبت | سهم صفی: 8 روز از ۲۰ روز در صف (ریسک نقدشوندگی و اجرای حد ضرر) | نقدشوندگی کمتر از ۱۰ میلیارد تومان
کزغال,زغال سنگ پروده طبس,استخراج زغال سنگ,47.8,خنثی,95,45,37,4,6030,20261004,7.7,-2.9,22.6,-23.9,2.4,13.1,43.6,62,7,0,false,21.2,3.6,above,-8.4,1.17,5462,6580,-11.82,-26.68,1.87,46.26,24.9,154,39.16,15.48,152.9,5813,5487,6580,7014,1.01,خروج مستمر پول حقیقی | سهم صفی: 7 روز از ۲۰ روز در صف (ریسک نقدشوندگی و اجرای حد ضرر) | P/E بالا (39) | 152٪ بالای کف ۵۲ هفته | حد ضرر دور (9.0٪)
معیار,سرمایه گذاری معیار صنعت پارس,سرمایه گذاریها,47.8,خنثی,100,70,35,20,3142,20261004,12.7,24,66.2,19.6,17.5,28.5,50.3,81.3,4,0,true,41.8,3.12,above,-1.1,1.14,2886,3176,0,-0.67,1.92,3.33,2.74,80,39.28,,,3044,2897,3176,3373,0.14,نقدشوندگی پایین | اشباع خرید | فاصله زیاد از MA20 | P/E بالا (39) | 50٪ بالای MA200 | حد ضرر دور (7.8٪) | نقدشوندگی کمتر از ۱۰ میلیارد تومان
شارپیلن,پتروشیمی ارغوان گسترایلام,محصولات شیمیایی,47.8,خنثی,100,50,81,10,3410,20261003,4,6.6,10,-36.5,4.6,6.1,,99.7,20,0,true,92.8,2.7,above,-8.1,2.26,3033,3711,0.63,0.63,27.74,-2.4,0.46,,,9.63,,3318,3226,3711,3895,1.64,نقدشوندگی پایین | اشباع خرید | بدون EPS مثبت | سهم صفی: 20 روز از ۲۰ روز در صف (ریسک نقدشوندگی و اجرای حد ضرر) | نقدشوندگی کمتر از ۱۰ میلیارد تومان | آخرین معامله 20261003 (متوقف یا کم‌معامله)
تفیرو,مهندسی فیروزا,ماشین آلات و تجهیزات,47.8,خنثی,100,70,35,20,290100,20261004,10.2,40.5,107.7,61.1,18.3,44.4,194.7,100,20,0,true,96.1,1.55,above,0,1.93,160990,,0,0,1.2,0.01,0.11,6541,44.35,,,285593,281086,303621,312636,1.5,نقدشوندگی پایین | اشباع خرید | فاصله زیاد از MA20 | سهم صفی: 20 روز از ۲۰ روز در صف (ریسک نقدشوندگی و اجرای حد ضرر) | رشد عمودی (108٪ در ۶۰ روز، 44٪ بالای MA50) | P/E بالا (44) | 195٪ بالای MA200 | نقدشوندگی کمتر از ۱۰ میلیارد تومان
شبندر,پالایش نفت بندرعباس,فراورده های نفتی، کک و سوخت هسته ای,47.7,خنثی,100,53,1.5,47,14830,20261003,1.9,12.5,37.8,-8.7,0.5,14.4,91.2,57.7,2,0,false,47.8,3.61,above,-9.1,0.76,14250,16310,-156.81,-1120.42,0.59,-630.73,505.74,2555,5.8,6.26,-7.3,14295,13982,16310,17381,1.75,خروج مستمر پول حقیقی | 91٪ بالای MA200 | سرانه خرید ضعیف (0.59) | آخرین معامله 20261003 (متوقف یا کم‌معامله)
بیوتیک,آنتی بیوتیک سازی ایران,مواد و محصولات دارویی,47.6,خنثی,65,50,58.6,14,30840,20261004,-4.3,-11.4,124.9,78.4,-8.6,7.6,80.7,45.5,4,0,false,43,3.81,above,-20.2,1.04,16181,32800,20.74,28.68,0.98,-9.56,26.35,1448,21.3,8.86,140.4,29664,28488,32800,35970,0.83,رشد عمودی (125٪ در ۶۰ روز، 8٪ بالای MA50) | توزیع: ورود حقیقی با سرانه خرید ضعیف (0.78 در ۲۰ روز) | 81٪ بالای MA200 | حد ضرر دور (7.6٪)
سیمرغ,سیمرغ,زراعت و خدمات وابسته,47.4,خنثی,85,75,1.5,26,5240,20261004,-1.9,4.8,61.2,14.7,-5.2,12.5,88.5,51.5,5,0,false,45.5,3.21,above,-16.4,1.36,4860,6270,-1.35,-62.16,0.66,-49.02,20.01,513,10.21,6.33,61.4,5072,4819,6270,6607,2.45,واگرایی منفی RSI | خروج مستمر پول حقیقی | 88٪ بالای MA200 | سرانه خرید ضعیف (0.66) | واگرایی منفی | حد ضرر دور (8.0٪)
وپست,پست بانک ایران,بانکها و موسسات اعتباری,47.3,خنثی,65,55,2,65,9910,20261004,1.4,1.5,24.5,-22.1,-1.9,4.4,57.6,50.1,0,0,false,21.4,3.74,above,-10.9,0.76,9650,10060,-17.05,-113.71,0.71,-28.6,45.73,2033,4.87,5.4,-9.7,9650,9465,10060,10250,0.34,خروج مستمر پول حقیقی | 58٪ بالای MA200 | سرانه خرید ضعیف (0.71)
خنور,نورایستا پلاستیک,خودرو و ساخت قطعات,47.1,خنثی,65,30,60.5,26,8420,20261004,7.8,-15.4,32.8,-13.8,-3.9,3.4,18.7,48.9,3,0,false,27,3.64,above,-19.4,1.07,8306,8720,3.75,-15.42,2.4,39.22,16.11,745,11.3,5.87,92.5,8306,8153,8720,9450,1.12,
وپترو,سرمایه‌گذاری صنایع پتروشیمی‌,محصولات شیمیایی,47,خنثی,90,40,1,47,74730,20261004,-8.8,-2.6,86.2,39.7,-8.1,19.4,74.6,49.6,11,4,false,51.5,3.65,above,-15.9,0.46,45767,84400,-23.11,-235.4,0.12,-44.35,50.09,7753,9.64,9.63,0.1,72001,69273,84400,88910,1.77,خروج مستمر پول حقیقی | سهم صفی: 11 روز از ۲۰ روز در صف (ریسک نقدشوندگی و اجرای حد ضرر) | 75٪ بالای MA200 | سرانه خرید ضعیف (0.12) | حد ضرر دور (7.3٪) | صف فروش در ۵ روز اخیر
نتوس,پشم‌ بافی‌ توس,منسوجات,47,خنثی,100,60,35,25,2116,20261004,5.6,41.3,146.7,100.1,16.2,50.2,108.2,98.4,17,0,true,89.2,2.54,above,-1.3,0.27,1148,,0,0,6.75,1.37,1.13,156,13.56,,,2062,2009,2277,2384,1.5,نقدشوندگی پایین | اشباع خرید | فاصله زیاد از MA20 | سهم صفی: 17 روز از ۲۰ روز در صف (ریسک نقدشوندگی و اجرای حد ضرر) | رشد عمودی (147٪ در ۶۰ روز، 50٪ بالای MA50) | 108٪ بالای MA200 | نقدشوندگی کمتر از ۱۰ میلیارد تومان
خزر,فنرسازی‌زر,خودرو و ساخت قطعات,46.9,خنثی,65,38,27.3,52,2044,20261004,1.5,-8.1,43.7,-2.9,-7,4.7,44.9,47.5,4,0,false,29.6,3.73,above,-19.4,1.01,1964,2537,0.33,-7.36,0.85,-11.91,12.49,394,5.19,,,1968,1926,2537,2690,4.17,
فلوله,لوله‌وماشین‌سازی‌ایران‌,فلزات اساسی,46.9,خنثی,41,30,54.2,60,2530,20261004,2.2,-7.1,20.1,-26.5,-4.7,-2.5,23,44.3,0,0,false,22.3,4.22,inside,-15.4,1.15,2401,2619,3.93,14.94,0.85,-6.6,10.29,226,11.19,13.48,-17,2423,2348,2619,2669,0.49,توزیع: ورود حقیقی با سرانه خرید ضعیف (0.60 در ۲۰ روز) | حد ضرر دور (7.2٪)
ثعمرا,عمران و توسعه شاهد,انبوه سازی، املاک و مستغلات,46.8,خنثی,70,30,65.2,14,14910,20261004,-2.2,3.9,33.3,-13.2,-4,7.2,44.7,49.3,0,0,false,24,3.63,above,-10.1,1.24,14511,16592,0.03,0.75,1.15,0,3.04,378,39.44,23.59,67.2,14511,14240,16592,17675,2.51,واگرایی منفی RSI | P/E بالا (39) | واگرایی منفی | نقدشوندگی کمتر از ۱۰ میلیارد تومان
تکنار,مجتمع معادن مس تکنار,استخراج کانه های فلزی,46.8,خنثی,100,70,61,10,172100,20261003,15.7,67.1,172.1,125.6,27.1,74.4,160,98.7,17,0,true,72.9,2.41,above,0,0.25,73341,,0,3.98,3.76,1.6,1.55,,,,,167946,163791,184563,192871,1.5,نقدشوندگی پایین | اشباع خرید | فاصله زیاد از MA20 | بدون EPS مثبت | سهم صفی: 17 روز از ۲۰ روز در صف (ریسک نقدشوندگی و اجرای حد ضرر) | رشد عمودی (172٪ در ۶۰ روز، 74٪ بالای MA50) | 160٪ بالای MA200 | نقدشوندگی کمتر از ۱۰ میلیارد تومان | آخرین معامله 20261003 (متوقف یا کم‌معامله)
امین,تامین سرمایه امین,فعالیتهای کمکی به نهادهای مالی واسط,46.6,خنثی,100,55,35.5,47,2866,20261003,7.1,8.2,32.4,-14.1,4.2,12.4,35.4,67.3,0,0,false,29.7,2.83,above,-1.1,0.97,2800,2898,-3.46,-12.03,7.78,4.24,1.93,469,6.11,5.92,3.2,2800,2759,2898,3060,0.3,نقدشوندگی پایین | واگرایی منفی RSI | خروج مستمر پول حقیقی | واگرایی منفی | نقدشوندگی کمتر از ۱۰ میلیارد تومان | شناوری کم (10٪) | آخرین معامله 20261003 (متوقف یا کم‌معامله)
وبرق,س.کارکنان صنعت برق زنجان وقزوی,سرمایه گذاریها,46.6,خنثی,85,60,1.5,35,60160,20261004,-2.4,2.7,85.8,39.3,-6.9,14.1,73.7,49.1,6,1,false,56.4,3.8,above,-18.7,1.31,56590,61600,-3.62,-2.77,0.84,-10.62,14.52,4946,12.16,,,57872,55446,61600,74000,0.31,واگرایی منفی RSI | سهم صفی: 6 روز از ۲۰ روز در صف (ریسک نقدشوندگی و اجرای حد ضرر) | 74٪ بالای MA200 | واگرایی منفی | حد ضرر دور (7.8٪) | صف فروش در ۵ روز اخیر
ونوین,بانک‌اقتصادنوین‌,بانکها و موسسات اعتباری,46.4,خنثی,85,45,0.5,47,3780,20261004,-4.5,3.3,30.1,-16.5,-2.4,6.4,72.8,50.3,1,0,false,33.2,3.79,above,-10,0.88,3680,3870,-300.15,-501.44,0.52,-342.33,223.05,711,5.32,5.4,-1.5,3680,3608,3870,4200,0.52,واگرایی منفی RSI | خروج مستمر پول حقیقی | 73٪ بالای MA200 | سرانه خرید ضعیف (0.52) | واگرایی منفی
فبستم,صنایع ‌بسته‌بندی‌ مشهد,ساخت محصولات فلزی,46.4,خنثی,65,30,53.5,30,16260,20261004,-2,-4,13.9,-32.7,-5.8,0.9,5.9,45.5,1,0,false,23.1,4.44,above,-17.2,2.77,15862,16648,4.06,7.1,0.38,-21.86,3.06,396,41.06,,,15862,15501,16648,17119,0.51,P/E بالا (41) | توزیع: ورود حقیقی با سرانه خرید ضعیف (0.56 در ۲۰ روز) | سرانه خرید ضعیف (0.38) | نقدشوندگی کمتر از ۱۰ میلیارد تومان
فمراد,آلومراد,فلزات اساسی,46.3,خنثی,100,55,11.3,10,3830,20261004,3,7.3,32.1,-14.5,1.6,13.4,39.9,61.2,2,0,false,35.4,3.74,above,-6.6,0.96,3780,4100,-1.18,-3.63,1.21,-2.91,7.46,,,13.48,,3780,3708,4100,4387,2.22,واگرایی منفی RSI | بدون EPS مثبت | واگرایی منفی | نقدشوندگی کمتر از ۱۰ میلیارد تومان
تپولا,مهندسی مرآت پولاد,خدمات فنی و مهندسی,46.3,خنثی,100,75,35,10,20610,20261004,10.9,23.3,51.7,5.1,5.5,17.8,39,66.3,7,0,false,38.4,3.47,above,-4.8,0.9,19390,21640,0,0,1.61,2.12,1.31,,,,,19895,19032,21640,23071,0.65,نقدشوندگی پایین | بدون EPS مثبت | سهم صفی: 7 روز از ۲۰ روز در صف (ریسک نقدشوندگی و اجرای حد ضرر) | حد ضرر دور (7.7٪) | نقدشوندگی کمتر از ۱۰ میلیارد تومان
حگردش,ریل گردش ایرانیان,حمل ونقل، انبارداری و ارتباطات,46.2,خنثی,40,30,72.7,40,2233,20261004,-2.1,3,8.9,-37.6,-3.3,3.3,-4.5,47.2,0,0,false,15.6,3.6,above,-33.9,0.87,2194,2266,0.67,7.61,1.05,1.72,5.13,68,32.84,,,2194,2154,2266,2346,0.42,واگرایی منفی RSI | P/E بالا (33) | واگرایی منفی | نقدشوندگی کمتر از ۱۰ میلیارد تومان
آبادا,تولید نیروی برق آبادان,عرضه برق، گاز، بخاروآب گرم,46.1,خنثی,100,55,36.5,4,11420,20261003,0.4,2.9,27.9,-18.6,0.5,8.5,39.4,54.3,0,0,false,22.1,3.44,above,-5.1,0.87,11194,11870,-5.77,-6.89,6.31,9.53,4.19,272,41.99,7.09,492.2,11194,10997,11870,12656,1.06,خروج مستمر پول حقیقی | P/E بالا (42) | نقدشوندگی کمتر از ۱۰ میلیارد تومان | شناوری کم (10٪) | آخرین معامله 20261003 (متوقف یا کم‌معامله)
زفکا,کشت و دامداری فکا,زراعت و خدمات وابسته,46.1,خنثی,65,20,43.4,47,7950,20261004,-2.6,-0.3,11.3,-35.2,-5,0.3,41.4,45.3,2,0,false,14.4,3.8,above,-13.7,1.46,7808,8130,3.9,21.5,0.86,-86.25,31.34,910,8.74,8.07,8.3,7808,7656,8130,8470,0.61,بدون روند (ADX پایین) | توزیع: ورود حقیقی با سرانه خرید ضعیف (0.65 در ۲۰ روز) | 219٪ بالای کف ۵۲ هفته
دکوثر,داروسازی‌ کوثر,مواد و محصولات دارویی,46,خنثی,95,75,5.9,4,20890,20261004,2.3,2.5,152,105.5,2.3,13.3,83.2,57.1,1,0,false,35.1,3.45,above,-7.2,0.76,20420,21270,-23.32,-6.14,0.98,-14.14,52.2,1031,20.26,12.91,56.9,20420,20060,21270,21600,0.46,رشد عمودی (152٪ در ۶۰ روز، 13٪ بالای MA50) | 83٪ بالای MA200
خزامیا,زامیاد,خودرو و ساخت قطعات,45.9,خنثی,90,65,3.6,20,1703,20261004,-1.3,3,54.9,8.3,-0.1,14.1,41.6,55.5,1,0,false,42.4,3.41,above,-4.9,0.94,1630,1727,-72.74,-39.92,0.84,-149.07,150.71,85,20.04,,,1645,1601,1727,1767,0.24,
فماک,ماداکتو استیل کرد,فلزات اساسی,45.8,خنثی,100,65,2,9,31450,20261004,-2.3,17.7,127.4,80.8,1.7,28.7,121.2,62.2,6,1,false,68.4,3.63,above,-8.7,0.78,31022,34050,-5.4,-13.02,0.67,-10.77,9.95,2086,15.08,8.05,87.3,31022,30451,34050,36333,2.6,واگرایی منفی RSI | خروج مستمر پول حقیقی | سهم صفی: 6 روز از ۲۰ روز در صف (ریسک نقدشوندگی و اجرای حد ضرر) | رشد عمودی (127٪ در ۶۰ روز، 29٪ بالای MA50) | 121٪ بالای MA200 | سرانه خرید ضعیف (0.67) | واگرایی منفی | نقدشوندگی کمتر از ۱۰ میلیارد تومان | صف فروش در ۵ روز اخیر
سرود,سیمان‌شاهرود,سیمان، آهک و گچ,45.7,خنثی,80,63,2.5,34,19040,20261004,-0.6,7.4,42.7,-3.8,0,9.7,87.8,55.7,2,1,false,28.6,3.69,above,-6.8,1.38,17577,20430,-86.57,-61.37,0.49,-202.16,63.56,2424,7.85,7.14,10,18337,17281,20430,21837,0.79,واگرایی منفی RSI | 88٪ بالای MA200 | سرانه خرید ضعیف (0.49) | واگرایی منفی | حد ضرر دور (9.2٪) | صف فروش در ۵ روز اخیر
تکمبا,کمباین‌ سازی‌ ایران‌,ماشین آلات و تجهیزات,45.7,خنثی,85,63,4.3,26,8590,20261004,2.9,8.9,37.3,-9.3,-1.5,9.6,36.1,54.3,4,0,false,38,3.79,above,-13.1,0.92,8320,9890,-1.81,-0.02,0.93,-2.05,5.45,809,10.62,5.15,106.2,8320,8157,9890,10542,3,نقدشوندگی کمتر از ۱۰ میلیارد تومان
گشان,توسعه بین المللی پدیده شاندیز,هتل و رستوران,45.7,خنثی,70,30,32.7,42,27310,20261004,1.1,-3.5,25.8,-20.8,-4.9,-0.6,40.3,43.9,0,0,false,29.1,3.85,above,-14,0.99,26500,28050,-4.78,-33.44,1.47,13.66,12.23,3153,8.66,,,26500,25974,28050,29990,0.55,واگرایی منفی RSI | خروج مستمر پول حقیقی | واگرایی منفی
پدرخش,درخشان‌ تهران‌,لاستیک و پلاستیک,45.6,خنثی,90,40,16.5,26,6050,20261004,-2.1,2.9,23.7,-22.8,-6.7,6.3,46.9,47.2,5,0,false,28.6,3.81,above,-18.1,1.24,5729,7390,-1.73,3.92,0.77,-15.33,11.05,534,11.33,8.21,38,5819,5614,7390,7851,3.07,توزیع: ورود حقیقی با سرانه خرید ضعیف (0.82 در ۲۰ روز) | 166٪ بالای کف ۵۲ هفته | سرانه خرید ضعیف (0.77) | حد ضرر دور (7.2٪)
وسکاب,س.ص.بازنشستگی کارکنان بانکها,سرمایه گذاریها,45.6,خنثی,31,30,64.3,57,3210,20261004,1.3,-2.1,22.1,-24.4,-1.4,-4.1,43.5,46,0,0,false,18.6,3.48,inside,-18.1,0.65,3040,3250,3.85,0.35,1.09,1.82,13.26,437,7.35,7.13,3,3098,2984,3250,3500,0.18,توزیع: ورود حقیقی با سرانه خرید ضعیف (0.78 در ۲۰ روز) | 178٪ بالای کف ۵۲ هفته | حد ضرر دور (7.0٪)
گوهران,سرمایه گذاری توسعه گوهران امید,سرمایه گذاریها,45.6,خنثی,100,70,9.3,37,6870,20261004,4.4,12.3,68.4,21.8,6.9,14.1,69.4,81.6,0,0,true,41.6,2.42,above,-0.9,0.87,6760,,-0.28,-13.03,1.05,-0.75,2.2,725,9.48,8.73,8.5,6760,6677,7370,7703,2.59,نقدشوندگی پایین | واگرایی منفی RSI | اشباع خرید | خروج مستمر پول حقیقی | 69٪ بالای MA200 | واگرایی منفی | نقدشوندگی کمتر از ۱۰ میلیارد تومان
فجوش,جوش‌ و اکسیژن‌ ایران‌,ساخت محصولات فلزی,45.4,خنثی,100,70,35.5,10,5370,20261004,4.9,17,133.8,87.3,10.8,32.2,139.2,92.5,9,0,true,67.7,2,above,-0.9,0.44,4630,,0,-0.46,1.78,0.33,0.82,,,,,5262,5155,5693,5908,1.5,نقدشوندگی پایین | اشباع خرید | بدون EPS مثبت | سهم صفی: 9 روز از ۲۰ روز در صف (ریسک نقدشوندگی و اجرای حد ضرر) | رشد عمودی (134٪ در ۶۰ روز، 32٪ بالای MA50) | 139٪ بالای MA200 | نقدشوندگی کمتر از ۱۰ میلیارد تومان
سبزوا,سیمان لار سبزوار,سیمان، آهک و گچ,45.3,خنثی,100,65,5.4,4,12780,20261004,-7.1,38.6,66.6,20.1,6.7,30,85.9,69.2,10,0,false,63.6,3.24,above,-9.7,1.46,9780,14160,-37.59,-16.48,0.91,-29.02,24.22,615,20.78,6.69,210.6,12366,11951,14160,14989,1.66,سهم صفی: 10 روز از ۲۰ روز در صف (ریسک نقدشوندگی و اجرای حد ضرر) | رشد عمودی (67٪ در ۶۰ روز، 30٪ بالای MA50) | 86٪ بالای MA200
ورنا,سرمایه‌گذاری‌ رنا(هلدینگ‌,خودرو و ساخت قطعات,45.1,خنثی,90,45,16.4,20,7310,20261004,3.1,-2.7,30.5,-16,-2.6,12.2,48.4,53.6,2,0,false,39.3,3.69,above,-8.5,0.73,6995,7975,-3.84,-139.19,1.4,-21.06,104.55,218,33.53,,,7041,6860,7975,8514,1.48,واگرایی منفی RSI | خروج مستمر پول حقیقی | P/E بالا (34) | 160٪ بالای کف ۵۲ هفته | واگرایی منفی
قشکر,شکر,قند و شکر,44.8,خنثی,85,50,27.1,10,5090,20261004,2,-4.9,69.8,23.3,-6.7,8.8,54.8,48.6,5,0,false,33.1,3.45,above,-18.2,1.06,4890,5320,0.27,-2.71,0.84,-6.56,6.91,,,9.8,,4914,4802,5320,6220,0.8,بدون EPS مثبت | 55٪ بالای MA200 | نقدشوندگی کمتر از ۱۰ میلیارد تومان
دشیری,شیرین دارو,مواد و محصولات دارویی,44.5,خنثی,100,70,10.1,32,478500,20261004,15.5,34,62.8,16.2,19.2,34,87.2,84.4,3,0,true,59.3,2.9,above,0,0.9,405500,,-1.63,-0.99,1.11,-0.55,2.75,57790,8.28,,,464605,450710,520186,547976,1.5,نقدشوندگی پایین | واگرایی منفی RSI | اشباع خرید | فاصله زیاد از MA20 | رشد عمودی (63٪ در ۶۰ روز، 34٪ بالای MA50) | 87٪ بالای MA200 | واگرایی منفی | نقدشوندگی کمتر از ۱۰ میلیارد تومان
ثعتما,س. ساختمانی اعتماد گستر,انبوه سازی، املاک و مستغلات,44.4,خنثی,100,70,31.7,10,55500,20261004,10.2,36,114.2,67.7,19.3,34.4,74.5,87.9,1,0,true,53.4,3.59,above,-1.5,0.72,44602,,-0.98,-5.2,1.47,2.58,1.9,,,,,53508,51516,61476,65461,1.5,نقدشوندگی پایین | واگرایی منفی RSI | اشباع خرید | فاصله زیاد از MA20 | خروج مستمر پول حقیقی | بدون EPS مثبت | رشد عمودی (114٪ در ۶۰ روز، 34٪ بالای MA50) | 75٪ بالای MA200 | واگرایی منفی | حد ضرر دور (7.2٪) | نقدشوندگی کمتر از ۱۰ میلیارد تومان
کدما,معدنی‌ دماوند,استخراج کانه های فلزی,44.3,خنثی,85,40,3,40,85830,20261004,0.9,3.2,11.1,-35.4,-3.2,3.5,45.6,48.3,3,0,false,23.4,3.46,above,-13.4,1.12,83300,91475,-8.14,-14.86,0.9,-10.31,16.71,6579,13.05,13.76,-5.2,83300,81815,91475,99130,1.41,واگرایی منفی RSI | 169٪ بالای کف ۵۲ هفته | واگرایی منفی
وملت,سرمایه گذاری ملت,سرمایه گذاریها,44.3,خنثی,100,50,45,32,4470,20260922,4,10.6,30.6,-15.9,5.1,11.8,23,99.4,20,0,true,92.6,0.86,above,-0.7,1.92,3935,,0,0,5.58,0.53,0.07,491,9.1,,,4432,4394,4585,4661,1.5,نقدشوندگی پایین | اشباع خرید | سهم صفی: 20 روز از ۲۰ روز در صف (ریسک نقدشوندگی و اجرای حد ضرر) | نقدشوندگی کمتر از ۱۰ میلیارد تومان | آخرین معامله 20260922 (متوقف یا کم‌معامله)
مبین,مبین انرژی خلیج فارس,عرضه برق، گاز، بخاروآب گرم,44.2,خنثی,25,33,53.5,67,11370,20261004,-3.2,-11.7,-18.5,-65.1,-6.6,-18.1,3.5,30.6,0,0,true,27.5,4.28,below,-34.5,0.61,10597,11750,103.47,1755.4,0.58,-257.73,270.63,1581,7.19,7.09,1.4,10884,10354,11750,12284,0.37,توزیع: ورود حقیقی با سرانه خرید ضعیف (0.60 در ۲۰ روز) | سرانه خرید ضعیف (0.58) | حد ضرر دور (8.9٪)
هرمز,فولاد هرمزگان جنوب,فلزات اساسی,44.2,خنثی,90,53,2.4,24,4390,20261004,2.3,14.9,36.8,-9.8,-0.3,15.8,93.9,57.6,9,2,false,45.1,3.19,above,-8.4,0.63,3700,,-14.53,-187.91,0.82,-30.39,50.97,435,10.09,8.05,25.4,4250,4110,4809,5089,1.5,واگرایی منفی RSI | خروج مستمر پول حقیقی | سهم صفی: 9 روز از ۲۰ روز در صف (ریسک نقدشوندگی و اجرای حد ضرر) | 94٪ بالای MA200 | واگرایی منفی | صف فروش در ۵ روز اخیر
وفیروزه,گروه توسعه مالی فیروزه,سرمایه گذاریها,44.2,خنثی,68,55,35,16,5310,20261004,3.1,2.1,23.8,-22.8,1.6,6.5,,56.3,1,0,false,15.6,3.21,,-6.5,0.73,5010,5495,-10.54,-83.73,4.99,40.59,17.66,451,11.77,7.13,65.1,5139,4925,5495,5680,0.48,واگرایی منفی RSI | خروج مستمر پول حقیقی | واگرایی منفی | حد ضرر دور (7.3٪)
سیلام,سیمان‌ ایلام‌,سیمان، آهک و گچ,44.1,خنثی,100,55,3.6,9,22650,20261004,2.2,3.5,32.8,-13.8,1.8,11.4,39.7,57.9,0,0,false,21.3,3.83,above,-3.1,1.02,20810,23330,-6.44,-18.97,0.92,-7.84,5.99,1179,19.21,7.14,169.1,21783,20483,23330,25064,0.31,واگرایی منفی RSI | خروج مستمر پول حقیقی | واگرایی منفی | حد ضرر دور (9.6٪) | نقدشوندگی کمتر از ۱۰ میلیارد تومان
بهپاک,صنعتی بهپاک,محصولات غذایی و آشامیدنی به جز قند و شکر,44.1,خنثی,50,30,2.5,90,15540,20261004,0.3,-8.7,11.1,-35.5,-5.8,-0.7,65.2,44.9,2,0,false,15.8,3.59,above,-15.4,0.94,14993,15700,-8.37,-34.13,0.67,-36.27,29.98,3539,4.39,7.05,-37.7,14993,14714,15700,16300,0.19,خروج مستمر پول حقیقی | 65٪ بالای MA200 | سرانه خرید ضعیف (0.67)
لسرما,سرما آفرین‌,ماشین آلات و تجهیزات,44.1,خنثی,85,50,15.5,19,6370,20261004,-2.9,2.3,53.8,7.3,-6.3,4.8,34.6,46.1,6,0,false,39.6,3.65,above,-16.5,1.4,5885,6574,-1.63,2.59,0.77,-13.86,6.96,411,15.5,5.15,200.9,6138,5789,6574,6992,0.35,سهم صفی: 6 روز از ۲۰ روز در صف (ریسک نقدشوندگی و اجرای حد ضرر) | توزیع: ورود حقیقی با سرانه خرید ضعیف (0.82 در ۲۰ روز) | سرانه خرید ضعیف (0.77) | حد ضرر دور (9.1٪) | نقدشوندگی کمتر از ۱۰ میلیارد تومان
کهرام,تولیدی گرانیت بهسرام,کاشی و سرامیک,44.1,خنثی,100,70,50.5,10,36450,20260930,5,20.9,52.3,5.8,10,26.1,56.2,85.4,8,0,true,61.2,2.34,above,-2.6,0.85,32582,,0,0.05,2.93,0.81,0.66,,,,,35599,34747,39004,40707,1.5,نقدشوندگی پایین | اشباع خرید | بدون EPS مثبت | سهم صفی: 8 روز از ۲۰ روز در صف (ریسک نقدشوندگی و اجرای حد ضرر) | 56٪ بالای MA200 | نقدشوندگی کمتر از ۱۰ میلیارد تومان | آخرین معامله 20260930 (متوقف یا کم‌معامله)
حگهر,حمل و نقل گهرترابر سیرجان,حمل ونقل، انبارداری و ارتباطات,43.6,خنثی,41,40,26,67,2839,20261004,-0.1,0.5,18,-28.5,-4.9,-3.7,7.1,43.5,5,0,false,21.5,3.48,inside,-31,0.47,2784,2921,-2.93,23.94,0.69,-5.1,7.55,397,7.15,7.68,-6.9,2784,2735,2921,3120,0.79,واگرایی منفی RSI | توزیع: ورود حقیقی با سرانه خرید ضعیف (0.89 در ۲۰ روز) | سرانه خرید ضعیف (0.69) | واگرایی منفی | نقدشوندگی کمتر از ۱۰ میلیارد تومان
غبهنوش,بهنوش‌ ایران‌,محصولات غذایی و آشامیدنی به جز قند و شکر,43.3,خنثی,90,65,9.3,4,92910,20261004,13.6,32.7,26,-20.6,16.7,15.8,30,73,2,0,true,25.6,3.04,above,-9.8,0.92,90023,97150,-21.44,-24.62,1.11,-1.03,17.05,1714,54.21,8.53,535.5,90087,88611,97150,100805,0.99,فاصله زیاد از MA20 | خروج مستمر پول حقیقی | P/E بالا (54)
ولانا,شرکت لیزینگ آریا دانا,سایر واسطه گریهای مالی,43.3,خنثی,90,65,3,10,4900,20261004,-7.5,10.9,55.7,9.2,-1.5,12.3,21.8,52.5,4,0,false,46.9,3.64,above,-14.2,1.3,4801,5710,-0.47,-0.35,0.9,-4.17,4.12,,,,,4801,4712,5710,6067,4.3,بدون EPS مثبت | نقدشوندگی کمتر از ۱۰ میلیارد تومان
بتک,کارخانجات کابل سازی‌ تک‌,ماشین آلات و دستگاه‌های برقی,43.2,خنثی,100,58,46.2,20,254100,20261003,6,13.1,41.7,-4.9,7.8,18.7,30.8,81.7,4,0,true,39.4,2.27,above,-0.5,1.28,243428,,0,0.15,1.05,0.26,0.42,260,977.31,,,248336,240546,271392,282920,1.28,نقدشوندگی پایین | اشباع خرید | P/E بالا (977) | نقدشوندگی کمتر از ۱۰ میلیارد تومان | آخرین معامله 20261003 (متوقف یا کم‌معامله)
خساپا,سایپا,خودرو و ساخت قطعات,43.2,خنثی,65,45,48.6,10,693,20261004,1.6,-6.2,23.1,-23.4,-4,8.3,29.6,50.7,1,0,false,24.1,3.79,above,-12.1,0.94,669,788,210.06,166.96,1.02,-197.32,427.8,,,,,669,656,788,840,2.56,بدون EPS مثبت | توزیع: ورود حقیقی با سرانه خرید ضعیف (0.65 در ۲۰ روز)
غبشهر,صنعتی‌ بهشهر,محصولات غذایی و آشامیدنی به جز قند و شکر,43.1,خنثی,100,60,0.5,24,19210,20260930,5.5,20.6,246,199.5,6.7,38.3,223.5,76,7,0,false,75.5,3.09,above,-1.9,0.99,16520,19540,-50.16,-112.27,0.59,-128.49,71.06,2019,9.51,8.53,11.5,18616,18022,19540,20728,0.28,خروج مستمر پول حقیقی | سهم صفی: 7 روز از ۲۰ روز در صف (ریسک نقدشوندگی و اجرای حد ضرر) | رشد عمودی (246٪ در ۶۰ روز، 38٪ بالای MA50) | 223٪ بالای MA200 | سرانه خرید ضعیف (0.59) | آخرین معامله 20260930 (متوقف یا کم‌معامله)
کارام,صنایع سرام آرا,کاشی و سرامیک,43.1,خنثی,90,80,50.5,10,2034,20260922,9.8,12.7,-8.7,-55.2,11.5,19.7,0.3,67.5,3,0,true,25.1,3.33,above,-24.6,0.99,1968,2122,-0.03,0.44,3.21,0.07,0.49,,,,,1968,1934,2122,2166,0.88,نقدشوندگی پایین | بدون EPS مثبت | نقدشوندگی کمتر از ۱۰ میلیارد تومان | آخرین معامله 20260922 (متوقف یا کم‌معامله)
تشتاد,صنایع تولیدی اشتاد ایران‌,خودرو و ساخت قطعات,43.1,خنثی,100,63,32,10,7460,20261004,2.5,37.6,43.8,-2.7,12.6,33.7,45.4,73.6,6,1,true,56.4,3.05,above,-5.6,0.92,6400,,0,-0.12,1.48,1.39,1.07,,,,,7233,7005,8142,8597,1.5,نقدشوندگی پایین | بدون EPS مثبت | سهم صفی: 6 روز از ۲۰ روز در صف (ریسک نقدشوندگی و اجرای حد ضرر) | رشد عمودی (44٪ در ۶۰ روز، 34٪ بالای MA50) | نقدشوندگی کمتر از ۱۰ میلیارد تومان | صف فروش در ۵ روز اخیر
چنوپا,نیوپان‌ 22 بهمن‌,محصولات چوبی,43,خنثی,63,45,20.5,40,16740,20261004,1.8,9.6,2.9,-43.6,3.9,8.3,-14.9,57.2,3,0,false,18.8,3.5,above,-49.6,1.15,16250,17439,0,9.73,1,-3.72,12.61,620,27,,,16250,15957,17439,17720,0.89,توزیع: ورود حقیقی با سرانه خرید ضعیف (0.86 در ۲۰ روز)
قشیر,قند شیروان قوچان و بجنورد,قند و شکر,43,خنثی,65,53,4.7,47,15920,20261004,-0.4,-1.8,37.2,-9.4,-3.3,7,43.4,51,0,0,false,25.3,3.79,above,-10.9,0.98,15105,16700,-3.43,-8.13,0.95,-1.34,7.54,1524,10.45,9.57,9.2,15317,14803,16700,17860,0.7,خروج مستمر پول حقیقی | حد ضرر دور (7.0٪) | نقدشوندگی کمتر از ۱۰ میلیارد تومان
کساپا,سایپاشیشه‌,سایر محصولات کانی غیرفلزی,42.9,خنثی,65,40,51.8,10,3590,20261004,1.1,2,19.3,-27.3,-2.5,4.5,22.1,49.7,3,0,false,21.7,3.54,above,-10,0.67,3490,3790,0.33,1.17,1.21,-0.01,4.5,,,12.75,,3490,3427,3790,3990,1.22,واگرایی منفی RSI | بدون EPS مثبت | توزیع: ورود حقیقی با سرانه خرید ضعیف (0.87 در ۲۰ روز) | واگرایی منفی | نقدشوندگی کمتر از ۱۰ میلیارد تومان
دفرا,فرآورده‌های‌ تزریقی‌ ایران‌,مواد و محصولات دارویی,42.9,خنثی,31,55,63.5,27,48310,20261004,0.1,-7,27.1,-19.4,-0.7,-3.8,77.2,47.6,4,0,true,22,3.83,inside,-13.7,1.47,46720,50383,4.01,59.61,0.66,-24.51,12.69,3353,14.41,12.91,11.6,46720,45795,50383,51190,0.82,توزیع: ورود حقیقی با سرانه خرید ضعیف (0.65 در ۲۰ روز) | 77٪ بالای MA200 | سرانه خرید ضعیف (0.66)
زدشت,کشت و صنعت دشت خرم دره,زراعت و خدمات وابسته,42.9,خنثی,85,55,1.5,24,9750,20261004,2.2,5.2,21.9,-24.7,-1.2,7.9,49.8,53.2,0,0,false,30,3.81,above,-9.3,0.95,9210,10180,-16.63,-10.73,0.73,-16.11,14.78,1023,9.53,8.07,18.1,9378,9024,10180,10750,0.59,واگرایی منفی RSI | 178٪ بالای کف ۵۲ هفته | سرانه خرید ضعیف (0.73) | واگرایی منفی | حد ضرر دور (7.4٪)
ساروج,بین المللی ساروج بوشهر,سیمان، آهک و گچ,42.8,خنثی,56,30,2,78,57100,20261004,-1,4,-7.4,-53.9,-2.2,0.1,8.5,47.4,1,0,false,14.3,3.36,inside,-18.2,0.9,55712,57816,-7.35,-1.45,0.54,-10.24,4.97,11890,4.8,6.69,-28.2,55712,54753,57816,59320,0.31,بدون روند (ADX پایین) | سرانه خرید ضعیف (0.54) | نقدشوندگی کمتر از ۱۰ میلیارد تومان
بساما,بیمه سامان,بیمه وصندوق بازنشستگی به جزتامین اجتماعی,42.8,خنثی,100,50,1,10,15130,20261004,-1.3,30.5,47.8,1.3,6.3,23.8,43.3,73.7,0,0,false,53.5,3.1,above,-5.4,0.6,14590,15990,-8.7,-16.36,0.43,-8.19,4.84,,,18.13,,14661,14355,15990,16929,1.11,خروج مستمر پول حقیقی | بدون EPS مثبت | سرانه خرید ضعیف (0.43) | نقدشوندگی کمتر از ۱۰ میلیارد تومان
ومعلم,بیمه معلم,بیمه وصندوق بازنشستگی به جزتامین اجتماعی,42.7,خنثی,90,45,56.9,10,3250,20261004,-3,2.2,33.5,-13.1,-2.6,6.7,14.5,51,3,2,false,23.2,3.73,above,-10,0.85,3132,3339,0.2,3.37,1.04,-1.06,2.83,,,18.13,,3132,3071,3339,3410,0.5,نقدشوندگی پایین | بدون EPS مثبت | نقدشوندگی کمتر از ۱۰ میلیارد تومان | صف فروش در ۵ روز اخیر
قنقش,قند نقش جهان,قند و شکر,42.7,خنثی,90,63,2.4,10,1978,20261004,2,9.3,40.7,-5.9,1.1,8.2,7.2,58.8,1,0,false,26.4,3.79,above,-28.8,0.81,1921,2008,-6.63,-11.16,0.86,-3.11,4.99,,,,,1921,1884,2008,2067,0.32,خروج مستمر پول حقیقی | بدون EPS مثبت | نقدشوندگی کمتر از ۱۰ میلیارد تومان
قمرو,قند مرودشت‌,قند و شکر,42.7,خنثی,41,30,15.5,82,9660,20261004,-2.6,-4,19,-27.6,-5.8,-1.9,48.5,41.9,1,0,false,13.6,3.77,inside,-14.3,0.88,9510,9870,-0.42,6.48,0.56,-16.06,7.98,1450,6.66,9.8,-32,9510,9328,9870,10180,0.63,بدون روند (ADX پایین) | توزیع: ورود حقیقی با سرانه خرید ضعیف (0.58 در ۲۰ روز) | 214٪ بالای کف ۵۲ هفته | سرانه خرید ضعیف (0.56) | نقدشوندگی کمتر از ۱۰ میلیارد تومان
شاوان,پالایش نفت لاوان,فراورده های نفتی، کک و سوخت هسته ای,42.7,خنثی,100,35,5.6,37,54330,20261003,7.2,40.9,129.3,82.7,10.6,51.2,115.3,80.6,10,0,false,82.1,3.2,above,-1.9,0.69,49720,,-114.8,-314.37,0.99,-64.27,140.04,6145,8.84,8.12,8.9,52593,49988,59540,63014,1.2,اشباع خرید | خروج مستمر پول حقیقی | سهم صفی: 10 روز از ۲۰ روز در صف (ریسک نقدشوندگی و اجرای حد ضرر) | رشد عمودی (129٪ در ۶۰ روز، 51٪ بالای MA50) | 115٪ بالای MA200 | حد ضرر دور (8.0٪) | آخرین معامله 20261003 (متوقف یا کم‌معامله)
زاگرس,پتروشیمی زاگرس,محصولات شیمیایی,42.6,خنثی,90,65,1.5,9,164600,20261004,-2.1,12,49.9,3.3,-1.3,14.3,37.9,55,2,1,false,51.4,3.3,above,-7.5,1.42,150200,168899,-98.32,-82.9,0.51,-132.17,35.92,9222,17.85,8.01,122.8,159164,151011,168899,177850,0.32,واگرایی منفی RSI | خروج مستمر پول حقیقی | سرانه خرید ضعیف (0.51) | واگرایی منفی | حد ضرر دور (8.3٪) | صف فروش در ۵ روز اخیر
گپارس,امور رفاهی کارگزاران پارس,هتل و رستوران,42.6,خنثی,100,63,39.9,20,288200,20261003,4.2,25.1,42.9,-3.7,9.6,17,54.4,78.7,0,0,true,24.6,3.99,above,-3.7,1.24,220600,293550,0,-0.17,1.4,1.1,0.61,723,398.62,,,276698,265196,293550,316554,0.23,نقدشوندگی پایین | اشباع خرید | P/E بالا (399) | 54٪ بالای MA200 | حد ضرر دور (8.0٪) | نقدشوندگی کمتر از ۱۰ میلیارد تومان | آخرین معامله 20261003 (متوقف یا کم‌معامله)
بکهنوج,تولید برق ماهتاب کهنوج,عرضه برق، گاز، بخاروآب گرم,42.5,خنثی,85,63,27.6,10,1254,20260930,3.5,0.2,41.7,-4.8,-2.3,8,,52.5,4,1,false,31.8,3.5,above,-12.4,0.88,1211,1293,-0.33,-5.67,1.22,1.77,3.26,,,,,1211,1189,1293,1432,0.59,خروج مستمر پول حقیقی | بدون EPS مثبت | نقدشوندگی کمتر از ۱۰ میلیارد تومان | صف فروش در ۵ روز اخیر | آخرین معامله 20260930 (متوقف یا کم‌معامله)
فسا,پتروشیمی فسا,محصولات شیمیایی,42.5,خنثی,100,50,45,25,864,20261003,6.2,12.6,18.6,-28,10.8,18.2,24.2,82.3,16,0,true,50.4,1.84,above,0,1.28,852,,-0.11,-0.11,6.72,0.67,0.18,47,18.38,,,852,844,912,943,2.44,نقدشوندگی پایین | اشباع خرید | سهم صفی: 16 روز از ۲۰ روز در صف (ریسک نقدشوندگی و اجرای حد ضرر) | نقدشوندگی کمتر از ۱۰ میلیارد تومان | آخرین معامله 20261003 (متوقف یا کم‌معامله)
چفیبر,تولید فیبر ایران‌,محصولات چوبی,42.4,خنثی,41,30,61.2,35,6780,20261004,9.5,-12.5,-8.1,-54.7,-4.7,-1.1,28.7,45.6,7,0,false,31.7,3.69,inside,-20.6,0.93,6120,7560,3.77,-0.61,1.57,4.29,7.22,224,30.27,28.93,4.6,6530,6155,7560,8540,1.25,سهم صفی: 7 روز از ۲۰ روز در صف (ریسک نقدشوندگی و اجرای حد ضرر) | P/E بالا (30) | حد ضرر دور (9.2٪) | نقدشوندگی کمتر از ۱۰ میلیارد تومان
وثخوز,سرمایه گذاری و توسعه خوزستان,انبوه سازی، املاک و مستغلات,42.3,خنثی,41,80,86.1,10,5320,20261004,2.7,4.5,-1.5,-48,1.8,4.2,-1.8,53.4,3,1,true,12.4,3.71,inside,-35.5,0.71,5194,5450,1.75,5.39,1.58,3.49,2.91,,,,,5194,5095,5450,5620,0.58,نقدشوندگی پایین | واگرایی منفی RSI | بدون روند (ADX پایین) | بدون EPS مثبت | واگرایی منفی | نقدشوندگی کمتر از ۱۰ میلیارد تومان | صف فروش در ۵ روز اخیر
حآسا,آسیا سیر ارس,حمل ونقل، انبارداری و ارتباطات,42,خنثی,65,45,50.2,4,4540,20261004,1.8,-4.2,23.4,-23.2,-2,7.4,32.3,53.5,2,0,false,23.7,3.79,above,-9.6,0.74,4270,5020,0.02,-2.69,1.11,0.89,4.42,152,29.87,7.68,288.9,4368,4184,5020,5364,1.35,حد ضرر دور (7.8٪) | نقدشوندگی کمتر از ۱۰ میلیارد تومان
شپنا,پالایش نفت اصفهان,فراورده های نفتی، کک و سوخت هسته ای,42,خنثی,85,63,1.5,34,13350,20261003,7.9,3.5,45.3,-1.2,-0.5,9.8,93.3,55.9,1,0,false,29.9,3.46,above,-9,0.79,12340,14670,-132.86,-75.9,0.69,-787.31,896.01,1816,7.35,6.26,17.4,12889,12197,14670,15593,1.14,93٪ بالای MA200 | سرانه خرید ضعیف (0.69) | حد ضرر دور (8.6٪) | آخرین معامله 20261003 (متوقف یا کم‌معامله)
غنوش,نوش‌ مازندران‌,محصولات غذایی و آشامیدنی به جز قند و شکر,41.9,خنثی,83,55,20,4,18610,20261004,7.7,11,0.9,-45.6,3.1,9.1,46.1,58.6,6,0,false,17.4,3.27,above,-7.5,0.48,18050,19740,-37.71,-106.06,1.54,-13.15,69.38,487,38.21,8.53,348,18050,17746,19740,20120,1.31,خروج مستمر پول حقیقی | سهم صفی: 6 روز از ۲۰ روز در صف (ریسک نقدشوندگی و اجرای حد ضرر) | P/E بالا (38) | 205٪ بالای کف ۵۲ هفته
برکت,گروه دارویی برکت,مواد و محصولات دارویی,41.9,خنثی,85,55,17.5,4,4860,20261004,-3.2,-0.2,48.1,1.6,-2.7,10.6,63,52,3,0,false,30.9,3.56,above,-10,1.18,4500,5060,-26.29,1.16,0.64,-154.66,76.72,47,103.4,12.91,701,4687,4428,5060,5260,0.46,P/E بالا (103) | توزیع: ورود حقیقی با سرانه خرید ضعیف (0.66 در ۲۰ روز) | 63٪ بالای MA200 | سرانه خرید ضعیف (0.64) | حد ضرر دور (8.9٪)
خعمرا,توسعه و عمران شهرستان نائین,خودرو و ساخت قطعات,41.8,خنثی,100,53,19.7,25,7040,20261004,-1,15.6,37.7,-8.8,5.4,22.6,38.1,64.5,6,1,false,42.5,3.35,above,-6.5,1.49,6900,7530,-0.04,0.03,0.99,-3.42,1.85,458,15.37,,,6900,6782,7530,8002,1.9,نقدشوندگی پایین | سهم صفی: 6 روز از ۲۰ روز در صف (ریسک نقدشوندگی و اجرای حد ضرر) | نقدشوندگی کمتر از ۱۰ میلیارد تومان | صف فروش در ۵ روز اخیر
سفار,سیمان‌فارس‌,سیمان، آهک و گچ,41.7,خنثی,85,30,14.8,26,226000,20261004,0.3,-0.3,10.5,-36.1,-5.1,7.7,19.2,49,3,0,false,29.8,3.53,above,-15.5,0.73,218900,245450,-4.48,-3.82,1.33,-6.67,4.17,19436,11.63,7.14,62.9,218900,214906,245450,267400,1.75,نقدشوندگی کمتر از ۱۰ میلیارد تومان | شناوری کم (8٪)
بجهرم,توسعه مولد نیروگاهی جهرم,عرضه برق، گاز، بخاروآب گرم,41.6,خنثی,56,38,8.9,60,2970,20261004,-2.6,-5.1,37.2,-9.3,-6.6,0.6,43.9,43.1,1,0,false,28.2,3.5,inside,-15.6,0.69,2573,3400,-1.72,-50.78,1.1,-0.29,27.15,334,8.89,10.04,-11.4,2866,2762,3400,3520,2.07,واگرایی منفی RSI | خروج مستمر پول حقیقی | واگرایی منفی | حد ضرر دور (7.0٪)
خفناور,مهندسی صنعتی روان فن آور,خودرو و ساخت قطعات,41.5,خنثی,100,55,22,20,25710,20261004,10.2,13.3,31.7,-14.8,4.5,17.6,35.9,63.8,1,0,false,37.1,3.66,above,-3.7,0.81,23800,26700,-1.9,-4.79,1.06,0.14,2.65,344,74.74,,,24769,23356,26700,28583,0.42,نقدشوندگی پایین | واگرایی منفی RSI | خروج مستمر پول حقیقی | P/E بالا (75) | واگرایی منفی | حد ضرر دور (9.2٪) | نقدشوندگی کمتر از ۱۰ میلیارد تومان
ثشاهد,سرمایه‌ گذاری‌ شاهد,انبوه سازی، املاک و مستغلات,41.4,خنثی,90,53,1,14,11610,20261004,0.3,3.1,39.5,-7.1,-0.6,14.2,42.7,55.3,4,1,false,35.2,3.56,above,-10.4,0.88,10603,12952,-15.14,-75.1,0.71,-49.96,54.07,560,20.73,6.61,213.6,11197,10578,12952,13778,1.3,واگرایی منفی RSI | خروج مستمر پول حقیقی | سرانه خرید ضعیف (0.71) | واگرایی منفی | حد ضرر دور (8.9٪) | صف فروش در ۵ روز اخیر
گکیش,توریستی ورفاهی آبادگران کیش,هتل و رستوران,41.3,خنثی,70,38,60.9,30,9590,20261004,-2.8,8.5,42.5,-4.1,-2.8,2.2,25.1,46.9,2,0,false,18.7,4.34,above,-11.1,1.12,9293,9696,0.57,8.51,1.06,-0.2,2,60,159.83,,,9293,9085,9696,10159,0.21,نقدشوندگی پایین | P/E بالا (160) | نقدشوندگی کمتر از ۱۰ میلیارد تومان
بالاس,مهندسی ساختمان تاسیسات راه آهن,پیمانکاری صنعتی,41.3,خنثی,39,40,41.4,45,49710,20261004,3.1,2.1,-1.6,-48.2,-2.1,3.3,-7.5,49.4,1,0,false,17.9,3.61,inside,-39,0.73,47728,50860,-0.09,0.54,1.23,7.37,11.83,1907,26.07,25.78,1.1,47915,46830,50860,52000,0.4,توزیع: ورود حقیقی با سرانه خرید ضعیف (0.83 در ۲۰ روز)
سخوز,سیمان خوزستان,سیمان، آهک و گچ,41.3,خنثی,65,20,1,70,94530,20261004,-3,-2.9,20.1,-26.4,-4.4,6.7,25.7,48.7,2,0,false,21.7,3.84,above,-12.3,1.44,91990,98280,-18.47,-52.62,0.62,-24.5,15.9,15662,6.04,7.14,-15.5,91990,90176,98280,102761,0.86,واگرایی منفی RSI | خروج مستمر پول حقیقی | سرانه خرید ضعیف (0.62) | واگرایی منفی
خبازرس,بازرسی مهندسی و صنعتی ایران,فعالیت مهندسی، تجزیه، تحلیل و آزمایش فنی,41.2,خنثی,95,75,8.9,42,30590,20260930,7.4,1.2,81.8,35.2,0.2,12.4,78.9,56.9,1,0,false,34.2,4.01,above,-12,0.85,29336,32543,-1.7,-3.26,1.16,-0.49,1.26,2944,10.39,,,29362,28722,32543,34758,1.05,نقدشوندگی پایین | خروج مستمر پول حقیقی | 79٪ بالای MA200 | نقدشوندگی کمتر از ۱۰ میلیارد تومان | آخرین معامله 20260930 (متوقف یا کم‌معامله)
وتوس,توسعه‌شهری‌توس‌گستر,انبوه سازی، املاک و مستغلات,41.2,خنثی,50,30,61.8,19,7570,20261004,-0.5,-5.8,8.5,-38.1,-5.1,-2.4,18.8,42.8,0,0,false,20,3.95,above,-12.1,0.76,7330,7800,0.88,2.83,1.03,0.49,3.16,381,19.87,6.61,200.6,7330,7180,7800,7955,0.59,واگرایی منفی RSI | واگرایی منفی | نقدشوندگی کمتر از ۱۰ میلیارد تومان
کتوسعه,توسعه صنایع و معادن کوثر,استخراج سایر معادن,41.1,خنثی,85,40,36.5,34,19100,20261004,-4.4,-7.4,47.9,1.4,-5,7.1,44.7,48.3,1,0,false,46,3.35,above,-13.2,0.95,18310,20400,-0.6,-6.41,4.41,9.55,2.88,1794,10.65,9.57,11.2,18461,17990,20400,22000,1.17,نقدشوندگی پایین | خروج مستمر پول حقیقی | نقدشوندگی کمتر از ۱۰ میلیارد تومان
بزاگرس,نیروگاه زاگرس کوثر,عرضه برق، گاز، بخاروآب گرم,41.1,خنثی,65,30,43.4,19,7400,20261004,-2.5,-14.9,31.8,-14.8,-9.4,3.5,37.7,41.6,1,0,false,27.9,4.08,above,-21.5,0.63,6123,9430,0.79,7.49,0.88,-3.88,7.55,466,15.88,10.04,58.2,7098,6796,9430,10034,3.36,توزیع: ورود حقیقی با سرانه خرید ضعیف (0.74 در ۲۰ روز) | حد ضرر دور (8.2٪) | نقدشوندگی کمتر از ۱۰ میلیارد تومان
وسینا,بانک سینا,بانکها و موسسات اعتباری,41.1,خنثی,65,48,0.9,47,3280,20261004,-2.1,0.9,40.5,-6.1,-3.2,4.5,40.8,48.9,0,0,false,24.5,3.4,above,-9.9,0.73,3200,3470,-41.3,-146.85,0.82,-28.68,52.8,584,5.62,5.4,4,3200,3144,3470,3640,1.4,واگرایی منفی RSI | خروج مستمر پول حقیقی | واگرایی منفی
نوین,بیمه نوین,بیمه وصندوق بازنشستگی به جزتامین اجتماعی,40.9,خنثی,90,50,1.5,14,9730,20261004,-13.9,15.3,132.4,85.9,-5.5,14.2,142.4,49.5,5,5,false,55.8,3.31,above,-17.7,0.67,8880,11820,-32.83,-26.06,0.08,-36.84,11.75,358,27.18,18.13,49.9,9408,8924,11820,12465,2.59,واگرایی منفی RSI | خروج مستمر پول حقیقی | رشد عمودی (132٪ در ۶۰ روز، 14٪ بالای MA50) | 142٪ بالای MA200 | سرانه خرید ضعیف (0.08) | واگرایی منفی | حد ضرر دور (8.3٪) | صف فروش در ۵ روز اخیر
ولصنم,لیزینگ‌صنعت‌ومعدن‌,سایر واسطه گریهای مالی,40.8,خنثی,70,30,8.3,47,3070,20261004,-4.1,4.8,16,-30.5,-4,8.3,14.3,49.4,0,0,false,34.7,3.64,above,-12,0.55,2975,3273,-0.59,-45.16,1.07,-3.05,7.85,305,10.07,9.94,1.3,2975,2919,3273,3490,1.34,خروج مستمر پول حقیقی | نقدشوندگی کمتر از ۱۰ میلیارد تومان
پشاهن,تولیدی پلاستیک‌ شاهین,لاستیک و پلاستیک,40.7,خنثی,100,70,21.9,25,121100,20260927,11.3,35.4,85.8,39.2,18,36.3,62.7,93.1,20,0,true,60.8,2.47,above,0,1.72,91457,,0,0,1.28,-0.45,0.15,7250,16.7,,,118109,115118,130074,136056,1.5,نقدشوندگی پایین | واگرایی منفی RSI | اشباع خرید | فاصله زیاد از MA20 | سهم صفی: 20 روز از ۲۰ روز در صف (ریسک نقدشوندگی و اجرای حد ضرر) | رشد عمودی (86٪ در ۶۰ روز، 36٪ بالای MA50) | 63٪ بالای MA200 | واگرایی منفی | نقدشوندگی کمتر از ۱۰ میلیارد تومان | آخرین معامله 20260927 (متوقف یا کم‌معامله)
شراز,پالایش نفت شیراز,فراورده های نفتی، کک و سوخت هسته ای,40.6,خنثی,85,65,2.5,26,92900,20261003,3.2,-5.3,64.7,18.2,-5.9,10,111,50.5,2,0,false,45.9,3.65,above,-17.8,0.68,89000,113000,-26.96,-24.17,0.6,-96.68,84.01,10165,9.14,6.26,46,89507,87304,113000,119786,3.59,111٪ بالای MA200 | سرانه خرید ضعیف (0.60) | شناوری کم (13٪) | آخرین معامله 20261003 (متوقف یا کم‌معامله)
خکاوه,سایپا دیزل,خودرو و ساخت قطعات,40.6,خنثی,50,50,27.5,35,837,20261004,-4.5,-7.7,57.9,11.4,-7,-1.6,20.6,40.9,0,0,false,26.6,4.1,above,-15.5,1.2,796,869,8.1,-2.02,0.64,-104.7,58.67,53,15.79,,,803,779,869,891,0.55,واگرایی منفی RSI | سرانه خرید ضعیف (0.64) | واگرایی منفی
سصوفی,سیمان‌ صوفیان‌,سیمان، آهک و گچ,40.6,خنثی,41,20,27,70,163100,20261004,-1.2,-5,0.7,-45.8,-3.8,-1.8,22.1,45.6,2,0,false,13.1,3.5,inside,-14.6,1.06,160200,169200,-15.3,90.34,0.66,-81.72,60.35,30922,5.27,7.14,-26.1,160200,157349,169200,174600,1.06,بدون روند (ADX پایین) | توزیع: ورود حقیقی با سرانه خرید ضعیف (0.66 در ۲۰ روز) | سرانه خرید ضعیف (0.66)
وارس,سرمایه گذاری ارس صبا,سرمایه گذاریها,40.6,خنثی,31,30,61,60,14840,20260929,1.2,-2.8,18.2,-28.3,-3,-7.9,39.9,42.9,4,0,false,26.1,3.9,inside,-23.5,0.47,14353,15040,0.05,-25.42,5.17,1.65,8.53,3770,3.94,,,14353,14064,15040,17150,0.26,خروج مستمر پول حقیقی | 191٪ بالای کف ۵۲ هفته | نقدشوندگی کمتر از ۱۰ میلیارد تومان | آخرین معامله 20260929 (متوقف یا کم‌معامله)
فلات,گروه صنایع معادن فلات ایرانیان,سرمایه گذاریها,40.4,خنثی,100,70,35.5,10,28940,20260928,15.8,55.6,172,125.5,26.1,57,107.3,93.3,12,0,true,71.4,2.59,above,0,0.4,19650,,-0.93,-17.75,4.45,1.36,2.32,,,,,28190,27441,31189,32689,1.5,نقدشوندگی پایین | اشباع خرید | فاصله زیاد از MA20 | خروج مستمر پول حقیقی | بدون EPS مثبت | سهم صفی: 12 روز از ۲۰ روز در صف (ریسک نقدشوندگی و اجرای حد ضرر) | رشد عمودی (172٪ در ۶۰ روز، 57٪ بالای MA50) | 107٪ بالای MA200 | نقدشوندگی کمتر از ۱۰ میلیارد تومان | آخرین معامله 20260928 (متوقف یا کم‌معامله)
بمپنا,تولید برق عسلویه  مپنا,عرضه برق، گاز، بخاروآب گرم,40.4,خنثی,65,38,26,27,7360,20261004,-5.6,-5.8,42.6,-3.9,-11,6.6,41.1,41.6,3,1,false,33,3.68,above,-21.6,0.42,7270,9390,2.89,-45.31,0.78,-2.73,15.2,576,12.78,10.04,27.3,7270,7135,9390,9931,9.01,خروج مستمر پول حقیقی | سرانه خرید ضعیف (0.78) | صف فروش در ۵ روز اخیر
شتهران,داروسازی تهران شیمی,مواد و محصولات دارویی,40.3,خنثی,50,70,35,70,6770,20260928,3.1,10.6,-17.4,-64,5.7,1.3,-22.7,67.2,20,0,true,37.4,0.92,below,-40.5,0.91,6004,6951,0,0,3.8,0.29,0.1,1711,3.96,,,6707,6645,6951,7136,1.44,نقدشوندگی پایین | سهم صفی: 20 روز از ۲۰ روز در صف (ریسک نقدشوندگی و اجرای حد ضرر) | نقدشوندگی کمتر از ۱۰ میلیارد تومان | آخرین معامله 20260928 (متوقف یا کم‌معامله)
پلاسک,پلاسکوکار,لاستیک و پلاستیک,40.2,خنثی,85,55,4.8,10,5700,20261004,1.2,1.6,25,-21.5,-2.2,6.9,26.9,52,0,0,false,28.3,3.86,above,-11.1,0.99,5490,5900,-0.82,-1.77,0.95,-0.96,3.28,,,8.21,,5490,5380,5900,6410,0.63,بدون EPS مثبت | نقدشوندگی کمتر از ۱۰ میلیارد تومان
کوثر,بیمه کوثر,بیمه وصندوق بازنشستگی به جزتامین اجتماعی,40.1,خنثی,80,45,14.2,14,1794,20261004,0,5.3,18.9,-27.6,-2,9.9,4.5,52.2,1,0,false,33.5,3.48,above,-21.3,0.66,1756,1875,-5.72,-3.1,1.29,-1.76,24.97,53,33.85,18.13,86.7,1756,1724,1875,1938,1.17,واگرایی منفی RSI | P/E بالا (34) | واگرایی منفی
بپاس,بیمه پاسارگاد,بیمه وصندوق بازنشستگی به جزتامین اجتماعی,40,خنثی,100,45,0,4,13040,20261004,1.6,6.4,48.2,1.6,2.8,9.3,74.8,87.4,0,0,false,22.8,1.42,above,-0.1,0.7,12860,,-25.36,-148.47,0.46,-23.88,11.73,484,26.94,18.13,48.6,12860,12768,13595,13965,2.04,اشباع خرید | خروج مستمر پول حقیقی | 75٪ بالای MA200 | سرانه خرید ضعیف (0.46)
بپردیس,بیمه پردیس,بیمه وصندوق بازنشستگی به جزتامین اجتماعی,40,خنثی,100,75,0,20,3000,20261004,6.1,7.7,109.1,62.6,0.4,24.6,77.9,62.2,4,0,false,40,3,above,-8,0.75,2817,3262,-1.98,-4.41,0.66,-0.82,0.85,129,23.26,,,2910,2775,3262,3442,1.16,نقدشوندگی پایین | واگرایی منفی RSI | خروج مستمر پول حقیقی | رشد عمودی (109٪ در ۶۰ روز، 25٪ بالای MA50) | 78٪ بالای MA200 | سرانه خرید ضعیف (0.66) | واگرایی منفی | حد ضرر دور (7.5٪) | نقدشوندگی کمتر از ۱۰ میلیارد تومان
وتجارت,بانک تجارت,بانکها و موسسات اعتباری,40,اجتناب,85,38,1.5,26,898,20261004,-3.9,-6.3,44.8,-1.7,-4.5,7.2,61.5,47.9,1,0,false,36.7,3.73,above,-13.8,0.81,866,953,-759.66,-1907.01,0.59,-1077.23,747.24,105,8.55,5.4,58.4,866,849,953,1015,1.13,خروج مستمر پول حقیقی | 61٪ بالای MA200 | سرانه خرید ضعیف (0.59)
اوان,مبین وان کیش,اطلاعات و ارتباطات,39.9,اجتناب,65,43,33.2,14,14090,20261004,-1.7,-4.1,37.5,-9.1,-3.2,9,74.9,52,1,0,false,29.5,3.96,above,-14.4,0.89,13640,14800,0.14,-8.68,1.07,-0.68,7.47,8,1761.25,11.65,15018,13640,13361,14800,16460,0.97,خروج مستمر پول حقیقی | P/E بالا (1761) | 75٪ بالای MA200 | نقدشوندگی کمتر از ۱۰ میلیارد تومان
آریان,سرمایه گذاری پارس آریان,سرمایه گذاریها,39.5,اجتناب,100,35,1,9,7960,20261004,0.3,25.2,57.9,11.4,6.9,26,68.6,80.4,1,0,false,69.7,2.97,above,-1.6,0.84,6650,8080,-101.74,-222.77,0.48,-87.27,34.77,492,16.18,8.73,85.3,7723,7487,8080,8553,0.25,اشباع خرید | خروج مستمر پول حقیقی | 69٪ بالای MA200 | سرانه خرید ضعیف (0.48)
فرابورس,فرابورس ایران,فعالیتهای کمکی به نهادهای مالی واسط,39.5,اجتناب,73,55,7.3,19,7190,20261004,2.3,4.4,8.2,-38.3,-2.5,5.4,43.8,50.3,1,0,false,16.9,3.66,above,-10.2,0.8,6940,7320,-21.67,-13.37,1.05,-14.25,77.08,441,16.3,9.46,72.3,6940,6809,7320,7460,0.34,167٪ بالای کف ۵۲ هفته
قنیشا,قند  نیشابور,قند و شکر,39.4,اجتناب,90,53,3.4,4,3370,20261004,-1.2,7.8,44.8,-1.7,-0.7,12.1,41.5,55.8,0,0,false,50.7,3.4,above,-6.6,0.99,3260,3590,-2.16,-11.86,0.9,-4.98,4.99,119,28.32,9.8,189,3260,3203,3590,3819,1.32,خروج مستمر پول حقیقی | نقدشوندگی کمتر از ۱۰ میلیارد تومان
شلیا,شرکت مواد ویژه لیا,سایر محصولات کانی غیرفلزی,39.4,اجتناب,100,70,1.8,20,25540,20261004,9.4,40.6,114.7,68.2,16.2,50.2,154.3,86.8,3,0,true,78.1,3.15,above,-1.6,1.06,24594,,0,0,0.87,-1.37,2.85,1094,23.35,,,24737,24193,27950,29557,1.79,نقدشوندگی پایین | اشباع خرید | فاصله زیاد از MA20 | رشد عمودی (115٪ در ۶۰ روز، 50٪ بالای MA50) | 154٪ بالای MA200 | نقدشوندگی کمتر از ۱۰ میلیارد تومان
سخاش,سیمان‌خاش‌,سیمان، آهک و گچ,39.1,اجتناب,50,30,2.5,70,12240,20261004,-1.9,-8.2,8.7,-37.8,-6.1,0,34.5,44.9,0,0,false,17.7,3.57,above,-15.3,0.57,12110,12790,-4.07,-79.43,0.8,-11.42,15.05,1929,6.35,7.14,-11.1,12110,11892,12790,14045,1.58,خروج مستمر پول حقیقی | 167٪ بالای کف ۵۲ هفته | سرانه خرید ضعیف (0.80)
ودانا,سرمایه گذاری دانایان,سرمایه گذاریها,39.1,اجتناب,100,53,11.9,42,5430,20260929,1.9,19.3,42.1,-4.4,4,19.3,25.4,65.7,6,1,false,49.8,3.19,above,-15.3,0.77,5313,5774,0,0,1.27,-0.36,1.89,487,11.15,,,5313,5226,5774,5888,1.69,نقدشوندگی پایین | سهم صفی: 6 روز از ۲۰ روز در صف (ریسک نقدشوندگی و اجرای حد ضرر) | نقدشوندگی کمتر از ۱۰ میلیارد تومان | صف فروش در ۵ روز اخیر | آخرین معامله 20260929 (متوقف یا کم‌معامله)
وهنر,گروه توسعه هنر ایران,فعالیت های هنری، سرگرمی و خلاقانه,39,اجتناب,75,63,5.7,10,4830,20261004,7.6,3.2,38.2,-8.3,4.4,17.4,-21.5,64.8,0,0,false,27.4,3.54,above,-51.3,0.74,4430,4980,-10.12,-20.88,0.97,-5.44,4.61,,,,,4659,4403,4980,7220,0.35,واگرایی منفی RSI | خروج مستمر پول حقیقی | بدون EPS مثبت | واگرایی منفی | حد ضرر دور (8.8٪) | نقدشوندگی کمتر از ۱۰ میلیارد تومان
شپلی,پلی اکریل ایران,محصولات شیمیایی,38.6,اجتناب,70,50,0.5,30,5960,20261004,-7.3,1.2,62.4,15.9,-10.2,0.6,104.3,41.4,10,2,false,32.6,3.69,above,-19.5,1.55,5740,6170,-6.22,-29.78,0.53,-108.26,41.72,237,25.15,,,5740,5630,6170,7400,0.64,سهم صفی: 10 روز از ۲۰ روز در صف (ریسک نقدشوندگی و اجرای حد ضرر) | 104٪ بالای MA200 | سرانه خرید ضعیف (0.53) | صف فروش در ۵ روز اخیر
خفنر,فنرسازی‌خاور,خودرو و ساخت قطعات,38.4,اجتناب,50,30,34.7,35,2342,20261004,1.6,-11.2,10.1,-36.4,-5.1,-0.1,43.6,43.5,4,0,false,23,4.09,above,-20,0.83,2267,2385,3.69,-8.3,1.13,-8.06,12.57,130,18.02,,,2267,2219,2385,2631,0.35,
درهآور,دارویی ره آورد تامین,مواد و محصولات دارویی,38.2,اجتناب,41,8,27,70,14190,20261004,-5,-16.9,8.7,-37.8,-8.3,-3.5,30.7,39,1,0,false,24.7,3.94,inside,-20.6,1.14,13780,15160,7.33,-45.05,0.79,-17.66,15.23,1808,7.85,8.86,-11.4,13780,13500,15160,15570,1.41,خروج مستمر پول حقیقی | سرانه خرید ضعیف (0.79)
وپسا,گ.س.پتروشیمی ساختمان خلیج فارس,پیمانکاری صنعتی,38,اجتناب,65,30,20.2,30,2500,20261004,-0.8,-2,35.4,-11.2,-8.7,4.3,39.9,43.8,6,1,false,31.7,3.79,above,-19.6,0.97,2233,2684,0,3.43,0.97,-1.85,4.92,20,125,,,2405,2263,2684,3110,0.78,واگرایی منفی RSI | سهم صفی: 6 روز از ۲۰ روز در صف (ریسک نقدشوندگی و اجرای حد ضرر) | P/E بالا (125) | واگرایی منفی | حد ضرر دور (9.5٪) | نقدشوندگی کمتر از ۱۰ میلیارد تومان | صف فروش در ۵ روز اخیر
بمولد,مولد نیروگاهی تجارت فارس,عرضه برق، گاز، بخاروآب گرم,37.7,اجتناب,41,20,38.5,47,8320,20261004,-6.5,-10.9,31.4,-15.1,-7.4,-2.8,40.1,41.4,2,0,false,24,3.82,inside,-18.3,0.86,8090,8950,-4.23,-5.22,3.61,11.81,7.4,778,10.69,10.04,6.5,8090,7931,8950,9160,1.62,نقدشوندگی کمتر از ۱۰ میلیارد تومان
حرهشا,رهشاد سپاهان (سهامی عام,حمل ونقل، انبارداری و ارتباطات,37.6,اجتناب,90,75,22.5,20,29600,20261003,-0.2,4.6,58.4,11.8,-0.6,10.4,33.9,60.4,0,0,false,36.4,3.51,above,-6.7,1.18,29160,30336,-1.57,-4.95,1.06,0.21,1.34,351,84.33,,,29160,28640,30336,31718,0.77,نقدشوندگی پایین | واگرایی منفی RSI | خروج مستمر پول حقیقی | P/E بالا (84) | واگرایی منفی | نقدشوندگی کمتر از ۱۰ میلیارد تومان | آخرین معامله 20261003 (متوقف یا کم‌معامله)
حکشتی,کشتیرانی جمهوری اسلامی ایران,حمل ونقل، انبارداری و ارتباطات,37.5,اجتناب,55,20,46,22,8060,20261004,-6.5,-6.8,12.9,-33.7,-9,-0.8,24.6,40.7,3,0,false,30.9,3.88,above,-17.7,0.88,7839,8254,-40.95,298.53,2.23,-185.95,112.16,331,24.35,19.33,26,7839,7682,8254,8598,0.51,واگرایی منفی RSI | توزیع: ورود حقیقی با سرانه خرید ضعیف (0.65 در ۲۰ روز) | واگرایی منفی
ثتوسا,س.توسعه و عمران استان اردبیل,انبوه سازی، املاک و مستغلات,36.8,اجتناب,40,45,53.1,10,15690,20261004,4.3,-8.5,10.3,-36.3,-3.8,8.1,-44.1,50.2,5,0,false,24.4,3.56,above,-75.8,0.56,14890,18100,1.23,-1.7,1.26,2.32,7.08,,,,,15132,14611,18100,21850,2.23,بدون EPS مثبت | نقدشوندگی کمتر از ۱۰ میلیارد تومان
افرا,افرانت,رایانه و فعالیت‌های وابسته به آن,36.6,اجتناب,25,43,53,29,8670,20261004,-2.3,-15.1,-24.8,-71.3,-8.3,-19.2,22.1,31.2,3,1,true,33.8,3.96,below,-37.7,0.31,8320,10020,2.93,72.46,0.6,-16.65,33.34,605,14.33,8.89,61.2,8327,8148,10020,10240,2.59,توزیع: ورود حقیقی با سرانه خرید ضعیف (0.51 در ۲۰ روز) | 185٪ بالای کف ۵۲ هفته | سرانه خرید ضعیف (0.60) | صف فروش در ۵ روز اخیر
شگامرن,مجتمع پترو صنعت گامرون,محصولات شیمیایی,36.2,اجتناب,100,23,62.5,4,27520,20260927,0.5,10,42.9,-3.6,6.2,23.1,42.9,83,0,0,false,46.9,2.65,above,-2.5,0.95,26269,28237,0.66,-2.26,2.08,0.45,0.4,288,95.56,8.01,1093,26791,25904,28237,29696,0.44,نقدشوندگی پایین | واگرایی منفی RSI | اشباع خرید | خروج مستمر پول حقیقی | P/E بالا (96) | واگرایی منفی | نقدشوندگی کمتر از ۱۰ میلیارد تومان | آخرین معامله 20260927 (متوقف یا کم‌معامله)
حشکوه,دلیجان طلایی شکوه پارس,حمل ونقل، انبارداری و ارتباطات,36.1,اجتناب,31,30,43.2,40,1278,20261004,2.2,-5.3,-10,-56.5,-5.2,0.7,-1.5,44.8,3,0,false,18.9,3.78,inside,-26,0.69,1252,1298,0.14,6.51,0.87,-4,8.18,28,45.64,,,1252,1228,1298,1351,0.4,واگرایی منفی RSI | P/E بالا (46) | واگرایی منفی | نقدشوندگی کمتر از ۱۰ میلیارد تومان
قاروم,قند ارومیه,قند و شکر,36,اجتناب,100,15,30,42,116800,20260922,1,9.8,34.7,-11.8,3.4,12,38.5,99.5,17,0,false,95.1,0.91,above,-0.9,0.31,86825,,0,0,1.4,0,0.09,22219,5.26,,,115741,114682,119978,122096,1.5,نقدشوندگی پایین | اشباع خرید | سهم صفی: 17 روز از ۲۰ روز در صف (ریسک نقدشوندگی و اجرای حد ضرر) | نقدشوندگی کمتر از ۱۰ میلیارد تومان | آخرین معامله 20260922 (متوقف یا کم‌معامله)
غگز,صنایع غذایی سکه,محصولات غذایی و آشامیدنی به جز قند و شکر,35.8,اجتناب,10,55,63,24,3220,20261004,3.2,-9.3,-42.5,-89,-5.6,-10.6,-1.7,41,5,0,true,23.2,3.69,below,-48.1,0.63,3080,3371,3.63,16.4,2.04,-19.48,29.86,81,39.75,7.05,463.9,3101,3021,3371,3920,0.76,P/E بالا (40) | توزیع: ورود حقیقی با سرانه خرید ضعیف (0.62 در ۲۰ روز)
غناب,روغن‌ نباتی‌ ناب,محصولات غذایی و آشامیدنی به جز قند و شکر,35.7,اجتناب,65,53,2.3,20,1147,20261004,-3.7,2.9,43.6,-3,-1.9,7.8,36.1,50.2,1,0,false,18.3,3.81,above,-8.5,0.88,1098,1226,-1.93,-1.86,0.83,-5.83,6.38,41,27.98,,,1103,1076,1226,1253,1.11,نقدشوندگی کمتر از ۱۰ میلیارد تومان
فکمند,گسترش قطعه سازی کمند,ساخت محصولات فلزی,35.4,اجتناب,48,40,41.9,10,12320,20261004,-2.1,0.6,4.3,-42.2,-2.5,5.6,-14.2,49.8,0,0,false,17.8,4.15,above,-54.4,0.85,11933,13062,0.04,0.11,0.85,-1.61,3.05,,,,,11933,11678,13062,13275,1.16,بدون EPS مثبت | توزیع: ورود حقیقی با سرانه خرید ضعیف (0.90 در ۲۰ روز) | نقدشوندگی کمتر از ۱۰ میلیارد تومان
پارتا,مجتمع صنعتی آرتاویل تایر,لاستیک و پلاستیک,35.3,اجتناب,100,65,0,9,19630,20261004,-2.4,10.3,51.2,4.6,0,24.8,83.2,65.5,0,0,false,49.7,2.75,above,-6.3,0.46,18273,20284,-3.16,-11.23,0.39,-2.43,1.73,985,19.93,9.84,102.5,19090,18279,20284,20961,0.48,نقدشوندگی پایین | واگرایی منفی RSI | خروج مستمر پول حقیقی | 83٪ بالای MA200 | سرانه خرید ضعیف (0.39) | واگرایی منفی | نقدشوندگی کمتر از ۱۰ میلیارد تومان
قجام,فرآوردههای غذایی وقندتربت‌جام‌,قند و شکر,35,اجتناب,85,30,2,52,13870,20261004,-4.3,0.4,35.2,-11.4,-2.7,4.7,46.8,49.1,2,0,false,25.2,3.86,above,-10.6,1.19,13415,14110,-0.28,-0.59,0.88,-3.62,2.8,2650,5.23,,,13415,13147,14110,14580,0.33,نقدشوندگی پایین | 151٪ بالای کف ۵۲ هفته | نقدشوندگی کمتر از ۱۰ میلیارد تومان
تمحرکه,ماشین سازی نیرو محرکه,ماشین آلات و تجهیزات,34.8,اجتناب,85,38,16.9,30,8310,20261004,-1.2,8.9,40.4,-6.2,-4.7,8.1,15.4,49.7,7,0,false,42.5,3.34,above,-17.6,1.17,8167,8530,0,0.01,0.88,-2.13,1.63,5,1662,,,8167,8028,8530,8800,0.78,نقدشوندگی پایین | سهم صفی: 7 روز از ۲۰ روز در صف (ریسک نقدشوندگی و اجرای حد ضرر) | P/E بالا (1662) | نقدشوندگی کمتر از ۱۰ میلیارد تومان
اروند,پتروشیمی اروند,محصولات شیمیایی,34.5,اجتناب,61,20,29.8,19,52170,20261004,-0.1,-0.5,-0.7,-47.2,-5,4.6,,46.8,2,0,false,30.1,3.34,inside,-22.6,0.97,50684,54323,-195.09,-397.55,1.37,31.29,106.14,3275,15.93,9.63,65.4,50684,49814,54323,58131,0.91,خروج مستمر پول حقیقی | شناوری کم (13٪)
نیروترانسفو,کارخانجات تولیدی نیروترانسفو,ماشین آلات و دستگاه‌های برقی,34,اجتناب,35,40,36,26,24540,20261004,-2,2.8,32.8,-13.7,-7,-0.3,,44.1,7,0,false,27.2,3.71,above,-18.6,1.02,22850,27510,-14.35,-50.24,3.62,59.54,35.2,2731,8.99,5.95,51,23630,22395,27510,30140,1.38,واگرایی منفی RSI | خروج مستمر پول حقیقی | سهم صفی: 7 روز از ۲۰ روز در صف (ریسک نقدشوندگی و اجرای حد ضرر) | 204٪ بالای کف ۵۲ هفته | واگرایی منفی | حد ضرر دور (8.7٪)
وپاسار,بانک  پاسارگاد,بانکها و موسسات اعتباری,33.9,اجتناب,25,22,52,36,8320,20261004,-6.7,-18.8,-16.2,-62.7,-14.3,-16.7,19.6,25.4,2,1,false,43.7,3.98,below,-27.2,0.37,8100,8940,6.49,6287.09,0.47,-371.47,559.99,813,10.23,5.4,89.5,8100,7935,8940,9640,1.61,158٪ بالای کف ۵۲ هفته | سرانه خرید ضعیف (0.47) | صف فروش در ۵ روز اخیر
اخشان,اخشان خراسان,زراعت و خدمات وابسته,33.4,اجتناب,73,30,36,26,16870,20261004,1.7,-1.2,13.3,-33.2,-1.5,2.7,42.9,48.7,1,0,false,16.4,3.27,above,-10.9,0.74,16490,17590,-0.49,-7.84,7.54,6.57,2.52,1452,11.62,8.07,44,16490,16214,17590,18914,1.1,نقدشوندگی پایین | خروج مستمر پول حقیقی | 175٪ بالای کف ۵۲ هفته | نقدشوندگی کمتر از ۱۰ میلیارد تومان
تپمپی,پمپ‌ سازی‌ ایران‌,ماشین آلات و تجهیزات,32.4,اجتناب,100,53,11.2,16,7370,20260927,0.1,7.9,42,-4.5,2.9,17.2,68.7,61.4,0,0,false,46.5,3.57,above,-6.7,1.89,7135,7900,-3.46,-11.83,0.83,-2.31,2.94,787,9.36,5.15,81.8,7135,7003,7900,8426,1.45,نقدشوندگی پایین | واگرایی منفی RSI | خروج مستمر پول حقیقی | 69٪ بالای MA200 | واگرایی منفی | نقدشوندگی کمتر از ۱۰ میلیارد تومان | آخرین معامله 20260927 (متوقف یا کم‌معامله)
بالبر,کابل‌ البرز,ماشین آلات و دستگاه‌های برقی,32.3,اجتناب,60,20,17.2,24,26610,20261004,-4,-1.5,12.4,-34.2,-3.4,6.7,3.3,48.2,0,0,false,21.2,3.93,above,-37,0.75,25935,27180,0,0.99,0.85,-2.6,5.95,309,86.12,6.15,1300.3,25935,25413,27180,27760,0.48,P/E بالا (86) | توزیع: ورود حقیقی با سرانه خرید ضعیف (0.80 در ۲۰ روز) | نقدشوندگی کمتر از ۱۰ میلیارد تومان
سلار,شرکت سیمان لارستان,سیمان، آهک و گچ,31.8,اجتناب,65,30,35,30,2975,20261004,5.9,-11.1,17.6,-28.9,-5.2,1.6,31.5,46.3,4,0,false,26.8,3.67,above,-17.4,0.85,2790,3044,0,0,6.12,4.33,2.36,114,26.1,,,2866,2736,3044,3286,0.29,نقدشوندگی پایین | واگرایی منفی RSI | واگرایی منفی | حد ضرر دور (8.0٪) | نقدشوندگی کمتر از ۱۰ میلیارد تومان
بایکا,کارخانجات کابلسازی ‌ایران‌,ماشین آلات و دستگاه‌های برقی,31.7,اجتناب,100,50,6.9,20,30960,20260930,8.7,27.4,24.8,-21.7,11.5,23.2,39.7,84,1,0,true,36.7,3.37,above,-1.8,1.05,28962,,-0.58,-3.68,1.05,-0.47,0.93,523,59.2,,,29916,28440,34091,36179,1.24,نقدشوندگی پایین | اشباع خرید | خروج مستمر پول حقیقی | P/E بالا (59) | حد ضرر دور (8.1٪) | نقدشوندگی کمتر از ۱۰ میلیارد تومان | آخرین معامله 20260930 (متوقف یا کم‌معامله)
غالبر,لبنیات‌ کالبر,محصولات غذایی و آشامیدنی به جز قند و شکر,30.9,اجتناب,63,45,2,10,31350,20261004,-1.8,9.6,19.2,-27.4,0.2,8.3,-9.5,53.9,3,0,false,19.4,3.4,above,-37.9,1.04,30287,33013,-1.2,-0.64,0.69,-28.15,16.72,,,8.53,,30287,29753,33013,33890,1.04,بدون EPS مثبت | سرانه خرید ضعیف (0.69)
سنیر,سیمان‌ سفید نی‌ریز,سیمان، آهک و گچ,30.8,اجتناب,41,20,1,57,6560,20261004,-4.9,-5.1,11.4,-35.2,-5.2,-5,43.6,41.8,1,0,false,14.8,3.94,inside,-15.7,1.43,6430,7100,-2.11,-9.26,0.71,-21.36,9.55,963,6.81,7.14,-4.6,6430,6301,7100,7380,2.08,بدون روند (ADX پایین) | 203٪ بالای کف ۵۲ هفته | سرانه خرید ضعیف (0.71) | نقدشوندگی کمتر از ۱۰ میلیارد تومان
دانا,بیمه دانا,بیمه وصندوق بازنشستگی به جزتامین اجتماعی,30.5,اجتناب,40,30,60.1,10,2253,20261003,2,-6.5,14.3,-32.2,-4.2,1.2,-5,45,1,0,false,21.6,3.35,above,-29.7,1.21,2180,2328,2.63,-16.73,1.16,0.37,4.54,,,4.59,,2180,2142,2328,2479,0.67,واگرایی منفی RSI | خروج مستمر پول حقیقی | بدون EPS مثبت | واگرایی منفی | نقدشوندگی کمتر از ۱۰ میلیارد تومان | آخرین معامله 20261003 (متوقف یا کم‌معامله)
حپترو,حمل و نقل پتروشیمی( سهامی عام,حمل ونقل، انبارداری و ارتباطات,30.3,اجتناب,85,30,21.3,14,17020,20261004,5,-4.7,31.1,-15.5,-3.4,4.8,17.4,49.7,2,0,false,28.1,3.81,above,-13.8,1.1,16675,17280,-0.11,-2.2,1.01,0.31,1.86,623,27.32,19.33,41.3,16675,16351,17280,18020,0.39,نقدشوندگی پایین | واگرایی منفی RSI | خروج مستمر پول حقیقی | واگرایی منفی | نقدشوندگی کمتر از ۱۰ میلیارد تومان
دشیمی,شیمی‌ داروئی‌ داروپخش‌,مواد و محصولات دارویی,30,اجتناب,50,50,1,19,40840,20261004,-3.2,-16.6,87.7,41.2,-9.7,-1.1,76.2,41.3,2,1,false,35.7,3.64,above,-22.5,1.03,23770,44630,-14.85,-74.96,0.43,-32.34,12.57,2096,19.48,12.91,50.9,39354,37869,44630,46380,1.28,خروج مستمر پول حقیقی | 76٪ بالای MA200 | سرانه خرید ضعیف (0.43) | حد ضرر دور (7.3٪) | صف فروش در ۵ روز اخیر
وایران,لیزینگ ایرانیان,سایر واسطه گریهای مالی,29.9,اجتناب,25,30,41.5,24,4880,20261004,0,-16.4,13.2,-33.3,-5.9,-0.8,-26,42.3,0,0,false,30,3.88,above,-61,0.71,4740,5099,0.05,0.28,0.8,-5.2,7.62,200,24.4,9.94,145.5,4740,4645,5099,5957,0.93,توزیع: ورود حقیقی با سرانه خرید ضعیف (0.61 در ۲۰ روز) | سرانه خرید ضعیف (0.80) | نقدشوندگی کمتر از ۱۰ میلیارد تومان
کایتا,ایتالران‌,سایر محصولات کانی غیرفلزی,29.8,اجتناب,70,55,41.1,10,16500,20260930,5,6.8,15.4,-31.2,2.2,9.4,-9,57.7,1,1,false,31.7,3.66,above,-53.5,1.09,16170,16815,0,0.61,1.24,0.59,0.91,,,,,16170,15868,16815,17185,0.5,نقدشوندگی پایین | بدون EPS مثبت | نقدشوندگی کمتر از ۱۰ میلیارد تومان | صف فروش در ۵ روز اخیر | آخرین معامله 20260930 (متوقف یا کم‌معامله)
وبصادر,بانک صادرات ایران,بانکها و موسسات اعتباری,29.4,اجتناب,65,30,1.5,14,908,20261004,-4.3,-7.9,29.9,-16.6,-7.8,3.6,37.4,43.3,2,0,false,27.4,3.66,above,-15.6,0.74,774,926,-229.53,-473.51,0.76,-281.9,267.65,5,181.6,5.4,3263,875,841,926,975,0.27,خروج مستمر پول حقیقی | P/E بالا (182) | سرانه خرید ضعیف (0.76) | حد ضرر دور (7.3٪)
آپ,آسان پرداخت پرشین,رایانه و فعالیت‌های وابسته به آن,29.4,اجتناب,10,18,77.1,14,10180,20261004,-1.1,-8.9,-5.8,-52.4,-8.1,-9.6,-4.2,35.9,1,0,false,20.4,3.74,below,-21,1.38,9975,10613,25.56,49.99,1.14,7.06,6.71,86,118.37,18.19,550.8,9975,9784,10613,10914,1.09,P/E بالا (118) | توزیع: ورود حقیقی با سرانه خرید ضعیف (0.84 در ۲۰ روز) | نقدشوندگی کمتر از ۱۰ میلیارد تومان
شرنگی,شیمیایی رنگین,محصولات شیمیایی,29.1,اجتناب,90,55,0.5,4,19040,20261004,-0.8,-2.9,58.3,11.8,-1.3,11.3,54.4,53.7,0,0,false,32.6,4.07,above,-8.6,0.99,18197,20817,-5.39,-14.01,0.68,-5.23,2.52,317,60.06,8.01,649.9,18264,17809,20817,22369,1.44,نقدشوندگی پایین | واگرایی منفی RSI | خروج مستمر پول حقیقی | P/E بالا (60) | 54٪ بالای MA200 | سرانه خرید ضعیف (0.68) | واگرایی منفی | نقدشوندگی کمتر از ۱۰ میلیارد تومان
وطوبی,سرمایه گذاری اقتصاد شهر طوبی,سرمایه گذاریها,28.8,اجتناب,100,30,2,9,5940,20261004,-2.9,22.5,35.9,-10.6,5.7,24.4,103,72.2,0,0,false,55.7,2.39,above,-5,2.15,4570,6250,-8.82,-8.75,0.58,-8.1,1.56,459,12.94,8.73,48.2,5798,5656,6250,6534,1.09,نقدشوندگی پایین | خروج مستمر پول حقیقی | 103٪ بالای MA200 | سرانه خرید ضعیف (0.58) | نقدشوندگی کمتر از ۱۰ میلیارد تومان
اپرداز,آتیه داده پرداز,اطلاعات و ارتباطات,28,اجتناب,50,30,1,27,4850,20261004,-2.4,-6,22.2,-24.4,-8.7,-0.1,32.5,42.9,2,0,false,29.9,3.9,above,-19.7,1.05,4514,4950,-8.45,-41.75,0.68,-14.57,9.25,332,14.61,11.65,25.4,4661,4419,4950,5110,0.23,خروج مستمر پول حقیقی | سرانه خرید ضعیف (0.68) | حد ضرر دور (8.9٪) | نقدشوندگی کمتر از ۱۰ میلیارد تومان
انرژی,بورس انرژی ایران,فعالیتهای کمکی به نهادهای مالی واسط,26.1,اجتناب,41,30,17,14,22000,20261004,-0.4,-10.1,14.6,-32,-6.5,-0.3,50,43.7,0,0,false,26.4,3.91,inside,-15.6,0.68,21470,23535,-4.56,12.26,0.75,-60.97,71.03,522,42.15,5.92,611.9,21470,21040,23535,25950,1.6,P/E بالا (42) | توزیع: ورود حقیقی با سرانه خرید ضعیف (0.70 در ۲۰ روز) | 50٪ بالای MA200 | سرانه خرید ضعیف (0.75)
سپ,پرداخت الکترونیک سامان کیش,رایانه و فعالیت‌های وابسته به آن,26,اجتناب,90,45,8.1,12,14490,20260930,-2,1.3,34.7,-11.9,-0.9,13.6,15.8,57.5,1,0,false,43.9,3.91,above,-6,0.56,14325,15001,-0.17,-1.87,1.08,-0.05,0.79,662,21.89,18.19,20.3,14325,14041,15001,15334,1.14,نقدشوندگی پایین | واگرایی منفی RSI | خروج مستمر پول حقیقی | واگرایی منفی | نقدشوندگی کمتر از ۱۰ میلیارد تومان | شناوری کم (10٪) | آخرین معامله 20260930 (متوقف یا کم‌معامله)
ثنوسا,نوسازی‌وساختمان‌تهران‌,انبوه سازی، املاک و مستغلات,25.4,اجتناب,50,30,3.6,14,8410,20261004,-3.3,-10.8,14.1,-32.4,-9.1,-3.5,21.9,40,1,0,false,27.3,3.84,above,-21.8,1.06,7980,8525,-1.74,-6.39,0.87,-10.11,8.39,62,135.65,6.61,1952.1,8087,7818,8525,9040,0.19,واگرایی منفی RSI | P/E بالا (136) | واگرایی منفی | حد ضرر دور (7.0٪) | نقدشوندگی کمتر از ۱۰ میلیارد تومان
پاریز,پاریز شرق,انبوه سازی، املاک و مستغلات,25.1,اجتناب,0,18,62,24,37340,20261004,4.1,-22.1,1.4,-45.1,-7.4,-15.3,,37.3,12,1,false,36.4,3.72,,-28.1,0.72,35463,38383,-3.42,19.55,38.77,12.48,12.12,823,45.37,23.59,92.3,35950,34768,38383,41413,0.41,سهم صفی: 12 روز از ۲۰ روز در صف (ریسک نقدشوندگی و اجرای حد ضرر) | P/E بالا (45) | صف فروش در ۵ روز اخیر
بسویچ,پارس‌سویچ‌,ماشین آلات و دستگاه‌های برقی,24.9,اجتناب,65,20,1.5,44,4780,20261004,-6.1,-8.4,35.3,-11.2,-7.6,7.1,41.5,44.2,1,0,false,36.4,3.77,above,-15.8,0.76,4041,4940,-1.3,-4.23,0.46,-4.57,2.43,676,7.07,6.15,15,4600,4419,4940,5200,0.44,نقدشوندگی پایین | خروج مستمر پول حقیقی | سرانه خرید ضعیف (0.46) | حد ضرر دور (7.5٪) | نقدشوندگی کمتر از ۱۰ میلیارد تومان
میدکو,توسعه معادن وص.معدنی خاورمیانه,فلزات اساسی,24.4,اجتناب,35,18,27,14,6040,20261004,-4.7,-7.1,-18,-64.6,-8.2,-7.5,8.6,37.5,1,0,false,14.9,3.69,below,-20.4,0.71,5973,6230,-14.49,250.94,0.47,-169.7,118.96,93,64.95,13.48,381.8,5973,5862,6230,6490,1.06,بدون روند (ADX پایین) | P/E بالا (65) | توزیع: ورود حقیقی با سرانه خرید ضعیف (0.54 در ۲۰ روز) | سرانه خرید ضعیف (0.47) | شناوری کم (9٪)
سدشت,صنایع سیمان دشتستان,سیمان، آهک و گچ,24.3,اجتناب,65,30,16.2,19,40010,20261004,0.1,-7.7,18.9,-27.6,-7.1,1.1,27,44.6,4,0,false,20.8,3.78,above,-19.4,1.4,39200,46300,-0.26,-1.33,1.01,-4.28,2.17,2835,14.11,7.14,97.7,39200,38443,46300,49630,4.01,نقدشوندگی پایین | نقدشوندگی کمتر از ۱۰ میلیارد تومان | شناوری کم (13٪)
تکنو,تکنوتار,ماشین آلات و تجهیزات,23.3,اجتناب,25,47,1.5,24,4040,20261004,-4.3,-9.4,-39.5,-86.1,-6.7,-26.4,16.1,29.5,2,0,true,53.9,3.95,below,-56,0.66,2511,4295,-1.28,-14.21,0.63,-27.78,22.47,154,26.23,5.15,409.4,3881,3721,4295,4382,0.8,246٪ بالای کف ۵۲ هفته | سرانه خرید ضعیف (0.63) | حد ضرر دور (7.9٪)
پلاست,کارخانجات تولیدی پلاستیران,لاستیک و پلاستیک,22.6,اجتناب,25,43,2,24,2014,20261004,2.5,-11.4,-40.4,-86.9,-3.1,-14.3,18.5,39.4,1,0,true,37.3,3.76,below,-45.3,0.63,1851,2150,-0.83,-2.53,0.73,-20.8,26.66,93,21.66,9.84,120.1,1938,1825,2150,2325,0.72,سرانه خرید ضعیف (0.73) | حد ضرر دور (9.4٪)
قتربت,قند تربت حیدریه,قند و شکر,21.7,اجتناب,0,18,28.4,44,8610,20261004,4.6,-17.2,6,-40.5,-5.6,-12.9,,38.4,0,0,false,30.8,3.76,below,-26.2,0.38,8330,8890,0.34,-16.07,0.88,-1.22,6.33,775,11.11,9.57,16.1,8330,8168,8890,9645,0.63,خروج مستمر پول حقیقی | 176٪ بالای کف ۵۲ هفته | نقدشوندگی کمتر از ۱۰ میلیارد تومان
ثفارس,عمران‌وتوسعه‌فارس‌,انبوه سازی، املاک و مستغلات,21.3,اجتناب,16,18,27.5,24,14010,20261004,-2.3,-6,12,-34.5,-11,-4.7,-11.2,38,2,0,false,24.2,3.92,inside,-38.9,1.13,13390,14403,-11.35,113.58,0.64,-136.33,75.26,264,53.07,6.61,702.8,13461,13115,14403,14698,0.44,P/E بالا (53) | توزیع: ورود حقیقی با سرانه خرید ضعیف (0.68 در ۲۰ روز) | سرانه خرید ضعیف (0.64)
رانفور,خدمات‌انفورماتیک‌,رایانه و فعالیت‌های وابسته به آن,21,اجتناب,31,8,26.5,14,4800,20261004,-7,-9.3,-9.1,-55.6,-8.4,-9.5,21.9,34.9,1,0,false,15.3,3.91,inside,-19.3,0.97,3696,4910,-5.85,26.74,0.49,-20.93,9.85,154,31.17,18.19,71.4,4612,4424,4910,5080,0.29,P/E بالا (31) | توزیع: ورود حقیقی با سرانه خرید ضعیف (0.76 در ۲۰ روز) | سرانه خرید ضعیف (0.49) | حد ضرر دور (7.8٪) | نقدشوندگی کمتر از ۱۰ میلیارد تومان | شناوری کم (14٪)
ثامان,سامان‌ گستراصفهان‌,انبوه سازی، املاک و مستغلات,20.8,اجتناب,6,26,26,29,28920,20261004,-3,-29.8,45.9,-0.6,-15.4,-15.8,-28.8,31,9,2,false,46.4,4.23,inside,-62.4,1.65,20550,36485,6.38,-5.87,0.61,-81.1,35,1764,16.39,6.61,148,27698,26476,36485,38474,3.09,واگرایی منفی RSI | سهم صفی: 9 روز از ۲۰ روز در صف (ریسک نقدشوندگی و اجرای حد ضرر) | سرانه خرید ضعیف (0.61) | واگرایی منفی | حد ضرر دور (8.5٪) | صف فروش در ۵ روز اخیر
ثزاگرس,سرمایه گذاری توسعه عمران زاگرس,انبوه سازی، املاک و مستغلات,20.1,اجتناب,0,30,16.6,40,106900,20261004,-1.9,0.8,-35.6,-82.1,-4.4,-4.9,-26.8,41.7,3,0,false,27.8,4.21,below,-51,0.85,103200,111885,-0.02,0.08,0.84,-4.65,6.54,123,869.11,,,103200,100949,111885,113600,0.84,P/E بالا (869) | توزیع: ورود حقیقی با سرانه خرید ضعیف (0.87 در ۲۰ روز) | نقدشوندگی کمتر از ۱۰ میلیارد تومان
خلیبل,مالیبل سایپا,خودرو و ساخت قطعات,19.9,اجتناب,65,30,7.8,10,1797,20261004,6.4,-9.5,8.2,-38.3,-2.4,1.1,10.7,48.8,1,0,false,25.3,3.88,above,-13.5,0.87,1749,1842,0,0,1.11,-0.01,0.56,,,,,1749,1714,1842,1883,0.55,نقدشوندگی پایین | بدون EPS مثبت | نقدشوندگی کمتر از ۱۰ میلیارد تومان
ساذری,آذریت‌,سایر محصولات کانی غیرفلزی,18.3,اجتناب,20,55,35,10,28800,20261004,13.9,-3.3,-31.1,-77.6,1,-10.6,-9.7,48,3,0,true,41.3,3.71,below,-33.5,0.85,28258,29435,0,-0.12,3.69,0.51,0.72,,,,,28258,27724,29435,30496,0.59,نقدشوندگی پایین | بدون EPS مثبت | نقدشوندگی کمتر از ۱۰ میلیارد تومان
کشرق,صنعتی و معدنی شمال شرق شاهرود,استخراج زغال سنگ,17.7,اجتناب,51,38,29.2,10,131100,20261003,6.3,-8.3,37.1,-9.5,-0.8,-4.6,33.2,48.5,3,0,false,23.8,3.83,inside,-21.1,0.68,126300,133200,0.04,-0.26,0.91,-0.11,1.39,,,15.48,,126300,123792,133200,144300,0.29,نقدشوندگی پایین | بدون EPS مثبت | نقدشوندگی کمتر از ۱۰ میلیارد تومان | آخرین معامله 20261003 (متوقف یا کم‌معامله)
تکشا,گسترش‌صنایع‌وخدمات‌کشاورزی‌,ماشین آلات و تجهیزات,17,اجتناب,35,8,15.5,24,8750,20260928,-8,-5.2,-24.1,-70.6,-10.7,-6.8,2.5,34.1,4,2,false,23.5,4.44,below,-41.1,1.08,8490,9010,-0.35,4.37,0.36,-33.2,10.7,310,28.23,5.15,448.1,8490,8296,9010,9390,0.57,توزیع: ورود حقیقی با سرانه خرید ضعیف (0.64 در ۲۰ روز) | سرانه خرید ضعیف (0.36) | صف فروش در ۵ روز اخیر | آخرین معامله 20260928 (متوقف یا کم‌معامله)
نبروج,نساجی بروجرد,منسوجات,15,اجتناب,55,55,0,10,19520,20260914,4.1,-3.1,-11.9,-58.4,2.3,-8.8,11.8,45.3,12,0,true,48.7,1.25,below,-24.3,0.56,18380,22188,0,0,,0,0.37,,,,,19276,19033,22188,22725,5.48,نقدشوندگی پایین | بدون EPS مثبت | سهم صفی: 12 روز از ۲۰ روز در صف (ریسک نقدشوندگی و اجرای حد ضرر) | 1041٪ بالای کف ۵۲ هفته | نقدشوندگی کمتر از ۱۰ میلیارد تومان | آخرین معامله 20260914 (متوقف یا کم‌معامله)
تاتمس,کارخانجات صنعتی وتولیدی اتمسفر,ماشین آلات و تجهیزات,4.6,اجتناب,35,8,0,30,12550,20260930,-10.2,-12.5,-14.7,-61.3,-8.8,-3.4,14.1,38.1,4,3,false,27.2,3.51,below,-16.9,0.69,12078,12994,-0.24,-4.98,0.39,-0.99,0.51,248,50.6,,,12110,11858,12994,13274,0.64,نقدشوندگی پایین | واگرایی منفی RSI | خروج مستمر پول حقیقی | P/E بالا (51) | سرانه خرید ضعیف (0.39) | واگرایی منفی | نقدشوندگی کمتر از ۱۰ میلیارد تومان | صف فروش در ۵ روز اخیر | آخرین معامله 20260930 (متوقف یا کم‌معامله)
